episode,score,steps,epsilon,lr,beta,loss,avg_v,grad_norm,clear_frac
205001,1541,45,0.1000,0.00000500,0.0000,23.3715,2944.5655,0.0000,0.9420
205002,887,30,0.1000,0.00000500,0.0000,20.4512,2938.8527,0.0000,0.9573
205003,2517,51,0.1000,0.00000500,0.0000,22.7018,2984.2044,0.0000,0.9688
205004,15416,181,0.1000,0.00000500,0.0000,53.5462,3027.2859,0.0000,0.9639
205005,5674,96,0.1000,0.00000500,0.0000,53.9314,3020.6981,0.0000,0.9782
205006,55,12,0.1000,0.00000500,0.0000,47.3007,2772.6194,0.0000,0.9661
205007,8992,87,0.1000,0.00000500,0.0000,53.8056,3061.3827,0.0000,0.9813
205008,275,15,0.1000,0.00000500,0.0000,66.4103,2910.8392,0.0000,0.9833
205009,823,42,0.1000,0.00000500,0.0000,58.9693,2943.3960,0.0000,0.9836
205010,774,33,0.1000,0.00000500,0.0000,42.0847,2943.1172,0.0000,0.9858
205011,642,24,0.1000,0.00000500,0.0000,52.9139,2942.4064,0.0000,0.9753
205012,509,30,0.1000,0.00000500,0.0000,50.1841,2955.5671,0.0000,0.9844
205013,3407,75,0.1000,0.00000500,0.0000,43.0762,3013.0752,0.0000,0.9804
205014,6582,120,0.1000,0.00000500,0.0000,37.7924,3023.3725,0.0000,0.9815
205015,366,21,0.1000,0.00000500,0.0000,42.5637,2937.5357,0.0000,0.9821
205016,211,15,0.1000,0.00000500,0.0000,40.5872,2876.9602,0.0000,0.9854
205017,399,27,0.1000,0.00000500,0.0000,41.7034,2914.0928,0.0000,0.9769
205018,16240,227,0.1000,0.00000500,0.0000,34.4411,3063.2683,0.0000,0.9840
205019,1710,51,0.1000,0.00000500,0.0000,42.7609,2990.9698,0.0000,0.9853
205020,733,39,0.1000,0.00000500,0.0000,37.2856,2941.7809,0.0000,0.9912
205021,228,21,0.1000,0.00000500,0.0000,29.9056,2884.0237,0.0000,0.9851
205022,281,18,0.1000,0.00000500,0.0000,39.2292,2917.3372,0.0000,0.9896
205023,1331,36,0.1000,0.00000500,0.0000,34.2649,2988.0479,0.0000,0.9783
205024,2513,48,0.1000,0.00000500,0.0000,41.4762,3072.9389,0.0000,0.9766
205025,2780,78,0.1000,0.00000500,0.0000,34.0531,3005.3509,0.0000,0.9800
205026,6218,69,0.1000,0.00000500,0.0000,30.4608,3140.7958,0.0000,0.9864
205027,2125,54,0.1000,0.00000500,0.0000,38.0645,3019.0197,0.0000,0.9850
205028,6241,78,0.1000,0.00000500,0.0000,37.5333,3118.2710,0.0000,0.9836
205029,27,6,0.1000,0.00000500,0.0000,31.9625,2789.3755,0.0000,0.9635
205030,5485,85,0.1000,0.00000500,0.0000,37.5531,3121.9746,0.0000,0.9824
205031,4712,69,0.1000,0.00000500,0.0000,33.5585,3121.8817,0.0000,0.9841
205032,3552,69,0.1000,0.00000500,0.0000,36.4235,3085.8148,0.0000,0.9801
205033,151,11,0.1000,0.00000500,0.0000,29.5513,2885.2405,0.0000,0.9886
205034,955,45,0.1000,0.00000500,0.0000,42.6375,2979.5787,0.0000,0.9806
205035,411,30,0.1000,0.00000500,0.0000,43.7053,2902.7888,0.0000,0.9823
205036,675,36,0.1000,0.00000500,0.0000,35.3014,2918.2812,0.0000,0.9887
205037,1930,77,0.1000,0.00000500,0.0000,39.5599,2976.5104,0.0000,0.9789
205038,4923,69,0.1000,0.00000500,0.0000,35.0944,3136.5674,0.0000,0.9873
205039,2597,60,0.1000,0.00000500,0.0000,35.5988,3083.0786,0.0000,0.9865
205040,170,17,0.1000,0.00000500,0.0000,34.4464,2949.6788,0.0000,0.9908
205041,8928,114,0.1000,0.00000500,0.0000,39.8058,3196.9936,0.0000,0.9811
205042,93,14,0.1000,0.00000500,0.0000,37.7282,2838.6339,0.0000,0.9866
205043,1348,36,0.1000,0.00000500,0.0000,43.5229,3029.0303,0.0000,0.9757
205044,2646,76,0.1000,0.00000500,0.0000,38.0684,3046.0411,0.0000,0.9831
205045,2174,54,0.1000,0.00000500,0.0000,38.1670,3064.2382,0.0000,0.9815
205046,1189,36,0.1000,0.00000500,0.0000,42.1577,3028.4303,0.0000,0.9800
205047,443,34,0.1000,0.00000500,0.0000,34.2734,2928.6244,0.0000,0.9899
205048,166,15,0.1000,0.00000500,0.0000,49.1462,2921.7042,0.0000,0.9771
205049,1847,63,0.1000,0.00000500,0.0000,34.2742,3018.8974,0.0000,0.9831
205050,2292,45,0.1000,0.00000500,0.0000,41.0487,3170.4202,0.0000,0.9806
205051,1048,33,0.1000,0.00000500,0.0000,36.6705,3074.7095,0.0000,0.9801
205052,1076,45,0.1000,0.00000500,0.0000,50.7830,3021.6364,0.0000,0.9799
205053,287,18,0.1000,0.00000500,0.0000,47.2506,2989.6845,0.0000,0.9861
205054,1533,48,0.1000,0.00000500,0.0000,36.7859,3041.0825,0.0000,0.9824
205055,279,18,0.1000,0.00000500,0.0000,53.9896,2975.1423,0.0000,0.9809
205056,1875,42,0.1000,0.00000500,0.0000,38.4803,3107.0644,0.0000,0.9829
205057,2828,69,0.1000,0.00000500,0.0000,38.0578,3122.4038,0.0000,0.9796
205058,693,27,0.1000,0.00000500,0.0000,32.1205,3001.4961,0.0000,0.9838
205059,11165,186,0.1000,0.00000500,0.0000,39.7290,3175.5483,0.0000,0.9854
205060,961,30,0.1000,0.00000500,0.0000,31.5280,3006.4813,0.0000,0.9865
205061,2278,42,0.1000,0.00000500,0.0000,41.6101,3192.2008,0.0000,0.9851
205062,721,42,0.1000,0.00000500,0.0000,34.1555,2988.6710,0.0000,0.9807
205063,419,30,0.1000,0.00000500,0.0000,31.4899,2947.3237,0.0000,0.9823
205064,117,15,0.1000,0.00000500,0.0000,31.1318,2874.1487,0.0000,0.9812
205065,622,30,0.1000,0.00000500,0.0000,36.4950,2963.2794,0.0000,0.9760
205066,409,27,0.1000,0.00000500,0.0000,31.4471,2988.1436,0.0000,0.9884
205067,83,12,0.1000,0.00000500,0.0000,39.9030,2852.1933,0.0000,0.9896
205068,266,21,0.1000,0.00000500,0.0000,40.3269,2898.5184,0.0000,0.9836
205069,8390,162,0.1000,0.00000500,0.0000,36.7755,3176.0015,0.0000,0.9859
205070,1779,66,0.1000,0.00000500,0.0000,35.3606,3023.3165,0.0000,0.9839
205071,211,17,0.1000,0.00000500,0.0000,41.2559,2963.0629,0.0000,0.9853
205072,415,27,0.1000,0.00000500,0.0000,35.8587,2959.9103,0.0000,0.9815
205073,2970,54,0.1000,0.00000500,0.0000,36.1033,3247.6707,0.0000,0.9890
205074,2147,72,0.1000,0.00000500,0.0000,39.9978,3093.7084,0.0000,0.9831
205075,35,9,0.1000,0.00000500,0.0000,43.6973,2854.8484,0.0000,0.9826
205076,2531,54,0.1000,0.00000500,0.0000,34.3456,3183.9217,0.0000,0.9873
205077,1873,39,0.1000,0.00000500,0.0000,32.3375,3108.1281,0.0000,0.9816
205078,16865,261,0.1000,0.00000500,0.0000,37.4525,3265.2860,0.0000,0.9831
205079,1272,62,0.1000,0.00000500,0.0000,35.4893,3055.3390,0.0000,0.9844
205080,76,12,0.1000,0.00000500,0.0000,35.9677,2872.6280,0.0000,0.9818
205081,5218,83,0.1000,0.00000500,0.0000,34.6625,3324.5278,0.0000,0.9819
205082,181,18,0.1000,0.00000500,0.0000,48.3974,2935.1971,0.0000,0.9826
205083,2689,69,0.1000,0.00000500,0.0000,40.7667,3150.6069,0.0000,0.9828
205084,836,39,0.1000,0.00000500,0.0000,30.2539,3027.6472,0.0000,0.9816
205085,359,21,0.1000,0.00000500,0.0000,23.4951,2953.7775,0.0000,0.9881
205086,230,21,0.1000,0.00000500,0.0000,42.3551,2959.8444,0.0000,0.9866
205087,7349,114,0.1000,0.00000500,0.0000,41.9949,3316.6828,0.0000,0.9819
205088,5236,125,0.1000,0.00000500,0.0000,36.6826,3222.7895,0.0000,0.9838
205089,33,9,0.1000,0.00000500,0.0000,31.5247,2772.3521,0.0000,0.9826
205090,3532,96,0.1000,0.00000500,0.0000,36.7506,3179.9232,0.0000,0.9818
205091,668,30,0.1000,0.00000500,0.0000,26.0751,3050.1911,0.0000,0.9833
205092,4045,66,0.1000,0.00000500,0.0000,42.4318,3361.8513,0.0000,0.9848
205093,769,27,0.1000,0.00000500,0.0000,41.3704,3042.3344,0.0000,0.9792
205094,2609,63,0.1000,0.00000500,0.0000,37.3328,3226.1544,0.0000,0.9841
205095,3032,60,0.1000,0.00000500,0.0000,37.8153,3274.2630,0.0000,0.9849
205096,1764,63,0.1000,0.00000500,0.0000,36.2773,3140.6130,0.0000,0.9851
205097,2726,48,0.1000,0.00000500,0.0000,50.9684,3344.3545,0.0000,0.9831
205098,3357,102,0.1000,0.00000500,0.0000,41.5756,3165.9673,0.0000,0.9838
205099,548,24,0.1000,0.00000500,0.0000,34.5952,3054.7508,0.0000,0.9818
205100,86,14,0.1000,0.00000500,0.0000,32.6469,2906.4235,0.0000,0.9888
205101,459,30,0.1000,0.00000500,0.0000,37.3581,2995.3057,0.0000,0.9812
205102,2919,63,0.1000,0.00000500,0.0000,38.5280,3270.0246,0.0000,0.9812
205103,671,33,0.1000,0.00000500,0.0000,37.1729,3080.0348,0.0000,0.9801
205104,1041,38,0.1000,0.00000500,0.0000,37.1257,3160.2860,0.0000,0.9852
205105,2508,48,0.1000,0.00000500,0.0000,45.9722,3302.9862,0.0000,0.9779
205106,1584,58,0.1000,0.00000500,0.0000,42.7624,3158.0077,0.0000,0.9844
205107,7643,141,0.1000,0.00000500,0.0000,42.2306,3361.9211,0.0000,0.9796
205108,3034,90,0.1000,0.00000500,0.0000,44.8761,3225.1614,0.0000,0.9788
205109,360,21,0.1000,0.00000500,0.0000,32.2201,2997.7632,0.0000,0.9836
205110,1889,57,0.1000,0.00000500,0.0000,36.3844,3193.2853,0.0000,0.9868
205111,2526,67,0.1000,0.00000500,0.0000,40.5610,3271.4450,0.0000,0.9855
205112,466,27,0.1000,0.00000500,0.0000,37.9778,3023.4628,0.0000,0.9838
205113,3550,80,0.1000,0.00000500,0.0000,44.5576,3293.1688,0.0000,0.9867
205114,1109,48,0.1000,0.00000500,0.0000,40.2625,3095.8529,0.0000,0.9818
205115,464,22,0.1000,0.00000500,0.0000,39.7258,3089.9480,0.0000,0.9815
205116,1871,51,0.1000,0.00000500,0.0000,41.0566,3247.0615,0.0000,0.9847
205117,398,25,0.1000,0.00000500,0.0000,36.6444,3054.6592,0.0000,0.9825
205118,288,20,0.1000,0.00000500,0.0000,32.4946,3018.5513,0.0000,0.9812
205119,1574,60,0.1000,0.00000500,0.0000,43.4473,3145.5477,0.0000,0.9807
205120,364,21,0.1000,0.00000500,0.0000,32.9506,3020.6139,0.0000,0.9851
205121,99,15,0.1000,0.00000500,0.0000,53.4192,2944.9311,0.0000,0.9750
205122,1049,48,0.1000,0.00000500,0.0000,44.1594,3107.0499,0.0000,0.9857
205123,72,12,0.1000,0.00000500,0.0000,47.1546,2927.6200,0.0000,0.9896
205124,4180,63,0.1000,0.00000500,0.0000,38.9953,3464.5978,0.0000,0.9851
205125,1905,48,0.1000,0.00000500,0.0000,50.8979,3182.7287,0.0000,0.9792
205126,50,9,0.1000,0.00000500,0.0000,17.6054,2939.7732,0.0000,0.9722
205127,7183,120,0.1000,0.00000500,0.0000,49.7284,3412.0396,0.0000,0.9792
205128,891,30,0.1000,0.00000500,0.0000,43.1278,3212.8292,0.0000,0.9771
205129,1070,33,0.1000,0.00000500,0.0000,42.1513,3189.3030,0.0000,0.9839
205130,1375,49,0.1000,0.00000500,0.0000,43.6022,3192.4358,0.0000,0.9770
205131,462,30,0.1000,0.00000500,0.0000,45.1246,3011.0445,0.0000,0.9823
205132,4360,69,0.1000,0.00000500,0.0000,41.0254,3588.4266,0.0000,0.9787
205133,1186,35,0.1000,0.00000500,0.0000,31.6440,3221.2646,0.0000,0.9857
205134,5112,120,0.1000,0.00000500,0.0000,43.7980,3321.0981,0.0000,0.9789
205135,3760,59,0.1000,0.00000500,0.0000,41.5193,3643.8333,0.0000,0.9894
205136,101,15,0.1000,0.00000500,0.0000,61.9864,2909.6825,0.0000,0.9750
205137,1364,39,0.1000,0.00000500,0.0000,47.8608,3295.5706,0.0000,0.9864
205138,290,18,0.1000,0.00000500,0.0000,31.7698,3101.8024,0.0000,0.9861
205139,4493,75,0.1000,0.00000500,0.0000,47.6849,3562.2701,0.0000,0.9792
205140,3291,84,0.1000,0.00000500,0.0000,50.2163,3354.5523,0.0000,0.9795
205141,2082,48,0.1000,0.00000500,0.0000,41.9381,3432.8478,0.0000,0.9818
205142,365,21,0.1000,0.00000500,0.0000,51.1355,3129.9660,0.0000,0.9807
205143,27,6,0.1000,0.00000500,0.0000,74.4191,2798.0024,0.0000,0.9740
205144,251,24,0.1000,0.00000500,0.0000,34.3048,2978.6842,0.0000,0.9818
205145,767,27,0.1000,0.00000500,0.0000,45.1655,3306.8219,0.0000,0.9769
205146,674,27,0.1000,0.00000500,0.0000,54.5831,3208.4030,0.0000,0.9780
205147,569,27,0.1000,0.00000500,0.0000,47.5453,3148.5078,0.0000,0.9745
205148,2402,87,0.1000,0.00000500,0.0000,46.2375,3184.3641,0.0000,0.9784
205149,244,21,0.1000,0.00000500,0.0000,50.6504,3015.1009,0.0000,0.9747
205150,3741,60,0.1000,0.00000500,0.0000,54.5962,3728.0072,0.0000,0.9802
205151,2092,48,0.1000,0.00000500,0.0000,57.2271,3424.1653,0.0000,0.9792
205152,1082,36,0.1000,0.00000500,0.0000,59.5172,3290.2147,0.0000,0.9766
205153,4465,93,0.1000,0.00000500,0.0000,45.7551,3508.9706,0.0000,0.9832
205154,17132,210,0.1000,0.00000500,0.0000,47.0805,3699.4878,0.0000,0.9815
205155,155,15,0.1000,0.00000500,0.0000,49.4245,2977.9377,0.0000,0.9854
205156,2270,63,0.1000,0.00000500,0.0000,48.4305,3341.7715,0.0000,0.9797
205157,3888,83,0.1000,0.00000500,0.0000,44.8032,3511.8288,0.0000,0.9834
205158,3678,66,0.1000,0.00000500,0.0000,41.5071,3565.9264,0.0000,0.9872
205159,4951,78,0.1000,0.00000500,0.0000,48.2993,3674.2915,0.0000,0.9784
205160,2710,96,0.1000,0.00000500,0.0000,48.2500,3307.8480,0.0000,0.9792
205161,118,13,0.1000,0.00000500,0.0000,55.7372,3033.8170,0.0000,0.9736
205162,665,29,0.1000,0.00000500,0.0000,55.2780,3228.9050,0.0000,0.9795
205163,459,36,0.1000,0.00000500,0.0000,51.0771,3055.6481,0.0000,0.9757
205164,527,33,0.1000,0.00000500,0.0000,57.3186,3123.5728,0.0000,0.9782
205165,1206,39,0.1000,0.00000500,0.0000,43.9093,3315.9789,0.0000,0.9848
205166,26,6,0.1000,0.00000500,0.0000,38.5038,2889.9840,0.0000,0.9688
205167,2720,65,0.1000,0.00000500,0.0000,37.5628,3507.1019,0.0000,0.9837
205168,501,30,0.1000,0.00000500,0.0000,62.5846,3146.9200,0.0000,0.9823
205169,1200,51,0.1000,0.00000500,0.0000,49.8620,3228.1595,0.0000,0.9804
205170,1142,45,0.1000,0.00000500,0.0000,41.0026,3239.4349,0.0000,0.9847
205171,1274,39,0.1000,0.00000500,0.0000,53.1989,3331.2669,0.0000,0.9856
205172,5240,90,0.1000,0.00000500,0.0000,57.3854,3710.3582,0.0000,0.9767
205173,1690,39,0.1000,0.00000500,0.0000,47.0658,3528.9157,0.0000,0.9768
205174,2532,50,0.1000,0.00000500,0.0000,54.8782,3634.0499,0.0000,0.9831
205175,767,27,0.1000,0.00000500,0.0000,52.0651,3359.2690,0.0000,0.9664
205176,1829,60,0.1000,0.00000500,0.0000,68.3187,3318.0097,0.0000,0.9771
205177,221,18,0.1000,0.00000500,0.0000,52.8540,3074.5312,0.0000,0.9861
205178,680,30,0.1000,0.00000500,0.0000,57.1366,3208.3838,0.0000,0.9719
205179,1249,48,0.1000,0.00000500,0.0000,39.9896,3322.7574,0.0000,0.9779
205180,280,18,0.1000,0.00000500,0.0000,43.0138,3092.5589,0.0000,0.9878
205181,226,18,0.1000,0.00000500,0.0000,39.2199,3069.2018,0.0000,0.9896
205182,767,27,0.1000,0.00000500,0.0000,46.7251,3290.9567,0.0000,0.9769
205183,248,21,0.1000,0.00000500,0.0000,58.7726,3054.8334,0.0000,0.9732
205184,43,9,0.1000,0.00000500,0.0000,34.9065,2944.5564,0.0000,0.9826
205185,2496,45,0.1000,0.00000500,0.0000,54.3590,3731.4713,0.0000,0.9792
205186,1527,45,0.1000,0.00000500,0.0000,51.6016,3419.2777,0.0000,0.9799
205187,2829,69,0.1000,0.00000500,0.0000,47.7316,3519.3051,0.0000,0.9814
205188,23,6,0.1000,0.00000500,0.0000,63.7273,2804.7966,0.0000,0.9583
205189,3859,69,0.1000,0.00000500,0.0000,46.5947,3739.4146,0.0000,0.9796
205190,1529,42,0.1000,0.00000500,0.0000,56.8090,3518.3354,0.0000,0.9807
205191,40,7,0.1000,0.00000500,0.0000,34.6937,2935.5959,0.0000,0.9821
205192,2553,54,0.1000,0.00000500,0.0000,54.2003,3651.8982,0.0000,0.9809
205193,5294,123,0.1000,0.00000500,0.0000,50.6861,3561.4088,0.0000,0.9809
205194,2937,66,0.1000,0.00000500,0.0000,44.9725,3679.8589,0.0000,0.9886
205195,1186,39,0.1000,0.00000500,0.0000,46.9434,3410.6358,0.0000,0.9912
205196,3245,87,0.1000,0.00000500,0.0000,49.6920,3519.6529,0.0000,0.9788
205197,476,30,0.1000,0.00000500,0.0000,49.1879,3161.8462,0.0000,0.9771
205198,6407,99,0.1000,0.00000500,0.0000,61.9523,3798.2849,0.0000,0.9820
205199,384,24,0.1000,0.00000500,0.0000,61.0330,3181.5304,0.0000,0.9818
205200,1219,39,0.1000,0.00000500,0.0000,61.3215,3393.6952,0.0000,0.9816
205201,4792,99,0.1000,0.00000500,0.0000,52.0230,3774.4541,0.0000,0.9826
205202,3463,66,0.1000,0.00000500,0.0000,49.0500,3847.5937,0.0000,0.9858
205203,1514,39,0.1000,0.00000500,0.0000,41.4935,3533.7431,0.0000,0.9848
205204,7200,117,0.1000,0.00000500,0.0000,52.6887,3896.9303,0.0000,0.9813
205205,2532,66,0.1000,0.00000500,0.0000,43.7870,3593.8230,0.0000,0.9858
205206,3204,77,0.1000,0.00000500,0.0000,55.4082,3678.4044,0.0000,0.9838
205207,2412,69,0.1000,0.00000500,0.0000,53.8453,3549.4429,0.0000,0.9860
205208,8419,156,0.1000,0.00000500,0.0000,48.0930,3835.5970,0.0000,0.9818
205209,316,24,0.1000,0.00000500,0.0000,60.2880,3164.6106,0.0000,0.9740
205210,541,30,0.1000,0.00000500,0.0000,62.1052,3304.6150,0.0000,0.9802
205211,422,30,0.1000,0.00000500,0.0000,34.6394,3272.1662,0.0000,0.9854
205212,1681,36,0.1000,0.00000500,0.0000,60.5512,3643.3045,0.0000,0.9809
205213,4019,89,0.1000,0.00000500,0.0000,49.7823,3698.4796,0.0000,0.9842
205214,824,39,0.1000,0.00000500,0.0000,58.6916,3259.6189,0.0000,0.9880
205215,825,39,0.1000,0.00000500,0.0000,55.9653,3356.9084,0.0000,0.9776
205216,1882,47,0.1000,0.00000500,0.0000,50.3954,3780.5833,0.0000,0.9874
205217,871,39,0.1000,0.00000500,0.0000,52.6424,3393.6628,0.0000,0.9840
205218,564,27,0.1000,0.00000500,0.0000,57.2332,3347.0357,0.0000,0.9826
205219,2717,99,0.1000,0.00000500,0.0000,63.0658,3472.9835,0.0000,0.9836
205220,328,25,0.1000,0.00000500,0.0000,46.2441,3152.5678,0.0000,0.9850
205221,2985,87,0.1000,0.00000500,0.0000,66.8277,3620.3102,0.0000,0.9813
205222,538,24,0.1000,0.00000500,0.0000,77.3701,3394.1728,0.0000,0.9857
205223,281,21,0.1000,0.00000500,0.0000,64.1543,3255.2073,0.0000,0.9807
205224,826,45,0.1000,0.00000500,0.0000,49.9123,3351.8233,0.0000,0.9854
205225,2005,54,0.1000,0.00000500,0.0000,59.8225,3676.2474,0.0000,0.9780
205226,1889,45,0.1000,0.00000500,0.0000,43.3062,3802.0549,0.0000,0.9903
205227,2256,62,0.1000,0.00000500,0.0000,52.4962,3680.1898,0.0000,0.9834
205228,8070,96,0.1000,0.00000500,0.0000,51.1615,4170.0250,0.0000,0.9824
205229,8557,144,0.1000,0.00000500,0.0000,63.0108,3955.2522,0.0000,0.9779
205230,287,18,0.1000,0.00000500,0.0000,51.7446,3310.4918,0.0000,0.9826
205231,479,30,0.1000,0.00000500,0.0000,76.1715,3349.2843,0.0000,0.9896
205232,2492,72,0.1000,0.00000500,0.0000,58.7148,3623.5592,0.0000,0.9835
205233,12383,141,0.1000,0.00000500,0.0000,56.5319,4284.2363,0.0000,0.9854
205234,3624,66,0.1000,0.00000500,0.0000,58.1280,4006.3636,0.0000,0.9796
205235,211,21,0.1000,0.00000500,0.0000,48.4735,3193.4207,0.0000,0.9807
205236,2086,45,0.1000,0.00000500,0.0000,60.1025,3958.7105,0.0000,0.9861
205237,652,27,0.1000,0.00000500,0.0000,57.0166,3419.3929,0.0000,0.9838
205238,739,27,0.1000,0.00000500,0.0000,40.5413,3502.6934,0.0000,0.9850
205239,8637,238,0.1000,0.00000500,0.0000,56.6708,3725.2424,0.0000,0.9836
205240,155,12,0.1000,0.00000500,0.0000,48.3905,3197.3149,0.0000,0.9896
205241,80,12,0.1000,0.00000500,0.0000,39.4743,3200.6548,0.0000,0.9844
205242,855,43,0.1000,0.00000500,0.0000,48.5053,3482.7999,0.0000,0.9891
205243,5970,87,0.1000,0.00000500,0.0000,54.8861,4331.0093,0.0000,0.9842
205244,2872,83,0.1000,0.00000500,0.0000,62.6778,3713.7911,0.0000,0.9816
205245,4519,120,0.1000,0.00000500,0.0000,62.1863,3819.9735,0.0000,0.9789
205246,2234,54,0.1000,0.00000500,0.0000,71.1129,3715.6635,0.0000,0.9826
205247,3728,66,0.1000,0.00000500,0.0000,73.5103,4068.6185,0.0000,0.9820
205248,804,33,0.1000,0.00000500,0.0000,81.3379,3541.3719,0.0000,0.9820
205249,283,18,0.1000,0.00000500,0.0000,70.0969,3375.5184,0.0000,0.9826
205250,360,21,0.1000,0.00000500,0.0000,76.2183,3404.5898,0.0000,0.9821
205251,3022,72,0.1000,0.00000500,0.0000,67.5178,3905.4722,0.0000,0.9826
205252,543,24,0.1000,0.00000500,0.0000,59.1870,3391.6323,0.0000,0.9870
205253,1004,50,0.1000,0.00000500,0.0000,53.5535,3537.3140,0.0000,0.9850
205254,50,9,0.1000,0.00000500,0.0000,49.4074,3137.4199,0.0000,0.9722
205255,393,24,0.1000,0.00000500,0.0000,64.3086,3460.8454,0.0000,0.9831
205256,108,12,0.1000,0.00000500,0.0000,60.3982,3210.1762,0.0000,0.9688
205257,1886,39,0.1000,0.00000500,0.0000,59.4460,3974.9629,0.0000,0.9824
205258,900,36,0.1000,0.00000500,0.0000,60.1541,3539.6867,0.0000,0.9800
205259,69,11,0.1000,0.00000500,0.0000,43.5585,3096.2686,0.0000,0.9858
205260,654,24,0.1000,0.00000500,0.0000,70.8962,3573.5606,0.0000,0.9831
205261,1824,75,0.1000,0.00000500,0.0000,56.7214,3599.7752,0.0000,0.9838
205262,2402,62,0.1000,0.00000500,0.0000,62.1735,3807.1959,0.0000,0.9824
205263,823,34,0.1000,0.00000500,0.0000,63.7925,3564.0713,0.0000,0.9807
205264,130,15,0.1000,0.00000500,0.0000,72.3275,3274.4907,0.0000,0.9792
205265,3212,54,0.1000,0.00000500,0.0000,61.5249,4318.1180,0.0000,0.9815
205266,3578,72,0.1000,0.00000500,0.0000,63.4242,4074.9336,0.0000,0.9826
205267,3001,77,0.1000,0.00000500,0.0000,54.4238,3903.0838,0.0000,0.9821
205268,39,6,0.1000,0.00000500,0.0000,75.2719,3156.6849,0.0000,0.9740
205269,2263,73,0.1000,0.00000500,0.0000,55.4285,3615.2599,0.0000,0.9850
205270,166,21,0.1000,0.00000500,0.0000,68.9767,3309.9197,0.0000,0.9851
205271,2522,48,0.1000,0.00000500,0.0000,67.1939,4181.3776,0.0000,0.9779
205272,10876,183,0.1000,0.00000500,0.0000,65.6200,4242.7841,0.0000,0.9804
205273,645,33,0.1000,0.00000500,0.0000,79.5006,3625.2521,0.0000,0.9773
205274,2501,53,0.1000,0.00000500,0.0000,58.3218,4172.7016,0.0000,0.9841
205275,654,30,0.1000,0.00000500,0.0000,58.5338,3666.4152,0.0000,0.9844
205276,34,9,0.1000,0.00000500,0.0000,60.0342,3175.1253,0.0000,0.9826
205277,2681,84,0.1000,0.00000500,0.0000,69.2692,3915.1313,0.0000,0.9836
205278,5570,75,0.1000,0.00000500,0.0000,65.0556,4524.8281,0.0000,0.9804
205279,113,12,0.1000,0.00000500,0.0000,58.7932,3340.1496,0.0000,0.9896
205280,32,6,0.1000,0.00000500,0.0000,38.9116,3130.3621,0.0000,0.9844
205281,696,33,0.1000,0.00000500,0.0000,69.8820,3578.9989,0.0000,0.9792
205282,200,15,0.1000,0.00000500,0.0000,66.0616,3408.3822,0.0000,0.9833
205283,1067,39,0.1000,0.00000500,0.0000,68.0757,3713.4567,0.0000,0.9856
205284,1699,48,0.1000,0.00000500,0.0000,82.3965,4035.7913,0.0000,0.9837
205285,5937,78,0.1000,0.00000500,0.0000,65.3026,4559.0919,0.0000,0.9840
205286,3769,99,0.1000,0.00000500,0.0000,66.6573,3936.5916,0.0000,0.9811
205287,107,10,0.1000,0.00000500,0.0000,68.6033,3298.4960,0.0000,0.9906
205288,1497,36,0.1000,0.00000500,0.0000,56.9035,4065.2962,0.0000,0.9826
205289,959,36,0.1000,0.00000500,0.0000,63.8724,3816.7182,0.0000,0.9792
205290,816,33,0.1000,0.00000500,0.0000,64.9641,3629.7885,0.0000,0.9811
205291,470,24,0.1000,0.00000500,0.0000,54.5446,3578.8789,0.0000,0.9805
205292,1709,40,0.1000,0.00000500,0.0000,69.6046,4038.5979,0.0000,0.9758
205293,667,30,0.1000,0.00000500,0.0000,59.1130,3647.3649,0.0000,0.9812
205294,1403,48,0.1000,0.00000500,0.0000,68.9988,3731.1943,0.0000,0.9811
205295,249,23,0.1000,0.00000500,0.0000,54.1111,3417.0771,0.0000,0.9864
205296,547,24,0.1000,0.00000500,0.0000,57.8298,3629.3854,0.0000,0.9701
205297,895,30,0.1000,0.00000500,0.0000,70.3283,3789.2777,0.0000,0.9823
205298,1703,48,0.1000,0.00000500,0.0000,61.3433,3961.4752,0.0000,0.9857
205299,917,35,0.1000,0.00000500,0.0000,68.3770,3803.4745,0.0000,0.9875
205300,76,12,0.1000,0.00000500,0.0000,66.4834,3228.4440,0.0000,0.9818
205301,10409,122,0.1000,0.00000500,0.0000,57.5904,4720.4733,0.0000,0.9836
205302,68,12,0.1000,0.00000500,0.0000,61.4737,3266.4852,0.0000,0.9870
205303,1406,45,0.1000,0.00000500,0.0000,68.0859,3878.5906,0.0000,0.9778
205304,3693,84,0.1000,0.00000500,0.0000,63.2603,4158.5800,0.0000,0.9810
205305,35323,297,0.1000,0.00000500,0.0000,66.3128,4790.9900,0.0000,0.9816
205306,4071,92,0.1000,0.00000500,0.0000,79.6600,4275.3764,0.0000,0.9834
205307,114,14,0.1000,0.00000500,0.0000,71.4601,3350.1910,0.0000,0.9888
205308,41,12,0.1000,0.00000500,0.0000,72.7542,3153.9547,0.0000,0.9818
205309,5256,72,0.1000,0.00000500,0.0000,71.1402,4744.2139,0.0000,0.9852
205310,863,39,0.1000,0.00000500,0.0000,66.3709,3763.2027,0.0000,0.9808
205311,2641,69,0.1000,0.00000500,0.0000,66.0818,4231.9436,0.0000,0.9805
205312,2264,75,0.1000,0.00000500,0.0000,71.6584,4017.2909,0.0000,0.9796
205313,36,6,0.1000,0.00000500,0.0000,89.8142,3243.9118,0.0000,0.9740
205314,2656,77,0.1000,0.00000500,0.0000,84.5899,4064.7332,0.0000,0.9793
205315,3897,81,0.1000,0.00000500,0.0000,66.8281,4420.9336,0.0000,0.9865
205316,123,15,0.1000,0.00000500,0.0000,69.8597,3470.2424,0.0000,0.9771
205317,16669,276,0.1000,0.00000500,0.0000,76.2995,4524.4314,0.0000,0.9809
205318,412,27,0.1000,0.00000500,0.0000,70.3281,3775.9234,0.0000,0.9803
205319,793,30,0.1000,0.00000500,0.0000,71.3631,3921.6381,0.0000,0.9771
205320,8831,111,0.1000,0.00000500,0.0000,61.4533,4748.8637,0.0000,0.9831
205321,2457,69,0.1000,0.00000500,0.0000,81.3537,4193.4648,0.0000,0.9810
205322,863,50,0.1000,0.00000500,0.0000,66.1315,3767.6212,0.0000,0.9788
205323,2657,81,0.1000,0.00000500,0.0000,75.0601,4056.4424,0.0000,0.9842
205324,7978,124,0.1000,0.00000500,0.0000,72.2683,4702.7815,0.0000,0.9778
205325,46,9,0.1000,0.00000500,0.0000,55.6632,3383.6160,0.0000,0.9931
205326,3221,57,0.1000,0.00000500,0.0000,72.4851,4672.2457,0.0000,0.9825
205327,12372,195,0.1000,0.00000500,0.0000,67.5347,4678.5185,0.0000,0.9817
205328,1103,39,0.1000,0.00000500,0.0000,90.5428,4023.4134,0.0000,0.9824
205329,2365,60,0.1000,0.00000500,0.0000,75.9118,4255.2689,0.0000,0.9833
205330,2046,57,0.1000,0.00000500,0.0000,68.0410,4147.5453,0.0000,0.9868
205331,7556,120,0.1000,0.00000500,0.0000,67.4800,4595.2449,0.0000,0.9802
205332,1953,51,0.1000,0.00000500,0.0000,81.0294,4287.2268,0.0000,0.9841
205333,75,12,0.1000,0.00000500,0.0000,61.2760,3389.7717,0.0000,0.9766
205334,1263,56,0.1000,0.00000500,0.0000,79.2506,3961.9183,0.0000,0.9810
205335,223,18,0.1000,0.00000500,0.0000,65.7503,3638.7120,0.0000,0.9826
205336,5489,153,0.1000,0.00000500,0.0000,65.9834,4344.0962,0.0000,0.9828
205337,12903,204,0.1000,0.00000500,0.0000,68.2301,4641.1138,0.0000,0.9809
205338,71,9,0.1000,0.00000500,0.0000,69.9686,3507.9199,0.0000,0.9931
205339,877,33,0.1000,0.00000500,0.0000,80.8140,3962.0367,0.0000,0.9830
205340,231,21,0.1000,0.00000500,0.0000,72.0785,3641.0042,0.0000,0.9836
205341,529,30,0.1000,0.00000500,0.0000,66.9319,3957.8661,0.0000,0.9833
205342,4159,93,0.1000,0.00000500,0.0000,82.2435,4504.2930,0.0000,0.9815
205343,99,12,0.1000,0.00000500,0.0000,84.7335,3537.7373,0.0000,0.9844
205344,2407,62,0.1000,0.00000500,0.0000,69.3260,4432.7623,0.0000,0.9839
205345,23,6,0.1000,0.00000500,0.0000,83.4024,3346.8557,0.0000,0.9635
205346,1025,30,0.1000,0.00000500,0.0000,70.5357,4204.6652,0.0000,0.9844
205347,921,41,0.1000,0.00000500,0.0000,79.2254,3990.0855,0.0000,0.9840
205348,54,11,0.1000,0.00000500,0.0000,64.5311,3464.4131,0.0000,0.9858
205349,1860,51,0.1000,0.00000500,0.0000,75.1151,4256.7374,0.0000,0.9841
205350,2241,72,0.1000,0.00000500,0.0000,80.8134,4197.2790,0.0000,0.9783
205351,666,27,0.1000,0.00000500,0.0000,83.9973,4057.4470,0.0000,0.9838
205352,4103,105,0.1000,0.00000500,0.0000,77.6857,4547.8924,0.0000,0.9824
205353,2969,63,0.1000,0.00000500,0.0000,80.4740,4625.7451,0.0000,0.9836
205354,4019,73,0.1000,0.00000500,0.0000,81.0623,4750.6011,0.0000,0.9833
205355,33,9,0.1000,0.00000500,0.0000,52.4461,3233.3384,0.0000,0.9965
205356,1899,63,0.1000,0.00000500,0.0000,69.6318,4268.1348,0.0000,0.9782
205357,5277,123,0.1000,0.00000500,0.0000,78.9611,4536.9427,0.0000,0.9817
205358,1647,51,0.1000,0.00000500,0.0000,74.4996,4485.4038,0.0000,0.9816
205359,1668,60,0.1000,0.00000500,0.0000,76.9662,4255.2192,0.0000,0.9786
205360,46,9,0.1000,0.00000500,0.0000,80.3447,3602.8997,0.0000,0.9792
205361,2137,56,0.1000,0.00000500,0.0000,78.0639,4384.0619,0.0000,0.9849
205362,30,9,0.1000,0.00000500,0.0000,74.8225,3478.8806,0.0000,0.9896
205363,4634,114,0.1000,0.00000500,0.0000,77.3047,4524.0066,0.0000,0.9846
205364,2133,48,0.1000,0.00000500,0.0000,91.2346,4602.9027,0.0000,0.9772
205365,76,9,0.1000,0.00000500,0.0000,58.4781,3416.4107,0.0000,0.9861
205366,908,45,0.1000,0.00000500,0.0000,66.5580,4043.6265,0.0000,0.9840
205367,52,9,0.1000,0.00000500,0.0000,62.4014,3603.4682,0.0000,0.9896
205368,202,21,0.1000,0.00000500,0.0000,97.7188,3800.1409,0.0000,0.9732
205369,423,21,0.1000,0.00000500,0.0000,93.2017,3848.2380,0.0000,0.9807
205370,4832,78,0.1000,0.00000500,0.0000,74.1589,4853.4667,0.0000,0.9820
205371,4939,70,0.1000,0.00000500,0.0000,81.6241,5201.6830,0.0000,0.9817
205372,76,12,0.1000,0.00000500,0.0000,50.9351,3555.2916,0.0000,0.9870
205373,2880,87,0.1000,0.00000500,0.0000,82.3998,4380.4618,0.0000,0.9813
205374,1034,42,0.1000,0.00000500,0.0000,80.8447,4137.1198,0.0000,0.9777
205375,48,9,0.1000,0.00000500,0.0000,55.7234,3585.9824,0.0000,0.9826
205376,1345,33,0.1000,0.00000500,0.0000,76.1280,4480.8042,0.0000,0.9792
205377,1265,54,0.1000,0.00000500,0.0000,70.7679,4247.7639,0.0000,0.9826
205378,5237,147,0.1000,0.00000500,0.0000,82.7505,4523.9964,0.0000,0.9807
205379,1646,48,0.1000,0.00000500,0.0000,86.1941,4529.3040,0.0000,0.9896
205380,43,9,0.1000,0.00000500,0.0000,104.8872,3591.8701,0.0000,0.9861
205381,3467,54,0.1000,0.00000500,0.0000,73.5009,5056.2470,0.0000,0.9792
205382,44,9,0.1000,0.00000500,0.0000,62.8339,3619.9086,0.0000,0.9896
205383,46,9,0.1000,0.00000500,0.0000,88.3523,3512.2096,0.0000,0.9757
205384,1326,36,0.1000,0.00000500,0.0000,92.9775,4547.0180,0.0000,0.9774
205385,4116,75,0.1000,0.00000500,0.0000,75.8898,4878.5075,0.0000,0.9850
205386,2013,65,0.1000,0.00000500,0.0000,66.9660,4502.0171,0.0000,0.9865
205387,953,36,0.1000,0.00000500,0.0000,85.9366,4258.5753,0.0000,0.9766
205388,75,12,0.1000,0.00000500,0.0000,97.5729,3680.0661,0.0000,0.9896
205389,1317,39,0.1000,0.00000500,0.0000,89.8970,4583.7283,0.0000,0.9840
205390,118,15,0.1000,0.00000500,0.0000,76.6170,3785.4470,0.0000,0.9812
205391,287,18,0.1000,0.00000500,0.0000,77.2900,3855.1167,0.0000,0.9757
205392,87,15,0.1000,0.00000500,0.0000,74.6118,3678.7089,0.0000,0.9938
205393,1159,45,0.1000,0.00000500,0.0000,78.4612,4320.1108,0.0000,0.9799
205394,1058,45,0.1000,0.00000500,0.0000,85.8112,4256.2056,0.0000,0.9785
205395,897,31,0.1000,0.00000500,0.0000,75.0485,4371.1878,0.0000,0.9869
205396,1590,48,0.1000,0.00000500,0.0000,61.2260,4474.4311,0.0000,0.9785
205397,2068,42,0.1000,0.00000500,0.0000,71.3504,4938.9442,0.0000,0.9710
205398,1054,53,0.1000,0.00000500,0.0000,73.7672,4204.4057,0.0000,0.9864
205399,221,17,0.1000,0.00000500,0.0000,65.9513,3994.6459,0.0000,0.9835
205400,4098,102,0.1000,0.00000500,0.0000,78.6703,4728.3804,0.0000,0.9841
205401,27,6,0.1000,0.00000500,0.0000,92.9537,3581.5006,0.0000,0.9844
205402,427,27,0.1000,0.00000500,0.0000,91.9019,4029.7633,0.0000,0.9873
205403,248,15,0.1000,0.00000500,0.0000,66.6693,3952.7099,0.0000,0.9833
205404,158,12,0.1000,0.00000500,0.0000,70.0225,3910.8474,0.0000,0.9844
205405,365,30,0.1000,0.00000500,0.0000,74.2959,3998.5736,0.0000,0.9750
205406,75,14,0.1000,0.00000500,0.0000,93.1189,3602.5437,0.0000,0.9777
205407,795,34,0.1000,0.00000500,0.0000,69.4292,4288.3575,0.0000,0.9807
205408,251,21,0.1000,0.00000500,0.0000,64.6256,4087.0980,0.0000,0.9866
205409,3970,90,0.1000,0.00000500,0.0000,74.9236,4757.2170,0.0000,0.9844
205410,5856,117,0.1000,0.00000500,0.0000,74.3658,5084.6882,0.0000,0.9808
205411,46,9,0.1000,0.00000500,0.0000,65.6208,3698.8132,0.0000,0.9826
205412,665,30,0.1000,0.00000500,0.0000,73.2570,4244.9771,0.0000,0.9854
205413,226,19,0.1000,0.00000500,0.0000,82.2064,3941.5428,0.0000,0.9737
205414,657,33,0.1000,0.00000500,0.0000,79.2614,4199.0477,0.0000,0.9867
205415,3241,72,0.1000,0.00000500,0.0000,88.0106,4855.8537,0.0000,0.9753
205416,542,24,0.1000,0.00000500,0.0000,82.6942,4183.9553,0.0000,0.9896
205417,34,9,0.1000,0.00000500,0.0000,67.6133,3673.3986,0.0000,0.9896
205418,999,39,0.1000,0.00000500,0.0000,82.1667,4447.9613,0.0000,0.9832
205419,1033,33,0.1000,0.00000500,0.0000,91.6609,4454.3198,0.0000,0.9754
205420,5557,75,0.1000,0.00000500,0.0000,83.7552,5567.9490,0.0000,0.9846
205421,70,12,0.1000,0.00000500,0.0000,95.3888,3833.3145,0.0000,0.9818
205422,50,9,0.1000,0.00000500,0.0000,114.0116,3769.5416,0.0000,0.9653
205423,61,12,0.1000,0.00000500,0.0000,101.7660,3690.5803,0.0000,0.9740
205424,4582,90,0.1000,0.00000500,0.0000,77.7812,5087.6722,0.0000,0.9861
205425,1211,42,0.1000,0.00000500,0.0000,88.6400,4523.3272,0.0000,0.9866
205426,764,24,0.1000,0.00000500,0.0000,91.1613,4499.6561,0.0000,0.9922
205427,2288,48,0.1000,0.00000500,0.0000,95.2131,5184.6058,0.0000,0.9766
205428,32,6,0.1000,0.00000500,0.0000,77.1691,3757.4474,0.0000,0.9896
205429,49,9,0.1000,0.00000500,0.0000,42.4096,3680.0593,0.0000,0.9861
205430,1980,57,0.1000,0.00000500,0.0000,78.3320,4751.3528,0.0000,0.9797
205431,1971,71,0.1000,0.00000500,0.0000,84.1427,4484.9153,0.0000,0.9815
205432,499,33,0.1000,0.00000500,0.0000,89.0624,4099.1874,0.0000,0.9811
205433,5084,105,0.1000,0.00000500,0.0000,85.2951,5041.2449,0.0000,0.9839
205434,1044,33,0.1000,0.00000500,0.0000,101.8028,4671.5499,0.0000,0.9830
205435,21,5,0.1000,0.00000500,0.0000,52.6493,3581.4242,0.0000,0.9750
205436,5305,111,0.1000,0.00000500,0.0000,79.3820,4981.2048,0.0000,0.9789
205437,116,13,0.1000,0.00000500,0.0000,79.4909,3952.3956,0.0000,0.9832
205438,24,6,0.1000,0.00000500,0.0000,72.0188,3770.9806,0.0000,0.9688
205439,54,12,0.1000,0.00000500,0.0000,95.0113,3771.0872,0.0000,0.9922
205440,525,27,0.1000,0.00000500,0.0000,88.8569,4192.9271,0.0000,0.9792
205441,158,15,0.1000,0.00000500,0.0000,80.6683,3950.4579,0.0000,0.9708
205442,2358,65,0.1000,0.00000500,0.0000,79.3265,4779.3202,0.0000,0.9832
205443,3385,81,0.1000,0.00000500,0.0000,76.5652,5047.7101,0.0000,0.9853
205444,1685,60,0.1000,0.00000500,0.0000,73.6946,4614.9217,0.0000,0.9849
205445,2510,48,0.1000,0.00000500,0.0000,82.7084,5283.2347,0.0000,0.9824
205446,219,18,0.1000,0.00000500,0.0000,76.0318,4089.9614,0.0000,0.9913
205447,2734,90,0.1000,0.00000500,0.0000,75.0267,4697.6301,0.0000,0.9851
205448,1495,39,0.1000,0.00000500,0.0000,85.3390,4849.9031,0.0000,0.9904
205449,38,9,0.1000,0.00000500,0.0000,65.6815,3759.0289,0.0000,0.9861
205450,4142,81,0.1000,0.00000500,0.0000,82.0508,5290.2251,0.0000,0.9826
205451,2818,90,0.1000,0.00000500,0.0000,79.1911,4770.8172,0.0000,0.9806
205452,2963,54,0.1000,0.00000500,0.0000,83.9274,5516.6454,0.0000,0.9815
205453,2207,66,0.1000,0.00000500,0.0000,75.4230,4697.8798,0.0000,0.9853
205454,914,50,0.1000,0.00000500,0.0000,99.3715,4383.9746,0.0000,0.9812
205455,360,21,0.1000,0.00000500,0.0000,84.0894,4447.8780,0.0000,0.9866
205456,453,30,0.1000,0.00000500,0.0000,80.4318,4210.2646,0.0000,0.9823
205457,8527,84,0.1000,0.00000500,0.0000,78.6129,5961.1562,0.0000,0.9833
205458,2738,63,0.1000,0.00000500,0.0000,82.3198,5087.7227,0.0000,0.9772
205459,463,27,0.1000,0.00000500,0.0000,94.0964,4208.1303,0.0000,0.9838
205460,5453,102,0.1000,0.00000500,0.0000,83.6862,5291.1508,0.0000,0.9792
205461,626,36,0.1000,0.00000500,0.0000,84.6183,4418.3406,0.0000,0.9766
205462,1205,36,0.1000,0.00000500,0.0000,83.0019,4668.3525,0.0000,0.9835
205463,5036,129,0.1000,0.00000500,0.0000,90.2646,4934.5019,0.0000,0.9809
205464,6809,164,0.1000,0.00000500,0.0000,81.9919,5046.6238,0.0000,0.9832
205465,438,18,0.1000,0.00000500,0.0000,114.1534,4422.3181,0.0000,0.9792
205466,2750,75,0.1000,0.00000500,0.0000,76.1345,4977.7052,0.0000,0.9867
205467,3428,72,0.1000,0.00000500,0.0000,88.3139,5290.6378,0.0000,0.9861
205468,352,30,0.1000,0.00000500,0.0000,76.2281,4213.7253,0.0000,0.9802
205469,1029,30,0.1000,0.00000500,0.0000,96.9251,4711.8433,0.0000,0.9781
205470,3072,105,0.1000,0.00000500,0.0000,79.7709,4863.7576,0.0000,0.9833
205471,243,21,0.1000,0.00000500,0.0000,72.1400,4236.9333,0.0000,0.9866
205472,3006,57,0.1000,0.00000500,0.0000,72.6630,5477.9502,0.0000,0.9874
205473,629,30,0.1000,0.00000500,0.0000,79.6964,4560.6565,0.0000,0.9823
205474,3001,78,0.1000,0.00000500,0.0000,73.8858,5148.2050,0.0000,0.9824
205475,1374,40,0.1000,0.00000500,0.0000,73.0464,4976.1330,0.0000,0.9805
205476,2728,48,0.1000,0.00000500,0.0000,98.4340,5478.0689,0.0000,0.9824
205477,9878,129,0.1000,0.00000500,0.0000,85.4520,5996.2538,0.0000,0.9826
205478,20193,182,0.1000,0.00000500,0.0000,81.0900,5993.5540,0.0000,0.9827
205479,369,21,0.1000,0.00000500,0.0000,91.7031,4479.9821,0.0000,0.9792
205480,1400,60,0.1000,0.00000500,0.0000,97.1712,4693.2462,0.0000,0.9781
205481,70,9,0.1000,0.00000500,0.0000,68.9876,4065.8372,0.0000,0.9931
205482,450,21,0.1000,0.00000500,0.0000,85.2991,4587.5654,0.0000,0.9836
205483,11993,169,0.1000,0.00000500,0.0000,93.4789,5782.6433,0.0000,0.9802
205484,5477,108,0.1000,0.00000500,0.0000,78.7868,5493.1838,0.0000,0.9873
205485,1220,45,0.1000,0.00000500,0.0000,79.7320,4839.5719,0.0000,0.9833
205486,114,12,0.1000,0.00000500,0.0000,100.8433,4254.7548,0.0000,0.9844
205487,12690,108,0.1000,0.00000500,0.0000,85.0490,6302.3773,0.0000,0.9771
205488,24,6,0.1000,0.00000500,0.0000,127.9100,3931.1969,0.0000,1.0000
205489,654,27,0.1000,0.00000500,0.0000,89.4865,4697.7880,0.0000,0.9757
205490,2972,102,0.1000,0.00000500,0.0000,80.7771,4986.5134,0.0000,0.9822
205491,634,25,0.1000,0.00000500,0.0000,91.9999,4888.5139,0.0000,0.9762
205492,10067,141,0.1000,0.00000500,0.0000,80.9015,5807.6306,0.0000,0.9816
205493,1094,44,0.1000,0.00000500,0.0000,86.3770,4766.3317,0.0000,0.9872
205494,645,29,0.1000,0.00000500,0.0000,94.0426,4928.0740,0.0000,0.9849
205495,2500,51,0.1000,0.00000500,0.0000,88.9342,5445.7351,0.0000,0.9816
205496,2145,50,0.1000,0.00000500,0.0000,99.8492,5434.2014,0.0000,0.9800
205497,4304,63,0.1000,0.00000500,0.0000,88.5952,6079.6052,0.0000,0.9841
205498,2095,46,0.1000,0.00000500,0.0000,82.7753,5532.0296,0.0000,0.9864
205499,8265,141,0.1000,0.00000500,0.0000,94.7024,5745.2959,0.0000,0.9803
205500,556,24,0.1000,0.00000500,0.0000,77.1717,4819.0016,0.0000,0.9857
205501,3428,88,0.1000,0.00000500,0.0000,93.9207,5351.7715,0.0000,0.9847
205502,80,14,0.1000,0.00000500,0.0000,105.0474,4167.5277,0.0000,0.9933
205503,1203,42,0.1000,0.00000500,0.0000,91.4643,5100.7318,0.0000,0.9836
205504,337,18,0.1000,0.00000500,0.0000,104.7231,4881.8814,0.0000,0.9792
205505,1620,54,0.1000,0.00000500,0.0000,86.0071,5217.0025,0.0000,0.9826
205506,238,21,0.1000,0.00000500,0.0000,85.7042,4594.2393,0.0000,0.9881
205507,74,11,0.1000,0.00000500,0.0000,68.7125,4209.3539,0.0000,0.9858
205508,193,21,0.1000,0.00000500,0.0000,111.8670,4463.7276,0.0000,0.9777
205509,21,6,0.1000,0.00000500,0.0000,51.7071,4010.3707,0.0000,0.9688
205510,1700,42,0.1000,0.00000500,0.0000,84.5669,5313.1022,0.0000,0.9903
205511,5886,81,0.1000,0.00000500,0.0000,85.9858,6094.7743,0.0000,0.9811
205512,4400,90,0.1000,0.00000500,0.0000,89.1514,5764.1518,0.0000,0.9799
205513,162,15,0.1000,0.00000500,0.0000,73.2652,4363.8793,0.0000,0.9875
205514,2999,56,0.1000,0.00000500,0.0000,91.6730,5781.1195,0.0000,0.9810
205515,356,21,0.1000,0.00000500,0.0000,93.6932,4645.3727,0.0000,0.9896
205516,1326,36,0.1000,0.00000500,0.0000,92.9249,5420.2498,0.0000,0.9783
205517,76,12,0.1000,0.00000500,0.0000,73.6161,4337.4911,0.0000,0.9870
205518,56,13,0.1000,0.00000500,0.0000,87.3526,4109.4404,0.0000,0.9880
205519,1234,36,0.1000,0.00000500,0.0000,81.3698,5289.8889,0.0000,0.9774
205520,3200,111,0.1000,0.00000500,0.0000,96.2759,5156.1101,0.0000,0.9837
205521,165,15,0.1000,0.00000500,0.0000,130.5177,4618.9845,0.0000,0.9708
205522,31,6,0.1000,0.00000500,0.0000,60.6855,4062.4792,0.0000,0.9740
205523,1082,48,0.1000,0.00000500,0.0000,96.3204,5036.2921,0.0000,0.9766
205524,956,47,0.1000,0.00000500,0.0000,79.3931,4853.6202,0.0000,0.9767
205525,2141,63,0.1000,0.00000500,0.0000,100.2159,5268.7286,0.0000,0.9836
205526,620,39,0.1000,0.00000500,0.0000,90.3338,4685.4170,0.0000,0.9800
205527,2604,75,0.1000,0.00000500,0.0000,100.0493,5342.8798,0.0000,0.9779
205528,32,9,0.1000,0.00000500,0.0000,119.8364,4228.5302,0.0000,0.9688
205529,23,6,0.1000,0.00000500,0.0000,57.2162,4128.6569,0.0000,0.9896
205530,2288,45,0.1000,0.00000500,0.0000,84.2207,5806.5336,0.0000,0.9778
205531,7390,84,0.1000,0.00000500,0.0000,82.8726,6342.8887,0.0000,0.9810
205532,2536,54,0.1000,0.00000500,0.0000,91.3108,5898.4607,0.0000,0.9809
205533,6369,86,0.1000,0.00000500,0.0000,101.1043,6169.3437,0.0000,0.9760
205534,908,33,0.1000,0.00000500,0.0000,80.2524,5173.6109,0.0000,0.9867
205535,2287,48,0.1000,0.00000500,0.0000,96.6575,5568.8404,0.0000,0.9837
205536,114,15,0.1000,0.00000500,0.0000,72.5878,4402.5070,0.0000,0.9875
205537,120,15,0.1000,0.00000500,0.0000,53.7394,4379.2860,0.0000,0.9875
205538,2555,63,0.1000,0.00000500,0.0000,101.0474,5621.4525,0.0000,0.9777
205539,2710,51,0.1000,0.00000500,0.0000,75.7782,5883.8017,0.0000,0.9822
205540,6970,129,0.1000,0.00000500,0.0000,90.9571,6094.8999,0.0000,0.9823
205541,425,24,0.1000,0.00000500,0.0000,74.9651,4765.7010,0.0000,0.9831
205542,1685,48,0.1000,0.00000500,0.0000,87.3626,5601.2839,0.0000,0.9792
205543,59,13,0.1000,0.00000500,0.0000,142.4557,4384.2522,0.0000,0.9760
205544,662,30,0.1000,0.00000500,0.0000,106.3917,4969.3749,0.0000,0.9750
205545,23,5,0.1000,0.00000500,0.0000,75.7578,4072.1536,0.0000,0.9812
205546,1194,36,0.1000,0.00000500,0.0000,71.5727,5333.5298,0.0000,0.9878
205547,26,6,0.1000,0.00000500,0.0000,138.4817,4216.0404,0.0000,0.9844
205548,387,26,0.1000,0.00000500,0.0000,118.9359,4660.1596,0.0000,0.9736
205549,145,15,0.1000,0.00000500,0.0000,116.0687,4515.5979,0.0000,0.9771
205550,34,9,0.1000,0.00000500,0.0000,78.4343,4304.9162,0.0000,0.9965
205551,630,33,0.1000,0.00000500,0.0000,99.2191,4855.9900,0.0000,0.9773
205552,3272,75,0.1000,0.00000500,0.0000,89.1326,5707.3231,0.0000,0.9800
205553,1503,42,0.1000,0.00000500,0.0000,91.2229,5535.0464,0.0000,0.9769
205554,240,21,0.1000,0.00000500,0.0000,96.5332,4777.6766,0.0000,0.9881
205555,15385,150,0.1000,0.00000500,0.0000,86.8372,6661.5106,0.0000,0.9825
205556,3221,57,0.1000,0.00000500,0.0000,87.3624,6127.7472,0.0000,0.9781
205557,231,17,0.1000,0.00000500,0.0000,78.7708,4827.1460,0.0000,0.9816
205558,71,12,0.1000,0.00000500,0.0000,101.5611,4398.6749,0.0000,0.9766
205559,2104,51,0.1000,0.00000500,0.0000,94.2413,5722.9996,0.0000,0.9884
205560,7716,88,0.1000,0.00000500,0.0000,81.1706,6526.3426,0.0000,0.9801
205561,24,6,0.1000,0.00000500,0.0000,52.3495,4219.9915,0.0000,0.9844
205562,1168,45,0.1000,0.00000500,0.0000,87.6096,5208.5769,0.0000,0.9812
205563,2732,52,0.1000,0.00000500,0.0000,86.1266,6135.3375,0.0000,0.9838
205564,366,23,0.1000,0.00000500,0.0000,106.3895,4750.9906,0.0000,0.9769
205565,7567,110,0.1000,0.00000500,0.0000,84.3267,6424.0603,0.0000,0.9793
205566,5919,99,0.1000,0.00000500,0.0000,88.2191,6285.5465,0.0000,0.9763
205567,158,15,0.1000,0.00000500,0.0000,73.9012,4592.0478,0.0000,0.9896
205568,397,24,0.1000,0.00000500,0.0000,85.0992,4924.1546,0.0000,0.9818
205569,79,12,0.1000,0.00000500,0.0000,88.9429,4590.4329,0.0000,0.9766
205570,782,27,0.1000,0.00000500,0.0000,99.8006,5531.0184,0.0000,0.9757
205571,369,20,0.1000,0.00000500,0.0000,84.0841,4990.5190,0.0000,0.9906
205572,1211,40,0.1000,0.00000500,0.0000,81.4774,5453.7929,0.0000,0.9844
205573,3010,69,0.1000,0.00000500,0.0000,76.6898,5834.3776,0.0000,0.9810
205574,71,11,0.1000,0.00000500,0.0000,72.3919,4415.2518,0.0000,0.9915
205575,2351,75,0.1000,0.00000500,0.0000,106.8590,5446.9422,0.0000,0.9821
205576,43,9,0.1000,0.00000500,0.0000,88.7710,4444.9266,0.0000,0.9688
205577,1434,49,0.1000,0.00000500,0.0000,88.7858,5565.0402,0.0000,0.9815
205578,445,21,0.1000,0.00000500,0.0000,112.0997,5017.4694,0.0000,0.9866
205579,8679,158,0.1000,0.00000500,0.0000,89.1443,6174.8734,0.0000,0.9800
205580,1580,51,0.1000,0.00000500,0.0000,102.0166,5531.8844,0.0000,0.9835
205581,22020,264,0.1000,0.00000500,0.0000,85.8924,6517.0846,0.0000,0.9809
205582,10431,126,0.1000,0.00000500,0.0000,98.3017,6573.6823,0.0000,0.9834
205583,308,24,0.1000,0.00000500,0.0000,66.6184,4750.9114,0.0000,0.9909
205584,12724,108,0.1000,0.00000500,0.0000,97.1738,6924.1149,0.0000,0.9870
205585,1047,36,0.1000,0.00000500,0.0000,99.3645,5503.4546,0.0000,0.9852
205586,2881,72,0.1000,0.00000500,0.0000,98.7559,5760.5103,0.0000,0.9800
205587,1426,33,0.1000,0.00000500,0.0000,87.2846,5790.3384,0.0000,0.9763
205588,2369,60,0.1000,0.00000500,0.0000,107.5819,5639.0880,0.0000,0.9859
205589,1347,45,0.1000,0.00000500,0.0000,89.4678,5540.0819,0.0000,0.9861
205590,3180,60,0.1000,0.00000500,0.0000,113.3099,5876.1946,0.0000,0.9776
205591,6213,71,0.1000,0.00000500,0.0000,86.5030,6762.3967,0.0000,0.9833
205592,4002,99,0.1000,0.00000500,0.0000,99.1891,5916.1090,0.0000,0.9807
205593,2187,72,0.1000,0.00000500,0.0000,100.6367,5436.2493,0.0000,0.9809
205594,460,27,0.1000,0.00000500,0.0000,78.6058,5207.7142,0.0000,0.9850
205595,4380,105,0.1000,0.00000500,0.0000,93.1018,6013.2325,0.0000,0.9789
205596,86,12,0.1000,0.00000500,0.0000,56.4335,4935.4356,0.0000,0.9740
205597,217,15,0.1000,0.00000500,0.0000,84.7327,5018.4400,0.0000,0.9771
205598,80,12,0.1000,0.00000500,0.0000,105.2289,4771.2804,0.0000,0.9870
205599,2070,45,0.1000,0.00000500,0.0000,108.9312,5969.5259,0.0000,0.9792
205600,136,14,0.1000,0.00000500,0.0000,89.9985,4856.0288,0.0000,0.9821
205601,456,24,0.1000,0.00000500,0.0000,90.1197,5219.2330,0.0000,0.9792
205602,36,9,0.1000,0.00000500,0.0000,48.6306,4657.5700,0.0000,0.9965
205603,212,19,0.1000,0.00000500,0.0000,108.2678,4840.0498,0.0000,0.9819
205604,2465,57,0.1000,0.00000500,0.0000,114.4684,5940.8425,0.0000,0.9863
205605,122,15,0.1000,0.00000500,0.0000,98.4546,4904.8356,0.0000,0.9812
205606,1033,33,0.1000,0.00000500,0.0000,97.9554,5614.2233,0.0000,0.9820
205607,30,6,0.1000,0.00000500,0.0000,55.9692,4558.8997,0.0000,0.9688
205608,451,21,0.1000,0.00000500,0.0000,84.4164,5329.1572,0.0000,0.9821
205609,49,9,0.1000,0.00000500,0.0000,113.6227,4678.0433,0.0000,0.9722
205610,771,30,0.1000,0.00000500,0.0000,117.7893,5457.2026,0.0000,0.9781
205611,2582,54,0.1000,0.00000500,0.0000,79.4124,6161.5631,0.0000,0.9838
205612,215,21,0.1000,0.00000500,0.0000,70.5385,4845.3721,0.0000,0.9881
205613,1179,35,0.1000,0.00000500,0.0000,100.0733,5750.6964,0.0000,0.9839
205614,82,12,0.1000,0.00000500,0.0000,59.4358,4861.2555,0.0000,0.9818
205615,4164,75,0.1000,0.00000500,0.0000,120.0389,6300.2716,0.0000,0.9829
205616,782,30,0.1000,0.00000500,0.0000,100.1290,5554.0933,0.0000,0.9781
205617,607,31,0.1000,0.00000500,0.0000,59.4980,5200.4730,0.0000,0.9829
205618,3741,57,0.1000,0.00000500,0.0000,92.1544,6593.9939,0.0000,0.9775
205619,17515,192,0.1000,0.00000500,0.0000,89.1023,6836.5178,0.0000,0.9863
205620,103,12,0.1000,0.00000500,0.0000,88.9686,4829.2709,0.0000,0.9792
205621,2731,54,0.1000,0.00000500,0.0000,95.5642,6289.4932,0.0000,0.9896
205622,669,33,0.1000,0.00000500,0.0000,98.9739,5274.2783,0.0000,0.9773
205623,205,18,0.1000,0.00000500,0.0000,84.1738,4984.5349,0.0000,0.9913
205624,1186,36,0.1000,0.00000500,0.0000,97.6873,6102.5666,0.0000,0.9852
205625,53,12,0.1000,0.00000500,0.0000,116.2737,4749.7939,0.0000,0.9740
205626,74,12,0.1000,0.00000500,0.0000,103.1834,4719.8751,0.0000,0.9870
205627,37,9,0.1000,0.00000500,0.0000,79.8861,4758.9224,0.0000,0.9931
205628,895,33,0.1000,0.00000500,0.0000,87.7635,5709.7185,0.0000,0.9697
205629,1883,39,0.1000,0.00000500,0.0000,95.0922,5821.0235,0.0000,0.9840
205630,3222,87,0.1000,0.00000500,0.0000,89.2188,5951.1548,0.0000,0.9784
205631,2104,48,0.1000,0.00000500,0.0000,109.6268,6095.4686,0.0000,0.9785
205632,2774,57,0.1000,0.00000500,0.0000,77.9761,6502.5919,0.0000,0.9792
205633,6512,114,0.1000,0.00000500,0.0000,90.9392,6612.8861,0.0000,0.9874
205634,55,12,0.1000,0.00000500,0.0000,93.1610,4691.9189,0.0000,0.9844
205635,4506,99,0.1000,0.00000500,0.0000,99.2310,6225.8233,0.0000,0.9795
205636,3043,54,0.1000,0.00000500,0.0000,100.1215,6761.9670,0.0000,0.9826
205637,55,11,0.1000,0.00000500,0.0000,59.1544,4771.8779,0.0000,0.9830
205638,1347,39,0.1000,0.00000500,0.0000,75.1545,5971.2241,0.0000,0.9784
205639,370,21,0.1000,0.00000500,0.0000,73.3552,5464.2432,0.0000,0.9792
205640,34,9,0.1000,0.00000500,0.0000,52.3539,4763.7473,0.0000,0.9826
205641,490,28,0.1000,0.00000500,0.0000,82.2769,5365.3778,0.0000,0.9833
205642,7631,108,0.1000,0.00000500,0.0000,89.8468,6713.2068,0.0000,0.9821
205643,80,12,0.1000,0.00000500,0.0000,98.0286,5093.2471,0.0000,0.9766
205644,3974,81,0.1000,0.00000500,0.0000,98.1271,6480.8228,0.0000,0.9830
205645,2182,63,0.1000,0.00000500,0.0000,95.6978,5941.0928,0.0000,0.9831
205646,440,24,0.1000,0.00000500,0.0000,83.5678,5539.0098,0.0000,0.9727
205647,52,12,0.1000,0.00000500,0.0000,82.5909,4834.8881,0.0000,0.9766
205648,166,15,0.1000,0.00000500,0.0000,142.2852,5062.9569,0.0000,0.9750
205649,103,16,0.1000,0.00000500,0.0000,118.9164,5023.1626,0.0000,0.9766
205650,6824,120,0.1000,0.00000500,0.0000,86.3215,6662.2829,0.0000,0.9810
205651,1512,39,0.1000,0.00000500,0.0000,85.9863,6279.2476,0.0000,0.9824
205652,2486,48,0.1000,0.00000500,0.0000,93.4054,6483.6370,0.0000,0.9818
205653,2388,42,0.1000,0.00000500,0.0000,69.7051,6604.0765,0.0000,0.9881
205654,287,19,0.1000,0.00000500,0.0000,124.2068,5274.7734,0.0000,0.9720
205655,156,12,0.1000,0.00000500,0.0000,79.4999,5107.8421,0.0000,0.9948
205656,336,27,0.1000,0.00000500,0.0000,89.1249,5285.6730,0.0000,0.9884
205657,16377,183,0.1000,0.00000500,0.0000,79.3221,7028.0478,0.0000,0.9862
205658,5803,95,0.1000,0.00000500,0.0000,84.4027,6629.9913,0.0000,0.9868
205659,27,6,0.1000,0.00000500,0.0000,85.6230,4849.5238,0.0000,0.9531
205660,27,9,0.1000,0.00000500,0.0000,77.3021,4755.1952,0.0000,0.9931
205661,3467,75,0.1000,0.00000500,0.0000,86.1772,6170.7122,0.0000,0.9846
205662,249,21,0.1000,0.00000500,0.0000,95.4860,5342.3214,0.0000,0.9807
205663,5572,75,0.1000,0.00000500,0.0000,82.4954,6983.4238,0.0000,0.9862
205664,10144,150,0.1000,0.00000500,0.0000,104.1162,6759.2518,0.0000,0.9802
205665,115,14,0.1000,0.00000500,0.0000,98.5709,4983.7606,0.0000,0.9844
205666,2095,51,0.1000,0.00000500,0.0000,101.6723,6165.2294,0.0000,0.9841
205667,1908,45,0.1000,0.00000500,0.0000,93.0796,6340.0381,0.0000,0.9771
205668,1325,51,0.1000,0.00000500,0.0000,81.7603,5898.1181,0.0000,0.9773
205669,641,36,0.1000,0.00000500,0.0000,74.4489,5690.6997,0.0000,0.9800
205670,2267,66,0.1000,0.00000500,0.0000,100.4110,6194.1511,0.0000,0.9801
205671,626,33,0.1000,0.00000500,0.0000,97.1776,5652.7567,0.0000,0.9820
205672,2295,48,0.1000,0.00000500,0.0000,81.2005,6652.2818,0.0000,0.9824
205673,37,10,0.1000,0.00000500,0.0000,73.4630,4884.6750,0.0000,0.9844
205674,957,46,0.1000,0.00000500,0.0000,93.4746,5559.7189,0.0000,0.9830
205675,1991,54,0.1000,0.00000500,0.0000,98.3113,6047.0752,0.0000,0.9821
205676,4035,66,0.1000,0.00000500,0.0000,102.9420,6784.6529,0.0000,0.9796
205677,10287,126,0.1000,0.00000500,0.0000,90.4106,7236.4152,0.0000,0.9814
205678,795,30,0.1000,0.00000500,0.0000,115.0084,5871.9323,0.0000,0.9823
205679,2297,69,0.1000,0.00000500,0.0000,106.8133,6132.9311,0.0000,0.9810
205680,3747,62,0.1000,0.00000500,0.0000,86.3926,6926.4255,0.0000,0.9808
205681,47,9,0.1000,0.00000500,0.0000,68.0235,5016.2522,0.0000,0.9792
205682,890,33,0.1000,0.00000500,0.0000,96.4728,5991.7981,0.0000,0.9830
205683,3008,63,0.1000,0.00000500,0.0000,92.2149,6482.0103,0.0000,0.9856
205684,51,11,0.1000,0.00000500,0.0000,67.2630,5009.7483,0.0000,0.9886
205685,3635,63,0.1000,0.00000500,0.0000,81.8256,6784.0962,0.0000,0.9876
205686,48,9,0.1000,0.00000500,0.0000,127.4548,5032.4376,0.0000,0.9722
205687,654,24,0.1000,0.00000500,0.0000,112.2734,5726.5544,0.0000,0.9805
205688,103,15,0.1000,0.00000500,0.0000,154.5528,5139.7061,0.0000,0.9833
205689,546,24,0.1000,0.00000500,0.0000,95.6065,5806.0566,0.0000,0.9870
205690,785,32,0.1000,0.00000500,0.0000,81.1982,6002.3729,0.0000,0.9863
205691,287,18,0.1000,0.00000500,0.0000,99.4210,5560.0216,0.0000,0.9844
205692,39,9,0.1000,0.00000500,0.0000,102.8040,5104.9442,0.0000,0.9826
205693,46,9,0.1000,0.00000500,0.0000,104.2485,5035.0105,0.0000,0.9861
205694,396,24,0.1000,0.00000500,0.0000,81.5354,5618.3349,0.0000,0.9883
205695,1095,42,0.1000,0.00000500,0.0000,71.3073,6049.1328,0.0000,0.9792
205696,1691,42,0.1000,0.00000500,0.0000,78.2247,6314.7893,0.0000,0.9829
205697,272,18,0.1000,0.00000500,0.0000,101.4548,5587.5606,0.0000,0.9826
205698,563,27,0.1000,0.00000500,0.0000,97.8962,5984.5754,0.0000,0.9884
205699,149,12,0.1000,0.00000500,0.0000,154.9879,5266.4095,0.0000,0.9818
205700,55,11,0.1000,0.00000500,0.0000,144.2352,5007.3368,0.0000,0.9858
205701,2308,53,0.1000,0.00000500,0.0000,90.5117,6865.8350,0.0000,0.9805
205702,276,21,0.1000,0.00000500,0.0000,86.6085,5438.4010,0.0000,0.9851
205703,45,9,0.1000,0.00000500,0.0000,62.8826,5011.6072,0.0000,0.9826
205704,9958,120,0.1000,0.00000500,0.0000,90.2128,7097.0013,0.0000,0.9818
205705,667,27,0.1000,0.00000500,0.0000,74.2632,5966.9581,0.0000,0.9861
205706,356,21,0.1000,0.00000500,0.0000,103.6262,5745.7785,0.0000,0.9851
205707,20,6,0.1000,0.00000500,0.0000,111.1470,4743.4969,0.0000,0.9948
205708,157,18,0.1000,0.00000500,0.0000,100.5693,5485.3623,0.0000,0.9809
205709,1492,51,0.1000,0.00000500,0.0000,131.3294,6152.0875,0.0000,0.9798
205710,7346,78,0.1000,0.00000500,0.0000,118.3077,7394.5183,0.0000,0.9812
205711,61,12,0.1000,0.00000500,0.0000,54.3110,5223.8389,0.0000,0.9948
205712,4318,66,0.1000,0.00000500,0.0000,98.7625,6891.3396,0.0000,0.9792
205713,565,30,0.1000,0.00000500,0.0000,68.8013,5817.1197,0.0000,0.9792
205714,2305,51,0.1000,0.00000500,0.0000,126.7436,6385.8237,0.0000,0.9749
205715,153,15,0.1000,0.00000500,0.0000,104.1292,5548.2649,0.0000,0.9833
205716,7850,111,0.1000,0.00000500,0.0000,111.0825,7136.2657,0.0000,0.9794
205717,12717,138,0.1000,0.00000500,0.0000,99.4965,7157.2297,0.0000,0.9835
205718,676,27,0.1000,0.00000500,0.0000,80.5960,5927.0667,0.0000,0.9792
205719,129,21,0.1000,0.00000500,0.0000,84.8007,5380.5247,0.0000,0.9881
205720,1339,39,0.1000,0.00000500,0.0000,82.4440,6256.0304,0.0000,0.9840
205721,153,17,0.1000,0.00000500,0.0000,73.2430,5420.3726,0.0000,0.9926
205722,888,30,0.1000,0.00000500,0.0000,90.2806,6406.5611,0.0000,0.9812
205723,6688,102,0.1000,0.00000500,0.0000,103.0824,7174.9147,0.0000,0.9822
205724,48,9,0.1000,0.00000500,0.0000,130.0337,5235.9814,0.0000,0.9826
205725,455,27,0.1000,0.00000500,0.0000,81.0117,5831.8637,0.0000,0.9826
205726,2508,54,0.1000,0.00000500,0.0000,103.8413,6911.4252,0.0000,0.9786
205727,79,12,0.1000,0.00000500,0.0000,72.2083,5263.5332,0.0000,0.9870
205728,247,21,0.1000,0.00000500,0.0000,67.4061,5556.5528,0.0000,0.9792
205729,152,15,0.1000,0.00000500,0.0000,95.5786,5422.5501,0.0000,0.9812
205730,283,21,0.1000,0.00000500,0.0000,125.1615,5605.6661,0.0000,0.9807
205731,26,6,0.1000,0.00000500,0.0000,58.4067,5032.8582,0.0000,0.9844
205732,1205,33,0.1000,0.00000500,0.0000,120.5687,6282.2340,0.0000,0.9801
205733,231,18,0.1000,0.00000500,0.0000,75.4588,5538.5219,0.0000,0.9878
205734,1494,36,0.1000,0.00000500,0.0000,101.9918,6503.7535,0.0000,0.9826
205735,921,33,0.1000,0.00000500,0.0000,62.8190,6068.9998,0.0000,0.9848
205736,983,42,0.1000,0.00000500,0.0000,77.1444,6259.0977,0.0000,0.9821
205737,2914,66,0.1000,0.00000500,0.0000,92.2283,6674.7599,0.0000,0.9872
205738,33,9,0.1000,0.00000500,0.0000,34.5238,5382.7126,0.0000,0.9896
205739,2836,72,0.1000,0.00000500,0.0000,98.2516,6728.3779,0.0000,0.9831
205740,60,15,0.1000,0.00000500,0.0000,96.3422,5247.2010,0.0000,0.9833
205741,132,18,0.1000,0.00000500,0.0000,114.4719,5420.8368,0.0000,0.9826
205742,730,36,0.1000,0.00000500,0.0000,94.1853,5951.7970,0.0000,0.9870
205743,3985,93,0.1000,0.00000500,0.0000,107.3134,6764.2377,0.0000,0.9815
205744,35,9,0.1000,0.00000500,0.0000,158.4100,5191.5301,0.0000,0.9722
205745,286,18,0.1000,0.00000500,0.0000,93.2580,5725.7355,0.0000,0.9861
205746,33,7,0.1000,0.00000500,0.0000,98.1576,5145.5300,0.0000,0.9688
205747,1901,51,0.1000,0.00000500,0.0000,109.2990,6662.9652,0.0000,0.9773
205748,442,24,0.1000,0.00000500,0.0000,92.5849,6028.1897,0.0000,0.9779
205749,272,21,0.1000,0.00000500,0.0000,67.2566,5843.1964,0.0000,0.9881
205750,2594,60,0.1000,0.00000500,0.0000,98.4233,6610.3942,0.0000,0.9828
205751,6572,75,0.1000,0.00000500,0.0000,82.5582,7410.1212,0.0000,0.9846
205752,7398,99,0.1000,0.00000500,0.0000,92.2394,7298.0134,0.0000,0.9836
205753,468,27,0.1000,0.00000500,0.0000,110.9401,5742.7786,0.0000,0.9792
205754,4379,69,0.1000,0.00000500,0.0000,99.2560,7279.8092,0.0000,0.9837
205755,442,23,0.1000,0.00000500,0.0000,111.9783,5889.3433,0.0000,0.9796
205756,2667,84,0.1000,0.00000500,0.0000,91.9547,6321.5892,0.0000,0.9859
205757,1181,33,0.1000,0.00000500,0.0000,89.7222,6488.3910,0.0000,0.9820
205758,2473,78,0.1000,0.00000500,0.0000,112.4247,6473.9478,0.0000,0.9844
205759,35,9,0.1000,0.00000500,0.0000,58.2309,5271.0032,0.0000,0.9896
205760,2757,54,0.1000,0.00000500,0.0000,105.4680,7128.2238,0.0000,0.9774
205761,5434,84,0.1000,0.00000500,0.0000,86.3297,7199.3282,0.0000,0.9833
205762,98,14,0.1000,0.00000500,0.0000,85.4110,5437.7614,0.0000,0.9978
205763,1188,36,0.1000,0.00000500,0.0000,117.9902,6458.9699,0.0000,0.9835
205764,453,24,0.1000,0.00000500,0.0000,91.6825,6009.0521,0.0000,0.9792
205765,6146,69,0.1000,0.00000500,0.0000,90.3134,7497.8401,0.0000,0.9828
205766,191,21,0.1000,0.00000500,0.0000,132.9186,5576.2465,0.0000,0.9673
205767,35,9,0.1000,0.00000500,0.0000,46.3997,5311.3921,0.0000,0.9861
205768,64,12,0.1000,0.00000500,0.0000,98.4202,5387.7087,0.0000,0.9714
205769,362,18,0.1000,0.00000500,0.0000,122.4234,5919.4884,0.0000,0.9809
205770,38,9,0.1000,0.00000500,0.0000,91.5706,5362.1874,0.0000,0.9792
205771,850,38,0.1000,0.00000500,0.0000,96.9184,6222.5250,0.0000,0.9819
205772,3128,66,0.1000,0.00000500,0.0000,83.4617,7018.9735,0.0000,0.9853
205773,22528,204,0.1000,0.00000500,0.0000,88.2284,7821.4602,0.0000,0.9839
205774,1508,39,0.1000,0.00000500,0.0000,99.1188,6574.7312,0.0000,0.9736
205775,34,9,0.1000,0.00000500,0.0000,157.1826,5314.8347,0.0000,0.9826
205776,1059,39,0.1000,0.00000500,0.0000,90.8418,6487.8596,0.0000,0.9872
205777,3600,87,0.1000,0.00000500,0.0000,98.7730,6860.7457,0.0000,0.9846
205778,541,27,0.1000,0.00000500,0.0000,71.0044,6070.2971,0.0000,0.9757
205779,3805,78,0.1000,0.00000500,0.0000,109.4956,7006.1434,0.0000,0.9824
205780,10747,108,0.1000,0.00000500,0.0000,88.6219,7580.7867,0.0000,0.9821
205781,51,9,0.1000,0.00000500,0.0000,66.4522,5408.8483,0.0000,0.9757
205782,458,23,0.1000,0.00000500,0.0000,66.1100,6228.3158,0.0000,0.9810
205783,77,12,0.1000,0.00000500,0.0000,100.0613,5575.3982,0.0000,0.9896
205784,23,6,0.1000,0.00000500,0.0000,134.6214,5148.3786,0.0000,0.9792
205785,160,15,0.1000,0.00000500,0.0000,88.4847,5751.7305,0.0000,0.9917
205786,2576,66,0.1000,0.00000500,0.0000,113.5004,6733.4300,0.0000,0.9792
205787,2094,50,0.1000,0.00000500,0.0000,89.8814,6690.0803,0.0000,0.9831
205788,50,9,0.1000,0.00000500,0.0000,82.5984,5456.0621,0.0000,0.9722
205789,3729,87,0.1000,0.00000500,0.0000,100.1669,6784.6774,0.0000,0.9820
205790,83,15,0.1000,0.00000500,0.0000,99.6747,5636.1691,0.0000,0.9792
205791,888,30,0.1000,0.00000500,0.0000,114.0224,6390.1007,0.0000,0.9823
205792,167,15,0.1000,0.00000500,0.0000,125.9252,5834.7922,0.0000,0.9792
205793,2497,48,0.1000,0.00000500,0.0000,91.9134,7388.7798,0.0000,0.9844
205794,1354,36,0.1000,0.00000500,0.0000,90.8421,6624.4382,0.0000,0.9826
205795,81,12,0.1000,0.00000500,0.0000,83.6007,5679.5227,0.0000,0.9844
205796,360,23,0.1000,0.00000500,0.0000,163.1587,6075.1337,0.0000,0.9728
205797,7506,105,0.1000,0.00000500,0.0000,95.2600,7419.3785,0.0000,0.9801
205798,1248,33,0.1000,0.00000500,0.0000,89.5534,6488.1215,0.0000,0.9839
205799,5210,71,0.1000,0.00000500,0.0000,106.7313,7611.6486,0.0000,0.9784
205800,763,27,0.1000,0.00000500,0.0000,88.8913,6434.7864,0.0000,0.9873
205801,2953,51,0.1000,0.00000500,0.0000,95.3089,7273.5229,0.0000,0.9792
205802,61,9,0.1000,0.00000500,0.0000,135.7892,5608.3862,0.0000,0.9722
205803,364,24,0.1000,0.00000500,0.0000,115.6555,6249.7353,0.0000,0.9779
205804,35,9,0.1000,0.00000500,0.0000,76.1401,5462.0102,0.0000,0.9896
205805,119,15,0.1000,0.00000500,0.0000,109.9852,5731.4792,0.0000,0.9812
205806,66,13,0.1000,0.00000500,0.0000,56.9927,5450.9777,0.0000,0.9880
205807,1809,54,0.1000,0.00000500,0.0000,88.2920,6653.2159,0.0000,0.9844
205808,350,21,0.1000,0.00000500,0.0000,69.8617,6061.9247,0.0000,0.9851
205809,2498,48,0.1000,0.00000500,0.0000,108.8901,7484.4965,0.0000,0.9792
205810,2288,47,0.1000,0.00000500,0.0000,105.4992,7080.8611,0.0000,0.9847
205811,3897,85,0.1000,0.00000500,0.0000,90.8500,7216.9953,0.0000,0.9857
205812,35,9,0.1000,0.00000500,0.0000,60.6085,5535.9851,0.0000,0.9757
205813,6602,111,0.1000,0.00000500,0.0000,82.1415,7329.7051,0.0000,0.9856
205814,5431,84,0.1000,0.00000500,0.0000,101.5243,7362.7888,0.0000,0.9818
205815,766,30,0.1000,0.00000500,0.0000,150.8733,6441.6638,0.0000,0.9698
205816,649,24,0.1000,0.00000500,0.0000,91.7410,6337.3820,0.0000,0.9883
205817,3723,60,0.1000,0.00000500,0.0000,79.7584,7590.5640,0.0000,0.9781
205818,58,12,0.1000,0.00000500,0.0000,94.9312,5641.0099,0.0000,0.9818
205819,58,12,0.1000,0.00000500,0.0000,119.8285,5566.9359,0.0000,0.9792
205820,678,27,0.1000,0.00000500,0.0000,64.5295,6450.1449,0.0000,0.9826
205821,1184,33,0.1000,0.00000500,0.0000,118.8378,6636.4784,0.0000,0.9706
205822,173,18,0.1000,0.00000500,0.0000,92.4111,5909.9223,0.0000,0.9861
205823,214,18,0.1000,0.00000500,0.0000,88.5608,6062.1357,0.0000,0.9826
205824,1704,36,0.1000,0.00000500,0.0000,87.8672,6967.1618,0.0000,0.9844
205825,2013,60,0.1000,0.00000500,0.0000,107.4299,6710.5488,0.0000,0.9844
205826,143,12,0.1000,0.00000500,0.0000,93.2368,5865.8308,0.0000,0.9818
205827,2358,54,0.1000,0.00000500,0.0000,92.6945,7089.8468,0.0000,0.9826
205828,642,27,0.1000,0.00000500,0.0000,62.6843,6356.8410,0.0000,0.9850
205829,2068,69,0.1000,0.00000500,0.0000,96.5365,6611.9272,0.0000,0.9805
205830,7873,126,0.1000,0.00000500,0.0000,87.0343,7337.5491,0.0000,0.9816
205831,157,17,0.1000,0.00000500,0.0000,125.5722,5988.6107,0.0000,0.9798
205832,165,18,0.1000,0.00000500,0.0000,100.4917,6104.9008,0.0000,0.9878
205833,2043,65,0.1000,0.00000500,0.0000,82.7191,6700.2923,0.0000,0.9817
205834,646,30,0.1000,0.00000500,0.0000,100.7134,6629.0884,0.0000,0.9802
205835,1772,57,0.1000,0.00000500,0.0000,113.8703,6793.2748,0.0000,0.9770
205836,1503,39,0.1000,0.00000500,0.0000,75.1244,6918.1897,0.0000,0.9816
205837,1209,39,0.1000,0.00000500,0.0000,103.0131,6701.2938,0.0000,0.9816
205838,1331,36,0.1000,0.00000500,0.0000,105.4823,6791.6774,0.0000,0.9818
205839,5732,93,0.1000,0.00000500,0.0000,108.6074,7600.5221,0.0000,0.9802
205840,1182,33,0.1000,0.00000500,0.0000,82.3650,6854.2430,0.0000,0.9886
205841,87,15,0.1000,0.00000500,0.0000,97.6777,5889.1849,0.0000,0.9750
205842,547,21,0.1000,0.00000500,0.0000,119.3275,6520.3273,0.0000,0.9792
205843,73,14,0.1000,0.00000500,0.0000,104.8327,5855.7504,0.0000,0.9754
205844,35,9,0.1000,0.00000500,0.0000,83.4922,5655.4641,0.0000,0.9826
205845,1712,38,0.1000,0.00000500,0.0000,100.1569,6937.6600,0.0000,0.9811
205846,564,30,0.1000,0.00000500,0.0000,92.6169,6558.2295,0.0000,0.9781
205847,773,30,0.1000,0.00000500,0.0000,105.7408,6681.9038,0.0000,0.9844
205848,289,21,0.1000,0.00000500,0.0000,86.1707,6081.8282,0.0000,0.9777
205849,297,21,0.1000,0.00000500,0.0000,108.0952,6133.0488,0.0000,0.9732
205850,1932,57,0.1000,0.00000500,0.0000,75.3605,6945.4494,0.0000,0.9825
205851,873,42,0.1000,0.00000500,0.0000,111.5112,6553.1999,0.0000,0.9807
205852,57,12,0.1000,0.00000500,0.0000,98.6027,5796.8216,0.0000,0.9896
205853,1191,36,0.1000,0.00000500,0.0000,117.6477,6879.2099,0.0000,0.9800
205854,963,42,0.1000,0.00000500,0.0000,72.6930,6500.1963,0.0000,0.9807
205855,1351,42,0.1000,0.00000500,0.0000,95.8744,6917.2437,0.0000,0.9844
205856,45,12,0.1000,0.00000500,0.0000,91.1110,5723.6321,0.0000,0.9844
205857,3171,72,0.1000,0.00000500,0.0000,115.0593,7190.6529,0.0000,0.9792
205858,1031,39,0.1000,0.00000500,0.0000,90.9815,6852.5015,0.0000,0.9760
205859,13608,177,0.1000,0.00000500,0.0000,92.9818,7938.5013,0.0000,0.9786
205860,352,21,0.1000,0.00000500,0.0000,56.6393,6330.3718,0.0000,0.9896
205861,7716,78,0.1000,0.00000500,0.0000,94.7103,8040.5489,0.0000,0.9816
205862,2270,48,0.1000,0.00000500,0.0000,109.7616,7172.6817,0.0000,0.9818
205863,32,9,0.1000,0.00000500,0.0000,92.4790,5658.1830,0.0000,0.9861
205864,8556,93,0.1000,0.00000500,0.0000,95.3604,7937.9752,0.0000,0.9798
205865,897,45,0.1000,0.00000500,0.0000,123.4663,6521.7563,0.0000,0.9757
205866,155,15,0.1000,0.00000500,0.0000,81.1183,6166.1562,0.0000,0.9812
205867,1080,44,0.1000,0.00000500,0.0000,79.6354,6809.2199,0.0000,0.9801
205868,282,18,0.1000,0.00000500,0.0000,83.0271,6304.1867,0.0000,0.9809
205869,2458,57,0.1000,0.00000500,0.0000,97.1857,7227.6107,0.0000,0.9819
205870,5657,96,0.1000,0.00000500,0.0000,93.1121,7730.3021,0.0000,0.9821
205871,744,37,0.1000,0.00000500,0.0000,95.2674,6548.5196,0.0000,0.9823
205872,1873,55,0.1000,0.00000500,0.0000,87.3750,6985.0715,0.0000,0.9864
205873,292,21,0.1000,0.00000500,0.0000,93.3716,6142.3924,0.0000,0.9836
205874,555,27,0.1000,0.00000500,0.0000,88.5871,6619.5792,0.0000,0.9861
205875,8176,126,0.1000,0.00000500,0.0000,97.9135,7693.2301,0.0000,0.9824
205876,786,30,0.1000,0.00000500,0.0000,103.8460,6688.5844,0.0000,0.9833
205877,790,27,0.1000,0.00000500,0.0000,118.7653,6752.8841,0.0000,0.9711
205878,1196,39,0.1000,0.00000500,0.0000,114.6846,6998.9959,0.0000,0.9736
205879,3753,78,0.1000,0.00000500,0.0000,94.3128,7364.6338,0.0000,0.9824
205880,2010,48,0.1000,0.00000500,0.0000,80.9070,7248.8711,0.0000,0.9837
205881,171,18,0.1000,0.00000500,0.0000,89.3860,6086.6337,0.0000,0.9809
205882,660,27,0.1000,0.00000500,0.0000,113.0907,6682.3576,0.0000,0.9850
205883,543,30,0.1000,0.00000500,0.0000,92.2482,6536.0302,0.0000,0.9854
205884,476,27,0.1000,0.00000500,0.0000,106.2484,6362.5053,0.0000,0.9873
205885,225,19,0.1000,0.00000500,0.0000,79.0570,6261.1307,0.0000,0.9852
205886,1345,36,0.1000,0.00000500,0.0000,109.1703,7045.3601,0.0000,0.9766
205887,560,27,0.1000,0.00000500,0.0000,100.2249,6739.3516,0.0000,0.9803
205888,2811,66,0.1000,0.00000500,0.0000,93.2158,7281.6125,0.0000,0.9839
205889,74,12,0.1000,0.00000500,0.0000,102.6739,5913.9495,0.0000,0.9922
205890,526,24,0.1000,0.00000500,0.0000,123.9068,6881.1187,0.0000,0.9714
205891,39,12,0.1000,0.00000500,0.0000,84.9246,5880.3390,0.0000,0.9870
205892,898,33,0.1000,0.00000500,0.0000,101.4176,6839.8016,0.0000,0.9792
205893,4556,84,0.1000,0.00000500,0.0000,98.6802,7573.0109,0.0000,0.9777
205894,1482,36,0.1000,0.00000500,0.0000,72.8387,7285.5063,0.0000,0.9714
205895,5600,78,0.1000,0.00000500,0.0000,81.5563,8003.4130,0.0000,0.9832
205896,1194,36,0.1000,0.00000500,0.0000,102.7382,7014.8767,0.0000,0.9818
205897,1071,39,0.1000,0.00000500,0.0000,89.0505,6827.8163,0.0000,0.9768
205898,7476,90,0.1000,0.00000500,0.0000,82.6780,8154.2250,0.0000,0.9778
205899,2121,54,0.1000,0.00000500,0.0000,106.6456,7209.1323,0.0000,0.9832
205900,556,24,0.1000,0.00000500,0.0000,123.9480,6704.6652,0.0000,0.9805
205901,29,6,0.1000,0.00000500,0.0000,70.4054,5909.8670,0.0000,0.9896
205902,2736,58,0.1000,0.00000500,0.0000,94.4465,7736.8138,0.0000,0.9817
205903,2316,45,0.1000,0.00000500,0.0000,91.5870,7445.7072,0.0000,0.9812
205904,4712,84,0.1000,0.00000500,0.0000,102.3841,7750.4958,0.0000,0.9807
205905,6150,102,0.1000,0.00000500,0.0000,98.3434,7885.0043,0.0000,0.9807
205906,36,9,0.1000,0.00000500,0.0000,133.3704,5942.0685,0.0000,0.9826
205907,1333,38,0.1000,0.00000500,0.0000,106.2332,7007.3800,0.0000,0.9745
205908,1597,57,0.1000,0.00000500,0.0000,67.0491,6910.2827,0.0000,0.9825
205909,2422,54,0.1000,0.00000500,0.0000,104.8770,7435.9340,0.0000,0.9809
205910,879,30,0.1000,0.00000500,0.0000,91.8108,6828.7917,0.0000,0.9823
205911,1352,30,0.1000,0.00000500,0.0000,107.1578,7169.7508,0.0000,0.9802
205912,45,9,0.1000,0.00000500,0.0000,153.4340,5991.9529,0.0000,0.9792
205913,110,13,0.1000,0.00000500,0.0000,123.2015,6186.6672,0.0000,0.9832
205914,41,12,0.1000,0.00000500,0.0000,93.0091,5992.7818,0.0000,0.9870
205915,114,12,0.1000,0.00000500,0.0000,116.2138,6206.5703,0.0000,0.9766
205916,39,9,0.1000,0.00000500,0.0000,119.9344,5839.3572,0.0000,0.9826
205917,2337,53,0.1000,0.00000500,0.0000,92.4553,7511.5034,0.0000,0.9794
205918,38,9,0.1000,0.00000500,0.0000,145.8806,6059.9415,0.0000,0.9688
205919,3774,81,0.1000,0.00000500,0.0000,102.2643,7683.3495,0.0000,0.9788
205920,1432,48,0.1000,0.00000500,0.0000,77.2927,6953.4481,0.0000,0.9850
205921,804,36,0.1000,0.00000500,0.0000,70.0549,6842.7292,0.0000,0.9852
205922,78,9,0.1000,0.00000500,0.0000,74.7652,6217.4416,0.0000,0.9861
205923,353,27,0.1000,0.00000500,0.0000,88.4828,6461.1591,0.0000,0.9803
205924,24,6,0.1000,0.00000500,0.0000,109.8127,5858.3155,0.0000,0.9844
205925,35,9,0.1000,0.00000500,0.0000,95.2806,5968.5434,0.0000,0.9826
205926,322,21,0.1000,0.00000500,0.0000,88.9193,6495.7840,0.0000,0.9836
205927,27,9,0.1000,0.00000500,0.0000,86.7687,5845.6105,0.0000,0.9826
205928,1186,33,0.1000,0.00000500,0.0000,94.4115,7264.5820,0.0000,0.9811
205929,2725,54,0.1000,0.00000500,0.0000,92.3529,7715.5848,0.0000,0.9832
205930,1328,36,0.1000,0.00000500,0.0000,142.0485,7285.0271,0.0000,0.9826
205931,735,36,0.1000,0.00000500,0.0000,101.8932,6816.1156,0.0000,0.9774
205932,213,18,0.1000,0.00000500,0.0000,94.8427,6588.7270,0.0000,0.9896
205933,7889,114,0.1000,0.00000500,0.0000,108.8655,7957.5193,0.0000,0.9783
205934,461,25,0.1000,0.00000500,0.0000,135.4438,6786.4498,0.0000,0.9788
205935,48,9,0.1000,0.00000500,0.0000,101.1903,6047.4981,0.0000,0.9722
205936,657,26,0.1000,0.00000500,0.0000,95.1919,6874.4278,0.0000,0.9868
205937,84,12,0.1000,0.00000500,0.0000,90.7333,6307.6299,0.0000,0.9609
205938,34,9,0.1000,0.00000500,0.0000,107.2263,6215.4087,0.0000,0.9861
205939,32,6,0.1000,0.00000500,0.0000,92.7100,6018.8299,0.0000,0.9792
205940,288,27,0.1000,0.00000500,0.0000,76.6455,6454.2771,0.0000,0.9850
205941,1332,36,0.1000,0.00000500,0.0000,91.5149,7212.6405,0.0000,0.9774
205942,35,9,0.1000,0.00000500,0.0000,39.3113,6048.3965,0.0000,0.9965
205943,5523,102,0.1000,0.00000500,0.0000,90.6437,7795.7028,0.0000,0.9835
205944,607,32,0.1000,0.00000500,0.0000,113.4741,7023.6008,0.0000,0.9775
205945,16858,288,0.1000,0.00000500,0.0000,91.1382,7857.2141,0.0000,0.9819
205946,638,24,0.1000,0.00000500,0.0000,88.3456,6882.2281,0.0000,0.9896
205947,50,9,0.1000,0.00000500,0.0000,163.8910,6001.9341,0.0000,0.9688
205948,6932,75,0.1000,0.00000500,0.0000,106.5930,8484.6621,0.0000,0.9825
205949,1535,45,0.1000,0.00000500,0.0000,105.6228,7423.7051,0.0000,0.9792
205950,60,12,0.1000,0.00000500,0.0000,112.1928,6238.7863,0.0000,0.9870
205951,60,12,0.1000,0.00000500,0.0000,117.9747,6127.9338,0.0000,0.9818
205952,396,27,0.1000,0.00000500,0.0000,86.2558,6629.4454,0.0000,0.9792
205953,5398,78,0.1000,0.00000500,0.0000,93.5131,8008.0100,0.0000,0.9800
205954,165,18,0.1000,0.00000500,0.0000,88.2581,6280.5544,0.0000,0.9878
205955,45,9,0.1000,0.00000500,0.0000,67.5536,6133.2872,0.0000,0.9861
205956,210,18,0.1000,0.00000500,0.0000,100.9336,6492.9042,0.0000,0.9740
205957,2072,45,0.1000,0.00000500,0.0000,103.6030,7929.1660,0.0000,0.9771
205958,346,18,0.1000,0.00000500,0.0000,97.6438,6574.6118,0.0000,0.9826
205959,6265,102,0.1000,0.00000500,0.0000,95.0684,7654.9312,0.0000,0.9810
205960,3139,72,0.1000,0.00000500,0.0000,93.4670,7532.7877,0.0000,0.9818
205961,4014,66,0.1000,0.00000500,0.0000,87.4395,7965.6328,0.0000,0.9853
205962,208,15,0.1000,0.00000500,0.0000,119.5535,6631.3896,0.0000,0.9771
205963,161,21,0.1000,0.00000500,0.0000,91.7876,6434.6352,0.0000,0.9792
205964,2505,48,0.1000,0.00000500,0.0000,89.7460,8056.8428,0.0000,0.9837
205965,1211,48,0.1000,0.00000500,0.0000,85.2206,7055.8814,0.0000,0.9805
205966,52,12,0.1000,0.00000500,0.0000,104.3185,6166.6091,0.0000,0.9818
205967,656,24,0.1000,0.00000500,0.0000,76.8351,7068.6812,0.0000,0.9831
205968,555,30,0.1000,0.00000500,0.0000,88.3387,6825.3050,0.0000,0.9760
205969,116,12,0.1000,0.00000500,0.0000,63.9856,6467.9462,0.0000,0.9818
205970,41,9,0.1000,0.00000500,0.0000,97.0625,6269.1693,0.0000,0.9826
205971,1289,45,0.1000,0.00000500,0.0000,81.9473,7179.7608,0.0000,0.9812
205972,695,30,0.1000,0.00000500,0.0000,94.6595,7143.1532,0.0000,0.9854
205973,57,11,0.1000,0.00000500,0.0000,144.4741,6239.3015,0.0000,0.9858
205974,650,36,0.1000,0.00000500,0.0000,89.8027,6815.3179,0.0000,0.9766
205975,149,15,0.1000,0.00000500,0.0000,111.8819,6473.2987,0.0000,0.9812
205976,3456,60,0.1000,0.00000500,0.0000,106.7527,8052.7156,0.0000,0.9833
205977,1030,36,0.1000,0.00000500,0.0000,107.0330,7200.7185,0.0000,0.9783
205978,1406,45,0.1000,0.00000500,0.0000,89.4599,7433.1704,0.0000,0.9819
205979,162,15,0.1000,0.00000500,0.0000,72.4344,6473.2658,0.0000,0.9792
205980,6011,105,0.1000,0.00000500,0.0000,98.0072,8055.4114,0.0000,0.9815
205981,316,24,0.1000,0.00000500,0.0000,114.3685,6805.4523,0.0000,0.9818
205982,1345,38,0.1000,0.00000500,0.0000,96.2608,7547.2520,0.0000,0.9868
205983,356,24,0.1000,0.00000500,0.0000,75.7580,6836.2210,0.0000,0.9792
205984,36,9,0.1000,0.00000500,0.0000,91.1807,6226.4920,0.0000,0.9896
205985,165,24,0.1000,0.00000500,0.0000,131.2074,6493.3615,0.0000,0.9805
205986,3737,62,0.1000,0.00000500,0.0000,98.4716,8132.7928,0.0000,0.9808
205987,67,12,0.1000,0.00000500,0.0000,79.8852,6222.4367,0.0000,0.9844
205988,287,18,0.1000,0.00000500,0.0000,111.9461,6715.2666,0.0000,0.9792
205989,371,25,0.1000,0.00000500,0.0000,87.2978,6983.8182,0.0000,0.9800
205990,1100,57,0.1000,0.00000500,0.0000,102.5156,6947.4537,0.0000,0.9814
205991,385,21,0.1000,0.00000500,0.0000,115.8980,7062.8360,0.0000,0.9732
205992,303,27,0.1000,0.00000500,0.0000,91.6393,6540.2880,0.0000,0.9861
205993,207,18,0.1000,0.00000500,0.0000,75.0721,6437.5980,0.0000,0.9809
205994,210,18,0.1000,0.00000500,0.0000,85.2011,6525.8803,0.0000,0.9809
205995,287,18,0.1000,0.00000500,0.0000,96.8041,6734.0099,0.0000,0.9792
205996,3524,75,0.1000,0.00000500,0.0000,82.9367,7723.1256,0.0000,0.9808
205997,468,24,0.1000,0.00000500,0.0000,129.3092,6905.3272,0.0000,0.9792
205998,770,27,0.1000,0.00000500,0.0000,80.4144,7304.5201,0.0000,0.9838
205999,54,9,0.1000,0.00000500,0.0000,91.5860,6114.4364,0.0000,0.9826
206000,3107,81,0.1000,0.00000500,0.0000,105.9984,7552.7839,0.0000,0.9803
206001,12694,113,0.1000,0.00000500,0.0000,94.5801,8622.5639,0.0000,0.9840
206002,2285,50,0.1000,0.00000500,0.0000,94.2679,7788.1011,0.0000,0.9812
206003,618,24,0.1000,0.00000500,0.0000,131.7106,7057.8133,0.0000,0.9622
206004,34,9,0.1000,0.00000500,0.0000,62.8831,6227.4775,0.0000,0.9826
206005,47,9,0.1000,0.00000500,0.0000,92.6713,6146.1887,0.0000,0.9653
206006,139,18,0.1000,0.00000500,0.0000,109.3748,6575.0078,0.0000,0.9826
206007,5458,93,0.1000,0.00000500,0.0000,106.0449,8091.8972,0.0000,0.9728
206008,80,12,0.1000,0.00000500,0.0000,121.2903,6416.1618,0.0000,0.9844
206009,554,27,0.1000,0.00000500,0.0000,119.1639,6978.6121,0.0000,0.9826
206010,360,26,0.1000,0.00000500,0.0000,117.6903,6735.5207,0.0000,0.9784
206011,4354,69,0.1000,0.00000500,0.0000,106.2242,8401.8302,0.0000,0.9814
206012,498,28,0.1000,0.00000500,0.0000,89.6461,6877.4195,0.0000,0.9855
206013,125,15,0.1000,0.00000500,0.0000,100.0039,6726.9281,0.0000,0.9750
206014,53,12,0.1000,0.00000500,0.0000,91.2168,6250.2254,0.0000,0.9844
206015,33,8,0.1000,0.00000500,0.0000,84.6820,6035.8135,0.0000,0.9805
206016,2095,54,0.1000,0.00000500,0.0000,92.5557,7555.9160,0.0000,0.9803
206017,905,33,0.1000,0.00000500,0.0000,90.0679,7566.0515,0.0000,0.9811
206018,12219,171,0.1000,0.00000500,0.0000,91.7762,8229.6244,0.0000,0.9803
206019,156,12,0.1000,0.00000500,0.0000,124.5069,6614.7508,0.0000,0.9635
206020,11449,162,0.1000,0.00000500,0.0000,91.7962,8238.8502,0.0000,0.9826
206021,1836,51,0.1000,0.00000500,0.0000,99.2990,7739.9923,0.0000,0.9804
206022,370,27,0.1000,0.00000500,0.0000,107.6164,7011.6098,0.0000,0.9780
206023,76,12,0.1000,0.00000500,0.0000,59.9718,6465.0249,0.0000,0.9740
206024,417,24,0.1000,0.00000500,0.0000,83.3967,7162.5005,0.0000,0.9896
206025,154,15,0.1000,0.00000500,0.0000,104.5226,6749.6274,0.0000,0.9771
206026,3474,55,0.1000,0.00000500,0.0000,98.2542,8233.2554,0.0000,0.9756
206027,82,12,0.1000,0.00000500,0.0000,91.2014,6563.0909,0.0000,0.9766
206028,3296,66,0.1000,0.00000500,0.0000,97.4831,7772.9564,0.0000,0.9801
206029,2285,60,0.1000,0.00000500,0.0000,101.1873,7688.4758,0.0000,0.9833
206030,71,15,0.1000,0.00000500,0.0000,91.8786,6423.4051,0.0000,0.9729
206031,2967,51,0.1000,0.00000500,0.0000,115.7418,8070.7795,0.0000,0.9810
206032,11162,98,0.1000,0.00000500,0.0000,85.9375,8714.9909,0.0000,0.9767
206033,49,9,0.1000,0.00000500,0.0000,127.5271,6434.6092,0.0000,0.9826
206034,171,18,0.1000,0.00000500,0.0000,110.7994,6780.2115,0.0000,0.9792
206035,662,31,0.1000,0.00000500,0.0000,108.0260,7202.8850,0.0000,0.9819
206036,1012,42,0.1000,0.00000500,0.0000,84.6098,7251.8029,0.0000,0.9784
206037,753,30,0.1000,0.00000500,0.0000,93.3020,7281.5386,0.0000,0.9740
206038,373,23,0.1000,0.00000500,0.0000,81.3734,6898.0007,0.0000,0.9823
206039,2531,63,0.1000,0.00000500,0.0000,97.9754,7884.8033,0.0000,0.9747
206040,79,9,0.1000,0.00000500,0.0000,66.6292,6648.6517,0.0000,0.9722
206041,49,9,0.1000,0.00000500,0.0000,85.6223,6096.7868,0.0000,0.9792
206042,6957,81,0.1000,0.00000500,0.0000,79.4944,8582.1889,0.0000,0.9826
206043,7653,94,0.1000,0.00000500,0.0000,98.1660,8416.4107,0.0000,0.9744
206044,37,9,0.1000,0.00000500,0.0000,77.3414,6423.4944,0.0000,0.9757
206045,36,10,0.1000,0.00000500,0.0000,54.6853,6337.4919,0.0000,0.9875
206046,36,9,0.1000,0.00000500,0.0000,82.2089,6442.7776,0.0000,0.9861
206047,59,12,0.1000,0.00000500,0.0000,130.2924,6550.4751,0.0000,0.9714
206048,1347,60,0.1000,0.00000500,0.0000,96.7860,7242.2026,0.0000,0.9870
206049,3249,57,0.1000,0.00000500,0.0000,84.7866,8301.9500,0.0000,0.9797
206050,1158,48,0.1000,0.00000500,0.0000,93.3978,7289.9022,0.0000,0.9837
206051,447,24,0.1000,0.00000500,0.0000,85.0709,7150.8766,0.0000,0.9844
206052,5741,90,0.1000,0.00000500,0.0000,84.1339,8434.3948,0.0000,0.9788
206053,10604,124,0.1000,0.00000500,0.0000,94.1806,8557.9954,0.0000,0.9814
206054,79,12,0.1000,0.00000500,0.0000,55.2057,6620.7241,0.0000,0.9870
206055,553,24,0.1000,0.00000500,0.0000,149.6827,7255.5871,0.0000,0.9818
206056,561,30,0.1000,0.00000500,0.0000,106.3920,7157.5896,0.0000,0.9854
206057,122,16,0.1000,0.00000500,0.0000,90.3722,6506.4253,0.0000,0.9863
206058,1882,60,0.1000,0.00000500,0.0000,112.0898,7601.0199,0.0000,0.9823
206059,145,12,0.1000,0.00000500,0.0000,63.9872,6782.6393,0.0000,0.9870
206060,2771,66,0.1000,0.00000500,0.0000,88.4024,7959.6629,0.0000,0.9811
206061,104,13,0.1000,0.00000500,0.0000,81.7434,6510.0233,0.0000,0.9736
206062,1879,48,0.1000,0.00000500,0.0000,88.9710,7497.8889,0.0000,0.9811
206063,5237,69,0.1000,0.00000500,0.0000,93.9906,8589.7603,0.0000,0.9778
206064,109,12,0.1000,0.00000500,0.0000,69.6229,6662.5446,0.0000,0.9792
206065,2080,57,0.1000,0.00000500,0.0000,93.8874,7719.8240,0.0000,0.9803
206066,578,30,0.1000,0.00000500,0.0000,133.0318,7166.4988,0.0000,0.9844
206067,75,12,0.1000,0.00000500,0.0000,83.7261,6606.0533,0.0000,0.9922
206068,75,12,0.1000,0.00000500,0.0000,75.7358,6750.5403,0.0000,0.9896
206069,2332,51,0.1000,0.00000500,0.0000,82.1226,7993.6860,0.0000,0.9761
206070,155,12,0.1000,0.00000500,0.0000,94.0503,6816.8182,0.0000,0.9766
206071,438,24,0.1000,0.00000500,0.0000,108.4730,7146.6559,0.0000,0.9740
206072,49,9,0.1000,0.00000500,0.0000,87.8592,6540.1521,0.0000,0.9826
206073,33,9,0.1000,0.00000500,0.0000,97.9564,6293.1637,0.0000,0.9826
206074,463,24,0.1000,0.00000500,0.0000,66.2062,7187.9340,0.0000,0.9883
206075,300,21,0.1000,0.00000500,0.0000,97.3383,7056.0090,0.0000,0.9851
206076,34,9,0.1000,0.00000500,0.0000,78.8464,6476.5531,0.0000,0.9757
206077,2980,57,0.1000,0.00000500,0.0000,111.2018,8427.4014,0.0000,0.9819
206078,81,15,0.1000,0.00000500,0.0000,115.2547,6482.3024,0.0000,0.9792
206079,3042,66,0.1000,0.00000500,0.0000,109.4787,7898.0285,0.0000,0.9768
206080,17698,148,0.1000,0.00000500,0.0000,91.0315,8723.9310,0.0000,0.9808
206081,673,30,0.1000,0.00000500,0.0000,102.2749,7390.8611,0.0000,0.9812
206082,442,28,0.1000,0.00000500,0.0000,81.0654,7300.2666,0.0000,0.9788
206083,2345,51,0.1000,0.00000500,0.0000,110.3592,7994.8767,0.0000,0.9743
206084,834,30,0.1000,0.00000500,0.0000,119.0055,7271.4773,0.0000,0.9812
206085,3953,78,0.1000,0.00000500,0.0000,89.9591,8189.0623,0.0000,0.9784
206086,219,18,0.1000,0.00000500,0.0000,73.7460,7019.9513,0.0000,0.9826
206087,8637,81,0.1000,0.00000500,0.0000,88.5325,8753.2573,0.0000,0.9823
206088,2397,56,0.1000,0.00000500,0.0000,116.2605,7747.6933,0.0000,0.9777
206089,155,15,0.1000,0.00000500,0.0000,97.8618,6960.2149,0.0000,0.9833
206090,301,23,0.1000,0.00000500,0.0000,94.2470,7029.1174,0.0000,0.9769
206091,101,15,0.1000,0.00000500,0.0000,81.7607,6814.3529,0.0000,0.9792
206092,198,16,0.1000,0.00000500,0.0000,114.5409,6924.9583,0.0000,0.9785
206093,70,12,0.1000,0.00000500,0.0000,116.8734,6614.7075,0.0000,0.9844
206094,10604,138,0.1000,0.00000500,0.0000,85.5199,8539.3114,0.0000,0.9846
206095,3515,51,0.1000,0.00000500,0.0000,77.7739,8425.3038,0.0000,0.9798
206096,5547,105,0.1000,0.00000500,0.0000,117.2304,8059.9971,0.0000,0.9807
206097,156,18,0.1000,0.00000500,0.0000,91.8609,6879.5423,0.0000,0.9844
206098,1030,30,0.1000,0.00000500,0.0000,89.1271,7655.0260,0.0000,0.9771
206099,209,15,0.1000,0.00000500,0.0000,61.6223,6977.1719,0.0000,0.9875
206100,901,33,0.1000,0.00000500,0.0000,126.1097,7573.4617,0.0000,0.9735
206101,2523,51,0.1000,0.00000500,0.0000,95.3522,8051.3274,0.0000,0.9853
206102,149,21,0.1000,0.00000500,0.0000,101.8355,6872.2222,0.0000,0.9747
206103,3550,76,0.1000,0.00000500,0.0000,100.4173,8120.7255,0.0000,0.9827
206104,479,24,0.1000,0.00000500,0.0000,100.8207,7382.6578,0.0000,0.9844
206105,1071,36,0.1000,0.00000500,0.0000,83.7453,7580.8798,0.0000,0.9870
206106,4360,81,0.1000,0.00000500,0.0000,102.7875,8290.0367,0.0000,0.9792
206107,39,9,0.1000,0.00000500,0.0000,161.8561,6673.6994,0.0000,0.9653
206108,37,9,0.1000,0.00000500,0.0000,87.3058,6610.2451,0.0000,0.9757
206109,53,12,0.1000,0.00000500,0.0000,126.7728,6680.8879,0.0000,0.9818
206110,522,33,0.1000,0.00000500,0.0000,67.7954,7240.1921,0.0000,0.9830
206111,634,36,0.1000,0.00000500,0.0000,72.2980,7434.8418,0.0000,0.9792
206112,48,9,0.1000,0.00000500,0.0000,41.1351,6673.4242,0.0000,0.9792
206113,324,27,0.1000,0.00000500,0.0000,93.0720,7394.5010,0.0000,0.9838
206114,2722,53,0.1000,0.00000500,0.0000,92.8439,8338.5454,0.0000,0.9811
206115,3653,69,0.1000,0.00000500,0.0000,112.2149,8320.1892,0.0000,0.9778
206116,1554,44,0.1000,0.00000500,0.0000,111.2709,7782.4953,0.0000,0.9744
206117,1513,42,0.1000,0.00000500,0.0000,100.0683,7937.4400,0.0000,0.9836
206118,544,24,0.1000,0.00000500,0.0000,91.1971,7389.7842,0.0000,0.9792
206119,11648,102,0.1000,0.00000500,0.0000,92.4935,8942.9595,0.0000,0.9813
206120,1494,42,0.1000,0.00000500,0.0000,99.1633,7887.0751,0.0000,0.9829
206121,1869,42,0.1000,0.00000500,0.0000,83.9585,7898.7588,0.0000,0.9844
206122,279,21,0.1000,0.00000500,0.0000,95.9890,7219.8809,0.0000,0.9732
206123,217,15,0.1000,0.00000500,0.0000,95.1500,7313.2411,0.0000,0.9854
206124,159,15,0.1000,0.00000500,0.0000,69.4522,7079.8162,0.0000,0.9896
206125,60,12,0.1000,0.00000500,0.0000,70.6833,6893.8555,0.0000,0.9818
206126,5489,78,0.1000,0.00000500,0.0000,105.5227,8478.1470,0.0000,0.9780
206127,303,27,0.1000,0.00000500,0.0000,116.7379,7170.2358,0.0000,0.9722
206128,28,6,0.1000,0.00000500,0.0000,66.3759,6653.2190,0.0000,0.9844
206129,51,9,0.1000,0.00000500,0.0000,113.3286,6670.3618,0.0000,0.9861
206130,195,24,0.1000,0.00000500,0.0000,80.9933,7026.3180,0.0000,0.9818
206131,1666,54,0.1000,0.00000500,0.0000,93.7986,7894.8484,0.0000,0.9780
206132,1581,62,0.1000,0.00000500,0.0000,90.2511,7718.7048,0.0000,0.9839
206133,41,9,0.1000,0.00000500,0.0000,76.1919,6735.8711,0.0000,0.9861
206134,3236,84,0.1000,0.00000500,0.0000,100.8223,8082.1865,0.0000,0.9792
206135,268,21,0.1000,0.00000500,0.0000,93.6576,6986.8461,0.0000,0.9836
206136,3730,63,0.1000,0.00000500,0.0000,70.5337,8606.7536,0.0000,0.9792
206137,2470,48,0.1000,0.00000500,0.0000,120.6391,8355.9511,0.0000,0.9824
206138,741,27,0.1000,0.00000500,0.0000,90.2670,7714.2632,0.0000,0.9873
206139,255,24,0.1000,0.00000500,0.0000,99.3345,7194.3574,0.0000,0.9844
206140,2153,48,0.1000,0.00000500,0.0000,110.7442,7971.6175,0.0000,0.9798
206141,2476,48,0.1000,0.00000500,0.0000,109.5631,8301.2165,0.0000,0.9811
206142,1714,48,0.1000,0.00000500,0.0000,108.7798,7997.1082,0.0000,0.9818
206143,161,15,0.1000,0.00000500,0.0000,91.6981,7067.0034,0.0000,0.9938
206144,308,18,0.1000,0.00000500,0.0000,83.4343,7270.1458,0.0000,0.9896
206145,759,24,0.1000,0.00000500,0.0000,83.2816,7174.7631,0.0000,0.9844
206146,1523,42,0.1000,0.00000500,0.0000,141.4722,7976.7269,0.0000,0.9784
206147,6633,114,0.1000,0.00000500,0.0000,94.8934,8370.8277,0.0000,0.9808
206148,369,24,0.1000,0.00000500,0.0000,126.9981,7371.1342,0.0000,0.9766
206149,267,21,0.1000,0.00000500,0.0000,116.3338,7280.9378,0.0000,0.9881
206150,1231,51,0.1000,0.00000500,0.0000,94.9671,7706.4195,0.0000,0.9816
206151,2578,67,0.1000,0.00000500,0.0000,82.6140,8071.0737,0.0000,0.9795
206152,54,12,0.1000,0.00000500,0.0000,83.7770,6974.7568,0.0000,0.9896
206153,2734,51,0.1000,0.00000500,0.0000,97.6421,8447.3682,0.0000,0.9779
206154,219,17,0.1000,0.00000500,0.0000,101.5028,7052.2761,0.0000,0.9835
206155,107,15,0.1000,0.00000500,0.0000,80.4652,6938.5667,0.0000,0.9833
206156,2462,60,0.1000,0.00000500,0.0000,91.6350,8016.4137,0.0000,0.9802
206157,210,18,0.1000,0.00000500,0.0000,96.7124,7176.3809,0.0000,0.9878
206158,117,15,0.1000,0.00000500,0.0000,97.7335,6810.6690,0.0000,0.9833
206159,1959,42,0.1000,0.00000500,0.0000,74.1878,8130.8222,0.0000,0.9784
206160,5335,72,0.1000,0.00000500,0.0000,91.7062,8785.3858,0.0000,0.9831
206161,1461,51,0.1000,0.00000500,0.0000,96.2974,7865.1901,0.0000,0.9804
206162,2743,51,0.1000,0.00000500,0.0000,95.9901,8513.2404,0.0000,0.9810
206163,1173,33,0.1000,0.00000500,0.0000,94.4892,8194.1521,0.0000,0.9896
206164,149,15,0.1000,0.00000500,0.0000,148.9328,7168.9188,0.0000,0.9729
206165,460,27,0.1000,0.00000500,0.0000,114.8881,7673.5826,0.0000,0.9745
206166,211,18,0.1000,0.00000500,0.0000,91.9736,7121.3574,0.0000,0.9861
206167,37,9,0.1000,0.00000500,0.0000,105.0226,6779.6534,0.0000,0.9792
206168,2279,48,0.1000,0.00000500,0.0000,81.2835,8366.7690,0.0000,0.9863
206169,532,28,0.1000,0.00000500,0.0000,94.6220,7423.9647,0.0000,0.9754
206170,117,15,0.1000,0.00000500,0.0000,105.6911,6854.0840,0.0000,0.9833
206171,42,9,0.1000,0.00000500,0.0000,53.8251,7226.9312,0.0000,0.9826
206172,2439,69,0.1000,0.00000500,0.0000,81.3995,8004.0701,0.0000,0.9832
206173,34,9,0.1000,0.00000500,0.0000,66.1940,6759.1225,0.0000,0.9757
206174,51,12,0.1000,0.00000500,0.0000,139.3484,0.0000,0.0000,0.9740
206175,5045,114,0.1000,0.00000500,0.0000,92.0386,8335.7596,0.0000,0.9852
206176,220,18,0.1000,0.00000500,0.0000,95.0016,7218.5403,0.0000,0.9722
206177,79,12,0.1000,0.00000500,0.0000,85.2790,6991.3500,0.0000,0.9844
206178,1535,45,0.1000,0.00000500,0.0000,90.1936,8070.7000,0.0000,0.9861
206179,4953,64,0.1000,0.00000500,0.0000,85.0436,9015.4498,0.0000,0.9790
206180,1993,53,0.1000,0.00000500,0.0000,93.8517,8103.6090,0.0000,0.9811
206181,70,9,0.1000,0.00000500,0.0000,53.8963,6893.8779,0.0000,0.9722
206182,335,24,0.1000,0.00000500,0.0000,97.3529,7328.7022,0.0000,0.9792
206183,456,26,0.1000,0.00000500,0.0000,109.5619,7375.9339,0.0000,0.9772
206184,296,21,0.1000,0.00000500,0.0000,91.0668,7315.3330,0.0000,0.9702
206185,124,14,0.1000,0.00000500,0.0000,95.7174,7043.2076,0.0000,0.9754
206186,2485,51,0.1000,0.00000500,0.0000,105.4789,8619.3276,0.0000,0.9767
206187,3209,57,0.1000,0.00000500,0.0000,82.0397,8815.1066,0.0000,0.9819
206188,5179,66,0.1000,0.00000500,0.0000,94.9566,8960.1655,0.0000,0.9815
206189,11830,143,0.1000,0.00000500,0.0000,111.0599,8872.2999,0.0000,0.9806
206190,82,14,0.1000,0.00000500,0.0000,84.7263,7020.8215,0.0000,0.9911
206191,1090,44,0.1000,0.00000500,0.0000,121.4272,7729.5177,0.0000,0.9780
206192,1633,60,0.1000,0.00000500,0.0000,113.1993,7700.4926,0.0000,0.9766
206193,163,18,0.1000,0.00000500,0.0000,120.5706,7327.9219,0.0000,0.9774
206194,2265,48,0.1000,0.00000500,0.0000,95.3284,8275.9815,0.0000,0.9779
206195,2753,68,0.1000,0.00000500,0.0000,73.0470,8246.9939,0.0000,0.9766
206196,1920,66,0.1000,0.00000500,0.0000,96.1140,7840.0112,0.0000,0.9801
206197,4303,99,0.1000,0.00000500,0.0000,100.4843,8243.2753,0.0000,0.9807
206198,36,9,0.1000,0.00000500,0.0000,103.5321,6871.6421,0.0000,0.9792
206199,118,15,0.1000,0.00000500,0.0000,93.2650,7172.0239,0.0000,0.9812
206200,85,12,0.1000,0.00000500,0.0000,103.6923,7081.4514,0.0000,0.9870
206201,85,14,0.1000,0.00000500,0.0000,87.0767,7056.2790,0.0000,0.9754
206202,541,24,0.1000,0.00000500,0.0000,105.0723,7726.8198,0.0000,0.9857
206203,56,12,0.1000,0.00000500,0.0000,173.6160,6842.9804,0.0000,0.9609
206204,1035,33,0.1000,0.00000500,0.0000,86.0540,7992.9185,0.0000,0.9763
206205,90,15,0.1000,0.00000500,0.0000,63.6424,7034.1962,0.0000,0.9833
206206,6430,96,0.1000,0.00000500,0.0000,82.8627,8728.9157,0.0000,0.9795
206207,207,21,0.1000,0.00000500,0.0000,105.8808,7181.3037,0.0000,0.9836
206208,478,20,0.1000,0.00000500,0.0000,91.2620,7304.0113,0.0000,0.9781
206209,1225,63,0.1000,0.00000500,0.0000,105.4315,7730.1778,0.0000,0.9782
206210,421,24,0.1000,0.00000500,0.0000,106.6796,7410.8352,0.0000,0.9792
206211,1615,42,0.1000,0.00000500,0.0000,102.3473,8133.5700,0.0000,0.9784
206212,222,18,0.1000,0.00000500,0.0000,89.1475,7197.9198,0.0000,0.9826
206213,224,18,0.1000,0.00000500,0.0000,90.3693,7518.6640,0.0000,0.9878
206214,2479,48,0.1000,0.00000500,0.0000,94.8998,8538.2617,0.0000,0.9824
206215,10574,129,0.1000,0.00000500,0.0000,95.5108,8838.2152,0.0000,0.9816
206216,47,9,0.1000,0.00000500,0.0000,102.0757,6963.5118,0.0000,0.9861
206217,659,27,0.1000,0.00000500,0.0000,73.0697,7781.8092,0.0000,0.9699
206218,662,30,0.1000,0.00000500,0.0000,87.5068,7786.6659,0.0000,0.9802
206219,9399,96,0.1000,0.00000500,0.0000,91.2547,9058.2211,0.0000,0.9788
206220,36,9,0.1000,0.00000500,0.0000,69.2187,6968.4110,0.0000,0.9826
206221,499,33,0.1000,0.00000500,0.0000,89.6101,7603.4557,0.0000,0.9867
206222,92,15,0.1000,0.00000500,0.0000,108.4716,6962.0861,0.0000,0.9833
206223,34,9,0.1000,0.00000500,0.0000,116.6719,6940.5943,0.0000,0.9792
206224,448,24,0.1000,0.00000500,0.0000,96.4611,7742.4173,0.0000,0.9779
206225,33,9,0.1000,0.00000500,0.0000,77.9302,6931.7371,0.0000,0.9757
206226,2298,45,0.1000,0.00000500,0.0000,104.9594,8594.5412,0.0000,0.9861
206227,75,15,0.1000,0.00000500,0.0000,155.6819,6836.1356,0.0000,0.9812
206228,1297,43,0.1000,0.00000500,0.0000,114.6295,7951.4223,0.0000,0.9789
206229,5240,72,0.1000,0.00000500,0.0000,86.3196,8925.2045,0.0000,0.9813
206230,2935,54,0.1000,0.00000500,0.0000,101.5072,8809.6391,0.0000,0.9809
206231,3372,93,0.1000,0.00000500,0.0000,72.2609,8251.4900,0.0000,0.9849
206232,81,12,0.1000,0.00000500,0.0000,139.5159,7197.7876,0.0000,0.9714
206233,2174,51,0.1000,0.00000500,0.0000,81.5115,8401.4692,0.0000,0.9816
206234,12615,107,0.1000,0.00000500,0.0000,92.5187,9389.3466,0.0000,0.9813
206235,172,18,0.1000,0.00000500,0.0000,103.0388,7285.4455,0.0000,0.9705
206236,77,12,0.1000,0.00000500,0.0000,106.8478,6866.5009,0.0000,0.9661
206237,363,21,0.1000,0.00000500,0.0000,90.6236,7619.7935,0.0000,0.9732
206238,3467,60,0.1000,0.00000500,0.0000,105.8490,8943.2986,0.0000,0.9823
206239,258,23,0.1000,0.00000500,0.0000,94.9117,7437.6692,0.0000,0.9823
206240,307,26,0.1000,0.00000500,0.0000,82.0451,7467.8289,0.0000,0.9784
206241,232,18,0.1000,0.00000500,0.0000,82.7012,7548.5111,0.0000,0.9722
206242,554,27,0.1000,0.00000500,0.0000,80.7210,7796.1739,0.0000,0.9826
206243,55,12,0.1000,0.00000500,0.0000,104.4259,7278.5401,0.0000,0.9766
206244,1130,36,0.1000,0.00000500,0.0000,79.4921,7993.1514,0.0000,0.9818
206245,32,9,0.1000,0.00000500,0.0000,66.5996,7056.8172,0.0000,0.9896
206246,885,45,0.1000,0.00000500,0.0000,97.7774,7644.0618,0.0000,0.9771
206247,3133,57,0.1000,0.00000500,0.0000,84.9994,8857.0895,0.0000,0.9852
206248,1029,36,0.1000,0.00000500,0.0000,123.2662,8035.3418,0.0000,0.9774
206249,4956,96,0.1000,0.00000500,0.0000,94.3977,8606.4628,0.0000,0.9805
206250,5650,111,0.1000,0.00000500,0.0000,103.1716,8537.4743,0.0000,0.9783
206251,619,33,0.1000,0.00000500,0.0000,88.5815,7773.8022,0.0000,0.9924
206252,80,12,0.1000,0.00000500,0.0000,96.2694,7196.3209,0.0000,0.9792
206253,83,15,0.1000,0.00000500,0.0000,98.9803,7211.4721,0.0000,0.9833
206254,3940,90,0.1000,0.00000500,0.0000,116.9848,8423.7459,0.0000,0.9753
206255,46,12,0.1000,0.00000500,0.0000,126.9728,7195.9911,0.0000,0.9714
206256,229,21,0.1000,0.00000500,0.0000,119.2250,7526.2131,0.0000,0.9777
206257,6237,72,0.1000,0.00000500,0.0000,100.2308,9165.6852,0.0000,0.9805
206258,2442,72,0.1000,0.00000500,0.0000,87.5381,8262.9197,0.0000,0.9818
206259,12023,177,0.1000,0.00000500,0.0000,111.3500,8947.1966,0.0000,0.9820
206260,58,12,0.1000,0.00000500,0.0000,97.0272,7215.4906,0.0000,0.9766
206261,41,9,0.1000,0.00000500,0.0000,83.3150,7141.7830,0.0000,0.9861
206262,97,12,0.1000,0.00000500,0.0000,88.1209,7211.2396,0.0000,0.9740
206263,37,9,0.1000,0.00000500,0.0000,107.9430,7014.7282,0.0000,0.9826
206264,84,15,0.1000,0.00000500,0.0000,58.7268,7251.4703,0.0000,0.9792
206265,231,18,0.1000,0.00000500,0.0000,119.3745,7830.7627,0.0000,0.9705
206266,1684,42,0.1000,0.00000500,0.0000,119.1023,8552.9818,0.0000,0.9836
206267,3167,54,0.1000,0.00000500,0.0000,101.1290,8955.1970,0.0000,0.9832
206268,448,30,0.1000,0.00000500,0.0000,101.5061,7704.8678,0.0000,0.9792
206269,224,19,0.1000,0.00000500,0.0000,116.5338,7473.0414,0.0000,0.9836
206270,26,6,0.1000,0.00000500,0.0000,132.3063,6976.9908,0.0000,0.9740
206271,56,12,0.1000,0.00000500,0.0000,116.5804,7246.2136,0.0000,0.9844
206272,35,9,0.1000,0.00000500,0.0000,93.3357,7092.5596,0.0000,0.9931
206273,2521,51,0.1000,0.00000500,0.0000,80.3531,8644.6051,0.0000,0.9835
206274,2400,63,0.1000,0.00000500,0.0000,84.8626,8412.8448,0.0000,0.9782
206275,394,33,0.1000,0.00000500,0.0000,116.2862,7657.4249,0.0000,0.9820
206276,77,15,0.1000,0.00000500,0.0000,108.8403,7209.0718,0.0000,0.9833
206277,295,24,0.1000,0.00000500,0.0000,129.5994,7557.9567,0.0000,0.9818
206278,43,12,0.1000,0.00000500,0.0000,74.5823,7163.4043,0.0000,0.9844
206279,1167,33,0.1000,0.00000500,0.0000,92.0608,8218.7312,0.0000,0.9848
206280,37,9,0.1000,0.00000500,0.0000,77.7044,7075.5662,0.0000,0.9861
206281,6235,105,0.1000,0.00000500,0.0000,107.4564,8947.1054,0.0000,0.9812
206282,289,22,0.1000,0.00000500,0.0000,64.7252,7706.1857,0.0000,0.9773
206283,91,18,0.1000,0.00000500,0.0000,62.9207,7311.1941,0.0000,0.9844
206284,32,8,0.1000,0.00000500,0.0000,149.8454,6963.4307,0.0000,0.9766
206285,5529,72,0.1000,0.00000500,0.0000,105.3061,9153.0526,0.0000,0.9774
206286,164,15,0.1000,0.00000500,0.0000,114.2013,7437.5200,0.0000,0.9792
206287,109,15,0.1000,0.00000500,0.0000,99.5696,7305.4402,0.0000,0.9875
206288,32,8,0.1000,0.00000500,0.0000,66.0627,6937.9064,0.0000,1.0000
206289,287,21,0.1000,0.00000500,0.0000,74.1432,7599.9425,0.0000,0.9821
206290,46,9,0.1000,0.00000500,0.0000,95.3638,7146.6309,0.0000,0.9896
206291,34,9,0.1000,0.00000500,0.0000,89.5019,7103.4676,0.0000,0.9896
206292,6247,76,0.1000,0.00000500,0.0000,92.9798,9157.5374,0.0000,0.9774
206293,2504,48,0.1000,0.00000500,0.0000,124.1141,8791.8608,0.0000,0.9727
206294,35,9,0.1000,0.00000500,0.0000,65.0746,0.0000,0.0000,0.9653
206295,292,21,0.1000,0.00000500,0.0000,130.7735,7670.0878,0.0000,0.9732
206296,59,12,0.1000,0.00000500,0.0000,50.1542,7324.5901,0.0000,0.9792
206297,2487,48,0.1000,0.00000500,0.0000,118.8512,8910.9435,0.0000,0.9753
206298,33,9,0.1000,0.00000500,0.0000,90.8996,7054.9372,0.0000,0.9653
206299,218,21,0.1000,0.00000500,0.0000,78.6318,7643.1141,0.0000,0.9762
206300,6845,93,0.1000,0.00000500,0.0000,85.3692,9018.7643,0.0000,0.9822
206301,35,9,0.1000,0.00000500,0.0000,63.2176,7149.5916,0.0000,0.9792
206302,3242,66,0.1000,0.00000500,0.0000,82.0884,8794.5505,0.0000,0.9773
206303,357,21,0.1000,0.00000500,0.0000,118.1707,7743.7310,0.0000,0.9807
206304,1278,33,0.1000,0.00000500,0.0000,117.1575,8302.7632,0.0000,0.9801
206305,451,24,0.1000,0.00000500,0.0000,77.8201,7953.8401,0.0000,0.9883
206306,406,27,0.1000,0.00000500,0.0000,105.4024,7738.3065,0.0000,0.9792
206307,896,32,0.1000,0.00000500,0.0000,115.0788,8104.2283,0.0000,0.9834
206308,2102,48,0.1000,0.00000500,0.0000,97.1742,8510.0576,0.0000,0.9798
206309,41,9,0.1000,0.00000500,0.0000,111.9493,7262.9651,0.0000,0.9826
206310,120,15,0.1000,0.00000500,0.0000,86.2995,7353.4010,0.0000,0.9875
206311,37,9,0.1000,0.00000500,0.0000,76.2943,7028.3012,0.0000,0.9826
206312,761,32,0.1000,0.00000500,0.0000,136.6629,8128.4628,0.0000,0.9629
206313,114,15,0.1000,0.00000500,0.0000,100.6054,7430.7992,0.0000,0.9792
206314,378,24,0.1000,0.00000500,0.0000,107.8673,7812.3081,0.0000,0.9792
206315,235,23,0.1000,0.00000500,0.0000,104.6172,7599.2166,0.0000,0.9728
206316,40,9,0.1000,0.00000500,0.0000,62.4091,7222.2249,0.0000,0.9861
206317,55,12,0.1000,0.00000500,0.0000,67.0745,7308.9670,0.0000,0.9948
206318,1431,36,0.1000,0.00000500,0.0000,93.9082,8354.4062,0.0000,0.9852
206319,2451,51,0.1000,0.00000500,0.0000,101.7432,8652.2766,0.0000,0.9822
206320,445,21,0.1000,0.00000500,0.0000,99.3345,7787.3043,0.0000,0.9836
206321,151,15,0.1000,0.00000500,0.0000,99.2737,7529.2254,0.0000,0.9750
206322,2530,56,0.1000,0.00000500,0.0000,109.5704,8797.1574,0.0000,0.9777
206323,58,12,0.1000,0.00000500,0.0000,94.1580,7189.8405,0.0000,0.9792
206324,282,20,0.1000,0.00000500,0.0000,60.7000,7735.0611,0.0000,0.9750
206325,870,30,0.1000,0.00000500,0.0000,134.1288,8086.6659,0.0000,0.9719
206326,1868,54,0.1000,0.00000500,0.0000,90.6159,8220.0447,0.0000,0.9786
206327,2432,63,0.1000,0.00000500,0.0000,105.3607,8418.8263,0.0000,0.9802
206328,39,9,0.1000,0.00000500,0.0000,80.2017,7288.7055,0.0000,0.9896
206329,3984,84,0.1000,0.00000500,0.0000,99.6078,8894.4089,0.0000,0.9818
206330,37,9,0.1000,0.00000500,0.0000,112.3233,7207.3211,0.0000,0.9792
206331,2468,62,0.1000,0.00000500,0.0000,104.8100,8561.1692,0.0000,0.9793
206332,126,15,0.1000,0.00000500,0.0000,121.9256,7323.2449,0.0000,0.9875
206333,10353,129,0.1000,0.00000500,0.0000,87.3077,9230.0804,0.0000,0.9852
206334,2735,52,0.1000,0.00000500,0.0000,102.8089,8938.0321,0.0000,0.9784
206335,51,9,0.1000,0.00000500,0.0000,135.1154,7318.7818,0.0000,0.9826
206336,595,30,0.1000,0.00000500,0.0000,81.2569,7754.5930,0.0000,0.9771
206337,3373,72,0.1000,0.00000500,0.0000,90.8953,8613.0437,0.0000,0.9822
206338,332,27,0.1000,0.00000500,0.0000,109.7621,7595.3905,0.0000,0.9815
206339,2329,45,0.1000,0.00000500,0.0000,103.8987,8781.5880,0.0000,0.9764
206340,554,27,0.1000,0.00000500,0.0000,94.2052,7997.9731,0.0000,0.9803
206341,4957,75,0.1000,0.00000500,0.0000,101.9531,9099.5384,0.0000,0.9829
206342,108,15,0.1000,0.00000500,0.0000,92.7654,7336.2769,0.0000,0.9708
206343,3891,68,0.1000,0.00000500,0.0000,90.6491,8911.5082,0.0000,0.9835
206344,113,15,0.1000,0.00000500,0.0000,56.3688,7614.1185,0.0000,0.9875
206345,142,15,0.1000,0.00000500,0.0000,100.4448,7601.1939,0.0000,0.9792
206346,219,15,0.1000,0.00000500,0.0000,151.1457,7760.6738,0.0000,0.9750
206347,153,15,0.1000,0.00000500,0.0000,91.6360,7515.7952,0.0000,0.9792
206348,301,29,0.1000,0.00000500,0.0000,75.4389,7750.0861,0.0000,0.9838
206349,34,8,0.1000,0.00000500,0.0000,88.5923,7139.3395,0.0000,0.9727
206350,995,39,0.1000,0.00000500,0.0000,83.1066,8224.1526,0.0000,0.9824
206351,9215,86,0.1000,0.00000500,0.0000,98.4304,9522.7377,0.0000,0.9826
206352,228,21,0.1000,0.00000500,0.0000,63.1389,7818.6121,0.0000,0.9792
206353,55,12,0.1000,0.00000500,0.0000,124.3947,7342.5439,0.0000,0.9766
206354,217,18,0.1000,0.00000500,0.0000,136.1136,7587.0224,0.0000,0.9809
206355,55,12,0.1000,0.00000500,0.0000,90.9641,7366.6702,0.0000,0.9818
206356,88,15,0.1000,0.00000500,0.0000,105.5061,7290.3290,0.0000,0.9708
206357,411,32,0.1000,0.00000500,0.0000,105.4504,7819.4954,0.0000,0.9824
206358,787,33,0.1000,0.00000500,0.0000,110.9677,8316.3364,0.0000,0.9782
206359,129,18,0.1000,0.00000500,0.0000,86.1162,7481.2852,0.0000,0.9757
206360,40,9,0.1000,0.00000500,0.0000,112.6014,7310.9933,0.0000,0.9653
206361,1522,42,0.1000,0.00000500,0.0000,82.1598,8551.9814,0.0000,0.9807
206362,1085,42,0.1000,0.00000500,0.0000,102.6202,8181.3625,0.0000,0.9762
206363,769,29,0.1000,0.00000500,0.0000,113.0808,8162.5437,0.0000,0.9860
206364,80,9,0.1000,0.00000500,0.0000,110.6617,7557.2634,0.0000,0.9688
206365,3842,96,0.1000,0.00000500,0.0000,114.3110,8634.6583,0.0000,0.9785
206366,96,15,0.1000,0.00000500,0.0000,109.9074,7473.0543,0.0000,0.9750
206367,775,27,0.1000,0.00000500,0.0000,101.5594,8378.0733,0.0000,0.9769
206368,6961,81,0.1000,0.00000500,0.0000,95.5917,9546.4934,0.0000,0.9796
206369,5872,102,0.1000,0.00000500,0.0000,102.1352,8877.6450,0.0000,0.9819
206370,597,33,0.1000,0.00000500,0.0000,119.0397,7868.8660,0.0000,0.9782
206371,2361,42,0.1000,0.00000500,0.0000,112.9151,8907.9303,0.0000,0.9717
206372,59,13,0.1000,0.00000500,0.0000,85.1974,7348.7479,0.0000,0.9688
206373,34,9,0.1000,0.00000500,0.0000,109.8010,7234.8984,0.0000,0.9896
206374,70,12,0.1000,0.00000500,0.0000,80.5978,7464.5907,0.0000,0.9844
206375,888,30,0.1000,0.00000500,0.0000,98.0790,8273.4423,0.0000,0.9771
206376,40,9,0.1000,0.00000500,0.0000,124.4632,7003.9508,0.0000,0.9896
206377,274,18,0.1000,0.00000500,0.0000,101.9649,7823.9243,0.0000,0.9740
206378,230,18,0.1000,0.00000500,0.0000,112.4497,7388.0786,0.0000,0.9792
206379,7999,123,0.1000,0.00000500,0.0000,75.4547,9091.4857,0.0000,0.9820
206380,159,15,0.1000,0.00000500,0.0000,130.1257,7659.0980,0.0000,0.9771
206381,136,18,0.1000,0.00000500,0.0000,80.4223,7586.6108,0.0000,0.9809
206382,1104,33,0.1000,0.00000500,0.0000,111.9206,8487.9854,0.0000,0.9773
206383,883,33,0.1000,0.00000500,0.0000,86.4096,8161.5169,0.0000,0.9801
206384,453,24,0.1000,0.00000500,0.0000,85.1095,8210.0909,0.0000,0.9779
206385,956,42,0.1000,0.00000500,0.0000,97.2930,8224.3312,0.0000,0.9851
206386,1521,39,0.1000,0.00000500,0.0000,91.4696,8582.5460,0.0000,0.9808
206387,2147,42,0.1000,0.00000500,0.0000,107.3367,8693.1501,0.0000,0.9799
206388,3447,63,0.1000,0.00000500,0.0000,91.7039,8856.1454,0.0000,0.9777
206389,811,29,0.1000,0.00000500,0.0000,84.1053,8178.9817,0.0000,0.9817
206390,65,14,0.1000,0.00000500,0.0000,92.7133,7466.0346,0.0000,0.9844
206391,122,18,0.1000,0.00000500,0.0000,114.9208,7651.0196,0.0000,0.9740
206392,348,21,0.1000,0.00000500,0.0000,94.3712,7813.9579,0.0000,0.9836
206393,113,15,0.1000,0.00000500,0.0000,60.7033,7460.3710,0.0000,0.9896
206394,386,27,0.1000,0.00000500,0.0000,103.7972,7682.8952,0.0000,0.9803
206395,66,12,0.1000,0.00000500,0.0000,84.1944,7523.4160,0.0000,0.9714
206396,25,6,0.1000,0.00000500,0.0000,51.6116,7219.5190,0.0000,0.9896
206397,115,15,0.1000,0.00000500,0.0000,73.4775,7464.7026,0.0000,0.9771
206398,2280,49,0.1000,0.00000500,0.0000,70.2485,8725.5338,0.0000,0.9834
206399,654,27,0.1000,0.00000500,0.0000,65.1191,8152.8259,0.0000,0.9838
206400,161,18,0.1000,0.00000500,0.0000,65.3293,7693.7071,0.0000,0.9740
206401,338,24,0.1000,0.00000500,0.0000,119.7755,7827.0429,0.0000,0.9792
206402,37,10,0.1000,0.00000500,0.0000,113.9234,7273.0872,0.0000,0.9750
206403,123,17,0.1000,0.00000500,0.0000,124.7401,7540.9449,0.0000,0.9835
206404,3544,98,0.1000,0.00000500,0.0000,107.0291,8661.7316,0.0000,0.9837
206405,1724,54,0.1000,0.00000500,0.0000,80.1364,8509.0359,0.0000,0.9878
206406,29,6,0.1000,0.00000500,0.0000,60.8409,7195.3589,0.0000,0.9896
206407,294,23,0.1000,0.00000500,0.0000,84.7234,7808.0103,0.0000,0.9851
206408,80,13,0.1000,0.00000500,0.0000,92.9960,7311.8152,0.0000,0.9760
206409,759,36,0.1000,0.00000500,0.0000,110.4400,8110.6718,0.0000,0.9800
206410,2997,62,0.1000,0.00000500,0.0000,101.5952,9331.5873,0.0000,0.9814
206411,1335,36,0.1000,0.00000500,0.0000,90.2103,8560.7510,0.0000,0.9809
206412,159,16,0.1000,0.00000500,0.0000,74.7720,7650.8418,0.0000,0.9844
206413,89,15,0.1000,0.00000500,0.0000,101.3579,7785.0691,0.0000,0.9688
206414,1421,45,0.1000,0.00000500,0.0000,81.0382,8545.9840,0.0000,0.9868
206415,228,20,0.1000,0.00000500,0.0000,84.2225,7856.7431,0.0000,0.9781
206416,59,12,0.1000,0.00000500,0.0000,81.3376,7583.7786,0.0000,0.9766
206417,3191,54,0.1000,0.00000500,0.0000,106.7878,9242.6680,0.0000,0.9797
206418,1872,54,0.1000,0.00000500,0.0000,152.4101,8570.7291,0.0000,0.9734
206419,44,9,0.1000,0.00000500,0.0000,73.9398,7342.1557,0.0000,0.9757
206420,1032,33,0.1000,0.00000500,0.0000,85.2770,8384.2671,0.0000,0.9830
206421,92,15,0.1000,0.00000500,0.0000,76.2594,7449.0470,0.0000,0.9938
206422,192,21,0.1000,0.00000500,0.0000,88.8991,7752.5492,0.0000,0.9792
206423,431,24,0.1000,0.00000500,0.0000,98.2377,7992.8420,0.0000,0.9818
206424,51,9,0.1000,0.00000500,0.0000,141.3205,7477.8058,0.0000,0.9722
206425,68,12,0.1000,0.00000500,0.0000,134.7553,7518.3200,0.0000,0.9792
206426,36,9,0.1000,0.00000500,0.0000,119.3629,7387.4958,0.0000,0.9792
206427,155,12,0.1000,0.00000500,0.0000,95.5939,7727.8479,0.0000,0.9870
206428,8757,120,0.1000,0.00000500,0.0000,103.4924,9229.0266,0.0000,0.9836
206429,1041,33,0.1000,0.00000500,0.0000,86.8025,8489.9140,0.0000,0.9830
206430,292,23,0.1000,0.00000500,0.0000,88.3401,7971.7813,0.0000,0.9660
206431,376,24,0.1000,0.00000500,0.0000,115.3192,7984.5562,0.0000,0.9688
206432,52,12,0.1000,0.00000500,0.0000,127.3924,7657.4900,0.0000,0.9766
206433,4280,81,0.1000,0.00000500,0.0000,106.6648,9112.7615,0.0000,0.9742
206434,1131,39,0.1000,0.00000500,0.0000,90.6070,8431.3077,0.0000,0.9832
206435,344,21,0.1000,0.00000500,0.0000,77.2047,7862.4496,0.0000,0.9881
206436,2382,57,0.1000,0.00000500,0.0000,95.3157,8722.6066,0.0000,0.9808
206437,774,30,0.1000,0.00000500,0.0000,109.9296,8215.2534,0.0000,0.9708
206438,29,6,0.1000,0.00000500,0.0000,42.6331,7403.6217,0.0000,0.9896
206439,213,14,0.1000,0.00000500,0.0000,58.8817,7640.1467,0.0000,0.9777
206440,211,15,0.1000,0.00000500,0.0000,82.9450,8091.1650,0.0000,0.9833
206441,540,24,0.1000,0.00000500,0.0000,89.0810,7995.3756,0.0000,0.9844
206442,37,9,0.1000,0.00000500,0.0000,83.5443,7419.9002,0.0000,0.9688
206443,2084,48,0.1000,0.00000500,0.0000,93.4978,8765.6542,0.0000,0.9837
206444,1353,39,0.1000,0.00000500,0.0000,101.4745,8627.9201,0.0000,0.9800
206445,1181,36,0.1000,0.00000500,0.0000,78.6477,8650.2435,0.0000,0.9835
206446,1516,39,0.1000,0.00000500,0.0000,81.6823,8810.6785,0.0000,0.9856
206447,34,9,0.1000,0.00000500,0.0000,83.0818,7426.0970,0.0000,0.9688
206448,505,21,0.1000,0.00000500,0.0000,126.4048,8060.4817,0.0000,0.9732
206449,53,12,0.1000,0.00000500,0.0000,98.1474,7505.2521,0.0000,0.9818
206450,1347,39,0.1000,0.00000500,0.0000,92.5056,8890.2276,0.0000,0.9816
206451,221,18,0.1000,0.00000500,0.0000,105.6232,7915.0588,0.0000,0.9757
206452,54,11,0.1000,0.00000500,0.0000,153.1905,7439.9055,0.0000,0.9773
206453,92,15,0.1000,0.00000500,0.0000,103.9500,7637.4050,0.0000,0.9833
206454,57,12,0.1000,0.00000500,0.0000,75.2197,7606.9715,0.0000,0.9792
206455,118,12,0.1000,0.00000500,0.0000,110.8808,7952.4886,0.0000,0.9818
206456,2061,45,0.1000,0.00000500,0.0000,100.3371,8846.7437,0.0000,0.9819
206457,4920,93,0.1000,0.00000500,0.0000,96.7149,9057.8588,0.0000,0.9802
206458,449,27,0.1000,0.00000500,0.0000,105.5795,8272.1398,0.0000,0.9688
206459,1286,29,0.1000,0.00000500,0.0000,118.0257,8404.4427,0.0000,0.9860
206460,290,22,0.1000,0.00000500,0.0000,91.8919,7972.1767,0.0000,0.9830
206461,707,33,0.1000,0.00000500,0.0000,91.2332,8364.9185,0.0000,0.9811
206462,59,12,0.1000,0.00000500,0.0000,49.5633,7862.9587,0.0000,0.9870
206463,8545,88,0.1000,0.00000500,0.0000,105.2985,9817.7276,0.0000,0.9741
206464,3936,87,0.1000,0.00000500,0.0000,99.8861,8817.8951,0.0000,0.9838
206465,39,9,0.1000,0.00000500,0.0000,119.1978,7566.6379,0.0000,0.9792
206466,1775,66,0.1000,0.00000500,0.0000,76.9765,8592.0714,0.0000,0.9801
206467,33,9,0.1000,0.00000500,0.0000,54.7574,7573.4207,0.0000,0.9618
206468,320,19,0.1000,0.00000500,0.0000,71.6092,7978.4581,0.0000,0.9852
206469,293,21,0.1000,0.00000500,0.0000,78.9633,8034.4516,0.0000,0.9688
206470,553,27,0.1000,0.00000500,0.0000,104.8382,8274.4548,0.0000,0.9815
206471,445,24,0.1000,0.00000500,0.0000,63.6967,8070.5844,0.0000,0.9740
206472,29,6,0.1000,0.00000500,0.0000,186.3369,7423.7808,0.0000,0.9635
206473,3217,54,0.1000,0.00000500,0.0000,87.9050,9380.5738,0.0000,0.9745
206474,585,31,0.1000,0.00000500,0.0000,118.3618,8100.3324,0.0000,0.9808
206475,1527,33,0.1000,0.00000500,0.0000,84.8046,8503.3579,0.0000,0.9811
206476,185,18,0.1000,0.00000500,0.0000,76.7241,7792.4640,0.0000,0.9757
206477,114,12,0.1000,0.00000500,0.0000,59.3808,7725.4765,0.0000,0.9792
206478,2087,48,0.1000,0.00000500,0.0000,125.8406,8802.4978,0.0000,0.9655
206479,4609,117,0.1000,0.00000500,0.0000,112.8106,8967.6738,0.0000,0.9800
206480,115,12,0.1000,0.00000500,0.0000,98.0296,7770.2827,0.0000,0.9792
206481,2487,51,0.1000,0.00000500,0.0000,96.8257,8961.3083,0.0000,0.9847
206482,82,12,0.1000,0.00000500,0.0000,71.9576,7647.4189,0.0000,0.9818
206483,2497,48,0.1000,0.00000500,0.0000,86.3384,9127.8596,0.0000,0.9779
206484,1731,48,0.1000,0.00000500,0.0000,93.8787,8825.0552,0.0000,0.9824
206485,436,21,0.1000,0.00000500,0.0000,78.1302,8238.7284,0.0000,0.9821
206486,55,12,0.1000,0.00000500,0.0000,116.3337,7627.6908,0.0000,0.9661
206487,50,9,0.1000,0.00000500,0.0000,102.7541,7589.5230,0.0000,0.9722
206488,1482,45,0.1000,0.00000500,0.0000,85.6534,8506.6557,0.0000,0.9819
206489,357,21,0.1000,0.00000500,0.0000,99.8207,8164.5281,0.0000,0.9807
206490,200,21,0.1000,0.00000500,0.0000,91.6229,7711.4147,0.0000,0.9807
206491,1359,42,0.1000,0.00000500,0.0000,96.4761,8725.0202,0.0000,0.9732
206492,456,24,0.1000,0.00000500,0.0000,87.3522,8219.7713,0.0000,0.9740
206493,39,12,0.1000,0.00000500,0.0000,77.2913,7422.6228,0.0000,0.9896
206494,1191,42,0.1000,0.00000500,0.0000,88.9459,8611.6299,0.0000,0.9747
206495,84,15,0.1000,0.00000500,0.0000,99.7153,7753.1005,0.0000,0.9708
206496,5850,69,0.1000,0.00000500,0.0000,115.2426,9568.7592,0.0000,0.9760
206497,874,39,0.1000,0.00000500,0.0000,73.9711,8415.2674,0.0000,0.9832
206498,620,36,0.1000,0.00000500,0.0000,81.9657,8161.8271,0.0000,0.9844
206499,68,12,0.1000,0.00000500,0.0000,84.8346,7735.6060,0.0000,0.9818
206500,2094,45,0.1000,0.00000500,0.0000,90.6493,8837.2310,0.0000,0.9757
206501,2963,54,0.1000,0.00000500,0.0000,97.8954,9291.2275,0.0000,0.9832
206502,77,14,0.1000,0.00000500,0.0000,119.3228,7590.6438,0.0000,0.9844
206503,273,18,0.1000,0.00000500,0.0000,97.5134,8019.6622,0.0000,0.9774
206504,85,15,0.1000,0.00000500,0.0000,113.5080,7670.6750,0.0000,0.9854
206505,450,23,0.1000,0.00000500,0.0000,90.9692,8182.7279,0.0000,0.9783
206506,3736,80,0.1000,0.00000500,0.0000,85.5446,9185.5222,0.0000,0.9797
206507,41,9,0.1000,0.00000500,0.0000,89.7544,7625.9804,0.0000,0.9861
206508,113,12,0.1000,0.00000500,0.0000,97.0909,7798.8395,0.0000,0.9714
206509,2281,48,0.1000,0.00000500,0.0000,87.8967,9175.0956,0.0000,0.9766
206510,373,21,0.1000,0.00000500,0.0000,127.0929,8322.9483,0.0000,0.9792
206511,1103,35,0.1000,0.00000500,0.0000,115.3073,8392.6172,0.0000,0.9768
206512,5011,60,0.1000,0.00000500,0.0000,118.5549,9630.8319,0.0000,0.9771
206513,21,6,0.1000,0.00000500,0.0000,64.1019,7194.0081,0.0000,0.9844
206514,2279,48,0.1000,0.00000500,0.0000,103.8175,9010.0585,0.0000,0.9818
206515,37,9,0.1000,0.00000500,0.0000,62.8364,7425.5077,0.0000,0.9861
206516,1274,63,0.1000,0.00000500,0.0000,114.1568,8434.4079,0.0000,0.9767
206517,506,32,0.1000,0.00000500,0.0000,72.7557,8117.9309,0.0000,0.9805
206518,2471,48,0.1000,0.00000500,0.0000,107.3272,9084.9350,0.0000,0.9863
206519,2369,48,0.1000,0.00000500,0.0000,102.5081,9071.4786,0.0000,0.9798
206520,3109,65,0.1000,0.00000500,0.0000,102.3958,9106.3832,0.0000,0.9798
206521,42,12,0.1000,0.00000500,0.0000,81.4717,7643.4621,0.0000,0.9896
206522,34,9,0.1000,0.00000500,0.0000,66.7829,7694.8757,0.0000,0.9757
206523,41,12,0.1000,0.00000500,0.0000,112.5835,7652.0197,0.0000,0.9818
206524,1803,63,0.1000,0.00000500,0.0000,83.8177,8565.6405,0.0000,0.9787
206525,83,14,0.1000,0.00000500,0.0000,92.7372,7731.6865,0.0000,0.9799
206526,45,11,0.1000,0.00000500,0.0000,153.0678,7594.9652,0.0000,0.9773
206527,2733,54,0.1000,0.00000500,0.0000,84.3026,9330.5772,0.0000,0.9809
206528,367,19,0.1000,0.00000500,0.0000,114.4694,8349.3495,0.0000,0.9819
206529,37,9,0.1000,0.00000500,0.0000,56.1767,7598.6848,0.0000,0.9792
206530,164,16,0.1000,0.00000500,0.0000,140.1145,7889.0983,0.0000,0.9727
206531,4479,84,0.1000,0.00000500,0.0000,111.1273,9354.8125,0.0000,0.9769
206532,7802,96,0.1000,0.00000500,0.0000,107.7017,9480.8649,0.0000,0.9827
206533,115,12,0.1000,0.00000500,0.0000,145.3593,7868.9611,0.0000,0.9740
206534,10129,150,0.1000,0.00000500,0.0000,109.3020,9423.9778,0.0000,0.9790
206535,39,9,0.1000,0.00000500,0.0000,47.3670,7681.2648,0.0000,0.9757
206536,223,18,0.1000,0.00000500,0.0000,78.1975,7913.0049,0.0000,0.9740
206537,38,9,0.1000,0.00000500,0.0000,129.5243,7679.8861,0.0000,0.9757
206538,368,21,0.1000,0.00000500,0.0000,91.8957,8257.5837,0.0000,0.9792
206539,2016,60,0.1000,0.00000500,0.0000,104.2811,8730.9780,0.0000,0.9776
206540,165,15,0.1000,0.00000500,0.0000,93.7517,7985.3687,0.0000,0.9688
206541,3466,56,0.1000,0.00000500,0.0000,71.2747,9498.2181,0.0000,0.9810
206542,3514,84,0.1000,0.00000500,0.0000,104.1281,8986.9390,0.0000,0.9788
206543,294,23,0.1000,0.00000500,0.0000,114.3120,8032.6192,0.0000,0.9715
206544,1034,38,0.1000,0.00000500,0.0000,110.9969,8526.2995,0.0000,0.9803
206545,1174,39,0.1000,0.00000500,0.0000,106.7605,8879.2063,0.0000,0.9712
206546,900,30,0.1000,0.00000500,0.0000,75.5530,8595.0241,0.0000,0.9750
206547,2963,51,0.1000,0.00000500,0.0000,97.3289,9435.9099,0.0000,0.9810
206548,2439,69,0.1000,0.00000500,0.0000,113.3667,8831.9338,0.0000,0.9764
206549,6257,75,0.1000,0.00000500,0.0000,108.1780,9631.2833,0.0000,0.9812
206550,737,36,0.1000,0.00000500,0.0000,111.7574,8338.5114,0.0000,0.9878
206551,1045,33,0.1000,0.00000500,0.0000,93.0441,8664.7021,0.0000,0.9763
206552,1582,51,0.1000,0.00000500,0.0000,96.7650,8864.5548,0.0000,0.9822
206553,99,15,0.1000,0.00000500,0.0000,166.5594,7796.1069,0.0000,0.9625
206554,1078,42,0.1000,0.00000500,0.0000,96.9524,8571.0535,0.0000,0.9784
206555,376,27,0.1000,0.00000500,0.0000,89.2096,8166.1744,0.0000,0.9884
206556,1346,36,0.1000,0.00000500,0.0000,94.5222,8983.7710,0.0000,0.9835
206557,163,15,0.1000,0.00000500,0.0000,110.6657,8010.8712,0.0000,0.9833
206558,895,32,0.1000,0.00000500,0.0000,80.4897,8624.0590,0.0000,0.9814
206559,356,21,0.1000,0.00000500,0.0000,98.9584,8158.0351,0.0000,0.9747
206560,163,16,0.1000,0.00000500,0.0000,86.7332,7980.2970,0.0000,0.9766
206561,70,9,0.1000,0.00000500,0.0000,95.9979,8024.1820,0.0000,0.9792
206562,76,9,0.1000,0.00000500,0.0000,126.1176,7704.6523,0.0000,0.9826
206563,2653,57,0.1000,0.00000500,0.0000,88.6754,9168.3686,0.0000,0.9825
206564,1087,45,0.1000,0.00000500,0.0000,107.3509,8614.7285,0.0000,0.9792
206565,361,24,0.1000,0.00000500,0.0000,109.8433,8311.7412,0.0000,0.9779
206566,1702,41,0.1000,0.00000500,0.0000,86.4543,9018.3853,0.0000,0.9809
206567,3373,75,0.1000,0.00000500,0.0000,73.6455,9099.5478,0.0000,0.9779
206568,5189,69,0.1000,0.00000500,0.0000,74.1029,9628.7509,0.0000,0.9814
206569,1511,54,0.1000,0.00000500,0.0000,88.9418,8629.1843,0.0000,0.9838
206570,367,21,0.1000,0.00000500,0.0000,69.8888,8150.5494,0.0000,0.9717
206571,55,9,0.1000,0.00000500,0.0000,120.5678,7893.8773,0.0000,0.9757
206572,448,30,0.1000,0.00000500,0.0000,84.3228,8315.7147,0.0000,0.9854
206573,292,21,0.1000,0.00000500,0.0000,92.2322,8123.2475,0.0000,0.9762
206574,151,18,0.1000,0.00000500,0.0000,63.2519,8016.7912,0.0000,0.9844
206575,203,15,0.1000,0.00000500,0.0000,94.6883,8086.9018,0.0000,0.9854
206576,2755,57,0.1000,0.00000500,0.0000,86.2448,9328.3179,0.0000,0.9841
206577,1030,33,0.1000,0.00000500,0.0000,84.7219,8770.2182,0.0000,0.9830
206578,1057,39,0.1000,0.00000500,0.0000,101.6934,8587.3602,0.0000,0.9760
206579,1948,63,0.1000,0.00000500,0.0000,106.7821,8789.6329,0.0000,0.9777
206580,486,30,0.1000,0.00000500,0.0000,101.6690,8324.6031,0.0000,0.9833
206581,2494,72,0.1000,0.00000500,0.0000,104.1474,8840.1446,0.0000,0.9748
206582,53,12,0.1000,0.00000500,0.0000,109.6985,7977.7371,0.0000,0.9766
206583,35,9,0.1000,0.00000500,0.0000,87.5194,7692.1664,0.0000,0.9792
206584,96,12,0.1000,0.00000500,0.0000,67.4029,7794.3412,0.0000,0.9818
206585,242,18,0.1000,0.00000500,0.0000,67.5229,8043.1263,0.0000,0.9809
206586,3478,57,0.1000,0.00000500,0.0000,115.9658,9466.7128,0.0000,0.9803
206587,208,16,0.1000,0.00000500,0.0000,87.9949,8097.1107,0.0000,0.9824
206588,1176,36,0.1000,0.00000500,0.0000,108.0698,8846.9003,0.0000,0.9740
206589,111,12,0.1000,0.00000500,0.0000,115.4663,7907.6044,0.0000,0.9844
206590,56,12,0.1000,0.00000500,0.0000,132.8203,7738.5731,0.0000,0.9740
206591,478,27,0.1000,0.00000500,0.0000,114.3438,8447.5993,0.0000,0.9792
206592,30795,195,0.1000,0.00000500,0.0000,93.2279,10170.0673,0.0000,0.9795
206593,3034,63,0.1000,0.00000500,0.0000,105.8990,9215.6244,0.0000,0.9797
206594,1917,64,0.1000,0.00000500,0.0000,106.1083,8769.0767,0.0000,0.9824
206595,550,27,0.1000,0.00000500,0.0000,59.8966,8451.5775,0.0000,0.9815
206596,1932,45,0.1000,0.00000500,0.0000,82.5029,9173.0523,0.0000,0.9819
206597,43,9,0.1000,0.00000500,0.0000,84.8740,7666.0050,0.0000,0.9826
206598,122,15,0.1000,0.00000500,0.0000,122.6583,8070.4754,0.0000,0.9792
206599,656,30,0.1000,0.00000500,0.0000,86.0483,8557.5828,0.0000,0.9802
206600,55,12,0.1000,0.00000500,0.0000,90.2608,7859.6695,0.0000,0.9870
206601,884,26,0.1000,0.00000500,0.0000,121.7459,8723.2073,0.0000,0.9712
206602,48,9,0.1000,0.00000500,0.0000,86.6987,8064.1071,0.0000,0.9792
206603,109,18,0.1000,0.00000500,0.0000,77.7722,7761.3904,0.0000,0.9878
206604,44,9,0.1000,0.00000500,0.0000,110.8712,7765.6580,0.0000,0.9722
206605,37,9,0.1000,0.00000500,0.0000,63.4946,7491.9780,0.0000,0.9861
206606,540,24,0.1000,0.00000500,0.0000,76.1744,8512.7653,0.0000,0.9844
206607,675,33,0.1000,0.00000500,0.0000,92.4683,8434.1504,0.0000,0.9811
206608,1863,47,0.1000,0.00000500,0.0000,96.7084,8899.7986,0.0000,0.9794
206609,908,35,0.1000,0.00000500,0.0000,80.0237,8699.6981,0.0000,0.9821
206610,1393,36,0.1000,0.00000500,0.0000,113.5803,8985.3198,0.0000,0.9748
206611,2471,57,0.1000,0.00000500,0.0000,76.4196,9085.6840,0.0000,0.9852
206612,2301,63,0.1000,0.00000500,0.0000,86.4393,8924.5267,0.0000,0.9802
206613,352,27,0.1000,0.00000500,0.0000,131.2804,8407.9829,0.0000,0.9780
206614,294,24,0.1000,0.00000500,0.0000,92.9171,8248.8031,0.0000,0.9909
206615,758,27,0.1000,0.00000500,0.0000,81.0037,8652.2110,0.0000,0.9769
206616,5576,78,0.1000,0.00000500,0.0000,79.3538,9827.9012,0.0000,0.9828
206617,78,12,0.1000,0.00000500,0.0000,111.5435,7982.1019,0.0000,0.9818
206618,157,12,0.1000,0.00000500,0.0000,42.3024,8042.5080,0.0000,0.9922
206619,1881,42,0.1000,0.00000500,0.0000,73.9346,9143.4180,0.0000,0.9807
206620,2971,54,0.1000,0.00000500,0.0000,90.6021,9579.2336,0.0000,0.9740
206621,9977,112,0.1000,0.00000500,0.0000,99.5258,9900.3118,0.0000,0.9791
206622,25,6,0.1000,0.00000500,0.0000,40.2085,7470.2970,0.0000,0.9792
206623,115,12,0.1000,0.00000500,0.0000,97.3320,8082.6087,0.0000,0.9870
206624,8727,111,0.1000,0.00000500,0.0000,100.5919,9822.5509,0.0000,0.9775
206625,61,12,0.1000,0.00000500,0.0000,54.0819,7888.8500,0.0000,0.9844
206626,10967,102,0.1000,0.00000500,0.0000,122.7947,9868.7275,0.0000,0.9764
206627,276,18,0.1000,0.00000500,0.0000,60.7389,8466.1576,0.0000,0.9896
206628,111,13,0.1000,0.00000500,0.0000,135.7541,7926.3736,0.0000,0.9832
206629,121,15,0.1000,0.00000500,0.0000,138.2999,8143.8803,0.0000,0.9750
206630,793,30,0.1000,0.00000500,0.0000,67.5895,8581.1933,0.0000,0.9729
206631,220,18,0.1000,0.00000500,0.0000,92.0781,8180.3231,0.0000,0.9774
206632,48,12,0.1000,0.00000500,0.0000,97.9400,7961.0990,0.0000,0.9818
206633,35,9,0.1000,0.00000500,0.0000,84.4640,7822.0692,0.0000,0.9653
206634,157,18,0.1000,0.00000500,0.0000,136.3600,8126.4829,0.0000,0.9878
206635,32,9,0.1000,0.00000500,0.0000,80.6988,7766.4939,0.0000,0.9792
206636,165,15,0.1000,0.00000500,0.0000,82.8781,8268.6058,0.0000,0.9729
206637,561,27,0.1000,0.00000500,0.0000,78.7607,8552.8224,0.0000,0.9780
206638,1366,41,0.1000,0.00000500,0.0000,105.1352,8949.9286,0.0000,0.9710
206639,5019,69,0.1000,0.00000500,0.0000,101.5262,9527.1800,0.0000,0.9764
206640,2469,48,0.1000,0.00000500,0.0000,96.9433,9494.3459,0.0000,0.9785
206641,82,15,0.1000,0.00000500,0.0000,59.5984,8049.9281,0.0000,0.9833
206642,1085,39,0.1000,0.00000500,0.0000,77.1851,8818.9984,0.0000,0.9712
206643,43,12,0.1000,0.00000500,0.0000,55.2713,7765.7547,0.0000,0.9818
206644,3129,51,0.1000,0.00000500,0.0000,109.2695,9641.0804,0.0000,0.9835
206645,3226,60,0.1000,0.00000500,0.0000,92.1583,9636.1021,0.0000,0.9760
206646,284,21,0.1000,0.00000500,0.0000,142.3823,8163.8198,0.0000,0.9732
206647,1825,36,0.1000,0.00000500,0.0000,112.3682,9170.1275,0.0000,0.9826
206648,552,27,0.1000,0.00000500,0.0000,102.0664,8660.3904,0.0000,0.9780
206649,1038,36,0.1000,0.00000500,0.0000,100.1021,8845.7246,0.0000,0.9696
206650,6192,90,0.1000,0.00000500,0.0000,75.9927,9660.2256,0.0000,0.9740
206651,1216,33,0.1000,0.00000500,0.0000,73.1056,8972.9553,0.0000,0.9830
206652,1337,36,0.1000,0.00000500,0.0000,85.3294,8902.2430,0.0000,0.9800
206653,45,9,0.1000,0.00000500,0.0000,118.0039,8044.0109,0.0000,0.9757
206654,219,21,0.1000,0.00000500,0.0000,83.8565,8051.0130,0.0000,0.9836
206655,198,18,0.1000,0.00000500,0.0000,111.9205,8372.1769,0.0000,0.9705
206656,53,11,0.1000,0.00000500,0.0000,93.8840,7833.0992,0.0000,0.9830
206657,158,15,0.1000,0.00000500,0.0000,68.6359,8274.4661,0.0000,0.9812
206658,56,12,0.1000,0.00000500,0.0000,222.2418,7947.5815,0.0000,0.9792
206659,919,33,0.1000,0.00000500,0.0000,93.3337,8765.0623,0.0000,0.9782
206660,36,9,0.1000,0.00000500,0.0000,64.9945,7854.5103,0.0000,0.9965
206661,32,6,0.1000,0.00000500,0.0000,184.6561,7905.4934,0.0000,0.9844
206662,24,6,0.1000,0.00000500,0.0000,72.3701,7671.9998,0.0000,0.9740
206663,39,9,0.1000,0.00000500,0.0000,102.3198,7913.1385,0.0000,0.9931
206664,465,30,0.1000,0.00000500,0.0000,107.0980,8445.9547,0.0000,0.9875
206665,226,21,0.1000,0.00000500,0.0000,78.8055,8272.5448,0.0000,0.9702
206666,2282,51,0.1000,0.00000500,0.0000,64.2069,9256.1815,0.0000,0.9798
206667,1506,39,0.1000,0.00000500,0.0000,138.3752,9331.4815,0.0000,0.9816
206668,48,9,0.1000,0.00000500,0.0000,120.1071,7854.9127,0.0000,0.9792
206669,1568,45,0.1000,0.00000500,0.0000,114.4947,9175.7215,0.0000,0.9785
206670,3361,69,0.1000,0.00000500,0.0000,81.6468,9512.1312,0.0000,0.9837
206671,118,12,0.1000,0.00000500,0.0000,55.7879,8230.2953,0.0000,0.9844
206672,49,9,0.1000,0.00000500,0.0000,130.5680,8004.2062,0.0000,0.9792
206673,37,9,0.1000,0.00000500,0.0000,93.4832,7912.6940,0.0000,0.9792
206674,32,9,0.1000,0.00000500,0.0000,158.4347,7768.4653,0.0000,0.9861
206675,1038,33,0.1000,0.00000500,0.0000,121.1273,8967.8425,0.0000,0.9782
206676,224,18,0.1000,0.00000500,0.0000,102.8543,8374.1408,0.0000,0.9809
206677,122,15,0.1000,0.00000500,0.0000,127.8979,8063.4022,0.0000,0.9792
206678,2308,60,0.1000,0.00000500,0.0000,100.2971,9318.5969,0.0000,0.9771
206679,6233,75,0.1000,0.00000500,0.0000,105.0959,9900.0425,0.0000,0.9792
206680,366,22,0.1000,0.00000500,0.0000,107.5563,8356.6000,0.0000,0.9872
206681,3724,57,0.1000,0.00000500,0.0000,101.1140,9888.4617,0.0000,0.9742
206682,924,30,0.1000,0.00000500,0.0000,103.9679,8768.9392,0.0000,0.9740
206683,66,12,0.1000,0.00000500,0.0000,83.8878,8004.6153,0.0000,0.9792
206684,1763,54,0.1000,0.00000500,0.0000,90.7891,9052.7139,0.0000,0.9832
206685,362,21,0.1000,0.00000500,0.0000,80.4890,8430.6773,0.0000,0.9866
206686,660,27,0.1000,0.00000500,0.0000,97.7736,8685.1473,0.0000,0.9884
206687,647,27,0.1000,0.00000500,0.0000,99.0588,8677.3844,0.0000,0.9780
206688,3707,81,0.1000,0.00000500,0.0000,98.3733,9424.2844,0.0000,0.9799
206689,4020,96,0.1000,0.00000500,0.0000,97.8835,9273.2561,0.0000,0.9798
206690,3954,84,0.1000,0.00000500,0.0000,99.8582,9502.9459,0.0000,0.9781
206691,32,9,0.1000,0.00000500,0.0000,48.3632,7815.2312,0.0000,0.9896
206692,38,9,0.1000,0.00000500,0.0000,73.6455,7933.5357,0.0000,0.9792
206693,299,22,0.1000,0.00000500,0.0000,75.8116,8697.6041,0.0000,0.9759
206694,37,9,0.1000,0.00000500,0.0000,80.8868,7934.4694,0.0000,0.9722
206695,3826,63,0.1000,0.00000500,0.0000,119.2368,9714.5919,0.0000,0.9772
206696,33,9,0.1000,0.00000500,0.0000,136.1350,7883.1745,0.0000,0.9826
206697,4918,66,0.1000,0.00000500,0.0000,74.9464,9803.4638,0.0000,0.9815
206698,365,21,0.1000,0.00000500,0.0000,46.2152,8645.0993,0.0000,0.9836
206699,1988,42,0.1000,0.00000500,0.0000,85.6749,9217.4624,0.0000,0.9754
206700,5311,99,0.1000,0.00000500,0.0000,100.3123,9567.5823,0.0000,0.9770
206701,54,12,0.1000,0.00000500,0.0000,77.0113,8004.6954,0.0000,0.9818
206702,941,33,0.1000,0.00000500,0.0000,117.0358,8844.2924,0.0000,0.9754
206703,77,12,0.1000,0.00000500,0.0000,122.4200,8234.4989,0.0000,0.9870
206704,813,21,0.1000,0.00000500,0.0000,75.5156,8610.5320,0.0000,0.9717
206705,220,18,0.1000,0.00000500,0.0000,87.0585,8356.6819,0.0000,0.9809
206706,462,18,0.1000,0.00000500,0.0000,130.6579,7961.3708,0.0000,0.9653
206707,784,30,0.1000,0.00000500,0.0000,99.2866,8829.6404,0.0000,0.9771
206708,296,20,0.1000,0.00000500,0.0000,111.7234,8625.5835,0.0000,0.9750
206709,123,17,0.1000,0.00000500,0.0000,110.5605,8093.5221,0.0000,0.9853
206710,227,19,0.1000,0.00000500,0.0000,118.5661,8393.3845,0.0000,0.9770
206711,2418,57,0.1000,0.00000500,0.0000,135.7657,9162.3156,0.0000,0.9775
206712,627,24,0.1000,0.00000500,0.0000,130.1081,8794.4754,0.0000,0.9792
206713,36,9,0.1000,0.00000500,0.0000,80.3680,8194.1764,0.0000,0.9792
206714,1872,42,0.1000,0.00000500,0.0000,84.3992,9377.3470,0.0000,0.9762
206715,1419,45,0.1000,0.00000500,0.0000,101.7931,8968.1149,0.0000,0.9757
206716,74,9,0.1000,0.00000500,0.0000,62.6006,8055.5435,0.0000,0.9826
206717,229,21,0.1000,0.00000500,0.0000,90.1405,8325.9116,0.0000,0.9851
206718,648,27,0.1000,0.00000500,0.0000,97.3702,8780.9632,0.0000,0.9838
206719,170,18,0.1000,0.00000500,0.0000,112.9306,8377.2158,0.0000,0.9878
206720,1375,45,0.1000,0.00000500,0.0000,101.0515,9062.1567,0.0000,0.9806
206721,82,14,0.1000,0.00000500,0.0000,112.3450,7973.8425,0.0000,0.9754
206722,51,9,0.1000,0.00000500,0.0000,160.4247,8123.7120,0.0000,0.9792
206723,6491,136,0.1000,0.00000500,0.0000,98.2642,9557.6973,0.0000,0.9786
206724,4309,66,0.1000,0.00000500,0.0000,90.0149,9877.7014,0.0000,0.9820
206725,160,15,0.1000,0.00000500,0.0000,67.0170,8328.1493,0.0000,0.9812
206726,548,24,0.1000,0.00000500,0.0000,87.6660,8710.2998,0.0000,0.9831
206727,1400,45,0.1000,0.00000500,0.0000,135.8650,8997.5625,0.0000,0.9826
206728,508,30,0.1000,0.00000500,0.0000,84.1010,8757.5902,0.0000,0.9844
206729,84,12,0.1000,0.00000500,0.0000,118.8246,8101.1840,0.0000,0.9714
206730,2144,60,0.1000,0.00000500,0.0000,111.3219,9359.2172,0.0000,0.9797
206731,14647,210,0.1000,0.00000500,0.0000,93.4930,9850.4351,0.0000,0.9796
206732,32,9,0.1000,0.00000500,0.0000,92.9756,7964.8798,0.0000,0.9722
206733,78,12,0.1000,0.00000500,0.0000,80.2272,8022.8182,0.0000,0.9740
206734,90,15,0.1000,0.00000500,0.0000,89.6075,8120.7394,0.0000,0.9875
206735,225,18,0.1000,0.00000500,0.0000,67.1922,8446.9545,0.0000,0.9861
206736,35,9,0.1000,0.00000500,0.0000,97.7312,8132.0168,0.0000,0.9792
206737,373,26,0.1000,0.00000500,0.0000,130.1285,8556.2036,0.0000,0.9760
206738,22,6,0.1000,0.00000500,0.0000,46.5449,7906.6593,0.0000,0.9844
206739,837,39,0.1000,0.00000500,0.0000,55.0622,8742.2381,0.0000,0.9704
206740,465,27,0.1000,0.00000500,0.0000,121.2768,8617.1738,0.0000,0.9780
206741,150,15,0.1000,0.00000500,0.0000,71.0553,8343.9757,0.0000,0.9792
206742,104,15,0.1000,0.00000500,0.0000,170.6549,8171.4925,0.0000,0.9729
206743,113,12,0.1000,0.00000500,0.0000,123.0919,8129.9815,0.0000,0.9818
206744,9292,144,0.1000,0.00000500,0.0000,90.4228,9829.2625,0.0000,0.9776
206745,1033,33,0.1000,0.00000500,0.0000,90.5730,8989.7812,0.0000,0.9801
206746,3629,66,0.1000,0.00000500,0.0000,95.1981,9701.0597,0.0000,0.9702
206747,8618,135,0.1000,0.00000500,0.0000,99.7024,9855.5877,0.0000,0.9806
206748,120,15,0.1000,0.00000500,0.0000,100.9315,8376.2912,0.0000,0.9812
206749,441,27,0.1000,0.00000500,0.0000,126.9948,8618.6112,0.0000,0.9838
206750,1388,42,0.1000,0.00000500,0.0000,96.7271,9178.1394,0.0000,0.9799
206751,4732,90,0.1000,0.00000500,0.0000,95.5211,9746.1586,0.0000,0.9819
206752,125,15,0.1000,0.00000500,0.0000,84.2335,8351.8234,0.0000,0.9771
206753,172,18,0.1000,0.00000500,0.0000,57.0931,8432.8549,0.0000,0.9861
206754,220,18,0.1000,0.00000500,0.0000,70.3855,8477.7885,0.0000,0.9809
206755,124,15,0.1000,0.00000500,0.0000,77.6417,8370.0868,0.0000,0.9792
206756,2034,54,0.1000,0.00000500,0.0000,69.3763,9226.9503,0.0000,0.9838
206757,208,18,0.1000,0.00000500,0.0000,89.2330,8362.6491,0.0000,0.9809
206758,78,14,0.1000,0.00000500,0.0000,67.2811,8097.2298,0.0000,0.9866
206759,26,6,0.1000,0.00000500,0.0000,62.9715,7912.6663,0.0000,0.9792
206760,86,12,0.1000,0.00000500,0.0000,130.3451,8288.9651,0.0000,0.9844
206761,37,9,0.1000,0.00000500,0.0000,97.2930,7909.6659,0.0000,0.9722
206762,550,25,0.1000,0.00000500,0.0000,80.6848,8795.9023,0.0000,0.9850
206763,273,18,0.1000,0.00000500,0.0000,93.8106,8669.8833,0.0000,0.9722
206764,213,15,0.1000,0.00000500,0.0000,97.5465,8287.9335,0.0000,0.9667
206765,1823,51,0.1000,0.00000500,0.0000,88.4278,9261.5249,0.0000,0.9798
206766,3296,60,0.1000,0.00000500,0.0000,83.6337,9742.4274,0.0000,0.9776
206767,55,9,0.1000,0.00000500,0.0000,79.6580,8230.8186,0.0000,0.9861
206768,218,18,0.1000,0.00000500,0.0000,131.7416,8217.8000,0.0000,0.9722
206769,4448,75,0.1000,0.00000500,0.0000,132.2466,9724.0593,0.0000,0.9792
206770,164,16,0.1000,0.00000500,0.0000,132.8662,8335.6056,0.0000,0.9766
206771,1687,45,0.1000,0.00000500,0.0000,86.9526,9460.5044,0.0000,0.9799
206772,9023,96,0.1000,0.00000500,0.0000,92.1080,10114.8286,0.0000,0.9798
206773,171,17,0.1000,0.00000500,0.0000,103.5133,8555.9446,0.0000,0.9853
206774,1499,39,0.1000,0.00000500,0.0000,73.5830,9345.4206,0.0000,0.9816
206775,59,12,0.1000,0.00000500,0.0000,118.7359,8061.1534,0.0000,0.9714
206776,213,21,0.1000,0.00000500,0.0000,138.3914,8362.5855,0.0000,0.9821
206777,532,24,0.1000,0.00000500,0.0000,83.5269,8781.8693,0.0000,0.9818
206778,222,18,0.1000,0.00000500,0.0000,76.9071,8531.9198,0.0000,0.9792
206779,102,12,0.1000,0.00000500,0.0000,65.1612,8022.8764,0.0000,0.9844
206780,5814,99,0.1000,0.00000500,0.0000,92.4408,9696.1113,0.0000,0.9830
206781,225,18,0.1000,0.00000500,0.0000,83.4802,8474.0729,0.0000,0.9931
206782,78,12,0.1000,0.00000500,0.0000,114.2406,8213.1803,0.0000,0.9792
206783,1261,39,0.1000,0.00000500,0.0000,110.5637,9228.9949,0.0000,0.9864
206784,2856,72,0.1000,0.00000500,0.0000,81.4305,9381.8671,0.0000,0.9805
206785,214,18,0.1000,0.00000500,0.0000,115.1260,8435.9089,0.0000,0.9757
206786,224,18,0.1000,0.00000500,0.0000,146.7919,8457.2261,0.0000,0.9618
206787,51,9,0.1000,0.00000500,0.0000,95.9851,8129.6405,0.0000,0.9826
206788,2670,63,0.1000,0.00000500,0.0000,99.8846,9559.4550,0.0000,0.9826
206789,3363,78,0.1000,0.00000500,0.0000,99.4465,9337.9807,0.0000,0.9820
206790,79,12,0.1000,0.00000500,0.0000,101.0432,8238.4436,0.0000,0.9844
206791,94,15,0.1000,0.00000500,0.0000,52.1723,8131.2493,0.0000,0.9750
206792,461,27,0.1000,0.00000500,0.0000,67.2990,8691.7285,0.0000,0.9838
206793,470,27,0.1000,0.00000500,0.0000,85.4342,8668.2901,0.0000,0.9850
206794,332,28,0.1000,0.00000500,0.0000,106.3352,8501.8454,0.0000,0.9799
206795,39,9,0.1000,0.00000500,0.0000,42.1798,8183.9141,0.0000,0.9826
206796,40,9,0.1000,0.00000500,0.0000,87.9613,8197.0309,0.0000,0.9896
206797,4367,69,0.1000,0.00000500,0.0000,87.0574,9857.3134,0.0000,0.9810
206798,188,18,0.1000,0.00000500,0.0000,97.1153,8434.7349,0.0000,0.9740
206799,2340,60,0.1000,0.00000500,0.0000,87.9413,9291.4046,0.0000,0.9771
206800,161,16,0.1000,0.00000500,0.0000,118.2527,8527.0419,0.0000,0.9727
206801,1865,36,0.1000,0.00000500,0.0000,79.9412,9359.8577,0.0000,0.9835
206802,240,26,0.1000,0.00000500,0.0000,88.1608,8625.2171,0.0000,0.9820
206803,28,6,0.1000,0.00000500,0.0000,104.5615,8075.3078,0.0000,0.9792
206804,296,20,0.1000,0.00000500,0.0000,80.8915,8573.8810,0.0000,0.9781
206805,891,30,0.1000,0.00000500,0.0000,89.9866,8850.3519,0.0000,0.9802
206806,2279,48,0.1000,0.00000500,0.0000,78.7906,9414.5584,0.0000,0.9785
206807,11932,111,0.1000,0.00000500,0.0000,95.4578,10392.7885,0.0000,0.9786
206808,3503,63,0.1000,0.00000500,0.0000,101.9611,9621.2460,0.0000,0.9826
206809,6214,102,0.1000,0.00000500,0.0000,99.6936,9752.8725,0.0000,0.9807
206810,9367,88,0.1000,0.00000500,0.0000,103.6581,10426.1290,0.0000,0.9787
206811,2796,59,0.1000,0.00000500,0.0000,92.9232,9763.2942,0.0000,0.9799
206812,375,24,0.1000,0.00000500,0.0000,95.2706,8969.7086,0.0000,0.9779
206813,2536,42,0.1000,0.00000500,0.0000,114.1908,9735.4868,0.0000,0.9717
206814,4455,90,0.1000,0.00000500,0.0000,99.5757,9823.3419,0.0000,0.9802
206815,43,12,0.1000,0.00000500,0.0000,133.6221,8170.1658,0.0000,0.9792
206816,2211,57,0.1000,0.00000500,0.0000,65.5483,9319.1157,0.0000,0.9830
206817,2495,48,0.1000,0.00000500,0.0000,88.0420,9740.4886,0.0000,0.9824
206818,6829,125,0.1000,0.00000500,0.0000,92.7756,9758.1980,0.0000,0.9798
206819,1891,48,0.1000,0.00000500,0.0000,116.0078,9495.6162,0.0000,0.9772
206820,6801,96,0.1000,0.00000500,0.0000,82.1080,9941.0209,0.0000,0.9808
206821,658,27,0.1000,0.00000500,0.0000,93.7899,8935.6514,0.0000,0.9757
206822,101,15,0.1000,0.00000500,0.0000,107.0103,8201.8501,0.0000,0.9875
206823,283,24,0.1000,0.00000500,0.0000,83.6562,8706.5389,0.0000,0.9805
206824,2566,63,0.1000,0.00000500,0.0000,85.8772,9416.3922,0.0000,0.9826
206825,35,9,0.1000,0.00000500,0.0000,105.0117,8123.5367,0.0000,0.9792
206826,42,12,0.1000,0.00000500,0.0000,138.8048,8231.2402,0.0000,0.9740
206827,1153,30,0.1000,0.00000500,0.0000,78.4622,9306.4031,0.0000,0.9823
206828,54,9,0.1000,0.00000500,0.0000,143.1023,8132.4669,0.0000,0.9757
206829,4469,96,0.1000,0.00000500,0.0000,95.8570,9607.2387,0.0000,0.9788
206830,74,11,0.1000,0.00000500,0.0000,105.3814,8102.3658,0.0000,0.9688
206831,416,28,0.1000,0.00000500,0.0000,85.0139,8690.2884,0.0000,0.9777
206832,57,12,0.1000,0.00000500,0.0000,136.1919,8262.1683,0.0000,0.9740
206833,1070,42,0.1000,0.00000500,0.0000,66.3232,9036.6984,0.0000,0.9777
206834,40,9,0.1000,0.00000500,0.0000,80.8945,8093.5259,0.0000,0.9792
206835,31,9,0.1000,0.00000500,0.0000,67.2357,8088.1884,0.0000,0.9896
206836,26,6,0.1000,0.00000500,0.0000,92.2248,8021.6050,0.0000,0.9896
206837,348,21,0.1000,0.00000500,0.0000,84.5305,8655.5550,0.0000,0.9821
206838,2477,46,0.1000,0.00000500,0.0000,104.5676,9876.7626,0.0000,0.9810
206839,652,27,0.1000,0.00000500,0.0000,85.9749,9065.2091,0.0000,0.9803
206840,5163,84,0.1000,0.00000500,0.0000,87.7940,9747.6461,0.0000,0.9795
206841,55,12,0.1000,0.00000500,0.0000,138.7829,8378.9386,0.0000,0.9766
206842,3834,78,0.1000,0.00000500,0.0000,76.4549,9713.8520,0.0000,0.9804
206843,36,9,0.1000,0.00000500,0.0000,78.8686,8153.9362,0.0000,0.9792
206844,794,42,0.1000,0.00000500,0.0000,95.2346,8923.3016,0.0000,0.9777
206845,276,18,0.1000,0.00000500,0.0000,83.9755,8697.6604,0.0000,0.9792
206846,2483,48,0.1000,0.00000500,0.0000,103.2707,9729.6760,0.0000,0.9818
206847,2915,45,0.1000,0.00000500,0.0000,131.2966,9820.9451,0.0000,0.9729
206848,253,21,0.1000,0.00000500,0.0000,84.9859,8456.7587,0.0000,0.9881
206849,862,36,0.1000,0.00000500,0.0000,79.6478,8981.1629,0.0000,0.9783
206850,44,12,0.1000,0.00000500,0.0000,79.3639,8071.7074,0.0000,0.9922
206851,36,9,0.1000,0.00000500,0.0000,59.8440,8124.2477,0.0000,0.9826
206852,1258,45,0.1000,0.00000500,0.0000,123.5920,9389.7533,0.0000,0.9688
206853,2786,64,0.1000,0.00000500,0.0000,82.9514,9448.6178,0.0000,0.9814
206854,168,15,0.1000,0.00000500,0.0000,97.2634,8628.7622,0.0000,0.9750
206855,414,12,0.1000,0.00000500,0.0000,137.5789,7996.2751,0.0000,0.9766
206856,5199,105,0.1000,0.00000500,0.0000,97.3555,9723.9534,0.0000,0.9795
206857,75,12,0.1000,0.00000500,0.0000,162.3068,8151.4800,0.0000,0.9688
206858,354,27,0.1000,0.00000500,0.0000,90.8169,8689.8592,0.0000,0.9815
206859,2333,51,0.1000,0.00000500,0.0000,80.9477,9635.5921,0.0000,0.9847
206860,4629,69,0.1000,0.00000500,0.0000,142.0648,9998.8064,0.0000,0.9755
206861,3757,79,0.1000,0.00000500,0.0000,129.4377,9772.8824,0.0000,0.9755
206862,733,33,0.1000,0.00000500,0.0000,78.8402,8885.8202,0.0000,0.9886
206863,14495,183,0.1000,0.00000500,0.0000,108.0229,10376.2245,0.0000,0.9783
206864,48,9,0.1000,0.00000500,0.0000,177.1352,8220.8931,0.0000,0.9722
206865,1542,48,0.1000,0.00000500,0.0000,106.3602,9261.3081,0.0000,0.9753
206866,88,16,0.1000,0.00000500,0.0000,82.7522,8447.7446,0.0000,0.9629
206867,1536,42,0.1000,0.00000500,0.0000,86.3917,9323.1510,0.0000,0.9836
206868,1030,33,0.1000,0.00000500,0.0000,110.1891,9179.8399,0.0000,0.9754
206869,7000,102,0.1000,0.00000500,0.0000,117.1286,9998.4442,0.0000,0.9804
206870,48,9,0.1000,0.00000500,0.0000,129.1208,8204.6092,0.0000,0.9861
206871,452,24,0.1000,0.00000500,0.0000,139.1272,8943.6507,0.0000,0.9779
206872,774,30,0.1000,0.00000500,0.0000,118.2088,9174.2397,0.0000,0.9667
206873,160,15,0.1000,0.00000500,0.0000,78.8315,8519.7196,0.0000,0.9750
206874,749,36,0.1000,0.00000500,0.0000,72.5712,8798.2635,0.0000,0.9835
206875,25,6,0.1000,0.00000500,0.0000,41.8784,8041.5068,0.0000,0.9688
206876,39,9,0.1000,0.00000500,0.0000,112.7967,8314.5701,0.0000,0.9653
206877,305,21,0.1000,0.00000500,0.0000,70.0271,8611.6667,0.0000,0.9747
206878,793,33,0.1000,0.00000500,0.0000,94.2714,8952.8672,0.0000,0.9820
206879,2602,63,0.1000,0.00000500,0.0000,87.9952,9541.4012,0.0000,0.9787
206880,2019,63,0.1000,0.00000500,0.0000,103.7620,9358.7601,0.0000,0.9712
206881,440,24,0.1000,0.00000500,0.0000,79.7194,8762.5051,0.0000,0.9740
206882,299,21,0.1000,0.00000500,0.0000,88.5029,8893.7204,0.0000,0.9851
206883,39,6,0.1000,0.00000500,0.0000,45.9608,8040.4266,0.0000,0.9844
206884,42,13,0.1000,0.00000500,0.0000,103.8422,8311.1853,0.0000,0.9808
206885,3083,72,0.1000,0.00000500,0.0000,86.6933,9645.8505,0.0000,0.9831
206886,1866,45,0.1000,0.00000500,0.0000,88.7393,9487.8836,0.0000,0.9812
206887,2682,60,0.1000,0.00000500,0.0000,107.0015,9865.7929,0.0000,0.9797
206888,281,21,0.1000,0.00000500,0.0000,111.3729,8681.6793,0.0000,0.9821
206889,1300,53,0.1000,0.00000500,0.0000,77.4717,9262.3567,0.0000,0.9788
206890,112,12,0.1000,0.00000500,0.0000,101.1371,8521.2970,0.0000,0.9870
206891,3210,84,0.1000,0.00000500,0.0000,119.6826,9289.3536,0.0000,0.9803
206892,110,15,0.1000,0.00000500,0.0000,110.0359,8706.4720,0.0000,0.9771
206893,1972,54,0.1000,0.00000500,0.0000,105.2969,9376.6669,0.0000,0.9734
206894,6633,105,0.1000,0.00000500,0.0000,80.1468,10036.0636,0.0000,0.9815
206895,10276,177,0.1000,0.00000500,0.0000,96.9948,10033.4161,0.0000,0.9800
206896,647,39,0.1000,0.00000500,0.0000,98.2786,8806.0537,0.0000,0.9824
206897,242,22,0.1000,0.00000500,0.0000,103.1692,8494.4618,0.0000,0.9830
206898,570,33,0.1000,0.00000500,0.0000,79.2877,9017.9244,0.0000,0.9811
206899,214,18,0.1000,0.00000500,0.0000,67.1199,8715.7540,0.0000,0.9844
206900,3734,60,0.1000,0.00000500,0.0000,101.6446,10162.8339,0.0000,0.9797
206901,523,24,0.1000,0.00000500,0.0000,90.0066,8949.7707,0.0000,0.9766
206902,34,9,0.1000,0.00000500,0.0000,112.5622,8220.0596,0.0000,0.9792
206903,1219,45,0.1000,0.00000500,0.0000,85.8716,9081.9425,0.0000,0.9854
206904,1334,36,0.1000,0.00000500,0.0000,80.0641,9421.9005,0.0000,0.9835
206905,36,9,0.1000,0.00000500,0.0000,150.4134,8277.5028,0.0000,0.9688
206906,1829,55,0.1000,0.00000500,0.0000,107.0366,9417.2148,0.0000,0.9744
206907,11179,96,0.1000,0.00000500,0.0000,83.0230,10667.1061,0.0000,0.9840
206908,41,12,0.1000,0.00000500,0.0000,110.1346,8206.3621,0.0000,0.9818
206909,2226,60,0.1000,0.00000500,0.0000,92.7245,9559.9649,0.0000,0.9823
206910,78,12,0.1000,0.00000500,0.0000,162.5299,8419.1517,0.0000,0.9740
206911,669,32,0.1000,0.00000500,0.0000,97.2566,8903.8581,0.0000,0.9756
206912,888,29,0.1000,0.00000500,0.0000,120.2070,9499.0558,0.0000,0.9763
206913,2287,51,0.1000,0.00000500,0.0000,107.4851,9647.2718,0.0000,0.9779
206914,2313,60,0.1000,0.00000500,0.0000,90.4025,9480.2405,0.0000,0.9781
206915,112,15,0.1000,0.00000500,0.0000,134.0716,8594.0469,0.0000,0.9750
206916,27,6,0.1000,0.00000500,0.0000,54.8397,8157.1310,0.0000,0.9740
206917,9058,132,0.1000,0.00000500,0.0000,96.4676,10052.3256,0.0000,0.9770
206918,34,9,0.1000,0.00000500,0.0000,105.2463,8131.8568,0.0000,0.9792
206919,445,21,0.1000,0.00000500,0.0000,171.5542,8940.9896,0.0000,0.9702
206920,10015,105,0.1000,0.00000500,0.0000,104.5126,10385.7676,0.0000,0.9818
206921,1962,51,0.1000,0.00000500,0.0000,90.5507,9190.7547,0.0000,0.9835
206922,1190,39,0.1000,0.00000500,0.0000,111.4741,9437.8202,0.0000,0.9760
206923,656,27,0.1000,0.00000500,0.0000,82.9579,9040.5609,0.0000,0.9838
206924,3243,60,0.1000,0.00000500,0.0000,105.2713,9995.8694,0.0000,0.9807
206925,2600,81,0.1000,0.00000500,0.0000,115.4345,9455.9085,0.0000,0.9757
206926,38,9,0.1000,0.00000500,0.0000,129.2310,8345.9712,0.0000,0.9792
206927,4513,81,0.1000,0.00000500,0.0000,106.1142,9971.9233,0.0000,0.9792
206928,298,25,0.1000,0.00000500,0.0000,84.7211,8840.7551,0.0000,0.9812
206929,7324,81,0.1000,0.00000500,0.0000,123.7127,10445.1049,0.0000,0.9799
206930,1551,45,0.1000,0.00000500,0.0000,91.0272,9549.2233,0.0000,0.9792
206931,2350,56,0.1000,0.00000500,0.0000,86.8396,9707.2095,0.0000,0.9827
206932,14284,153,0.1000,0.00000500,0.0000,103.2048,10443.8589,0.0000,0.9792
206933,226,18,0.1000,0.00000500,0.0000,95.6312,8849.4673,0.0000,0.9878
206934,3737,93,0.1000,0.00000500,0.0000,106.3855,9547.7428,0.0000,0.9822
206935,4002,60,0.1000,0.00000500,0.0000,99.4519,10214.5777,0.0000,0.9776
206936,2738,54,0.1000,0.00000500,0.0000,118.5951,9960.9420,0.0000,0.9774
206937,2499,51,0.1000,0.00000500,0.0000,89.3401,10125.4893,0.0000,0.9816
206938,1351,33,0.1000,0.00000500,0.0000,98.2304,9776.5048,0.0000,0.9782
206939,82,15,0.1000,0.00000500,0.0000,71.4990,8372.1889,0.0000,0.9875
206940,449,21,0.1000,0.00000500,0.0000,76.7669,8953.9119,0.0000,0.9836
206941,1499,66,0.1000,0.00000500,0.0000,86.6488,9247.5584,0.0000,0.9853
206942,229,20,0.1000,0.00000500,0.0000,72.0425,8767.6045,0.0000,0.9844
206943,92,18,0.1000,0.00000500,0.0000,66.8462,8576.8499,0.0000,0.9844
206944,2976,65,0.1000,0.00000500,0.0000,101.3412,9885.3721,0.0000,0.9798
206945,624,33,0.1000,0.00000500,0.0000,114.0228,9091.4673,0.0000,0.9801
206946,4712,120,0.1000,0.00000500,0.0000,98.4478,9697.8690,0.0000,0.9820
206947,1336,38,0.1000,0.00000500,0.0000,88.6636,9579.2708,0.0000,0.9852
206948,1670,58,0.1000,0.00000500,0.0000,109.3381,9364.1782,0.0000,0.9752
206949,10765,141,0.1000,0.00000500,0.0000,98.6879,10227.9859,0.0000,0.9805
206950,581,33,0.1000,0.00000500,0.0000,79.2105,9180.6533,0.0000,0.9792
206951,2436,60,0.1000,0.00000500,0.0000,92.9159,9545.5656,0.0000,0.9828
206952,2330,51,0.1000,0.00000500,0.0000,104.8690,9758.7910,0.0000,0.9773
206953,795,36,0.1000,0.00000500,0.0000,82.0985,9121.4208,0.0000,0.9835
206954,121,15,0.1000,0.00000500,0.0000,138.1375,8861.8306,0.0000,0.9771
206955,48,9,0.1000,0.00000500,0.0000,54.8306,8269.0164,0.0000,0.9861
206956,160,15,0.1000,0.00000500,0.0000,50.8376,8822.3209,0.0000,0.9833
206957,2067,45,0.1000,0.00000500,0.0000,124.0485,9833.0179,0.0000,0.9792
206958,220,18,0.1000,0.00000500,0.0000,119.3379,8971.9364,0.0000,0.9861
206959,4328,99,0.1000,0.00000500,0.0000,101.8904,9849.2427,0.0000,0.9776
206960,727,39,0.1000,0.00000500,0.0000,104.2798,9119.8273,0.0000,0.9744
206961,1277,39,0.1000,0.00000500,0.0000,91.8526,9614.6395,0.0000,0.9800
206962,151,15,0.1000,0.00000500,0.0000,95.8757,8625.6226,0.0000,0.9854
206963,6128,126,0.1000,0.00000500,0.0000,103.8487,9986.0818,0.0000,0.9812
206964,2698,48,0.1000,0.00000500,0.0000,82.8431,10014.7243,0.0000,0.9805
206965,662,28,0.1000,0.00000500,0.0000,97.0228,9358.5752,0.0000,0.9777
206966,50,9,0.1000,0.00000500,0.0000,103.8571,8429.7831,0.0000,0.9826
206967,6876,100,0.1000,0.00000500,0.0000,84.3059,10400.9544,0.0000,0.9772
206968,46,9,0.1000,0.00000500,0.0000,90.9232,8368.8869,0.0000,0.9757
206969,2116,84,0.1000,0.00000500,0.0000,97.5650,9386.2763,0.0000,0.9795
206970,4156,81,0.1000,0.00000500,0.0000,100.8541,10104.2371,0.0000,0.9796
206971,5028,84,0.1000,0.00000500,0.0000,97.1248,9965.1939,0.0000,0.9784
206972,455,24,0.1000,0.00000500,0.0000,90.5434,8857.5792,0.0000,0.9792
206973,151,15,0.1000,0.00000500,0.0000,91.8755,8794.1711,0.0000,0.9792
206974,40,9,0.1000,0.00000500,0.0000,72.3490,8425.2703,0.0000,0.9861
206975,3477,60,0.1000,0.00000500,0.0000,116.4901,10088.3988,0.0000,0.9797
206976,118,14,0.1000,0.00000500,0.0000,104.3751,8400.3815,0.0000,0.9754
206977,221,18,0.1000,0.00000500,0.0000,126.2273,8864.4088,0.0000,0.9792
206978,86,15,0.1000,0.00000500,0.0000,109.1470,8575.6183,0.0000,0.9750
206979,81,12,0.1000,0.00000500,0.0000,76.7441,8587.2716,0.0000,0.9714
206980,7781,159,0.1000,0.00000500,0.0000,117.3490,9996.0493,0.0000,0.9721
206981,27,6,0.1000,0.00000500,0.0000,76.5307,8302.3785,0.0000,0.9896
206982,79,12,0.1000,0.00000500,0.0000,79.9544,8612.5431,0.0000,0.9896
206983,2832,66,0.1000,0.00000500,0.0000,93.0237,9905.7430,0.0000,0.9834
206984,8541,149,0.1000,0.00000500,0.0000,104.5648,10191.6372,0.0000,0.9725
206985,1651,51,0.1000,0.00000500,0.0000,88.5636,9635.2439,0.0000,0.9877
206986,35,9,0.1000,0.00000500,0.0000,139.0605,8578.6756,0.0000,0.9792
206987,4009,63,0.1000,0.00000500,0.0000,86.1498,10379.1413,0.0000,0.9717
206988,352,21,0.1000,0.00000500,0.0000,122.9063,8966.7471,0.0000,0.9762
206989,28,5,0.1000,0.00000500,0.0000,92.8998,8312.8158,0.0000,0.9688
206990,288,18,0.1000,0.00000500,0.0000,86.7379,9006.6381,0.0000,0.9722
206991,165,18,0.1000,0.00000500,0.0000,110.8609,8771.4533,0.0000,0.9861
206992,2387,64,0.1000,0.00000500,0.0000,99.8738,9657.7056,0.0000,0.9766
206993,286,24,0.1000,0.00000500,0.0000,119.2802,8922.3019,0.0000,0.9831
206994,39,9,0.1000,0.00000500,0.0000,140.6512,8423.8319,0.0000,0.9722
206995,30,9,0.1000,0.00000500,0.0000,115.8488,8321.5823,0.0000,0.9792
206996,1029,33,0.1000,0.00000500,0.0000,89.3313,9515.0945,0.0000,0.9782
206997,2247,57,0.1000,0.00000500,0.0000,130.4626,9686.4760,0.0000,0.9808
206998,10742,168,0.1000,0.00000500,0.0000,107.1157,10234.1875,0.0000,0.9766
206999,2969,53,0.1000,0.00000500,0.0000,106.8123,10096.1972,0.0000,0.9847
207000,113,12,0.1000,0.00000500,0.0000,133.8478,8678.5111,0.0000,0.9740
207001,227,18,0.1000,0.00000500,0.0000,67.0754,8719.9470,0.0000,0.9653
207002,119,12,0.1000,0.00000500,0.0000,56.4943,8659.5215,0.0000,0.9740
207003,1355,45,0.1000,0.00000500,0.0000,110.7195,9550.8998,0.0000,0.9785
207004,525,24,0.1000,0.00000500,0.0000,77.9910,9371.4535,0.0000,0.9831
207005,298,21,0.1000,0.00000500,0.0000,138.2925,9059.5800,0.0000,0.9821
207006,1195,48,0.1000,0.00000500,0.0000,74.8757,9521.7992,0.0000,0.9837
207007,550,27,0.1000,0.00000500,0.0000,87.1011,9277.6328,0.0000,0.9850
207008,124,15,0.1000,0.00000500,0.0000,133.6210,8734.9862,0.0000,0.9833
207009,2728,57,0.1000,0.00000500,0.0000,84.7632,10238.6395,0.0000,0.9830
207010,274,20,0.1000,0.00000500,0.0000,63.8190,8885.3962,0.0000,0.9812
207011,548,25,0.1000,0.00000500,0.0000,134.6821,9204.5332,0.0000,0.9788
207012,20,6,0.1000,0.00000500,0.0000,37.2014,8200.4491,0.0000,0.9844
207013,2740,66,0.1000,0.00000500,0.0000,89.8029,9796.4026,0.0000,0.9839
207014,28,6,0.1000,0.00000500,0.0000,85.3537,8438.7839,0.0000,0.9688
207015,21,6,0.1000,0.00000500,0.0000,51.3660,8265.8334,0.0000,0.9688
207016,278,18,0.1000,0.00000500,0.0000,116.9203,9014.2955,0.0000,0.9740
207017,945,48,0.1000,0.00000500,0.0000,81.6337,9170.0079,0.0000,0.9850
207018,356,21,0.1000,0.00000500,0.0000,82.5020,9061.3161,0.0000,0.9777
207019,778,27,0.1000,0.00000500,0.0000,109.2455,9404.5280,0.0000,0.9792
207020,397,27,0.1000,0.00000500,0.0000,137.8422,9000.3208,0.0000,0.9769
207021,154,15,0.1000,0.00000500,0.0000,83.3368,8714.6847,0.0000,0.9875
207022,3763,69,0.1000,0.00000500,0.0000,63.1205,10052.6049,0.0000,0.9796
207023,125,18,0.1000,0.00000500,0.0000,105.2966,8676.6286,0.0000,0.9861
207024,2433,63,0.1000,0.00000500,0.0000,91.8864,9852.8190,0.0000,0.9836
207025,205,18,0.1000,0.00000500,0.0000,68.9620,8917.1521,0.0000,0.9792
207026,41,11,0.1000,0.00000500,0.0000,69.9565,8418.1077,0.0000,0.9773
207027,242,18,0.1000,0.00000500,0.0000,129.5899,9034.0039,0.0000,0.9774
207028,39,9,0.1000,0.00000500,0.0000,84.1970,8594.7777,0.0000,0.9861
207029,51,12,0.1000,0.00000500,0.0000,76.7775,8365.0430,0.0000,0.9844
207030,210,21,0.1000,0.00000500,0.0000,87.0382,8803.1830,0.0000,0.9851
207031,51,12,0.1000,0.00000500,0.0000,91.8958,8556.1694,0.0000,0.9896
207032,1030,36,0.1000,0.00000500,0.0000,85.9691,9535.6412,0.0000,0.9792
207033,2711,42,0.1000,0.00000500,0.0000,107.6990,10036.7992,0.0000,0.9792
207034,83,13,0.1000,0.00000500,0.0000,106.1911,8652.7966,0.0000,0.9856
207035,291,21,0.1000,0.00000500,0.0000,143.3100,9204.0115,0.0000,0.9762
207036,2078,47,0.1000,0.00000500,0.0000,104.5310,9868.9736,0.0000,0.9807
207037,49,12,0.1000,0.00000500,0.0000,94.4094,8557.7856,0.0000,0.9688
207038,70,9,0.1000,0.00000500,0.0000,95.5401,8557.6810,0.0000,0.9861
207039,1178,36,0.1000,0.00000500,0.0000,101.4714,9686.8824,0.0000,0.9792
207040,687,30,0.1000,0.00000500,0.0000,104.3945,9038.1819,0.0000,0.9823
207041,71,9,0.1000,0.00000500,0.0000,87.5174,8777.9530,0.0000,0.9826
207042,50,9,0.1000,0.00000500,0.0000,119.0048,8709.5986,0.0000,0.9792
207043,221,18,0.1000,0.00000500,0.0000,71.7781,8921.5875,0.0000,0.9740
207044,4142,99,0.1000,0.00000500,0.0000,111.7929,10151.8767,0.0000,0.9807
207045,34,9,0.1000,0.00000500,0.0000,51.9179,8269.4620,0.0000,0.9965
207046,36,9,0.1000,0.00000500,0.0000,78.7024,8652.5998,0.0000,0.9965
207047,599,27,0.1000,0.00000500,0.0000,79.1530,8941.7031,0.0000,0.9769
207048,1810,42,0.1000,0.00000500,0.0000,112.3466,9664.4686,0.0000,0.9814
207049,1892,63,0.1000,0.00000500,0.0000,109.5555,9720.3022,0.0000,0.9767
207050,3370,75,0.1000,0.00000500,0.0000,115.8600,10113.0776,0.0000,0.9821
207051,120,15,0.1000,0.00000500,0.0000,85.8251,8808.4159,0.0000,0.9729
207052,119,15,0.1000,0.00000500,0.0000,108.8931,8801.5223,0.0000,0.9729
207053,88,15,0.1000,0.00000500,0.0000,111.3437,8793.7454,0.0000,0.9792
207054,361,21,0.1000,0.00000500,0.0000,102.1598,9169.7121,0.0000,0.9747
207055,759,27,0.1000,0.00000500,0.0000,104.8914,9386.1094,0.0000,0.9826
207056,165,18,0.1000,0.00000500,0.0000,97.6867,8984.8317,0.0000,0.9826
207057,565,27,0.1000,0.00000500,0.0000,129.0959,9254.3333,0.0000,0.9745
207058,5280,96,0.1000,0.00000500,0.0000,95.9167,10351.9654,0.0000,0.9801
207059,7536,111,0.1000,0.00000500,0.0000,106.6834,10319.9092,0.0000,0.9780
207060,446,21,0.1000,0.00000500,0.0000,146.7020,9222.5021,0.0000,0.9777
207061,2521,54,0.1000,0.00000500,0.0000,119.7678,10465.6971,0.0000,0.9786
207062,2249,45,0.1000,0.00000500,0.0000,108.0363,10186.9436,0.0000,0.9778
207063,171,18,0.1000,0.00000500,0.0000,171.2801,8802.0100,0.0000,0.9705
207064,181,18,0.1000,0.00000500,0.0000,98.0403,8783.4039,0.0000,0.9792
207065,5006,93,0.1000,0.00000500,0.0000,95.6217,10125.4663,0.0000,0.9768
207066,808,42,0.1000,0.00000500,0.0000,92.9226,9266.7532,0.0000,0.9799
207067,38,12,0.1000,0.00000500,0.0000,95.9967,8494.6428,0.0000,0.9896
207068,222,18,0.1000,0.00000500,0.0000,107.0669,8997.0170,0.0000,0.9826
207069,9456,138,0.1000,0.00000500,0.0000,97.2527,10276.1603,0.0000,0.9798
207070,40,11,0.1000,0.00000500,0.0000,143.9408,8564.6327,0.0000,0.9744
207071,928,39,0.1000,0.00000500,0.0000,71.4212,9353.7340,0.0000,0.9840
207072,6483,124,0.1000,0.00000500,0.0000,117.2572,10345.8944,0.0000,0.9803
207073,60,12,0.1000,0.00000500,0.0000,73.3113,8648.1501,0.0000,0.9870
207074,171,18,0.1000,0.00000500,0.0000,69.7507,8985.1631,0.0000,0.9844
207075,3725,78,0.1000,0.00000500,0.0000,114.0818,9866.7111,0.0000,0.9784
207076,631,24,0.1000,0.00000500,0.0000,126.9380,9461.4408,0.0000,0.9740
207077,44,9,0.1000,0.00000500,0.0000,108.0126,8561.9523,0.0000,0.9826
207078,1437,48,0.1000,0.00000500,0.0000,119.8698,9379.5211,0.0000,0.9746
207079,39,9,0.1000,0.00000500,0.0000,132.9446,8321.9697,0.0000,0.9826
207080,453,24,0.1000,0.00000500,0.0000,104.4440,9116.1403,0.0000,0.9896
207081,4150,84,0.1000,0.00000500,0.0000,103.7651,10273.6573,0.0000,0.9788
207082,4003,60,0.1000,0.00000500,0.0000,88.2922,10338.2790,0.0000,0.9766
207083,27,6,0.1000,0.00000500,0.0000,116.5574,8453.3110,0.0000,0.9948
207084,1355,39,0.1000,0.00000500,0.0000,75.5807,9849.6069,0.0000,0.9880
207085,634,32,0.1000,0.00000500,0.0000,96.0794,9257.3176,0.0000,0.9795
207086,30,9,0.1000,0.00000500,0.0000,145.0276,0.0000,0.0000,0.9931
207087,577,33,0.1000,0.00000500,0.0000,108.4689,9232.1355,0.0000,0.9792
207088,165,15,0.1000,0.00000500,0.0000,110.3698,8943.4540,0.0000,0.9771
207089,60,12,0.1000,0.00000500,0.0000,166.8436,8777.4670,0.0000,0.9714
207090,1357,40,0.1000,0.00000500,0.0000,102.9707,9713.8341,0.0000,0.9758
207091,51,12,0.1000,0.00000500,0.0000,135.0389,8567.8198,0.0000,0.9870
207092,7254,132,0.1000,0.00000500,0.0000,108.2909,10377.6216,0.0000,0.9837
207093,3959,73,0.1000,0.00000500,0.0000,83.0059,10160.2838,0.0000,0.9807
207094,1493,39,0.1000,0.00000500,0.0000,129.4552,9715.7735,0.0000,0.9824
207095,4482,108,0.1000,0.00000500,0.0000,131.1086,9981.7789,0.0000,0.9763
207096,36,9,0.1000,0.00000500,0.0000,104.3267,8580.6557,0.0000,0.9688
207097,2873,75,0.1000,0.00000500,0.0000,97.6785,9987.6735,0.0000,0.9800
207098,50,9,0.1000,0.00000500,0.0000,129.5917,8686.7203,0.0000,0.9757
207099,55,12,0.1000,0.00000500,0.0000,112.4723,8855.9021,0.0000,0.9844
207100,151,15,0.1000,0.00000500,0.0000,123.5527,8873.8031,0.0000,0.9792
207101,1324,37,0.1000,0.00000500,0.0000,113.5423,9792.1583,0.0000,0.9831
207102,1864,45,0.1000,0.00000500,0.0000,95.9504,10084.1926,0.0000,0.9792
207103,1068,51,0.1000,0.00000500,0.0000,98.8726,9333.7342,0.0000,0.9816
207104,230,18,0.1000,0.00000500,0.0000,76.8463,9222.7657,0.0000,0.9792
207105,2463,57,0.1000,0.00000500,0.0000,87.4115,10004.2538,0.0000,0.9852
207106,85,13,0.1000,0.00000500,0.0000,53.6366,8810.6689,0.0000,0.9928
207107,1899,57,0.1000,0.00000500,0.0000,102.0569,9726.1606,0.0000,0.9775
207108,111,15,0.1000,0.00000500,0.0000,48.0370,8782.5878,0.0000,0.9917
207109,88,15,0.1000,0.00000500,0.0000,81.6575,8649.0472,0.0000,0.9854
207110,147,15,0.1000,0.00000500,0.0000,129.6159,8847.6575,0.0000,0.9708
207111,59,15,0.1000,0.00000500,0.0000,119.0200,8692.8367,0.0000,0.9812
207112,384,27,0.1000,0.00000500,0.0000,86.8569,9134.0129,0.0000,0.9815
207113,10208,133,0.1000,0.00000500,0.0000,114.5307,10479.1150,0.0000,0.9793
207114,721,33,0.1000,0.00000500,0.0000,82.2782,9473.2926,0.0000,0.9782
207115,2277,45,0.1000,0.00000500,0.0000,109.3016,10230.1986,0.0000,0.9750
207116,122,15,0.1000,0.00000500,0.0000,93.8802,8842.5076,0.0000,0.9917
207117,14749,116,0.1000,0.00000500,0.0000,101.4195,10971.6695,0.0000,0.9798
207118,219,18,0.1000,0.00000500,0.0000,81.4769,9017.2941,0.0000,0.9740
207119,3730,56,0.1000,0.00000500,0.0000,104.8788,10474.2147,0.0000,0.9782
207120,2720,48,0.1000,0.00000500,0.0000,80.5230,10429.5319,0.0000,0.9844
207121,165,17,0.1000,0.00000500,0.0000,85.8666,8923.1092,0.0000,0.9816
207122,366,21,0.1000,0.00000500,0.0000,111.0027,9280.2240,0.0000,0.9836
207123,226,18,0.1000,0.00000500,0.0000,98.0775,9177.7889,0.0000,0.9740
207124,35,9,0.1000,0.00000500,0.0000,148.2163,8519.2332,0.0000,0.9688
207125,29,6,0.1000,0.00000500,0.0000,141.8876,8585.1748,0.0000,0.9896
207126,2817,51,0.1000,0.00000500,0.0000,111.8250,10309.0726,0.0000,0.9737
207127,234,20,0.1000,0.00000500,0.0000,68.1935,9090.6815,0.0000,0.9859
207128,2482,48,0.1000,0.00000500,0.0000,108.8317,10352.5220,0.0000,0.9759
207129,614,30,0.1000,0.00000500,0.0000,91.6684,9395.2784,0.0000,0.9792
207130,762,30,0.1000,0.00000500,0.0000,111.4676,9640.8098,0.0000,0.9812
207131,25,6,0.1000,0.00000500,0.0000,57.5721,8636.6348,0.0000,0.9896
207132,8261,120,0.1000,0.00000500,0.0000,86.7358,10608.2775,0.0000,0.9810
207133,893,30,0.1000,0.00000500,0.0000,101.0317,9715.2506,0.0000,0.9833
207134,30165,255,0.1000,0.00000500,0.0000,97.9645,10596.4306,0.0000,0.9801
207135,163,15,0.1000,0.00000500,0.0000,120.2647,9003.9201,0.0000,0.9812
207136,895,33,0.1000,0.00000500,0.0000,113.8551,9948.9981,0.0000,0.9744
207137,8098,89,0.1000,0.00000500,0.0000,97.0559,10817.4530,0.0000,0.9772
207138,34,9,0.1000,0.00000500,0.0000,62.3910,8312.1322,0.0000,0.9792
207139,514,23,0.1000,0.00000500,0.0000,94.1238,9110.8430,0.0000,0.9755
207140,6214,90,0.1000,0.00000500,0.0000,88.1849,10549.2327,0.0000,0.9861
207141,43,9,0.1000,0.00000500,0.0000,148.5366,8874.9553,0.0000,0.9549
207142,81,15,0.1000,0.00000500,0.0000,135.0802,8786.2463,0.0000,0.9833
207143,2277,48,0.1000,0.00000500,0.0000,110.2324,10116.0963,0.0000,0.9707
207144,75,12,0.1000,0.00000500,0.0000,124.8321,8757.7498,0.0000,0.9792
207145,630,33,0.1000,0.00000500,0.0000,96.6744,9178.8121,0.0000,0.9744
207146,54,12,0.1000,0.00000500,0.0000,69.9543,8790.6611,0.0000,0.9818
207147,35,9,0.1000,0.00000500,0.0000,92.4052,8698.0949,0.0000,0.9792
207148,25,6,0.1000,0.00000500,0.0000,56.0815,8513.5877,0.0000,1.0000
207149,57,12,0.1000,0.00000500,0.0000,103.7019,8784.6998,0.0000,0.9740
207150,2261,46,0.1000,0.00000500,0.0000,88.2619,10198.0350,0.0000,0.9789
207151,868,39,0.1000,0.00000500,0.0000,81.6415,9517.6725,0.0000,0.9792
207152,2724,54,0.1000,0.00000500,0.0000,107.5207,10428.0200,0.0000,0.9797
207153,556,27,0.1000,0.00000500,0.0000,102.7515,9461.4328,0.0000,0.9757
207154,208,18,0.1000,0.00000500,0.0000,71.8004,9041.6204,0.0000,0.9844
207155,32,8,0.1000,0.00000500,0.0000,157.3165,8565.0718,0.0000,0.9766
207156,5384,81,0.1000,0.00000500,0.0000,94.1246,10646.2177,0.0000,0.9799
207157,118,15,0.1000,0.00000500,0.0000,70.2728,8994.1152,0.0000,0.9792
207158,443,24,0.1000,0.00000500,0.0000,93.2814,9280.6648,0.0000,0.9792
207159,115,15,0.1000,0.00000500,0.0000,121.5995,8930.1696,0.0000,0.9771
207160,23,6,0.1000,0.00000500,0.0000,52.6490,8620.0146,0.0000,0.9740
207161,113,12,0.1000,0.00000500,0.0000,183.9633,8943.1510,0.0000,0.9714
207162,166,15,0.1000,0.00000500,0.0000,104.7655,8985.0433,0.0000,0.9583
207163,36,9,0.1000,0.00000500,0.0000,177.3380,8686.1223,0.0000,0.9792
207164,49,9,0.1000,0.00000500,0.0000,67.6054,8901.4982,0.0000,0.9757
207165,231,24,0.1000,0.00000500,0.0000,88.0564,8982.7146,0.0000,0.9818
207166,1988,60,0.1000,0.00000500,0.0000,82.7182,9804.6575,0.0000,0.9818
207167,1162,45,0.1000,0.00000500,0.0000,104.1480,9484.4560,0.0000,0.9785
207168,1749,42,0.1000,0.00000500,0.0000,134.0831,10016.2587,0.0000,0.9762
207169,1027,33,0.1000,0.00000500,0.0000,95.4390,9707.3973,0.0000,0.9811
207170,4011,84,0.1000,0.00000500,0.0000,110.4696,10359.4955,0.0000,0.9795
207171,765,30,0.1000,0.00000500,0.0000,118.3619,9452.0964,0.0000,0.9740
207172,285,21,0.1000,0.00000500,0.0000,74.8285,9228.0983,0.0000,0.9836
207173,83,14,0.1000,0.00000500,0.0000,102.3181,8849.7778,0.0000,0.9799
207174,35,9,0.1000,0.00000500,0.0000,118.4154,8682.2850,0.0000,0.9861
207175,35,9,0.1000,0.00000500,0.0000,212.8502,8649.5970,0.0000,0.9618
207176,36,9,0.1000,0.00000500,0.0000,65.7548,8719.5551,0.0000,0.9826
207177,1947,45,0.1000,0.00000500,0.0000,142.1547,10080.8358,0.0000,0.9736
207178,127,18,0.1000,0.00000500,0.0000,151.8000,8924.1372,0.0000,0.9740
207179,56,12,0.1000,0.00000500,0.0000,164.0747,8839.8673,0.0000,0.9766
207180,7120,99,0.1000,0.00000500,0.0000,129.7993,10629.0092,0.0000,0.9757
207181,1724,41,0.1000,0.00000500,0.0000,145.7272,9812.7660,0.0000,0.9733
207182,36,9,0.1000,0.00000500,0.0000,49.3231,8817.7254,0.0000,0.9861
207183,80,13,0.1000,0.00000500,0.0000,104.2488,8870.9609,0.0000,0.9856
207184,45,9,0.1000,0.00000500,0.0000,152.1832,8799.5801,0.0000,0.9757
207185,71,14,0.1000,0.00000500,0.0000,113.0649,8757.5437,0.0000,0.9777
207186,31,9,0.1000,0.00000500,0.0000,117.8214,8625.2492,0.0000,0.9896
207187,506,33,0.1000,0.00000500,0.0000,87.8407,9274.6240,0.0000,0.9848
207188,843,30,0.1000,0.00000500,0.0000,108.8555,9567.9877,0.0000,0.9792
207189,895,27,0.1000,0.00000500,0.0000,89.0096,9660.0151,0.0000,0.9815
207190,51,9,0.1000,0.00000500,0.0000,124.9739,8789.2741,0.0000,0.9826
207191,54,12,0.1000,0.00000500,0.0000,160.4947,8838.6741,0.0000,0.9714
207192,34,9,0.1000,0.00000500,0.0000,104.7317,8714.0828,0.0000,0.9722
207193,56,12,0.1000,0.00000500,0.0000,97.6891,8847.5111,0.0000,0.9844
207194,1068,42,0.1000,0.00000500,0.0000,87.9873,9494.6124,0.0000,0.9762
207195,53,11,0.1000,0.00000500,0.0000,143.6994,8743.7214,0.0000,0.9773
207196,37,9,0.1000,0.00000500,0.0000,101.8629,8596.1766,0.0000,0.9792
207197,2285,47,0.1000,0.00000500,0.0000,106.9996,10305.3892,0.0000,0.9734
207198,54,12,0.1000,0.00000500,0.0000,76.7212,8581.0479,0.0000,0.9844
207199,766,30,0.1000,0.00000500,0.0000,86.7579,9745.5163,0.0000,0.9792
207200,37,9,0.1000,0.00000500,0.0000,75.6379,8738.5871,0.0000,0.9861
207201,371,24,0.1000,0.00000500,0.0000,77.9369,9246.3644,0.0000,0.9792
207202,369,25,0.1000,0.00000500,0.0000,109.0403,9301.0625,0.0000,0.9850
207203,55,12,0.1000,0.00000500,0.0000,87.6510,8807.4665,0.0000,0.9818
207204,2498,53,0.1000,0.00000500,0.0000,77.6563,10523.7098,0.0000,0.9800
207205,366,25,0.1000,0.00000500,0.0000,69.3546,9151.6935,0.0000,0.9788
207206,1491,42,0.1000,0.00000500,0.0000,111.4090,9806.7812,0.0000,0.9836
207207,37,9,0.1000,0.00000500,0.0000,117.0860,8728.9202,0.0000,0.9896
207208,227,18,0.1000,0.00000500,0.0000,89.8107,9042.8292,0.0000,0.9722
207209,560,27,0.1000,0.00000500,0.0000,113.2300,9518.1458,0.0000,0.9861
207210,1770,51,0.1000,0.00000500,0.0000,101.9522,9902.0158,0.0000,0.9792
207211,2562,54,0.1000,0.00000500,0.0000,120.3903,9810.7077,0.0000,0.9757
207212,1244,48,0.1000,0.00000500,0.0000,117.2369,9716.8748,0.0000,0.9766
207213,382,24,0.1000,0.00000500,0.0000,104.5875,9251.5024,0.0000,0.9896
207214,1553,30,0.1000,0.00000500,0.0000,76.9026,9786.8755,0.0000,0.9833
207215,55,12,0.1000,0.00000500,0.0000,99.7953,8819.3979,0.0000,0.9818
207216,9666,151,0.1000,0.00000500,0.0000,111.1427,10575.3851,0.0000,0.9783
207217,38,9,0.1000,0.00000500,0.0000,166.7559,8739.5212,0.0000,0.9826
207218,283,19,0.1000,0.00000500,0.0000,117.9167,9280.1149,0.0000,0.9720
207219,8493,89,0.1000,0.00000500,0.0000,102.1120,10864.5610,0.0000,0.9768
207220,3749,80,0.1000,0.00000500,0.0000,81.2200,10228.7620,0.0000,0.9805
207221,1185,39,0.1000,0.00000500,0.0000,83.9459,9937.9612,0.0000,0.9792
207222,1543,48,0.1000,0.00000500,0.0000,94.6433,9796.7851,0.0000,0.9727
207223,280,21,0.1000,0.00000500,0.0000,134.5388,9319.9520,0.0000,0.9836
207224,109,15,0.1000,0.00000500,0.0000,75.5878,9059.8725,0.0000,0.9729
207225,546,27,0.1000,0.00000500,0.0000,90.2409,9661.7564,0.0000,0.9745
207226,30,6,0.1000,0.00000500,0.0000,99.4545,8745.4888,0.0000,0.9844
207227,2799,69,0.1000,0.00000500,0.0000,106.3913,10004.4331,0.0000,0.9814
207228,1347,36,0.1000,0.00000500,0.0000,107.7416,10290.4649,0.0000,0.9722
207229,42,12,0.1000,0.00000500,0.0000,131.5741,8826.5120,0.0000,0.9714
207230,1335,36,0.1000,0.00000500,0.0000,122.3244,9882.4550,0.0000,0.9757
207231,350,21,0.1000,0.00000500,0.0000,70.2529,9265.2944,0.0000,0.9851
207232,42,12,0.1000,0.00000500,0.0000,119.2434,8840.4383,0.0000,0.9688
207233,27,6,0.1000,0.00000500,0.0000,187.6203,8852.4342,0.0000,0.9740
207234,530,30,0.1000,0.00000500,0.0000,84.7968,9251.8779,0.0000,0.9740
207235,1030,33,0.1000,0.00000500,0.0000,87.0893,9802.2017,0.0000,0.9811
207236,1507,51,0.1000,0.00000500,0.0000,103.3483,9866.6521,0.0000,0.9792
207237,52,9,0.1000,0.00000500,0.0000,124.9834,8813.1997,0.0000,0.9792
207238,87,15,0.1000,0.00000500,0.0000,120.1058,8995.5855,0.0000,0.9792
207239,163,15,0.1000,0.00000500,0.0000,142.1572,9077.9213,0.0000,0.9812
207240,445,27,0.1000,0.00000500,0.0000,104.5276,9282.1518,0.0000,0.9850
207241,85,15,0.1000,0.00000500,0.0000,95.0562,9018.2277,0.0000,0.9896
207242,6294,81,0.1000,0.00000500,0.0000,103.8445,10808.8354,0.0000,0.9823
207243,1826,58,0.1000,0.00000500,0.0000,110.9391,10016.2345,0.0000,0.9763
207244,138,15,0.1000,0.00000500,0.0000,129.6958,9015.3469,0.0000,0.9750
207245,33,8,0.1000,0.00000500,0.0000,157.7971,8658.3062,0.0000,0.9727
207246,40,9,0.1000,0.00000500,0.0000,69.8302,8904.9688,0.0000,0.9896
207247,2841,75,0.1000,0.00000500,0.0000,109.8988,10115.8120,0.0000,0.9808
207248,7011,111,0.1000,0.00000500,0.0000,117.8671,10463.9681,0.0000,0.9761
207249,83,12,0.1000,0.00000500,0.0000,111.3753,9023.0399,0.0000,0.9818
207250,76,12,0.1000,0.00000500,0.0000,87.1413,8952.8256,0.0000,0.9661
207251,2276,46,0.1000,0.00000500,0.0000,92.1951,10151.2419,0.0000,0.9830
207252,79,12,0.1000,0.00000500,0.0000,78.4664,9078.8628,0.0000,0.9792
207253,1254,45,0.1000,0.00000500,0.0000,78.9367,9694.3653,0.0000,0.9792
207254,114,15,0.1000,0.00000500,0.0000,62.4086,9309.0066,0.0000,0.9812
207255,44,9,0.1000,0.00000500,0.0000,114.3424,8957.6947,0.0000,0.9792
207256,1009,39,0.1000,0.00000500,0.0000,81.2567,9578.9978,0.0000,0.9800
207257,1707,42,0.1000,0.00000500,0.0000,119.1727,10168.8849,0.0000,0.9784
207258,334,24,0.1000,0.00000500,0.0000,101.0083,9301.3776,0.0000,0.9766
207259,5961,75,0.1000,0.00000500,0.0000,99.6671,10674.1858,0.0000,0.9767
207260,73,12,0.1000,0.00000500,0.0000,112.4918,8844.8966,0.0000,0.9635
207261,109,12,0.1000,0.00000500,0.0000,99.5341,8948.0639,0.0000,0.9635
207262,61,12,0.1000,0.00000500,0.0000,104.6606,9129.6264,0.0000,0.9818
207263,1226,60,0.1000,0.00000500,0.0000,120.0532,9650.5467,0.0000,0.9724
207264,49,9,0.1000,0.00000500,0.0000,118.1486,8835.6161,0.0000,0.9826
207265,880,33,0.1000,0.00000500,0.0000,98.8640,9757.1914,0.0000,0.9773
207266,2059,48,0.1000,0.00000500,0.0000,100.2880,10173.6591,0.0000,0.9746
207267,34,8,0.1000,0.00000500,0.0000,85.8122,8718.7148,0.0000,0.9844
207268,3208,54,0.1000,0.00000500,0.0000,99.2204,10556.7529,0.0000,0.9792
207269,1177,42,0.1000,0.00000500,0.0000,90.9525,9814.0497,0.0000,0.9829
207270,169,17,0.1000,0.00000500,0.0000,88.9783,9150.9734,0.0000,0.9779
207271,301,24,0.1000,0.00000500,0.0000,73.2094,9290.1486,0.0000,0.9792
207272,85,12,0.1000,0.00000500,0.0000,95.7865,9099.2458,0.0000,0.9922
207273,93,14,0.1000,0.00000500,0.0000,111.1908,9115.8500,0.0000,0.9754
207274,117,15,0.1000,0.00000500,0.0000,96.3263,9094.7035,0.0000,0.9750
207275,152,12,0.1000,0.00000500,0.0000,51.0416,9189.7724,0.0000,0.9714
207276,85,13,0.1000,0.00000500,0.0000,85.9540,9017.1249,0.0000,0.9712
207277,921,33,0.1000,0.00000500,0.0000,135.8955,9743.6527,0.0000,0.9839
207278,31,9,0.1000,0.00000500,0.0000,164.7321,8712.8776,0.0000,0.9826
207279,29,6,0.1000,0.00000500,0.0000,49.8943,0.0000,0.0000,0.9896
207280,445,24,0.1000,0.00000500,0.0000,114.9596,9456.5330,0.0000,0.9805
207281,8685,137,0.1000,0.00000500,0.0000,105.9446,10569.2533,0.0000,0.9792
207282,379,24,0.1000,0.00000500,0.0000,123.5312,9628.8447,0.0000,0.9766
207283,29,6,0.1000,0.00000500,0.0000,63.1087,8547.7891,0.0000,0.9688
207284,19,6,0.1000,0.00000500,0.0000,50.7173,8585.4408,0.0000,0.9844
207285,35,9,0.1000,0.00000500,0.0000,48.7955,8777.0233,0.0000,0.9861
207286,443,24,0.1000,0.00000500,0.0000,115.5210,9400.7452,0.0000,0.9701
207287,1821,63,0.1000,0.00000500,0.0000,117.5021,9646.0424,0.0000,0.9807
207288,1162,39,0.1000,0.00000500,0.0000,90.9422,9823.1438,0.0000,0.9768
207289,118,17,0.1000,0.00000500,0.0000,57.6339,9154.1654,0.0000,0.9890
207290,3999,75,0.1000,0.00000500,0.0000,93.4809,10468.2687,0.0000,0.9812
207291,927,36,0.1000,0.00000500,0.0000,129.7186,9749.0224,0.0000,0.9679
207292,50,9,0.1000,0.00000500,0.0000,89.5182,8881.9197,0.0000,0.9688
207293,369,24,0.1000,0.00000500,0.0000,162.8622,9414.0868,0.0000,0.9740
207294,1564,47,0.1000,0.00000500,0.0000,100.1683,10028.8020,0.0000,0.9827
207295,274,27,0.1000,0.00000500,0.0000,115.4142,9117.7798,0.0000,0.9873
207296,65,12,0.1000,0.00000500,0.0000,123.9459,8725.3938,0.0000,0.9740
207297,2501,90,0.1000,0.00000500,0.0000,117.9216,9735.6602,0.0000,0.9778
207298,4090,84,0.1000,0.00000500,0.0000,125.8397,10604.3398,0.0000,0.9799
207299,3386,69,0.1000,0.00000500,0.0000,94.3190,10434.4337,0.0000,0.9823
207300,884,33,0.1000,0.00000500,0.0000,85.0195,9950.1819,0.0000,0.9792
207301,213,18,0.1000,0.00000500,0.0000,65.6047,9226.2739,0.0000,0.9722
207302,591,33,0.1000,0.00000500,0.0000,105.8368,9600.4983,0.0000,0.9820
207303,1487,39,0.1000,0.00000500,0.0000,146.2653,10220.4076,0.0000,0.9784
207304,42,12,0.1000,0.00000500,0.0000,85.6191,8915.5266,0.0000,0.9844
207305,3507,60,0.1000,0.00000500,0.0000,75.0556,10398.9937,0.0000,0.9760
207306,38,9,0.1000,0.00000500,0.0000,57.4297,8859.2220,0.0000,0.9965
207307,2509,54,0.1000,0.00000500,0.0000,124.9433,10344.1724,0.0000,0.9722
207308,121,15,0.1000,0.00000500,0.0000,91.4245,9241.7092,0.0000,0.9833
207309,35,9,0.1000,0.00000500,0.0000,126.1394,8795.8359,0.0000,0.9688
207310,2929,65,0.1000,0.00000500,0.0000,85.8474,10310.5725,0.0000,0.9812
207311,83,13,0.1000,0.00000500,0.0000,58.8399,8829.6651,0.0000,0.9760
207312,453,24,0.1000,0.00000500,0.0000,88.3965,9483.0976,0.0000,0.9857
207313,3405,57,0.1000,0.00000500,0.0000,81.4697,10532.6164,0.0000,0.9808
207314,835,36,0.1000,0.00000500,0.0000,100.7827,9672.6612,0.0000,0.9722
207315,56,12,0.1000,0.00000500,0.0000,92.9116,8973.1228,0.0000,0.9818
207316,905,33,0.1000,0.00000500,0.0000,111.0249,9888.5411,0.0000,0.9820
207317,541,27,0.1000,0.00000500,0.0000,73.4052,9665.9828,0.0000,0.9792
207318,530,27,0.1000,0.00000500,0.0000,74.7356,9385.0808,0.0000,0.9838
207319,37,9,0.1000,0.00000500,0.0000,84.1830,8733.8102,0.0000,0.9826
207320,153,15,0.1000,0.00000500,0.0000,86.0472,9369.3803,0.0000,0.9750
207321,78,15,0.1000,0.00000500,0.0000,166.2887,9092.9335,0.0000,0.9646
207322,4597,114,0.1000,0.00000500,0.0000,106.6977,10093.1157,0.0000,0.9789
207323,2750,57,0.1000,0.00000500,0.0000,132.6055,10504.1246,0.0000,0.9808
207324,86,14,0.1000,0.00000500,0.0000,144.5968,9071.4540,0.0000,0.9710
207325,951,36,0.1000,0.00000500,0.0000,78.3136,9696.7604,0.0000,0.9766
207326,651,27,0.1000,0.00000500,0.0000,96.9442,9675.1216,0.0000,0.9734
207327,8477,150,0.1000,0.00000500,0.0000,105.3947,10597.9419,0.0000,0.9798
207328,575,30,0.1000,0.00000500,0.0000,158.5899,9574.6011,0.0000,0.9729
207329,726,36,0.1000,0.00000500,0.0000,79.2607,9543.5864,0.0000,0.9826
207330,2612,68,0.1000,0.00000500,0.0000,91.5509,10184.8329,0.0000,0.9821
207331,726,42,0.1000,0.00000500,0.0000,82.8570,9573.8694,0.0000,0.9769
207332,1035,42,0.1000,0.00000500,0.0000,104.9986,9675.8665,0.0000,0.9784
207333,82,12,0.1000,0.00000500,0.0000,89.2844,9057.7665,0.0000,0.9609
207334,61,12,0.1000,0.00000500,0.0000,94.1739,9080.8891,0.0000,0.9896
207335,1841,57,0.1000,0.00000500,0.0000,157.2179,9999.3612,0.0000,0.9709
207336,58,11,0.1000,0.00000500,0.0000,137.1346,8716.4953,0.0000,0.9773
207337,347,15,0.1000,0.00000500,0.0000,90.8359,9455.6736,0.0000,0.9854
207338,3215,54,0.1000,0.00000500,0.0000,79.6112,10540.0439,0.0000,0.9826
207339,219,18,0.1000,0.00000500,0.0000,95.0413,9258.1499,0.0000,0.9844
207340,5157,144,0.1000,0.00000500,0.0000,96.0229,10171.6636,0.0000,0.9783
207341,9637,148,0.1000,0.00000500,0.0000,95.8431,10677.6989,0.0000,0.9785
207342,3651,87,0.1000,0.00000500,0.0000,126.2469,10306.0687,0.0000,0.9774
207343,474,30,0.1000,0.00000500,0.0000,93.9032,9598.3145,0.0000,0.9823
207344,233,21,0.1000,0.00000500,0.0000,69.2436,9248.9589,0.0000,0.9836
207345,11073,120,0.1000,0.00000500,0.0000,108.8584,10959.5029,0.0000,0.9794
207346,5779,87,0.1000,0.00000500,0.0000,100.3813,10785.0900,0.0000,0.9752
207347,108,15,0.1000,0.00000500,0.0000,120.2620,9144.1869,0.0000,0.9667
207348,103,12,0.1000,0.00000500,0.0000,128.2893,8814.2678,0.0000,0.9609
207349,58,12,0.1000,0.00000500,0.0000,128.2353,9073.8394,0.0000,0.9818
207350,2079,45,0.1000,0.00000500,0.0000,130.5998,10278.7974,0.0000,0.9722
207351,229,21,0.1000,0.00000500,0.0000,103.9483,9115.6509,0.0000,0.9717
207352,41,10,0.1000,0.00000500,0.0000,146.4115,9090.5257,0.0000,0.9625
207353,63,9,0.1000,0.00000500,0.0000,99.2338,9047.8810,0.0000,0.9792
207354,76,12,0.1000,0.00000500,0.0000,85.3269,9212.6993,0.0000,0.9792
207355,221,18,0.1000,0.00000500,0.0000,161.4182,9330.0481,0.0000,0.9757
207356,36,9,0.1000,0.00000500,0.0000,97.5464,8890.5540,0.0000,0.9792
207357,20726,132,0.1000,0.00000500,0.0000,85.9674,11473.0222,0.0000,0.9806
207358,166,16,0.1000,0.00000500,0.0000,75.5992,9139.0413,0.0000,0.9844
207359,4598,62,0.1000,0.00000500,0.0000,120.7861,10943.9649,0.0000,0.9753
207360,107,12,0.1000,0.00000500,0.0000,133.0736,9053.5081,0.0000,0.9714
207361,1708,45,0.1000,0.00000500,0.0000,90.3014,10188.7493,0.0000,0.9882
207362,111,13,0.1000,0.00000500,0.0000,79.7188,9019.9888,0.0000,0.9784
207363,3307,81,0.1000,0.00000500,0.0000,112.5320,10297.6930,0.0000,0.9765
207364,446,25,0.1000,0.00000500,0.0000,111.4901,9495.5865,0.0000,0.9788
207365,286,21,0.1000,0.00000500,0.0000,150.7542,9450.4800,0.0000,0.9747
207366,161,18,0.1000,0.00000500,0.0000,98.6330,9268.1537,0.0000,0.9809
207367,43,9,0.1000,0.00000500,0.0000,107.9805,8875.6551,0.0000,0.9757
207368,374,21,0.1000,0.00000500,0.0000,85.2440,9711.3336,0.0000,0.9792
207369,102,18,0.1000,0.00000500,0.0000,91.6944,9096.9183,0.0000,0.9861
207370,1127,39,0.1000,0.00000500,0.0000,97.9588,9902.6056,0.0000,0.9800
207371,2615,66,0.1000,0.00000500,0.0000,85.1319,10171.8323,0.0000,0.9796
207372,49,9,0.1000,0.00000500,0.0000,91.2112,9130.7168,0.0000,0.9722
207373,116,15,0.1000,0.00000500,0.0000,76.9176,9160.7292,0.0000,0.9812
207374,2431,60,0.1000,0.00000500,0.0000,102.5050,10189.8799,0.0000,0.9812
207375,57,12,0.1000,0.00000500,0.0000,83.8574,9030.3701,0.0000,0.9661
207376,228,21,0.1000,0.00000500,0.0000,94.1111,9424.0542,0.0000,0.9792
207377,383,24,0.1000,0.00000500,0.0000,70.3215,9638.5821,0.0000,0.9805
207378,535,24,0.1000,0.00000500,0.0000,104.5669,9678.6803,0.0000,0.9818
207379,626,24,0.1000,0.00000500,0.0000,111.0211,9783.5284,0.0000,0.9753
207380,37,9,0.1000,0.00000500,0.0000,144.3946,8810.1034,0.0000,0.9757
207381,4942,72,0.1000,0.00000500,0.0000,110.8149,10805.1574,0.0000,0.9783
207382,410,27,0.1000,0.00000500,0.0000,79.7726,9445.2976,0.0000,0.9826
207383,2012,59,0.1000,0.00000500,0.0000,105.4399,10231.3771,0.0000,0.9809
207384,47,9,0.1000,0.00000500,0.0000,61.7808,8805.1603,0.0000,0.9757
207385,12779,135,0.1000,0.00000500,0.0000,99.9239,11129.2788,0.0000,0.9789
207386,36,9,0.1000,0.00000500,0.0000,65.8378,8924.7641,0.0000,0.9965
207387,2311,51,0.1000,0.00000500,0.0000,117.1432,10207.3951,0.0000,0.9761
207388,358,21,0.1000,0.00000500,0.0000,93.0647,9481.5954,0.0000,0.9836
207389,42,9,0.1000,0.00000500,0.0000,111.6073,8785.8786,0.0000,0.9757
207390,7109,77,0.1000,0.00000500,0.0000,92.3345,11006.1617,0.0000,0.9809
207391,2490,51,0.1000,0.00000500,0.0000,96.8066,10489.3281,0.0000,0.9822
207392,6180,66,0.1000,0.00000500,0.0000,115.9385,10988.7857,0.0000,0.9801
207393,164,18,0.1000,0.00000500,0.0000,97.9288,9314.6554,0.0000,0.9809
207394,9194,123,0.1000,0.00000500,0.0000,101.9320,11026.9269,0.0000,0.9769
207395,1514,39,0.1000,0.00000500,0.0000,99.8926,10322.6341,0.0000,0.9760
207396,7744,132,0.1000,0.00000500,0.0000,95.5489,10682.9084,0.0000,0.9796
207397,322,30,0.1000,0.00000500,0.0000,70.4481,9180.3994,0.0000,0.9760
207398,645,24,0.1000,0.00000500,0.0000,90.2167,9775.7294,0.0000,0.9779
207399,81,12,0.1000,0.00000500,0.0000,108.3764,9192.6816,0.0000,0.9740
207400,1395,36,0.1000,0.00000500,0.0000,93.7849,10176.7875,0.0000,0.9783
207401,7303,75,0.1000,0.00000500,0.0000,114.6407,11022.9257,0.0000,0.9775
207402,297,24,0.1000,0.00000500,0.0000,69.5777,9178.6601,0.0000,0.9766
207403,459,24,0.1000,0.00000500,0.0000,95.7989,9676.0446,0.0000,0.9831
207404,39,9,0.1000,0.00000500,0.0000,180.4617,9036.4965,0.0000,0.9826
207405,601,21,0.1000,0.00000500,0.0000,112.3458,9366.2105,0.0000,0.9807
207406,1149,39,0.1000,0.00000500,0.0000,99.4597,9914.0025,0.0000,0.9832
207407,2375,69,0.1000,0.00000500,0.0000,93.9783,10043.0076,0.0000,0.9755
207408,167,15,0.1000,0.00000500,0.0000,61.1251,9416.0148,0.0000,0.9833
207409,2323,60,0.1000,0.00000500,0.0000,114.8279,10316.2806,0.0000,0.9755
207410,113,15,0.1000,0.00000500,0.0000,64.9229,9266.3895,0.0000,0.9792
207411,33,9,0.1000,0.00000500,0.0000,115.8753,8878.3325,0.0000,0.9826
207412,43,12,0.1000,0.00000500,0.0000,191.2205,8933.6157,0.0000,0.9792
207413,887,30,0.1000,0.00000500,0.0000,70.9085,9904.2775,0.0000,0.9771
207414,81,12,0.1000,0.00000500,0.0000,140.1677,9166.3265,0.0000,0.9792
207415,1236,40,0.1000,0.00000500,0.0000,134.6834,10057.0414,0.0000,0.9828
207416,58,12,0.1000,0.00000500,0.0000,84.8823,9062.4840,0.0000,0.9557
207417,57,12,0.1000,0.00000500,0.0000,80.3015,9159.2235,0.0000,0.9896
207418,2717,51,0.1000,0.00000500,0.0000,69.3316,10591.1339,0.0000,0.9810
207419,182,21,0.1000,0.00000500,0.0000,126.4119,9303.8252,0.0000,0.9673
207420,487,15,0.1000,0.00000500,0.0000,90.8530,9017.8796,0.0000,0.9729
207421,51,9,0.1000,0.00000500,0.0000,58.9975,9012.2250,0.0000,0.9861
207422,1733,48,0.1000,0.00000500,0.0000,90.1455,10207.4332,0.0000,0.9792
207423,43,13,0.1000,0.00000500,0.0000,120.6235,8992.9473,0.0000,0.9784
207424,36,9,0.1000,0.00000500,0.0000,222.0843,8989.5392,0.0000,0.9688
207425,1330,36,0.1000,0.00000500,0.0000,88.5058,10076.7347,0.0000,0.9818
207426,36,9,0.1000,0.00000500,0.0000,65.9510,8821.4907,0.0000,0.9792
207427,42,10,0.1000,0.00000500,0.0000,91.8554,8957.4179,0.0000,0.9812
207428,1037,33,0.1000,0.00000500,0.0000,149.2645,10032.1282,0.0000,0.9792
207429,441,24,0.1000,0.00000500,0.0000,75.0825,9640.6973,0.0000,0.9909
207430,36,9,0.1000,0.00000500,0.0000,46.7021,8962.1525,0.0000,0.9896
207431,1320,45,0.1000,0.00000500,0.0000,95.9299,10039.2995,0.0000,0.9806
207432,6214,75,0.1000,0.00000500,0.0000,78.2160,11093.7808,0.0000,0.9783
207433,47,12,0.1000,0.00000500,0.0000,132.1873,9151.5826,0.0000,0.9766
207434,3671,99,0.1000,0.00000500,0.0000,94.9762,10227.1035,0.0000,0.9801
207435,88,15,0.1000,0.00000500,0.0000,182.7453,9251.2169,0.0000,0.9792
207436,24,6,0.1000,0.00000500,0.0000,71.2469,8956.1982,0.0000,0.9740
207437,539,30,0.1000,0.00000500,0.0000,109.3525,9690.0962,0.0000,0.9771
207438,3215,51,0.1000,0.00000500,0.0000,75.1519,10730.3557,0.0000,0.9804
207439,35,9,0.1000,0.00000500,0.0000,154.2840,9083.2233,0.0000,0.9861
207440,2060,46,0.1000,0.00000500,0.0000,85.9001,10328.1341,0.0000,0.9823
207441,889,29,0.1000,0.00000500,0.0000,88.1951,9947.6387,0.0000,0.9828
207442,3448,60,0.1000,0.00000500,0.0000,102.4331,10655.6179,0.0000,0.9781
207443,44,12,0.1000,0.00000500,0.0000,119.2982,9178.9773,0.0000,0.9766
207444,2102,51,0.1000,0.00000500,0.0000,91.8963,10349.1513,0.0000,0.9847
207445,649,27,0.1000,0.00000500,0.0000,99.8569,9652.5124,0.0000,0.9826
207446,367,20,0.1000,0.00000500,0.0000,108.9694,9502.5637,0.0000,0.9828
207447,365,24,0.1000,0.00000500,0.0000,97.6096,9570.2242,0.0000,0.9792
207448,7364,116,0.1000,0.00000500,0.0000,88.9699,10739.4621,0.0000,0.9825
207449,54,9,0.1000,0.00000500,0.0000,161.7256,9140.9353,0.0000,0.9757
207450,1295,60,0.1000,0.00000500,0.0000,90.2323,9772.6538,0.0000,0.9812
207451,1707,42,0.1000,0.00000500,0.0000,95.3696,10189.9132,0.0000,0.9844
207452,7580,102,0.1000,0.00000500,0.0000,102.1482,10780.9125,0.0000,0.9798
207453,440,21,0.1000,0.00000500,0.0000,111.1042,9489.2695,0.0000,0.9866
207454,173,21,0.1000,0.00000500,0.0000,107.6649,9392.3027,0.0000,0.9762
207455,82,12,0.1000,0.00000500,0.0000,100.5806,9238.5334,0.0000,0.9844
207456,2281,52,0.1000,0.00000500,0.0000,83.1328,10485.0002,0.0000,0.9826
207457,2725,47,0.1000,0.00000500,0.0000,89.9277,10641.4041,0.0000,0.9814
207458,1441,51,0.1000,0.00000500,0.0000,94.4776,9962.0069,0.0000,0.9779
207459,1736,45,0.1000,0.00000500,0.0000,130.5769,10227.1920,0.0000,0.9771
207460,1689,39,0.1000,0.00000500,0.0000,114.2668,10318.5069,0.0000,0.9760
207461,549,24,0.1000,0.00000500,0.0000,77.0860,9806.6250,0.0000,0.9753
207462,54,12,0.1000,0.00000500,0.0000,72.2791,9022.9605,0.0000,0.9896
207463,1953,57,0.1000,0.00000500,0.0000,114.9179,10303.5033,0.0000,0.9737
207464,84,15,0.1000,0.00000500,0.0000,73.8010,9250.6729,0.0000,0.9729
207465,2701,45,0.1000,0.00000500,0.0000,109.5300,10519.4088,0.0000,0.9722
207466,1230,45,0.1000,0.00000500,0.0000,77.8950,9977.2053,0.0000,0.9812
207467,231,24,0.1000,0.00000500,0.0000,128.8285,9435.3172,0.0000,0.9727
207468,2542,57,0.1000,0.00000500,0.0000,102.4573,10497.3500,0.0000,0.9797
207469,709,42,0.1000,0.00000500,0.0000,102.6847,9634.3919,0.0000,0.9814
207470,2342,55,0.1000,0.00000500,0.0000,130.5864,10377.6990,0.0000,0.9801
207471,3024,63,0.1000,0.00000500,0.0000,77.9859,10474.6887,0.0000,0.9841
207472,106,18,0.1000,0.00000500,0.0000,103.2970,9259.2515,0.0000,0.9705
207473,758,36,0.1000,0.00000500,0.0000,113.7858,9911.6850,0.0000,0.9809
207474,33,8,0.1000,0.00000500,0.0000,56.1034,8844.3734,0.0000,0.9766
207475,65,12,0.1000,0.00000500,0.0000,91.7430,9076.5137,0.0000,0.9766
207476,37,9,0.1000,0.00000500,0.0000,119.0427,8997.2050,0.0000,0.9722
207477,278,18,0.1000,0.00000500,0.0000,99.8410,9639.8783,0.0000,0.9774
207478,165,16,0.1000,0.00000500,0.0000,87.8462,9252.2900,0.0000,0.9844
207479,33,9,0.1000,0.00000500,0.0000,100.8320,8923.4081,0.0000,0.9896
207480,32,9,0.1000,0.00000500,0.0000,124.6864,8943.8713,0.0000,0.9792
207481,41,12,0.1000,0.00000500,0.0000,115.0729,8939.6162,0.0000,0.9792
207482,766,30,0.1000,0.00000500,0.0000,131.6459,9786.2422,0.0000,0.9750
207483,76,12,0.1000,0.00000500,0.0000,104.0879,9172.9060,0.0000,0.9740
207484,2396,72,0.1000,0.00000500,0.0000,108.4640,10062.3608,0.0000,0.9766
207485,167,18,0.1000,0.00000500,0.0000,67.6359,9263.2695,0.0000,0.9861
207486,7705,105,0.1000,0.00000500,0.0000,112.7578,10947.5290,0.0000,0.9812
207487,1881,42,0.1000,0.00000500,0.0000,84.8480,10604.6675,0.0000,0.9754
207488,279,18,0.1000,0.00000500,0.0000,110.2099,9550.5989,0.0000,0.9861
207489,75,12,0.1000,0.00000500,0.0000,75.6680,9136.0770,0.0000,0.9844
207490,4776,78,0.1000,0.00000500,0.0000,104.6334,10793.4107,0.0000,0.9844
207491,257,21,0.1000,0.00000500,0.0000,101.8886,9430.3966,0.0000,0.9881
207492,26,6,0.1000,0.00000500,0.0000,90.0370,8884.8175,0.0000,0.9792
207493,35,9,0.1000,0.00000500,0.0000,56.5231,8991.3446,0.0000,0.9931
207494,1133,42,0.1000,0.00000500,0.0000,123.7713,9957.9381,0.0000,0.9784
207495,4625,66,0.1000,0.00000500,0.0000,63.0106,10985.7945,0.0000,0.9773
207496,125,15,0.1000,0.00000500,0.0000,69.5610,9364.7036,0.0000,0.9812
207497,59,12,0.1000,0.00000500,0.0000,83.7950,9218.0444,0.0000,0.9714
207498,41,12,0.1000,0.00000500,0.0000,107.2912,9097.3310,0.0000,0.9766
207499,365,24,0.1000,0.00000500,0.0000,86.5571,9416.9841,0.0000,0.9844
207500,33,8,0.1000,0.00000500,0.0000,95.9330,9026.3125,0.0000,0.9961
207501,888,42,0.1000,0.00000500,0.0000,91.1783,9811.3123,0.0000,0.9844
207502,5879,78,0.1000,0.00000500,0.0000,142.7971,11047.7177,0.0000,0.9764
207503,30,9,0.1000,0.00000500,0.0000,96.9199,8929.3888,0.0000,0.9792
207504,269,15,0.1000,0.00000500,0.0000,106.0824,9479.1597,0.0000,0.9646
207505,43,11,0.1000,0.00000500,0.0000,143.0235,8960.7254,0.0000,0.9801
207506,23,6,0.1000,0.00000500,0.0000,182.2405,8712.5850,0.0000,0.9844
207507,82,12,0.1000,0.00000500,0.0000,70.9811,9229.2734,0.0000,0.9792
207508,292,21,0.1000,0.00000500,0.0000,106.3118,9700.8039,0.0000,0.9717
207509,7572,102,0.1000,0.00000500,0.0000,94.1100,10840.6577,0.0000,0.9749
207510,546,26,0.1000,0.00000500,0.0000,117.5140,9824.6172,0.0000,0.9844
207511,77,12,0.1000,0.00000500,0.0000,65.1910,9174.9225,0.0000,0.9844
207512,35,9,0.1000,0.00000500,0.0000,151.6999,8988.2088,0.0000,0.9688
207513,154,15,0.1000,0.00000500,0.0000,111.6028,9295.9952,0.0000,0.9771
207514,106,18,0.1000,0.00000500,0.0000,79.8972,9276.7499,0.0000,0.9809
207515,97,12,0.1000,0.00000500,0.0000,75.9865,9157.0375,0.0000,0.9766
207516,1031,33,0.1000,0.00000500,0.0000,118.5451,10113.7324,0.0000,0.9754
207517,1194,45,0.1000,0.00000500,0.0000,96.2457,10017.1288,0.0000,0.9743
207518,32,9,0.1000,0.00000500,0.0000,65.3183,9010.1444,0.0000,0.9722
207519,3490,57,0.1000,0.00000500,0.0000,113.5535,10963.2854,0.0000,0.9775
207520,650,30,0.1000,0.00000500,0.0000,82.2272,9732.2052,0.0000,0.9750
207521,910,33,0.1000,0.00000500,0.0000,72.4378,10054.6421,0.0000,0.9886
207522,306,24,0.1000,0.00000500,0.0000,84.2149,9411.1070,0.0000,0.9831
207523,1981,56,0.1000,0.00000500,0.0000,97.9382,10353.9301,0.0000,0.9799
207524,428,24,0.1000,0.00000500,0.0000,83.3045,9634.1109,0.0000,0.9792
207525,1692,42,0.1000,0.00000500,0.0000,79.8042,10337.6846,0.0000,0.9799
207526,41,12,0.1000,0.00000500,0.0000,103.9923,9144.6420,0.0000,0.9740
207527,371,24,0.1000,0.00000500,0.0000,113.6934,9502.2759,0.0000,0.9857
207528,171,19,0.1000,0.00000500,0.0000,99.9753,9270.3350,0.0000,0.9671
207529,283,21,0.1000,0.00000500,0.0000,82.8431,9584.5813,0.0000,0.9836
207530,173,18,0.1000,0.00000500,0.0000,116.0031,9641.9919,0.0000,0.9878
207531,302,21,0.1000,0.00000500,0.0000,86.7715,9501.2186,0.0000,0.9836
207532,157,18,0.1000,0.00000500,0.0000,108.6836,9439.7802,0.0000,0.9826
207533,1851,42,0.1000,0.00000500,0.0000,93.0405,10330.8982,0.0000,0.9807
207534,1058,36,0.1000,0.00000500,0.0000,99.5347,10039.3336,0.0000,0.9757
207535,60,14,0.1000,0.00000500,0.0000,105.9773,9154.7333,0.0000,0.9665
207536,3383,73,0.1000,0.00000500,0.0000,109.9499,10663.7801,0.0000,0.9773
207537,12313,165,0.1000,0.00000500,0.0000,104.3495,10917.4424,0.0000,0.9771
207538,37,9,0.1000,0.00000500,0.0000,44.9103,9233.3691,0.0000,0.9792
207539,281,21,0.1000,0.00000500,0.0000,106.2844,9571.5495,0.0000,0.9747
207540,6176,126,0.1000,0.00000500,0.0000,94.2563,10600.5968,0.0000,0.9829
207541,36,9,0.1000,0.00000500,0.0000,46.5005,9062.8426,0.0000,0.9861
207542,218,20,0.1000,0.00000500,0.0000,95.2317,9441.3560,0.0000,0.9719
207543,3847,78,0.1000,0.00000500,0.0000,95.8329,10535.5924,0.0000,0.9776
207544,51,14,0.1000,0.00000500,0.0000,144.7506,9072.2502,0.0000,0.9688
207545,103,15,0.1000,0.00000500,0.0000,124.7304,9416.1159,0.0000,0.9750
207546,1395,54,0.1000,0.00000500,0.0000,96.4168,10012.5064,0.0000,0.9826
207547,26,6,0.1000,0.00000500,0.0000,223.6828,8930.5151,0.0000,0.9740
207548,284,18,0.1000,0.00000500,0.0000,65.9801,9478.4070,0.0000,0.9826
207549,1679,39,0.1000,0.00000500,0.0000,104.6418,10412.9593,0.0000,0.9744
207550,35,9,0.1000,0.00000500,0.0000,119.5391,9043.6840,0.0000,0.9688
207551,26,6,0.1000,0.00000500,0.0000,38.7815,0.0000,0.0000,0.9844
207552,2317,51,0.1000,0.00000500,0.0000,114.0023,10409.1895,0.0000,0.9798
207553,163,15,0.1000,0.00000500,0.0000,81.6625,9401.7330,0.0000,0.9792
207554,23522,138,0.1000,0.00000500,0.0000,103.8512,11658.3157,0.0000,0.9762
207555,110,15,0.1000,0.00000500,0.0000,105.6695,9266.3013,0.0000,0.9583
207556,1348,51,0.1000,0.00000500,0.0000,106.0926,9986.4027,0.0000,0.9804
207557,82,12,0.1000,0.00000500,0.0000,99.3081,9312.2732,0.0000,0.9844
207558,54,12,0.1000,0.00000500,0.0000,55.0242,9312.7253,0.0000,0.9870
207559,2036,51,0.1000,0.00000500,0.0000,99.0569,10469.6309,0.0000,0.9779
207560,2502,69,0.1000,0.00000500,0.0000,102.0236,10401.7275,0.0000,0.9814
207561,363,22,0.1000,0.00000500,0.0000,130.0056,9707.0657,0.0000,0.9659
207562,159,15,0.1000,0.00000500,0.0000,182.9947,9422.1411,0.0000,0.9750
207563,69,12,0.1000,0.00000500,0.0000,52.9927,9122.1123,0.0000,0.9870
207564,34,9,0.1000,0.00000500,0.0000,75.7753,9022.5698,0.0000,0.9792
207565,368,21,0.1000,0.00000500,0.0000,88.4542,9693.5201,0.0000,0.9717
207566,2611,57,0.1000,0.00000500,0.0000,123.1272,10669.2710,0.0000,0.9808
207567,1882,39,0.1000,0.00000500,0.0000,111.3726,10444.3542,0.0000,0.9864
207568,43,12,0.1000,0.00000500,0.0000,85.2578,9129.0083,0.0000,0.9844
207569,207,15,0.1000,0.00000500,0.0000,109.3613,9514.3965,0.0000,0.9875
207570,176,18,0.1000,0.00000500,0.0000,101.8966,9614.7013,0.0000,0.9722
207571,83,14,0.1000,0.00000500,0.0000,67.7425,9214.7744,0.0000,0.9844
207572,6650,84,0.1000,0.00000500,0.0000,96.6540,11094.9255,0.0000,0.9784
207573,348,23,0.1000,0.00000500,0.0000,98.6726,9666.2998,0.0000,0.9837
207574,2111,51,0.1000,0.00000500,0.0000,81.5011,10335.7098,0.0000,0.9828
207575,3148,81,0.1000,0.00000500,0.0000,129.6819,10317.3233,0.0000,0.9803
207576,1590,48,0.1000,0.00000500,0.0000,83.9556,10317.9352,0.0000,0.9805
207577,159,15,0.1000,0.00000500,0.0000,70.2663,9414.9023,0.0000,0.9812
207578,35,9,0.1000,0.00000500,0.0000,86.0084,9031.9984,0.0000,0.9826
207579,346,21,0.1000,0.00000500,0.0000,109.0101,9713.7577,0.0000,0.9821
207580,363,24,0.1000,0.00000500,0.0000,117.8611,9658.2875,0.0000,0.9753
207581,29,6,0.1000,0.00000500,0.0000,67.4973,8993.0796,0.0000,0.9896
207582,39,9,0.1000,0.00000500,0.0000,127.4314,9233.5048,0.0000,0.9792
207583,490,24,0.1000,0.00000500,0.0000,89.3595,9669.0399,0.0000,0.9805
207584,5880,78,0.1000,0.00000500,0.0000,80.6629,11121.6910,0.0000,0.9844
207585,2701,61,0.1000,0.00000500,0.0000,76.8409,10633.0318,0.0000,0.9775
207586,21,6,0.1000,0.00000500,0.0000,47.6642,8729.6156,0.0000,0.9844
207587,41,9,0.1000,0.00000500,0.0000,114.9080,9179.0067,0.0000,0.9792
207588,125,15,0.1000,0.00000500,0.0000,100.4527,9530.4893,0.0000,0.9771
207589,62,12,0.1000,0.00000500,0.0000,73.0142,9220.2273,0.0000,0.9688
207590,1496,47,0.1000,0.00000500,0.0000,98.6922,10201.3888,0.0000,0.9761
207591,464,24,0.1000,0.00000500,0.0000,124.9443,9723.9270,0.0000,0.9714
207592,300,21,0.1000,0.00000500,0.0000,121.1880,9704.9101,0.0000,0.9717
207593,37,9,0.1000,0.00000500,0.0000,138.7205,9144.2981,0.0000,0.9792
207594,287,18,0.1000,0.00000500,0.0000,103.2689,9579.2399,0.0000,0.9861
207595,221,18,0.1000,0.00000500,0.0000,99.2731,9680.0391,0.0000,0.9757
207596,55,12,0.1000,0.00000500,0.0000,200.0525,9173.6219,0.0000,0.9740
207597,79,12,0.1000,0.00000500,0.0000,97.6921,9292.3127,0.0000,0.9792
207598,38,9,0.1000,0.00000500,0.0000,101.0442,9255.2173,0.0000,0.9722
207599,35,9,0.1000,0.00000500,0.0000,96.5057,9088.4495,0.0000,0.9792
207600,1682,42,0.1000,0.00000500,0.0000,98.8158,10504.8302,0.0000,0.9844
