episode,score,steps,epsilon,loss,avg_q
1,45,12,0.9996,0.0000,0.0493
2,131,18,0.9992,0.0000,0.0428
3,33,10,0.9989,6.7453,0.0952
4,53,11,0.9985,6.1380,0.2649
5,42,10,0.9981,5.6612,1.0174
6,84,12,0.9977,4.6821,3.3929
7,40,10,0.9973,4.3392,4.6768
8,26,6,0.9970,3.4213,4.6459
9,34,8,0.9966,3.7450,5.0224
10,63,13,0.9962,3.5716,4.4952
11,77,15,0.9958,3.7258,5.9639
12,31,8,0.9954,3.5043,6.2146
13,548,35,0.9951,4.4292,6.1295
14,36,9,0.9947,5.9798,5.9585
15,38,11,0.9943,4.6283,5.3312
16,120,16,0.9939,4.7933,8.3161
17,37,12,0.9935,5.5818,6.7297
18,39,9,0.9932,5.6159,7.3758
19,43,12,0.9928,5.4202,6.7232
20,35,9,0.9924,4.7972,6.1901
21,48,10,0.9920,4.4977,7.7433
22,57,11,0.9916,4.1346,6.4764
23,59,12,0.9913,4.7807,7.1158
24,48,9,0.9909,5.3065,5.7139
25,35,9,0.9905,3.7399,7.5214
26,35,9,0.9901,4.4001,8.1820
27,61,13,0.9897,4.9600,6.2831
28,51,9,0.9894,4.4592,5.9953
29,311,26,0.9890,4.4350,5.6425
30,120,16,0.9886,4.5142,6.4902
31,65,12,0.9882,3.9662,5.9911
32,58,12,0.9878,3.7928,6.4646
33,50,11,0.9875,4.0465,6.6652
34,75,12,0.9871,4.2113,6.7570
35,104,14,0.9867,4.6010,5.4495
36,75,12,0.9863,3.8183,5.3393
37,42,10,0.9859,3.8227,5.6251
38,43,12,0.9856,4.0861,5.5159
39,74,16,0.9852,4.9546,5.5545
40,54,11,0.9848,4.1770,5.7653
41,36,9,0.9844,2.1940,6.0726
42,31,7,0.9840,4.2003,5.2904
43,152,16,0.9837,4.2088,5.2937
44,28,7,0.9833,4.8495,6.2460
45,107,14,0.9829,6.1011,9.8864
46,57,11,0.9825,5.6994,13.9841
47,51,12,0.9821,5.2101,11.0901
48,35,9,0.9818,3.5382,12.9577
49,38,11,0.9814,3.8682,11.0435
50,56,11,0.9810,5.2530,12.6481
51,41,10,0.9806,4.2755,11.2748
52,30,7,0.9802,5.4113,11.7597
53,54,10,0.9799,3.6973,11.3484
54,37,9,0.9795,3.9479,10.5931
55,90,18,0.9791,3.9673,9.9041
56,187,18,0.9787,5.4634,10.7778
57,39,10,0.9783,3.9648,10.3282
58,34,8,0.9780,3.1085,11.0826
59,41,11,0.9776,3.6819,10.1688
60,58,14,0.9772,5.1635,10.0906
61,56,10,0.9768,4.5665,11.8012
62,36,9,0.9764,3.2082,10.9212
63,34,9,0.9761,3.9657,10.3073
64,37,10,0.9757,3.1482,10.1095
65,33,9,0.9753,3.4124,9.5125
66,41,10,0.9749,4.1900,10.7852
67,53,10,0.9745,4.0237,11.3147
68,37,10,0.9742,4.7830,10.8703
69,144,16,0.9738,4.2039,11.5831
70,48,10,0.9734,4.9446,10.7908
71,60,13,0.9730,4.4485,9.8745
72,29,8,0.9726,6.0452,10.5056
73,52,9,0.9723,3.5371,11.2345
74,601,45,0.9719,3.6335,10.0679
75,34,9,0.9715,3.9736,10.4589
76,38,9,0.9711,3.7938,10.0294
77,37,11,0.9707,4.2957,9.4218
78,57,12,0.9704,4.8004,9.8146
79,35,10,0.9700,3.0776,9.4269
80,63,15,0.9696,4.5143,9.5469
81,37,10,0.9692,5.1259,9.9537
82,177,19,0.9688,4.5188,10.4060
83,61,11,0.9685,3.2532,11.4613
84,35,9,0.9681,5.0930,10.1664
85,39,11,0.9677,3.9778,9.7471
86,63,13,0.9673,4.5746,10.3574
87,72,12,0.9669,7.8813,14.3421
88,32,9,0.9666,4.3044,19.4580
89,31,8,0.9662,5.1793,14.8549
90,76,13,0.9658,5.1806,17.2655
91,26,7,0.9654,4.3725,15.9294
92,34,8,0.9650,5.3750,17.2540
93,57,12,0.9647,5.6865,15.2901
94,40,11,0.9643,4.4069,15.4089
95,34,8,0.9639,4.7579,16.5922
96,238,22,0.9635,4.2675,15.4223
97,79,12,0.9631,3.4264,16.5295
98,35,9,0.9628,5.2398,15.5990
99,56,11,0.9624,3.4777,16.4642
100,82,17,0.9620,3.4989,15.6716
101,44,12,0.9616,5.0678,14.4775
102,34,10,0.9612,5.2070,13.9795
103,84,14,0.9609,5.7486,15.3567
104,144,21,0.9605,3.9147,15.1255
105,39,10,0.9601,3.5435,15.0854
106,33,9,0.9597,4.3400,13.9992
107,44,12,0.9593,4.6506,15.3020
108,36,8,0.9590,6.2747,16.3810
109,51,10,0.9586,4.8344,15.4975
110,22,5,0.9582,3.2402,16.8753
111,59,12,0.9578,5.0450,14.7281
112,30,8,0.9574,3.9479,14.6603
113,41,10,0.9571,3.7792,14.3525
114,42,10,0.9567,4.7345,16.2779
115,59,13,0.9563,3.7649,15.9027
116,57,12,0.9559,4.7374,15.1700
117,73,11,0.9555,4.4673,15.1460
118,84,14,0.9552,4.7822,14.9921
119,110,18,0.9548,5.1710,14.4658
120,51,11,0.9544,3.7691,15.2381
121,52,10,0.9540,3.9588,14.8524
122,55,13,0.9536,3.5144,14.1773
123,32,9,0.9533,4.6111,14.0287
124,167,15,0.9529,4.0826,15.4878
125,25,6,0.9525,3.3241,14.8761
126,42,10,0.9521,4.0253,15.9560
127,31,8,0.9517,3.6103,14.7519
128,44,12,0.9514,4.0611,15.4734
129,32,6,0.9510,3.1506,17.6366
130,52,11,0.9506,4.5646,15.3276
131,41,12,0.9502,5.9744,14.7194
132,59,13,0.9498,6.6775,20.0314
133,38,8,0.9495,3.9094,21.6375
134,38,9,0.9491,4.1778,19.5207
135,60,13,0.9487,5.8960,19.7072
136,80,17,0.9483,4.5557,19.7024
137,52,9,0.9479,4.6203,21.4707
138,31,6,0.9476,4.2157,21.0871
139,39,8,0.9472,4.1045,21.5822
140,28,8,0.9468,4.7909,19.2352
141,38,10,0.9464,5.2632,19.0421
142,44,9,0.9460,3.8402,21.6039
143,210,25,0.9457,5.4804,20.0306
144,61,15,0.9453,4.7458,19.4404
145,58,13,0.9449,5.7051,19.9765
146,34,9,0.9445,4.5277,19.9313
147,32,9,0.9441,4.9440,19.2181
148,37,9,0.9438,4.6332,20.5769
149,159,21,0.9434,5.3205,20.5696
150,50,8,0.9430,3.5426,21.0552
151,51,10,0.9426,4.2570,21.3361
152,53,9,0.9422,3.6086,20.9070
153,102,12,0.9419,4.9475,19.8047
154,77,15,0.9415,4.5938,20.8203
155,36,8,0.9411,4.6630,20.4241
156,105,17,0.9407,4.1967,19.5330
157,184,17,0.9403,4.7676,20.6749
158,77,14,0.9400,3.7524,20.7410
159,71,12,0.9396,5.0103,20.6216
160,73,15,0.9392,4.8012,19.5171
161,74,15,0.9388,4.5775,19.8945
162,51,9,0.9384,4.4609,19.9013
163,36,9,0.9381,3.7441,20.4996
164,55,11,0.9377,4.7068,20.1474
165,37,9,0.9373,3.8803,21.6676
166,118,18,0.9369,3.3887,19.2593
167,40,7,0.9365,3.6167,20.5539
168,35,10,0.9362,4.8993,20.0771
169,17,4,0.9358,4.1193,22.4100
170,43,10,0.9354,4.0037,20.1165
171,48,9,0.9350,4.7635,19.3876
172,49,14,0.9346,4.3510,20.2046
173,84,17,0.9343,4.3451,20.3148
174,84,13,0.9339,6.7685,21.0359
175,41,12,0.9335,5.2134,26.4273
176,587,33,0.9331,4.6876,26.5410
177,39,10,0.9327,4.3649,25.4076
178,125,18,0.9324,5.7890,26.3717
179,63,14,0.9320,5.2908,26.3156
180,36,10,0.9316,4.7059,24.7780
181,28,7,0.9312,5.5230,24.4964
182,43,11,0.9308,4.6707,25.4151
183,124,19,0.9305,5.4012,25.8188
184,36,9,0.9301,4.4856,26.5676
185,48,10,0.9297,5.2576,27.7373
186,86,13,0.9293,4.2362,26.7163
187,62,15,0.9289,5.6111,25.5448
188,52,8,0.9286,4.6605,26.9943
189,83,13,0.9282,3.6814,25.6816
190,63,15,0.9278,5.1610,27.0123
191,28,7,0.9274,5.1886,24.8435
192,34,7,0.9270,5.2777,27.5901
193,43,10,0.9267,3.8886,26.5850
194,54,10,0.9263,5.1741,25.5488
195,313,24,0.9259,4.8430,27.4787
196,55,11,0.9255,5.4134,27.0799
197,37,7,0.9251,5.1906,27.1486
198,52,12,0.9248,7.6023,25.9468
199,104,14,0.9244,5.8500,25.2145
200,178,17,0.9240,6.0200,27.1210
201,158,15,0.9236,3.5507,28.0573
202,56,11,0.9232,4.1253,25.7158
203,47,9,0.9229,5.6512,24.2561
204,39,11,0.9225,4.0836,24.7747
205,56,12,0.9221,3.8691,26.5760
206,42,12,0.9217,4.9829,24.2581
207,33,9,0.9213,5.0695,24.2829
208,33,8,0.9210,5.4854,26.3795
209,118,15,0.9206,3.6951,25.1701
210,54,10,0.9202,6.2709,27.2739
211,29,7,0.9198,5.9375,24.3013
212,30,8,0.9194,6.4233,25.3426
213,180,19,0.9191,4.2705,25.6998
214,56,11,0.9187,4.8000,26.3067
215,49,11,0.9183,6.4916,28.9583
216,32,8,0.9179,6.2943,34.3231
217,40,11,0.9175,6.0014,31.2128
218,34,8,0.9172,5.5877,32.4978
219,58,12,0.9168,6.4118,31.8087
220,50,11,0.9164,4.1047,31.3187
221,41,10,0.9160,4.6946,33.0742
222,74,12,0.9156,5.0053,31.9632
223,36,10,0.9153,3.6106,30.9828
224,31,8,0.9149,5.9356,30.4269
225,62,13,0.9145,5.3954,31.2824
226,53,12,0.9141,5.5658,31.3773
227,38,9,0.9137,4.7722,30.9638
228,56,13,0.9134,5.8495,31.3783
229,47,10,0.9130,4.9100,29.7473
230,39,9,0.9126,5.2320,30.8494
231,57,12,0.9122,5.2322,31.3189
232,46,15,0.9118,4.9365,28.7931
233,26,7,0.9115,4.8065,30.7137
234,33,8,0.9111,6.0256,32.2140
235,40,10,0.9107,5.7256,31.7237
236,37,9,0.9103,4.4965,31.8813
237,41,12,0.9099,4.4748,32.4472
238,49,9,0.9096,7.1411,32.8778
239,78,12,0.9092,6.1353,32.9154
240,57,13,0.9088,5.4628,31.6803
241,39,10,0.9084,5.0830,31.6835
242,43,11,0.9080,4.6064,31.5247
243,26,6,0.9077,6.4287,31.4960
244,79,13,0.9073,5.1971,31.3457
245,49,10,0.9069,5.4117,30.9524
246,59,12,0.9065,4.1494,32.9163
247,56,12,0.9061,5.2052,31.6489
248,42,12,0.9058,4.8657,31.4260
249,60,13,0.9054,5.9524,31.0595
250,168,20,0.9050,3.9164,32.3429
251,200,20,0.9046,5.8079,30.3373
252,51,10,0.9042,5.8093,31.2526
253,130,18,0.9039,4.9194,32.2134
254,54,10,0.9035,5.6740,33.3579
255,93,14,0.9031,5.5772,32.2726
256,33,7,0.9027,6.4920,32.2748
257,121,15,0.9023,6.2297,32.3976
258,81,12,0.9020,5.0657,33.0837
259,41,9,0.9016,9.3567,33.3284
260,37,9,0.9012,6.5472,40.3812
261,30,8,0.9008,7.1369,34.6329
262,82,11,0.9004,5.2935,41.2829
263,122,13,0.9001,4.8771,38.9521
264,60,13,0.8997,5.1294,38.7929
265,34,9,0.8993,5.7439,37.7375
266,41,11,0.8989,5.2433,38.3452
267,26,7,0.8985,6.7331,36.0304
268,104,15,0.8982,6.6125,36.8228
269,46,9,0.8978,6.0813,35.8209
270,216,18,0.8974,5.4243,37.4870
271,27,7,0.8970,7.0455,36.5737
272,54,11,0.8966,4.4273,38.1332
273,40,8,0.8963,5.7675,39.9676
274,86,14,0.8959,5.3806,39.3405
275,41,10,0.8955,5.0994,37.3751
276,105,17,0.8951,4.7152,39.5532
277,57,12,0.8947,5.7042,38.4942
278,33,8,0.8944,5.1556,37.3097
279,53,9,0.8940,5.0853,37.6019
280,40,11,0.8936,4.1045,38.5776
281,56,11,0.8932,4.4250,39.6043
282,40,10,0.8928,4.5644,39.2032
283,170,18,0.8925,6.0422,37.7974
284,27,6,0.8921,4.6821,37.0582
285,57,13,0.8917,6.9178,38.0116
286,44,12,0.8913,5.0193,38.5187
287,79,14,0.8909,4.5622,37.2128
288,74,14,0.8906,6.1038,38.2512
289,55,11,0.8902,5.4082,38.4271
290,32,7,0.8898,5.5628,40.5335
291,69,11,0.8894,8.4513,37.5875
292,106,17,0.8890,5.9672,40.7336
293,42,10,0.8887,5.6361,37.6927
294,44,12,0.8883,5.7110,37.5101
295,87,13,0.8879,4.4818,39.7597
296,74,11,0.8875,5.2904,39.0433
297,24,7,0.8871,6.4539,37.3720
298,39,9,0.8868,5.3655,36.9343
299,32,8,0.8864,6.5521,37.3628
300,22,5,0.8860,5.4964,37.5928
301,94,16,0.8856,5.7090,39.0935
302,60,13,0.8852,4.6949,39.1858
303,42,10,0.8849,5.3612,37.4483
304,117,14,0.8845,6.5288,41.8749
305,147,21,0.8841,6.4683,44.9159
306,37,10,0.8837,6.5504,42.0650
307,124,16,0.8833,5.9137,47.3135
308,49,13,0.8830,6.7379,45.7939
309,65,13,0.8826,6.9541,42.9237
310,42,11,0.8822,7.7244,43.8256
311,35,10,0.8818,5.2584,42.2157
312,58,12,0.8814,6.7989,44.8166
313,26,6,0.8811,5.3213,45.8766
314,72,11,0.8807,6.6326,46.0853
315,36,11,0.8803,7.0364,41.4800
316,33,7,0.8799,5.4051,42.8336
317,75,14,0.8795,7.0475,42.2285
318,39,10,0.8792,5.4140,43.0060
319,45,11,0.8788,6.5875,44.1854
320,56,12,0.8784,5.4926,43.7304
321,44,13,0.8780,6.1455,43.1227
322,38,11,0.8776,5.3497,43.5101
323,209,19,0.8773,7.2057,44.3681
324,55,12,0.8769,5.9597,42.9730
325,41,11,0.8765,6.7186,46.1116
326,36,9,0.8761,4.3252,45.1666
327,43,12,0.8757,6.1105,43.5085
328,49,9,0.8754,5.9665,45.3728
329,56,10,0.8750,5.8432,46.4308
330,26,6,0.8746,5.7154,41.5744
331,56,11,0.8742,6.8026,43.9266
332,22,6,0.8738,5.2976,42.3579
333,24,6,0.8735,5.2971,42.4870
334,62,12,0.8731,7.0476,45.1282
335,61,13,0.8727,5.9177,45.2548
336,82,15,0.8723,5.6079,41.5856
337,59,12,0.8719,6.6441,43.5479
338,43,10,0.8716,4.9768,45.4795
339,51,9,0.8712,5.5097,42.5942
340,52,10,0.8708,5.8768,43.9468
341,39,10,0.8704,8.0726,44.4048
342,49,13,0.8700,5.4618,44.5115
343,52,12,0.8697,5.8548,41.4249
344,118,17,0.8693,5.6488,47.1162
345,34,8,0.8689,5.0256,43.2722
346,83,15,0.8685,5.2580,45.8850
347,47,12,0.8681,7.5115,42.5035
348,56,12,0.8678,7.7306,49.9723
349,78,12,0.8674,7.2088,48.7893
350,38,8,0.8670,8.4321,51.5371
351,38,9,0.8666,6.8622,47.7058
352,37,10,0.8662,6.3080,49.8224
353,43,12,0.8659,8.6745,49.4301
354,119,17,0.8655,6.8820,48.8088
355,40,11,0.8651,4.8427,48.4713
356,32,9,0.8647,8.6642,46.5560
357,42,10,0.8643,8.8025,49.2364
358,38,10,0.8640,6.0622,48.5769
359,84,13,0.8636,4.6819,50.7275
360,107,15,0.8632,7.0193,52.3973
361,50,10,0.8628,6.6849,51.7907
362,122,17,0.8624,5.9561,49.7679
363,345,21,0.8621,6.7437,51.6478
364,38,10,0.8617,6.9329,48.7642
365,41,10,0.8613,6.3117,48.4638
366,37,9,0.8609,6.3575,48.7261
367,33,9,0.8605,6.5733,47.7360
368,40,10,0.8602,4.9865,50.5729
369,33,8,0.8598,6.8341,46.5378
370,65,15,0.8594,8.4262,51.4455
371,27,7,0.8590,3.9833,46.8865
372,44,11,0.8586,5.5300,50.6661
373,55,11,0.8583,4.4216,49.6049
374,26,7,0.8579,6.2503,46.2178
375,54,11,0.8575,4.8955,53.3646
376,39,10,0.8571,5.1468,49.3171
377,31,8,0.8567,5.6763,49.5713
378,48,10,0.8564,6.1340,48.7848
379,42,12,0.8560,6.4058,47.5724
380,56,12,0.8556,6.3648,51.4727
381,40,10,0.8552,4.7749,47.8082
382,113,13,0.8548,3.9141,48.9324
383,35,9,0.8545,6.1455,52.4298
384,50,10,0.8541,6.1394,51.3704
385,39,10,0.8537,6.5219,49.2900
386,41,11,0.8533,7.5740,50.6557
387,35,11,0.8529,5.7130,47.6017
388,36,10,0.8526,8.5946,50.2590
389,84,17,0.8522,5.9636,49.2596
390,144,17,0.8518,5.9515,52.8565
391,39,10,0.8514,5.6858,49.6864
392,91,17,0.8510,6.6792,57.9422
393,58,12,0.8507,9.1155,56.6163
394,57,12,0.8503,8.0747,58.4413
395,171,18,0.8499,5.5517,58.8022
396,104,15,0.8495,7.4996,56.7238
397,51,9,0.8491,5.1738,54.8743
398,35,9,0.8488,5.2377,52.7824
399,48,8,0.8484,5.5180,56.3718
400,101,15,0.8480,6.4136,54.8283
401,25,8,0.8476,5.8085,53.6462
402,87,15,0.8472,6.8667,56.3376
403,43,13,0.8469,6.6598,55.1062
404,44,12,0.8465,8.0773,58.4595
405,42,10,0.8461,7.0656,55.9934
406,46,9,0.8457,7.5614,56.9288
407,26,8,0.8453,5.7898,53.5339
408,34,7,0.8450,6.2653,57.3239
409,68,13,0.8446,6.3595,54.1786
410,38,11,0.8442,6.3768,53.6806
411,38,11,0.8438,7.6224,54.4659
412,35,9,0.8434,5.1312,53.2615
413,25,8,0.8431,8.7262,51.4715
414,163,15,0.8427,6.8150,58.4643
415,55,12,0.8423,8.0138,56.6439
416,70,12,0.8419,5.7952,58.0409
417,56,13,0.8415,7.8177,53.0850
418,53,11,0.8412,6.0968,55.5268
419,48,10,0.8408,5.7627,52.8564
420,77,12,0.8404,8.1233,57.5511
421,40,10,0.8400,7.8279,57.2833
422,52,10,0.8396,6.1311,57.8993
423,37,9,0.8393,8.0801,54.5700
424,112,14,0.8389,6.3459,55.8311
425,100,15,0.8385,7.1064,59.6803
426,141,18,0.8381,5.7086,57.7806
427,45,11,0.8377,4.0866,54.9722
428,61,13,0.8374,6.8284,55.8802
429,39,9,0.8370,7.2280,56.9009
430,39,11,0.8366,6.8845,54.7958
431,25,6,0.8362,7.0592,55.4622
432,57,11,0.8358,7.4914,55.9406
433,40,8,0.8355,8.3200,57.0121
434,49,11,0.8351,5.3381,57.0658
435,40,10,0.8347,6.2013,52.6727
436,32,7,0.8343,5.4156,53.1517
437,73,14,0.8339,10.0276,62.6234
438,37,9,0.8336,8.9191,60.3542
439,29,8,0.8332,7.8274,60.9481
440,50,15,0.8328,7.2787,59.5398
441,30,8,0.8324,6.8034,59.0096
442,38,8,0.8320,9.7010,66.2943
443,89,14,0.8317,6.6246,64.0511
444,36,9,0.8313,8.8179,58.2717
445,45,10,0.8309,7.2430,61.3045
446,184,18,0.8305,8.7897,63.1955
447,41,10,0.8301,5.9485,62.1943
448,28,7,0.8298,6.3071,56.4392
449,67,17,0.8294,6.8753,64.8223
450,40,11,0.8290,8.2358,61.0292
451,185,22,0.8286,7.6059,60.4992
452,36,10,0.8282,8.9524,56.7049
453,59,12,0.8279,8.8370,63.0133
454,36,9,0.8275,8.5031,60.4012
455,54,12,0.8271,4.7809,61.6273
456,36,9,0.8267,5.2834,60.6136
457,50,11,0.8263,6.0993,59.4003
458,50,10,0.8260,5.6162,61.1750
459,76,13,0.8256,7.2496,65.4020
460,53,11,0.8252,8.8624,62.8921
461,83,12,0.8248,6.5306,60.6038
462,39,9,0.8244,6.2959,61.8743
463,35,9,0.8241,7.0532,60.3403
464,49,8,0.8237,7.7330,63.2462
465,85,13,0.8233,8.0475,64.1551
466,57,14,0.8229,5.5458,61.9691
467,37,10,0.8225,6.6813,60.6117
468,42,10,0.8222,6.4604,64.5511
469,59,12,0.8218,6.2576,63.5591
470,85,14,0.8214,6.6839,61.8210
471,55,11,0.8210,7.5353,61.4022
472,83,13,0.8206,5.5879,64.1832
473,55,10,0.8203,7.0588,64.4808
474,30,7,0.8199,6.8503,59.8195
475,124,17,0.8195,6.6854,65.1678
476,59,12,0.8191,7.0143,62.6910
477,57,12,0.8187,6.9359,57.9281
478,47,9,0.8184,9.5027,61.2686
479,90,15,0.8180,4.8667,65.2534
480,41,11,0.8176,9.5638,61.8230
481,35,10,0.8172,8.0477,70.0768
482,171,20,0.8168,8.1847,73.7758
483,64,10,0.8165,7.5335,72.0456
484,49,9,0.8161,6.5104,71.5576
485,39,11,0.8157,9.2065,65.4704
486,39,10,0.8153,6.5850,68.3840
487,57,13,0.8149,8.3308,69.6828
488,37,10,0.8146,6.9314,69.4896
489,39,10,0.8142,11.2713,69.7116
490,36,9,0.8138,7.0295,68.1680
491,81,13,0.8134,6.4184,68.6982
492,37,8,0.8130,7.1726,69.0049
493,126,18,0.8127,8.1636,70.0801
494,104,16,0.8123,6.4179,74.8439
495,36,9,0.8119,8.2264,67.2379
496,49,10,0.8115,7.5941,67.3285
497,45,11,0.8111,7.5219,71.1413
498,43,10,0.8108,6.8285,69.7783
499,31,8,0.8104,7.3260,68.2121
500,54,12,0.8100,8.0059,68.6565
501,43,11,0.8096,9.7885,69.4099
502,51,10,0.8092,7.6789,68.4410
503,37,10,0.8089,7.2530,67.4337
504,33,9,0.8085,5.8886,68.9311
505,60,11,0.8081,7.5149,68.8934
506,160,20,0.8077,8.5466,73.7725
507,38,9,0.8073,8.3126,73.5267
508,107,17,0.8070,7.0926,73.4833
509,37,9,0.8066,6.8391,67.4920
510,107,17,0.8062,7.8429,69.1958
511,89,14,0.8058,7.1285,70.4239
512,71,12,0.8054,7.9054,66.7484
513,33,8,0.8051,7.2946,66.1957
514,60,14,0.8047,7.5896,66.4253
515,41,10,0.8043,7.1078,64.7429
516,35,8,0.8039,6.2473,67.8254
517,43,8,0.8035,6.0270,70.4947
518,75,11,0.8032,7.3453,66.3339
519,79,12,0.8028,7.4947,69.4567
520,35,8,0.8024,5.5229,66.6044
521,38,10,0.8020,6.3452,65.0537
522,231,25,0.8016,6.8132,71.2611
523,54,11,0.8013,8.3126,73.0139
524,57,13,0.8009,7.8992,77.2605
525,33,9,0.8005,7.5890,72.9253
526,59,12,0.8001,7.8777,77.3550
527,48,11,0.7997,10.6363,73.1859
528,42,10,0.7994,8.2089,77.4742
529,30,7,0.7990,5.9924,76.0251
530,51,10,0.7986,7.1725,76.0196
531,35,9,0.7982,7.4654,75.6591
532,41,10,0.7978,6.2715,77.7905
533,58,13,0.7975,8.8824,75.0639
534,92,15,0.7971,7.8704,82.6041
535,47,9,0.7967,5.6022,78.9472
536,34,8,0.7963,10.8994,75.3860
537,35,10,0.7959,7.3781,73.8085
538,34,9,0.7956,9.0886,75.7444
539,40,10,0.7952,6.0289,73.8455
540,166,16,0.7948,8.7497,79.0838
541,41,12,0.7944,6.6331,73.3334
542,30,6,0.7940,10.3469,75.3072
543,52,11,0.7937,10.1781,74.4259
544,55,11,0.7933,7.4496,74.3030
545,45,12,0.7929,6.9898,76.2032
546,55,11,0.7925,5.5951,75.0402
547,79,12,0.7921,8.3562,79.8726
548,44,14,0.7918,8.2882,73.8247
549,36,10,0.7914,6.1557,73.7237
550,121,18,0.7910,8.6107,79.9272
551,24,6,0.7906,7.4070,75.1354
552,43,12,0.7902,7.5517,72.9527
553,58,12,0.7899,7.7169,76.2797
554,63,15,0.7895,9.0364,77.0206
555,32,8,0.7891,11.6581,73.5147
556,64,13,0.7887,7.2233,80.0268
557,40,9,0.7883,8.6885,79.3043
558,43,10,0.7880,8.1048,75.9655
559,41,11,0.7876,8.8375,75.5227
560,73,12,0.7872,5.9759,79.9976
561,70,12,0.7868,8.2371,76.5002
562,111,14,0.7864,9.0305,77.9618
563,44,11,0.7861,12.0861,78.6852
564,39,11,0.7857,8.6849,74.4159
565,33,8,0.7853,8.2243,72.0432
566,60,13,0.7849,8.7694,78.1235
567,45,11,0.7845,8.3671,77.9618
568,44,10,0.7842,6.5456,77.1211
569,114,14,0.7838,9.7312,89.7609
570,38,11,0.7834,8.0296,81.6876
571,42,12,0.7830,9.0127,83.9892
572,63,14,0.7826,8.1905,83.0242
573,42,11,0.7823,7.0610,81.9759
574,57,11,0.7819,9.0805,85.0659
575,30,7,0.7815,9.9716,83.1189
576,35,8,0.7811,8.4390,84.4633
577,101,14,0.7807,8.8122,88.9977
578,49,10,0.7804,9.2639,85.2182
579,93,16,0.7800,7.9702,87.8284
580,43,11,0.7796,9.5484,85.0408
581,37,9,0.7792,9.1324,83.3015
582,57,11,0.7788,6.0499,86.0860
583,47,12,0.7785,9.6010,89.0269
584,40,9,0.7781,9.0583,84.7550
585,43,13,0.7777,6.9026,85.3400
586,55,10,0.7773,9.2213,88.1676
587,79,14,0.7769,7.2886,85.8336
588,54,12,0.7766,7.9921,85.2157
589,86,15,0.7762,7.9251,86.2591
590,118,15,0.7758,8.4166,84.2456
591,85,15,0.7754,10.7760,81.8074
592,91,16,0.7750,6.1598,89.3229
593,31,8,0.7747,9.3981,81.1381
594,21,5,0.7743,10.0667,80.8535
595,46,8,0.7739,8.2458,83.8083
596,40,9,0.7735,5.9224,84.2091
597,52,11,0.7731,9.1802,83.0033
598,35,10,0.7728,7.0018,80.7078
599,124,21,0.7724,8.0711,84.4782
600,53,11,0.7720,8.3506,86.8580
601,58,14,0.7716,8.3386,85.4365
602,75,12,0.7712,7.7024,82.5427
603,58,13,0.7709,7.7245,83.9502
604,57,11,0.7705,7.2699,86.7711
605,26,7,0.7701,7.4171,81.3307
606,82,13,0.7697,9.4918,86.4761
607,26,7,0.7693,11.1388,79.1349
608,26,9,0.7690,7.1612,77.5900
609,54,11,0.7686,8.0415,84.0728
610,50,12,0.7682,9.9115,80.8471
611,40,12,0.7678,9.8069,82.1512
612,42,11,0.7674,12.0192,87.6350
613,74,15,0.7671,9.6359,95.0405
614,49,9,0.7667,10.0673,89.0071
615,78,13,0.7663,8.1498,91.8341
616,47,10,0.7659,8.3823,88.2547
617,31,10,0.7655,8.7495,87.4469
618,53,11,0.7652,7.0909,91.3553
619,55,13,0.7648,9.3320,91.5869
620,304,23,0.7644,8.8340,96.4094
621,37,10,0.7640,7.2954,88.0218
622,75,15,0.7636,8.8149,90.7749
623,69,12,0.7633,7.7531,91.1439
624,41,9,0.7629,8.9634,92.7282
625,76,16,0.7625,5.4407,95.9858
626,70,14,0.7621,11.2561,90.1958
627,56,10,0.7617,9.6055,92.6866
628,44,10,0.7614,8.6208,93.9764
629,33,8,0.7610,8.9991,86.5791
630,81,14,0.7606,9.9540,88.7910
631,25,6,0.7602,9.6032,84.7543
632,23,5,0.7598,9.6913,84.3241
633,42,10,0.7595,6.6063,90.8695
634,168,22,0.7591,7.9605,91.1484
635,35,11,0.7587,7.5367,85.4603
636,29,8,0.7583,8.1309,84.4763
637,82,14,0.7579,11.7377,88.6865
638,34,8,0.7576,8.8426,88.7275
639,35,7,0.7572,7.7261,90.8719
640,52,10,0.7568,7.5598,90.5902
641,86,14,0.7564,9.8498,90.4172
642,29,7,0.7560,9.7167,85.6879
643,33,9,0.7557,7.6302,86.8355
644,65,12,0.7553,6.9350,88.5063
645,42,11,0.7549,9.6678,91.4416
646,215,17,0.7545,9.7029,93.4874
647,43,10,0.7541,7.8777,91.0185
648,82,12,0.7538,5.6892,93.5705
649,38,8,0.7534,9.1953,89.3899
650,55,12,0.7530,9.6963,88.8673
651,54,12,0.7526,8.9525,91.1911
652,39,10,0.7522,8.1937,93.2733
653,56,12,0.7519,7.3793,91.8234
654,33,9,0.7515,7.8504,86.9813
655,45,10,0.7511,6.6327,96.0677
656,51,9,0.7507,9.8458,92.3159
657,61,13,0.7503,7.7124,102.5325
658,36,9,0.7500,7.7942,96.7070
659,83,12,0.7496,8.9659,102.0190
660,79,14,0.7492,11.9987,98.8358
661,40,9,0.7488,9.0151,101.1179
662,78,16,0.7484,9.5925,100.2769
663,70,11,0.7481,10.8724,96.0257
664,40,10,0.7477,9.6761,101.6917
665,42,11,0.7473,7.7365,96.3664
666,39,11,0.7469,9.0322,95.6262
667,57,13,0.7465,8.6725,93.2575
668,164,15,0.7462,10.9181,99.3139
669,168,20,0.7458,8.2352,101.7555
670,59,12,0.7454,9.3593,96.8836
671,136,15,0.7450,8.5481,99.2418
672,54,11,0.7446,5.5592,97.6395
673,89,17,0.7443,8.4382,98.5727
674,109,18,0.7439,6.5674,103.2287
675,36,8,0.7435,9.5875,95.1374
676,48,9,0.7431,9.2313,96.5642
677,56,10,0.7427,6.4649,100.4361
678,165,21,0.7424,5.8111,100.5907
679,50,9,0.7420,9.1804,99.6599
680,39,8,0.7416,9.1184,99.5607
681,63,15,0.7412,6.9997,98.7054
682,58,12,0.7408,8.7950,94.4735
683,42,9,0.7405,6.9801,99.5017
684,82,15,0.7401,7.6522,97.1546
685,56,11,0.7397,7.9607,100.8841
686,44,10,0.7393,7.6611,104.5241
687,31,7,0.7389,7.5156,95.6374
688,55,11,0.7386,8.0208,94.7425
689,43,13,0.7382,9.5822,100.0493
690,58,11,0.7378,11.3459,99.1208
691,59,13,0.7374,8.1558,95.9634
692,45,12,0.7370,9.3496,96.1143
693,33,9,0.7367,13.4123,90.3538
694,28,8,0.7363,6.5088,94.7633
695,38,9,0.7359,6.7286,96.2950
696,59,11,0.7355,9.1260,97.2782
697,54,11,0.7351,9.5564,98.6540
698,38,11,0.7348,7.7429,90.2583
699,49,11,0.7344,11.7072,110.9442
700,83,13,0.7340,11.0529,101.0309
701,31,8,0.7336,9.6089,98.9791
702,130,18,0.7332,10.6985,112.4847
703,74,12,0.7329,10.8805,106.2760
704,50,11,0.7325,12.4634,101.5773
705,37,9,0.7321,9.3610,99.6871
706,78,12,0.7317,10.2409,105.9867
707,59,12,0.7313,9.7693,104.5949
708,122,15,0.7310,9.1103,106.7757
709,39,9,0.7306,8.4211,103.8785
710,58,13,0.7302,11.0377,106.3111
711,40,11,0.7298,11.3044,101.8345
712,18,5,0.7294,12.3657,98.6563
713,54,10,0.7291,11.8630,105.7825
714,123,15,0.7287,11.4926,104.7522
715,65,15,0.7283,7.8172,106.7338
716,44,14,0.7279,10.5836,104.5597
717,85,13,0.7275,6.9051,108.1433
718,49,10,0.7272,7.8272,101.9822
719,73,14,0.7268,7.7772,106.2308
720,51,10,0.7264,13.8994,101.9213
721,74,11,0.7260,9.4227,111.3753
722,43,11,0.7256,11.3716,106.0643
723,28,7,0.7253,12.0830,99.6201
724,83,18,0.7249,8.5461,106.2063
725,60,12,0.7245,11.7405,105.1031
726,36,9,0.7241,7.0871,100.1730
727,43,11,0.7237,10.3863,102.8158
728,43,11,0.7234,6.0540,103.7401
729,56,11,0.7230,8.8242,108.2567
730,95,16,0.7226,6.6378,111.0114
731,41,10,0.7222,6.2827,103.8409
732,27,7,0.7218,10.0551,101.6000
733,56,12,0.7215,11.7234,104.4083
734,41,9,0.7211,10.2876,101.1345
735,47,9,0.7207,9.8816,98.6661
736,40,10,0.7203,7.9162,102.6846
737,57,11,0.7199,8.9547,109.8139
738,30,7,0.7196,12.9566,98.2640
739,41,11,0.7192,9.4884,102.5586
740,39,10,0.7188,10.7319,101.7004
741,46,11,0.7184,9.5069,106.2446
742,34,9,0.7180,8.3846,103.1168
743,58,13,0.7177,9.3136,108.3390
744,36,8,0.7173,15.2382,113.0186
745,52,11,0.7169,10.5922,110.0321
746,52,12,0.7165,16.0501,111.1198
747,125,17,0.7161,11.3150,122.1056
748,54,11,0.7158,7.4160,107.6095
749,36,8,0.7154,8.2377,110.3981
750,49,10,0.7150,7.5650,109.7983
751,55,12,0.7146,10.5058,111.2480
752,40,10,0.7142,7.5177,111.0928
753,35,9,0.7139,12.0309,106.4153
754,40,10,0.7135,12.4781,110.2993
755,148,19,0.7131,12.0971,113.7944
756,58,13,0.7127,12.5067,110.6020
757,43,10,0.7123,13.4952,111.4704
758,41,10,0.7120,11.7033,110.8798
759,52,10,0.7116,9.5056,109.2165
760,39,9,0.7112,13.4049,113.6680
761,30,8,0.7108,11.5490,108.4293
762,58,11,0.7104,9.4207,112.9068
763,37,9,0.7101,8.9870,104.4631
764,29,8,0.7097,10.2828,104.1723
765,55,11,0.7093,7.3069,109.0873
766,29,7,0.7089,2.3877,106.0322
767,42,10,0.7085,9.8940,108.8958
768,214,17,0.7082,9.5502,119.6007
769,35,8,0.7078,9.7786,109.2910
770,36,10,0.7074,11.2878,109.7229
771,35,9,0.7070,8.9208,110.7008
772,36,10,0.7066,5.8002,103.9974
773,37,11,0.7063,6.9055,108.3618
774,26,6,0.7059,16.0523,105.9269
775,80,11,0.7055,10.1332,115.5152
776,82,12,0.7051,8.2043,109.8629
777,39,10,0.7047,6.4570,108.0687
778,35,7,0.7044,4.8474,112.3195
779,56,12,0.7040,9.8970,113.4525
780,31,8,0.7036,10.2323,107.4513
781,57,12,0.7032,7.7926,110.5373
782,49,10,0.7028,8.5471,108.2537
783,41,9,0.7025,8.3629,112.6753
784,59,11,0.7021,9.5312,114.3348
785,36,9,0.7017,9.3042,109.0058
786,40,11,0.7013,10.8502,105.8064
787,86,15,0.7009,8.6513,111.9213
788,54,11,0.7006,7.7999,115.9589
789,63,13,0.7002,7.4431,117.9193
790,44,12,0.6998,14.4089,110.4519
791,121,14,0.6994,10.5978,126.3051
792,84,14,0.6990,13.2954,125.9980
793,34,8,0.6987,11.0863,113.4007
794,38,10,0.6983,10.0511,115.9938
795,41,9,0.6979,10.5275,122.2200
796,78,12,0.6975,8.3157,119.2629
797,57,12,0.6971,12.6816,117.8289
798,40,11,0.6968,14.9336,116.7749
799,55,13,0.6964,8.6031,118.8855
800,59,13,0.6960,10.0204,118.9951
801,74,16,0.6956,11.9784,120.5856
802,205,25,0.6952,10.3126,119.1065
803,48,11,0.6949,8.3286,112.5725
804,31,7,0.6945,11.8262,115.5775
805,39,10,0.6941,7.4544,113.7204
806,50,8,0.6937,9.0733,117.7827
807,44,12,0.6933,9.8930,115.2421
808,92,17,0.6930,10.6620,118.7338
809,59,11,0.6926,11.0151,118.6066
810,40,10,0.6922,8.0259,118.7286
811,43,10,0.6918,6.9907,116.2341
812,40,9,0.6914,13.3810,116.0073
813,31,7,0.6911,11.5569,116.9037
814,45,11,0.6907,11.3562,119.9274
815,47,12,0.6903,12.0309,122.8797
816,30,7,0.6899,10.5474,114.7063
817,129,18,0.6895,8.4252,123.1918
818,37,10,0.6892,10.0428,115.3658
819,43,10,0.6888,11.8244,116.1362
820,45,12,0.6884,6.8839,118.9136
821,40,11,0.6880,10.4736,113.1187
822,127,17,0.6876,11.4464,117.4615
823,32,8,0.6873,12.4554,113.9908
824,40,10,0.6869,10.6389,114.4149
825,33,10,0.6865,16.1702,109.3024
826,44,10,0.6861,8.0799,118.8637
827,42,10,0.6857,9.8324,118.4917
828,45,11,0.6854,13.1040,117.8684
829,63,14,0.6850,11.9455,117.9561
830,46,9,0.6846,14.6699,112.2563
831,58,12,0.6842,10.5935,116.6699
832,31,9,0.6838,13.9428,113.7569
833,43,11,0.6835,10.1136,118.6248
834,64,14,0.6831,12.0362,123.3225
835,72,11,0.6827,10.5453,128.4800
836,35,10,0.6823,13.0933,118.3997
837,70,14,0.6819,10.0860,123.6066
838,57,13,0.6816,10.6302,128.5467
839,123,17,0.6812,13.7449,124.1628
840,35,10,0.6808,12.5072,120.1207
841,53,11,0.6804,11.0596,124.6588
842,59,12,0.6800,10.1277,123.4478
843,41,11,0.6797,6.0365,122.1824
844,29,7,0.6793,11.8294,116.6419
845,56,14,0.6789,10.7535,124.3454
846,57,13,0.6785,10.1657,127.0100
847,35,9,0.6781,10.4560,119.7931
848,37,9,0.6778,10.4260,120.2122
849,77,16,0.6774,7.9109,126.8795
850,43,12,0.6770,11.0066,125.2845
851,143,20,0.6766,10.4632,136.6720
852,60,14,0.6762,11.7099,124.1297
853,40,11,0.6759,12.7140,116.7356
854,40,10,0.6755,7.4772,121.5643
855,42,9,0.6751,6.5587,127.5462
856,32,8,0.6747,13.4864,121.5983
857,42,9,0.6743,7.6188,121.6367
858,41,10,0.6740,10.6469,127.4040
859,122,16,0.6736,10.8158,125.4726
860,52,9,0.6732,10.4203,120.4713
861,59,12,0.6728,12.3734,130.0212
862,36,10,0.6724,9.7615,122.1456
863,51,11,0.6721,14.6685,117.8714
864,41,11,0.6717,10.4724,122.9354
865,51,11,0.6713,8.7930,119.6425
866,60,15,0.6709,8.8440,127.5771
867,44,10,0.6705,11.0184,126.2716
868,42,11,0.6702,7.4673,125.7191
869,36,9,0.6698,8.3386,117.4903
870,33,8,0.6694,11.0701,121.9585
871,42,10,0.6690,10.3500,124.3545
872,43,11,0.6686,11.7615,121.9898
873,32,8,0.6683,11.9846,119.4402
874,41,12,0.6679,9.7027,120.5522
875,41,11,0.6675,10.8365,124.1969
876,56,12,0.6671,13.0460,121.2407
877,86,16,0.6667,11.7689,125.6232
878,35,9,0.6664,9.1392,132.4141
879,36,10,0.6660,11.9850,132.3802
880,36,10,0.6656,12.6401,127.9861
881,30,7,0.6652,6.7796,129.5540
882,84,15,0.6648,10.1048,131.4993
883,299,22,0.6645,12.5831,141.3648
884,39,9,0.6641,11.1980,128.4178
885,104,16,0.6637,11.9535,140.9755
886,49,8,0.6633,11.9646,141.8018
887,31,8,0.6629,8.3987,127.9423
888,43,8,0.6626,11.9891,122.2956
889,35,9,0.6622,15.5135,130.8931
890,35,10,0.6618,14.6479,131.2888
891,56,12,0.6614,11.0109,129.4433
892,28,7,0.6610,10.9267,128.2610
893,88,14,0.6607,10.3385,136.3660
894,36,10,0.6603,10.3812,131.3321
895,38,11,0.6599,14.5741,127.8618
896,44,10,0.6595,12.7093,134.8642
897,24,6,0.6591,13.4067,123.3351
898,62,13,0.6588,11.9217,138.7157
899,52,11,0.6584,14.6422,131.2988
900,41,10,0.6580,11.6650,133.0104
901,29,8,0.6576,10.0641,127.7724
902,33,8,0.6572,8.4764,127.3476
903,52,11,0.6569,9.5263,132.4960
904,26,5,0.6565,9.8146,132.1090
905,39,10,0.6561,5.0786,133.1620
906,51,10,0.6557,9.8852,130.2947
907,59,13,0.6553,12.8792,129.8554
908,46,12,0.6550,11.6290,136.0734
909,69,12,0.6546,8.6300,134.1647
910,50,11,0.6542,14.7927,130.0705
911,54,13,0.6538,16.6012,126.5701
912,74,14,0.6534,9.3786,131.4574
913,37,9,0.6531,11.6155,129.3184
914,39,10,0.6527,12.8944,130.3305
915,41,10,0.6523,10.7254,133.5413
916,79,13,0.6519,8.6037,136.5373
917,36,9,0.6515,10.5804,130.4147
918,46,13,0.6512,11.2683,132.6781
919,104,16,0.6508,12.2178,135.1691
920,27,5,0.6504,10.8597,132.4877
921,31,8,0.6500,8.2597,126.1239
922,61,12,0.6496,12.7199,135.8197
923,232,21,0.6493,12.3111,140.6081
924,58,12,0.6489,10.7777,146.3804
925,41,12,0.6485,10.6520,139.7159
926,29,8,0.6481,10.1709,135.9332
927,52,11,0.6477,11.5834,135.8337
928,55,11,0.6474,11.4499,137.2066
929,40,10,0.6470,15.6619,137.1323
930,39,11,0.6466,15.3803,138.5239
931,71,12,0.6462,10.7340,135.6099
932,126,15,0.6458,9.6202,142.5297
933,52,9,0.6455,19.6961,145.3989
934,75,13,0.6451,8.6419,143.0539
935,40,8,0.6447,12.6181,139.8171
936,41,10,0.6443,9.4041,142.2528
937,128,15,0.6439,11.6462,144.5235
938,60,13,0.6436,9.8512,145.8227
939,30,7,0.6432,11.6026,132.2595
940,85,14,0.6428,9.4769,141.9203
941,99,17,0.6424,11.5299,143.7794
942,58,12,0.6420,11.5731,142.6145
943,178,19,0.6417,14.2636,149.1283
944,36,9,0.6413,9.7892,132.6924
945,40,9,0.6409,12.0969,141.5712
946,32,10,0.6405,14.5948,131.9317
947,40,9,0.6401,11.3184,140.5412
948,40,9,0.6398,14.4187,142.7691
949,33,8,0.6394,13.6074,135.1668
950,119,14,0.6390,11.5970,144.6242
951,29,7,0.6386,9.9786,137.3613
952,55,11,0.6382,11.4192,142.8821
953,122,18,0.6379,10.1295,145.0316
954,54,10,0.6375,6.8491,139.4775
955,51,9,0.6371,13.7499,139.5961
956,38,9,0.6367,10.1536,139.8874
957,51,11,0.6363,10.9057,138.1574
958,54,11,0.6360,10.5926,140.3074
959,44,13,0.6356,8.9758,139.9622
960,62,12,0.6352,11.3243,146.2831
961,52,10,0.6348,9.4287,142.3982
962,33,8,0.6344,9.1311,136.0509
963,85,14,0.6341,11.1704,146.6141
964,51,12,0.6337,11.3332,139.3293
965,37,9,0.6333,15.2439,137.1971
966,83,14,0.6329,14.2214,141.4461
967,55,10,0.6325,15.0596,142.8504
968,32,8,0.6322,15.2569,138.6704
969,33,8,0.6318,12.3013,142.4450
970,40,10,0.6314,11.6425,143.3371
971,154,18,0.6310,12.6145,151.6825
972,66,12,0.6306,9.3352,155.6639
973,31,9,0.6303,15.7183,138.3735
974,128,16,0.6299,12.7402,153.0274
975,38,9,0.6295,13.7254,148.1587
976,35,9,0.6291,12.5779,142.3158
977,74,12,0.6287,13.3227,149.7819
978,151,21,0.6284,15.0635,148.6222
979,55,11,0.6280,11.7579,147.1301
980,27,6,0.6276,11.3941,140.0170
981,25,6,0.6272,10.3436,137.7739
982,90,14,0.6268,15.5987,151.7061
983,41,9,0.6265,13.2658,147.4645
984,37,10,0.6261,9.7506,140.5595
985,109,18,0.6257,10.4003,145.5372
986,34,8,0.6253,17.6936,145.6367
987,120,13,0.6249,17.9895,150.4127
988,29,7,0.6246,13.8809,141.9726
989,214,25,0.6242,12.8589,150.5788
990,31,7,0.6238,15.9698,137.3337
991,65,13,0.6234,12.5581,151.5069
992,213,19,0.6230,14.8441,150.1316
993,47,10,0.6227,9.5374,141.4181
994,30,8,0.6223,15.9774,140.0883
995,49,11,0.6219,9.1193,139.4979
996,48,12,0.6215,11.8469,147.3745
997,42,11,0.6211,11.9896,148.3945
998,69,12,0.6208,14.9751,146.1610
999,29,9,0.6204,10.6987,137.1548
1000,54,11,0.6200,11.0864,143.8071
1001,68,12,0.6196,10.4221,144.6767
1002,50,10,0.6192,12.8715,144.2854
1003,79,11,0.6189,10.6527,148.3728
1004,34,8,0.6185,12.6330,144.6606
1005,44,13,0.6181,10.4586,141.2815
1006,36,10,0.6177,12.7479,140.4264
1007,29,9,0.6173,11.2634,137.6450
1008,120,16,0.6170,8.6318,146.1829
1009,39,9,0.6166,12.6958,150.2596
1010,40,11,0.6162,11.4254,140.6336
1011,28,8,0.6158,4.5010,136.3571
1012,85,14,0.6154,13.4730,155.5056
1013,58,12,0.6151,9.7166,158.9424
1014,27,6,0.6147,8.9328,147.9582
1015,41,11,0.6143,11.8634,160.6015
1016,57,14,0.6139,11.1199,158.7823
1017,51,10,0.6135,13.4583,151.9501
1018,37,9,0.6132,12.4004,157.7542
1019,80,11,0.6128,10.2971,157.6408
1020,40,12,0.6124,10.1292,152.4896
1021,38,10,0.6120,10.4378,157.7171
1022,58,13,0.6116,7.8271,150.3634
1023,34,12,0.6113,16.3192,141.3583
1024,40,10,0.6109,10.4174,149.2608
1025,84,14,0.6105,12.0838,153.3280
1026,38,10,0.6101,9.8628,150.0174
1027,34,9,0.6097,9.8780,150.4526
1028,45,12,0.6094,11.3905,153.7811
1029,41,12,0.6090,12.1238,148.9661
1030,56,11,0.6086,14.1688,156.1350
1031,36,8,0.6082,11.2708,154.6977
1032,42,12,0.6078,16.7086,158.4183
1033,58,12,0.6075,13.4074,153.1499
1034,158,17,0.6071,12.5619,159.2077
1035,69,10,0.6067,12.2320,155.6175
1036,186,17,0.6063,13.6273,159.5721
1037,72,15,0.6059,13.2425,156.8346
1038,46,12,0.6056,12.3518,152.6446
1039,45,12,0.6052,13.0526,149.1488
1040,39,10,0.6048,10.4422,152.8561
1041,46,12,0.6044,12.6541,153.7283
1042,141,17,0.6040,16.0493,165.0344
1043,34,9,0.6037,15.9589,146.3617
1044,124,16,0.6033,9.9824,159.4614
1045,41,11,0.6029,16.1937,152.7889
1046,201,16,0.6025,11.2447,161.1594
1047,32,9,0.6021,11.0497,146.3743
1048,44,9,0.6018,12.7469,146.5447
1049,71,12,0.6014,13.2788,151.4716
1050,129,18,0.6010,14.0712,158.8440
1051,27,6,0.6006,13.7984,150.4921
1052,58,13,0.6002,15.2480,162.5936
1053,34,8,0.5999,11.6934,152.7769
1054,59,12,0.5995,11.2651,152.7411
1055,40,10,0.5991,13.2189,167.0491
1056,129,17,0.5987,12.3647,171.0334
1057,73,15,0.5983,18.4788,165.6084
1058,59,13,0.5980,15.3223,160.8145
1059,89,13,0.5976,11.3460,166.6263
1060,41,9,0.5972,12.4152,163.8830
1061,41,10,0.5968,14.2019,165.9111
1062,41,10,0.5964,15.8614,164.2860
1063,45,11,0.5961,8.9202,168.4297
1064,157,21,0.5957,11.7685,170.3964
1065,35,8,0.5953,11.7480,158.9399
1066,39,10,0.5949,13.5983,158.9862
1067,39,9,0.5945,16.0961,158.5373
1068,234,21,0.5942,15.7493,170.4948
1069,36,9,0.5938,10.5427,160.5798
1070,41,10,0.5934,13.4814,167.6068
1071,44,9,0.5930,10.8161,158.5365
1072,39,10,0.5926,14.9140,162.8258
1073,56,12,0.5923,13.7511,167.3578
1074,18,4,0.5919,13.4910,149.7900
1075,31,8,0.5915,13.5839,151.6800
1076,35,9,0.5911,12.0814,156.9389
1077,24,6,0.5907,18.3969,153.0534
1078,52,11,0.5904,12.6301,162.4361
1079,35,11,0.5900,15.3470,154.4550
1080,53,11,0.5896,8.9795,159.8312
1081,86,18,0.5892,14.1403,163.7076
1082,94,15,0.5888,12.8337,179.1903
1083,35,9,0.5885,10.7263,162.3752
1084,56,12,0.5881,11.3572,164.3049
1085,27,7,0.5877,9.0730,158.0090
1086,51,9,0.5873,17.0072,163.9355
1087,113,16,0.5869,13.8381,168.0486
1088,36,11,0.5866,11.9160,158.9632
1089,103,17,0.5862,11.4140,163.4492
1090,58,12,0.5858,10.9502,164.2444
1091,53,11,0.5854,12.0642,158.6168
1092,39,10,0.5850,14.5504,160.1319
1093,57,12,0.5847,14.7651,163.0507
1094,42,10,0.5843,14.2079,164.9594
1095,42,13,0.5839,11.6712,165.3030
1096,187,19,0.5835,14.8053,172.8447
1097,31,7,0.5831,6.9371,165.2685
1098,128,19,0.5828,13.1711,177.4636
1099,95,14,0.5824,13.5420,168.6094
1100,60,12,0.5820,14.8785,176.2706
1101,58,12,0.5816,9.6616,170.3515
1102,230,19,0.5812,12.7643,182.0325
1103,22,5,0.5809,20.5008,164.2346
1104,40,11,0.5805,12.3099,161.8419
1105,165,19,0.5801,17.1926,176.9148
1106,39,10,0.5797,13.9218,172.1138
1107,38,10,0.5793,10.5862,168.2999
1108,104,19,0.5790,15.0231,177.2597
1109,52,11,0.5786,10.8357,169.8812
1110,54,9,0.5782,14.5064,174.5044
1111,52,9,0.5778,13.4346,174.2109
1112,35,9,0.5774,16.1583,167.0752
1113,37,8,0.5771,11.0564,169.5100
1114,28,8,0.5767,12.1905,164.8127
1115,62,11,0.5763,9.7884,181.6729
1116,52,11,0.5759,14.1541,168.6124
1117,30,7,0.5755,13.5440,167.3498
1118,34,9,0.5752,18.9960,169.5474
1119,62,14,0.5748,14.3976,169.1704
1120,35,7,0.5744,14.4910,170.0192
1121,115,14,0.5740,16.1105,170.7181
1122,54,12,0.5736,13.4552,167.4664
1123,38,8,0.5733,18.2388,170.7422
1124,59,11,0.5729,13.7692,169.0231
1125,56,11,0.5725,12.4821,172.9508
1126,51,10,0.5721,15.6381,166.8142
1127,55,12,0.5717,11.7990,171.0008
1128,108,19,0.5714,12.7818,179.2930
1129,103,15,0.5710,12.2612,182.4264
1130,53,11,0.5706,12.9961,168.8012
1131,36,8,0.5702,14.6537,168.3475
1132,61,14,0.5698,15.3399,170.1748
1133,39,11,0.5695,13.9451,170.5108
1134,43,9,0.5691,14.6365,178.4979
1135,45,9,0.5687,13.2596,170.1646
1136,71,11,0.5683,11.7559,174.7387
1137,160,21,0.5679,11.7561,177.1927
1138,58,12,0.5676,17.1941,169.3760
1139,159,17,0.5672,10.7614,176.9218
1140,34,7,0.5668,11.4575,166.9819
1141,50,10,0.5664,16.9323,180.4152
1142,62,14,0.5660,16.2931,178.8201
1143,32,8,0.5657,15.2307,174.5201
1144,58,13,0.5653,14.3125,177.3290
1145,37,10,0.5649,16.8213,175.6493
1146,38,10,0.5645,11.7190,175.4249
1147,27,6,0.5641,11.7284,173.3732
1148,28,7,0.5638,13.7868,171.8176
1149,38,9,0.5634,15.8507,177.2136
1150,29,9,0.5630,12.3907,167.1577
1151,103,16,0.5626,16.3365,185.6197
1152,32,8,0.5622,13.2966,174.9095
1153,87,13,0.5619,14.0066,184.9971
1154,33,7,0.5615,13.6821,176.3180
1155,67,12,0.5611,11.6970,181.5245
1156,33,9,0.5607,10.3062,170.3733
1157,128,17,0.5603,13.3842,180.8314
1158,55,11,0.5600,11.6724,177.1341
1159,96,16,0.5596,13.9992,181.2211
1160,59,16,0.5592,10.9942,173.1085
1161,125,20,0.5588,11.8571,188.5312
1162,57,12,0.5584,14.1673,182.2307
1163,43,11,0.5581,12.8200,176.9626
1164,31,7,0.5577,19.5322,177.0635
1165,43,11,0.5573,15.2581,180.1328
1166,58,15,0.5569,13.6576,177.8292
1167,72,14,0.5565,9.0078,179.2555
1168,40,10,0.5562,13.4559,180.4422
1169,58,12,0.5558,9.2663,178.0330
1170,29,7,0.5554,15.5535,175.5385
1171,113,16,0.5550,12.0854,187.2209
1172,56,13,0.5546,13.5146,176.7651
1173,77,13,0.5543,10.3848,182.0584
1174,35,9,0.5539,10.9168,177.6509
1175,38,11,0.5535,15.2367,168.1773
1176,37,10,0.5531,10.5637,176.1797
1177,31,8,0.5527,10.4031,175.1949
1178,82,15,0.5524,11.9110,183.5192
1179,39,10,0.5520,15.5668,178.4495
1180,60,11,0.5516,18.5680,183.9529
1181,39,8,0.5512,15.7985,180.5264
1182,56,13,0.5508,13.9117,178.0275
1183,45,13,0.5505,12.6362,173.3373
1184,44,11,0.5501,14.0442,176.5840
1185,36,9,0.5497,15.6982,188.4141
1186,43,11,0.5493,17.4404,190.1057
1187,45,11,0.5489,16.4716,189.2948
1188,38,9,0.5486,16.1628,183.7988
1189,36,9,0.5482,13.6730,182.3154
1190,78,14,0.5478,17.6730,194.6586
1191,53,11,0.5474,16.3709,184.9452
1192,109,13,0.5470,17.8741,185.6261
1193,37,10,0.5467,14.4426,182.0226
1194,123,15,0.5463,12.0059,193.8674
1195,30,7,0.5459,12.4152,188.0812
1196,121,16,0.5455,15.6439,192.0182
1197,54,11,0.5451,9.2250,185.6190
1198,39,10,0.5448,13.5832,189.3331
1199,70,13,0.5444,16.2977,189.1663
1200,42,10,0.5440,11.4769,184.3298
1201,56,13,0.5436,12.9308,186.1273
1202,33,8,0.5432,16.2588,180.9966
1203,80,11,0.5429,13.8793,188.9688
1204,59,13,0.5425,12.5032,194.9914
1205,58,15,0.5421,13.9365,188.4374
1206,36,11,0.5417,12.7238,182.5211
1207,243,22,0.5413,12.9961,199.3197
1208,43,11,0.5410,14.1518,189.1077
1209,49,10,0.5406,11.8074,185.6665
1210,36,10,0.5402,16.2877,177.6925
1211,56,15,0.5398,17.7060,184.6819
1212,51,10,0.5394,15.4762,187.0904
1213,49,10,0.5391,14.1277,177.6891
1214,55,12,0.5387,16.7955,185.3807
1215,64,14,0.5383,17.6761,185.9670
1216,77,14,0.5379,13.4722,190.2207
1217,58,13,0.5375,17.5697,180.2749
1218,85,13,0.5372,14.8627,187.1712
1219,111,15,0.5368,12.3859,188.9341
1220,52,10,0.5364,9.2407,185.8773
1221,32,8,0.5360,12.6144,181.9429
1222,88,14,0.5356,13.5920,193.5063
1223,33,9,0.5353,13.5090,180.1544
1224,53,13,0.5349,13.0049,176.2165
1225,40,11,0.5345,12.1704,185.3162
1226,42,11,0.5341,18.4820,189.0578
1227,35,9,0.5337,16.9036,188.0375
1228,36,9,0.5334,15.9454,189.8294
1229,26,8,0.5330,15.0179,181.2854
1230,75,11,0.5326,15.1649,190.7098
1231,59,12,0.5322,12.3727,196.4545
1232,35,10,0.5318,13.0707,186.6695
1233,89,16,0.5315,14.4829,197.7212
1234,39,9,0.5311,11.5189,191.3882
1235,26,7,0.5307,9.6466,186.0887
1236,45,8,0.5303,14.8857,191.0353
1237,42,9,0.5299,18.2115,194.0576
1238,84,14,0.5296,11.9960,194.5622
1239,32,7,0.5292,7.9146,190.7545
1240,85,14,0.5288,15.1919,194.5753
1241,40,12,0.5284,16.9083,187.6562
1242,53,11,0.5280,10.8518,191.3203
1243,34,9,0.5277,13.8547,186.5915
1244,58,12,0.5273,14.7559,198.1008
1245,60,11,0.5269,12.5917,194.0053
1246,29,7,0.5265,14.2252,192.6814
1247,25,7,0.5261,13.3319,185.1830
1248,39,10,0.5258,11.7922,190.3473
1249,25,6,0.5254,20.7442,187.3474
1250,36,10,0.5250,12.4604,186.5509
1251,37,12,0.5246,12.5522,185.5498
1252,31,10,0.5242,11.2194,188.2811
1253,42,10,0.5239,16.6935,193.9643
1254,121,18,0.5235,12.1122,198.4595
1255,82,14,0.5231,16.6308,195.8787
1256,39,11,0.5227,11.2363,199.4070
1257,55,11,0.5223,13.3463,186.6130
1258,62,12,0.5220,13.3247,195.7069
1259,32,8,0.5216,16.7945,193.2304
1260,58,12,0.5212,16.2704,195.7713
1261,39,11,0.5208,15.3903,187.9655
1262,38,10,0.5204,14.6802,192.5773
1263,30,7,0.5201,12.8605,193.0853
1264,39,9,0.5197,16.5845,194.2013
1265,63,11,0.5193,14.4624,192.2762
1266,38,10,0.5189,16.2367,187.0524
1267,60,15,0.5185,11.1857,193.0929
1268,39,10,0.5182,13.8696,189.8769
1269,104,16,0.5178,17.3538,201.7706
1270,73,12,0.5174,16.0457,193.7625
1271,65,13,0.5170,12.1723,202.8891
1272,28,6,0.5166,6.8035,189.0369
1273,158,21,0.5163,16.2171,201.7021
1274,42,14,0.5159,13.1060,196.9130
1275,49,9,0.5155,13.5569,197.5121
1276,85,14,0.5151,15.2069,203.5189
1277,83,13,0.5147,15.6072,202.1904
1278,34,9,0.5144,11.7226,196.8253
1279,41,11,0.5140,13.1139,198.3101
1280,37,9,0.5136,11.3686,194.5288
1281,57,11,0.5132,16.7935,200.1705
1282,33,9,0.5128,15.8192,194.2574
1283,53,10,0.5125,15.3254,203.0982
1284,54,11,0.5121,19.8277,201.2642
1285,39,10,0.5117,16.2267,196.3591
1286,36,10,0.5113,13.9313,198.2219
1287,38,10,0.5109,8.9538,201.8945
1288,60,13,0.5106,11.9848,210.4031
1289,57,12,0.5102,14.6623,201.3663
1290,43,11,0.5098,11.3511,200.4250
1291,33,7,0.5094,11.1914,198.5731
1292,53,10,0.5090,20.7273,207.1865
1293,36,8,0.5087,18.3133,201.1628
1294,137,20,0.5083,16.9474,212.1226
1295,47,8,0.5079,17.4453,201.8759
1296,41,9,0.5075,17.6528,202.4855
1297,118,13,0.5071,15.9135,204.1252
1298,31,8,0.5068,11.2971,192.9423
1299,43,11,0.5064,20.9863,198.9193
1300,58,12,0.5060,10.6270,205.7029
1301,32,9,0.5056,13.9300,193.1360
1302,53,11,0.5052,16.3299,202.3699
1303,54,11,0.5049,14.6275,199.3341
1304,34,8,0.5045,16.3236,199.8002
1305,77,15,0.5041,13.8491,203.9067
1306,41,9,0.5037,14.7912,202.0483
1307,39,9,0.5033,16.5308,203.8878
1308,37,9,0.5030,9.7784,199.4093
1309,58,13,0.5026,19.9363,199.1653
1310,48,10,0.5022,11.7029,196.0012
1311,126,16,0.5018,15.0090,205.9906
1312,59,13,0.5014,18.2167,202.9618
1313,29,7,0.5011,7.7857,195.9192
1314,45,13,0.5007,16.3642,200.3095
1315,60,11,0.5003,13.8641,207.5801
1316,44,10,0.4999,14.5287,204.6382
1317,38,10,0.4995,17.0592,196.6558
1318,64,13,0.4992,14.3298,207.0363
1319,75,14,0.4988,19.5792,208.7523
1320,43,8,0.4984,12.0892,205.2661
1321,55,12,0.4980,20.1322,210.4320
1322,60,13,0.4976,16.2964,213.7352
1323,70,10,0.4973,13.7586,217.0617
1324,31,6,0.4969,17.8688,209.3357
1325,119,15,0.4965,18.9397,205.7359
1326,54,9,0.4961,15.3564,212.8310
1327,468,26,0.4957,12.2769,216.7131
1328,31,8,0.4954,13.8817,205.7736
1329,36,8,0.4950,14.9518,216.5588
1330,126,17,0.4946,17.8302,212.4036
1331,59,13,0.4942,18.4870,213.8935
1332,54,10,0.4938,12.2683,205.6132
1333,60,12,0.4935,10.9936,211.5620
1334,62,14,0.4931,15.0838,214.3992
1335,172,16,0.4927,12.1703,223.1243
1336,27,6,0.4923,15.1255,202.0184
1337,57,13,0.4919,16.2698,210.6389
1338,79,12,0.4916,12.0251,208.7120
1339,59,13,0.4912,15.2640,211.9471
1340,72,10,0.4908,13.4142,211.2383
1341,59,12,0.4904,10.4093,214.0979
1342,39,9,0.4900,15.1426,210.4613
1343,61,11,0.4897,13.0648,208.0829
1344,79,14,0.4893,12.5813,202.8368
1345,130,18,0.4889,14.9829,205.4889
1346,41,10,0.4885,11.8634,212.4126
1347,58,12,0.4881,9.9808,211.1787
1348,379,25,0.4878,14.5637,220.4246
1349,42,10,0.4874,24.5877,209.1609
1350,84,12,0.4870,15.1778,219.2892
1351,58,13,0.4866,17.2824,209.3860
1352,40,9,0.4862,19.6633,206.4471
1353,62,15,0.4859,15.7589,211.4425
1354,40,9,0.4855,16.1336,211.5413
1355,42,11,0.4851,19.1395,208.1147
1356,39,10,0.4847,13.7242,209.4950
1357,111,15,0.4843,13.9620,212.6109
1358,33,8,0.4840,21.3924,199.7264
1359,46,11,0.4836,12.2844,209.2773
1360,118,14,0.4832,17.1113,218.1249
1361,41,9,0.4828,17.0750,217.7176
1362,40,10,0.4824,15.9084,216.4510
1363,61,15,0.4821,16.8291,218.5508
1364,41,11,0.4817,17.3790,220.6373
1365,120,14,0.4813,20.3357,219.6905
1366,40,11,0.4809,15.5502,220.7761
1367,29,7,0.4805,14.7495,211.9837
1368,44,11,0.4802,16.0888,213.2424
1369,70,12,0.4798,18.9530,217.4740
1370,39,10,0.4794,17.3872,213.7467
1371,32,7,0.4790,19.3564,216.8950
1372,60,11,0.4786,12.5845,222.2395
1373,33,8,0.4783,14.4172,213.7870
1374,44,9,0.4779,18.8187,206.7542
1375,91,14,0.4775,14.8308,226.7306
1376,58,12,0.4771,18.1862,216.9750
1377,31,7,0.4767,16.9902,210.9985
1378,43,12,0.4764,14.9946,208.6018
1379,375,24,0.4760,14.1185,221.9369
1380,45,11,0.4756,16.6463,218.1557
1381,47,13,0.4752,11.4427,217.7206
1382,28,7,0.4748,9.7904,210.2740
1383,72,13,0.4745,15.8949,214.0636
1384,37,8,0.4741,11.8687,214.2306
1385,79,14,0.4737,21.3173,212.4999
1386,110,15,0.4733,17.6648,217.7548
1387,39,9,0.4729,23.1488,216.7763
1388,31,8,0.4726,15.8076,214.2365
1389,60,12,0.4722,13.2555,223.0846
1390,31,8,0.4718,16.3729,216.8183
1391,41,11,0.4714,15.9185,216.7913
1392,50,11,0.4710,17.1794,209.1392
1393,119,14,0.4707,17.3027,224.7673
1394,38,9,0.4703,15.8397,217.8286
1395,39,9,0.4699,15.9425,217.8747
1396,40,11,0.4695,17.6086,223.7590
1397,36,9,0.4691,19.6893,214.5599
1398,51,9,0.4688,14.6217,217.8752
1399,54,10,0.4684,13.6666,216.2231
1400,41,11,0.4680,23.3384,212.6099
1401,24,6,0.4676,13.8058,209.2401
1402,221,20,0.4672,12.5909,223.2565
1403,38,9,0.4669,8.8631,212.0388
1404,81,16,0.4665,14.7524,223.3848
1405,92,14,0.4661,18.6613,222.0485
1406,37,11,0.4657,15.0597,215.7834
1407,137,17,0.4653,17.9163,226.2554
1408,39,10,0.4650,14.9597,219.3072
1409,57,15,0.4646,14.2116,222.3302
1410,94,17,0.4642,16.2701,226.0879
1411,41,11,0.4638,12.7418,224.6551
1412,68,13,0.4634,16.1238,233.2392
1413,37,10,0.4631,16.4812,220.7878
1414,42,12,0.4627,12.5398,221.9503
1415,77,13,0.4623,12.3917,228.6231
1416,43,11,0.4619,19.6071,227.4169
1417,81,13,0.4615,12.9490,224.6188
1418,45,9,0.4612,15.7559,218.6083
1419,106,15,0.4608,15.6452,225.7188
1420,38,11,0.4604,18.4598,217.6450
1421,61,11,0.4600,12.2852,233.0420
1422,38,11,0.4596,14.0278,217.3646
1423,41,11,0.4593,21.9048,223.6727
1424,96,16,0.4589,17.6239,230.9819
1425,39,10,0.4585,15.4592,220.8300
1426,55,13,0.4581,15.2048,221.1061
1427,56,10,0.4577,11.6990,227.9533
1428,35,8,0.4574,16.7297,218.2708
1429,32,7,0.4570,13.7882,223.0308
1430,103,16,0.4566,15.2945,222.5863
1431,44,11,0.4562,13.2006,220.0935
1432,136,14,0.4558,16.9049,225.8036
1433,100,15,0.4555,19.0218,232.5334
1434,86,12,0.4551,21.3068,219.9824
1435,52,10,0.4547,14.5119,221.3214
1436,54,11,0.4543,19.0701,222.3573
1437,56,11,0.4539,12.9697,232.3967
1438,64,14,0.4536,16.7373,222.7999
1439,71,13,0.4532,12.5770,226.1015
1440,56,11,0.4528,9.1537,233.5580
1441,33,10,0.4524,22.1563,214.9573
1442,39,10,0.4520,11.4171,225.6495
1443,60,13,0.4517,17.0286,224.4678
1444,46,11,0.4513,20.9050,222.0883
1445,82,13,0.4509,15.9340,225.8422
1446,57,12,0.4505,16.8963,221.6415
1447,68,12,0.4501,17.5365,232.7351
1448,61,12,0.4498,17.9891,227.4150
1449,59,12,0.4494,21.6210,235.4462
1450,59,13,0.4490,11.0261,229.5749
1451,91,16,0.4486,16.2113,237.8280
1452,108,17,0.4482,14.2207,226.0852
1453,45,10,0.4479,21.2068,229.1607
1454,76,12,0.4475,15.9151,232.3454
1455,127,18,0.4471,19.1204,238.3204
1456,34,9,0.4467,14.9928,224.1351
1457,46,11,0.4463,17.7755,230.8146
1458,33,8,0.4460,16.7577,224.3717
1459,73,11,0.4456,16.1300,239.6966
1460,29,7,0.4452,13.6164,231.1372
1461,76,14,0.4448,14.2112,236.7350
1462,53,11,0.4444,14.9729,232.4544
1463,40,10,0.4441,17.5883,226.8823
1464,35,9,0.4437,15.8918,226.0824
1465,42,10,0.4433,8.1174,228.5606
1466,78,14,0.4429,13.4307,227.7177
1467,58,14,0.4425,16.6832,236.6668
1468,35,9,0.4422,16.1242,225.8938
1469,61,12,0.4418,13.6629,233.9483
1470,26,5,0.4414,17.8774,226.4960
1471,37,10,0.4410,18.1865,229.3839
1472,57,12,0.4406,20.7918,234.9757
1473,41,10,0.4403,10.3882,229.7051
1474,41,11,0.4399,14.7807,228.8188
1475,55,10,0.4395,11.8417,231.7034
1476,42,11,0.4391,14.5280,226.3297
1477,55,10,0.4387,20.6121,227.9089
1478,88,17,0.4384,13.5225,225.4384
1479,35,8,0.4380,16.6866,231.8799
1480,200,21,0.4376,18.4559,235.7834
1481,52,10,0.4372,17.6121,230.6962
1482,83,14,0.4368,11.9378,228.9013
1483,81,13,0.4365,12.6915,230.9685
1484,35,9,0.4361,15.9805,229.2687
1485,54,11,0.4357,14.3633,227.9352
1486,188,21,0.4353,17.9803,237.2996
1487,31,7,0.4349,16.5401,225.6915
1488,36,8,0.4346,18.3019,228.4796
1489,34,7,0.4342,13.9880,228.9034
1490,57,14,0.4338,19.3729,233.0701
1491,58,11,0.4334,22.2311,237.8595
1492,87,13,0.4330,12.6576,238.0602
1493,40,11,0.4327,12.7028,227.6466
1494,36,7,0.4323,17.6232,233.6925
1495,40,9,0.4319,21.4314,230.3792
1496,50,11,0.4315,15.7311,226.4601
1497,81,14,0.4311,12.1474,234.0668
1498,120,14,0.4308,17.3948,240.2332
1499,20,5,0.4304,16.5448,228.2835
1500,98,13,0.4300,18.4887,241.2018
1501,74,13,0.4296,14.9421,237.9725
1502,55,11,0.4292,19.8730,235.9787
1503,46,11,0.4289,14.8737,239.9657
1504,54,11,0.4285,21.9750,237.2879
1505,58,13,0.4281,20.3118,234.3515
1506,40,11,0.4277,15.0878,231.6618
1507,76,13,0.4273,14.5222,233.5204
1508,109,12,0.4270,10.7182,239.0556
1509,49,10,0.4266,17.7791,232.8507
1510,69,14,0.4262,14.7336,231.8554
1511,54,11,0.4258,18.2391,233.0719
1512,91,14,0.4254,12.4543,244.4886
1513,80,14,0.4251,14.8060,236.5860
1514,124,17,0.4247,20.2659,235.0030
1515,101,16,0.4243,16.5508,232.1503
1516,117,13,0.4239,14.6933,230.3534
1517,57,13,0.4235,14.1920,233.2031
1518,32,9,0.4232,15.1924,229.3775
1519,45,12,0.4228,17.7324,228.4234
1520,171,16,0.4224,15.3225,237.6907
1521,101,15,0.4220,20.3303,233.8546
1522,55,12,0.4216,19.2106,234.7404
1523,224,20,0.4213,15.4971,244.0617
1524,36,9,0.4209,15.6009,225.9403
1525,19,5,0.4205,7.6624,232.7018
1526,32,7,0.4201,20.6288,228.9019
1527,32,9,0.4197,15.0997,225.5698
1528,33,8,0.4194,19.3142,236.9316
1529,73,13,0.4190,19.4893,241.5877
1530,89,15,0.4186,19.9492,242.8491
1531,57,12,0.4182,15.0141,238.5286
1532,78,16,0.4178,20.6819,241.9920
1533,49,9,0.4175,24.4892,238.4977
1534,40,9,0.4171,16.5015,244.9388
1535,33,8,0.4167,22.5741,239.8132
1536,43,11,0.4163,13.2047,238.7447
1537,86,14,0.4159,12.6147,242.4093
1538,58,10,0.4156,14.2882,245.2247
1539,53,13,0.4152,20.9744,239.7109
1540,66,11,0.4148,13.2620,240.4999
1541,104,16,0.4144,15.0475,246.2123
1542,56,12,0.4140,18.9246,237.5305
1543,42,10,0.4137,17.4020,242.4823
1544,37,9,0.4133,12.1762,237.6641
1545,54,13,0.4129,14.6733,239.9140
1546,35,9,0.4125,13.8906,240.1161
1547,82,14,0.4121,14.0505,241.8694
1548,38,9,0.4118,22.1422,236.0449
1549,56,12,0.4114,16.1091,244.5606
1550,47,9,0.4110,23.6927,236.9309
1551,39,10,0.4106,20.2207,239.9556
1552,57,13,0.4102,12.1282,239.3405
1553,37,10,0.4099,17.7511,234.2612
1554,39,10,0.4095,11.9395,242.7523
1555,42,10,0.4091,15.4396,242.2748
1556,34,9,0.4087,21.6594,240.3689
1557,47,9,0.4083,16.7719,240.8244
1558,64,14,0.4080,13.0887,247.0439
1559,73,14,0.4076,10.3297,240.8433
1560,42,12,0.4072,16.4680,239.6502
1561,47,13,0.4068,11.7799,242.2665
1562,45,10,0.4064,15.1352,244.8064
1563,28,8,0.4061,21.4448,234.9154
1564,53,10,0.4057,16.6963,237.3195
1565,83,16,0.4053,19.2672,237.0145
1566,59,12,0.4049,15.5702,239.9533
1567,58,11,0.4045,17.9868,243.4208
1568,81,13,0.4042,16.3638,252.5616
1569,42,11,0.4038,19.5476,239.8025
1570,56,10,0.4034,19.6308,241.9982
1571,69,12,0.4030,15.2223,238.3830
1572,41,10,0.4026,18.1293,240.4573
1573,117,14,0.4023,15.2219,242.8659
1574,76,14,0.4019,20.7990,243.0598
1575,55,13,0.4015,15.6583,235.7689
1576,37,10,0.4011,22.9575,243.0508
1577,84,14,0.4007,15.9617,250.6064
1578,36,10,0.4004,20.3735,237.7133
1579,60,12,0.4000,19.6739,245.3998
1580,93,17,0.3996,13.7536,252.6088
1581,41,11,0.3992,20.1310,247.9912
1582,83,12,0.3988,15.1492,246.4702
1583,58,12,0.3985,15.5342,244.9150
1584,75,11,0.3981,22.6507,242.6933
1585,28,7,0.3977,15.0502,234.6947
1586,43,11,0.3973,19.4068,246.3882
1587,35,8,0.3969,14.6135,244.6237
1588,54,14,0.3966,15.7099,244.3374
1589,162,17,0.3962,13.0259,255.3778
1590,36,9,0.3958,20.0714,245.5688
1591,166,17,0.3954,20.9723,249.6467
1592,140,20,0.3950,20.7815,252.5269
1593,139,15,0.3947,17.0992,254.3728
1594,79,13,0.3943,12.5536,252.6601
1595,56,11,0.3939,21.2115,246.0116
1596,31,7,0.3935,16.2621,240.8070
1597,78,15,0.3931,18.7427,251.8814
1598,48,14,0.3928,15.7853,247.8185
1599,30,6,0.3924,15.7005,243.6817
1600,45,12,0.3920,17.0322,245.0198
1601,64,14,0.3916,17.3583,247.8517
1602,35,7,0.3912,12.5176,250.3621
1603,53,11,0.3909,19.1095,244.2025
1604,24,6,0.3905,12.1670,240.0237
1605,116,15,0.3901,12.0784,248.9437
1606,42,12,0.3897,19.0695,234.4717
1607,38,10,0.3893,16.2795,243.1068
1608,36,9,0.3890,17.4388,242.0823
1609,45,11,0.3886,14.6301,246.6746
1610,75,13,0.3882,12.0649,252.6979
1611,70,12,0.3878,15.6865,248.6251
1612,57,14,0.3874,15.9317,252.4374
1613,85,15,0.3871,11.6036,250.2121
1614,77,12,0.3867,14.3705,244.2714
1615,38,9,0.3863,14.0867,242.0766
1616,39,9,0.3859,12.2744,244.5375
1617,43,11,0.3855,17.6430,244.7684
1618,41,10,0.3852,14.0739,245.7691
1619,57,11,0.3848,25.1043,263.3637
1620,36,9,0.3844,8.3032,253.5825
1621,87,14,0.3840,15.4479,254.4802
1622,248,21,0.3836,16.7006,261.1260
1623,75,14,0.3833,13.7859,256.7208
1624,39,11,0.3829,14.6681,245.1979
1625,74,15,0.3825,14.9830,251.0727
1626,124,15,0.3821,20.4535,261.0631
1627,32,7,0.3817,14.9684,253.3296
1628,51,11,0.3814,20.0853,250.2383
1629,238,22,0.3810,17.1955,257.5807
1630,93,15,0.3806,13.9556,261.2938
1631,81,12,0.3802,19.6134,256.9279
1632,34,8,0.3798,19.4493,245.7482
1633,56,11,0.3795,13.6775,252.4685
1634,58,12,0.3791,16.3738,255.0303
1635,60,13,0.3787,19.5561,250.3200
1636,31,9,0.3783,16.8033,247.0677
1637,58,13,0.3779,26.4609,254.1084
1638,30,9,0.3776,15.9874,245.0201
1639,39,6,0.3772,22.4056,251.0359
1640,98,16,0.3768,20.7989,257.5435
1641,76,15,0.3764,24.5343,253.0282
1642,87,15,0.3760,20.5293,257.3987
1643,45,11,0.3757,16.8500,247.2313
1644,73,12,0.3753,18.6338,257.8980
1645,39,10,0.3749,18.9108,254.4431
1646,37,10,0.3745,16.5018,256.3160
1647,43,9,0.3741,10.1109,256.8057
1648,117,16,0.3738,17.3606,252.8752
1649,34,8,0.3734,17.3090,249.7231
1650,109,20,0.3730,20.8069,255.6481
1651,25,8,0.3726,17.6743,250.4185
1652,87,15,0.3722,13.3146,257.3323
1653,31,8,0.3719,25.5793,247.1920
1654,42,11,0.3715,14.6356,246.2796
1655,42,10,0.3711,14.0311,252.5437
1656,36,10,0.3707,17.5471,249.6561
1657,59,12,0.3703,14.5498,260.0055
1658,58,12,0.3700,18.9527,255.2627
1659,78,15,0.3696,15.6157,259.1671
1660,37,9,0.3692,16.8461,269.3376
1661,47,9,0.3688,18.4929,262.4622
1662,35,9,0.3684,18.6446,246.9297
1663,60,12,0.3681,19.4016,265.2966
1664,33,8,0.3677,18.8657,256.3864
1665,77,15,0.3673,17.8238,269.0198
1666,45,10,0.3669,18.7833,258.7542
1667,34,8,0.3665,23.4705,259.5150
1668,82,11,0.3662,18.7874,263.4764
1669,157,18,0.3658,14.4409,270.9827
1670,36,9,0.3654,12.5133,255.9276
1671,53,10,0.3650,16.2489,260.5614
1672,109,17,0.3646,18.1928,261.5653
1673,34,10,0.3643,19.0415,256.4558
1674,31,6,0.3639,20.6204,265.0147
1675,37,10,0.3635,17.1985,254.6038
1676,42,12,0.3631,12.3709,260.3701
1677,38,9,0.3627,14.6600,261.2123
1678,53,12,0.3624,16.5605,260.4267
1679,40,8,0.3620,12.6315,257.9018
1680,42,10,0.3616,19.9025,258.5391
1681,78,13,0.3612,21.3649,267.7212
1682,372,29,0.3608,16.9402,269.3492
1683,79,12,0.3605,11.8424,262.9856
1684,122,17,0.3601,21.0525,269.9366
1685,28,6,0.3597,21.3978,260.3919
1686,48,10,0.3593,21.8177,256.7786
1687,143,18,0.3589,13.5693,265.9912
1688,35,8,0.3586,25.1000,252.5108
1689,60,11,0.3582,22.2827,263.7177
1690,56,11,0.3578,14.0012,263.1717
1691,87,15,0.3574,21.1612,264.4343
1692,30,8,0.3570,21.0902,258.0701
1693,33,8,0.3567,14.8819,257.8553
1694,38,9,0.3563,20.9990,259.6574
1695,53,11,0.3559,13.4428,257.0783
1696,77,14,0.3555,13.4751,269.1018
1697,44,11,0.3551,24.9574,259.0821
1698,22,6,0.3548,17.7310,247.7266
1699,55,11,0.3544,19.1045,258.5112
1700,50,10,0.3540,22.2205,263.5668
1701,33,7,0.3536,17.4022,257.1640
1702,37,8,0.3532,11.2035,260.5603
1703,95,13,0.3529,23.1972,260.1004
1704,56,11,0.3525,24.3644,255.9440
1705,87,14,0.3521,18.1491,272.3923
1706,44,11,0.3517,17.8349,270.0963
1707,40,10,0.3513,24.7724,265.1374
1708,43,11,0.3510,21.0380,265.9978
1709,43,11,0.3506,25.4820,261.5715
1710,58,12,0.3502,21.1944,270.6165
1711,30,8,0.3498,12.2444,260.5336
1712,122,17,0.3494,20.2074,277.6614
1713,108,13,0.3491,19.9563,267.2331
1714,32,8,0.3487,18.7268,265.4974
1715,42,10,0.3483,12.8065,268.4225
1716,54,11,0.3479,21.1040,268.7193
1717,38,9,0.3475,15.6143,265.1066
1718,59,12,0.3472,19.0499,264.6463
1719,51,11,0.3468,13.4101,265.3182
1720,53,12,0.3464,19.6080,269.4112
1721,37,9,0.3460,17.7070,261.0212
1722,80,14,0.3456,21.1173,265.2688
1723,83,12,0.3453,22.0946,271.6175
1724,46,10,0.3449,19.4116,259.9697
1725,26,7,0.3445,18.9146,264.1632
1726,70,12,0.3441,19.7608,266.5436
1727,21,6,0.3437,12.6979,250.1871
1728,24,7,0.3434,22.4414,257.2101
1729,25,6,0.3430,27.4618,259.8852
1730,35,9,0.3426,17.9522,266.5968
1731,34,8,0.3422,20.0648,263.0708
1732,53,10,0.3418,12.5081,273.6594
1733,32,9,0.3415,16.5544,257.4714
1734,34,9,0.3411,14.9594,265.7662
1735,38,10,0.3407,15.9471,264.1198
1736,37,13,0.3403,12.5284,266.2276
1737,40,9,0.3399,19.3054,266.1044
1738,23,6,0.3396,23.4534,254.2956
1739,50,9,0.3392,26.1842,264.8016
1740,29,7,0.3388,30.0423,259.0293
1741,41,11,0.3384,21.1595,258.9099
1742,53,10,0.3380,17.3537,269.8768
1743,28,7,0.3377,21.6354,257.4277
1744,121,14,0.3373,17.6735,274.2235
1745,42,11,0.3369,19.5396,271.8632
1746,39,7,0.3365,16.0676,256.0027
1747,45,14,0.3361,15.9706,266.0738
1748,34,10,0.3358,20.5035,255.1400
1749,69,10,0.3354,16.0995,271.7403
1750,44,11,0.3350,16.3913,271.3593
1751,59,14,0.3346,14.9026,264.4441
1752,57,12,0.3342,18.7391,262.4256
1753,38,9,0.3339,22.0222,270.5505
1754,80,13,0.3335,23.1412,275.3415
1755,25,6,0.3331,27.5453,270.0244
1756,43,11,0.3327,16.6328,270.0022
1757,54,11,0.3323,19.1802,277.8898
1758,35,7,0.3320,17.8902,271.1626
1759,87,15,0.3316,15.7450,272.9605
1760,37,9,0.3312,13.2036,269.7045
1761,46,11,0.3308,17.6081,265.7200
1762,89,13,0.3304,20.7189,276.0983
1763,33,7,0.3301,22.4516,277.7057
1764,71,14,0.3297,15.2399,280.0343
1765,73,14,0.3293,23.1726,275.0661
1766,188,21,0.3289,19.3313,277.3203
1767,54,12,0.3285,9.7000,269.2910
1768,84,13,0.3282,15.8343,285.9783
1769,44,8,0.3278,20.4615,269.1527
1770,66,14,0.3274,23.0157,277.5756
1771,50,11,0.3270,20.9888,272.3783
1772,132,19,0.3266,20.0537,283.5499
1773,63,13,0.3263,17.2591,266.9348
1774,58,12,0.3259,20.6230,271.2156
1775,29,8,0.3255,16.8473,265.7396
1776,229,19,0.3251,18.9931,280.2326
1777,162,19,0.3247,20.2991,266.6740
1778,94,13,0.3244,20.1324,287.1597
1779,60,13,0.3240,16.0288,272.2321
1780,41,12,0.3236,16.5923,270.6072
1781,53,12,0.3232,19.0211,271.9535
1782,62,13,0.3228,18.2999,271.9914
1783,62,13,0.3225,16.0149,271.6579
1784,37,11,0.3221,14.1027,267.6276
1785,23,5,0.3217,17.8590,274.3104
1786,108,14,0.3213,19.6323,277.5337
1787,115,18,0.3209,16.3591,277.9289
1788,52,10,0.3206,19.0008,269.1582
1789,52,11,0.3202,19.1660,269.3363
1790,86,15,0.3198,17.1640,277.4432
1791,54,11,0.3194,20.8887,271.5329
1792,61,13,0.3190,18.5237,278.1683
1793,40,9,0.3187,20.3243,281.5226
1794,26,6,0.3183,24.3997,268.0185
1795,74,15,0.3179,22.4741,284.9371
1796,60,12,0.3175,16.4216,279.1120
1797,71,12,0.3171,14.6078,277.6692
1798,71,12,0.3168,17.3832,279.8788
1799,40,9,0.3164,20.8852,284.3879
1800,18,5,0.3160,14.1241,266.2578
1801,107,17,0.3156,21.7011,279.1674
1802,33,8,0.3152,11.8744,274.8484
1803,107,12,0.3149,17.9154,284.5735
1804,60,15,0.3145,14.9318,275.4387
1805,41,9,0.3141,16.4580,279.8570
1806,42,11,0.3137,16.8729,271.9009
1807,109,18,0.3133,17.8647,282.4982
1808,199,16,0.3130,16.4318,284.6641
1809,58,12,0.3126,16.8727,280.5642
1810,173,18,0.3122,22.8048,283.2316
1811,49,11,0.3118,17.9241,275.8614
1812,51,11,0.3114,12.6675,271.0311
1813,72,11,0.3111,19.5808,284.3817
1814,40,10,0.3107,12.2800,274.9319
1815,38,10,0.3103,23.3582,280.7112
1816,61,13,0.3099,19.8848,279.4089
1817,60,11,0.3095,15.2995,276.0157
1818,39,10,0.3092,19.7914,274.0962
1819,25,6,0.3088,19.7044,267.4180
1820,348,23,0.3084,16.5401,288.7076
1821,59,11,0.3080,20.3089,280.2076
1822,119,14,0.3076,16.4889,278.0091
1823,35,7,0.3073,28.0897,274.7200
1824,86,14,0.3069,16.3410,279.2276
1825,52,11,0.3065,20.6581,276.8613
1826,68,12,0.3061,14.7444,277.6179
1827,29,8,0.3057,24.4663,275.4546
1828,28,7,0.3054,18.9378,269.9516
1829,98,15,0.3050,18.9424,283.9197
1830,35,9,0.3046,17.8174,275.0927
1831,82,13,0.3042,19.1315,281.6984
1832,39,8,0.3038,23.1299,280.3026
1833,53,9,0.3035,17.1146,281.3529
1834,45,11,0.3031,17.8142,284.2702
1835,62,13,0.3027,18.1255,277.9959
1836,78,17,0.3023,17.4732,279.0820
1837,39,9,0.3019,22.0174,287.6976
1838,31,9,0.3016,21.2428,283.3139
1839,122,16,0.3012,16.3186,292.1445
1840,36,10,0.3008,19.4922,286.6842
1841,36,8,0.3004,19.2469,279.0401
1842,31,8,0.3000,18.0716,281.9787
1843,57,12,0.2997,23.0444,285.1048
1844,122,14,0.2993,15.3634,289.7331
1845,115,17,0.2989,17.7894,294.8361
1846,34,8,0.2985,18.3047,282.0065
1847,77,15,0.2981,23.8108,288.1204
1848,100,18,0.2978,23.0456,282.9481
1849,42,8,0.2974,21.6290,282.0005
1850,80,11,0.2970,18.0873,301.9029
1851,34,7,0.2966,23.1888,283.8683
1852,85,12,0.2962,16.7077,291.5506
1853,34,7,0.2959,14.0841,289.2464
1854,41,11,0.2955,22.9031,281.9124
1855,53,10,0.2951,16.2201,285.8232
1856,81,16,0.2947,16.9114,282.7360
1857,37,8,0.2943,24.0807,283.7433
1858,33,8,0.2940,23.0905,282.5107
1859,57,12,0.2936,18.6307,287.8467
1860,48,9,0.2932,14.9745,277.0440
1861,33,9,0.2928,24.6827,278.3099
1862,34,9,0.2924,26.4800,281.5991
1863,43,12,0.2921,17.5113,283.8495
1864,101,19,0.2917,19.8329,293.5811
1865,88,14,0.2913,20.2911,293.6314
1866,72,12,0.2909,14.4200,292.2261
1867,61,12,0.2905,20.6600,288.5417
1868,32,9,0.2902,28.2417,275.2123
1869,157,19,0.2898,20.8044,283.4242
1870,43,11,0.2894,23.9593,284.1274
1871,32,8,0.2890,19.6003,278.3327
1872,16,4,0.2886,19.2782,274.1375
1873,44,11,0.2883,19.9313,293.6077
1874,59,13,0.2879,19.8175,283.4426
1875,42,9,0.2875,22.6676,289.7743
1876,86,13,0.2871,18.6618,284.2030
1877,36,9,0.2867,29.4651,276.7532
1878,65,14,0.2864,20.9601,289.7524
1879,32,8,0.2860,14.1270,286.8873
1880,34,9,0.2856,13.7368,280.0892
1881,37,7,0.2852,9.8172,290.1894
1882,56,13,0.2848,23.9651,292.2095
1883,171,19,0.2845,21.7502,296.5558
1884,39,12,0.2841,18.3569,292.8925
1885,33,9,0.2837,22.6245,290.2251
1886,59,12,0.2833,17.8409,291.2174
1887,41,11,0.2829,23.7180,291.1962
1888,72,12,0.2826,21.5929,297.7457
1889,82,13,0.2822,19.5133,295.2923
1890,38,10,0.2818,20.4271,291.2494
1891,54,13,0.2814,26.0628,291.7585
1892,74,14,0.2810,21.1777,287.6858
1893,92,17,0.2807,19.7627,293.9925
1894,462,25,0.2803,23.3556,303.3257
1895,31,6,0.2799,25.1667,292.7312
1896,42,11,0.2795,23.8987,289.8508
1897,46,9,0.2791,14.1554,285.1026
1898,122,16,0.2788,22.5636,294.3045
1899,37,10,0.2784,19.2425,289.3803
1900,39,10,0.2780,35.3592,285.3253
1901,37,10,0.2776,15.6212,286.3379
1902,56,13,0.2772,16.7461,288.6715
1903,79,16,0.2769,19.1399,293.1966
1904,52,12,0.2765,19.4808,291.4408
1905,31,9,0.2761,13.3380,285.3798
1906,130,19,0.2757,19.6636,295.7214
1907,28,9,0.2753,18.4013,285.8064
1908,28,7,0.2750,12.9166,283.6296
1909,37,9,0.2746,26.6666,285.0589
1910,85,15,0.2742,21.3926,292.5269
1911,55,12,0.2738,18.7536,294.5343
1912,47,13,0.2734,21.8740,293.5807
1913,49,12,0.2731,21.8621,286.9991
1914,76,12,0.2727,18.4825,291.0772
1915,37,9,0.2723,14.6602,286.0361
1916,60,15,0.2719,18.8749,287.7315
1917,59,12,0.2715,18.2110,296.1251
1918,82,12,0.2712,19.3507,300.9037
1919,38,9,0.2708,20.5186,289.2401
1920,48,12,0.2704,18.3583,293.4991
1921,66,14,0.2700,15.0595,294.8556
1922,29,7,0.2696,21.5842,287.8572
1923,55,10,0.2693,19.7871,288.4272
1924,51,13,0.2689,19.0491,295.0962
1925,173,18,0.2685,23.1270,299.2742
1926,57,14,0.2681,16.8418,288.9268
1927,57,11,0.2677,20.9873,298.3512
1928,36,8,0.2674,24.2583,292.9848
1929,127,16,0.2670,20.0815,301.4604
1930,33,8,0.2666,23.2062,291.7223
1931,61,13,0.2662,18.2044,294.8517
1932,50,10,0.2658,20.3126,295.2198
1933,36,9,0.2655,16.7707,290.1036
1934,84,13,0.2651,25.7801,305.3380
1935,34,7,0.2647,12.8666,298.5893
1936,76,16,0.2643,17.4051,299.1845
1937,32,7,0.2639,12.9457,290.5141
1938,48,10,0.2636,18.9682,290.5274
1939,42,11,0.2632,11.4147,294.9760
1940,33,9,0.2628,27.3099,291.8314
1941,59,13,0.2624,11.5497,296.5608
1942,160,18,0.2620,18.1914,298.7883
1943,69,15,0.2617,15.2566,293.1570
1944,52,12,0.2613,21.4893,291.0479
1945,35,9,0.2609,19.5968,288.7298
1946,51,10,0.2605,12.3842,293.5392
1947,31,8,0.2601,13.9369,292.2781
1948,115,17,0.2598,22.4294,300.2005
1949,81,11,0.2594,17.1668,297.0423
1950,47,10,0.2590,17.2846,295.2078
1951,57,13,0.2586,20.4112,292.2863
1952,82,11,0.2582,20.8407,303.9345
1953,37,9,0.2579,18.5115,293.5155
1954,35,6,0.2575,14.0875,299.3144
1955,53,12,0.2571,22.6733,294.0428
1956,271,24,0.2567,17.7441,301.5924
1957,63,13,0.2563,17.6117,300.8748
1958,54,9,0.2560,14.7507,293.5836
1959,37,8,0.2556,22.4229,297.5138
1960,305,23,0.2552,19.4629,301.3893
1961,63,13,0.2548,18.1756,296.4929
1962,37,9,0.2544,18.6570,292.4606
1963,71,15,0.2541,16.1912,289.9777
1964,41,11,0.2537,22.6198,287.5374
1965,61,12,0.2533,23.6877,302.3790
1966,35,9,0.2529,19.2705,296.7699
1967,21,5,0.2525,19.3755,298.8629
1968,45,10,0.2522,16.6274,292.0573
1969,42,10,0.2518,16.8913,298.8192
1970,37,9,0.2514,22.2857,292.7060
1971,54,11,0.2510,16.9465,306.9954
1972,75,16,0.2506,18.2182,300.2677
1973,35,8,0.2503,10.9162,296.7828
1974,80,13,0.2499,12.8519,296.5467
1975,82,14,0.2495,23.9600,303.4970
1976,343,24,0.2491,20.2257,308.2392
1977,32,8,0.2487,11.6173,294.1981
1978,169,19,0.2484,22.7112,308.2632
1979,47,10,0.2480,18.3696,294.1634
1980,63,14,0.2476,14.4728,298.4504
1981,46,12,0.2472,28.3953,303.3353
1982,59,14,0.2468,20.2006,302.7158
1983,67,11,0.2465,20.1456,291.5053
1984,88,15,0.2461,21.3624,303.1854
1985,31,9,0.2457,17.7258,293.8567
1986,41,9,0.2453,14.8177,298.9340
1987,79,12,0.2449,27.8203,300.1185
1988,37,9,0.2446,17.4190,294.2829
1989,59,14,0.2442,25.1254,293.6438
1990,29,8,0.2438,24.9678,295.3872
1991,81,15,0.2434,20.0198,307.1733
1992,60,12,0.2430,18.7891,300.1089
1993,53,11,0.2427,14.6130,298.0811
1994,76,14,0.2423,30.0505,299.4318
1995,39,11,0.2419,17.2646,295.7940
1996,80,12,0.2415,23.7149,301.0413
1997,189,19,0.2411,19.4987,301.0114
1998,55,11,0.2408,18.9865,299.2617
1999,39,10,0.2404,18.1090,296.5873
2000,126,17,0.2400,19.6370,304.3415
2001,86,14,0.2396,19.6192,305.0963
2002,34,8,0.2392,24.4463,300.0936
2003,31,10,0.2389,22.5163,287.0863
2004,82,13,0.2385,12.6498,303.4229
2005,49,9,0.2381,26.4910,297.5364
2006,58,13,0.2377,20.1412,299.4269
2007,178,18,0.2373,20.2355,317.0261
2008,57,12,0.2370,18.3611,306.9686
2009,27,7,0.2366,13.7083,301.5669
2010,62,14,0.2362,20.0809,314.1948
2011,154,21,0.2358,17.6237,319.9180
2012,78,15,0.2354,20.9652,313.1925
2013,60,12,0.2351,26.6388,311.2895
2014,54,12,0.2347,14.3715,303.8501
2015,70,14,0.2343,20.1994,305.0184
2016,52,11,0.2339,17.8554,310.2840
2017,124,16,0.2335,15.6310,309.1973
2018,74,9,0.2332,20.1565,311.8030
2019,36,11,0.2328,14.6544,299.1501
2020,83,12,0.2324,14.7644,312.5897
2021,90,14,0.2320,18.3355,307.7384
2022,35,10,0.2316,21.8400,297.2267
2023,25,7,0.2313,22.0313,300.4965
2024,28,8,0.2309,23.5016,299.0022
2025,41,10,0.2305,17.3500,308.4490
2026,43,9,0.2301,14.2060,301.6074
2027,42,12,0.2297,20.6679,307.8673
2028,50,11,0.2294,14.2171,303.3022
2029,172,19,0.2290,21.5220,307.7904
2030,167,17,0.2286,23.3316,314.2769
2031,55,10,0.2282,22.2968,313.4692
2032,50,10,0.2278,23.0269,304.5930
2033,142,21,0.2275,23.6121,317.0072
2034,37,10,0.2271,26.9519,297.5147
2035,41,12,0.2267,22.3711,307.6960
2036,165,20,0.2263,24.1702,308.2729
2037,99,19,0.2259,16.0054,315.9351
2038,100,12,0.2256,17.0400,318.3421
2039,56,12,0.2252,23.2497,311.9228
2040,37,9,0.2248,17.8168,303.9465
2041,36,10,0.2244,12.8673,299.6890
2042,61,13,0.2240,16.6781,313.4179
2043,39,10,0.2237,18.5049,304.6814
2044,39,10,0.2233,21.4439,305.7499
2045,54,9,0.2229,17.4573,312.8187
2046,42,9,0.2225,12.3700,312.2025
2047,74,13,0.2221,23.3768,322.7853
2048,65,15,0.2218,22.0396,321.3434
2049,41,11,0.2214,17.6500,312.3412
2050,45,10,0.2210,22.4140,316.1771
2051,57,12,0.2206,15.8232,318.5323
2052,33,8,0.2202,21.5617,309.5204
2053,59,13,0.2199,19.1068,316.3025
2054,39,9,0.2195,23.1828,318.1311
2055,36,10,0.2191,21.7083,304.7914
2056,320,24,0.2187,22.8507,319.3484
2057,84,13,0.2183,22.4004,313.9735
2058,30,7,0.2180,18.8449,313.3031
2059,109,19,0.2176,17.7029,313.4606
2060,33,8,0.2172,14.5371,314.2766
2061,43,9,0.2168,17.8696,320.1605
2062,378,25,0.2164,20.5995,320.5132
2063,35,10,0.2161,22.0274,308.0778
2064,35,10,0.2157,20.3508,307.2941
2065,56,10,0.2153,19.4794,317.5761
2066,36,9,0.2149,14.0307,311.6158
2067,78,13,0.2145,26.9259,319.3944
2068,263,26,0.2142,20.5403,320.7095
2069,41,9,0.2138,14.0155,318.8079
2070,29,6,0.2134,26.7412,309.5232
2071,39,10,0.2130,17.7271,315.6527
2072,46,11,0.2126,22.1298,314.9353
2073,56,12,0.2123,17.5976,317.2064
2074,44,11,0.2119,20.4641,316.7979
2075,43,10,0.2115,22.5342,314.5500
2076,36,9,0.2111,15.1064,314.7719
2077,152,18,0.2107,22.8299,317.0027
2078,64,15,0.2104,18.5481,316.4511
2079,43,10,0.2100,19.0143,318.0345
2080,43,12,0.2096,17.0752,309.4867
2081,57,12,0.2092,18.8382,315.8326
2082,85,14,0.2088,21.6820,315.5105
2083,31,8,0.2085,27.4185,309.1212
2084,37,10,0.2081,21.3883,314.7322
2085,36,8,0.2077,18.3197,311.4483
2086,90,16,0.2073,18.8882,316.2172
2087,36,9,0.2069,21.5103,309.6822
2088,32,9,0.2066,16.9266,309.1573
2089,56,11,0.2062,29.5945,323.8507
2090,47,12,0.2058,18.0648,322.3669
2091,241,19,0.2054,17.4305,323.9917
2092,50,11,0.2050,18.6845,325.0833
2093,59,13,0.2047,21.3472,311.7856
2094,29,8,0.2043,17.1179,308.9834
2095,80,16,0.2039,23.9470,320.5849
2096,62,14,0.2035,25.7776,319.0685
2097,56,11,0.2031,24.1688,316.6514
2098,47,9,0.2028,23.3045,311.8663
2099,55,10,0.2024,19.2366,316.8327
2100,37,8,0.2020,23.0833,317.9018
2101,38,10,0.2016,21.1667,318.3303
2102,24,6,0.2012,13.8737,310.2198
2103,38,10,0.2009,17.2425,313.7945
2104,44,11,0.2005,24.0513,315.8472
2105,36,12,0.2001,18.0088,313.1612
2106,38,10,0.1997,16.9359,319.2500
2107,222,18,0.1993,22.5835,321.5392
2108,33,8,0.1990,18.1518,318.0613
2109,36,9,0.1986,18.5674,310.6310
2110,55,12,0.1982,17.5148,318.2005
2111,75,15,0.1978,14.0374,322.9933
2112,42,11,0.1974,25.3244,314.4819
2113,34,8,0.1971,12.6803,318.7451
2114,78,13,0.1967,21.7060,320.1293
2115,33,8,0.1963,22.8625,308.3905
2116,59,10,0.1959,14.4808,322.5125
2117,35,9,0.1955,15.3065,311.6394
2118,56,13,0.1952,14.9682,321.3935
2119,63,14,0.1948,20.0483,316.5327
2120,80,11,0.1944,19.9143,319.4120
2121,40,10,0.1940,17.6485,312.1743
2122,59,12,0.1936,24.8297,326.0098
2123,67,11,0.1933,19.6346,317.8885
2124,56,11,0.1929,23.1291,321.4250
2125,88,15,0.1925,24.2900,316.7011
2126,44,12,0.1921,24.0606,321.7534
2127,38,9,0.1917,16.7634,317.9843
2128,35,12,0.1914,21.1524,312.1405
2129,41,11,0.1910,16.6613,314.1683
2130,37,8,0.1906,24.6212,317.1747
2131,58,13,0.1902,19.7031,320.9559
2132,171,15,0.1898,14.8496,330.1901
2133,108,18,0.1895,26.4511,330.7838
2134,57,12,0.1891,11.2420,322.4606
2135,38,9,0.1887,29.6208,323.7934
2136,25,5,0.1883,27.8909,317.2588
2137,56,13,0.1879,12.0163,319.1268
2138,261,21,0.1876,20.3340,336.7945
2139,146,19,0.1872,19.5877,327.8568
2140,37,10,0.1868,25.4898,320.7840
2141,40,8,0.1864,21.5915,328.8373
2142,61,15,0.1860,18.0902,324.1501
2143,94,13,0.1857,18.2278,329.8161
2144,60,12,0.1853,17.7257,328.1629
2145,31,8,0.1849,18.2448,327.6208
2146,40,9,0.1845,30.9828,318.8249
2147,56,13,0.1841,20.2608,317.1623
2148,79,16,0.1838,16.0735,332.0188
2149,73,13,0.1834,14.9179,320.2912
2150,168,15,0.1830,18.5155,331.2432
2151,38,10,0.1826,20.5737,323.2394
2152,81,14,0.1822,24.9319,321.2513
2153,117,14,0.1819,21.3554,320.4648
2154,64,15,0.1815,25.0106,327.5064
2155,38,9,0.1811,23.4290,326.4154
2156,59,12,0.1807,26.4259,328.0934
2157,37,9,0.1803,25.6821,320.2747
2158,169,17,0.1800,20.6220,327.4358
2159,48,10,0.1796,23.5191,321.8124
2160,55,11,0.1792,26.1831,325.6039
2161,85,13,0.1788,21.8201,328.0057
2162,173,18,0.1784,19.2088,332.0808
2163,85,14,0.1781,22.6830,320.7589
2164,81,16,0.1777,22.0526,327.8531
2165,82,12,0.1773,13.8794,325.1339
2166,82,14,0.1769,17.8067,327.3064
2167,39,11,0.1765,21.6298,319.4525
2168,39,10,0.1762,18.7015,328.7219
2169,34,10,0.1758,26.0602,313.3324
2170,86,14,0.1754,28.0300,323.6573
2171,42,10,0.1750,17.3366,323.6900
2172,118,13,0.1746,16.2096,330.2103
2173,54,12,0.1743,28.6721,328.9383
2174,50,9,0.1739,18.9182,326.9971
2175,57,13,0.1735,24.0444,321.7760
2176,43,12,0.1731,15.4955,325.1502
2177,24,5,0.1727,27.4606,323.4159
2178,63,14,0.1724,26.0898,328.8808
2179,54,11,0.1720,30.0107,320.6504
2180,37,10,0.1716,20.6295,317.9132
2181,104,16,0.1712,21.3201,325.8136
2182,54,12,0.1708,13.4224,318.7571
2183,42,7,0.1705,28.6666,327.2126
2184,36,8,0.1701,25.8866,324.3616
2185,32,8,0.1697,19.0530,319.1017
2186,59,11,0.1693,21.3617,337.1377
2187,90,16,0.1689,19.7100,325.4139
2188,58,12,0.1686,16.3721,325.3933
2189,35,8,0.1682,23.1195,322.7683
2190,33,9,0.1678,15.8849,320.3374
2191,158,23,0.1674,19.9666,331.0958
2192,34,8,0.1670,13.7676,323.1715
2193,59,13,0.1667,17.2472,324.0564
2194,39,10,0.1663,21.0602,325.5757
2195,36,8,0.1659,21.9456,319.9377
2196,54,10,0.1655,21.4423,328.2389
2197,135,15,0.1651,21.9017,325.1777
2198,57,11,0.1648,12.4703,321.3489
2199,118,12,0.1644,17.7852,329.3407
2200,40,8,0.1640,29.1613,329.7596
2201,40,9,0.1636,27.2758,324.9012
2202,63,15,0.1632,31.3323,322.0169
2203,193,19,0.1629,14.5049,328.0167
2204,40,11,0.1625,24.4159,326.0710
2205,42,11,0.1621,19.2322,328.5318
2206,82,13,0.1617,20.6140,327.6341
2207,42,9,0.1613,24.7705,329.0531
2208,101,14,0.1610,18.6080,331.3172
2209,81,14,0.1606,17.3623,318.4942
2210,42,10,0.1602,21.4772,327.8971
2211,380,37,0.1598,25.3520,339.4900
2212,59,12,0.1594,28.0794,331.8143
2213,124,18,0.1591,18.2654,327.4902
2214,35,8,0.1587,30.3592,324.0934
2215,52,12,0.1583,27.7204,323.6294
2216,41,9,0.1579,21.1437,334.6816
2217,121,16,0.1575,23.1734,333.6351
2218,61,14,0.1572,14.7224,327.3315
2219,55,11,0.1568,24.4299,331.5417
2220,38,9,0.1564,13.0887,332.9749
2221,236,22,0.1560,20.9808,332.0579
2222,58,12,0.1556,28.5150,327.8355
2223,105,16,0.1553,21.0302,334.9493
2224,99,18,0.1549,26.7135,333.2009
2225,215,17,0.1545,15.0216,336.4492
2226,78,14,0.1541,22.8136,334.9705
2227,127,18,0.1537,23.3464,331.2686
2228,86,14,0.1534,24.0466,327.7851
2229,283,22,0.1530,20.5814,334.5254
2230,23,6,0.1526,16.2575,320.5612
2231,42,10,0.1522,18.3520,331.7270
2232,33,8,0.1518,20.2727,322.7315
2233,43,11,0.1515,21.0599,332.4355
2234,58,12,0.1511,14.5746,323.9339
2235,36,8,0.1507,18.4663,329.9026
2236,36,9,0.1503,18.1644,327.9066
2237,130,19,0.1499,23.1774,334.8629
2238,39,10,0.1496,21.7174,321.0210
2239,42,10,0.1492,20.1446,334.7467
2240,58,12,0.1488,21.9977,330.9081
2241,103,16,0.1484,15.8291,330.4805
2242,32,8,0.1480,18.4412,327.1043
2243,59,11,0.1477,24.8216,333.2655
2244,30,9,0.1473,20.1564,316.0515
2245,86,14,0.1469,22.9408,330.8198
2246,57,11,0.1465,25.3355,330.6935
2247,55,11,0.1461,18.7130,333.2553
2248,90,17,0.1458,23.9914,329.7117
2249,36,9,0.1454,20.5182,326.4872
2250,40,9,0.1450,25.6242,333.2257
2251,41,10,0.1446,24.8544,329.7682
2252,37,9,0.1442,18.0414,331.6565
2253,38,9,0.1439,18.2093,328.8570
2254,42,11,0.1435,22.1616,341.8341
2255,141,18,0.1431,21.3141,334.7450
2256,35,10,0.1427,17.3566,334.1909
2257,175,18,0.1423,17.6526,338.2713
2258,39,9,0.1420,26.8993,332.4620
2259,133,19,0.1416,21.4432,338.8683
2260,78,15,0.1412,16.7358,341.8983
2261,53,10,0.1408,20.9550,331.9127
2262,57,13,0.1404,19.5825,336.8454
2263,46,8,0.1401,20.5197,338.8086
2264,39,10,0.1397,18.2182,339.5473
2265,82,14,0.1393,20.5261,340.7235
2266,37,8,0.1389,22.3456,331.9605
2267,34,9,0.1385,21.2687,331.6266
2268,81,13,0.1382,20.7796,339.8581
2269,126,19,0.1378,21.0012,341.9653
2270,50,11,0.1374,28.7290,332.8636
2271,43,11,0.1370,16.2022,339.1816
2272,59,12,0.1366,19.1648,335.1009
2273,61,13,0.1363,23.3073,339.4608
2274,56,12,0.1359,21.1878,338.8465
2275,59,11,0.1355,16.2951,331.6380
2276,201,20,0.1351,27.4204,342.4691
2277,41,11,0.1347,22.7712,334.6031
2278,113,16,0.1344,20.1534,336.0988
2279,182,20,0.1340,21.0349,339.1535
2280,34,9,0.1336,23.0609,334.0363
2281,222,19,0.1332,31.1360,339.5417
2282,103,16,0.1328,19.6106,343.6709
2283,33,9,0.1325,22.7807,326.5258
2284,106,19,0.1321,28.4042,330.3710
2285,89,14,0.1317,26.4605,337.9615
2286,86,14,0.1313,20.0048,340.3418
2287,49,13,0.1309,16.1697,334.6948
2288,52,11,0.1306,20.7180,333.8141
2289,52,10,0.1302,34.4664,335.2266
2290,81,13,0.1298,23.2143,340.5139
2291,122,17,0.1294,18.1517,338.6662
2292,196,19,0.1290,18.0510,349.6775
2293,34,8,0.1287,13.2276,336.2990
2294,40,9,0.1283,20.3417,337.6235
2295,50,10,0.1279,25.8988,341.9236
2296,27,7,0.1275,12.8571,329.4804
2297,41,10,0.1271,26.1025,342.1759
2298,77,12,0.1268,22.7344,342.5177
2299,84,17,0.1264,20.9064,345.6917
2300,52,11,0.1260,19.4333,337.3853
2301,85,12,0.1256,25.9217,343.7095
2302,33,9,0.1252,13.6770,333.1596
2303,40,10,0.1249,17.7078,340.4094
2304,85,13,0.1245,20.9060,351.7395
2305,41,10,0.1241,13.4974,341.0993
2306,49,9,0.1237,15.2938,339.3011
2307,33,8,0.1233,23.6752,345.9417
2308,72,12,0.1230,24.3727,344.4501
2309,58,13,0.1226,19.4933,337.1716
2310,56,12,0.1222,15.6491,341.9310
2311,39,10,0.1218,17.0464,342.2780
2312,56,12,0.1214,18.5397,340.2436
2313,224,20,0.1211,25.2699,347.8078
2314,32,7,0.1207,17.8507,340.6139
2315,88,13,0.1203,18.3826,343.2559
2316,35,9,0.1199,14.7836,337.4437
2317,56,12,0.1195,19.6876,342.2518
2318,43,12,0.1192,15.9476,339.8946
2319,43,10,0.1188,13.8209,344.8189
2320,55,12,0.1184,24.3605,336.5269
2321,79,14,0.1180,28.7233,345.0911
2322,37,7,0.1176,20.0113,350.6685
2323,29,7,0.1173,23.4026,338.9874
2324,58,9,0.1169,13.2316,348.5569
2325,36,9,0.1165,19.9819,340.6299
2326,47,9,0.1161,21.3956,338.5122
2327,33,8,0.1157,20.7969,332.6716
2328,40,10,0.1154,26.7726,338.4601
2329,58,10,0.1150,13.6713,341.5962
2330,61,13,0.1146,15.4959,340.8684
2331,33,9,0.1142,19.5149,339.2789
2332,88,16,0.1138,21.0045,350.3983
2333,33,8,0.1135,26.6960,337.7245
2334,94,15,0.1131,19.5128,344.0346
2335,37,10,0.1127,21.4408,339.7768
2336,43,7,0.1123,19.7119,353.4251
2337,82,15,0.1119,21.8383,339.8439
2338,55,10,0.1116,27.9474,348.3117
2339,57,12,0.1112,21.5896,346.4088
2340,37,9,0.1108,32.4856,345.7682
2341,32,8,0.1104,25.9827,341.7000
2342,171,18,0.1100,15.5052,349.0832
2343,31,8,0.1097,26.6732,340.0763
2344,43,10,0.1093,29.6903,345.3358
2345,36,8,0.1089,27.1994,337.4245
2346,29,7,0.1085,16.4802,338.2464
2347,36,8,0.1081,12.2943,339.2590
2348,119,16,0.1078,18.8275,342.2598
2349,33,10,0.1074,18.9523,339.9443
2350,40,9,0.1070,26.0881,346.0164
2351,35,9,0.1066,25.8880,341.4520
2352,57,11,0.1062,19.5229,337.1391
2353,29,7,0.1059,12.9765,349.3143
2354,114,16,0.1055,19.7566,342.8982
2355,35,10,0.1051,26.0442,344.3815
2356,38,9,0.1047,27.3509,345.4545
2357,43,9,0.1043,16.9897,341.7587
2358,192,21,0.1040,19.4488,351.1841
2359,83,19,0.1036,22.3548,346.9615
2360,55,10,0.1032,15.8178,348.4825
2361,35,8,0.1028,16.2054,343.8053
2362,42,10,0.1024,19.1959,342.3574
2363,35,7,0.1021,19.8939,346.7687
2364,49,9,0.1017,22.3330,350.4310
2365,60,13,0.1013,17.5774,348.0369
2366,67,16,0.1009,20.7435,343.1048
2367,116,17,0.1005,26.8838,341.8934
2368,69,13,0.1002,18.7377,350.7499
2369,122,13,0.0998,18.0485,349.9759
2370,36,9,0.0994,21.9987,340.8921
2371,38,10,0.0990,19.8935,342.1901
2372,59,13,0.0986,23.7528,346.8480
2373,42,9,0.0983,14.9155,344.3474
2374,37,9,0.0979,26.9619,339.1880
2375,237,23,0.0975,17.9480,349.2770
2376,145,20,0.0971,22.9231,340.1436
2377,33,9,0.0967,21.9656,342.5640
2378,45,11,0.0964,14.9826,348.4070
2379,53,12,0.0960,16.6042,346.3124
2380,22,5,0.0956,11.8876,340.1113
2381,38,10,0.0952,24.6772,339.1995
2382,93,14,0.0948,21.3375,355.5589
2383,39,10,0.0945,20.9836,346.5199
2384,60,11,0.0941,25.8892,355.5914
2385,32,8,0.0937,22.7439,346.7442
2386,38,9,0.0933,25.6381,343.2166
2387,33,9,0.0929,19.3500,350.6658
2388,94,16,0.0926,17.9326,360.1527
2389,77,14,0.0922,24.0958,356.1401
2390,44,9,0.0918,26.8508,354.7842
2391,39,10,0.0914,20.0150,342.4113
2392,39,9,0.0910,24.2143,352.1070
2393,31,8,0.0907,20.2861,341.8248
2394,88,15,0.0903,31.9468,348.6253
2395,60,12,0.0899,18.6274,349.1655
2396,223,20,0.0895,20.6325,354.1468
2397,301,24,0.0891,23.1633,357.5403
2398,57,11,0.0888,20.4795,344.9445
2399,43,11,0.0884,13.8982,350.8445
2400,42,11,0.0880,19.6078,342.2694
2401,39,9,0.0876,23.7632,350.9006
2402,40,11,0.0872,12.5994,342.8618
2403,40,9,0.0869,18.4498,349.7948
2404,81,14,0.0865,16.4060,354.2276
2405,40,11,0.0861,15.3414,344.0984
2406,29,6,0.0857,24.2111,345.5793
2407,158,17,0.0853,24.2563,356.3708
2408,30,7,0.0850,16.5156,345.2076
2409,35,8,0.0846,27.3214,351.3535
2410,103,18,0.0842,26.5739,354.5001
2411,20,5,0.0838,19.1757,345.5596
2412,89,16,0.0834,21.5581,341.4878
2413,76,15,0.0831,18.8227,349.3421
2414,42,9,0.0827,31.4489,347.6219
2415,34,8,0.0823,21.0424,345.0683
2416,50,9,0.0819,24.8377,349.7075
2417,32,9,0.0815,24.2369,346.6989
2418,36,9,0.0812,29.1720,348.0208
2419,55,11,0.0808,19.7604,345.2896
2420,43,9,0.0804,26.0622,361.4982
2421,51,13,0.0800,16.5063,342.5023
2422,54,11,0.0796,21.1333,354.5992
2423,41,12,0.0793,22.7204,347.0895
2424,41,10,0.0789,22.7022,350.9713
2425,58,12,0.0785,25.7206,348.1978
2426,132,20,0.0781,24.5509,353.2964
2427,50,10,0.0777,23.3032,353.2825
2428,86,14,0.0774,18.7649,349.4424
2429,42,11,0.0770,18.5918,345.2880
2430,38,11,0.0766,23.6482,347.2631
2431,83,15,0.0762,24.9772,347.7083
2432,27,6,0.0758,14.8264,346.8799
2433,40,10,0.0755,23.4994,354.6694
2434,49,9,0.0751,22.5594,348.8746
2435,94,15,0.0747,23.3782,355.0976
2436,43,12,0.0743,23.0502,347.2387
2437,52,11,0.0739,11.7989,349.4372
2438,52,11,0.0736,16.8548,349.4866
2439,45,13,0.0732,13.3774,356.0329
2440,79,14,0.0728,27.2972,352.0794
2441,36,8,0.0724,27.3805,347.9567
2442,56,11,0.0720,20.3404,359.5172
2443,29,7,0.0717,20.7123,341.9315
2444,129,17,0.0713,14.4288,363.9895
2445,129,18,0.0709,17.1357,352.7750
2446,43,11,0.0705,19.1941,351.5866
2447,156,12,0.0701,20.7547,358.9719
2448,57,9,0.0698,16.2622,363.0742
2449,59,11,0.0694,15.5859,351.4582
2450,38,11,0.0690,22.2628,344.7374
2451,142,16,0.0686,23.7882,362.1064
2452,30,7,0.0682,20.9799,347.7379
2453,39,10,0.0679,31.1951,351.1933
2454,124,18,0.0675,17.8782,350.1652
2455,103,16,0.0671,19.0718,358.4244
2456,37,10,0.0667,15.4559,349.9813
2457,28,7,0.0663,19.9155,342.0849
2458,60,12,0.0660,20.8498,359.4490
2459,146,14,0.0656,20.4755,356.5862
2460,62,13,0.0652,13.9557,358.3305
2461,57,11,0.0648,16.4600,352.9720
2462,141,22,0.0644,20.1297,351.4265
2463,35,9,0.0641,19.4702,349.1864
2464,82,14,0.0637,21.1378,352.7798
2465,126,20,0.0633,20.0017,357.5519
2466,58,13,0.0629,27.0761,355.9317
2467,43,11,0.0625,25.4617,354.0509
2468,209,24,0.0622,15.3383,362.4028
2469,37,8,0.0618,18.2143,351.0237
2470,145,16,0.0614,25.0347,368.8952
2471,35,9,0.0610,27.7929,342.5472
2472,147,22,0.0606,25.1418,360.3761
2473,137,17,0.0603,21.8137,366.1874
2474,54,14,0.0599,25.3796,356.8403
2475,39,11,0.0595,14.8729,357.9700
2476,41,9,0.0591,21.2105,354.8537
2477,44,12,0.0587,23.8703,356.0407
2478,123,17,0.0584,29.8082,357.8485
2479,39,11,0.0580,18.7351,353.5871
2480,145,23,0.0576,17.6018,364.1416
2481,63,12,0.0572,20.1929,364.7253
2482,64,14,0.0568,25.8795,361.6688
2483,101,15,0.0565,16.0733,354.6898
2484,58,13,0.0561,21.7127,353.6834
2485,117,17,0.0557,27.5185,367.4061
2486,108,17,0.0553,22.9446,354.3362
2487,34,8,0.0549,15.0421,353.3551
2488,42,11,0.0546,23.0678,356.4512
2489,73,14,0.0542,26.8524,356.1775
2490,38,10,0.0538,23.4765,361.6723
2491,41,12,0.0534,24.1507,354.9518
2492,55,11,0.0530,25.3299,359.1461
2493,33,8,0.0527,21.7048,357.9577
2494,42,10,0.0523,29.7967,352.2193
2495,87,14,0.0519,21.5035,365.1410
2496,85,16,0.0515,22.9064,368.4399
2497,58,11,0.0511,21.6997,356.9373
2498,37,7,0.0508,27.5992,360.4827
2499,63,13,0.0504,25.6142,360.9049
2500,75,14,0.0500,21.2337,358.1476
2501,31,8,0.0500,27.2616,350.3389
2502,111,19,0.0500,18.3944,360.6610
2503,44,11,0.0500,19.2088,361.1292
2504,103,17,0.0500,20.0429,365.5025
2505,55,12,0.0500,26.5572,356.9016
2506,100,15,0.0500,25.4610,363.7973
2507,59,12,0.0500,21.6390,363.1566
2508,44,11,0.0500,28.3531,358.8683
2509,32,8,0.0500,18.8767,351.2146
2510,61,12,0.0500,25.7404,348.8855
2511,72,13,0.0500,30.4612,364.1531
2512,58,12,0.0500,20.1828,362.9245
2513,42,10,0.0500,21.5542,361.1844
2514,25,6,0.0500,10.7781,352.3541
2515,39,10,0.0500,19.5981,359.7859
2516,51,11,0.0500,16.4703,362.9732
2517,112,14,0.0500,27.8717,361.5378
2518,60,12,0.0500,15.1574,359.7975
2519,117,14,0.0500,18.4373,363.8647
2520,55,12,0.0500,21.6411,354.9266
2521,61,11,0.0500,19.5003,366.5772
2522,46,11,0.0500,21.1675,367.0114
2523,86,12,0.0500,21.5879,365.0838
2524,116,17,0.0500,21.9251,369.9771
2525,45,11,0.0500,25.2852,357.4669
2526,40,10,0.0500,12.8065,359.4591
2527,53,11,0.0500,20.9960,365.7828
2528,43,12,0.0500,24.0327,359.3394
2529,46,13,0.0500,16.1567,354.7095
2530,37,9,0.0500,16.8133,356.0067
2531,36,9,0.0500,31.6728,361.5521
2532,84,14,0.0500,19.4543,361.2974
2533,34,9,0.0500,24.5421,359.1153
2534,41,11,0.0500,21.9666,360.6138
2535,48,11,0.0500,17.9687,360.7101
2536,274,21,0.0500,22.1357,359.9306
2537,63,14,0.0500,26.5175,368.6039
2538,74,13,0.0500,23.3811,360.7393
2539,53,10,0.0500,15.8384,362.9117
2540,40,9,0.0500,27.3962,366.0910
2541,38,10,0.0500,19.3553,357.1972
2542,134,18,0.0500,22.1215,360.6212
2543,38,9,0.0500,28.4230,352.1651
2544,44,10,0.0500,18.4818,371.9914
2545,50,9,0.0500,34.3723,361.0722
2546,60,12,0.0500,35.0276,374.7380
2547,55,11,0.0500,19.8620,364.7271
2548,90,15,0.0500,19.9766,369.0528
2549,34,7,0.0500,33.8532,367.8855
2550,166,18,0.0500,19.7571,372.1741
2551,35,8,0.0500,22.3193,362.9608
2552,49,10,0.0500,17.6843,359.6580
2553,74,12,0.0500,22.0893,369.9267
2554,44,11,0.0500,20.7245,368.9068
2555,62,14,0.0500,21.0240,358.4892
2556,54,10,0.0500,24.0396,368.2020
2557,39,9,0.0500,17.6871,371.4690
2558,40,11,0.0500,24.3474,364.3418
2559,43,10,0.0500,29.7097,366.8248
2560,23,7,0.0500,19.8674,357.7987
2561,35,7,0.0500,23.5506,364.7655
2562,51,9,0.0500,21.6550,365.5929
2563,176,18,0.0500,25.9105,374.5051
2564,39,10,0.0500,19.6016,357.5509
2565,73,14,0.0500,20.6302,364.0103
2566,83,14,0.0500,23.0325,365.0567
2567,132,15,0.0500,18.5625,368.6174
2568,34,9,0.0500,20.1128,364.7012
2569,60,14,0.0500,28.5190,369.8667
2570,26,7,0.0500,21.8300,356.2258
2571,42,11,0.0500,23.8243,362.8118
2572,29,9,0.0500,24.9480,357.9514
2573,88,13,0.0500,23.5768,376.0156
2574,40,10,0.0500,26.4164,362.9498
2575,31,10,0.0500,27.8905,353.3895
2576,86,15,0.0500,24.8595,363.2552
2577,43,11,0.0500,22.7106,359.9416
2578,82,13,0.0500,23.8741,366.3152
2579,56,12,0.0500,25.9256,361.6897
2580,39,9,0.0500,21.5593,366.0196
2581,103,17,0.0500,22.6183,366.2709
2582,64,13,0.0500,18.5968,365.8223
2583,81,14,0.0500,20.0877,375.4940
2584,41,11,0.0500,23.7609,363.3563
2585,42,12,0.0500,17.0701,369.2387
2586,48,10,0.0500,24.3585,363.5245
2587,45,9,0.0500,22.7485,360.5138
2588,67,13,0.0500,19.9534,369.0379
2589,58,9,0.0500,24.5539,358.2512
2590,79,16,0.0500,26.4563,377.5543
2591,54,10,0.0500,23.1514,382.9317
2592,37,9,0.0500,18.0351,367.6034
2593,37,9,0.0500,17.7092,375.6694
2594,36,8,0.0500,18.0821,378.7583
2595,54,12,0.0500,21.5956,371.7222
2596,53,12,0.0500,32.2772,373.6446
2597,84,14,0.0500,22.7809,375.3862
2598,33,8,0.0500,28.4751,371.3329
2599,39,8,0.0500,21.6689,369.3726
2600,41,13,0.0500,25.9558,374.0977
2601,51,10,0.0500,18.1483,372.1033
2602,114,17,0.0500,23.8892,378.0136
2603,41,9,0.0500,21.4782,379.0266
2604,48,9,0.0500,22.6849,372.4784
2605,41,11,0.0500,26.3066,368.4450
2606,44,10,0.0500,23.3110,378.1222
2607,65,10,0.0500,20.0506,371.8563
2608,43,9,0.0500,16.3618,383.9943
2609,40,12,0.0500,25.6688,369.1292
2610,83,13,0.0500,22.5613,382.2942
2611,52,12,0.0500,24.6221,368.9532
2612,77,15,0.0500,19.2512,370.8281
2613,28,7,0.0500,25.0676,371.1784
2614,39,8,0.0500,25.8895,373.8010
2615,90,17,0.0500,24.0915,376.2888
2616,44,11,0.0500,24.0281,367.3636
2617,35,9,0.0500,19.8809,365.5586
2618,38,10,0.0500,20.3657,372.2145
2619,38,10,0.0500,19.0727,373.6359
2620,82,17,0.0500,26.9111,370.2389
2621,84,15,0.0500,25.7267,370.3888
2622,37,8,0.0500,26.1384,367.2830
2623,56,14,0.0500,20.4726,366.5287
2624,35,11,0.0500,23.6626,367.3154
2625,40,12,0.0500,19.1024,369.0410
2626,85,15,0.0500,24.4271,374.6502
2627,35,8,0.0500,23.1019,369.8417
2628,37,10,0.0500,22.3298,367.3015
2629,83,14,0.0500,32.1213,375.9644
2630,46,10,0.0500,25.5046,369.6623
2631,44,10,0.0500,32.1464,369.5398
2632,37,9,0.0500,19.7186,373.5506
2633,59,12,0.0500,26.3478,388.1039
2634,25,7,0.0500,16.1617,359.0491
2635,30,7,0.0500,20.6740,380.5284
2636,41,11,0.0500,22.1750,377.3565
2637,37,9,0.0500,28.2244,366.5848
2638,39,8,0.0500,19.5654,371.3497
2639,152,13,0.0500,27.0584,387.8890
2640,30,7,0.0500,22.7230,370.8067
2641,87,15,0.0500,21.3507,376.0149
2642,33,7,0.0500,17.1920,371.8831
2643,38,10,0.0500,14.4529,367.6962
2644,58,13,0.0500,19.3642,376.0799
2645,155,20,0.0500,28.7935,375.8629
2646,56,13,0.0500,21.7341,374.0994
2647,63,14,0.0500,22.9939,380.2785
2648,61,14,0.0500,19.4344,379.1892
2649,62,14,0.0500,25.5179,372.2808
2650,50,10,0.0500,22.9519,372.2203
2651,57,11,0.0500,26.5915,381.0550
2652,44,10,0.0500,27.0731,374.9858
2653,37,8,0.0500,28.0915,381.5990
2654,164,20,0.0500,20.1680,375.9067
2655,126,17,0.0500,23.4927,379.5189
2656,57,13,0.0500,25.5973,377.0654
2657,129,17,0.0500,20.2366,382.2816
2658,45,11,0.0500,27.3023,373.9794
2659,42,11,0.0500,14.1682,377.4752
2660,52,11,0.0500,20.2061,367.0761
2661,83,17,0.0500,19.8036,381.5584
2662,37,10,0.0500,29.2720,367.3296
2663,36,10,0.0500,23.9279,376.9949
2664,34,8,0.0500,22.2865,376.2938
2665,87,15,0.0500,21.8817,371.5170
2666,31,9,0.0500,18.5421,372.8208
2667,29,9,0.0500,23.6138,366.8534
2668,42,12,0.0500,25.0436,373.6835
2669,85,15,0.0500,26.2255,383.0986
2670,27,6,0.0500,15.8210,375.0031
2671,59,11,0.0500,28.0137,369.8031
2672,36,9,0.0500,18.8021,378.1667
2673,38,9,0.0500,21.5081,376.8566
2674,53,12,0.0500,26.5395,367.8765
2675,133,18,0.0500,23.9431,378.3985
2676,39,10,0.0500,25.8092,380.3512
2677,77,17,0.0500,30.2554,385.7735
2678,56,12,0.0500,27.0271,380.7988
2679,40,11,0.0500,32.9127,382.0142
2680,58,12,0.0500,22.6079,384.9427
2681,37,9,0.0500,21.4548,376.9875
2682,31,6,0.0500,20.1083,386.2728
2683,43,11,0.0500,19.1511,375.5607
2684,72,12,0.0500,20.2924,383.7537
2685,42,12,0.0500,17.8628,379.1268
2686,41,10,0.0500,21.9436,386.0120
2687,119,16,0.0500,23.9155,378.5718
2688,34,11,0.0500,25.4412,375.9630
2689,43,9,0.0500,16.5545,380.2366
2690,31,6,0.0500,23.9081,379.7386
2691,40,11,0.0500,30.7776,379.8780
2692,44,11,0.0500,23.2414,381.9527
2693,31,7,0.0500,25.5633,380.9647
2694,43,11,0.0500,20.7175,381.6482
2695,295,25,0.0500,23.5429,391.8363
2696,37,8,0.0500,18.0924,379.1214
2697,31,8,0.0500,12.6150,384.0760
2698,63,14,0.0500,21.2553,378.8066
2699,101,13,0.0500,22.8947,393.2692
2700,39,10,0.0500,17.8617,383.0235
2701,25,6,0.0500,24.8422,376.2028
2702,53,10,0.0500,25.9154,385.0854
2703,65,12,0.0500,30.0852,395.7827
2704,35,10,0.0500,20.7087,377.8202
2705,76,15,0.0500,25.0463,378.1027
2706,41,12,0.0500,16.9721,381.9292
2707,85,15,0.0500,21.6122,381.8114
2708,225,21,0.0500,22.0336,398.5418
2709,82,15,0.0500,24.9252,383.2328
2710,131,22,0.0500,21.4238,389.6513
2711,58,12,0.0500,21.7060,380.7909
2712,72,12,0.0500,21.1449,382.2135
2713,58,12,0.0500,28.7769,384.0399
2714,42,12,0.0500,20.7327,376.9695
2715,39,10,0.0500,29.9695,378.4279
2716,34,9,0.0500,26.5925,380.8292
2717,97,18,0.0500,21.0832,387.9469
2718,27,7,0.0500,34.4459,375.5935
2719,74,15,0.0500,22.3708,388.5783
2720,39,10,0.0500,20.9666,387.5735
2721,88,15,0.0500,27.2712,395.4283
2722,88,14,0.0500,18.8449,391.8160
2723,54,10,0.0500,15.4317,390.1097
2724,33,7,0.0500,21.2527,384.2821
2725,37,11,0.0500,20.7222,380.4393
2726,87,13,0.0500,33.6998,390.2412
2727,36,7,0.0500,15.3227,394.8223
2728,57,13,0.0500,24.0286,392.5438
2729,29,6,0.0500,24.3905,382.8112
2730,43,11,0.0500,18.8463,380.6193
2731,44,9,0.0500,26.6196,385.2570
2732,35,7,0.0500,13.3731,388.2957
2733,58,11,0.0500,17.6990,390.7503
2734,31,8,0.0500,20.5449,383.8977
2735,97,14,0.0500,17.7026,392.1712
2736,90,16,0.0500,26.6781,389.9476
2737,32,9,0.0500,23.8228,381.8105
2738,38,10,0.0500,19.3305,387.5542
2739,88,15,0.0500,20.5052,391.4425
2740,95,18,0.0500,19.9821,394.0310
2741,93,17,0.0500,22.3238,390.9471
2742,267,21,0.0500,19.1647,385.3074
2743,39,10,0.0500,14.6790,387.7699
2744,87,16,0.0500,24.2630,396.5584
2745,75,13,0.0500,31.2385,393.8737
2746,34,8,0.0500,18.0471,390.2135
2747,194,22,0.0500,18.8251,403.6794
2748,36,8,0.0500,11.0946,389.3608
2749,58,12,0.0500,36.3963,393.9552
2750,61,12,0.0500,21.0387,394.1727
2751,42,11,0.0500,19.9406,392.1464
2752,89,14,0.0500,23.4340,391.9489
2753,34,9,0.0500,17.3281,386.1110
2754,32,6,0.0500,22.2833,394.0586
2755,38,11,0.0500,23.5362,384.9939
2756,36,9,0.0500,17.5971,390.4625
2757,51,10,0.0500,20.7344,383.9134
2758,65,11,0.0500,31.7842,387.5192
2759,163,19,0.0500,21.1301,392.8552
2760,26,7,0.0500,31.2759,385.2513
2761,45,11,0.0500,24.8049,388.5540
2762,35,8,0.0500,22.2794,392.6510
2763,78,14,0.0500,16.3412,397.2702
2764,69,13,0.0500,25.5583,393.4399
2765,25,6,0.0500,15.7889,394.1440
2766,39,10,0.0500,23.7557,384.7857
2767,41,10,0.0500,24.9512,394.6739
2768,39,10,0.0500,23.3873,389.3695
2769,80,12,0.0500,20.2160,396.7268
2770,71,14,0.0500,22.1782,387.9731
2771,83,17,0.0500,23.2704,401.6053
2772,81,15,0.0500,23.3148,380.5517
2773,62,14,0.0500,20.1077,398.4853
2774,63,14,0.0500,18.4602,393.8841
2775,77,13,0.0500,23.5123,400.3520
2776,58,13,0.0500,22.7535,387.2747
2777,40,11,0.0500,30.3334,384.2154
2778,39,10,0.0500,21.7536,391.7521
2779,42,10,0.0500,19.3414,390.8561
2780,30,8,0.0500,27.5867,382.2854
2781,57,12,0.0500,27.3554,395.4486
2782,79,12,0.0500,22.8094,395.8206
2783,97,18,0.0500,22.5181,392.9380
2784,108,17,0.0500,26.7357,399.2172
2785,61,13,0.0500,20.2991,400.6058
2786,57,13,0.0500,31.2768,388.6017
2787,55,11,0.0500,25.8990,396.3336
2788,94,16,0.0500,25.1788,399.7749
2789,181,25,0.0500,28.5232,397.1999
2790,41,11,0.0500,29.5821,390.6022
2791,37,9,0.0500,24.4834,395.0706
2792,55,9,0.0500,25.3627,389.4740
2793,38,11,0.0500,22.5736,392.4790
2794,169,18,0.0500,21.8927,401.2381
2795,46,11,0.0500,22.1420,390.6570
2796,138,21,0.0500,16.7857,403.4946
2797,31,8,0.0500,24.9757,388.7426
2798,36,10,0.0500,29.1266,389.1809
2799,33,9,0.0500,26.1169,381.6883
2800,40,11,0.0500,23.8049,385.8387
2801,55,12,0.0500,25.5571,391.0334
2802,36,8,0.0500,33.1078,395.8692
2803,37,9,0.0500,20.8284,399.4696
2804,30,8,0.0500,24.7596,394.8582
2805,31,8,0.0500,21.5485,384.4896
2806,46,9,0.0500,20.4841,406.1106
2807,51,11,0.0500,20.9297,397.2973
2808,169,15,0.0500,27.5606,403.7598
2809,159,19,0.0500,22.9071,407.7711
2810,76,14,0.0500,24.1526,402.6892
2811,45,11,0.0500,27.2102,403.4576
2812,58,12,0.0500,22.7870,400.8433
2813,38,10,0.0500,20.6038,396.6529
2814,35,10,0.0500,22.4911,397.2377
2815,203,22,0.0500,27.5789,404.7339
2816,116,17,0.0500,21.1625,410.9945
2817,60,12,0.0500,26.5691,405.6536
2818,28,7,0.0500,21.9510,396.1389
2819,76,11,0.0500,17.5398,391.7049
2820,448,25,0.0500,29.4984,404.3184
2821,73,15,0.0500,15.8694,397.2346
2822,37,10,0.0500,20.1220,400.8022
2823,38,11,0.0500,23.8134,398.3877
2824,85,15,0.0500,22.6983,397.9398
2825,56,11,0.0500,30.7732,401.9265
2826,34,9,0.0500,26.9021,395.5817
2827,53,11,0.0500,23.3101,400.7904
2828,72,9,0.0500,11.7337,406.4740
2829,62,13,0.0500,12.9162,395.7545
2830,37,9,0.0500,27.8388,400.6174
2831,154,18,0.0500,16.4408,408.6957
2832,87,17,0.0500,21.9166,405.0742
2833,60,12,0.0500,26.3096,406.2236
2834,48,13,0.0500,19.4765,405.3270
2835,55,10,0.0500,32.4498,401.2001
2836,58,14,0.0500,28.4555,394.7760
2837,58,13,0.0500,23.1006,403.4372
2838,52,9,0.0500,23.1454,400.5333
2839,33,8,0.0500,13.4154,398.5148
2840,39,10,0.0500,20.8581,399.4254
2841,70,12,0.0500,24.3846,403.0728
2842,242,23,0.0500,22.8850,408.4428
2843,113,17,0.0500,29.5007,410.7672
2844,60,15,0.0500,23.9684,411.3532
2845,37,10,0.0500,25.2986,405.9071
2846,31,6,0.0500,24.0833,402.8492
2847,84,13,0.0500,30.6577,410.8253
2848,34,9,0.0500,22.1440,405.7000
2849,37,9,0.0500,26.6489,406.4210
2850,153,18,0.0500,24.2859,421.2899
2851,74,13,0.0500,25.6630,409.5353
2852,40,11,0.0500,30.8848,406.4099
2853,38,9,0.0500,21.4700,414.6757
2854,41,10,0.0500,25.5120,408.9315
2855,34,9,0.0500,22.8567,406.1315
2856,28,6,0.0500,21.0756,402.9062
2857,115,16,0.0500,21.4977,405.6730
2858,46,8,0.0500,17.4562,407.6638
2859,55,10,0.0500,15.9303,406.8040
2860,34,8,0.0500,13.2513,405.0020
2861,208,21,0.0500,30.6422,419.4561
2862,36,7,0.0500,28.5925,403.9923
2863,119,18,0.0500,30.1927,413.1713
2864,63,13,0.0500,31.1250,422.3147
2865,43,10,0.0500,24.1534,411.3822
2866,85,13,0.0500,24.8404,414.7159
2867,141,17,0.0500,26.2427,413.2660
2868,60,13,0.0500,26.5939,411.5995
2869,44,12,0.0500,30.3882,407.5988
2870,111,14,0.0500,29.8815,413.2917
2871,73,12,0.0500,19.7207,413.4842
2872,41,10,0.0500,19.0105,414.5755
2873,36,9,0.0500,25.7177,406.6851
2874,82,12,0.0500,18.7171,410.7092
2875,34,8,0.0500,23.9660,406.5611
2876,36,9,0.0500,20.6513,406.2754
2877,54,9,0.0500,27.6920,414.9757
2878,553,39,0.0500,25.7352,411.7824
2879,38,9,0.0500,20.5063,411.4616
2880,56,12,0.0500,20.0518,407.5507
2881,37,9,0.0500,23.2302,412.0193
2882,90,19,0.0500,21.5982,414.7149
2883,50,11,0.0500,20.6228,407.3362
2884,57,14,0.0500,26.9006,413.6552
2885,38,8,0.0500,34.9672,421.8339
2886,125,14,0.0500,19.6916,421.6993
2887,34,9,0.0500,28.4842,408.5018
2888,26,6,0.0500,23.4777,409.5866
2889,37,10,0.0500,21.3077,413.8231
2890,29,8,0.0500,28.4686,408.7662
2891,64,12,0.0500,23.1982,411.7475
2892,84,13,0.0500,14.3326,423.9042
2893,68,11,0.0500,22.4233,420.2376
2894,331,28,0.0500,20.2915,419.8018
2895,275,32,0.0500,26.1880,424.6683
2896,38,10,0.0500,21.6379,409.6721
2897,46,12,0.0500,19.8453,415.2310
2898,42,11,0.0500,26.4387,418.6178
2899,37,11,0.0500,22.5899,413.2117
2900,74,14,0.0500,22.6351,419.9606
2901,36,9,0.0500,27.0170,415.0351
2902,33,9,0.0500,22.2192,405.4800
2903,38,10,0.0500,28.3137,405.6084
2904,64,13,0.0500,28.4468,422.9565
2905,58,14,0.0500,25.2387,417.2856
2906,30,8,0.0500,22.9450,406.9329
2907,121,14,0.0500,34.2202,419.4487
2908,40,10,0.0500,25.8731,418.2633
2909,140,17,0.0500,25.6437,417.1283
2910,67,12,0.0500,23.6249,410.3964
2911,48,8,0.0500,25.1510,414.6083
2912,33,8,0.0500,16.4193,411.9409
2913,56,11,0.0500,21.7985,407.9500
2914,39,10,0.0500,22.0010,406.2154
2915,43,9,0.0500,20.7249,414.9922
2916,40,9,0.0500,24.2489,416.5459
2917,39,11,0.0500,23.3599,412.5297
2918,60,11,0.0500,17.2144,416.4389
2919,686,43,0.0500,28.2017,422.6991
2920,39,9,0.0500,27.5647,416.8964
2921,37,9,0.0500,30.5916,418.3727
2922,35,9,0.0500,15.0646,412.3343
2923,39,9,0.0500,36.8892,418.4889
2924,36,9,0.0500,17.6148,418.4650
2925,34,10,0.0500,19.4150,406.1017
2926,39,9,0.0500,24.4773,416.0585
2927,219,15,0.0500,33.7528,432.2091
2928,54,9,0.0500,17.6987,425.5680
2929,40,10,0.0500,24.8737,411.1365
2930,33,8,0.0500,32.8464,410.3304
2931,77,14,0.0500,25.2578,422.3885
2932,55,13,0.0500,25.3835,421.5139
2933,226,20,0.0500,25.9541,420.8079
2934,56,12,0.0500,27.4196,412.5743
2935,55,11,0.0500,27.6564,418.8295
2936,91,14,0.0500,15.7724,423.0466
2937,90,16,0.0500,19.2654,424.4988
2938,35,8,0.0500,28.1815,422.5575
2939,90,13,0.0500,23.3558,427.5746
2940,32,8,0.0500,37.0481,415.4135
2941,36,10,0.0500,26.4621,412.6976
2942,167,19,0.0500,31.9965,423.1882
2943,38,10,0.0500,20.3739,417.7721
2944,38,11,0.0500,23.2571,410.1180
2945,80,13,0.0500,26.6063,421.1859
2946,87,17,0.0500,23.6284,426.5308
2947,89,14,0.0500,21.1791,425.6318
2948,73,13,0.0500,33.7428,418.3455
2949,39,12,0.0500,20.3489,416.4002
2950,41,12,0.0500,29.8816,414.7502
2951,88,16,0.0500,24.3128,422.5426
2952,40,10,0.0500,32.5698,411.4620
2953,89,15,0.0500,27.9531,422.9459
2954,53,10,0.0500,29.3697,416.8848
2955,103,15,0.0500,18.0322,419.7178
2956,62,12,0.0500,25.9821,415.8672
2957,141,18,0.0500,26.4168,422.6825
2958,75,14,0.0500,31.5970,418.5483
2959,539,36,0.0500,24.6826,427.6751
2960,72,11,0.0500,15.8366,420.5808
2961,51,10,0.0500,33.8824,429.3246
2962,31,8,0.0500,33.8273,416.6778
2963,66,15,0.0500,19.7691,426.8738
2964,66,16,0.0500,22.1024,423.3172
2965,42,10,0.0500,22.0866,426.5367
2966,60,12,0.0500,21.2022,427.3252
2967,28,7,0.0500,21.7673,417.9850
2968,40,10,0.0500,27.7410,424.2310
2969,61,12,0.0500,25.8249,427.4550
2970,63,10,0.0500,35.3119,424.0554
2971,268,23,0.0500,25.4816,428.5817
2972,86,15,0.0500,30.0759,424.0710
2973,36,9,0.0500,19.8044,421.2316
2974,54,10,0.0500,26.3855,421.9957
2975,40,10,0.0500,26.1169,415.3166
2976,74,13,0.0500,22.2082,423.2881
2977,101,17,0.0500,21.2611,420.9770
2978,55,11,0.0500,20.0382,426.9876
2979,70,10,0.0500,27.5404,418.4099
2980,76,14,0.0500,23.1462,427.0093
2981,65,12,0.0500,29.1747,421.3537
2982,147,18,0.0500,23.7186,427.6625
2983,182,25,0.0500,23.3996,433.0237
2984,41,10,0.0500,27.3425,420.6874
2985,34,10,0.0500,29.9963,418.3218
2986,50,9,0.0500,30.3294,429.4651
2987,40,10,0.0500,28.3097,419.8738
2988,86,14,0.0500,24.8870,425.1704
2989,58,9,0.0500,17.5422,435.3981
2990,37,10,0.0500,29.5984,419.0044
2991,29,7,0.0500,21.9583,416.8326
2992,147,22,0.0500,20.6269,429.5327
2993,32,8,0.0500,24.1715,414.8012
2994,50,13,0.0500,25.6995,418.2361
2995,52,11,0.0500,20.1765,421.3248
2996,62,13,0.0500,29.5661,430.8580
2997,56,12,0.0500,17.9883,423.4167
2998,57,12,0.0500,21.7129,422.3236
2999,59,13,0.0500,20.5596,419.9265
3000,58,12,0.0500,27.7552,422.6078
3001,33,8,0.0500,17.9157,416.3975
3002,61,11,0.0500,25.2908,437.4762
3003,112,13,0.0500,32.1583,436.3106
3004,50,11,0.0500,20.5318,424.3851
3005,54,11,0.0500,32.0237,426.0251
3006,53,11,0.0500,27.7424,419.6210
3007,125,15,0.0500,22.8808,427.9948
3008,36,10,0.0500,23.7342,431.1523
3009,30,8,0.0500,28.0189,420.1924
3010,38,10,0.0500,22.7726,425.9331
3011,304,26,0.0500,27.1583,430.2595
3012,24,6,0.0500,32.1603,421.3146
3013,32,9,0.0500,17.7210,422.1584
3014,83,14,0.0500,26.3696,427.0758
3015,42,10,0.0500,26.4000,427.6936
3016,54,12,0.0500,21.1836,419.6577
3017,44,12,0.0500,30.0585,429.4802
3018,123,18,0.0500,29.2231,431.1132
3019,89,15,0.0500,22.5443,433.5564
3020,143,18,0.0500,21.5216,433.8614
3021,108,13,0.0500,26.5459,431.0320
3022,45,11,0.0500,33.1113,429.8482
3023,38,11,0.0500,19.9898,424.7139
3024,27,5,0.0500,25.2722,430.4870
3025,85,15,0.0500,25.6149,436.2957
3026,77,12,0.0500,29.4888,423.9288
3027,55,12,0.0500,18.8653,428.9630
3028,87,15,0.0500,21.5362,430.5264
3029,155,16,0.0500,22.9233,430.7250
3030,44,11,0.0500,30.3299,419.0604
3031,52,12,0.0500,18.3845,424.0575
3032,32,8,0.0500,21.5889,423.7669
3033,155,20,0.0500,25.6041,433.6659
3034,37,6,0.0500,22.8465,425.9350
3035,127,17,0.0500,24.7251,434.6490
3036,31,9,0.0500,25.7769,413.9189
3037,53,10,0.0500,23.6764,435.1758
3038,209,24,0.0500,23.9773,428.1771
3039,59,12,0.0500,24.9061,431.9766
3040,43,11,0.0500,32.5451,430.0037
3041,38,8,0.0500,14.9357,432.9520
3042,52,12,0.0500,19.1754,429.0612
3043,32,8,0.0500,17.7795,436.9684
3044,66,13,0.0500,24.1468,438.5001
3045,168,17,0.0500,21.0010,433.4223
3046,72,10,0.0500,25.4760,430.5107
3047,56,13,0.0500,21.9637,432.8392
3048,61,14,0.0500,26.3518,430.8466
3049,38,6,0.0500,26.8618,433.5365
3050,44,10,0.0500,13.5747,437.7109
3051,44,12,0.0500,21.9632,427.5314
3052,90,16,0.0500,30.0349,437.4636
3053,86,17,0.0500,18.4881,444.2589
3054,34,9,0.0500,14.0483,424.3477
3055,69,13,0.0500,19.7709,427.4007
3056,229,18,0.0500,21.4817,439.7278
3057,73,12,0.0500,27.3788,447.1446
3058,39,11,0.0500,24.4992,429.7779
3059,41,10,0.0500,20.2489,435.6848
3060,82,13,0.0500,28.9549,435.3840
3061,73,15,0.0500,20.2218,432.0289
3062,76,10,0.0500,22.9574,438.9472
3063,26,8,0.0500,22.9355,429.0190
3064,54,12,0.0500,27.4431,432.7527
3065,126,15,0.0500,24.1880,433.5361
3066,39,10,0.0500,31.7340,428.4371
3067,25,6,0.0500,16.3407,428.7493
3068,49,12,0.0500,31.5949,430.3530
3069,74,14,0.0500,23.5944,432.9928
3070,45,11,0.0500,18.9586,434.2954
3071,53,11,0.0500,22.2007,432.2510
3072,96,11,0.0500,27.8258,430.6480
3073,42,10,0.0500,25.0741,442.0556
3074,109,11,0.0500,29.0993,437.6332
3075,31,9,0.0500,29.6170,425.2479
3076,43,9,0.0500,24.8495,434.6531
3077,74,14,0.0500,31.4192,437.1798
3078,44,12,0.0500,21.8640,433.7008
3079,39,10,0.0500,20.9900,429.5467
3080,163,20,0.0500,23.7946,442.0610
3081,114,17,0.0500,25.7767,444.9413
3082,171,21,0.0500,20.8542,437.2098
3083,52,12,0.0500,19.7873,435.2319
3084,80,15,0.0500,19.0463,440.2252
3085,62,13,0.0500,24.2177,442.6092
3086,59,12,0.0500,27.2015,431.0855
3087,58,10,0.0500,36.9938,444.3439
3088,63,10,0.0500,20.5359,433.6212
3089,37,10,0.0500,28.9828,427.1219
3090,38,9,0.0500,29.2585,438.8918
3091,59,13,0.0500,33.4517,432.0352
3092,27,8,0.0500,17.9388,436.0910
3093,73,13,0.0500,21.2562,438.5620
3094,37,10,0.0500,22.7657,434.1276
3095,45,11,0.0500,24.9102,443.3634
3096,28,7,0.0500,35.2159,432.5348
3097,61,13,0.0500,25.9688,440.9188
3098,35,9,0.0500,19.3656,427.4516
3099,34,9,0.0500,25.1891,429.5845
3100,51,9,0.0500,26.5047,435.5220
3101,73,14,0.0500,23.2415,445.7381
3102,36,8,0.0500,21.5714,440.9782
3103,37,10,0.0500,20.1446,429.2441
3104,52,12,0.0500,29.6487,435.4933
3105,117,17,0.0500,23.5652,435.5602
3106,54,13,0.0500,28.3617,443.0071
3107,57,12,0.0500,26.1305,443.4492
3108,59,12,0.0500,28.2669,437.8160
3109,38,10,0.0500,20.2774,435.3022
3110,33,8,0.0500,22.1792,427.9265
3111,55,13,0.0500,27.0227,437.6792
3112,53,11,0.0500,26.9208,438.6179
3113,56,10,0.0500,33.2513,445.0008
3114,86,13,0.0500,27.0681,437.6551
3115,107,19,0.0500,26.3003,436.0650
3116,52,9,0.0500,28.6745,438.9494
3117,38,10,0.0500,33.8868,432.4571
3118,47,12,0.0500,31.3891,442.0654
3119,43,12,0.0500,25.8625,439.9359
3120,44,12,0.0500,27.4854,437.5368
3121,302,20,0.0500,25.8816,438.1473
3122,52,10,0.0500,26.8554,441.9714
3123,62,14,0.0500,29.8350,441.3704
3124,32,7,0.0500,21.4738,437.1598
3125,32,8,0.0500,24.3567,438.2777
3126,129,18,0.0500,23.0994,443.8332
3127,57,12,0.0500,19.6693,436.0836
3128,40,11,0.0500,17.4921,434.8020
3129,88,14,0.0500,24.9201,440.9996
3130,79,14,0.0500,23.6405,441.8578
3131,54,12,0.0500,36.6683,435.8086
3132,59,14,0.0500,27.6252,438.2119
3133,158,24,0.0500,25.9749,441.6608
3134,57,12,0.0500,25.7217,440.9762
3135,77,14,0.0500,33.5381,442.9562
3136,44,10,0.0500,23.1730,436.1971
3137,37,10,0.0500,20.2895,434.6770
3138,56,13,0.0500,33.0372,439.9865
3139,158,18,0.0500,32.6387,441.7453
3140,35,9,0.0500,26.7685,428.2193
3141,35,9,0.0500,26.3580,438.2696
3142,44,11,0.0500,19.8585,429.8880
3143,41,10,0.0500,27.6146,439.8497
3144,108,18,0.0500,29.0893,441.4759
3145,63,14,0.0500,23.7718,440.0893
3146,39,10,0.0500,23.2899,438.5926
3147,41,10,0.0500,27.1324,443.6634
3148,42,11,0.0500,40.1626,437.4110
3149,55,12,0.0500,24.1835,437.8849
3150,60,12,0.0500,31.2276,444.1769
3151,57,12,0.0500,24.9484,441.3694
3152,54,11,0.0500,24.0956,434.0682
3153,48,9,0.0500,22.6010,434.1057
3154,56,14,0.0500,28.3000,438.8257
3155,30,8,0.0500,14.3181,435.3341
3156,202,19,0.0500,26.4497,443.0674
3157,54,11,0.0500,23.1683,442.2913
3158,210,24,0.0500,29.4977,450.1663
3159,89,15,0.0500,23.1449,446.9681
3160,85,15,0.0500,22.0580,445.7009
3161,97,15,0.0500,25.1088,442.6456
3162,84,13,0.0500,31.3671,440.4337
3163,39,9,0.0500,28.4379,437.0612
3164,52,10,0.0500,35.4373,439.2866
3165,32,7,0.0500,29.9569,445.1111
3166,111,14,0.0500,37.5501,449.1898
3167,133,17,0.0500,31.5251,439.1521
3168,36,8,0.0500,17.3552,440.1585
3169,42,12,0.0500,24.9701,442.2942
3170,32,8,0.0500,27.6844,432.4459
3171,36,9,0.0500,16.6242,437.2568
3172,168,19,0.0500,23.3599,448.0383
3173,37,9,0.0500,31.4177,436.1582
3174,62,13,0.0500,17.5930,440.0495
3175,60,13,0.0500,34.0108,441.2232
3176,46,10,0.0500,15.8063,440.6691
3177,58,12,0.0500,32.1941,447.0575
3178,34,8,0.0500,19.9907,433.9157
3179,47,11,0.0500,23.8986,442.4743
3180,59,12,0.0500,24.1336,442.0136
3181,98,14,0.0500,31.1104,436.2690
3182,111,14,0.0500,31.0274,447.7386
3183,62,14,0.0500,28.3252,448.0386
3184,101,20,0.0500,19.5619,441.8999
3185,171,18,0.0500,27.7011,441.2865
3186,173,18,0.0500,33.2749,448.2357
3187,64,14,0.0500,31.2909,449.5892
3188,39,11,0.0500,28.4512,439.6088
3189,62,12,0.0500,25.6978,447.4785
3190,44,12,0.0500,24.1615,439.4743
3191,35,9,0.0500,23.8402,437.0459
3192,72,12,0.0500,28.7792,442.4446
3193,102,16,0.0500,31.1370,446.5892
3194,47,11,0.0500,30.9277,441.4452
3195,52,9,0.0500,22.5882,442.9514
3196,53,8,0.0500,31.9027,446.9780
3197,52,12,0.0500,35.2374,438.5432
3198,58,11,0.0500,25.6274,441.1696
3199,41,9,0.0500,24.2342,441.8900
3200,40,11,0.0500,26.3837,439.0884
3201,36,9,0.0500,17.4147,438.4424
3202,57,12,0.0500,29.4910,438.5509
3203,164,15,0.0500,40.9675,434.9683
3204,46,7,0.0500,30.7389,439.9211
3205,83,15,0.0500,33.2027,441.8203
3206,38,9,0.0500,29.4970,438.7704
3207,55,10,0.0500,27.1997,454.3641
3208,35,9,0.0500,32.9986,441.1391
3209,57,11,0.0500,26.1736,454.3892
3210,41,10,0.0500,44.3349,450.8676
3211,86,14,0.0500,23.8469,455.5513
3212,54,11,0.0500,23.2432,449.6669
3213,37,10,0.0500,23.4490,443.8242
3214,41,10,0.0500,28.2074,442.3673
3215,83,13,0.0500,30.1945,449.8368
3216,38,10,0.0500,34.6331,442.9861
3217,36,9,0.0500,29.3667,446.4853
3218,174,18,0.0500,34.2267,453.4124
3219,77,15,0.0500,32.7671,450.1180
3220,82,13,0.0500,27.7610,446.3817
3221,106,14,0.0500,18.7866,456.1229
3222,52,11,0.0500,19.0186,450.5746
3223,297,20,0.0500,31.4099,452.9741
3224,46,10,0.0500,28.6018,459.3434
3225,24,6,0.0500,38.9062,436.8622
3226,114,13,0.0500,27.8007,458.4172
3227,58,12,0.0500,24.3795,456.7820
3228,36,8,0.0500,21.9090,448.4940
3229,37,10,0.0500,30.4502,450.2394
3230,422,35,0.0500,27.3996,463.4676
3231,55,10,0.0500,35.8828,458.5563
3232,75,15,0.0500,28.4881,450.3491
3233,30,7,0.0500,18.1317,450.0362
3234,34,9,0.0500,22.0780,442.8473
3235,39,9,0.0500,27.3376,455.9670
3236,40,9,0.0500,21.8070,449.0822
3237,86,15,0.0500,28.6730,446.1485
3238,44,12,0.0500,26.8372,449.7310
3239,37,11,0.0500,24.6457,445.8452
3240,78,16,0.0500,25.1116,454.9750
3241,51,11,0.0500,22.9821,444.6573
3242,52,9,0.0500,25.6947,453.0671
3243,40,9,0.0500,29.4503,447.9002
3244,39,10,0.0500,29.9429,447.8310
3245,84,13,0.0500,35.1621,452.3598
3246,104,16,0.0500,29.6907,448.3201
3247,51,10,0.0500,29.2817,444.0560
3248,101,16,0.0500,32.7338,455.1742
3249,48,10,0.0500,19.2118,458.9857
3250,79,14,0.0500,30.0053,458.9584
3251,27,7,0.0500,21.1807,450.1037
3252,57,11,0.0500,18.5763,459.3775
3253,40,9,0.0500,20.0924,457.4355
3254,40,11,0.0500,20.1278,452.8255
3255,28,6,0.0500,30.4086,447.9892
3256,24,6,0.0500,30.2813,441.5807
3257,51,10,0.0500,24.5190,448.9021
3258,145,19,0.0500,28.2187,454.1049
3259,40,11,0.0500,24.2441,454.1683
3260,54,12,0.0500,26.4150,457.0405
3261,145,19,0.0500,22.3301,467.4338
3262,43,12,0.0500,27.8485,451.2229
3263,77,14,0.0500,20.3400,449.6165
3264,93,18,0.0500,20.4309,456.7817
3265,34,10,0.0500,32.5681,450.2384
3266,104,13,0.0500,22.6697,458.0793
3267,59,13,0.0500,28.3213,457.4866
3268,65,14,0.0500,26.1333,455.1400
3269,38,8,0.0500,25.9032,452.8302
3270,70,13,0.0500,19.0215,449.1377
3271,78,16,0.0500,20.2500,458.4111
3272,34,8,0.0500,33.6970,449.8994
3273,89,18,0.0500,24.6676,461.6112
3274,83,11,0.0500,19.9469,463.1053
3275,38,10,0.0500,22.2713,446.4134
3276,55,13,0.0500,33.1449,457.0761
3277,55,12,0.0500,25.1646,453.3842
3278,34,9,0.0500,28.5009,454.4019
3279,42,11,0.0500,21.3517,450.7991
3280,54,10,0.0500,32.6715,455.9566
3281,35,8,0.0500,25.1277,446.3865
3282,45,12,0.0500,25.7499,446.1252
3283,225,19,0.0500,15.6294,457.4296
3284,57,11,0.0500,28.7434,457.8810
3285,63,13,0.0500,33.3101,461.3221
3286,56,12,0.0500,21.3206,446.7180
3287,43,11,0.0500,36.2925,449.2217
3288,57,11,0.0500,32.8732,457.4456
3289,59,13,0.0500,29.4923,453.7597
3290,163,17,0.0500,35.7977,465.0503
3291,54,10,0.0500,25.8899,458.0099
3292,91,15,0.0500,25.8517,467.8393
3293,38,9,0.0500,27.5575,458.1705
3294,489,22,0.0500,27.1011,471.0282
3295,24,7,0.0500,14.8411,448.0345
3296,71,12,0.0500,22.0566,452.8768
3297,80,13,0.0500,33.4966,461.4592
3298,32,9,0.0500,40.1273,455.5392
3299,182,17,0.0500,23.3183,468.9752
3300,50,8,0.0500,28.7395,461.0607
3301,97,17,0.0500,32.8950,456.1497
3302,57,13,0.0500,30.1762,459.7123
3303,31,8,0.0500,27.0370,456.0402
3304,44,9,0.0500,31.7084,463.5708
3305,37,8,0.0500,20.0563,456.8369
3306,48,11,0.0500,24.9091,453.9975
3307,38,11,0.0500,26.3948,450.1717
3308,39,10,0.0500,20.6276,457.7862
3309,265,27,0.0500,28.9251,459.8762
3310,28,8,0.0500,20.2322,447.7983
3311,40,11,0.0500,24.6525,454.2774
3312,53,14,0.0500,31.2220,455.0907
3313,108,19,0.0500,19.2755,461.0788
3314,103,16,0.0500,23.5441,451.4513
3315,57,12,0.0500,19.4020,462.2405
3316,57,12,0.0500,29.5131,454.7769
3317,36,10,0.0500,27.1918,454.7280
3318,152,19,0.0500,27.5001,466.4370
3319,35,8,0.0500,34.3429,462.9958
3320,35,10,0.0500,30.2333,456.6013
3321,95,16,0.0500,26.2245,459.3482
3322,90,14,0.0500,27.4303,461.8726
3323,59,13,0.0500,17.7247,454.8278
3324,52,10,0.0500,34.5251,454.2278
3325,72,13,0.0500,21.2502,452.5385
3326,40,10,0.0500,27.6602,452.8197
3327,46,11,0.0500,27.7889,460.8678
3328,74,14,0.0500,31.0671,465.0896
3329,72,13,0.0500,17.2063,454.3558
3330,130,18,0.0500,21.1221,465.6429
3331,24,6,0.0500,17.8917,452.1509
3332,56,10,0.0500,30.6916,460.1739
3333,87,14,0.0500,30.7096,465.1049
3334,44,10,0.0500,18.2812,461.4189
3335,37,10,0.0500,24.1196,462.0444
3336,39,10,0.0500,23.5182,460.2776
3337,36,9,0.0500,28.2883,452.2183
3338,56,13,0.0500,23.4927,461.0575
3339,37,9,0.0500,29.3534,454.3992
3340,56,12,0.0500,35.7113,465.0458
3341,44,10,0.0500,30.3355,458.8494
3342,57,10,0.0500,25.4049,465.2845
3343,312,22,0.0500,21.3774,475.8559
3344,119,14,0.0500,23.1214,461.1341
3345,57,11,0.0500,25.6587,460.9169
3346,79,13,0.0500,28.4355,460.6180
3347,43,11,0.0500,17.9227,467.5528
3348,87,15,0.0500,25.6364,468.2815
3349,36,10,0.0500,33.5428,453.5300
3350,55,11,0.0500,23.9545,460.7844
3351,39,10,0.0500,27.2230,458.6299
3352,57,13,0.0500,41.5475,465.0436
3353,41,11,0.0500,25.2268,459.7972
3354,25,5,0.0500,24.1486,465.6932
3355,36,9,0.0500,21.3939,459.1297
3356,38,9,0.0500,16.9271,457.6314
3357,113,14,0.0500,30.1980,470.7293
3358,57,12,0.0500,19.1215,468.7984
3359,54,13,0.0500,23.7576,460.2704
3360,54,11,0.0500,30.2071,456.4231
3361,76,13,0.0500,25.7533,462.6770
3362,92,15,0.0500,18.3326,463.0043
3363,42,11,0.0500,15.4393,454.8441
3364,31,8,0.0500,22.3677,458.0008
3365,66,11,0.0500,29.4453,462.0440
3366,38,11,0.0500,35.7229,458.3665
3367,120,16,0.0500,23.4527,458.7694
3368,271,34,0.0500,29.8351,469.7224
3369,33,8,0.0500,26.7029,460.7237
3370,39,10,0.0500,31.4695,454.3950
3371,108,17,0.0500,29.8680,469.2111
3372,82,13,0.0500,28.5959,468.6378
3373,33,9,0.0500,32.7414,454.7774
3374,82,12,0.0500,31.0416,462.4517
3375,37,11,0.0500,24.1967,458.1674
3376,51,9,0.0500,27.5833,472.3327
3377,33,9,0.0500,28.8120,461.4977
3378,167,15,0.0500,32.0459,471.1989
3379,223,21,0.0500,28.4064,471.8548
3380,29,7,0.0500,24.5405,459.0157
3381,74,14,0.0500,23.3133,467.3118
3382,34,8,0.0500,31.3682,457.7550
3383,111,18,0.0500,27.6765,467.9725
3384,36,9,0.0500,21.2588,457.3264
3385,38,9,0.0500,21.0265,470.3501
3386,68,10,0.0500,28.2045,470.0322
3387,34,9,0.0500,26.0310,459.8216
3388,128,17,0.0500,26.1470,460.9711
3389,195,20,0.0500,21.3693,474.3616
3390,34,9,0.0500,26.2708,463.1437
3391,32,8,0.0500,18.3043,455.3833
3392,38,10,0.0500,19.5336,457.6142
3393,37,8,0.0500,29.1223,472.2378
3394,32,8,0.0500,25.0477,465.7071
3395,35,8,0.0500,20.2262,463.1308
3396,36,10,0.0500,25.6891,470.5305
3397,63,13,0.0500,25.7239,461.9087
3398,80,17,0.0500,19.9665,462.4958
3399,56,13,0.0500,21.6601,465.7787
3400,98,13,0.0500,32.8261,466.7509
3401,50,10,0.0500,28.1946,459.5333
3402,37,9,0.0500,21.1778,464.3264
3403,566,32,0.0500,29.8538,467.5816
3404,53,11,0.0500,26.6180,457.4404
3405,50,10,0.0500,27.6673,459.9930
3406,110,17,0.0500,28.5922,463.3802
3407,39,9,0.0500,28.3556,466.5049
3408,172,13,0.0500,32.0374,464.9516
3409,319,27,0.0500,29.6721,474.3705
3410,37,9,0.0500,18.9136,465.3575
3411,61,15,0.0500,25.8690,472.3294
3412,53,11,0.0500,24.9850,468.9099
3413,42,10,0.0500,20.2283,465.2565
3414,145,16,0.0500,31.4731,467.4743
3415,69,13,0.0500,30.6778,472.0566
3416,111,19,0.0500,33.6227,468.0457
3417,187,19,0.0500,30.7457,474.0301
3418,32,8,0.0500,15.8638,466.3784
3419,35,9,0.0500,24.9149,465.7957
3420,41,11,0.0500,35.4813,463.6335
3421,60,12,0.0500,30.7749,465.3840
3422,60,13,0.0500,26.5876,471.0658
3423,162,17,0.0500,25.2642,477.4897
3424,81,13,0.0500,30.5990,464.2872
3425,35,9,0.0500,29.2384,459.8998
3426,28,6,0.0500,31.3003,467.3984
3427,60,13,0.0500,27.1346,472.8263
3428,38,8,0.0500,22.3843,461.3127
3429,74,14,0.0500,26.2893,474.1154
3430,103,15,0.0500,24.6909,465.0421
3431,221,18,0.0500,28.0676,471.7158
3432,75,11,0.0500,31.4729,466.4749
3433,107,19,0.0500,24.1790,459.9526
3434,78,12,0.0500,26.2425,463.3164
3435,39,11,0.0500,36.1683,466.3320
3436,41,11,0.0500,28.6070,459.0133
3437,59,12,0.0500,25.8268,465.9826
3438,42,11,0.0500,39.7893,461.9408
3439,41,9,0.0500,17.3630,473.1259
3440,61,13,0.0500,24.2912,479.8781
3441,82,14,0.0500,29.6172,478.2878
3442,34,10,0.0500,22.4202,460.5749
3443,42,10,0.0500,30.7285,467.0807
3444,56,11,0.0500,18.0727,468.2880
3445,46,11,0.0500,26.2746,470.6602
3446,120,15,0.0500,32.8892,463.0874
3447,168,15,0.0500,31.3265,475.1368
3448,34,7,0.0500,33.6396,465.3749
3449,30,8,0.0500,28.5812,459.1865
3450,56,11,0.0500,31.2771,465.7206
3451,35,9,0.0500,28.7697,458.3794
3452,49,9,0.0500,23.3801,469.4010
3453,83,12,0.0500,32.2029,486.9526
3454,55,10,0.0500,30.3944,467.5194
3455,62,13,0.0500,29.8674,471.2934
3456,44,11,0.0500,21.0537,466.9171
3457,35,8,0.0500,25.1880,466.5032
3458,85,14,0.0500,22.9268,477.9787
3459,45,14,0.0500,23.7895,467.2425
3460,31,7,0.0500,27.8115,473.2546
3461,72,13,0.0500,19.8972,469.5221
3462,88,16,0.0500,18.7941,481.0201
3463,75,13,0.0500,26.2750,472.0832
3464,36,10,0.0500,29.2801,468.2493
3465,62,13,0.0500,41.4993,473.2614
3466,45,11,0.0500,33.1984,458.4078
3467,57,13,0.0500,29.6024,473.6711
3468,53,11,0.0500,18.5208,468.7769
3469,48,10,0.0500,35.2971,473.2758
3470,36,10,0.0500,37.1199,470.1373
3471,78,15,0.0500,15.8091,471.0686
3472,55,12,0.0500,26.5014,474.7673
3473,60,14,0.0500,25.7063,465.0632
3474,69,12,0.0500,33.1245,470.8495
3475,71,12,0.0500,24.4682,468.0506
3476,60,12,0.0500,32.3763,469.7091
3477,57,14,0.0500,28.1354,463.5713
3478,53,12,0.0500,17.8928,464.2661
3479,34,8,0.0500,27.2321,463.6565
3480,36,8,0.0500,29.3322,466.9458
3481,125,17,0.0500,22.7056,475.7327
3482,95,17,0.0500,18.6694,473.0412
3483,36,8,0.0500,36.2514,470.9755
3484,38,10,0.0500,29.2078,462.6161
3485,56,12,0.0500,30.9401,465.9799
3486,45,12,0.0500,32.8845,474.4282
3487,51,11,0.0500,32.9190,472.3021
3488,42,10,0.0500,22.3226,474.2700
3489,169,16,0.0500,23.4956,471.4775
3490,41,9,0.0500,29.7855,464.6104
3491,58,12,0.0500,34.7957,468.9555
3492,50,10,0.0500,32.5910,467.2375
3493,56,12,0.0500,28.0843,471.5467
3494,35,9,0.0500,31.0789,461.4893
3495,303,22,0.0500,28.6930,486.0691
3496,42,11,0.0500,21.8082,476.6361
3497,100,14,0.0500,29.5852,478.4951
3498,38,9,0.0500,23.2446,472.2416
3499,55,12,0.0500,31.6633,478.7798
3500,82,14,0.0500,21.7163,481.5068
3501,416,28,0.0500,28.0425,482.3571
3502,123,14,0.0500,22.3006,486.0889
3503,54,12,0.0500,32.0989,475.5595
3504,57,13,0.0500,26.3957,477.2855
3505,144,18,0.0500,23.4120,487.0723
3506,48,13,0.0500,33.2397,479.7765
3507,105,17,0.0500,24.7339,479.7275
3508,225,22,0.0500,28.8530,475.5712
3509,56,11,0.0500,23.0890,478.5759
3510,51,11,0.0500,23.4687,472.5731
3511,55,9,0.0500,31.2411,474.7162
3512,98,14,0.0500,33.2918,476.3345
3513,59,11,0.0500,27.3422,482.3825
3514,34,9,0.0500,23.1963,474.8556
3515,48,13,0.0500,21.4709,479.8750
3516,38,10,0.0500,23.2495,482.7172
3517,218,19,0.0500,25.6721,483.9519
3518,46,12,0.0500,31.3235,473.8735
3519,57,13,0.0500,35.9456,478.2001
3520,56,12,0.0500,21.7156,477.8761
3521,59,13,0.0500,21.6920,477.0877
3522,44,12,0.0500,31.2445,469.8861
3523,124,18,0.0500,21.7319,485.3818
3524,55,12,0.0500,27.1893,471.9652
3525,36,7,0.0500,25.7690,483.4494
3526,32,7,0.0500,37.8301,479.5115
3527,47,12,0.0500,33.9661,485.4189
3528,37,10,0.0500,33.3101,474.3320
3529,41,12,0.0500,32.0184,480.2693
3530,103,16,0.0500,33.2084,480.0529
3531,41,11,0.0500,25.6610,481.3724
3532,38,9,0.0500,27.3797,475.2208
3533,35,8,0.0500,28.9661,474.0882
3534,43,11,0.0500,29.5970,476.5882
3535,43,11,0.0500,25.7623,479.7952
3536,76,14,0.0500,23.1513,485.6014
3537,96,12,0.0500,34.5495,485.2663
3538,36,11,0.0500,30.2202,469.6162
3539,437,31,0.0500,31.0809,490.1906
3540,49,10,0.0500,38.7248,473.1040
3541,38,9,0.0500,34.2526,477.3724
3542,32,9,0.0500,25.8007,465.8639
3543,34,9,0.0500,28.7146,476.1303
3544,21,5,0.0500,36.8992,470.6978
3545,32,8,0.0500,21.0226,473.6186
3546,40,8,0.0500,28.3660,481.3585
3547,42,12,0.0500,28.1428,472.0974
3548,61,14,0.0500,30.4073,481.0996
3549,102,16,0.0500,31.4786,480.7176
3550,38,10,0.0500,25.8501,465.2839
3551,85,14,0.0500,26.7597,481.9326
3552,244,25,0.0500,21.8266,483.6273
3553,174,22,0.0500,27.0969,485.7591
3554,72,13,0.0500,24.9288,477.1284
3555,37,9,0.0500,22.1789,474.8697
3556,43,11,0.0500,31.0720,475.0286
3557,78,13,0.0500,29.8730,480.6978
3558,74,13,0.0500,24.0214,484.7802
3559,86,16,0.0500,37.2611,478.6495
3560,60,13,0.0500,28.0986,472.9157
3561,43,11,0.0500,32.0014,470.6164
3562,132,20,0.0500,31.7638,480.6418
3563,39,10,0.0500,31.5283,478.3709
3564,79,12,0.0500,22.8841,476.8243
3565,62,11,0.0500,30.5020,477.2144
3566,102,14,0.0500,28.5629,478.0400
3567,72,14,0.0500,24.1569,473.7886
3568,141,18,0.0500,23.4175,477.7078
3569,52,11,0.0500,18.5671,475.4620
3570,29,7,0.0500,21.4979,471.8931
3571,36,10,0.0500,32.9061,468.5406
3572,53,9,0.0500,23.2573,475.9596
3573,51,11,0.0500,27.0823,483.8184
3574,42,11,0.0500,30.4578,477.7631
3575,63,15,0.0500,26.2978,483.4318
3576,44,11,0.0500,22.2950,479.6375
3577,40,9,0.0500,25.5682,479.6123
3578,55,11,0.0500,25.6164,487.8250
3579,31,8,0.0500,28.3276,481.1214
3580,184,17,0.0500,32.2975,501.7968
3581,53,11,0.0500,29.1460,484.9732
3582,53,11,0.0500,39.0448,485.2161
3583,80,14,0.0500,22.5956,481.0406
3584,173,17,0.0500,23.0546,497.7698
3585,41,8,0.0500,30.1992,490.6759
3586,33,8,0.0500,31.5200,475.3594
3587,107,13,0.0500,27.1049,483.1062
3588,30,9,0.0500,30.5181,471.6414
3589,108,10,0.0500,23.1696,496.1411
3590,158,18,0.0500,32.4554,488.3035
3591,87,14,0.0500,29.8027,487.7716
3592,35,9,0.0500,25.2663,478.9702
3593,71,13,0.0500,27.4712,488.8213
3594,57,11,0.0500,39.7354,486.1591
3595,64,14,0.0500,30.9905,490.7869
3596,357,24,0.0500,31.0950,491.9533
3597,121,19,0.0500,21.0337,492.2180
3598,39,7,0.0500,20.4525,491.8953
3599,32,9,0.0500,23.8702,484.3395
3600,36,9,0.0500,26.5357,477.0123
3601,57,12,0.0500,26.2773,484.4160
3602,35,9,0.0500,27.0960,475.9085
3603,35,9,0.0500,26.9882,474.8556
3604,35,9,0.0500,28.8249,472.2991
3605,37,9,0.0500,36.4228,481.1924
3606,76,15,0.0500,37.1845,486.3384
3607,44,10,0.0500,37.1928,486.0421
3608,75,9,0.0500,34.8605,490.0878
3609,61,13,0.0500,19.9349,482.1550
3610,216,19,0.0500,22.9897,491.2038
3611,83,14,0.0500,25.7210,488.1252
3612,81,13,0.0500,26.5121,485.2238
3613,222,22,0.0500,30.0682,492.4689
3614,79,13,0.0500,35.6581,489.1295
3615,31,8,0.0500,24.2318,485.4701
3616,77,10,0.0500,25.1183,486.5054
3617,63,13,0.0500,24.7195,485.7166
3618,43,11,0.0500,21.8770,488.6249
3619,60,13,0.0500,26.8869,490.8728
3620,84,14,0.0500,33.3711,491.2259
3621,62,14,0.0500,30.0110,490.6041
3622,54,13,0.0500,30.1033,483.5408
3623,287,25,0.0500,34.5566,491.8873
3624,49,10,0.0500,25.7121,481.5181
3625,29,9,0.0500,37.6588,476.1993
3626,121,16,0.0500,26.8152,492.5027
3627,33,9,0.0500,29.3395,474.7534
3628,50,10,0.0500,32.9685,482.9793
3629,59,12,0.0500,28.4342,487.6434
3630,63,13,0.0500,16.6348,495.7705
3631,62,12,0.0500,32.1603,494.8354
3632,69,10,0.0500,22.4923,487.7426
3633,22,6,0.0500,32.7014,472.3846
3634,46,11,0.0500,21.1763,488.1938
3635,59,12,0.0500,30.2506,496.5605
3636,49,9,0.0500,27.5735,482.4398
3637,56,11,0.0500,35.9658,488.8036
3638,56,11,0.0500,27.8383,493.8377
3639,90,16,0.0500,24.9494,483.7173
3640,52,11,0.0500,23.3411,482.1971
3641,70,12,0.0500,22.7437,489.6220
3642,62,13,0.0500,25.2022,488.5241
3643,63,13,0.0500,38.3393,481.1857
3644,36,10,0.0500,30.3781,484.2285
3645,28,9,0.0500,23.4086,472.8560
3646,171,21,0.0500,26.0035,488.5648
3647,50,10,0.0500,21.1808,489.9763
3648,128,18,0.0500,22.2360,494.0460
3649,78,12,0.0500,22.6144,482.0024
3650,37,8,0.0500,23.0881,481.6227
3651,38,10,0.0500,25.9881,481.5534
3652,99,14,0.0500,26.7914,493.3489
3653,35,8,0.0500,21.5098,479.2878
3654,42,9,0.0500,32.4205,486.7371
3655,84,14,0.0500,25.1598,495.8969
3656,228,20,0.0500,32.5503,498.1968
3657,33,9,0.0500,26.0965,486.9573
3658,79,17,0.0500,32.8874,492.7195
3659,36,10,0.0500,27.6201,487.3755
3660,75,13,0.0500,32.0081,492.8562
3661,42,10,0.0500,35.7668,490.0907
3662,55,11,0.0500,31.5376,490.0102
3663,38,9,0.0500,27.9452,487.0869
3664,62,13,0.0500,24.3627,495.9073
3665,120,13,0.0500,38.6581,498.6672
3666,247,20,0.0500,34.0050,500.7486
3667,71,13,0.0500,25.0502,496.1318
3668,83,14,0.0500,30.1393,493.0282
3669,37,10,0.0500,28.4518,489.9596
3670,92,17,0.0500,21.3101,500.8201
3671,58,12,0.0500,30.0765,495.1310
3672,37,9,0.0500,30.4510,489.2151
3673,37,9,0.0500,34.4194,494.5114
3674,72,14,0.0500,33.0448,495.5623
3675,59,12,0.0500,20.1864,490.2303
3676,77,16,0.0500,28.9665,503.2608
3677,174,22,0.0500,37.4953,492.2819
3678,47,12,0.0500,27.8587,494.9815
3679,87,14,0.0500,35.6718,494.0176
3680,127,16,0.0500,35.5323,501.0411
3681,36,8,0.0500,32.3613,494.7170
3682,35,9,0.0500,32.9159,489.9603
3683,85,14,0.0500,32.1931,502.6141
3684,54,11,0.0500,27.1668,483.6026
3685,38,9,0.0500,21.9501,483.0999
3686,36,9,0.0500,23.5328,492.2391
3687,40,10,0.0500,30.1348,492.1530
3688,30,7,0.0500,20.7749,489.1735
3689,80,12,0.0500,29.6391,492.9728
3690,60,11,0.0500,37.7844,500.9002
3691,157,14,0.0500,23.2737,502.8218
3692,128,16,0.0500,32.5467,496.5544
3693,37,10,0.0500,40.0977,495.5095
3694,61,15,0.0500,18.3597,480.5773
3695,33,8,0.0500,22.9674,486.0857
3696,62,13,0.0500,17.9231,502.6795
3697,41,11,0.0500,22.5437,491.3114
3698,58,14,0.0500,24.5512,488.6432
3699,35,10,0.0500,16.4756,484.3984
3700,112,15,0.0500,22.5421,500.0479
3701,37,9,0.0500,29.9586,487.0772
3702,29,7,0.0500,24.8572,491.6580
3703,33,8,0.0500,32.5474,493.8918
3704,41,10,0.0500,37.1020,485.6436
3705,105,16,0.0500,32.1595,496.1814
3706,41,10,0.0500,28.2689,492.3341
3707,43,11,0.0500,32.1559,487.9250
3708,183,18,0.0500,21.4103,503.4160
3709,34,9,0.0500,30.0019,487.2196
3710,40,10,0.0500,20.1206,487.0653
3711,77,16,0.0500,20.0661,497.1426
3712,46,13,0.0500,30.4376,486.1295
3713,29,8,0.0500,23.4363,480.6311
3714,59,13,0.0500,29.4325,495.2234
3715,43,10,0.0500,28.2146,489.0975
3716,39,10,0.0500,16.2665,490.8769
3717,89,15,0.0500,26.1561,495.9754
3718,43,10,0.0500,27.7337,492.9405
3719,95,16,0.0500,25.2179,494.8792
3720,38,10,0.0500,19.1220,482.6642
3721,83,13,0.0500,33.3894,495.6244
3722,97,17,0.0500,25.2570,505.0743
3723,223,24,0.0500,34.1804,493.1400
3724,38,8,0.0500,35.7837,495.1675
3725,43,11,0.0500,19.2563,489.9950
3726,42,10,0.0500,38.2456,499.2233
3727,86,14,0.0500,25.8643,500.6171
3728,47,10,0.0500,25.3169,492.2864
3729,54,11,0.0500,27.0334,491.8526
3730,38,11,0.0500,37.6787,487.1583
3731,50,11,0.0500,24.6290,494.3688
3732,117,15,0.0500,39.5809,495.0507
3733,27,7,0.0500,26.1970,488.6367
3734,176,19,0.0500,27.5272,503.7661
3735,45,12,0.0500,32.6693,492.8911
3736,45,12,0.0500,20.5366,486.5101
3737,38,9,0.0500,24.8221,495.8875
3738,23,6,0.0500,25.2438,489.2601
3739,34,8,0.0500,32.7851,495.6438
3740,142,21,0.0500,35.0207,502.0544
3741,61,14,0.0500,25.4353,501.4875
3742,51,13,0.0500,28.1982,492.2778
3743,122,16,0.0500,36.6336,499.9013
3744,124,17,0.0500,27.6640,497.5431
3745,34,10,0.0500,37.5590,489.4460
3746,129,19,0.0500,26.0069,499.6587
3747,54,10,0.0500,31.6138,498.0914
3748,58,13,0.0500,24.5522,497.9603
3749,52,11,0.0500,26.5337,493.0013
3750,81,12,0.0500,35.7262,499.6840
3751,127,18,0.0500,28.3371,496.4245
3752,59,12,0.0500,31.0541,507.4825
3753,92,17,0.0500,27.9234,496.9754
3754,56,12,0.0500,26.0153,491.1553
3755,42,12,0.0500,29.3321,502.7045
3756,51,11,0.0500,18.7691,493.9401
3757,38,11,0.0500,29.5450,490.8431
3758,58,13,0.0500,29.7477,487.8313
3759,86,13,0.0500,42.5997,501.3097
3760,159,14,0.0500,26.3545,504.0458
3761,60,14,0.0500,24.5475,499.3678
3762,56,13,0.0500,32.6031,502.7939
3763,35,8,0.0500,23.1167,496.2452
3764,80,14,0.0500,29.2676,498.0311
3765,165,20,0.0500,39.1014,503.4399
3766,153,17,0.0500,29.6402,504.3742
3767,59,11,0.0500,24.6035,495.0165
3768,100,15,0.0500,34.7396,499.3593
3769,39,9,0.0500,17.8573,494.2381
3770,48,12,0.0500,27.3770,502.1152
3771,74,14,0.0500,31.4028,498.0608
3772,43,13,0.0500,29.7696,498.5727
3773,89,16,0.0500,30.1781,506.2742
3774,57,11,0.0500,30.8810,499.7568
3775,38,9,0.0500,36.9838,505.4079
3776,45,12,0.0500,37.8302,502.2592
3777,90,15,0.0500,31.2449,509.4017
3778,37,10,0.0500,28.4163,497.6309
3779,43,12,0.0500,26.4630,503.2424
3780,27,6,0.0500,28.3447,497.0601
3781,40,12,0.0500,36.4519,495.9737
3782,25,6,0.0500,33.3378,492.8053
3783,36,9,0.0500,43.0671,506.4023
3784,78,14,0.0500,30.8411,503.9453
3785,42,12,0.0500,28.8697,505.1430
3786,30,7,0.0500,29.3356,496.7746
3787,76,15,0.0500,38.2935,505.8758
3788,156,16,0.0500,33.1432,512.1722
3789,68,11,0.0500,20.3561,509.2385
3790,29,8,0.0500,20.7967,503.0120
3791,156,15,0.0500,29.0710,506.7820
3792,38,10,0.0500,25.4129,500.8704
3793,91,19,0.0500,24.8200,498.2646
3794,36,10,0.0500,18.8038,494.7657
3795,80,12,0.0500,33.7911,495.2577
3796,167,21,0.0500,30.6191,516.5364
3797,123,17,0.0500,32.3173,498.5097
3798,36,9,0.0500,31.9041,499.5359
3799,76,13,0.0500,41.6133,497.0583
3800,51,10,0.0500,33.6610,504.2925
3801,37,9,0.0500,27.2301,497.3087
3802,84,13,0.0500,25.0168,500.0238
3803,106,14,0.0500,33.5238,505.2812
3804,55,11,0.0500,33.8573,503.9577
3805,96,12,0.0500,23.1025,504.0787
3806,36,8,0.0500,40.3518,497.0211
3807,78,16,0.0500,21.4656,501.0974
3808,25,6,0.0500,24.3328,492.1108
3809,34,9,0.0500,27.4327,498.5362
3810,85,14,0.0500,27.8340,501.8032
3811,68,13,0.0500,20.7807,501.0730
3812,60,13,0.0500,24.2740,506.8166
3813,108,17,0.0500,34.0458,508.3990
3814,60,13,0.0500,24.8939,507.0352
3815,43,11,0.0500,28.7272,508.1632
3816,79,15,0.0500,30.4861,511.5022
3817,90,15,0.0500,25.5124,510.9521
3818,39,9,0.0500,28.0999,511.1847
3819,21,5,0.0500,20.5484,500.5079
3820,83,13,0.0500,35.2003,509.1517
3821,60,14,0.0500,28.7462,511.7816
3822,70,13,0.0500,30.1003,510.7875
3823,75,14,0.0500,28.8545,519.4384
3824,83,14,0.0500,23.1141,512.1751
3825,36,9,0.0500,28.6383,505.4269
3826,53,10,0.0500,15.6179,507.5227
3827,39,10,0.0500,29.8086,503.6600
3828,81,11,0.0500,41.7770,508.1925
3829,52,9,0.0500,25.1968,506.5829
3830,53,11,0.0500,33.6913,512.8966
3831,49,10,0.0500,24.1773,504.7857
3832,38,10,0.0500,21.6476,504.9024
3833,40,11,0.0500,26.6179,499.0197
3834,36,8,0.0500,15.9368,506.6898
3835,38,9,0.0500,30.0726,498.6346
3836,54,12,0.0500,28.6062,504.6061
3837,32,7,0.0500,38.0228,509.2953
3838,51,11,0.0500,36.0809,509.2286
3839,82,13,0.0500,20.4384,518.9977
3840,40,11,0.0500,27.5125,508.8766
3841,92,14,0.0500,35.2048,504.2474
3842,125,16,0.0500,47.9237,511.2365
3843,79,13,0.0500,29.7783,513.3766
3844,55,11,0.0500,43.0704,516.4241
3845,26,7,0.0500,37.9171,502.8005
3846,39,10,0.0500,22.1384,506.7222
3847,82,14,0.0500,30.6307,511.9992
3848,41,10,0.0500,29.2340,512.5571
3849,41,10,0.0500,31.6216,512.9939
3850,89,14,0.0500,30.2227,507.7743
3851,32,9,0.0500,27.9957,501.4916
3852,92,16,0.0500,28.1270,509.9864
3853,52,11,0.0500,41.3432,505.3440
3854,46,10,0.0500,32.1153,506.9576
3855,49,10,0.0500,17.9569,505.7772
3856,54,12,0.0500,30.4884,505.8168
3857,100,14,0.0500,25.6883,509.8641
3858,137,18,0.0500,15.6811,516.1466
3859,101,16,0.0500,25.4016,504.1214
3860,285,23,0.0500,32.9666,523.0969
3861,76,13,0.0500,23.5580,516.3881
3862,55,12,0.0500,26.8532,506.0581
3863,78,9,0.0500,24.4602,515.5213
3864,54,11,0.0500,31.5538,510.9337
3865,214,19,0.0500,27.0177,511.5821
3866,71,13,0.0500,27.5845,502.6623
3867,128,19,0.0500,28.6678,525.7976
3868,54,10,0.0500,39.9792,515.8917
3869,34,8,0.0500,33.0374,508.3422
3870,89,14,0.0500,41.1392,505.3024
3871,40,7,0.0500,24.8701,509.0793
3872,68,12,0.0500,22.2761,512.9693
3873,36,9,0.0500,28.7291,505.7908
3874,36,9,0.0500,33.8691,504.6782
3875,141,16,0.0500,25.6842,522.4600
3876,173,20,0.0500,28.1611,520.6130
3877,80,13,0.0500,24.7843,509.9731
3878,40,9,0.0500,16.6509,512.3687
3879,169,17,0.0500,22.2312,515.4383
3880,41,9,0.0500,38.1645,514.2515
3881,40,10,0.0500,26.3054,499.3882
3882,46,10,0.0500,27.1966,501.1827
3883,60,12,0.0500,18.9749,507.7701
3884,74,16,0.0500,19.9238,506.2095
3885,58,11,0.0500,28.5949,510.5672
3886,49,10,0.0500,27.9137,504.3010
3887,44,11,0.0500,26.8895,507.3361
3888,156,17,0.0500,32.3924,510.7416
3889,110,18,0.0500,29.0275,506.2030
3890,61,12,0.0500,38.6814,516.4929
3891,25,7,0.0500,22.3253,502.5690
3892,27,6,0.0500,28.8923,507.4240
3893,89,12,0.0500,20.8912,513.2659
3894,59,14,0.0500,27.4600,504.7136
3895,63,13,0.0500,23.1063,497.6558
3896,50,9,0.0500,22.8733,510.6849
3897,32,8,0.0500,31.6297,509.4895
3898,42,9,0.0500,34.2464,518.4273
3899,137,18,0.0500,19.4653,517.2040
3900,78,11,0.0500,40.2821,509.6162
3901,61,13,0.0500,18.5458,507.7343
3902,37,11,0.0500,27.4811,500.3654
3903,194,26,0.0500,31.0156,506.7238
3904,155,17,0.0500,20.7044,509.4619
3905,115,15,0.0500,28.0493,517.9108
3906,57,13,0.0500,26.4263,508.3492
3907,34,8,0.0500,17.8797,501.3623
3908,52,11,0.0500,37.8391,508.7471
3909,60,12,0.0500,22.6221,515.4756
3910,36,10,0.0500,37.7082,504.7475
3911,120,14,0.0500,25.2483,513.9778
3912,39,10,0.0500,28.0563,505.3457
3913,178,22,0.0500,27.9845,521.1188
3914,35,10,0.0500,20.1226,509.8703
3915,40,10,0.0500,30.9535,509.6699
3916,58,14,0.0500,33.2586,512.2035
3917,42,11,0.0500,41.7582,510.1390
3918,39,10,0.0500,25.9259,505.2187
3919,81,11,0.0500,26.5472,512.3162
3920,84,13,0.0500,29.6929,507.3940
3921,90,16,0.0500,22.1853,515.2211
3922,37,9,0.0500,20.1808,507.6219
3923,104,16,0.0500,32.1324,516.2229
3924,31,7,0.0500,32.8162,498.4360
3925,81,16,0.0500,23.8544,504.5889
3926,144,21,0.0500,27.2592,509.0119
3927,110,14,0.0500,33.4472,514.3149
3928,88,14,0.0500,34.7352,514.4480
3929,60,11,0.0500,24.9874,517.9700
3930,37,9,0.0500,34.1656,503.8716
3931,62,11,0.0500,28.3702,520.4458
3932,42,12,0.0500,36.8680,502.9889
3933,42,10,0.0500,34.2285,507.7022
3934,34,8,0.0500,33.3570,506.2877
3935,123,16,0.0500,32.4115,504.6034
3936,87,15,0.0500,29.6361,514.6850
3937,58,13,0.0500,18.1808,509.4557
3938,55,9,0.0500,22.0204,510.2725
3939,63,12,0.0500,28.9474,516.5790
3940,35,7,0.0500,45.5060,517.2510
3941,65,14,0.0500,29.1692,513.5508
3942,34,10,0.0500,20.8585,504.4929
3943,30,7,0.0500,19.8798,506.0873
3944,117,15,0.0500,23.5409,513.4357
3945,31,9,0.0500,29.9008,500.1651
3946,124,17,0.0500,25.9470,520.8406
3947,63,15,0.0500,22.2458,511.0731
3948,27,7,0.0500,37.7197,503.2471
3949,52,10,0.0500,25.9901,517.8202
3950,77,15,0.0500,27.4268,517.9612
3951,33,8,0.0500,24.8606,504.4115
3952,125,14,0.0500,25.3818,525.2934
3953,38,10,0.0500,28.1215,503.0505
3954,68,13,0.0500,31.2352,506.5496
3955,47,8,0.0500,38.0347,516.7453
3956,90,15,0.0500,29.7845,528.8205
3957,35,8,0.0500,25.1934,503.6781
3958,58,13,0.0500,25.6631,512.8314
3959,48,9,0.0500,24.1338,510.5966
3960,168,16,0.0500,34.4960,517.6612
3961,172,20,0.0500,28.0190,510.1824
3962,120,14,0.0500,32.8582,521.0710
3963,218,18,0.0500,31.7562,523.3357
3964,63,12,0.0500,29.5105,515.2216
3965,35,9,0.0500,29.8441,503.6304
3966,57,14,0.0500,22.6600,506.9168
3967,104,16,0.0500,26.5889,516.8238
3968,93,19,0.0500,22.7333,506.8852
3969,38,9,0.0500,42.0274,506.6678
3970,56,13,0.0500,23.9014,507.0063
3971,35,10,0.0500,25.7945,501.9468
3972,71,15,0.0500,37.0434,505.0804
3973,41,13,0.0500,35.0334,507.6068
3974,26,7,0.0500,18.2466,503.8901
3975,43,9,0.0500,31.7165,511.5714
3976,58,12,0.0500,34.1219,514.6282
3977,45,13,0.0500,27.9127,510.2376
3978,30,7,0.0500,34.8357,506.7150
3979,42,11,0.0500,28.7148,512.8483
3980,40,8,0.0500,30.9427,512.0328
3981,118,16,0.0500,28.8259,513.9385
3982,42,10,0.0500,30.5949,509.3556
3983,77,14,0.0500,25.3723,517.0315
3984,49,9,0.0500,29.4459,511.7896
3985,39,10,0.0500,30.1367,520.9433
3986,48,10,0.0500,36.9555,513.6386
3987,78,12,0.0500,40.0314,519.7514
3988,40,10,0.0500,35.9415,518.6768
3989,32,7,0.0500,22.9136,516.4858
3990,52,11,0.0500,19.9645,510.7692
3991,39,9,0.0500,42.7037,511.0135
3992,158,17,0.0500,25.7669,515.8480
3993,186,21,0.0500,22.0108,520.5122
3994,166,19,0.0500,30.2736,513.6336
3995,55,10,0.0500,24.6910,519.4036
3996,40,12,0.0500,37.7220,512.4674
3997,79,13,0.0500,28.5318,512.6548
3998,42,11,0.0500,27.2615,513.9578
3999,79,14,0.0500,26.2774,513.9716
4000,53,10,0.0500,32.4439,514.8103
4001,38,9,0.0500,24.6113,509.8344
4002,60,14,0.0500,24.9763,517.7554
4003,82,15,0.0500,28.1624,514.9230
4004,40,10,0.0500,41.6491,519.8526
4005,57,12,0.0500,33.9490,514.4008
4006,32,8,0.0500,30.3514,504.1248
4007,56,11,0.0500,32.1890,525.1279
4008,59,12,0.0500,25.0733,517.4211
4009,38,9,0.0500,28.6947,509.6314
4010,26,6,0.0500,43.5029,506.2768
4011,31,8,0.0500,28.8825,511.5622
4012,38,9,0.0500,15.7481,511.6712
4013,60,13,0.0500,19.6631,511.7457
4014,37,9,0.0500,28.4182,512.2266
4015,34,9,0.0500,28.6083,505.6666
4016,38,10,0.0500,26.5588,513.4625
4017,44,11,0.0500,35.6759,521.3243
4018,37,10,0.0500,33.0153,506.5086
4019,40,10,0.0500,29.5429,513.9823
4020,49,9,0.0500,25.9459,515.0096
4021,58,12,0.0500,20.8842,515.8291
4022,54,12,0.0500,26.9176,511.6836
4023,58,12,0.0500,32.6986,517.3596
4024,83,12,0.0500,22.4114,518.1715
4025,34,7,0.0500,42.4239,512.7837
4026,78,12,0.0500,31.0416,519.8199
4027,26,7,0.0500,26.3067,508.7184
4028,34,7,0.0500,38.3115,513.8182
4029,29,7,0.0500,18.4031,516.9919
4030,60,14,0.0500,35.1886,515.2552
4031,42,10,0.0500,26.3270,516.4259
4032,37,9,0.0500,28.3998,521.0208
4033,250,23,0.0500,32.5633,520.0751
4034,74,10,0.0500,20.3394,512.8261
4035,59,12,0.0500,27.9271,522.9499
4036,58,12,0.0500,40.1245,514.9966
4037,125,18,0.0500,23.2731,524.1244
4038,36,7,0.0500,23.3859,522.4856
4039,53,12,0.0500,30.3787,516.7102
4040,58,12,0.0500,27.7372,520.1644
4041,35,8,0.0500,27.3353,523.5950
4042,120,14,0.0500,30.6357,523.1465
4043,25,6,0.0500,25.4892,512.4401
4044,106,15,0.0500,25.4767,522.5163
4045,123,15,0.0500,25.5681,525.3418
4046,61,14,0.0500,21.8024,522.1869
4047,40,10,0.0500,29.5482,511.7547
4048,25,6,0.0500,28.2874,509.6616
4049,93,17,0.0500,28.7504,515.8634
4050,44,9,0.0500,28.7980,519.9905
4051,93,19,0.0500,28.4888,525.5067
4052,60,13,0.0500,26.8778,522.6073
4053,40,9,0.0500,25.8845,517.5538
4054,62,13,0.0500,23.4851,524.1098
4055,95,17,0.0500,34.9372,522.8808
4056,88,15,0.0500,30.8596,520.9075
4057,43,10,0.0500,29.0534,514.0996
4058,33,7,0.0500,19.4724,515.8727
4059,28,9,0.0500,41.3897,510.6756
4060,52,10,0.0500,28.0958,519.1344
4061,23,7,0.0500,35.7313,508.2724
4062,47,9,0.0500,28.1687,510.8497
4063,20,5,0.0500,29.6258,512.7550
4064,40,11,0.0500,25.6068,508.6454
4065,54,12,0.0500,37.2195,517.6894
4066,54,13,0.0500,30.5838,511.4577
4067,57,12,0.0500,28.4098,523.0080
4068,129,17,0.0500,38.1241,517.3951
4069,45,9,0.0500,37.8486,517.0177
4070,29,8,0.0500,42.6369,518.7038
4071,58,13,0.0500,21.7654,520.2846
4072,23,6,0.0500,29.9720,508.1872
4073,73,13,0.0500,42.7459,521.2902
4074,48,10,0.0500,33.0162,519.2245
4075,30,7,0.0500,35.5808,529.4879
4076,58,12,0.0500,20.9743,521.2216
4077,39,10,0.0500,35.2342,518.4064
4078,37,9,0.0500,33.3253,524.3483
4079,117,14,0.0500,34.4127,527.0515
4080,35,9,0.0500,12.7589,518.3912
4081,54,11,0.0500,32.5007,524.2558
4082,48,12,0.0500,22.9348,516.4928
4083,37,10,0.0500,28.2319,512.9386
4084,150,20,0.0500,31.1470,531.4053
4085,44,11,0.0500,25.9370,525.8185
4086,68,13,0.0500,37.9589,517.3920
4087,225,20,0.0500,31.5490,522.0163
4088,34,7,0.0500,25.3016,521.3971
4089,37,9,0.0500,40.4662,522.5555
4090,39,9,0.0500,28.5613,531.2388
4091,39,10,0.0500,28.3404,520.3862
4092,30,9,0.0500,42.3987,512.4575
4093,53,13,0.0500,29.3493,521.2070
4094,34,9,0.0500,32.8846,511.7286
4095,87,11,0.0500,29.4875,529.6865
4096,107,17,0.0500,25.3920,530.7433
4097,76,15,0.0500,32.0113,531.0609
4098,37,9,0.0500,32.7082,527.0977
4099,38,10,0.0500,24.6482,517.0277
4100,38,11,0.0500,35.8223,519.9379
4101,42,10,0.0500,31.7749,524.8321
4102,46,12,0.0500,24.7638,514.2860
4103,37,9,0.0500,24.3478,525.4671
4104,55,10,0.0500,36.5313,531.0099
4105,58,13,0.0500,26.1567,525.7680
4106,37,10,0.0500,33.5205,516.5401
4107,32,8,0.0500,27.5431,524.1047
4108,63,12,0.0500,30.2416,524.8973
4109,92,16,0.0500,21.8699,526.1560
4110,39,10,0.0500,32.1683,525.8236
4111,103,16,0.0500,21.2570,522.5964
4112,43,12,0.0500,22.1114,525.2255
4113,51,10,0.0500,23.3986,512.3704
4114,53,10,0.0500,33.4912,531.4649
4115,50,10,0.0500,41.6074,527.2600
4116,58,12,0.0500,22.1858,529.4152
4117,81,15,0.0500,33.0189,536.3161
4118,39,10,0.0500,23.1168,522.7700
4119,58,12,0.0500,35.9729,518.8660
4120,87,14,0.0500,25.7761,527.4056
4121,39,10,0.0500,27.8900,531.3951
4122,82,14,0.0500,31.1503,529.9195
4123,38,11,0.0500,26.7401,526.9863
4124,48,11,0.0500,36.1901,515.4614
4125,55,9,0.0500,31.5580,524.1112
4126,63,15,0.0500,36.4283,527.5896
4127,61,11,0.0500,21.4607,532.0148
4128,78,15,0.0500,29.2844,528.0636
4129,57,13,0.0500,27.9536,521.7404
4130,39,9,0.0500,37.7923,522.6033
4131,34,8,0.0500,53.3647,519.7590
4132,34,7,0.0500,33.5671,532.8818
4133,157,20,0.0500,32.1622,524.9823
4134,87,13,0.0500,35.2044,533.3960
4135,54,10,0.0500,30.7269,533.6458
4136,42,8,0.0500,28.1422,523.3041
4137,57,10,0.0500,20.2824,530.2309
4138,58,13,0.0500,25.2722,519.8715
4139,60,13,0.0500,38.4126,520.6892
4140,121,18,0.0500,27.8386,532.7477
4141,28,7,0.0500,23.7941,523.1011
4142,30,8,0.0500,26.5208,522.5005
4143,132,19,0.0500,28.8795,536.4546
4144,35,8,0.0500,31.9399,533.2539
4145,38,9,0.0500,31.7312,529.2878
4146,37,9,0.0500,28.1913,521.7044
4147,39,10,0.0500,30.2994,522.8630
4148,130,20,0.0500,25.5348,525.2901
4149,160,21,0.0500,25.3627,532.6696
4150,30,9,0.0500,34.6387,523.9540
4151,36,9,0.0500,29.6164,519.0104
4152,40,11,0.0500,32.3902,521.8401
4153,131,18,0.0500,35.6015,531.8889
4154,25,7,0.0500,31.2137,520.4942
4155,48,12,0.0500,32.6408,530.7230
4156,56,11,0.0500,32.1142,537.6743
4157,35,10,0.0500,27.5911,530.2748
4158,29,7,0.0500,25.8102,532.6755
4159,96,13,0.0500,30.0973,538.7184
4160,43,9,0.0500,17.7907,520.2091
4161,36,10,0.0500,31.4625,524.1120
4162,49,10,0.0500,28.6469,529.2352
4163,39,8,0.0500,29.4141,521.4041
4164,54,10,0.0500,27.4697,530.2432
4165,114,12,0.0500,26.0954,529.2819
4166,35,9,0.0500,24.2866,519.9285
4167,60,14,0.0500,29.4129,528.7291
4168,48,11,0.0500,25.5632,533.5710
4169,54,11,0.0500,22.1980,537.8545
4170,44,8,0.0500,32.4595,535.3509
4171,33,8,0.0500,31.5565,523.5308
4172,37,10,0.0500,25.0010,526.7150
4173,113,12,0.0500,24.3355,535.8557
4174,122,18,0.0500,33.0291,540.6005
4175,87,12,0.0500,28.6843,533.1112
4176,62,13,0.0500,30.2337,537.5918
4177,115,13,0.0500,27.9824,528.1974
4178,191,20,0.0500,27.5017,530.5415
4179,53,9,0.0500,31.5317,531.9206
4180,41,11,0.0500,30.9361,528.4346
4181,40,11,0.0500,27.5677,524.5299
4182,78,12,0.0500,24.0531,538.0936
4183,56,12,0.0500,36.7074,526.4367
4184,25,5,0.0500,16.5274,535.5239
4185,60,14,0.0500,42.3085,538.7663
4186,41,9,0.0500,43.3208,531.7225
4187,47,10,0.0500,33.5334,527.4808
4188,57,11,0.0500,32.7796,534.7001
4189,126,15,0.0500,32.4791,529.0172
4190,42,10,0.0500,26.5307,530.2025
4191,31,6,0.0500,37.8381,529.1844
4192,39,11,0.0500,37.8587,524.9514
4193,28,7,0.0500,26.2377,524.6776
4194,43,11,0.0500,19.5410,524.5997
4195,35,8,0.0500,28.1139,529.4028
4196,54,13,0.0500,38.3940,528.8934
4197,38,9,0.0500,26.9462,534.2219
4198,41,11,0.0500,29.0434,524.2382
4199,41,11,0.0500,29.0803,521.6167
4200,36,10,0.0500,25.8699,529.7494
4201,34,7,0.0500,28.6175,532.4178
4202,100,15,0.0500,28.0091,532.2148
4203,47,10,0.0500,33.2284,532.1614
4204,41,11,0.0500,35.0349,525.4636
4205,30,9,0.0500,41.9215,525.0119
4206,39,10,0.0500,27.4621,528.9133
4207,40,11,0.0500,25.6934,532.2511
4208,60,13,0.0500,33.3498,532.1086
4209,63,14,0.0500,33.9283,541.3416
4210,61,11,0.0500,26.3397,538.9150
4211,20,5,0.0500,27.7674,525.3153
4212,192,22,0.0500,24.4195,546.6183
4213,118,15,0.0500,30.7254,547.6288
4214,99,15,0.0500,27.3906,545.3618
4215,86,16,0.0500,38.1038,545.5836
4216,82,15,0.0500,26.5717,538.2247
4217,51,8,0.0500,36.6646,533.1304
4218,46,11,0.0500,21.2271,533.2668
4219,46,6,0.0500,35.9650,538.7645
4220,54,12,0.0500,34.9211,532.9523
4221,40,9,0.0500,38.0849,535.1703
4222,40,10,0.0500,37.4284,534.6743
4223,49,12,0.0500,27.8755,533.0708
4224,53,11,0.0500,36.8484,541.2544
4225,88,14,0.0500,31.0254,536.1837
4226,44,11,0.0500,27.9466,534.6840
4227,81,13,0.0500,22.7682,536.3142
4228,99,17,0.0500,27.9198,538.9127
4229,48,8,0.0500,30.0542,537.9599
4230,69,9,0.0500,37.4509,535.7179
4231,39,9,0.0500,24.2984,532.1857
4232,41,9,0.0500,34.0243,538.2821
4233,57,11,0.0500,27.9579,536.0908
4234,49,11,0.0500,21.3959,540.7171
4235,98,19,0.0500,34.8815,543.9502
4236,78,11,0.0500,20.3623,540.3235
4237,40,8,0.0500,15.9875,535.9434
4238,56,12,0.0500,24.8997,534.6186
4239,34,8,0.0500,25.1966,525.3594
4240,103,13,0.0500,38.2999,529.4415
4241,41,12,0.0500,31.9360,532.6075
4242,55,10,0.0500,27.5828,552.1032
4243,31,8,0.0500,25.3662,522.3856
4244,40,9,0.0500,31.2566,542.0556
4245,34,9,0.0500,20.9864,528.5327
4246,36,10,0.0500,32.4510,531.2220
4247,32,9,0.0500,28.6931,532.9211
4248,35,9,0.0500,19.4174,533.6864
4249,41,11,0.0500,18.3715,531.1614
4250,36,9,0.0500,22.4979,530.9407
4251,34,9,0.0500,25.1754,526.6735
4252,236,27,0.0500,37.0120,551.1888
4253,62,13,0.0500,32.5993,538.8714
4254,115,13,0.0500,33.9375,536.5869
4255,46,13,0.0500,27.9091,529.2048
4256,44,12,0.0500,30.9046,525.2217
4257,23,5,0.0500,45.5905,530.5204
4258,59,14,0.0500,37.5295,536.5884
4259,109,14,0.0500,36.4461,536.8483
4260,123,16,0.0500,24.5730,531.7204
4261,30,8,0.0500,39.6620,529.6112
4262,32,10,0.0500,34.4924,527.3449
4263,49,12,0.0500,37.9052,537.2304
4264,61,12,0.0500,30.9399,542.0531
4265,84,13,0.0500,25.6088,540.2643
4266,44,14,0.0500,25.9498,529.5326
4267,36,9,0.0500,25.2785,541.2254
4268,47,12,0.0500,23.2847,540.2686
4269,64,13,0.0500,25.1102,541.4031
4270,121,17,0.0500,27.6113,533.8957
4271,122,16,0.0500,26.6912,530.2913
4272,41,10,0.0500,38.1247,526.5165
4273,87,15,0.0500,31.5157,536.6244
4274,79,15,0.0500,33.2255,537.6400
4275,115,16,0.0500,37.7338,533.2853
4276,100,14,0.0500,28.2597,540.2448
4277,33,8,0.0500,22.7740,529.7282
4278,78,13,0.0500,27.0960,535.5872
4279,34,10,0.0500,26.9631,525.9784
4280,29,6,0.0500,47.7210,531.4426
4281,51,9,0.0500,37.6641,531.4819
4282,39,10,0.0500,34.0048,528.3702
4283,41,10,0.0500,26.3317,532.3181
4284,31,8,0.0500,26.7302,534.3977
4285,74,13,0.0500,29.1519,538.6522
4286,86,15,0.0500,39.3662,534.8625
4287,28,7,0.0500,35.9001,527.8173
4288,77,15,0.0500,31.8928,533.5496
4289,29,7,0.0500,26.4495,536.8482
4290,79,17,0.0500,27.4611,539.4584
4291,108,14,0.0500,25.6017,552.9881
4292,55,13,0.0500,31.9890,538.8708
4293,80,13,0.0500,24.7951,534.7421
4294,39,10,0.0500,24.7860,536.5885
4295,84,13,0.0500,28.8592,540.1804
4296,59,11,0.0500,24.7894,544.3909
4297,49,12,0.0500,22.4342,534.4396
4298,37,10,0.0500,30.4905,541.2393
4299,39,9,0.0500,35.3348,539.4867
4300,223,27,0.0500,29.6610,543.9529
4301,35,8,0.0500,34.5945,541.1485
4302,103,15,0.0500,26.5779,538.5324
4303,31,8,0.0500,35.4223,528.0705
4304,29,7,0.0500,33.7825,532.4592
4305,88,14,0.0500,29.8763,535.7401
4306,84,13,0.0500,21.5474,537.1758
4307,108,19,0.0500,31.6267,543.8287
4308,200,25,0.0500,37.6764,538.4964
4309,34,8,0.0500,30.2288,545.5699
4310,33,9,0.0500,23.4019,534.6181
4311,36,10,0.0500,28.6942,532.9152
4312,351,28,0.0500,30.8514,545.3652
4313,59,13,0.0500,22.2464,536.1630
4314,37,9,0.0500,39.7472,536.1161
4315,40,10,0.0500,25.0192,536.1395
4316,159,17,0.0500,31.7963,547.0409
4317,58,12,0.0500,21.9689,542.3490
4318,58,12,0.0500,30.3821,532.7608
4319,27,8,0.0500,27.9599,533.2192
4320,50,9,0.0500,27.8152,536.6658
4321,131,17,0.0500,33.6211,551.9345
4322,107,14,0.0500,27.0404,534.6937
4323,105,16,0.0500,32.0431,545.7327
4324,49,9,0.0500,25.5623,533.8155
4325,48,10,0.0500,25.2567,538.3619
4326,169,17,0.0500,24.2720,544.1986
4327,29,7,0.0500,29.3496,536.8782
4328,60,12,0.0500,31.2494,543.4330
4329,365,23,0.0500,30.9728,557.9765
4330,61,15,0.0500,33.1518,540.4917
4331,55,13,0.0500,31.6799,542.6059
4332,38,10,0.0500,17.4491,539.6894
4333,61,12,0.0500,25.0698,539.4017
4334,55,13,0.0500,41.9486,539.6996
4335,84,13,0.0500,30.2661,543.2604
4336,37,9,0.0500,32.1532,536.8676
4337,48,8,0.0500,30.9651,550.3361
4338,35,8,0.0500,28.6748,548.0963
4339,48,13,0.0500,26.8376,539.9144
4340,59,13,0.0500,35.1559,543.4838
4341,57,12,0.0500,33.3674,541.9798
4342,73,12,0.0500,25.4303,542.4014
4343,53,11,0.0500,19.0845,544.9373
4344,48,11,0.0500,31.7429,541.2147
4345,24,6,0.0500,29.4138,536.3776
4346,114,14,0.0500,29.9065,554.0172
4347,81,12,0.0500,34.4235,542.5735
4348,74,12,0.0500,30.2699,549.1065
4349,45,11,0.0500,23.4465,540.3261
4350,108,18,0.0500,29.0665,537.9320
4351,75,11,0.0500,35.6423,543.1552
4352,101,18,0.0500,40.6400,550.6566
4353,37,8,0.0500,28.2031,546.0664
4354,137,20,0.0500,26.9201,545.2112
4355,52,13,0.0500,41.3827,534.8761
4356,81,12,0.0500,38.2314,543.6219
4357,56,12,0.0500,30.7709,536.2969
4358,62,15,0.0500,29.4573,537.0337
4359,30,7,0.0500,20.1881,538.0969
4360,60,11,0.0500,34.3135,547.5990
4361,61,12,0.0500,25.3717,539.1712
4362,33,10,0.0500,37.8706,531.7863
4363,34,7,0.0500,36.5055,540.0124
4364,37,9,0.0500,30.1301,540.2922
4365,40,11,0.0500,29.6767,542.2632
4366,39,10,0.0500,25.2180,540.5898
4367,62,13,0.0500,32.0290,540.1198
4368,83,14,0.0500,27.5107,543.4326
4369,44,11,0.0500,42.6916,553.1961
4370,70,12,0.0500,38.1071,541.6319
4371,36,9,0.0500,26.0682,540.6868
4372,35,10,0.0500,26.0761,542.5656
4373,28,5,0.0500,20.5101,549.0876
4374,38,10,0.0500,16.0877,543.5664
4375,39,10,0.0500,31.5190,541.8296
4376,37,10,0.0500,29.6409,541.7703
4377,173,19,0.0500,24.9774,551.9416
4378,39,10,0.0500,33.4521,543.3377
4379,55,12,0.0500,27.7284,552.2710
4380,56,12,0.0500,36.4665,539.3481
4381,28,8,0.0500,28.7888,539.7857
4382,31,8,0.0500,35.0536,545.8574
4383,46,9,0.0500,28.0459,539.8155
4384,104,17,0.0500,28.0365,541.1287
4385,60,13,0.0500,25.0190,542.9827
4386,61,13,0.0500,41.9269,546.0381
4387,78,11,0.0500,38.3687,545.6753
4388,75,11,0.0500,25.1341,542.1907
4389,31,7,0.0500,33.5821,540.1753
4390,37,10,0.0500,26.3099,547.6100
4391,28,7,0.0500,39.5507,543.7551
4392,143,18,0.0500,32.1123,549.0762
4393,66,10,0.0500,40.9358,549.1041
4394,46,10,0.0500,28.1756,529.8358
4395,227,20,0.0500,31.1257,538.6207
4396,38,11,0.0500,44.1310,540.8178
4397,37,9,0.0500,18.2864,535.9322
4398,54,11,0.0500,24.0373,547.8807
4399,41,12,0.0500,26.7654,549.9274
4400,37,11,0.0500,32.7386,543.9040
4401,176,19,0.0500,31.9850,553.0573
4402,32,8,0.0500,47.4015,536.7784
4403,30,8,0.0500,25.6509,541.4006
4404,87,14,0.0500,28.3147,540.2265
4405,57,12,0.0500,28.0267,538.2916
4406,48,10,0.0500,20.4610,542.6859
4407,36,11,0.0500,31.3169,537.3556
4408,36,10,0.0500,35.9662,537.5044
4409,121,16,0.0500,32.3999,558.8785
4410,88,14,0.0500,27.2586,543.7139
4411,38,8,0.0500,32.3636,545.1112
4412,49,11,0.0500,25.1205,543.4537
4413,118,14,0.0500,27.9562,545.3448
4414,40,11,0.0500,34.1760,549.4899
4415,31,7,0.0500,38.3748,546.6522
4416,82,13,0.0500,43.2383,551.2604
4417,39,11,0.0500,36.9707,541.4738
4418,141,18,0.0500,29.1918,566.0046
4419,74,14,0.0500,32.2533,554.3812
4420,35,8,0.0500,41.8235,540.2208
4421,79,12,0.0500,34.6219,552.5940
4422,58,16,0.0500,27.5840,546.6093
4423,36,10,0.0500,25.9480,545.3350
4424,41,11,0.0500,29.0444,546.8965
4425,57,12,0.0500,40.4002,550.6502
4426,138,21,0.0500,30.5021,550.3072
4427,28,7,0.0500,12.7241,546.4291
4428,30,7,0.0500,34.3065,540.4659
4429,34,7,0.0500,24.0764,548.7590
4430,38,11,0.0500,35.4199,536.9523
4431,35,10,0.0500,41.7694,547.0210
4432,41,9,0.0500,30.8482,546.4442
4433,125,15,0.0500,27.1260,553.8353
4434,36,10,0.0500,31.0186,546.3556
4435,54,10,0.0500,38.3992,544.8012
4436,99,12,0.0500,40.8434,553.6637
4437,47,13,0.0500,27.0003,547.6361
4438,54,10,0.0500,34.5267,551.2537
4439,35,10,0.0500,35.5661,543.0312
4440,42,11,0.0500,34.3823,550.1544
4441,129,17,0.0500,22.7616,546.1600
4442,111,16,0.0500,27.5282,544.0316
4443,44,10,0.0500,34.3048,543.7500
4444,75,15,0.0500,28.2498,548.4449
4445,55,12,0.0500,33.1867,537.8200
4446,60,13,0.0500,29.3244,555.1142
4447,42,10,0.0500,32.9465,548.5266
4448,59,12,0.0500,25.4676,550.5423
4449,37,8,0.0500,31.0944,547.9959
4450,81,15,0.0500,36.4353,541.2510
4451,34,9,0.0500,30.4466,543.4384
4452,55,12,0.0500,30.4395,545.6516
4453,34,9,0.0500,25.8153,546.2630
4454,36,9,0.0500,33.3214,544.8983
4455,70,14,0.0500,27.4406,548.1040
4456,40,11,0.0500,29.5122,547.5596
4457,40,9,0.0500,34.4695,548.0435
4458,78,15,0.0500,38.7487,545.3747
4459,104,17,0.0500,36.6454,542.3759
4460,55,11,0.0500,34.9349,549.3132
4461,35,9,0.0500,32.9878,540.0496
4462,81,16,0.0500,31.6418,549.0220
4463,90,15,0.0500,31.2761,551.5986
4464,51,11,0.0500,35.6135,548.1551
4465,53,12,0.0500,40.8396,546.4877
4466,176,20,0.0500,22.1629,548.1172
4467,55,12,0.0500,34.2604,548.3748
4468,79,12,0.0500,27.6813,554.3690
4469,82,12,0.0500,26.4339,555.2382
4470,115,14,0.0500,28.8245,548.6326
4471,261,25,0.0500,25.2917,547.8966
4472,38,10,0.0500,37.8749,538.9677
4473,31,9,0.0500,31.8994,535.9721
4474,134,16,0.0500,40.2264,549.1416
4475,58,13,0.0500,23.9948,538.1444
4476,126,17,0.0500,30.5797,549.3156
4477,40,10,0.0500,35.1516,540.9885
4478,56,13,0.0500,38.2415,543.2831
4479,47,14,0.0500,28.5390,552.2585
4480,132,21,0.0500,36.1119,550.7000
4481,39,9,0.0500,21.1984,558.1324
4482,31,7,0.0500,22.9153,547.6700
4483,220,20,0.0500,29.9002,553.1816
4484,33,8,0.0500,30.0284,550.0664
4485,42,10,0.0500,25.0596,542.9898
4486,19,4,0.0500,23.6257,544.7021
4487,54,10,0.0500,40.0874,546.8780
4488,39,8,0.0500,36.0405,550.3571
4489,49,13,0.0500,23.6419,547.4302
4490,37,10,0.0500,25.0062,540.7977
4491,26,6,0.0500,42.0753,542.2872
4492,42,12,0.0500,33.0160,546.4664
4493,38,9,0.0500,41.7902,538.7195
4494,57,13,0.0500,37.6723,550.4454
4495,85,14,0.0500,29.5571,549.2547
4496,58,11,0.0500,20.6659,544.7572
4497,36,10,0.0500,42.5174,549.7266
4498,38,11,0.0500,39.8302,542.7415
4499,54,11,0.0500,29.4053,549.6532
4500,139,16,0.0500,28.8503,555.1490
4501,19,5,0.0500,31.0325,542.4747
4502,72,11,0.0500,36.4493,553.8190
4503,43,10,0.0500,25.7207,550.4338
4504,39,10,0.0500,38.1774,544.1956
4505,172,19,0.0500,34.4498,561.5015
4506,39,10,0.0500,35.2645,552.0027
4507,102,17,0.0500,31.0033,551.9027
4508,34,9,0.0500,31.6513,547.2406
4509,22,5,0.0500,27.0366,547.8581
4510,56,12,0.0500,28.0632,545.7691
4511,51,10,0.0500,30.5437,553.5856
4512,125,16,0.0500,38.5784,556.1903
4513,101,18,0.0500,25.9058,559.3992
4514,41,10,0.0500,16.2333,549.0984
4515,105,16,0.0500,33.7032,557.6585
4516,36,6,0.0500,26.8394,559.1852
4517,77,16,0.0500,30.3515,551.8188
4518,122,12,0.0500,36.3101,557.4540
4519,112,18,0.0500,33.2924,550.1016
4520,163,18,0.0500,37.2138,551.5736
4521,91,13,0.0500,25.0412,557.5147
4522,49,12,0.0500,28.6513,549.6467
4523,51,11,0.0500,36.9123,551.7044
4524,41,11,0.0500,33.8215,543.5662
4525,124,17,0.0500,38.1335,549.0341
4526,58,12,0.0500,36.9214,544.6806
4527,35,9,0.0500,32.3947,547.8310
4528,29,9,0.0500,27.7058,544.7043
4529,154,19,0.0500,33.2013,557.3861
4530,77,13,0.0500,37.5252,553.3305
4531,71,13,0.0500,32.1154,544.6712
4532,24,7,0.0500,21.4723,540.2695
4533,31,8,0.0500,25.9053,540.0172
4534,52,11,0.0500,27.3981,548.4432
4535,130,16,0.0500,49.7881,554.7280
4536,59,12,0.0500,33.6453,557.8023
4537,118,15,0.0500,37.5513,554.3781
4538,123,17,0.0500,30.1502,555.3861
4539,37,9,0.0500,34.2691,543.4507
4540,39,10,0.0500,34.9669,556.4847
4541,109,15,0.0500,32.1510,558.5925
4542,31,7,0.0500,31.1418,554.4218
4543,48,9,0.0500,35.8920,553.0857
4544,60,16,0.0500,21.2464,549.6708
4545,39,8,0.0500,23.5326,559.5817
4546,67,16,0.0500,30.3036,557.0405
4547,45,10,0.0500,25.0790,558.1064
4548,114,13,0.0500,36.5839,551.3744
4549,56,11,0.0500,37.3226,549.2614
4550,154,22,0.0500,26.9096,550.8936
4551,53,11,0.0500,25.1638,558.2342
4552,234,21,0.0500,29.5576,557.4911
4553,45,11,0.0500,39.9204,548.9535
4554,81,13,0.0500,30.2736,557.0456
4555,36,11,0.0500,36.0168,548.8360
4556,240,24,0.0500,28.0887,555.8276
4557,77,14,0.0500,22.0649,565.6711
4558,47,8,0.0500,30.3191,560.7387
4559,39,11,0.0500,26.8200,550.0696
4560,55,11,0.0500,26.3614,550.8698
4561,68,13,0.0500,28.4659,555.5056
4562,61,12,0.0500,36.0062,551.4532
4563,43,11,0.0500,35.3572,550.5308
4564,34,8,0.0500,25.5688,550.8505
4565,78,14,0.0500,36.5042,549.3732
4566,46,12,0.0500,31.7696,561.1050
4567,34,8,0.0500,45.0068,556.5318
4568,50,10,0.0500,25.6514,555.2769
4569,56,12,0.0500,47.3496,553.6520
4570,34,9,0.0500,28.4238,544.3524
4571,40,8,0.0500,29.2230,553.9921
4572,43,12,0.0500,24.2137,544.9207
4573,93,14,0.0500,24.5853,559.2335
4574,45,12,0.0500,32.8708,544.5987
4575,52,10,0.0500,18.6920,555.2178
4576,36,9,0.0500,34.1178,556.3110
4577,121,16,0.0500,29.3525,550.3786
4578,57,11,0.0500,29.1474,555.9128
4579,37,10,0.0500,34.1302,549.5370
4580,56,11,0.0500,34.9414,551.2240
4581,80,12,0.0500,35.0535,554.4906
4582,50,11,0.0500,37.0708,557.2418
4583,48,9,0.0500,22.1650,552.4960
4584,54,10,0.0500,30.8091,560.0450
4585,122,13,0.0500,43.0118,559.0926
4586,26,7,0.0500,27.7954,542.7575
4587,49,9,0.0500,19.5195,551.9550
4588,136,15,0.0500,22.5723,560.6897
4589,48,10,0.0500,40.1133,551.3730
4590,41,12,0.0500,35.2414,555.2684
4591,42,12,0.0500,31.1061,557.0325
4592,73,15,0.0500,25.7655,557.4944
4593,42,10,0.0500,27.4819,552.0849
4594,27,6,0.0500,39.0607,548.4290
4595,102,12,0.0500,38.8916,549.6105
4596,64,13,0.0500,30.4483,558.7874
4597,163,17,0.0500,42.8102,556.5651
4598,38,11,0.0500,48.2748,546.1475
4599,36,9,0.0500,33.1562,548.9771
4600,64,14,0.0500,30.2679,557.2567
4601,42,12,0.0500,15.5061,554.5294
4602,85,12,0.0500,31.1079,549.1596
4603,103,16,0.0500,31.7061,560.1377
4604,109,14,0.0500,19.1405,551.2059
4605,41,11,0.0500,32.8586,544.0859
4606,37,9,0.0500,24.4383,558.5869
4607,182,19,0.0500,30.9683,554.6201
4608,99,14,0.0500,29.6954,554.5041
4609,81,14,0.0500,36.3970,550.8902
4610,157,20,0.0500,39.7406,561.8998
4611,43,10,0.0500,28.2435,551.0685
4612,88,15,0.0500,28.3749,557.0044
4613,224,27,0.0500,29.4672,557.7202
4614,39,10,0.0500,23.9515,551.6344
4615,388,22,0.0500,20.5410,561.8240
4616,88,17,0.0500,39.7528,556.7186
4617,97,13,0.0500,23.3505,557.4855
4618,33,9,0.0500,43.3122,554.1393
4619,57,11,0.0500,46.8863,549.7013
4620,31,8,0.0500,26.1914,544.1671
4621,41,11,0.0500,40.4727,552.1476
4622,82,13,0.0500,33.6989,553.6807
4623,43,12,0.0500,29.5226,552.9215
4624,102,16,0.0500,25.0524,563.8315
4625,38,11,0.0500,28.1230,542.7499
4626,169,17,0.0500,28.9347,555.6251
4627,43,10,0.0500,29.5472,554.7473
4628,41,11,0.0500,20.9833,551.1837
4629,105,15,0.0500,28.8560,561.3323
4630,43,11,0.0500,38.3924,547.4679
4631,59,11,0.0500,26.9709,558.8048
4632,64,15,0.0500,32.7364,556.0836
4633,46,12,0.0500,27.9200,553.4914
4634,115,17,0.0500,33.2804,553.3364
4635,41,11,0.0500,27.7715,555.2011
4636,148,21,0.0500,26.3506,549.1734
4637,123,20,0.0500,34.7779,556.7423
4638,45,11,0.0500,32.9830,545.1929
4639,89,15,0.0500,34.4341,562.5787
4640,26,7,0.0500,26.1935,546.2355
4641,60,13,0.0500,25.8883,562.4228
4642,42,11,0.0500,26.9435,552.0681
4643,43,9,0.0500,42.6083,553.2018
4644,48,11,0.0500,27.2252,555.3972
4645,50,9,0.0500,37.5825,562.0217
4646,54,11,0.0500,30.4577,551.0000
4647,118,14,0.0500,25.7878,570.7826
4648,84,15,0.0500,34.0358,555.8222
4649,44,11,0.0500,38.2443,552.8760
4650,33,8,0.0500,37.1810,552.9348
4651,132,17,0.0500,26.3541,552.0944
4652,62,13,0.0500,25.5824,549.5633
4653,50,9,0.0500,39.6184,550.9788
4654,53,11,0.0500,28.3672,549.9020
4655,42,11,0.0500,25.3493,555.7505
4656,122,15,0.0500,38.4176,559.2788
4657,22,6,0.0500,24.3926,545.3674
4658,255,27,0.0500,33.5780,558.4594
4659,44,9,0.0500,32.4526,552.2762
4660,40,10,0.0500,24.8521,542.8274
4661,31,9,0.0500,41.7000,546.0760
4662,111,16,0.0500,28.0489,548.6991
4663,281,22,0.0500,30.3403,551.2186
4664,89,17,0.0500,26.4431,541.6371
4665,57,10,0.0500,29.1803,553.9408
4666,65,15,0.0500,28.1413,549.3794
4667,54,10,0.0500,25.4850,549.3128
4668,35,10,0.0500,25.1097,542.5757
4669,44,12,0.0500,31.4625,552.1979
4670,40,8,0.0500,35.3575,549.7657
4671,131,18,0.0500,26.5665,555.2448
4672,37,10,0.0500,27.6346,545.7679
4673,99,17,0.0500,24.9332,557.0371
4674,80,11,0.0500,31.0624,545.1188
4675,30,8,0.0500,30.4418,543.8035
4676,37,10,0.0500,34.2053,550.5742
4677,40,11,0.0500,24.7983,544.4243
4678,39,10,0.0500,30.5912,552.3752
4679,24,6,0.0500,24.8935,548.3679
4680,161,18,0.0500,29.5627,551.1066
4681,123,18,0.0500,25.5286,558.2935
4682,60,14,0.0500,41.2083,549.2546
4683,37,11,0.0500,33.7179,543.5304
4684,65,13,0.0500,33.3211,558.0182
4685,44,10,0.0500,23.4142,553.7800
4686,36,9,0.0500,27.1050,552.2006
4687,105,16,0.0500,24.7035,558.5852
4688,47,10,0.0500,24.0731,555.4830
4689,44,13,0.0500,19.8384,545.9502
4690,38,8,0.0500,31.6899,551.8234
4691,31,7,0.0500,26.3794,549.3192
4692,32,8,0.0500,20.0511,550.2655
4693,82,13,0.0500,26.2491,549.9474
4694,55,11,0.0500,20.7385,552.9163
4695,76,12,0.0500,33.0024,550.7563
4696,34,8,0.0500,22.4822,553.3063
4697,34,8,0.0500,25.7216,548.9853
4698,87,12,0.0500,33.7356,560.5845
4699,30,7,0.0500,31.9712,543.3643
4700,41,10,0.0500,29.3639,548.2797
4701,42,11,0.0500,28.5121,555.6663
4702,142,20,0.0500,26.0145,560.7659
4703,33,9,0.0500,27.9917,549.0255
4704,60,12,0.0500,30.5316,552.8906
4705,107,17,0.0500,32.9203,549.0481
4706,39,10,0.0500,26.8084,549.6051
4707,43,11,0.0500,35.1466,554.1382
4708,59,13,0.0500,26.7639,547.9772
4709,125,16,0.0500,30.1513,555.4454
4710,46,12,0.0500,21.1857,549.8201
4711,46,9,0.0500,27.3551,547.5177
4712,141,18,0.0500,27.5251,558.9703
4713,99,15,0.0500,26.4744,555.9841
4714,33,8,0.0500,34.9548,550.2748
4715,98,15,0.0500,25.9967,555.3252
4716,60,13,0.0500,27.9721,555.2019
4717,125,18,0.0500,25.0264,551.8613
4718,79,15,0.0500,31.1342,552.0556
4719,38,10,0.0500,18.4255,549.4036
4720,45,12,0.0500,31.6716,551.8281
4721,77,17,0.0500,23.1644,555.1488
4722,57,14,0.0500,26.2328,548.3966
4723,187,19,0.0500,29.3377,549.5182
4724,88,15,0.0500,27.2739,554.3392
4725,46,11,0.0500,27.0916,553.3740
4726,64,14,0.0500,32.7934,558.3232
4727,56,12,0.0500,25.3283,549.5995
4728,25,7,0.0500,29.2263,546.2262
4729,30,9,0.0500,32.6720,545.0947
4730,125,18,0.0500,30.4914,554.6675
4731,23,6,0.0500,20.2435,547.1163
4732,51,9,0.0500,23.3162,553.3552
4733,46,11,0.0500,28.7834,550.4299
4734,59,12,0.0500,32.5706,553.6771
4735,120,15,0.0500,18.5574,545.9375
4736,61,13,0.0500,35.0498,551.5689
4737,64,14,0.0500,36.9901,554.4551
4738,55,10,0.0500,32.8977,555.4829
4739,93,16,0.0500,34.6048,554.6800
4740,45,10,0.0500,29.9232,563.6933
4741,119,16,0.0500,32.2868,556.6708
4742,85,13,0.0500,23.3866,560.0612
4743,55,11,0.0500,24.2577,546.4325
4744,128,22,0.0500,31.5095,548.6522
4745,41,9,0.0500,31.8333,557.7279
4746,41,10,0.0500,41.5977,560.3720
4747,93,17,0.0500,21.3297,555.5004
4748,63,14,0.0500,28.5559,550.1235
4749,62,12,0.0500,30.8331,555.7306
4750,39,9,0.0500,32.2243,546.4093
4751,77,16,0.0500,28.9117,550.1590
4752,37,10,0.0500,31.9920,553.1535
4753,78,12,0.0500,36.2748,553.6270
4754,33,8,0.0500,34.8011,554.0361
4755,34,8,0.0500,24.4332,553.4972
4756,37,7,0.0500,44.3358,554.7689
4757,32,9,0.0500,42.6529,547.2578
4758,27,7,0.0500,37.1246,546.9550
4759,172,20,0.0500,31.7459,556.8178
4760,39,11,0.0500,32.1996,541.8582
4761,58,12,0.0500,36.5431,551.2274
4762,60,12,0.0500,27.9826,555.3946
4763,38,9,0.0500,28.4255,559.3763
4764,112,15,0.0500,33.0379,561.8491
4765,69,13,0.0500,23.6715,560.4603
4766,31,9,0.0500,35.4258,554.9988
4767,125,17,0.0500,35.4559,554.6003
4768,56,11,0.0500,27.0139,547.6295
4769,94,13,0.0500,28.2175,552.5844
4770,42,10,0.0500,33.5955,550.9900
4771,91,15,0.0500,33.3168,558.6278
4772,37,9,0.0500,26.7771,552.8300
4773,119,12,0.0500,27.9480,561.9701
4774,36,9,0.0500,32.1338,550.1729
4775,27,8,0.0500,21.2905,549.4054
4776,45,13,0.0500,23.8882,550.7811
4777,74,15,0.0500,30.4862,555.8658
4778,70,13,0.0500,36.0453,543.3582
4779,43,12,0.0500,35.3293,551.0338
4780,76,13,0.0500,44.5080,556.9571
4781,51,10,0.0500,43.0212,554.3009
4782,166,20,0.0500,27.1686,557.1462
4783,46,12,0.0500,24.8909,559.4400
4784,63,12,0.0500,20.5060,554.9634
4785,34,8,0.0500,36.6788,546.2356
4786,75,11,0.0500,18.1803,552.5515
4787,29,7,0.0500,39.7313,557.3383
4788,21,6,0.0500,26.4692,541.0981
4789,35,9,0.0500,30.8484,556.9609
4790,42,11,0.0500,31.9847,550.4443
4791,43,13,0.0500,32.0335,561.2861
4792,32,9,0.0500,26.4671,548.2921
4793,39,11,0.0500,28.3739,553.2330
4794,49,11,0.0500,30.1509,554.3110
4795,66,16,0.0500,29.5149,563.7286
4796,105,14,0.0500,35.2915,563.0865
4797,37,10,0.0500,29.2457,551.4116
4798,28,7,0.0500,28.6586,542.8423
4799,53,10,0.0500,42.8762,555.9525
4800,38,10,0.0500,25.7395,549.9365
4801,36,9,0.0500,23.7516,543.5463
4802,36,8,0.0500,35.8653,556.2349
4803,33,8,0.0500,36.4813,552.1753
4804,313,22,0.0500,26.9693,553.5726
4805,83,14,0.0500,30.2401,556.6763
4806,26,7,0.0500,27.0875,548.2589
4807,46,13,0.0500,34.4453,558.8911
4808,122,15,0.0500,37.4546,553.9768
4809,58,12,0.0500,27.9213,556.4699
4810,31,7,0.0500,18.4850,543.9208
4811,53,9,0.0500,36.0660,548.1439
4812,94,14,0.0500,31.3360,549.2928
4813,113,16,0.0500,35.3478,551.0858
4814,50,8,0.0500,21.4666,557.8563
4815,185,19,0.0500,31.5439,552.2825
4816,94,16,0.0500,28.6248,560.3526
4817,64,13,0.0500,33.5308,551.3900
4818,37,10,0.0500,42.1044,543.7429
4819,46,11,0.0500,25.6967,556.4459
4820,61,15,0.0500,27.2722,555.8434
4821,55,11,0.0500,30.0897,552.6892
4822,82,13,0.0500,30.8219,552.5787
4823,38,10,0.0500,22.5231,550.8409
4824,104,15,0.0500,23.7779,559.5256
4825,151,16,0.0500,43.8418,552.3355
4826,117,13,0.0500,23.7606,561.9859
4827,90,15,0.0500,27.3953,564.2643
4828,74,11,0.0500,31.4860,560.2989
4829,34,7,0.0500,37.0712,555.4947
4830,69,14,0.0500,29.9525,556.1755
4831,50,11,0.0500,27.7202,545.8811
4832,56,14,0.0500,27.9407,545.2975
4833,40,11,0.0500,30.4939,559.3972
4834,57,14,0.0500,29.7219,561.3885
4835,38,10,0.0500,15.7491,550.3418
4836,50,10,0.0500,29.0171,553.6673
4837,81,13,0.0500,26.4479,558.7767
4838,50,10,0.0500,33.0283,549.3875
4839,63,15,0.0500,40.6154,553.1249
4840,40,9,0.0500,38.4714,554.6564
4841,81,12,0.0500,30.1123,557.8991
4842,45,11,0.0500,31.4555,555.8579
4843,48,10,0.0500,41.3615,551.5955
4844,158,18,0.0500,31.3948,562.9023
4845,58,13,0.0500,44.3216,562.3040
4846,80,16,0.0500,35.1286,560.5726
4847,55,12,0.0500,33.4286,555.1218
4848,35,8,0.0500,33.0904,553.1636
4849,45,13,0.0500,33.6980,559.3682
4850,40,10,0.0500,37.8301,555.2858
4851,92,15,0.0500,32.6118,561.1109
4852,174,20,0.0500,28.7868,565.4537
4853,54,12,0.0500,34.7235,549.6433
4854,34,9,0.0500,30.2859,559.7168
4855,63,13,0.0500,22.3350,563.0489
4856,214,19,0.0500,23.8144,558.7063
4857,36,10,0.0500,21.8505,554.0064
4858,41,10,0.0500,25.9300,560.9160
4859,159,17,0.0500,25.7956,560.2774
4860,53,11,0.0500,34.1940,556.1297
4861,38,9,0.0500,38.7170,553.2440
4862,219,18,0.0500,37.9944,566.8852
4863,34,8,0.0500,31.0377,559.0791
4864,62,13,0.0500,28.4121,551.6255
4865,38,9,0.0500,27.9121,562.7316
4866,48,9,0.0500,25.9793,556.5629
4867,31,10,0.0500,31.0594,550.1036
4868,53,12,0.0500,31.2378,553.4287
4869,45,10,0.0500,34.6240,543.6441
4870,135,19,0.0500,21.5397,564.9882
4871,36,9,0.0500,19.9429,556.5272
4872,61,13,0.0500,25.2744,561.0913
4873,34,9,0.0500,27.9071,550.6354
4874,40,9,0.0500,23.8110,557.2073
4875,70,11,0.0500,40.7846,564.6258
4876,175,18,0.0500,43.2560,558.5429
4877,38,8,0.0500,40.9350,556.7933
4878,115,17,0.0500,22.8646,560.1306
4879,40,10,0.0500,30.6841,550.9357
4880,34,8,0.0500,28.9485,552.7381
4881,48,10,0.0500,19.9691,550.3989
4882,190,20,0.0500,24.6847,563.5169
4883,96,15,0.0500,36.3531,557.1038
4884,96,15,0.0500,37.5618,556.4995
4885,44,11,0.0500,24.8956,551.6535
4886,41,11,0.0500,32.0096,560.0321
4887,63,12,0.0500,26.0672,566.7315
4888,81,13,0.0500,37.8079,557.3621
4889,48,11,0.0500,30.3068,556.4998
4890,39,10,0.0500,24.5196,552.6318
4891,31,8,0.0500,22.3666,547.1095
4892,79,11,0.0500,37.3143,560.0127
4893,40,9,0.0500,40.6454,559.4381
4894,102,15,0.0500,33.2842,563.2810
4895,39,10,0.0500,19.9992,551.1310
4896,77,15,0.0500,28.1004,561.5224
4897,86,12,0.0500,30.8908,555.7992
4898,69,13,0.0500,26.6318,550.9955
4899,79,13,0.0500,33.7460,553.9818
4900,108,13,0.0500,23.3641,569.5920
4901,42,10,0.0500,24.6754,558.0906
4902,36,9,0.0500,27.1553,551.7092
4903,42,11,0.0500,26.6547,558.3761
4904,77,15,0.0500,37.2596,560.0831
4905,126,19,0.0500,34.4704,560.5434
4906,65,15,0.0500,35.0731,559.1549
4907,165,16,0.0500,24.9893,567.5573
4908,213,19,0.0500,32.8394,555.6943
4909,55,9,0.0500,35.6058,558.3636
4910,38,10,0.0500,32.1872,550.7021
4911,173,18,0.0500,25.0487,550.2858
4912,39,10,0.0500,31.7861,547.5855
4913,43,12,0.0500,42.4972,550.7686
4914,53,11,0.0500,32.6441,553.5338
4915,201,19,0.0500,31.0930,566.3002
4916,77,15,0.0500,18.4558,558.2782
4917,31,8,0.0500,35.2082,552.9277
4918,30,8,0.0500,29.0440,547.2283
4919,109,18,0.0500,26.2877,553.5470
4920,221,19,0.0500,39.9365,559.4454
4921,59,14,0.0500,25.0079,558.5014
4922,55,11,0.0500,32.2841,560.2106
4923,23,5,0.0500,23.4561,551.2495
4924,33,9,0.0500,43.3826,551.8919
4925,124,19,0.0500,35.2665,559.9503
4926,67,13,0.0500,35.6549,554.5920
4927,35,8,0.0500,30.7407,552.7947
4928,33,9,0.0500,31.9547,554.1346
4929,48,7,0.0500,42.3512,561.0634
4930,37,10,0.0500,26.8872,554.0762
4931,135,20,0.0500,40.4785,564.4070
4932,37,10,0.0500,40.8453,549.9439
4933,41,10,0.0500,41.7323,549.7808
4934,32,8,0.0500,34.9872,544.7690
4935,30,8,0.0500,40.2871,553.7917
4936,298,21,0.0500,26.7663,561.5541
4937,37,10,0.0500,23.7639,552.2092
4938,31,8,0.0500,28.2664,547.7961
4939,160,17,0.0500,31.1742,555.7059
4940,37,10,0.0500,27.5648,554.4495
4941,41,12,0.0500,25.0173,552.3474
4942,55,11,0.0500,33.6427,549.1320
4943,73,13,0.0500,39.4366,554.1154
4944,150,23,0.0500,29.2624,567.6299
4945,42,12,0.0500,36.3875,558.9378
4946,37,8,0.0500,39.5906,571.2282
4947,39,10,0.0500,29.1528,560.7649
4948,63,15,0.0500,45.7180,559.8497
4949,41,10,0.0500,35.9118,556.6582
4950,75,13,0.0500,28.7618,565.8292
4951,59,12,0.0500,28.9782,564.0048
4952,154,19,0.0500,31.7341,566.1002
4953,27,6,0.0500,33.6506,554.4997
4954,35,9,0.0500,24.1827,553.7407
4955,55,11,0.0500,25.4836,564.4461
4956,67,11,0.0500,29.1353,562.5661
4957,61,12,0.0500,33.5671,565.0534
4958,35,9,0.0500,45.1721,558.3709
4959,42,10,0.0500,25.4908,560.5580
4960,34,9,0.0500,23.9958,559.4048
4961,125,15,0.0500,21.7016,568.8938
4962,362,22,0.0500,25.9162,568.3781
4963,54,10,0.0500,41.6481,567.0184
4964,49,10,0.0500,24.0935,559.6513
4965,37,10,0.0500,25.5665,555.2921
4966,44,9,0.0500,30.3481,567.5223
4967,168,21,0.0500,28.4924,575.2663
4968,122,16,0.0500,27.5676,571.9172
4969,36,9,0.0500,37.5546,560.5812
4970,53,10,0.0500,29.0568,561.5205
4971,78,11,0.0500,40.2694,563.2322
4972,53,11,0.0500,30.0228,557.0342
4973,57,12,0.0500,27.0442,560.7227
4974,157,21,0.0500,35.6394,564.1507
4975,41,11,0.0500,27.5849,559.4451
4976,37,7,0.0500,30.1085,567.5155
4977,32,8,0.0500,27.0710,564.3031
4978,39,9,0.0500,34.6717,569.4840
4979,37,9,0.0500,28.2738,562.0138
4980,119,15,0.0500,32.5652,564.3172
4981,39,8,0.0500,29.3755,570.7111
4982,40,10,0.0500,33.1154,555.9554
4983,125,16,0.0500,31.6090,570.1868
4984,58,12,0.0500,35.9740,556.1668
4985,74,14,0.0500,40.0407,561.2816
4986,42,10,0.0500,29.6152,563.7724
4987,38,9,0.0500,32.9996,565.3554
4988,33,7,0.0500,50.4878,570.2600
4989,56,11,0.0500,34.4079,566.2993
4990,120,15,0.0500,30.8992,565.8959
4991,60,12,0.0500,48.6462,566.9863
4992,38,9,0.0500,19.6855,568.3693
4993,83,16,0.0500,21.1565,568.5874
4994,164,20,0.0500,33.3297,573.3571
4995,33,9,0.0500,19.9638,565.0447
4996,45,11,0.0500,25.5314,568.9752
4997,63,15,0.0500,27.3281,566.6367
4998,89,16,0.0500,33.4664,563.2341
4999,59,13,0.0500,19.2950,567.2708
5000,114,18,0.0500,25.3510,566.5631
