episode,score,steps,epsilon,lr,beta,loss,avg_v,grad_norm,clear_frac
1,15,4,0.9994,0.00004999,0.0000,0.0000,6.2197,0.0000,0.0000
2,38,11,0.9988,0.00004997,0.0000,0.0000,4.3367,0.0000,0.0000
3,36,12,0.9982,0.00004996,0.0000,0.0000,2.9716,0.0000,0.0000
4,32,9,0.9976,0.00004994,0.0000,4.6284,5.7787,0.0000,0.9125
5,32,7,0.9970,0.00004993,0.0000,3.8320,9.0214,0.0000,0.9375
6,34,9,0.9964,0.00004991,0.0000,4.3263,4.2720,0.0000,0.9167
7,80,13,0.9958,0.00004990,0.0000,3.1010,9.0189,0.0000,0.9615
8,20,5,0.9952,0.00004988,0.0000,3.2606,5.9692,0.0000,0.9437
9,35,9,0.9946,0.00004987,0.0000,2.7750,8.4069,0.0000,0.9410
10,43,11,0.9940,0.00004985,0.0000,2.9422,12.2129,0.0000,0.9489
11,75,14,0.9934,0.00004983,0.0000,2.4189,13.2702,0.0000,0.9598
12,37,11,0.9928,0.00004982,0.0000,3.0694,8.4349,0.0000,0.9176
13,70,11,0.9922,0.00004981,0.0000,3.4992,15.9756,0.0000,0.9261
14,61,12,0.9916,0.00004979,0.0000,3.4587,11.9968,0.0000,0.9323
15,31,10,0.9910,0.00004978,0.0000,3.1137,7.3553,0.0000,0.9344
16,40,11,0.9904,0.00004976,0.0000,2.6320,7.8947,0.0000,0.9460
17,74,13,0.9898,0.00004975,0.0000,2.7267,10.6489,0.0000,0.9327
18,35,10,0.9892,0.00004973,0.0000,1.9258,7.6588,0.0000,0.9594
19,75,13,0.9886,0.00004972,0.0000,3.2007,10.7892,0.0000,0.9399
20,41,6,0.9880,0.00004970,0.0000,3.7247,14.3626,0.0000,0.9219
21,83,14,0.9874,0.00004969,0.0000,2.8502,12.2170,0.0000,0.9397
22,33,8,0.9868,0.00004967,0.0000,3.1895,8.4681,0.0000,0.9375
23,41,10,0.9862,0.00004966,0.0000,3.4064,11.4471,0.0000,0.9406
24,40,10,0.9856,0.00004964,0.0000,2.9012,9.4258,0.0000,0.9594
25,52,10,0.9850,0.00004963,0.0000,3.8771,9.2808,0.0000,0.9250
26,32,8,0.9844,0.00004961,0.0000,2.6879,8.5099,0.0000,0.9531
27,36,8,0.9838,0.00004960,0.0000,3.8624,11.4446,0.0000,0.9336
28,95,17,0.9832,0.00004958,0.0000,4.2350,12.6649,0.0000,0.9228
29,38,10,0.9826,0.00004957,0.0000,3.3558,7.8668,0.0000,0.9250
30,116,13,0.9820,0.00004955,0.0000,2.7485,15.4587,0.0000,0.9351
31,291,25,0.9814,0.00004953,0.0000,3.5944,23.4650,0.0000,0.9363
32,50,9,0.9808,0.00004952,0.0000,3.9796,16.6685,0.0000,0.9236
33,39,10,0.9802,0.00004951,0.0000,5.6399,11.5405,0.0000,0.9125
34,41,11,0.9796,0.00004949,0.0000,2.6548,11.7157,0.0000,0.9574
35,59,14,0.9790,0.00004948,0.0000,4.2468,12.7034,0.0000,0.9286
36,35,8,0.9784,0.00004946,0.0000,3.8931,11.1109,0.0000,0.9141
37,51,11,0.9778,0.00004945,0.0000,3.4014,8.8250,0.0000,0.9574
38,41,11,0.9772,0.00004943,0.0000,3.5120,10.5700,0.0000,0.9375
39,36,8,0.9766,0.00004942,0.0000,4.6009,9.0320,0.0000,0.9219
40,38,9,0.9760,0.00004940,0.0000,3.0201,11.8407,0.0000,0.9410
41,60,13,0.9754,0.00004939,0.0000,3.6637,14.8550,0.0000,0.9303
42,53,10,0.9748,0.00004937,0.0000,4.0551,11.7734,0.0000,0.9250
43,67,12,0.9742,0.00004936,0.0000,4.4308,13.0328,0.0000,0.9271
44,32,9,0.9736,0.00004934,0.0000,3.9081,7.5934,0.0000,0.9271
45,29,7,0.9730,0.00004932,0.0000,2.6107,8.3022,0.0000,0.9464
46,51,11,0.9724,0.00004931,0.0000,3.1194,10.6110,0.0000,0.9489
47,36,9,0.9718,0.00004930,0.0000,3.4582,8.5798,0.0000,0.9410
48,52,10,0.9712,0.00004928,0.0000,4.3166,9.2802,0.0000,0.9313
49,117,13,0.9706,0.00004927,0.0000,2.8092,13.5356,0.0000,0.9375
50,38,11,0.9700,0.00004925,0.0000,3.4594,9.0525,0.0000,0.9375
51,38,10,0.9694,0.00004924,0.0000,6.2200,10.0143,0.0000,0.9187
52,57,12,0.9688,0.00004922,0.0000,4.1531,16.8963,0.0000,0.9245
53,122,18,0.9682,0.00004921,0.0000,3.4818,17.4831,0.0000,0.9392
54,52,10,0.9676,0.00004919,0.0000,3.5704,17.3520,0.0000,0.9313
55,39,11,0.9670,0.00004918,0.0000,5.1469,11.7426,0.0000,0.9205
56,39,9,0.9664,0.00004916,0.0000,4.5445,12.5016,0.0000,0.9097
57,39,10,0.9658,0.00004915,0.0000,3.2029,14.8280,0.0000,0.9406
58,122,19,0.9652,0.00004913,0.0000,3.2920,16.2792,0.0000,0.9523
59,43,11,0.9646,0.00004911,0.0000,4.6017,12.8574,0.0000,0.9205
60,34,10,0.9640,0.00004910,0.0000,4.2904,11.4096,0.0000,0.9094
61,72,14,0.9634,0.00004909,0.0000,3.4433,15.3172,0.0000,0.9219
62,39,11,0.9628,0.00004907,0.0000,5.2509,14.7158,0.0000,0.9034
63,33,7,0.9622,0.00004906,0.0000,3.8582,13.1388,0.0000,0.9286
64,55,12,0.9616,0.00004904,0.0000,4.2420,12.3214,0.0000,0.9219
65,103,17,0.9610,0.00004902,0.0000,4.2302,14.5072,0.0000,0.9246
66,39,10,0.9604,0.00004901,0.0000,4.1536,13.8978,0.0000,0.9281
67,32,8,0.9598,0.00004900,0.0000,2.4729,13.5245,0.0000,0.9375
68,85,14,0.9592,0.00004898,0.0000,3.5024,16.4102,0.0000,0.9375
69,151,16,0.9586,0.00004897,0.0000,2.5145,21.3234,0.0000,0.9473
70,40,10,0.9580,0.00004895,0.0000,3.5604,12.6587,0.0000,0.9281
71,61,12,0.9574,0.00004894,0.0000,3.3904,13.4982,0.0000,0.9271
72,181,21,0.9568,0.00004892,0.0000,3.1427,23.4225,0.0000,0.9360
73,63,13,0.9562,0.00004891,0.0000,4.1149,14.5539,0.0000,0.9375
74,42,11,0.9556,0.00004889,0.0000,3.7908,15.2865,0.0000,0.9460
75,84,13,0.9550,0.00004888,0.0000,4.3074,15.4835,0.0000,0.9327
76,39,10,0.9544,0.00004886,0.0000,4.0492,12.8986,0.0000,0.9094
77,39,10,0.9538,0.00004885,0.0000,4.4644,13.2407,0.0000,0.9156
78,61,12,0.9532,0.00004883,0.0000,4.4012,14.8201,0.0000,0.9089
79,45,12,0.9526,0.00004881,0.0000,3.9774,18.7071,0.0000,0.9167
80,35,9,0.9520,0.00004880,0.0000,3.6489,11.6707,0.0000,0.9271
81,35,9,0.9514,0.00004879,0.0000,4.6230,11.3791,0.0000,0.9132
82,85,14,0.9508,0.00004877,0.0000,4.0142,15.8358,0.0000,0.9263
83,63,15,0.9502,0.00004876,0.0000,4.6682,13.6163,0.0000,0.9125
84,36,9,0.9496,0.00004874,0.0000,2.7743,13.0945,0.0000,0.9375
85,98,14,0.9490,0.00004873,0.0000,3.5803,20.1059,0.0000,0.9330
86,41,10,0.9484,0.00004871,0.0000,3.1666,11.5003,0.0000,0.9531
87,37,10,0.9478,0.00004870,0.0000,4.2192,13.7563,0.0000,0.9406
88,57,11,0.9472,0.00004868,0.0000,3.5487,15.4452,0.0000,0.9205
89,84,13,0.9466,0.00004867,0.0000,3.2382,15.4618,0.0000,0.9255
90,113,13,0.9460,0.00004865,0.0000,3.5415,17.3752,0.0000,0.9447
91,40,10,0.9454,0.00004864,0.0000,4.0300,14.3006,0.0000,0.9313
92,79,13,0.9448,0.00004862,0.0000,3.8008,18.0268,0.0000,0.9207
93,36,9,0.9442,0.00004860,0.0000,6.4625,16.6964,0.0000,0.9132
94,61,13,0.9436,0.00004859,0.0000,4.3601,18.1391,0.0000,0.9399
95,35,9,0.9430,0.00004858,0.0000,3.2054,16.4182,0.0000,0.9410
96,32,8,0.9424,0.00004856,0.0000,4.5077,16.6267,0.0000,0.9141
97,24,6,0.9418,0.00004855,0.0000,3.8492,17.5709,0.0000,0.9427
98,41,11,0.9412,0.00004853,0.0000,4.4553,17.6573,0.0000,0.9119
99,56,12,0.9406,0.00004852,0.0000,4.0866,18.0907,0.0000,0.9219
100,34,8,0.9400,0.00004850,0.0000,5.0716,16.7592,0.0000,0.9258
101,33,9,0.9394,0.00004849,0.0000,5.1116,16.0376,0.0000,0.8958
102,65,16,0.9388,0.00004847,0.0000,4.6482,17.9742,0.0000,0.9082
103,39,10,0.9382,0.00004846,0.0000,4.6713,15.6654,0.0000,0.9219
104,36,9,0.9376,0.00004844,0.0000,4.6999,17.1271,0.0000,0.9132
105,35,9,0.9370,0.00004843,0.0000,4.6085,15.6103,0.0000,0.9375
106,36,9,0.9364,0.00004841,0.0000,4.2002,15.5260,0.0000,0.9167
107,30,8,0.9358,0.00004839,0.0000,3.3301,18.3262,0.0000,0.9453
108,219,20,0.9352,0.00004838,0.0000,3.7284,32.1321,0.0000,0.9281
109,36,10,0.9346,0.00004837,0.0000,3.1018,16.7760,0.0000,0.9344
110,83,12,0.9340,0.00004835,0.0000,5.3429,22.8481,0.0000,0.9141
111,57,12,0.9334,0.00004834,0.0000,4.3826,18.5664,0.0000,0.9245
112,56,13,0.9328,0.00004832,0.0000,3.1959,21.0307,0.0000,0.9399
113,58,11,0.9322,0.00004830,0.0000,4.0540,22.4062,0.0000,0.9233
114,104,16,0.9316,0.00004829,0.0000,4.3237,20.2601,0.0000,0.9395
115,24,7,0.9310,0.00004828,0.0000,3.7656,16.9122,0.0000,0.9330
116,37,8,0.9304,0.00004826,0.0000,4.9250,20.9329,0.0000,0.9023
117,51,10,0.9298,0.00004825,0.0000,4.1767,20.6526,0.0000,0.9219
118,55,10,0.9292,0.00004823,0.0000,3.7120,22.8734,0.0000,0.9469
119,68,12,0.9286,0.00004822,0.0000,4.4361,18.6806,0.0000,0.9401
120,82,13,0.9280,0.00004820,0.0000,3.9648,18.2590,0.0000,0.9327
121,88,14,0.9274,0.00004819,0.0000,4.0124,21.5240,0.0000,0.9263
122,36,9,0.9268,0.00004817,0.0000,4.6608,17.7425,0.0000,0.9201
123,48,10,0.9262,0.00004816,0.0000,3.9168,18.2097,0.0000,0.9344
124,63,11,0.9256,0.00004814,0.0000,4.2539,22.6716,0.0000,0.9403
125,176,19,0.9250,0.00004813,0.0000,4.5179,25.0951,0.0000,0.9309
126,58,12,0.9244,0.00004811,0.0000,5.4500,19.2517,0.0000,0.9010
127,51,11,0.9238,0.00004809,0.0000,3.4155,18.8196,0.0000,0.9403
128,56,13,0.9232,0.00004808,0.0000,4.1778,16.3911,0.0000,0.9135
129,35,9,0.9226,0.00004807,0.0000,3.7286,15.7821,0.0000,0.9340
130,109,18,0.9220,0.00004805,0.0000,3.7656,19.2650,0.0000,0.9358
131,58,13,0.9214,0.00004804,0.0000,3.6987,16.3597,0.0000,0.9303
132,41,11,0.9208,0.00004802,0.0000,3.8673,18.2873,0.0000,0.9318
133,20,5,0.9202,0.00004800,0.0000,4.7713,17.5523,0.0000,0.9187
134,57,10,0.9196,0.00004799,0.0000,4.1059,23.9010,0.0000,0.9375
135,104,17,0.9190,0.00004798,0.0000,4.6736,18.4398,0.0000,0.9118
136,39,10,0.9184,0.00004796,0.0000,2.9443,18.0638,0.0000,0.9563
137,101,15,0.9178,0.00004795,0.0000,5.2683,25.2328,0.0000,0.9229
138,39,9,0.9172,0.00004793,0.0000,4.5660,21.2196,0.0000,0.9236
139,41,12,0.9166,0.00004792,0.0000,5.2750,18.7582,0.0000,0.9141
140,54,12,0.9160,0.00004790,0.0000,4.8455,21.5821,0.0000,0.9401
141,230,22,0.9154,0.00004788,0.0000,4.0327,31.5805,0.0000,0.9474
142,41,11,0.9148,0.00004787,0.0000,2.6172,20.4658,0.0000,0.9631
143,43,11,0.9142,0.00004786,0.0000,4.4017,19.9351,0.0000,0.9290
144,41,10,0.9136,0.00004784,0.0000,3.6167,23.4470,0.0000,0.9437
145,33,9,0.9130,0.00004783,0.0000,5.4591,21.0000,0.0000,0.9167
146,82,16,0.9124,0.00004781,0.0000,4.6064,23.6648,0.0000,0.9180
147,57,12,0.9118,0.00004779,0.0000,3.8801,21.2346,0.0000,0.9505
148,50,11,0.9112,0.00004778,0.0000,4.1866,20.6955,0.0000,0.9347
149,108,17,0.9106,0.00004777,0.0000,3.6921,25.4116,0.0000,0.9485
150,37,8,0.9100,0.00004775,0.0000,5.0200,24.0853,0.0000,0.9336
151,59,11,0.9094,0.00004774,0.0000,5.3857,25.0095,0.0000,0.9091
152,54,11,0.9088,0.00004772,0.0000,4.5720,24.4117,0.0000,0.9318
153,71,10,0.9082,0.00004771,0.0000,3.9348,25.7591,0.0000,0.9375
154,27,7,0.9076,0.00004769,0.0000,3.4510,20.8510,0.0000,0.9554
155,409,27,0.9070,0.00004768,0.0000,3.8963,39.9174,0.0000,0.9502
156,39,9,0.9064,0.00004766,0.0000,3.5941,20.8879,0.0000,0.9514
157,40,10,0.9058,0.00004765,0.0000,6.2731,21.2169,0.0000,0.8938
158,76,14,0.9052,0.00004763,0.0000,4.1761,25.6068,0.0000,0.9487
159,41,10,0.9046,0.00004762,0.0000,2.6008,22.2558,0.0000,0.9469
160,38,8,0.9040,0.00004760,0.0000,5.0176,23.4543,0.0000,0.9219
161,115,17,0.9034,0.00004758,0.0000,5.1698,25.8828,0.0000,0.9412
162,115,17,0.9028,0.00004757,0.0000,4.7155,24.6298,0.0000,0.9265
163,121,15,0.9022,0.00004756,0.0000,4.9019,29.8532,0.0000,0.9479
164,31,8,0.9016,0.00004754,0.0000,4.7031,20.7541,0.0000,0.9062
165,40,10,0.9010,0.00004753,0.0000,4.7024,23.1000,0.0000,0.9062
166,35,8,0.9004,0.00004751,0.0000,3.9884,22.6892,0.0000,0.9258
167,52,11,0.8998,0.00004750,0.0000,3.2077,26.3830,0.0000,0.9460
168,54,11,0.8992,0.00004748,0.0000,3.3974,25.2615,0.0000,0.9432
169,63,13,0.8986,0.00004747,0.0000,4.5268,22.2549,0.0000,0.9303
170,44,9,0.8980,0.00004745,0.0000,4.7498,24.6418,0.0000,0.9028
171,69,13,0.8974,0.00004744,0.0000,4.7307,22.1110,0.0000,0.9327
172,61,12,0.8968,0.00004742,0.0000,5.1075,22.0894,0.0000,0.9141
173,39,10,0.8962,0.00004741,0.0000,3.8867,20.6060,0.0000,0.9406
174,38,10,0.8956,0.00004739,0.0000,5.3356,24.4895,0.0000,0.9156
175,119,13,0.8950,0.00004737,0.0000,4.0439,28.9383,0.0000,0.9423
176,122,16,0.8944,0.00004736,0.0000,5.0796,29.2902,0.0000,0.9316
177,46,11,0.8938,0.00004735,0.0000,5.1189,22.5773,0.0000,0.9205
178,127,16,0.8932,0.00004733,0.0000,5.1522,29.2533,0.0000,0.9355
179,41,10,0.8926,0.00004732,0.0000,5.1909,27.6220,0.0000,0.9469
180,91,14,0.8920,0.00004730,0.0000,5.4898,32.9204,0.0000,0.9308
181,37,9,0.8914,0.00004729,0.0000,3.7968,25.9561,0.0000,0.9444
182,58,13,0.8908,0.00004727,0.0000,6.1861,27.9321,0.0000,0.9087
183,40,11,0.8902,0.00004726,0.0000,5.3629,25.2725,0.0000,0.9261
184,86,14,0.8896,0.00004724,0.0000,5.3179,28.8580,0.0000,0.9263
185,51,8,0.8890,0.00004723,0.0000,3.7775,30.0737,0.0000,0.9414
186,35,8,0.8884,0.00004721,0.0000,4.5447,29.6262,0.0000,0.9375
187,80,13,0.8878,0.00004720,0.0000,5.1094,26.3844,0.0000,0.9279
188,52,11,0.8872,0.00004718,0.0000,4.5223,28.9286,0.0000,0.9460
189,86,14,0.8866,0.00004716,0.0000,4.6520,28.5042,0.0000,0.9263
190,66,14,0.8860,0.00004715,0.0000,4.6688,27.8704,0.0000,0.9420
191,41,12,0.8854,0.00004714,0.0000,4.6600,25.0434,0.0000,0.9479
192,38,10,0.8848,0.00004712,0.0000,4.5338,26.4544,0.0000,0.9313
193,28,7,0.8842,0.00004711,0.0000,4.2096,28.5909,0.0000,0.9464
194,207,23,0.8836,0.00004709,0.0000,5.4992,34.5873,0.0000,0.9253
195,77,13,0.8830,0.00004707,0.0000,5.3652,26.7434,0.0000,0.9255
196,50,11,0.8824,0.00004706,0.0000,5.6759,28.7452,0.0000,0.9148
197,38,10,0.8818,0.00004705,0.0000,4.3530,24.0428,0.0000,0.9313
198,31,7,0.8812,0.00004703,0.0000,4.4899,30.1739,0.0000,0.9330
199,117,15,0.8806,0.00004702,0.0000,5.0326,30.5543,0.0000,0.9187
200,89,15,0.8800,0.00004700,0.0000,4.4491,30.0778,0.0000,0.9333
201,89,15,0.8794,0.00004699,0.0000,3.9969,29.7946,0.0000,0.9417
202,73,9,0.8788,0.00004697,0.0000,3.6513,32.0754,0.0000,0.9479
203,50,10,0.8782,0.00004696,0.0000,3.3412,24.9616,0.0000,0.9531
204,38,11,0.8776,0.00004694,0.0000,5.3504,24.0624,0.0000,0.9233
205,85,15,0.8770,0.00004693,0.0000,5.3639,28.6839,0.0000,0.9167
206,54,12,0.8764,0.00004691,0.0000,4.4643,27.2200,0.0000,0.9297
207,30,8,0.8758,0.00004690,0.0000,5.0000,25.2966,0.0000,0.9219
208,49,9,0.8752,0.00004688,0.0000,4.4245,27.9107,0.0000,0.9444
209,57,12,0.8746,0.00004686,0.0000,5.7624,26.3911,0.0000,0.9219
210,75,13,0.8740,0.00004685,0.0000,4.9102,29.0506,0.0000,0.9303
211,49,10,0.8734,0.00004684,0.0000,4.1123,26.9226,0.0000,0.9469
212,41,12,0.8728,0.00004682,0.0000,4.6027,23.6789,0.0000,0.9219
213,56,13,0.8722,0.00004681,0.0000,5.3418,25.4809,0.0000,0.9255
214,49,10,0.8716,0.00004679,0.0000,4.7769,26.0211,0.0000,0.9375
215,35,10,0.8710,0.00004677,0.0000,4.4177,24.9612,0.0000,0.9406
216,59,12,0.8704,0.00004676,0.0000,5.3341,25.1438,0.0000,0.9167
217,38,10,0.8698,0.00004675,0.0000,5.0501,26.5624,0.0000,0.9156
218,37,9,0.8692,0.00004673,0.0000,4.1063,27.0383,0.0000,0.9514
219,172,19,0.8686,0.00004672,0.0000,4.3811,33.7473,0.0000,0.9342
220,33,8,0.8680,0.00004670,0.0000,5.2337,25.6860,0.0000,0.9219
221,40,11,0.8674,0.00004669,0.0000,5.4905,27.2505,0.0000,0.9318
222,59,12,0.8668,0.00004667,0.0000,6.2848,33.4036,0.0000,0.9167
223,41,10,0.8662,0.00004665,0.0000,5.5454,30.8934,0.0000,0.9156
224,40,11,0.8656,0.00004664,0.0000,4.2052,30.3690,0.0000,0.9489
225,30,8,0.8650,0.00004663,0.0000,5.4615,29.5694,0.0000,0.9297
226,29,7,0.8644,0.00004661,0.0000,2.6573,30.0571,0.0000,0.9420
227,41,10,0.8638,0.00004660,0.0000,3.8765,29.5270,0.0000,0.9187
228,59,13,0.8632,0.00004658,0.0000,4.9881,29.4240,0.0000,0.9255
229,34,9,0.8626,0.00004656,0.0000,5.1219,27.8913,0.0000,0.9375
230,55,12,0.8620,0.00004655,0.0000,6.1921,29.0090,0.0000,0.9062
231,31,8,0.8614,0.00004654,0.0000,4.9978,29.1058,0.0000,0.9141
232,43,11,0.8608,0.00004652,0.0000,3.8136,28.9683,0.0000,0.9460
233,27,7,0.8602,0.00004651,0.0000,5.5708,28.5336,0.0000,0.9420
234,57,11,0.8596,0.00004649,0.0000,5.7432,37.5156,0.0000,0.9318
235,52,11,0.8590,0.00004648,0.0000,5.0191,29.9898,0.0000,0.9403
236,43,10,0.8584,0.00004646,0.0000,6.0551,29.9235,0.0000,0.8969
237,223,19,0.8578,0.00004645,0.0000,4.9943,42.4501,0.0000,0.9293
238,229,21,0.8572,0.00004643,0.0000,4.6368,43.1823,0.0000,0.9375
239,51,10,0.8566,0.00004642,0.0000,3.8010,32.0134,0.0000,0.9469
240,36,11,0.8560,0.00004640,0.0000,4.6868,28.3606,0.0000,0.9432
241,55,11,0.8554,0.00004639,0.0000,4.6720,31.8033,0.0000,0.9403
242,36,10,0.8548,0.00004637,0.0000,5.6716,30.9282,0.0000,0.9281
243,59,12,0.8542,0.00004635,0.0000,5.6473,30.1451,0.0000,0.9115
244,573,31,0.8536,0.00004634,0.0000,5.1759,53.5188,0.0000,0.9224
245,55,11,0.8530,0.00004633,0.0000,4.7957,30.0054,0.0000,0.9318
246,41,8,0.8524,0.00004631,0.0000,5.0766,31.6704,0.0000,0.9258
247,60,13,0.8518,0.00004630,0.0000,5.0583,30.3264,0.0000,0.9423
248,34,10,0.8512,0.00004628,0.0000,7.0113,31.1755,0.0000,0.9187
249,43,12,0.8506,0.00004627,0.0000,4.7941,28.9878,0.0000,0.9167
250,59,12,0.8500,0.00004625,0.0000,4.8435,31.9523,0.0000,0.9375
251,87,14,0.8494,0.00004624,0.0000,4.0041,34.4626,0.0000,0.9420
252,40,10,0.8488,0.00004622,0.0000,5.0601,32.0687,0.0000,0.9219
253,54,13,0.8482,0.00004621,0.0000,4.2146,29.1482,0.0000,0.9351
254,57,11,0.8476,0.00004619,0.0000,6.2520,35.8031,0.0000,0.9403
255,46,13,0.8470,0.00004618,0.0000,5.4610,31.8322,0.0000,0.9231
256,24,6,0.8464,0.00004616,0.0000,3.5508,29.4393,0.0000,0.9635
257,80,13,0.8458,0.00004614,0.0000,3.9269,29.8811,0.0000,0.9423
258,29,8,0.8452,0.00004613,0.0000,7.0467,28.7831,0.0000,0.9219
259,24,6,0.8446,0.00004612,0.0000,5.2793,28.1682,0.0000,0.9375
260,57,13,0.8440,0.00004610,0.0000,5.4005,29.3514,0.0000,0.9231
261,83,13,0.8434,0.00004609,0.0000,4.6848,33.4472,0.0000,0.9375
262,35,11,0.8428,0.00004607,0.0000,5.3802,26.5443,0.0000,0.9290
263,30,7,0.8422,0.00004606,0.0000,2.7386,29.3703,0.0000,0.9375
264,61,14,0.8416,0.00004604,0.0000,4.9655,28.5383,0.0000,0.9286
265,35,9,0.8410,0.00004603,0.0000,4.0669,30.8816,0.0000,0.9549
266,39,11,0.8404,0.00004601,0.0000,5.2813,35.3378,0.0000,0.9375
267,40,10,0.8398,0.00004600,0.0000,6.8234,35.1844,0.0000,0.9156
268,25,6,0.8392,0.00004598,0.0000,5.6120,32.8406,0.0000,0.9375
269,122,15,0.8386,0.00004597,0.0000,4.6652,40.5667,0.0000,0.9417
270,34,9,0.8380,0.00004595,0.0000,6.3003,33.4325,0.0000,0.9306
271,54,13,0.8374,0.00004593,0.0000,4.7602,36.1024,0.0000,0.9351
272,92,16,0.8368,0.00004592,0.0000,5.3585,39.1640,0.0000,0.9395
273,53,11,0.8362,0.00004591,0.0000,4.5983,36.3804,0.0000,0.9290
274,81,14,0.8356,0.00004589,0.0000,4.0798,35.7668,0.0000,0.9487
275,144,20,0.8350,0.00004588,0.0000,5.7314,37.2952,0.0000,0.9250
276,55,13,0.8344,0.00004586,0.0000,5.6528,34.8762,0.0000,0.9279
277,38,8,0.8338,0.00004585,0.0000,5.5285,37.2436,0.0000,0.9297
278,52,10,0.8332,0.00004583,0.0000,4.7752,36.4035,0.0000,0.9313
279,55,10,0.8326,0.00004582,0.0000,5.9823,38.2397,0.0000,0.9250
280,76,16,0.8320,0.00004580,0.0000,3.8990,33.8130,0.0000,0.9551
281,101,15,0.8314,0.00004579,0.0000,5.6827,37.9242,0.0000,0.9062
282,34,9,0.8308,0.00004577,0.0000,5.9168,32.5725,0.0000,0.9236
283,65,13,0.8302,0.00004575,0.0000,6.0731,35.1366,0.0000,0.9135
284,33,8,0.8296,0.00004574,0.0000,7.3278,36.8635,0.0000,0.9297
285,48,9,0.8290,0.00004573,0.0000,5.2865,34.8157,0.0000,0.9410
286,20,6,0.8284,0.00004571,0.0000,5.3089,33.8417,0.0000,0.9271
287,32,7,0.8278,0.00004570,0.0000,4.7288,38.0217,0.0000,0.9107
288,86,13,0.8272,0.00004568,0.0000,4.3219,38.8073,0.0000,0.9375
289,43,10,0.8266,0.00004567,0.0000,5.5992,35.8449,0.0000,0.9313
290,27,7,0.8260,0.00004565,0.0000,6.7488,32.4051,0.0000,0.8929
291,50,10,0.8254,0.00004563,0.0000,6.5362,35.9116,0.0000,0.9156
292,37,9,0.8248,0.00004562,0.0000,5.3790,34.8242,0.0000,0.9201
293,54,11,0.8242,0.00004561,0.0000,6.3907,34.3605,0.0000,0.9205
294,30,8,0.8236,0.00004559,0.0000,5.7011,33.3062,0.0000,0.9219
295,45,12,0.8230,0.00004558,0.0000,5.0814,35.6046,0.0000,0.9323
296,54,13,0.8224,0.00004556,0.0000,4.6089,35.2252,0.0000,0.9519
297,86,14,0.8218,0.00004554,0.0000,6.0610,42.5000,0.0000,0.9018
298,28,8,0.8212,0.00004553,0.0000,6.7952,33.2562,0.0000,0.8984
299,59,11,0.8206,0.00004552,0.0000,7.1506,39.8166,0.0000,0.8949
300,82,13,0.8200,0.00004550,0.0000,4.3687,36.6389,0.0000,0.9519
301,139,17,0.8194,0.00004549,0.0000,6.5618,43.7358,0.0000,0.9228
302,51,11,0.8188,0.00004547,0.0000,4.9834,36.6393,0.0000,0.9460
303,55,12,0.8182,0.00004546,0.0000,5.3896,33.0382,0.0000,0.9245
304,55,13,0.8176,0.00004544,0.0000,4.6830,32.2516,0.0000,0.9351
305,31,8,0.8170,0.00004542,0.0000,5.1670,33.7721,0.0000,0.9531
306,160,19,0.8164,0.00004541,0.0000,4.4281,41.2803,0.0000,0.9375
307,54,11,0.8158,0.00004540,0.0000,5.6819,35.7867,0.0000,0.9148
308,56,13,0.8152,0.00004538,0.0000,5.3849,34.3904,0.0000,0.9303
309,39,10,0.8146,0.00004537,0.0000,7.1682,38.6318,0.0000,0.9437
310,52,9,0.8140,0.00004535,0.0000,4.9061,37.9304,0.0000,0.9479
311,125,16,0.8134,0.00004533,0.0000,4.7340,44.1078,0.0000,0.9473
312,26,7,0.8128,0.00004532,0.0000,6.2323,37.9737,0.0000,0.9375
313,59,11,0.8122,0.00004531,0.0000,5.3631,42.9170,0.0000,0.9318
314,39,10,0.8116,0.00004529,0.0000,6.3133,38.2686,0.0000,0.9313
315,49,10,0.8110,0.00004528,0.0000,5.1027,39.7849,0.0000,0.9344
316,54,11,0.8104,0.00004526,0.0000,6.7794,39.5509,0.0000,0.9233
317,40,12,0.8098,0.00004525,0.0000,4.4562,37.7159,0.0000,0.9557
318,88,15,0.8092,0.00004523,0.0000,4.9334,45.9312,0.0000,0.9313
319,54,13,0.8086,0.00004521,0.0000,4.8304,40.3582,0.0000,0.9231
320,33,8,0.8080,0.00004520,0.0000,5.0024,40.9129,0.0000,0.9375
321,103,17,0.8074,0.00004519,0.0000,4.8989,42.7502,0.0000,0.9320
322,84,13,0.8068,0.00004517,0.0000,5.2905,40.6901,0.0000,0.9423
323,246,22,0.8062,0.00004516,0.0000,5.3098,49.7213,0.0000,0.9318
324,38,9,0.8056,0.00004514,0.0000,5.7687,38.7047,0.0000,0.9097
325,28,7,0.8050,0.00004512,0.0000,6.8629,37.6354,0.0000,0.9062
326,124,17,0.8044,0.00004511,0.0000,4.7879,41.9323,0.0000,0.9338
327,68,11,0.8038,0.00004510,0.0000,5.7604,40.0789,0.0000,0.9375
328,67,12,0.8032,0.00004508,0.0000,4.7206,41.9051,0.0000,0.9349
329,52,10,0.8026,0.00004507,0.0000,4.9747,38.5440,0.0000,0.9375
330,132,19,0.8020,0.00004505,0.0000,5.8126,41.7109,0.0000,0.9260
331,35,10,0.8014,0.00004504,0.0000,5.0988,39.9490,0.0000,0.9437
332,91,16,0.8008,0.00004502,0.0000,4.9113,38.7790,0.0000,0.9297
333,58,10,0.8002,0.00004501,0.0000,5.1918,41.4579,0.0000,0.9469
334,81,13,0.7996,0.00004499,0.0000,6.3609,39.4868,0.0000,0.9255
335,98,16,0.7990,0.00004498,0.0000,6.2926,44.5189,0.0000,0.9219
336,29,7,0.7984,0.00004496,0.0000,6.0668,39.3311,0.0000,0.9241
337,45,12,0.7978,0.00004495,0.0000,6.6955,39.3777,0.0000,0.9245
338,31,10,0.7972,0.00004493,0.0000,4.7548,37.1630,0.0000,0.9406
339,30,8,0.7966,0.00004491,0.0000,5.3050,39.3203,0.0000,0.9336
340,35,8,0.7960,0.00004490,0.0000,6.4602,39.7299,0.0000,0.9141
341,19,6,0.7954,0.00004489,0.0000,5.9542,34.3523,0.0000,0.9375
342,53,11,0.7948,0.00004487,0.0000,5.6855,40.8766,0.0000,0.9205
343,48,11,0.7942,0.00004486,0.0000,5.0166,38.9083,0.0000,0.9347
344,89,14,0.7936,0.00004484,0.0000,5.5390,44.7231,0.0000,0.9219
345,54,10,0.7930,0.00004483,0.0000,4.6528,40.4739,0.0000,0.9500
346,39,10,0.7924,0.00004481,0.0000,7.1143,40.2470,0.0000,0.9281
347,80,14,0.7918,0.00004480,0.0000,5.0583,40.7891,0.0000,0.9263
348,43,11,0.7912,0.00004478,0.0000,5.3492,41.8066,0.0000,0.9347
349,51,11,0.7906,0.00004477,0.0000,5.3462,39.9727,0.0000,0.9148
350,53,9,0.7900,0.00004475,0.0000,4.8627,43.1263,0.0000,0.9444
351,106,17,0.7894,0.00004474,0.0000,6.6761,41.9289,0.0000,0.9283
352,62,12,0.7888,0.00004472,0.0000,7.0877,47.7920,0.0000,0.9245
353,90,15,0.7882,0.00004470,0.0000,4.8720,44.1529,0.0000,0.9479
354,53,10,0.7876,0.00004469,0.0000,5.0209,42.9402,0.0000,0.9437
355,76,13,0.7870,0.00004468,0.0000,4.2363,46.8587,0.0000,0.9303
356,86,15,0.7864,0.00004466,0.0000,6.0423,46.1550,0.0000,0.9333
357,32,9,0.7858,0.00004465,0.0000,5.2700,44.7266,0.0000,0.9306
358,211,22,0.7852,0.00004463,0.0000,5.1751,47.3477,0.0000,0.9304
359,41,11,0.7846,0.00004461,0.0000,5.0218,46.0658,0.0000,0.9432
360,57,12,0.7840,0.00004460,0.0000,5.6641,42.4981,0.0000,0.9375
361,86,14,0.7834,0.00004459,0.0000,6.9570,47.2627,0.0000,0.9174
362,43,11,0.7828,0.00004457,0.0000,6.2656,43.0234,0.0000,0.9148
363,81,13,0.7822,0.00004456,0.0000,5.9805,45.7590,0.0000,0.9327
364,40,10,0.7816,0.00004454,0.0000,4.2303,43.4389,0.0000,0.9375
365,35,9,0.7810,0.00004452,0.0000,5.2077,42.7511,0.0000,0.9375
366,31,9,0.7804,0.00004451,0.0000,6.2886,42.7439,0.0000,0.9167
367,105,17,0.7798,0.00004450,0.0000,4.7668,48.0563,0.0000,0.9301
368,55,11,0.7792,0.00004448,0.0000,6.5763,44.0009,0.0000,0.9261
369,121,18,0.7786,0.00004447,0.0000,6.9855,49.5372,0.0000,0.9062
370,52,11,0.7780,0.00004445,0.0000,6.6025,44.2634,0.0000,0.9233
371,60,11,0.7774,0.00004444,0.0000,4.7160,46.8005,0.0000,0.9489
372,39,9,0.7768,0.00004442,0.0000,3.8255,45.4844,0.0000,0.9618
373,38,10,0.7762,0.00004440,0.0000,6.1624,42.2230,0.0000,0.9062
374,36,9,0.7756,0.00004439,0.0000,6.1297,40.5948,0.0000,0.9201
375,49,11,0.7750,0.00004438,0.0000,5.4700,42.7914,0.0000,0.9318
376,30,8,0.7744,0.00004436,0.0000,6.4366,41.3500,0.0000,0.9219
377,38,10,0.7738,0.00004435,0.0000,6.3332,42.8710,0.0000,0.9281
378,48,9,0.7732,0.00004433,0.0000,5.1189,42.6442,0.0000,0.9410
379,57,13,0.7726,0.00004432,0.0000,5.0471,46.8113,0.0000,0.9471
380,39,10,0.7720,0.00004430,0.0000,7.5601,44.3039,0.0000,0.9156
381,41,10,0.7714,0.00004429,0.0000,5.9147,43.9002,0.0000,0.9219
382,188,20,0.7708,0.00004427,0.0000,6.4007,49.9046,0.0000,0.9250
383,58,13,0.7702,0.00004426,0.0000,6.4514,44.3357,0.0000,0.9255
384,146,16,0.7696,0.00004424,0.0000,5.7267,46.0255,0.0000,0.9336
385,99,16,0.7690,0.00004423,0.0000,5.4108,46.4294,0.0000,0.9355
386,307,22,0.7684,0.00004421,0.0000,6.0414,52.8246,0.0000,0.9318
387,42,10,0.7678,0.00004419,0.0000,4.8381,43.8777,0.0000,0.9375
388,134,18,0.7672,0.00004418,0.0000,5.8582,49.7164,0.0000,0.9288
389,112,15,0.7666,0.00004417,0.0000,6.0631,52.9618,0.0000,0.9292
390,97,13,0.7660,0.00004415,0.0000,7.4703,48.5884,0.0000,0.9207
391,89,15,0.7654,0.00004414,0.0000,7.5063,52.3055,0.0000,0.9292
392,21,5,0.7648,0.00004412,0.0000,3.8763,48.2471,0.0000,0.9437
393,20,5,0.7642,0.00004410,0.0000,7.0870,46.0407,0.0000,0.9250
394,106,17,0.7636,0.00004409,0.0000,5.8956,52.4574,0.0000,0.9301
395,212,19,0.7630,0.00004408,0.0000,5.7431,58.1271,0.0000,0.9293
396,59,12,0.7624,0.00004406,0.0000,4.6368,48.9412,0.0000,0.9401
397,35,9,0.7618,0.00004405,0.0000,5.2589,48.1069,0.0000,0.9340
398,58,13,0.7612,0.00004403,0.0000,5.7077,45.4319,0.0000,0.9447
399,64,13,0.7606,0.00004402,0.0000,5.0608,53.0290,0.0000,0.9327
400,37,10,0.7600,0.00004400,0.0000,6.7841,49.2581,0.0000,0.9281
401,34,9,0.7594,0.00004398,0.0000,5.9712,49.0417,0.0000,0.9271
402,71,15,0.7588,0.00004397,0.0000,6.8086,49.0657,0.0000,0.9187
403,64,13,0.7582,0.00004396,0.0000,5.9660,47.3326,0.0000,0.9279
404,57,12,0.7576,0.00004394,0.0000,5.7568,48.6378,0.0000,0.9323
405,61,10,0.7570,0.00004393,0.0000,5.5274,49.8147,0.0000,0.9281
406,41,8,0.7564,0.00004391,0.0000,6.5976,46.4666,0.0000,0.9258
407,55,11,0.7558,0.00004389,0.0000,6.4632,49.6433,0.0000,0.9261
408,39,10,0.7552,0.00004388,0.0000,6.1984,48.2854,0.0000,0.9375
409,97,16,0.7546,0.00004387,0.0000,7.5038,51.9179,0.0000,0.9160
410,108,20,0.7540,0.00004385,0.0000,7.9250,51.0069,0.0000,0.9109
411,53,11,0.7534,0.00004384,0.0000,7.0083,49.4587,0.0000,0.9148
412,52,11,0.7528,0.00004382,0.0000,6.4230,46.9084,0.0000,0.9403
413,43,12,0.7522,0.00004381,0.0000,6.0691,46.3931,0.0000,0.9323
414,53,10,0.7516,0.00004379,0.0000,7.2981,49.3010,0.0000,0.9281
415,37,10,0.7510,0.00004378,0.0000,5.5562,45.9238,0.0000,0.9375
416,23,7,0.7504,0.00004376,0.0000,4.2028,44.9877,0.0000,0.9509
417,54,11,0.7498,0.00004375,0.0000,6.2768,50.6023,0.0000,0.9290
418,303,22,0.7492,0.00004373,0.0000,4.8570,65.1343,0.0000,0.9347
419,41,9,0.7486,0.00004372,0.0000,7.1902,47.1750,0.0000,0.8889
420,84,14,0.7480,0.00004370,0.0000,7.0903,48.3271,0.0000,0.9286
421,167,17,0.7474,0.00004368,0.0000,4.2255,52.3486,0.0000,0.9467
422,33,8,0.7468,0.00004367,0.0000,7.7579,47.6173,0.0000,0.9258
423,38,11,0.7462,0.00004366,0.0000,5.0041,47.9415,0.0000,0.9261
424,28,7,0.7456,0.00004364,0.0000,7.7118,45.4442,0.0000,0.8973
425,36,10,0.7450,0.00004363,0.0000,7.3983,46.4784,0.0000,0.9125
426,168,21,0.7444,0.00004361,0.0000,6.2173,54.1978,0.0000,0.9211
427,60,13,0.7438,0.00004360,0.0000,5.0302,49.4810,0.0000,0.9231
428,76,8,0.7432,0.00004358,0.0000,4.7821,53.0356,0.0000,0.9414
429,78,11,0.7426,0.00004357,0.0000,6.5070,50.8810,0.0000,0.9233
430,172,17,0.7420,0.00004355,0.0000,7.1068,54.7043,0.0000,0.9136
431,71,13,0.7414,0.00004354,0.0000,4.8101,50.1206,0.0000,0.9399
432,45,12,0.7408,0.00004352,0.0000,6.6331,49.4972,0.0000,0.9453
433,138,17,0.7402,0.00004351,0.0000,6.7573,56.3482,0.0000,0.9118
434,51,11,0.7396,0.00004349,0.0000,5.5033,51.4011,0.0000,0.9318
435,208,24,0.7390,0.00004347,0.0000,5.3146,56.8370,0.0000,0.9167
436,114,12,0.7384,0.00004346,0.0000,5.5168,57.0766,0.0000,0.9219
437,86,15,0.7378,0.00004345,0.0000,5.3359,55.6563,0.0000,0.9437
438,79,11,0.7372,0.00004343,0.0000,5.1593,58.0843,0.0000,0.9432
439,59,12,0.7366,0.00004342,0.0000,6.1820,52.9579,0.0000,0.9297
440,55,12,0.7360,0.00004340,0.0000,7.4580,50.1518,0.0000,0.9245
441,56,13,0.7354,0.00004339,0.0000,6.9216,50.1216,0.0000,0.9231
442,280,18,0.7348,0.00004337,0.0000,6.3012,67.1816,0.0000,0.9323
443,117,17,0.7342,0.00004336,0.0000,6.7248,56.7128,0.0000,0.9081
444,60,13,0.7336,0.00004334,0.0000,6.4674,52.2738,0.0000,0.9351
445,58,13,0.7330,0.00004333,0.0000,6.4566,55.5595,0.0000,0.9279
446,61,12,0.7324,0.00004331,0.0000,6.4245,55.5467,0.0000,0.9271
447,72,13,0.7318,0.00004330,0.0000,7.5906,55.4121,0.0000,0.9207
448,44,8,0.7312,0.00004328,0.0000,6.2648,56.7901,0.0000,0.9336
449,37,10,0.7306,0.00004326,0.0000,6.2627,52.6788,0.0000,0.9187
450,82,16,0.7300,0.00004325,0.0000,5.7822,54.6285,0.0000,0.9238
451,36,9,0.7294,0.00004324,0.0000,5.3537,51.2224,0.0000,0.9306
452,38,10,0.7288,0.00004322,0.0000,5.1595,52.7713,0.0000,0.9563
453,51,10,0.7282,0.00004321,0.0000,5.6585,52.3730,0.0000,0.9344
454,43,13,0.7276,0.00004319,0.0000,7.2186,50.4766,0.0000,0.9231
455,48,9,0.7270,0.00004317,0.0000,5.0524,53.2976,0.0000,0.9271
456,83,12,0.7264,0.00004316,0.0000,6.0265,55.9881,0.0000,0.9219
457,73,12,0.7258,0.00004315,0.0000,6.5266,55.5071,0.0000,0.9375
458,92,15,0.7252,0.00004313,0.0000,7.5624,56.7091,0.0000,0.9125
459,59,14,0.7246,0.00004312,0.0000,7.2966,51.8610,0.0000,0.9062
460,73,11,0.7240,0.00004310,0.0000,6.5179,53.5576,0.0000,0.9290
461,89,16,0.7234,0.00004308,0.0000,7.7326,56.3615,0.0000,0.9160
462,297,20,0.7228,0.00004307,0.0000,7.4265,66.5815,0.0000,0.9250
463,103,15,0.7222,0.00004306,0.0000,6.0601,54.8777,0.0000,0.9292
464,62,14,0.7216,0.00004304,0.0000,6.5354,51.1508,0.0000,0.9219
465,40,10,0.7210,0.00004303,0.0000,6.6394,52.5544,0.0000,0.9281
466,130,19,0.7204,0.00004301,0.0000,5.6225,56.7265,0.0000,0.9309
467,31,7,0.7198,0.00004300,0.0000,7.4086,52.8316,0.0000,0.9286
468,81,14,0.7192,0.00004298,0.0000,5.9076,55.4591,0.0000,0.9286
469,41,10,0.7186,0.00004296,0.0000,7.6478,53.1286,0.0000,0.9187
470,51,11,0.7180,0.00004295,0.0000,7.4147,56.5494,0.0000,0.9403
471,104,16,0.7174,0.00004294,0.0000,6.2467,56.4532,0.0000,0.9434
472,57,13,0.7168,0.00004292,0.0000,5.3582,56.2575,0.0000,0.9495
473,55,10,0.7162,0.00004291,0.0000,7.4834,55.7173,0.0000,0.9156
474,36,9,0.7156,0.00004289,0.0000,7.0254,58.2034,0.0000,0.9167
475,98,15,0.7150,0.00004287,0.0000,5.1652,56.9187,0.0000,0.9437
476,62,12,0.7144,0.00004286,0.0000,6.2945,61.0829,0.0000,0.9479
477,65,14,0.7138,0.00004285,0.0000,6.9130,55.5555,0.0000,0.9263
478,365,22,0.7132,0.00004283,0.0000,5.1429,70.9165,0.0000,0.9531
479,47,10,0.7126,0.00004282,0.0000,7.1424,56.4790,0.0000,0.9281
480,48,9,0.7120,0.00004280,0.0000,6.6315,59.1027,0.0000,0.9271
481,53,12,0.7114,0.00004279,0.0000,6.4229,54.8032,0.0000,0.9427
482,47,8,0.7108,0.00004277,0.0000,4.5838,57.7090,0.0000,0.9570
483,73,13,0.7102,0.00004275,0.0000,5.3445,58.3243,0.0000,0.9375
484,56,10,0.7096,0.00004274,0.0000,7.8903,59.2333,0.0000,0.9125
485,185,21,0.7090,0.00004273,0.0000,4.5439,61.4694,0.0000,0.9435
486,304,25,0.7084,0.00004271,0.0000,7.6638,70.7530,0.0000,0.9237
487,59,11,0.7078,0.00004270,0.0000,6.8581,58.7193,0.0000,0.9375
488,59,12,0.7072,0.00004268,0.0000,8.0153,58.9217,0.0000,0.9193
489,32,8,0.7066,0.00004266,0.0000,7.1212,58.3049,0.0000,0.9336
490,44,12,0.7060,0.00004265,0.0000,7.4610,56.5221,0.0000,0.9141
491,49,9,0.7054,0.00004264,0.0000,4.9752,55.8728,0.0000,0.9410
492,33,7,0.7048,0.00004262,0.0000,5.8350,58.8362,0.0000,0.9330
493,106,10,0.7042,0.00004261,0.0000,9.3305,63.5320,0.0000,0.9313
494,123,15,0.7036,0.00004259,0.0000,5.8284,63.0752,0.0000,0.9375
495,39,8,0.7030,0.00004258,0.0000,8.0186,58.1709,0.0000,0.9258
496,42,7,0.7024,0.00004256,0.0000,5.7738,58.0098,0.0000,0.9375
497,37,10,0.7018,0.00004255,0.0000,6.7801,55.5396,0.0000,0.9281
498,68,13,0.7012,0.00004253,0.0000,7.8859,57.4433,0.0000,0.9231
499,40,12,0.7006,0.00004252,0.0000,5.3956,55.5762,0.0000,0.9323
500,102,16,0.7000,0.00004250,0.0000,4.6864,58.3975,0.0000,0.9395
501,84,13,0.6994,0.00004249,0.0000,5.6997,61.2205,0.0000,0.9375
502,124,17,0.6988,0.00004247,0.0000,5.0577,57.4576,0.0000,0.9246
503,37,9,0.6982,0.00004245,0.0000,5.8843,57.4420,0.0000,0.9375
504,138,18,0.6976,0.00004244,0.0000,5.5622,63.3227,0.0000,0.9427
505,43,6,0.6970,0.00004243,0.0000,6.9121,59.9347,0.0000,0.9271
506,39,10,0.6964,0.00004241,0.0000,6.0678,53.9642,0.0000,0.9313
507,50,9,0.6958,0.00004240,0.0000,4.2232,59.7727,0.0000,0.9688
508,52,10,0.6952,0.00004238,0.0000,5.7431,56.0323,0.0000,0.9406
509,27,7,0.6946,0.00004237,0.0000,10.3530,58.0547,0.0000,0.9062
510,26,7,0.6940,0.00004235,0.0000,6.4914,56.0160,0.0000,0.9330
511,144,17,0.6934,0.00004234,0.0000,6.8674,66.9533,0.0000,0.9246
512,37,11,0.6928,0.00004232,0.0000,5.9493,56.0945,0.0000,0.9460
513,55,12,0.6922,0.00004231,0.0000,9.0626,64.1951,0.0000,0.9219
514,86,14,0.6916,0.00004229,0.0000,7.5169,64.0908,0.0000,0.9241
515,91,16,0.6910,0.00004228,0.0000,6.5119,62.6394,0.0000,0.9375
516,31,8,0.6904,0.00004226,0.0000,6.6976,61.9506,0.0000,0.9375
517,52,10,0.6898,0.00004224,0.0000,6.4607,65.5639,0.0000,0.9281
518,41,12,0.6892,0.00004223,0.0000,6.9779,61.3476,0.0000,0.9453
519,209,20,0.6886,0.00004222,0.0000,6.8269,70.8442,0.0000,0.9266
520,58,11,0.6880,0.00004220,0.0000,8.2647,63.8005,0.0000,0.9205
521,40,10,0.6874,0.00004219,0.0000,5.6516,59.8655,0.0000,0.9344
522,53,11,0.6868,0.00004217,0.0000,10.4418,61.9590,0.0000,0.9062
523,42,10,0.6862,0.00004216,0.0000,7.8267,64.4573,0.0000,0.9344
524,73,14,0.6856,0.00004214,0.0000,6.2803,60.9634,0.0000,0.9464
525,86,13,0.6850,0.00004213,0.0000,5.6377,63.5104,0.0000,0.9375
526,70,13,0.6844,0.00004211,0.0000,5.7070,61.9320,0.0000,0.9423
527,87,15,0.6838,0.00004210,0.0000,6.6600,63.7859,0.0000,0.9292
528,141,18,0.6832,0.00004208,0.0000,6.0374,67.3042,0.0000,0.9392
529,183,22,0.6826,0.00004206,0.0000,7.0682,69.2489,0.0000,0.9290
530,38,9,0.6820,0.00004205,0.0000,6.3769,60.6129,0.0000,0.9375
531,74,15,0.6814,0.00004203,0.0000,6.6686,61.5689,0.0000,0.9250
532,81,12,0.6808,0.00004202,0.0000,5.9530,63.5572,0.0000,0.9349
533,119,14,0.6802,0.00004201,0.0000,7.3206,69.2571,0.0000,0.9062
534,58,13,0.6796,0.00004199,0.0000,6.7686,61.1843,0.0000,0.9399
535,80,12,0.6790,0.00004198,0.0000,5.1690,63.7885,0.0000,0.9557
536,39,9,0.6784,0.00004196,0.0000,8.3500,64.3528,0.0000,0.9028
537,37,10,0.6778,0.00004195,0.0000,7.3616,60.8655,0.0000,0.9344
538,92,14,0.6772,0.00004193,0.0000,7.9961,65.0738,0.0000,0.9330
539,77,14,0.6766,0.00004192,0.0000,6.2203,66.6878,0.0000,0.9286
540,34,8,0.6760,0.00004190,0.0000,6.4952,63.2132,0.0000,0.9297
541,39,10,0.6754,0.00004189,0.0000,7.8783,63.4446,0.0000,0.9219
542,117,13,0.6748,0.00004187,0.0000,5.7588,68.8891,0.0000,0.9519
543,81,13,0.6742,0.00004185,0.0000,9.0029,62.7965,0.0000,0.9111
544,48,10,0.6736,0.00004184,0.0000,6.2642,62.0361,0.0000,0.9375
545,57,12,0.6730,0.00004183,0.0000,7.9808,60.8221,0.0000,0.9089
546,33,9,0.6724,0.00004181,0.0000,4.7338,60.6636,0.0000,0.9479
547,72,15,0.6718,0.00004180,0.0000,9.6949,59.8446,0.0000,0.9104
548,79,13,0.6712,0.00004178,0.0000,6.5261,65.3292,0.0000,0.9159
549,60,16,0.6706,0.00004177,0.0000,7.9740,62.4685,0.0000,0.9160
550,42,8,0.6700,0.00004175,0.0000,7.8161,60.4944,0.0000,0.9141
551,41,11,0.6694,0.00004173,0.0000,7.4993,60.0398,0.0000,0.9233
552,37,10,0.6688,0.00004172,0.0000,6.4387,62.6103,0.0000,0.9531
553,58,11,0.6682,0.00004171,0.0000,7.4583,70.6016,0.0000,0.9318
554,39,10,0.6676,0.00004169,0.0000,11.6085,66.5825,0.0000,0.9062
555,42,11,0.6670,0.00004168,0.0000,8.0675,67.4184,0.0000,0.9290
556,212,16,0.6664,0.00004166,0.0000,6.8770,79.2031,0.0000,0.9277
557,222,24,0.6658,0.00004164,0.0000,6.4634,77.6514,0.0000,0.9375
558,49,10,0.6652,0.00004163,0.0000,6.5087,64.1780,0.0000,0.9375
559,44,10,0.6646,0.00004162,0.0000,9.1233,68.3927,0.0000,0.9031
560,62,12,0.6640,0.00004160,0.0000,6.0119,70.0656,0.0000,0.9427
561,269,29,0.6634,0.00004159,0.0000,5.5800,73.5901,0.0000,0.9440
562,112,10,0.6628,0.00004157,0.0000,7.4493,75.0309,0.0000,0.9313
563,36,10,0.6622,0.00004156,0.0000,8.1306,66.8725,0.0000,0.9344
564,183,18,0.6616,0.00004154,0.0000,7.5472,74.1591,0.0000,0.9306
565,225,28,0.6610,0.00004153,0.0000,7.2932,73.4277,0.0000,0.9263
566,60,13,0.6604,0.00004151,0.0000,7.1388,68.4070,0.0000,0.9231
567,33,8,0.6598,0.00004150,0.0000,8.1555,66.4532,0.0000,0.9297
568,92,15,0.6592,0.00004148,0.0000,6.2026,69.1673,0.0000,0.9292
569,77,14,0.6586,0.00004147,0.0000,6.2583,67.8567,0.0000,0.9375
570,73,14,0.6580,0.00004145,0.0000,7.3142,68.0045,0.0000,0.9397
571,39,12,0.6574,0.00004143,0.0000,6.8248,65.8312,0.0000,0.9427
572,83,14,0.6568,0.00004142,0.0000,7.0268,66.8221,0.0000,0.9330
573,106,17,0.6562,0.00004141,0.0000,5.3625,70.6470,0.0000,0.9522
574,57,11,0.6556,0.00004139,0.0000,6.0552,69.9758,0.0000,0.9403
575,56,10,0.6550,0.00004138,0.0000,6.3751,69.1983,0.0000,0.9375
576,92,16,0.6544,0.00004136,0.0000,7.5993,70.2043,0.0000,0.9180
577,43,11,0.6538,0.00004135,0.0000,7.3296,68.0339,0.0000,0.9205
578,40,11,0.6532,0.00004133,0.0000,6.2797,67.1684,0.0000,0.9290
579,53,11,0.6526,0.00004131,0.0000,5.6298,67.0712,0.0000,0.9403
580,87,13,0.6520,0.00004130,0.0000,8.4731,68.0001,0.0000,0.9038
581,149,19,0.6514,0.00004129,0.0000,6.5668,75.0959,0.0000,0.9260
582,40,11,0.6508,0.00004127,0.0000,7.8893,66.0753,0.0000,0.9148
583,38,9,0.6502,0.00004126,0.0000,6.5916,70.4301,0.0000,0.9410
584,281,28,0.6496,0.00004124,0.0000,7.2859,79.6419,0.0000,0.9364
585,216,16,0.6490,0.00004122,0.0000,5.9724,76.6422,0.0000,0.9492
586,79,16,0.6484,0.00004121,0.0000,7.1898,68.7243,0.0000,0.9355
587,73,14,0.6478,0.00004120,0.0000,7.5276,68.4365,0.0000,0.9375
588,46,8,0.6472,0.00004118,0.0000,8.0624,79.3262,0.0000,0.9336
589,26,7,0.6466,0.00004117,0.0000,8.2584,71.5158,0.0000,0.9420
590,67,11,0.6460,0.00004115,0.0000,9.3518,72.0570,0.0000,0.9119
591,121,19,0.6454,0.00004114,0.0000,7.7389,76.5119,0.0000,0.9243
592,48,7,0.6448,0.00004112,0.0000,6.2254,80.0300,0.0000,0.9598
593,105,16,0.6442,0.00004111,0.0000,6.8520,74.2265,0.0000,0.9375
594,25,8,0.6436,0.00004109,0.0000,5.8754,67.5109,0.0000,0.9297
595,96,17,0.6430,0.00004108,0.0000,9.9755,73.4170,0.0000,0.9099
596,58,13,0.6424,0.00004106,0.0000,9.3629,71.1094,0.0000,0.9207
597,181,18,0.6418,0.00004104,0.0000,7.0031,79.2150,0.0000,0.9375
598,37,9,0.6412,0.00004103,0.0000,4.9576,73.0677,0.0000,0.9653
599,32,9,0.6406,0.00004101,0.0000,6.4761,71.1289,0.0000,0.9097
600,118,13,0.6400,0.00004100,0.0000,8.9337,77.6784,0.0000,0.9255
601,68,9,0.6394,0.00004099,0.0000,5.3378,75.5350,0.0000,0.9410
602,54,11,0.6388,0.00004097,0.0000,5.8794,74.7691,0.0000,0.9375
603,54,11,0.6382,0.00004096,0.0000,6.8702,73.4008,0.0000,0.9403
604,59,11,0.6376,0.00004094,0.0000,6.3098,76.8098,0.0000,0.9261
605,120,15,0.6370,0.00004093,0.0000,7.2880,77.2852,0.0000,0.9437
606,44,8,0.6364,0.00004091,0.0000,5.2373,74.5084,0.0000,0.9609
607,136,16,0.6358,0.00004090,0.0000,6.5096,79.5736,0.0000,0.9414
608,227,19,0.6352,0.00004088,0.0000,6.8019,77.7980,0.0000,0.9408
609,88,14,0.6346,0.00004087,0.0000,5.3795,79.6671,0.0000,0.9464
610,56,10,0.6340,0.00004085,0.0000,6.5977,77.9213,0.0000,0.9250
611,107,18,0.6334,0.00004083,0.0000,5.5661,75.1473,0.0000,0.9427
612,58,12,0.6328,0.00004082,0.0000,5.7381,70.9220,0.0000,0.9453
613,455,27,0.6322,0.00004080,0.0000,8.0929,94.1116,0.0000,0.9201
614,205,17,0.6316,0.00004079,0.0000,6.3711,88.2754,0.0000,0.9412
615,48,9,0.6310,0.00004078,0.0000,8.1804,73.7749,0.0000,0.9236
616,57,14,0.6304,0.00004076,0.0000,5.4467,73.1378,0.0000,0.9308
617,76,11,0.6298,0.00004075,0.0000,4.1836,78.9314,0.0000,0.9375
618,71,15,0.6292,0.00004073,0.0000,6.2578,70.8177,0.0000,0.9437
619,130,18,0.6286,0.00004071,0.0000,6.4877,73.6235,0.0000,0.9392
620,107,15,0.6280,0.00004070,0.0000,6.1947,76.9903,0.0000,0.9437
621,62,11,0.6274,0.00004069,0.0000,7.6488,77.2297,0.0000,0.9233
622,78,14,0.6268,0.00004067,0.0000,7.1253,76.0275,0.0000,0.9442
623,62,13,0.6262,0.00004066,0.0000,6.5069,73.6476,0.0000,0.9399
624,80,17,0.6256,0.00004064,0.0000,7.3432,71.2660,0.0000,0.9301
625,32,8,0.6250,0.00004062,0.0000,10.2040,74.1071,0.0000,0.9180
626,51,10,0.6244,0.00004061,0.0000,6.3515,80.6769,0.0000,0.9531
627,50,10,0.6238,0.00004060,0.0000,8.5815,81.6413,0.0000,0.9313
628,37,9,0.6232,0.00004058,0.0000,4.6878,77.7427,0.0000,0.9549
629,66,9,0.6226,0.00004057,0.0000,6.5573,76.8246,0.0000,0.9306
630,36,10,0.6220,0.00004055,0.0000,6.8374,74.9868,0.0000,0.9500
631,171,19,0.6214,0.00004054,0.0000,7.1811,80.6009,0.0000,0.9342
632,307,27,0.6208,0.00004052,0.0000,7.9176,87.4187,0.0000,0.9213
633,163,23,0.6202,0.00004051,0.0000,5.9375,81.3195,0.0000,0.9429
634,83,15,0.6196,0.00004049,0.0000,6.0502,82.4978,0.0000,0.9417
635,44,12,0.6190,0.00004048,0.0000,5.6606,79.3096,0.0000,0.9453
636,72,14,0.6184,0.00004046,0.0000,8.6586,76.8218,0.0000,0.9375
637,72,15,0.6178,0.00004045,0.0000,6.9251,77.8594,0.0000,0.9396
638,49,10,0.6172,0.00004043,0.0000,8.7022,75.9753,0.0000,0.9187
639,52,10,0.6166,0.00004041,0.0000,5.6415,79.7521,0.0000,0.9469
640,58,12,0.6160,0.00004040,0.0000,9.3374,80.4474,0.0000,0.9297
641,114,16,0.6154,0.00004039,0.0000,7.6477,83.9195,0.0000,0.9355
642,51,11,0.6148,0.00004037,0.0000,6.0137,77.5111,0.0000,0.9460
643,38,9,0.6142,0.00004036,0.0000,5.6028,80.5811,0.0000,0.9514
644,31,8,0.6136,0.00004034,0.0000,7.6108,76.6445,0.0000,0.9414
645,83,12,0.6130,0.00004033,0.0000,5.5585,85.4409,0.0000,0.9479
646,63,15,0.6124,0.00004031,0.0000,6.1784,78.6858,0.0000,0.9271
647,26,6,0.6118,0.00004029,0.0000,9.0785,74.0786,0.0000,0.9323
648,105,16,0.6112,0.00004028,0.0000,8.1336,79.1114,0.0000,0.9355
649,55,11,0.6106,0.00004027,0.0000,7.1382,77.5311,0.0000,0.9375
650,36,9,0.6100,0.00004025,0.0000,6.4963,75.9334,0.0000,0.9375
651,64,14,0.6094,0.00004024,0.0000,6.5896,80.1544,0.0000,0.9375
652,41,9,0.6088,0.00004022,0.0000,8.9313,78.8975,0.0000,0.9167
653,90,14,0.6082,0.00004020,0.0000,7.2441,84.2214,0.0000,0.9442
654,560,27,0.6076,0.00004019,0.0000,7.5299,98.8801,0.0000,0.9329
655,70,12,0.6070,0.00004018,0.0000,6.5579,80.6949,0.0000,0.9349
656,143,19,0.6064,0.00004016,0.0000,5.9835,82.4180,0.0000,0.9556
657,56,13,0.6058,0.00004015,0.0000,5.9631,76.0106,0.0000,0.9399
658,170,17,0.6052,0.00004013,0.0000,8.5476,88.6297,0.0000,0.9283
659,54,12,0.6046,0.00004012,0.0000,5.3735,76.3249,0.0000,0.9479
660,25,5,0.6040,0.00004010,0.0000,8.3884,78.8339,0.0000,0.9313
661,51,9,0.6034,0.00004008,0.0000,5.3996,81.7850,0.0000,0.9375
662,42,8,0.6028,0.00004007,0.0000,6.6436,78.2742,0.0000,0.9453
663,44,10,0.6022,0.00004006,0.0000,8.7084,79.3829,0.0000,0.9375
664,128,17,0.6016,0.00004004,0.0000,8.1695,88.5731,0.0000,0.9320
665,33,9,0.6010,0.00004002,0.0000,9.0533,82.0074,0.0000,0.9271
666,35,11,0.6004,0.00004001,0.0000,8.1296,78.4905,0.0000,0.9403
667,41,9,0.5998,0.00003999,0.0000,8.0263,86.6884,0.0000,0.9444
668,77,14,0.5992,0.00003998,0.0000,8.8717,87.9320,0.0000,0.9174
669,49,10,0.5986,0.00003997,0.0000,6.7077,85.5389,0.0000,0.9437
670,30,6,0.5980,0.00003995,0.0000,8.4909,80.3519,0.0000,0.9323
671,25,7,0.5974,0.00003994,0.0000,8.9298,79.3028,0.0000,0.9241
672,26,6,0.5968,0.00003992,0.0000,9.8201,78.5636,0.0000,0.9271
673,80,13,0.5962,0.00003991,0.0000,8.1028,83.1861,0.0000,0.9447
674,396,27,0.5956,0.00003989,0.0000,6.9193,92.6713,0.0000,0.9340
675,73,13,0.5950,0.00003988,0.0000,7.2900,81.1411,0.0000,0.9471
676,157,22,0.5944,0.00003986,0.0000,6.4316,85.6682,0.0000,0.9304
677,80,12,0.5938,0.00003985,0.0000,5.5112,84.8572,0.0000,0.9323
678,138,15,0.5932,0.00003983,0.0000,6.2613,90.2567,0.0000,0.9583
679,53,11,0.5926,0.00003982,0.0000,5.3918,86.0025,0.0000,0.9460
680,55,13,0.5920,0.00003980,0.0000,7.1637,83.2444,0.0000,0.9351
681,40,10,0.5914,0.00003978,0.0000,9.6829,83.3555,0.0000,0.9313
682,85,12,0.5908,0.00003977,0.0000,8.8799,86.4885,0.0000,0.9453
683,23,7,0.5902,0.00003976,0.0000,6.8774,81.6682,0.0000,0.9464
684,65,13,0.5896,0.00003974,0.0000,6.8472,86.5957,0.0000,0.9423
685,55,10,0.5890,0.00003973,0.0000,5.3591,84.3256,0.0000,0.9531
686,37,9,0.5884,0.00003971,0.0000,8.3504,82.1970,0.0000,0.9410
687,172,17,0.5878,0.00003970,0.0000,11.0920,90.2928,0.0000,0.9007
688,74,15,0.5872,0.00003968,0.0000,8.0642,83.4341,0.0000,0.9354
689,39,9,0.5866,0.00003967,0.0000,6.4805,82.0471,0.0000,0.9306
690,65,12,0.5860,0.00003965,0.0000,7.6905,80.9460,0.0000,0.9271
691,76,13,0.5854,0.00003964,0.0000,7.2241,81.2476,0.0000,0.9471
692,33,8,0.5848,0.00003962,0.0000,8.5131,81.8859,0.0000,0.9453
693,171,18,0.5842,0.00003960,0.0000,6.3753,86.3925,0.0000,0.9497
694,24,7,0.5836,0.00003959,0.0000,6.8065,77.2816,0.0000,0.9464
695,28,7,0.5830,0.00003957,0.0000,7.5651,78.5486,0.0000,0.9464
696,245,21,0.5824,0.00003956,0.0000,8.5163,91.6494,0.0000,0.9226
697,70,13,0.5818,0.00003955,0.0000,10.0681,86.2221,0.0000,0.9231
698,58,13,0.5812,0.00003953,0.0000,7.6659,83.0895,0.0000,0.9591
699,64,13,0.5806,0.00003952,0.0000,7.1677,85.9893,0.0000,0.9279
700,128,16,0.5800,0.00003950,0.0000,7.4137,91.5010,0.0000,0.9238
701,489,35,0.5794,0.00003949,0.0000,7.0926,99.8126,0.0000,0.9357
702,176,23,0.5788,0.00003947,0.0000,7.9307,88.7284,0.0000,0.9457
703,51,8,0.5782,0.00003946,0.0000,6.3176,92.3415,0.0000,0.9414
704,47,10,0.5776,0.00003944,0.0000,10.7018,86.2072,0.0000,0.9094
705,37,9,0.5770,0.00003943,0.0000,5.5516,85.6943,0.0000,0.9444
706,45,9,0.5764,0.00003941,0.0000,7.8822,86.3762,0.0000,0.9375
707,80,16,0.5758,0.00003939,0.0000,8.0899,88.3465,0.0000,0.9395
708,38,11,0.5752,0.00003938,0.0000,9.6497,85.2321,0.0000,0.9148
709,377,28,0.5746,0.00003937,0.0000,7.9676,99.5054,0.0000,0.9330
710,32,9,0.5740,0.00003935,0.0000,4.6819,84.1631,0.0000,0.9583
711,49,11,0.5734,0.00003934,0.0000,7.3461,92.5514,0.0000,0.9318
712,54,12,0.5728,0.00003932,0.0000,8.9439,84.3682,0.0000,0.9297
713,138,17,0.5722,0.00003931,0.0000,8.1681,92.6416,0.0000,0.9338
714,89,12,0.5716,0.00003929,0.0000,6.8078,89.9756,0.0000,0.9479
715,249,23,0.5710,0.00003927,0.0000,7.7521,97.9552,0.0000,0.9470
716,48,9,0.5704,0.00003926,0.0000,6.7068,86.5284,0.0000,0.9410
717,311,24,0.5698,0.00003925,0.0000,8.1916,103.3237,0.0000,0.9375
718,74,14,0.5692,0.00003923,0.0000,7.0928,92.7779,0.0000,0.9487
719,38,11,0.5686,0.00003922,0.0000,7.0908,86.1896,0.0000,0.9545
720,129,17,0.5680,0.00003920,0.0000,8.7113,96.2641,0.0000,0.9173
721,53,11,0.5674,0.00003918,0.0000,8.3335,89.2254,0.0000,0.9318
722,32,8,0.5668,0.00003917,0.0000,8.7093,87.2764,0.0000,0.9141
723,360,31,0.5662,0.00003916,0.0000,8.1474,97.3180,0.0000,0.9375
724,209,17,0.5656,0.00003914,0.0000,5.1862,98.2253,0.0000,0.9522
725,58,11,0.5650,0.00003913,0.0000,8.3073,91.1080,0.0000,0.9517
726,75,15,0.5644,0.00003911,0.0000,7.6774,89.9339,0.0000,0.9313
727,76,15,0.5638,0.00003910,0.0000,6.9698,89.6796,0.0000,0.9313
728,166,18,0.5632,0.00003908,0.0000,7.3075,96.4960,0.0000,0.9323
729,82,13,0.5626,0.00003906,0.0000,7.8077,92.9633,0.0000,0.9423
730,32,9,0.5620,0.00003905,0.0000,7.6282,83.7115,0.0000,0.9271
731,43,11,0.5614,0.00003904,0.0000,7.8093,90.6027,0.0000,0.9545
732,57,11,0.5608,0.00003902,0.0000,9.3530,90.9604,0.0000,0.9261
733,120,16,0.5602,0.00003901,0.0000,7.7091,97.5786,0.0000,0.9258
734,225,24,0.5596,0.00003899,0.0000,8.4123,98.3666,0.0000,0.9453
735,58,10,0.5590,0.00003897,0.0000,7.6356,91.3977,0.0000,0.9156
736,113,15,0.5584,0.00003896,0.0000,8.0428,90.8518,0.0000,0.9333
737,51,11,0.5578,0.00003895,0.0000,9.6640,88.4727,0.0000,0.9176
738,56,12,0.5572,0.00003893,0.0000,8.2630,95.1464,0.0000,0.9323
739,57,13,0.5566,0.00003892,0.0000,7.9536,91.6691,0.0000,0.9351
740,55,12,0.5560,0.00003890,0.0000,8.0986,91.1077,0.0000,0.9375
741,49,11,0.5554,0.00003889,0.0000,4.9347,92.7676,0.0000,0.9545
742,49,11,0.5548,0.00003887,0.0000,9.2544,92.4694,0.0000,0.9347
743,323,27,0.5542,0.00003885,0.0000,9.3149,101.9618,0.0000,0.9259
744,91,17,0.5536,0.00003884,0.0000,7.8608,95.0173,0.0000,0.9338
745,151,22,0.5530,0.00003883,0.0000,8.6836,100.0229,0.0000,0.9347
746,126,21,0.5524,0.00003881,0.0000,9.6120,96.8173,0.0000,0.9182
747,35,7,0.5518,0.00003880,0.0000,8.5835,94.7673,0.0000,0.9196
748,53,11,0.5512,0.00003878,0.0000,8.8048,95.0958,0.0000,0.9375
749,57,13,0.5506,0.00003876,0.0000,9.5308,92.3483,0.0000,0.9279
750,125,17,0.5500,0.00003875,0.0000,8.5534,96.8054,0.0000,0.9265
751,30,8,0.5494,0.00003874,0.0000,7.8856,93.3784,0.0000,0.9336
752,29,8,0.5488,0.00003872,0.0000,7.2817,88.9907,0.0000,0.9414
753,82,14,0.5482,0.00003871,0.0000,6.0345,96.6912,0.0000,0.9509
754,71,13,0.5476,0.00003869,0.0000,7.4720,92.6877,0.0000,0.9207
755,116,15,0.5470,0.00003868,0.0000,8.7415,93.7700,0.0000,0.9354
756,51,10,0.5464,0.00003866,0.0000,6.3084,93.2917,0.0000,0.9500
757,129,15,0.5458,0.00003865,0.0000,6.0679,101.7426,0.0000,0.9437
758,161,16,0.5452,0.00003863,0.0000,6.8655,100.3291,0.0000,0.9492
759,141,18,0.5446,0.00003862,0.0000,10.4214,98.9826,0.0000,0.9097
760,53,10,0.5440,0.00003860,0.0000,8.4101,94.6631,0.0000,0.9344
761,32,8,0.5434,0.00003859,0.0000,5.6606,91.6600,0.0000,0.9492
762,70,13,0.5428,0.00003857,0.0000,5.6764,94.4423,0.0000,0.9423
763,58,12,0.5422,0.00003855,0.0000,9.5165,97.3751,0.0000,0.9219
764,39,9,0.5416,0.00003854,0.0000,9.9489,92.7184,0.0000,0.9201
765,40,9,0.5410,0.00003853,0.0000,6.4624,92.9721,0.0000,0.9479
766,83,13,0.5404,0.00003851,0.0000,7.4842,93.9173,0.0000,0.9423
767,129,16,0.5398,0.00003850,0.0000,8.8555,101.6404,0.0000,0.9336
768,72,13,0.5392,0.00003848,0.0000,9.1706,95.6631,0.0000,0.9351
769,41,11,0.5386,0.00003846,0.0000,8.9943,96.7349,0.0000,0.9318
770,66,10,0.5380,0.00003845,0.0000,6.9175,96.5123,0.0000,0.9437
771,165,18,0.5374,0.00003844,0.0000,5.1550,98.7929,0.0000,0.9514
772,67,11,0.5368,0.00003842,0.0000,9.7877,95.3227,0.0000,0.9347
773,84,14,0.5362,0.00003841,0.0000,12.0417,95.5592,0.0000,0.8996
774,121,15,0.5356,0.00003839,0.0000,7.8904,99.9449,0.0000,0.9354
775,102,17,0.5350,0.00003837,0.0000,6.2585,98.8421,0.0000,0.9393
776,84,16,0.5344,0.00003836,0.0000,7.3821,100.9164,0.0000,0.9473
777,76,13,0.5338,0.00003834,0.0000,8.7621,103.0006,0.0000,0.9471
778,164,14,0.5332,0.00003833,0.0000,9.5266,111.7237,0.0000,0.9308
779,67,14,0.5326,0.00003832,0.0000,8.2377,98.1248,0.0000,0.9353
780,162,17,0.5320,0.00003830,0.0000,6.9371,104.5637,0.0000,0.9375
781,46,8,0.5314,0.00003829,0.0000,7.1625,97.4770,0.0000,0.9258
782,59,11,0.5308,0.00003827,0.0000,8.9596,106.3015,0.0000,0.9318
783,48,10,0.5302,0.00003825,0.0000,8.6285,98.2640,0.0000,0.9250
784,137,13,0.5296,0.00003824,0.0000,10.7336,111.6708,0.0000,0.9111
785,46,12,0.5290,0.00003823,0.0000,9.8732,102.6449,0.0000,0.9167
786,167,17,0.5284,0.00003821,0.0000,10.0814,99.7094,0.0000,0.9173
787,80,12,0.5278,0.00003820,0.0000,9.7473,102.1753,0.0000,0.9193
788,49,10,0.5272,0.00003818,0.0000,5.8754,101.6008,0.0000,0.9500
789,237,22,0.5266,0.00003816,0.0000,7.4673,109.5863,0.0000,0.9432
790,95,16,0.5260,0.00003815,0.0000,8.2627,97.0141,0.0000,0.9336
791,51,10,0.5254,0.00003813,0.0000,8.4704,101.3752,0.0000,0.9406
792,41,9,0.5248,0.00003812,0.0000,10.2140,99.6390,0.0000,0.9375
793,61,13,0.5242,0.00003811,0.0000,9.3171,100.3791,0.0000,0.9327
794,32,8,0.5236,0.00003809,0.0000,9.5290,96.9467,0.0000,0.9297
795,41,9,0.5230,0.00003808,0.0000,6.1587,101.1354,0.0000,0.9514
796,54,10,0.5224,0.00003806,0.0000,7.6722,102.4436,0.0000,0.9437
797,184,22,0.5218,0.00003805,0.0000,10.3521,109.5994,0.0000,0.9105
798,78,10,0.5212,0.00003803,0.0000,7.2256,108.3229,0.0000,0.9250
799,172,18,0.5206,0.00003802,0.0000,9.0015,106.8727,0.0000,0.9271
800,121,16,0.5200,0.00003800,0.0000,9.0082,106.3335,0.0000,0.9316
801,156,21,0.5194,0.00003799,0.0000,7.8540,107.0649,0.0000,0.9375
802,84,14,0.5188,0.00003797,0.0000,10.0074,101.3129,0.0000,0.9219
803,37,9,0.5182,0.00003795,0.0000,11.8350,98.4846,0.0000,0.9236
804,106,17,0.5176,0.00003794,0.0000,7.7697,104.1953,0.0000,0.9320
805,43,12,0.5170,0.00003793,0.0000,10.0344,99.5753,0.0000,0.9089
806,135,21,0.5164,0.00003791,0.0000,8.3393,104.9642,0.0000,0.9301
807,37,9,0.5158,0.00003790,0.0000,9.3413,97.0883,0.0000,0.9271
808,33,8,0.5152,0.00003788,0.0000,7.3219,96.0258,0.0000,0.9453
809,62,13,0.5146,0.00003787,0.0000,9.1594,103.6500,0.0000,0.9327
810,453,26,0.5140,0.00003785,0.0000,7.6336,116.9097,0.0000,0.9387
811,291,21,0.5134,0.00003784,0.0000,10.7534,123.2864,0.0000,0.9211
812,30,8,0.5128,0.00003782,0.0000,7.8528,100.2646,0.0000,0.9219
813,61,12,0.5122,0.00003781,0.0000,6.4951,107.6218,0.0000,0.9531
814,257,22,0.5116,0.00003779,0.0000,7.5878,115.2313,0.0000,0.9389
815,81,13,0.5110,0.00003778,0.0000,9.5881,106.8900,0.0000,0.9135
816,216,17,0.5104,0.00003776,0.0000,7.4807,115.5549,0.0000,0.9412
817,37,10,0.5098,0.00003774,0.0000,7.1630,105.6661,0.0000,0.9437
818,57,12,0.5092,0.00003773,0.0000,7.6631,103.6283,0.0000,0.9453
819,169,26,0.5086,0.00003772,0.0000,10.5279,108.4030,0.0000,0.9171
820,80,12,0.5080,0.00003770,0.0000,7.0393,110.8558,0.0000,0.9479
821,159,16,0.5074,0.00003769,0.0000,11.9740,112.9852,0.0000,0.9199
822,68,12,0.5068,0.00003767,0.0000,10.8689,106.6817,0.0000,0.9219
823,53,12,0.5062,0.00003766,0.0000,7.4867,103.0209,0.0000,0.9453
824,57,11,0.5056,0.00003764,0.0000,9.6725,109.4632,0.0000,0.9403
825,85,12,0.5050,0.00003762,0.0000,6.4312,109.5499,0.0000,0.9479
826,62,14,0.5044,0.00003761,0.0000,10.5881,107.4347,0.0000,0.9330
827,51,12,0.5038,0.00003760,0.0000,8.1164,102.6423,0.0000,0.9401
828,132,19,0.5032,0.00003758,0.0000,9.6201,111.9892,0.0000,0.9309
829,203,23,0.5026,0.00003757,0.0000,8.9364,117.7905,0.0000,0.9266
830,42,10,0.5020,0.00003755,0.0000,7.4509,108.1004,0.0000,0.9563
831,62,13,0.5014,0.00003753,0.0000,7.2785,106.7664,0.0000,0.9519
832,78,14,0.5008,0.00003752,0.0000,6.9184,106.9882,0.0000,0.9487
833,30,8,0.5002,0.00003751,0.0000,5.3264,106.0173,0.0000,0.9531
834,36,9,0.4996,0.00003749,0.0000,10.9893,105.0336,0.0000,0.9167
835,557,26,0.4990,0.00003748,0.0000,7.7798,132.4016,0.0000,0.9387
836,26,6,0.4984,0.00003746,0.0000,8.5417,100.7652,0.0000,0.9167
837,215,21,0.4978,0.00003744,0.0000,6.1948,112.3598,0.0000,0.9539
838,164,17,0.4972,0.00003743,0.0000,9.0598,114.1080,0.0000,0.9320
839,55,12,0.4966,0.00003742,0.0000,9.6774,108.9504,0.0000,0.9245
840,85,14,0.4960,0.00003740,0.0000,11.9591,110.6738,0.0000,0.9174
841,448,29,0.4954,0.00003739,0.0000,8.2079,121.3200,0.0000,0.9332
842,42,10,0.4948,0.00003737,0.0000,9.1366,107.7060,0.0000,0.9375
843,82,13,0.4942,0.00003735,0.0000,8.4944,105.2358,0.0000,0.9447
844,72,13,0.4936,0.00003734,0.0000,6.2671,103.4660,0.0000,0.9495
845,132,17,0.4930,0.00003732,0.0000,10.7737,113.8072,0.0000,0.9173
846,76,16,0.4924,0.00003731,0.0000,9.4236,109.7975,0.0000,0.9355
847,111,10,0.4918,0.00003730,0.0000,6.9681,120.0225,0.0000,0.9563
848,75,13,0.4912,0.00003728,0.0000,10.7786,114.6618,0.0000,0.9255
849,78,15,0.4906,0.00003727,0.0000,8.7686,115.7111,0.0000,0.9292
850,32,7,0.4900,0.00003725,0.0000,5.7866,108.2870,0.0000,0.9464
851,36,9,0.4894,0.00003724,0.0000,9.5669,110.3842,0.0000,0.9201
852,151,16,0.4888,0.00003722,0.0000,8.6043,116.6456,0.0000,0.9395
853,96,16,0.4882,0.00003721,0.0000,9.5325,114.0993,0.0000,0.9277
854,79,12,0.4876,0.00003719,0.0000,12.5789,111.2108,0.0000,0.9167
855,70,9,0.4870,0.00003718,0.0000,10.2404,114.5882,0.0000,0.9306
856,43,11,0.4864,0.00003716,0.0000,9.5206,114.6986,0.0000,0.9318
857,46,10,0.4858,0.00003714,0.0000,7.7687,110.1100,0.0000,0.9469
858,38,10,0.4852,0.00003713,0.0000,9.3551,110.9702,0.0000,0.9313
859,320,32,0.4846,0.00003711,0.0000,13.0844,126.4732,0.0000,0.9141
860,72,11,0.4840,0.00003710,0.0000,13.2385,111.6065,0.0000,0.9091
861,37,10,0.4834,0.00003709,0.0000,6.3629,114.3104,0.0000,0.9313
862,73,13,0.4828,0.00003707,0.0000,7.6390,116.2809,0.0000,0.9399
863,242,23,0.4822,0.00003706,0.0000,8.8274,122.5586,0.0000,0.9280
864,179,18,0.4816,0.00003704,0.0000,8.4479,117.9899,0.0000,0.9323
865,51,11,0.4810,0.00003703,0.0000,7.7965,108.9011,0.0000,0.9517
866,112,15,0.4804,0.00003701,0.0000,10.8643,118.9983,0.0000,0.9292
867,37,8,0.4798,0.00003700,0.0000,9.9237,118.1336,0.0000,0.9375
868,56,11,0.4792,0.00003698,0.0000,11.1097,110.8032,0.0000,0.9119
869,36,9,0.4786,0.00003697,0.0000,9.8194,109.2569,0.0000,0.9236
870,92,14,0.4780,0.00003695,0.0000,8.1155,118.9007,0.0000,0.9241
871,131,18,0.4774,0.00003693,0.0000,9.2368,122.5578,0.0000,0.9358
872,78,13,0.4768,0.00003692,0.0000,8.1911,109.4882,0.0000,0.9471
873,70,13,0.4762,0.00003690,0.0000,11.1644,110.7373,0.0000,0.9135
874,78,10,0.4756,0.00003689,0.0000,8.9734,118.4170,0.0000,0.8969
875,61,12,0.4750,0.00003688,0.0000,8.7929,114.7095,0.0000,0.9453
876,58,12,0.4744,0.00003686,0.0000,10.0211,112.9438,0.0000,0.9245
877,95,13,0.4738,0.00003685,0.0000,9.2189,115.7852,0.0000,0.9399
878,55,12,0.4732,0.00003683,0.0000,10.4461,108.6173,0.0000,0.9271
879,67,12,0.4726,0.00003682,0.0000,9.5218,109.7085,0.0000,0.9271
880,123,17,0.4720,0.00003680,0.0000,8.9717,115.0473,0.0000,0.9430
881,94,14,0.4714,0.00003679,0.0000,9.2251,113.6030,0.0000,0.9196
882,45,12,0.4708,0.00003677,0.0000,8.5002,114.5340,0.0000,0.9375
883,477,27,0.4702,0.00003676,0.0000,9.9043,141.7925,0.0000,0.9340
884,62,13,0.4696,0.00003674,0.0000,12.7533,125.3293,0.0000,0.9255
885,84,17,0.4690,0.00003672,0.0000,11.1283,122.9061,0.0000,0.9246
886,106,18,0.4684,0.00003671,0.0000,9.0294,122.2898,0.0000,0.9323
887,121,16,0.4678,0.00003670,0.0000,10.5139,128.8929,0.0000,0.9434
888,82,13,0.4672,0.00003668,0.0000,10.8785,126.2980,0.0000,0.9303
889,137,17,0.4666,0.00003667,0.0000,9.3521,122.9686,0.0000,0.9375
890,155,17,0.4660,0.00003665,0.0000,12.6263,126.5172,0.0000,0.9044
891,82,15,0.4654,0.00003664,0.0000,6.7175,120.7589,0.0000,0.9437
892,280,26,0.4648,0.00003662,0.0000,7.9903,126.3351,0.0000,0.9375
893,694,32,0.4642,0.00003660,0.0000,8.4923,147.6553,0.0000,0.9385
894,95,14,0.4636,0.00003659,0.0000,10.1708,118.4150,0.0000,0.9263
895,57,10,0.4630,0.00003658,0.0000,10.0239,123.7959,0.0000,0.9469
896,81,16,0.4624,0.00003656,0.0000,9.5306,125.2917,0.0000,0.9336
897,127,21,0.4618,0.00003655,0.0000,8.6916,119.2207,0.0000,0.9375
898,50,11,0.4612,0.00003653,0.0000,10.8779,120.8682,0.0000,0.9318
899,100,13,0.4606,0.00003651,0.0000,9.6350,124.3328,0.0000,0.9279
900,92,16,0.4600,0.00003650,0.0000,9.6033,126.6956,0.0000,0.9492
901,50,10,0.4594,0.00003649,0.0000,6.7053,116.2050,0.0000,0.9469
902,244,22,0.4588,0.00003647,0.0000,7.6091,127.9989,0.0000,0.9460
903,264,24,0.4582,0.00003646,0.0000,8.6475,125.4234,0.0000,0.9453
904,33,8,0.4576,0.00003644,0.0000,12.3574,116.1723,0.0000,0.9297
905,38,8,0.4570,0.00003643,0.0000,11.8518,122.1797,0.0000,0.9180
906,79,13,0.4564,0.00003641,0.0000,10.8095,119.5430,0.0000,0.9303
907,47,11,0.4558,0.00003639,0.0000,8.7762,117.9831,0.0000,0.9574
908,85,15,0.4552,0.00003638,0.0000,7.9083,118.8877,0.0000,0.9313
909,64,14,0.4546,0.00003637,0.0000,7.8029,126.8298,0.0000,0.9420
910,55,10,0.4540,0.00003635,0.0000,9.2968,117.6080,0.0000,0.9281
911,52,11,0.4534,0.00003634,0.0000,9.5003,120.9406,0.0000,0.9290
912,57,12,0.4528,0.00003632,0.0000,10.1129,122.5243,0.0000,0.9297
913,104,17,0.4522,0.00003630,0.0000,8.0645,123.0425,0.0000,0.9393
914,288,22,0.4516,0.00003629,0.0000,7.5483,132.3495,0.0000,0.9545
915,55,11,0.4510,0.00003628,0.0000,10.8146,124.6300,0.0000,0.9290
916,61,10,0.4504,0.00003626,0.0000,9.4044,121.0309,0.0000,0.9437
917,40,9,0.4498,0.00003625,0.0000,10.8706,125.8335,0.0000,0.9236
918,86,18,0.4492,0.00003623,0.0000,10.6275,128.6174,0.0000,0.9306
919,61,11,0.4486,0.00003622,0.0000,9.1868,126.8758,0.0000,0.9432
920,48,12,0.4480,0.00003620,0.0000,8.6287,130.5329,0.0000,0.9453
921,296,19,0.4474,0.00003618,0.0000,11.2234,143.0178,0.0000,0.9276
922,314,26,0.4468,0.00003617,0.0000,9.0735,135.6333,0.0000,0.9279
923,62,13,0.4462,0.00003616,0.0000,9.7624,127.9856,0.0000,0.9231
924,55,10,0.4456,0.00003614,0.0000,9.1281,126.5578,0.0000,0.9344
925,44,9,0.4450,0.00003612,0.0000,8.9132,119.8718,0.0000,0.9410
926,165,18,0.4444,0.00003611,0.0000,11.2249,125.9696,0.0000,0.9097
927,38,9,0.4438,0.00003609,0.0000,8.0348,124.2870,0.0000,0.9618
928,79,12,0.4432,0.00003608,0.0000,8.6170,121.9787,0.0000,0.9427
929,55,12,0.4426,0.00003607,0.0000,6.4341,125.7908,0.0000,0.9635
930,194,21,0.4420,0.00003605,0.0000,6.8800,138.8853,0.0000,0.9509
931,85,13,0.4414,0.00003604,0.0000,9.5992,130.4171,0.0000,0.9351
932,32,8,0.4408,0.00003602,0.0000,12.3710,124.7910,0.0000,0.9219
933,299,24,0.4402,0.00003601,0.0000,10.2652,130.0403,0.0000,0.9336
934,33,7,0.4396,0.00003599,0.0000,6.6876,121.5945,0.0000,0.9420
935,77,14,0.4390,0.00003598,0.0000,7.7312,124.4060,0.0000,0.9375
936,58,12,0.4384,0.00003596,0.0000,5.0663,127.8107,0.0000,0.9635
937,460,30,0.4378,0.00003595,0.0000,10.4551,138.9426,0.0000,0.9260
938,128,16,0.4372,0.00003593,0.0000,11.5249,129.5171,0.0000,0.9199
939,67,12,0.4366,0.00003591,0.0000,11.8192,125.4441,0.0000,0.9323
940,126,17,0.4360,0.00003590,0.0000,10.4177,130.1445,0.0000,0.9338
941,41,10,0.4354,0.00003588,0.0000,8.4178,128.9668,0.0000,0.9313
942,169,21,0.4348,0.00003587,0.0000,10.9392,132.1092,0.0000,0.9405
943,40,11,0.4342,0.00003586,0.0000,10.1857,123.4376,0.0000,0.9290
944,58,11,0.4336,0.00003584,0.0000,8.0144,128.8001,0.0000,0.9318
945,116,12,0.4330,0.00003583,0.0000,10.1057,131.6769,0.0000,0.9349
946,66,13,0.4324,0.00003581,0.0000,10.9370,124.3394,0.0000,0.9303
947,98,17,0.4318,0.00003580,0.0000,7.5814,130.9794,0.0000,0.9412
948,172,16,0.4312,0.00003578,0.0000,7.8882,131.0356,0.0000,0.9355
949,44,9,0.4306,0.00003577,0.0000,10.0735,120.7722,0.0000,0.9340
950,85,14,0.4300,0.00003575,0.0000,14.6652,134.5468,0.0000,0.9062
951,102,16,0.4294,0.00003574,0.0000,8.1300,132.6291,0.0000,0.9551
952,103,16,0.4288,0.00003572,0.0000,8.7609,133.1673,0.0000,0.9395
953,42,7,0.4282,0.00003571,0.0000,7.0089,129.5682,0.0000,0.9464
954,90,17,0.4276,0.00003569,0.0000,9.5291,134.5703,0.0000,0.9504
955,38,10,0.4270,0.00003567,0.0000,7.1341,132.7313,0.0000,0.9469
956,252,17,0.4264,0.00003566,0.0000,10.0389,149.9157,0.0000,0.9283
957,54,12,0.4258,0.00003565,0.0000,9.0986,131.2494,0.0000,0.9245
958,121,15,0.4252,0.00003563,0.0000,10.9954,142.6361,0.0000,0.9271
959,60,12,0.4246,0.00003562,0.0000,12.6089,137.3130,0.0000,0.9271
960,258,18,0.4240,0.00003560,0.0000,10.2116,149.6851,0.0000,0.9271
961,113,13,0.4234,0.00003558,0.0000,9.9504,137.5030,0.0000,0.9231
962,225,26,0.4228,0.00003557,0.0000,11.0706,143.9560,0.0000,0.9363
963,278,27,0.4222,0.00003556,0.0000,9.8527,137.0004,0.0000,0.9363
964,120,14,0.4216,0.00003554,0.0000,11.3139,136.3751,0.0000,0.9174
965,88,12,0.4210,0.00003553,0.0000,7.4644,134.8190,0.0000,0.9427
966,55,12,0.4204,0.00003551,0.0000,12.6715,130.0996,0.0000,0.9115
967,43,10,0.4198,0.00003549,0.0000,11.2619,132.2410,0.0000,0.9031
968,167,17,0.4192,0.00003548,0.0000,6.7772,138.2014,0.0000,0.9540
969,31,9,0.4186,0.00003547,0.0000,4.8344,128.1732,0.0000,0.9757
970,333,26,0.4180,0.00003545,0.0000,9.4110,148.6238,0.0000,0.9279
971,82,14,0.4174,0.00003544,0.0000,7.2549,139.8529,0.0000,0.9598
972,24,7,0.4168,0.00003542,0.0000,16.9980,126.6484,0.0000,0.9152
973,119,14,0.4162,0.00003541,0.0000,8.4185,137.2441,0.0000,0.9554
974,59,13,0.4156,0.00003539,0.0000,9.4936,130.5577,0.0000,0.9423
975,206,22,0.4150,0.00003537,0.0000,11.0235,139.0098,0.0000,0.9304
976,62,13,0.4144,0.00003536,0.0000,11.8112,140.3829,0.0000,0.9183
977,34,9,0.4138,0.00003535,0.0000,9.2770,129.1220,0.0000,0.9375
978,133,17,0.4132,0.00003533,0.0000,8.2153,137.9269,0.0000,0.9467
979,122,18,0.4126,0.00003532,0.0000,9.4548,138.3305,0.0000,0.9444
980,54,12,0.4120,0.00003530,0.0000,6.8289,133.9573,0.0000,0.9635
981,113,16,0.4114,0.00003528,0.0000,10.8159,138.3395,0.0000,0.9355
982,88,14,0.4108,0.00003527,0.0000,12.3676,138.0326,0.0000,0.9196
983,124,15,0.4102,0.00003526,0.0000,6.1220,139.7433,0.0000,0.9688
984,36,9,0.4096,0.00003524,0.0000,10.1941,139.9838,0.0000,0.9340
985,41,8,0.4090,0.00003523,0.0000,11.8327,132.3043,0.0000,0.9297
986,48,9,0.4084,0.00003521,0.0000,9.9140,146.0342,0.0000,0.9271
987,81,11,0.4078,0.00003520,0.0000,10.5191,149.2502,0.0000,0.9403
988,32,9,0.4072,0.00003518,0.0000,12.6809,133.8820,0.0000,0.9306
989,163,19,0.4066,0.00003516,0.0000,11.1928,151.6381,0.0000,0.9342
990,565,27,0.4060,0.00003515,0.0000,9.5590,161.8140,0.0000,0.9387
991,64,9,0.4054,0.00003514,0.0000,9.2706,139.7848,0.0000,0.9444
992,36,7,0.4048,0.00003512,0.0000,9.0406,143.5039,0.0000,0.9375
993,79,13,0.4042,0.00003510,0.0000,11.4684,135.8233,0.0000,0.9303
994,184,22,0.4036,0.00003509,0.0000,10.8979,155.1673,0.0000,0.9474
995,82,13,0.4030,0.00003507,0.0000,12.2492,142.3052,0.0000,0.9255
996,294,25,0.4024,0.00003506,0.0000,12.9905,155.7375,0.0000,0.9237
997,182,18,0.4018,0.00003505,0.0000,7.6354,148.6066,0.0000,0.9392
998,83,16,0.4012,0.00003503,0.0000,6.9478,147.3827,0.0000,0.9395
999,45,12,0.4006,0.00003502,0.0000,10.0735,143.6832,0.0000,0.9323
1000,82,12,0.4000,0.00003500,0.0000,12.7536,138.8744,0.0000,0.9193
1001,161,18,0.3994,0.00003499,0.0000,9.4157,151.6338,0.0000,0.9427
1002,79,14,0.3988,0.00003497,0.0000,9.5707,146.6252,0.0000,0.9375
1003,42,11,0.3982,0.00003495,0.0000,8.6997,137.7337,0.0000,0.9403
1004,83,14,0.3976,0.00003494,0.0000,9.8339,144.9410,0.0000,0.9286
1005,64,13,0.3970,0.00003493,0.0000,13.3992,144.8993,0.0000,0.9255
1006,119,15,0.3964,0.00003491,0.0000,7.9790,145.5795,0.0000,0.9563
1007,293,20,0.3958,0.00003490,0.0000,7.9221,151.4865,0.0000,0.9563
1008,118,14,0.3952,0.00003488,0.0000,11.1191,146.0668,0.0000,0.9308
1009,58,13,0.3946,0.00003486,0.0000,9.2948,143.1560,0.0000,0.9255
1010,154,21,0.3940,0.00003485,0.0000,9.4838,145.8341,0.0000,0.9479
1011,147,20,0.3934,0.00003484,0.0000,10.8520,145.2421,0.0000,0.9422
1012,88,15,0.3928,0.00003482,0.0000,10.3732,142.9545,0.0000,0.9396
1013,33,8,0.3922,0.00003481,0.0000,13.0131,136.6993,0.0000,0.9141
1014,63,12,0.3916,0.00003479,0.0000,9.5967,146.7692,0.0000,0.9375
1015,48,11,0.3910,0.00003478,0.0000,11.1543,138.3544,0.0000,0.9347
1016,31,8,0.3904,0.00003476,0.0000,8.8659,137.4454,0.0000,0.9023
1017,135,18,0.3898,0.00003475,0.0000,12.0253,143.9440,0.0000,0.9410
1018,115,12,0.3892,0.00003473,0.0000,9.0121,145.9525,0.0000,0.9401
1019,31,7,0.3886,0.00003472,0.0000,12.4202,141.3525,0.0000,0.9509
1020,78,12,0.3880,0.00003470,0.0000,16.6333,150.4600,0.0000,0.9193
1021,42,10,0.3874,0.00003468,0.0000,9.5157,152.0379,0.0000,0.9313
1022,31,8,0.3868,0.00003467,0.0000,8.9794,141.8408,0.0000,0.9414
1023,59,8,0.3862,0.00003465,0.0000,12.3357,144.0143,0.0000,0.9219
1024,80,16,0.3856,0.00003464,0.0000,11.8572,153.9760,0.0000,0.9219
1025,631,41,0.3850,0.00003463,0.0000,9.9121,164.5475,0.0000,0.9436
1026,209,21,0.3844,0.00003461,0.0000,10.6764,155.9716,0.0000,0.9390
1027,47,11,0.3838,0.00003460,0.0000,12.6631,152.2529,0.0000,0.9205
1028,77,12,0.3832,0.00003458,0.0000,8.7945,150.7335,0.0000,0.9349
1029,279,26,0.3826,0.00003456,0.0000,13.0138,163.3716,0.0000,0.9231
1030,75,11,0.3820,0.00003455,0.0000,13.5672,150.5583,0.0000,0.9119
1031,65,12,0.3814,0.00003454,0.0000,11.5083,149.0137,0.0000,0.9453
1032,71,13,0.3808,0.00003452,0.0000,10.7251,152.9179,0.0000,0.9375
1033,61,14,0.3802,0.00003451,0.0000,11.5212,153.0815,0.0000,0.9330
1034,51,10,0.3796,0.00003449,0.0000,9.4942,144.2991,0.0000,0.9469
1035,46,11,0.3790,0.00003447,0.0000,8.4307,149.7344,0.0000,0.9261
1036,43,12,0.3784,0.00003446,0.0000,8.2788,150.2564,0.0000,0.9557
1037,228,19,0.3778,0.00003444,0.0000,13.5355,156.1740,0.0000,0.9276
1038,114,16,0.3772,0.00003443,0.0000,11.2074,152.8045,0.0000,0.9414
1039,90,13,0.3766,0.00003442,0.0000,13.1782,154.7749,0.0000,0.9207
1040,30,8,0.3760,0.00003440,0.0000,12.3690,141.0777,0.0000,0.9180
1041,58,11,0.3754,0.00003439,0.0000,12.9891,146.6726,0.0000,0.9176
1042,128,15,0.3748,0.00003437,0.0000,11.2034,153.2408,0.0000,0.9333
1043,23,6,0.3742,0.00003436,0.0000,8.5766,140.6125,0.0000,0.9583
1044,52,10,0.3736,0.00003434,0.0000,9.4431,148.0617,0.0000,0.9344
1045,36,8,0.3730,0.00003433,0.0000,9.5821,148.8332,0.0000,0.9336
1046,146,19,0.3724,0.00003431,0.0000,10.3472,152.7577,0.0000,0.9441
1047,50,10,0.3718,0.00003430,0.0000,11.6362,145.6660,0.0000,0.9344
1048,32,8,0.3712,0.00003428,0.0000,8.8461,147.4763,0.0000,0.9336
1049,37,10,0.3706,0.00003426,0.0000,7.1865,148.0134,0.0000,0.9531
1050,80,16,0.3700,0.00003425,0.0000,12.8763,152.7453,0.0000,0.9336
1051,225,17,0.3694,0.00003424,0.0000,10.3837,161.0130,0.0000,0.9430
1052,56,11,0.3688,0.00003422,0.0000,11.2700,152.1938,0.0000,0.9290
1053,26,7,0.3682,0.00003421,0.0000,8.6134,140.4152,0.0000,0.9152
1054,283,19,0.3676,0.00003419,0.0000,8.9464,159.4225,0.0000,0.9408
1055,57,12,0.3670,0.00003418,0.0000,13.7768,148.2071,0.0000,0.9115
1056,92,17,0.3664,0.00003416,0.0000,11.6819,152.1742,0.0000,0.9301
1057,60,15,0.3658,0.00003415,0.0000,10.1087,156.2356,0.0000,0.9417
1058,50,10,0.3652,0.00003413,0.0000,10.1964,154.3452,0.0000,0.9406
1059,280,27,0.3646,0.00003412,0.0000,9.9647,166.3943,0.0000,0.9421
1060,84,13,0.3640,0.00003410,0.0000,12.1378,150.9411,0.0000,0.9327
1061,145,19,0.3634,0.00003408,0.0000,11.9719,168.8459,0.0000,0.9293
1062,55,12,0.3628,0.00003407,0.0000,9.0136,157.5676,0.0000,0.9323
1063,153,14,0.3622,0.00003405,0.0000,11.6729,169.0464,0.0000,0.9241
1064,126,17,0.3616,0.00003404,0.0000,10.8258,158.9447,0.0000,0.9246
1065,114,14,0.3610,0.00003403,0.0000,13.5452,163.0353,0.0000,0.9241
1066,103,14,0.3604,0.00003401,0.0000,13.5177,158.1934,0.0000,0.9174
1067,40,10,0.3598,0.00003400,0.0000,10.0999,158.2880,0.0000,0.9219
1068,111,16,0.3592,0.00003398,0.0000,11.9245,163.5273,0.0000,0.9336
1069,56,11,0.3586,0.00003397,0.0000,5.7443,157.2890,0.0000,0.9631
1070,56,12,0.3580,0.00003395,0.0000,9.0429,151.7115,0.0000,0.9505
1071,55,11,0.3574,0.00003394,0.0000,16.0139,155.3828,0.0000,0.9091
1072,230,19,0.3568,0.00003392,0.0000,11.2660,167.1058,0.0000,0.9243
1073,197,20,0.3562,0.00003391,0.0000,9.5967,162.6049,0.0000,0.9344
1074,90,16,0.3556,0.00003389,0.0000,9.8124,159.9352,0.0000,0.9414
1075,62,13,0.3550,0.00003387,0.0000,12.5230,160.6130,0.0000,0.9255
1076,38,10,0.3544,0.00003386,0.0000,12.2030,155.6829,0.0000,0.9281
1077,49,10,0.3538,0.00003384,0.0000,13.2338,152.3888,0.0000,0.9375
1078,41,9,0.3532,0.00003383,0.0000,9.5509,158.6129,0.0000,0.9410
1079,37,9,0.3526,0.00003382,0.0000,6.1903,154.9620,0.0000,0.9618
1080,114,15,0.3520,0.00003380,0.0000,15.6603,156.5153,0.0000,0.9083
1081,115,12,0.3514,0.00003379,0.0000,9.4788,162.9572,0.0000,0.9453
1082,34,8,0.3508,0.00003377,0.0000,12.6103,154.7112,0.0000,0.9414
1083,32,8,0.3502,0.00003376,0.0000,8.2102,151.9556,0.0000,0.9648
1084,85,14,0.3496,0.00003374,0.0000,11.7717,153.8780,0.0000,0.9263
1085,96,17,0.3490,0.00003372,0.0000,10.8974,159.2322,0.0000,0.9375
1086,37,10,0.3484,0.00003371,0.0000,10.8565,152.4563,0.0000,0.9437
1087,83,13,0.3478,0.00003370,0.0000,12.1287,157.6516,0.0000,0.9279
1088,32,8,0.3472,0.00003368,0.0000,8.4805,149.1768,0.0000,0.9453
1089,86,13,0.3466,0.00003366,0.0000,10.5039,156.5622,0.0000,0.9375
1090,39,8,0.3460,0.00003365,0.0000,6.6627,159.7722,0.0000,0.9570
1091,25,7,0.3454,0.00003363,0.0000,11.9408,149.3568,0.0000,0.9330
1092,52,10,0.3448,0.00003362,0.0000,8.9209,153.1670,0.0000,0.9500
1093,118,13,0.3442,0.00003361,0.0000,10.4857,162.8414,0.0000,0.9351
1094,42,10,0.3436,0.00003359,0.0000,12.0502,157.8965,0.0000,0.9437
1095,236,26,0.3430,0.00003358,0.0000,13.7866,168.6783,0.0000,0.9267
1096,284,22,0.3424,0.00003356,0.0000,15.1702,176.5950,0.0000,0.9190
1097,43,11,0.3418,0.00003355,0.0000,11.7444,160.1059,0.0000,0.9261
1098,50,10,0.3412,0.00003353,0.0000,10.5815,157.6861,0.0000,0.9344
1099,36,9,0.3406,0.00003352,0.0000,11.4162,158.3514,0.0000,0.9410
1100,84,14,0.3400,0.00003350,0.0000,12.3967,163.4437,0.0000,0.9330
1101,56,11,0.3394,0.00003349,0.0000,7.0154,163.8308,0.0000,0.9602
1102,54,12,0.3388,0.00003347,0.0000,12.1980,159.4191,0.0000,0.9271
1103,56,11,0.3382,0.00003346,0.0000,13.5055,162.8533,0.0000,0.9233
1104,39,10,0.3376,0.00003344,0.0000,12.2122,159.6824,0.0000,0.9156
1105,59,11,0.3370,0.00003342,0.0000,12.0327,169.4153,0.0000,0.9261
1106,58,14,0.3364,0.00003341,0.0000,9.3637,164.2748,0.0000,0.9442
1107,187,19,0.3358,0.00003340,0.0000,16.0144,168.5747,0.0000,0.9128
1108,73,13,0.3352,0.00003338,0.0000,9.5346,169.2415,0.0000,0.9399
1109,29,7,0.3346,0.00003337,0.0000,12.1974,152.7056,0.0000,0.9241
1110,178,17,0.3340,0.00003335,0.0000,9.1290,168.8154,0.0000,0.9485
1111,74,14,0.3334,0.00003334,0.0000,15.6065,163.6767,0.0000,0.9219
1112,444,26,0.3328,0.00003332,0.0000,13.7137,181.4054,0.0000,0.9243
1113,72,15,0.3322,0.00003331,0.0000,11.5125,163.5779,0.0000,0.9354
1114,168,17,0.3316,0.00003329,0.0000,12.4901,172.2389,0.0000,0.9357
1115,130,18,0.3310,0.00003328,0.0000,10.3995,171.3622,0.0000,0.9358
1116,163,20,0.3304,0.00003326,0.0000,11.4127,161.3943,0.0000,0.9266
1117,39,10,0.3298,0.00003324,0.0000,11.8543,163.9534,0.0000,0.9344
1118,28,7,0.3292,0.00003323,0.0000,11.8845,157.3194,0.0000,0.9464
1119,72,9,0.3286,0.00003321,0.0000,12.6664,163.4956,0.0000,0.9306
1120,100,16,0.3280,0.00003320,0.0000,13.3900,164.0337,0.0000,0.9180
1121,174,16,0.3274,0.00003319,0.0000,10.3304,171.6417,0.0000,0.9375
1122,328,30,0.3268,0.00003317,0.0000,8.8644,175.8156,0.0000,0.9500
1123,162,18,0.3262,0.00003316,0.0000,10.2236,164.5397,0.0000,0.9340
1124,58,13,0.3256,0.00003314,0.0000,11.7617,164.4326,0.0000,0.9375
1125,57,12,0.3250,0.00003313,0.0000,11.2107,162.8483,0.0000,0.9271
1126,32,9,0.3244,0.00003311,0.0000,10.8899,153.6080,0.0000,0.9306
1127,37,11,0.3238,0.00003310,0.0000,10.5772,157.1272,0.0000,0.9403
1128,275,25,0.3232,0.00003308,0.0000,10.1977,168.4029,0.0000,0.9500
1129,359,26,0.3226,0.00003306,0.0000,12.2515,180.2327,0.0000,0.9351
1130,86,14,0.3220,0.00003305,0.0000,10.3424,173.7656,0.0000,0.9308
1131,39,10,0.3214,0.00003303,0.0000,13.9211,168.7212,0.0000,0.9313
1132,54,11,0.3208,0.00003302,0.0000,13.5336,167.7268,0.0000,0.9176
1133,38,9,0.3202,0.00003300,0.0000,12.0069,166.4325,0.0000,0.9201
1134,37,10,0.3196,0.00003299,0.0000,9.9035,167.2258,0.0000,0.9469
1135,88,14,0.3190,0.00003298,0.0000,11.9666,172.7489,0.0000,0.9420
1136,38,9,0.3184,0.00003296,0.0000,13.4623,166.0917,0.0000,0.9444
1137,24,7,0.3178,0.00003295,0.0000,12.6071,158.6672,0.0000,0.9464
1138,162,17,0.3172,0.00003293,0.0000,13.7121,183.3821,0.0000,0.9246
1139,40,9,0.3166,0.00003292,0.0000,12.6185,174.3399,0.0000,0.9340
1140,66,15,0.3160,0.00003290,0.0000,14.6009,176.3708,0.0000,0.9229
1141,136,19,0.3154,0.00003289,0.0000,10.6521,179.2344,0.0000,0.9260
1142,72,13,0.3148,0.00003287,0.0000,9.9810,174.3604,0.0000,0.9447
1143,32,8,0.3142,0.00003285,0.0000,10.0234,169.1727,0.0000,0.9453
1144,126,16,0.3136,0.00003284,0.0000,8.7831,176.5059,0.0000,0.9570
1145,40,10,0.3130,0.00003282,0.0000,13.2529,175.2362,0.0000,0.9313
1146,46,13,0.3124,0.00003281,0.0000,12.4372,170.0464,0.0000,0.9375
1147,77,16,0.3118,0.00003280,0.0000,14.8116,175.5959,0.0000,0.9180
1148,34,10,0.3112,0.00003278,0.0000,8.4766,163.9794,0.0000,0.9500
1149,59,13,0.3106,0.00003277,0.0000,11.6973,174.6602,0.0000,0.9447
1150,159,18,0.3100,0.00003275,0.0000,8.7050,176.7249,0.0000,0.9462
1151,80,13,0.3094,0.00003274,0.0000,13.6216,165.9217,0.0000,0.9423
1152,111,15,0.3088,0.00003272,0.0000,12.1809,180.8283,0.0000,0.9375
1153,171,18,0.3082,0.00003270,0.0000,8.5629,179.7762,0.0000,0.9583
1154,75,12,0.3076,0.00003269,0.0000,13.9866,166.5185,0.0000,0.9219
1155,47,10,0.3070,0.00003268,0.0000,10.7620,167.2389,0.0000,0.9437
1156,217,25,0.3064,0.00003266,0.0000,10.5165,178.0324,0.0000,0.9375
1157,221,21,0.3058,0.00003265,0.0000,13.6018,179.4530,0.0000,0.9375
1158,53,11,0.3052,0.00003263,0.0000,14.6325,169.1611,0.0000,0.9176
1159,121,15,0.3046,0.00003261,0.0000,14.4308,172.5935,0.0000,0.9250
1160,41,11,0.3040,0.00003260,0.0000,9.8039,171.7938,0.0000,0.9205
1161,148,19,0.3034,0.00003259,0.0000,13.2239,177.7368,0.0000,0.9211
1162,76,12,0.3028,0.00003257,0.0000,11.9031,169.9958,0.0000,0.9297
1163,30,8,0.3022,0.00003256,0.0000,13.6782,163.2238,0.0000,0.9258
1164,37,7,0.3016,0.00003254,0.0000,12.2072,175.1227,0.0000,0.9241
1165,29,7,0.3010,0.00003253,0.0000,16.3502,163.0179,0.0000,0.9196
1166,52,12,0.3004,0.00003251,0.0000,11.4688,171.0766,0.0000,0.9401
1167,82,12,0.2998,0.00003249,0.0000,14.4551,180.1268,0.0000,0.9297
1168,35,8,0.2992,0.00003248,0.0000,13.8825,173.9976,0.0000,0.9180
1169,55,10,0.2986,0.00003247,0.0000,15.2035,182.0733,0.0000,0.9156
1170,55,12,0.2980,0.00003245,0.0000,10.7503,178.8685,0.0000,0.9219
1171,131,20,0.2974,0.00003244,0.0000,11.0959,184.9886,0.0000,0.9422
1172,36,7,0.2968,0.00003242,0.0000,11.1765,176.9433,0.0000,0.9420
1173,50,8,0.2962,0.00003240,0.0000,13.7276,180.6738,0.0000,0.9141
1174,672,37,0.2956,0.00003239,0.0000,14.1717,199.9286,0.0000,0.9265
1175,27,7,0.2950,0.00003238,0.0000,14.5739,167.4332,0.0000,0.9107
1176,50,8,0.2944,0.00003236,0.0000,11.6546,183.7334,0.0000,0.9375
1177,38,11,0.2938,0.00003235,0.0000,12.2410,178.5200,0.0000,0.9375
1178,39,10,0.2932,0.00003233,0.0000,14.2353,176.0276,0.0000,0.9344
1179,47,10,0.2926,0.00003232,0.0000,12.0384,173.9350,0.0000,0.9375
1180,101,16,0.2920,0.00003230,0.0000,12.4787,183.6909,0.0000,0.9375
1181,70,14,0.2914,0.00003229,0.0000,11.4111,185.6925,0.0000,0.9330
1182,172,17,0.2908,0.00003227,0.0000,12.2968,194.4419,0.0000,0.9338
1183,30,8,0.2902,0.00003226,0.0000,14.9635,170.9383,0.0000,0.9141
1184,35,8,0.2896,0.00003224,0.0000,12.1108,174.1182,0.0000,0.9297
1185,324,23,0.2890,0.00003222,0.0000,9.8092,195.6808,0.0000,0.9443
1186,40,10,0.2884,0.00003221,0.0000,11.5430,178.9290,0.0000,0.9469
1187,92,15,0.2878,0.00003219,0.0000,13.3284,182.9328,0.0000,0.9271
1188,89,14,0.2872,0.00003218,0.0000,9.7017,188.8636,0.0000,0.9442
1189,125,13,0.2866,0.00003217,0.0000,9.2599,189.1250,0.0000,0.9543
1190,80,14,0.2860,0.00003215,0.0000,9.6480,186.6605,0.0000,0.9576
1191,57,12,0.2854,0.00003214,0.0000,9.9223,179.7077,0.0000,0.9427
1192,39,10,0.2848,0.00003212,0.0000,8.2482,172.9439,0.0000,0.9469
1193,86,12,0.2842,0.00003211,0.0000,10.6983,186.0066,0.0000,0.9531
1194,53,11,0.2836,0.00003209,0.0000,13.4495,172.2603,0.0000,0.9261
1195,33,8,0.2830,0.00003208,0.0000,12.0296,176.2463,0.0000,0.9336
1196,41,11,0.2824,0.00003206,0.0000,13.4058,178.8297,0.0000,0.9318
1197,135,20,0.2818,0.00003204,0.0000,14.2528,187.2931,0.0000,0.9234
1198,36,9,0.2812,0.00003203,0.0000,7.9768,174.7139,0.0000,0.9549
1199,56,11,0.2806,0.00003201,0.0000,13.9457,177.7998,0.0000,0.9290
1200,113,18,0.2800,0.00003200,0.0000,13.8879,182.4820,0.0000,0.9288
1201,115,16,0.2794,0.00003198,0.0000,14.1633,187.5183,0.0000,0.9258
1202,172,21,0.2788,0.00003197,0.0000,11.9625,184.1292,0.0000,0.9494
1203,34,10,0.2782,0.00003196,0.0000,10.8412,172.7730,0.0000,0.9437
1204,56,12,0.2776,0.00003194,0.0000,11.3011,179.2409,0.0000,0.9479
1205,83,13,0.2770,0.00003193,0.0000,12.8487,186.5364,0.0000,0.9447
1206,28,6,0.2764,0.00003191,0.0000,13.6796,182.6377,0.0000,0.9062
1207,36,8,0.2758,0.00003190,0.0000,13.3014,183.9782,0.0000,0.9453
1208,225,17,0.2752,0.00003188,0.0000,12.6155,197.6384,0.0000,0.9449
1209,65,11,0.2746,0.00003187,0.0000,7.3139,187.8132,0.0000,0.9489
1210,29,7,0.2740,0.00003185,0.0000,11.3563,180.8899,0.0000,0.9464
1211,40,11,0.2734,0.00003183,0.0000,10.6944,187.7121,0.0000,0.9432
1212,56,12,0.2728,0.00003182,0.0000,16.1143,188.2772,0.0000,0.9167
1213,35,8,0.2722,0.00003180,0.0000,9.5124,180.5562,0.0000,0.9414
1214,65,14,0.2716,0.00003179,0.0000,8.5373,187.5104,0.0000,0.9442
1215,54,13,0.2710,0.00003177,0.0000,13.4478,186.7812,0.0000,0.9375
1216,63,14,0.2704,0.00003176,0.0000,10.8604,191.6202,0.0000,0.9509
1217,72,9,0.2698,0.00003175,0.0000,14.2222,190.6088,0.0000,0.9375
1218,120,16,0.2692,0.00003173,0.0000,14.5288,188.4275,0.0000,0.9355
1219,37,10,0.2686,0.00003172,0.0000,10.8227,185.2536,0.0000,0.9156
1220,41,10,0.2680,0.00003170,0.0000,12.6518,185.3196,0.0000,0.9344
1221,57,11,0.2674,0.00003169,0.0000,14.6231,186.9470,0.0000,0.9261
1222,35,8,0.2668,0.00003167,0.0000,13.9262,186.7270,0.0000,0.9258
1223,55,10,0.2662,0.00003166,0.0000,10.2758,188.4504,0.0000,0.9437
1224,70,13,0.2656,0.00003164,0.0000,11.6741,181.1011,0.0000,0.9351
1225,34,9,0.2650,0.00003163,0.0000,13.8214,178.7843,0.0000,0.9375
1226,126,16,0.2644,0.00003161,0.0000,13.0304,197.5884,0.0000,0.9258
1227,51,10,0.2638,0.00003159,0.0000,8.5002,183.9648,0.0000,0.9500
1228,41,11,0.2632,0.00003158,0.0000,14.7880,186.5025,0.0000,0.9347
1229,62,14,0.2626,0.00003157,0.0000,11.8679,190.9732,0.0000,0.9397
1230,240,25,0.2620,0.00003155,0.0000,13.3203,193.6962,0.0000,0.9287
1231,63,16,0.2614,0.00003154,0.0000,10.3753,186.6102,0.0000,0.9531
1232,32,9,0.2608,0.00003152,0.0000,16.1132,181.9820,0.0000,0.9167
1233,81,14,0.2602,0.00003151,0.0000,9.3417,188.3289,0.0000,0.9464
1234,64,12,0.2596,0.00003149,0.0000,13.7528,196.1264,0.0000,0.9245
1235,360,19,0.2590,0.00003147,0.0000,14.4081,210.7669,0.0000,0.9276
1236,89,16,0.2584,0.00003146,0.0000,11.5619,191.4231,0.0000,0.9316
1237,44,11,0.2578,0.00003145,0.0000,8.5871,192.2582,0.0000,0.9403
1238,33,8,0.2572,0.00003143,0.0000,12.1603,181.4740,0.0000,0.9297
1239,61,13,0.2566,0.00003142,0.0000,12.3475,192.7381,0.0000,0.9207
1240,294,20,0.2560,0.00003140,0.0000,10.0284,203.8365,0.0000,0.9344
1241,52,12,0.2554,0.00003138,0.0000,11.6481,180.9319,0.0000,0.9219
1242,64,13,0.2548,0.00003137,0.0000,13.4634,186.4091,0.0000,0.9135
1243,153,19,0.2542,0.00003136,0.0000,9.0095,196.2169,0.0000,0.9589
1244,163,14,0.2536,0.00003134,0.0000,8.9452,193.1749,0.0000,0.9531
1245,55,11,0.2530,0.00003133,0.0000,14.6570,193.8698,0.0000,0.9290
1246,81,13,0.2524,0.00003131,0.0000,13.3857,194.8981,0.0000,0.9327
1247,109,19,0.2518,0.00003130,0.0000,11.2997,197.8182,0.0000,0.9556
1248,51,12,0.2512,0.00003128,0.0000,11.4716,200.9944,0.0000,0.9427
1249,183,24,0.2506,0.00003126,0.0000,13.0992,195.4836,0.0000,0.9284
1250,320,27,0.2500,0.00003125,0.0000,11.2075,208.5592,0.0000,0.9560
1251,47,9,0.2494,0.00003124,0.0000,9.4181,191.0992,0.0000,0.9410
1252,37,10,0.2488,0.00003122,0.0000,11.9936,186.3774,0.0000,0.9406
1253,47,14,0.2482,0.00003120,0.0000,11.9665,194.4402,0.0000,0.9286
1254,136,16,0.2476,0.00003119,0.0000,17.1449,202.5935,0.0000,0.9297
1255,56,12,0.2470,0.00003117,0.0000,17.5426,189.1201,0.0000,0.9219
1256,919,37,0.2464,0.00003116,0.0000,13.5493,221.3418,0.0000,0.9367
1257,461,24,0.2458,0.00003115,0.0000,12.7878,212.8217,0.0000,0.9375
1258,71,11,0.2452,0.00003113,0.0000,10.7186,192.9700,0.0000,0.9489
1259,115,13,0.2446,0.00003112,0.0000,13.5545,193.4004,0.0000,0.9423
1260,35,8,0.2440,0.00003110,0.0000,12.7783,192.9922,0.0000,0.9375
1261,101,16,0.2434,0.00003109,0.0000,10.3714,201.6634,0.0000,0.9453
1262,60,13,0.2428,0.00003107,0.0000,10.5878,198.6059,0.0000,0.9255
1263,59,13,0.2422,0.00003106,0.0000,12.7420,200.9322,0.0000,0.9351
1264,65,17,0.2416,0.00003104,0.0000,14.8219,201.8270,0.0000,0.9338
1265,41,11,0.2410,0.00003102,0.0000,13.8982,191.6845,0.0000,0.9318
1266,172,21,0.2404,0.00003101,0.0000,11.8034,199.7800,0.0000,0.9390
1267,41,11,0.2398,0.00003099,0.0000,14.5607,192.2057,0.0000,0.9318
1268,89,14,0.2392,0.00003098,0.0000,13.7563,198.8833,0.0000,0.9241
1269,460,31,0.2386,0.00003096,0.0000,11.8794,210.0996,0.0000,0.9375
1270,349,29,0.2380,0.00003095,0.0000,10.4958,206.7600,0.0000,0.9472
1271,83,14,0.2374,0.00003094,0.0000,12.0112,192.2332,0.0000,0.9375
1272,35,8,0.2368,0.00003092,0.0000,19.2317,195.4254,0.0000,0.9062
1273,42,10,0.2362,0.00003091,0.0000,12.2872,193.9284,0.0000,0.9406
1274,39,9,0.2356,0.00003089,0.0000,13.6946,195.1002,0.0000,0.9514
1275,36,9,0.2350,0.00003088,0.0000,9.6543,186.3435,0.0000,0.9340
1276,53,12,0.2344,0.00003086,0.0000,11.8111,193.3410,0.0000,0.9349
1277,370,24,0.2338,0.00003085,0.0000,14.1049,213.1360,0.0000,0.9414
1278,62,13,0.2332,0.00003083,0.0000,15.2953,203.3303,0.0000,0.9423
1279,42,11,0.2326,0.00003082,0.0000,14.2729,200.9658,0.0000,0.9432
1280,42,10,0.2320,0.00003080,0.0000,9.9424,202.1080,0.0000,0.9563
1281,91,15,0.2314,0.00003078,0.0000,12.8980,209.4076,0.0000,0.9417
1282,296,23,0.2308,0.00003077,0.0000,14.8326,213.9097,0.0000,0.9280
1283,51,11,0.2302,0.00003075,0.0000,16.0188,195.2222,0.0000,0.9148
1284,205,13,0.2296,0.00003074,0.0000,17.6621,205.5554,0.0000,0.9183
1285,58,14,0.2290,0.00003073,0.0000,16.3565,201.7372,0.0000,0.9308
1286,171,20,0.2284,0.00003071,0.0000,13.6156,214.4442,0.0000,0.9359
1287,40,11,0.2278,0.00003070,0.0000,9.2490,204.0961,0.0000,0.9602
1288,56,11,0.2272,0.00003068,0.0000,14.6860,204.6787,0.0000,0.9318
1289,432,18,0.2266,0.00003067,0.0000,14.4643,220.3377,0.0000,0.9323
1290,143,18,0.2260,0.00003065,0.0000,14.9262,213.7666,0.0000,0.9306
1291,36,9,0.2254,0.00003064,0.0000,11.1611,197.1602,0.0000,0.9375
1292,74,13,0.2248,0.00003062,0.0000,13.8094,205.8418,0.0000,0.9351
1293,46,12,0.2242,0.00003061,0.0000,12.5514,200.0981,0.0000,0.9427
1294,111,18,0.2236,0.00003059,0.0000,18.3656,210.2910,0.0000,0.9132
1295,67,13,0.2230,0.00003057,0.0000,11.4618,207.1544,0.0000,0.9471
1296,78,16,0.2224,0.00003056,0.0000,16.1278,207.8841,0.0000,0.9258
1297,246,22,0.2218,0.00003054,0.0000,10.6712,212.2051,0.0000,0.9446
1298,77,14,0.2212,0.00003053,0.0000,11.2455,207.6062,0.0000,0.9509
1299,97,16,0.2206,0.00003052,0.0000,14.2514,199.1868,0.0000,0.9199
1300,60,13,0.2200,0.00003050,0.0000,11.7828,203.4338,0.0000,0.9447
1301,231,21,0.2194,0.00003049,0.0000,12.2234,210.7005,0.0000,0.9375
1302,38,8,0.2188,0.00003047,0.0000,16.4500,203.2533,0.0000,0.9219
1303,117,16,0.2182,0.00003045,0.0000,11.8115,206.5014,0.0000,0.9434
1304,116,14,0.2176,0.00003044,0.0000,11.6148,206.7186,0.0000,0.9353
1305,379,23,0.2170,0.00003043,0.0000,14.5509,209.2475,0.0000,0.9402
1306,40,10,0.2164,0.00003041,0.0000,12.4354,202.6101,0.0000,0.9375
1307,143,22,0.2158,0.00003040,0.0000,10.4339,205.0299,0.0000,0.9432
1308,77,11,0.2152,0.00003038,0.0000,14.3585,202.9762,0.0000,0.9375
1309,112,12,0.2146,0.00003037,0.0000,13.1425,208.8385,0.0000,0.9349
1310,162,18,0.2140,0.00003035,0.0000,13.0817,212.6228,0.0000,0.9306
1311,29,7,0.2134,0.00003034,0.0000,17.1191,203.2543,0.0000,0.9464
1312,30,6,0.2128,0.00003032,0.0000,11.3413,203.6041,0.0000,0.9531
1313,228,19,0.2122,0.00003031,0.0000,13.5387,220.7507,0.0000,0.9342
1314,80,13,0.2116,0.00003029,0.0000,11.5074,209.2271,0.0000,0.9447
1315,34,9,0.2110,0.00003028,0.0000,18.8712,199.2342,0.0000,0.9236
1316,55,13,0.2104,0.00003026,0.0000,11.2617,210.0370,0.0000,0.9543
1317,43,9,0.2098,0.00003025,0.0000,13.3157,215.0854,0.0000,0.9375
1318,35,10,0.2092,0.00003023,0.0000,11.7841,205.2175,0.0000,0.9375
1319,292,24,0.2086,0.00003022,0.0000,14.4323,214.1633,0.0000,0.9336
1320,38,10,0.2080,0.00003020,0.0000,11.9826,201.6417,0.0000,0.9406
1321,64,13,0.2074,0.00003018,0.0000,13.3205,212.4118,0.0000,0.9447
1322,286,21,0.2068,0.00003017,0.0000,13.5838,219.8565,0.0000,0.9345
1323,38,9,0.2062,0.00003016,0.0000,13.1348,205.5222,0.0000,0.9410
1324,119,15,0.2056,0.00003014,0.0000,12.3760,206.3465,0.0000,0.9292
1325,76,14,0.2050,0.00003013,0.0000,15.6526,209.1771,0.0000,0.9308
1326,88,16,0.2044,0.00003011,0.0000,16.4149,211.8538,0.0000,0.9238
1327,45,11,0.2038,0.00003009,0.0000,13.5578,211.9098,0.0000,0.9432
1328,124,14,0.2032,0.00003008,0.0000,17.0376,212.0907,0.0000,0.9353
1329,42,11,0.2026,0.00003007,0.0000,14.6217,210.7063,0.0000,0.9091
1330,33,8,0.2020,0.00003005,0.0000,16.9498,206.4707,0.0000,0.9258
1331,396,24,0.2014,0.00003004,0.0000,10.7930,224.5753,0.0000,0.9479
1332,47,9,0.2008,0.00003002,0.0000,16.7617,216.2539,0.0000,0.9201
1333,125,18,0.2002,0.00003001,0.0000,10.0414,215.2544,0.0000,0.9583
1334,36,9,0.1996,0.00002999,0.0000,13.1569,204.9232,0.0000,0.9375
1335,48,11,0.1990,0.00002998,0.0000,11.2775,215.5746,0.0000,0.9489
1336,33,8,0.1984,0.00002996,0.0000,13.0011,204.7016,0.0000,0.9453
1337,48,9,0.1978,0.00002995,0.0000,11.2153,206.7584,0.0000,0.9549
1338,48,12,0.1972,0.00002993,0.0000,14.2307,214.9250,0.0000,0.9375
1339,457,24,0.1966,0.00002992,0.0000,10.9385,223.1683,0.0000,0.9492
1340,32,8,0.1960,0.00002990,0.0000,17.5470,201.1499,0.0000,0.9219
1341,41,10,0.1954,0.00002988,0.0000,14.0917,203.0295,0.0000,0.9344
1342,37,9,0.1948,0.00002987,0.0000,16.0021,207.2943,0.0000,0.9340
1343,44,11,0.1942,0.00002986,0.0000,14.1997,212.1310,0.0000,0.9318
1344,43,11,0.1936,0.00002984,0.0000,11.7915,209.7656,0.0000,0.9545
1345,40,10,0.1930,0.00002983,0.0000,11.2425,207.0969,0.0000,0.9531
1346,302,26,0.1924,0.00002981,0.0000,15.2179,216.9970,0.0000,0.9327
1347,142,20,0.1918,0.00002980,0.0000,13.2894,208.4672,0.0000,0.9391
1348,24,6,0.1912,0.00002978,0.0000,12.3959,192.0736,0.0000,0.9375
1349,132,19,0.1906,0.00002977,0.0000,15.5206,213.9689,0.0000,0.9326
1350,42,10,0.1900,0.00002975,0.0000,10.3322,217.4862,0.0000,0.9563
1351,38,10,0.1894,0.00002974,0.0000,14.3719,211.1953,0.0000,0.9437
1352,96,17,0.1888,0.00002972,0.0000,13.0184,225.2158,0.0000,0.9393
1353,145,19,0.1882,0.00002971,0.0000,15.2561,218.2864,0.0000,0.9342
1354,453,28,0.1876,0.00002969,0.0000,14.6732,223.4040,0.0000,0.9342
1355,102,15,0.1870,0.00002968,0.0000,12.0575,219.0396,0.0000,0.9375
1356,80,16,0.1864,0.00002966,0.0000,13.6188,217.2159,0.0000,0.9219
1357,171,18,0.1858,0.00002965,0.0000,14.9782,221.4783,0.0000,0.9288
1358,308,22,0.1852,0.00002963,0.0000,12.4888,223.8264,0.0000,0.9446
1359,39,9,0.1846,0.00002962,0.0000,12.0735,216.0667,0.0000,0.9479
1360,302,23,0.1840,0.00002960,0.0000,11.9763,228.9231,0.0000,0.9348
1361,128,16,0.1834,0.00002959,0.0000,14.1299,219.3732,0.0000,0.9297
1362,41,11,0.1828,0.00002957,0.0000,15.0035,210.9019,0.0000,0.9290
1363,53,11,0.1822,0.00002956,0.0000,10.3530,212.4477,0.0000,0.9375
1364,125,15,0.1816,0.00002954,0.0000,14.3722,217.9872,0.0000,0.9292
1365,40,10,0.1810,0.00002952,0.0000,11.2893,212.7387,0.0000,0.9469
1366,45,10,0.1804,0.00002951,0.0000,12.8789,222.7631,0.0000,0.9469
1367,39,11,0.1798,0.00002950,0.0000,16.2269,213.5521,0.0000,0.9176
1368,29,7,0.1792,0.00002948,0.0000,15.2349,205.0917,0.0000,0.9330
1369,58,11,0.1786,0.00002947,0.0000,15.7544,225.9217,0.0000,0.9375
1370,31,9,0.1780,0.00002945,0.0000,13.8034,206.4691,0.0000,0.9410
1371,256,26,0.1774,0.00002944,0.0000,10.8027,228.3665,0.0000,0.9495
1372,56,12,0.1768,0.00002942,0.0000,11.9893,217.5522,0.0000,0.9531
1373,250,25,0.1762,0.00002941,0.0000,14.2428,221.7900,0.0000,0.9213
1374,198,19,0.1756,0.00002939,0.0000,16.7906,223.9593,0.0000,0.9309
1375,170,16,0.1750,0.00002938,0.0000,16.3563,226.9482,0.0000,0.9199
1376,35,9,0.1744,0.00002936,0.0000,10.3427,211.4686,0.0000,0.9514
1377,80,12,0.1738,0.00002935,0.0000,14.1956,213.0074,0.0000,0.9401
1378,45,9,0.1732,0.00002933,0.0000,6.7637,220.4257,0.0000,0.9514
1379,57,12,0.1726,0.00002931,0.0000,15.4525,219.2694,0.0000,0.9271
1380,35,10,0.1720,0.00002930,0.0000,14.5320,213.1802,0.0000,0.9219
1381,43,9,0.1714,0.00002929,0.0000,12.9692,216.8319,0.0000,0.9271
1382,124,15,0.1708,0.00002927,0.0000,14.6599,216.4283,0.0000,0.9396
1383,202,24,0.1702,0.00002926,0.0000,12.9853,225.2185,0.0000,0.9479
1384,161,16,0.1696,0.00002924,0.0000,17.4322,231.5983,0.0000,0.9336
1385,43,13,0.1690,0.00002923,0.0000,10.2759,224.5255,0.0000,0.9495
1386,369,24,0.1684,0.00002921,0.0000,9.4910,237.4955,0.0000,0.9492
1387,305,23,0.1678,0.00002920,0.0000,13.2395,236.1419,0.0000,0.9416
1388,107,13,0.1672,0.00002918,0.0000,17.4026,225.6987,0.0000,0.9183
1389,47,13,0.1666,0.00002916,0.0000,13.9022,225.3901,0.0000,0.9399
1390,20,5,0.1660,0.00002915,0.0000,10.7733,214.4364,0.0000,0.9563
1391,118,17,0.1654,0.00002914,0.0000,13.1063,223.6463,0.0000,0.9357
1392,100,15,0.1648,0.00002912,0.0000,12.3475,225.3742,0.0000,0.9437
1393,34,8,0.1642,0.00002911,0.0000,11.5887,223.1847,0.0000,0.9453
1394,370,33,0.1636,0.00002909,0.0000,13.4529,232.1791,0.0000,0.9432
1395,86,16,0.1630,0.00002907,0.0000,11.9603,226.8098,0.0000,0.9395
1396,787,39,0.1624,0.00002906,0.0000,12.0301,236.1028,0.0000,0.9439
1397,170,16,0.1618,0.00002905,0.0000,13.7802,229.9740,0.0000,0.9355
1398,39,10,0.1612,0.00002903,0.0000,14.0454,218.1999,0.0000,0.9375
1399,82,14,0.1606,0.00002902,0.0000,13.7575,227.4041,0.0000,0.9308
1400,124,17,0.1600,0.00002900,0.0000,12.7696,223.1965,0.0000,0.9504
1401,43,9,0.1594,0.00002899,0.0000,12.0752,226.7790,0.0000,0.9444
1402,59,12,0.1588,0.00002897,0.0000,11.4517,221.1340,0.0000,0.9531
1403,216,22,0.1582,0.00002895,0.0000,17.1488,222.5545,0.0000,0.9347
1404,163,15,0.1576,0.00002894,0.0000,14.6620,224.0907,0.0000,0.9208
1405,48,11,0.1570,0.00002893,0.0000,11.7111,233.9375,0.0000,0.9432
1406,226,20,0.1564,0.00002891,0.0000,16.0957,229.0024,0.0000,0.9250
1407,31,8,0.1558,0.00002890,0.0000,14.6451,215.0843,0.0000,0.9375
1408,69,9,0.1552,0.00002888,0.0000,12.5832,214.0732,0.0000,0.9375
1409,33,8,0.1546,0.00002886,0.0000,11.1905,220.2418,0.0000,0.9336
1410,52,10,0.1540,0.00002885,0.0000,16.0274,220.2096,0.0000,0.9156
1411,366,26,0.1534,0.00002884,0.0000,17.1281,230.2461,0.0000,0.9303
1412,131,17,0.1528,0.00002882,0.0000,15.7424,234.7311,0.0000,0.9246
1413,237,25,0.1522,0.00002881,0.0000,12.1149,227.7498,0.0000,0.9513
1414,222,18,0.1516,0.00002879,0.0000,16.6002,243.2794,0.0000,0.9323
1415,232,22,0.1510,0.00002878,0.0000,15.2844,238.7984,0.0000,0.9403
1416,34,9,0.1504,0.00002876,0.0000,13.4568,224.8966,0.0000,0.9236
1417,40,11,0.1498,0.00002875,0.0000,14.8800,230.3732,0.0000,0.9318
1418,117,14,0.1492,0.00002873,0.0000,16.4156,233.6077,0.0000,0.9241
1419,30,7,0.1486,0.00002872,0.0000,7.1264,225.1735,0.0000,0.9554
1420,41,10,0.1480,0.00002870,0.0000,11.3080,228.0960,0.0000,0.9406
1421,395,27,0.1474,0.00002869,0.0000,15.8361,237.4391,0.0000,0.9352
1422,43,10,0.1468,0.00002867,0.0000,18.1683,230.6121,0.0000,0.9062
1423,216,21,0.1462,0.00002866,0.0000,14.3287,237.4223,0.0000,0.9345
1424,229,19,0.1456,0.00002864,0.0000,10.3245,246.9151,0.0000,0.9507
1425,438,13,0.1450,0.00002863,0.0000,10.0084,256.9480,0.0000,0.9495
1426,794,34,0.1444,0.00002861,0.0000,11.2840,253.2119,0.0000,0.9449
1427,49,11,0.1438,0.00002859,0.0000,14.9605,228.6354,0.0000,0.9375
1428,38,11,0.1432,0.00002858,0.0000,14.0135,226.9781,0.0000,0.9432
1429,54,11,0.1426,0.00002857,0.0000,19.3400,223.8837,0.0000,0.9233
1430,31,9,0.1420,0.00002855,0.0000,9.1429,217.6697,0.0000,0.9549
1431,227,19,0.1414,0.00002854,0.0000,14.6545,244.3597,0.0000,0.9391
1432,83,14,0.1408,0.00002852,0.0000,14.2326,228.3315,0.0000,0.9353
1433,388,24,0.1402,0.00002850,0.0000,14.4144,240.8282,0.0000,0.9362
1434,169,18,0.1396,0.00002849,0.0000,8.8744,235.2326,0.0000,0.9566
1435,168,17,0.1390,0.00002848,0.0000,17.4915,244.0040,0.0000,0.9283
1436,44,11,0.1384,0.00002846,0.0000,18.8927,235.6174,0.0000,0.9148
1437,26,6,0.1378,0.00002845,0.0000,13.2727,219.8697,0.0000,0.9375
1438,41,10,0.1372,0.00002843,0.0000,10.9480,230.5977,0.0000,0.9406
1439,88,13,0.1366,0.00002842,0.0000,12.0706,235.6381,0.0000,0.9423
1440,563,28,0.1360,0.00002840,0.0000,12.7640,249.8734,0.0000,0.9475
1441,33,8,0.1354,0.00002839,0.0000,11.9346,220.3804,0.0000,0.9375
1442,41,9,0.1348,0.00002837,0.0000,11.1490,217.7789,0.0000,0.9410
1443,44,12,0.1342,0.00002836,0.0000,13.6707,230.6487,0.0000,0.9427
1444,38,9,0.1336,0.00002834,0.0000,14.8952,228.6478,0.0000,0.9375
1445,81,13,0.1330,0.00002833,0.0000,10.3439,229.2522,0.0000,0.9567
1446,103,18,0.1324,0.00002831,0.0000,17.6104,232.6710,0.0000,0.9219
1447,220,19,0.1318,0.00002829,0.0000,15.4185,239.8541,0.0000,0.9326
1448,53,11,0.1312,0.00002828,0.0000,18.9397,235.9319,0.0000,0.9205
1449,64,13,0.1306,0.00002827,0.0000,14.1635,239.3413,0.0000,0.9327
1450,41,11,0.1300,0.00002825,0.0000,16.3323,238.6833,0.0000,0.9176
1451,108,15,0.1294,0.00002823,0.0000,16.6186,244.8056,0.0000,0.9333
1452,140,17,0.1288,0.00002822,0.0000,14.5235,240.4500,0.0000,0.9357
1453,35,9,0.1282,0.00002821,0.0000,18.2260,229.6385,0.0000,0.9201
1454,44,10,0.1276,0.00002819,0.0000,8.8962,239.3359,0.0000,0.9563
1455,279,28,0.1270,0.00002818,0.0000,15.7240,238.9405,0.0000,0.9353
1456,33,8,0.1264,0.00002816,0.0000,16.5511,235.7109,0.0000,0.9375
1457,123,17,0.1258,0.00002814,0.0000,11.7911,237.3912,0.0000,0.9504
1458,40,10,0.1252,0.00002813,0.0000,16.0483,238.1928,0.0000,0.9313
1459,85,15,0.1246,0.00002812,0.0000,12.4390,240.9302,0.0000,0.9458
1460,190,19,0.1240,0.00002810,0.0000,14.0188,250.5401,0.0000,0.9408
1461,136,17,0.1234,0.00002809,0.0000,13.1822,245.5967,0.0000,0.9449
1462,77,11,0.1228,0.00002807,0.0000,15.9433,237.9059,0.0000,0.9233
1463,129,20,0.1222,0.00002805,0.0000,14.2712,244.7771,0.0000,0.9359
1464,54,10,0.1216,0.00002804,0.0000,10.9655,239.4393,0.0000,0.9531
1465,39,10,0.1210,0.00002803,0.0000,17.8123,236.0777,0.0000,0.9250
1466,268,25,0.1204,0.00002801,0.0000,15.4942,240.9042,0.0000,0.9363
1467,138,21,0.1198,0.00002800,0.0000,13.4657,240.0051,0.0000,0.9479
1468,108,14,0.1192,0.00002798,0.0000,13.2543,234.3508,0.0000,0.9442
1469,57,11,0.1186,0.00002797,0.0000,10.0519,243.8892,0.0000,0.9403
1470,227,21,0.1180,0.00002795,0.0000,19.0183,242.0353,0.0000,0.9167
1471,72,11,0.1174,0.00002793,0.0000,9.0081,234.9562,0.0000,0.9517
1472,37,11,0.1168,0.00002792,0.0000,17.7836,233.6705,0.0000,0.9290
1473,72,10,0.1162,0.00002791,0.0000,13.2567,235.6029,0.0000,0.9281
1474,28,7,0.1156,0.00002789,0.0000,16.0015,224.8922,0.0000,0.9330
1475,272,24,0.1150,0.00002788,0.0000,17.2377,246.9778,0.0000,0.9219
1476,48,8,0.1144,0.00002786,0.0000,14.0362,235.5229,0.0000,0.9297
1477,154,13,0.1138,0.00002785,0.0000,13.7808,238.8980,0.0000,0.9543
1478,44,11,0.1132,0.00002783,0.0000,7.0394,242.6788,0.0000,0.9574
1479,441,39,0.1126,0.00002782,0.0000,11.4951,247.8509,0.0000,0.9455
1480,131,18,0.1120,0.00002780,0.0000,14.4726,249.3633,0.0000,0.9427
1481,39,9,0.1114,0.00002779,0.0000,16.6739,236.5518,0.0000,0.9271
1482,86,13,0.1108,0.00002777,0.0000,13.5607,249.7128,0.0000,0.9519
1483,126,16,0.1102,0.00002776,0.0000,12.2950,243.8885,0.0000,0.9512
1484,82,13,0.1096,0.00002774,0.0000,11.4508,242.1475,0.0000,0.9423
1485,160,22,0.1090,0.00002772,0.0000,11.7127,248.6842,0.0000,0.9474
1486,56,11,0.1084,0.00002771,0.0000,11.3831,245.2170,0.0000,0.9574
1487,42,10,0.1078,0.00002770,0.0000,20.9316,248.3348,0.0000,0.9062
1488,545,20,0.1072,0.00002768,0.0000,15.0084,260.4474,0.0000,0.9375
1489,124,16,0.1066,0.00002767,0.0000,16.9013,250.5981,0.0000,0.9277
1490,75,10,0.1060,0.00002765,0.0000,13.2043,242.2756,0.0000,0.9250
1491,315,26,0.1054,0.00002764,0.0000,16.7657,247.3401,0.0000,0.9351
1492,217,24,0.1048,0.00002762,0.0000,12.4279,252.2726,0.0000,0.9466
1493,104,15,0.1042,0.00002761,0.0000,10.0653,249.3820,0.0000,0.9354
1494,493,26,0.1036,0.00002759,0.0000,17.6638,265.1479,0.0000,0.9327
1495,39,10,0.1030,0.00002757,0.0000,15.1744,242.5283,0.0000,0.9344
1496,57,12,0.1024,0.00002756,0.0000,14.0433,251.3709,0.0000,0.9297
1497,116,16,0.1018,0.00002755,0.0000,15.2020,254.7582,0.0000,0.9277
1498,82,12,0.1012,0.00002753,0.0000,8.2842,247.6159,0.0000,0.9609
1499,248,22,0.1006,0.00002752,0.0000,14.1079,251.0816,0.0000,0.9375
1500,173,18,0.1000,0.00002750,0.0000,11.0901,251.7869,0.0000,0.9462
1501,36,10,0.1000,0.00002749,0.0000,7.5194,237.0267,0.0000,0.9688
1502,268,23,0.1000,0.00002747,0.0000,15.0042,252.6482,0.0000,0.9334
1503,54,10,0.1000,0.00002746,0.0000,13.2520,242.9168,0.0000,0.9375
1504,216,24,0.1000,0.00002744,0.0000,15.7731,253.2970,0.0000,0.9336
1505,277,21,0.1000,0.00002742,0.0000,13.5976,256.3775,0.0000,0.9420
1506,533,39,0.1000,0.00002741,0.0000,15.0999,254.4820,0.0000,0.9407
1507,122,15,0.1000,0.00002740,0.0000,10.9945,253.3042,0.0000,0.9500
1508,204,19,0.1000,0.00002738,0.0000,11.5008,250.1091,0.0000,0.9490
1509,47,11,0.1000,0.00002736,0.0000,18.0917,246.8483,0.0000,0.9176
1510,94,13,0.1000,0.00002735,0.0000,14.7896,247.3545,0.0000,0.9399
1511,130,15,0.1000,0.00002733,0.0000,17.2823,254.8432,0.0000,0.9437
1512,137,17,0.1000,0.00002732,0.0000,13.6360,249.1755,0.0000,0.9338
1513,122,17,0.1000,0.00002731,0.0000,12.7251,258.4423,0.0000,0.9485
1514,48,14,0.1000,0.00002729,0.0000,17.1816,256.2180,0.0000,0.9308
1515,81,13,0.1000,0.00002728,0.0000,19.5434,249.8955,0.0000,0.9279
1516,80,12,0.1000,0.00002726,0.0000,10.2993,251.9820,0.0000,0.9427
1517,58,10,0.1000,0.00002724,0.0000,19.5858,250.8928,0.0000,0.9125
1518,1146,34,0.1000,0.00002723,0.0000,15.5002,286.8413,0.0000,0.9393
1519,42,10,0.1000,0.00002722,0.0000,21.6494,252.9109,0.0000,0.9125
1520,56,12,0.1000,0.00002720,0.0000,12.1565,253.1553,0.0000,0.9479
1521,41,12,0.1000,0.00002719,0.0000,14.3561,252.4602,0.0000,0.9479
1522,34,8,0.1000,0.00002717,0.0000,13.4011,250.2719,0.0000,0.9453
1523,39,10,0.1000,0.00002716,0.0000,19.2799,248.6382,0.0000,0.9219
1524,83,13,0.1000,0.00002714,0.0000,15.6330,254.5503,0.0000,0.9423
1525,34,8,0.1000,0.00002713,0.0000,11.8426,249.3604,0.0000,0.9453
1526,44,11,0.1000,0.00002711,0.0000,19.0983,251.2779,0.0000,0.9290
1527,47,9,0.1000,0.00002710,0.0000,15.5649,257.0477,0.0000,0.9201
1528,43,11,0.1000,0.00002708,0.0000,17.9441,255.6149,0.0000,0.9347
1529,296,22,0.1000,0.00002706,0.0000,15.7709,259.3092,0.0000,0.9375
1530,81,13,0.1000,0.00002705,0.0000,14.3361,252.7504,0.0000,0.9399
1531,33,8,0.1000,0.00002704,0.0000,14.4948,247.7924,0.0000,0.9531
1532,210,16,0.1000,0.00002702,0.0000,14.5875,265.6034,0.0000,0.9434
1533,43,11,0.1000,0.00002700,0.0000,11.8285,250.0191,0.0000,0.9517
1534,165,16,0.1000,0.00002699,0.0000,17.5305,249.5842,0.0000,0.9219
1535,226,19,0.1000,0.00002697,0.0000,14.8025,261.8572,0.0000,0.9474
1536,38,11,0.1000,0.00002696,0.0000,15.7567,249.2886,0.0000,0.9545
1537,687,32,0.1000,0.00002695,0.0000,16.0855,271.0656,0.0000,0.9268
1538,303,25,0.1000,0.00002693,0.0000,16.7204,256.9706,0.0000,0.9237
1539,92,15,0.1000,0.00002691,0.0000,21.8374,254.3165,0.0000,0.9104
1540,157,21,0.1000,0.00002690,0.0000,16.1399,261.1308,0.0000,0.9345
1541,55,11,0.1000,0.00002688,0.0000,16.5612,256.0830,0.0000,0.9347
1542,56,10,0.1000,0.00002687,0.0000,14.0856,253.7665,0.0000,0.9437
1543,461,32,0.1000,0.00002686,0.0000,16.0256,261.1845,0.0000,0.9355
1544,90,16,0.1000,0.00002684,0.0000,15.3180,266.4521,0.0000,0.9434
1545,37,9,0.1000,0.00002683,0.0000,23.8199,256.9628,0.0000,0.9236
1546,505,29,0.1000,0.00002681,0.0000,12.2710,271.6910,0.0000,0.9494
1547,39,9,0.1000,0.00002680,0.0000,15.2959,256.5388,0.0000,0.9375
1548,44,11,0.1000,0.00002678,0.0000,17.1997,262.3853,0.0000,0.9460
1549,90,13,0.1000,0.00002677,0.0000,11.3729,263.8281,0.0000,0.9543
1550,33,9,0.1000,0.00002675,0.0000,14.9194,251.4898,0.0000,0.9375
1551,41,12,0.1000,0.00002674,0.0000,12.9405,252.7963,0.0000,0.9427
1552,106,15,0.1000,0.00002672,0.0000,17.0971,264.8345,0.0000,0.9333
1553,37,8,0.1000,0.00002670,0.0000,9.1783,254.6739,0.0000,0.9688
1554,52,11,0.1000,0.00002669,0.0000,18.4254,256.9745,0.0000,0.9261
1555,169,18,0.1000,0.00002668,0.0000,15.1203,263.1187,0.0000,0.9375
1556,74,12,0.1000,0.00002666,0.0000,9.4740,261.3701,0.0000,0.9688
1557,85,14,0.1000,0.00002664,0.0000,13.9512,260.4906,0.0000,0.9487
1558,134,20,0.1000,0.00002663,0.0000,13.6564,261.4042,0.0000,0.9422
1559,190,20,0.1000,0.00002661,0.0000,14.3299,267.1586,0.0000,0.9500
1560,167,16,0.1000,0.00002660,0.0000,13.7664,266.7001,0.0000,0.9395
1561,41,12,0.1000,0.00002659,0.0000,15.6920,256.8033,0.0000,0.9375
1562,37,9,0.1000,0.00002657,0.0000,19.5751,260.1635,0.0000,0.9028
1563,39,10,0.1000,0.00002655,0.0000,20.3979,258.5390,0.0000,0.9125
1564,79,13,0.1000,0.00002654,0.0000,16.9130,261.5475,0.0000,0.9327
1565,35,6,0.1000,0.00002653,0.0000,13.0947,262.8275,0.0000,0.9583
1566,27,6,0.1000,0.00002651,0.0000,14.0865,251.9848,0.0000,0.9479
1567,44,11,0.1000,0.00002650,0.0000,14.9788,264.5915,0.0000,0.9318
1568,31,8,0.1000,0.00002648,0.0000,11.2984,254.7201,0.0000,0.9492
1569,60,12,0.1000,0.00002647,0.0000,17.2384,261.9055,0.0000,0.9323
1570,103,17,0.1000,0.00002645,0.0000,15.5537,263.8638,0.0000,0.9412
1571,42,11,0.1000,0.00002644,0.0000,13.8976,259.4144,0.0000,0.9318
1572,52,12,0.1000,0.00002642,0.0000,18.8879,255.0529,0.0000,0.9271
1573,53,11,0.1000,0.00002641,0.0000,19.6765,256.8966,0.0000,0.9318
1574,32,7,0.1000,0.00002639,0.0000,14.1515,257.5820,0.0000,0.9375
1575,122,16,0.1000,0.00002638,0.0000,14.0211,267.4326,0.0000,0.9473
1576,38,10,0.1000,0.00002636,0.0000,15.6382,254.0180,0.0000,0.9375
1577,465,26,0.1000,0.00002635,0.0000,13.8461,275.5238,0.0000,0.9351
1578,38,10,0.1000,0.00002633,0.0000,20.2513,254.7105,0.0000,0.9219
1579,83,14,0.1000,0.00002632,0.0000,16.1965,254.9226,0.0000,0.9263
1580,169,18,0.1000,0.00002630,0.0000,9.6366,264.3328,0.0000,0.9583
1581,747,39,0.1000,0.00002628,0.0000,14.4078,277.8976,0.0000,0.9439
1582,57,10,0.1000,0.00002627,0.0000,12.5362,267.6112,0.0000,0.9375
1583,258,25,0.1000,0.00002626,0.0000,16.1205,274.9866,0.0000,0.9413
1584,133,16,0.1000,0.00002624,0.0000,14.9468,273.3948,0.0000,0.9395
1585,117,14,0.1000,0.00002623,0.0000,16.9264,274.1916,0.0000,0.9241
1586,363,30,0.1000,0.00002621,0.0000,15.5128,280.2412,0.0000,0.9344
1587,32,9,0.1000,0.00002619,0.0000,16.2036,260.5379,0.0000,0.9410
1588,639,32,0.1000,0.00002618,0.0000,15.7678,281.6048,0.0000,0.9395
1589,38,9,0.1000,0.00002617,0.0000,10.3732,261.1630,0.0000,0.9410
1590,81,17,0.1000,0.00002615,0.0000,14.7345,267.2453,0.0000,0.9338
1591,75,12,0.1000,0.00002614,0.0000,17.8819,255.2706,0.0000,0.9375
1592,55,13,0.1000,0.00002612,0.0000,15.1568,266.9513,0.0000,0.9351
1593,79,13,0.1000,0.00002610,0.0000,15.3348,257.9554,0.0000,0.9423
1594,37,9,0.1000,0.00002609,0.0000,8.4731,263.8517,0.0000,0.9653
1595,218,15,0.1000,0.00002608,0.0000,14.0344,278.6082,0.0000,0.9458
1596,150,16,0.1000,0.00002606,0.0000,17.4856,275.4382,0.0000,0.9375
1597,106,16,0.1000,0.00002605,0.0000,22.3090,268.5920,0.0000,0.9219
1598,47,9,0.1000,0.00002603,0.0000,16.6144,254.9380,0.0000,0.9410
1599,119,14,0.1000,0.00002602,0.0000,18.7457,267.0703,0.0000,0.9263
1600,162,14,0.1000,0.00002600,0.0000,17.9778,276.6325,0.0000,0.9353
1601,130,17,0.1000,0.00002599,0.0000,13.4232,274.6589,0.0000,0.9559
1602,33,8,0.1000,0.00002597,0.0000,18.1903,254.7840,0.0000,0.9336
1603,39,9,0.1000,0.00002596,0.0000,15.5557,268.4561,0.0000,0.9340
1604,84,13,0.1000,0.00002594,0.0000,17.9596,273.1741,0.0000,0.9447
1605,54,11,0.1000,0.00002592,0.0000,12.9415,264.8815,0.0000,0.9489
1606,64,13,0.1000,0.00002591,0.0000,14.9171,275.4028,0.0000,0.9447
1607,61,12,0.1000,0.00002590,0.0000,14.1116,266.7200,0.0000,0.9401
1608,167,22,0.1000,0.00002588,0.0000,14.9065,271.0827,0.0000,0.9389
1609,56,11,0.1000,0.00002587,0.0000,12.5262,268.3597,0.0000,0.9517
1610,40,9,0.1000,0.00002585,0.0000,14.5545,264.9973,0.0000,0.9514
1611,34,8,0.1000,0.00002583,0.0000,6.7140,261.2460,0.0000,0.9688
1612,73,10,0.1000,0.00002582,0.0000,11.6904,266.6522,0.0000,0.9469
1613,103,17,0.1000,0.00002581,0.0000,16.3796,271.5164,0.0000,0.9375
1614,35,10,0.1000,0.00002579,0.0000,12.9350,262.0570,0.0000,0.9437
1615,96,13,0.1000,0.00002577,0.0000,19.4131,267.3181,0.0000,0.9231
1616,82,14,0.1000,0.00002576,0.0000,14.0808,275.0223,0.0000,0.9464
1617,37,11,0.1000,0.00002574,0.0000,16.2213,267.7003,0.0000,0.9261
1618,100,14,0.1000,0.00002573,0.0000,19.5835,277.4409,0.0000,0.9241
1619,55,11,0.1000,0.00002572,0.0000,16.9456,269.3240,0.0000,0.9517
1620,675,33,0.1000,0.00002570,0.0000,15.0058,290.5000,0.0000,0.9413
1621,122,16,0.1000,0.00002569,0.0000,15.8904,278.5893,0.0000,0.9395
1622,88,16,0.1000,0.00002567,0.0000,14.0742,278.7570,0.0000,0.9531
1623,121,15,0.1000,0.00002566,0.0000,13.4836,271.6681,0.0000,0.9521
1624,128,16,0.1000,0.00002564,0.0000,10.1153,281.6275,0.0000,0.9551
1625,44,9,0.1000,0.00002563,0.0000,16.6824,262.0371,0.0000,0.9271
1626,226,19,0.1000,0.00002561,0.0000,18.1748,283.3693,0.0000,0.9211
1627,86,12,0.1000,0.00002560,0.0000,13.7509,273.5887,0.0000,0.9505
1628,619,35,0.1000,0.00002558,0.0000,17.6353,287.8418,0.0000,0.9366
1629,268,24,0.1000,0.00002557,0.0000,16.0601,280.7000,0.0000,0.9401
1630,61,14,0.1000,0.00002555,0.0000,13.7013,275.9873,0.0000,0.9420
1631,47,12,0.1000,0.00002554,0.0000,12.3549,276.7354,0.0000,0.9427
1632,102,16,0.1000,0.00002552,0.0000,15.0067,276.5621,0.0000,0.9434
1633,38,10,0.1000,0.00002551,0.0000,20.7247,270.8069,0.0000,0.9156
1634,65,14,0.1000,0.00002549,0.0000,20.4223,274.8993,0.0000,0.9196
1635,97,17,0.1000,0.00002547,0.0000,13.5723,267.6072,0.0000,0.9449
1636,159,20,0.1000,0.00002546,0.0000,15.5103,278.6460,0.0000,0.9422
1637,169,18,0.1000,0.00002545,0.0000,19.1426,279.6265,0.0000,0.9340
1638,38,8,0.1000,0.00002543,0.0000,15.1434,273.3825,0.0000,0.9297
1639,236,23,0.1000,0.00002541,0.0000,14.8713,278.7144,0.0000,0.9457
1640,98,15,0.1000,0.00002540,0.0000,13.7112,274.9124,0.0000,0.9437
1641,112,14,0.1000,0.00002538,0.0000,18.2037,271.4956,0.0000,0.9353
1642,33,8,0.1000,0.00002537,0.0000,14.8584,269.1649,0.0000,0.9375
1643,60,13,0.1000,0.00002536,0.0000,16.5093,269.8528,0.0000,0.9327
1644,43,10,0.1000,0.00002534,0.0000,18.6505,276.2628,0.0000,0.9406
1645,84,14,0.1000,0.00002532,0.0000,11.9999,276.7754,0.0000,0.9353
1646,242,22,0.1000,0.00002531,0.0000,12.5638,279.1836,0.0000,0.9545
1647,36,9,0.1000,0.00002529,0.0000,14.3039,270.2854,0.0000,0.9514
1648,52,12,0.1000,0.00002528,0.0000,17.4828,272.9166,0.0000,0.9375
1649,100,14,0.1000,0.00002527,0.0000,12.5815,278.5633,0.0000,0.9598
1650,30,8,0.1000,0.00002525,0.0000,11.2037,273.7622,0.0000,0.9570
1651,89,15,0.1000,0.00002524,0.0000,13.8373,281.4303,0.0000,0.9375
1652,43,12,0.1000,0.00002522,0.0000,18.8441,278.5762,0.0000,0.9349
1653,84,16,0.1000,0.00002521,0.0000,17.1363,281.3938,0.0000,0.9414
1654,250,23,0.1000,0.00002519,0.0000,16.0231,280.6129,0.0000,0.9429
1655,65,13,0.1000,0.00002518,0.0000,11.3439,287.8202,0.0000,0.9591
1656,115,17,0.1000,0.00002516,0.0000,17.8276,278.4193,0.0000,0.9338
1657,51,10,0.1000,0.00002515,0.0000,13.6263,281.7915,0.0000,0.9406
1658,116,15,0.1000,0.00002513,0.0000,19.2049,281.9586,0.0000,0.9313
1659,59,13,0.1000,0.00002511,0.0000,19.8783,281.2881,0.0000,0.9255
1660,59,14,0.1000,0.00002510,0.0000,14.6904,279.5883,0.0000,0.9330
1661,75,14,0.1000,0.00002509,0.0000,17.9674,283.3631,0.0000,0.9397
1662,802,36,0.1000,0.00002507,0.0000,15.1949,295.8244,0.0000,0.9358
1663,42,9,0.1000,0.00002505,0.0000,16.9626,280.8478,0.0000,0.9583
1664,276,26,0.1000,0.00002504,0.0000,18.7666,284.4380,0.0000,0.9387
1665,122,15,0.1000,0.00002502,0.0000,9.6492,279.0663,0.0000,0.9479
1666,50,11,0.1000,0.00002501,0.0000,14.6285,278.4290,0.0000,0.9489
1667,36,11,0.1000,0.00002500,0.0000,18.1933,275.4096,0.0000,0.9233
1668,30,8,0.1000,0.00002498,0.0000,21.6576,269.9143,0.0000,0.9219
1669,118,15,0.1000,0.00002496,0.0000,15.3683,283.0363,0.0000,0.9313
1670,140,18,0.1000,0.00002495,0.0000,13.3069,278.0202,0.0000,0.9358
1671,41,11,0.1000,0.00002493,0.0000,11.5135,278.1064,0.0000,0.9460
1672,84,14,0.1000,0.00002492,0.0000,17.0036,280.4913,0.0000,0.9286
1673,454,24,0.1000,0.00002491,0.0000,16.7746,293.1464,0.0000,0.9427
1674,116,14,0.1000,0.00002489,0.0000,15.4807,283.3550,0.0000,0.9464
1675,25,6,0.1000,0.00002488,0.0000,20.2169,270.1704,0.0000,0.9062
1676,58,10,0.1000,0.00002486,0.0000,15.1935,281.6485,0.0000,0.9531
1677,131,18,0.1000,0.00002485,0.0000,14.7984,286.9651,0.0000,0.9392
1678,57,12,0.1000,0.00002483,0.0000,13.7257,277.1173,0.0000,0.9427
1679,39,10,0.1000,0.00002482,0.0000,14.7188,278.4920,0.0000,0.9344
1680,287,28,0.1000,0.00002480,0.0000,18.7426,288.7951,0.0000,0.9219
1681,44,10,0.1000,0.00002479,0.0000,11.7205,281.3164,0.0000,0.9594
1682,226,21,0.1000,0.00002477,0.0000,18.4844,293.2767,0.0000,0.9330
1683,214,27,0.1000,0.00002475,0.0000,16.0095,289.2659,0.0000,0.9514
1684,37,9,0.1000,0.00002474,0.0000,13.7152,282.3203,0.0000,0.9444
1685,181,24,0.1000,0.00002473,0.0000,15.6023,290.9931,0.0000,0.9518
1686,248,22,0.1000,0.00002471,0.0000,20.5662,294.4377,0.0000,0.9247
1687,58,12,0.1000,0.00002469,0.0000,15.6464,281.6567,0.0000,0.9453
1688,375,25,0.1000,0.00002468,0.0000,20.0700,293.9581,0.0000,0.9375
1689,2123,51,0.1000,0.00002467,0.0000,15.9921,319.9523,0.0000,0.9406
1690,359,21,0.1000,0.00002465,0.0000,17.9767,295.9081,0.0000,0.9390
1691,72,13,0.1000,0.00002464,0.0000,16.9712,293.9174,0.0000,0.9351
1692,85,13,0.1000,0.00002462,0.0000,14.3591,281.4975,0.0000,0.9543
1693,461,29,0.1000,0.00002460,0.0000,19.5054,297.6198,0.0000,0.9256
1694,41,9,0.1000,0.00002459,0.0000,17.2032,286.6778,0.0000,0.9167
1695,33,8,0.1000,0.00002458,0.0000,23.2200,282.6179,0.0000,0.9180
1696,544,39,0.1000,0.00002456,0.0000,12.5618,292.3484,0.0000,0.9503
1697,184,18,0.1000,0.00002455,0.0000,12.4584,288.3977,0.0000,0.9497
1698,554,29,0.1000,0.00002453,0.0000,15.5408,298.4996,0.0000,0.9440
1699,468,29,0.1000,0.00002451,0.0000,17.9349,303.1176,0.0000,0.9429
1700,211,23,0.1000,0.00002450,0.0000,20.1042,285.7350,0.0000,0.9239
1701,558,31,0.1000,0.00002449,0.0000,11.6018,302.1827,0.0000,0.9506
1702,259,28,0.1000,0.00002447,0.0000,14.3525,288.2717,0.0000,0.9386
1703,114,14,0.1000,0.00002446,0.0000,14.0799,289.1706,0.0000,0.9487
1704,124,16,0.1000,0.00002444,0.0000,15.9155,288.8769,0.0000,0.9434
1705,45,12,0.1000,0.00002443,0.0000,19.0418,288.5066,0.0000,0.9479
1706,59,10,0.1000,0.00002441,0.0000,14.7598,288.1710,0.0000,0.9437
1707,45,11,0.1000,0.00002440,0.0000,16.2596,290.7023,0.0000,0.9318
1708,553,25,0.1000,0.00002438,0.0000,17.1084,311.0489,0.0000,0.9325
1709,544,26,0.1000,0.00002437,0.0000,12.8947,311.9553,0.0000,0.9459
1710,294,20,0.1000,0.00002435,0.0000,13.6038,303.0993,0.0000,0.9375
1711,49,10,0.1000,0.00002433,0.0000,15.4609,289.7042,0.0000,0.9406
1712,41,10,0.1000,0.00002432,0.0000,19.9479,287.4241,0.0000,0.9125
1713,307,26,0.1000,0.00002431,0.0000,12.9316,298.2500,0.0000,0.9495
1714,89,13,0.1000,0.00002429,0.0000,20.2454,285.9705,0.0000,0.9351
1715,192,23,0.1000,0.00002428,0.0000,14.4506,295.8498,0.0000,0.9429
1716,60,12,0.1000,0.00002426,0.0000,15.4384,294.9663,0.0000,0.9297
1717,78,12,0.1000,0.00002424,0.0000,14.7324,296.3907,0.0000,0.9375
1718,54,13,0.1000,0.00002423,0.0000,24.7732,286.9189,0.0000,0.8966
1719,275,22,0.1000,0.00002422,0.0000,19.7793,300.8002,0.0000,0.9205
1720,33,9,0.1000,0.00002420,0.0000,14.9715,285.3174,0.0000,0.9514
1721,68,13,0.1000,0.00002418,0.0000,13.3341,290.3670,0.0000,0.9399
1722,104,15,0.1000,0.00002417,0.0000,10.6461,290.6271,0.0000,0.9563
1723,70,13,0.1000,0.00002415,0.0000,16.8139,289.1367,0.0000,0.9303
1724,77,12,0.1000,0.00002414,0.0000,18.8054,290.8191,0.0000,0.9297
1725,52,10,0.1000,0.00002413,0.0000,23.5820,286.6007,0.0000,0.9094
1726,31,6,0.1000,0.00002411,0.0000,29.9156,285.9715,0.0000,0.9062
1727,53,11,0.1000,0.00002410,0.0000,20.0192,287.1319,0.0000,0.9205
1728,83,11,0.1000,0.00002408,0.0000,16.3165,293.5677,0.0000,0.9432
1729,40,11,0.1000,0.00002407,0.0000,18.3567,285.3806,0.0000,0.9318
1730,78,14,0.1000,0.00002405,0.0000,17.3368,292.1359,0.0000,0.9397
1731,45,13,0.1000,0.00002404,0.0000,17.1335,294.1006,0.0000,0.9399
1732,163,17,0.1000,0.00002402,0.0000,21.2231,295.9170,0.0000,0.9283
1733,35,9,0.1000,0.00002401,0.0000,19.9727,282.8279,0.0000,0.9340
1734,367,23,0.1000,0.00002399,0.0000,12.3577,294.3226,0.0000,0.9470
1735,157,17,0.1000,0.00002398,0.0000,15.1647,299.0585,0.0000,0.9504
1736,968,47,0.1000,0.00002396,0.0000,16.0488,311.8849,0.0000,0.9428
1737,322,26,0.1000,0.00002395,0.0000,21.7277,310.6042,0.0000,0.9291
1738,418,13,0.1000,0.00002393,0.0000,15.9763,316.4524,0.0000,0.9375
1739,72,12,0.1000,0.00002392,0.0000,13.7108,297.4868,0.0000,0.9349
1740,501,30,0.1000,0.00002390,0.0000,19.7038,304.8438,0.0000,0.9271
1741,618,37,0.1000,0.00002388,0.0000,18.9514,309.8767,0.0000,0.9417
1742,288,21,0.1000,0.00002387,0.0000,16.1910,300.1517,0.0000,0.9449
1743,37,11,0.1000,0.00002386,0.0000,19.6689,291.7734,0.0000,0.9261
1744,108,15,0.1000,0.00002384,0.0000,15.6044,303.9874,0.0000,0.9396
1745,172,18,0.1000,0.00002382,0.0000,14.2430,307.3040,0.0000,0.9566
1746,75,16,0.1000,0.00002381,0.0000,16.6130,297.8257,0.0000,0.9355
1747,41,10,0.1000,0.00002379,0.0000,12.5341,296.3276,0.0000,0.9656
1748,61,12,0.1000,0.00002378,0.0000,20.7370,301.9638,0.0000,0.9271
1749,116,13,0.1000,0.00002377,0.0000,13.6571,303.2880,0.0000,0.9591
1750,35,8,0.1000,0.00002375,0.0000,21.8545,295.0797,0.0000,0.9258
1751,250,24,0.1000,0.00002374,0.0000,15.1159,304.2651,0.0000,0.9336
1752,376,25,0.1000,0.00002372,0.0000,16.6318,308.1528,0.0000,0.9313
1753,53,10,0.1000,0.00002370,0.0000,13.2156,294.5303,0.0000,0.9375
1754,171,20,0.1000,0.00002369,0.0000,15.2460,299.0305,0.0000,0.9328
1755,172,16,0.1000,0.00002368,0.0000,15.1114,302.6636,0.0000,0.9531
1756,43,11,0.1000,0.00002366,0.0000,15.2934,296.4917,0.0000,0.9574
1757,99,14,0.1000,0.00002365,0.0000,15.7608,296.6078,0.0000,0.9576
1758,55,12,0.1000,0.00002363,0.0000,13.4928,294.9854,0.0000,0.9531
1759,43,10,0.1000,0.00002362,0.0000,18.3569,297.0510,0.0000,0.9250
1760,72,15,0.1000,0.00002360,0.0000,18.7671,300.6043,0.0000,0.9229
1761,87,15,0.1000,0.00002359,0.0000,15.4444,294.9125,0.0000,0.9375
1762,187,21,0.1000,0.00002357,0.0000,18.5605,299.6505,0.0000,0.9360
1763,51,10,0.1000,0.00002356,0.0000,18.0285,296.2699,0.0000,0.9406
1764,121,11,0.1000,0.00002354,0.0000,10.7597,299.2844,0.0000,0.9517
1765,232,21,0.1000,0.00002352,0.0000,14.2470,303.1335,0.0000,0.9539
1766,294,21,0.1000,0.00002351,0.0000,15.5666,308.1505,0.0000,0.9345
1767,41,10,0.1000,0.00002350,0.0000,17.4974,299.7679,0.0000,0.9437
1768,32,8,0.1000,0.00002348,0.0000,26.4768,301.3312,0.0000,0.9180
1769,75,13,0.1000,0.00002346,0.0000,23.6119,304.5465,0.0000,0.9183
1770,59,12,0.1000,0.00002345,0.0000,21.4667,308.9595,0.0000,0.9375
1771,164,15,0.1000,0.00002343,0.0000,10.6830,311.3343,0.0000,0.9583
1772,258,26,0.1000,0.00002342,0.0000,18.6519,308.3714,0.0000,0.9315
1773,33,10,0.1000,0.00002341,0.0000,19.3662,294.0622,0.0000,0.9219
1774,365,29,0.1000,0.00002339,0.0000,18.0642,313.0107,0.0000,0.9364
1775,299,23,0.1000,0.00002337,0.0000,15.7613,313.0467,0.0000,0.9484
1776,34,9,0.1000,0.00002336,0.0000,20.8097,295.7369,0.0000,0.9271
1777,42,13,0.1000,0.00002334,0.0000,18.6407,306.2881,0.0000,0.9351
1778,80,12,0.1000,0.00002333,0.0000,11.5214,303.4959,0.0000,0.9609
1779,121,16,0.1000,0.00002332,0.0000,16.9871,306.2183,0.0000,0.9375
1780,232,21,0.1000,0.00002330,0.0000,15.3547,306.1430,0.0000,0.9464
1781,177,24,0.1000,0.00002329,0.0000,15.2131,306.2468,0.0000,0.9583
1782,158,17,0.1000,0.00002327,0.0000,14.1846,312.5728,0.0000,0.9522
1783,30,7,0.1000,0.00002326,0.0000,18.1657,300.6362,0.0000,0.9152
1784,58,14,0.1000,0.00002324,0.0000,14.3333,303.2680,0.0000,0.9442
1785,63,13,0.1000,0.00002323,0.0000,18.7736,306.8685,0.0000,0.9447
1786,77,12,0.1000,0.00002321,0.0000,14.3972,302.6802,0.0000,0.9401
1787,39,10,0.1000,0.00002320,0.0000,14.9620,302.3741,0.0000,0.9469
1788,173,23,0.1000,0.00002318,0.0000,14.4610,305.7450,0.0000,0.9321
1789,38,10,0.1000,0.00002316,0.0000,13.9785,303.8231,0.0000,0.9500
1790,34,9,0.1000,0.00002315,0.0000,14.2399,296.8277,0.0000,0.9306
1791,650,38,0.1000,0.00002314,0.0000,15.1776,316.6740,0.0000,0.9457
1792,36,9,0.1000,0.00002312,0.0000,13.3454,298.8101,0.0000,0.9410
1793,403,29,0.1000,0.00002310,0.0000,15.2512,316.5733,0.0000,0.9386
1794,36,10,0.1000,0.00002309,0.0000,15.5742,297.3543,0.0000,0.9375
1795,124,17,0.1000,0.00002307,0.0000,13.8626,310.9666,0.0000,0.9412
1796,108,15,0.1000,0.00002306,0.0000,18.2307,310.8432,0.0000,0.9354
1797,348,28,0.1000,0.00002305,0.0000,15.7840,313.4641,0.0000,0.9520
1798,33,8,0.1000,0.00002303,0.0000,17.8601,308.6074,0.0000,0.9414
1799,437,28,0.1000,0.00002301,0.0000,16.9120,319.9063,0.0000,0.9386
1800,40,10,0.1000,0.00002300,0.0000,19.3403,308.5007,0.0000,0.9406
1801,42,9,0.1000,0.00002298,0.0000,17.6983,311.2092,0.0000,0.9375
1802,91,17,0.1000,0.00002297,0.0000,15.6938,313.6324,0.0000,0.9357
1803,36,10,0.1000,0.00002296,0.0000,22.3372,307.0368,0.0000,0.9156
1804,32,8,0.1000,0.00002294,0.0000,16.8221,302.4102,0.0000,0.9414
1805,57,14,0.1000,0.00002293,0.0000,15.9931,309.7746,0.0000,0.9308
1806,117,13,0.1000,0.00002291,0.0000,13.5590,318.0945,0.0000,0.9471
1807,89,15,0.1000,0.00002289,0.0000,22.1588,311.2906,0.0000,0.9292
1808,343,27,0.1000,0.00002288,0.0000,16.7522,318.2253,0.0000,0.9352
1809,52,12,0.1000,0.00002287,0.0000,19.9859,307.8282,0.0000,0.9349
1810,49,14,0.1000,0.00002285,0.0000,14.2882,312.6597,0.0000,0.9286
1811,73,10,0.1000,0.00002284,0.0000,16.5386,305.4532,0.0000,0.9313
1812,980,46,0.1000,0.00002282,0.0000,15.1427,330.9013,0.0000,0.9443
1813,94,17,0.1000,0.00002281,0.0000,17.4260,317.8775,0.0000,0.9357
1814,55,10,0.1000,0.00002279,0.0000,11.8388,315.5132,0.0000,0.9500
1815,59,14,0.1000,0.00002278,0.0000,20.0541,307.7032,0.0000,0.9286
1816,135,15,0.1000,0.00002276,0.0000,21.4422,317.5504,0.0000,0.9229
1817,117,14,0.1000,0.00002274,0.0000,13.8363,318.1054,0.0000,0.9420
1818,49,14,0.1000,0.00002273,0.0000,13.9602,314.9052,0.0000,0.9375
1819,84,14,0.1000,0.00002272,0.0000,16.8195,314.3198,0.0000,0.9397
1820,120,15,0.1000,0.00002270,0.0000,18.8790,308.6715,0.0000,0.9417
1821,121,17,0.1000,0.00002269,0.0000,16.3195,315.9375,0.0000,0.9412
1822,51,11,0.1000,0.00002267,0.0000,15.1982,308.7127,0.0000,0.9574
1823,41,10,0.1000,0.00002265,0.0000,15.0940,308.4341,0.0000,0.9406
1824,55,12,0.1000,0.00002264,0.0000,20.0478,311.5377,0.0000,0.9375
1825,36,8,0.1000,0.00002263,0.0000,19.0437,310.2180,0.0000,0.9414
1826,38,10,0.1000,0.00002261,0.0000,17.4838,305.4359,0.0000,0.9437
1827,47,9,0.1000,0.00002259,0.0000,23.7738,301.9724,0.0000,0.9167
1828,526,32,0.1000,0.00002258,0.0000,16.2698,322.9964,0.0000,0.9414
1829,34,8,0.1000,0.00002256,0.0000,12.9453,305.8186,0.0000,0.9531
1830,124,16,0.1000,0.00002255,0.0000,14.5868,313.7255,0.0000,0.9473
1831,41,10,0.1000,0.00002254,0.0000,16.0648,309.6845,0.0000,0.9375
1832,57,11,0.1000,0.00002252,0.0000,21.0168,314.7110,0.0000,0.9347
1833,167,18,0.1000,0.00002251,0.0000,18.3755,319.1181,0.0000,0.9323
1834,164,15,0.1000,0.00002249,0.0000,22.0130,324.4580,0.0000,0.9333
1835,155,17,0.1000,0.00002248,0.0000,17.4395,322.0919,0.0000,0.9430
1836,38,10,0.1000,0.00002246,0.0000,17.0344,309.0562,0.0000,0.9437
1837,703,40,0.1000,0.00002245,0.0000,16.8567,329.5335,0.0000,0.9383
1838,77,13,0.1000,0.00002243,0.0000,14.1689,319.5312,0.0000,0.9519
1839,73,12,0.1000,0.00002242,0.0000,17.4879,306.4040,0.0000,0.9297
1840,220,20,0.1000,0.00002240,0.0000,18.8611,329.5604,0.0000,0.9281
1841,286,18,0.1000,0.00002238,0.0000,15.4125,319.5581,0.0000,0.9479
1842,33,9,0.1000,0.00002237,0.0000,21.2487,311.1681,0.0000,0.9410
1843,81,12,0.1000,0.00002236,0.0000,20.8115,312.9741,0.0000,0.9349
1844,56,12,0.1000,0.00002234,0.0000,14.9461,315.2128,0.0000,0.9505
1845,76,13,0.1000,0.00002233,0.0000,18.0072,318.5262,0.0000,0.9279
1846,46,11,0.1000,0.00002231,0.0000,21.2075,313.5715,0.0000,0.9403
1847,281,26,0.1000,0.00002229,0.0000,22.2646,319.8855,0.0000,0.9387
1848,62,14,0.1000,0.00002228,0.0000,12.3745,317.1894,0.0000,0.9531
1849,85,15,0.1000,0.00002227,0.0000,16.7084,319.3774,0.0000,0.9417
1850,42,9,0.1000,0.00002225,0.0000,20.8458,311.7429,0.0000,0.9340
1851,41,10,0.1000,0.00002223,0.0000,18.7926,318.4305,0.0000,0.9313
1852,300,27,0.1000,0.00002222,0.0000,17.0444,319.3839,0.0000,0.9468
1853,43,12,0.1000,0.00002220,0.0000,18.5224,312.4611,0.0000,0.9349
1854,462,28,0.1000,0.00002219,0.0000,14.1848,322.8587,0.0000,0.9408
1855,400,31,0.1000,0.00002218,0.0000,15.6127,326.5292,0.0000,0.9486
1856,32,8,0.1000,0.00002216,0.0000,20.9074,310.2192,0.0000,0.9336
1857,38,10,0.1000,0.00002215,0.0000,22.6655,311.9894,0.0000,0.9250
1858,52,10,0.1000,0.00002213,0.0000,15.0144,309.0622,0.0000,0.9656
1859,22,6,0.1000,0.00002212,0.0000,12.8765,303.3010,0.0000,0.9635
1860,86,11,0.1000,0.00002210,0.0000,24.1135,320.4656,0.0000,0.9290
1861,159,14,0.1000,0.00002209,0.0000,15.6373,316.4426,0.0000,0.9420
1862,41,10,0.1000,0.00002207,0.0000,17.5770,320.1919,0.0000,0.9437
1863,54,11,0.1000,0.00002206,0.0000,19.5844,316.2751,0.0000,0.9290
1864,40,9,0.1000,0.00002204,0.0000,22.5558,316.0617,0.0000,0.9201
1865,63,13,0.1000,0.00002203,0.0000,22.4319,326.1191,0.0000,0.9279
1866,306,26,0.1000,0.00002201,0.0000,17.4872,331.3238,0.0000,0.9531
1867,124,19,0.1000,0.00002200,0.0000,20.0119,315.5336,0.0000,0.9326
1868,49,11,0.1000,0.00002198,0.0000,18.8933,325.4713,0.0000,0.9460
1869,55,11,0.1000,0.00002197,0.0000,20.8950,320.2060,0.0000,0.9347
1870,64,12,0.1000,0.00002195,0.0000,19.8238,316.3877,0.0000,0.9219
1871,38,10,0.1000,0.00002193,0.0000,13.5950,318.5582,0.0000,0.9594
1872,87,14,0.1000,0.00002192,0.0000,22.8599,328.3377,0.0000,0.9196
1873,65,15,0.1000,0.00002191,0.0000,17.4123,321.8103,0.0000,0.9437
1874,63,14,0.1000,0.00002189,0.0000,17.9404,324.5035,0.0000,0.9330
1875,227,19,0.1000,0.00002187,0.0000,14.4065,333.6206,0.0000,0.9523
1876,79,13,0.1000,0.00002186,0.0000,16.7657,326.3031,0.0000,0.9519
1877,127,17,0.1000,0.00002184,0.0000,17.6300,326.5630,0.0000,0.9504
1878,42,12,0.1000,0.00002183,0.0000,21.5417,322.5638,0.0000,0.9271
1879,88,14,0.1000,0.00002182,0.0000,17.2101,324.7384,0.0000,0.9576
1880,61,13,0.1000,0.00002180,0.0000,26.5733,325.5358,0.0000,0.9207
1881,43,10,0.1000,0.00002178,0.0000,15.6272,318.9652,0.0000,0.9375
1882,296,20,0.1000,0.00002177,0.0000,14.0895,334.4641,0.0000,0.9422
1883,83,12,0.1000,0.00002175,0.0000,14.3724,321.4377,0.0000,0.9401
1884,70,12,0.1000,0.00002174,0.0000,13.0500,317.8207,0.0000,0.9479
1885,183,17,0.1000,0.00002173,0.0000,18.3962,326.2927,0.0000,0.9412
1886,193,20,0.1000,0.00002171,0.0000,18.3187,329.1837,0.0000,0.9406
1887,86,15,0.1000,0.00002170,0.0000,15.0104,322.9759,0.0000,0.9563
1888,85,16,0.1000,0.00002168,0.0000,18.3851,323.8545,0.0000,0.9375
1889,705,40,0.1000,0.00002167,0.0000,15.9402,338.0871,0.0000,0.9383
1890,217,17,0.1000,0.00002165,0.0000,13.7650,325.5646,0.0000,0.9357
1891,122,15,0.1000,0.00002164,0.0000,16.3910,327.5530,0.0000,0.9458
1892,88,13,0.1000,0.00002162,0.0000,21.3614,322.4137,0.0000,0.9255
1893,140,22,0.1000,0.00002161,0.0000,17.3173,326.1098,0.0000,0.9418
1894,498,37,0.1000,0.00002159,0.0000,17.5257,336.7614,0.0000,0.9392
1895,88,14,0.1000,0.00002157,0.0000,15.7174,323.4109,0.0000,0.9554
1896,98,14,0.1000,0.00002156,0.0000,21.6962,330.2735,0.0000,0.9353
1897,124,17,0.1000,0.00002155,0.0000,16.7172,336.9246,0.0000,0.9559
1898,43,10,0.1000,0.00002153,0.0000,16.5786,330.8068,0.0000,0.9437
1899,233,20,0.1000,0.00002151,0.0000,14.8761,331.9130,0.0000,0.9516
1900,484,30,0.1000,0.00002150,0.0000,16.0975,340.6868,0.0000,0.9427
1901,232,21,0.1000,0.00002148,0.0000,17.1117,332.3300,0.0000,0.9390
1902,24,6,0.1000,0.00002147,0.0000,13.5743,318.4031,0.0000,0.9635
1903,127,16,0.1000,0.00002146,0.0000,20.5222,328.9250,0.0000,0.9277
1904,119,14,0.1000,0.00002144,0.0000,20.2664,332.9599,0.0000,0.9330
1905,279,25,0.1000,0.00002142,0.0000,17.0479,334.6391,0.0000,0.9400
1906,42,12,0.1000,0.00002141,0.0000,19.2915,328.7520,0.0000,0.9505
1907,166,16,0.1000,0.00002139,0.0000,20.1866,333.2710,0.0000,0.9414
1908,35,7,0.1000,0.00002138,0.0000,26.2750,324.8785,0.0000,0.9152
1909,545,35,0.1000,0.00002137,0.0000,19.5260,340.7084,0.0000,0.9313
1910,43,10,0.1000,0.00002135,0.0000,17.7977,330.6139,0.0000,0.9344
1911,83,13,0.1000,0.00002134,0.0000,17.9708,327.5192,0.0000,0.9303
1912,121,15,0.1000,0.00002132,0.0000,18.6997,334.7305,0.0000,0.9500
1913,64,13,0.1000,0.00002130,0.0000,19.1042,328.3317,0.0000,0.9447
1914,48,13,0.1000,0.00002129,0.0000,21.3417,331.7485,0.0000,0.9423
1915,79,12,0.1000,0.00002128,0.0000,16.8957,323.6229,0.0000,0.9375
1916,160,19,0.1000,0.00002126,0.0000,19.5261,336.5321,0.0000,0.9441
1917,460,24,0.1000,0.00002125,0.0000,20.1012,347.1339,0.0000,0.9388
1918,26,7,0.1000,0.00002123,0.0000,12.9313,313.5555,0.0000,0.9241
1919,123,15,0.1000,0.00002121,0.0000,14.1764,326.7537,0.0000,0.9437
1920,58,13,0.1000,0.00002120,0.0000,17.2472,322.4037,0.0000,0.9423
1921,39,11,0.1000,0.00002119,0.0000,13.2120,325.0856,0.0000,0.9545
1922,460,27,0.1000,0.00002117,0.0000,19.4445,339.9660,0.0000,0.9398
1923,225,22,0.1000,0.00002115,0.0000,15.6812,337.5034,0.0000,0.9418
1924,215,23,0.1000,0.00002114,0.0000,16.7411,330.0794,0.0000,0.9443
1925,79,13,0.1000,0.00002112,0.0000,14.6583,325.4691,0.0000,0.9543
1926,218,17,0.1000,0.00002111,0.0000,20.8743,339.8778,0.0000,0.9246
1927,27,7,0.1000,0.00002110,0.0000,21.0593,322.1183,0.0000,0.9330
1928,96,15,0.1000,0.00002108,0.0000,22.5056,332.2369,0.0000,0.9375
1929,100,14,0.1000,0.00002106,0.0000,14.3927,338.7706,0.0000,0.9420
1930,458,24,0.1000,0.00002105,0.0000,17.2261,347.9128,0.0000,0.9466
1931,75,14,0.1000,0.00002103,0.0000,20.9051,332.7466,0.0000,0.9263
1932,82,14,0.1000,0.00002102,0.0000,17.5549,332.7957,0.0000,0.9420
1933,41,10,0.1000,0.00002101,0.0000,13.6129,332.1220,0.0000,0.9594
1934,165,17,0.1000,0.00002099,0.0000,16.2249,335.9954,0.0000,0.9485
1935,110,14,0.1000,0.00002097,0.0000,14.5198,335.8295,0.0000,0.9420
1936,61,12,0.1000,0.00002096,0.0000,14.6953,334.6277,0.0000,0.9505
1937,42,11,0.1000,0.00002094,0.0000,17.1675,334.9674,0.0000,0.9403
1938,473,33,0.1000,0.00002093,0.0000,16.8351,340.0714,0.0000,0.9451
1939,100,16,0.1000,0.00002092,0.0000,15.8979,337.6588,0.0000,0.9512
1940,165,15,0.1000,0.00002090,0.0000,19.0305,335.2533,0.0000,0.9479
1941,76,15,0.1000,0.00002089,0.0000,14.9014,332.4142,0.0000,0.9542
1942,53,10,0.1000,0.00002087,0.0000,18.6691,329.3912,0.0000,0.9437
1943,41,9,0.1000,0.00002086,0.0000,23.7600,331.0313,0.0000,0.9410
1944,361,22,0.1000,0.00002084,0.0000,17.3279,337.4210,0.0000,0.9219
1945,38,9,0.1000,0.00002083,0.0000,19.9952,326.9803,0.0000,0.9410
1946,201,22,0.1000,0.00002081,0.0000,18.5636,337.2569,0.0000,0.9460
1947,136,19,0.1000,0.00002079,0.0000,23.6292,340.2877,0.0000,0.9293
1948,58,12,0.1000,0.00002078,0.0000,19.6433,335.6103,0.0000,0.9297
1949,115,15,0.1000,0.00002077,0.0000,15.2452,336.9503,0.0000,0.9458
1950,295,21,0.1000,0.00002075,0.0000,19.6436,343.2861,0.0000,0.9345
1951,89,15,0.1000,0.00002074,0.0000,14.6137,338.5527,0.0000,0.9417
1952,314,26,0.1000,0.00002072,0.0000,15.4836,343.3260,0.0000,0.9447
1953,298,27,0.1000,0.00002070,0.0000,18.6328,339.0178,0.0000,0.9352
1954,37,8,0.1000,0.00002069,0.0000,18.4586,332.5718,0.0000,0.9297
1955,33,7,0.1000,0.00002068,0.0000,11.9916,326.7361,0.0000,0.9464
1956,229,22,0.1000,0.00002066,0.0000,16.8887,342.0604,0.0000,0.9460
1957,66,12,0.1000,0.00002064,0.0000,13.4661,340.7205,0.0000,0.9479
1958,728,44,0.1000,0.00002063,0.0000,18.5573,352.7562,0.0000,0.9382
1959,83,14,0.1000,0.00002061,0.0000,22.4274,341.7633,0.0000,0.9263
1960,42,11,0.1000,0.00002060,0.0000,17.7733,341.7979,0.0000,0.9545
1961,41,10,0.1000,0.00002059,0.0000,15.7090,338.8492,0.0000,0.9437
1962,145,13,0.1000,0.00002057,0.0000,22.2392,341.3887,0.0000,0.9255
1963,35,9,0.1000,0.00002056,0.0000,14.1234,327.2605,0.0000,0.9549
1964,174,23,0.1000,0.00002054,0.0000,21.7093,341.1849,0.0000,0.9307
1965,23,7,0.1000,0.00002053,0.0000,21.1606,322.8437,0.0000,0.9286
1966,113,15,0.1000,0.00002051,0.0000,17.1114,344.2905,0.0000,0.9229
1967,111,16,0.1000,0.00002050,0.0000,19.4988,346.9245,0.0000,0.9395
1968,75,13,0.1000,0.00002048,0.0000,22.1299,340.2437,0.0000,0.9303
1969,233,20,0.1000,0.00002047,0.0000,19.1725,345.7262,0.0000,0.9469
1970,42,10,0.1000,0.00002045,0.0000,25.7708,334.9993,0.0000,0.9187
1971,120,15,0.1000,0.00002044,0.0000,19.2221,340.8903,0.0000,0.9333
1972,80,12,0.1000,0.00002042,0.0000,12.5956,341.6196,0.0000,0.9479
1973,272,21,0.1000,0.00002041,0.0000,24.5900,333.6344,0.0000,0.9301
1974,91,14,0.1000,0.00002039,0.0000,17.7767,343.7609,0.0000,0.9531
1975,1447,48,0.1000,0.00002038,0.0000,19.0752,369.2874,0.0000,0.9447
1976,38,9,0.1000,0.00002036,0.0000,24.5903,336.0095,0.0000,0.9375
1977,161,17,0.1000,0.00002034,0.0000,19.1519,337.0759,0.0000,0.9412
1978,55,11,0.1000,0.00002033,0.0000,15.9509,343.7298,0.0000,0.9460
1979,31,8,0.1000,0.00002032,0.0000,19.8072,336.9914,0.0000,0.9453
1980,86,15,0.1000,0.00002030,0.0000,16.7401,337.8913,0.0000,0.9437
1981,59,13,0.1000,0.00002028,0.0000,24.0826,336.7638,0.0000,0.9255
1982,47,10,0.1000,0.00002027,0.0000,19.0890,345.7476,0.0000,0.9531
1983,233,22,0.1000,0.00002025,0.0000,21.8177,341.0311,0.0000,0.9361
1984,295,23,0.1000,0.00002024,0.0000,20.4628,342.4162,0.0000,0.9334
1985,224,18,0.1000,0.00002023,0.0000,17.1620,349.4128,0.0000,0.9427
1986,41,11,0.1000,0.00002021,0.0000,21.8597,340.0725,0.0000,0.9403
1987,85,16,0.1000,0.00002020,0.0000,15.3528,337.8737,0.0000,0.9395
1988,855,40,0.1000,0.00002018,0.0000,21.5840,360.5649,0.0000,0.9320
1989,39,9,0.1000,0.00002016,0.0000,23.8130,340.8524,0.0000,0.9271
1990,121,17,0.1000,0.00002015,0.0000,22.4972,349.6601,0.0000,0.9375
1991,129,17,0.1000,0.00002014,0.0000,18.1863,354.5351,0.0000,0.9393
1992,85,12,0.1000,0.00002012,0.0000,17.5649,351.0688,0.0000,0.9557
1993,50,10,0.1000,0.00002011,0.0000,16.6708,339.7384,0.0000,0.9406
1994,276,25,0.1000,0.00002009,0.0000,16.5507,352.0483,0.0000,0.9500
1995,371,27,0.1000,0.00002008,0.0000,12.6448,358.3081,0.0000,0.9444
1996,43,11,0.1000,0.00002006,0.0000,17.0593,345.5933,0.0000,0.9403
1997,41,10,0.1000,0.00002005,0.0000,14.4183,345.4546,0.0000,0.9531
1998,286,19,0.1000,0.00002003,0.0000,17.8555,351.2461,0.0000,0.9260
1999,59,12,0.1000,0.00002002,0.0000,16.7345,341.6057,0.0000,0.9505
2000,42,11,0.1000,0.00002000,0.0000,24.8973,346.6339,0.0000,0.9233
2001,276,19,0.1000,0.00001998,0.0000,17.9645,353.4576,0.0000,0.9375
2002,83,13,0.1000,0.00001997,0.0000,20.1410,346.0894,0.0000,0.9423
2003,152,12,0.1000,0.00001996,0.0000,17.2740,355.5593,0.0000,0.9427
2004,58,11,0.1000,0.00001994,0.0000,8.4343,349.5981,0.0000,0.9688
2005,91,16,0.1000,0.00001992,0.0000,20.4623,347.5999,0.0000,0.9180
2006,454,24,0.1000,0.00001991,0.0000,16.0610,355.3982,0.0000,0.9466
2007,45,12,0.1000,0.00001989,0.0000,16.8800,341.4951,0.0000,0.9531
2008,50,11,0.1000,0.00001988,0.0000,16.1764,342.1723,0.0000,0.9460
2009,43,9,0.1000,0.00001987,0.0000,18.1688,343.0577,0.0000,0.9444
2010,287,22,0.1000,0.00001985,0.0000,15.8537,354.4249,0.0000,0.9403
2011,51,10,0.1000,0.00001983,0.0000,16.8197,342.5416,0.0000,0.9406
2012,38,10,0.1000,0.00001982,0.0000,15.7066,342.2497,0.0000,0.9437
2013,161,17,0.1000,0.00001980,0.0000,17.6837,352.1466,0.0000,0.9430
2014,84,13,0.1000,0.00001979,0.0000,24.1009,348.2227,0.0000,0.9327
2015,35,9,0.1000,0.00001978,0.0000,9.4769,340.7626,0.0000,0.9444
2016,172,18,0.1000,0.00001976,0.0000,15.3965,355.7612,0.0000,0.9462
2017,102,16,0.1000,0.00001975,0.0000,21.5407,351.9889,0.0000,0.9375
2018,547,18,0.1000,0.00001973,0.0000,21.3280,365.7542,0.0000,0.9340
2019,155,16,0.1000,0.00001972,0.0000,15.8258,349.0507,0.0000,0.9512
2020,28,8,0.1000,0.00001970,0.0000,28.4434,338.5510,0.0000,0.9141
2021,27,6,0.1000,0.00001969,0.0000,14.3869,337.6700,0.0000,0.9531
2022,41,11,0.1000,0.00001967,0.0000,21.3210,344.6293,0.0000,0.9290
2023,120,14,0.1000,0.00001966,0.0000,16.3013,352.2187,0.0000,0.9487
2024,81,12,0.1000,0.00001964,0.0000,15.2647,351.7182,0.0000,0.9479
2025,55,13,0.1000,0.00001962,0.0000,22.2570,351.0744,0.0000,0.9207
2026,104,14,0.1000,0.00001961,0.0000,9.0709,354.2907,0.0000,0.9621
2027,212,18,0.1000,0.00001960,0.0000,16.6224,357.0136,0.0000,0.9531
2028,82,12,0.1000,0.00001958,0.0000,19.9115,357.4932,0.0000,0.9427
2029,57,10,0.1000,0.00001956,0.0000,16.0963,351.3048,0.0000,0.9437
2030,53,9,0.1000,0.00001955,0.0000,14.3860,345.8740,0.0000,0.9479
2031,470,31,0.1000,0.00001953,0.0000,16.5724,357.2405,0.0000,0.9486
2032,640,50,0.1000,0.00001952,0.0000,18.1256,361.7048,0.0000,0.9456
2033,39,10,0.1000,0.00001951,0.0000,22.0478,347.7064,0.0000,0.9187
2034,42,12,0.1000,0.00001949,0.0000,22.8930,349.7345,0.0000,0.9349
2035,53,12,0.1000,0.00001947,0.0000,24.6161,345.2705,0.0000,0.9167
2036,63,12,0.1000,0.00001946,0.0000,16.7676,351.6608,0.0000,0.9427
2037,90,16,0.1000,0.00001945,0.0000,18.4655,351.5662,0.0000,0.9316
2038,203,21,0.1000,0.00001943,0.0000,19.1854,350.6446,0.0000,0.9330
2039,161,19,0.1000,0.00001942,0.0000,19.3108,354.1020,0.0000,0.9490
2040,90,14,0.1000,0.00001940,0.0000,13.7980,349.4606,0.0000,0.9464
2041,39,9,0.1000,0.00001938,0.0000,14.6851,349.2394,0.0000,0.9479
2042,87,16,0.1000,0.00001937,0.0000,20.0400,353.3191,0.0000,0.9414
2043,106,12,0.1000,0.00001936,0.0000,14.0230,346.1264,0.0000,0.9453
2044,185,19,0.1000,0.00001934,0.0000,15.5916,352.3208,0.0000,0.9424
2045,86,11,0.1000,0.00001933,0.0000,16.8128,353.1141,0.0000,0.9574
2046,38,8,0.1000,0.00001931,0.0000,15.9158,347.1133,0.0000,0.9570
2047,46,14,0.1000,0.00001929,0.0000,16.4084,354.6140,0.0000,0.9464
2048,32,7,0.1000,0.00001928,0.0000,21.0057,345.9275,0.0000,0.9464
2049,36,8,0.1000,0.00001926,0.0000,16.7932,345.8177,0.0000,0.9375
2050,107,17,0.1000,0.00001925,0.0000,17.5255,350.0405,0.0000,0.9338
2051,41,9,0.1000,0.00001924,0.0000,20.2843,354.3721,0.0000,0.9340
2052,459,29,0.1000,0.00001922,0.0000,21.2466,362.6016,0.0000,0.9332
2053,59,12,0.1000,0.00001920,0.0000,19.9096,346.3756,0.0000,0.9479
2054,181,22,0.1000,0.00001919,0.0000,16.1539,367.0039,0.0000,0.9446
2055,323,25,0.1000,0.00001917,0.0000,23.5876,366.8863,0.0000,0.9287
2056,28,7,0.1000,0.00001916,0.0000,20.3240,350.5705,0.0000,0.9286
2057,37,9,0.1000,0.00001915,0.0000,23.6490,352.2019,0.0000,0.9410
2058,59,11,0.1000,0.00001913,0.0000,25.7334,362.2187,0.0000,0.9233
2059,1184,43,0.1000,0.00001912,0.0000,16.8504,380.0131,0.0000,0.9477
2060,570,31,0.1000,0.00001910,0.0000,21.3162,365.4907,0.0000,0.9345
2061,680,42,0.1000,0.00001908,0.0000,20.2876,363.6236,0.0000,0.9449
2062,35,9,0.1000,0.00001907,0.0000,16.2270,353.5860,0.0000,0.9410
2063,164,18,0.1000,0.00001905,0.0000,20.9274,359.9789,0.0000,0.9392
2064,103,15,0.1000,0.00001904,0.0000,18.4161,356.5496,0.0000,0.9458
2065,56,13,0.1000,0.00001903,0.0000,19.6000,359.3558,0.0000,0.9351
2066,534,38,0.1000,0.00001901,0.0000,14.0541,366.2322,0.0000,0.9498
2067,37,11,0.1000,0.00001900,0.0000,23.8890,348.4967,0.0000,0.9403
2068,58,14,0.1000,0.00001898,0.0000,14.9666,355.6176,0.0000,0.9442
2069,58,14,0.1000,0.00001896,0.0000,20.4265,357.9226,0.0000,0.9263
2070,111,11,0.1000,0.00001895,0.0000,29.1802,356.8958,0.0000,0.8977
2071,124,18,0.1000,0.00001894,0.0000,22.8598,357.1163,0.0000,0.9306
2072,102,15,0.1000,0.00001892,0.0000,18.6758,359.4171,0.0000,0.9437
2073,55,12,0.1000,0.00001891,0.0000,16.7671,354.1189,0.0000,0.9427
2074,41,11,0.1000,0.00001889,0.0000,15.0078,352.8564,0.0000,0.9432
2075,38,9,0.1000,0.00001887,0.0000,18.1277,353.6141,0.0000,0.9514
2076,246,23,0.1000,0.00001886,0.0000,18.7519,364.1764,0.0000,0.9348
2077,130,19,0.1000,0.00001884,0.0000,15.2467,355.4953,0.0000,0.9539
2078,41,10,0.1000,0.00001883,0.0000,11.8510,356.1934,0.0000,0.9625
2079,426,33,0.1000,0.00001882,0.0000,22.7961,359.1787,0.0000,0.9337
2080,290,19,0.1000,0.00001880,0.0000,17.0481,368.2055,0.0000,0.9457
2081,89,16,0.1000,0.00001879,0.0000,16.2239,360.9827,0.0000,0.9473
2082,1175,37,0.1000,0.00001877,0.0000,21.1233,391.4741,0.0000,0.9383
2083,170,17,0.1000,0.00001875,0.0000,15.5924,368.3935,0.0000,0.9283
2084,123,17,0.1000,0.00001874,0.0000,21.5695,369.6183,0.0000,0.9320
2085,33,9,0.1000,0.00001873,0.0000,18.6949,357.3236,0.0000,0.9444
2086,56,12,0.1000,0.00001871,0.0000,17.4519,363.6511,0.0000,0.9349
2087,52,12,0.1000,0.00001870,0.0000,21.9136,357.4028,0.0000,0.9271
2088,80,12,0.1000,0.00001868,0.0000,17.6695,364.5573,0.0000,0.9349
2089,31,8,0.1000,0.00001866,0.0000,13.3471,358.8438,0.0000,0.9492
2090,384,30,0.1000,0.00001865,0.0000,21.2494,370.5738,0.0000,0.9385
2091,52,10,0.1000,0.00001864,0.0000,19.9928,365.2477,0.0000,0.9469
2092,54,11,0.1000,0.00001862,0.0000,16.8418,357.7020,0.0000,0.9489
2093,117,15,0.1000,0.00001861,0.0000,26.3545,366.3748,0.0000,0.9187
2094,186,17,0.1000,0.00001859,0.0000,16.3339,377.7396,0.0000,0.9467
2095,1039,53,0.1000,0.00001857,0.0000,17.3549,377.8259,0.0000,0.9381
2096,91,14,0.1000,0.00001856,0.0000,17.8411,371.6818,0.0000,0.9598
2097,84,13,0.1000,0.00001854,0.0000,24.3924,369.4306,0.0000,0.9111
2098,196,22,0.1000,0.00001853,0.0000,24.7781,368.9388,0.0000,0.9233
2099,158,22,0.1000,0.00001852,0.0000,13.7607,367.6066,0.0000,0.9560
2100,349,21,0.1000,0.00001850,0.0000,18.6312,378.1236,0.0000,0.9479
2101,72,13,0.1000,0.00001848,0.0000,24.2004,365.5659,0.0000,0.9231
2102,766,43,0.1000,0.00001847,0.0000,18.3007,380.9111,0.0000,0.9440
2103,51,11,0.1000,0.00001846,0.0000,23.8382,361.6029,0.0000,0.9261
2104,452,30,0.1000,0.00001844,0.0000,19.5865,376.5744,0.0000,0.9344
2105,790,37,0.1000,0.00001843,0.0000,18.6119,379.2470,0.0000,0.9426
2106,225,16,0.1000,0.00001841,0.0000,22.0442,369.7989,0.0000,0.9434
2107,103,16,0.1000,0.00001839,0.0000,17.4582,370.7969,0.0000,0.9434
2108,77,16,0.1000,0.00001838,0.0000,23.4104,366.5436,0.0000,0.9434
2109,60,14,0.1000,0.00001837,0.0000,24.8535,363.8016,0.0000,0.9241
2110,167,17,0.1000,0.00001835,0.0000,16.5806,378.0017,0.0000,0.9577
2111,211,24,0.1000,0.00001833,0.0000,17.5987,372.7134,0.0000,0.9544
2112,130,18,0.1000,0.00001832,0.0000,26.8051,376.1038,0.0000,0.9253
2113,90,16,0.1000,0.00001831,0.0000,19.1639,371.5669,0.0000,0.9336
2114,164,16,0.1000,0.00001829,0.0000,19.9295,374.2725,0.0000,0.9531
2115,29,7,0.1000,0.00001828,0.0000,17.1140,361.6775,0.0000,0.9286
2116,82,15,0.1000,0.00001826,0.0000,23.3382,369.3990,0.0000,0.9354
2117,314,29,0.1000,0.00001824,0.0000,18.1813,375.4942,0.0000,0.9494
2118,124,17,0.1000,0.00001823,0.0000,21.9230,376.5140,0.0000,0.9504
2119,42,12,0.1000,0.00001822,0.0000,19.7559,367.9864,0.0000,0.9427
2120,47,11,0.1000,0.00001820,0.0000,17.0865,373.3907,0.0000,0.9432
2121,171,18,0.1000,0.00001819,0.0000,22.2881,366.6618,0.0000,0.9392
2122,31,8,0.1000,0.00001817,0.0000,8.3428,361.8288,0.0000,0.9648
2123,42,9,0.1000,0.00001815,0.0000,12.4413,370.4611,0.0000,0.9653
2124,449,27,0.1000,0.00001814,0.0000,18.2326,380.6068,0.0000,0.9444
2125,217,20,0.1000,0.00001813,0.0000,18.6115,382.9405,0.0000,0.9266
2126,166,14,0.1000,0.00001811,0.0000,23.9348,379.1990,0.0000,0.9196
2127,107,14,0.1000,0.00001810,0.0000,17.6477,376.5272,0.0000,0.9420
2128,119,15,0.1000,0.00001808,0.0000,19.8595,366.8827,0.0000,0.9437
2129,118,16,0.1000,0.00001806,0.0000,22.6938,370.4791,0.0000,0.9316
2130,108,16,0.1000,0.00001805,0.0000,20.6865,373.4132,0.0000,0.9395
2131,185,17,0.1000,0.00001803,0.0000,19.2712,380.3539,0.0000,0.9412
2132,631,37,0.1000,0.00001802,0.0000,19.2745,377.6487,0.0000,0.9434
2133,73,10,0.1000,0.00001801,0.0000,13.7677,370.5224,0.0000,0.9375
2134,46,13,0.1000,0.00001799,0.0000,23.7294,369.7902,0.0000,0.9111
2135,166,16,0.1000,0.00001798,0.0000,16.6735,373.5332,0.0000,0.9453
2136,77,13,0.1000,0.00001796,0.0000,17.0585,367.7287,0.0000,0.9567
2137,105,16,0.1000,0.00001794,0.0000,19.8798,372.8208,0.0000,0.9473
2138,84,14,0.1000,0.00001793,0.0000,14.6204,375.9384,0.0000,0.9509
2139,40,10,0.1000,0.00001792,0.0000,18.3299,372.4769,0.0000,0.9469
2140,90,16,0.1000,0.00001790,0.0000,26.3094,371.6557,0.0000,0.9336
2141,509,29,0.1000,0.00001789,0.0000,23.6828,388.0320,0.0000,0.9246
2142,240,23,0.1000,0.00001787,0.0000,21.4306,382.6490,0.0000,0.9266
2143,59,12,0.1000,0.00001785,0.0000,13.8252,376.5704,0.0000,0.9609
2144,161,21,0.1000,0.00001784,0.0000,20.5769,376.2797,0.0000,0.9390
2145,37,10,0.1000,0.00001782,0.0000,30.3126,369.1499,0.0000,0.8969
2146,26,7,0.1000,0.00001781,0.0000,17.7095,362.1466,0.0000,0.9464
2147,42,10,0.1000,0.00001780,0.0000,21.5806,375.1634,0.0000,0.9156
2148,76,10,0.1000,0.00001778,0.0000,16.8115,370.7762,0.0000,0.9375
2149,167,17,0.1000,0.00001776,0.0000,20.4785,377.6816,0.0000,0.9430
2150,27,8,0.1000,0.00001775,0.0000,21.2495,367.0135,0.0000,0.9492
2151,88,14,0.1000,0.00001773,0.0000,17.6577,382.8285,0.0000,0.9420
2152,161,14,0.1000,0.00001772,0.0000,15.9822,387.4434,0.0000,0.9442
2153,186,24,0.1000,0.00001771,0.0000,16.3198,374.9059,0.0000,0.9505
2154,60,13,0.1000,0.00001769,0.0000,16.4202,378.4422,0.0000,0.9471
2155,168,16,0.1000,0.00001767,0.0000,15.8059,380.5290,0.0000,0.9570
2156,229,24,0.1000,0.00001766,0.0000,17.6436,388.0595,0.0000,0.9518
2157,65,14,0.1000,0.00001765,0.0000,17.2950,373.3924,0.0000,0.9554
2158,122,17,0.1000,0.00001763,0.0000,22.9465,375.1561,0.0000,0.9283
2159,63,15,0.1000,0.00001761,0.0000,17.6702,378.1163,0.0000,0.9542
2160,83,14,0.1000,0.00001760,0.0000,23.2648,378.3126,0.0000,0.9397
2161,55,10,0.1000,0.00001758,0.0000,16.1760,380.1766,0.0000,0.9531
2162,45,11,0.1000,0.00001757,0.0000,31.7841,374.0832,0.0000,0.9091
2163,41,10,0.1000,0.00001756,0.0000,19.8470,372.4563,0.0000,0.9375
2164,104,17,0.1000,0.00001754,0.0000,17.5669,380.6345,0.0000,0.9504
2165,784,43,0.1000,0.00001752,0.0000,19.9798,388.4157,0.0000,0.9331
2166,434,36,0.1000,0.00001751,0.0000,17.2234,382.2298,0.0000,0.9575
2167,375,29,0.1000,0.00001750,0.0000,22.9716,387.7523,0.0000,0.9256
2168,111,12,0.1000,0.00001748,0.0000,25.0674,386.0357,0.0000,0.9349
2169,156,19,0.1000,0.00001747,0.0000,11.3887,387.9162,0.0000,0.9638
2170,295,27,0.1000,0.00001745,0.0000,17.8161,385.7971,0.0000,0.9525
2171,105,16,0.1000,0.00001743,0.0000,23.2391,381.8018,0.0000,0.9277
2172,48,10,0.1000,0.00001742,0.0000,21.1281,383.7777,0.0000,0.9406
2173,294,20,0.1000,0.00001741,0.0000,18.1026,390.9206,0.0000,0.9453
2174,81,13,0.1000,0.00001739,0.0000,19.0187,381.3154,0.0000,0.9447
2175,100,16,0.1000,0.00001738,0.0000,14.9462,382.5468,0.0000,0.9570
2176,35,8,0.1000,0.00001736,0.0000,17.9401,380.8899,0.0000,0.9375
2177,670,43,0.1000,0.00001734,0.0000,17.9926,394.7116,0.0000,0.9426
2178,362,23,0.1000,0.00001733,0.0000,21.8751,395.1760,0.0000,0.9416
2179,115,15,0.1000,0.00001731,0.0000,15.3141,386.2880,0.0000,0.9292
2180,177,20,0.1000,0.00001730,0.0000,22.0175,383.9788,0.0000,0.9344
2181,102,17,0.1000,0.00001729,0.0000,19.3140,385.8254,0.0000,0.9467
2182,227,22,0.1000,0.00001727,0.0000,18.3897,384.2981,0.0000,0.9503
2183,134,17,0.1000,0.00001725,0.0000,22.1656,387.7360,0.0000,0.9393
2184,49,9,0.1000,0.00001724,0.0000,17.5348,371.8964,0.0000,0.9479
2185,31,7,0.1000,0.00001722,0.0000,17.3774,364.5805,0.0000,0.9375
2186,133,14,0.1000,0.00001721,0.0000,24.3504,379.7539,0.0000,0.9397
2187,55,12,0.1000,0.00001720,0.0000,22.4088,379.2763,0.0000,0.9349
2188,57,11,0.1000,0.00001718,0.0000,13.6894,381.8083,0.0000,0.9602
2189,120,13,0.1000,0.00001717,0.0000,22.4305,384.7826,0.0000,0.9399
2190,36,9,0.1000,0.00001715,0.0000,17.2888,378.3276,0.0000,0.9410
2191,543,33,0.1000,0.00001714,0.0000,17.7054,389.6558,0.0000,0.9422
2192,125,14,0.1000,0.00001712,0.0000,21.4932,388.3181,0.0000,0.9286
2193,45,11,0.1000,0.00001710,0.0000,15.1272,385.1360,0.0000,0.9460
2194,321,29,0.1000,0.00001709,0.0000,16.0052,384.8663,0.0000,0.9472
2195,100,15,0.1000,0.00001708,0.0000,13.0429,375.8355,0.0000,0.9563
2196,59,11,0.1000,0.00001706,0.0000,17.1327,380.1906,0.0000,0.9517
2197,56,12,0.1000,0.00001705,0.0000,23.4536,385.2027,0.0000,0.9349
2198,125,17,0.1000,0.00001703,0.0000,21.7757,387.4988,0.0000,0.9375
2199,756,42,0.1000,0.00001701,0.0000,25.7853,401.6066,0.0000,0.9256
2200,36,9,0.1000,0.00001700,0.0000,21.0437,378.1813,0.0000,0.9479
2201,220,18,0.1000,0.00001699,0.0000,19.4937,389.5368,0.0000,0.9358
2202,90,16,0.1000,0.00001697,0.0000,16.5941,389.9121,0.0000,0.9395
2203,174,18,0.1000,0.00001696,0.0000,15.7899,393.0106,0.0000,0.9531
2204,39,11,0.1000,0.00001694,0.0000,25.1478,388.6722,0.0000,0.9403
2205,37,9,0.1000,0.00001692,0.0000,14.6822,380.2342,0.0000,0.9583
2206,345,33,0.1000,0.00001691,0.0000,19.7196,392.2498,0.0000,0.9403
2207,156,18,0.1000,0.00001690,0.0000,16.0742,392.2959,0.0000,0.9462
2208,45,8,0.1000,0.00001688,0.0000,23.6144,385.8298,0.0000,0.9453
2209,43,9,0.1000,0.00001687,0.0000,18.5628,385.4447,0.0000,0.9444
2210,43,11,0.1000,0.00001685,0.0000,20.6304,382.9832,0.0000,0.9432
2211,68,10,0.1000,0.00001684,0.0000,17.6778,374.9267,0.0000,0.9563
2212,64,15,0.1000,0.00001682,0.0000,23.3320,390.0723,0.0000,0.9479
2213,163,19,0.1000,0.00001680,0.0000,17.9832,386.6743,0.0000,0.9474
2214,236,23,0.1000,0.00001679,0.0000,22.9933,392.0205,0.0000,0.9484
2215,38,10,0.1000,0.00001678,0.0000,15.0075,376.9244,0.0000,0.9500
2216,206,17,0.1000,0.00001676,0.0000,24.5598,392.4619,0.0000,0.9430
2217,60,13,0.1000,0.00001675,0.0000,13.5362,382.5218,0.0000,0.9495
2218,178,18,0.1000,0.00001673,0.0000,20.2569,397.9270,0.0000,0.9410
2219,173,20,0.1000,0.00001671,0.0000,17.6809,393.5170,0.0000,0.9406
2220,127,18,0.1000,0.00001670,0.0000,19.0801,388.9448,0.0000,0.9375
2221,106,16,0.1000,0.00001669,0.0000,19.6822,388.4216,0.0000,0.9414
2222,40,10,0.1000,0.00001667,0.0000,25.0469,380.9476,0.0000,0.9375
2223,981,43,0.1000,0.00001666,0.0000,19.6771,413.2146,0.0000,0.9375
2224,118,14,0.1000,0.00001664,0.0000,23.7064,394.9041,0.0000,0.9375
2225,39,10,0.1000,0.00001662,0.0000,21.0341,388.8403,0.0000,0.9281
2226,421,29,0.1000,0.00001661,0.0000,20.7840,396.7451,0.0000,0.9364
2227,173,19,0.1000,0.00001659,0.0000,20.0323,401.9374,0.0000,0.9507
2228,122,15,0.1000,0.00001658,0.0000,24.3737,393.7560,0.0000,0.9292
2229,160,16,0.1000,0.00001657,0.0000,18.8787,397.7257,0.0000,0.9492
2230,124,18,0.1000,0.00001655,0.0000,26.8803,393.0253,0.0000,0.9167
2231,226,21,0.1000,0.00001653,0.0000,20.9724,395.8453,0.0000,0.9464
2232,86,14,0.1000,0.00001652,0.0000,25.1363,396.5410,0.0000,0.9263
2233,100,13,0.1000,0.00001651,0.0000,17.5770,397.6624,0.0000,0.9375
2234,32,8,0.1000,0.00001649,0.0000,18.1142,388.1546,0.0000,0.9336
2235,128,17,0.1000,0.00001648,0.0000,15.0543,396.4086,0.0000,0.9577
2236,123,13,0.1000,0.00001646,0.0000,13.4553,390.7929,0.0000,0.9663
2237,386,25,0.1000,0.00001644,0.0000,19.5959,402.4006,0.0000,0.9487
2238,305,26,0.1000,0.00001643,0.0000,20.5447,391.3578,0.0000,0.9327
2239,164,16,0.1000,0.00001642,0.0000,18.0948,399.7671,0.0000,0.9434
2240,378,25,0.1000,0.00001640,0.0000,18.0108,404.0368,0.0000,0.9463
2241,779,44,0.1000,0.00001638,0.0000,17.1825,407.2935,0.0000,0.9418
2242,37,10,0.1000,0.00001637,0.0000,15.7651,393.6111,0.0000,0.9656
2243,1049,36,0.1000,0.00001636,0.0000,17.7442,412.0722,0.0000,0.9479
2244,165,16,0.1000,0.00001634,0.0000,27.7018,396.5588,0.0000,0.9336
2245,31,9,0.1000,0.00001633,0.0000,21.8273,383.8866,0.0000,0.9410
2246,81,14,0.1000,0.00001631,0.0000,17.5238,391.9110,0.0000,0.9442
2247,168,17,0.1000,0.00001629,0.0000,19.9773,391.8188,0.0000,0.9430
2248,695,48,0.1000,0.00001628,0.0000,19.3494,406.2870,0.0000,0.9499
2249,58,10,0.1000,0.00001627,0.0000,14.5865,396.0494,0.0000,0.9531
2250,117,15,0.1000,0.00001625,0.0000,18.4737,394.4156,0.0000,0.9458
2251,113,14,0.1000,0.00001624,0.0000,24.7947,393.2394,0.0000,0.9375
2252,699,36,0.1000,0.00001622,0.0000,22.5882,416.1862,0.0000,0.9375
2253,174,18,0.1000,0.00001620,0.0000,13.8650,396.2705,0.0000,0.9566
2254,211,23,0.1000,0.00001619,0.0000,18.9852,411.1964,0.0000,0.9497
2255,147,18,0.1000,0.00001618,0.0000,17.7562,401.9798,0.0000,0.9479
2256,126,17,0.1000,0.00001616,0.0000,18.8213,398.2396,0.0000,0.9522
2257,165,15,0.1000,0.00001615,0.0000,18.2691,404.5640,0.0000,0.9458
2258,370,26,0.1000,0.00001613,0.0000,18.0288,411.2266,0.0000,0.9471
2259,46,11,0.1000,0.00001611,0.0000,18.6259,389.3596,0.0000,0.9460
2260,304,22,0.1000,0.00001610,0.0000,17.8323,402.1770,0.0000,0.9602
2261,37,8,0.1000,0.00001608,0.0000,21.5674,398.2991,0.0000,0.9453
2262,62,13,0.1000,0.00001607,0.0000,20.2826,397.7202,0.0000,0.9495
2263,37,8,0.1000,0.00001606,0.0000,21.3585,391.3792,0.0000,0.9141
2264,57,12,0.1000,0.00001604,0.0000,14.2705,396.9999,0.0000,0.9609
2265,59,12,0.1000,0.00001603,0.0000,13.0069,397.2806,0.0000,0.9635
2266,80,13,0.1000,0.00001601,0.0000,19.1402,399.5710,0.0000,0.9471
2267,182,21,0.1000,0.00001599,0.0000,18.5680,400.4715,0.0000,0.9330
2268,50,9,0.1000,0.00001598,0.0000,18.6865,391.9642,0.0000,0.9549
2269,163,21,0.1000,0.00001597,0.0000,14.7326,401.8074,0.0000,0.9583
2270,102,14,0.1000,0.00001595,0.0000,20.6225,403.0099,0.0000,0.9464
2271,80,13,0.1000,0.00001594,0.0000,19.0869,391.5020,0.0000,0.9615
2272,315,25,0.1000,0.00001592,0.0000,17.9627,401.0937,0.0000,0.9487
2273,318,24,0.1000,0.00001590,0.0000,20.4663,411.8316,0.0000,0.9427
2274,233,20,0.1000,0.00001589,0.0000,19.7033,411.7800,0.0000,0.9313
2275,94,18,0.1000,0.00001587,0.0000,22.8732,402.2651,0.0000,0.9427
2276,81,14,0.1000,0.00001586,0.0000,24.8174,398.4591,0.0000,0.9308
2277,37,10,0.1000,0.00001585,0.0000,21.0189,391.6721,0.0000,0.9437
2278,56,9,0.1000,0.00001583,0.0000,26.2927,395.3844,0.0000,0.9132
2279,173,19,0.1000,0.00001581,0.0000,19.4765,394.4304,0.0000,0.9408
2280,124,15,0.1000,0.00001580,0.0000,24.7878,405.1090,0.0000,0.9313
2281,416,28,0.1000,0.00001578,0.0000,19.1968,407.2101,0.0000,0.9487
2282,38,10,0.1000,0.00001577,0.0000,28.1017,400.9520,0.0000,0.9187
2283,42,10,0.1000,0.00001576,0.0000,19.5560,396.9204,0.0000,0.9469
2284,560,30,0.1000,0.00001574,0.0000,20.3413,416.1401,0.0000,0.9448
2285,303,25,0.1000,0.00001572,0.0000,15.1818,408.2071,0.0000,0.9575
2286,54,12,0.1000,0.00001571,0.0000,13.5901,400.6754,0.0000,0.9427
2287,301,22,0.1000,0.00001570,0.0000,23.6405,415.1898,0.0000,0.9347
2288,55,12,0.1000,0.00001568,0.0000,19.7873,401.7206,0.0000,0.9453
2289,35,8,0.1000,0.00001566,0.0000,25.1557,401.7164,0.0000,0.9297
2290,58,11,0.1000,0.00001565,0.0000,28.9772,410.0143,0.0000,0.9261
2291,766,43,0.1000,0.00001563,0.0000,22.7238,424.4361,0.0000,0.9397
2292,167,19,0.1000,0.00001562,0.0000,20.5474,412.0275,0.0000,0.9424
2293,550,34,0.1000,0.00001561,0.0000,24.3782,418.6020,0.0000,0.9403
2294,176,20,0.1000,0.00001559,0.0000,21.4979,409.8947,0.0000,0.9375
2295,165,17,0.1000,0.00001557,0.0000,21.1805,409.3850,0.0000,0.9338
2296,113,13,0.1000,0.00001556,0.0000,20.6167,407.4774,0.0000,0.9495
2297,41,10,0.1000,0.00001555,0.0000,9.3846,395.7874,0.0000,0.9812
2298,413,34,0.1000,0.00001553,0.0000,19.2592,414.1907,0.0000,0.9384
2299,36,11,0.1000,0.00001552,0.0000,17.5219,397.5926,0.0000,0.9432
2300,66,15,0.1000,0.00001550,0.0000,20.9059,409.4439,0.0000,0.9417
2301,30,7,0.1000,0.00001548,0.0000,13.5958,398.6273,0.0000,0.9688
2302,91,14,0.1000,0.00001547,0.0000,15.4158,408.7016,0.0000,0.9531
2303,55,12,0.1000,0.00001546,0.0000,19.0877,405.7704,0.0000,0.9479
2304,37,9,0.1000,0.00001544,0.0000,22.6508,401.2194,0.0000,0.9410
2305,75,16,0.1000,0.00001543,0.0000,19.8099,406.5750,0.0000,0.9453
2306,228,22,0.1000,0.00001541,0.0000,23.6048,404.2446,0.0000,0.9276
2307,234,21,0.1000,0.00001539,0.0000,15.0100,412.2477,0.0000,0.9568
2308,33,7,0.1000,0.00001538,0.0000,19.8526,394.8263,0.0000,0.9241
2309,39,10,0.1000,0.00001536,0.0000,18.0015,401.6721,0.0000,0.9187
2310,37,10,0.1000,0.00001535,0.0000,22.2008,398.1651,0.0000,0.9406
2311,237,24,0.1000,0.00001534,0.0000,17.0224,408.4719,0.0000,0.9453
2312,155,23,0.1000,0.00001532,0.0000,20.2991,420.5091,0.0000,0.9375
2313,27,7,0.1000,0.00001530,0.0000,25.6460,398.3020,0.0000,0.9420
2314,187,21,0.1000,0.00001529,0.0000,19.8038,414.8276,0.0000,0.9375
2315,34,11,0.1000,0.00001528,0.0000,19.2122,404.2415,0.0000,0.9403
2316,123,16,0.1000,0.00001526,0.0000,18.4617,412.1161,0.0000,0.9551
2317,218,19,0.1000,0.00001525,0.0000,18.7569,412.1874,0.0000,0.9490
2318,83,13,0.1000,0.00001523,0.0000,15.0277,405.2267,0.0000,0.9591
2319,189,21,0.1000,0.00001522,0.0000,23.9659,411.2793,0.0000,0.9420
2320,93,18,0.1000,0.00001520,0.0000,25.6935,409.3143,0.0000,0.9149
2321,47,10,0.1000,0.00001519,0.0000,25.7561,407.9588,0.0000,0.9281
2322,39,9,0.1000,0.00001517,0.0000,18.5704,405.5087,0.0000,0.9410
2323,37,8,0.1000,0.00001515,0.0000,28.2569,405.4131,0.0000,0.9180
2324,75,15,0.1000,0.00001514,0.0000,20.9455,416.1927,0.0000,0.9250
2325,87,14,0.1000,0.00001513,0.0000,20.1015,408.0172,0.0000,0.9464
2326,223,18,0.1000,0.00001511,0.0000,23.8919,417.1391,0.0000,0.9375
2327,80,13,0.1000,0.00001510,0.0000,22.8271,410.9755,0.0000,0.9399
2328,85,14,0.1000,0.00001508,0.0000,26.0871,416.2445,0.0000,0.9353
2329,35,10,0.1000,0.00001506,0.0000,15.0683,408.8789,0.0000,0.9531
2330,124,16,0.1000,0.00001505,0.0000,21.8343,410.0780,0.0000,0.9434
2331,565,30,0.1000,0.00001504,0.0000,18.2907,426.9506,0.0000,0.9510
2332,61,13,0.1000,0.00001502,0.0000,23.1752,411.4517,0.0000,0.9399
2333,94,15,0.1000,0.00001501,0.0000,22.6232,414.7984,0.0000,0.9458
2334,43,10,0.1000,0.00001499,0.0000,29.1761,403.0751,0.0000,0.9250
2335,137,18,0.1000,0.00001497,0.0000,15.2122,402.8438,0.0000,0.9635
2336,41,12,0.1000,0.00001496,0.0000,22.3234,409.3231,0.0000,0.9401
2337,170,20,0.1000,0.00001495,0.0000,23.9170,407.9004,0.0000,0.9359
2338,134,21,0.1000,0.00001493,0.0000,15.6371,410.1268,0.0000,0.9464
2339,112,19,0.1000,0.00001492,0.0000,21.6966,414.1888,0.0000,0.9441
2340,69,9,0.1000,0.00001490,0.0000,25.2799,412.4692,0.0000,0.9514
2341,165,18,0.1000,0.00001489,0.0000,20.1121,413.6294,0.0000,0.9410
2342,54,11,0.1000,0.00001487,0.0000,19.0654,403.3568,0.0000,0.9375
2343,175,20,0.1000,0.00001485,0.0000,21.5816,412.8779,0.0000,0.9375
2344,120,18,0.1000,0.00001484,0.0000,21.9476,419.8007,0.0000,0.9323
2345,60,13,0.1000,0.00001483,0.0000,21.6361,411.5205,0.0000,0.9279
2346,450,24,0.1000,0.00001481,0.0000,18.5391,424.7574,0.0000,0.9453
2347,56,13,0.1000,0.00001480,0.0000,24.4447,415.0061,0.0000,0.9375
2348,62,11,0.1000,0.00001478,0.0000,21.0409,418.2719,0.0000,0.9375
2349,211,21,0.1000,0.00001476,0.0000,25.3806,422.8638,0.0000,0.9449
2350,353,25,0.1000,0.00001475,0.0000,15.8280,424.1007,0.0000,0.9537
2351,45,13,0.1000,0.00001474,0.0000,19.1552,414.9794,0.0000,0.9471
2352,280,22,0.1000,0.00001472,0.0000,17.6179,424.6277,0.0000,0.9460
2353,36,7,0.1000,0.00001471,0.0000,30.5879,411.0044,0.0000,0.9196
2354,647,35,0.1000,0.00001469,0.0000,22.8618,421.7253,0.0000,0.9295
2355,248,23,0.1000,0.00001467,0.0000,26.5195,420.8933,0.0000,0.9280
2356,52,12,0.1000,0.00001466,0.0000,16.9267,412.6958,0.0000,0.9557
2357,234,21,0.1000,0.00001464,0.0000,15.6233,420.1517,0.0000,0.9524
2358,37,8,0.1000,0.00001463,0.0000,10.7982,417.9442,0.0000,0.9609
2359,169,16,0.1000,0.00001462,0.0000,18.7274,417.0544,0.0000,0.9434
2360,177,21,0.1000,0.00001460,0.0000,26.1005,424.5672,0.0000,0.9390
2361,63,9,0.1000,0.00001458,0.0000,20.6519,411.4150,0.0000,0.9306
2362,222,17,0.1000,0.00001457,0.0000,28.0941,417.5820,0.0000,0.9246
2363,29,7,0.1000,0.00001455,0.0000,12.9650,403.6159,0.0000,0.9420
2364,182,18,0.1000,0.00001454,0.0000,24.5661,418.3407,0.0000,0.9392
2365,74,12,0.1000,0.00001453,0.0000,22.9027,405.3140,0.0000,0.9479
2366,64,13,0.1000,0.00001451,0.0000,19.2542,419.6336,0.0000,0.9423
2367,57,12,0.1000,0.00001449,0.0000,22.0431,408.5720,0.0000,0.9245
2368,125,17,0.1000,0.00001448,0.0000,18.1106,419.8226,0.0000,0.9540
2369,105,16,0.1000,0.00001447,0.0000,24.3999,415.3281,0.0000,0.9414
2370,559,25,0.1000,0.00001445,0.0000,20.3453,433.8319,0.0000,0.9463
2371,218,20,0.1000,0.00001443,0.0000,16.7560,420.1577,0.0000,0.9531
2372,144,19,0.1000,0.00001442,0.0000,25.0052,417.3577,0.0000,0.9375
2373,185,21,0.1000,0.00001441,0.0000,24.3401,420.7246,0.0000,0.9345
2374,166,21,0.1000,0.00001439,0.0000,21.2861,426.9005,0.0000,0.9375
2375,301,24,0.1000,0.00001438,0.0000,23.6970,426.1413,0.0000,0.9297
2376,123,17,0.1000,0.00001436,0.0000,16.7143,414.1761,0.0000,0.9485
2377,38,10,0.1000,0.00001434,0.0000,27.5998,419.0833,0.0000,0.9281
2378,210,23,0.1000,0.00001433,0.0000,25.8253,425.2422,0.0000,0.9253
2379,32,7,0.1000,0.00001432,0.0000,6.9078,410.6681,0.0000,0.9866
2380,442,30,0.1000,0.00001430,0.0000,18.7393,429.3790,0.0000,0.9479
2381,370,31,0.1000,0.00001429,0.0000,20.2376,422.6899,0.0000,0.9415
2382,76,12,0.1000,0.00001427,0.0000,17.5863,413.8595,0.0000,0.9401
2383,17,4,0.1000,0.00001425,0.0000,19.1053,406.8505,0.0000,0.9531
2384,404,28,0.1000,0.00001424,0.0000,22.2331,426.7600,0.0000,0.9397
2385,126,15,0.1000,0.00001423,0.0000,15.0036,423.1767,0.0000,0.9583
2386,58,12,0.1000,0.00001421,0.0000,26.4264,421.3135,0.0000,0.9089
2387,61,13,0.1000,0.00001420,0.0000,24.1454,420.5208,0.0000,0.9303
2388,45,11,0.1000,0.00001418,0.0000,23.4079,415.7670,0.0000,0.9545
2389,123,16,0.1000,0.00001416,0.0000,25.5828,422.8361,0.0000,0.9375
2390,450,36,0.1000,0.00001415,0.0000,21.4728,425.3794,0.0000,0.9470
2391,56,10,0.1000,0.00001413,0.0000,13.1779,419.4641,0.0000,0.9719
2392,468,25,0.1000,0.00001412,0.0000,23.6510,437.3656,0.0000,0.9387
2393,56,11,0.1000,0.00001411,0.0000,19.1633,417.4630,0.0000,0.9517
2394,568,38,0.1000,0.00001409,0.0000,22.4176,425.1926,0.0000,0.9350
2395,213,21,0.1000,0.00001407,0.0000,24.1508,430.1014,0.0000,0.9360
2396,117,17,0.1000,0.00001406,0.0000,23.1144,419.0569,0.0000,0.9375
2397,126,16,0.1000,0.00001404,0.0000,19.1964,428.0269,0.0000,0.9375
2398,228,17,0.1000,0.00001403,0.0000,21.6061,419.6215,0.0000,0.9430
2399,231,21,0.1000,0.00001402,0.0000,22.0754,429.1976,0.0000,0.9405
2400,219,18,0.1000,0.00001400,0.0000,18.3085,431.7656,0.0000,0.9601
2401,258,25,0.1000,0.00001399,0.0000,22.5445,428.2607,0.0000,0.9387
2402,64,15,0.1000,0.00001397,0.0000,17.7999,430.1464,0.0000,0.9417
2403,59,12,0.1000,0.00001395,0.0000,33.1492,426.1091,0.0000,0.9245
2404,315,24,0.1000,0.00001394,0.0000,16.6812,431.5064,0.0000,0.9518
2405,128,15,0.1000,0.00001392,0.0000,22.0073,423.4236,0.0000,0.9292
2406,173,18,0.1000,0.00001391,0.0000,24.3881,422.7566,0.0000,0.9427
2407,122,16,0.1000,0.00001390,0.0000,18.0259,430.6253,0.0000,0.9297
2408,41,11,0.1000,0.00001388,0.0000,22.0816,417.5389,0.0000,0.9460
2409,284,18,0.1000,0.00001386,0.0000,20.7851,428.0559,0.0000,0.9444
2410,62,12,0.1000,0.00001385,0.0000,12.2043,425.7211,0.0000,0.9609
2411,166,18,0.1000,0.00001383,0.0000,26.9398,428.9547,0.0000,0.9253
2412,364,24,0.1000,0.00001382,0.0000,24.8383,431.0001,0.0000,0.9336
2413,218,19,0.1000,0.00001381,0.0000,25.9286,435.5509,0.0000,0.9424
2414,122,17,0.1000,0.00001379,0.0000,17.4436,426.1752,0.0000,0.9375
2415,220,20,0.1000,0.00001377,0.0000,13.5039,430.3881,0.0000,0.9563
2416,77,12,0.1000,0.00001376,0.0000,27.4740,425.7855,0.0000,0.9245
2417,39,10,0.1000,0.00001374,0.0000,24.8554,421.8162,0.0000,0.9031
2418,120,15,0.1000,0.00001373,0.0000,21.7060,419.3885,0.0000,0.9271
2419,46,9,0.1000,0.00001371,0.0000,31.0757,421.3600,0.0000,0.9167
2420,75,15,0.1000,0.00001370,0.0000,21.6438,426.8761,0.0000,0.9417
2421,104,13,0.1000,0.00001368,0.0000,17.3383,429.0414,0.0000,0.9423
2422,423,35,0.1000,0.00001367,0.0000,25.9139,436.5045,0.0000,0.9366
2423,106,15,0.1000,0.00001366,0.0000,26.8944,431.0509,0.0000,0.9208
2424,253,24,0.1000,0.00001364,0.0000,21.3237,432.5934,0.0000,0.9440
2425,47,13,0.1000,0.00001362,0.0000,25.6263,427.0799,0.0000,0.9303
2426,190,20,0.1000,0.00001361,0.0000,23.5409,425.4562,0.0000,0.9297
2427,225,20,0.1000,0.00001360,0.0000,24.7350,436.1638,0.0000,0.9281
2428,162,18,0.1000,0.00001358,0.0000,23.1893,432.8594,0.0000,0.9427
2429,48,13,0.1000,0.00001357,0.0000,19.8249,439.5048,0.0000,0.9543
2430,221,20,0.1000,0.00001355,0.0000,16.7957,435.2550,0.0000,0.9484
2431,53,11,0.1000,0.00001353,0.0000,22.0961,426.7218,0.0000,0.9403
2432,211,18,0.1000,0.00001352,0.0000,20.4055,435.9461,0.0000,0.9392
2433,169,18,0.1000,0.00001351,0.0000,23.6115,433.1551,0.0000,0.9358
2434,164,17,0.1000,0.00001349,0.0000,14.8283,433.9427,0.0000,0.9614
2435,535,33,0.1000,0.00001348,0.0000,18.6022,443.5867,0.0000,0.9422
2436,127,16,0.1000,0.00001346,0.0000,20.4665,434.2345,0.0000,0.9492
2437,185,17,0.1000,0.00001344,0.0000,26.6702,440.6020,0.0000,0.9283
2438,41,8,0.1000,0.00001343,0.0000,13.4621,435.4899,0.0000,0.9727
2439,35,9,0.1000,0.00001341,0.0000,26.2923,425.2183,0.0000,0.9271
2440,268,27,0.1000,0.00001340,0.0000,21.5422,437.6261,0.0000,0.9549
2441,190,22,0.1000,0.00001339,0.0000,23.0945,433.3527,0.0000,0.9418
2442,247,21,0.1000,0.00001337,0.0000,25.7784,433.8972,0.0000,0.9286
2443,116,14,0.1000,0.00001335,0.0000,22.9941,433.8865,0.0000,0.9464
2444,46,11,0.1000,0.00001334,0.0000,24.2213,432.1637,0.0000,0.9460
2445,118,15,0.1000,0.00001333,0.0000,21.2158,423.4192,0.0000,0.9333
2446,47,10,0.1000,0.00001331,0.0000,24.5285,427.2403,0.0000,0.9375
2447,399,28,0.1000,0.00001330,0.0000,19.9093,447.2999,0.0000,0.9520
2448,43,10,0.1000,0.00001328,0.0000,19.9834,428.3014,0.0000,0.9437
2449,184,19,0.1000,0.00001326,0.0000,22.0747,437.1994,0.0000,0.9408
2450,557,28,0.1000,0.00001325,0.0000,15.2007,443.9615,0.0000,0.9565
2451,44,8,0.1000,0.00001324,0.0000,12.4138,429.6189,0.0000,0.9570
2452,33,7,0.1000,0.00001322,0.0000,17.5960,421.7092,0.0000,0.9509
2453,35,9,0.1000,0.00001320,0.0000,18.8096,425.8477,0.0000,0.9444
2454,55,10,0.1000,0.00001319,0.0000,18.2534,427.8631,0.0000,0.9656
2455,122,16,0.1000,0.00001318,0.0000,18.1513,430.5353,0.0000,0.9551
2456,221,17,0.1000,0.00001316,0.0000,23.1333,438.7514,0.0000,0.9357
2457,212,20,0.1000,0.00001315,0.0000,21.5198,435.3994,0.0000,0.9469
2458,52,9,0.1000,0.00001313,0.0000,23.0718,426.4920,0.0000,0.9375
2459,53,11,0.1000,0.00001311,0.0000,18.5785,432.5218,0.0000,0.9347
2460,61,13,0.1000,0.00001310,0.0000,21.0223,426.3481,0.0000,0.9495
2461,55,12,0.1000,0.00001309,0.0000,17.0024,423.2033,0.0000,0.9349
2462,41,10,0.1000,0.00001307,0.0000,25.7931,436.1073,0.0000,0.9313
2463,59,14,0.1000,0.00001306,0.0000,26.6319,438.1375,0.0000,0.9241
2464,36,10,0.1000,0.00001304,0.0000,21.1336,428.1197,0.0000,0.9406
2465,172,19,0.1000,0.00001302,0.0000,25.2580,435.9568,0.0000,0.9474
2466,30,6,0.1000,0.00001301,0.0000,24.1822,429.4571,0.0000,0.9479
2467,147,22,0.1000,0.00001300,0.0000,21.6173,442.7976,0.0000,0.9517
2468,84,13,0.1000,0.00001298,0.0000,25.8234,431.6441,0.0000,0.9399
2469,113,13,0.1000,0.00001297,0.0000,16.7496,462.2614,0.0000,0.9567
2470,116,13,0.1000,0.00001295,0.0000,19.3969,430.8430,0.0000,0.9615
2471,82,14,0.1000,0.00001293,0.0000,16.5529,443.7918,0.0000,0.9531
2472,39,10,0.1000,0.00001292,0.0000,32.5266,428.2411,0.0000,0.9281
2473,34,6,0.1000,0.00001290,0.0000,26.8909,432.7172,0.0000,0.9427
2474,172,15,0.1000,0.00001289,0.0000,25.2739,440.0341,0.0000,0.9479
2475,52,11,0.1000,0.00001288,0.0000,25.9635,429.5142,0.0000,0.9347
2476,31,8,0.1000,0.00001286,0.0000,13.2781,429.2443,0.0000,0.9648
2477,39,11,0.1000,0.00001285,0.0000,20.7289,431.5379,0.0000,0.9460
2478,88,15,0.1000,0.00001283,0.0000,21.8953,435.3259,0.0000,0.9479
2479,171,19,0.1000,0.00001281,0.0000,28.9672,430.6544,0.0000,0.9194
2480,265,23,0.1000,0.00001280,0.0000,14.7274,444.5574,0.0000,0.9511
2481,124,16,0.1000,0.00001279,0.0000,25.2614,433.7173,0.0000,0.9414
2482,78,14,0.1000,0.00001277,0.0000,20.7586,436.3981,0.0000,0.9576
2483,276,26,0.1000,0.00001276,0.0000,24.1414,442.5012,0.0000,0.9291
2484,459,25,0.1000,0.00001274,0.0000,15.8025,451.5214,0.0000,0.9575
2485,343,28,0.1000,0.00001272,0.0000,23.1054,439.4930,0.0000,0.9397
2486,26,6,0.1000,0.00001271,0.0000,29.6327,422.9687,0.0000,0.9271
2487,52,10,0.1000,0.00001269,0.0000,9.6125,435.4616,0.0000,0.9688
2488,52,10,0.1000,0.00001268,0.0000,22.4148,428.0333,0.0000,0.9344
2489,53,9,0.1000,0.00001267,0.0000,27.5993,430.3862,0.0000,0.9306
2490,40,11,0.1000,0.00001265,0.0000,13.5282,430.1341,0.0000,0.9545
2491,295,24,0.1000,0.00001263,0.0000,19.8906,440.2373,0.0000,0.9453
2492,211,22,0.1000,0.00001262,0.0000,23.9222,440.7382,0.0000,0.9276
2493,41,11,0.1000,0.00001260,0.0000,16.6618,433.6520,0.0000,0.9432
2494,68,10,0.1000,0.00001259,0.0000,16.6570,433.3296,0.0000,0.9469
2495,35,9,0.1000,0.00001258,0.0000,29.8252,430.1642,0.0000,0.9410
2496,258,25,0.1000,0.00001256,0.0000,20.8405,450.4086,0.0000,0.9475
2497,657,25,0.1000,0.00001254,0.0000,25.3234,452.1674,0.0000,0.9325
2498,45,12,0.1000,0.00001253,0.0000,22.1218,440.0870,0.0000,0.9427
2499,28,7,0.1000,0.00001252,0.0000,36.3079,429.5336,0.0000,0.9107
2500,113,15,0.1000,0.00001250,0.0000,17.6607,438.5602,0.0000,0.9479
2501,75,13,0.1000,0.00001248,0.0000,14.6546,443.8237,0.0000,0.9543
2502,26,6,0.1000,0.00001247,0.0000,27.9459,430.7103,0.0000,0.9427
2503,63,13,0.1000,0.00001245,0.0000,22.6515,442.7127,0.0000,0.9375
2504,45,13,0.1000,0.00001244,0.0000,16.8193,442.6138,0.0000,0.9591
2505,39,10,0.1000,0.00001243,0.0000,27.2929,442.8463,0.0000,0.9250
2506,45,11,0.1000,0.00001241,0.0000,29.0751,441.2960,0.0000,0.9318
2507,81,13,0.1000,0.00001239,0.0000,17.3174,443.2003,0.0000,0.9591
2508,123,20,0.1000,0.00001238,0.0000,26.9704,443.1190,0.0000,0.9359
2509,160,18,0.1000,0.00001237,0.0000,14.7664,446.7548,0.0000,0.9566
2510,43,11,0.1000,0.00001235,0.0000,19.8597,438.8914,0.0000,0.9460
2511,162,16,0.1000,0.00001234,0.0000,26.2250,447.3435,0.0000,0.9375
2512,459,35,0.1000,0.00001232,0.0000,18.8543,444.6106,0.0000,0.9420
2513,122,18,0.1000,0.00001230,0.0000,14.2199,442.6207,0.0000,0.9618
2514,224,18,0.1000,0.00001229,0.0000,19.6459,440.8060,0.0000,0.9479
2515,905,30,0.1000,0.00001228,0.0000,19.6775,465.4488,0.0000,0.9479
2516,251,23,0.1000,0.00001226,0.0000,16.5525,450.1093,0.0000,0.9497
2517,856,38,0.1000,0.00001225,0.0000,22.1704,459.6819,0.0000,0.9441
2518,129,15,0.1000,0.00001223,0.0000,27.9507,441.4831,0.0000,0.9313
2519,36,10,0.1000,0.00001221,0.0000,22.0332,437.5715,0.0000,0.9437
2520,40,10,0.1000,0.00001220,0.0000,31.2564,437.9434,0.0000,0.9156
2521,39,11,0.1000,0.00001218,0.0000,26.8527,438.2160,0.0000,0.9489
2522,41,10,0.1000,0.00001217,0.0000,26.2042,437.5821,0.0000,0.9281
2523,39,10,0.1000,0.00001216,0.0000,17.0353,435.4449,0.0000,0.9469
2524,119,17,0.1000,0.00001214,0.0000,14.7650,441.8226,0.0000,0.9632
2525,667,47,0.1000,0.00001212,0.0000,22.2985,446.3110,0.0000,0.9435
2526,216,17,0.1000,0.00001211,0.0000,22.0537,450.7161,0.0000,0.9412
2527,30,8,0.1000,0.00001209,0.0000,28.0874,433.0693,0.0000,0.9414
2528,173,19,0.1000,0.00001208,0.0000,22.8309,448.4851,0.0000,0.9359
2529,72,13,0.1000,0.00001207,0.0000,17.5111,445.4295,0.0000,0.9471
2530,30,6,0.1000,0.00001205,0.0000,12.1947,435.8294,0.0000,0.9740
2531,43,11,0.1000,0.00001204,0.0000,21.2815,445.1293,0.0000,0.9403
2532,41,8,0.1000,0.00001202,0.0000,19.3097,435.0519,0.0000,0.9336
2533,80,12,0.1000,0.00001200,0.0000,22.3703,435.1149,0.0000,0.9427
2534,216,19,0.1000,0.00001199,0.0000,17.6987,455.6517,0.0000,0.9556
2535,242,21,0.1000,0.00001197,0.0000,19.9839,442.4090,0.0000,0.9464
2536,167,17,0.1000,0.00001196,0.0000,19.6744,447.9924,0.0000,0.9357
2537,79,14,0.1000,0.00001195,0.0000,30.4648,443.3345,0.0000,0.9263
2538,39,12,0.1000,0.00001193,0.0000,26.1694,445.2910,0.0000,0.9401
2539,178,20,0.1000,0.00001191,0.0000,17.7505,455.9329,0.0000,0.9422
2540,260,25,0.1000,0.00001190,0.0000,20.1634,450.7218,0.0000,0.9513
2541,36,8,0.1000,0.00001188,0.0000,18.7644,445.2716,0.0000,0.9492
2542,84,14,0.1000,0.00001187,0.0000,16.3238,445.6255,0.0000,0.9509
2543,53,10,0.1000,0.00001186,0.0000,19.3714,440.7753,0.0000,0.9531
2544,282,19,0.1000,0.00001184,0.0000,22.5663,454.1209,0.0000,0.9441
2545,271,25,0.1000,0.00001182,0.0000,20.0443,450.3328,0.0000,0.9437
2546,71,13,0.1000,0.00001181,0.0000,24.9360,449.8896,0.0000,0.9351
2547,323,28,0.1000,0.00001179,0.0000,18.7144,449.9070,0.0000,0.9431
2548,126,16,0.1000,0.00001178,0.0000,17.8026,445.5350,0.0000,0.9512
2549,43,8,0.1000,0.00001177,0.0000,11.7421,435.9478,0.0000,0.9727
2550,39,8,0.1000,0.00001175,0.0000,27.1836,438.6625,0.0000,0.9297
2551,170,18,0.1000,0.00001173,0.0000,19.5745,454.6382,0.0000,0.9462
2552,170,19,0.1000,0.00001172,0.0000,24.5655,454.8271,0.0000,0.9359
2553,33,9,0.1000,0.00001171,0.0000,23.5989,436.9225,0.0000,0.9340
2554,183,23,0.1000,0.00001169,0.0000,17.0467,453.6393,0.0000,0.9457
2555,115,17,0.1000,0.00001167,0.0000,14.7924,452.0184,0.0000,0.9596
2556,34,9,0.1000,0.00001166,0.0000,21.8677,434.6868,0.0000,0.9340
2557,38,9,0.1000,0.00001164,0.0000,12.1980,439.3719,0.0000,0.9583
2558,58,13,0.1000,0.00001163,0.0000,20.0630,449.1206,0.0000,0.9399
2559,48,12,0.1000,0.00001162,0.0000,24.0092,450.0614,0.0000,0.9479
2560,45,10,0.1000,0.00001160,0.0000,13.9698,443.7746,0.0000,0.9719
2561,194,20,0.1000,0.00001158,0.0000,20.8265,461.5849,0.0000,0.9516
2562,29,7,0.1000,0.00001157,0.0000,22.5832,433.8819,0.0000,0.9420
2563,107,11,0.1000,0.00001156,0.0000,27.0283,452.4958,0.0000,0.9347
2564,328,25,0.1000,0.00001154,0.0000,20.4704,461.4034,0.0000,0.9487
2565,373,25,0.1000,0.00001153,0.0000,20.7441,454.4552,0.0000,0.9450
2566,827,39,0.1000,0.00001151,0.0000,19.1337,464.7696,0.0000,0.9479
2567,295,25,0.1000,0.00001149,0.0000,26.5212,457.7060,0.0000,0.9350
2568,35,8,0.1000,0.00001148,0.0000,21.5809,444.6685,0.0000,0.9531
2569,37,9,0.1000,0.00001146,0.0000,20.0774,443.1498,0.0000,0.9479
2570,46,11,0.1000,0.00001145,0.0000,17.1889,448.7262,0.0000,0.9489
2571,171,19,0.1000,0.00001144,0.0000,18.1302,462.9890,0.0000,0.9490
2572,111,13,0.1000,0.00001142,0.0000,20.1144,459.1246,0.0000,0.9447
2573,46,13,0.1000,0.00001140,0.0000,20.6414,448.1585,0.0000,0.9423
2574,74,10,0.1000,0.00001139,0.0000,23.8698,446.0404,0.0000,0.9281
2575,135,15,0.1000,0.00001138,0.0000,13.8267,450.7411,0.0000,0.9563
2576,45,12,0.1000,0.00001136,0.0000,23.1058,452.8331,0.0000,0.9245
2577,46,12,0.1000,0.00001135,0.0000,16.3394,450.2391,0.0000,0.9609
2578,120,15,0.1000,0.00001133,0.0000,17.1463,455.9203,0.0000,0.9604
2579,38,11,0.1000,0.00001131,0.0000,20.0377,447.7042,0.0000,0.9545
2580,109,18,0.1000,0.00001130,0.0000,23.0688,454.0800,0.0000,0.9410
2581,126,17,0.1000,0.00001129,0.0000,22.4133,442.3349,0.0000,0.9485
2582,164,20,0.1000,0.00001127,0.0000,19.1997,448.4322,0.0000,0.9469
2583,35,7,0.1000,0.00001125,0.0000,23.3623,448.0756,0.0000,0.9509
2584,541,35,0.1000,0.00001124,0.0000,17.5495,458.9855,0.0000,0.9446
2585,56,14,0.1000,0.00001123,0.0000,22.7565,447.4602,0.0000,0.9397
2586,158,17,0.1000,0.00001121,0.0000,14.7194,456.0167,0.0000,0.9522
2587,34,8,0.1000,0.00001120,0.0000,23.7414,446.4439,0.0000,0.9414
2588,298,22,0.1000,0.00001118,0.0000,23.6336,460.0859,0.0000,0.9276
2589,53,9,0.1000,0.00001116,0.0000,27.1334,446.2541,0.0000,0.9410
2590,85,16,0.1000,0.00001115,0.0000,14.7429,456.3741,0.0000,0.9609
2591,62,13,0.1000,0.00001114,0.0000,25.4739,450.5351,0.0000,0.9447
2592,89,17,0.1000,0.00001112,0.0000,20.3853,446.2136,0.0000,0.9430
2593,163,18,0.1000,0.00001111,0.0000,22.0966,450.2086,0.0000,0.9358
2594,36,8,0.1000,0.00001109,0.0000,33.8829,453.4358,0.0000,0.9375
2595,170,19,0.1000,0.00001107,0.0000,14.5322,450.6755,0.0000,0.9556
2596,359,24,0.1000,0.00001106,0.0000,15.9966,461.3775,0.0000,0.9505
2597,91,17,0.1000,0.00001105,0.0000,22.8886,454.5088,0.0000,0.9467
2598,76,17,0.1000,0.00001103,0.0000,18.7068,457.1446,0.0000,0.9559
2599,40,9,0.1000,0.00001102,0.0000,16.5375,451.9816,0.0000,0.9479
2600,291,18,0.1000,0.00001100,0.0000,23.5013,464.3081,0.0000,0.9497
2601,88,16,0.1000,0.00001098,0.0000,24.8876,455.9088,0.0000,0.9258
2602,231,20,0.1000,0.00001097,0.0000,29.1552,462.5853,0.0000,0.9437
2603,123,17,0.1000,0.00001095,0.0000,24.5463,456.0494,0.0000,0.9357
2604,30,7,0.1000,0.00001094,0.0000,16.4368,443.8141,0.0000,0.9598
2605,38,11,0.1000,0.00001093,0.0000,28.3126,448.0584,0.0000,0.9233
2606,58,13,0.1000,0.00001091,0.0000,27.9493,447.2783,0.0000,0.9399
2607,36,9,0.1000,0.00001090,0.0000,20.0199,444.5534,0.0000,0.9444
2608,39,9,0.1000,0.00001088,0.0000,21.7810,449.3369,0.0000,0.9444
2609,29,7,0.1000,0.00001086,0.0000,25.9951,441.4887,0.0000,0.9509
2610,84,12,0.1000,0.00001085,0.0000,19.8379,453.2349,0.0000,0.9479
2611,230,19,0.1000,0.00001084,0.0000,19.5025,456.3240,0.0000,0.9424
2612,88,15,0.1000,0.00001082,0.0000,18.4746,459.7698,0.0000,0.9437
2613,35,8,0.1000,0.00001081,0.0000,18.8711,453.6651,0.0000,0.9570
2614,52,11,0.1000,0.00001079,0.0000,16.9826,450.9900,0.0000,0.9517
2615,35,9,0.1000,0.00001077,0.0000,34.6008,447.6169,0.0000,0.8993
2616,236,21,0.1000,0.00001076,0.0000,21.4603,454.0387,0.0000,0.9405
2617,61,14,0.1000,0.00001074,0.0000,20.7919,458.1145,0.0000,0.9330
2618,43,10,0.1000,0.00001073,0.0000,20.0684,450.6358,0.0000,0.9437
2619,33,8,0.1000,0.00001072,0.0000,16.9866,446.9340,0.0000,0.9531
2620,107,17,0.1000,0.00001070,0.0000,25.7296,457.4391,0.0000,0.9357
2621,216,19,0.1000,0.00001068,0.0000,22.0664,466.3883,0.0000,0.9441
2622,38,10,0.1000,0.00001067,0.0000,18.0265,443.1511,0.0000,0.9437
2623,84,11,0.1000,0.00001065,0.0000,30.8186,460.4375,0.0000,0.9261
2624,244,23,0.1000,0.00001064,0.0000,22.6873,456.4895,0.0000,0.9484
2625,635,34,0.1000,0.00001063,0.0000,23.9729,469.2104,0.0000,0.9375
2626,45,12,0.1000,0.00001061,0.0000,20.1998,457.3423,0.0000,0.9505
2627,91,15,0.1000,0.00001059,0.0000,16.4387,454.6002,0.0000,0.9375
2628,227,21,0.1000,0.00001058,0.0000,30.3783,464.7925,0.0000,0.9196
2629,34,9,0.1000,0.00001057,0.0000,25.7493,452.0983,0.0000,0.9375
2630,43,12,0.1000,0.00001055,0.0000,17.2843,457.4215,0.0000,0.9505
2631,41,10,0.1000,0.00001053,0.0000,16.8175,462.6085,0.0000,0.9688
2632,477,29,0.1000,0.00001052,0.0000,19.8000,467.7303,0.0000,0.9515
2633,149,14,0.1000,0.00001050,0.0000,22.6104,456.2887,0.0000,0.9286
2634,38,10,0.1000,0.00001049,0.0000,21.2703,456.1693,0.0000,0.9469
2635,99,15,0.1000,0.00001048,0.0000,18.6621,456.0412,0.0000,0.9479
2636,446,27,0.1000,0.00001046,0.0000,20.5971,466.8355,0.0000,0.9456
2637,46,13,0.1000,0.00001044,0.0000,20.8744,459.6957,0.0000,0.9423
2638,83,12,0.1000,0.00001043,0.0000,29.1975,460.1578,0.0000,0.9323
2639,256,26,0.1000,0.00001042,0.0000,22.9557,465.9199,0.0000,0.9339
2640,111,19,0.1000,0.00001040,0.0000,23.4485,466.4348,0.0000,0.9408
2641,89,18,0.1000,0.00001039,0.0000,20.2608,464.0279,0.0000,0.9410
2642,70,14,0.1000,0.00001037,0.0000,21.7569,453.1038,0.0000,0.9330
2643,148,14,0.1000,0.00001035,0.0000,20.9239,461.0432,0.0000,0.9420
2644,42,11,0.1000,0.00001034,0.0000,23.7686,460.9421,0.0000,0.9233
2645,42,10,0.1000,0.00001033,0.0000,28.0502,458.0267,0.0000,0.9313
2646,99,15,0.1000,0.00001031,0.0000,21.7648,454.3811,0.0000,0.9521
2647,51,10,0.1000,0.00001030,0.0000,21.6484,454.9644,0.0000,0.9531
2648,460,24,0.1000,0.00001028,0.0000,24.6504,473.4298,0.0000,0.9362
2649,39,11,0.1000,0.00001026,0.0000,19.3951,458.1476,0.0000,0.9432
2650,248,21,0.1000,0.00001025,0.0000,25.6646,463.9832,0.0000,0.9375
2651,81,13,0.1000,0.00001023,0.0000,29.2791,458.5548,0.0000,0.9327
2652,53,11,0.1000,0.00001022,0.0000,19.9071,462.7315,0.0000,0.9432
2653,293,22,0.1000,0.00001021,0.0000,23.0550,471.6524,0.0000,0.9517
2654,588,29,0.1000,0.00001019,0.0000,18.3010,467.6860,0.0000,0.9580
2655,39,10,0.1000,0.00001017,0.0000,27.4425,455.2789,0.0000,0.9406
2656,42,10,0.1000,0.00001016,0.0000,23.4018,462.7454,0.0000,0.9406
2657,163,16,0.1000,0.00001014,0.0000,32.5630,466.9642,0.0000,0.9160
2658,95,15,0.1000,0.00001013,0.0000,25.5499,466.2433,0.0000,0.9437
2659,374,23,0.1000,0.00001012,0.0000,20.8859,478.2965,0.0000,0.9389
2660,125,17,0.1000,0.00001010,0.0000,23.5027,467.2409,0.0000,0.9467
2661,34,9,0.1000,0.00001009,0.0000,25.8348,457.9157,0.0000,0.9514
2662,85,13,0.1000,0.00001007,0.0000,22.7457,469.0330,0.0000,0.9543
2663,659,28,0.1000,0.00001005,0.0000,16.4046,489.1731,0.0000,0.9598
2664,81,13,0.1000,0.00001004,0.0000,25.1825,467.2422,0.0000,0.9447
2665,144,18,0.1000,0.00001002,0.0000,20.8708,468.8678,0.0000,0.9323
2666,130,18,0.1000,0.00001001,0.0000,25.2225,463.9811,0.0000,0.9410
2667,529,36,0.1000,0.00001000,0.0000,24.1551,480.9205,0.0000,0.9392
2668,35,9,0.1000,0.00000998,0.0000,21.5358,462.3058,0.0000,0.9340
2669,43,10,0.1000,0.00000996,0.0000,28.4189,467.3955,0.0000,0.9375
2670,43,12,0.1000,0.00000995,0.0000,16.9091,462.0044,0.0000,0.9453
2671,173,20,0.1000,0.00000993,0.0000,21.7979,467.5807,0.0000,0.9469
2672,84,14,0.1000,0.00000992,0.0000,20.4991,465.9473,0.0000,0.9531
2673,563,24,0.1000,0.00000991,0.0000,16.4168,485.8207,0.0000,0.9505
2674,29,8,0.1000,0.00000989,0.0000,18.9652,454.0206,0.0000,0.9375
2675,71,12,0.1000,0.00000987,0.0000,17.1977,463.7808,0.0000,0.9453
2676,212,17,0.1000,0.00000986,0.0000,28.1980,477.7803,0.0000,0.9301
2677,121,17,0.1000,0.00000984,0.0000,23.8873,460.9449,0.0000,0.9338
2678,102,16,0.1000,0.00000983,0.0000,26.4919,464.8377,0.0000,0.9297
2679,252,24,0.1000,0.00000982,0.0000,20.1223,475.2117,0.0000,0.9479
2680,39,10,0.1000,0.00000980,0.0000,28.5946,456.8309,0.0000,0.9437
2681,129,17,0.1000,0.00000978,0.0000,22.8817,466.2093,0.0000,0.9301
2682,168,20,0.1000,0.00000977,0.0000,20.5485,465.3926,0.0000,0.9437
2683,151,17,0.1000,0.00000976,0.0000,22.3446,469.5978,0.0000,0.9449
2684,45,11,0.1000,0.00000974,0.0000,25.0112,459.7970,0.0000,0.9318
2685,912,32,0.1000,0.00000972,0.0000,25.2427,484.7118,0.0000,0.9355
2686,209,26,0.1000,0.00000971,0.0000,26.6349,473.3676,0.0000,0.9363
2687,367,28,0.1000,0.00000969,0.0000,22.4379,482.9685,0.0000,0.9397
2688,120,17,0.1000,0.00000968,0.0000,23.4029,470.2985,0.0000,0.9504
2689,142,21,0.1000,0.00000967,0.0000,21.7877,473.6329,0.0000,0.9390
2690,31,8,0.1000,0.00000965,0.0000,23.4410,460.1445,0.0000,0.9375
2691,29,8,0.1000,0.00000963,0.0000,35.8244,459.5847,0.0000,0.9141
2692,55,11,0.1000,0.00000962,0.0000,24.8327,472.4281,0.0000,0.9375
2693,159,17,0.1000,0.00000961,0.0000,22.0399,463.5245,0.0000,0.9485
2694,369,32,0.1000,0.00000959,0.0000,25.5406,473.2335,0.0000,0.9375
2695,22,6,0.1000,0.00000958,0.0000,14.5840,449.4439,0.0000,0.9583
2696,239,23,0.1000,0.00000956,0.0000,19.7755,477.3973,0.0000,0.9552
2697,445,31,0.1000,0.00000954,0.0000,23.4494,478.4753,0.0000,0.9385
2698,77,12,0.1000,0.00000953,0.0000,16.7498,466.8735,0.0000,0.9635
2699,97,16,0.1000,0.00000951,0.0000,23.7664,476.2397,0.0000,0.9355
2700,573,33,0.1000,0.00000950,0.0000,14.5711,483.3936,0.0000,0.9593
2701,64,13,0.1000,0.00000949,0.0000,19.2273,471.7176,0.0000,0.9399
2702,91,16,0.1000,0.00000947,0.0000,21.3867,471.5170,0.0000,0.9395
2703,126,17,0.1000,0.00000945,0.0000,24.0779,474.2441,0.0000,0.9393
2704,87,15,0.1000,0.00000944,0.0000,12.1946,474.6905,0.0000,0.9583
2705,237,19,0.1000,0.00000943,0.0000,20.7457,469.4898,0.0000,0.9589
2706,24,5,0.1000,0.00000941,0.0000,17.9364,455.3622,0.0000,0.9437
2707,40,10,0.1000,0.00000940,0.0000,33.3253,467.8156,0.0000,0.9219
2708,32,8,0.1000,0.00000938,0.0000,20.7598,461.7607,0.0000,0.9531
2709,51,10,0.1000,0.00000936,0.0000,21.0474,458.0865,0.0000,0.9437
2710,262,27,0.1000,0.00000935,0.0000,17.9770,476.2931,0.0000,0.9468
2711,166,17,0.1000,0.00000934,0.0000,22.5211,479.6360,0.0000,0.9485
2712,314,23,0.1000,0.00000932,0.0000,18.7533,472.0684,0.0000,0.9429
2713,348,21,0.1000,0.00000930,0.0000,24.9010,483.6295,0.0000,0.9405
2714,46,9,0.1000,0.00000929,0.0000,24.0811,462.3475,0.0000,0.9549
2715,78,12,0.1000,0.00000928,0.0000,18.4799,474.9575,0.0000,0.9479
2716,52,11,0.1000,0.00000926,0.0000,25.6216,477.7555,0.0000,0.9403
2717,37,9,0.1000,0.00000925,0.0000,30.3463,469.3071,0.0000,0.9306
2718,222,16,0.1000,0.00000923,0.0000,19.1224,491.3864,0.0000,0.9531
2719,619,40,0.1000,0.00000921,0.0000,22.0281,494.1774,0.0000,0.9453
2720,79,14,0.1000,0.00000920,0.0000,25.7927,482.2644,0.0000,0.9353
2721,38,8,0.1000,0.00000919,0.0000,20.4734,470.4794,0.0000,0.9531
2722,112,13,0.1000,0.00000917,0.0000,19.0282,481.1136,0.0000,0.9543
2723,40,10,0.1000,0.00000916,0.0000,28.9892,472.5795,0.0000,0.9313
2724,36,8,0.1000,0.00000914,0.0000,24.5798,470.3862,0.0000,0.9180
2725,164,15,0.1000,0.00000912,0.0000,30.5680,482.6076,0.0000,0.9271
2726,450,25,0.1000,0.00000911,0.0000,23.9214,483.2593,0.0000,0.9375
2727,111,15,0.1000,0.00000910,0.0000,30.7244,469.9586,0.0000,0.9375
2728,313,23,0.1000,0.00000908,0.0000,23.9491,479.9604,0.0000,0.9280
2729,91,15,0.1000,0.00000907,0.0000,26.7629,479.7602,0.0000,0.9229
2730,388,28,0.1000,0.00000905,0.0000,21.3451,482.8729,0.0000,0.9431
2731,487,32,0.1000,0.00000903,0.0000,27.2659,488.3513,0.0000,0.9395
2732,120,13,0.1000,0.00000902,0.0000,15.6928,483.9500,0.0000,0.9639
2733,29,7,0.1000,0.00000900,0.0000,28.4670,466.2507,0.0000,0.9375
2734,29,7,0.1000,0.00000899,0.0000,38.1802,461.5416,0.0000,0.9062
2735,36,10,0.1000,0.00000898,0.0000,24.4930,470.6798,0.0000,0.9531
2736,42,9,0.1000,0.00000896,0.0000,13.9968,477.6677,0.0000,0.9549
2737,39,11,0.1000,0.00000895,0.0000,20.5451,471.5910,0.0000,0.9602
2738,177,20,0.1000,0.00000893,0.0000,15.3940,484.2973,0.0000,0.9578
2739,58,11,0.1000,0.00000891,0.0000,22.4027,480.9655,0.0000,0.9403
2740,36,10,0.1000,0.00000890,0.0000,24.9754,475.1468,0.0000,0.9344
2741,42,9,0.1000,0.00000889,0.0000,29.9567,475.3676,0.0000,0.9340
2742,65,17,0.1000,0.00000887,0.0000,22.7576,479.8677,0.0000,0.9430
2743,86,17,0.1000,0.00000886,0.0000,19.4365,479.1359,0.0000,0.9430
2744,85,14,0.1000,0.00000884,0.0000,23.5185,480.2378,0.0000,0.9375
2745,105,11,0.1000,0.00000882,0.0000,26.5533,467.9936,0.0000,0.9318
2746,57,12,0.1000,0.00000881,0.0000,26.7524,476.6883,0.0000,0.9453
2747,83,12,0.1000,0.00000879,0.0000,16.4658,483.9772,0.0000,0.9635
2748,154,18,0.1000,0.00000878,0.0000,23.2674,486.1585,0.0000,0.9566
2749,40,8,0.1000,0.00000877,0.0000,27.9058,470.3848,0.0000,0.9453
2750,82,14,0.1000,0.00000875,0.0000,23.0255,481.5338,0.0000,0.9442
2751,594,36,0.1000,0.00000873,0.0000,23.1813,498.6500,0.0000,0.9436
2752,91,15,0.1000,0.00000872,0.0000,22.9397,482.4681,0.0000,0.9563
2753,233,21,0.1000,0.00000870,0.0000,25.1888,494.8021,0.0000,0.9375
2754,118,15,0.1000,0.00000869,0.0000,16.9617,478.0134,0.0000,0.9604
2755,564,34,0.1000,0.00000868,0.0000,20.8661,492.7174,0.0000,0.9458
2756,109,18,0.1000,0.00000866,0.0000,20.9510,481.3394,0.0000,0.9410
2757,197,24,0.1000,0.00000864,0.0000,25.8576,489.9096,0.0000,0.9401
2758,451,24,0.1000,0.00000863,0.0000,24.6027,491.7579,0.0000,0.9401
2759,83,15,0.1000,0.00000861,0.0000,24.2004,476.6789,0.0000,0.9229
2760,40,10,0.1000,0.00000860,0.0000,16.9247,482.2052,0.0000,0.9469
2761,119,12,0.1000,0.00000858,0.0000,16.9579,476.4375,0.0000,0.9401
2762,39,10,0.1000,0.00000857,0.0000,22.9573,482.2744,0.0000,0.9469
2763,60,14,0.1000,0.00000855,0.0000,22.3430,475.8674,0.0000,0.9464
2764,73,12,0.1000,0.00000854,0.0000,29.1741,483.4468,0.0000,0.9297
2765,55,12,0.1000,0.00000853,0.0000,17.3929,477.1308,0.0000,0.9453
2766,222,23,0.1000,0.00000851,0.0000,23.3638,487.3382,0.0000,0.9443
2767,145,18,0.1000,0.00000849,0.0000,22.3330,497.4443,0.0000,0.9375
2768,698,41,0.1000,0.00000848,0.0000,20.6485,492.1350,0.0000,0.9474
2769,120,15,0.1000,0.00000847,0.0000,23.7349,487.8136,0.0000,0.9437
2770,74,15,0.1000,0.00000845,0.0000,22.3677,475.0524,0.0000,0.9500
2771,154,17,0.1000,0.00000844,0.0000,24.3556,492.7485,0.0000,0.9375
2772,364,30,0.1000,0.00000842,0.0000,23.0187,487.6727,0.0000,0.9385
2773,76,14,0.1000,0.00000840,0.0000,28.3379,483.0532,0.0000,0.9353
2774,117,13,0.1000,0.00000839,0.0000,20.3714,487.3994,0.0000,0.9495
2775,310,27,0.1000,0.00000838,0.0000,23.5980,487.4893,0.0000,0.9375
2776,89,16,0.1000,0.00000836,0.0000,19.5130,478.6205,0.0000,0.9414
2777,56,12,0.1000,0.00000835,0.0000,25.1836,487.7623,0.0000,0.9323
2778,124,17,0.1000,0.00000833,0.0000,21.4996,482.8915,0.0000,0.9449
2779,78,15,0.1000,0.00000831,0.0000,29.2176,489.0457,0.0000,0.9354
2780,39,10,0.1000,0.00000830,0.0000,29.9962,479.3777,0.0000,0.9125
2781,116,15,0.1000,0.00000828,0.0000,23.4822,484.6571,0.0000,0.9333
2782,127,16,0.1000,0.00000827,0.0000,25.4051,501.1648,0.0000,0.9434
2783,383,28,0.1000,0.00000826,0.0000,26.8507,501.0191,0.0000,0.9364
2784,103,14,0.1000,0.00000824,0.0000,20.2946,494.2285,0.0000,0.9509
2785,250,19,0.1000,0.00000822,0.0000,26.6285,492.9787,0.0000,0.9293
2786,26,5,0.1000,0.00000821,0.0000,23.5253,481.6573,0.0000,0.9625
2787,229,18,0.1000,0.00000819,0.0000,27.6320,492.7132,0.0000,0.9306
2788,124,16,0.1000,0.00000818,0.0000,22.9589,492.2692,0.0000,0.9453
2789,879,49,0.1000,0.00000817,0.0000,17.4342,500.0038,0.0000,0.9483
2790,63,13,0.1000,0.00000815,0.0000,17.3881,490.0098,0.0000,0.9423
2791,33,9,0.1000,0.00000814,0.0000,19.6572,475.3413,0.0000,0.9514
2792,34,9,0.1000,0.00000812,0.0000,26.8095,479.4553,0.0000,0.9479
2793,45,13,0.1000,0.00000810,0.0000,14.0417,485.6779,0.0000,0.9543
2794,38,10,0.1000,0.00000809,0.0000,25.5229,481.6497,0.0000,0.9437
2795,42,10,0.1000,0.00000807,0.0000,19.0424,489.7137,0.0000,0.9531
2796,969,44,0.1000,0.00000806,0.0000,24.3533,500.7819,0.0000,0.9460
2797,380,25,0.1000,0.00000805,0.0000,25.2934,494.6886,0.0000,0.9437
2798,501,25,0.1000,0.00000803,0.0000,22.7741,495.0640,0.0000,0.9387
2799,122,16,0.1000,0.00000801,0.0000,23.4814,492.8528,0.0000,0.9141
2800,40,11,0.1000,0.00000800,0.0000,13.4374,481.8445,0.0000,0.9659
2801,116,15,0.1000,0.00000798,0.0000,17.9800,492.7261,0.0000,0.9521
2802,497,24,0.1000,0.00000797,0.0000,23.9080,501.7147,0.0000,0.9479
2803,31,8,0.1000,0.00000796,0.0000,16.2654,472.1233,0.0000,0.9531
2804,37,9,0.1000,0.00000794,0.0000,21.0162,483.9416,0.0000,0.9653
2805,201,17,0.1000,0.00000792,0.0000,28.4827,493.5718,0.0000,0.9357
2806,79,11,0.1000,0.00000791,0.0000,20.5101,488.3402,0.0000,0.9432
2807,40,11,0.1000,0.00000789,0.0000,15.9551,485.6702,0.0000,0.9545
2808,39,9,0.1000,0.00000788,0.0000,16.0872,488.4945,0.0000,0.9514
2809,233,23,0.1000,0.00000787,0.0000,25.0287,495.9258,0.0000,0.9402
2810,290,20,0.1000,0.00000785,0.0000,22.1274,497.3670,0.0000,0.9547
2811,44,11,0.1000,0.00000783,0.0000,26.2459,493.0321,0.0000,0.9261
2812,38,10,0.1000,0.00000782,0.0000,19.9257,488.0071,0.0000,0.9656
2813,59,13,0.1000,0.00000780,0.0000,27.7023,493.1682,0.0000,0.9351
2814,37,9,0.1000,0.00000779,0.0000,21.0664,485.8706,0.0000,0.9375
2815,33,9,0.1000,0.00000777,0.0000,20.8781,475.7340,0.0000,0.9236
2816,174,21,0.1000,0.00000776,0.0000,19.1043,498.1443,0.0000,0.9479
2817,43,10,0.1000,0.00000775,0.0000,20.0011,488.4504,0.0000,0.9563
2818,57,13,0.1000,0.00000773,0.0000,30.9679,491.2042,0.0000,0.9327
2819,750,24,0.1000,0.00000772,0.0000,23.0227,508.8708,0.0000,0.9453
2820,125,16,0.1000,0.00000770,0.0000,21.9000,479.7583,0.0000,0.9453
2821,162,15,0.1000,0.00000768,0.0000,22.8830,495.6303,0.0000,0.9479
2822,176,19,0.1000,0.00000767,0.0000,30.8061,500.8281,0.0000,0.9211
2823,60,12,0.1000,0.00000766,0.0000,19.0686,496.6001,0.0000,0.9505
2824,420,27,0.1000,0.00000764,0.0000,27.8236,496.8540,0.0000,0.9398
2825,80,15,0.1000,0.00000763,0.0000,22.9875,490.2714,0.0000,0.9500
2826,211,21,0.1000,0.00000761,0.0000,23.3202,499.6976,0.0000,0.9464
2827,302,29,0.1000,0.00000759,0.0000,22.0964,501.7770,0.0000,0.9547
2828,41,10,0.1000,0.00000758,0.0000,10.1261,488.2774,0.0000,0.9656
2829,54,10,0.1000,0.00000756,0.0000,8.6828,486.7516,0.0000,0.9688
2830,44,12,0.1000,0.00000755,0.0000,24.3881,483.1769,0.0000,0.9557
2831,45,12,0.1000,0.00000754,0.0000,26.8442,490.0764,0.0000,0.9401
2832,171,18,0.1000,0.00000752,0.0000,24.5107,497.2218,0.0000,0.9358
2833,135,17,0.1000,0.00000750,0.0000,30.9551,491.9463,0.0000,0.9283
2834,174,18,0.1000,0.00000749,0.0000,29.9130,501.8333,0.0000,0.9306
2835,216,20,0.1000,0.00000747,0.0000,23.4545,498.4311,0.0000,0.9453
2836,43,13,0.1000,0.00000746,0.0000,25.7236,492.8306,0.0000,0.9447
2837,43,10,0.1000,0.00000745,0.0000,25.0834,485.5930,0.0000,0.9375
2838,73,13,0.1000,0.00000743,0.0000,24.8614,495.5793,0.0000,0.9399
2839,160,18,0.1000,0.00000741,0.0000,25.9090,503.8814,0.0000,0.9392
2840,43,11,0.1000,0.00000740,0.0000,19.1450,491.5902,0.0000,0.9375
2841,40,11,0.1000,0.00000739,0.0000,31.2331,486.1002,0.0000,0.9347
2842,46,12,0.1000,0.00000737,0.0000,21.7435,498.6755,0.0000,0.9375
2843,173,17,0.1000,0.00000735,0.0000,26.5695,502.4702,0.0000,0.9320
2844,33,8,0.1000,0.00000734,0.0000,27.8621,487.7702,0.0000,0.9297
2845,34,8,0.1000,0.00000732,0.0000,24.4804,484.9638,0.0000,0.9375
2846,169,22,0.1000,0.00000731,0.0000,25.3814,501.0938,0.0000,0.9375
2847,45,10,0.1000,0.00000730,0.0000,22.2196,489.5549,0.0000,0.9594
2848,129,17,0.1000,0.00000728,0.0000,20.5055,495.8391,0.0000,0.9412
2849,1455,44,0.1000,0.00000726,0.0000,26.4016,520.3003,0.0000,0.9332
2850,217,18,0.1000,0.00000725,0.0000,24.8392,499.2630,0.0000,0.9323
2851,294,21,0.1000,0.00000724,0.0000,26.3832,500.4245,0.0000,0.9435
2852,304,25,0.1000,0.00000722,0.0000,22.3154,503.6477,0.0000,0.9475
2853,39,9,0.1000,0.00000721,0.0000,25.5772,496.3109,0.0000,0.9201
2854,82,16,0.1000,0.00000719,0.0000,19.6741,495.8277,0.0000,0.9551
2855,127,19,0.1000,0.00000717,0.0000,21.0758,497.7008,0.0000,0.9457
2856,116,14,0.1000,0.00000716,0.0000,18.2271,503.6495,0.0000,0.9442
2857,86,14,0.1000,0.00000715,0.0000,17.0926,495.5485,0.0000,0.9554
2858,154,15,0.1000,0.00000713,0.0000,19.5686,508.6511,0.0000,0.9542
2859,51,10,0.1000,0.00000712,0.0000,18.6795,488.4854,0.0000,0.9500
2860,60,11,0.1000,0.00000710,0.0000,24.0109,495.9773,0.0000,0.9460
2861,230,23,0.1000,0.00000708,0.0000,19.1020,502.0931,0.0000,0.9457
2862,57,12,0.1000,0.00000707,0.0000,21.4341,491.5301,0.0000,0.9401
2863,169,19,0.1000,0.00000705,0.0000,24.8901,497.9487,0.0000,0.9424
2864,123,16,0.1000,0.00000704,0.0000,16.7656,502.4609,0.0000,0.9570
2865,392,26,0.1000,0.00000703,0.0000,26.7809,497.2631,0.0000,0.9363
2866,59,11,0.1000,0.00000701,0.0000,31.2514,490.4709,0.0000,0.9148
2867,218,16,0.1000,0.00000699,0.0000,29.3264,510.6317,0.0000,0.9414
2868,96,16,0.1000,0.00000698,0.0000,28.8821,500.4072,0.0000,0.9336
2869,47,10,0.1000,0.00000696,0.0000,16.1121,498.8717,0.0000,0.9563
2870,103,17,0.1000,0.00000695,0.0000,21.5292,508.2827,0.0000,0.9412
2871,127,17,0.1000,0.00000694,0.0000,21.7971,503.6114,0.0000,0.9540
2872,44,11,0.1000,0.00000692,0.0000,25.0422,498.1233,0.0000,0.9290
2873,43,11,0.1000,0.00000691,0.0000,15.7090,503.5396,0.0000,0.9574
2874,192,20,0.1000,0.00000689,0.0000,18.5105,505.1164,0.0000,0.9484
2875,41,10,0.1000,0.00000687,0.0000,20.2642,497.1812,0.0000,0.9344
2876,53,10,0.1000,0.00000686,0.0000,28.9871,491.8293,0.0000,0.9250
2877,559,26,0.1000,0.00000684,0.0000,22.4634,511.8345,0.0000,0.9471
2878,37,10,0.1000,0.00000683,0.0000,18.5926,498.7569,0.0000,0.9531
2879,53,10,0.1000,0.00000682,0.0000,21.7466,497.0629,0.0000,0.9469
2880,308,23,0.1000,0.00000680,0.0000,22.7388,507.6443,0.0000,0.9361
2881,39,10,0.1000,0.00000678,0.0000,27.3771,496.8168,0.0000,0.9250
2882,355,22,0.1000,0.00000677,0.0000,28.6311,510.6248,0.0000,0.9347
2883,40,11,0.1000,0.00000675,0.0000,24.0481,494.7778,0.0000,0.9432
2884,85,14,0.1000,0.00000674,0.0000,17.7118,498.2351,0.0000,0.9509
2885,71,10,0.1000,0.00000673,0.0000,24.5330,507.4135,0.0000,0.9531
2886,83,13,0.1000,0.00000671,0.0000,20.0099,501.3457,0.0000,0.9519
2887,159,14,0.1000,0.00000669,0.0000,18.7142,512.5045,0.0000,0.9509
2888,121,17,0.1000,0.00000668,0.0000,26.5789,506.2302,0.0000,0.9375
2889,113,17,0.1000,0.00000666,0.0000,26.6009,509.1723,0.0000,0.9430
2890,140,17,0.1000,0.00000665,0.0000,19.2783,508.0825,0.0000,0.9485
2891,83,14,0.1000,0.00000664,0.0000,22.2411,499.8392,0.0000,0.9442
2892,163,18,0.1000,0.00000662,0.0000,30.7243,503.4507,0.0000,0.9340
2893,215,15,0.1000,0.00000660,0.0000,16.8128,511.0908,0.0000,0.9667
2894,299,22,0.1000,0.00000659,0.0000,20.1571,508.3388,0.0000,0.9503
2895,41,10,0.1000,0.00000658,0.0000,16.6829,494.7112,0.0000,0.9531
2896,494,26,0.1000,0.00000656,0.0000,25.7649,517.4562,0.0000,0.9399
2897,57,12,0.1000,0.00000654,0.0000,31.0450,502.7189,0.0000,0.9297
2898,60,14,0.1000,0.00000653,0.0000,32.2976,508.6669,0.0000,0.9330
2899,35,9,0.1000,0.00000651,0.0000,24.7396,488.7821,0.0000,0.9514
2900,165,14,0.1000,0.00000650,0.0000,27.6841,500.7368,0.0000,0.9420
2901,88,14,0.1000,0.00000649,0.0000,18.4452,503.0929,0.0000,0.9621
2902,53,12,0.1000,0.00000647,0.0000,25.7232,508.1069,0.0000,0.9245
2903,46,12,0.1000,0.00000645,0.0000,20.6450,504.0045,0.0000,0.9557
2904,103,14,0.1000,0.00000644,0.0000,31.3473,507.6936,0.0000,0.9330
2905,38,9,0.1000,0.00000643,0.0000,19.7307,502.0613,0.0000,0.9236
2906,533,31,0.1000,0.00000641,0.0000,25.9652,519.6075,0.0000,0.9365
2907,1186,41,0.1000,0.00000640,0.0000,23.9373,529.3785,0.0000,0.9375
2908,72,12,0.1000,0.00000638,0.0000,21.1998,530.5379,0.0000,0.9531
2909,60,15,0.1000,0.00000636,0.0000,25.5569,506.5863,0.0000,0.9500
2910,48,9,0.1000,0.00000635,0.0000,27.3924,501.6175,0.0000,0.9479
2911,26,7,0.1000,0.00000633,0.0000,30.2766,487.9631,0.0000,0.9330
2912,25,7,0.1000,0.00000632,0.0000,35.1292,488.4325,0.0000,0.9330
2913,286,27,0.1000,0.00000631,0.0000,27.5984,508.3620,0.0000,0.9363
2914,188,23,0.1000,0.00000629,0.0000,24.5920,510.7146,0.0000,0.9484
2915,214,21,0.1000,0.00000627,0.0000,22.6979,513.8410,0.0000,0.9464
2916,37,9,0.1000,0.00000626,0.0000,18.2927,495.3632,0.0000,0.9583
2917,288,22,0.1000,0.00000624,0.0000,24.0082,515.8649,0.0000,0.9446
2918,36,9,0.1000,0.00000623,0.0000,25.5940,495.6593,0.0000,0.9375
2919,268,22,0.1000,0.00000622,0.0000,24.0936,504.8082,0.0000,0.9347
2920,78,11,0.1000,0.00000620,0.0000,22.2082,504.3979,0.0000,0.9347
2921,513,30,0.1000,0.00000618,0.0000,19.0196,511.6671,0.0000,0.9437
2922,49,10,0.1000,0.00000617,0.0000,28.8559,498.7667,0.0000,0.9313
2923,167,16,0.1000,0.00000615,0.0000,19.3102,504.6877,0.0000,0.9473
2924,128,14,0.1000,0.00000614,0.0000,20.6884,515.6297,0.0000,0.9464
2925,163,18,0.1000,0.00000612,0.0000,21.4019,506.0096,0.0000,0.9462
2926,72,13,0.1000,0.00000611,0.0000,28.1875,507.6936,0.0000,0.9255
2927,36,9,0.1000,0.00000610,0.0000,22.8645,497.8351,0.0000,0.9340
2928,39,9,0.1000,0.00000608,0.0000,37.0959,500.9241,0.0000,0.9167
2929,195,20,0.1000,0.00000606,0.0000,23.9290,515.3527,0.0000,0.9469
2930,102,17,0.1000,0.00000605,0.0000,25.3656,510.8341,0.0000,0.9357
2931,61,12,0.1000,0.00000603,0.0000,34.4631,513.0654,0.0000,0.9297
2932,54,11,0.1000,0.00000602,0.0000,26.0497,503.7202,0.0000,0.9375
2933,568,31,0.1000,0.00000601,0.0000,26.7349,528.4652,0.0000,0.9315
2934,156,13,0.1000,0.00000599,0.0000,28.3868,516.2983,0.0000,0.9399
2935,118,14,0.1000,0.00000597,0.0000,31.4770,514.1975,0.0000,0.9353
2936,54,11,0.1000,0.00000596,0.0000,13.1331,505.9930,0.0000,0.9602
2937,38,10,0.1000,0.00000594,0.0000,26.1614,506.0652,0.0000,0.9344
2938,39,10,0.1000,0.00000593,0.0000,22.2141,506.9233,0.0000,0.9469
2939,40,11,0.1000,0.00000592,0.0000,19.2000,511.5993,0.0000,0.9545
2940,71,11,0.1000,0.00000590,0.0000,23.2694,512.0976,0.0000,0.9460
2941,302,24,0.1000,0.00000589,0.0000,21.7192,515.2029,0.0000,0.9453
2942,32,8,0.1000,0.00000587,0.0000,21.6798,491.2504,0.0000,0.9531
2943,60,13,0.1000,0.00000585,0.0000,27.2830,512.1630,0.0000,0.9111
2944,85,14,0.1000,0.00000584,0.0000,27.3164,509.0753,0.0000,0.9330
2945,222,16,0.1000,0.00000582,0.0000,22.3793,508.7128,0.0000,0.9395
2946,44,8,0.1000,0.00000581,0.0000,17.7559,507.4256,0.0000,0.9297
2947,30,7,0.1000,0.00000580,0.0000,23.4193,502.0779,0.0000,0.9509
2948,57,13,0.1000,0.00000578,0.0000,19.4127,505.3592,0.0000,0.9639
2949,156,13,0.1000,0.00000577,0.0000,20.9620,508.3455,0.0000,0.9375
2950,105,10,0.1000,0.00000575,0.0000,20.3440,506.7789,0.0000,0.9406
2951,76,11,0.1000,0.00000573,0.0000,25.5576,507.3722,0.0000,0.9403
2952,63,12,0.1000,0.00000572,0.0000,20.7369,506.7124,0.0000,0.9557
2953,199,22,0.1000,0.00000571,0.0000,22.1177,519.4416,0.0000,0.9517
2954,91,11,0.1000,0.00000569,0.0000,28.7094,509.9655,0.0000,0.9290
2955,40,9,0.1000,0.00000568,0.0000,23.7420,498.1910,0.0000,0.9271
2956,169,17,0.1000,0.00000566,0.0000,18.5846,516.1528,0.0000,0.9559
2957,56,12,0.1000,0.00000564,0.0000,20.8689,506.0365,0.0000,0.9297
2958,397,32,0.1000,0.00000563,0.0000,19.1460,521.9522,0.0000,0.9541
2959,53,11,0.1000,0.00000561,0.0000,20.6886,513.0738,0.0000,0.9574
2960,33,7,0.1000,0.00000560,0.0000,15.5470,502.0081,0.0000,0.9688
2961,56,10,0.1000,0.00000559,0.0000,31.1560,505.7572,0.0000,0.9187
2962,55,10,0.1000,0.00000557,0.0000,31.2708,507.6231,0.0000,0.9250
2963,215,22,0.1000,0.00000555,0.0000,18.1680,512.2475,0.0000,0.9560
2964,162,20,0.1000,0.00000554,0.0000,21.3920,503.1187,0.0000,0.9453
2965,57,11,0.1000,0.00000552,0.0000,25.0865,508.3965,0.0000,0.9460
2966,584,40,0.1000,0.00000551,0.0000,23.4427,525.3476,0.0000,0.9406
2967,119,15,0.1000,0.00000550,0.0000,25.5179,518.0887,0.0000,0.9354
2968,36,7,0.1000,0.00000548,0.0000,20.7368,512.5790,0.0000,0.9554
2969,62,14,0.1000,0.00000546,0.0000,30.4334,515.2788,0.0000,0.9308
2970,235,19,0.1000,0.00000545,0.0000,34.0435,514.4550,0.0000,0.9260
2971,26,7,0.1000,0.00000544,0.0000,31.1993,501.2315,0.0000,0.9464
2972,37,10,0.1000,0.00000542,0.0000,17.3543,515.0662,0.0000,0.9656
2973,386,30,0.1000,0.00000540,0.0000,19.2091,524.8209,0.0000,0.9490
2974,170,17,0.1000,0.00000539,0.0000,31.1632,521.6394,0.0000,0.9467
2975,130,17,0.1000,0.00000537,0.0000,22.2987,522.2837,0.0000,0.9522
2976,37,8,0.1000,0.00000536,0.0000,29.2658,509.4396,0.0000,0.9258
2977,44,8,0.1000,0.00000535,0.0000,42.8055,501.9315,0.0000,0.9180
2978,162,18,0.1000,0.00000533,0.0000,31.7390,515.0838,0.0000,0.9375
2979,48,11,0.1000,0.00000531,0.0000,24.0120,519.2742,0.0000,0.9460
2980,38,9,0.1000,0.00000530,0.0000,25.2050,513.4137,0.0000,0.9444
2981,181,22,0.1000,0.00000529,0.0000,20.6876,518.2611,0.0000,0.9531
2982,590,35,0.1000,0.00000527,0.0000,34.7718,529.9740,0.0000,0.9250
2983,61,12,0.1000,0.00000526,0.0000,22.2218,512.3795,0.0000,0.9297
2984,82,14,0.1000,0.00000524,0.0000,20.1996,510.8877,0.0000,0.9330
2985,268,30,0.1000,0.00000522,0.0000,30.0129,522.2499,0.0000,0.9281
2986,84,16,0.1000,0.00000521,0.0000,21.6830,514.3671,0.0000,0.9414
2987,107,11,0.1000,0.00000520,0.0000,27.2978,522.7756,0.0000,0.9432
2988,60,12,0.1000,0.00000518,0.0000,22.1169,510.5196,0.0000,0.9479
2989,46,9,0.1000,0.00000517,0.0000,19.4457,511.0813,0.0000,0.9444
2990,405,33,0.1000,0.00000515,0.0000,21.9729,519.4592,0.0000,0.9460
2991,44,9,0.1000,0.00000513,0.0000,25.8009,508.7011,0.0000,0.9479
2992,50,10,0.1000,0.00000512,0.0000,21.7503,513.4394,0.0000,0.9594
2993,111,13,0.1000,0.00000510,0.0000,27.2683,515.8733,0.0000,0.9447
2994,38,10,0.1000,0.00000509,0.0000,22.0160,514.1358,0.0000,0.9406
2995,32,8,0.1000,0.00000508,0.0000,13.0506,501.0356,0.0000,0.9648
2996,141,18,0.1000,0.00000506,0.0000,24.2998,524.8880,0.0000,0.9236
2997,229,20,0.1000,0.00000504,0.0000,19.7850,525.6984,0.0000,0.9437
2998,64,13,0.1000,0.00000503,0.0000,20.6806,521.9911,0.0000,0.9591
2999,81,15,0.1000,0.00000501,0.0000,23.7011,513.8480,0.0000,0.9458
3000,33,9,0.1000,0.00000500,0.0000,22.0411,502.7722,0.0000,0.9375
