episode,score,steps,epsilon,lr,beta,loss,avg_v,grad_norm,clear_frac
205001,5892,72,0.1000,0.00000500,0.0000,14.7596,3010.5040,0.0000,0.9764
205002,2861,54,0.1000,0.00000500,0.0000,11.0699,2931.7028,0.0000,0.9878
205003,12996,117,0.1000,0.00000500,0.0000,11.2204,2990.8609,0.0000,0.9882
205004,735,34,0.1000,0.00000500,0.0000,11.7321,2865.5395,0.0000,0.9936
205005,4299,83,0.1000,0.00000500,0.0000,22.7009,2929.8137,0.0000,0.9876
205006,3958,84,0.1000,0.00000500,0.0000,26.6605,2914.5477,0.0000,0.9851
205007,5238,96,0.1000,0.00000500,0.0000,23.9954,2933.7824,0.0000,0.9896
205008,1120,51,0.1000,0.00000500,0.0000,19.0111,2869.4167,0.0000,0.9884
205009,369,24,0.1000,0.00000500,0.0000,21.1617,2847.6000,0.0000,0.9909
205010,903,29,0.1000,0.00000500,0.0000,18.5146,2879.9883,0.0000,0.9892
205011,2992,81,0.1000,0.00000500,0.0000,22.8976,2894.8989,0.0000,0.9873
205012,12684,111,0.1000,0.00000500,0.0000,17.3965,2972.6095,0.0000,0.9896
205013,908,36,0.1000,0.00000500,0.0000,29.1440,2878.3587,0.0000,0.9844
205014,62260,234,0.1000,0.00000500,0.0000,18.8920,3126.6334,0.0000,0.9868
205015,6096,87,0.1000,0.00000500,0.0000,12.6702,2912.9608,0.0000,0.9910
205016,3594,89,0.1000,0.00000500,0.0000,16.7091,2871.2187,0.0000,0.9856
205017,3588,84,0.1000,0.00000500,0.0000,12.7047,2873.5097,0.0000,0.9900
205018,11800,207,0.1000,0.00000500,0.0000,20.8889,2895.8538,0.0000,0.9852
205019,30,6,0.1000,0.00000500,0.0000,8.4158,2747.3343,0.0000,0.9948
205020,7207,96,0.1000,0.00000500,0.0000,13.8627,2891.1233,0.0000,0.9896
205021,7614,105,0.1000,0.00000500,0.0000,12.4933,2892.4457,0.0000,0.9908
205022,520,30,0.1000,0.00000500,0.0000,17.5001,2810.5348,0.0000,0.9875
205023,4292,81,0.1000,0.00000500,0.0000,16.7667,2863.2794,0.0000,0.9865
205024,6233,126,0.1000,0.00000500,0.0000,15.3245,2867.5568,0.0000,0.9846
205025,1520,40,0.1000,0.00000500,0.0000,21.8644,2849.1557,0.0000,0.9883
205026,8538,120,0.1000,0.00000500,0.0000,15.6854,2858.1172,0.0000,0.9914
205027,811,42,0.1000,0.00000500,0.0000,16.8505,2798.1885,0.0000,0.9836
205028,1192,36,0.1000,0.00000500,0.0000,8.7422,2806.0938,0.0000,0.9905
205029,817,36,0.1000,0.00000500,0.0000,18.6403,2803.0917,0.0000,0.9809
205030,1726,45,0.1000,0.00000500,0.0000,14.4081,2827.4989,0.0000,0.9882
205031,2296,74,0.1000,0.00000500,0.0000,13.0582,2811.6813,0.0000,0.9856
205032,929,33,0.1000,0.00000500,0.0000,13.2839,2813.2330,0.0000,0.9858
205033,164,18,0.1000,0.00000500,0.0000,22.9041,2766.7581,0.0000,0.9809
205034,1883,45,0.1000,0.00000500,0.0000,16.1584,2845.8364,0.0000,0.9889
205035,834,39,0.1000,0.00000500,0.0000,10.4154,2813.5569,0.0000,0.9848
205036,895,42,0.1000,0.00000500,0.0000,17.1776,2794.6774,0.0000,0.9866
205037,1569,66,0.1000,0.00000500,0.0000,18.6963,2778.3846,0.0000,0.9820
205038,46,9,0.1000,0.00000500,0.0000,18.2141,2728.7443,0.0000,0.9861
205039,1874,41,0.1000,0.00000500,0.0000,24.6921,2815.2265,0.0000,0.9825
205040,638,24,0.1000,0.00000500,0.0000,18.7532,2773.2628,0.0000,0.9753
205041,1882,69,0.1000,0.00000500,0.0000,13.2936,2791.8551,0.0000,0.9864
205042,4297,108,0.1000,0.00000500,0.0000,24.3520,2809.8418,0.0000,0.9826
205043,1190,39,0.1000,0.00000500,0.0000,10.3679,2796.0766,0.0000,0.9880
205044,2147,57,0.1000,0.00000500,0.0000,22.1140,2804.3855,0.0000,0.9830
205045,39,9,0.1000,0.00000500,0.0000,17.8072,2753.7809,0.0000,0.9861
205046,1713,54,0.1000,0.00000500,0.0000,19.2996,2789.9697,0.0000,0.9873
205047,10042,105,0.1000,0.00000500,0.0000,20.3498,2843.3079,0.0000,0.9824
205048,2157,60,0.1000,0.00000500,0.0000,13.6101,2771.3578,0.0000,0.9828
205049,9592,168,0.1000,0.00000500,0.0000,17.0834,2803.4842,0.0000,0.9857
205050,1444,60,0.1000,0.00000500,0.0000,13.6296,2755.6464,0.0000,0.9859
205051,1975,62,0.1000,0.00000500,0.0000,14.4690,2768.2131,0.0000,0.9869
205052,45,12,0.1000,0.00000500,0.0000,14.3419,2714.4890,0.0000,0.9870
205053,38,9,0.1000,0.00000500,0.0000,27.4094,2725.7157,0.0000,0.9757
205054,296,18,0.1000,0.00000500,0.0000,22.0717,2751.5379,0.0000,0.9757
205055,1883,42,0.1000,0.00000500,0.0000,22.9340,2755.5851,0.0000,0.9777
205056,40,10,0.1000,0.00000500,0.0000,7.2052,2710.7319,0.0000,0.9875
205057,5738,94,0.1000,0.00000500,0.0000,12.2097,2782.5244,0.0000,0.9847
205058,1357,36,0.1000,0.00000500,0.0000,7.5784,2746.8011,0.0000,0.9852
205059,1737,66,0.1000,0.00000500,0.0000,16.8162,2732.9908,0.0000,0.9820
205060,57,10,0.1000,0.00000500,0.0000,16.0704,2694.1492,0.0000,0.9969
205061,582,30,0.1000,0.00000500,0.0000,24.6146,2736.3136,0.0000,0.9823
205062,1508,48,0.1000,0.00000500,0.0000,9.2719,2744.3507,0.0000,0.9883
205063,4680,75,0.1000,0.00000500,0.0000,14.3109,2787.3072,0.0000,0.9846
205064,211,15,0.1000,0.00000500,0.0000,13.3589,2725.7229,0.0000,0.9938
205065,6367,126,0.1000,0.00000500,0.0000,19.8381,2766.9464,0.0000,0.9861
205066,5591,132,0.1000,0.00000500,0.0000,15.2369,2734.0971,0.0000,0.9799
205067,107,12,0.1000,0.00000500,0.0000,21.8444,2682.2407,0.0000,0.9870
205068,694,33,0.1000,0.00000500,0.0000,15.3258,2709.9104,0.0000,0.9782
205069,10261,93,0.1000,0.00000500,0.0000,9.7055,2818.9001,0.0000,0.9839
205070,7519,177,0.1000,0.00000500,0.0000,17.2291,2730.6687,0.0000,0.9852
205071,4611,59,0.1000,0.00000500,0.0000,15.4166,2746.4530,0.0000,0.9820
205072,2332,51,0.1000,0.00000500,0.0000,11.9878,2720.4249,0.0000,0.9841
205073,813,39,0.1000,0.00000500,0.0000,9.6794,2679.0873,0.0000,0.9888
205074,555,27,0.1000,0.00000500,0.0000,6.9320,2680.6986,0.0000,0.9896
205075,160,18,0.1000,0.00000500,0.0000,7.0718,2668.7836,0.0000,0.9861
205076,4645,99,0.1000,0.00000500,0.0000,13.9327,2717.0763,0.0000,0.9801
205077,1194,39,0.1000,0.00000500,0.0000,13.5989,2695.4484,0.0000,0.9808
205078,703,30,0.1000,0.00000500,0.0000,12.4391,2680.4614,0.0000,0.9885
205079,2375,66,0.1000,0.00000500,0.0000,10.7087,2700.5639,0.0000,0.9863
205080,765,24,0.1000,0.00000500,0.0000,7.7910,2689.6313,0.0000,0.9922
205081,1525,45,0.1000,0.00000500,0.0000,12.5988,2697.3683,0.0000,0.9882
205082,463,24,0.1000,0.00000500,0.0000,13.5064,2656.2351,0.0000,0.9844
205083,850,39,0.1000,0.00000500,0.0000,14.1695,2645.7435,0.0000,0.9800
205084,1651,51,0.1000,0.00000500,0.0000,13.8292,2667.1189,0.0000,0.9810
205085,632,33,0.1000,0.00000500,0.0000,14.7400,2654.1447,0.0000,0.9877
205086,1629,57,0.1000,0.00000500,0.0000,9.9873,2662.2417,0.0000,0.9857
205087,12680,108,0.1000,0.00000500,0.0000,16.4505,2781.6217,0.0000,0.9815
205088,1327,42,0.1000,0.00000500,0.0000,8.9852,2677.1369,0.0000,0.9888
205089,12886,170,0.1000,0.00000500,0.0000,12.7305,2732.6234,0.0000,0.9849
205090,1374,60,0.1000,0.00000500,0.0000,15.5989,2624.5619,0.0000,0.9854
205091,1688,42,0.1000,0.00000500,0.0000,12.8679,2662.3023,0.0000,0.9851
205092,1476,47,0.1000,0.00000500,0.0000,15.4019,2642.7834,0.0000,0.9827
205093,165,18,0.1000,0.00000500,0.0000,10.9502,2619.6529,0.0000,0.9809
205094,3541,90,0.1000,0.00000500,0.0000,12.3679,2651.1264,0.0000,0.9868
205095,587,27,0.1000,0.00000500,0.0000,6.8448,2622.9288,0.0000,0.9850
205096,4617,66,0.1000,0.00000500,0.0000,10.4581,2698.6891,0.0000,0.9839
205097,539,33,0.1000,0.00000500,0.0000,9.0220,2622.9363,0.0000,0.9839
205098,1458,57,0.1000,0.00000500,0.0000,9.6555,2640.8441,0.0000,0.9819
205099,1713,63,0.1000,0.00000500,0.0000,14.3801,2641.4230,0.0000,0.9856
205100,299,21,0.1000,0.00000500,0.0000,7.4680,2602.3920,0.0000,0.9821
205101,80,12,0.1000,0.00000500,0.0000,12.8437,2582.3863,0.0000,0.9844
205102,771,30,0.1000,0.00000500,0.0000,14.9566,2614.4380,0.0000,0.9833
205103,4734,78,0.1000,0.00000500,0.0000,13.0953,2666.0703,0.0000,0.9792
205104,11950,162,0.1000,0.00000500,0.0000,12.2392,2689.9581,0.0000,0.9851
205105,4155,72,0.1000,0.00000500,0.0000,17.9302,2667.9328,0.0000,0.9839
205106,577,33,0.1000,0.00000500,0.0000,21.6312,2598.6023,0.0000,0.9801
205107,1588,59,0.1000,0.00000500,0.0000,9.8496,2617.2946,0.0000,0.9857
205108,2914,72,0.1000,0.00000500,0.0000,15.8728,2630.5847,0.0000,0.9800
205109,145,15,0.1000,0.00000500,0.0000,6.2419,2563.4882,0.0000,0.9938
205110,538,30,0.1000,0.00000500,0.0000,14.8421,2576.3345,0.0000,0.9833
205111,2715,60,0.1000,0.00000500,0.0000,10.3363,2616.6303,0.0000,0.9865
205112,4807,105,0.1000,0.00000500,0.0000,12.8989,2623.6112,0.0000,0.9795
205113,604,44,0.1000,0.00000500,0.0000,10.5494,2569.8499,0.0000,0.9822
205114,544,18,0.1000,0.00000500,0.0000,15.2179,2584.3515,0.0000,0.9896
205115,2930,84,0.1000,0.00000500,0.0000,14.2088,2604.1482,0.0000,0.9829
205116,6773,132,0.1000,0.00000500,0.0000,14.6535,2626.9602,0.0000,0.9827
205117,162,15,0.1000,0.00000500,0.0000,22.6273,2543.9532,0.0000,0.9833
205118,221,18,0.1000,0.00000500,0.0000,6.2951,2554.6937,0.0000,0.9792
205119,450,24,0.1000,0.00000500,0.0000,7.1719,2573.8406,0.0000,0.9922
205120,5248,72,0.1000,0.00000500,0.0000,16.4504,2639.6949,0.0000,0.9826
205121,2119,57,0.1000,0.00000500,0.0000,9.1988,2579.2359,0.0000,0.9896
205122,68,12,0.1000,0.00000500,0.0000,13.2207,2543.7980,0.0000,0.9870
205123,3059,60,0.1000,0.00000500,0.0000,13.4545,2611.9983,0.0000,0.9839
205124,358,27,0.1000,0.00000500,0.0000,12.5006,2549.4207,0.0000,0.9884
205125,9820,89,0.1000,0.00000500,0.0000,13.0424,2693.9543,0.0000,0.9817
205126,442,21,0.1000,0.00000500,0.0000,18.1502,2551.2281,0.0000,0.9881
205127,8497,174,0.1000,0.00000500,0.0000,15.1614,2599.8079,0.0000,0.9860
205128,8240,126,0.1000,0.00000500,0.0000,16.1016,2600.1813,0.0000,0.9834
205129,2162,54,0.1000,0.00000500,0.0000,12.0864,2569.5526,0.0000,0.9803
205130,1878,42,0.1000,0.00000500,0.0000,10.0124,2578.2560,0.0000,0.9814
205131,214,18,0.1000,0.00000500,0.0000,15.2938,2519.4382,0.0000,0.9757
205132,5214,120,0.1000,0.00000500,0.0000,15.6417,2567.7082,0.0000,0.9794
205133,1147,47,0.1000,0.00000500,0.0000,14.4665,2545.7642,0.0000,0.9860
205134,358,18,0.1000,0.00000500,0.0000,15.1665,2513.8522,0.0000,0.9809
205135,3775,87,0.1000,0.00000500,0.0000,14.6945,2551.3772,0.0000,0.9856
205136,1466,49,0.1000,0.00000500,0.0000,25.2370,2526.9942,0.0000,0.9777
205137,967,42,0.1000,0.00000500,0.0000,8.4612,2516.5301,0.0000,0.9851
205138,2346,96,0.1000,0.00000500,0.0000,12.1671,2521.5466,0.0000,0.9837
205139,42,9,0.1000,0.00000500,0.0000,24.0870,2504.5605,0.0000,0.9722
205140,1704,41,0.1000,0.00000500,0.0000,14.0688,2557.5092,0.0000,0.9787
205141,328,27,0.1000,0.00000500,0.0000,12.1125,2500.9901,0.0000,0.9803
205142,1514,39,0.1000,0.00000500,0.0000,12.4868,2540.8089,0.0000,0.9840
205143,1566,54,0.1000,0.00000500,0.0000,7.9124,2518.9179,0.0000,0.9896
205144,983,36,0.1000,0.00000500,0.0000,15.0226,2512.8082,0.0000,0.9809
205145,1527,38,0.1000,0.00000500,0.0000,12.7226,2515.9163,0.0000,0.9852
205146,578,44,0.1000,0.00000500,0.0000,11.6888,2479.6768,0.0000,0.9901
205147,724,36,0.1000,0.00000500,0.0000,12.7354,2489.2214,0.0000,0.9722
205148,297,30,0.1000,0.00000500,0.0000,11.9409,2477.0375,0.0000,0.9865
205149,521,36,0.1000,0.00000500,0.0000,18.7131,2469.9420,0.0000,0.9835
205150,800,33,0.1000,0.00000500,0.0000,18.1886,2499.0304,0.0000,0.9782
205151,5311,81,0.1000,0.00000500,0.0000,13.2811,2581.0872,0.0000,0.9823
205152,7240,120,0.1000,0.00000500,0.0000,12.4542,2558.6622,0.0000,0.9828
205153,2315,52,0.1000,0.00000500,0.0000,18.2381,2541.6681,0.0000,0.9814
205154,596,35,0.1000,0.00000500,0.0000,7.8527,2465.7865,0.0000,0.9875
205155,547,24,0.1000,0.00000500,0.0000,19.3312,2458.2990,0.0000,0.9844
205156,555,27,0.1000,0.00000500,0.0000,11.7569,2465.7233,0.0000,0.9815
205157,2075,41,0.1000,0.00000500,0.0000,9.9373,2522.6003,0.0000,0.9817
205158,550,24,0.1000,0.00000500,0.0000,6.4195,2469.6358,0.0000,0.9909
205159,287,18,0.1000,0.00000500,0.0000,18.7154,2459.0259,0.0000,0.9774
205160,4245,83,0.1000,0.00000500,0.0000,15.3527,2521.9736,0.0000,0.9763
205161,1615,57,0.1000,0.00000500,0.0000,10.4660,2479.4397,0.0000,0.9868
205162,6369,117,0.1000,0.00000500,0.0000,14.3316,2530.3370,0.0000,0.9848
205163,225,18,0.1000,0.00000500,0.0000,15.2760,2456.9582,0.0000,0.9826
205164,1614,51,0.1000,0.00000500,0.0000,13.2460,2483.4707,0.0000,0.9841
205165,2312,54,0.1000,0.00000500,0.0000,11.9722,2508.6614,0.0000,0.9832
205166,3688,87,0.1000,0.00000500,0.0000,13.6685,2487.9783,0.0000,0.9802
205167,1033,42,0.1000,0.00000500,0.0000,8.3770,2455.8782,0.0000,0.9754
205168,117,15,0.1000,0.00000500,0.0000,15.9446,2419.3086,0.0000,0.9875
205169,806,33,0.1000,0.00000500,0.0000,15.9773,2454.0736,0.0000,0.9839
205170,666,42,0.1000,0.00000500,0.0000,13.7727,2432.4744,0.0000,0.9807
205171,3860,102,0.1000,0.00000500,0.0000,10.7158,2478.9205,0.0000,0.9807
205172,1808,51,0.1000,0.00000500,0.0000,9.4880,2477.9427,0.0000,0.9822
205173,2411,77,0.1000,0.00000500,0.0000,9.9022,2465.1035,0.0000,0.9830
205174,3990,75,0.1000,0.00000500,0.0000,8.3581,2494.6031,0.0000,0.9842
205175,2228,81,0.1000,0.00000500,0.0000,11.6030,2426.9665,0.0000,0.9772
205176,2327,66,0.1000,0.00000500,0.0000,16.0297,2444.4675,0.0000,0.9806
205177,497,27,0.1000,0.00000500,0.0000,12.1355,2421.2102,0.0000,0.9826
205178,1662,54,0.1000,0.00000500,0.0000,17.3386,2446.9271,0.0000,0.9838
205179,900,27,0.1000,0.00000500,0.0000,9.7446,2450.7032,0.0000,0.9803
205180,72,12,0.1000,0.00000500,0.0000,19.6558,2404.6822,0.0000,0.9792
205181,1593,45,0.1000,0.00000500,0.0000,19.5107,2459.8910,0.0000,0.9785
205182,658,24,0.1000,0.00000500,0.0000,13.2060,2436.2549,0.0000,0.9805
205183,3301,63,0.1000,0.00000500,0.0000,13.5312,2495.0473,0.0000,0.9826
205184,7767,96,0.1000,0.00000500,0.0000,11.4356,2527.7358,0.0000,0.9844
205185,302,22,0.1000,0.00000500,0.0000,9.3790,2394.9577,0.0000,0.9815
205186,5564,81,0.1000,0.00000500,0.0000,13.6932,2491.8614,0.0000,0.9838
205187,579,30,0.1000,0.00000500,0.0000,5.9468,2398.5679,0.0000,0.9906
205188,406,24,0.1000,0.00000500,0.0000,12.7611,2400.7887,0.0000,0.9805
205189,366,21,0.1000,0.00000500,0.0000,9.1539,2401.9007,0.0000,0.9866
205190,558,30,0.1000,0.00000500,0.0000,10.7894,2393.7484,0.0000,0.9844
205191,5663,63,0.1000,0.00000500,0.0000,9.3431,2521.0224,0.0000,0.9816
205192,209,15,0.1000,0.00000500,0.0000,16.2262,2394.9963,0.0000,0.9854
205193,542,33,0.1000,0.00000500,0.0000,8.8240,2408.7616,0.0000,0.9877
205194,496,24,0.1000,0.00000500,0.0000,12.9583,2398.2263,0.0000,0.9792
205195,1030,52,0.1000,0.00000500,0.0000,10.6724,2399.5305,0.0000,0.9868
205196,556,27,0.1000,0.00000500,0.0000,8.8010,2405.9583,0.0000,0.9803
205197,2095,60,0.1000,0.00000500,0.0000,10.4800,2428.6800,0.0000,0.9839
205198,296,21,0.1000,0.00000500,0.0000,16.6239,2370.4535,0.0000,0.9807
205199,2306,72,0.1000,0.00000500,0.0000,9.5272,2402.0354,0.0000,0.9787
205200,12250,195,0.1000,0.00000500,0.0000,12.7367,2465.0434,0.0000,0.9829
205201,1196,35,0.1000,0.00000500,0.0000,14.3414,2409.0735,0.0000,0.9821
205202,5073,93,0.1000,0.00000500,0.0000,11.5876,2454.0433,0.0000,0.9866
205203,1893,45,0.1000,0.00000500,0.0000,17.5147,2424.3526,0.0000,0.9764
205204,3630,78,0.1000,0.00000500,0.0000,15.3902,2411.3223,0.0000,0.9796
205205,1191,42,0.1000,0.00000500,0.0000,7.8701,2375.7691,0.0000,0.9829
205206,542,33,0.1000,0.00000500,0.0000,13.0120,2346.4217,0.0000,0.9792
205207,877,46,0.1000,0.00000500,0.0000,12.7806,2357.9085,0.0000,0.9810
205208,917,33,0.1000,0.00000500,0.0000,12.6343,2367.0933,0.0000,0.9801
205209,989,33,0.1000,0.00000500,0.0000,17.3022,2381.5722,0.0000,0.9811
205210,1078,45,0.1000,0.00000500,0.0000,10.9357,2358.5202,0.0000,0.9764
205211,279,27,0.1000,0.00000500,0.0000,17.4353,2336.1452,0.0000,0.9803
205212,51,8,0.1000,0.00000500,0.0000,34.1348,2340.3380,0.0000,0.9727
205213,667,30,0.1000,0.00000500,0.0000,13.5769,2372.2213,0.0000,0.9833
205214,1140,51,0.1000,0.00000500,0.0000,8.2275,2363.1033,0.0000,0.9859
205215,397,28,0.1000,0.00000500,0.0000,13.7005,2350.0391,0.0000,0.9821
205216,1610,48,0.1000,0.00000500,0.0000,16.0460,2385.1727,0.0000,0.9818
205217,781,38,0.1000,0.00000500,0.0000,12.6789,2346.3330,0.0000,0.9827
205218,3355,105,0.1000,0.00000500,0.0000,17.6414,2360.3624,0.0000,0.9818
205219,1238,45,0.1000,0.00000500,0.0000,12.9220,2354.0994,0.0000,0.9819
205220,9277,123,0.1000,0.00000500,0.0000,14.0567,2446.4265,0.0000,0.9825
205221,1307,36,0.1000,0.00000500,0.0000,10.7815,2355.4501,0.0000,0.9835
205222,3835,111,0.1000,0.00000500,0.0000,10.7664,2365.7766,0.0000,0.9856
205223,576,33,0.1000,0.00000500,0.0000,12.1228,2330.7253,0.0000,0.9792
205224,3817,116,0.1000,0.00000500,0.0000,11.1784,2331.9819,0.0000,0.9820
205225,1373,42,0.1000,0.00000500,0.0000,7.2267,2347.1331,0.0000,0.9844
205226,1412,63,0.1000,0.00000500,0.0000,10.1192,2324.9456,0.0000,0.9797
205227,2977,57,0.1000,0.00000500,0.0000,14.4545,2387.3380,0.0000,0.9759
205228,1400,42,0.1000,0.00000500,0.0000,8.1039,2338.4981,0.0000,0.9866
205229,2326,54,0.1000,0.00000500,0.0000,11.7047,2371.0116,0.0000,0.9797
205230,4767,105,0.1000,0.00000500,0.0000,16.1127,2368.3819,0.0000,0.9807
205231,1572,57,0.1000,0.00000500,0.0000,18.9254,2336.8212,0.0000,0.9742
205232,4647,93,0.1000,0.00000500,0.0000,14.2722,2368.1863,0.0000,0.9765
205233,462,33,0.1000,0.00000500,0.0000,13.1255,2284.7023,0.0000,0.9830
205234,548,38,0.1000,0.00000500,0.0000,21.3033,2286.8512,0.0000,0.9745
205235,3304,65,0.1000,0.00000500,0.0000,8.2303,2372.5884,0.0000,0.9827
205236,2719,103,0.1000,0.00000500,0.0000,15.9054,2308.7900,0.0000,0.9800
205237,2053,75,0.1000,0.00000500,0.0000,15.1046,2310.1878,0.0000,0.9825
205238,171,15,0.1000,0.00000500,0.0000,10.2836,2288.3562,0.0000,0.9729
205239,301,21,0.1000,0.00000500,0.0000,10.5217,2283.9282,0.0000,0.9777
205240,130,15,0.1000,0.00000500,0.0000,14.1066,2275.9210,0.0000,0.9833
205241,3053,59,0.1000,0.00000500,0.0000,14.3852,2358.7474,0.0000,0.9815
205242,12511,171,0.1000,0.00000500,0.0000,15.3708,2388.4286,0.0000,0.9801
205243,4328,63,0.1000,0.00000500,0.0000,16.6223,2395.0910,0.0000,0.9752
205244,1352,42,0.1000,0.00000500,0.0000,16.0922,2304.5419,0.0000,0.9762
205245,7899,96,0.1000,0.00000500,0.0000,13.7270,2415.8856,0.0000,0.9785
205246,2099,63,0.1000,0.00000500,0.0000,9.0041,2288.8468,0.0000,0.9826
205247,914,36,0.1000,0.00000500,0.0000,13.3858,2287.9821,0.0000,0.9826
205248,14761,180,0.1000,0.00000500,0.0000,12.5788,2369.9931,0.0000,0.9814
205249,297,30,0.1000,0.00000500,0.0000,15.0223,2235.4817,0.0000,0.9833
205250,2430,66,0.1000,0.00000500,0.0000,12.2499,2293.7425,0.0000,0.9820
205251,2366,81,0.1000,0.00000500,0.0000,8.9892,2278.6044,0.0000,0.9850
205252,805,51,0.1000,0.00000500,0.0000,7.1473,2248.4809,0.0000,0.9877
205253,793,30,0.1000,0.00000500,0.0000,10.9910,2279.3398,0.0000,0.9802
205254,2498,75,0.1000,0.00000500,0.0000,10.3947,2286.5753,0.0000,0.9854
205255,1802,72,0.1000,0.00000500,0.0000,9.2452,2256.1933,0.0000,0.9805
205256,1426,54,0.1000,0.00000500,0.0000,9.6878,2255.4738,0.0000,0.9826
205257,2160,63,0.1000,0.00000500,0.0000,14.4807,2266.7952,0.0000,0.9782
205258,1322,33,0.1000,0.00000500,0.0000,12.6281,2284.5774,0.0000,0.9801
205259,1317,49,0.1000,0.00000500,0.0000,13.4390,2254.9311,0.0000,0.9841
205260,143,12,0.1000,0.00000500,0.0000,11.9931,2214.1050,0.0000,0.9844
205261,1048,33,0.1000,0.00000500,0.0000,14.1277,2269.9290,0.0000,0.9716
205262,2579,87,0.1000,0.00000500,0.0000,9.5172,2259.7991,0.0000,0.9831
205263,1074,42,0.1000,0.00000500,0.0000,12.6592,2254.3832,0.0000,0.9821
205264,2680,81,0.1000,0.00000500,0.0000,17.2745,2266.0781,0.0000,0.9815
205265,473,27,0.1000,0.00000500,0.0000,16.6409,2218.6886,0.0000,0.9803
205266,1233,57,0.1000,0.00000500,0.0000,10.2993,2215.8034,0.0000,0.9857
205267,450,21,0.1000,0.00000500,0.0000,13.0898,2222.7720,0.0000,0.9821
205268,580,26,0.1000,0.00000500,0.0000,11.2593,2223.4654,0.0000,0.9832
205269,1226,42,0.1000,0.00000500,0.0000,9.4820,2240.0897,0.0000,0.9814
205270,3394,87,0.1000,0.00000500,0.0000,14.8976,2257.7035,0.0000,0.9774
205271,4746,87,0.1000,0.00000500,0.0000,12.5798,2306.5223,0.0000,0.9820
205272,219,15,0.1000,0.00000500,0.0000,15.6419,2206.8674,0.0000,0.9604
205273,1525,51,0.1000,0.00000500,0.0000,11.3607,2242.8476,0.0000,0.9828
205274,8939,126,0.1000,0.00000500,0.0000,15.5865,2328.1497,0.0000,0.9812
205275,1570,54,0.1000,0.00000500,0.0000,8.9735,2225.5572,0.0000,0.9792
205276,1858,56,0.1000,0.00000500,0.0000,14.3186,2243.5038,0.0000,0.9816
205277,327,29,0.1000,0.00000500,0.0000,13.4653,2185.9736,0.0000,0.9709
205278,2013,66,0.1000,0.00000500,0.0000,10.6002,2220.1553,0.0000,0.9801
205279,421,30,0.1000,0.00000500,0.0000,20.8695,2187.8950,0.0000,0.9781
205280,5192,126,0.1000,0.00000500,0.0000,11.1001,2252.2332,0.0000,0.9859
205281,1882,54,0.1000,0.00000500,0.0000,15.9549,2231.8703,0.0000,0.9792
205282,865,38,0.1000,0.00000500,0.0000,14.9529,2189.5769,0.0000,0.9803
205283,8723,96,0.1000,0.00000500,0.0000,14.4059,2337.0944,0.0000,0.9805
205284,1376,54,0.1000,0.00000500,0.0000,7.8178,2193.4627,0.0000,0.9844
205285,3502,78,0.1000,0.00000500,0.0000,11.5717,2241.3399,0.0000,0.9828
205286,2552,60,0.1000,0.00000500,0.0000,16.4492,2230.8803,0.0000,0.9776
205287,4389,126,0.1000,0.00000500,0.0000,13.4568,2219.2252,0.0000,0.9821
205288,7539,129,0.1000,0.00000500,0.0000,14.2613,2285.2548,0.0000,0.9797
205289,5415,81,0.1000,0.00000500,0.0000,11.5036,2270.3545,0.0000,0.9796
205290,2432,90,0.1000,0.00000500,0.0000,15.7639,2183.5711,0.0000,0.9812
205291,370,21,0.1000,0.00000500,0.0000,13.3448,2157.7813,0.0000,0.9807
205292,34,9,0.1000,0.00000500,0.0000,13.4549,2136.3626,0.0000,0.9826
205293,5607,93,0.1000,0.00000500,0.0000,12.2092,2249.6457,0.0000,0.9869
205294,1194,33,0.1000,0.00000500,0.0000,9.4371,2204.9211,0.0000,0.9744
205295,2478,66,0.1000,0.00000500,0.0000,13.4673,2215.9536,0.0000,0.9792
205296,1943,78,0.1000,0.00000500,0.0000,16.9766,2177.7519,0.0000,0.9816
205297,2077,45,0.1000,0.00000500,0.0000,15.3887,2206.3725,0.0000,0.9854
205298,606,38,0.1000,0.00000500,0.0000,16.0022,2138.7725,0.0000,0.9778
205299,191,24,0.1000,0.00000500,0.0000,6.2807,2116.8554,0.0000,0.9896
205300,3188,111,0.1000,0.00000500,0.0000,10.4942,2167.2348,0.0000,0.9811
205301,2815,78,0.1000,0.00000500,0.0000,10.6372,2187.3087,0.0000,0.9832
205302,611,33,0.1000,0.00000500,0.0000,12.9881,2146.7980,0.0000,0.9820
205303,2407,69,0.1000,0.00000500,0.0000,9.5142,2186.5314,0.0000,0.9860
205304,704,39,0.1000,0.00000500,0.0000,12.2320,2143.0709,0.0000,0.9848
205305,813,48,0.1000,0.00000500,0.0000,9.6671,2118.1172,0.0000,0.9857
205306,136,18,0.1000,0.00000500,0.0000,5.8121,2113.4210,0.0000,0.9896
205307,186,18,0.1000,0.00000500,0.0000,10.4260,2109.3347,0.0000,0.9913
205308,912,39,0.1000,0.00000500,0.0000,13.3987,2140.4667,0.0000,0.9768
205309,448,33,0.1000,0.00000500,0.0000,8.0090,2117.7940,0.0000,0.9896
205310,4162,111,0.1000,0.00000500,0.0000,11.2913,2177.0771,0.0000,0.9825
205311,437,27,0.1000,0.00000500,0.0000,9.7792,2129.3934,0.0000,0.9780
205312,805,30,0.1000,0.00000500,0.0000,15.2939,2147.1902,0.0000,0.9833
205313,4684,96,0.1000,0.00000500,0.0000,11.6999,2207.6430,0.0000,0.9785
205314,2153,69,0.1000,0.00000500,0.0000,11.4323,2155.6161,0.0000,0.9846
205315,160,15,0.1000,0.00000500,0.0000,16.0332,2108.6973,0.0000,0.9833
205316,290,21,0.1000,0.00000500,0.0000,7.1022,2096.5332,0.0000,0.9807
205317,541,34,0.1000,0.00000500,0.0000,14.1435,2108.8440,0.0000,0.9807
205318,3790,117,0.1000,0.00000500,0.0000,14.3713,2140.5108,0.0000,0.9805
205319,1050,36,0.1000,0.00000500,0.0000,9.6868,2146.9202,0.0000,0.9826
205320,5239,78,0.1000,0.00000500,0.0000,10.7419,2223.6667,0.0000,0.9836
205321,4722,87,0.1000,0.00000500,0.0000,14.4523,2197.7400,0.0000,0.9813
205322,388,21,0.1000,0.00000500,0.0000,9.9494,2107.2506,0.0000,0.9792
205323,2864,96,0.1000,0.00000500,0.0000,12.0917,2138.2064,0.0000,0.9805
205324,699,39,0.1000,0.00000500,0.0000,9.2542,2085.1810,0.0000,0.9848
205325,3128,87,0.1000,0.00000500,0.0000,11.9423,2135.9682,0.0000,0.9802
205326,1040,31,0.1000,0.00000500,0.0000,9.3492,2137.7820,0.0000,0.9879
205327,373,24,0.1000,0.00000500,0.0000,14.5069,2086.0772,0.0000,0.9831
205328,188,18,0.1000,0.00000500,0.0000,20.7443,2069.7665,0.0000,0.9722
205329,791,48,0.1000,0.00000500,0.0000,15.3613,2089.2803,0.0000,0.9792
205330,7151,138,0.1000,0.00000500,0.0000,11.4027,2190.0719,0.0000,0.9801
205331,1303,53,0.1000,0.00000500,0.0000,12.9964,2106.0948,0.0000,0.9823
205332,1363,51,0.1000,0.00000500,0.0000,14.7468,2106.6729,0.0000,0.9816
205333,767,24,0.1000,0.00000500,0.0000,12.4061,2110.0651,0.0000,0.9922
205334,295,21,0.1000,0.00000500,0.0000,6.2951,2075.3759,0.0000,0.9851
205335,224,18,0.1000,0.00000500,0.0000,15.2268,2067.3109,0.0000,0.9878
205336,1087,42,0.1000,0.00000500,0.0000,9.4530,2097.3590,0.0000,0.9851
205337,775,27,0.1000,0.00000500,0.0000,11.1939,2101.0166,0.0000,0.9884
205338,2981,99,0.1000,0.00000500,0.0000,10.7124,2103.6261,0.0000,0.9795
205339,1051,33,0.1000,0.00000500,0.0000,11.6497,2105.7840,0.0000,0.9839
205340,8187,110,0.1000,0.00000500,0.0000,10.9144,2211.2917,0.0000,0.9847
205341,1035,42,0.1000,0.00000500,0.0000,11.7892,2086.5200,0.0000,0.9874
205342,669,30,0.1000,0.00000500,0.0000,11.1120,2094.4708,0.0000,0.9802
205343,2256,72,0.1000,0.00000500,0.0000,10.8526,2111.7141,0.0000,0.9870
205344,1487,45,0.1000,0.00000500,0.0000,17.4080,2104.5135,0.0000,0.9799
205345,4634,78,0.1000,0.00000500,0.0000,9.6102,2152.3156,0.0000,0.9844
205346,3761,78,0.1000,0.00000500,0.0000,12.2104,2143.9237,0.0000,0.9768
205347,567,30,0.1000,0.00000500,0.0000,17.3855,2062.6363,0.0000,0.9792
205348,2668,85,0.1000,0.00000500,0.0000,10.5107,2094.8089,0.0000,0.9827
205349,112,12,0.1000,0.00000500,0.0000,6.4641,2044.5771,0.0000,0.9766
205350,2469,75,0.1000,0.00000500,0.0000,14.8440,2095.8311,0.0000,0.9738
205351,1838,53,0.1000,0.00000500,0.0000,11.1198,2104.7409,0.0000,0.9805
205352,3169,75,0.1000,0.00000500,0.0000,14.6382,2123.1380,0.0000,0.9796
205353,752,42,0.1000,0.00000500,0.0000,8.5372,2040.0714,0.0000,0.9866
205354,554,26,0.1000,0.00000500,0.0000,11.0450,2062.8767,0.0000,0.9844
205355,1425,51,0.1000,0.00000500,0.0000,13.0382,2072.6360,0.0000,0.9810
205356,2717,87,0.1000,0.00000500,0.0000,10.0096,2071.7632,0.0000,0.9838
205357,306,21,0.1000,0.00000500,0.0000,9.9358,2029.9811,0.0000,0.9821
205358,989,42,0.1000,0.00000500,0.0000,11.4363,2057.2770,0.0000,0.9799
205359,12267,180,0.1000,0.00000500,0.0000,12.3054,2158.2512,0.0000,0.9826
205360,278,24,0.1000,0.00000500,0.0000,25.7920,2027.5558,0.0000,0.9688
205361,4076,96,0.1000,0.00000500,0.0000,10.7746,2097.4489,0.0000,0.9857
205362,177,24,0.1000,0.00000500,0.0000,9.9997,1996.7330,0.0000,0.9792
205363,1409,50,0.1000,0.00000500,0.0000,7.6091,2056.8246,0.0000,0.9875
205364,4437,129,0.1000,0.00000500,0.0000,9.6772,2069.6583,0.0000,0.9811
205365,1880,66,0.1000,0.00000500,0.0000,10.1943,2050.2400,0.0000,0.9815
205366,3545,114,0.1000,0.00000500,0.0000,12.2793,2063.2696,0.0000,0.9819
205367,285,26,0.1000,0.00000500,0.0000,13.8364,2015.2334,0.0000,0.9832
205368,581,30,0.1000,0.00000500,0.0000,6.2464,2024.7186,0.0000,0.9802
205369,1349,36,0.1000,0.00000500,0.0000,10.0605,2066.5534,0.0000,0.9896
205370,1092,45,0.1000,0.00000500,0.0000,8.4169,2033.9944,0.0000,0.9771
205371,561,27,0.1000,0.00000500,0.0000,14.2115,2016.9631,0.0000,0.9815
205372,550,24,0.1000,0.00000500,0.0000,18.1268,2023.8170,0.0000,0.9844
205373,1348,57,0.1000,0.00000500,0.0000,14.5462,2022.0321,0.0000,0.9830
205374,6509,141,0.1000,0.00000500,0.0000,12.6459,2094.7392,0.0000,0.9823
205375,77,13,0.1000,0.00000500,0.0000,6.1970,1980.7350,0.0000,0.9880
205376,284,17,0.1000,0.00000500,0.0000,10.0369,2011.1361,0.0000,0.9816
205377,1329,48,0.1000,0.00000500,0.0000,17.4593,2039.8034,0.0000,0.9792
205378,46,9,0.1000,0.00000500,0.0000,14.2536,1971.3196,0.0000,0.9792
205379,777,30,0.1000,0.00000500,0.0000,14.1295,2032.0885,0.0000,0.9792
205380,1252,69,0.1000,0.00000500,0.0000,14.8009,2002.2880,0.0000,0.9832
205381,219,15,0.1000,0.00000500,0.0000,6.1829,1984.7804,0.0000,0.9938
205382,1063,39,0.1000,0.00000500,0.0000,12.9594,2038.6936,0.0000,0.9800
205383,2340,69,0.1000,0.00000500,0.0000,10.2712,2046.2525,0.0000,0.9823
205384,140,18,0.1000,0.00000500,0.0000,11.0138,1973.7940,0.0000,0.9826
205385,225,18,0.1000,0.00000500,0.0000,7.9233,1985.6296,0.0000,0.9878
205386,1842,60,0.1000,0.00000500,0.0000,9.6148,2038.0440,0.0000,0.9792
205387,2360,99,0.1000,0.00000500,0.0000,16.4611,2014.3847,0.0000,0.9747
205388,1088,42,0.1000,0.00000500,0.0000,14.3911,2011.0424,0.0000,0.9710
205389,9286,156,0.1000,0.00000500,0.0000,12.9059,2098.5418,0.0000,0.9824
205390,9575,144,0.1000,0.00000500,0.0000,10.7524,2091.3763,0.0000,0.9805
205391,667,27,0.1000,0.00000500,0.0000,16.4218,1998.3340,0.0000,0.9792
205392,655,27,0.1000,0.00000500,0.0000,14.9973,2012.6230,0.0000,0.9826
205393,1952,86,0.1000,0.00000500,0.0000,8.8345,1993.3797,0.0000,0.9811
205394,889,42,0.1000,0.00000500,0.0000,13.5954,1988.0974,0.0000,0.9807
205395,641,33,0.1000,0.00000500,0.0000,11.5218,1982.8653,0.0000,0.9858
205396,73,15,0.1000,0.00000500,0.0000,12.0575,1944.1587,0.0000,0.9812
205397,2610,54,0.1000,0.00000500,0.0000,10.3381,2047.2076,0.0000,0.9844
205398,1066,45,0.1000,0.00000500,0.0000,9.7397,1975.8074,0.0000,0.9819
205399,3394,76,0.1000,0.00000500,0.0000,11.4582,2035.7877,0.0000,0.9827
205400,1484,45,0.1000,0.00000500,0.0000,11.4394,2006.9136,0.0000,0.9847
205401,1013,42,0.1000,0.00000500,0.0000,7.3515,1982.0203,0.0000,0.9747
205402,5658,99,0.1000,0.00000500,0.0000,10.9463,2065.3323,0.0000,0.9833
205403,1323,60,0.1000,0.00000500,0.0000,10.8040,1974.1968,0.0000,0.9812
205404,1133,41,0.1000,0.00000500,0.0000,6.9088,1997.8041,0.0000,0.9893
205405,259,21,0.1000,0.00000500,0.0000,15.3931,1953.5997,0.0000,0.9777
205406,5319,120,0.1000,0.00000500,0.0000,10.8325,2037.2626,0.0000,0.9799
205407,1116,38,0.1000,0.00000500,0.0000,9.6877,1988.9510,0.0000,0.9860
205408,1810,79,0.1000,0.00000500,0.0000,10.8361,1966.4919,0.0000,0.9806
205409,1680,78,0.1000,0.00000500,0.0000,11.6978,1959.1628,0.0000,0.9836
205410,765,24,0.1000,0.00000500,0.0000,13.7358,1986.5782,0.0000,0.9831
205411,354,25,0.1000,0.00000500,0.0000,8.4939,1945.8008,0.0000,0.9800
205412,7741,185,0.1000,0.00000500,0.0000,12.7672,2022.3381,0.0000,0.9806
205413,6249,108,0.1000,0.00000500,0.0000,10.2890,2062.7776,0.0000,0.9786
205414,3940,102,0.1000,0.00000500,0.0000,12.0058,1994.8304,0.0000,0.9807
205415,3494,81,0.1000,0.00000500,0.0000,11.2794,2009.8775,0.0000,0.9834
205416,651,27,0.1000,0.00000500,0.0000,10.4805,1955.7104,0.0000,0.9884
205417,2495,75,0.1000,0.00000500,0.0000,11.6377,1980.4476,0.0000,0.9808
205418,1353,39,0.1000,0.00000500,0.0000,14.4366,1993.8275,0.0000,0.9840
205419,2516,47,0.1000,0.00000500,0.0000,8.7830,2048.7291,0.0000,0.9847
205420,2033,66,0.1000,0.00000500,0.0000,13.3204,1970.0033,0.0000,0.9801
205421,217,15,0.1000,0.00000500,0.0000,6.3360,1915.4578,0.0000,0.9833
205422,99,15,0.1000,0.00000500,0.0000,15.1780,1893.4949,0.0000,0.9833
205423,1155,48,0.1000,0.00000500,0.0000,13.7807,1946.3867,0.0000,0.9831
205424,1118,45,0.1000,0.00000500,0.0000,11.5306,1939.8837,0.0000,0.9847
205425,5508,90,0.1000,0.00000500,0.0000,13.1315,2037.7972,0.0000,0.9767
205426,1362,39,0.1000,0.00000500,0.0000,9.8931,1985.6199,0.0000,0.9784
205427,1690,39,0.1000,0.00000500,0.0000,9.4660,1999.7908,0.0000,0.9864
205428,1774,72,0.1000,0.00000500,0.0000,8.3834,1946.2300,0.0000,0.9831
205429,1160,66,0.1000,0.00000500,0.0000,13.3076,1921.7753,0.0000,0.9792
205430,163,18,0.1000,0.00000500,0.0000,10.8594,1905.0316,0.0000,0.9826
205431,1210,48,0.1000,0.00000500,0.0000,10.8352,1940.9670,0.0000,0.9863
205432,2292,47,0.1000,0.00000500,0.0000,9.5648,2004.0370,0.0000,0.9820
205433,1554,57,0.1000,0.00000500,0.0000,12.8187,1928.0755,0.0000,0.9775
205434,359,21,0.1000,0.00000500,0.0000,14.2864,1913.0480,0.0000,0.9732
205435,2613,75,0.1000,0.00000500,0.0000,14.5118,1967.3192,0.0000,0.9825
205436,846,36,0.1000,0.00000500,0.0000,11.8666,1928.5432,0.0000,0.9800
205437,3820,75,0.1000,0.00000500,0.0000,9.3518,2010.0344,0.0000,0.9833
205438,4135,82,0.1000,0.00000500,0.0000,7.9595,2005.0783,0.0000,0.9867
205439,2294,69,0.1000,0.00000500,0.0000,10.5801,1962.1591,0.0000,0.9805
205440,1516,39,0.1000,0.00000500,0.0000,9.6666,1969.5875,0.0000,0.9816
205441,1311,51,0.1000,0.00000500,0.0000,12.5774,1927.6852,0.0000,0.9884
205442,1540,45,0.1000,0.00000500,0.0000,21.4793,1959.7742,0.0000,0.9812
205443,2778,90,0.1000,0.00000500,0.0000,13.9424,1931.8290,0.0000,0.9802
205444,853,39,0.1000,0.00000500,0.0000,8.6785,1913.0338,0.0000,0.9848
205445,1178,57,0.1000,0.00000500,0.0000,8.0182,1907.5929,0.0000,0.9836
205446,181,18,0.1000,0.00000500,0.0000,7.3668,1875.0520,0.0000,0.9826
205447,2696,57,0.1000,0.00000500,0.0000,11.1918,1994.7087,0.0000,0.9841
205448,169,15,0.1000,0.00000500,0.0000,7.3785,1884.1548,0.0000,0.9875
205449,664,36,0.1000,0.00000500,0.0000,13.4961,1904.0031,0.0000,0.9722
205450,1491,51,0.1000,0.00000500,0.0000,11.7089,1934.0635,0.0000,0.9810
205451,1366,47,0.1000,0.00000500,0.0000,14.1930,1933.7221,0.0000,0.9840
205452,544,25,0.1000,0.00000500,0.0000,9.1211,1888.9572,0.0000,0.9850
205453,546,24,0.1000,0.00000500,0.0000,9.9974,1899.3773,0.0000,0.9779
205454,2539,84,0.1000,0.00000500,0.0000,10.8133,1916.3558,0.0000,0.9836
205455,9977,204,0.1000,0.00000500,0.0000,12.8920,1968.4850,0.0000,0.9812
205456,120,14,0.1000,0.00000500,0.0000,10.9398,1857.7140,0.0000,0.9799
205457,1254,50,0.1000,0.00000500,0.0000,10.2473,1912.5705,0.0000,0.9825
205458,628,31,0.1000,0.00000500,0.0000,12.3493,1892.9958,0.0000,0.9738
205459,2273,71,0.1000,0.00000500,0.0000,11.9828,1912.6815,0.0000,0.9758
205460,50,10,0.1000,0.00000500,0.0000,11.7959,1827.8638,0.0000,0.9781
205461,292,21,0.1000,0.00000500,0.0000,17.7946,1859.7130,0.0000,0.9792
205462,2272,45,0.1000,0.00000500,0.0000,13.0740,1956.6580,0.0000,0.9854
205463,2040,68,0.1000,0.00000500,0.0000,10.3952,1903.8096,0.0000,0.9816
205464,550,28,0.1000,0.00000500,0.0000,10.6773,1893.2640,0.0000,0.9866
205465,467,27,0.1000,0.00000500,0.0000,11.8307,1863.6487,0.0000,0.9792
205466,2879,114,0.1000,0.00000500,0.0000,13.6874,1889.7226,0.0000,0.9819
205467,2072,72,0.1000,0.00000500,0.0000,8.7164,1901.6963,0.0000,0.9835
205468,5679,99,0.1000,0.00000500,0.0000,8.7427,1978.3480,0.0000,0.9830
205469,1291,54,0.1000,0.00000500,0.0000,9.4702,1876.4123,0.0000,0.9803
205470,707,33,0.1000,0.00000500,0.0000,10.1958,1875.1547,0.0000,0.9820
205471,3752,63,0.1000,0.00000500,0.0000,8.7781,1981.2316,0.0000,0.9851
205472,1741,45,0.1000,0.00000500,0.0000,17.3031,1921.5462,0.0000,0.9819
205473,163,15,0.1000,0.00000500,0.0000,14.3289,1839.3053,0.0000,0.9792
205474,849,36,0.1000,0.00000500,0.0000,11.7544,1874.9352,0.0000,0.9844
205475,550,33,0.1000,0.00000500,0.0000,13.8766,1849.5564,0.0000,0.9848
205476,1221,39,0.1000,0.00000500,0.0000,12.5064,1893.0346,0.0000,0.9808
205477,3590,86,0.1000,0.00000500,0.0000,10.2729,1923.2647,0.0000,0.9818
205478,159,21,0.1000,0.00000500,0.0000,17.5128,1835.9063,0.0000,0.9747
205479,867,45,0.1000,0.00000500,0.0000,16.9612,1862.4540,0.0000,0.9806
205480,469,32,0.1000,0.00000500,0.0000,19.4504,1845.7788,0.0000,0.9814
205481,1220,45,0.1000,0.00000500,0.0000,13.1635,1863.6183,0.0000,0.9799
205482,8636,195,0.1000,0.00000500,0.0000,11.7811,1919.5202,0.0000,0.9812
205483,821,30,0.1000,0.00000500,0.0000,16.6575,1867.0042,0.0000,0.9750
205484,3358,90,0.1000,0.00000500,0.0000,11.5104,1901.9956,0.0000,0.9816
205485,98,9,0.1000,0.00000500,0.0000,6.1517,1822.0349,0.0000,0.9896
205486,2154,63,0.1000,0.00000500,0.0000,9.3245,1894.1582,0.0000,0.9802
205487,780,45,0.1000,0.00000500,0.0000,9.8467,1844.0535,0.0000,0.9785
205488,942,47,0.1000,0.00000500,0.0000,11.6736,1828.5557,0.0000,0.9820
205489,797,39,0.1000,0.00000500,0.0000,6.9986,1836.5525,0.0000,0.9800
205490,489,33,0.1000,0.00000500,0.0000,9.5654,1821.3716,0.0000,0.9820
205491,145,12,0.1000,0.00000500,0.0000,11.9164,1806.3964,0.0000,0.9844
205492,782,30,0.1000,0.00000500,0.0000,8.7049,1862.5310,0.0000,0.9823
205493,450,22,0.1000,0.00000500,0.0000,11.4842,1842.5173,0.0000,0.9830
205494,664,27,0.1000,0.00000500,0.0000,13.3368,1857.8429,0.0000,0.9826
205495,6039,128,0.1000,0.00000500,0.0000,11.8757,1911.9481,0.0000,0.9785
205496,156,15,0.1000,0.00000500,0.0000,7.5472,1810.4824,0.0000,0.9792
205497,3952,99,0.1000,0.00000500,0.0000,11.4327,1904.7153,0.0000,0.9811
205498,3893,122,0.1000,0.00000500,0.0000,14.4693,1871.5496,0.0000,0.9826
205499,451,26,0.1000,0.00000500,0.0000,7.6755,1821.7872,0.0000,0.9880
205500,4425,63,0.1000,0.00000500,0.0000,13.0126,1955.6358,0.0000,0.9762
205501,743,33,0.1000,0.00000500,0.0000,8.5754,1836.6871,0.0000,0.9782
205502,1714,42,0.1000,0.00000500,0.0000,13.6234,1879.5234,0.0000,0.9784
205503,7344,84,0.1000,0.00000500,0.0000,11.1565,1992.9363,0.0000,0.9825
205504,3119,93,0.1000,0.00000500,0.0000,10.5652,1860.3793,0.0000,0.9785
205505,687,34,0.1000,0.00000500,0.0000,11.9885,1826.1796,0.0000,0.9844
205506,2948,123,0.1000,0.00000500,0.0000,13.0171,1830.7424,0.0000,0.9802
205507,669,27,0.1000,0.00000500,0.0000,21.6885,1816.0014,0.0000,0.9745
205508,2624,57,0.1000,0.00000500,0.0000,9.5354,1861.2565,0.0000,0.9814
205509,1318,53,0.1000,0.00000500,0.0000,10.9531,1820.0118,0.0000,0.9823
205510,2404,63,0.1000,0.00000500,0.0000,12.5332,1875.1098,0.0000,0.9812
205511,502,33,0.1000,0.00000500,0.0000,10.2772,1786.9330,0.0000,0.9830
205512,1701,42,0.1000,0.00000500,0.0000,7.5396,1866.3575,0.0000,0.9836
205513,11214,96,0.1000,0.00000500,0.0000,10.1138,2018.7798,0.0000,0.9847
205514,56,12,0.1000,0.00000500,0.0000,11.1476,1764.8187,0.0000,0.9766
205515,1442,60,0.1000,0.00000500,0.0000,14.7287,1817.9965,0.0000,0.9760
205516,592,39,0.1000,0.00000500,0.0000,17.7463,1782.3600,0.0000,0.9696
205517,240,18,0.1000,0.00000500,0.0000,19.8358,1771.1731,0.0000,0.9792
205518,125,18,0.1000,0.00000500,0.0000,9.8647,1758.4158,0.0000,0.9878
205519,1602,75,0.1000,0.00000500,0.0000,12.7955,1803.9222,0.0000,0.9846
205520,3230,71,0.1000,0.00000500,0.0000,14.0129,1894.3341,0.0000,0.9758
205521,397,33,0.1000,0.00000500,0.0000,11.7230,1772.1392,0.0000,0.9763
205522,1608,57,0.1000,0.00000500,0.0000,11.1128,1827.8193,0.0000,0.9781
205523,6731,162,0.1000,0.00000500,0.0000,12.3589,1853.5546,0.0000,0.9799
205524,2724,63,0.1000,0.00000500,0.0000,13.7764,1870.2243,0.0000,0.9826
205525,920,45,0.1000,0.00000500,0.0000,8.8078,1786.3552,0.0000,0.9819
205526,203,23,0.1000,0.00000500,0.0000,14.0414,1750.4302,0.0000,0.9864
205527,367,21,0.1000,0.00000500,0.0000,8.0010,1773.4514,0.0000,0.9792
205528,158,15,0.1000,0.00000500,0.0000,9.4878,1752.4711,0.0000,0.9917
205529,832,36,0.1000,0.00000500,0.0000,10.2367,1796.0135,0.0000,0.9835
205530,4638,141,0.1000,0.00000500,0.0000,9.3452,1825.3417,0.0000,0.9818
205531,517,36,0.1000,0.00000500,0.0000,9.8886,1767.3378,0.0000,0.9800
205532,5074,102,0.1000,0.00000500,0.0000,12.4280,1876.8608,0.0000,0.9786
205533,2133,74,0.1000,0.00000500,0.0000,11.0402,1808.6323,0.0000,0.9789
205534,1890,45,0.1000,0.00000500,0.0000,11.5085,1845.3682,0.0000,0.9750
205535,9668,216,0.1000,0.00000500,0.0000,10.9273,1846.2869,0.0000,0.9826
205536,865,42,0.1000,0.00000500,0.0000,8.9231,1777.2673,0.0000,0.9821
205537,785,36,0.1000,0.00000500,0.0000,9.6049,1799.2261,0.0000,0.9766
205538,360,21,0.1000,0.00000500,0.0000,11.1023,1753.8255,0.0000,0.9807
205539,6967,96,0.1000,0.00000500,0.0000,12.7411,1905.7336,0.0000,0.9824
205540,660,30,0.1000,0.00000500,0.0000,12.8015,1768.4915,0.0000,0.9802
205541,115,12,0.1000,0.00000500,0.0000,6.6830,1727.2284,0.0000,0.9766
205542,3309,90,0.1000,0.00000500,0.0000,10.5237,1816.4611,0.0000,0.9830
205543,1265,60,0.1000,0.00000500,0.0000,14.7022,1770.0597,0.0000,0.9786
205544,418,24,0.1000,0.00000500,0.0000,9.6590,1755.9929,0.0000,0.9857
205545,716,36,0.1000,0.00000500,0.0000,12.6795,1753.1754,0.0000,0.9800
205546,1990,60,0.1000,0.00000500,0.0000,14.0791,1805.3058,0.0000,0.9802
205547,5673,84,0.1000,0.00000500,0.0000,10.6467,1896.0363,0.0000,0.9851
205548,702,33,0.1000,0.00000500,0.0000,10.4619,1760.9781,0.0000,0.9867
205549,1341,69,0.1000,0.00000500,0.0000,16.9326,1757.9882,0.0000,0.9778
205550,823,36,0.1000,0.00000500,0.0000,11.8472,1765.4693,0.0000,0.9792
205551,376,21,0.1000,0.00000500,0.0000,11.4763,1750.6788,0.0000,0.9807
205552,2975,54,0.1000,0.00000500,0.0000,10.0725,1859.7658,0.0000,0.9815
205553,1063,48,0.1000,0.00000500,0.0000,9.5460,1750.4842,0.0000,0.9824
205554,1349,36,0.1000,0.00000500,0.0000,11.1068,1800.4461,0.0000,0.9766
205555,4954,113,0.1000,0.00000500,0.0000,11.5163,1823.5649,0.0000,0.9815
205556,36,9,0.1000,0.00000500,0.0000,12.0213,1695.8613,0.0000,0.9861
205557,327,21,0.1000,0.00000500,0.0000,9.8743,1732.1575,0.0000,0.9896
205558,2880,90,0.1000,0.00000500,0.0000,9.4526,1788.0328,0.0000,0.9833
205559,1251,51,0.1000,0.00000500,0.0000,12.7920,1762.4117,0.0000,0.9773
205560,2202,78,0.1000,0.00000500,0.0000,11.9476,1769.5635,0.0000,0.9772
205561,159,18,0.1000,0.00000500,0.0000,17.5491,1703.3832,0.0000,0.9792
205562,2473,57,0.1000,0.00000500,0.0000,14.9462,1812.8757,0.0000,0.9803
205563,3261,57,0.1000,0.00000500,0.0000,12.1620,1845.6687,0.0000,0.9797
205564,356,27,0.1000,0.00000500,0.0000,8.9814,1716.2711,0.0000,0.9815
205565,12528,135,0.1000,0.00000500,0.0000,12.4634,1915.8265,0.0000,0.9808
205566,2896,58,0.1000,0.00000500,0.0000,14.8282,1832.6928,0.0000,0.9801
205567,7082,165,0.1000,0.00000500,0.0000,12.7871,1806.7984,0.0000,0.9809
205568,374,27,0.1000,0.00000500,0.0000,9.0259,1715.7467,0.0000,0.9803
205569,349,30,0.1000,0.00000500,0.0000,8.4467,1700.8628,0.0000,0.9854
205570,341,24,0.1000,0.00000500,0.0000,15.9283,1709.6912,0.0000,0.9792
205571,3827,63,0.1000,0.00000500,0.0000,14.9222,1850.0724,0.0000,0.9816
205572,207,21,0.1000,0.00000500,0.0000,7.6394,1697.6008,0.0000,0.9896
205573,152,15,0.1000,0.00000500,0.0000,15.0223,1691.5165,0.0000,0.9771
205574,409,27,0.1000,0.00000500,0.0000,13.1780,1715.5562,0.0000,0.9826
205575,493,30,0.1000,0.00000500,0.0000,15.4504,1721.1677,0.0000,0.9865
205576,22,6,0.1000,0.00000500,0.0000,14.3837,1669.9188,0.0000,0.9740
205577,1627,66,0.1000,0.00000500,0.0000,12.5518,1735.5657,0.0000,0.9825
205578,1070,33,0.1000,0.00000500,0.0000,13.8487,1754.8922,0.0000,0.9848
205579,603,30,0.1000,0.00000500,0.0000,8.5640,1734.4188,0.0000,0.9823
205580,4018,60,0.1000,0.00000500,0.0000,9.8771,1852.6136,0.0000,0.9880
205581,979,48,0.1000,0.00000500,0.0000,7.4098,1715.6974,0.0000,0.9857
205582,895,39,0.1000,0.00000500,0.0000,9.0255,1722.4809,0.0000,0.9888
205583,3241,72,0.1000,0.00000500,0.0000,9.0942,1802.6123,0.0000,0.9831
205584,1831,54,0.1000,0.00000500,0.0000,12.2501,1765.6614,0.0000,0.9786
205585,455,21,0.1000,0.00000500,0.0000,7.3800,1722.8772,0.0000,0.9896
205586,493,33,0.1000,0.00000500,0.0000,6.9618,1695.3420,0.0000,0.9820
205587,513,36,0.1000,0.00000500,0.0000,11.4891,1696.6608,0.0000,0.9818
205588,1895,42,0.1000,0.00000500,0.0000,7.5732,1793.5536,0.0000,0.9836
205589,764,48,0.1000,0.00000500,0.0000,10.2775,1698.8295,0.0000,0.9844
205590,562,33,0.1000,0.00000500,0.0000,8.6027,1707.6581,0.0000,0.9867
205591,226,18,0.1000,0.00000500,0.0000,9.9882,1696.2608,0.0000,0.9861
205592,36,6,0.1000,0.00000500,0.0000,16.8551,0.0000,0.0000,0.9792
205593,5750,84,0.1000,0.00000500,0.0000,9.1088,1857.8802,0.0000,0.9847
205594,3987,72,0.1000,0.00000500,0.0000,13.3625,1789.9230,0.0000,0.9792
205595,1232,48,0.1000,0.00000500,0.0000,14.8949,1713.8747,0.0000,0.9733
205596,1209,36,0.1000,0.00000500,0.0000,10.3534,1750.7272,0.0000,0.9792
205597,1264,45,0.1000,0.00000500,0.0000,9.4997,1714.7178,0.0000,0.9868
205598,356,27,0.1000,0.00000500,0.0000,16.7360,1683.5905,0.0000,0.9815
205599,1709,60,0.1000,0.00000500,0.0000,12.8491,1720.4637,0.0000,0.9797
205600,599,36,0.1000,0.00000500,0.0000,6.9805,1690.8065,0.0000,0.9844
205601,515,31,0.1000,0.00000500,0.0000,14.8530,1689.7249,0.0000,0.9778
205602,2760,63,0.1000,0.00000500,0.0000,10.9807,1782.1885,0.0000,0.9792
205603,493,30,0.1000,0.00000500,0.0000,9.2171,1688.5460,0.0000,0.9833
205604,295,21,0.1000,0.00000500,0.0000,11.9616,1684.6382,0.0000,0.9851
205605,3528,111,0.1000,0.00000500,0.0000,11.6150,1728.6387,0.0000,0.9786
205606,7675,186,0.1000,0.00000500,0.0000,11.8546,1761.9388,0.0000,0.9803
205607,2419,73,0.1000,0.00000500,0.0000,8.8686,1731.4272,0.0000,0.9782
205608,2724,69,0.1000,0.00000500,0.0000,14.0180,1753.2816,0.0000,0.9805
205609,1353,39,0.1000,0.00000500,0.0000,9.9209,1744.0581,0.0000,0.9800
205610,325,24,0.1000,0.00000500,0.0000,9.9213,1675.4923,0.0000,0.9844
205611,988,42,0.1000,0.00000500,0.0000,10.9311,1681.4290,0.0000,0.9807
205612,683,30,0.1000,0.00000500,0.0000,8.8547,1690.7918,0.0000,0.9844
205613,235,18,0.1000,0.00000500,0.0000,12.5587,1652.6961,0.0000,0.9844
205614,6806,121,0.1000,0.00000500,0.0000,12.7563,1786.7597,0.0000,0.9804
205615,1472,51,0.1000,0.00000500,0.0000,15.0118,1715.2862,0.0000,0.9816
205616,2507,46,0.1000,0.00000500,0.0000,10.8251,1784.1861,0.0000,0.9789
205617,554,24,0.1000,0.00000500,0.0000,12.2930,1692.6978,0.0000,0.9831
205618,281,18,0.1000,0.00000500,0.0000,7.3340,1656.7170,0.0000,0.9774
205619,417,26,0.1000,0.00000500,0.0000,10.9745,1665.0331,0.0000,0.9748
205620,192,18,0.1000,0.00000500,0.0000,18.4827,1647.7675,0.0000,0.9861
205621,1559,68,0.1000,0.00000500,0.0000,9.9629,1696.1378,0.0000,0.9793
205622,311,21,0.1000,0.00000500,0.0000,7.1700,1667.5575,0.0000,0.9911
205623,114,12,0.1000,0.00000500,0.0000,9.9408,1646.8424,0.0000,0.9818
205624,737,33,0.1000,0.00000500,0.0000,13.5870,1673.1379,0.0000,0.9744
205625,2206,61,0.1000,0.00000500,0.0000,7.0744,1723.2348,0.0000,0.9857
205626,6018,111,0.1000,0.00000500,0.0000,11.5880,1767.2092,0.0000,0.9797
205627,7909,120,0.1000,0.00000500,0.0000,10.0489,1796.8356,0.0000,0.9820
205628,4101,93,0.1000,0.00000500,0.0000,8.1547,1747.2556,0.0000,0.9859
205629,2267,45,0.1000,0.00000500,0.0000,12.3710,1775.6458,0.0000,0.9812
205630,3455,96,0.1000,0.00000500,0.0000,13.1026,1723.2574,0.0000,0.9818
205631,1075,54,0.1000,0.00000500,0.0000,10.7827,1660.0963,0.0000,0.9809
205632,5324,108,0.1000,0.00000500,0.0000,12.9103,1758.6713,0.0000,0.9838
205633,188,18,0.1000,0.00000500,0.0000,6.4108,1629.4334,0.0000,0.9826
205634,1495,74,0.1000,0.00000500,0.0000,12.3223,1659.7616,0.0000,0.9823
205635,1644,48,0.1000,0.00000500,0.0000,8.9896,1707.5358,0.0000,0.9857
205636,3000,102,0.1000,0.00000500,0.0000,10.0816,1691.4458,0.0000,0.9786
205637,501,30,0.1000,0.00000500,0.0000,9.1989,1650.6914,0.0000,0.9833
205638,1824,51,0.1000,0.00000500,0.0000,10.5368,1701.0462,0.0000,0.9835
205639,6604,75,0.1000,0.00000500,0.0000,11.1623,1831.8425,0.0000,0.9796
205640,1318,42,0.1000,0.00000500,0.0000,13.6227,1679.0143,0.0000,0.9777
205641,411,30,0.1000,0.00000500,0.0000,11.2820,1626.5330,0.0000,0.9823
205642,6407,156,0.1000,0.00000500,0.0000,12.1747,1717.8963,0.0000,0.9768
205643,2177,53,0.1000,0.00000500,0.0000,11.2116,1714.3674,0.0000,0.9788
205644,286,18,0.1000,0.00000500,0.0000,6.4422,1630.6147,0.0000,0.9722
205645,1861,63,0.1000,0.00000500,0.0000,8.3843,1689.8041,0.0000,0.9861
205646,1352,54,0.1000,0.00000500,0.0000,12.0740,1670.9217,0.0000,0.9809
205647,330,21,0.1000,0.00000500,0.0000,17.9993,1619.5950,0.0000,0.9747
205648,1223,45,0.1000,0.00000500,0.0000,11.8839,1663.0835,0.0000,0.9833
205649,2644,57,0.1000,0.00000500,0.0000,14.1472,1735.0027,0.0000,0.9786
205650,685,30,0.1000,0.00000500,0.0000,16.2968,1644.0424,0.0000,0.9729
205651,294,24,0.1000,0.00000500,0.0000,8.6804,1610.7331,0.0000,0.9831
205652,874,39,0.1000,0.00000500,0.0000,6.7256,1656.4192,0.0000,0.9848
205653,680,39,0.1000,0.00000500,0.0000,14.3692,1637.2452,0.0000,0.9800
205654,374,26,0.1000,0.00000500,0.0000,8.7885,1624.8711,0.0000,0.9760
205655,699,32,0.1000,0.00000500,0.0000,10.0197,1646.4556,0.0000,0.9805
205656,1978,57,0.1000,0.00000500,0.0000,8.5581,1691.3919,0.0000,0.9825
205657,4821,93,0.1000,0.00000500,0.0000,11.7250,1739.4647,0.0000,0.9822
205658,200,21,0.1000,0.00000500,0.0000,18.2522,1591.4419,0.0000,0.9762
205659,558,27,0.1000,0.00000500,0.0000,10.5027,1630.1615,0.0000,0.9850
205660,660,27,0.1000,0.00000500,0.0000,8.6626,1649.4165,0.0000,0.9803
205661,4502,108,0.1000,0.00000500,0.0000,14.1410,1703.3104,0.0000,0.9789
205662,1282,45,0.1000,0.00000500,0.0000,7.1576,1653.3921,0.0000,0.9861
205663,3181,86,0.1000,0.00000500,0.0000,10.8150,1687.4900,0.0000,0.9873
205664,4042,106,0.1000,0.00000500,0.0000,9.1860,1700.9490,0.0000,0.9808
205665,216,15,0.1000,0.00000500,0.0000,7.0141,1606.2794,0.0000,0.9854
205666,2181,66,0.1000,0.00000500,0.0000,10.1644,1684.2538,0.0000,0.9820
205667,572,36,0.1000,0.00000500,0.0000,8.2100,1600.1477,0.0000,0.9766
205668,906,30,0.1000,0.00000500,0.0000,13.9867,1652.3508,0.0000,0.9844
205669,4733,96,0.1000,0.00000500,0.0000,9.7894,1701.0349,0.0000,0.9801
205670,143,18,0.1000,0.00000500,0.0000,12.5305,1574.1279,0.0000,0.9826
205671,685,33,0.1000,0.00000500,0.0000,11.8311,1620.6834,0.0000,0.9744
205672,2343,48,0.1000,0.00000500,0.0000,12.7387,1705.4654,0.0000,0.9805
205673,622,32,0.1000,0.00000500,0.0000,9.7452,1623.2265,0.0000,0.9863
205674,3757,57,0.1000,0.00000500,0.0000,10.5920,1747.5343,0.0000,0.9825
205675,4953,95,0.1000,0.00000500,0.0000,12.8573,1719.1494,0.0000,0.9822
205676,1486,57,0.1000,0.00000500,0.0000,12.3760,1638.6214,0.0000,0.9786
205677,9434,135,0.1000,0.00000500,0.0000,10.3412,1742.9837,0.0000,0.9817
205678,1181,48,0.1000,0.00000500,0.0000,11.2004,1618.7992,0.0000,0.9746
205679,632,36,0.1000,0.00000500,0.0000,14.7936,1610.2492,0.0000,0.9731
205680,3712,81,0.1000,0.00000500,0.0000,14.5980,1694.9056,0.0000,0.9769
205681,3712,87,0.1000,0.00000500,0.0000,12.5203,1677.8382,0.0000,0.9838
205682,330,21,0.1000,0.00000500,0.0000,7.5640,1589.6465,0.0000,0.9836
205683,1676,54,0.1000,0.00000500,0.0000,14.9284,1652.5410,0.0000,0.9780
205684,1924,69,0.1000,0.00000500,0.0000,9.9322,1638.0822,0.0000,0.9801
205685,196,18,0.1000,0.00000500,0.0000,11.4674,1569.5936,0.0000,0.9722
205686,2381,63,0.1000,0.00000500,0.0000,12.6766,1658.6675,0.0000,0.9812
205687,1652,51,0.1000,0.00000500,0.0000,8.7327,1635.1597,0.0000,0.9792
205688,3875,69,0.1000,0.00000500,0.0000,10.3823,1721.6380,0.0000,0.9814
205689,453,24,0.1000,0.00000500,0.0000,14.8038,1597.3709,0.0000,0.9740
205690,442,30,0.1000,0.00000500,0.0000,10.3307,1579.6495,0.0000,0.9760
205691,517,33,0.1000,0.00000500,0.0000,7.5931,1583.4987,0.0000,0.9839
205692,4483,108,0.1000,0.00000500,0.0000,9.4668,1669.3485,0.0000,0.9780
205693,2818,87,0.1000,0.00000500,0.0000,13.8528,1639.6260,0.0000,0.9813
205694,5392,80,0.1000,0.00000500,0.0000,13.0996,1730.7857,0.0000,0.9793
205695,455,15,0.1000,0.00000500,0.0000,10.4193,1584.0269,0.0000,0.9729
205696,831,52,0.1000,0.00000500,0.0000,10.7612,1576.5338,0.0000,0.9784
205697,10801,120,0.1000,0.00000500,0.0000,10.2602,1758.2308,0.0000,0.9841
205698,434,30,0.1000,0.00000500,0.0000,9.1559,1572.4992,0.0000,0.9833
205699,329,24,0.1000,0.00000500,0.0000,9.1676,1566.5791,0.0000,0.9818
205700,2028,63,0.1000,0.00000500,0.0000,10.8490,1634.2640,0.0000,0.9797
205701,2487,75,0.1000,0.00000500,0.0000,12.6643,1639.1077,0.0000,0.9779
205702,210,15,0.1000,0.00000500,0.0000,6.3556,1562.7806,0.0000,0.9875
205703,1989,53,0.1000,0.00000500,0.0000,7.8115,1644.3945,0.0000,0.9823
205704,9308,123,0.1000,0.00000500,0.0000,12.3438,1727.6752,0.0000,0.9779
205705,657,39,0.1000,0.00000500,0.0000,9.6534,1568.7555,0.0000,0.9824
205706,5762,117,0.1000,0.00000500,0.0000,9.1220,1674.2884,0.0000,0.9829
205707,1029,36,0.1000,0.00000500,0.0000,9.6185,1606.1274,0.0000,0.9731
205708,2015,51,0.1000,0.00000500,0.0000,9.3841,1653.9507,0.0000,0.9804
205709,653,36,0.1000,0.00000500,0.0000,10.0419,1575.5515,0.0000,0.9792
205710,826,24,0.1000,0.00000500,0.0000,17.1861,1586.3394,0.0000,0.9844
205711,824,39,0.1000,0.00000500,0.0000,12.2626,1577.5153,0.0000,0.9816
205712,53,9,0.1000,0.00000500,0.0000,7.0343,1520.2217,0.0000,0.9965
205713,590,33,0.1000,0.00000500,0.0000,13.6230,1556.1818,0.0000,0.9801
205714,1718,42,0.1000,0.00000500,0.0000,11.4114,1631.0318,0.0000,0.9851
205715,1941,54,0.1000,0.00000500,0.0000,8.5622,1608.0423,0.0000,0.9826
205716,1684,42,0.1000,0.00000500,0.0000,15.1346,1636.1663,0.0000,0.9769
205717,1645,48,0.1000,0.00000500,0.0000,10.6283,1632.9575,0.0000,0.9805
205718,1108,42,0.1000,0.00000500,0.0000,8.8004,1588.6349,0.0000,0.9792
205719,4030,66,0.1000,0.00000500,0.0000,10.6706,1696.0366,0.0000,0.9825
205720,647,39,0.1000,0.00000500,0.0000,11.6079,1558.9357,0.0000,0.9808
205721,773,27,0.1000,0.00000500,0.0000,10.6891,1600.9254,0.0000,0.9803
205722,180,18,0.1000,0.00000500,0.0000,13.9822,1535.1684,0.0000,0.9774
205723,6038,137,0.1000,0.00000500,0.0000,11.3964,1653.9713,0.0000,0.9783
205724,2461,81,0.1000,0.00000500,0.0000,13.7396,1585.5273,0.0000,0.9815
205725,540,27,0.1000,0.00000500,0.0000,12.2793,1550.0068,0.0000,0.9815
205726,222,18,0.1000,0.00000500,0.0000,9.3257,1531.6510,0.0000,0.9792
205727,2297,60,0.1000,0.00000500,0.0000,10.7527,1616.7584,0.0000,0.9802
205728,659,48,0.1000,0.00000500,0.0000,10.0371,1544.2080,0.0000,0.9785
205729,1092,44,0.1000,0.00000500,0.0000,14.2061,1562.6203,0.0000,0.9751
205730,35,9,0.1000,0.00000500,0.0000,8.6859,1509.6431,0.0000,0.9931
205731,433,30,0.1000,0.00000500,0.0000,10.8872,1536.5261,0.0000,0.9771
205732,886,42,0.1000,0.00000500,0.0000,10.5542,1559.3277,0.0000,0.9792
205733,336,26,0.1000,0.00000500,0.0000,12.0968,1534.2124,0.0000,0.9868
205734,78,11,0.1000,0.00000500,0.0000,9.6790,1522.2704,0.0000,0.9886
205735,838,33,0.1000,0.00000500,0.0000,12.2998,1556.6961,0.0000,0.9801
205736,5983,159,0.1000,0.00000500,0.0000,9.5133,1599.8664,0.0000,0.9807
205737,545,21,0.1000,0.00000500,0.0000,5.7091,1532.9531,0.0000,0.9881
205738,541,19,0.1000,0.00000500,0.0000,12.1885,1564.7283,0.0000,0.9918
205739,20160,288,0.1000,0.00000500,0.0000,10.2753,1690.9707,0.0000,0.9801
205740,40,7,0.1000,0.00000500,0.0000,6.8295,1494.8259,0.0000,0.9821
205741,162,15,0.1000,0.00000500,0.0000,18.9810,1517.5436,0.0000,0.9896
205742,340,24,0.1000,0.00000500,0.0000,8.7115,1520.4389,0.0000,0.9831
205743,2627,60,0.1000,0.00000500,0.0000,9.3033,1634.7708,0.0000,0.9797
205744,2313,84,0.1000,0.00000500,0.0000,8.1226,1574.7297,0.0000,0.9844
205745,565,33,0.1000,0.00000500,0.0000,7.5750,1537.6860,0.0000,0.9839
205746,661,30,0.1000,0.00000500,0.0000,13.7722,1554.1328,0.0000,0.9781
205747,3048,81,0.1000,0.00000500,0.0000,11.1685,1614.8369,0.0000,0.9796
205748,661,27,0.1000,0.00000500,0.0000,11.2151,1568.5913,0.0000,0.9792
205749,356,24,0.1000,0.00000500,0.0000,11.0837,1520.0894,0.0000,0.9792
205750,3479,81,0.1000,0.00000500,0.0000,12.9845,1624.6556,0.0000,0.9784
205751,3112,78,0.1000,0.00000500,0.0000,12.3759,1606.5363,0.0000,0.9800
205752,239,17,0.1000,0.00000500,0.0000,11.7980,1512.5405,0.0000,0.9798
205753,3149,87,0.1000,0.00000500,0.0000,9.8705,1593.8364,0.0000,0.9810
205754,357,18,0.1000,0.00000500,0.0000,8.8686,1524.9400,0.0000,0.9757
205755,2513,48,0.1000,0.00000500,0.0000,10.9873,1634.4947,0.0000,0.9805
205756,3041,69,0.1000,0.00000500,0.0000,10.1792,1604.1792,0.0000,0.9819
205757,23536,152,0.1000,0.00000500,0.0000,11.9413,1807.6696,0.0000,0.9827
205758,4608,113,0.1000,0.00000500,0.0000,10.9195,1600.6989,0.0000,0.9784
205759,1971,54,0.1000,0.00000500,0.0000,13.6851,1574.9780,0.0000,0.9821
205760,79,12,0.1000,0.00000500,0.0000,11.7699,1495.4352,0.0000,0.9792
205761,3464,78,0.1000,0.00000500,0.0000,9.9021,1592.4347,0.0000,0.9848
205762,540,27,0.1000,0.00000500,0.0000,5.8063,1515.8363,0.0000,0.9838
205763,2770,80,0.1000,0.00000500,0.0000,11.8543,1577.7773,0.0000,0.9773
205764,1414,51,0.1000,0.00000500,0.0000,11.8297,1550.2516,0.0000,0.9749
205765,2625,57,0.1000,0.00000500,0.0000,11.0313,1612.2035,0.0000,0.9819
205766,1953,63,0.1000,0.00000500,0.0000,8.2704,1564.9748,0.0000,0.9816
205767,293,21,0.1000,0.00000500,0.0000,8.2380,1516.6161,0.0000,0.9851
205768,861,51,0.1000,0.00000500,0.0000,11.4331,1511.2759,0.0000,0.9779
205769,4691,105,0.1000,0.00000500,0.0000,9.8266,1594.3359,0.0000,0.9839
205770,1248,48,0.1000,0.00000500,0.0000,9.0033,1536.4129,0.0000,0.9805
205771,1064,34,0.1000,0.00000500,0.0000,15.2359,1554.2077,0.0000,0.9761
205772,3323,83,0.1000,0.00000500,0.0000,8.7052,1584.1707,0.0000,0.9789
205773,4753,116,0.1000,0.00000500,0.0000,13.0034,1580.4496,0.0000,0.9820
205774,1941,54,0.1000,0.00000500,0.0000,10.2759,1562.7567,0.0000,0.9821
205775,218,15,0.1000,0.00000500,0.0000,12.3128,1497.4731,0.0000,0.9646
205776,647,24,0.1000,0.00000500,0.0000,10.1594,1525.1721,0.0000,0.9818
205777,895,42,0.1000,0.00000500,0.0000,9.3925,1502.2970,0.0000,0.9762
205778,365,18,0.1000,0.00000500,0.0000,9.0252,1501.6771,0.0000,0.9861
205779,190,21,0.1000,0.00000500,0.0000,12.5653,1469.3263,0.0000,0.9836
205780,69,12,0.1000,0.00000500,0.0000,5.9860,1452.3154,0.0000,0.9844
205781,900,48,0.1000,0.00000500,0.0000,7.9890,1505.8270,0.0000,0.9837
205782,3064,95,0.1000,0.00000500,0.0000,9.3343,1541.0566,0.0000,0.9822
205783,604,30,0.1000,0.00000500,0.0000,13.4636,1500.0845,0.0000,0.9792
205784,160,18,0.1000,0.00000500,0.0000,6.6531,1473.9433,0.0000,0.9826
205785,1194,36,0.1000,0.00000500,0.0000,11.8734,1557.1645,0.0000,0.9844
205786,850,36,0.1000,0.00000500,0.0000,9.8450,1510.8803,0.0000,0.9818
205787,1788,63,0.1000,0.00000500,0.0000,12.3545,1532.4847,0.0000,0.9816
205788,309,24,0.1000,0.00000500,0.0000,10.7711,1477.9110,0.0000,0.9857
205789,430,18,0.1000,0.00000500,0.0000,7.7795,1503.4000,0.0000,0.9878
205790,972,42,0.1000,0.00000500,0.0000,7.6106,1516.5963,0.0000,0.9821
205791,509,30,0.1000,0.00000500,0.0000,10.5719,1486.2736,0.0000,0.9885
205792,2036,54,0.1000,0.00000500,0.0000,11.3392,1559.2828,0.0000,0.9803
205793,3328,84,0.1000,0.00000500,0.0000,10.4966,1564.6627,0.0000,0.9833
205794,6582,123,0.1000,0.00000500,0.0000,7.5254,1599.3628,0.0000,0.9832
205795,78,12,0.1000,0.00000500,0.0000,8.9124,1453.4731,0.0000,0.9792
205796,371,27,0.1000,0.00000500,0.0000,10.9453,1482.1243,0.0000,0.9838
205797,550,27,0.1000,0.00000500,0.0000,13.8446,1494.2369,0.0000,0.9826
205798,35,9,0.1000,0.00000500,0.0000,12.9356,1437.9452,0.0000,0.9688
205799,270,21,0.1000,0.00000500,0.0000,10.2131,1463.4497,0.0000,0.9807
205800,2147,71,0.1000,0.00000500,0.0000,11.2387,1533.6289,0.0000,0.9811
205801,890,39,0.1000,0.00000500,0.0000,7.9135,1507.0869,0.0000,0.9880
205802,785,34,0.1000,0.00000500,0.0000,11.2555,1499.4539,0.0000,0.9807
205803,167,15,0.1000,0.00000500,0.0000,13.1510,1451.0714,0.0000,0.9792
205804,255,21,0.1000,0.00000500,0.0000,13.3133,1455.7925,0.0000,0.9807
205805,4215,99,0.1000,0.00000500,0.0000,10.0188,1559.2549,0.0000,0.9804
205806,677,42,0.1000,0.00000500,0.0000,13.4743,1478.6049,0.0000,0.9762
205807,288,27,0.1000,0.00000500,0.0000,7.8086,1458.7887,0.0000,0.9884
205808,615,36,0.1000,0.00000500,0.0000,9.3265,1481.7900,0.0000,0.9818
205809,2583,75,0.1000,0.00000500,0.0000,13.7932,1539.6679,0.0000,0.9808
205810,944,54,0.1000,0.00000500,0.0000,14.1863,1477.5912,0.0000,0.9769
205811,1117,42,0.1000,0.00000500,0.0000,9.8415,1516.3110,0.0000,0.9777
205812,8637,159,0.1000,0.00000500,0.0000,10.6131,1595.3258,0.0000,0.9807
205813,1050,36,0.1000,0.00000500,0.0000,8.9956,1533.7641,0.0000,0.9783
205814,2160,69,0.1000,0.00000500,0.0000,9.9005,1508.5801,0.0000,0.9837
205815,734,36,0.1000,0.00000500,0.0000,8.6297,1481.0122,0.0000,0.9792
205816,949,60,0.1000,0.00000500,0.0000,9.1809,1468.3585,0.0000,0.9839
205817,2124,48,0.1000,0.00000500,0.0000,11.5318,1559.7009,0.0000,0.9759
205818,3683,114,0.1000,0.00000500,0.0000,10.9789,1517.2383,0.0000,0.9819
205819,1036,51,0.1000,0.00000500,0.0000,11.2499,1481.2382,0.0000,0.9865
205820,135,15,0.1000,0.00000500,0.0000,10.2566,1431.8127,0.0000,0.9812
205821,1406,32,0.1000,0.00000500,0.0000,9.5769,1518.2360,0.0000,0.9824
205822,90,15,0.1000,0.00000500,0.0000,5.4870,1415.3572,0.0000,0.9896
205823,83,13,0.1000,0.00000500,0.0000,8.4429,1408.3701,0.0000,0.9856
205824,4785,96,0.1000,0.00000500,0.0000,11.7614,1564.9705,0.0000,0.9831
205825,3455,51,0.1000,0.00000500,0.0000,7.8339,1601.9573,0.0000,0.9877
205826,425,24,0.1000,0.00000500,0.0000,15.6617,1453.1832,0.0000,0.9831
205827,2099,75,0.1000,0.00000500,0.0000,9.1977,1498.9082,0.0000,0.9838
205828,7032,135,0.1000,0.00000500,0.0000,8.7137,1567.9535,0.0000,0.9808
205829,906,30,0.1000,0.00000500,0.0000,10.7688,1500.3676,0.0000,0.9812
205830,1952,51,0.1000,0.00000500,0.0000,9.3113,1517.5221,0.0000,0.9828
205831,3485,84,0.1000,0.00000500,0.0000,10.4526,1536.3716,0.0000,0.9803
205832,969,45,0.1000,0.00000500,0.0000,9.6133,1469.1341,0.0000,0.9819
205833,8469,147,0.1000,0.00000500,0.0000,10.9385,1564.5076,0.0000,0.9815
205834,319,21,0.1000,0.00000500,0.0000,8.4503,1440.2738,0.0000,0.9747
205835,893,33,0.1000,0.00000500,0.0000,8.3117,1490.2791,0.0000,0.9763
205836,1499,57,0.1000,0.00000500,0.0000,9.0262,1484.6357,0.0000,0.9830
205837,3677,71,0.1000,0.00000500,0.0000,10.4810,1574.2921,0.0000,0.9802
205838,1866,51,0.1000,0.00000500,0.0000,9.8898,1498.2779,0.0000,0.9773
205839,392,26,0.1000,0.00000500,0.0000,12.0518,1443.6398,0.0000,0.9724
205840,1044,30,0.1000,0.00000500,0.0000,9.6898,1516.5589,0.0000,0.9781
205841,1087,42,0.1000,0.00000500,0.0000,12.0502,1476.5460,0.0000,0.9747
205842,324,27,0.1000,0.00000500,0.0000,8.7696,1429.5849,0.0000,0.9861
205843,2415,60,0.1000,0.00000500,0.0000,12.0962,1525.5008,0.0000,0.9833
205844,110,15,0.1000,0.00000500,0.0000,9.6763,1415.0677,0.0000,0.9812
205845,1818,68,0.1000,0.00000500,0.0000,9.1144,1479.0993,0.0000,0.9793
205846,1559,63,0.1000,0.00000500,0.0000,11.2739,1479.1315,0.0000,0.9787
205847,662,36,0.1000,0.00000500,0.0000,9.4139,1451.7746,0.0000,0.9783
205848,150,21,0.1000,0.00000500,0.0000,9.9959,1409.6868,0.0000,0.9792
205849,1195,60,0.1000,0.00000500,0.0000,13.4386,1462.8203,0.0000,0.9724
205850,160,19,0.1000,0.00000500,0.0000,13.4812,1411.3971,0.0000,0.9786
205851,214,14,0.1000,0.00000500,0.0000,10.2065,1424.9699,0.0000,0.9866
205852,1866,78,0.1000,0.00000500,0.0000,9.3741,1462.2179,0.0000,0.9796
205853,76,12,0.1000,0.00000500,0.0000,6.3981,1413.5247,0.0000,0.9818
205854,739,30,0.1000,0.00000500,0.0000,7.8531,1463.0268,0.0000,0.9760
205855,454,30,0.1000,0.00000500,0.0000,6.8791,1427.1104,0.0000,0.9885
205856,269,18,0.1000,0.00000500,0.0000,8.9650,1435.9607,0.0000,0.9861
205857,4318,65,0.1000,0.00000500,0.0000,9.3428,1594.5868,0.0000,0.9817
205858,7191,144,0.1000,0.00000500,0.0000,11.1641,1541.3092,0.0000,0.9759
205859,155,12,0.1000,0.00000500,0.0000,8.8064,1416.1733,0.0000,0.9766
205860,1346,66,0.1000,0.00000500,0.0000,14.0802,1455.8837,0.0000,0.9777
205861,858,45,0.1000,0.00000500,0.0000,8.7069,1431.7289,0.0000,0.9833
205862,8620,108,0.1000,0.00000500,0.0000,11.0531,1594.5276,0.0000,0.9821
205863,1917,75,0.1000,0.00000500,0.0000,8.3466,1462.6941,0.0000,0.9804
205864,673,36,0.1000,0.00000500,0.0000,6.4529,1436.7923,0.0000,0.9826
205865,599,30,0.1000,0.00000500,0.0000,13.2041,1432.4756,0.0000,0.9781
205866,720,36,0.1000,0.00000500,0.0000,9.3088,1441.2297,0.0000,0.9818
205867,4661,103,0.1000,0.00000500,0.0000,9.4553,1518.9639,0.0000,0.9788
205868,2232,84,0.1000,0.00000500,0.0000,11.9990,1458.5129,0.0000,0.9818
205869,708,33,0.1000,0.00000500,0.0000,7.7322,1432.8908,0.0000,0.9744
205870,545,33,0.1000,0.00000500,0.0000,13.1436,1427.1843,0.0000,0.9848
205871,3351,69,0.1000,0.00000500,0.0000,10.8526,1520.7146,0.0000,0.9828
205872,142,21,0.1000,0.00000500,0.0000,10.8865,1384.8915,0.0000,0.9821
205873,3438,81,0.1000,0.00000500,0.0000,8.1354,1509.4614,0.0000,0.9873
205874,1345,36,0.1000,0.00000500,0.0000,10.4477,1486.9654,0.0000,0.9757
205875,7662,144,0.1000,0.00000500,0.0000,10.3802,1534.7641,0.0000,0.9816
205876,115,12,0.1000,0.00000500,0.0000,5.2280,1393.9609,0.0000,0.9766
205877,5410,164,0.1000,0.00000500,0.0000,10.5141,1484.0516,0.0000,0.9808
205878,2085,42,0.1000,0.00000500,0.0000,7.3314,1517.1457,0.0000,0.9769
205879,2046,78,0.1000,0.00000500,0.0000,10.7576,1451.2874,0.0000,0.9804
205880,444,24,0.1000,0.00000500,0.0000,13.8411,1409.1086,0.0000,0.9766
205881,324,24,0.1000,0.00000500,0.0000,10.1232,1399.3869,0.0000,0.9870
205882,1965,72,0.1000,0.00000500,0.0000,12.4929,1446.9527,0.0000,0.9818
205883,9395,90,0.1000,0.00000500,0.0000,10.6656,1634.9238,0.0000,0.9806
205884,7495,96,0.1000,0.00000500,0.0000,12.5899,1602.5719,0.0000,0.9814
205885,7173,114,0.1000,0.00000500,0.0000,8.9177,1533.8556,0.0000,0.9819
205886,1264,42,0.1000,0.00000500,0.0000,11.0119,1439.8406,0.0000,0.9754
205887,8012,108,0.1000,0.00000500,0.0000,13.3350,1557.4112,0.0000,0.9737
205888,1047,34,0.1000,0.00000500,0.0000,7.4726,1457.2885,0.0000,0.9871
205889,8157,150,0.1000,0.00000500,0.0000,11.3389,1522.7153,0.0000,0.9806
205890,2306,66,0.1000,0.00000500,0.0000,11.4267,1473.5649,0.0000,0.9820
205891,160,15,0.1000,0.00000500,0.0000,6.1141,1381.9000,0.0000,0.9792
205892,356,18,0.1000,0.00000500,0.0000,10.2408,1438.0810,0.0000,0.9844
205893,1096,56,0.1000,0.00000500,0.0000,9.6774,1413.7953,0.0000,0.9782
205894,416,29,0.1000,0.00000500,0.0000,10.8551,1395.4387,0.0000,0.9838
205895,647,33,0.1000,0.00000500,0.0000,9.9253,1408.4816,0.0000,0.9811
205896,747,39,0.1000,0.00000500,0.0000,10.7424,1416.1814,0.0000,0.9824
205897,716,27,0.1000,0.00000500,0.0000,11.3504,1407.4052,0.0000,0.9757
205898,268,24,0.1000,0.00000500,0.0000,6.9078,1378.9442,0.0000,0.9805
205899,352,27,0.1000,0.00000500,0.0000,12.9748,1399.7030,0.0000,0.9803
205900,2507,81,0.1000,0.00000500,0.0000,10.1674,1443.9602,0.0000,0.9811
205901,2019,96,0.1000,0.00000500,0.0000,9.3484,1417.1579,0.0000,0.9814
205902,285,21,0.1000,0.00000500,0.0000,6.8009,1377.6460,0.0000,0.9762
205903,560,33,0.1000,0.00000500,0.0000,7.1644,1391.4648,0.0000,0.9867
205904,202,23,0.1000,0.00000500,0.0000,10.9661,1363.8740,0.0000,0.9783
205905,1079,45,0.1000,0.00000500,0.0000,11.8207,1419.0256,0.0000,0.9792
205906,936,39,0.1000,0.00000500,0.0000,10.1676,1412.6661,0.0000,0.9816
205907,2568,57,0.1000,0.00000500,0.0000,9.0727,1471.8858,0.0000,0.9792
205908,116,12,0.1000,0.00000500,0.0000,5.9328,1363.8678,0.0000,0.9818
205909,1892,43,0.1000,0.00000500,0.0000,8.2406,1480.6054,0.0000,0.9782
205910,7926,162,0.1000,0.00000500,0.0000,9.3509,1494.5565,0.0000,0.9796
205911,2285,48,0.1000,0.00000500,0.0000,10.2145,1500.0783,0.0000,0.9759
205912,419,27,0.1000,0.00000500,0.0000,16.3351,1389.2124,0.0000,0.9745
205913,84,15,0.1000,0.00000500,0.0000,14.4869,1359.7178,0.0000,0.9833
205914,3239,58,0.1000,0.00000500,0.0000,8.6882,1518.4364,0.0000,0.9828
205915,723,42,0.1000,0.00000500,0.0000,12.0244,1379.4019,0.0000,0.9829
205916,557,27,0.1000,0.00000500,0.0000,8.0030,1419.4902,0.0000,0.9838
205917,3072,66,0.1000,0.00000500,0.0000,8.6830,1467.9262,0.0000,0.9801
205918,136,15,0.1000,0.00000500,0.0000,10.0741,1355.2802,0.0000,0.9812
205919,2967,88,0.1000,0.00000500,0.0000,9.8698,1443.0491,0.0000,0.9808
205920,2839,96,0.1000,0.00000500,0.0000,11.5750,1434.2617,0.0000,0.9814
205921,3225,81,0.1000,0.00000500,0.0000,9.3885,1477.5593,0.0000,0.9846
205922,10203,105,0.1000,0.00000500,0.0000,12.3885,1566.8321,0.0000,0.9807
205923,5405,114,0.1000,0.00000500,0.0000,10.5293,1472.7139,0.0000,0.9800
205924,301,29,0.1000,0.00000500,0.0000,6.7482,1369.8927,0.0000,0.9849
205925,74,12,0.1000,0.00000500,0.0000,12.3653,1338.7968,0.0000,0.9870
205926,6015,165,0.1000,0.00000500,0.0000,10.7160,1444.8498,0.0000,0.9794
205927,1486,60,0.1000,0.00000500,0.0000,10.0192,1401.5131,0.0000,0.9844
205928,1379,54,0.1000,0.00000500,0.0000,12.5982,1411.8280,0.0000,0.9832
205929,1336,36,0.1000,0.00000500,0.0000,11.6700,1424.6818,0.0000,0.9818
205930,1000,40,0.1000,0.00000500,0.0000,6.3849,1397.4873,0.0000,0.9914
205931,2287,45,0.1000,0.00000500,0.0000,10.4523,1480.7044,0.0000,0.9799
205932,800,30,0.1000,0.00000500,0.0000,7.4650,1405.2215,0.0000,0.9823
205933,934,27,0.1000,0.00000500,0.0000,8.5739,1397.4234,0.0000,0.9850
205934,2346,57,0.1000,0.00000500,0.0000,8.8954,1423.1072,0.0000,0.9781
205935,2231,87,0.1000,0.00000500,0.0000,12.3967,1402.0705,0.0000,0.9756
205936,2116,90,0.1000,0.00000500,0.0000,9.2869,1391.7592,0.0000,0.9809
205937,149,12,0.1000,0.00000500,0.0000,13.2917,1346.6841,0.0000,0.9818
205938,1413,51,0.1000,0.00000500,0.0000,12.6592,1407.9856,0.0000,0.9804
205939,319,27,0.1000,0.00000500,0.0000,9.9001,1344.3915,0.0000,0.9873
205940,44,9,0.1000,0.00000500,0.0000,7.0436,1318.6297,0.0000,0.9757
205941,1696,42,0.1000,0.00000500,0.0000,15.1141,1438.5675,0.0000,0.9740
205942,799,43,0.1000,0.00000500,0.0000,9.3038,1363.6908,0.0000,0.9782
205943,229,18,0.1000,0.00000500,0.0000,20.2555,1353.2041,0.0000,0.9809
205944,250,21,0.1000,0.00000500,0.0000,9.1960,1341.7214,0.0000,0.9777
205945,5420,135,0.1000,0.00000500,0.0000,11.9695,1437.0719,0.0000,0.9766
205946,219,24,0.1000,0.00000500,0.0000,8.4139,1337.1653,0.0000,0.9740
205947,1515,39,0.1000,0.00000500,0.0000,9.8767,1429.1843,0.0000,0.9800
205948,5318,81,0.1000,0.00000500,0.0000,10.4642,1490.4647,0.0000,0.9834
205949,449,24,0.1000,0.00000500,0.0000,10.9925,1374.3056,0.0000,0.9805
205950,143,18,0.1000,0.00000500,0.0000,7.0996,1332.4894,0.0000,0.9948
205951,133,15,0.1000,0.00000500,0.0000,17.0997,1336.6626,0.0000,0.9750
205952,1694,44,0.1000,0.00000500,0.0000,12.0654,1428.4045,0.0000,0.9822
205953,795,48,0.1000,0.00000500,0.0000,10.3523,1352.3431,0.0000,0.9831
205954,427,30,0.1000,0.00000500,0.0000,10.1822,1351.1156,0.0000,0.9771
205955,450,27,0.1000,0.00000500,0.0000,8.5602,1359.9740,0.0000,0.9792
205956,1743,69,0.1000,0.00000500,0.0000,12.6720,1388.0101,0.0000,0.9801
205957,2412,53,0.1000,0.00000500,0.0000,8.0677,1455.8959,0.0000,0.9805
205958,1786,45,0.1000,0.00000500,0.0000,10.1500,1433.0354,0.0000,0.9826
205959,664,27,0.1000,0.00000500,0.0000,8.7204,1379.6147,0.0000,0.9780
205960,1234,45,0.1000,0.00000500,0.0000,8.4615,1386.8008,0.0000,0.9896
205961,3167,78,0.1000,0.00000500,0.0000,11.1018,1428.6996,0.0000,0.9788
205962,209,21,0.1000,0.00000500,0.0000,11.3891,1330.5629,0.0000,0.9673
205963,581,27,0.1000,0.00000500,0.0000,9.3798,1369.4764,0.0000,0.9884
205964,307,24,0.1000,0.00000500,0.0000,11.3534,1334.6605,0.0000,0.9701
205965,7360,150,0.1000,0.00000500,0.0000,9.5744,1453.4088,0.0000,0.9785
205966,365,21,0.1000,0.00000500,0.0000,8.9120,1355.4831,0.0000,0.9762
205967,6234,79,0.1000,0.00000500,0.0000,9.5885,1530.7216,0.0000,0.9826
205968,3451,120,0.1000,0.00000500,0.0000,9.3657,1392.3163,0.0000,0.9784
205969,11072,162,0.1000,0.00000500,0.0000,10.7366,1481.6946,0.0000,0.9796
205970,8052,153,0.1000,0.00000500,0.0000,10.3352,1452.8816,0.0000,0.9779
205971,1949,69,0.1000,0.00000500,0.0000,8.4340,1376.8172,0.0000,0.9778
205972,490,27,0.1000,0.00000500,0.0000,7.4182,1341.1893,0.0000,0.9792
205973,5920,162,0.1000,0.00000500,0.0000,10.8121,1411.0480,0.0000,0.9799
205974,249,15,0.1000,0.00000500,0.0000,12.9797,1327.2621,0.0000,0.9708
205975,931,39,0.1000,0.00000500,0.0000,9.4039,1352.3396,0.0000,0.9776
205976,336,26,0.1000,0.00000500,0.0000,7.3657,1317.6820,0.0000,0.9784
205977,3181,92,0.1000,0.00000500,0.0000,11.1875,1389.1244,0.0000,0.9810
205978,1670,54,0.1000,0.00000500,0.0000,7.0928,1384.1088,0.0000,0.9838
205979,1077,36,0.1000,0.00000500,0.0000,7.0422,1372.3690,0.0000,0.9896
205980,826,39,0.1000,0.00000500,0.0000,6.0246,1350.9438,0.0000,0.9808
205981,1787,54,0.1000,0.00000500,0.0000,11.1761,1386.7066,0.0000,0.9786
205982,1532,43,0.1000,0.00000500,0.0000,9.0493,1396.1636,0.0000,0.9767
205983,2529,57,0.1000,0.00000500,0.0000,10.3453,1422.6151,0.0000,0.9759
205984,186,21,0.1000,0.00000500,0.0000,6.7203,1303.1049,0.0000,0.9881
205985,113,12,0.1000,0.00000500,0.0000,10.4404,1312.9930,0.0000,0.9818
205986,714,33,0.1000,0.00000500,0.0000,8.4298,1358.5108,0.0000,0.9858
205987,12052,123,0.1000,0.00000500,0.0000,10.2938,1519.6869,0.0000,0.9802
205988,3513,90,0.1000,0.00000500,0.0000,9.8461,1391.0371,0.0000,0.9799
205989,257,18,0.1000,0.00000500,0.0000,5.8953,1312.7140,0.0000,0.9948
205990,750,30,0.1000,0.00000500,0.0000,9.9946,1355.3730,0.0000,0.9875
205991,595,30,0.1000,0.00000500,0.0000,7.7126,1334.6782,0.0000,0.9760
205992,782,49,0.1000,0.00000500,0.0000,7.0886,1331.0934,0.0000,0.9841
205993,47,9,0.1000,0.00000500,0.0000,16.6095,1279.6135,0.0000,0.9722
205994,1167,33,0.1000,0.00000500,0.0000,6.8139,1363.9961,0.0000,0.9763
205995,645,24,0.1000,0.00000500,0.0000,16.6612,1352.1040,0.0000,0.9857
205996,843,45,0.1000,0.00000500,0.0000,6.6480,1332.1007,0.0000,0.9764
205997,760,39,0.1000,0.00000500,0.0000,10.4202,1338.8910,0.0000,0.9848
205998,565,30,0.1000,0.00000500,0.0000,9.8820,1339.9293,0.0000,0.9812
205999,1891,45,0.1000,0.00000500,0.0000,8.6259,1417.2042,0.0000,0.9889
206000,1247,39,0.1000,0.00000500,0.0000,11.6527,1381.5871,0.0000,0.9760
206001,14486,123,0.1000,0.00000500,0.0000,9.6013,1548.4199,0.0000,0.9822
206002,376,27,0.1000,0.00000500,0.0000,5.9311,1308.6470,0.0000,0.9826
206003,3485,90,0.1000,0.00000500,0.0000,10.2858,1390.3648,0.0000,0.9785
206004,2024,75,0.1000,0.00000500,0.0000,8.7002,1355.0393,0.0000,0.9825
206005,31,7,0.1000,0.00000500,0.0000,22.8557,1275.9551,0.0000,0.9732
206006,120,14,0.1000,0.00000500,0.0000,8.8698,1284.2728,0.0000,0.9799
206007,1878,51,0.1000,0.00000500,0.0000,13.8381,1383.0981,0.0000,0.9706
206008,213,15,0.1000,0.00000500,0.0000,6.3325,1296.9938,0.0000,0.9854
206009,2414,87,0.1000,0.00000500,0.0000,10.4117,1356.1943,0.0000,0.9806
206010,1337,54,0.1000,0.00000500,0.0000,8.1534,1342.9333,0.0000,0.9763
206011,119,15,0.1000,0.00000500,0.0000,9.0262,1274.3528,0.0000,0.9875
206012,899,27,0.1000,0.00000500,0.0000,4.9867,1361.2812,0.0000,0.9745
206013,1413,75,0.1000,0.00000500,0.0000,10.6944,1325.7907,0.0000,0.9821
206014,3958,138,0.1000,0.00000500,0.0000,9.8228,1355.9377,0.0000,0.9778
206015,4167,93,0.1000,0.00000500,0.0000,9.3379,1403.9991,0.0000,0.9795
206016,1723,72,0.1000,0.00000500,0.0000,11.1432,1328.3198,0.0000,0.9826
206017,2754,51,0.1000,0.00000500,0.0000,11.3716,1425.7644,0.0000,0.9822
206018,5661,126,0.1000,0.00000500,0.0000,9.2887,1396.0716,0.0000,0.9789
206019,1937,48,0.1000,0.00000500,0.0000,10.1419,1384.2309,0.0000,0.9811
206020,3392,63,0.1000,0.00000500,0.0000,9.6228,1412.8370,0.0000,0.9767
206021,913,33,0.1000,0.00000500,0.0000,9.8960,1339.3169,0.0000,0.9744
206022,1239,45,0.1000,0.00000500,0.0000,8.9194,1353.3185,0.0000,0.9868
206023,2822,57,0.1000,0.00000500,0.0000,8.5680,1417.3307,0.0000,0.9819
206024,258,21,0.1000,0.00000500,0.0000,8.9459,1286.2715,0.0000,0.9896
206025,1508,39,0.1000,0.00000500,0.0000,14.5772,1375.9314,0.0000,0.9704
206026,2105,69,0.1000,0.00000500,0.0000,12.2489,1345.6961,0.0000,0.9823
206027,594,30,0.1000,0.00000500,0.0000,7.8644,1320.0695,0.0000,0.9812
206028,481,30,0.1000,0.00000500,0.0000,6.9115,1300.4055,0.0000,0.9802
206029,265,24,0.1000,0.00000500,0.0000,5.0308,1287.3576,0.0000,0.9740
206030,1442,51,0.1000,0.00000500,0.0000,10.1945,1359.4493,0.0000,0.9779
206031,3724,120,0.1000,0.00000500,0.0000,9.9143,1352.1269,0.0000,0.9841
206032,901,45,0.1000,0.00000500,0.0000,10.7311,1315.0917,0.0000,0.9812
206033,488,33,0.1000,0.00000500,0.0000,7.7186,1299.8068,0.0000,0.9801
206034,2563,72,0.1000,0.00000500,0.0000,9.5786,1356.6335,0.0000,0.9792
206035,9710,138,0.1000,0.00000500,0.0000,10.2222,1451.5278,0.0000,0.9812
206036,1399,49,0.1000,0.00000500,0.0000,9.1915,1342.3726,0.0000,0.9796
206037,1620,57,0.1000,0.00000500,0.0000,11.9769,1344.8208,0.0000,0.9814
206038,2018,63,0.1000,0.00000500,0.0000,11.8533,1339.7268,0.0000,0.9732
206039,577,33,0.1000,0.00000500,0.0000,7.7613,1304.7092,0.0000,0.9839
206040,2765,59,0.1000,0.00000500,0.0000,9.6173,1391.4845,0.0000,0.9809
206041,378,29,0.1000,0.00000500,0.0000,6.8223,1285.1262,0.0000,0.9828
206042,6166,128,0.1000,0.00000500,0.0000,9.6873,1395.1891,0.0000,0.9846
206043,4781,84,0.1000,0.00000500,0.0000,9.3061,1398.2505,0.0000,0.9862
206044,46,9,0.1000,0.00000500,0.0000,25.4276,1239.8531,0.0000,0.9653
206045,358,17,0.1000,0.00000500,0.0000,7.9382,1288.1787,0.0000,0.9853
206046,2971,48,0.1000,0.00000500,0.0000,8.0033,1417.5498,0.0000,0.9785
206047,1024,48,0.1000,0.00000500,0.0000,9.6220,1298.5427,0.0000,0.9818
206048,214,15,0.1000,0.00000500,0.0000,10.1257,1271.0721,0.0000,0.9708
206049,950,36,0.1000,0.00000500,0.0000,8.7992,1295.3604,0.0000,0.9809
206050,1573,81,0.1000,0.00000500,0.0000,7.7007,1298.8574,0.0000,0.9819
206051,1127,42,0.1000,0.00000500,0.0000,9.0121,1323.7181,0.0000,0.9851
206052,2678,84,0.1000,0.00000500,0.0000,11.9693,1333.2956,0.0000,0.9781
206053,6791,127,0.1000,0.00000500,0.0000,10.0621,1386.2252,0.0000,0.9798
206054,548,36,0.1000,0.00000500,0.0000,9.7462,1272.6090,0.0000,0.9809
206055,1713,69,0.1000,0.00000500,0.0000,9.7073,1304.3850,0.0000,0.9837
206056,1228,42,0.1000,0.00000500,0.0000,9.5886,1328.6945,0.0000,0.9792
206057,311,27,0.1000,0.00000500,0.0000,8.0317,1256.1748,0.0000,0.9780
206058,14508,177,0.1000,0.00000500,0.0000,9.1612,1446.5810,0.0000,0.9820
206059,494,30,0.1000,0.00000500,0.0000,13.8774,1294.5021,0.0000,0.9802
206060,290,21,0.1000,0.00000500,0.0000,11.1025,1270.6330,0.0000,0.9807
206061,128,15,0.1000,0.00000500,0.0000,12.7104,1246.8157,0.0000,0.9792
206062,1353,36,0.1000,0.00000500,0.0000,8.2201,1342.5050,0.0000,0.9852
206063,1472,48,0.1000,0.00000500,0.0000,9.5960,1317.7326,0.0000,0.9805
206064,1385,53,0.1000,0.00000500,0.0000,8.9919,1301.2289,0.0000,0.9835
206065,908,33,0.1000,0.00000500,0.0000,13.3037,1297.1975,0.0000,0.9801
206066,288,18,0.1000,0.00000500,0.0000,6.6764,1272.2064,0.0000,0.9670
206067,668,30,0.1000,0.00000500,0.0000,9.4567,1291.5495,0.0000,0.9823
206068,1518,36,0.1000,0.00000500,0.0000,8.9147,1370.3772,0.0000,0.9870
206069,310,24,0.1000,0.00000500,0.0000,11.4999,1266.6957,0.0000,0.9766
206070,853,36,0.1000,0.00000500,0.0000,9.5449,1298.1266,0.0000,0.9818
206071,2036,57,0.1000,0.00000500,0.0000,7.4456,1338.8367,0.0000,0.9792
206072,673,30,0.1000,0.00000500,0.0000,10.8874,1299.6096,0.0000,0.9823
206073,1167,48,0.1000,0.00000500,0.0000,8.9603,1283.5013,0.0000,0.9850
206074,26,5,0.1000,0.00000500,0.0000,4.6873,0.0000,0.0000,0.9750
206075,364,27,0.1000,0.00000500,0.0000,5.6620,1263.2720,0.0000,0.9803
206076,1078,39,0.1000,0.00000500,0.0000,10.2068,1318.8137,0.0000,0.9744
206077,792,48,0.1000,0.00000500,0.0000,7.0321,1266.7954,0.0000,0.9805
206078,1176,36,0.1000,0.00000500,0.0000,10.1211,1314.1709,0.0000,0.9792
206079,252,18,0.1000,0.00000500,0.0000,8.6016,1253.1212,0.0000,0.9826
206080,341,26,0.1000,0.00000500,0.0000,11.3076,1254.0817,0.0000,0.9808
206081,778,29,0.1000,0.00000500,0.0000,8.5377,1300.8079,0.0000,0.9935
206082,315,27,0.1000,0.00000500,0.0000,8.2010,1251.7709,0.0000,0.9676
206083,1047,33,0.1000,0.00000500,0.0000,7.5700,1325.7152,0.0000,0.9848
206084,1271,60,0.1000,0.00000500,0.0000,9.6595,1291.4734,0.0000,0.9833
206085,1545,57,0.1000,0.00000500,0.0000,8.4443,1305.2908,0.0000,0.9792
206086,2410,69,0.1000,0.00000500,0.0000,10.8277,1343.9019,0.0000,0.9823
206087,2732,51,0.1000,0.00000500,0.0000,8.2283,1376.0564,0.0000,0.9859
206088,6722,135,0.1000,0.00000500,0.0000,9.0065,1359.3818,0.0000,0.9810
206089,1713,61,0.1000,0.00000500,0.0000,9.9872,1296.0319,0.0000,0.9790
206090,320,24,0.1000,0.00000500,0.0000,14.0053,1256.8512,0.0000,0.9805
206091,941,45,0.1000,0.00000500,0.0000,6.8488,1274.9091,0.0000,0.9806
206092,3000,63,0.1000,0.00000500,0.0000,10.5027,1344.3861,0.0000,0.9802
206093,10059,129,0.1000,0.00000500,0.0000,8.2725,1414.5978,0.0000,0.9843
206094,249,21,0.1000,0.00000500,0.0000,8.5498,1233.6680,0.0000,0.9896
206095,226,18,0.1000,0.00000500,0.0000,12.5736,1255.4190,0.0000,0.9740
206096,1707,42,0.1000,0.00000500,0.0000,6.9560,1331.6111,0.0000,0.9792
206097,36,9,0.1000,0.00000500,0.0000,6.5168,1211.5561,0.0000,0.9722
206098,3838,102,0.1000,0.00000500,0.0000,7.1262,1337.4736,0.0000,0.9847
206099,916,42,0.1000,0.00000500,0.0000,10.2482,1273.2228,0.0000,0.9769
206100,6265,123,0.1000,0.00000500,0.0000,7.8725,1367.3499,0.0000,0.9815
206101,927,36,0.1000,0.00000500,0.0000,6.1855,1287.5133,0.0000,0.9740
206102,1078,45,0.1000,0.00000500,0.0000,8.5347,1290.5855,0.0000,0.9764
206103,498,33,0.1000,0.00000500,0.0000,9.8909,1249.7637,0.0000,0.9792
206104,593,30,0.1000,0.00000500,0.0000,11.7046,1265.5921,0.0000,0.9812
206105,576,33,0.1000,0.00000500,0.0000,7.0700,1255.3183,0.0000,0.9811
206106,7358,114,0.1000,0.00000500,0.0000,10.0775,1386.1743,0.0000,0.9814
206107,711,24,0.1000,0.00000500,0.0000,9.5356,1251.1025,0.0000,0.9792
206108,3022,75,0.1000,0.00000500,0.0000,10.1487,1327.2062,0.0000,0.9808
206109,2007,81,0.1000,0.00000500,0.0000,9.1378,1275.9536,0.0000,0.9799
206110,305,21,0.1000,0.00000500,0.0000,7.9588,1236.2677,0.0000,0.9807
206111,2081,66,0.1000,0.00000500,0.0000,10.6807,1302.1633,0.0000,0.9787
206112,46,9,0.1000,0.00000500,0.0000,11.0298,1200.1375,0.0000,0.9896
206113,731,33,0.1000,0.00000500,0.0000,8.4164,1263.0144,0.0000,0.9782
206114,1484,57,0.1000,0.00000500,0.0000,8.5508,1288.7779,0.0000,0.9770
206115,12828,135,0.1000,0.00000500,0.0000,9.4723,1430.8910,0.0000,0.9815
206116,134,15,0.1000,0.00000500,0.0000,5.7103,1214.9870,0.0000,0.9792
206117,5035,90,0.1000,0.00000500,0.0000,7.9203,1363.6076,0.0000,0.9816
206118,245,21,0.1000,0.00000500,0.0000,10.4186,1224.8465,0.0000,0.9807
206119,686,33,0.1000,0.00000500,0.0000,9.7868,1251.3983,0.0000,0.9792
206120,1361,39,0.1000,0.00000500,0.0000,9.8598,1316.3714,0.0000,0.9816
206121,618,33,0.1000,0.00000500,0.0000,7.9654,1251.6047,0.0000,0.9867
206122,896,39,0.1000,0.00000500,0.0000,10.0562,1282.1183,0.0000,0.9728
206123,223,21,0.1000,0.00000500,0.0000,15.1428,1240.3871,0.0000,0.9777
206124,214,15,0.1000,0.00000500,0.0000,8.2023,1231.8832,0.0000,0.9688
206125,901,30,0.1000,0.00000500,0.0000,7.4097,1290.2517,0.0000,0.9760
206126,993,51,0.1000,0.00000500,0.0000,9.8186,1246.8399,0.0000,0.9810
206127,1489,43,0.1000,0.00000500,0.0000,8.5405,1305.3163,0.0000,0.9840
206128,159,15,0.1000,0.00000500,0.0000,7.0460,1214.2094,0.0000,0.9833
206129,854,45,0.1000,0.00000500,0.0000,8.2363,1246.7083,0.0000,0.9799
206130,1246,60,0.1000,0.00000500,0.0000,12.0842,1252.7646,0.0000,0.9786
206131,465,27,0.1000,0.00000500,0.0000,5.5273,1247.1180,0.0000,0.9838
206132,195,18,0.1000,0.00000500,0.0000,5.0908,1212.8588,0.0000,0.9878
206133,4087,99,0.1000,0.00000500,0.0000,10.4751,1330.0179,0.0000,0.9779
206134,2933,84,0.1000,0.00000500,0.0000,11.5276,1297.7466,0.0000,0.9769
206135,782,28,0.1000,0.00000500,0.0000,8.0241,1262.3813,0.0000,0.9766
206136,1541,48,0.1000,0.00000500,0.0000,9.9707,1305.4839,0.0000,0.9857
206137,2403,71,0.1000,0.00000500,0.0000,7.2677,1299.3620,0.0000,0.9815
206138,670,35,0.1000,0.00000500,0.0000,12.3256,1238.1707,0.0000,0.9795
206139,2217,75,0.1000,0.00000500,0.0000,10.1758,1287.9735,0.0000,0.9779
206140,2689,63,0.1000,0.00000500,0.0000,9.6178,1315.0994,0.0000,0.9836
206141,367,30,0.1000,0.00000500,0.0000,9.5296,1218.3966,0.0000,0.9844
206142,5241,75,0.1000,0.00000500,0.0000,8.5522,1399.1873,0.0000,0.9738
206143,766,36,0.1000,0.00000500,0.0000,7.6576,1246.9499,0.0000,0.9835
206144,68,12,0.1000,0.00000500,0.0000,8.7265,1192.7940,0.0000,0.9948
206145,6794,165,0.1000,0.00000500,0.0000,9.6712,1313.9250,0.0000,0.9775
206146,1337,57,0.1000,0.00000500,0.0000,8.7891,1255.2458,0.0000,0.9792
206147,1378,48,0.1000,0.00000500,0.0000,9.5720,1266.2945,0.0000,0.9733
206148,774,39,0.1000,0.00000500,0.0000,10.1747,1236.4056,0.0000,0.9840
206149,1204,36,0.1000,0.00000500,0.0000,10.2444,1291.1291,0.0000,0.9818
206150,1071,57,0.1000,0.00000500,0.0000,9.2365,1234.2961,0.0000,0.9726
206151,2265,72,0.1000,0.00000500,0.0000,10.1374,1285.7248,0.0000,0.9766
206152,975,33,0.1000,0.00000500,0.0000,10.3950,1243.4551,0.0000,0.9848
206153,582,45,0.1000,0.00000500,0.0000,12.3312,1213.2438,0.0000,0.9764
206154,1651,77,0.1000,0.00000500,0.0000,9.4605,1249.9179,0.0000,0.9793
206155,152,15,0.1000,0.00000500,0.0000,11.9589,1193.4259,0.0000,0.9729
206156,305,21,0.1000,0.00000500,0.0000,14.0009,1217.0550,0.0000,0.9777
206157,502,32,0.1000,0.00000500,0.0000,7.6155,1218.5135,0.0000,0.9844
206158,600,38,0.1000,0.00000500,0.0000,10.2581,1213.8050,0.0000,0.9778
206159,745,36,0.1000,0.00000500,0.0000,6.4073,1246.4752,0.0000,0.9913
206160,1553,57,0.1000,0.00000500,0.0000,9.4682,1254.3212,0.0000,0.9836
206161,475,30,0.1000,0.00000500,0.0000,10.2279,1223.2928,0.0000,0.9771
206162,7120,90,0.1000,0.00000500,0.0000,9.0990,1390.1719,0.0000,0.9819
206163,1257,54,0.1000,0.00000500,0.0000,7.1609,1257.7857,0.0000,0.9740
206164,5376,126,0.1000,0.00000500,0.0000,9.0540,1301.7402,0.0000,0.9802
206165,1065,45,0.1000,0.00000500,0.0000,11.8251,1245.9938,0.0000,0.9792
206166,1866,78,0.1000,0.00000500,0.0000,9.9088,1242.3454,0.0000,0.9772
206167,5664,87,0.1000,0.00000500,0.0000,9.9555,1348.7293,0.0000,0.9756
206168,789,48,0.1000,0.00000500,0.0000,9.8833,1216.2911,0.0000,0.9818
206169,112,13,0.1000,0.00000500,0.0000,7.4366,1191.1273,0.0000,0.9880
206170,1525,51,0.1000,0.00000500,0.0000,11.2301,1260.8201,0.0000,0.9810
206171,810,36,0.1000,0.00000500,0.0000,10.3070,1233.8966,0.0000,0.9809
206172,821,36,0.1000,0.00000500,0.0000,9.9594,1237.2790,0.0000,0.9757
206173,447,29,0.1000,0.00000500,0.0000,11.1869,1250.7269,0.0000,0.9795
206174,113,17,0.1000,0.00000500,0.0000,10.3646,1179.3046,0.0000,0.9816
206175,170,18,0.1000,0.00000500,0.0000,14.3470,1189.9650,0.0000,0.9722
206176,506,27,0.1000,0.00000500,0.0000,9.7613,1223.8156,0.0000,0.9850
206177,124,13,0.1000,0.00000500,0.0000,6.4498,1178.0987,0.0000,0.9832
206178,1963,81,0.1000,0.00000500,0.0000,12.6411,1236.9921,0.0000,0.9792
206179,275,18,0.1000,0.00000500,0.0000,5.8871,1203.6110,0.0000,0.9826
206180,602,18,0.1000,0.00000500,0.0000,5.6480,1223.0798,0.0000,0.9809
206181,1949,72,0.1000,0.00000500,0.0000,11.2304,1253.9103,0.0000,0.9744
206182,1985,78,0.1000,0.00000500,0.0000,12.4565,1240.3881,0.0000,0.9768
206183,302,24,0.1000,0.00000500,0.0000,7.6995,1194.7785,0.0000,0.9766
206184,1196,36,0.1000,0.00000500,0.0000,9.8935,1278.0087,0.0000,0.9792
206185,1238,39,0.1000,0.00000500,0.0000,8.5425,1263.6658,0.0000,0.9856
206186,38,8,0.1000,0.00000500,0.0000,4.5238,1156.6764,0.0000,0.9805
206187,888,39,0.1000,0.00000500,0.0000,10.2648,1241.8896,0.0000,0.9840
206188,37,6,0.1000,0.00000500,0.0000,21.3321,1167.6052,0.0000,0.9688
206189,192,18,0.1000,0.00000500,0.0000,8.9945,1187.8343,0.0000,0.9861
206190,466,27,0.1000,0.00000500,0.0000,7.4142,1213.5588,0.0000,0.9873
206191,4094,100,0.1000,0.00000500,0.0000,8.4680,1282.0052,0.0000,0.9812
206192,292,24,0.1000,0.00000500,0.0000,8.1072,1200.4309,0.0000,0.9857
206193,5821,171,0.1000,0.00000500,0.0000,9.6929,1263.8593,0.0000,0.9830
206194,1082,51,0.1000,0.00000500,0.0000,11.1560,1228.3638,0.0000,0.9810
206195,3983,78,0.1000,0.00000500,0.0000,8.6331,1312.4385,0.0000,0.9788
206196,3131,60,0.1000,0.00000500,0.0000,8.0980,1322.9642,0.0000,0.9766
206197,1556,42,0.1000,0.00000500,0.0000,9.2956,1253.9332,0.0000,0.9792
206198,2237,69,0.1000,0.00000500,0.0000,7.7710,1255.7032,0.0000,0.9805
206199,2385,63,0.1000,0.00000500,0.0000,15.1219,1269.8915,0.0000,0.9767
206200,1587,54,0.1000,0.00000500,0.0000,10.5584,1254.9559,0.0000,0.9769
206201,2120,51,0.1000,0.00000500,0.0000,6.7233,1278.5007,0.0000,0.9853
206202,1862,51,0.1000,0.00000500,0.0000,12.2098,1260.6378,0.0000,0.9743
206203,5561,87,0.1000,0.00000500,0.0000,9.5126,1333.7414,0.0000,0.9792
206204,728,36,0.1000,0.00000500,0.0000,13.2795,1214.9561,0.0000,0.9740
206205,1837,63,0.1000,0.00000500,0.0000,10.0094,1244.4467,0.0000,0.9816
206206,74,12,0.1000,0.00000500,0.0000,14.3102,1155.7906,0.0000,0.9714
206207,200,18,0.1000,0.00000500,0.0000,5.6852,1164.9137,0.0000,0.9774
206208,804,33,0.1000,0.00000500,0.0000,11.0579,1221.6440,0.0000,0.9735
206209,474,26,0.1000,0.00000500,0.0000,10.9962,1199.6958,0.0000,0.9736
206210,4101,114,0.1000,0.00000500,0.0000,9.2190,1262.9323,0.0000,0.9811
206211,1234,39,0.1000,0.00000500,0.0000,10.5252,1249.4322,0.0000,0.9896
206212,1711,72,0.1000,0.00000500,0.0000,9.1471,1218.8041,0.0000,0.9831
206213,906,30,0.1000,0.00000500,0.0000,9.0838,1242.2317,0.0000,0.9823
206214,3901,81,0.1000,0.00000500,0.0000,9.0892,1286.7580,0.0000,0.9796
206215,1175,42,0.1000,0.00000500,0.0000,7.3166,1226.3236,0.0000,0.9814
206216,1165,45,0.1000,0.00000500,0.0000,8.6919,1228.8480,0.0000,0.9792
206217,792,43,0.1000,0.00000500,0.0000,7.8003,1201.4710,0.0000,0.9826
206218,1072,54,0.1000,0.00000500,0.0000,10.2141,1198.1881,0.0000,0.9792
206219,247,21,0.1000,0.00000500,0.0000,6.0402,1184.7442,0.0000,0.9836
206220,1409,52,0.1000,0.00000500,0.0000,10.7909,1236.0814,0.0000,0.9802
206221,160,18,0.1000,0.00000500,0.0000,9.1713,1157.7940,0.0000,0.9722
206222,461,24,0.1000,0.00000500,0.0000,6.4559,1209.0492,0.0000,0.9883
206223,2124,60,0.1000,0.00000500,0.0000,9.4286,1259.9519,0.0000,0.9828
206224,999,45,0.1000,0.00000500,0.0000,8.6386,1203.6715,0.0000,0.9750
206225,326,21,0.1000,0.00000500,0.0000,13.8585,1181.9242,0.0000,0.9807
206226,1194,35,0.1000,0.00000500,0.0000,8.3491,1251.6932,0.0000,0.9777
206227,251,18,0.1000,0.00000500,0.0000,6.4310,1179.0941,0.0000,0.9792
206228,1302,48,0.1000,0.00000500,0.0000,8.2521,1238.7890,0.0000,0.9844
206229,4486,93,0.1000,0.00000500,0.0000,9.3382,1291.2446,0.0000,0.9775
206230,2590,56,0.1000,0.00000500,0.0000,7.6124,1284.0253,0.0000,0.9799
206231,4780,95,0.1000,0.00000500,0.0000,10.2777,1291.2126,0.0000,0.9786
206232,1232,57,0.1000,0.00000500,0.0000,7.9098,1207.2646,0.0000,0.9803
206233,1411,63,0.1000,0.00000500,0.0000,9.8312,1209.0933,0.0000,0.9752
206234,1561,69,0.1000,0.00000500,0.0000,9.6688,1206.9621,0.0000,0.9769
206235,489,34,0.1000,0.00000500,0.0000,7.1386,1174.4558,0.0000,0.9825
206236,88,13,0.1000,0.00000500,0.0000,12.4995,1150.6705,0.0000,0.9784
206237,3345,96,0.1000,0.00000500,0.0000,9.7320,1252.3286,0.0000,0.9766
206238,2148,59,0.1000,0.00000500,0.0000,11.9068,1230.6337,0.0000,0.9804
206239,221,21,0.1000,0.00000500,0.0000,16.1626,1159.7512,0.0000,0.9762
206240,329,24,0.1000,0.00000500,0.0000,9.3196,1177.9032,0.0000,0.9883
206241,167,15,0.1000,0.00000500,0.0000,4.9581,1170.2359,0.0000,0.9875
206242,462,24,0.1000,0.00000500,0.0000,6.1373,1193.2703,0.0000,0.9870
206243,1789,57,0.1000,0.00000500,0.0000,8.1459,1232.6445,0.0000,0.9764
206244,910,33,0.1000,0.00000500,0.0000,11.5324,1222.7469,0.0000,0.9811
206245,448,27,0.1000,0.00000500,0.0000,7.6047,1180.3784,0.0000,0.9826
206246,238,21,0.1000,0.00000500,0.0000,12.2259,1166.4073,0.0000,0.9836
206247,1761,66,0.1000,0.00000500,0.0000,8.5160,1213.1098,0.0000,0.9830
206248,1207,39,0.1000,0.00000500,0.0000,8.2105,1234.0900,0.0000,0.9768
206249,1378,54,0.1000,0.00000500,0.0000,7.4964,1201.6697,0.0000,0.9850
206250,3352,111,0.1000,0.00000500,0.0000,6.7618,1231.1585,0.0000,0.9789
206251,2809,60,0.1000,0.00000500,0.0000,10.8271,1279.9545,0.0000,0.9766
206252,1500,54,0.1000,0.00000500,0.0000,9.0405,1212.4172,0.0000,0.9838
206253,316,24,0.1000,0.00000500,0.0000,5.3971,1168.7174,0.0000,0.9883
206254,3739,57,0.1000,0.00000500,0.0000,9.7855,1312.0421,0.0000,0.9775
206255,570,36,0.1000,0.00000500,0.0000,7.0818,1177.8505,0.0000,0.9826
206256,907,45,0.1000,0.00000500,0.0000,7.6403,1186.9923,0.0000,0.9799
206257,447,27,0.1000,0.00000500,0.0000,9.9097,1171.4282,0.0000,0.9803
206258,866,39,0.1000,0.00000500,0.0000,8.8197,1193.2185,0.0000,0.9760
206259,425,30,0.1000,0.00000500,0.0000,6.9271,1176.5002,0.0000,0.9781
206260,331,29,0.1000,0.00000500,0.0000,8.9390,1166.5670,0.0000,0.9731
206261,1389,42,0.1000,0.00000500,0.0000,9.2827,1226.1440,0.0000,0.9732
206262,479,36,0.1000,0.00000500,0.0000,8.5369,1158.7392,0.0000,0.9748
206263,1332,53,0.1000,0.00000500,0.0000,7.0764,1208.3941,0.0000,0.9788
206264,3195,74,0.1000,0.00000500,0.0000,9.5097,1269.0304,0.0000,0.9814
206265,231,18,0.1000,0.00000500,0.0000,14.7786,1164.7567,0.0000,0.9740
206266,1075,39,0.1000,0.00000500,0.0000,6.6339,1217.6228,0.0000,0.9816
206267,1116,52,0.1000,0.00000500,0.0000,9.6718,1200.6978,0.0000,0.9760
206268,149,12,0.1000,0.00000500,0.0000,9.1237,1153.6696,0.0000,0.9844
206269,901,33,0.1000,0.00000500,0.0000,10.0744,1219.7115,0.0000,0.9763
206270,356,27,0.1000,0.00000500,0.0000,9.1199,1165.7412,0.0000,0.9861
206271,733,39,0.1000,0.00000500,0.0000,6.2865,1170.7541,0.0000,0.9808
206272,346,27,0.1000,0.00000500,0.0000,8.7057,1157.2267,0.0000,0.9838
206273,140,18,0.1000,0.00000500,0.0000,8.9568,1143.3670,0.0000,0.9740
206274,4931,66,0.1000,0.00000500,0.0000,11.9859,1320.6535,0.0000,0.9811
206275,392,27,0.1000,0.00000500,0.0000,10.9543,1164.5953,0.0000,0.9769
206276,40,9,0.1000,0.00000500,0.0000,17.3118,1121.9444,0.0000,0.9757
206277,41,6,0.1000,0.00000500,0.0000,4.1972,1122.1005,0.0000,0.9948
206278,209,21,0.1000,0.00000500,0.0000,9.9850,1136.3003,0.0000,0.9881
206279,1888,48,0.1000,0.00000500,0.0000,9.1838,1231.0972,0.0000,0.9811
206280,203,21,0.1000,0.00000500,0.0000,9.1092,1137.9459,0.0000,0.9747
206281,1638,72,0.1000,0.00000500,0.0000,11.3916,1186.0692,0.0000,0.9783
206282,423,30,0.1000,0.00000500,0.0000,9.5308,1153.6429,0.0000,0.9844
206283,1066,51,0.1000,0.00000500,0.0000,9.1336,1187.7043,0.0000,0.9804
206284,1537,42,0.1000,0.00000500,0.0000,12.3203,1228.9492,0.0000,0.9784
206285,1931,48,0.1000,0.00000500,0.0000,7.9517,1248.6333,0.0000,0.9824
206286,1880,51,0.1000,0.00000500,0.0000,7.5753,1238.0068,0.0000,0.9859
206287,293,21,0.1000,0.00000500,0.0000,6.6329,1165.9989,0.0000,0.9821
206288,276,24,0.1000,0.00000500,0.0000,10.3922,1148.9283,0.0000,0.9870
206289,366,24,0.1000,0.00000500,0.0000,7.0712,1148.8562,0.0000,0.9844
206290,1612,51,0.1000,0.00000500,0.0000,10.4604,1205.2964,0.0000,0.9694
206291,378,24,0.1000,0.00000500,0.0000,9.9557,1154.5564,0.0000,0.9818
206292,639,39,0.1000,0.00000500,0.0000,9.3455,1152.9210,0.0000,0.9816
206293,2084,42,0.1000,0.00000500,0.0000,11.1128,1270.4914,0.0000,0.9814
206294,774,39,0.1000,0.00000500,0.0000,8.9789,1171.0646,0.0000,0.9872
206295,1741,72,0.1000,0.00000500,0.0000,7.9622,1194.4205,0.0000,0.9822
206296,555,24,0.1000,0.00000500,0.0000,8.8920,1189.4574,0.0000,0.9805
206297,1559,63,0.1000,0.00000500,0.0000,9.3015,1194.5913,0.0000,0.9846
206298,2103,54,0.1000,0.00000500,0.0000,5.6901,1220.5207,0.0000,0.9873
206299,500,29,0.1000,0.00000500,0.0000,9.1427,1163.8721,0.0000,0.9806
206300,528,27,0.1000,0.00000500,0.0000,8.1431,1175.1050,0.0000,0.9803
206301,1004,49,0.1000,0.00000500,0.0000,9.3663,1171.4775,0.0000,0.9809
206302,905,36,0.1000,0.00000500,0.0000,9.6370,1174.5937,0.0000,0.9861
206303,488,24,0.1000,0.00000500,0.0000,6.0009,1157.9608,0.0000,0.9831
206304,193,21,0.1000,0.00000500,0.0000,8.5418,1125.4190,0.0000,0.9881
206305,500,27,0.1000,0.00000500,0.0000,8.3231,1163.5356,0.0000,0.9850
206306,2328,57,0.1000,0.00000500,0.0000,9.8020,1226.4266,0.0000,0.9836
206307,425,27,0.1000,0.00000500,0.0000,11.2547,1155.0764,0.0000,0.9792
206308,58,12,0.1000,0.00000500,0.0000,7.0666,1107.4120,0.0000,0.9896
206309,513,30,0.1000,0.00000500,0.0000,6.6760,1152.8546,0.0000,0.9802
206310,1306,60,0.1000,0.00000500,0.0000,8.2084,1173.8085,0.0000,0.9812
206311,284,18,0.1000,0.00000500,0.0000,7.4803,1151.6019,0.0000,0.9896
206312,1307,42,0.1000,0.00000500,0.0000,8.3068,1192.1649,0.0000,0.9799
206313,2515,51,0.1000,0.00000500,0.0000,9.5392,1262.2153,0.0000,0.9779
206314,8052,145,0.1000,0.00000500,0.0000,10.8334,1282.2565,0.0000,0.9778
206315,612,30,0.1000,0.00000500,0.0000,8.1124,1164.1860,0.0000,0.9760
206316,3197,92,0.1000,0.00000500,0.0000,6.6165,1214.7786,0.0000,0.9851
206317,1078,36,0.1000,0.00000500,0.0000,7.4899,1191.9865,0.0000,0.9835
206318,2343,72,0.1000,0.00000500,0.0000,7.1871,1200.4114,0.0000,0.9800
206319,1416,45,0.1000,0.00000500,0.0000,11.2325,1189.8705,0.0000,0.9812
206320,532,33,0.1000,0.00000500,0.0000,10.9383,1148.5018,0.0000,0.9839
206321,12106,123,0.1000,0.00000500,0.0000,10.8571,1330.6495,0.0000,0.9761
206322,1990,66,0.1000,0.00000500,0.0000,9.8910,1190.2343,0.0000,0.9801
206323,1359,39,0.1000,0.00000500,0.0000,6.8412,1228.2237,0.0000,0.9848
206324,1550,66,0.1000,0.00000500,0.0000,7.7653,1181.5505,0.0000,0.9815
206325,1537,63,0.1000,0.00000500,0.0000,9.9201,1176.6132,0.0000,0.9752
206326,3889,87,0.1000,0.00000500,0.0000,7.9750,1229.9360,0.0000,0.9828
206327,385,28,0.1000,0.00000500,0.0000,9.5820,1132.5345,0.0000,0.9721
206328,654,25,0.1000,0.00000500,0.0000,4.7966,1169.2760,0.0000,0.9838
206329,1030,57,0.1000,0.00000500,0.0000,7.3762,1150.1784,0.0000,0.9770
206330,459,24,0.1000,0.00000500,0.0000,5.6285,1160.1156,0.0000,0.9818
206331,2876,63,0.1000,0.00000500,0.0000,8.5333,1236.9144,0.0000,0.9846
206332,2387,69,0.1000,0.00000500,0.0000,9.2237,1202.6933,0.0000,0.9805
206333,355,27,0.1000,0.00000500,0.0000,10.8851,1131.6936,0.0000,0.9850
206334,1104,45,0.1000,0.00000500,0.0000,7.3313,1175.6819,0.0000,0.9826
206335,4323,71,0.1000,0.00000500,0.0000,9.9158,1272.1955,0.0000,0.9793
206336,1548,48,0.1000,0.00000500,0.0000,8.4486,1194.4247,0.0000,0.9824
206337,545,24,0.1000,0.00000500,0.0000,12.1915,1153.4693,0.0000,0.9792
206338,158,18,0.1000,0.00000500,0.0000,9.9488,1113.3295,0.0000,0.9861
206339,555,27,0.1000,0.00000500,0.0000,7.8560,1159.5501,0.0000,0.9757
206340,988,41,0.1000,0.00000500,0.0000,8.5897,1164.1457,0.0000,0.9817
206341,162,15,0.1000,0.00000500,0.0000,7.5096,1122.1901,0.0000,0.9875
206342,117,14,0.1000,0.00000500,0.0000,17.9665,1108.6392,0.0000,0.9665
206343,273,15,0.1000,0.00000500,0.0000,8.2809,1140.9279,0.0000,0.9854
206344,1497,38,0.1000,0.00000500,0.0000,12.3763,1207.7990,0.0000,0.9778
206345,4911,138,0.1000,0.00000500,0.0000,12.2860,1203.1292,0.0000,0.9758
206346,119,15,0.1000,0.00000500,0.0000,8.6763,1103.9148,0.0000,0.9708
206347,863,39,0.1000,0.00000500,0.0000,7.6983,1162.3893,0.0000,0.9864
206348,922,54,0.1000,0.00000500,0.0000,9.9082,1147.3981,0.0000,0.9832
206349,3375,71,0.1000,0.00000500,0.0000,8.0957,1238.7245,0.0000,0.9833
206350,4740,69,0.1000,0.00000500,0.0000,10.9580,1276.9277,0.0000,0.9810
206351,814,41,0.1000,0.00000500,0.0000,6.3245,1154.6574,0.0000,0.9817
206352,577,33,0.1000,0.00000500,0.0000,8.9957,1140.0607,0.0000,0.9811
206353,2174,54,0.1000,0.00000500,0.0000,8.9038,1220.7976,0.0000,0.9815
206354,28305,215,0.1000,0.00000500,0.0000,9.1378,1360.1870,0.0000,0.9791
206355,1001,45,0.1000,0.00000500,0.0000,7.8066,1149.2744,0.0000,0.9806
206356,457,30,0.1000,0.00000500,0.0000,7.7699,1135.3910,0.0000,0.9802
206357,908,42,0.1000,0.00000500,0.0000,12.8403,1146.6570,0.0000,0.9814
206358,910,33,0.1000,0.00000500,0.0000,9.2472,1183.2356,0.0000,0.9867
206359,443,33,0.1000,0.00000500,0.0000,8.0429,1121.2134,0.0000,0.9801
206360,2623,78,0.1000,0.00000500,0.0000,8.9057,1191.6061,0.0000,0.9832
206361,774,30,0.1000,0.00000500,0.0000,8.8212,1175.4920,0.0000,0.9750
206362,223,21,0.1000,0.00000500,0.0000,10.6142,1100.7787,0.0000,0.9821
206363,1464,45,0.1000,0.00000500,0.0000,8.7601,1169.1213,0.0000,0.9750
206364,622,42,0.1000,0.00000500,0.0000,8.2478,1118.3141,0.0000,0.9762
206365,4029,90,0.1000,0.00000500,0.0000,10.2904,1217.6087,0.0000,0.9812
206366,489,27,0.1000,0.00000500,0.0000,10.3028,1130.7565,0.0000,0.9722
206367,5730,102,0.1000,0.00000500,0.0000,8.7373,1231.5583,0.0000,0.9810
206368,433,30,0.1000,0.00000500,0.0000,11.6511,1119.2124,0.0000,0.9823
206369,1335,66,0.1000,0.00000500,0.0000,7.8184,1140.7056,0.0000,0.9825
206370,206,24,0.1000,0.00000500,0.0000,9.5175,1098.4611,0.0000,0.9688
206371,1343,54,0.1000,0.00000500,0.0000,9.5034,1161.2843,0.0000,0.9769
206372,9982,152,0.1000,0.00000500,0.0000,9.5659,1268.3247,0.0000,0.9782
206373,370,27,0.1000,0.00000500,0.0000,9.7178,1115.0675,0.0000,0.9826
206374,3489,111,0.1000,0.00000500,0.0000,8.2585,1174.0431,0.0000,0.9831
206375,1986,68,0.1000,0.00000500,0.0000,8.5974,1158.2942,0.0000,0.9839
206376,3057,60,0.1000,0.00000500,0.0000,9.9279,1229.2350,0.0000,0.9812
206377,1214,57,0.1000,0.00000500,0.0000,8.3607,1144.3040,0.0000,0.9819
206378,726,48,0.1000,0.00000500,0.0000,10.1152,1116.6367,0.0000,0.9779
206379,598,33,0.1000,0.00000500,0.0000,9.0350,1131.6691,0.0000,0.9782
206380,220,18,0.1000,0.00000500,0.0000,7.1847,1094.8572,0.0000,0.9740
206381,832,50,0.1000,0.00000500,0.0000,8.6586,1114.6247,0.0000,0.9856
206382,57,9,0.1000,0.00000500,0.0000,6.2085,1083.6541,0.0000,0.9931
206383,740,33,0.1000,0.00000500,0.0000,7.2747,1132.8822,0.0000,0.9782
206384,593,30,0.1000,0.00000500,0.0000,5.3301,1129.1809,0.0000,0.9854
206385,1443,45,0.1000,0.00000500,0.0000,7.4852,1158.0481,0.0000,0.9826
206386,1101,42,0.1000,0.00000500,0.0000,7.3041,1157.3257,0.0000,0.9888
206387,2300,90,0.1000,0.00000500,0.0000,9.0511,1151.5216,0.0000,0.9844
206388,266,22,0.1000,0.00000500,0.0000,9.0856,1118.6673,0.0000,0.9815
206389,79,12,0.1000,0.00000500,0.0000,11.7307,1079.7479,0.0000,0.9714
206390,447,22,0.1000,0.00000500,0.0000,7.3887,1122.0882,0.0000,0.9886
206391,356,18,0.1000,0.00000500,0.0000,5.7898,1124.1383,0.0000,0.9792
206392,1288,45,0.1000,0.00000500,0.0000,12.1000,1160.2186,0.0000,0.9812
206393,783,30,0.1000,0.00000500,0.0000,7.6759,1143.7394,0.0000,0.9812
206394,548,36,0.1000,0.00000500,0.0000,4.9269,1106.1557,0.0000,0.9870
206395,479,27,0.1000,0.00000500,0.0000,5.2147,1122.0374,0.0000,0.9792
206396,3607,65,0.1000,0.00000500,0.0000,11.0684,1221.8580,0.0000,0.9803
206397,3534,78,0.1000,0.00000500,0.0000,8.0081,1196.6710,0.0000,0.9800
206398,594,27,0.1000,0.00000500,0.0000,6.6234,1145.3555,0.0000,0.9745
206399,286,24,0.1000,0.00000500,0.0000,8.4959,1095.1519,0.0000,0.9870
206400,538,30,0.1000,0.00000500,0.0000,10.6331,1112.1696,0.0000,0.9812
206401,921,33,0.1000,0.00000500,0.0000,8.7554,1147.3337,0.0000,0.9839
206402,510,27,0.1000,0.00000500,0.0000,5.9142,1123.6486,0.0000,0.9873
206403,2723,66,0.1000,0.00000500,0.0000,10.0620,1194.5761,0.0000,0.9777
206404,1449,60,0.1000,0.00000500,0.0000,8.6266,1147.7279,0.0000,0.9781
206405,5063,78,0.1000,0.00000500,0.0000,8.8240,1259.0874,0.0000,0.9784
206406,1212,48,0.1000,0.00000500,0.0000,9.1777,1139.4335,0.0000,0.9824
206407,2738,57,0.1000,0.00000500,0.0000,9.5885,1208.3288,0.0000,0.9786
206408,1333,45,0.1000,0.00000500,0.0000,11.0230,1149.2589,0.0000,0.9764
206409,745,39,0.1000,0.00000500,0.0000,7.3928,1123.4483,0.0000,0.9808
206410,184,18,0.1000,0.00000500,0.0000,5.9874,1083.6627,0.0000,0.9861
206411,978,38,0.1000,0.00000500,0.0000,7.8517,1134.2947,0.0000,0.9786
206412,972,39,0.1000,0.00000500,0.0000,8.9473,1134.6433,0.0000,0.9752
206413,3377,60,0.1000,0.00000500,0.0000,8.4233,1225.9505,0.0000,0.9802
206414,2069,51,0.1000,0.00000500,0.0000,7.7096,1182.7448,0.0000,0.9865
206415,791,36,0.1000,0.00000500,0.0000,5.8007,1123.6208,0.0000,0.9835
206416,5755,87,0.1000,0.00000500,0.0000,8.2633,1229.0883,0.0000,0.9831
206417,317,24,0.1000,0.00000500,0.0000,6.8278,1100.0753,0.0000,0.9792
206418,283,18,0.1000,0.00000500,0.0000,7.3674,1102.6158,0.0000,0.9826
206419,253,25,0.1000,0.00000500,0.0000,5.1231,1091.6273,0.0000,0.9775
206420,1218,57,0.1000,0.00000500,0.0000,7.5735,1121.9874,0.0000,0.9830
206421,1987,75,0.1000,0.00000500,0.0000,7.6041,1136.7732,0.0000,0.9775
206422,109,18,0.1000,0.00000500,0.0000,9.5574,1069.5890,0.0000,0.9809
206423,1583,63,0.1000,0.00000500,0.0000,9.0197,1126.3613,0.0000,0.9727
206424,372,21,0.1000,0.00000500,0.0000,11.7608,1113.6344,0.0000,0.9732
206425,925,46,0.1000,0.00000500,0.0000,12.0319,1115.4181,0.0000,0.9789
206426,452,21,0.1000,0.00000500,0.0000,6.5180,1111.8897,0.0000,0.9866
206427,167,18,0.1000,0.00000500,0.0000,18.0477,1072.5008,0.0000,0.9740
206428,116,15,0.1000,0.00000500,0.0000,10.6105,1074.7199,0.0000,0.9646
206429,4103,66,0.1000,0.00000500,0.0000,7.4258,1223.8596,0.0000,0.9792
206430,452,33,0.1000,0.00000500,0.0000,8.2039,1096.5454,0.0000,0.9867
206431,3011,77,0.1000,0.00000500,0.0000,10.5438,1171.2724,0.0000,0.9793
206432,286,18,0.1000,0.00000500,0.0000,8.9250,1093.7836,0.0000,0.9722
206433,2304,85,0.1000,0.00000500,0.0000,9.3794,1131.9565,0.0000,0.9783
206434,1670,75,0.1000,0.00000500,0.0000,9.2883,1112.8300,0.0000,0.9804
206435,742,36,0.1000,0.00000500,0.0000,9.4862,1114.3941,0.0000,0.9800
206436,164,17,0.1000,0.00000500,0.0000,5.4586,1073.4110,0.0000,0.9798
206437,492,33,0.1000,0.00000500,0.0000,5.7200,1088.0894,0.0000,0.9820
206438,2108,87,0.1000,0.00000500,0.0000,10.1865,1126.2490,0.0000,0.9817
206439,12254,113,0.1000,0.00000500,0.0000,8.1635,1298.8466,0.0000,0.9793
206440,218,18,0.1000,0.00000500,0.0000,8.5905,1071.8466,0.0000,0.9878
206441,604,33,0.1000,0.00000500,0.0000,7.4374,1098.3811,0.0000,0.9754
206442,299,21,0.1000,0.00000500,0.0000,11.9202,1083.7228,0.0000,0.9821
206443,2420,78,0.1000,0.00000500,0.0000,7.6309,1147.6630,0.0000,0.9820
206444,5144,80,0.1000,0.00000500,0.0000,6.3416,1221.3582,0.0000,0.9816
206445,2445,75,0.1000,0.00000500,0.0000,6.7149,1146.1129,0.0000,0.9804
206446,594,36,0.1000,0.00000500,0.0000,11.4102,1101.2309,0.0000,0.9774
206447,1176,54,0.1000,0.00000500,0.0000,7.4933,1117.5039,0.0000,0.9815
206448,1028,57,0.1000,0.00000500,0.0000,7.0785,1102.4919,0.0000,0.9814
206449,419,27,0.1000,0.00000500,0.0000,6.2471,1088.9606,0.0000,0.9861
206450,2970,51,0.1000,0.00000500,0.0000,8.8446,1216.6445,0.0000,0.9841
206451,762,33,0.1000,0.00000500,0.0000,10.8140,1101.7144,0.0000,0.9763
206452,3856,81,0.1000,0.00000500,0.0000,9.0338,1187.7435,0.0000,0.9846
206453,7053,150,0.1000,0.00000500,0.0000,10.0505,1183.9036,0.0000,0.9792
206454,1128,51,0.1000,0.00000500,0.0000,7.5919,1107.2269,0.0000,0.9847
206455,556,27,0.1000,0.00000500,0.0000,8.4761,1102.8646,0.0000,0.9896
206456,5611,108,0.1000,0.00000500,0.0000,7.0394,1181.0869,0.0000,0.9818
206457,1042,48,0.1000,0.00000500,0.0000,10.9032,1102.8495,0.0000,0.9798
206458,104,12,0.1000,0.00000500,0.0000,8.5374,1061.1725,0.0000,0.9896
206459,567,27,0.1000,0.00000500,0.0000,14.0516,1101.3990,0.0000,0.9780
206460,577,30,0.1000,0.00000500,0.0000,5.0891,1089.4306,0.0000,0.9885
206461,927,33,0.1000,0.00000500,0.0000,7.1707,1121.8599,0.0000,0.9801
206462,378,27,0.1000,0.00000500,0.0000,7.3718,1075.4271,0.0000,0.9734
206463,1854,63,0.1000,0.00000500,0.0000,8.3072,1136.5518,0.0000,0.9826
206464,2737,51,0.1000,0.00000500,0.0000,10.7569,1198.7434,0.0000,0.9798
206465,342,27,0.1000,0.00000500,0.0000,10.1913,1083.1147,0.0000,0.9769
206466,2146,81,0.1000,0.00000500,0.0000,6.6015,1113.0616,0.0000,0.9823
206467,429,33,0.1000,0.00000500,0.0000,9.9086,1071.3733,0.0000,0.9839
206468,712,33,0.1000,0.00000500,0.0000,9.0995,1096.8973,0.0000,0.9792
206469,269,21,0.1000,0.00000500,0.0000,9.2725,1059.3512,0.0000,0.9821
206470,790,36,0.1000,0.00000500,0.0000,9.7123,1100.4774,0.0000,0.9826
206471,776,36,0.1000,0.00000500,0.0000,7.7247,1094.9278,0.0000,0.9783
206472,560,27,0.1000,0.00000500,0.0000,9.3090,1099.1161,0.0000,0.9803
206473,248,21,0.1000,0.00000500,0.0000,7.2703,1063.8228,0.0000,0.9702
206474,925,51,0.1000,0.00000500,0.0000,8.3665,1091.6355,0.0000,0.9822
206475,475,24,0.1000,0.00000500,0.0000,6.7172,1096.0204,0.0000,0.9714
206476,60,9,0.1000,0.00000500,0.0000,14.1784,1042.1772,0.0000,0.9757
206477,111,12,0.1000,0.00000500,0.0000,8.8490,1050.9418,0.0000,0.9896
206478,2088,78,0.1000,0.00000500,0.0000,9.1076,1117.1551,0.0000,0.9800
206479,91,15,0.1000,0.00000500,0.0000,5.2841,1045.6420,0.0000,0.9812
206480,975,39,0.1000,0.00000500,0.0000,10.7978,1112.6271,0.0000,0.9824
206481,286,18,0.1000,0.00000500,0.0000,13.1836,1077.0153,0.0000,0.9757
206482,791,33,0.1000,0.00000500,0.0000,8.6885,1099.1431,0.0000,0.9848
206483,1738,81,0.1000,0.00000500,0.0000,11.3498,1097.7915,0.0000,0.9799
206484,329,27,0.1000,0.00000500,0.0000,11.0347,1062.5297,0.0000,0.9850
206485,1002,45,0.1000,0.00000500,0.0000,7.6044,1099.8163,0.0000,0.9819
206486,230,19,0.1000,0.00000500,0.0000,10.1053,1067.5977,0.0000,0.9836
206487,321,24,0.1000,0.00000500,0.0000,7.8414,1060.5685,0.0000,0.9844
206488,23,6,0.1000,0.00000500,0.0000,11.8884,1018.4156,0.0000,0.9792
206489,2976,99,0.1000,0.00000500,0.0000,8.3630,1120.8703,0.0000,0.9792
206490,217,15,0.1000,0.00000500,0.0000,7.6120,1060.3455,0.0000,0.9833
206491,313,26,0.1000,0.00000500,0.0000,10.0371,1057.9438,0.0000,0.9784
206492,1698,42,0.1000,0.00000500,0.0000,9.9548,1168.9321,0.0000,0.9717
206493,607,30,0.1000,0.00000500,0.0000,10.3639,1079.3183,0.0000,0.9771
206494,2349,63,0.1000,0.00000500,0.0000,8.7109,1139.0349,0.0000,0.9807
206495,1348,36,0.1000,0.00000500,0.0000,6.8655,1140.6927,0.0000,0.9809
206496,3264,60,0.1000,0.00000500,0.0000,8.1612,1191.0249,0.0000,0.9792
206497,540,36,0.1000,0.00000500,0.0000,9.2043,1065.9722,0.0000,0.9722
206498,608,23,0.1000,0.00000500,0.0000,5.2213,1069.8775,0.0000,0.9796
206499,3757,78,0.1000,0.00000500,0.0000,8.1983,1167.4903,0.0000,0.9804
206500,910,39,0.1000,0.00000500,0.0000,7.3591,1095.0250,0.0000,0.9920
206501,83,12,0.1000,0.00000500,0.0000,8.6518,1037.1565,0.0000,0.9609
206502,454,22,0.1000,0.00000500,0.0000,5.4812,1093.7015,0.0000,0.9844
206503,468,27,0.1000,0.00000500,0.0000,7.2376,1075.5915,0.0000,0.9873
206504,984,51,0.1000,0.00000500,0.0000,8.1446,1083.5261,0.0000,0.9816
206505,172,18,0.1000,0.00000500,0.0000,4.6272,1051.9452,0.0000,0.9792
206506,449,22,0.1000,0.00000500,0.0000,10.4742,1092.8829,0.0000,0.9815
206507,328,24,0.1000,0.00000500,0.0000,7.8829,1062.0400,0.0000,0.9792
206508,6769,105,0.1000,0.00000500,0.0000,8.1894,1200.6213,0.0000,0.9774
206509,660,27,0.1000,0.00000500,0.0000,5.9044,1092.8327,0.0000,0.9873
206510,54,12,0.1000,0.00000500,0.0000,10.7616,1042.3317,0.0000,0.9714
206511,910,33,0.1000,0.00000500,0.0000,8.1111,1110.8162,0.0000,0.9820
206512,225,17,0.1000,0.00000500,0.0000,5.0074,1041.3140,0.0000,0.9724
206513,127,15,0.1000,0.00000500,0.0000,9.8745,1021.6391,0.0000,0.9771
206514,406,27,0.1000,0.00000500,0.0000,11.0064,1055.5989,0.0000,0.9826
206515,770,27,0.1000,0.00000500,0.0000,7.9349,1122.9005,0.0000,0.9757
206516,86,12,0.1000,0.00000500,0.0000,8.1462,1032.7470,0.0000,0.9818
206517,6487,123,0.1000,0.00000500,0.0000,7.3972,1174.8948,0.0000,0.9804
206518,892,30,0.1000,0.00000500,0.0000,9.5230,1104.9594,0.0000,0.9760
206519,1916,60,0.1000,0.00000500,0.0000,6.2607,1118.1045,0.0000,0.9849
206520,188,21,0.1000,0.00000500,0.0000,5.6827,1044.2945,0.0000,0.9851
206521,245,21,0.1000,0.00000500,0.0000,12.2972,1048.8621,0.0000,0.9792
206522,4210,105,0.1000,0.00000500,0.0000,8.5457,1151.6355,0.0000,0.9780
206523,1349,41,0.1000,0.00000500,0.0000,6.0999,1125.3889,0.0000,0.9855
206524,1076,36,0.1000,0.00000500,0.0000,11.6691,1104.5912,0.0000,0.9826
206525,629,45,0.1000,0.00000500,0.0000,7.5855,1053.5794,0.0000,0.9847
206526,536,33,0.1000,0.00000500,0.0000,9.3222,1058.1414,0.0000,0.9820
206527,3680,69,0.1000,0.00000500,0.0000,10.9115,1165.1400,0.0000,0.9751
206528,2424,77,0.1000,0.00000500,0.0000,8.6208,1107.1693,0.0000,0.9785
206529,1096,42,0.1000,0.00000500,0.0000,8.7806,1102.7045,0.0000,0.9777
206530,1008,51,0.1000,0.00000500,0.0000,5.8685,1074.9649,0.0000,0.9835
206531,3615,81,0.1000,0.00000500,0.0000,9.1405,1158.0222,0.0000,0.9803
206532,1867,63,0.1000,0.00000500,0.0000,7.9116,1101.2517,0.0000,0.9812
206533,793,42,0.1000,0.00000500,0.0000,8.6016,1073.4270,0.0000,0.9792
206534,30,6,0.1000,0.00000500,0.0000,5.0040,1023.4415,0.0000,0.9688
206535,392,24,0.1000,0.00000500,0.0000,8.7758,1058.6611,0.0000,0.9844
206536,87,12,0.1000,0.00000500,0.0000,6.9949,1023.8150,0.0000,0.9844
206537,993,43,0.1000,0.00000500,0.0000,7.8708,1078.1568,0.0000,0.9855
206538,5245,69,0.1000,0.00000500,0.0000,8.4875,1216.3148,0.0000,0.9801
206539,326,27,0.1000,0.00000500,0.0000,6.3675,1040.8815,0.0000,0.9792
206540,3404,81,0.1000,0.00000500,0.0000,10.1437,1133.9974,0.0000,0.9776
206541,2819,66,0.1000,0.00000500,0.0000,6.9944,1135.3448,0.0000,0.9834
206542,752,45,0.1000,0.00000500,0.0000,6.8179,1060.8267,0.0000,0.9826
206543,585,39,0.1000,0.00000500,0.0000,7.3518,1053.5750,0.0000,0.9824
206544,200,21,0.1000,0.00000500,0.0000,5.1597,1038.0211,0.0000,0.9836
206545,1765,66,0.1000,0.00000500,0.0000,7.8756,1082.5337,0.0000,0.9858
206546,555,26,0.1000,0.00000500,0.0000,6.6376,1070.2914,0.0000,0.9760
206547,284,18,0.1000,0.00000500,0.0000,7.7790,1051.4047,0.0000,0.9792
206548,537,39,0.1000,0.00000500,0.0000,10.5628,1050.6963,0.0000,0.9816
206549,69,12,0.1000,0.00000500,0.0000,6.5384,1013.2280,0.0000,0.9792
206550,711,38,0.1000,0.00000500,0.0000,10.2537,1059.7014,0.0000,0.9868
206551,412,27,0.1000,0.00000500,0.0000,10.1196,1055.6570,0.0000,0.9792
206552,484,27,0.1000,0.00000500,0.0000,7.3806,1055.5733,0.0000,0.9884
206553,933,36,0.1000,0.00000500,0.0000,12.0622,1112.0889,0.0000,0.9696
206554,2703,78,0.1000,0.00000500,0.0000,10.8355,1114.1312,0.0000,0.9816
206555,676,30,0.1000,0.00000500,0.0000,13.8288,1067.3308,0.0000,0.9729
206556,75,12,0.1000,0.00000500,0.0000,6.3340,1016.3977,0.0000,0.9661
206557,1145,39,0.1000,0.00000500,0.0000,8.3508,1085.1179,0.0000,0.9808
206558,3747,59,0.1000,0.00000500,0.0000,8.8148,1186.0369,0.0000,0.9841
206559,119,15,0.1000,0.00000500,0.0000,12.4772,1025.3714,0.0000,0.9625
206560,131,18,0.1000,0.00000500,0.0000,6.8621,1020.8214,0.0000,0.9931
206561,1393,63,0.1000,0.00000500,0.0000,7.5925,1069.0890,0.0000,0.9821
206562,476,33,0.1000,0.00000500,0.0000,6.6352,1054.2702,0.0000,0.9839
206563,366,21,0.1000,0.00000500,0.0000,4.5624,1051.6666,0.0000,0.9807
206564,299,21,0.1000,0.00000500,0.0000,8.0613,1040.8024,0.0000,0.9881
206565,2780,54,0.1000,0.00000500,0.0000,7.4799,1158.3157,0.0000,0.9838
206566,613,39,0.1000,0.00000500,0.0000,9.6631,1052.0720,0.0000,0.9848
206567,6172,99,0.1000,0.00000500,0.0000,8.0462,1180.9665,0.0000,0.9785
206568,771,27,0.1000,0.00000500,0.0000,9.5489,1083.7028,0.0000,0.9826
206569,2358,63,0.1000,0.00000500,0.0000,7.5842,1117.4898,0.0000,0.9782
206570,585,33,0.1000,0.00000500,0.0000,7.1666,1055.7069,0.0000,0.9877
206571,83,12,0.1000,0.00000500,0.0000,9.5856,1007.9155,0.0000,0.9896
206572,2839,63,0.1000,0.00000500,0.0000,7.4016,1116.8019,0.0000,0.9876
206573,921,43,0.1000,0.00000500,0.0000,7.1703,1070.4321,0.0000,0.9855
206574,610,30,0.1000,0.00000500,0.0000,6.1859,1068.6465,0.0000,0.9812
206575,78,15,0.1000,0.00000500,0.0000,11.0591,1008.7523,0.0000,0.9854
206576,558,24,0.1000,0.00000500,0.0000,10.2881,1071.9048,0.0000,0.9766
206577,679,32,0.1000,0.00000500,0.0000,5.5536,1071.4487,0.0000,0.9775
206578,250,24,0.1000,0.00000500,0.0000,11.2242,1028.7853,0.0000,0.9805
206579,1171,54,0.1000,0.00000500,0.0000,9.7560,1067.3553,0.0000,0.9734
206580,498,33,0.1000,0.00000500,0.0000,6.4347,1039.9673,0.0000,0.9792
206581,710,36,0.1000,0.00000500,0.0000,9.3869,1053.7323,0.0000,0.9800
206582,3845,81,0.1000,0.00000500,0.0000,7.4812,1136.3763,0.0000,0.9742
206583,2506,60,0.1000,0.00000500,0.0000,7.5746,1111.8001,0.0000,0.9802
206584,1591,66,0.1000,0.00000500,0.0000,7.4353,1065.2124,0.0000,0.9787
206585,501,37,0.1000,0.00000500,0.0000,7.0284,1037.3884,0.0000,0.9780
206586,2477,90,0.1000,0.00000500,0.0000,8.3936,1075.9325,0.0000,0.9833
206587,97,15,0.1000,0.00000500,0.0000,4.0258,1008.9240,0.0000,0.9771
206588,917,33,0.1000,0.00000500,0.0000,9.3920,1077.0846,0.0000,0.9754
206589,608,33,0.1000,0.00000500,0.0000,7.9851,1057.8545,0.0000,0.9830
206590,546,33,0.1000,0.00000500,0.0000,8.6026,1046.7413,0.0000,0.9811
206591,802,37,0.1000,0.00000500,0.0000,9.2730,1063.2843,0.0000,0.9789
206592,2302,48,0.1000,0.00000500,0.0000,6.4726,1133.8175,0.0000,0.9798
206593,2448,54,0.1000,0.00000500,0.0000,10.4557,1127.4534,0.0000,0.9780
206594,260,21,0.1000,0.00000500,0.0000,9.1712,1024.0782,0.0000,0.9851
206595,445,21,0.1000,0.00000500,0.0000,12.8426,1047.9592,0.0000,0.9658
206596,67,12,0.1000,0.00000500,0.0000,7.0944,999.9329,0.0000,0.9844
206597,277,15,0.1000,0.00000500,0.0000,9.4010,1035.4280,0.0000,0.9646
206598,970,36,0.1000,0.00000500,0.0000,10.5147,1068.6629,0.0000,0.9774
206599,498,26,0.1000,0.00000500,0.0000,10.0626,1042.4138,0.0000,0.9796
206600,174,18,0.1000,0.00000500,0.0000,6.4249,1011.2182,0.0000,0.9705
206601,557,26,0.1000,0.00000500,0.0000,6.4395,1045.6565,0.0000,0.9772
206602,189,21,0.1000,0.00000500,0.0000,15.8375,1026.8477,0.0000,0.9717
206603,544,42,0.1000,0.00000500,0.0000,8.6752,1032.3053,0.0000,0.9777
206604,1329,63,0.1000,0.00000500,0.0000,7.7147,1055.0121,0.0000,0.9802
206605,857,48,0.1000,0.00000500,0.0000,6.8166,1053.0682,0.0000,0.9857
206606,653,33,0.1000,0.00000500,0.0000,6.3001,1054.0663,0.0000,0.9848
206607,3211,54,0.1000,0.00000500,0.0000,8.4790,1159.5255,0.0000,0.9786
206608,542,30,0.1000,0.00000500,0.0000,7.7779,1046.7991,0.0000,0.9760
206609,1758,47,0.1000,0.00000500,0.0000,10.1163,1080.7106,0.0000,0.9847
206610,1517,72,0.1000,0.00000500,0.0000,7.9357,1048.7873,0.0000,0.9796
206611,354,27,0.1000,0.00000500,0.0000,12.7205,1020.9258,0.0000,0.9769
206612,558,27,0.1000,0.00000500,0.0000,5.9741,1069.0643,0.0000,0.9815
206613,2633,63,0.1000,0.00000500,0.0000,9.1727,1114.9425,0.0000,0.9737
206614,924,42,0.1000,0.00000500,0.0000,7.9996,1056.8440,0.0000,0.9807
206615,641,39,0.1000,0.00000500,0.0000,9.1535,1041.3454,0.0000,0.9816
206616,1119,51,0.1000,0.00000500,0.0000,7.0942,1059.0123,0.0000,0.9822
206617,153,21,0.1000,0.00000500,0.0000,10.2625,1006.4294,0.0000,0.9792
206618,2219,93,0.1000,0.00000500,0.0000,7.1578,1068.1669,0.0000,0.9825
206619,1557,69,0.1000,0.00000500,0.0000,6.7988,1050.3329,0.0000,0.9832
206620,1504,51,0.1000,0.00000500,0.0000,11.6741,1060.7443,0.0000,0.9737
206621,290,18,0.1000,0.00000500,0.0000,7.5968,1037.7513,0.0000,0.9844
206622,488,36,0.1000,0.00000500,0.0000,7.0568,1018.1460,0.0000,0.9757
206623,156,12,0.1000,0.00000500,0.0000,13.0675,1013.8198,0.0000,0.9896
206624,6949,120,0.1000,0.00000500,0.0000,7.4756,1140.7962,0.0000,0.9807
206625,1104,39,0.1000,0.00000500,0.0000,6.1399,1053.4462,0.0000,0.9856
206626,656,39,0.1000,0.00000500,0.0000,9.2078,1028.2061,0.0000,0.9808
206627,469,27,0.1000,0.00000500,0.0000,6.4441,1031.2283,0.0000,0.9838
206628,1858,63,0.1000,0.00000500,0.0000,10.0511,1066.4643,0.0000,0.9782
206629,450,33,0.1000,0.00000500,0.0000,8.0644,1020.0145,0.0000,0.9830
206630,1209,42,0.1000,0.00000500,0.0000,10.3509,1076.3192,0.0000,0.9784
206631,1308,45,0.1000,0.00000500,0.0000,9.4984,1077.8257,0.0000,0.9771
206632,253,27,0.1000,0.00000500,0.0000,5.2133,1010.7896,0.0000,0.9850
206633,390,21,0.1000,0.00000500,0.0000,8.9870,1032.4881,0.0000,0.9777
206634,114,14,0.1000,0.00000500,0.0000,7.1620,990.0368,0.0000,0.9866
206635,2922,69,0.1000,0.00000500,0.0000,8.8248,1103.8859,0.0000,0.9841
206636,493,25,0.1000,0.00000500,0.0000,7.7082,1039.6429,0.0000,0.9812
206637,933,42,0.1000,0.00000500,0.0000,8.9993,1045.5147,0.0000,0.9777
206638,1394,38,0.1000,0.00000500,0.0000,10.1591,1098.4093,0.0000,0.9745
206639,772,27,0.1000,0.00000500,0.0000,7.7816,1060.6853,0.0000,0.9815
206640,1284,42,0.1000,0.00000500,0.0000,9.1336,1070.5370,0.0000,0.9844
206641,3376,75,0.1000,0.00000500,0.0000,6.9527,1108.2353,0.0000,0.9812
206642,131,15,0.1000,0.00000500,0.0000,7.2798,994.2971,0.0000,0.9792
206643,907,30,0.1000,0.00000500,0.0000,7.9274,1080.6739,0.0000,0.9792
206644,1082,36,0.1000,0.00000500,0.0000,13.8020,1054.0753,0.0000,0.9722
206645,770,36,0.1000,0.00000500,0.0000,8.0695,1046.6146,0.0000,0.9757
206646,259,23,0.1000,0.00000500,0.0000,7.3361,999.7735,0.0000,0.9796
206647,261,21,0.1000,0.00000500,0.0000,11.8678,1002.0999,0.0000,0.9792
206648,707,33,0.1000,0.00000500,0.0000,10.7155,1033.3981,0.0000,0.9811
206649,82,15,0.1000,0.00000500,0.0000,7.7992,981.3106,0.0000,0.9854
206650,63,9,0.1000,0.00000500,0.0000,8.2093,985.8027,0.0000,0.9826
206651,451,27,0.1000,0.00000500,0.0000,7.1541,1024.6945,0.0000,0.9838
206652,2271,69,0.1000,0.00000500,0.0000,9.2092,1074.8444,0.0000,0.9851
206653,1999,72,0.1000,0.00000500,0.0000,7.2591,1060.1086,0.0000,0.9852
206654,4195,99,0.1000,0.00000500,0.0000,7.1060,1093.6540,0.0000,0.9861
206655,290,18,0.1000,0.00000500,0.0000,6.4760,1024.3864,0.0000,0.9844
206656,358,30,0.1000,0.00000500,0.0000,8.3237,1005.8084,0.0000,0.9792
206657,372,24,0.1000,0.00000500,0.0000,8.2500,1033.3123,0.0000,0.9831
206658,1827,69,0.1000,0.00000500,0.0000,9.3948,1051.8922,0.0000,0.9801
206659,836,48,0.1000,0.00000500,0.0000,8.1506,1019.6845,0.0000,0.9805
206660,5378,135,0.1000,0.00000500,0.0000,7.7932,1104.0678,0.0000,0.9856
206661,222,21,0.1000,0.00000500,0.0000,5.8307,1001.3464,0.0000,0.9821
206662,121,15,0.1000,0.00000500,0.0000,14.1439,989.7822,0.0000,0.9812
206663,3016,69,0.1000,0.00000500,0.0000,8.8310,1110.5361,0.0000,0.9832
206664,189,21,0.1000,0.00000500,0.0000,6.9917,998.7607,0.0000,0.9732
206665,866,51,0.1000,0.00000500,0.0000,8.9229,1025.1083,0.0000,0.9835
206666,1054,35,0.1000,0.00000500,0.0000,8.8694,1066.6931,0.0000,0.9821
206667,684,30,0.1000,0.00000500,0.0000,7.8267,1042.8111,0.0000,0.9740
206668,637,33,0.1000,0.00000500,0.0000,8.8250,1026.0019,0.0000,0.9735
206669,3014,93,0.1000,0.00000500,0.0000,8.5174,1069.6095,0.0000,0.9792
206670,2717,63,0.1000,0.00000500,0.0000,7.3571,1091.6092,0.0000,0.9807
206671,1229,42,0.1000,0.00000500,0.0000,8.0876,1059.3336,0.0000,0.9784
206672,165,18,0.1000,0.00000500,0.0000,4.7325,989.6515,0.0000,0.9774
206673,1041,39,0.1000,0.00000500,0.0000,11.0393,1054.0443,0.0000,0.9784
206674,3256,60,0.1000,0.00000500,0.0000,8.6225,1122.3533,0.0000,0.9802
206675,1075,45,0.1000,0.00000500,0.0000,5.3914,1043.8677,0.0000,0.9806
206676,791,33,0.1000,0.00000500,0.0000,8.6394,1033.1882,0.0000,0.9792
206677,22,6,0.1000,0.00000500,0.0000,3.1900,968.1633,0.0000,0.9844
206678,2981,75,0.1000,0.00000500,0.0000,6.8097,1097.7844,0.0000,0.9833
206679,956,38,0.1000,0.00000500,0.0000,5.5459,1055.8499,0.0000,0.9868
206680,2173,63,0.1000,0.00000500,0.0000,6.4419,1061.9615,0.0000,0.9767
206681,2343,63,0.1000,0.00000500,0.0000,8.7089,1068.4514,0.0000,0.9787
206682,673,29,0.1000,0.00000500,0.0000,5.5525,1036.8871,0.0000,0.9881
206683,745,45,0.1000,0.00000500,0.0000,10.6788,1015.4979,0.0000,0.9847
206684,161,15,0.1000,0.00000500,0.0000,11.3015,988.3334,0.0000,0.9750
206685,2872,90,0.1000,0.00000500,0.0000,7.2007,1067.4404,0.0000,0.9833
206686,2535,54,0.1000,0.00000500,0.0000,6.5378,1104.8998,0.0000,0.9821
206687,1183,60,0.1000,0.00000500,0.0000,7.7623,1013.9857,0.0000,0.9771
206688,78,12,0.1000,0.00000500,0.0000,15.1779,984.1700,0.0000,0.9714
206689,497,30,0.1000,0.00000500,0.0000,9.6715,1010.6365,0.0000,0.9823
206690,552,33,0.1000,0.00000500,0.0000,7.9576,1013.5108,0.0000,0.9820
206691,389,30,0.1000,0.00000500,0.0000,10.2680,1001.9821,0.0000,0.9823
206692,751,38,0.1000,0.00000500,0.0000,11.2463,1025.2200,0.0000,0.9745
206693,30,7,0.1000,0.00000500,0.0000,5.8715,951.1576,0.0000,0.9821
206694,1703,41,0.1000,0.00000500,0.0000,7.2859,1074.3726,0.0000,0.9802
206695,349,33,0.1000,0.00000500,0.0000,7.5452,988.8044,0.0000,0.9801
206696,1800,66,0.1000,0.00000500,0.0000,6.0859,1043.4418,0.0000,0.9834
206697,1050,36,0.1000,0.00000500,0.0000,7.7595,1053.8023,0.0000,0.9870
206698,2409,69,0.1000,0.00000500,0.0000,6.7243,1065.5266,0.0000,0.9796
206699,542,22,0.1000,0.00000500,0.0000,11.6803,1023.8695,0.0000,0.9787
206700,555,27,0.1000,0.00000500,0.0000,9.4087,1022.3097,0.0000,0.9826
206701,2294,57,0.1000,0.00000500,0.0000,10.4466,1085.8290,0.0000,0.9808
206702,311,30,0.1000,0.00000500,0.0000,6.3590,995.5032,0.0000,0.9802
206703,1427,56,0.1000,0.00000500,0.0000,8.3973,1033.6100,0.0000,0.9821
206704,515,33,0.1000,0.00000500,0.0000,4.9633,1001.3869,0.0000,0.9839
206705,1650,57,0.1000,0.00000500,0.0000,9.9134,1030.3979,0.0000,0.9836
206706,2704,75,0.1000,0.00000500,0.0000,8.5782,1068.9334,0.0000,0.9804
206707,215,21,0.1000,0.00000500,0.0000,6.1521,987.5468,0.0000,0.9762
206708,607,21,0.1000,0.00000500,0.0000,10.7378,1010.0865,0.0000,0.9821
206709,230,21,0.1000,0.00000500,0.0000,8.3480,982.1846,0.0000,0.9807
206710,635,32,0.1000,0.00000500,0.0000,6.3401,1018.9483,0.0000,0.9844
206711,1875,70,0.1000,0.00000500,0.0000,7.7752,1037.1090,0.0000,0.9804
206712,520,33,0.1000,0.00000500,0.0000,7.2828,1003.0651,0.0000,0.9792
206713,1303,45,0.1000,0.00000500,0.0000,6.6910,1048.9932,0.0000,0.9799
206714,107,13,0.1000,0.00000500,0.0000,5.2862,970.7354,0.0000,0.9808
206715,9820,92,0.1000,0.00000500,0.0000,9.3052,1205.9676,0.0000,0.9806
206716,448,24,0.1000,0.00000500,0.0000,5.8630,1010.2854,0.0000,0.9870
206717,1876,78,0.1000,0.00000500,0.0000,8.0468,1025.7383,0.0000,0.9820
206718,292,21,0.1000,0.00000500,0.0000,9.4516,999.0660,0.0000,0.9792
206719,580,30,0.1000,0.00000500,0.0000,7.7275,1011.5066,0.0000,0.9885
206720,452,33,0.1000,0.00000500,0.0000,9.2149,993.0765,0.0000,0.9744
206721,200,18,0.1000,0.00000500,0.0000,7.7218,976.8062,0.0000,0.9826
206722,1194,36,0.1000,0.00000500,0.0000,7.2078,1061.0519,0.0000,0.9844
206723,2026,54,0.1000,0.00000500,0.0000,6.9434,1060.9511,0.0000,0.9867
206724,74,10,0.1000,0.00000500,0.0000,3.0988,963.6439,0.0000,0.9906
206725,5197,87,0.1000,0.00000500,0.0000,8.0277,1113.0278,0.0000,0.9792
206726,686,36,0.1000,0.00000500,0.0000,10.4724,1013.8329,0.0000,0.9792
206727,697,39,0.1000,0.00000500,0.0000,7.0105,1012.7714,0.0000,0.9872
206728,933,53,0.1000,0.00000500,0.0000,8.4622,1009.1949,0.0000,0.9823
206729,1277,54,0.1000,0.00000500,0.0000,5.8827,1023.8545,0.0000,0.9809
206730,5913,74,0.1000,0.00000500,0.0000,7.7558,1152.8651,0.0000,0.9827
206731,1047,33,0.1000,0.00000500,0.0000,6.2603,1042.3509,0.0000,0.9830
206732,464,36,0.1000,0.00000500,0.0000,6.5483,985.2368,0.0000,0.9774
206733,127,17,0.1000,0.00000500,0.0000,4.2279,957.4390,0.0000,0.9871
206734,471,30,0.1000,0.00000500,0.0000,8.3280,987.5829,0.0000,0.9802
206735,1760,57,0.1000,0.00000500,0.0000,7.4920,1045.0671,0.0000,0.9786
206736,1051,42,0.1000,0.00000500,0.0000,5.8687,1017.2202,0.0000,0.9784
206737,58,12,0.1000,0.00000500,0.0000,6.7065,954.1604,0.0000,0.9740
206738,1394,66,0.1000,0.00000500,0.0000,6.7559,1011.2986,0.0000,0.9830
206739,5335,140,0.1000,0.00000500,0.0000,8.3946,1060.2730,0.0000,0.9792
206740,78,12,0.1000,0.00000500,0.0000,4.4456,956.6803,0.0000,0.9896
206741,106,15,0.1000,0.00000500,0.0000,5.6464,967.9254,0.0000,0.9771
206742,295,21,0.1000,0.00000500,0.0000,5.4378,982.9106,0.0000,0.9792
206743,89,12,0.1000,0.00000500,0.0000,5.0566,951.7499,0.0000,0.9870
206744,311,26,0.1000,0.00000500,0.0000,5.6925,985.0225,0.0000,0.9808
206745,644,24,0.1000,0.00000500,0.0000,7.9780,1013.0879,0.0000,0.9753
206746,1314,51,0.1000,0.00000500,0.0000,9.1075,1019.8228,0.0000,0.9822
206747,274,18,0.1000,0.00000500,0.0000,7.0849,978.5187,0.0000,0.9878
206748,467,27,0.1000,0.00000500,0.0000,9.5993,999.0767,0.0000,0.9907
206749,742,41,0.1000,0.00000500,0.0000,11.3509,1002.3445,0.0000,0.9794
206750,485,30,0.1000,0.00000500,0.0000,11.5771,992.9462,0.0000,0.9750
206751,300,21,0.1000,0.00000500,0.0000,7.3392,983.9160,0.0000,0.9777
206752,259,24,0.1000,0.00000500,0.0000,6.4155,971.7447,0.0000,0.9818
206753,2559,69,0.1000,0.00000500,0.0000,6.7943,1058.2123,0.0000,0.9832
206754,1082,42,0.1000,0.00000500,0.0000,8.8894,1018.2133,0.0000,0.9792
206755,4028,57,0.1000,0.00000500,0.0000,9.7151,1138.3056,0.0000,0.9781
206756,3269,81,0.1000,0.00000500,0.0000,6.6477,1059.0482,0.0000,0.9772
206757,1299,42,0.1000,0.00000500,0.0000,9.8306,1027.6326,0.0000,0.9769
206758,1984,42,0.1000,0.00000500,0.0000,7.2040,1066.0594,0.0000,0.9799
206759,302,21,0.1000,0.00000500,0.0000,4.4849,982.8285,0.0000,0.9792
206760,1433,54,0.1000,0.00000500,0.0000,7.4407,1029.3869,0.0000,0.9786
206761,763,38,0.1000,0.00000500,0.0000,7.8707,1003.6798,0.0000,0.9827
206762,103,14,0.1000,0.00000500,0.0000,6.6949,955.3422,0.0000,0.9732
206763,676,39,0.1000,0.00000500,0.0000,5.3402,988.0251,0.0000,0.9848
206764,2030,54,0.1000,0.00000500,0.0000,5.8250,1051.7130,0.0000,0.9867
206765,452,29,0.1000,0.00000500,0.0000,6.4867,985.5667,0.0000,0.9903
206766,375,21,0.1000,0.00000500,0.0000,11.9992,990.4039,0.0000,0.9732
206767,119,18,0.1000,0.00000500,0.0000,4.6773,949.0031,0.0000,0.9826
206768,478,30,0.1000,0.00000500,0.0000,8.6101,983.7735,0.0000,0.9802
206769,117,14,0.1000,0.00000500,0.0000,5.0757,952.0001,0.0000,0.9799
206770,177,15,0.1000,0.00000500,0.0000,8.8956,958.3202,0.0000,0.9812
206771,1604,65,0.1000,0.00000500,0.0000,8.8370,1010.5595,0.0000,0.9793
206772,4104,114,0.1000,0.00000500,0.0000,6.9168,1038.3020,0.0000,0.9822
206773,365,30,0.1000,0.00000500,0.0000,5.2710,971.9495,0.0000,0.9865
206774,1176,33,0.1000,0.00000500,0.0000,6.5724,1035.8273,0.0000,0.9735
206775,4053,66,0.1000,0.00000500,0.0000,6.8464,1105.8037,0.0000,0.9796
206776,2343,90,0.1000,0.00000500,0.0000,8.1684,1012.7581,0.0000,0.9854
206777,468,30,0.1000,0.00000500,0.0000,7.4927,977.4697,0.0000,0.9812
206778,1632,45,0.1000,0.00000500,0.0000,5.0156,1034.4092,0.0000,0.9806
206779,252,24,0.1000,0.00000500,0.0000,7.4706,962.9649,0.0000,0.9779
206780,68,12,0.1000,0.00000500,0.0000,8.0072,935.4254,0.0000,0.9792
206781,924,39,0.1000,0.00000500,0.0000,7.5261,993.6252,0.0000,0.9800
206782,1260,52,0.1000,0.00000500,0.0000,7.2212,1009.0823,0.0000,0.9790
206783,913,35,0.1000,0.00000500,0.0000,8.2255,1017.2344,0.0000,0.9741
206784,2456,57,0.1000,0.00000500,0.0000,9.3454,1044.3344,0.0000,0.9753
206785,777,39,0.1000,0.00000500,0.0000,7.6712,999.7591,0.0000,0.9800
206786,559,33,0.1000,0.00000500,0.0000,5.2182,991.0306,0.0000,0.9848
206787,261,21,0.1000,0.00000500,0.0000,8.7902,971.5057,0.0000,0.9792
206788,89,15,0.1000,0.00000500,0.0000,6.1246,942.6151,0.0000,0.9812
206789,1067,63,0.1000,0.00000500,0.0000,6.5692,983.1595,0.0000,0.9841
206790,668,39,0.1000,0.00000500,0.0000,6.2781,974.8565,0.0000,0.9800
206791,771,36,0.1000,0.00000500,0.0000,6.9834,983.0129,0.0000,0.9878
206792,1227,36,0.1000,0.00000500,0.0000,6.5490,1029.9752,0.0000,0.9818
206793,941,42,0.1000,0.00000500,0.0000,9.8094,993.9169,0.0000,0.9769
206794,2376,54,0.1000,0.00000500,0.0000,8.0790,1061.9386,0.0000,0.9786
206795,113,12,0.1000,0.00000500,0.0000,5.1001,952.6641,0.0000,0.9818
206796,901,42,0.1000,0.00000500,0.0000,7.2135,998.0638,0.0000,0.9821
206797,6262,124,0.1000,0.00000500,0.0000,9.3109,1071.0389,0.0000,0.9796
206798,1356,39,0.1000,0.00000500,0.0000,11.0154,1031.9950,0.0000,0.9792
206799,5290,138,0.1000,0.00000500,0.0000,8.7522,1053.5418,0.0000,0.9776
206800,419,27,0.1000,0.00000500,0.0000,10.4101,974.2827,0.0000,0.9780
206801,368,25,0.1000,0.00000500,0.0000,9.3700,962.8766,0.0000,0.9762
206802,206,21,0.1000,0.00000500,0.0000,9.1751,955.3940,0.0000,0.9688
206803,1311,46,0.1000,0.00000500,0.0000,5.5887,1018.4039,0.0000,0.9837
206804,508,30,0.1000,0.00000500,0.0000,9.8069,986.5152,0.0000,0.9802
206805,116,12,0.1000,0.00000500,0.0000,4.3485,964.3362,0.0000,0.9896
206806,2163,51,0.1000,0.00000500,0.0000,6.6429,1052.6504,0.0000,0.9835
206807,1611,48,0.1000,0.00000500,0.0000,5.4292,1028.2917,0.0000,0.9857
206808,2748,66,0.1000,0.00000500,0.0000,10.8833,1042.3739,0.0000,0.9773
206809,224,18,0.1000,0.00000500,0.0000,6.5849,955.4489,0.0000,0.9896
206810,425,31,0.1000,0.00000500,0.0000,12.8470,970.5966,0.0000,0.9748
206811,380,24,0.1000,0.00000500,0.0000,4.4123,981.3324,0.0000,0.9883
206812,2232,60,0.1000,0.00000500,0.0000,8.5778,1033.0113,0.0000,0.9807
206813,1919,84,0.1000,0.00000500,0.0000,8.3302,994.9855,0.0000,0.9769
206814,320,27,0.1000,0.00000500,0.0000,8.1266,963.0432,0.0000,0.9722
206815,331,27,0.1000,0.00000500,0.0000,8.8341,966.2383,0.0000,0.9745
206816,66,12,0.1000,0.00000500,0.0000,7.1904,923.9020,0.0000,0.9766
206817,489,27,0.1000,0.00000500,0.0000,7.9516,978.5622,0.0000,0.9757
206818,2583,60,0.1000,0.00000500,0.0000,9.9054,1069.5597,0.0000,0.9766
206819,1030,32,0.1000,0.00000500,0.0000,6.7651,1027.1440,0.0000,0.9756
206820,786,31,0.1000,0.00000500,0.0000,7.4878,1004.0527,0.0000,0.9738
206821,1158,57,0.1000,0.00000500,0.0000,6.7289,982.7205,0.0000,0.9830
206822,355,28,0.1000,0.00000500,0.0000,7.3717,955.7513,0.0000,0.9866
206823,675,27,0.1000,0.00000500,0.0000,8.5121,967.8540,0.0000,0.9745
206824,4674,123,0.1000,0.00000500,0.0000,8.2951,1041.0025,0.0000,0.9799
206825,5099,90,0.1000,0.00000500,0.0000,9.4742,1088.2593,0.0000,0.9799
206826,628,34,0.1000,0.00000500,0.0000,4.3796,972.5491,0.0000,0.9835
206827,2405,96,0.1000,0.00000500,0.0000,7.3042,994.2760,0.0000,0.9844
206828,303,21,0.1000,0.00000500,0.0000,8.8713,960.7508,0.0000,0.9688
206829,1044,33,0.1000,0.00000500,0.0000,6.6466,1001.9437,0.0000,0.9763
206830,1396,54,0.1000,0.00000500,0.0000,7.8356,998.0465,0.0000,0.9792
206831,1193,54,0.1000,0.00000500,0.0000,6.5291,993.7689,0.0000,0.9861
206832,1560,57,0.1000,0.00000500,0.0000,8.3528,1000.7353,0.0000,0.9814
206833,3224,78,0.1000,0.00000500,0.0000,7.5120,1043.7152,0.0000,0.9816
206834,333,27,0.1000,0.00000500,0.0000,6.8803,957.9887,0.0000,0.9884
206835,144,15,0.1000,0.00000500,0.0000,7.3716,937.9475,0.0000,0.9875
206836,921,58,0.1000,0.00000500,0.0000,7.4417,963.5107,0.0000,0.9822
206837,681,30,0.1000,0.00000500,0.0000,8.2129,980.6605,0.0000,0.9812
206838,1030,36,0.1000,0.00000500,0.0000,11.0606,994.8723,0.0000,0.9809
206839,200,28,0.1000,0.00000500,0.0000,6.9269,929.2511,0.0000,0.9810
206840,7780,99,0.1000,0.00000500,0.0000,5.9905,1107.8552,0.0000,0.9823
206841,1021,48,0.1000,0.00000500,0.0000,6.0059,986.4484,0.0000,0.9805
206842,240,20,0.1000,0.00000500,0.0000,7.9569,945.5929,0.0000,0.9797
206843,402,27,0.1000,0.00000500,0.0000,5.6148,955.4866,0.0000,0.9792
206844,1174,33,0.1000,0.00000500,0.0000,9.2321,997.5938,0.0000,0.9839
206845,136,14,0.1000,0.00000500,0.0000,3.6764,932.5216,0.0000,0.9844
206846,173,15,0.1000,0.00000500,0.0000,9.9200,931.5032,0.0000,0.9875
206847,44,9,0.1000,0.00000500,0.0000,4.3605,919.2359,0.0000,0.9826
206848,291,21,0.1000,0.00000500,0.0000,10.6633,949.4916,0.0000,0.9747
206849,28,6,0.1000,0.00000500,0.0000,4.0323,903.7105,0.0000,0.9896
206850,2894,108,0.1000,0.00000500,0.0000,7.9411,994.7312,0.0000,0.9786
206851,285,21,0.1000,0.00000500,0.0000,6.4135,946.3684,0.0000,0.9911
206852,1036,39,0.1000,0.00000500,0.0000,7.4001,979.9435,0.0000,0.9808
206853,1962,45,0.1000,0.00000500,0.0000,4.5527,1049.8314,0.0000,0.9799
206854,671,33,0.1000,0.00000500,0.0000,9.1484,978.1301,0.0000,0.9782
206855,1417,54,0.1000,0.00000500,0.0000,7.0813,997.4721,0.0000,0.9763
206856,712,42,0.1000,0.00000500,0.0000,9.2021,960.5787,0.0000,0.9784
206857,1358,48,0.1000,0.00000500,0.0000,7.4986,996.3612,0.0000,0.9792
206858,2155,57,0.1000,0.00000500,0.0000,6.8289,1030.4084,0.0000,0.9819
206859,358,27,0.1000,0.00000500,0.0000,7.6286,940.2775,0.0000,0.9757
206860,451,27,0.1000,0.00000500,0.0000,11.4719,954.3043,0.0000,0.9745
206861,561,27,0.1000,0.00000500,0.0000,6.1016,964.0416,0.0000,0.9896
206862,2120,63,0.1000,0.00000500,0.0000,8.8249,1012.5471,0.0000,0.9782
206863,576,30,0.1000,0.00000500,0.0000,7.1892,971.0571,0.0000,0.9885
206864,7367,90,0.1000,0.00000500,0.0000,8.1698,1104.9728,0.0000,0.9792
206865,88,15,0.1000,0.00000500,0.0000,8.9720,932.9913,0.0000,0.9771
206866,5020,75,0.1000,0.00000500,0.0000,9.2796,1084.6865,0.0000,0.9796
206867,1056,51,0.1000,0.00000500,0.0000,6.6403,973.3663,0.0000,0.9773
206868,2530,51,0.1000,0.00000500,0.0000,6.3940,1041.0207,0.0000,0.9804
206869,205,18,0.1000,0.00000500,0.0000,7.7984,928.3778,0.0000,0.9896
206870,3371,66,0.1000,0.00000500,0.0000,5.6994,1059.2160,0.0000,0.9796
206871,533,30,0.1000,0.00000500,0.0000,5.0801,962.3515,0.0000,0.9875
206872,911,42,0.1000,0.00000500,0.0000,7.9291,976.9530,0.0000,0.9747
206873,882,45,0.1000,0.00000500,0.0000,7.2084,964.7591,0.0000,0.9792
206874,912,57,0.1000,0.00000500,0.0000,6.9970,955.3295,0.0000,0.9819
206875,1089,45,0.1000,0.00000500,0.0000,5.3174,974.5910,0.0000,0.9840
206876,1696,51,0.1000,0.00000500,0.0000,7.4489,1004.4475,0.0000,0.9792
206877,691,39,0.1000,0.00000500,0.0000,5.8432,963.4830,0.0000,0.9856
206878,9279,104,0.1000,0.00000500,0.0000,9.7126,1110.8745,0.0000,0.9823
206879,948,36,0.1000,0.00000500,0.0000,9.9790,989.0045,0.0000,0.9835
206880,139,16,0.1000,0.00000500,0.0000,3.6906,923.4391,0.0000,0.9863
206881,1042,33,0.1000,0.00000500,0.0000,7.1654,1027.6905,0.0000,0.9754
206882,110,12,0.1000,0.00000500,0.0000,11.2464,932.3472,0.0000,0.9714
206883,591,27,0.1000,0.00000500,0.0000,6.4307,970.0540,0.0000,0.9850
206884,471,27,0.1000,0.00000500,0.0000,6.9805,938.5333,0.0000,0.9826
206885,225,18,0.1000,0.00000500,0.0000,8.4241,930.2722,0.0000,0.9826
206886,1286,45,0.1000,0.00000500,0.0000,7.2657,993.7728,0.0000,0.9736
206887,445,30,0.1000,0.00000500,0.0000,8.1586,944.7268,0.0000,0.9740
206888,1379,48,0.1000,0.00000500,0.0000,7.3110,988.4278,0.0000,0.9863
206889,371,27,0.1000,0.00000500,0.0000,6.9576,944.4174,0.0000,0.9815
206890,110,10,0.1000,0.00000500,0.0000,7.5079,922.2341,0.0000,0.9812
206891,2542,54,0.1000,0.00000500,0.0000,7.8226,1037.8609,0.0000,0.9838
206892,1031,48,0.1000,0.00000500,0.0000,6.9091,960.4401,0.0000,0.9818
206893,127,15,0.1000,0.00000500,0.0000,6.1090,918.9641,0.0000,0.9729
206894,868,48,0.1000,0.00000500,0.0000,7.7210,955.2914,0.0000,0.9798
206895,223,17,0.1000,0.00000500,0.0000,6.7611,934.7760,0.0000,0.9798
206896,1498,63,0.1000,0.00000500,0.0000,7.6430,973.2087,0.0000,0.9816
206897,904,36,0.1000,0.00000500,0.0000,9.2978,975.7759,0.0000,0.9774
206898,246,21,0.1000,0.00000500,0.0000,7.6928,922.6816,0.0000,0.9821
206899,476,27,0.1000,0.00000500,0.0000,6.4547,957.1280,0.0000,0.9792
206900,363,21,0.1000,0.00000500,0.0000,4.7347,944.7557,0.0000,0.9926
206901,244,21,0.1000,0.00000500,0.0000,7.2052,924.1983,0.0000,0.9792
206902,169,18,0.1000,0.00000500,0.0000,5.8566,926.5862,0.0000,0.9861
206903,182,18,0.1000,0.00000500,0.0000,7.1943,932.8394,0.0000,0.9774
206904,504,36,0.1000,0.00000500,0.0000,5.8606,933.7514,0.0000,0.9826
206905,381,23,0.1000,0.00000500,0.0000,6.0156,942.5214,0.0000,0.9878
206906,481,30,0.1000,0.00000500,0.0000,5.6392,938.9573,0.0000,0.9885
206907,5377,78,0.1000,0.00000500,0.0000,5.8338,1077.6017,0.0000,0.9784
206908,526,25,0.1000,0.00000500,0.0000,5.6029,953.2572,0.0000,0.9862
206909,699,37,0.1000,0.00000500,0.0000,9.1352,954.8867,0.0000,0.9764
206910,920,33,0.1000,0.00000500,0.0000,6.8632,978.4574,0.0000,0.9830
206911,113,12,0.1000,0.00000500,0.0000,5.3175,920.1414,0.0000,0.9896
206912,4118,129,0.1000,0.00000500,0.0000,7.4517,989.9766,0.0000,0.9840
206913,365,21,0.1000,0.00000500,0.0000,7.4153,945.0965,0.0000,0.9896
206914,1478,51,0.1000,0.00000500,0.0000,8.7711,973.9295,0.0000,0.9779
206915,250,21,0.1000,0.00000500,0.0000,8.5880,922.9412,0.0000,0.9747
206916,461,24,0.1000,0.00000500,0.0000,9.3368,956.7353,0.0000,0.9779
206917,2480,84,0.1000,0.00000500,0.0000,5.7891,988.8753,0.0000,0.9818
206918,165,18,0.1000,0.00000500,0.0000,9.9142,920.4833,0.0000,0.9792
206919,191,18,0.1000,0.00000500,0.0000,8.2338,924.3672,0.0000,0.9722
206920,228,18,0.1000,0.00000500,0.0000,4.4664,935.5468,0.0000,0.9878
206921,3258,60,0.1000,0.00000500,0.0000,8.1805,1047.6268,0.0000,0.9823
206922,1899,57,0.1000,0.00000500,0.0000,7.0230,990.3379,0.0000,0.9797
206923,242,21,0.1000,0.00000500,0.0000,7.0379,922.4849,0.0000,0.9792
206924,1307,45,0.1000,0.00000500,0.0000,7.3759,974.6651,0.0000,0.9806
206925,5681,93,0.1000,0.00000500,0.0000,5.6375,1053.7215,0.0000,0.9802
206926,1209,60,0.1000,0.00000500,0.0000,8.6739,952.4512,0.0000,0.9776
206927,661,27,0.1000,0.00000500,0.0000,4.5027,971.9285,0.0000,0.9838
206928,2261,63,0.1000,0.00000500,0.0000,6.7883,998.0482,0.0000,0.9802
206929,762,39,0.1000,0.00000500,0.0000,5.8643,948.9315,0.0000,0.9856
206930,88,15,0.1000,0.00000500,0.0000,8.1678,914.7882,0.0000,0.9708
206931,1528,57,0.1000,0.00000500,0.0000,8.3681,971.2677,0.0000,0.9786
206932,627,41,0.1000,0.00000500,0.0000,8.0507,939.6232,0.0000,0.9809
206933,261,21,0.1000,0.00000500,0.0000,6.6036,924.0486,0.0000,0.9881
206934,2776,102,0.1000,0.00000500,0.0000,7.9985,979.5412,0.0000,0.9786
206935,938,38,0.1000,0.00000500,0.0000,6.3770,985.4274,0.0000,0.9803
206936,445,35,0.1000,0.00000500,0.0000,9.7479,927.1679,0.0000,0.9821
206937,4446,90,0.1000,0.00000500,0.0000,7.3062,1028.5063,0.0000,0.9750
206938,728,33,0.1000,0.00000500,0.0000,9.1890,943.0919,0.0000,0.9801
206939,223,18,0.1000,0.00000500,0.0000,10.0576,920.9259,0.0000,0.9792
206940,1036,60,0.1000,0.00000500,0.0000,6.0061,939.5833,0.0000,0.9828
206941,482,30,0.1000,0.00000500,0.0000,6.5059,937.5637,0.0000,0.9729
206942,54,9,0.1000,0.00000500,0.0000,7.3932,888.6453,0.0000,0.9826
206943,233,18,0.1000,0.00000500,0.0000,4.9121,922.2404,0.0000,0.9878
206944,35,8,0.1000,0.00000500,0.0000,4.1213,0.0000,0.0000,0.9922
206945,712,36,0.1000,0.00000500,0.0000,9.4211,943.7802,0.0000,0.9800
206946,1926,69,0.1000,0.00000500,0.0000,6.7118,973.0789,0.0000,0.9801
206947,2085,72,0.1000,0.00000500,0.0000,8.9161,969.6810,0.0000,0.9792
206948,865,36,0.1000,0.00000500,0.0000,5.0596,961.8058,0.0000,0.9861
206949,544,24,0.1000,0.00000500,0.0000,4.4961,946.2885,0.0000,0.9857
206950,1226,40,0.1000,0.00000500,0.0000,5.6241,988.9037,0.0000,0.9805
206951,1229,54,0.1000,0.00000500,0.0000,9.3029,951.9863,0.0000,0.9786
206952,4619,60,0.1000,0.00000500,0.0000,6.8075,1062.3913,0.0000,0.9786
206953,914,48,0.1000,0.00000500,0.0000,9.4718,943.1661,0.0000,0.9753
206954,594,33,0.1000,0.00000500,0.0000,8.0519,943.1993,0.0000,0.9867
206955,43,9,0.1000,0.00000500,0.0000,5.7217,902.6246,0.0000,0.9896
206956,895,27,0.1000,0.00000500,0.0000,7.6374,973.6946,0.0000,0.9850
206957,1368,57,0.1000,0.00000500,0.0000,6.8578,959.2539,0.0000,0.9863
206958,52,9,0.1000,0.00000500,0.0000,4.7899,889.5352,0.0000,0.9861
206959,1163,51,0.1000,0.00000500,0.0000,7.4113,962.6431,0.0000,0.9792
206960,3343,90,0.1000,0.00000500,0.0000,7.8490,995.8465,0.0000,0.9771
206961,719,33,0.1000,0.00000500,0.0000,7.7398,956.0450,0.0000,0.9716
206962,6033,108,0.1000,0.00000500,0.0000,7.6089,1035.8876,0.0000,0.9780
206963,1041,33,0.1000,0.00000500,0.0000,4.0774,975.9428,0.0000,0.9830
206964,1113,39,0.1000,0.00000500,0.0000,8.5652,966.7077,0.0000,0.9856
206965,3277,62,0.1000,0.00000500,0.0000,6.9185,1041.5589,0.0000,0.9854
206966,967,45,0.1000,0.00000500,0.0000,8.8041,949.3505,0.0000,0.9757
206967,2814,81,0.1000,0.00000500,0.0000,7.7260,987.6581,0.0000,0.9834
206968,1296,46,0.1000,0.00000500,0.0000,5.6940,965.9688,0.0000,0.9796
206969,309,24,0.1000,0.00000500,0.0000,9.7828,913.8443,0.0000,0.9779
206970,2032,63,0.1000,0.00000500,0.0000,6.8073,973.6242,0.0000,0.9831
206971,216,18,0.1000,0.00000500,0.0000,6.1516,912.4480,0.0000,0.9722
206972,208,21,0.1000,0.00000500,0.0000,9.1282,905.3394,0.0000,0.9821
206973,5620,141,0.1000,0.00000500,0.0000,7.3434,996.0057,0.0000,0.9823
206974,413,27,0.1000,0.00000500,0.0000,8.4129,921.1143,0.0000,0.9826
206975,46,12,0.1000,0.00000500,0.0000,3.0573,894.6347,0.0000,0.9740
206976,1492,39,0.1000,0.00000500,0.0000,7.2769,988.7569,0.0000,0.9824
206977,3162,63,0.1000,0.00000500,0.0000,5.9430,1013.7693,0.0000,0.9826
206978,6479,135,0.1000,0.00000500,0.0000,8.0349,1018.1392,0.0000,0.9775
206979,451,30,0.1000,0.00000500,0.0000,6.4300,930.0367,0.0000,0.9844
206980,475,36,0.1000,0.00000500,0.0000,6.6722,918.2974,0.0000,0.9809
206981,11336,211,0.1000,0.00000500,0.0000,7.3868,1029.2411,0.0000,0.9805
206982,479,27,0.1000,0.00000500,0.0000,8.3005,928.2005,0.0000,0.9838
206983,74,11,0.1000,0.00000500,0.0000,10.5142,892.0445,0.0000,0.9773
206984,180,21,0.1000,0.00000500,0.0000,9.5736,892.6872,0.0000,0.9807
206985,370,24,0.1000,0.00000500,0.0000,5.2533,914.3227,0.0000,0.9844
206986,2031,78,0.1000,0.00000500,0.0000,8.2133,956.6098,0.0000,0.9824
206987,2536,69,0.1000,0.00000500,0.0000,8.9090,962.5449,0.0000,0.9792
206988,192,18,0.1000,0.00000500,0.0000,9.3436,897.4040,0.0000,0.9809
206989,774,36,0.1000,0.00000500,0.0000,5.7060,930.7152,0.0000,0.9766
206990,153,15,0.1000,0.00000500,0.0000,8.0020,904.5444,0.0000,0.9875
206991,1545,42,0.1000,0.00000500,0.0000,10.6423,988.0523,0.0000,0.9784
206992,1899,47,0.1000,0.00000500,0.0000,6.9052,1002.1990,0.0000,0.9827
206993,2269,69,0.1000,0.00000500,0.0000,6.1827,977.9857,0.0000,0.9891
206994,132,15,0.1000,0.00000500,0.0000,6.6465,892.2716,0.0000,0.9833
206995,387,21,0.1000,0.00000500,0.0000,4.2306,918.2870,0.0000,0.9836
206996,2046,72,0.1000,0.00000500,0.0000,7.8367,956.3783,0.0000,0.9779
206997,2971,96,0.1000,0.00000500,0.0000,7.3204,971.2968,0.0000,0.9821
206998,832,33,0.1000,0.00000500,0.0000,6.5739,963.6773,0.0000,0.9754
206999,1510,39,0.1000,0.00000500,0.0000,7.5967,978.9303,0.0000,0.9792
207000,280,27,0.1000,0.00000500,0.0000,9.1815,899.5157,0.0000,0.9780
207001,340,27,0.1000,0.00000500,0.0000,5.1498,914.0608,0.0000,0.9838
207002,362,20,0.1000,0.00000500,0.0000,10.4203,913.1278,0.0000,0.9812
207003,1192,33,0.1000,0.00000500,0.0000,5.9738,970.4406,0.0000,0.9669
207004,26,6,0.1000,0.00000500,0.0000,8.8491,0.0000,0.0000,0.9844
207005,1628,54,0.1000,0.00000500,0.0000,5.5596,979.7791,0.0000,0.9861
207006,215,18,0.1000,0.00000500,0.0000,5.4413,914.4287,0.0000,0.9844
207007,1612,51,0.1000,0.00000500,0.0000,6.6419,954.9932,0.0000,0.9804
207008,105,9,0.1000,0.00000500,0.0000,7.7534,901.4193,0.0000,0.9826
207009,788,36,0.1000,0.00000500,0.0000,5.0526,945.3878,0.0000,0.9809
207010,209,17,0.1000,0.00000500,0.0000,3.6044,897.0256,0.0000,0.9816
207011,367,21,0.1000,0.00000500,0.0000,6.6511,928.6047,0.0000,0.9702
207012,1294,33,0.1000,0.00000500,0.0000,7.9531,976.6878,0.0000,0.9839
207013,2650,105,0.1000,0.00000500,0.0000,8.6709,941.3741,0.0000,0.9789
207014,911,30,0.1000,0.00000500,0.0000,8.1602,941.5565,0.0000,0.9781
207015,1854,56,0.1000,0.00000500,0.0000,6.6005,972.9432,0.0000,0.9821
207016,45,9,0.1000,0.00000500,0.0000,10.5983,868.6823,0.0000,0.9826
207017,377,27,0.1000,0.00000500,0.0000,4.2647,904.5150,0.0000,0.9838
207018,468,24,0.1000,0.00000500,0.0000,4.4666,917.4243,0.0000,0.9844
207019,2993,54,0.1000,0.00000500,0.0000,8.4357,1011.8227,0.0000,0.9838
207020,9773,114,0.1000,0.00000500,0.0000,7.0646,1079.1893,0.0000,0.9816
207021,372,27,0.1000,0.00000500,0.0000,12.8038,902.6860,0.0000,0.9792
207022,1614,57,0.1000,0.00000500,0.0000,6.0114,964.9222,0.0000,0.9846
207023,458,27,0.1000,0.00000500,0.0000,10.0305,925.6037,0.0000,0.9850
207024,993,42,0.1000,0.00000500,0.0000,7.2882,928.6834,0.0000,0.9829
207025,458,24,0.1000,0.00000500,0.0000,7.0224,921.9970,0.0000,0.9740
207026,1061,33,0.1000,0.00000500,0.0000,8.1102,944.9239,0.0000,0.9763
207027,826,42,0.1000,0.00000500,0.0000,6.1625,928.0683,0.0000,0.9769
207028,186,21,0.1000,0.00000500,0.0000,10.4875,887.7412,0.0000,0.9747
207029,158,15,0.1000,0.00000500,0.0000,8.1809,900.3984,0.0000,0.9688
207030,365,30,0.1000,0.00000500,0.0000,8.1111,899.3478,0.0000,0.9750
207031,306,24,0.1000,0.00000500,0.0000,8.1607,895.7459,0.0000,0.9805
207032,187,18,0.1000,0.00000500,0.0000,7.4732,894.3502,0.0000,0.9844
207033,1435,45,0.1000,0.00000500,0.0000,7.6995,968.6590,0.0000,0.9771
207034,4225,75,0.1000,0.00000500,0.0000,8.3421,1022.6272,0.0000,0.9767
207035,211,18,0.1000,0.00000500,0.0000,7.8165,893.8951,0.0000,0.9809
207036,1389,66,0.1000,0.00000500,0.0000,8.2119,927.3254,0.0000,0.9830
207037,1749,60,0.1000,0.00000500,0.0000,8.6470,953.2231,0.0000,0.9766
207038,123,15,0.1000,0.00000500,0.0000,6.6226,884.9812,0.0000,0.9792
207039,1328,33,0.1000,0.00000500,0.0000,8.5894,965.3621,0.0000,0.9754
207040,888,41,0.1000,0.00000500,0.0000,9.5995,930.9859,0.0000,0.9848
207041,923,33,0.1000,0.00000500,0.0000,9.2700,939.5056,0.0000,0.9820
207042,1459,43,0.1000,0.00000500,0.0000,9.1559,966.2059,0.0000,0.9840
207043,473,30,0.1000,0.00000500,0.0000,6.2124,900.9431,0.0000,0.9833
207044,3075,91,0.1000,0.00000500,0.0000,8.9306,964.7375,0.0000,0.9791
207045,4020,63,0.1000,0.00000500,0.0000,7.2740,1030.0933,0.0000,0.9777
207046,266,24,0.1000,0.00000500,0.0000,10.6831,889.4195,0.0000,0.9688
207047,109,12,0.1000,0.00000500,0.0000,5.8361,882.4795,0.0000,0.9870
207048,367,25,0.1000,0.00000500,0.0000,9.4283,899.4815,0.0000,0.9850
207049,4397,111,0.1000,0.00000500,0.0000,7.2381,975.5164,0.0000,0.9840
207050,1355,39,0.1000,0.00000500,0.0000,6.9450,960.7075,0.0000,0.9768
207051,165,15,0.1000,0.00000500,0.0000,6.1487,881.5990,0.0000,0.9854
207052,252,24,0.1000,0.00000500,0.0000,9.7676,887.3240,0.0000,0.9818
207053,115,12,0.1000,0.00000500,0.0000,11.6513,881.7782,0.0000,0.9740
207054,114,12,0.1000,0.00000500,0.0000,10.1791,882.9844,0.0000,0.9688
207055,443,27,0.1000,0.00000500,0.0000,8.0996,896.4838,0.0000,0.9757
207056,613,39,0.1000,0.00000500,0.0000,4.6935,907.4026,0.0000,0.9840
207057,2650,63,0.1000,0.00000500,0.0000,6.5821,980.0548,0.0000,0.9772
207058,1014,42,0.1000,0.00000500,0.0000,6.8595,923.4151,0.0000,0.9769
207059,550,24,0.1000,0.00000500,0.0000,7.8171,917.8325,0.0000,0.9727
207060,446,33,0.1000,0.00000500,0.0000,7.3062,889.3603,0.0000,0.9792
207061,915,36,0.1000,0.00000500,0.0000,7.3968,928.3074,0.0000,0.9852
207062,288,24,0.1000,0.00000500,0.0000,7.1886,891.4002,0.0000,0.9779
207063,777,42,0.1000,0.00000500,0.0000,5.8757,907.6641,0.0000,0.9829
207064,1040,31,0.1000,0.00000500,0.0000,5.9190,941.5094,0.0000,0.9768
207065,1051,33,0.1000,0.00000500,0.0000,5.8023,943.6752,0.0000,0.9839
207066,155,18,0.1000,0.00000500,0.0000,9.7665,872.6068,0.0000,0.9705
207067,295,21,0.1000,0.00000500,0.0000,8.7201,887.4742,0.0000,0.9717
207068,8550,84,0.1000,0.00000500,0.0000,6.4624,1076.5006,0.0000,0.9792
207069,80,12,0.1000,0.00000500,0.0000,4.1520,867.8730,0.0000,0.9792
207070,1104,48,0.1000,0.00000500,0.0000,7.6543,921.7017,0.0000,0.9766
207071,541,30,0.1000,0.00000500,0.0000,7.7997,908.5696,0.0000,0.9792
207072,356,18,0.1000,0.00000500,0.0000,9.7117,900.3609,0.0000,0.9792
207073,1183,33,0.1000,0.00000500,0.0000,8.0243,953.2333,0.0000,0.9877
207074,975,48,0.1000,0.00000500,0.0000,7.1385,909.6307,0.0000,0.9785
207075,3117,105,0.1000,0.00000500,0.0000,9.1504,942.5798,0.0000,0.9762
207076,263,18,0.1000,0.00000500,0.0000,5.4475,889.1254,0.0000,0.9757
207077,1030,33,0.1000,0.00000500,0.0000,7.7078,944.7171,0.0000,0.9839
207078,296,21,0.1000,0.00000500,0.0000,6.9279,890.1961,0.0000,0.9866
207079,1318,45,0.1000,0.00000500,0.0000,7.3194,932.8331,0.0000,0.9882
207080,133,15,0.1000,0.00000500,0.0000,10.1797,867.4778,0.0000,0.9792
207081,216,15,0.1000,0.00000500,0.0000,4.1577,891.2516,0.0000,0.9833
207082,286,24,0.1000,0.00000500,0.0000,6.4215,885.1234,0.0000,0.9818
207083,954,36,0.1000,0.00000500,0.0000,6.4295,940.2847,0.0000,0.9844
207084,227,21,0.1000,0.00000500,0.0000,7.4332,888.5953,0.0000,0.9792
207085,311,21,0.1000,0.00000500,0.0000,10.8860,903.4030,0.0000,0.9792
207086,1418,48,0.1000,0.00000500,0.0000,6.0886,941.4246,0.0000,0.9837
207087,3772,108,0.1000,0.00000500,0.0000,7.1143,954.4191,0.0000,0.9786
207088,1522,72,0.1000,0.00000500,0.0000,8.3323,917.2931,0.0000,0.9800
207089,47,12,0.1000,0.00000500,0.0000,7.0770,849.9754,0.0000,0.9844
207090,902,57,0.1000,0.00000500,0.0000,6.0428,902.0147,0.0000,0.9868
207091,769,39,0.1000,0.00000500,0.0000,6.2593,908.0987,0.0000,0.9720
207092,654,26,0.1000,0.00000500,0.0000,6.4923,917.9897,0.0000,0.9844
207093,305,21,0.1000,0.00000500,0.0000,6.9655,891.2774,0.0000,0.9851
207094,2795,60,0.1000,0.00000500,0.0000,8.7269,992.7608,0.0000,0.9854
207095,493,28,0.1000,0.00000500,0.0000,7.2328,914.3418,0.0000,0.9821
207096,73,13,0.1000,0.00000500,0.0000,6.8280,858.4621,0.0000,0.9663
207097,5486,93,0.1000,0.00000500,0.0000,7.1450,1009.4858,0.0000,0.9839
207098,1968,84,0.1000,0.00000500,0.0000,8.3628,916.1598,0.0000,0.9766
207099,489,27,0.1000,0.00000500,0.0000,8.8341,907.7450,0.0000,0.9803
207100,438,27,0.1000,0.00000500,0.0000,7.2818,908.1009,0.0000,0.9734
207101,658,27,0.1000,0.00000500,0.0000,4.3793,924.3474,0.0000,0.9838
207102,454,24,0.1000,0.00000500,0.0000,9.0149,908.9716,0.0000,0.9844
207103,679,30,0.1000,0.00000500,0.0000,6.3081,912.1012,0.0000,0.9854
207104,512,29,0.1000,0.00000500,0.0000,8.7333,905.9093,0.0000,0.9817
207105,3318,98,0.1000,0.00000500,0.0000,6.0761,949.6194,0.0000,0.9821
207106,106,13,0.1000,0.00000500,0.0000,5.9489,861.2949,0.0000,0.9856
207107,3313,69,0.1000,0.00000500,0.0000,6.5815,972.1189,0.0000,0.9787
207108,99,15,0.1000,0.00000500,0.0000,6.0172,862.8713,0.0000,0.9896
207109,376,24,0.1000,0.00000500,0.0000,5.5144,883.7273,0.0000,0.9740
207110,2551,81,0.1000,0.00000500,0.0000,7.2437,934.8987,0.0000,0.9796
207111,1982,81,0.1000,0.00000500,0.0000,7.4923,924.9022,0.0000,0.9780
207112,112,12,0.1000,0.00000500,0.0000,8.0371,868.7813,0.0000,0.9844
207113,545,24,0.1000,0.00000500,0.0000,7.0031,912.8309,0.0000,0.9805
207114,320,32,0.1000,0.00000500,0.0000,5.9703,873.7828,0.0000,0.9756
207115,3302,111,0.1000,0.00000500,0.0000,6.4401,935.1415,0.0000,0.9797
207116,127,15,0.1000,0.00000500,0.0000,7.9466,857.2588,0.0000,0.9750
207117,217,17,0.1000,0.00000500,0.0000,6.2968,877.6328,0.0000,0.9743
207118,759,39,0.1000,0.00000500,0.0000,8.3332,893.5067,0.0000,0.9736
207119,74,12,0.1000,0.00000500,0.0000,11.4673,854.0428,0.0000,0.9688
207120,1334,51,0.1000,0.00000500,0.0000,8.8763,916.7832,0.0000,0.9773
207121,1863,57,0.1000,0.00000500,0.0000,7.0867,939.6423,0.0000,0.9792
207122,1040,50,0.1000,0.00000500,0.0000,7.2903,913.2010,0.0000,0.9819
207123,365,24,0.1000,0.00000500,0.0000,5.3131,884.2487,0.0000,0.9792
207124,455,24,0.1000,0.00000500,0.0000,5.2813,901.7517,0.0000,0.9857
207125,1058,39,0.1000,0.00000500,0.0000,8.9686,917.4676,0.0000,0.9744
207126,815,39,0.1000,0.00000500,0.0000,9.9290,896.2868,0.0000,0.9744
207127,1235,42,0.1000,0.00000500,0.0000,9.1678,931.0094,0.0000,0.9807
207128,152,18,0.1000,0.00000500,0.0000,11.0282,863.5122,0.0000,0.9809
207129,800,39,0.1000,0.00000500,0.0000,6.6995,904.7015,0.0000,0.9712
207130,1279,45,0.1000,0.00000500,0.0000,5.9577,924.6539,0.0000,0.9826
207131,1497,60,0.1000,0.00000500,0.0000,8.1745,923.9465,0.0000,0.9833
207132,1108,54,0.1000,0.00000500,0.0000,7.5720,895.4842,0.0000,0.9803
207133,1103,45,0.1000,0.00000500,0.0000,6.3331,912.9337,0.0000,0.9743
207134,35,9,0.1000,0.00000500,0.0000,4.4571,843.0432,0.0000,0.9896
207135,716,39,0.1000,0.00000500,0.0000,6.5367,890.3033,0.0000,0.9856
207136,193,18,0.1000,0.00000500,0.0000,6.6862,861.4289,0.0000,0.9826
207137,3584,90,0.1000,0.00000500,0.0000,6.3422,943.8476,0.0000,0.9819
207138,1526,51,0.1000,0.00000500,0.0000,6.8064,920.9243,0.0000,0.9816
207139,1291,45,0.1000,0.00000500,0.0000,7.4681,927.3312,0.0000,0.9806
207140,802,33,0.1000,0.00000500,0.0000,5.0547,900.3533,0.0000,0.9811
207141,1192,45,0.1000,0.00000500,0.0000,7.2313,916.3403,0.0000,0.9778
207142,42,9,0.1000,0.00000500,0.0000,4.1854,841.3649,0.0000,0.9861
207143,204,24,0.1000,0.00000500,0.0000,9.3141,858.1155,0.0000,0.9740
207144,695,39,0.1000,0.00000500,0.0000,7.6904,893.9078,0.0000,0.9824
207145,1168,33,0.1000,0.00000500,0.0000,7.9592,927.9767,0.0000,0.9773
207146,187,21,0.1000,0.00000500,0.0000,3.7369,866.4712,0.0000,0.9777
207147,67,9,0.1000,0.00000500,0.0000,8.0098,842.4943,0.0000,0.9826
207148,415,28,0.1000,0.00000500,0.0000,6.5385,882.6547,0.0000,0.9754
207149,583,37,0.1000,0.00000500,0.0000,10.0560,882.5605,0.0000,0.9814
207150,1100,51,0.1000,0.00000500,0.0000,6.9757,894.6362,0.0000,0.9828
207151,248,24,0.1000,0.00000500,0.0000,8.6404,862.2817,0.0000,0.9753
207152,3082,75,0.1000,0.00000500,0.0000,6.1981,947.7402,0.0000,0.9796
207153,558,27,0.1000,0.00000500,0.0000,5.4311,899.7291,0.0000,0.9780
207154,1522,60,0.1000,0.00000500,0.0000,7.1818,909.2546,0.0000,0.9771
207155,2723,48,0.1000,0.00000500,0.0000,6.4497,984.5369,0.0000,0.9785
207156,1002,54,0.1000,0.00000500,0.0000,5.6537,888.8156,0.0000,0.9780
207157,809,50,0.1000,0.00000500,0.0000,6.2079,879.7681,0.0000,0.9775
207158,1001,51,0.1000,0.00000500,0.0000,6.9775,894.6994,0.0000,0.9773
207159,189,21,0.1000,0.00000500,0.0000,9.2818,860.7505,0.0000,0.9792
207160,1820,63,0.1000,0.00000500,0.0000,5.6789,922.6973,0.0000,0.9767
207161,39,9,0.1000,0.00000500,0.0000,3.9704,836.0060,0.0000,0.9965
207162,1522,42,0.1000,0.00000500,0.0000,7.9724,941.0997,0.0000,0.9829
207163,1193,48,0.1000,0.00000500,0.0000,8.4923,910.1688,0.0000,0.9766
207164,1217,54,0.1000,0.00000500,0.0000,6.3655,894.9475,0.0000,0.9815
207165,1185,48,0.1000,0.00000500,0.0000,6.3890,912.7539,0.0000,0.9792
207166,945,42,0.1000,0.00000500,0.0000,4.3919,897.1462,0.0000,0.9807
207167,2118,52,0.1000,0.00000500,0.0000,7.6619,947.0298,0.0000,0.9784
207168,1471,51,0.1000,0.00000500,0.0000,7.6022,912.4572,0.0000,0.9779
207169,3937,105,0.1000,0.00000500,0.0000,5.5608,929.5211,0.0000,0.9833
207170,3064,72,0.1000,0.00000500,0.0000,7.5895,957.9185,0.0000,0.9761
207171,185,21,0.1000,0.00000500,0.0000,5.1705,855.2598,0.0000,0.9866
207172,358,21,0.1000,0.00000500,0.0000,7.4545,889.2745,0.0000,0.9821
207173,378,24,0.1000,0.00000500,0.0000,5.3932,874.4038,0.0000,0.9792
207174,4816,75,0.1000,0.00000500,0.0000,5.3195,979.2413,0.0000,0.9825
207175,1911,57,0.1000,0.00000500,0.0000,7.5495,923.4659,0.0000,0.9841
207176,639,42,0.1000,0.00000500,0.0000,6.2755,871.0645,0.0000,0.9754
207177,1372,39,0.1000,0.00000500,0.0000,6.8313,934.0529,0.0000,0.9736
207178,240,21,0.1000,0.00000500,0.0000,9.0681,856.2517,0.0000,0.9851
207179,3814,60,0.1000,0.00000500,0.0000,6.9971,984.8715,0.0000,0.9849
207180,1139,57,0.1000,0.00000500,0.0000,5.8591,883.4668,0.0000,0.9825
207181,486,33,0.1000,0.00000500,0.0000,5.2214,876.1307,0.0000,0.9848
207182,111,12,0.1000,0.00000500,0.0000,7.9890,843.6401,0.0000,0.9870
207183,1080,52,0.1000,0.00000500,0.0000,9.0399,887.6982,0.0000,0.9754
207184,3398,114,0.1000,0.00000500,0.0000,7.6641,922.2188,0.0000,0.9794
207185,710,36,0.1000,0.00000500,0.0000,4.0890,881.1408,0.0000,0.9861
207186,1010,51,0.1000,0.00000500,0.0000,6.7590,886.3287,0.0000,0.9816
207187,5911,90,0.1000,0.00000500,0.0000,4.7321,992.3069,0.0000,0.9851
207188,872,42,0.1000,0.00000500,0.0000,9.0694,882.5122,0.0000,0.9807
207189,5380,78,0.1000,0.00000500,0.0000,6.1058,996.6059,0.0000,0.9856
207190,283,20,0.1000,0.00000500,0.0000,7.8649,856.2330,0.0000,0.9844
207191,1457,51,0.1000,0.00000500,0.0000,7.0296,907.6765,0.0000,0.9767
207192,2160,90,0.1000,0.00000500,0.0000,6.2941,896.0115,0.0000,0.9802
207193,5610,78,0.1000,0.00000500,0.0000,7.8918,999.9124,0.0000,0.9820
207194,191,18,0.1000,0.00000500,0.0000,5.7331,854.4441,0.0000,0.9861
207195,363,21,0.1000,0.00000500,0.0000,9.1532,869.7771,0.0000,0.9792
207196,388,27,0.1000,0.00000500,0.0000,8.5284,859.7634,0.0000,0.9757
207197,951,33,0.1000,0.00000500,0.0000,9.9318,895.6636,0.0000,0.9792
207198,2197,69,0.1000,0.00000500,0.0000,8.4499,912.0424,0.0000,0.9814
207199,710,39,0.1000,0.00000500,0.0000,8.4197,875.9025,0.0000,0.9744
207200,1627,66,0.1000,0.00000500,0.0000,8.6528,899.5206,0.0000,0.9801
207201,492,36,0.1000,0.00000500,0.0000,6.7619,863.5490,0.0000,0.9792
207202,6003,105,0.1000,0.00000500,0.0000,7.3781,972.0525,0.0000,0.9804
207203,2144,78,0.1000,0.00000500,0.0000,7.2214,894.8009,0.0000,0.9808
207204,1505,54,0.1000,0.00000500,0.0000,8.5320,900.4222,0.0000,0.9780
207205,154,12,0.1000,0.00000500,0.0000,3.3440,847.6590,0.0000,0.9896
207206,242,21,0.1000,0.00000500,0.0000,6.2111,841.3291,0.0000,0.9836
207207,3746,60,0.1000,0.00000500,0.0000,6.2215,978.5990,0.0000,0.9880
207208,151,15,0.1000,0.00000500,0.0000,3.4873,833.2096,0.0000,0.9812
207209,925,42,0.1000,0.00000500,0.0000,6.5443,876.8858,0.0000,0.9725
207210,1132,60,0.1000,0.00000500,0.0000,8.5120,867.8700,0.0000,0.9833
207211,192,20,0.1000,0.00000500,0.0000,8.3036,843.9839,0.0000,0.9891
207212,65,12,0.1000,0.00000500,0.0000,8.4578,829.8263,0.0000,0.9818
207213,1349,38,0.1000,0.00000500,0.0000,8.8404,926.4071,0.0000,0.9762
207214,3856,99,0.1000,0.00000500,0.0000,7.5099,924.4004,0.0000,0.9738
207215,502,30,0.1000,0.00000500,0.0000,5.6643,863.1192,0.0000,0.9760
207216,564,30,0.1000,0.00000500,0.0000,4.3462,865.3827,0.0000,0.9906
207217,38,8,0.1000,0.00000500,0.0000,5.9710,815.1308,0.0000,0.9844
207218,2071,48,0.1000,0.00000500,0.0000,6.6561,918.9051,0.0000,0.9798
207219,146,18,0.1000,0.00000500,0.0000,8.0081,830.9154,0.0000,0.9757
207220,457,31,0.1000,0.00000500,0.0000,7.4364,856.6103,0.0000,0.9808
207221,1187,33,0.1000,0.00000500,0.0000,5.4269,912.6165,0.0000,0.9820
207222,1088,36,0.1000,0.00000500,0.0000,9.4212,900.7080,0.0000,0.9774
207223,94,15,0.1000,0.00000500,0.0000,9.6081,830.8509,0.0000,0.9771
207224,278,24,0.1000,0.00000500,0.0000,7.3069,855.7169,0.0000,0.9779
207225,389,33,0.1000,0.00000500,0.0000,6.8815,849.3582,0.0000,0.9782
207226,3609,84,0.1000,0.00000500,0.0000,7.7154,937.6998,0.0000,0.9766
207227,1817,57,0.1000,0.00000500,0.0000,8.3646,903.2989,0.0000,0.9775
207228,411,21,0.1000,0.00000500,0.0000,6.1387,849.5868,0.0000,0.9777
207229,1691,39,0.1000,0.00000500,0.0000,5.5049,932.1872,0.0000,0.9800
207230,2507,48,0.1000,0.00000500,0.0000,10.4117,953.3633,0.0000,0.9766
207231,1139,45,0.1000,0.00000500,0.0000,9.1725,893.8232,0.0000,0.9792
207232,497,30,0.1000,0.00000500,0.0000,8.0910,861.6115,0.0000,0.9865
207233,896,42,0.1000,0.00000500,0.0000,8.2134,877.5853,0.0000,0.9866
207234,506,30,0.1000,0.00000500,0.0000,8.2582,857.9325,0.0000,0.9740
207235,2012,57,0.1000,0.00000500,0.0000,7.2264,915.4052,0.0000,0.9819
207236,773,33,0.1000,0.00000500,0.0000,6.5638,875.9048,0.0000,0.9763
207237,1054,45,0.1000,0.00000500,0.0000,6.1850,886.6059,0.0000,0.9778
207238,3743,63,0.1000,0.00000500,0.0000,7.3611,971.5272,0.0000,0.9787
207239,3729,60,0.1000,0.00000500,0.0000,8.7633,982.0073,0.0000,0.9760
207240,315,21,0.1000,0.00000500,0.0000,7.6367,851.4748,0.0000,0.9807
207241,3052,63,0.1000,0.00000500,0.0000,6.9533,939.4527,0.0000,0.9841
207242,220,18,0.1000,0.00000500,0.0000,6.3708,848.1030,0.0000,0.9774
207243,74,12,0.1000,0.00000500,0.0000,3.6273,817.8954,0.0000,0.9844
207244,205,21,0.1000,0.00000500,0.0000,8.7046,834.7722,0.0000,0.9851
207245,2491,45,0.1000,0.00000500,0.0000,7.1269,950.6190,0.0000,0.9792
207246,691,46,0.1000,0.00000500,0.0000,6.5105,847.2483,0.0000,0.9851
207247,926,33,0.1000,0.00000500,0.0000,9.9054,885.9322,0.0000,0.9792
207248,6856,116,0.1000,0.00000500,0.0000,7.1495,969.3808,0.0000,0.9811
207249,452,30,0.1000,0.00000500,0.0000,6.1570,851.6671,0.0000,0.9802
207250,1214,51,0.1000,0.00000500,0.0000,5.9303,876.9226,0.0000,0.9810
207251,1260,66,0.1000,0.00000500,0.0000,7.1598,864.0272,0.0000,0.9773
207252,47,8,0.1000,0.00000500,0.0000,8.4947,812.3869,0.0000,0.9805
207253,95,9,0.1000,0.00000500,0.0000,3.6572,831.3999,0.0000,0.9792
207254,77,11,0.1000,0.00000500,0.0000,6.0363,817.5526,0.0000,0.9858
207255,629,30,0.1000,0.00000500,0.0000,7.7063,863.0601,0.0000,0.9719
207256,681,42,0.1000,0.00000500,0.0000,5.6169,862.8828,0.0000,0.9874
207257,699,33,0.1000,0.00000500,0.0000,6.8439,863.2538,0.0000,0.9858
207258,8703,88,0.1000,0.00000500,0.0000,6.8694,1026.0754,0.0000,0.9808
207259,4900,105,0.1000,0.00000500,0.0000,7.1847,939.5870,0.0000,0.9818
207260,309,21,0.1000,0.00000500,0.0000,4.3825,845.9708,0.0000,0.9851
207261,4492,69,0.1000,0.00000500,0.0000,7.0654,958.2648,0.0000,0.9746
207262,115,18,0.1000,0.00000500,0.0000,6.1119,832.4192,0.0000,0.9774
207263,1004,50,0.1000,0.00000500,0.0000,6.8885,863.5290,0.0000,0.9825
207264,95,12,0.1000,0.00000500,0.0000,4.1420,819.7721,0.0000,0.9766
207265,167,18,0.1000,0.00000500,0.0000,7.2124,828.6021,0.0000,0.9913
207266,993,51,0.1000,0.00000500,0.0000,6.1793,858.2669,0.0000,0.9835
207267,430,37,0.1000,0.00000500,0.0000,6.1475,842.9355,0.0000,0.9780
207268,771,44,0.1000,0.00000500,0.0000,5.1468,857.2346,0.0000,0.9744
207269,1943,54,0.1000,0.00000500,0.0000,7.2159,901.9945,0.0000,0.9792
207270,2230,66,0.1000,0.00000500,0.0000,9.4162,898.1810,0.0000,0.9796
207271,299,24,0.1000,0.00000500,0.0000,7.5457,844.8337,0.0000,0.9844
207272,123,18,0.1000,0.00000500,0.0000,5.1000,812.9520,0.0000,0.9844
207273,53,12,0.1000,0.00000500,0.0000,11.5794,811.3338,0.0000,0.9818
207274,310,27,0.1000,0.00000500,0.0000,5.6752,840.1204,0.0000,0.9780
207275,374,27,0.1000,0.00000500,0.0000,11.2353,841.0984,0.0000,0.9699
207276,562,27,0.1000,0.00000500,0.0000,6.4399,889.5299,0.0000,0.9838
207277,273,23,0.1000,0.00000500,0.0000,5.0913,829.7595,0.0000,0.9823
207278,3754,75,0.1000,0.00000500,0.0000,7.8393,941.6323,0.0000,0.9783
207279,1987,60,0.1000,0.00000500,0.0000,8.6968,886.8037,0.0000,0.9786
207280,999,46,0.1000,0.00000500,0.0000,7.3789,871.6248,0.0000,0.9823
207281,183,18,0.1000,0.00000500,0.0000,6.4055,828.6352,0.0000,0.9792
207282,89,15,0.1000,0.00000500,0.0000,10.0878,815.6908,0.0000,0.9792
207283,489,30,0.1000,0.00000500,0.0000,6.0902,845.2725,0.0000,0.9760
207284,1880,48,0.1000,0.00000500,0.0000,6.4795,902.7327,0.0000,0.9805
207285,735,34,0.1000,0.00000500,0.0000,4.2945,867.4742,0.0000,0.9862
207286,117,12,0.1000,0.00000500,0.0000,7.0280,827.5587,0.0000,0.9766
207287,66,12,0.1000,0.00000500,0.0000,4.1365,812.5396,0.0000,0.9844
207288,3311,84,0.1000,0.00000500,0.0000,6.7580,909.4150,0.0000,0.9795
207289,478,30,0.1000,0.00000500,0.0000,7.3781,853.6228,0.0000,0.9802
207290,2072,46,0.1000,0.00000500,0.0000,6.1907,925.8602,0.0000,0.9830
207291,5600,111,0.1000,0.00000500,0.0000,6.9173,951.2264,0.0000,0.9800
207292,2074,81,0.1000,0.00000500,0.0000,6.8547,870.2021,0.0000,0.9742
207293,5128,103,0.1000,0.00000500,0.0000,7.1581,934.3639,0.0000,0.9827
207294,294,21,0.1000,0.00000500,0.0000,6.4066,834.3467,0.0000,0.9807
207295,1951,48,0.1000,0.00000500,0.0000,8.5410,911.9620,0.0000,0.9824
207296,368,27,0.1000,0.00000500,0.0000,8.0077,840.4038,0.0000,0.9803
207297,114,12,0.1000,0.00000500,0.0000,9.0952,819.7871,0.0000,0.9870
207298,447,27,0.1000,0.00000500,0.0000,7.6250,834.5996,0.0000,0.9815
207299,66,12,0.1000,0.00000500,0.0000,4.6400,805.9121,0.0000,0.9948
207300,869,51,0.1000,0.00000500,0.0000,9.7991,851.9573,0.0000,0.9749
207301,1720,42,0.1000,0.00000500,0.0000,7.7053,919.8516,0.0000,0.9725
207302,540,27,0.1000,0.00000500,0.0000,6.2428,863.2952,0.0000,0.9792
207303,377,27,0.1000,0.00000500,0.0000,5.2299,836.4261,0.0000,0.9850
207304,877,36,0.1000,0.00000500,0.0000,7.7584,868.3851,0.0000,0.9835
207305,746,51,0.1000,0.00000500,0.0000,5.2562,847.0215,0.0000,0.9779
207306,200,18,0.1000,0.00000500,0.0000,8.5071,825.5874,0.0000,0.9722
207307,201,21,0.1000,0.00000500,0.0000,7.1726,816.1759,0.0000,0.9717
207308,570,39,0.1000,0.00000500,0.0000,5.7914,841.9748,0.0000,0.9848
207309,220,15,0.1000,0.00000500,0.0000,9.8020,829.5829,0.0000,0.9708
207310,7013,102,0.1000,0.00000500,0.0000,5.7989,968.0435,0.0000,0.9795
207311,458,30,0.1000,0.00000500,0.0000,6.0274,838.8549,0.0000,0.9781
207312,66,9,0.1000,0.00000500,0.0000,7.9710,814.7182,0.0000,0.9688
207313,1684,72,0.1000,0.00000500,0.0000,8.6977,870.7167,0.0000,0.9748
207314,633,36,0.1000,0.00000500,0.0000,5.0296,846.1649,0.0000,0.9870
207315,9300,113,0.1000,0.00000500,0.0000,6.8499,981.7276,0.0000,0.9795
207316,1552,63,0.1000,0.00000500,0.0000,8.1884,871.4352,0.0000,0.9831
207317,5558,132,0.1000,0.00000500,0.0000,7.1174,915.4639,0.0000,0.9780
207318,405,33,0.1000,0.00000500,0.0000,5.5797,827.2380,0.0000,0.9830
207319,142,18,0.1000,0.00000500,0.0000,9.3830,816.8784,0.0000,0.9792
207320,76,11,0.1000,0.00000500,0.0000,12.0083,802.0551,0.0000,0.9744
207321,3319,72,0.1000,0.00000500,0.0000,7.7661,908.7289,0.0000,0.9787
207322,127,15,0.1000,0.00000500,0.0000,6.1422,809.6883,0.0000,0.9854
207323,66,9,0.1000,0.00000500,0.0000,14.1215,802.4676,0.0000,0.9653
207324,783,27,0.1000,0.00000500,0.0000,5.4986,870.0384,0.0000,0.9873
207325,247,21,0.1000,0.00000500,0.0000,6.6527,831.6294,0.0000,0.9807
207326,3016,63,0.1000,0.00000500,0.0000,7.5261,915.0855,0.0000,0.9797
207327,4351,66,0.1000,0.00000500,0.0000,6.0727,951.0512,0.0000,0.9811
207328,468,27,0.1000,0.00000500,0.0000,8.2628,838.0631,0.0000,0.9769
207329,169,21,0.1000,0.00000500,0.0000,6.8379,810.7505,0.0000,0.9851
207330,635,27,0.1000,0.00000500,0.0000,5.6141,853.8228,0.0000,0.9873
207331,1217,42,0.1000,0.00000500,0.0000,8.0539,874.8275,0.0000,0.9792
207332,957,36,0.1000,0.00000500,0.0000,6.9992,870.6962,0.0000,0.9818
207333,224,18,0.1000,0.00000500,0.0000,5.6590,833.7454,0.0000,0.9826
207334,477,30,0.1000,0.00000500,0.0000,9.3450,839.3151,0.0000,0.9750
207335,98,12,0.1000,0.00000500,0.0000,3.9254,810.1522,0.0000,0.9870
207336,70,12,0.1000,0.00000500,0.0000,15.6282,800.8915,0.0000,0.9688
207337,225,21,0.1000,0.00000500,0.0000,6.0216,806.1108,0.0000,0.9866
207338,77,12,0.1000,0.00000500,0.0000,5.4076,804.1149,0.0000,0.9896
207339,584,30,0.1000,0.00000500,0.0000,6.5868,845.7438,0.0000,0.9854
207340,1215,39,0.1000,0.00000500,0.0000,3.8363,873.7725,0.0000,0.9816
207341,183,18,0.1000,0.00000500,0.0000,7.1175,818.0372,0.0000,0.9809
207342,457,25,0.1000,0.00000500,0.0000,4.3692,837.2520,0.0000,0.9888
207343,185,21,0.1000,0.00000500,0.0000,4.4937,811.7405,0.0000,0.9747
207344,3290,99,0.1000,0.00000500,0.0000,6.4562,887.7986,0.0000,0.9817
207345,1009,48,0.1000,0.00000500,0.0000,6.5923,853.5195,0.0000,0.9805
207346,2332,60,0.1000,0.00000500,0.0000,7.0012,873.5594,0.0000,0.9786
207347,2977,60,0.1000,0.00000500,0.0000,8.5642,928.5222,0.0000,0.9760
207348,3891,96,0.1000,0.00000500,0.0000,5.9786,898.5104,0.0000,0.9827
207349,309,23,0.1000,0.00000500,0.0000,7.5858,819.4837,0.0000,0.9769
207350,1013,45,0.1000,0.00000500,0.0000,4.8257,856.1097,0.0000,0.9812
207351,311,28,0.1000,0.00000500,0.0000,7.9373,814.9631,0.0000,0.9766
207352,83,14,0.1000,0.00000500,0.0000,4.0574,793.4597,0.0000,0.9710
207353,1227,45,0.1000,0.00000500,0.0000,5.4227,863.4930,0.0000,0.9882
207354,2544,54,0.1000,0.00000500,0.0000,7.3675,917.0787,0.0000,0.9774
207355,273,24,0.1000,0.00000500,0.0000,5.9866,818.7890,0.0000,0.9844
207356,460,27,0.1000,0.00000500,0.0000,5.6278,826.7864,0.0000,0.9838
207357,457,30,0.1000,0.00000500,0.0000,7.2149,826.9577,0.0000,0.9740
207358,658,27,0.1000,0.00000500,0.0000,8.5326,854.9658,0.0000,0.9850
207359,784,29,0.1000,0.00000500,0.0000,10.1187,866.6941,0.0000,0.9698
207360,444,27,0.1000,0.00000500,0.0000,9.3188,834.2326,0.0000,0.9757
207361,386,27,0.1000,0.00000500,0.0000,6.4171,824.1856,0.0000,0.9757
207362,176,18,0.1000,0.00000500,0.0000,4.7366,796.6568,0.0000,0.9878
207363,538,30,0.1000,0.00000500,0.0000,7.0341,835.1628,0.0000,0.9833
207364,166,15,0.1000,0.00000500,0.0000,4.4261,813.7785,0.0000,0.9792
207365,304,24,0.1000,0.00000500,0.0000,5.0812,816.9682,0.0000,0.9844
207366,4633,66,0.1000,0.00000500,0.0000,7.1115,973.5843,0.0000,0.9777
207367,122,14,0.1000,0.00000500,0.0000,4.8687,797.5325,0.0000,0.9777
207368,803,45,0.1000,0.00000500,0.0000,7.0476,830.0329,0.0000,0.9771
207369,418,35,0.1000,0.00000500,0.0000,11.2708,827.7521,0.0000,0.9750
207370,1857,69,0.1000,0.00000500,0.0000,7.2025,857.2702,0.0000,0.9823
207371,1900,93,0.1000,0.00000500,0.0000,7.3079,844.4403,0.0000,0.9815
207372,102,12,0.1000,0.00000500,0.0000,6.7660,801.9297,0.0000,0.9766
207373,1057,36,0.1000,0.00000500,0.0000,6.8359,871.9696,0.0000,0.9774
207374,661,36,0.1000,0.00000500,0.0000,6.5622,851.5187,0.0000,0.9809
207375,1578,57,0.1000,0.00000500,0.0000,4.3299,861.2605,0.0000,0.9819
207376,375,24,0.1000,0.00000500,0.0000,7.5293,828.0309,0.0000,0.9727
207377,758,36,0.1000,0.00000500,0.0000,6.2406,838.9000,0.0000,0.9774
207378,727,39,0.1000,0.00000500,0.0000,7.9054,843.9416,0.0000,0.9736
207379,6013,93,0.1000,0.00000500,0.0000,7.3407,953.1069,0.0000,0.9768
207380,1267,51,0.1000,0.00000500,0.0000,8.3500,855.9191,0.0000,0.9804
207381,248,21,0.1000,0.00000500,0.0000,5.8934,811.5752,0.0000,0.9762
207382,313,27,0.1000,0.00000500,0.0000,8.0917,811.9606,0.0000,0.9815
207383,957,42,0.1000,0.00000500,0.0000,6.3564,839.9424,0.0000,0.9754
207384,1596,60,0.1000,0.00000500,0.0000,8.0093,853.3892,0.0000,0.9734
207385,110,15,0.1000,0.00000500,0.0000,7.0755,795.2647,0.0000,0.9771
207386,134,18,0.1000,0.00000500,0.0000,11.8981,793.4502,0.0000,0.9688
207387,129,15,0.1000,0.00000500,0.0000,7.7543,796.5480,0.0000,0.9667
207388,688,36,0.1000,0.00000500,0.0000,5.3789,838.9135,0.0000,0.9774
207389,1104,45,0.1000,0.00000500,0.0000,6.5997,847.3258,0.0000,0.9757
207390,1911,60,0.1000,0.00000500,0.0000,6.7663,863.2378,0.0000,0.9781
207391,231,18,0.1000,0.00000500,0.0000,3.9722,811.6314,0.0000,0.9844
207392,283,18,0.1000,0.00000500,0.0000,7.2580,820.8195,0.0000,0.9809
207393,135,17,0.1000,0.00000500,0.0000,6.2086,797.7959,0.0000,0.9853
207394,256,21,0.1000,0.00000500,0.0000,9.8291,806.2914,0.0000,0.9821
207395,222,18,0.1000,0.00000500,0.0000,8.6028,810.3214,0.0000,0.9757
207396,317,23,0.1000,0.00000500,0.0000,6.5654,813.9712,0.0000,0.9755
207397,2148,57,0.1000,0.00000500,0.0000,7.2718,879.9745,0.0000,0.9819
207398,283,21,0.1000,0.00000500,0.0000,6.7761,811.4213,0.0000,0.9836
207399,70,12,0.1000,0.00000500,0.0000,6.0650,788.4192,0.0000,0.9740
207400,1726,63,0.1000,0.00000500,0.0000,5.4587,858.9629,0.0000,0.9836
207401,4012,84,0.1000,0.00000500,0.0000,6.2094,907.9609,0.0000,0.9799
207402,5053,111,0.1000,0.00000500,0.0000,6.8500,890.8992,0.0000,0.9786
207403,396,30,0.1000,0.00000500,0.0000,5.7703,802.0305,0.0000,0.9771
207404,883,42,0.1000,0.00000500,0.0000,5.1694,834.7052,0.0000,0.9844
207405,1048,51,0.1000,0.00000500,0.0000,4.9122,836.6443,0.0000,0.9896
207406,546,33,0.1000,0.00000500,0.0000,6.1604,815.7700,0.0000,0.9820
207407,559,36,0.1000,0.00000500,0.0000,9.8581,815.9704,0.0000,0.9783
207408,536,30,0.1000,0.00000500,0.0000,8.0646,828.4038,0.0000,0.9729
207409,773,27,0.1000,0.00000500,0.0000,5.6195,843.7001,0.0000,0.9803
207410,4104,102,0.1000,0.00000500,0.0000,7.1223,885.2552,0.0000,0.9804
207411,882,39,0.1000,0.00000500,0.0000,5.8950,839.0557,0.0000,0.9768
207412,916,30,0.1000,0.00000500,0.0000,6.8527,852.7937,0.0000,0.9875
207413,213,15,0.1000,0.00000500,0.0000,5.6124,804.2724,0.0000,0.9667
207414,431,30,0.1000,0.00000500,0.0000,7.0915,817.3302,0.0000,0.9833
207415,3179,99,0.1000,0.00000500,0.0000,7.6132,857.2010,0.0000,0.9826
207416,2799,87,0.1000,0.00000500,0.0000,6.2711,856.5585,0.0000,0.9831
207417,418,27,0.1000,0.00000500,0.0000,8.3929,809.0660,0.0000,0.9757
207418,4569,132,0.1000,0.00000500,0.0000,7.7564,870.6516,0.0000,0.9780
207419,119,15,0.1000,0.00000500,0.0000,5.4643,794.8988,0.0000,0.9854
207420,108,12,0.1000,0.00000500,0.0000,2.8098,794.7818,0.0000,0.9896
207421,601,33,0.1000,0.00000500,0.0000,6.8023,826.1747,0.0000,0.9782
207422,703,30,0.1000,0.00000500,0.0000,7.5096,840.4837,0.0000,0.9802
207423,3258,60,0.1000,0.00000500,0.0000,7.3195,918.2399,0.0000,0.9781
207424,348,25,0.1000,0.00000500,0.0000,7.6879,805.7007,0.0000,0.9800
207425,167,15,0.1000,0.00000500,0.0000,5.6337,788.6794,0.0000,0.9854
207426,1538,60,0.1000,0.00000500,0.0000,7.7535,846.0219,0.0000,0.9828
207427,1544,54,0.1000,0.00000500,0.0000,6.3258,854.3134,0.0000,0.9815
207428,5822,90,0.1000,0.00000500,0.0000,5.4946,923.0702,0.0000,0.9806
207429,1947,56,0.1000,0.00000500,0.0000,5.9863,876.4852,0.0000,0.9827
207430,3339,90,0.1000,0.00000500,0.0000,6.9766,868.9721,0.0000,0.9799
207431,604,35,0.1000,0.00000500,0.0000,6.5892,828.7707,0.0000,0.9777
207432,301,30,0.1000,0.00000500,0.0000,6.1558,794.7525,0.0000,0.9812
207433,2439,63,0.1000,0.00000500,0.0000,5.0167,884.8370,0.0000,0.9856
207434,232,17,0.1000,0.00000500,0.0000,10.3603,795.0076,0.0000,0.9798
207435,1672,60,0.1000,0.00000500,0.0000,6.0510,843.1141,0.0000,0.9760
207436,1292,45,0.1000,0.00000500,0.0000,5.9324,844.1145,0.0000,0.9715
207437,119,15,0.1000,0.00000500,0.0000,6.7997,783.3444,0.0000,0.9854
207438,752,37,0.1000,0.00000500,0.0000,6.0722,826.3526,0.0000,0.9797
207439,1427,66,0.1000,0.00000500,0.0000,6.4700,829.0729,0.0000,0.9830
207440,3931,69,0.1000,0.00000500,0.0000,6.7357,913.2941,0.0000,0.9796
207441,565,30,0.1000,0.00000500,0.0000,4.3461,822.6431,0.0000,0.9854
207442,453,24,0.1000,0.00000500,0.0000,5.5435,815.1255,0.0000,0.9844
207443,150,15,0.1000,0.00000500,0.0000,5.4296,782.7289,0.0000,0.9833
207444,161,18,0.1000,0.00000500,0.0000,3.6314,789.9136,0.0000,0.9913
207445,538,30,0.1000,0.00000500,0.0000,10.9423,815.1722,0.0000,0.9729
207446,535,21,0.1000,0.00000500,0.0000,5.1259,835.5584,0.0000,0.9836
207447,550,24,0.1000,0.00000500,0.0000,4.2648,827.8999,0.0000,0.9779
207448,549,24,0.1000,0.00000500,0.0000,6.7319,818.2700,0.0000,0.9688
207449,565,27,0.1000,0.00000500,0.0000,6.5350,815.9025,0.0000,0.9792
207450,643,33,0.1000,0.00000500,0.0000,6.5766,823.0974,0.0000,0.9820
207451,142,18,0.1000,0.00000500,0.0000,6.0894,786.0119,0.0000,0.9826
207452,1539,54,0.1000,0.00000500,0.0000,7.3694,841.4442,0.0000,0.9797
207453,781,42,0.1000,0.00000500,0.0000,7.4572,818.3578,0.0000,0.9754
207454,2174,81,0.1000,0.00000500,0.0000,6.3039,843.1154,0.0000,0.9823
207455,289,21,0.1000,0.00000500,0.0000,6.2269,796.4415,0.0000,0.9717
207456,806,33,0.1000,0.00000500,0.0000,6.3467,822.3624,0.0000,0.9830
207457,2994,78,0.1000,0.00000500,0.0000,7.5128,865.5873,0.0000,0.9756
207458,300,20,0.1000,0.00000500,0.0000,7.0322,792.0717,0.0000,0.9891
207459,957,39,0.1000,0.00000500,0.0000,7.2713,831.8286,0.0000,0.9784
207460,610,36,0.1000,0.00000500,0.0000,4.9738,811.8762,0.0000,0.9809
207461,76,15,0.1000,0.00000500,0.0000,5.1493,767.4611,0.0000,0.9771
207462,348,27,0.1000,0.00000500,0.0000,7.5818,797.5930,0.0000,0.9803
207463,1213,36,0.1000,0.00000500,0.0000,6.6400,851.4645,0.0000,0.9792
207464,276,23,0.1000,0.00000500,0.0000,8.7378,792.3666,0.0000,0.9891
207465,1592,46,0.1000,0.00000500,0.0000,7.4112,857.8178,0.0000,0.9844
207466,2742,81,0.1000,0.00000500,0.0000,7.2053,853.3841,0.0000,0.9784
207467,102,15,0.1000,0.00000500,0.0000,5.7127,776.6974,0.0000,0.9812
207468,1880,60,0.1000,0.00000500,0.0000,4.6478,858.4545,0.0000,0.9797
207469,502,33,0.1000,0.00000500,0.0000,4.7017,803.9582,0.0000,0.9801
207470,242,21,0.1000,0.00000500,0.0000,9.0109,790.5652,0.0000,0.9851
207471,1180,42,0.1000,0.00000500,0.0000,6.6312,844.2997,0.0000,0.9769
207472,120,15,0.1000,0.00000500,0.0000,5.3968,778.8512,0.0000,0.9854
207473,896,29,0.1000,0.00000500,0.0000,7.3888,841.0018,0.0000,0.9763
207474,908,54,0.1000,0.00000500,0.0000,4.3496,809.0057,0.0000,0.9850
207475,964,39,0.1000,0.00000500,0.0000,5.7514,832.5650,0.0000,0.9832
207476,76,11,0.1000,0.00000500,0.0000,4.4565,766.9222,0.0000,0.9602
207477,1564,60,0.1000,0.00000500,0.0000,6.3108,834.1961,0.0000,0.9833
207478,3110,66,0.1000,0.00000500,0.0000,7.9642,891.6570,0.0000,0.9820
207479,2726,48,0.1000,0.00000500,0.0000,7.4693,899.7690,0.0000,0.9850
207480,2499,51,0.1000,0.00000500,0.0000,5.6517,901.7528,0.0000,0.9767
207481,496,33,0.1000,0.00000500,0.0000,6.9723,803.7785,0.0000,0.9801
207482,34,9,0.1000,0.00000500,0.0000,6.8197,754.9170,0.0000,0.9688
207483,651,36,0.1000,0.00000500,0.0000,6.3205,809.7974,0.0000,0.9826
207484,1187,36,0.1000,0.00000500,0.0000,7.4561,844.9638,0.0000,0.9826
207485,116,15,0.1000,0.00000500,0.0000,7.1461,769.1184,0.0000,0.9812
207486,61,9,0.1000,0.00000500,0.0000,7.0944,764.0375,0.0000,0.9722
207487,1969,81,0.1000,0.00000500,0.0000,7.2552,842.1115,0.0000,0.9823
207488,151,12,0.1000,0.00000500,0.0000,8.1055,782.6610,0.0000,0.9896
207489,268,24,0.1000,0.00000500,0.0000,5.9576,784.3403,0.0000,0.9909
207490,1311,57,0.1000,0.00000500,0.0000,6.9810,821.8851,0.0000,0.9803
207491,134,15,0.1000,0.00000500,0.0000,8.7851,778.0877,0.0000,0.9771
207492,1361,57,0.1000,0.00000500,0.0000,7.6098,823.2839,0.0000,0.9841
207493,389,27,0.1000,0.00000500,0.0000,6.8563,790.4006,0.0000,0.9838
207494,1383,51,0.1000,0.00000500,0.0000,7.2237,832.1701,0.0000,0.9816
207495,128,15,0.1000,0.00000500,0.0000,10.1161,777.5627,0.0000,0.9792
207496,682,39,0.1000,0.00000500,0.0000,7.1132,800.3730,0.0000,0.9784
207497,6237,75,0.1000,0.00000500,0.0000,6.8305,950.1044,0.0000,0.9742
207498,232,21,0.1000,0.00000500,0.0000,11.7043,784.6245,0.0000,0.9702
207499,4196,84,0.1000,0.00000500,0.0000,6.8834,887.1257,0.0000,0.9784
207500,66,12,0.1000,0.00000500,0.0000,9.3912,764.8944,0.0000,0.9740
207501,541,30,0.1000,0.00000500,0.0000,9.0565,810.3339,0.0000,0.9823
207502,1444,47,0.1000,0.00000500,0.0000,6.5347,843.4195,0.0000,0.9787
207503,68,12,0.1000,0.00000500,0.0000,8.5697,754.2715,0.0000,0.9844
207504,4572,99,0.1000,0.00000500,0.0000,7.3371,875.2963,0.0000,0.9811
207505,822,39,0.1000,0.00000500,0.0000,6.4338,814.3791,0.0000,0.9712
207506,499,33,0.1000,0.00000500,0.0000,8.0550,795.2254,0.0000,0.9744
207507,2218,66,0.1000,0.00000500,0.0000,5.3138,844.2396,0.0000,0.9815
207508,830,42,0.1000,0.00000500,0.0000,7.9563,804.6746,0.0000,0.9769
207509,3474,117,0.1000,0.00000500,0.0000,6.2287,837.2685,0.0000,0.9794
207510,903,42,0.1000,0.00000500,0.0000,7.7080,808.4026,0.0000,0.9747
207511,617,42,0.1000,0.00000500,0.0000,6.0954,794.8069,0.0000,0.9784
207512,303,21,0.1000,0.00000500,0.0000,8.0440,792.2128,0.0000,0.9851
207513,399,30,0.1000,0.00000500,0.0000,5.9476,797.2917,0.0000,0.9771
207514,785,39,0.1000,0.00000500,0.0000,8.1426,801.6191,0.0000,0.9792
207515,129,18,0.1000,0.00000500,0.0000,3.5080,766.7830,0.0000,0.9826
207516,362,21,0.1000,0.00000500,0.0000,5.0171,795.9808,0.0000,0.9836
207517,115,14,0.1000,0.00000500,0.0000,8.1662,767.7960,0.0000,0.9710
207518,435,30,0.1000,0.00000500,0.0000,7.9110,790.6624,0.0000,0.9750
207519,883,39,0.1000,0.00000500,0.0000,7.5067,816.8653,0.0000,0.9776
207520,316,27,0.1000,0.00000500,0.0000,7.8328,783.7394,0.0000,0.9745
207521,1265,48,0.1000,0.00000500,0.0000,8.8556,821.6361,0.0000,0.9733
207522,46,9,0.1000,0.00000500,0.0000,4.4345,756.4641,0.0000,0.9861
207523,4153,105,0.1000,0.00000500,0.0000,6.9044,854.5468,0.0000,0.9795
207524,893,30,0.1000,0.00000500,0.0000,3.9666,828.4298,0.0000,0.9802
207525,120,12,0.1000,0.00000500,0.0000,5.8683,767.2889,0.0000,0.9844
207526,122,15,0.1000,0.00000500,0.0000,7.9069,760.0100,0.0000,0.9792
207527,906,30,0.1000,0.00000500,0.0000,7.9609,834.1611,0.0000,0.9781
207528,1078,45,0.1000,0.00000500,0.0000,7.1119,828.8346,0.0000,0.9833
207529,2289,51,0.1000,0.00000500,0.0000,5.7173,879.0733,0.0000,0.9810
207530,570,33,0.1000,0.00000500,0.0000,6.5550,796.9950,0.0000,0.9688
207531,457,24,0.1000,0.00000500,0.0000,6.7103,816.1106,0.0000,0.9831
207532,271,24,0.1000,0.00000500,0.0000,5.7353,783.1311,0.0000,0.9857
207533,473,30,0.1000,0.00000500,0.0000,10.3199,799.5550,0.0000,0.9812
207534,273,24,0.1000,0.00000500,0.0000,6.8745,776.9158,0.0000,0.9870
207535,220,15,0.1000,0.00000500,0.0000,6.4048,785.5718,0.0000,0.9875
207536,75,12,0.1000,0.00000500,0.0000,9.1720,762.9201,0.0000,0.9844
207537,598,35,0.1000,0.00000500,0.0000,6.0907,804.5590,0.0000,0.9821
207538,2963,75,0.1000,0.00000500,0.0000,8.1007,859.9455,0.0000,0.9804
207539,782,27,0.1000,0.00000500,0.0000,11.8870,830.4007,0.0000,0.9688
207540,878,51,0.1000,0.00000500,0.0000,6.3809,798.4227,0.0000,0.9822
207541,287,21,0.1000,0.00000500,0.0000,4.5063,782.2578,0.0000,0.9866
207542,856,39,0.1000,0.00000500,0.0000,6.9183,807.9808,0.0000,0.9832
207543,693,49,0.1000,0.00000500,0.0000,5.3133,786.6046,0.0000,0.9815
207544,1025,48,0.1000,0.00000500,0.0000,7.6893,800.8447,0.0000,0.9779
207545,1276,42,0.1000,0.00000500,0.0000,6.8040,831.8683,0.0000,0.9851
207546,49,9,0.1000,0.00000500,0.0000,3.3123,751.5882,0.0000,0.9896
207547,291,24,0.1000,0.00000500,0.0000,9.0101,781.7353,0.0000,0.9792
207548,2829,60,0.1000,0.00000500,0.0000,6.6568,874.1253,0.0000,0.9823
207549,1347,36,0.1000,0.00000500,0.0000,6.0635,849.2664,0.0000,0.9748
207550,320,27,0.1000,0.00000500,0.0000,4.6902,781.3587,0.0000,0.9861
207551,369,21,0.1000,0.00000500,0.0000,6.2182,800.7561,0.0000,0.9792
207552,197,18,0.1000,0.00000500,0.0000,5.8037,768.5752,0.0000,0.9931
207553,494,36,0.1000,0.00000500,0.0000,5.5412,782.9269,0.0000,0.9774
207554,371,24,0.1000,0.00000500,0.0000,5.2417,789.5206,0.0000,0.9870
207555,205,21,0.1000,0.00000500,0.0000,3.2399,775.3433,0.0000,0.9762
207556,3470,68,0.1000,0.00000500,0.0000,7.2435,882.5305,0.0000,0.9798
207557,650,32,0.1000,0.00000500,0.0000,7.1740,807.2494,0.0000,0.9795
207558,644,36,0.1000,0.00000500,0.0000,7.3920,797.0193,0.0000,0.9731
207559,754,42,0.1000,0.00000500,0.0000,8.1886,795.6495,0.0000,0.9754
207560,441,21,0.1000,0.00000500,0.0000,4.0693,791.8678,0.0000,0.9851
207561,2186,72,0.1000,0.00000500,0.0000,7.4663,828.0302,0.0000,0.9796
207562,369,24,0.1000,0.00000500,0.0000,9.2690,786.7788,0.0000,0.9805
207563,376,24,0.1000,0.00000500,0.0000,6.0893,790.7718,0.0000,0.9805
207564,1047,36,0.1000,0.00000500,0.0000,6.5197,828.1609,0.0000,0.9800
207565,460,24,0.1000,0.00000500,0.0000,7.7725,799.4122,0.0000,0.9766
207566,9219,111,0.1000,0.00000500,0.0000,6.4431,925.0214,0.0000,0.9825
207567,900,30,0.1000,0.00000500,0.0000,4.0510,821.6736,0.0000,0.9792
207568,170,18,0.1000,0.00000500,0.0000,6.8076,763.1645,0.0000,0.9826
207569,306,24,0.1000,0.00000500,0.0000,7.6286,781.3882,0.0000,0.9831
207570,181,18,0.1000,0.00000500,0.0000,6.0322,770.8801,0.0000,0.9809
207571,2462,60,0.1000,0.00000500,0.0000,6.9579,856.0458,0.0000,0.9833
207572,43,9,0.1000,0.00000500,0.0000,7.0766,750.3711,0.0000,0.9757
207573,410,27,0.1000,0.00000500,0.0000,6.8362,772.6304,0.0000,0.9838
207574,612,36,0.1000,0.00000500,0.0000,6.2462,786.2009,0.0000,0.9835
207575,2440,66,0.1000,0.00000500,0.0000,5.6425,842.6946,0.0000,0.9796
207576,702,42,0.1000,0.00000500,0.0000,8.2915,789.9344,0.0000,0.9807
207577,929,36,0.1000,0.00000500,0.0000,7.0033,819.0085,0.0000,0.9852
207578,213,15,0.1000,0.00000500,0.0000,5.9593,780.8928,0.0000,0.9771
207579,2412,81,0.1000,0.00000500,0.0000,7.0101,827.2502,0.0000,0.9796
207580,5123,93,0.1000,0.00000500,0.0000,6.8616,877.1930,0.0000,0.9835
207581,417,27,0.1000,0.00000500,0.0000,4.2791,781.1783,0.0000,0.9954
207582,335,30,0.1000,0.00000500,0.0000,5.6442,764.5881,0.0000,0.9677
207583,270,27,0.1000,0.00000500,0.0000,3.7140,764.5266,0.0000,0.9850
207584,673,38,0.1000,0.00000500,0.0000,7.1980,792.5554,0.0000,0.9852
207585,1082,45,0.1000,0.00000500,0.0000,6.5030,797.6117,0.0000,0.9819
207586,446,36,0.1000,0.00000500,0.0000,6.8742,777.1961,0.0000,0.9740
207587,2704,75,0.1000,0.00000500,0.0000,5.6334,833.7894,0.0000,0.9796
207588,227,21,0.1000,0.00000500,0.0000,6.4069,760.9835,0.0000,0.9836
207589,3223,84,0.1000,0.00000500,0.0000,6.3516,848.9909,0.0000,0.9706
207590,1738,47,0.1000,0.00000500,0.0000,5.8117,839.9133,0.0000,0.9794
207591,8192,127,0.1000,0.00000500,0.0000,5.5052,897.3856,0.0000,0.9818
207592,155,15,0.1000,0.00000500,0.0000,4.9938,763.0819,0.0000,0.9771
207593,461,24,0.1000,0.00000500,0.0000,5.2612,790.9214,0.0000,0.9857
207594,1688,39,0.1000,0.00000500,0.0000,6.9503,851.6946,0.0000,0.9800
207595,535,38,0.1000,0.00000500,0.0000,6.3167,780.4219,0.0000,0.9811
207596,334,21,0.1000,0.00000500,0.0000,5.6963,785.0182,0.0000,0.9851
207597,1221,51,0.1000,0.00000500,0.0000,7.3317,810.6902,0.0000,0.9755
207598,905,45,0.1000,0.00000500,0.0000,5.3551,793.3268,0.0000,0.9792
207599,361,21,0.1000,0.00000500,0.0000,6.8594,785.0750,0.0000,0.9926
207600,135,21,0.1000,0.00000500,0.0000,4.3607,760.4316,0.0000,0.9836
207601,392,30,0.1000,0.00000500,0.0000,7.3111,769.2209,0.0000,0.9792
207602,33,9,0.1000,0.00000500,0.0000,2.8735,734.9979,0.0000,0.9826
207603,3220,87,0.1000,0.00000500,0.0000,6.5112,842.2975,0.0000,0.9777
207604,840,36,0.1000,0.00000500,0.0000,6.0927,794.6489,0.0000,0.9896
207605,779,48,0.1000,0.00000500,0.0000,7.9545,778.2616,0.0000,0.9785
207606,217,15,0.1000,0.00000500,0.0000,15.6554,770.2433,0.0000,0.9792
207607,1743,75,0.1000,0.00000500,0.0000,5.7411,806.2605,0.0000,0.9783
207608,4346,84,0.1000,0.00000500,0.0000,5.9288,868.2779,0.0000,0.9781
207609,136,15,0.1000,0.00000500,0.0000,5.1585,764.8626,0.0000,0.9875
207610,3901,117,0.1000,0.00000500,0.0000,7.3356,826.2749,0.0000,0.9786
207611,7475,90,0.1000,0.00000500,0.0000,5.7286,928.8739,0.0000,0.9830
207612,3005,69,0.1000,0.00000500,0.0000,6.6230,860.3866,0.0000,0.9792
207613,181,21,0.1000,0.00000500,0.0000,9.4597,772.3523,0.0000,0.9747
207614,201,21,0.1000,0.00000500,0.0000,9.0492,748.5390,0.0000,0.9598
207615,34,9,0.1000,0.00000500,0.0000,5.8842,727.6451,0.0000,0.9861
207616,200,21,0.1000,0.00000500,0.0000,6.2623,755.7235,0.0000,0.9866
207617,51,9,0.1000,0.00000500,0.0000,7.5831,740.2724,0.0000,0.9757
207618,150,18,0.1000,0.00000500,0.0000,6.3941,753.9173,0.0000,0.9826
207619,2374,74,0.1000,0.00000500,0.0000,9.5059,822.9023,0.0000,0.9789
207620,1961,63,0.1000,0.00000500,0.0000,7.3683,823.5131,0.0000,0.9807
207621,705,33,0.1000,0.00000500,0.0000,4.8592,787.4888,0.0000,0.9801
207622,198,24,0.1000,0.00000500,0.0000,6.2793,752.0109,0.0000,0.9792
207623,787,42,0.1000,0.00000500,0.0000,6.3793,783.7160,0.0000,0.9762
207624,562,35,0.1000,0.00000500,0.0000,6.3288,774.9001,0.0000,0.9777
207625,1222,39,0.1000,0.00000500,0.0000,5.2534,809.2377,0.0000,0.9816
207626,87,12,0.1000,0.00000500,0.0000,4.2305,749.8818,0.0000,0.9766
207627,2214,54,0.1000,0.00000500,0.0000,7.1965,836.7114,0.0000,0.9821
207628,180,18,0.1000,0.00000500,0.0000,6.6725,752.7809,0.0000,0.9722
207629,1494,72,0.1000,0.00000500,0.0000,7.7550,793.8512,0.0000,0.9792
207630,530,39,0.1000,0.00000500,0.0000,6.9829,768.1579,0.0000,0.9784
207631,2041,69,0.1000,0.00000500,0.0000,7.9457,820.4614,0.0000,0.9814
207632,3228,54,0.1000,0.00000500,0.0000,7.1803,887.3662,0.0000,0.9803
207633,463,24,0.1000,0.00000500,0.0000,6.4590,783.2900,0.0000,0.9883
207634,4628,66,0.1000,0.00000500,0.0000,6.6047,913.1351,0.0000,0.9830
207635,450,21,0.1000,0.00000500,0.0000,5.3071,788.3421,0.0000,0.9836
207636,2953,75,0.1000,0.00000500,0.0000,6.5344,833.1776,0.0000,0.9796
207637,871,36,0.1000,0.00000500,0.0000,7.0057,791.9489,0.0000,0.9852
207638,4017,60,0.1000,0.00000500,0.0000,5.3873,896.2788,0.0000,0.9771
207639,1393,48,0.1000,0.00000500,0.0000,7.3814,811.6397,0.0000,0.9811
207640,662,27,0.1000,0.00000500,0.0000,6.7730,800.4476,0.0000,0.9803
207641,753,33,0.1000,0.00000500,0.0000,4.9038,774.9376,0.0000,0.9801
207642,86,15,0.1000,0.00000500,0.0000,6.0849,744.5602,0.0000,0.9833
207643,352,26,0.1000,0.00000500,0.0000,6.9494,765.9740,0.0000,0.9832
207644,90,12,0.1000,0.00000500,0.0000,8.8420,738.0107,0.0000,0.9688
207645,596,27,0.1000,0.00000500,0.0000,3.8871,785.9047,0.0000,0.9792
207646,638,27,0.1000,0.00000500,0.0000,4.8419,790.4048,0.0000,0.9850
207647,383,25,0.1000,0.00000500,0.0000,5.4587,772.2761,0.0000,0.9775
207648,217,17,0.1000,0.00000500,0.0000,5.3407,758.1246,0.0000,0.9871
207649,129,15,0.1000,0.00000500,0.0000,7.4093,749.5189,0.0000,0.9792
207650,1563,42,0.1000,0.00000500,0.0000,8.0890,832.8336,0.0000,0.9732
207651,630,39,0.1000,0.00000500,0.0000,5.9099,772.0272,0.0000,0.9784
207652,1357,54,0.1000,0.00000500,0.0000,6.8020,795.0847,0.0000,0.9832
207653,50,9,0.1000,0.00000500,0.0000,6.6788,732.0188,0.0000,0.9792
207654,1781,81,0.1000,0.00000500,0.0000,7.1359,796.2299,0.0000,0.9796
207655,113,15,0.1000,0.00000500,0.0000,7.6948,737.9038,0.0000,0.9812
207656,213,15,0.1000,0.00000500,0.0000,5.9435,762.2456,0.0000,0.9833
207657,43,9,0.1000,0.00000500,0.0000,6.4511,734.4855,0.0000,0.9896
207658,668,30,0.1000,0.00000500,0.0000,6.4155,796.9159,0.0000,0.9802
207659,266,24,0.1000,0.00000500,0.0000,4.8540,761.2061,0.0000,0.9857
207660,164,18,0.1000,0.00000500,0.0000,5.5079,749.5548,0.0000,0.9809
207661,1956,51,0.1000,0.00000500,0.0000,5.9892,812.6087,0.0000,0.9798
207662,10277,205,0.1000,0.00000500,0.0000,6.7411,864.9318,0.0000,0.9802
207663,1699,41,0.1000,0.00000500,0.0000,7.0334,839.8554,0.0000,0.9787
207664,2150,81,0.1000,0.00000500,0.0000,7.0130,802.3448,0.0000,0.9738
207665,2419,60,0.1000,0.00000500,0.0000,5.7802,836.0007,0.0000,0.9823
207666,1565,60,0.1000,0.00000500,0.0000,8.3677,800.5184,0.0000,0.9729
207667,163,15,0.1000,0.00000500,0.0000,6.5871,751.7964,0.0000,0.9729
207668,738,42,0.1000,0.00000500,0.0000,6.1656,768.8946,0.0000,0.9874
207669,1516,54,0.1000,0.00000500,0.0000,4.3259,800.1800,0.0000,0.9826
207670,1039,51,0.1000,0.00000500,0.0000,7.7786,778.5867,0.0000,0.9761
207671,274,23,0.1000,0.00000500,0.0000,9.2517,756.5807,0.0000,0.9837
207672,6296,102,0.1000,0.00000500,0.0000,6.1204,884.2518,0.0000,0.9819
207673,359,28,0.1000,0.00000500,0.0000,5.8451,758.2618,0.0000,0.9777
207674,298,21,0.1000,0.00000500,0.0000,10.0412,756.9709,0.0000,0.9836
207675,101,15,0.1000,0.00000500,0.0000,6.0110,737.8740,0.0000,0.9917
207676,363,30,0.1000,0.00000500,0.0000,8.6787,757.4741,0.0000,0.9750
207677,116,15,0.1000,0.00000500,0.0000,4.9589,748.6286,0.0000,0.9875
207678,2409,66,0.1000,0.00000500,0.0000,7.0227,822.1535,0.0000,0.9749
207679,98,15,0.1000,0.00000500,0.0000,5.9937,737.6416,0.0000,0.9792
207680,222,17,0.1000,0.00000500,0.0000,6.6033,752.0067,0.0000,0.9798
207681,73,12,0.1000,0.00000500,0.0000,2.2561,738.5891,0.0000,0.9844
207682,156,15,0.1000,0.00000500,0.0000,5.4454,746.0655,0.0000,0.9833
207683,362,20,0.1000,0.00000500,0.0000,4.3782,765.5387,0.0000,0.9891
207684,114,12,0.1000,0.00000500,0.0000,6.5842,744.6454,0.0000,0.9714
207685,36,9,0.1000,0.00000500,0.0000,7.6274,715.3313,0.0000,0.9757
207686,632,36,0.1000,0.00000500,0.0000,5.2516,770.3021,0.0000,0.9844
207687,1649,63,0.1000,0.00000500,0.0000,7.3630,800.5381,0.0000,0.9807
207688,4467,81,0.1000,0.00000500,0.0000,8.2453,864.1276,0.0000,0.9788
207689,699,42,0.1000,0.00000500,0.0000,6.6677,775.2733,0.0000,0.9829
207690,1550,54,0.1000,0.00000500,0.0000,5.8870,802.1455,0.0000,0.9821
207691,104,16,0.1000,0.00000500,0.0000,10.8146,736.4676,0.0000,0.9844
207692,1890,45,0.1000,0.00000500,0.0000,5.1340,853.2651,0.0000,0.9799
207693,1269,45,0.1000,0.00000500,0.0000,7.4392,799.0373,0.0000,0.9833
207694,1696,39,0.1000,0.00000500,0.0000,7.2779,851.0890,0.0000,0.9728
207695,156,15,0.1000,0.00000500,0.0000,4.8943,737.1865,0.0000,0.9729
207696,141,19,0.1000,0.00000500,0.0000,6.1393,737.2215,0.0000,0.9819
207697,1147,48,0.1000,0.00000500,0.0000,5.6472,803.1091,0.0000,0.9831
207698,2759,66,0.1000,0.00000500,0.0000,8.0030,832.4140,0.0000,0.9768
207699,251,21,0.1000,0.00000500,0.0000,5.8428,753.7524,0.0000,0.9702
207700,892,45,0.1000,0.00000500,0.0000,6.2715,780.2741,0.0000,0.9840
207701,3527,111,0.1000,0.00000500,0.0000,6.1423,814.9337,0.0000,0.9800
207702,786,51,0.1000,0.00000500,0.0000,6.4531,769.4937,0.0000,0.9822
207703,2227,63,0.1000,0.00000500,0.0000,6.1718,810.9845,0.0000,0.9782
207704,775,30,0.1000,0.00000500,0.0000,5.7559,791.8714,0.0000,0.9875
207705,325,24,0.1000,0.00000500,0.0000,5.2084,757.7968,0.0000,0.9818
207706,238,18,0.1000,0.00000500,0.0000,6.6333,755.2824,0.0000,0.9809
207707,2015,78,0.1000,0.00000500,0.0000,7.0304,793.1524,0.0000,0.9804
207708,689,30,0.1000,0.00000500,0.0000,6.7987,793.1461,0.0000,0.9760
207709,374,23,0.1000,0.00000500,0.0000,6.0824,772.8614,0.0000,0.9715
207710,554,30,0.1000,0.00000500,0.0000,7.1457,776.2662,0.0000,0.9708
207711,147,21,0.1000,0.00000500,0.0000,8.2265,734.2187,0.0000,0.9762
207712,503,36,0.1000,0.00000500,0.0000,7.0869,745.8082,0.0000,0.9766
207713,5689,123,0.1000,0.00000500,0.0000,6.6330,845.8306,0.0000,0.9807
207714,1338,36,0.1000,0.00000500,0.0000,6.1969,812.1351,0.0000,0.9783
207715,1344,54,0.1000,0.00000500,0.0000,6.7966,785.4391,0.0000,0.9838
207716,403,24,0.1000,0.00000500,0.0000,9.1501,760.7027,0.0000,0.9792
207717,1195,45,0.1000,0.00000500,0.0000,9.1763,795.1559,0.0000,0.9771
207718,673,30,0.1000,0.00000500,0.0000,4.4942,797.2197,0.0000,0.9854
207719,332,26,0.1000,0.00000500,0.0000,6.3078,753.1915,0.0000,0.9736
207720,935,42,0.1000,0.00000500,0.0000,5.0533,773.4257,0.0000,0.9784
207721,545,24,0.1000,0.00000500,0.0000,7.8753,775.8753,0.0000,0.9727
207722,1340,33,0.1000,0.00000500,0.0000,4.9389,830.4896,0.0000,0.9830
207723,2930,75,0.1000,0.00000500,0.0000,6.2894,827.6531,0.0000,0.9842
207724,1914,69,0.1000,0.00000500,0.0000,7.6970,789.5546,0.0000,0.9814
207725,558,27,0.1000,0.00000500,0.0000,9.7454,780.6776,0.0000,0.9757
207726,305,24,0.1000,0.00000500,0.0000,6.5803,749.2442,0.0000,0.9805
207727,458,24,0.1000,0.00000500,0.0000,7.4858,775.0633,0.0000,0.9896
207728,3661,87,0.1000,0.00000500,0.0000,6.5995,831.6480,0.0000,0.9781
207729,1198,36,0.1000,0.00000500,0.0000,6.9948,807.4955,0.0000,0.9792
207730,721,33,0.1000,0.00000500,0.0000,5.1457,787.8565,0.0000,0.9773
207731,1775,54,0.1000,0.00000500,0.0000,5.2734,813.3684,0.0000,0.9850
207732,494,33,0.1000,0.00000500,0.0000,9.3450,766.7149,0.0000,0.9811
207733,1309,54,0.1000,0.00000500,0.0000,8.0090,791.0264,0.0000,0.9740
207734,337,24,0.1000,0.00000500,0.0000,9.1283,752.6387,0.0000,0.9870
207735,389,27,0.1000,0.00000500,0.0000,4.5481,752.0307,0.0000,0.9699
207736,69,9,0.1000,0.00000500,0.0000,5.7466,726.7697,0.0000,0.9757
207737,769,53,0.1000,0.00000500,0.0000,6.4797,757.1960,0.0000,0.9758
207738,382,24,0.1000,0.00000500,0.0000,7.3672,757.4140,0.0000,0.9688
207739,947,48,0.1000,0.00000500,0.0000,5.8157,765.1343,0.0000,0.9805
207740,1282,42,0.1000,0.00000500,0.0000,5.5671,800.3701,0.0000,0.9777
207741,93,12,0.1000,0.00000500,0.0000,3.7699,729.9259,0.0000,0.9818
207742,138,15,0.1000,0.00000500,0.0000,5.3703,739.2907,0.0000,0.9833
207743,1098,51,0.1000,0.00000500,0.0000,7.9577,785.2349,0.0000,0.9767
207744,5783,90,0.1000,0.00000500,0.0000,6.6229,871.4161,0.0000,0.9826
207745,62,13,0.1000,0.00000500,0.0000,5.7257,713.6801,0.0000,0.9832
207746,294,21,0.1000,0.00000500,0.0000,9.0953,749.6762,0.0000,0.9762
207747,256,19,0.1000,0.00000500,0.0000,4.9784,757.4979,0.0000,0.9803
207748,6967,77,0.1000,0.00000500,0.0000,6.4817,916.4830,0.0000,0.9756
207749,662,27,0.1000,0.00000500,0.0000,5.4259,781.7663,0.0000,0.9757
207750,48,9,0.1000,0.00000500,0.0000,4.1184,721.1973,0.0000,0.9757
207751,3635,69,0.1000,0.00000500,0.0000,4.1509,845.1320,0.0000,0.9851
207752,8299,174,0.1000,0.00000500,0.0000,8.4343,844.0355,0.0000,0.9784
207753,1508,63,0.1000,0.00000500,0.0000,7.5327,784.0878,0.0000,0.9816
207754,47,9,0.1000,0.00000500,0.0000,9.3206,713.0653,0.0000,0.9757
207755,1279,54,0.1000,0.00000500,0.0000,6.1293,781.3661,0.0000,0.9757
207756,169,18,0.1000,0.00000500,0.0000,7.6599,730.1287,0.0000,0.9740
207757,299,21,0.1000,0.00000500,0.0000,6.4917,750.7815,0.0000,0.9821
207758,561,30,0.1000,0.00000500,0.0000,4.6305,757.8716,0.0000,0.9792
207759,3462,99,0.1000,0.00000500,0.0000,6.7103,810.7981,0.0000,0.9804
207760,384,27,0.1000,0.00000500,0.0000,7.1780,755.0478,0.0000,0.9826
207761,1170,33,0.1000,0.00000500,0.0000,5.8731,814.9719,0.0000,0.9782
207762,218,21,0.1000,0.00000500,0.0000,4.8136,742.5713,0.0000,0.9777
207763,55,12,0.1000,0.00000500,0.0000,4.7823,711.4446,0.0000,0.9896
207764,803,42,0.1000,0.00000500,0.0000,6.5118,763.9992,0.0000,0.9777
207765,823,33,0.1000,0.00000500,0.0000,5.9569,779.3404,0.0000,0.9763
207766,1819,57,0.1000,0.00000500,0.0000,7.1378,799.2119,0.0000,0.9748
207767,314,25,0.1000,0.00000500,0.0000,9.0615,739.9388,0.0000,0.9800
207768,363,21,0.1000,0.00000500,0.0000,5.4084,757.7081,0.0000,0.9762
207769,1386,54,0.1000,0.00000500,0.0000,6.1290,787.6263,0.0000,0.9792
207770,94,15,0.1000,0.00000500,0.0000,5.4197,724.6101,0.0000,0.9812
207771,576,30,0.1000,0.00000500,0.0000,5.9618,769.7127,0.0000,0.9833
207772,518,17,0.1000,0.00000500,0.0000,5.3742,751.9959,0.0000,0.9853
207773,473,27,0.1000,0.00000500,0.0000,5.7996,757.7884,0.0000,0.9826
207774,1860,48,0.1000,0.00000500,0.0000,9.0045,816.7480,0.0000,0.9798
207775,2047,78,0.1000,0.00000500,0.0000,6.0885,783.1199,0.0000,0.9840
207776,911,36,0.1000,0.00000500,0.0000,6.5140,761.4336,0.0000,0.9905
207777,889,48,0.1000,0.00000500,0.0000,6.0942,764.1376,0.0000,0.9779
207778,455,23,0.1000,0.00000500,0.0000,9.5492,762.2913,0.0000,0.9796
207779,2699,87,0.1000,0.00000500,0.0000,7.0386,798.6881,0.0000,0.9777
207780,2503,48,0.1000,0.00000500,0.0000,8.4253,851.6176,0.0000,0.9746
207781,412,27,0.1000,0.00000500,0.0000,9.8947,747.7556,0.0000,0.9838
207782,2783,66,0.1000,0.00000500,0.0000,6.5869,828.3520,0.0000,0.9777
207783,660,27,0.1000,0.00000500,0.0000,5.3570,760.3890,0.0000,0.9861
207784,208,15,0.1000,0.00000500,0.0000,4.6358,737.0488,0.0000,0.9792
207785,987,38,0.1000,0.00000500,0.0000,5.0499,775.3552,0.0000,0.9811
207786,207,21,0.1000,0.00000500,0.0000,7.2530,725.6055,0.0000,0.9777
207787,773,45,0.1000,0.00000500,0.0000,6.1067,755.2377,0.0000,0.9792
207788,2340,51,0.1000,0.00000500,0.0000,8.3156,813.3120,0.0000,0.9877
207789,480,30,0.1000,0.00000500,0.0000,5.7828,748.0475,0.0000,0.9802
207790,501,30,0.1000,0.00000500,0.0000,5.5714,758.7131,0.0000,0.9865
207791,910,42,0.1000,0.00000500,0.0000,7.1622,772.0817,0.0000,0.9762
207792,1320,51,0.1000,0.00000500,0.0000,5.7587,778.3056,0.0000,0.9792
207793,327,27,0.1000,0.00000500,0.0000,5.4871,742.0152,0.0000,0.9803
207794,539,36,0.1000,0.00000500,0.0000,5.9733,746.5542,0.0000,0.9835
207795,904,30,0.1000,0.00000500,0.0000,5.8129,821.6673,0.0000,0.9792
207796,300,24,0.1000,0.00000500,0.0000,5.7605,739.4249,0.0000,0.9766
207797,292,24,0.1000,0.00000500,0.0000,8.1774,734.6127,0.0000,0.9753
207798,1566,51,0.1000,0.00000500,0.0000,6.9343,789.7217,0.0000,0.9841
207799,291,27,0.1000,0.00000500,0.0000,5.4822,729.7231,0.0000,0.9815
207800,229,21,0.1000,0.00000500,0.0000,7.2446,734.0988,0.0000,0.9821
207801,1023,60,0.1000,0.00000500,0.0000,5.5329,751.2383,0.0000,0.9802
207802,104,12,0.1000,0.00000500,0.0000,9.5944,717.3814,0.0000,0.9844
207803,1384,39,0.1000,0.00000500,0.0000,4.4685,798.4924,0.0000,0.9816
207804,3372,81,0.1000,0.00000500,0.0000,5.5483,825.7408,0.0000,0.9792
207805,748,42,0.1000,0.00000500,0.0000,4.1275,751.4790,0.0000,0.9792
207806,475,27,0.1000,0.00000500,0.0000,7.0635,753.4120,0.0000,0.9792
207807,42,9,0.1000,0.00000500,0.0000,5.6982,709.4909,0.0000,0.9896
207808,359,24,0.1000,0.00000500,0.0000,9.6403,748.8609,0.0000,0.9753
207809,460,27,0.1000,0.00000500,0.0000,5.5825,753.1769,0.0000,0.9815
207810,921,51,0.1000,0.00000500,0.0000,6.9567,758.8773,0.0000,0.9810
207811,127,15,0.1000,0.00000500,0.0000,3.9722,721.3746,0.0000,0.9729
207812,1703,71,0.1000,0.00000500,0.0000,4.3670,768.5254,0.0000,0.9820
207813,577,30,0.1000,0.00000500,0.0000,7.4441,752.7512,0.0000,0.9812
207814,1770,65,0.1000,0.00000500,0.0000,6.8884,776.5925,0.0000,0.9798
207815,233,24,0.1000,0.00000500,0.0000,5.7180,723.7344,0.0000,0.9674
207816,712,33,0.1000,0.00000500,0.0000,6.0333,750.7890,0.0000,0.9782
207817,353,24,0.1000,0.00000500,0.0000,6.0040,726.0701,0.0000,0.9831
207818,4394,69,0.1000,0.00000500,0.0000,6.7018,861.3643,0.0000,0.9810
207819,344,27,0.1000,0.00000500,0.0000,6.7477,729.5292,0.0000,0.9780
207820,424,29,0.1000,0.00000500,0.0000,5.3404,743.7499,0.0000,0.9741
207821,772,48,0.1000,0.00000500,0.0000,5.6363,749.2611,0.0000,0.9798
207822,1167,45,0.1000,0.00000500,0.0000,5.6704,778.5218,0.0000,0.9833
207823,918,36,0.1000,0.00000500,0.0000,7.0390,778.9520,0.0000,0.9774
207824,747,39,0.1000,0.00000500,0.0000,5.7364,754.8261,0.0000,0.9856
207825,237,18,0.1000,0.00000500,0.0000,3.8004,738.5232,0.0000,0.9809
207826,456,24,0.1000,0.00000500,0.0000,4.2891,757.7904,0.0000,0.9766
207827,1276,60,0.1000,0.00000500,0.0000,7.4087,757.0876,0.0000,0.9781
207828,247,21,0.1000,0.00000500,0.0000,6.8061,738.8287,0.0000,0.9747
207829,542,30,0.1000,0.00000500,0.0000,5.9166,756.0939,0.0000,0.9875
207830,244,24,0.1000,0.00000500,0.0000,9.7607,723.1605,0.0000,0.9701
207831,858,39,0.1000,0.00000500,0.0000,7.7736,757.0315,0.0000,0.9784
207832,157,15,0.1000,0.00000500,0.0000,6.2812,722.8952,0.0000,0.9833
207833,1049,51,0.1000,0.00000500,0.0000,7.0040,764.5384,0.0000,0.9798
207834,695,33,0.1000,0.00000500,0.0000,7.5785,749.5639,0.0000,0.9830
207835,3955,99,0.1000,0.00000500,0.0000,6.4462,813.5346,0.0000,0.9807
207836,1235,42,0.1000,0.00000500,0.0000,6.0932,774.5952,0.0000,0.9784
207837,1035,30,0.1000,0.00000500,0.0000,7.1401,786.9480,0.0000,0.9823
207838,633,36,0.1000,0.00000500,0.0000,9.3871,746.9728,0.0000,0.9731
207839,1036,45,0.1000,0.00000500,0.0000,6.9648,759.7669,0.0000,0.9785
207840,1124,54,0.1000,0.00000500,0.0000,5.5075,759.7660,0.0000,0.9844
207841,2314,72,0.1000,0.00000500,0.0000,6.0462,781.4418,0.0000,0.9826
207842,2515,53,0.1000,0.00000500,0.0000,5.8436,831.0184,0.0000,0.9829
207843,77,12,0.1000,0.00000500,0.0000,8.6096,687.2724,0.0000,0.9818
207844,1549,51,0.1000,0.00000500,0.0000,8.5477,773.7163,0.0000,0.9786
207845,193,21,0.1000,0.00000500,0.0000,5.8810,726.9041,0.0000,0.9732
207846,541,24,0.1000,0.00000500,0.0000,10.3945,773.0387,0.0000,0.9766
207847,801,32,0.1000,0.00000500,0.0000,6.3019,768.7656,0.0000,0.9795
207848,674,30,0.1000,0.00000500,0.0000,9.3021,765.1061,0.0000,0.9823
207849,2992,57,0.1000,0.00000500,0.0000,6.6650,839.1651,0.0000,0.9764
207850,342,27,0.1000,0.00000500,0.0000,6.6160,732.6299,0.0000,0.9711
207851,1711,63,0.1000,0.00000500,0.0000,5.7158,775.6406,0.0000,0.9816
207852,2655,72,0.1000,0.00000500,0.0000,5.7203,792.2217,0.0000,0.9865
207853,2738,51,0.1000,0.00000500,0.0000,6.2452,840.8718,0.0000,0.9822
207854,47,9,0.1000,0.00000500,0.0000,7.1345,706.2454,0.0000,0.9688
207855,1127,45,0.1000,0.00000500,0.0000,8.0384,770.7985,0.0000,0.9778
207856,402,33,0.1000,0.00000500,0.0000,5.1323,725.2568,0.0000,0.9811
207857,449,24,0.1000,0.00000500,0.0000,9.2553,746.0562,0.0000,0.9753
207858,823,33,0.1000,0.00000500,0.0000,6.1372,766.1983,0.0000,0.9792
207859,1523,39,0.1000,0.00000500,0.0000,6.4242,806.6039,0.0000,0.9800
207860,355,27,0.1000,0.00000500,0.0000,4.8657,750.5510,0.0000,0.9884
207861,3417,75,0.1000,0.00000500,0.0000,6.0988,813.2796,0.0000,0.9833
207862,123,12,0.1000,0.00000500,0.0000,6.6880,711.0410,0.0000,0.9766
207863,3329,63,0.1000,0.00000500,0.0000,6.6184,823.4458,0.0000,0.9812
207864,3528,105,0.1000,0.00000500,0.0000,7.8080,792.0308,0.0000,0.9789
207865,6191,129,0.1000,0.00000500,0.0000,6.6416,820.8577,0.0000,0.9845
207866,293,24,0.1000,0.00000500,0.0000,4.3877,725.9228,0.0000,0.9909
207867,1214,40,0.1000,0.00000500,0.0000,4.6425,791.6250,0.0000,0.9797
207868,1366,44,0.1000,0.00000500,0.0000,6.9980,773.5009,0.0000,0.9830
207869,844,48,0.1000,0.00000500,0.0000,8.4595,747.9307,0.0000,0.9779
207870,331,21,0.1000,0.00000500,0.0000,3.6851,733.8238,0.0000,0.9881
207871,159,15,0.1000,0.00000500,0.0000,5.6913,726.5680,0.0000,0.9833
207872,138,15,0.1000,0.00000500,0.0000,5.7256,711.6891,0.0000,0.9812
207873,257,29,0.1000,0.00000500,0.0000,5.8161,720.0833,0.0000,0.9774
207874,413,30,0.1000,0.00000500,0.0000,5.1187,739.3527,0.0000,0.9833
207875,2892,61,0.1000,0.00000500,0.0000,6.0613,823.6300,0.0000,0.9810
207876,1010,42,0.1000,0.00000500,0.0000,5.1234,752.4593,0.0000,0.9844
207877,2857,63,0.1000,0.00000500,0.0000,5.5308,816.5569,0.0000,0.9777
207878,2738,50,0.1000,0.00000500,0.0000,7.3257,841.8947,0.0000,0.9762
207879,663,27,0.1000,0.00000500,0.0000,7.1672,761.4468,0.0000,0.9803
207880,336,24,0.1000,0.00000500,0.0000,5.7595,732.0036,0.0000,0.9831
207881,844,45,0.1000,0.00000500,0.0000,8.0310,753.7693,0.0000,0.9854
207882,48,9,0.1000,0.00000500,0.0000,7.3598,690.1980,0.0000,0.9896
207883,813,33,0.1000,0.00000500,0.0000,7.1629,760.2191,0.0000,0.9706
207884,370,21,0.1000,0.00000500,0.0000,6.0817,731.0892,0.0000,0.9866
207885,2663,69,0.1000,0.00000500,0.0000,5.5917,796.2425,0.0000,0.9814
207886,619,33,0.1000,0.00000500,0.0000,6.1327,749.2188,0.0000,0.9858
207887,1661,51,0.1000,0.00000500,0.0000,5.4048,792.6221,0.0000,0.9871
207888,548,33,0.1000,0.00000500,0.0000,5.6103,732.9203,0.0000,0.9782
207889,237,21,0.1000,0.00000500,0.0000,7.2881,714.5661,0.0000,0.9658
207890,2721,49,0.1000,0.00000500,0.0000,5.6031,842.3407,0.0000,0.9821
207891,144,21,0.1000,0.00000500,0.0000,5.6057,702.8452,0.0000,0.9851
207892,440,31,0.1000,0.00000500,0.0000,6.0000,740.6093,0.0000,0.9859
207893,241,24,0.1000,0.00000500,0.0000,3.9915,710.6382,0.0000,0.9818
207894,1197,39,0.1000,0.00000500,0.0000,8.0196,788.2656,0.0000,0.9816
207895,893,45,0.1000,0.00000500,0.0000,5.4727,743.0716,0.0000,0.9778
207896,6604,179,0.1000,0.00000500,0.0000,6.6150,796.8585,0.0000,0.9787
207897,3009,72,0.1000,0.00000500,0.0000,6.7437,811.2076,0.0000,0.9813
207898,362,22,0.1000,0.00000500,0.0000,5.5861,733.0074,0.0000,0.9787
207899,122,15,0.1000,0.00000500,0.0000,5.8747,705.3089,0.0000,0.9833
207900,780,36,0.1000,0.00000500,0.0000,6.5494,737.5287,0.0000,0.9757
207901,1045,33,0.1000,0.00000500,0.0000,5.6826,774.7123,0.0000,0.9867
207902,1921,84,0.1000,0.00000500,0.0000,6.6063,763.6765,0.0000,0.9807
207903,269,21,0.1000,0.00000500,0.0000,6.5682,728.0998,0.0000,0.9836
207904,1897,73,0.1000,0.00000500,0.0000,6.4747,767.2620,0.0000,0.9816
207905,60,12,0.1000,0.00000500,0.0000,4.1327,693.6336,0.0000,0.9818
207906,377,21,0.1000,0.00000500,0.0000,9.2203,747.1471,0.0000,0.9717
207907,422,27,0.1000,0.00000500,0.0000,7.5194,743.4544,0.0000,0.9803
207908,1363,42,0.1000,0.00000500,0.0000,8.9524,783.4699,0.0000,0.9740
207909,605,39,0.1000,0.00000500,0.0000,5.7873,729.2635,0.0000,0.9784
207910,370,27,0.1000,0.00000500,0.0000,5.0630,721.1713,0.0000,0.9826
207911,1822,51,0.1000,0.00000500,0.0000,5.8116,785.8798,0.0000,0.9871
207912,766,39,0.1000,0.00000500,0.0000,5.5221,739.4030,0.0000,0.9888
207913,4513,78,0.1000,0.00000500,0.0000,8.0142,837.3643,0.0000,0.9732
207914,379,21,0.1000,0.00000500,0.0000,7.7893,734.5143,0.0000,0.9747
207915,4186,87,0.1000,0.00000500,0.0000,5.7121,817.1961,0.0000,0.9802
207916,1998,57,0.1000,0.00000500,0.0000,7.5029,775.9320,0.0000,0.9825
207917,223,21,0.1000,0.00000500,0.0000,3.1911,722.9455,0.0000,0.9821
207918,533,24,0.1000,0.00000500,0.0000,8.5210,741.7048,0.0000,0.9792
207919,292,19,0.1000,0.00000500,0.0000,4.1331,733.8995,0.0000,0.9819
207920,416,27,0.1000,0.00000500,0.0000,7.0474,743.8163,0.0000,0.9803
207921,6997,147,0.1000,0.00000500,0.0000,5.7006,811.2723,0.0000,0.9830
207922,963,45,0.1000,0.00000500,0.0000,8.3255,742.9195,0.0000,0.9785
207923,348,27,0.1000,0.00000500,0.0000,5.7498,718.7983,0.0000,0.9803
207924,2981,84,0.1000,0.00000500,0.0000,6.5344,777.9208,0.0000,0.9799
207925,1653,60,0.1000,0.00000500,0.0000,5.3782,759.5367,0.0000,0.9807
207926,1008,51,0.1000,0.00000500,0.0000,7.0250,740.0804,0.0000,0.9730
207927,1046,51,0.1000,0.00000500,0.0000,7.8714,738.5239,0.0000,0.9743
207928,794,39,0.1000,0.00000500,0.0000,5.8926,744.7566,0.0000,0.9752
207929,357,27,0.1000,0.00000500,0.0000,7.2506,720.1036,0.0000,0.9769
207930,656,24,0.1000,0.00000500,0.0000,6.7962,759.8194,0.0000,0.9844
207931,457,24,0.1000,0.00000500,0.0000,5.7205,732.3992,0.0000,0.9883
207932,93,15,0.1000,0.00000500,0.0000,7.6558,685.3893,0.0000,0.9792
207933,156,21,0.1000,0.00000500,0.0000,5.1824,708.3539,0.0000,0.9821
207934,1299,45,0.1000,0.00000500,0.0000,5.6276,770.0045,0.0000,0.9847
207935,1108,42,0.1000,0.00000500,0.0000,3.6214,755.2933,0.0000,0.9784
207936,170,15,0.1000,0.00000500,0.0000,4.5736,723.7229,0.0000,0.9833
207937,1495,52,0.1000,0.00000500,0.0000,6.1413,759.5445,0.0000,0.9754
207938,2801,76,0.1000,0.00000500,0.0000,5.8543,791.1116,0.0000,0.9819
207939,634,38,0.1000,0.00000500,0.0000,5.5386,729.4263,0.0000,0.9910
207940,295,21,0.1000,0.00000500,0.0000,3.8564,717.0430,0.0000,0.9821
207941,693,36,0.1000,0.00000500,0.0000,8.9795,736.8366,0.0000,0.9809
207942,407,33,0.1000,0.00000500,0.0000,4.6010,713.3565,0.0000,0.9896
207943,384,30,0.1000,0.00000500,0.0000,4.5349,716.3822,0.0000,0.9865
207944,2513,86,0.1000,0.00000500,0.0000,6.6679,769.2046,0.0000,0.9775
207945,583,36,0.1000,0.00000500,0.0000,9.0253,728.4487,0.0000,0.9722
207946,5780,129,0.1000,0.00000500,0.0000,5.4576,802.5602,0.0000,0.9850
207947,328,24,0.1000,0.00000500,0.0000,3.4828,720.7345,0.0000,0.9792
207948,2156,54,0.1000,0.00000500,0.0000,4.8760,799.0055,0.0000,0.9838
207949,251,21,0.1000,0.00000500,0.0000,8.0228,710.1953,0.0000,0.9821
207950,193,20,0.1000,0.00000500,0.0000,5.7427,698.7920,0.0000,0.9812
207951,670,42,0.1000,0.00000500,0.0000,5.1923,722.9565,0.0000,0.9874
207952,1046,57,0.1000,0.00000500,0.0000,5.6220,733.6159,0.0000,0.9803
207953,3904,108,0.1000,0.00000500,0.0000,6.0730,772.3202,0.0000,0.9786
207954,688,33,0.1000,0.00000500,0.0000,8.6698,743.4586,0.0000,0.9830
207955,442,24,0.1000,0.00000500,0.0000,5.8909,739.0363,0.0000,0.9779
207956,24,6,0.1000,0.00000500,0.0000,7.6653,685.1158,0.0000,0.9844
207957,971,39,0.1000,0.00000500,0.0000,5.8344,749.6573,0.0000,0.9824
207958,119,15,0.1000,0.00000500,0.0000,6.5064,698.8903,0.0000,0.9792
207959,1258,63,0.1000,0.00000500,0.0000,6.7745,732.6078,0.0000,0.9812
207960,1535,51,0.1000,0.00000500,0.0000,6.0558,768.6163,0.0000,0.9792
207961,598,30,0.1000,0.00000500,0.0000,8.5735,742.0028,0.0000,0.9802
207962,696,33,0.1000,0.00000500,0.0000,5.4543,729.8415,0.0000,0.9792
207963,264,21,0.1000,0.00000500,0.0000,5.7346,712.0757,0.0000,0.9851
207964,291,21,0.1000,0.00000500,0.0000,4.2151,715.5574,0.0000,0.9851
207965,1175,45,0.1000,0.00000500,0.0000,5.7542,758.5126,0.0000,0.9771
207966,5911,94,0.1000,0.00000500,0.0000,5.5915,845.2508,0.0000,0.9817
207967,1044,33,0.1000,0.00000500,0.0000,4.9039,757.7333,0.0000,0.9830
207968,3844,66,0.1000,0.00000500,0.0000,5.8083,824.6364,0.0000,0.9820
207969,827,35,0.1000,0.00000500,0.0000,4.0684,740.7930,0.0000,0.9795
207970,5096,87,0.1000,0.00000500,0.0000,5.6127,820.9460,0.0000,0.9838
207971,370,21,0.1000,0.00000500,0.0000,6.2026,723.2002,0.0000,0.9851
207972,569,38,0.1000,0.00000500,0.0000,6.1412,729.5507,0.0000,0.9852
207973,242,21,0.1000,0.00000500,0.0000,6.3510,730.0940,0.0000,0.9777
207974,2575,78,0.1000,0.00000500,0.0000,6.5314,762.0633,0.0000,0.9788
207975,1391,39,0.1000,0.00000500,0.0000,6.1446,769.5492,0.0000,0.9816
207976,537,30,0.1000,0.00000500,0.0000,4.4219,718.1898,0.0000,0.9854
207977,141,15,0.1000,0.00000500,0.0000,12.3413,696.9680,0.0000,0.9708
207978,373,21,0.1000,0.00000500,0.0000,4.9046,724.1568,0.0000,0.9836
207979,1783,48,0.1000,0.00000500,0.0000,5.9285,772.6887,0.0000,0.9792
207980,164,18,0.1000,0.00000500,0.0000,9.2825,693.6954,0.0000,0.9809
207981,1378,42,0.1000,0.00000500,0.0000,7.9726,766.1667,0.0000,0.9792
207982,644,36,0.1000,0.00000500,0.0000,6.0997,725.9270,0.0000,0.9783
207983,245,21,0.1000,0.00000500,0.0000,3.3369,705.6925,0.0000,0.9836
207984,168,17,0.1000,0.00000500,0.0000,5.0559,698.9548,0.0000,0.9853
207985,41,7,0.1000,0.00000500,0.0000,7.5035,676.4092,0.0000,0.9732
207986,218,15,0.1000,0.00000500,0.0000,5.3035,711.2026,0.0000,0.9812
207987,496,30,0.1000,0.00000500,0.0000,6.7146,721.5457,0.0000,0.9854
207988,2297,48,0.1000,0.00000500,0.0000,9.4817,802.5376,0.0000,0.9746
207989,142,18,0.1000,0.00000500,0.0000,6.8067,705.2825,0.0000,0.9861
207990,1362,45,0.1000,0.00000500,0.0000,6.8911,752.8436,0.0000,0.9792
207991,652,41,0.1000,0.00000500,0.0000,5.4000,716.8993,0.0000,0.9886
207992,1317,45,0.1000,0.00000500,0.0000,5.0043,769.6330,0.0000,0.9778
207993,129,15,0.1000,0.00000500,0.0000,7.5913,696.6031,0.0000,0.9875
207994,457,21,0.1000,0.00000500,0.0000,4.6382,728.4620,0.0000,0.9821
207995,2417,66,0.1000,0.00000500,0.0000,6.8148,784.5532,0.0000,0.9811
207996,600,29,0.1000,0.00000500,0.0000,3.6806,731.9004,0.0000,0.9881
207997,1175,51,0.1000,0.00000500,0.0000,5.4596,732.8072,0.0000,0.9779
207998,2217,72,0.1000,0.00000500,0.0000,5.9403,764.3688,0.0000,0.9839
207999,65,8,0.1000,0.00000500,0.0000,6.3435,679.9973,0.0000,0.9727
208000,242,21,0.1000,0.00000500,0.0000,7.2825,698.1388,0.0000,0.9792
208001,223,21,0.1000,0.00000500,0.0000,6.0049,713.1530,0.0000,0.9821
208002,612,30,0.1000,0.00000500,0.0000,5.9983,720.7820,0.0000,0.9865
208003,2528,63,0.1000,0.00000500,0.0000,6.0740,770.6128,0.0000,0.9772
208004,3401,93,0.1000,0.00000500,0.0000,4.3567,778.0268,0.0000,0.9812
208005,1974,75,0.1000,0.00000500,0.0000,6.6901,744.1741,0.0000,0.9796
208006,489,39,0.1000,0.00000500,0.0000,6.5735,702.0395,0.0000,0.9824
208007,209,18,0.1000,0.00000500,0.0000,6.7898,706.4480,0.0000,0.9792
208008,79,12,0.1000,0.00000500,0.0000,7.1629,681.7532,0.0000,0.9740
208009,408,27,0.1000,0.00000500,0.0000,8.0821,712.1081,0.0000,0.9861
208010,2754,63,0.1000,0.00000500,0.0000,4.9512,789.8627,0.0000,0.9836
208011,601,41,0.1000,0.00000500,0.0000,6.9364,717.5682,0.0000,0.9817
208012,100,15,0.1000,0.00000500,0.0000,2.4670,687.3070,0.0000,0.9729
208013,236,18,0.1000,0.00000500,0.0000,5.8187,709.6286,0.0000,0.9792
208014,133,15,0.1000,0.00000500,0.0000,8.1582,688.3968,0.0000,0.9688
208015,919,42,0.1000,0.00000500,0.0000,6.6795,747.2446,0.0000,0.9725
208016,1891,45,0.1000,0.00000500,0.0000,6.2911,792.0090,0.0000,0.9799
208017,159,17,0.1000,0.00000500,0.0000,3.8668,691.0901,0.0000,0.9871
208018,664,27,0.1000,0.00000500,0.0000,6.2980,739.2509,0.0000,0.9873
208019,152,15,0.1000,0.00000500,0.0000,7.1748,692.1638,0.0000,0.9812
208020,406,27,0.1000,0.00000500,0.0000,6.1405,717.4928,0.0000,0.9815
208021,381,27,0.1000,0.00000500,0.0000,5.8811,712.5423,0.0000,0.9780
208022,3727,54,0.1000,0.00000500,0.0000,6.5074,835.3482,0.0000,0.9797
208023,221,18,0.1000,0.00000500,0.0000,5.4033,703.1571,0.0000,0.9757
208024,139,17,0.1000,0.00000500,0.0000,6.4846,687.3502,0.0000,0.9835
208025,125,15,0.1000,0.00000500,0.0000,4.1452,684.0007,0.0000,0.9875
208026,875,51,0.1000,0.00000500,0.0000,6.3141,725.2592,0.0000,0.9816
208027,1383,43,0.1000,0.00000500,0.0000,5.8272,762.8946,0.0000,0.9891
208028,2704,84,0.1000,0.00000500,0.0000,6.8831,767.2201,0.0000,0.9784
208029,348,18,0.1000,0.00000500,0.0000,6.1035,706.0980,0.0000,0.9826
208030,416,27,0.1000,0.00000500,0.0000,5.6243,723.4109,0.0000,0.9850
208031,1609,48,0.1000,0.00000500,0.0000,5.9088,763.1741,0.0000,0.9831
208032,203,21,0.1000,0.00000500,0.0000,9.5206,692.1991,0.0000,0.9836
208033,78,12,0.1000,0.00000500,0.0000,2.8938,680.4279,0.0000,0.9766
208034,369,21,0.1000,0.00000500,0.0000,8.5202,719.9662,0.0000,0.9807
208035,1818,45,0.1000,0.00000500,0.0000,7.5986,780.1904,0.0000,0.9771
208036,579,30,0.1000,0.00000500,0.0000,4.4081,717.0195,0.0000,0.9865
208037,309,23,0.1000,0.00000500,0.0000,5.5121,711.0435,0.0000,0.9769
208038,650,40,0.1000,0.00000500,0.0000,5.5920,717.8904,0.0000,0.9820
208039,803,42,0.1000,0.00000500,0.0000,7.4090,724.9682,0.0000,0.9732
208040,542,45,0.1000,0.00000500,0.0000,6.7061,700.6476,0.0000,0.9792
208041,447,28,0.1000,0.00000500,0.0000,7.1220,719.6285,0.0000,0.9810
208042,251,24,0.1000,0.00000500,0.0000,6.6672,699.1239,0.0000,0.9818
208043,294,20,0.1000,0.00000500,0.0000,9.4751,707.4110,0.0000,0.9812
208044,414,24,0.1000,0.00000500,0.0000,8.8355,709.1984,0.0000,0.9727
208045,77,12,0.1000,0.00000500,0.0000,7.7687,676.7413,0.0000,0.9766
208046,382,21,0.1000,0.00000500,0.0000,4.1220,716.3529,0.0000,0.9851
208047,515,30,0.1000,0.00000500,0.0000,6.0172,716.3636,0.0000,0.9865
208048,1809,63,0.1000,0.00000500,0.0000,5.0019,752.5674,0.0000,0.9807
208049,405,24,0.1000,0.00000500,0.0000,5.1330,712.1205,0.0000,0.9805
208050,4755,96,0.1000,0.00000500,0.0000,6.7083,804.7301,0.0000,0.9837
208051,357,18,0.1000,0.00000500,0.0000,7.9086,713.3033,0.0000,0.9792
208052,970,45,0.1000,0.00000500,0.0000,4.9435,727.9761,0.0000,0.9833
208053,118,15,0.1000,0.00000500,0.0000,7.1958,679.8292,0.0000,0.9812
208054,1820,48,0.1000,0.00000500,0.0000,5.2851,761.3599,0.0000,0.9805
208055,227,18,0.1000,0.00000500,0.0000,10.4972,702.3430,0.0000,0.9774
208056,1483,66,0.1000,0.00000500,0.0000,6.2737,729.8422,0.0000,0.9848
208057,284,18,0.1000,0.00000500,0.0000,4.4398,706.8760,0.0000,0.9896
208058,920,40,0.1000,0.00000500,0.0000,5.6779,729.1864,0.0000,0.9719
208059,7351,81,0.1000,0.00000500,0.0000,7.4601,868.5796,0.0000,0.9776
208060,1703,45,0.1000,0.00000500,0.0000,6.3164,770.9934,0.0000,0.9826
208061,86,14,0.1000,0.00000500,0.0000,6.6553,676.6408,0.0000,0.9777
208062,267,25,0.1000,0.00000500,0.0000,6.6084,701.1925,0.0000,0.9850
208063,1047,33,0.1000,0.00000500,0.0000,9.2626,765.9398,0.0000,0.9801
208064,678,33,0.1000,0.00000500,0.0000,7.5129,710.5574,0.0000,0.9801
208065,33,9,0.1000,0.00000500,0.0000,6.1036,662.6104,0.0000,0.9861
208066,119,18,0.1000,0.00000500,0.0000,6.1379,677.1499,0.0000,0.9809
208067,2419,45,0.1000,0.00000500,0.0000,7.2475,787.8120,0.0000,0.9743
208068,49,9,0.1000,0.00000500,0.0000,3.8764,678.4316,0.0000,0.9826
208069,208,21,0.1000,0.00000500,0.0000,6.7193,696.1621,0.0000,0.9792
208070,593,30,0.1000,0.00000500,0.0000,6.2612,717.4284,0.0000,0.9740
208071,340,30,0.1000,0.00000500,0.0000,6.4866,693.1423,0.0000,0.9781
208072,259,24,0.1000,0.00000500,0.0000,6.4081,693.9730,0.0000,0.9792
208073,5507,131,0.1000,0.00000500,0.0000,6.9906,776.5019,0.0000,0.9790
208074,1239,48,0.1000,0.00000500,0.0000,6.6342,746.5839,0.0000,0.9759
208075,336,24,0.1000,0.00000500,0.0000,5.5868,705.0278,0.0000,0.9818
208076,1601,78,0.1000,0.00000500,0.0000,6.2797,721.1001,0.0000,0.9832
208077,2002,72,0.1000,0.00000500,0.0000,5.5375,747.3275,0.0000,0.9792
208078,1831,51,0.1000,0.00000500,0.0000,7.3516,757.1267,0.0000,0.9816
208079,911,33,0.1000,0.00000500,0.0000,8.7233,732.9303,0.0000,0.9688
208080,2780,90,0.1000,0.00000500,0.0000,7.0426,749.8622,0.0000,0.9806
208081,2124,51,0.1000,0.00000500,0.0000,5.0897,775.7788,0.0000,0.9798
208082,818,45,0.1000,0.00000500,0.0000,5.8649,721.3741,0.0000,0.9799
208083,734,36,0.1000,0.00000500,0.0000,5.0659,717.6146,0.0000,0.9809
208084,574,36,0.1000,0.00000500,0.0000,5.0454,705.3924,0.0000,0.9861
208085,192,15,0.1000,0.00000500,0.0000,5.5715,698.3871,0.0000,0.9854
208086,291,21,0.1000,0.00000500,0.0000,8.1348,704.1968,0.0000,0.9807
208087,591,33,0.1000,0.00000500,0.0000,5.3116,706.0601,0.0000,0.9848
208088,293,21,0.1000,0.00000500,0.0000,2.9873,688.0347,0.0000,0.9836
208089,2618,59,0.1000,0.00000500,0.0000,4.7840,790.5782,0.0000,0.9820
208090,117,14,0.1000,0.00000500,0.0000,8.6003,684.1850,0.0000,0.9688
208091,1691,53,0.1000,0.00000500,0.0000,6.5679,751.1593,0.0000,0.9805
208092,4629,105,0.1000,0.00000500,0.0000,5.7308,777.1686,0.0000,0.9833
208093,188,24,0.1000,0.00000500,0.0000,5.9814,676.8691,0.0000,0.9831
208094,310,27,0.1000,0.00000500,0.0000,6.1466,690.5916,0.0000,0.9826
208095,912,33,0.1000,0.00000500,0.0000,7.6515,749.7163,0.0000,0.9792
208096,1107,42,0.1000,0.00000500,0.0000,6.6437,738.7288,0.0000,0.9829
208097,605,30,0.1000,0.00000500,0.0000,5.0323,720.4075,0.0000,0.9823
208098,418,27,0.1000,0.00000500,0.0000,6.7995,694.5470,0.0000,0.9838
208099,671,30,0.1000,0.00000500,0.0000,4.4678,720.5353,0.0000,0.9865
208100,692,42,0.1000,0.00000500,0.0000,5.8745,706.2843,0.0000,0.9844
208101,43,9,0.1000,0.00000500,0.0000,2.8648,663.3665,0.0000,0.9826
208102,917,43,0.1000,0.00000500,0.0000,5.2312,722.8434,0.0000,0.9826
208103,534,33,0.1000,0.00000500,0.0000,5.7933,703.5693,0.0000,0.9763
208104,456,23,0.1000,0.00000500,0.0000,5.5426,717.8948,0.0000,0.9810
208105,909,32,0.1000,0.00000500,0.0000,5.4154,734.2692,0.0000,0.9805
208106,229,21,0.1000,0.00000500,0.0000,5.4746,700.2828,0.0000,0.9836
208107,2323,48,0.1000,0.00000500,0.0000,8.5377,781.4352,0.0000,0.9785
208108,473,33,0.1000,0.00000500,0.0000,6.4532,695.6634,0.0000,0.9811
208109,1526,39,0.1000,0.00000500,0.0000,6.4392,764.8145,0.0000,0.9736
208110,43,9,0.1000,0.00000500,0.0000,8.7030,657.6962,0.0000,0.9757
208111,999,45,0.1000,0.00000500,0.0000,5.1285,727.1515,0.0000,0.9792
208112,2385,63,0.1000,0.00000500,0.0000,5.7465,761.2224,0.0000,0.9821
208113,4202,78,0.1000,0.00000500,0.0000,7.3354,794.7495,0.0000,0.9744
208114,356,30,0.1000,0.00000500,0.0000,5.5278,700.3582,0.0000,0.9760
208115,3170,87,0.1000,0.00000500,0.0000,7.5106,760.1413,0.0000,0.9792
208116,4637,78,0.1000,0.00000500,0.0000,5.2055,815.0706,0.0000,0.9808
208117,45,9,0.1000,0.00000500,0.0000,3.9869,667.3430,0.0000,0.9757
208118,2186,68,0.1000,0.00000500,0.0000,4.0608,738.1259,0.0000,0.9816
208119,171,18,0.1000,0.00000500,0.0000,7.5212,685.4920,0.0000,0.9740
208120,8562,90,0.1000,0.00000500,0.0000,5.7882,868.7827,0.0000,0.9819
208121,934,46,0.1000,0.00000500,0.0000,7.7911,712.8846,0.0000,0.9749
208122,198,18,0.1000,0.00000500,0.0000,5.1864,677.2507,0.0000,0.9878
208123,716,33,0.1000,0.00000500,0.0000,5.8760,718.7984,0.0000,0.9782
208124,311,24,0.1000,0.00000500,0.0000,6.7713,691.2941,0.0000,0.9701
208125,1917,42,0.1000,0.00000500,0.0000,5.8248,771.1840,0.0000,0.9844
208126,2974,82,0.1000,0.00000500,0.0000,6.4140,758.8514,0.0000,0.9809
208127,213,21,0.1000,0.00000500,0.0000,5.4034,682.6413,0.0000,0.9851
208128,687,33,0.1000,0.00000500,0.0000,6.4419,717.4277,0.0000,0.9801
208129,679,34,0.1000,0.00000500,0.0000,6.6253,707.1742,0.0000,0.9733
208130,2009,69,0.1000,0.00000500,0.0000,6.3621,735.4580,0.0000,0.9774
208131,13022,129,0.1000,0.00000500,0.0000,6.4801,865.0243,0.0000,0.9772
208132,368,27,0.1000,0.00000500,0.0000,6.8135,702.7715,0.0000,0.9838
208133,366,21,0.1000,0.00000500,0.0000,6.9235,704.4337,0.0000,0.9807
208134,310,21,0.1000,0.00000500,0.0000,7.5667,701.8437,0.0000,0.9792
208135,178,15,0.1000,0.00000500,0.0000,9.1663,693.1918,0.0000,0.9708
208136,926,33,0.1000,0.00000500,0.0000,7.5436,729.2363,0.0000,0.9839
208137,364,24,0.1000,0.00000500,0.0000,5.0913,702.0218,0.0000,0.9753
208138,4348,108,0.1000,0.00000500,0.0000,6.5017,766.2841,0.0000,0.9809
208139,165,15,0.1000,0.00000500,0.0000,3.7436,686.3609,0.0000,0.9854
208140,1153,48,0.1000,0.00000500,0.0000,6.3013,727.6660,0.0000,0.9733
208141,200,23,0.1000,0.00000500,0.0000,4.9837,681.4077,0.0000,0.9851
208142,260,24,0.1000,0.00000500,0.0000,4.7991,686.8291,0.0000,0.9857
208143,4619,123,0.1000,0.00000500,0.0000,6.1731,755.1570,0.0000,0.9804
208144,326,27,0.1000,0.00000500,0.0000,4.7467,685.7728,0.0000,0.9792
208145,484,32,0.1000,0.00000500,0.0000,4.4865,688.5693,0.0000,0.9844
208146,979,42,0.1000,0.00000500,0.0000,6.4229,724.6903,0.0000,0.9799
208147,863,45,0.1000,0.00000500,0.0000,4.5296,711.1111,0.0000,0.9785
208148,158,18,0.1000,0.00000500,0.0000,9.7101,666.6694,0.0000,0.9792
208149,1224,39,0.1000,0.00000500,0.0000,5.8178,741.0840,0.0000,0.9824
208150,82,13,0.1000,0.00000500,0.0000,6.2713,664.8192,0.0000,0.9736
208151,163,15,0.1000,0.00000500,0.0000,4.2325,680.3320,0.0000,0.9833
208152,457,24,0.1000,0.00000500,0.0000,4.5319,714.1439,0.0000,0.9688
208153,118,15,0.1000,0.00000500,0.0000,8.4923,665.7536,0.0000,0.9729
208154,768,27,0.1000,0.00000500,0.0000,6.3323,723.9553,0.0000,0.9780
208155,899,29,0.1000,0.00000500,0.0000,5.7273,748.3157,0.0000,0.9860
208156,52,12,0.1000,0.00000500,0.0000,5.3502,657.4489,0.0000,0.9714
208157,559,30,0.1000,0.00000500,0.0000,3.9786,714.6662,0.0000,0.9875
208158,344,24,0.1000,0.00000500,0.0000,4.3804,692.3322,0.0000,0.9792
208159,78,12,0.1000,0.00000500,0.0000,3.1875,670.7463,0.0000,0.9870
208160,68,12,0.1000,0.00000500,0.0000,8.6272,653.7685,0.0000,0.9818
208161,679,30,0.1000,0.00000500,0.0000,6.0994,715.1696,0.0000,0.9781
208162,131,15,0.1000,0.00000500,0.0000,3.5544,667.8731,0.0000,0.9833
208163,215,15,0.1000,0.00000500,0.0000,5.0722,685.4302,0.0000,0.9875
208164,231,24,0.1000,0.00000500,0.0000,6.8988,674.3017,0.0000,0.9805
208165,272,27,0.1000,0.00000500,0.0000,5.0946,672.9306,0.0000,0.9769
208166,458,33,0.1000,0.00000500,0.0000,6.5614,686.7545,0.0000,0.9792
208167,4388,116,0.1000,0.00000500,0.0000,7.3209,760.1741,0.0000,0.9766
208168,240,24,0.1000,0.00000500,0.0000,6.2264,674.9328,0.0000,0.9766
208169,184,18,0.1000,0.00000500,0.0000,5.1484,677.1444,0.0000,0.9861
208170,780,39,0.1000,0.00000500,0.0000,5.6637,712.1996,0.0000,0.9800
208171,775,27,0.1000,0.00000500,0.0000,6.2825,734.5828,0.0000,0.9769
208172,574,27,0.1000,0.00000500,0.0000,10.5479,705.0996,0.0000,0.9688
208173,169,19,0.1000,0.00000500,0.0000,6.4987,671.2970,0.0000,0.9704
208174,2310,72,0.1000,0.00000500,0.0000,5.5916,750.4433,0.0000,0.9783
208175,165,17,0.1000,0.00000500,0.0000,5.3686,682.8771,0.0000,0.9853
208176,94,12,0.1000,0.00000500,0.0000,5.2056,663.8951,0.0000,0.9792
208177,502,30,0.1000,0.00000500,0.0000,6.3371,698.7659,0.0000,0.9729
208178,1541,50,0.1000,0.00000500,0.0000,5.9472,742.1966,0.0000,0.9806
208179,760,39,0.1000,0.00000500,0.0000,6.5383,702.3961,0.0000,0.9784
208180,44,12,0.1000,0.00000500,0.0000,3.5960,659.6581,0.0000,0.9792
208181,508,30,0.1000,0.00000500,0.0000,5.1374,699.3937,0.0000,0.9792
208182,279,18,0.1000,0.00000500,0.0000,5.0863,686.3488,0.0000,0.9861
208183,299,24,0.1000,0.00000500,0.0000,4.6587,675.8848,0.0000,0.9779
208184,1069,51,0.1000,0.00000500,0.0000,5.2745,714.2883,0.0000,0.9835
208185,823,33,0.1000,0.00000500,0.0000,7.5460,725.1119,0.0000,0.9782
208186,13084,147,0.1000,0.00000500,0.0000,6.7182,842.2245,0.0000,0.9794
208187,554,23,0.1000,0.00000500,0.0000,7.9625,713.8968,0.0000,0.9864
208188,1705,54,0.1000,0.00000500,0.0000,4.5760,724.9279,0.0000,0.9763
208189,73,9,0.1000,0.00000500,0.0000,8.3289,656.9390,0.0000,0.9792
208190,545,24,0.1000,0.00000500,0.0000,4.4173,706.8406,0.0000,0.9857
208191,2076,45,0.1000,0.00000500,0.0000,8.8235,782.8128,0.0000,0.9764
208192,163,15,0.1000,0.00000500,0.0000,6.0226,676.0222,0.0000,0.9812
208193,1183,36,0.1000,0.00000500,0.0000,4.5685,738.5259,0.0000,0.9818
208194,1755,57,0.1000,0.00000500,0.0000,6.6008,735.4398,0.0000,0.9775
208195,1331,48,0.1000,0.00000500,0.0000,6.3272,730.7145,0.0000,0.9805
208196,902,30,0.1000,0.00000500,0.0000,5.7748,732.5397,0.0000,0.9760
208197,2294,63,0.1000,0.00000500,0.0000,4.8802,746.2436,0.0000,0.9836
208198,3129,108,0.1000,0.00000500,0.0000,6.5733,729.5284,0.0000,0.9806
208199,555,27,0.1000,0.00000500,0.0000,5.0899,708.6050,0.0000,0.9803
208200,560,30,0.1000,0.00000500,0.0000,5.5960,703.0472,0.0000,0.9854
208201,1351,69,0.1000,0.00000500,0.0000,8.8356,706.3846,0.0000,0.9737
208202,2129,85,0.1000,0.00000500,0.0000,6.8464,716.7478,0.0000,0.9798
208203,529,33,0.1000,0.00000500,0.0000,6.9724,688.3605,0.0000,0.9830
208204,317,24,0.1000,0.00000500,0.0000,3.9810,683.2645,0.0000,0.9909
208205,653,26,0.1000,0.00000500,0.0000,6.2901,719.0793,0.0000,0.9760
208206,42,9,0.1000,0.00000500,0.0000,6.5428,646.1154,0.0000,0.9826
208207,471,30,0.1000,0.00000500,0.0000,5.2498,700.5602,0.0000,0.9906
208208,2206,72,0.1000,0.00000500,0.0000,6.8424,732.6340,0.0000,0.9818
208209,1106,54,0.1000,0.00000500,0.0000,8.7766,702.3818,0.0000,0.9757
208210,1356,36,0.1000,0.00000500,0.0000,6.8190,753.7761,0.0000,0.9800
208211,9375,93,0.1000,0.00000500,0.0000,6.2704,871.0823,0.0000,0.9788
208212,122,16,0.1000,0.00000500,0.0000,8.3769,671.9938,0.0000,0.9766
208213,224,18,0.1000,0.00000500,0.0000,6.6427,677.6694,0.0000,0.9757
208214,129,12,0.1000,0.00000500,0.0000,3.9783,672.6349,0.0000,0.9792
208215,35,9,0.1000,0.00000500,0.0000,5.5227,647.0733,0.0000,0.9826
208216,1249,39,0.1000,0.00000500,0.0000,6.3689,747.1279,0.0000,0.9864
208217,1436,57,0.1000,0.00000500,0.0000,6.6959,722.7543,0.0000,0.9797
208218,1276,45,0.1000,0.00000500,0.0000,7.5266,713.6902,0.0000,0.9764
208219,53,11,0.1000,0.00000500,0.0000,6.7223,652.9140,0.0000,0.9915
208220,323,27,0.1000,0.00000500,0.0000,5.7203,688.3216,0.0000,0.9850
208221,1149,51,0.1000,0.00000500,0.0000,5.5824,705.6090,0.0000,0.9865
208222,1394,48,0.1000,0.00000500,0.0000,6.2461,726.0317,0.0000,0.9811
208223,249,21,0.1000,0.00000500,0.0000,4.3866,681.9282,0.0000,0.9896
208224,1289,57,0.1000,0.00000500,0.0000,7.0679,706.1325,0.0000,0.9792
208225,872,36,0.1000,0.00000500,0.0000,6.0029,705.9594,0.0000,0.9809
208226,552,36,0.1000,0.00000500,0.0000,5.8816,686.1318,0.0000,0.9800
208227,99,15,0.1000,0.00000500,0.0000,3.5081,662.8479,0.0000,0.9875
208228,43,9,0.1000,0.00000500,0.0000,4.1072,664.9877,0.0000,0.9896
208229,3244,75,0.1000,0.00000500,0.0000,4.2085,763.9738,0.0000,0.9812
208230,26,6,0.1000,0.00000500,0.0000,7.0901,647.7019,0.0000,0.9844
208231,460,30,0.1000,0.00000500,0.0000,5.8277,692.7118,0.0000,0.9781
208232,1037,30,0.1000,0.00000500,0.0000,4.9618,739.5566,0.0000,0.9771
208233,1249,41,0.1000,0.00000500,0.0000,4.7388,738.2282,0.0000,0.9779
208234,330,27,0.1000,0.00000500,0.0000,3.9242,674.7461,0.0000,0.9815
208235,1275,39,0.1000,0.00000500,0.0000,7.0489,735.4212,0.0000,0.9832
208236,269,22,0.1000,0.00000500,0.0000,3.8259,673.0493,0.0000,0.9844
208237,415,30,0.1000,0.00000500,0.0000,5.3282,687.1852,0.0000,0.9833
208238,105,15,0.1000,0.00000500,0.0000,6.4586,656.7102,0.0000,0.9812
208239,218,17,0.1000,0.00000500,0.0000,9.8045,675.5505,0.0000,0.9743
208240,119,15,0.1000,0.00000500,0.0000,4.4964,663.8539,0.0000,0.9792
208241,33,9,0.1000,0.00000500,0.0000,3.2456,640.4608,0.0000,0.9757
208242,1394,51,0.1000,0.00000500,0.0000,7.0591,721.6555,0.0000,0.9761
208243,966,41,0.1000,0.00000500,0.0000,5.6910,710.6537,0.0000,0.9825
208244,1344,48,0.1000,0.00000500,0.0000,6.0185,720.2276,0.0000,0.9818
208245,780,30,0.1000,0.00000500,0.0000,5.7660,712.7810,0.0000,0.9802
208246,798,36,0.1000,0.00000500,0.0000,7.6436,712.3293,0.0000,0.9800
208247,5065,138,0.1000,0.00000500,0.0000,7.1635,747.6461,0.0000,0.9814
208248,134,15,0.1000,0.00000500,0.0000,9.7292,661.0679,0.0000,0.9646
208249,1041,33,0.1000,0.00000500,0.0000,5.4847,730.5203,0.0000,0.9848
208250,696,39,0.1000,0.00000500,0.0000,4.9762,698.1559,0.0000,0.9792
208251,54,12,0.1000,0.00000500,0.0000,7.4563,651.5299,0.0000,0.9714
208252,65,9,0.1000,0.00000500,0.0000,6.2230,651.6500,0.0000,0.9792
208253,49,9,0.1000,0.00000500,0.0000,6.1881,644.3819,0.0000,0.9653
208254,572,30,0.1000,0.00000500,0.0000,4.5532,697.5862,0.0000,0.9865
208255,380,33,0.1000,0.00000500,0.0000,5.2488,676.5466,0.0000,0.9820
208256,361,30,0.1000,0.00000500,0.0000,7.4343,673.6004,0.0000,0.9792
208257,1669,41,0.1000,0.00000500,0.0000,4.4969,785.1559,0.0000,0.9817
208258,826,36,0.1000,0.00000500,0.0000,7.1209,709.6511,0.0000,0.9748
208259,118,15,0.1000,0.00000500,0.0000,3.7847,656.5012,0.0000,0.9854
208260,1590,63,0.1000,0.00000500,0.0000,5.3241,719.5007,0.0000,0.9772
208261,863,33,0.1000,0.00000500,0.0000,7.4299,719.9877,0.0000,0.9811
208262,1390,42,0.1000,0.00000500,0.0000,5.5548,741.4442,0.0000,0.9851
208263,2937,75,0.1000,0.00000500,0.0000,5.6207,757.0649,0.0000,0.9783
208264,498,24,0.1000,0.00000500,0.0000,4.2154,697.2912,0.0000,0.9753
208265,6293,72,0.1000,0.00000500,0.0000,5.7687,846.2577,0.0000,0.9835
208266,344,27,0.1000,0.00000500,0.0000,6.3622,675.4224,0.0000,0.9826
208267,3386,72,0.1000,0.00000500,0.0000,6.1465,765.2900,0.0000,0.9852
208268,596,33,0.1000,0.00000500,0.0000,6.9553,702.0157,0.0000,0.9820
208269,304,21,0.1000,0.00000500,0.0000,4.8385,668.9887,0.0000,0.9866
208270,926,33,0.1000,0.00000500,0.0000,6.2702,734.6496,0.0000,0.9744
208271,376,28,0.1000,0.00000500,0.0000,7.2476,674.7989,0.0000,0.9844
208272,681,30,0.1000,0.00000500,0.0000,7.3463,700.7883,0.0000,0.9781
208273,262,21,0.1000,0.00000500,0.0000,6.9721,674.4916,0.0000,0.9792
208274,1096,51,0.1000,0.00000500,0.0000,5.8540,708.5331,0.0000,0.9792
208275,33,6,0.1000,0.00000500,0.0000,7.4730,648.2764,0.0000,0.9896
208276,814,45,0.1000,0.00000500,0.0000,5.3053,695.6657,0.0000,0.9799
208277,1266,47,0.1000,0.00000500,0.0000,4.8412,722.2100,0.0000,0.9820
208278,803,36,0.1000,0.00000500,0.0000,6.6750,701.4325,0.0000,0.9800
208279,1305,42,0.1000,0.00000500,0.0000,6.1321,731.8423,0.0000,0.9717
208280,580,30,0.1000,0.00000500,0.0000,6.6985,696.4518,0.0000,0.9750
208281,760,27,0.1000,0.00000500,0.0000,5.2209,707.1910,0.0000,0.9850
208282,641,42,0.1000,0.00000500,0.0000,4.9387,688.9361,0.0000,0.9777
208283,1086,33,0.1000,0.00000500,0.0000,7.3185,704.1210,0.0000,0.9792
208284,774,36,0.1000,0.00000500,0.0000,5.6956,698.8864,0.0000,0.9870
208285,2265,60,0.1000,0.00000500,0.0000,6.1703,753.8238,0.0000,0.9750
208286,1900,47,0.1000,0.00000500,0.0000,7.5723,762.7888,0.0000,0.9721
208287,58,12,0.1000,0.00000500,0.0000,6.9829,654.0057,0.0000,0.9714
208288,1275,51,0.1000,0.00000500,0.0000,4.6423,721.6371,0.0000,0.9816
208289,372,21,0.1000,0.00000500,0.0000,4.0501,699.9855,0.0000,0.9807
208290,209,18,0.1000,0.00000500,0.0000,6.0977,667.7608,0.0000,0.9809
208291,82,12,0.1000,0.00000500,0.0000,5.9065,661.7688,0.0000,0.9688
208292,3833,120,0.1000,0.00000500,0.0000,6.2152,730.6329,0.0000,0.9805
208293,2416,81,0.1000,0.00000500,0.0000,7.4121,724.0825,0.0000,0.9803
208294,744,33,0.1000,0.00000500,0.0000,5.0606,698.1437,0.0000,0.9867
208295,783,42,0.1000,0.00000500,0.0000,5.2219,693.7119,0.0000,0.9836
208296,58,12,0.1000,0.00000500,0.0000,5.5477,639.5089,0.0000,0.9922
208297,1149,51,0.1000,0.00000500,0.0000,8.2463,702.9354,0.0000,0.9724
208298,2833,93,0.1000,0.00000500,0.0000,7.4171,728.4923,0.0000,0.9761
208299,4443,102,0.1000,0.00000500,0.0000,6.1611,763.2131,0.0000,0.9767
208300,483,39,0.1000,0.00000500,0.0000,5.8361,673.9705,0.0000,0.9800
208301,789,32,0.1000,0.00000500,0.0000,7.4996,729.3344,0.0000,0.9795
208302,3548,66,0.1000,0.00000500,0.0000,5.9365,777.5346,0.0000,0.9801
208303,1939,54,0.1000,0.00000500,0.0000,6.4343,743.7005,0.0000,0.9838
208304,284,18,0.1000,0.00000500,0.0000,5.4603,670.6834,0.0000,0.9774
208305,961,39,0.1000,0.00000500,0.0000,6.5320,713.6702,0.0000,0.9856
208306,303,20,0.1000,0.00000500,0.0000,6.1484,667.7206,0.0000,0.9891
208307,929,33,0.1000,0.00000500,0.0000,6.9569,716.2480,0.0000,0.9848
208308,294,21,0.1000,0.00000500,0.0000,3.5842,685.8098,0.0000,0.9821
208309,246,21,0.1000,0.00000500,0.0000,6.0918,670.7336,0.0000,0.9747
208310,3005,99,0.1000,0.00000500,0.0000,5.6142,721.8729,0.0000,0.9811
208311,79,12,0.1000,0.00000500,0.0000,3.9671,648.1862,0.0000,0.9792
208312,625,39,0.1000,0.00000500,0.0000,5.1491,685.3111,0.0000,0.9784
208313,1035,39,0.1000,0.00000500,0.0000,6.4724,703.7730,0.0000,0.9784
208314,2395,63,0.1000,0.00000500,0.0000,5.9074,739.4272,0.0000,0.9792
208315,846,36,0.1000,0.00000500,0.0000,5.5486,700.4089,0.0000,0.9826
208316,583,30,0.1000,0.00000500,0.0000,5.0074,692.7045,0.0000,0.9812
208317,24,6,0.1000,0.00000500,0.0000,11.6318,635.5364,0.0000,0.9844
208318,1283,54,0.1000,0.00000500,0.0000,6.0042,701.2253,0.0000,0.9809
208319,231,18,0.1000,0.00000500,0.0000,3.3667,665.1377,0.0000,0.9861
208320,1143,54,0.1000,0.00000500,0.0000,7.2495,693.0845,0.0000,0.9774
208321,5937,108,0.1000,0.00000500,0.0000,6.8740,773.2281,0.0000,0.9803
208322,904,30,0.1000,0.00000500,0.0000,5.5995,721.4227,0.0000,0.9812
208323,737,33,0.1000,0.00000500,0.0000,6.5461,692.1147,0.0000,0.9848
208324,299,25,0.1000,0.00000500,0.0000,7.7981,671.1180,0.0000,0.9750
208325,7529,98,0.1000,0.00000500,0.0000,6.2166,814.2613,0.0000,0.9844
208326,1796,60,0.1000,0.00000500,0.0000,5.4346,717.9196,0.0000,0.9760
208327,389,24,0.1000,0.00000500,0.0000,7.3530,680.7750,0.0000,0.9818
208328,58,12,0.1000,0.00000500,0.0000,9.5159,652.6261,0.0000,0.9818
208329,3115,102,0.1000,0.00000500,0.0000,6.0042,727.1587,0.0000,0.9752
208330,1957,51,0.1000,0.00000500,0.0000,5.1344,751.8100,0.0000,0.9810
208331,1415,57,0.1000,0.00000500,0.0000,6.0393,709.6570,0.0000,0.9830
208332,1875,42,0.1000,0.00000500,0.0000,7.3037,754.9590,0.0000,0.9814
208333,1963,48,0.1000,0.00000500,0.0000,5.8389,752.3556,0.0000,0.9863
208334,2725,69,0.1000,0.00000500,0.0000,6.0886,754.0787,0.0000,0.9792
208335,662,26,0.1000,0.00000500,0.0000,5.0654,700.2898,0.0000,0.9772
208336,2074,47,0.1000,0.00000500,0.0000,6.3743,758.5301,0.0000,0.9840
208337,118,17,0.1000,0.00000500,0.0000,4.4246,650.1983,0.0000,0.9798
208338,35,6,0.1000,0.00000500,0.0000,4.7198,635.0369,0.0000,0.9844
208339,45,9,0.1000,0.00000500,0.0000,5.7673,635.5105,0.0000,0.9931
208340,466,34,0.1000,0.00000500,0.0000,6.2927,676.6903,0.0000,0.9835
208341,778,27,0.1000,0.00000500,0.0000,4.9229,716.1095,0.0000,0.9861
208342,1064,45,0.1000,0.00000500,0.0000,4.9405,701.3848,0.0000,0.9868
208343,356,30,0.1000,0.00000500,0.0000,6.3648,666.8528,0.0000,0.9740
208344,558,25,0.1000,0.00000500,0.0000,4.1022,704.9025,0.0000,0.9663
208345,171,15,0.1000,0.00000500,0.0000,9.2308,668.9051,0.0000,0.9833
208346,906,30,0.1000,0.00000500,0.0000,5.2466,705.7639,0.0000,0.9833
208347,1802,66,0.1000,0.00000500,0.0000,6.9066,709.6433,0.0000,0.9792
208348,247,21,0.1000,0.00000500,0.0000,6.8329,673.9878,0.0000,0.9777
208349,556,27,0.1000,0.00000500,0.0000,5.5078,698.7518,0.0000,0.9861
208350,1127,39,0.1000,0.00000500,0.0000,5.4422,715.2153,0.0000,0.9824
208351,2099,84,0.1000,0.00000500,0.0000,6.9769,710.4092,0.0000,0.9840
208352,1215,36,0.1000,0.00000500,0.0000,5.4857,726.6560,0.0000,0.9783
208353,364,27,0.1000,0.00000500,0.0000,5.8959,664.0973,0.0000,0.9838
208354,869,38,0.1000,0.00000500,0.0000,6.2944,700.1338,0.0000,0.9794
208355,208,22,0.1000,0.00000500,0.0000,6.8404,651.8069,0.0000,0.9801
208356,827,54,0.1000,0.00000500,0.0000,7.1183,672.9166,0.0000,0.9763
208357,129,15,0.1000,0.00000500,0.0000,6.4711,655.0160,0.0000,0.9771
208358,2295,48,0.1000,0.00000500,0.0000,5.6391,763.0842,0.0000,0.9857
208359,1406,45,0.1000,0.00000500,0.0000,7.1092,724.7011,0.0000,0.9785
208360,488,33,0.1000,0.00000500,0.0000,9.4286,681.6946,0.0000,0.9716
208361,594,29,0.1000,0.00000500,0.0000,6.2448,690.3501,0.0000,0.9881
208362,242,21,0.1000,0.00000500,0.0000,6.0982,669.2806,0.0000,0.9821
208363,2997,58,0.1000,0.00000500,0.0000,5.9186,772.8193,0.0000,0.9822
208364,53,11,0.1000,0.00000500,0.0000,6.0542,645.0003,0.0000,0.9744
208365,576,36,0.1000,0.00000500,0.0000,4.8572,691.0979,0.0000,0.9844
208366,1575,57,0.1000,0.00000500,0.0000,6.2405,705.6563,0.0000,0.9803
208367,176,21,0.1000,0.00000500,0.0000,6.8433,648.1897,0.0000,0.9821
208368,165,15,0.1000,0.00000500,0.0000,4.9728,670.4057,0.0000,0.9833
208369,1388,51,0.1000,0.00000500,0.0000,7.3026,708.7986,0.0000,0.9792
208370,966,39,0.1000,0.00000500,0.0000,6.5307,705.6629,0.0000,0.9752
208371,135,15,0.1000,0.00000500,0.0000,7.1269,671.4991,0.0000,0.9812
208372,1182,47,0.1000,0.00000500,0.0000,4.7399,708.3260,0.0000,0.9787
208373,231,18,0.1000,0.00000500,0.0000,5.3480,660.2323,0.0000,0.9861
208374,224,18,0.1000,0.00000500,0.0000,4.1528,667.2964,0.0000,0.9774
208375,714,38,0.1000,0.00000500,0.0000,7.0362,691.4288,0.0000,0.9827
208376,186,18,0.1000,0.00000500,0.0000,7.1950,664.9697,0.0000,0.9826
208377,198,21,0.1000,0.00000500,0.0000,3.0646,668.1868,0.0000,0.9926
208378,639,30,0.1000,0.00000500,0.0000,5.5328,692.4920,0.0000,0.9833
208379,371,20,0.1000,0.00000500,0.0000,4.4476,678.9540,0.0000,0.9844
208380,3681,142,0.1000,0.00000500,0.0000,6.2587,707.2038,0.0000,0.9780
208381,311,27,0.1000,0.00000500,0.0000,6.2023,652.9398,0.0000,0.9873
208382,2399,90,0.1000,0.00000500,0.0000,5.1278,714.5086,0.0000,0.9792
208383,569,27,0.1000,0.00000500,0.0000,4.5853,693.0852,0.0000,0.9826
208384,520,36,0.1000,0.00000500,0.0000,4.8574,679.4007,0.0000,0.9887
208385,1962,91,0.1000,0.00000500,0.0000,5.6578,698.0530,0.0000,0.9835
208386,878,39,0.1000,0.00000500,0.0000,7.0306,692.2853,0.0000,0.9824
208387,54,12,0.1000,0.00000500,0.0000,7.6637,640.9295,0.0000,0.9792
208388,1869,75,0.1000,0.00000500,0.0000,7.5799,705.0664,0.0000,0.9817
208389,203,21,0.1000,0.00000500,0.0000,9.1589,652.4293,0.0000,0.9747
208390,2486,81,0.1000,0.00000500,0.0000,6.6854,732.8803,0.0000,0.9796
208391,1189,36,0.1000,0.00000500,0.0000,7.5631,719.0481,0.0000,0.9714
208392,225,21,0.1000,0.00000500,0.0000,5.1044,652.3053,0.0000,0.9777
208393,665,26,0.1000,0.00000500,0.0000,5.5188,706.8440,0.0000,0.9856
208394,3237,60,0.1000,0.00000500,0.0000,5.2786,786.9411,0.0000,0.9833
208395,80,12,0.1000,0.00000500,0.0000,4.2295,644.7357,0.0000,0.9844
208396,638,38,0.1000,0.00000500,0.0000,7.0466,678.2960,0.0000,0.9803
208397,166,15,0.1000,0.00000500,0.0000,7.5360,661.4003,0.0000,0.9812
208398,6041,87,0.1000,0.00000500,0.0000,7.3021,809.2906,0.0000,0.9752
208399,3836,87,0.1000,0.00000500,0.0000,7.6516,752.9235,0.0000,0.9792
208400,111,15,0.1000,0.00000500,0.0000,5.8189,643.4545,0.0000,0.9750
208401,292,27,0.1000,0.00000500,0.0000,6.3078,655.6803,0.0000,0.9884
208402,2942,52,0.1000,0.00000500,0.0000,5.6735,794.9441,0.0000,0.9814
208403,152,12,0.1000,0.00000500,0.0000,6.4141,654.2704,0.0000,0.9844
208404,193,21,0.1000,0.00000500,0.0000,11.2539,651.5656,0.0000,0.9747
208405,810,42,0.1000,0.00000500,0.0000,6.0419,684.4607,0.0000,0.9792
208406,2745,87,0.1000,0.00000500,0.0000,6.8140,724.3220,0.0000,0.9842
208407,122,15,0.1000,0.00000500,0.0000,7.5770,649.6715,0.0000,0.9896
208408,851,48,0.1000,0.00000500,0.0000,7.5483,682.8838,0.0000,0.9792
208409,1353,39,0.1000,0.00000500,0.0000,7.9650,731.8503,0.0000,0.9784
208410,2952,81,0.1000,0.00000500,0.0000,6.9110,734.8132,0.0000,0.9772
208411,637,30,0.1000,0.00000500,0.0000,3.8894,680.8853,0.0000,0.9792
208412,69,12,0.1000,0.00000500,0.0000,3.4313,640.2893,0.0000,0.9766
208413,790,33,0.1000,0.00000500,0.0000,7.9669,711.4012,0.0000,0.9905
208414,659,27,0.1000,0.00000500,0.0000,8.5794,701.9499,0.0000,0.9850
208415,411,27,0.1000,0.00000500,0.0000,5.2733,675.1596,0.0000,0.9896
208416,1663,69,0.1000,0.00000500,0.0000,4.3604,695.3525,0.0000,0.9828
208417,130,15,0.1000,0.00000500,0.0000,8.7747,648.7618,0.0000,0.9646
208418,2792,114,0.1000,0.00000500,0.0000,7.0235,702.8251,0.0000,0.9781
208419,637,33,0.1000,0.00000500,0.0000,4.4754,683.7600,0.0000,0.9820
208420,458,30,0.1000,0.00000500,0.0000,7.5418,670.4276,0.0000,0.9792
208421,376,24,0.1000,0.00000500,0.0000,6.2946,673.8480,0.0000,0.9727
208422,1289,60,0.1000,0.00000500,0.0000,6.2348,686.1154,0.0000,0.9786
208423,2466,70,0.1000,0.00000500,0.0000,5.5042,721.7329,0.0000,0.9759
208424,4388,80,0.1000,0.00000500,0.0000,6.7119,771.9112,0.0000,0.9785
208425,523,30,0.1000,0.00000500,0.0000,6.2538,665.9541,0.0000,0.9812
208426,306,21,0.1000,0.00000500,0.0000,4.6269,657.3161,0.0000,0.9807
208427,1323,54,0.1000,0.00000500,0.0000,6.7660,694.1416,0.0000,0.9792
208428,1318,47,0.1000,0.00000500,0.0000,5.1549,703.1780,0.0000,0.9787
208429,406,27,0.1000,0.00000500,0.0000,5.3992,666.1600,0.0000,0.9815
208430,2687,111,0.1000,0.00000500,0.0000,6.9191,697.6141,0.0000,0.9811
208431,555,27,0.1000,0.00000500,0.0000,8.0057,685.3250,0.0000,0.9815
208432,173,18,0.1000,0.00000500,0.0000,6.9797,648.6790,0.0000,0.9826
208433,261,27,0.1000,0.00000500,0.0000,4.8811,648.8824,0.0000,0.9826
208434,597,33,0.1000,0.00000500,0.0000,6.6991,677.5732,0.0000,0.9792
208435,828,36,0.1000,0.00000500,0.0000,6.9854,697.6250,0.0000,0.9800
208436,173,18,0.1000,0.00000500,0.0000,6.6025,655.2020,0.0000,0.9740
208437,901,48,0.1000,0.00000500,0.0000,6.6616,679.6308,0.0000,0.9733
208438,82,12,0.1000,0.00000500,0.0000,3.3837,650.4412,0.0000,0.9974
208439,26,6,0.1000,0.00000500,0.0000,3.8444,631.7046,0.0000,0.9948
208440,1773,57,0.1000,0.00000500,0.0000,5.7443,721.5218,0.0000,0.9836
208441,5660,99,0.1000,0.00000500,0.0000,7.9957,773.4247,0.0000,0.9795
208442,370,21,0.1000,0.00000500,0.0000,6.7712,666.8038,0.0000,0.9747
208443,226,27,0.1000,0.00000500,0.0000,8.3360,645.6162,0.0000,0.9792
208444,5370,116,0.1000,0.00000500,0.0000,6.6315,754.5532,0.0000,0.9806
208445,1713,51,0.1000,0.00000500,0.0000,5.1935,712.7747,0.0000,0.9804
208446,156,18,0.1000,0.00000500,0.0000,4.4918,639.9927,0.0000,0.9774
208447,1395,48,0.1000,0.00000500,0.0000,4.7930,712.1787,0.0000,0.9785
208448,485,27,0.1000,0.00000500,0.0000,5.4980,684.7267,0.0000,0.9815
208449,589,27,0.1000,0.00000500,0.0000,5.2091,677.8426,0.0000,0.9803
208450,42,7,0.1000,0.00000500,0.0000,7.7014,0.0000,0.0000,0.9732
208451,69,12,0.1000,0.00000500,0.0000,4.3939,636.3175,0.0000,0.9896
208452,3914,94,0.1000,0.00000500,0.0000,6.0723,745.7078,0.0000,0.9830
208453,394,30,0.1000,0.00000500,0.0000,5.1822,657.7753,0.0000,0.9812
208454,5175,93,0.1000,0.00000500,0.0000,6.6026,768.7510,0.0000,0.9772
208455,359,27,0.1000,0.00000500,0.0000,5.1655,664.1808,0.0000,0.9873
208456,260,21,0.1000,0.00000500,0.0000,5.1697,650.6576,0.0000,0.9851
208457,363,20,0.1000,0.00000500,0.0000,4.1921,673.0597,0.0000,0.9828
208458,2254,87,0.1000,0.00000500,0.0000,6.0686,695.0421,0.0000,0.9777
208459,200,18,0.1000,0.00000500,0.0000,10.3676,647.6537,0.0000,0.9844
208460,56,12,0.1000,0.00000500,0.0000,5.3225,635.3775,0.0000,0.9870
208461,2532,54,0.1000,0.00000500,0.0000,5.4995,757.3210,0.0000,0.9792
208462,372,21,0.1000,0.00000500,0.0000,4.1562,675.0655,0.0000,0.9747
208463,241,21,0.1000,0.00000500,0.0000,5.0657,647.7082,0.0000,0.9836
208464,49,9,0.1000,0.00000500,0.0000,7.9209,632.4463,0.0000,0.9722
208465,161,15,0.1000,0.00000500,0.0000,4.0068,654.6964,0.0000,0.9688
208466,522,39,0.1000,0.00000500,0.0000,7.8876,651.5940,0.0000,0.9824
208467,1252,41,0.1000,0.00000500,0.0000,6.8011,723.3787,0.0000,0.9817
208468,2292,46,0.1000,0.00000500,0.0000,6.8069,752.1635,0.0000,0.9830
208469,2346,60,0.1000,0.00000500,0.0000,6.6494,732.4234,0.0000,0.9802
208470,80,12,0.1000,0.00000500,0.0000,6.0713,646.0970,0.0000,0.9740
208471,1794,39,0.1000,0.00000500,0.0000,7.2487,734.7069,0.0000,0.9840
208472,375,27,0.1000,0.00000500,0.0000,8.5102,671.5521,0.0000,0.9803
208473,1041,48,0.1000,0.00000500,0.0000,7.3475,685.2953,0.0000,0.9805
208474,3826,69,0.1000,0.00000500,0.0000,5.6452,776.3153,0.0000,0.9828
208475,1512,39,0.1000,0.00000500,0.0000,7.0255,737.5931,0.0000,0.9720
208476,268,24,0.1000,0.00000500,0.0000,6.1638,649.8101,0.0000,0.9727
208477,239,18,0.1000,0.00000500,0.0000,4.6162,656.6238,0.0000,0.9670
208478,1801,66,0.1000,0.00000500,0.0000,4.9595,698.3162,0.0000,0.9820
208479,369,30,0.1000,0.00000500,0.0000,7.1598,652.7651,0.0000,0.9771
208480,2521,68,0.1000,0.00000500,0.0000,5.8325,729.2772,0.0000,0.9807
208481,475,27,0.1000,0.00000500,0.0000,6.2233,668.4806,0.0000,0.9780
208482,4004,75,0.1000,0.00000500,0.0000,7.9617,762.1076,0.0000,0.9788
208483,115,15,0.1000,0.00000500,0.0000,4.5268,629.3620,0.0000,0.9875
208484,59,12,0.1000,0.00000500,0.0000,5.4832,628.8347,0.0000,0.9818
208485,213,15,0.1000,0.00000500,0.0000,7.5104,652.4436,0.0000,0.9771
208486,175,21,0.1000,0.00000500,0.0000,11.9691,642.5095,0.0000,0.9821
208487,1645,57,0.1000,0.00000500,0.0000,5.8686,702.9075,0.0000,0.9792
208488,66,12,0.1000,0.00000500,0.0000,9.0615,628.1450,0.0000,0.9792
208489,51,10,0.1000,0.00000500,0.0000,8.1224,628.4846,0.0000,0.9750
208490,1854,63,0.1000,0.00000500,0.0000,6.2749,697.7488,0.0000,0.9812
208491,2339,84,0.1000,0.00000500,0.0000,6.6790,707.4911,0.0000,0.9769
208492,952,36,0.1000,0.00000500,0.0000,6.7746,698.4689,0.0000,0.9826
208493,1358,63,0.1000,0.00000500,0.0000,5.6423,685.8954,0.0000,0.9816
208494,165,15,0.1000,0.00000500,0.0000,6.1066,642.6320,0.0000,0.9833
208495,347,24,0.1000,0.00000500,0.0000,6.7339,663.5192,0.0000,0.9831
208496,546,25,0.1000,0.00000500,0.0000,4.9276,674.7741,0.0000,0.9838
208497,1146,39,0.1000,0.00000500,0.0000,5.3821,699.7596,0.0000,0.9800
208498,574,42,0.1000,0.00000500,0.0000,5.0341,659.9744,0.0000,0.9799
208499,405,27,0.1000,0.00000500,0.0000,5.7497,661.1530,0.0000,0.9838
208500,652,27,0.1000,0.00000500,0.0000,4.9801,689.3206,0.0000,0.9803
208501,89,12,0.1000,0.00000500,0.0000,7.4806,633.3446,0.0000,0.9740
208502,519,36,0.1000,0.00000500,0.0000,8.1908,662.2702,0.0000,0.9826
208503,2790,84,0.1000,0.00000500,0.0000,6.8610,720.1548,0.0000,0.9803
208504,1936,54,0.1000,0.00000500,0.0000,6.7515,723.0814,0.0000,0.9786
208505,3650,72,0.1000,0.00000500,0.0000,6.5170,753.6559,0.0000,0.9770
208506,840,35,0.1000,0.00000500,0.0000,6.4893,675.5136,0.0000,0.9830
208507,335,24,0.1000,0.00000500,0.0000,7.5191,654.2729,0.0000,0.9805
208508,387,24,0.1000,0.00000500,0.0000,4.9728,668.7712,0.0000,0.9831
208509,299,24,0.1000,0.00000500,0.0000,3.9744,649.4820,0.0000,0.9805
208510,658,29,0.1000,0.00000500,0.0000,7.5125,680.8414,0.0000,0.9871
208511,304,24,0.1000,0.00000500,0.0000,7.9471,656.0720,0.0000,0.9818
208512,1204,54,0.1000,0.00000500,0.0000,5.3203,679.4974,0.0000,0.9797
208513,4675,81,0.1000,0.00000500,0.0000,7.5252,771.7955,0.0000,0.9788
208514,2736,48,0.1000,0.00000500,0.0000,6.6764,758.7155,0.0000,0.9850
208515,764,48,0.1000,0.00000500,0.0000,6.2338,665.0691,0.0000,0.9772
208516,562,24,0.1000,0.00000500,0.0000,6.9704,674.8820,0.0000,0.9766
208517,332,21,0.1000,0.00000500,0.0000,7.0912,652.7064,0.0000,0.9807
208518,1108,41,0.1000,0.00000500,0.0000,5.2986,697.4785,0.0000,0.9832
208519,9827,91,0.1000,0.00000500,0.0000,5.9476,853.9855,0.0000,0.9797
208520,3023,59,0.1000,0.00000500,0.0000,6.7783,757.9584,0.0000,0.9815
208521,551,33,0.1000,0.00000500,0.0000,5.6107,663.0189,0.0000,0.9773
208522,20,6,0.1000,0.00000500,0.0000,7.2196,612.0069,0.0000,0.9635
208523,270,21,0.1000,0.00000500,0.0000,4.9740,653.4312,0.0000,0.9836
208524,258,21,0.1000,0.00000500,0.0000,4.0396,654.2080,0.0000,0.9821
208525,426,33,0.1000,0.00000500,0.0000,7.0762,653.4403,0.0000,0.9754
208526,558,33,0.1000,0.00000500,0.0000,7.9675,664.2931,0.0000,0.9820
208527,292,24,0.1000,0.00000500,0.0000,7.9526,656.7934,0.0000,0.9844
208528,215,15,0.1000,0.00000500,0.0000,3.1956,648.7339,0.0000,0.9771
208529,304,24,0.1000,0.00000500,0.0000,6.5191,648.2985,0.0000,0.9727
208530,68,9,0.1000,0.00000500,0.0000,4.5723,628.4932,0.0000,0.9896
208531,229,21,0.1000,0.00000500,0.0000,5.0011,647.5807,0.0000,0.9851
208532,105,18,0.1000,0.00000500,0.0000,11.3235,628.5868,0.0000,0.9618
208533,94,12,0.1000,0.00000500,0.0000,3.0802,629.5409,0.0000,0.9870
208534,329,30,0.1000,0.00000500,0.0000,8.6169,640.7011,0.0000,0.9792
208535,223,17,0.1000,0.00000500,0.0000,4.9497,654.3110,0.0000,0.9871
208536,2969,54,0.1000,0.00000500,0.0000,5.7226,764.3275,0.0000,0.9797
208537,1515,39,0.1000,0.00000500,0.0000,6.5670,720.4964,0.0000,0.9768
208538,455,27,0.1000,0.00000500,0.0000,4.8219,673.9429,0.0000,0.9803
208539,3381,87,0.1000,0.00000500,0.0000,7.0400,727.9693,0.0000,0.9781
208540,389,26,0.1000,0.00000500,0.0000,5.8964,652.5997,0.0000,0.9808
208541,496,33,0.1000,0.00000500,0.0000,4.3583,658.2355,0.0000,0.9858
208542,162,18,0.1000,0.00000500,0.0000,9.6608,641.9684,0.0000,0.9792
208543,3454,51,0.1000,0.00000500,0.0000,7.5318,784.6856,0.0000,0.9737
208544,133,18,0.1000,0.00000500,0.0000,5.2256,629.9611,0.0000,0.9878
208545,764,48,0.1000,0.00000500,0.0000,4.5761,667.8225,0.0000,0.9779
208546,630,35,0.1000,0.00000500,0.0000,5.5420,666.5873,0.0000,0.9786
208547,183,24,0.1000,0.00000500,0.0000,6.4549,640.7328,0.0000,0.9870
208548,568,27,0.1000,0.00000500,0.0000,4.1271,680.1980,0.0000,0.9884
208549,552,26,0.1000,0.00000500,0.0000,4.7597,670.8832,0.0000,0.9796
208550,453,25,0.1000,0.00000500,0.0000,8.0553,672.5568,0.0000,0.9738
208551,159,12,0.1000,0.00000500,0.0000,5.9056,641.5754,0.0000,0.9818
208552,526,33,0.1000,0.00000500,0.0000,4.5649,670.0585,0.0000,0.9830
208553,66,12,0.1000,0.00000500,0.0000,9.2486,628.5760,0.0000,0.9688
208554,166,18,0.1000,0.00000500,0.0000,6.1724,646.9142,0.0000,0.9826
208555,1074,36,0.1000,0.00000500,0.0000,6.3705,696.0552,0.0000,0.9792
208556,3227,69,0.1000,0.00000500,0.0000,5.1299,737.0569,0.0000,0.9814
208557,1698,42,0.1000,0.00000500,0.0000,7.3524,727.0297,0.0000,0.9784
208558,1183,42,0.1000,0.00000500,0.0000,5.1803,700.0517,0.0000,0.9859
208559,903,48,0.1000,0.00000500,0.0000,7.3729,667.7335,0.0000,0.9785
208560,3615,84,0.1000,0.00000500,0.0000,6.4586,739.1981,0.0000,0.9781
208561,405,27,0.1000,0.00000500,0.0000,4.9903,661.8947,0.0000,0.9838
208562,800,36,0.1000,0.00000500,0.0000,6.1188,676.1835,0.0000,0.9878
208563,2055,51,0.1000,0.00000500,0.0000,5.9130,727.2953,0.0000,0.9798
208564,927,41,0.1000,0.00000500,0.0000,9.0227,673.0521,0.0000,0.9764
208565,284,16,0.1000,0.00000500,0.0000,9.0821,654.6542,0.0000,0.9824
208566,2568,92,0.1000,0.00000500,0.0000,7.7049,697.1687,0.0000,0.9759
208567,1368,42,0.1000,0.00000500,0.0000,8.3448,710.5232,0.0000,0.9769
208568,224,18,0.1000,0.00000500,0.0000,5.7223,654.1104,0.0000,0.9826
208569,2273,47,0.1000,0.00000500,0.0000,4.7252,750.8972,0.0000,0.9874
208570,520,36,0.1000,0.00000500,0.0000,5.5575,667.8431,0.0000,0.9792
208571,966,48,0.1000,0.00000500,0.0000,5.4513,670.2200,0.0000,0.9798
208572,3281,98,0.1000,0.00000500,0.0000,6.1964,715.5353,0.0000,0.9809
208573,1451,54,0.1000,0.00000500,0.0000,7.5726,688.7117,0.0000,0.9797
208574,1535,39,0.1000,0.00000500,0.0000,6.6941,719.2359,0.0000,0.9720
208575,1074,62,0.1000,0.00000500,0.0000,6.8421,668.2127,0.0000,0.9849
208576,447,29,0.1000,0.00000500,0.0000,4.0992,669.3192,0.0000,0.9838
208577,1159,48,0.1000,0.00000500,0.0000,5.8337,683.8292,0.0000,0.9759
208578,626,33,0.1000,0.00000500,0.0000,3.4089,670.3800,0.0000,0.9830
208579,492,24,0.1000,0.00000500,0.0000,6.2851,660.6774,0.0000,0.9766
208580,7229,96,0.1000,0.00000500,0.0000,6.9640,798.4607,0.0000,0.9798
208581,4328,102,0.1000,0.00000500,0.0000,7.0975,720.7437,0.0000,0.9789
208582,641,30,0.1000,0.00000500,0.0000,8.8255,670.9652,0.0000,0.9823
208583,383,29,0.1000,0.00000500,0.0000,5.7925,652.8809,0.0000,0.9817
208584,218,18,0.1000,0.00000500,0.0000,6.3828,648.8587,0.0000,0.9826
208585,96,15,0.1000,0.00000500,0.0000,5.8182,621.7789,0.0000,0.9833
208586,1746,63,0.1000,0.00000500,0.0000,5.1619,695.1832,0.0000,0.9772
208587,460,29,0.1000,0.00000500,0.0000,6.2818,650.4681,0.0000,0.9763
208588,6122,116,0.1000,0.00000500,0.0000,6.2412,755.9177,0.0000,0.9811
208589,293,21,0.1000,0.00000500,0.0000,3.8315,650.9419,0.0000,0.9851
208590,469,30,0.1000,0.00000500,0.0000,8.3521,655.0550,0.0000,0.9750
208591,120,15,0.1000,0.00000500,0.0000,12.6593,633.4870,0.0000,0.9750
208592,4832,114,0.1000,0.00000500,0.0000,5.9837,726.4652,0.0000,0.9781
208593,47,10,0.1000,0.00000500,0.0000,9.4195,611.5485,0.0000,0.9750
208594,3112,84,0.1000,0.00000500,0.0000,7.0084,713.0189,0.0000,0.9773
208595,85,13,0.1000,0.00000500,0.0000,9.1215,624.8006,0.0000,0.9832
208596,630,30,0.1000,0.00000500,0.0000,4.8193,668.2826,0.0000,0.9823
208597,859,39,0.1000,0.00000500,0.0000,5.9404,669.0450,0.0000,0.9864
208598,363,19,0.1000,0.00000500,0.0000,4.9548,657.3342,0.0000,0.9803
208599,428,30,0.1000,0.00000500,0.0000,4.5812,653.3386,0.0000,0.9802
208600,224,18,0.1000,0.00000500,0.0000,3.9400,647.3357,0.0000,0.9826
208601,2371,72,0.1000,0.00000500,0.0000,5.3435,708.2414,0.0000,0.9818
208602,173,18,0.1000,0.00000500,0.0000,7.1864,650.2030,0.0000,0.9757
208603,856,30,0.1000,0.00000500,0.0000,6.5930,671.8581,0.0000,0.9812
208604,540,24,0.1000,0.00000500,0.0000,6.0071,690.8884,0.0000,0.9831
208605,206,18,0.1000,0.00000500,0.0000,3.3532,640.9108,0.0000,0.9896
208606,87,15,0.1000,0.00000500,0.0000,4.8672,629.1522,0.0000,0.9771
208607,1574,69,0.1000,0.00000500,0.0000,5.7711,678.9403,0.0000,0.9851
208608,661,30,0.1000,0.00000500,0.0000,3.9733,676.8249,0.0000,0.9792
208609,6080,84,0.1000,0.00000500,0.0000,5.4053,794.3724,0.0000,0.9851
208610,342,27,0.1000,0.00000500,0.0000,6.5027,649.0285,0.0000,0.9780
208611,296,24,0.1000,0.00000500,0.0000,5.3127,642.1129,0.0000,0.9818
208612,301,24,0.1000,0.00000500,0.0000,6.7460,646.1695,0.0000,0.9805
208613,742,46,0.1000,0.00000500,0.0000,4.8863,665.4827,0.0000,0.9871
208614,326,33,0.1000,0.00000500,0.0000,8.6215,638.1710,0.0000,0.9782
208615,1209,51,0.1000,0.00000500,0.0000,7.2390,684.3959,0.0000,0.9773
208616,781,27,0.1000,0.00000500,0.0000,6.0042,687.4479,0.0000,0.9815
208617,451,15,0.1000,0.00000500,0.0000,5.9857,674.0924,0.0000,0.9896
208618,1181,60,0.1000,0.00000500,0.0000,6.8264,667.0461,0.0000,0.9781
208619,557,27,0.1000,0.00000500,0.0000,7.0005,671.5116,0.0000,0.9745
208620,452,30,0.1000,0.00000500,0.0000,6.5352,658.0195,0.0000,0.9781
208621,542,24,0.1000,0.00000500,0.0000,7.5948,668.4448,0.0000,0.9766
208622,292,24,0.1000,0.00000500,0.0000,11.5712,643.7635,0.0000,0.9766
208623,1454,51,0.1000,0.00000500,0.0000,5.1611,693.2493,0.0000,0.9798
208624,2299,51,0.1000,0.00000500,0.0000,3.7055,735.2360,0.0000,0.9841
208625,93,15,0.1000,0.00000500,0.0000,8.8895,624.9456,0.0000,0.9875
208626,1304,63,0.1000,0.00000500,0.0000,5.8428,671.4093,0.0000,0.9792
208627,127,15,0.1000,0.00000500,0.0000,9.8781,629.9151,0.0000,0.9750
208628,178,22,0.1000,0.00000500,0.0000,9.2401,634.4051,0.0000,0.9759
208629,1191,39,0.1000,0.00000500,0.0000,4.6676,708.5000,0.0000,0.9808
208630,1973,71,0.1000,0.00000500,0.0000,6.1082,691.8108,0.0000,0.9780
208631,159,18,0.1000,0.00000500,0.0000,6.2122,639.0077,0.0000,0.9826
208632,1685,61,0.1000,0.00000500,0.0000,5.6163,690.3450,0.0000,0.9821
208633,170,21,0.1000,0.00000500,0.0000,6.9387,633.1011,0.0000,0.9821
208634,1422,44,0.1000,0.00000500,0.0000,6.3190,703.1250,0.0000,0.9851
208635,363,21,0.1000,0.00000500,0.0000,5.6200,654.2817,0.0000,0.9807
208636,1035,33,0.1000,0.00000500,0.0000,4.2249,695.4061,0.0000,0.9754
208637,1068,45,0.1000,0.00000500,0.0000,7.0234,677.2270,0.0000,0.9806
208638,227,18,0.1000,0.00000500,0.0000,3.8374,642.9242,0.0000,0.9826
208639,160,18,0.1000,0.00000500,0.0000,3.7327,633.2089,0.0000,0.9809
208640,238,21,0.1000,0.00000500,0.0000,5.5629,643.1574,0.0000,0.9836
208641,1520,51,0.1000,0.00000500,0.0000,7.7236,700.7499,0.0000,0.9779
208642,297,21,0.1000,0.00000500,0.0000,6.9851,648.9483,0.0000,0.9747
208643,1963,72,0.1000,0.00000500,0.0000,5.2147,696.9033,0.0000,0.9818
208644,699,36,0.1000,0.00000500,0.0000,6.7492,663.1991,0.0000,0.9826
208645,293,21,0.1000,0.00000500,0.0000,4.6481,643.3877,0.0000,0.9896
208646,219,15,0.1000,0.00000500,0.0000,6.2761,646.7615,0.0000,0.9833
208647,965,51,0.1000,0.00000500,0.0000,5.1372,669.7813,0.0000,0.9822
208648,670,39,0.1000,0.00000500,0.0000,4.9855,655.0969,0.0000,0.9792
208649,668,30,0.1000,0.00000500,0.0000,5.5652,674.8667,0.0000,0.9823
208650,5399,87,0.1000,0.00000500,0.0000,5.9414,776.4182,0.0000,0.9813
208651,220,18,0.1000,0.00000500,0.0000,3.2736,649.3013,0.0000,0.9826
208652,143,18,0.1000,0.00000500,0.0000,4.8505,633.1879,0.0000,0.9844
208653,2750,50,0.1000,0.00000500,0.0000,5.9683,739.7455,0.0000,0.9819
208654,181,18,0.1000,0.00000500,0.0000,8.9667,632.2613,0.0000,0.9757
208655,520,24,0.1000,0.00000500,0.0000,4.2925,658.5660,0.0000,0.9870
208656,3381,69,0.1000,0.00000500,0.0000,6.0981,736.5265,0.0000,0.9819
208657,178,18,0.1000,0.00000500,0.0000,5.2532,633.6193,0.0000,0.9913
208658,200,24,0.1000,0.00000500,0.0000,3.2733,628.5486,0.0000,0.9805
208659,308,26,0.1000,0.00000500,0.0000,8.0206,638.3896,0.0000,0.9772
208660,34,9,0.1000,0.00000500,0.0000,4.8459,611.0417,0.0000,0.9792
208661,171,15,0.1000,0.00000500,0.0000,11.4037,638.6196,0.0000,0.9646
208662,353,30,0.1000,0.00000500,0.0000,4.7731,640.2933,0.0000,0.9823
208663,638,36,0.1000,0.00000500,0.0000,7.5104,651.2650,0.0000,0.9792
208664,2101,51,0.1000,0.00000500,0.0000,5.7375,720.5986,0.0000,0.9810
208665,3901,66,0.1000,0.00000500,0.0000,6.4292,753.2470,0.0000,0.9806
208666,159,15,0.1000,0.00000500,0.0000,4.9219,632.9946,0.0000,0.9833
208667,414,27,0.1000,0.00000500,0.0000,5.6323,646.1054,0.0000,0.9826
208668,181,18,0.1000,0.00000500,0.0000,5.5095,627.3833,0.0000,0.9705
208669,5270,108,0.1000,0.00000500,0.0000,5.9214,746.4979,0.0000,0.9818
208670,463,33,0.1000,0.00000500,0.0000,7.2766,640.7846,0.0000,0.9811
208671,271,21,0.1000,0.00000500,0.0000,5.3644,644.9562,0.0000,0.9777
208672,647,39,0.1000,0.00000500,0.0000,4.8249,657.1472,0.0000,0.9832
208673,162,15,0.1000,0.00000500,0.0000,5.5127,638.4367,0.0000,0.9688
208674,1360,63,0.1000,0.00000500,0.0000,5.6249,670.6309,0.0000,0.9777
208675,578,33,0.1000,0.00000500,0.0000,5.8559,650.9685,0.0000,0.9839
208676,129,18,0.1000,0.00000500,0.0000,3.0296,623.6310,0.0000,0.9861
208677,1524,45,0.1000,0.00000500,0.0000,5.9490,700.6063,0.0000,0.9806
208678,68,10,0.1000,0.00000500,0.0000,6.0009,622.9068,0.0000,0.9688
208679,679,33,0.1000,0.00000500,0.0000,4.5677,670.6256,0.0000,0.9801
208680,109,12,0.1000,0.00000500,0.0000,3.9378,633.0653,0.0000,0.9766
208681,606,42,0.1000,0.00000500,0.0000,6.1933,635.5725,0.0000,0.9754
208682,1617,60,0.1000,0.00000500,0.0000,6.4444,688.5853,0.0000,0.9755
208683,350,27,0.1000,0.00000500,0.0000,7.4155,643.2011,0.0000,0.9803
208684,751,36,0.1000,0.00000500,0.0000,4.4973,674.7327,0.0000,0.9835
208685,585,19,0.1000,0.00000500,0.0000,3.9064,651.9605,0.0000,0.9868
208686,139,18,0.1000,0.00000500,0.0000,8.9155,625.5153,0.0000,0.9809
208687,2186,87,0.1000,0.00000500,0.0000,6.6412,677.8955,0.0000,0.9795
208688,978,42,0.1000,0.00000500,0.0000,6.3391,673.4962,0.0000,0.9777
208689,512,30,0.1000,0.00000500,0.0000,6.5281,660.4370,0.0000,0.9833
208690,213,21,0.1000,0.00000500,0.0000,5.9485,637.0241,0.0000,0.9807
208691,923,45,0.1000,0.00000500,0.0000,5.9448,665.3688,0.0000,0.9806
208692,2906,64,0.1000,0.00000500,0.0000,6.2845,728.1932,0.0000,0.9780
208693,364,24,0.1000,0.00000500,0.0000,8.7584,642.8539,0.0000,0.9844
208694,3251,100,0.1000,0.00000500,0.0000,6.3523,701.6532,0.0000,0.9778
208695,822,36,0.1000,0.00000500,0.0000,4.8097,676.0266,0.0000,0.9878
208696,67,9,0.1000,0.00000500,0.0000,5.9555,613.0434,0.0000,0.9861
208697,229,18,0.1000,0.00000500,0.0000,5.2892,644.9256,0.0000,0.9809
208698,219,21,0.1000,0.00000500,0.0000,4.7925,638.2859,0.0000,0.9911
208699,2099,63,0.1000,0.00000500,0.0000,7.1173,702.8112,0.0000,0.9871
208700,1037,54,0.1000,0.00000500,0.0000,7.1649,659.0357,0.0000,0.9826
208701,228,24,0.1000,0.00000500,0.0000,8.3540,627.5198,0.0000,0.9753
208702,226,20,0.1000,0.00000500,0.0000,8.2734,627.7851,0.0000,0.9859
208703,184,18,0.1000,0.00000500,0.0000,3.9672,631.5685,0.0000,0.9809
208704,364,33,0.1000,0.00000500,0.0000,6.0610,634.5178,0.0000,0.9848
208705,225,24,0.1000,0.00000500,0.0000,3.6261,627.2602,0.0000,0.9883
208706,3355,87,0.1000,0.00000500,0.0000,7.0932,710.8560,0.0000,0.9802
208707,254,24,0.1000,0.00000500,0.0000,7.2560,629.7065,0.0000,0.9805
208708,715,36,0.1000,0.00000500,0.0000,5.9506,663.9068,0.0000,0.9766
208709,619,36,0.1000,0.00000500,0.0000,5.7294,660.1921,0.0000,0.9792
208710,1791,57,0.1000,0.00000500,0.0000,4.2558,707.6786,0.0000,0.9825
208711,262,27,0.1000,0.00000500,0.0000,6.0668,634.7498,0.0000,0.9803
208712,882,39,0.1000,0.00000500,0.0000,7.6136,670.1083,0.0000,0.9784
208713,143,23,0.1000,0.00000500,0.0000,7.6091,615.6241,0.0000,0.9783
208714,894,30,0.1000,0.00000500,0.0000,6.8510,680.0256,0.0000,0.9802
208715,266,21,0.1000,0.00000500,0.0000,6.3246,642.2442,0.0000,0.9896
208716,270,19,0.1000,0.00000500,0.0000,6.3350,641.2566,0.0000,0.9803
208717,419,36,0.1000,0.00000500,0.0000,5.8835,643.2017,0.0000,0.9748
208718,179,21,0.1000,0.00000500,0.0000,6.6866,631.3868,0.0000,0.9762
208719,165,15,0.1000,0.00000500,0.0000,13.0480,635.6535,0.0000,0.9625
208720,6198,117,0.1000,0.00000500,0.0000,5.2519,744.5749,0.0000,0.9816
208721,823,36,0.1000,0.00000500,0.0000,5.2304,668.1163,0.0000,0.9844
208722,21,6,0.1000,0.00000500,0.0000,10.0679,594.5911,0.0000,0.9740
208723,1055,39,0.1000,0.00000500,0.0000,6.7853,691.9353,0.0000,0.9816
208724,1567,48,0.1000,0.00000500,0.0000,5.9074,710.0659,0.0000,0.9844
208725,271,24,0.1000,0.00000500,0.0000,6.6818,653.1943,0.0000,0.9740
208726,184,18,0.1000,0.00000500,0.0000,2.8940,636.9531,0.0000,0.9774
208727,349,27,0.1000,0.00000500,0.0000,3.7073,641.6678,0.0000,0.9792
208728,426,27,0.1000,0.00000500,0.0000,5.7032,642.7171,0.0000,0.9815
208729,2924,87,0.1000,0.00000500,0.0000,5.0940,698.2286,0.0000,0.9820
208730,831,36,0.1000,0.00000500,0.0000,6.2767,670.4598,0.0000,0.9826
208731,6086,99,0.1000,0.00000500,0.0000,5.9793,766.0105,0.0000,0.9826
208732,126,15,0.1000,0.00000500,0.0000,5.1651,620.5119,0.0000,0.9729
208733,1227,51,0.1000,0.00000500,0.0000,10.0640,672.3119,0.0000,0.9663
208734,2155,48,0.1000,0.00000500,0.0000,7.3991,725.2055,0.0000,0.9772
208735,360,27,0.1000,0.00000500,0.0000,6.8433,631.0569,0.0000,0.9792
208736,785,30,0.1000,0.00000500,0.0000,6.2944,679.1805,0.0000,0.9823
208737,679,36,0.1000,0.00000500,0.0000,6.9356,660.2123,0.0000,0.9783
208738,768,39,0.1000,0.00000500,0.0000,6.8259,666.0595,0.0000,0.9784
208739,352,27,0.1000,0.00000500,0.0000,4.8758,634.1028,0.0000,0.9745
208740,359,21,0.1000,0.00000500,0.0000,6.2608,650.5725,0.0000,0.9762
208741,166,15,0.1000,0.00000500,0.0000,4.9963,623.0001,0.0000,0.9833
208742,390,33,0.1000,0.00000500,0.0000,4.9941,638.7328,0.0000,0.9792
208743,3942,102,0.1000,0.00000500,0.0000,4.7820,706.3785,0.0000,0.9819
208744,25,6,0.1000,0.00000500,0.0000,1.9881,593.4339,0.0000,0.9740
208745,155,15,0.1000,0.00000500,0.0000,7.3656,632.3523,0.0000,0.9750
208746,367,21,0.1000,0.00000500,0.0000,5.5960,652.5067,0.0000,0.9881
208747,188,24,0.1000,0.00000500,0.0000,5.8310,625.1003,0.0000,0.9805
208748,676,27,0.1000,0.00000500,0.0000,4.6610,674.7251,0.0000,0.9884
208749,78,9,0.1000,0.00000500,0.0000,8.0886,617.4455,0.0000,0.9826
208750,1190,39,0.1000,0.00000500,0.0000,6.1836,697.6010,0.0000,0.9832
208751,505,30,0.1000,0.00000500,0.0000,5.0863,648.3037,0.0000,0.9844
208752,606,31,0.1000,0.00000500,0.0000,6.8393,651.9741,0.0000,0.9688
208753,1305,48,0.1000,0.00000500,0.0000,4.7300,686.6600,0.0000,0.9766
208754,274,18,0.1000,0.00000500,0.0000,6.7333,643.3234,0.0000,0.9722
208755,1232,56,0.1000,0.00000500,0.0000,5.1921,673.4740,0.0000,0.9805
208756,289,28,0.1000,0.00000500,0.0000,3.9877,628.5232,0.0000,0.9866
208757,114,12,0.1000,0.00000500,0.0000,9.7352,623.9874,0.0000,0.9766
208758,238,21,0.1000,0.00000500,0.0000,7.1431,632.5894,0.0000,0.9851
208759,1462,59,0.1000,0.00000500,0.0000,5.5257,672.6331,0.0000,0.9804
208760,1532,54,0.1000,0.00000500,0.0000,6.5488,680.0108,0.0000,0.9809
208761,432,33,0.1000,0.00000500,0.0000,8.4208,641.7583,0.0000,0.9697
208762,1054,33,0.1000,0.00000500,0.0000,4.5134,699.1781,0.0000,0.9801
208763,305,24,0.1000,0.00000500,0.0000,4.0001,639.4268,0.0000,0.9831
208764,1088,45,0.1000,0.00000500,0.0000,5.3406,680.5246,0.0000,0.9806
208765,2974,51,0.1000,0.00000500,0.0000,6.9518,758.0917,0.0000,0.9810
208766,457,21,0.1000,0.00000500,0.0000,5.5939,660.9917,0.0000,0.9792
208767,882,47,0.1000,0.00000500,0.0000,5.6539,662.6617,0.0000,0.9787
208768,565,33,0.1000,0.00000500,0.0000,6.2340,652.6216,0.0000,0.9839
208769,99,15,0.1000,0.00000500,0.0000,3.6823,613.0103,0.0000,0.9875
208770,1944,57,0.1000,0.00000500,0.0000,6.1454,685.7448,0.0000,0.9868
208771,4698,72,0.1000,0.00000500,0.0000,5.0670,760.8190,0.0000,0.9792
208772,483,15,0.1000,0.00000500,0.0000,6.6730,635.7908,0.0000,0.9750
208773,6579,93,0.1000,0.00000500,0.0000,6.7773,772.5974,0.0000,0.9808
208774,1016,42,0.1000,0.00000500,0.0000,6.0123,676.7998,0.0000,0.9784
208775,384,33,0.1000,0.00000500,0.0000,5.3068,640.4789,0.0000,0.9848
208776,157,18,0.1000,0.00000500,0.0000,7.1545,616.6370,0.0000,0.9740
208777,2026,53,0.1000,0.00000500,0.0000,7.3117,715.2410,0.0000,0.9800
208778,221,15,0.1000,0.00000500,0.0000,7.9706,644.2072,0.0000,0.9750
208779,2502,63,0.1000,0.00000500,0.0000,6.2791,706.8007,0.0000,0.9812
208780,1712,54,0.1000,0.00000500,0.0000,5.1533,692.6673,0.0000,0.9850
208781,751,48,0.1000,0.00000500,0.0000,5.6234,637.0265,0.0000,0.9883
208782,1842,69,0.1000,0.00000500,0.0000,5.0600,673.6313,0.0000,0.9783
208783,466,30,0.1000,0.00000500,0.0000,4.5900,642.8578,0.0000,0.9833
208784,413,30,0.1000,0.00000500,0.0000,12.8395,641.8052,0.0000,0.9750
208785,913,33,0.1000,0.00000500,0.0000,6.4792,680.4462,0.0000,0.9830
208786,722,39,0.1000,0.00000500,0.0000,8.4828,651.6550,0.0000,0.9736
208787,296,29,0.1000,0.00000500,0.0000,3.4260,629.8001,0.0000,0.9817
208788,775,27,0.1000,0.00000500,0.0000,4.1449,683.1403,0.0000,0.9896
208789,545,42,0.1000,0.00000500,0.0000,5.8585,638.6575,0.0000,0.9821
208790,1079,39,0.1000,0.00000500,0.0000,6.7744,685.0174,0.0000,0.9712
208791,1343,36,0.1000,0.00000500,0.0000,6.2274,707.6878,0.0000,0.9792
208792,172,15,0.1000,0.00000500,0.0000,10.4198,635.4695,0.0000,0.9750
208793,175,21,0.1000,0.00000500,0.0000,4.9982,623.0716,0.0000,0.9777
208794,124,15,0.1000,0.00000500,0.0000,4.3940,626.0293,0.0000,0.9792
208795,133,15,0.1000,0.00000500,0.0000,7.7068,621.4625,0.0000,0.9875
208796,298,24,0.1000,0.00000500,0.0000,4.4906,634.6646,0.0000,0.9896
208797,114,12,0.1000,0.00000500,0.0000,8.1554,615.9283,0.0000,0.9792
208798,644,39,0.1000,0.00000500,0.0000,6.0240,643.9170,0.0000,0.9824
208799,901,30,0.1000,0.00000500,0.0000,6.5492,676.3288,0.0000,0.9771
208800,1156,39,0.1000,0.00000500,0.0000,5.3905,680.1008,0.0000,0.9832
208801,748,33,0.1000,0.00000500,0.0000,6.9092,661.7575,0.0000,0.9744
208802,634,33,0.1000,0.00000500,0.0000,6.6807,655.8307,0.0000,0.9773
208803,577,36,0.1000,0.00000500,0.0000,5.7840,643.3079,0.0000,0.9766
208804,214,21,0.1000,0.00000500,0.0000,6.8069,632.5472,0.0000,0.9702
208805,217,15,0.1000,0.00000500,0.0000,6.5428,637.6841,0.0000,0.9750
208806,922,44,0.1000,0.00000500,0.0000,5.6436,661.1496,0.0000,0.9794
208807,4049,90,0.1000,0.00000500,0.0000,5.4875,729.6149,0.0000,0.9826
208808,23,6,0.1000,0.00000500,0.0000,2.0619,602.6738,0.0000,0.9688
208809,677,27,0.1000,0.00000500,0.0000,6.4573,674.9722,0.0000,0.9792
208810,318,24,0.1000,0.00000500,0.0000,8.1940,634.0556,0.0000,0.9805
208811,73,12,0.1000,0.00000500,0.0000,6.7541,611.8717,0.0000,0.9792
208812,781,27,0.1000,0.00000500,0.0000,7.0829,680.9697,0.0000,0.9815
208813,101,15,0.1000,0.00000500,0.0000,6.2300,608.0659,0.0000,0.9792
208814,35,9,0.1000,0.00000500,0.0000,3.5639,597.4823,0.0000,0.9861
208815,1175,60,0.1000,0.00000500,0.0000,6.6222,653.3391,0.0000,0.9849
208816,600,30,0.1000,0.00000500,0.0000,6.1943,654.9147,0.0000,0.9792
208817,893,54,0.1000,0.00000500,0.0000,6.5707,650.5833,0.0000,0.9809
208818,1422,45,0.1000,0.00000500,0.0000,4.4713,690.1565,0.0000,0.9799
208819,2088,46,0.1000,0.00000500,0.0000,5.5392,718.7842,0.0000,0.9728
208820,2305,54,0.1000,0.00000500,0.0000,7.0425,703.9571,0.0000,0.9803
208821,545,33,0.1000,0.00000500,0.0000,6.5687,650.0265,0.0000,0.9773
208822,26,6,0.1000,0.00000500,0.0000,2.8208,591.1069,0.0000,0.9740
208823,1047,60,0.1000,0.00000500,0.0000,6.2739,644.1079,0.0000,0.9781
208824,547,24,0.1000,0.00000500,0.0000,3.8833,675.0689,0.0000,0.9844
208825,242,21,0.1000,0.00000500,0.0000,3.3408,627.2470,0.0000,0.9851
208826,4269,103,0.1000,0.00000500,0.0000,6.3014,709.3595,0.0000,0.9769
208827,1049,30,0.1000,0.00000500,0.0000,5.1185,692.3201,0.0000,0.9833
208828,1393,48,0.1000,0.00000500,0.0000,4.8325,682.8098,0.0000,0.9805
208829,34,9,0.1000,0.00000500,0.0000,4.3490,589.9969,0.0000,0.9792
208830,157,15,0.1000,0.00000500,0.0000,8.4131,635.8585,0.0000,0.9792
208831,109,14,0.1000,0.00000500,0.0000,6.2034,613.6510,0.0000,0.9844
208832,570,31,0.1000,0.00000500,0.0000,5.5871,646.7930,0.0000,0.9889
208833,325,24,0.1000,0.00000500,0.0000,4.7014,633.7268,0.0000,0.9896
208834,197,18,0.1000,0.00000500,0.0000,4.0702,620.7261,0.0000,0.9809
208835,2777,69,0.1000,0.00000500,0.0000,6.7322,705.3541,0.0000,0.9787
208836,3226,54,0.1000,0.00000500,0.0000,7.0481,756.0201,0.0000,0.9763
208837,66,9,0.1000,0.00000500,0.0000,6.9425,608.8886,0.0000,0.9757
208838,1462,48,0.1000,0.00000500,0.0000,5.0357,675.8367,0.0000,0.9831
208839,99,15,0.1000,0.00000500,0.0000,3.2555,612.5675,0.0000,0.9833
208840,797,33,0.1000,0.00000500,0.0000,4.4945,667.3001,0.0000,0.9820
208841,492,30,0.1000,0.00000500,0.0000,5.8711,650.3378,0.0000,0.9802
208842,208,20,0.1000,0.00000500,0.0000,6.7247,625.7519,0.0000,0.9766
208843,913,33,0.1000,0.00000500,0.0000,6.4112,693.0243,0.0000,0.9782
208844,461,27,0.1000,0.00000500,0.0000,9.3290,644.8466,0.0000,0.9780
208845,489,26,0.1000,0.00000500,0.0000,7.3788,644.5766,0.0000,0.9808
208846,1230,60,0.1000,0.00000500,0.0000,6.2018,656.8611,0.0000,0.9771
208847,915,32,0.1000,0.00000500,0.0000,4.4621,683.6994,0.0000,0.9805
208848,393,24,0.1000,0.00000500,0.0000,7.7738,643.9505,0.0000,0.9753
208849,1360,36,0.1000,0.00000500,0.0000,3.8439,692.9490,0.0000,0.9852
208850,1137,57,0.1000,0.00000500,0.0000,6.9031,654.2159,0.0000,0.9781
208851,7527,72,0.1000,0.00000500,0.0000,4.6144,808.3875,0.0000,0.9865
208852,274,24,0.1000,0.00000500,0.0000,6.0043,621.4200,0.0000,0.9766
208853,125,15,0.1000,0.00000500,0.0000,7.1642,611.1204,0.0000,0.9771
208854,1780,84,0.1000,0.00000500,0.0000,6.1756,655.9128,0.0000,0.9818
208855,120,15,0.1000,0.00000500,0.0000,3.7539,618.8557,0.0000,0.9812
208856,404,24,0.1000,0.00000500,0.0000,6.5264,656.6657,0.0000,0.9792
208857,71,9,0.1000,0.00000500,0.0000,6.1892,606.3397,0.0000,0.9792
208858,679,30,0.1000,0.00000500,0.0000,5.8558,655.4749,0.0000,0.9781
208859,2555,51,0.1000,0.00000500,0.0000,6.9020,729.2015,0.0000,0.9816
208860,219,17,0.1000,0.00000500,0.0000,5.8422,638.5885,0.0000,0.9816
208861,136,18,0.1000,0.00000500,0.0000,6.2565,617.2812,0.0000,0.9792
208862,210,21,0.1000,0.00000500,0.0000,4.8376,629.8942,0.0000,0.9866
208863,165,15,0.1000,0.00000500,0.0000,4.8264,633.8661,0.0000,0.9896
208864,577,30,0.1000,0.00000500,0.0000,5.2061,659.8282,0.0000,0.9802
208865,1397,54,0.1000,0.00000500,0.0000,6.7393,664.0806,0.0000,0.9809
208866,305,21,0.1000,0.00000500,0.0000,6.3565,635.5505,0.0000,0.9836
208867,76,11,0.1000,0.00000500,0.0000,7.6264,624.2679,0.0000,0.9801
208868,503,33,0.1000,0.00000500,0.0000,5.5891,648.0177,0.0000,0.9830
208869,2265,60,0.1000,0.00000500,0.0000,5.6763,699.1584,0.0000,0.9807
208870,1050,33,0.1000,0.00000500,0.0000,5.5676,697.6109,0.0000,0.9735
208871,1040,42,0.1000,0.00000500,0.0000,6.6987,665.0765,0.0000,0.9710
208872,576,30,0.1000,0.00000500,0.0000,4.2103,646.2280,0.0000,0.9802
208873,450,21,0.1000,0.00000500,0.0000,6.0638,651.8728,0.0000,0.9792
208874,1470,42,0.1000,0.00000500,0.0000,10.0597,687.6517,0.0000,0.9710
208875,434,27,0.1000,0.00000500,0.0000,8.0075,644.8145,0.0000,0.9722
208876,1449,51,0.1000,0.00000500,0.0000,7.0936,676.5364,0.0000,0.9810
208877,710,43,0.1000,0.00000500,0.0000,8.0566,639.5633,0.0000,0.9767
208878,456,24,0.1000,0.00000500,0.0000,6.5969,646.7344,0.0000,0.9753
208879,718,38,0.1000,0.00000500,0.0000,5.0268,648.2485,0.0000,0.9811
208880,73,9,0.1000,0.00000500,0.0000,5.6603,618.7297,0.0000,0.9931
208881,305,21,0.1000,0.00000500,0.0000,7.0609,640.4664,0.0000,0.9792
208882,926,33,0.1000,0.00000500,0.0000,6.7728,669.7626,0.0000,0.9801
208883,128,15,0.1000,0.00000500,0.0000,8.1026,611.1525,0.0000,0.9729
208884,226,18,0.1000,0.00000500,0.0000,4.1377,636.4123,0.0000,0.9861
208885,296,21,0.1000,0.00000500,0.0000,5.3600,646.5080,0.0000,0.9821
208886,1701,45,0.1000,0.00000500,0.0000,5.4011,701.2281,0.0000,0.9854
208887,1214,39,0.1000,0.00000500,0.0000,6.0910,683.5722,0.0000,0.9832
208888,476,27,0.1000,0.00000500,0.0000,5.7295,650.5575,0.0000,0.9769
208889,735,34,0.1000,0.00000500,0.0000,6.6807,660.6864,0.0000,0.9761
208890,3232,69,0.1000,0.00000500,0.0000,6.3382,717.7037,0.0000,0.9792
208891,899,45,0.1000,0.00000500,0.0000,7.2658,665.7821,0.0000,0.9792
208892,651,39,0.1000,0.00000500,0.0000,4.5607,650.1882,0.0000,0.9800
208893,3222,57,0.1000,0.00000500,0.0000,5.4521,754.4553,0.0000,0.9863
208894,1704,51,0.1000,0.00000500,0.0000,7.1233,687.0174,0.0000,0.9798
208895,1332,54,0.1000,0.00000500,0.0000,6.8745,673.5603,0.0000,0.9821
208896,167,18,0.1000,0.00000500,0.0000,6.5717,621.7244,0.0000,0.9878
208897,1267,45,0.1000,0.00000500,0.0000,5.3581,677.9855,0.0000,0.9819
208898,43,6,0.1000,0.00000500,0.0000,3.1268,591.9116,0.0000,0.9844
208899,45,8,0.1000,0.00000500,0.0000,6.2481,594.7275,0.0000,0.9883
208900,4925,66,0.1000,0.00000500,0.0000,5.0373,774.4794,0.0000,0.9830
208901,216,20,0.1000,0.00000500,0.0000,7.6456,622.2629,0.0000,0.9719
208902,2167,87,0.1000,0.00000500,0.0000,5.6396,663.2677,0.0000,0.9792
208903,3800,69,0.1000,0.00000500,0.0000,5.6337,753.2564,0.0000,0.9764
208904,71,9,0.1000,0.00000500,0.0000,6.8018,609.3996,0.0000,0.9722
208905,8550,90,0.1000,0.00000500,0.0000,6.6148,808.0922,0.0000,0.9812
208906,118,15,0.1000,0.00000500,0.0000,5.6055,611.6940,0.0000,0.9771
208907,915,36,0.1000,0.00000500,0.0000,4.9226,670.1139,0.0000,0.9809
208908,746,33,0.1000,0.00000500,0.0000,6.9843,662.1096,0.0000,0.9801
208909,287,17,0.1000,0.00000500,0.0000,5.9122,635.6239,0.0000,0.9724
208910,2291,48,0.1000,0.00000500,0.0000,5.4801,746.4256,0.0000,0.9805
208911,165,18,0.1000,0.00000500,0.0000,6.3040,621.8052,0.0000,0.9757
208912,762,27,0.1000,0.00000500,0.0000,4.7535,655.0584,0.0000,0.9780
208913,176,23,0.1000,0.00000500,0.0000,5.3902,614.2576,0.0000,0.9837
208914,36,9,0.1000,0.00000500,0.0000,3.1324,597.9787,0.0000,0.9861
208915,543,33,0.1000,0.00000500,0.0000,7.6787,643.2604,0.0000,0.9706
208916,884,45,0.1000,0.00000500,0.0000,5.9515,645.5078,0.0000,0.9819
208917,286,18,0.1000,0.00000500,0.0000,5.3140,631.7600,0.0000,0.9844
208918,295,18,0.1000,0.00000500,0.0000,6.0907,632.1685,0.0000,0.9844
208919,357,26,0.1000,0.00000500,0.0000,5.2357,641.1826,0.0000,0.9892
208920,818,36,0.1000,0.00000500,0.0000,7.2832,659.8854,0.0000,0.9835
208921,9225,119,0.1000,0.00000500,0.0000,6.7400,782.7127,0.0000,0.9766
208922,1195,36,0.1000,0.00000500,0.0000,7.7778,689.5394,0.0000,0.9792
208923,460,30,0.1000,0.00000500,0.0000,6.4877,628.8124,0.0000,0.9812
208924,4012,60,0.1000,0.00000500,0.0000,5.6901,775.3779,0.0000,0.9776
208925,1033,32,0.1000,0.00000500,0.0000,7.1588,683.8186,0.0000,0.9814
208926,45,9,0.1000,0.00000500,0.0000,6.2072,589.7041,0.0000,0.9618
208927,111,15,0.1000,0.00000500,0.0000,3.4606,605.7543,0.0000,0.9833
208928,497,30,0.1000,0.00000500,0.0000,8.1185,639.0578,0.0000,0.9740
208929,207,15,0.1000,0.00000500,0.0000,4.2641,625.5940,0.0000,0.9875
208930,1053,36,0.1000,0.00000500,0.0000,5.4115,676.9297,0.0000,0.9844
208931,905,33,0.1000,0.00000500,0.0000,5.8643,672.8636,0.0000,0.9792
208932,455,30,0.1000,0.00000500,0.0000,7.5457,631.0573,0.0000,0.9708
208933,436,34,0.1000,0.00000500,0.0000,6.3912,633.5159,0.0000,0.9770
208934,215,21,0.1000,0.00000500,0.0000,8.7102,616.6812,0.0000,0.9777
208935,1231,42,0.1000,0.00000500,0.0000,7.1447,679.0723,0.0000,0.9777
208936,351,27,0.1000,0.00000500,0.0000,6.1354,627.2511,0.0000,0.9803
208937,73,12,0.1000,0.00000500,0.0000,5.0173,604.5347,0.0000,0.9896
208938,422,24,0.1000,0.00000500,0.0000,3.7061,630.7008,0.0000,0.9831
208939,332,21,0.1000,0.00000500,0.0000,5.8880,631.2948,0.0000,0.9777
208940,477,30,0.1000,0.00000500,0.0000,5.5394,638.6856,0.0000,0.9792
208941,1222,54,0.1000,0.00000500,0.0000,5.8585,665.3009,0.0000,0.9757
208942,1142,45,0.1000,0.00000500,0.0000,4.5304,666.8229,0.0000,0.9826
208943,59,12,0.1000,0.00000500,0.0000,8.0054,593.7498,0.0000,0.9818
208944,367,23,0.1000,0.00000500,0.0000,5.2341,641.3628,0.0000,0.9837
208945,645,33,0.1000,0.00000500,0.0000,6.0526,646.1580,0.0000,0.9773
208946,454,24,0.1000,0.00000500,0.0000,7.6964,643.6756,0.0000,0.9766
208947,1344,38,0.1000,0.00000500,0.0000,7.1701,693.8911,0.0000,0.9811
208948,394,27,0.1000,0.00000500,0.0000,5.5511,637.8860,0.0000,0.9803
208949,245,24,0.1000,0.00000500,0.0000,8.7618,615.1605,0.0000,0.9674
208950,550,39,0.1000,0.00000500,0.0000,5.0701,630.7387,0.0000,0.9752
208951,166,15,0.1000,0.00000500,0.0000,5.7020,602.6049,0.0000,0.9854
208952,690,39,0.1000,0.00000500,0.0000,6.8199,653.1293,0.0000,0.9848
208953,732,36,0.1000,0.00000500,0.0000,5.7548,653.7604,0.0000,0.9818
208954,400,30,0.1000,0.00000500,0.0000,4.2233,628.3181,0.0000,0.9896
208955,2626,60,0.1000,0.00000500,0.0000,5.9582,719.1116,0.0000,0.9812
208956,2292,78,0.1000,0.00000500,0.0000,7.3473,677.1934,0.0000,0.9816
208957,89,12,0.1000,0.00000500,0.0000,3.8363,606.5066,0.0000,0.9818
208958,73,13,0.1000,0.00000500,0.0000,9.1241,610.6275,0.0000,0.9712
208959,157,15,0.1000,0.00000500,0.0000,7.6772,615.9069,0.0000,0.9792
208960,2774,111,0.1000,0.00000500,0.0000,6.4492,667.1134,0.0000,0.9789
208961,1362,45,0.1000,0.00000500,0.0000,7.4731,681.9223,0.0000,0.9785
208962,564,32,0.1000,0.00000500,0.0000,5.4193,638.8268,0.0000,0.9824
208963,142,15,0.1000,0.00000500,0.0000,7.0299,610.1636,0.0000,0.9750
208964,548,36,0.1000,0.00000500,0.0000,4.9061,637.6096,0.0000,0.9809
208965,689,44,0.1000,0.00000500,0.0000,6.6155,636.8437,0.0000,0.9773
208966,1924,60,0.1000,0.00000500,0.0000,5.0754,661.3470,0.0000,0.9786
208967,628,30,0.1000,0.00000500,0.0000,8.8429,650.5756,0.0000,0.9740
208968,3792,75,0.1000,0.00000500,0.0000,6.2560,729.6937,0.0000,0.9821
208969,627,42,0.1000,0.00000500,0.0000,8.7587,630.5201,0.0000,0.9799
208970,62,9,0.1000,0.00000500,0.0000,8.9185,601.5672,0.0000,0.9618
208971,2957,72,0.1000,0.00000500,0.0000,6.7944,709.2109,0.0000,0.9800
208972,2206,57,0.1000,0.00000500,0.0000,3.6059,698.6657,0.0000,0.9803
208973,43,9,0.1000,0.00000500,0.0000,4.6055,594.5886,0.0000,0.9688
208974,135,15,0.1000,0.00000500,0.0000,7.2116,615.2486,0.0000,0.9688
208975,178,18,0.1000,0.00000500,0.0000,5.9953,609.4557,0.0000,0.9826
208976,1039,39,0.1000,0.00000500,0.0000,8.3336,661.7359,0.0000,0.9720
208977,1138,51,0.1000,0.00000500,0.0000,6.5920,659.1346,0.0000,0.9749
208978,5703,90,0.1000,0.00000500,0.0000,4.8540,753.7952,0.0000,0.9809
208979,292,18,0.1000,0.00000500,0.0000,4.7077,633.2889,0.0000,0.9878
208980,289,24,0.1000,0.00000500,0.0000,10.2372,629.2427,0.0000,0.9779
208981,440,30,0.1000,0.00000500,0.0000,6.5781,630.4428,0.0000,0.9802
208982,266,25,0.1000,0.00000500,0.0000,5.7834,615.3467,0.0000,0.9775
208983,531,30,0.1000,0.00000500,0.0000,6.2778,647.3738,0.0000,0.9802
208984,159,18,0.1000,0.00000500,0.0000,6.2185,610.7704,0.0000,0.9792
208985,253,24,0.1000,0.00000500,0.0000,7.1311,615.9109,0.0000,0.9792
208986,541,24,0.1000,0.00000500,0.0000,4.3008,662.5079,0.0000,0.9792
208987,166,15,0.1000,0.00000500,0.0000,9.2483,610.6572,0.0000,0.9771
208988,366,21,0.1000,0.00000500,0.0000,7.2062,634.5348,0.0000,0.9762
208989,1072,41,0.1000,0.00000500,0.0000,5.8943,667.3369,0.0000,0.9825
208990,106,12,0.1000,0.00000500,0.0000,8.4418,605.1119,0.0000,0.9609
208991,998,54,0.1000,0.00000500,0.0000,4.9421,637.2878,0.0000,0.9838
208992,1354,39,0.1000,0.00000500,0.0000,7.0754,694.4850,0.0000,0.9704
208993,991,42,0.1000,0.00000500,0.0000,5.7863,656.9584,0.0000,0.9769
208994,653,27,0.1000,0.00000500,0.0000,8.0802,652.8899,0.0000,0.9745
208995,192,18,0.1000,0.00000500,0.0000,5.6088,610.7971,0.0000,0.9740
208996,165,18,0.1000,0.00000500,0.0000,3.0126,608.5038,0.0000,0.9861
208997,166,18,0.1000,0.00000500,0.0000,3.8503,604.3918,0.0000,0.9844
208998,432,21,0.1000,0.00000500,0.0000,8.9930,636.8115,0.0000,0.9777
208999,289,21,0.1000,0.00000500,0.0000,6.6130,639.6111,0.0000,0.9807
209000,224,18,0.1000,0.00000500,0.0000,8.2178,631.8661,0.0000,0.9722
209001,293,18,0.1000,0.00000500,0.0000,6.8215,634.8811,0.0000,0.9896
209002,553,24,0.1000,0.00000500,0.0000,3.6681,653.6116,0.0000,0.9896
209003,529,27,0.1000,0.00000500,0.0000,5.9328,640.3828,0.0000,0.9780
209004,158,15,0.1000,0.00000500,0.0000,6.9772,614.1393,0.0000,0.9563
209005,788,42,0.1000,0.00000500,0.0000,6.1407,642.2186,0.0000,0.9814
209006,1139,54,0.1000,0.00000500,0.0000,5.8967,650.4685,0.0000,0.9751
209007,1351,39,0.1000,0.00000500,0.0000,4.6116,698.4285,0.0000,0.9832
209008,860,39,0.1000,0.00000500,0.0000,5.9627,661.4826,0.0000,0.9824
209009,220,17,0.1000,0.00000500,0.0000,6.4356,622.0597,0.0000,0.9835
209010,179,18,0.1000,0.00000500,0.0000,6.6424,625.7527,0.0000,0.9757
209011,271,24,0.1000,0.00000500,0.0000,3.7291,616.9407,0.0000,0.9818
209012,50,9,0.1000,0.00000500,0.0000,8.3393,596.4655,0.0000,0.9653
209013,1799,53,0.1000,0.00000500,0.0000,6.4424,687.9320,0.0000,0.9811
209014,4996,97,0.1000,0.00000500,0.0000,6.0777,722.5422,0.0000,0.9784
209015,111,15,0.1000,0.00000500,0.0000,7.9295,601.9287,0.0000,0.9688
209016,1519,39,0.1000,0.00000500,0.0000,5.8618,708.8671,0.0000,0.9808
209017,107,12,0.1000,0.00000500,0.0000,3.8967,603.2150,0.0000,0.9740
209018,2045,96,0.1000,0.00000500,0.0000,5.9836,647.7188,0.0000,0.9811
209019,1881,60,0.1000,0.00000500,0.0000,8.3945,673.4389,0.0000,0.9771
209020,402,30,0.1000,0.00000500,0.0000,4.6881,632.7382,0.0000,0.9844
209021,217,18,0.1000,0.00000500,0.0000,4.7203,625.1446,0.0000,0.9878
209022,935,45,0.1000,0.00000500,0.0000,5.7601,648.4092,0.0000,0.9792
209023,158,15,0.1000,0.00000500,0.0000,8.1884,615.3578,0.0000,0.9875
209024,346,26,0.1000,0.00000500,0.0000,6.4172,635.0124,0.0000,0.9760
209025,477,27,0.1000,0.00000500,0.0000,3.9529,636.4307,0.0000,0.9803
209026,6796,195,0.1000,0.00000500,0.0000,6.0755,686.5696,0.0000,0.9788
209027,1506,41,0.1000,0.00000500,0.0000,4.6857,703.2802,0.0000,0.9794
209028,659,27,0.1000,0.00000500,0.0000,4.9686,654.7818,0.0000,0.9780
209029,2059,57,0.1000,0.00000500,0.0000,6.0046,691.9805,0.0000,0.9825
209030,159,18,0.1000,0.00000500,0.0000,3.3366,610.4267,0.0000,0.9844
209031,4086,93,0.1000,0.00000500,0.0000,6.1284,712.8533,0.0000,0.9728
209032,546,27,0.1000,0.00000500,0.0000,5.2684,639.8873,0.0000,0.9850
209033,35,9,0.1000,0.00000500,0.0000,6.7774,593.2113,0.0000,0.9688
209034,161,15,0.1000,0.00000500,0.0000,9.9211,605.7729,0.0000,0.9792
209035,455,27,0.1000,0.00000500,0.0000,5.2345,632.2739,0.0000,0.9907
209036,1323,42,0.1000,0.00000500,0.0000,4.6808,677.6373,0.0000,0.9859
209037,52,12,0.1000,0.00000500,0.0000,4.1167,587.1948,0.0000,0.9792
209038,465,36,0.1000,0.00000500,0.0000,7.0915,628.6168,0.0000,0.9818
209039,1300,45,0.1000,0.00000500,0.0000,5.4780,660.6845,0.0000,0.9861
209040,757,39,0.1000,0.00000500,0.0000,7.4917,635.0506,0.0000,0.9832
209041,261,21,0.1000,0.00000500,0.0000,7.8396,617.0164,0.0000,0.9821
209042,325,30,0.1000,0.00000500,0.0000,6.1804,613.5706,0.0000,0.9854
209043,656,24,0.1000,0.00000500,0.0000,4.1245,654.8577,0.0000,0.9831
209044,2298,51,0.1000,0.00000500,0.0000,4.9674,719.2169,0.0000,0.9786
209045,586,39,0.1000,0.00000500,0.0000,6.8385,630.5933,0.0000,0.9784
209046,1366,66,0.1000,0.00000500,0.0000,5.5327,648.6411,0.0000,0.9768
209047,7388,81,0.1000,0.00000500,0.0000,7.7548,788.1483,0.0000,0.9742
209048,920,37,0.1000,0.00000500,0.0000,5.0368,664.6467,0.0000,0.9747
209049,510,24,0.1000,0.00000500,0.0000,3.3772,646.7077,0.0000,0.9766
209050,8950,90,0.1000,0.00000500,0.0000,6.3506,805.8720,0.0000,0.9812
209051,101,15,0.1000,0.00000500,0.0000,6.1810,604.8519,0.0000,0.9833
209052,4092,102,0.1000,0.00000500,0.0000,7.1847,699.3926,0.0000,0.9743
209053,1108,39,0.1000,0.00000500,0.0000,7.4202,663.4935,0.0000,0.9776
209054,40,9,0.1000,0.00000500,0.0000,3.3477,586.4641,0.0000,0.9826
209055,79,13,0.1000,0.00000500,0.0000,6.4363,605.1519,0.0000,0.9688
209056,3739,60,0.1000,0.00000500,0.0000,7.8711,740.9751,0.0000,0.9802
209057,149,21,0.1000,0.00000500,0.0000,3.8262,605.8011,0.0000,0.9866
209058,286,27,0.1000,0.00000500,0.0000,5.3924,610.7184,0.0000,0.9803
209059,1612,62,0.1000,0.00000500,0.0000,5.9246,659.6459,0.0000,0.9768
209060,1211,39,0.1000,0.00000500,0.0000,4.7793,680.5458,0.0000,0.9824
209061,370,24,0.1000,0.00000500,0.0000,6.7920,626.2580,0.0000,0.9818
209062,311,27,0.1000,0.00000500,0.0000,4.5085,618.4465,0.0000,0.9815
209063,853,48,0.1000,0.00000500,0.0000,6.0243,638.8830,0.0000,0.9792
209064,284,18,0.1000,0.00000500,0.0000,7.5876,628.1516,0.0000,0.9913
209065,2046,76,0.1000,0.00000500,0.0000,5.9366,670.4318,0.0000,0.9762
209066,2227,66,0.1000,0.00000500,0.0000,6.1919,673.1019,0.0000,0.9839
209067,1221,42,0.1000,0.00000500,0.0000,5.3912,665.2935,0.0000,0.9829
209068,727,36,0.1000,0.00000500,0.0000,7.6869,635.3586,0.0000,0.9748
209069,276,27,0.1000,0.00000500,0.0000,5.3208,615.6107,0.0000,0.9803
209070,2050,78,0.1000,0.00000500,0.0000,6.8659,667.4221,0.0000,0.9780
209071,788,30,0.1000,0.00000500,0.0000,7.7179,664.2459,0.0000,0.9771
209072,1159,48,0.1000,0.00000500,0.0000,5.2524,659.8216,0.0000,0.9818
209073,13697,120,0.1000,0.00000500,0.0000,5.9439,819.7186,0.0000,0.9812
209074,260,24,0.1000,0.00000500,0.0000,5.1014,614.2215,0.0000,0.9844
209075,212,15,0.1000,0.00000500,0.0000,5.5359,623.2224,0.0000,0.9792
209076,255,24,0.1000,0.00000500,0.0000,5.7829,614.6570,0.0000,0.9727
209077,207,21,0.1000,0.00000500,0.0000,4.0007,606.4117,0.0000,0.9851
209078,316,27,0.1000,0.00000500,0.0000,9.5416,619.5313,0.0000,0.9780
209079,208,24,0.1000,0.00000500,0.0000,6.0285,608.1583,0.0000,0.9909
209080,175,15,0.1000,0.00000500,0.0000,11.0421,616.1711,0.0000,0.9688
209081,9950,102,0.1000,0.00000500,0.0000,5.4778,805.5117,0.0000,0.9825
209082,210,19,0.1000,0.00000500,0.0000,2.9235,612.6463,0.0000,0.9770
209083,714,39,0.1000,0.00000500,0.0000,4.7120,643.5287,0.0000,0.9800
209084,410,27,0.1000,0.00000500,0.0000,4.9786,629.7380,0.0000,0.9815
209085,233,21,0.1000,0.00000500,0.0000,5.9250,615.4933,0.0000,0.9851
209086,126,15,0.1000,0.00000500,0.0000,4.9986,601.4489,0.0000,0.9812
209087,414,33,0.1000,0.00000500,0.0000,5.5540,620.4881,0.0000,0.9820
209088,863,41,0.1000,0.00000500,0.0000,8.9255,648.4371,0.0000,0.9741
209089,2099,78,0.1000,0.00000500,0.0000,5.6287,660.4846,0.0000,0.9772
209090,1225,51,0.1000,0.00000500,0.0000,7.2741,655.7517,0.0000,0.9755
209091,135,15,0.1000,0.00000500,0.0000,3.1398,610.5852,0.0000,0.9917
209092,454,27,0.1000,0.00000500,0.0000,8.8671,639.7016,0.0000,0.9699
209093,442,21,0.1000,0.00000500,0.0000,5.3508,653.2950,0.0000,0.9851
209094,629,30,0.1000,0.00000500,0.0000,4.5537,640.5053,0.0000,0.9812
209095,4602,66,0.1000,0.00000500,0.0000,7.6879,767.5769,0.0000,0.9787
209096,1123,48,0.1000,0.00000500,0.0000,4.8039,652.8209,0.0000,0.9837
209097,2094,51,0.1000,0.00000500,0.0000,6.5240,705.1442,0.0000,0.9847
209098,1044,37,0.1000,0.00000500,0.0000,6.9200,670.2401,0.0000,0.9764
209099,160,15,0.1000,0.00000500,0.0000,5.0212,603.3203,0.0000,0.9729
209100,403,27,0.1000,0.00000500,0.0000,4.8393,619.7441,0.0000,0.9815
209101,285,16,0.1000,0.00000500,0.0000,9.9678,645.2803,0.0000,0.9824
209102,7733,81,0.1000,0.00000500,0.0000,6.0945,798.8492,0.0000,0.9765
209103,1375,45,0.1000,0.00000500,0.0000,5.6401,653.4406,0.0000,0.9819
209104,781,30,0.1000,0.00000500,0.0000,4.0652,657.3953,0.0000,0.9844
209105,487,33,0.1000,0.00000500,0.0000,3.5557,625.8591,0.0000,0.9877
209106,140,18,0.1000,0.00000500,0.0000,5.3880,609.5759,0.0000,0.9826
209107,221,23,0.1000,0.00000500,0.0000,5.8075,601.4411,0.0000,0.9851
209108,281,18,0.1000,0.00000500,0.0000,3.7944,622.6529,0.0000,0.9757
209109,5956,102,0.1000,0.00000500,0.0000,8.1338,749.0171,0.0000,0.9798
209110,942,48,0.1000,0.00000500,0.0000,4.1318,645.9233,0.0000,0.9805
209111,37,8,0.1000,0.00000500,0.0000,5.3961,0.0000,0.0000,0.9688
209112,366,21,0.1000,0.00000500,0.0000,4.9967,630.6340,0.0000,0.9836
209113,1096,42,0.1000,0.00000500,0.0000,6.0517,653.5926,0.0000,0.9732
209114,1348,51,0.1000,0.00000500,0.0000,6.3720,657.7060,0.0000,0.9792
209115,419,27,0.1000,0.00000500,0.0000,6.9119,627.9978,0.0000,0.9861
209116,869,36,0.1000,0.00000500,0.0000,7.2512,655.3867,0.0000,0.9818
209117,1119,45,0.1000,0.00000500,0.0000,6.2275,650.2325,0.0000,0.9833
209118,767,39,0.1000,0.00000500,0.0000,4.6974,642.2878,0.0000,0.9792
209119,2619,77,0.1000,0.00000500,0.0000,6.2340,684.2525,0.0000,0.9809
209120,369,21,0.1000,0.00000500,0.0000,5.9653,629.8407,0.0000,0.9821
209121,607,30,0.1000,0.00000500,0.0000,5.8538,639.7674,0.0000,0.9854
209122,538,27,0.1000,0.00000500,0.0000,5.2931,637.9766,0.0000,0.9838
209123,128,18,0.1000,0.00000500,0.0000,5.1246,601.6654,0.0000,0.9861
209124,1010,48,0.1000,0.00000500,0.0000,7.4134,650.7372,0.0000,0.9792
209125,1797,51,0.1000,0.00000500,0.0000,6.0518,678.5206,0.0000,0.9847
209126,448,27,0.1000,0.00000500,0.0000,6.3484,631.0851,0.0000,0.9803
209127,1172,42,0.1000,0.00000500,0.0000,5.5944,660.9942,0.0000,0.9836
209128,73,12,0.1000,0.00000500,0.0000,5.0495,591.8844,0.0000,0.9792
209129,50,9,0.1000,0.00000500,0.0000,4.9921,589.7735,0.0000,0.9757
209130,640,24,0.1000,0.00000500,0.0000,4.1472,647.4156,0.0000,0.9831
209131,784,30,0.1000,0.00000500,0.0000,4.7413,652.8565,0.0000,0.9823
209132,1045,51,0.1000,0.00000500,0.0000,7.1807,633.5515,0.0000,0.9743
209133,220,23,0.1000,0.00000500,0.0000,7.1251,608.5915,0.0000,0.9837
209134,1894,50,0.1000,0.00000500,0.0000,6.2078,678.3052,0.0000,0.9800
209135,615,39,0.1000,0.00000500,0.0000,4.0969,625.2870,0.0000,0.9856
209136,162,16,0.1000,0.00000500,0.0000,5.5601,607.5198,0.0000,0.9785
209137,1668,61,0.1000,0.00000500,0.0000,5.8805,667.5276,0.0000,0.9769
209138,115,15,0.1000,0.00000500,0.0000,6.2685,596.4044,0.0000,0.9771
209139,694,45,0.1000,0.00000500,0.0000,5.8941,629.4136,0.0000,0.9792
209140,1039,30,0.1000,0.00000500,0.0000,9.3768,677.1704,0.0000,0.9740
209141,306,25,0.1000,0.00000500,0.0000,5.7346,613.3104,0.0000,0.9850
209142,1619,66,0.1000,0.00000500,0.0000,6.6278,659.9628,0.0000,0.9735
209143,166,15,0.1000,0.00000500,0.0000,5.1490,601.9765,0.0000,0.9833
209144,1344,36,0.1000,0.00000500,0.0000,5.4095,677.9703,0.0000,0.9800
209145,1162,42,0.1000,0.00000500,0.0000,4.8671,660.6295,0.0000,0.9836
209146,1866,45,0.1000,0.00000500,0.0000,5.9786,698.2001,0.0000,0.9736
209147,344,27,0.1000,0.00000500,0.0000,7.2257,615.8900,0.0000,0.9757
209148,240,24,0.1000,0.00000500,0.0000,3.7675,615.5280,0.0000,0.9766
209149,1186,48,0.1000,0.00000500,0.0000,6.4284,653.5157,0.0000,0.9818
209150,170,18,0.1000,0.00000500,0.0000,7.5777,608.6272,0.0000,0.9705
209151,48,9,0.1000,0.00000500,0.0000,6.1625,578.9897,0.0000,0.9826
209152,1059,36,0.1000,0.00000500,0.0000,5.3143,665.1352,0.0000,0.9861
209153,1236,42,0.1000,0.00000500,0.0000,6.8057,665.6671,0.0000,0.9769
209154,216,21,0.1000,0.00000500,0.0000,3.3663,609.2749,0.0000,0.9836
209155,182,21,0.1000,0.00000500,0.0000,6.1966,599.4501,0.0000,0.9836
209156,1191,36,0.1000,0.00000500,0.0000,5.0958,671.6086,0.0000,0.9826
209157,104,18,0.1000,0.00000500,0.0000,7.4013,590.6670,0.0000,0.9740
209158,1499,79,0.1000,0.00000500,0.0000,6.6642,635.6600,0.0000,0.9842
209159,1091,42,0.1000,0.00000500,0.0000,8.6066,651.0203,0.0000,0.9747
209160,2537,75,0.1000,0.00000500,0.0000,5.0426,677.0066,0.0000,0.9829
209161,1231,48,0.1000,0.00000500,0.0000,7.7193,656.0501,0.0000,0.9772
209162,2284,60,0.1000,0.00000500,0.0000,4.4954,691.3123,0.0000,0.9823
209163,760,39,0.1000,0.00000500,0.0000,5.4041,640.5489,0.0000,0.9824
209164,180,21,0.1000,0.00000500,0.0000,6.2836,601.7731,0.0000,0.9777
209165,182,22,0.1000,0.00000500,0.0000,4.2086,600.8760,0.0000,0.9801
209166,667,39,0.1000,0.00000500,0.0000,4.9981,631.1379,0.0000,0.9856
209167,60,9,0.1000,0.00000500,0.0000,5.4832,590.8729,0.0000,0.9861
209168,73,9,0.1000,0.00000500,0.0000,5.8989,593.2452,0.0000,0.9896
209169,295,21,0.1000,0.00000500,0.0000,7.8001,619.1592,0.0000,0.9792
209170,271,27,0.1000,0.00000500,0.0000,6.8469,602.3086,0.0000,0.9826
209171,432,27,0.1000,0.00000500,0.0000,4.7494,628.6006,0.0000,0.9803
209172,1301,57,0.1000,0.00000500,0.0000,5.7989,635.6468,0.0000,0.9819
209173,7450,105,0.1000,0.00000500,0.0000,5.4465,755.3503,0.0000,0.9815
209174,125,18,0.1000,0.00000500,0.0000,8.8262,597.1724,0.0000,0.9774
209175,2125,66,0.1000,0.00000500,0.0000,5.5833,672.3485,0.0000,0.9796
209176,765,36,0.1000,0.00000500,0.0000,4.8536,640.3541,0.0000,0.9852
209177,58,12,0.1000,0.00000500,0.0000,6.5324,586.2895,0.0000,0.9870
209178,546,24,0.1000,0.00000500,0.0000,5.6118,643.1723,0.0000,0.9818
209179,346,27,0.1000,0.00000500,0.0000,4.1287,614.8409,0.0000,0.9734
209180,806,36,0.1000,0.00000500,0.0000,5.2321,644.2881,0.0000,0.9783
209181,1699,42,0.1000,0.00000500,0.0000,5.4028,693.3308,0.0000,0.9792
209182,361,21,0.1000,0.00000500,0.0000,8.0684,625.1090,0.0000,0.9777
209183,578,32,0.1000,0.00000500,0.0000,4.3519,636.9408,0.0000,0.9844
209184,1412,54,0.1000,0.00000500,0.0000,6.6548,656.3434,0.0000,0.9786
209185,102,12,0.1000,0.00000500,0.0000,7.1515,589.8640,0.0000,0.9740
209186,655,24,0.1000,0.00000500,0.0000,5.5685,659.1107,0.0000,0.9818
209187,61,12,0.1000,0.00000500,0.0000,4.5796,579.6877,0.0000,0.9818
209188,717,36,0.1000,0.00000500,0.0000,5.5820,630.1171,0.0000,0.9757
209189,678,42,0.1000,0.00000500,0.0000,5.8446,625.0224,0.0000,0.9740
209190,917,42,0.1000,0.00000500,0.0000,5.8549,640.2402,0.0000,0.9799
209191,916,39,0.1000,0.00000500,0.0000,6.0695,645.2600,0.0000,0.9824
209192,287,18,0.1000,0.00000500,0.0000,7.4248,613.4804,0.0000,0.9792
209193,225,18,0.1000,0.00000500,0.0000,8.4804,612.0148,0.0000,0.9792
209194,69,12,0.1000,0.00000500,0.0000,7.6471,585.3855,0.0000,0.9844
209195,2046,57,0.1000,0.00000500,0.0000,5.8264,674.9663,0.0000,0.9797
209196,1521,42,0.1000,0.00000500,0.0000,5.4727,682.1186,0.0000,0.9777
209197,1372,42,0.1000,0.00000500,0.0000,6.0888,678.1549,0.0000,0.9747
209198,1393,63,0.1000,0.00000500,0.0000,6.8706,651.3149,0.0000,0.9717
209199,3062,87,0.1000,0.00000500,0.0000,5.6787,675.7276,0.0000,0.9752
209200,3010,54,0.1000,0.00000500,0.0000,6.5989,721.5029,0.0000,0.9792
209001,253,28,0.1000,0.00000500,0.0000,4.9789,612.7143,0.0000,0.9989
209002,373,21,0.1000,0.00000500,0.0000,5.6981,641.4428,0.0000,0.9970
209003,3415,72,0.1000,0.00000500,0.0000,6.7414,710.0174,0.0000,0.9961
209004,554,27,0.1000,0.00000500,0.0000,4.8694,645.7735,0.0000,0.9977
209005,1154,45,0.1000,0.00000500,0.0000,6.1270,660.9746,0.0000,0.9958
209006,611,36,0.1000,0.00000500,0.0000,6.6471,637.0294,0.0000,0.9965
209007,1243,45,0.1000,0.00000500,0.0000,5.2066,665.3884,0.0000,0.9979
209008,3350,90,0.1000,0.00000500,0.0000,6.5107,691.2369,0.0000,0.9958
209009,351,27,0.1000,0.00000500,0.0000,7.7522,639.0290,0.0000,0.9931
209010,2523,51,0.1000,0.00000500,0.0000,7.0492,705.7406,0.0000,0.9945
209011,117,15,0.1000,0.00000500,0.0000,7.0471,609.9097,0.0000,0.9938
209012,44,9,0.1000,0.00000500,0.0000,6.2848,608.9527,0.0000,0.9965
209013,689,39,0.1000,0.00000500,0.0000,5.2359,635.3209,0.0000,0.9968
209014,1473,66,0.1000,0.00000500,0.0000,5.0306,651.8539,0.0000,0.9986
209015,1456,59,0.1000,0.00000500,0.0000,5.7096,661.9259,0.0000,0.9968
209016,315,26,0.1000,0.00000500,0.0000,10.1121,621.8133,0.0000,0.9916
209017,219,15,0.1000,0.00000500,0.0000,5.3754,623.5133,0.0000,0.9958
209018,48,9,0.1000,0.00000500,0.0000,6.1640,589.5944,0.0000,0.9965
209019,4158,84,0.1000,0.00000500,0.0000,6.4866,726.3529,0.0000,0.9959
209020,555,27,0.1000,0.00000500,0.0000,4.9319,642.3997,0.0000,0.9977
209021,609,42,0.1000,0.00000500,0.0000,5.8137,624.8187,0.0000,0.9970
209022,1131,42,0.1000,0.00000500,0.0000,5.9173,671.2424,0.0000,0.9970
209023,833,36,0.1000,0.00000500,0.0000,4.9627,649.8905,0.0000,0.9974
209024,453,27,0.1000,0.00000500,0.0000,5.6970,642.9128,0.0000,0.9965
209025,1794,81,0.1000,0.00000500,0.0000,6.6897,650.9077,0.0000,0.9958
209026,4296,87,0.1000,0.00000500,0.0000,7.0469,719.3100,0.0000,0.9953
209027,1060,45,0.1000,0.00000500,0.0000,7.5945,648.0742,0.0000,0.9938
209028,2424,63,0.1000,0.00000500,0.0000,8.0248,693.7963,0.0000,0.9926
209029,79,12,0.1000,0.00000500,0.0000,5.0095,593.6747,0.0000,0.9974
209030,1098,45,0.1000,0.00000500,0.0000,8.3355,661.6277,0.0000,0.9931
209031,1322,51,0.1000,0.00000500,0.0000,6.7549,659.5276,0.0000,0.9951
209032,1367,51,0.1000,0.00000500,0.0000,4.8582,661.6398,0.0000,0.9969
209033,427,30,0.1000,0.00000500,0.0000,4.1795,629.8165,0.0000,0.9979
209034,312,24,0.1000,0.00000500,0.0000,5.1304,628.3551,0.0000,0.9987
209035,295,21,0.1000,0.00000500,0.0000,6.8378,625.1122,0.0000,0.9940
209036,577,33,0.1000,0.00000500,0.0000,7.0247,640.9968,0.0000,0.9962
209037,327,27,0.1000,0.00000500,0.0000,5.3546,616.6920,0.0000,0.9977
209038,277,18,0.1000,0.00000500,0.0000,7.2804,632.2069,0.0000,0.9948
209039,1194,54,0.1000,0.00000500,0.0000,5.5136,649.6317,0.0000,0.9971
209040,632,33,0.1000,0.00000500,0.0000,5.1715,638.7695,0.0000,0.9962
209041,3023,60,0.1000,0.00000500,0.0000,5.4469,727.4176,0.0000,0.9979
209042,364,27,0.1000,0.00000500,0.0000,6.8657,616.7037,0.0000,0.9942
209043,747,42,0.1000,0.00000500,0.0000,6.9268,638.9350,0.0000,0.9940
209044,1746,48,0.1000,0.00000500,0.0000,6.0902,702.3336,0.0000,0.9961
209045,3043,81,0.1000,0.00000500,0.0000,5.7359,694.3880,0.0000,0.9965
209046,623,42,0.1000,0.00000500,0.0000,5.7612,632.6882,0.0000,0.9970
209047,455,30,0.1000,0.00000500,0.0000,4.8732,635.5470,0.0000,0.9958
209048,1334,36,0.1000,0.00000500,0.0000,7.8900,685.2276,0.0000,0.9931
209049,1766,48,0.1000,0.00000500,0.0000,5.0003,687.4950,0.0000,0.9987
209050,1262,57,0.1000,0.00000500,0.0000,5.7741,644.2735,0.0000,0.9962
209051,375,21,0.1000,0.00000500,0.0000,5.0550,659.5265,0.0000,0.9970
209052,717,45,0.1000,0.00000500,0.0000,5.3772,633.4494,0.0000,0.9972
209053,355,24,0.1000,0.00000500,0.0000,5.7909,623.5660,0.0000,0.9974
209054,405,24,0.1000,0.00000500,0.0000,3.2470,625.6968,0.0000,1.0000
209055,3239,66,0.1000,0.00000500,0.0000,5.7363,709.5864,0.0000,0.9967
209056,2281,45,0.1000,0.00000500,0.0000,6.4685,716.7479,0.0000,0.9951
209057,397,24,0.1000,0.00000500,0.0000,4.3030,628.2122,0.0000,1.0000
209058,732,51,0.1000,0.00000500,0.0000,7.2728,619.6987,0.0000,0.9951
209059,1557,63,0.1000,0.00000500,0.0000,5.5308,641.9853,0.0000,0.9975
209060,2154,60,0.1000,0.00000500,0.0000,5.7009,687.4264,0.0000,0.9974
209061,20639,255,0.1000,0.00000500,0.0000,5.8914,764.7611,0.0000,0.9964
209062,480,27,0.1000,0.00000500,0.0000,5.7562,636.9534,0.0000,0.9977
209063,245,21,0.1000,0.00000500,0.0000,6.3847,615.0715,0.0000,0.9970
209064,365,30,0.1000,0.00000500,0.0000,4.6164,615.7519,0.0000,0.9969
209065,152,12,0.1000,0.00000500,0.0000,5.0085,611.1314,0.0000,0.9948
209066,83,12,0.1000,0.00000500,0.0000,4.5658,595.7357,0.0000,0.9974
209067,742,45,0.1000,0.00000500,0.0000,6.5892,635.2240,0.0000,0.9944
209068,11081,115,0.1000,0.00000500,0.0000,6.0070,783.8096,0.0000,0.9967
209069,1986,69,0.1000,0.00000500,0.0000,7.2427,674.6384,0.0000,0.9941
209070,292,27,0.1000,0.00000500,0.0000,6.3137,620.5716,0.0000,0.9965
209071,410,26,0.1000,0.00000500,0.0000,6.1345,623.9343,0.0000,0.9952
209072,1016,42,0.1000,0.00000500,0.0000,7.2654,650.7672,0.0000,0.9948
209073,129,18,0.1000,0.00000500,0.0000,5.6909,610.4507,0.0000,0.9965
209074,399,30,0.1000,0.00000500,0.0000,6.8281,623.0883,0.0000,0.9948
209075,780,27,0.1000,0.00000500,0.0000,6.1128,662.8592,0.0000,0.9954
209076,361,21,0.1000,0.00000500,0.0000,5.1004,628.4710,0.0000,0.9955
209077,1361,38,0.1000,0.00000500,0.0000,4.7730,695.3067,0.0000,0.9975
209078,907,30,0.1000,0.00000500,0.0000,5.0699,665.5356,0.0000,0.9969
209079,11447,132,0.1000,0.00000500,0.0000,7.4517,779.4855,0.0000,0.9946
209080,1526,66,0.1000,0.00000500,0.0000,5.7903,649.2387,0.0000,0.9967
209081,587,33,0.1000,0.00000500,0.0000,5.9033,631.8765,0.0000,0.9972
209082,2348,69,0.1000,0.00000500,0.0000,7.0582,688.4665,0.0000,0.9955
209083,685,29,0.1000,0.00000500,0.0000,6.5267,650.3098,0.0000,0.9935
209084,105,12,0.1000,0.00000500,0.0000,9.6216,605.7373,0.0000,0.9896
209085,2212,75,0.1000,0.00000500,0.0000,7.2735,667.2348,0.0000,0.9929
209086,226,21,0.1000,0.00000500,0.0000,7.7903,609.8662,0.0000,0.9955
209087,173,15,0.1000,0.00000500,0.0000,4.1469,601.5185,0.0000,1.0000
209088,476,32,0.1000,0.00000500,0.0000,5.3469,630.0816,0.0000,0.9961
209089,286,19,0.1000,0.00000500,0.0000,6.7730,618.3177,0.0000,0.9951
209090,174,15,0.1000,0.00000500,0.0000,4.5726,606.1598,0.0000,0.9979
209091,127,15,0.1000,0.00000500,0.0000,6.7950,602.0064,0.0000,0.9938
209092,1170,42,0.1000,0.00000500,0.0000,5.7801,664.3698,0.0000,0.9970
209093,329,27,0.1000,0.00000500,0.0000,6.0907,618.3095,0.0000,0.9942
209094,439,33,0.1000,0.00000500,0.0000,4.4728,623.8625,0.0000,0.9981
209095,466,33,0.1000,0.00000500,0.0000,6.2490,630.5486,0.0000,0.9943
209096,291,18,0.1000,0.00000500,0.0000,6.2389,628.5544,0.0000,0.9948
209097,395,27,0.1000,0.00000500,0.0000,6.6412,621.3354,0.0000,0.9954
209098,710,36,0.1000,0.00000500,0.0000,6.0147,646.4385,0.0000,0.9957
209099,1097,60,0.1000,0.00000500,0.0000,5.8973,639.9441,0.0000,0.9974
209100,765,45,0.1000,0.00000500,0.0000,6.1915,637.6649,0.0000,0.9958
209101,47,9,0.1000,0.00000500,0.0000,5.4596,607.9654,0.0000,0.9965
209102,634,42,0.1000,0.00000500,0.0000,6.2860,626.4328,0.0000,0.9963
209103,215,18,0.1000,0.00000500,0.0000,6.6333,613.6583,0.0000,0.9965
209104,788,39,0.1000,0.00000500,0.0000,8.1092,641.3662,0.0000,0.9920
209105,773,30,0.1000,0.00000500,0.0000,5.3893,655.6200,0.0000,0.9979
209106,2108,60,0.1000,0.00000500,0.0000,4.9615,691.0759,0.0000,0.9979
209107,462,22,0.1000,0.00000500,0.0000,6.2036,638.1230,0.0000,0.9957
209108,323,27,0.1000,0.00000500,0.0000,5.9002,619.1535,0.0000,0.9942
209109,1424,57,0.1000,0.00000500,0.0000,4.7677,653.6535,0.0000,0.9978
209110,1621,51,0.1000,0.00000500,0.0000,5.8930,677.7396,0.0000,0.9969
209111,83,15,0.1000,0.00000500,0.0000,5.3397,601.0048,0.0000,0.9938
209112,1037,33,0.1000,0.00000500,0.0000,5.1806,676.9702,0.0000,0.9972
209113,680,36,0.1000,0.00000500,0.0000,7.2591,634.0411,0.0000,0.9957
209114,801,39,0.1000,0.00000500,0.0000,5.4068,650.5016,0.0000,0.9960
209115,379,27,0.1000,0.00000500,0.0000,4.3408,622.7381,0.0000,0.9988
209116,1659,55,0.1000,0.00000500,0.0000,5.4268,662.1872,0.0000,0.9972
209117,103,15,0.1000,0.00000500,0.0000,5.0120,599.3871,0.0000,0.9979
209118,469,30,0.1000,0.00000500,0.0000,7.3130,628.7498,0.0000,0.9938
209119,3175,75,0.1000,0.00000500,0.0000,4.3962,694.3004,0.0000,0.9975
209120,230,20,0.1000,0.00000500,0.0000,5.1169,610.4584,0.0000,0.9969
209121,437,33,0.1000,0.00000500,0.0000,5.2373,627.7052,0.0000,0.9972
209122,6652,96,0.1000,0.00000500,0.0000,6.3585,758.7382,0.0000,0.9951
209123,308,24,0.1000,0.00000500,0.0000,5.7637,622.1477,0.0000,0.9935
209124,2172,81,0.1000,0.00000500,0.0000,5.9179,663.5132,0.0000,0.9961
209125,168,18,0.1000,0.00000500,0.0000,5.9373,602.0574,0.0000,0.9948
209126,4364,72,0.1000,0.00000500,0.0000,6.6341,743.9982,0.0000,0.9944
209127,101,9,0.1000,0.00000500,0.0000,1.9674,601.2967,0.0000,1.0000
209128,706,42,0.1000,0.00000500,0.0000,5.4120,632.1937,0.0000,0.9970
209129,163,15,0.1000,0.00000500,0.0000,7.9586,609.9431,0.0000,0.9938
209130,805,48,0.1000,0.00000500,0.0000,5.0320,629.4153,0.0000,0.9948
209131,423,30,0.1000,0.00000500,0.0000,7.6561,617.3544,0.0000,0.9906
209132,116,18,0.1000,0.00000500,0.0000,6.4590,589.7211,0.0000,0.9913
209133,273,24,0.1000,0.00000500,0.0000,4.4753,609.4260,0.0000,0.9974
209134,229,18,0.1000,0.00000500,0.0000,4.5192,620.4322,0.0000,0.9983
209135,614,36,0.1000,0.00000500,0.0000,8.2543,629.2133,0.0000,0.9922
209136,1356,39,0.1000,0.00000500,0.0000,7.5128,681.2571,0.0000,0.9952
209137,766,26,0.1000,0.00000500,0.0000,5.7870,661.7010,0.0000,0.9964
209138,573,33,0.1000,0.00000500,0.0000,6.2950,635.8788,0.0000,0.9953
209139,1708,54,0.1000,0.00000500,0.0000,5.5870,673.6378,0.0000,0.9959
209140,771,33,0.1000,0.00000500,0.0000,5.2542,667.6310,0.0000,0.9972
209141,3753,75,0.1000,0.00000500,0.0000,5.8747,709.5347,0.0000,0.9954
209142,500,30,0.1000,0.00000500,0.0000,6.3792,634.1542,0.0000,0.9938
209143,317,24,0.1000,0.00000500,0.0000,6.3352,614.1423,0.0000,0.9961
209144,2492,63,0.1000,0.00000500,0.0000,5.6838,693.3375,0.0000,0.9940
209145,171,18,0.1000,0.00000500,0.0000,6.8018,603.7550,0.0000,0.9965
209146,396,33,0.1000,0.00000500,0.0000,6.1162,616.7952,0.0000,0.9943
209147,272,27,0.1000,0.00000500,0.0000,5.4486,609.7509,0.0000,0.9942
209148,2076,87,0.1000,0.00000500,0.0000,5.1102,651.1757,0.0000,0.9960
209149,84,12,0.1000,0.00000500,0.0000,10.5921,606.4614,0.0000,0.9896
209150,7414,159,0.1000,0.00000500,0.0000,5.2614,709.1258,0.0000,0.9974
209151,130,18,0.1000,0.00000500,0.0000,4.9502,598.8727,0.0000,1.0000
209152,726,39,0.1000,0.00000500,0.0000,5.4744,641.7064,0.0000,0.9968
209153,442,30,0.1000,0.00000500,0.0000,6.5937,631.7536,0.0000,0.9948
209154,195,18,0.1000,0.00000500,0.0000,3.5002,610.2276,0.0000,1.0000
209155,163,15,0.1000,0.00000500,0.0000,7.5386,606.8640,0.0000,0.9958
209156,897,32,0.1000,0.00000500,0.0000,6.2651,660.6192,0.0000,0.9961
209157,37,9,0.1000,0.00000500,0.0000,3.6648,575.0107,0.0000,0.9965
209158,672,30,0.1000,0.00000500,0.0000,7.2926,644.9598,0.0000,0.9927
209159,277,15,0.1000,0.00000500,0.0000,7.8555,631.5158,0.0000,0.9938
209160,3946,84,0.1000,0.00000500,0.0000,4.4230,701.6069,0.0000,0.9970
209161,2148,54,0.1000,0.00000500,0.0000,5.3263,692.9370,0.0000,0.9965
209162,4982,90,0.1000,0.00000500,0.0000,4.9188,729.3542,0.0000,0.9965
209163,358,26,0.1000,0.00000500,0.0000,7.4561,626.3768,0.0000,0.9940
209164,565,33,0.1000,0.00000500,0.0000,6.6803,628.0779,0.0000,0.9962
209165,2366,59,0.1000,0.00000500,0.0000,6.2415,698.3035,0.0000,0.9947
209166,56,12,0.1000,0.00000500,0.0000,7.5878,579.3357,0.0000,0.9896
209167,412,30,0.1000,0.00000500,0.0000,4.2274,619.0808,0.0000,0.9948
209168,2587,93,0.1000,0.00000500,0.0000,5.0750,666.6715,0.0000,0.9956
209169,121,15,0.1000,0.00000500,0.0000,4.0433,602.3092,0.0000,1.0000
209170,1109,39,0.1000,0.00000500,0.0000,6.4245,675.5674,0.0000,0.9960
209171,324,28,0.1000,0.00000500,0.0000,5.8753,610.9444,0.0000,0.9955
209172,7917,90,0.1000,0.00000500,0.0000,5.3955,783.3673,0.0000,0.9951
209173,192,18,0.1000,0.00000500,0.0000,7.9851,613.1687,0.0000,0.9931
209174,212,24,0.1000,0.00000500,0.0000,5.7227,608.1508,0.0000,0.9961
209175,186,21,0.1000,0.00000500,0.0000,6.2053,604.5663,0.0000,0.9955
209176,71,9,0.1000,0.00000500,0.0000,1.7360,595.6128,0.0000,1.0000
209177,2769,57,0.1000,0.00000500,0.0000,4.7083,717.2534,0.0000,0.9989
209178,369,21,0.1000,0.00000500,0.0000,6.3517,629.9638,0.0000,0.9940
209179,456,21,0.1000,0.00000500,0.0000,7.8467,641.8316,0.0000,0.9911
209180,128,15,0.1000,0.00000500,0.0000,4.4598,599.3132,0.0000,0.9958
209181,61,9,0.1000,0.00000500,0.0000,12.3530,592.4230,0.0000,0.9826
209182,679,36,0.1000,0.00000500,0.0000,7.6891,637.0878,0.0000,0.9939
209183,637,30,0.1000,0.00000500,0.0000,4.8608,640.3450,0.0000,0.9979
209184,286,18,0.1000,0.00000500,0.0000,6.5488,626.0597,0.0000,0.9931
209185,289,24,0.1000,0.00000500,0.0000,4.4878,606.6291,0.0000,0.9961
209186,536,30,0.1000,0.00000500,0.0000,6.7503,622.8291,0.0000,0.9948
209187,1845,48,0.1000,0.00000500,0.0000,5.4920,682.8770,0.0000,0.9967
209188,2983,90,0.1000,0.00000500,0.0000,7.2122,682.3273,0.0000,0.9938
209189,793,35,0.1000,0.00000500,0.0000,4.4631,636.7468,0.0000,0.9964
209190,292,30,0.1000,0.00000500,0.0000,5.3201,607.2533,0.0000,0.9948
209191,80,12,0.1000,0.00000500,0.0000,7.4200,590.8079,0.0000,0.9974
209192,116,15,0.1000,0.00000500,0.0000,6.4803,597.2438,0.0000,0.9938
209193,1132,48,0.1000,0.00000500,0.0000,5.8724,635.5514,0.0000,0.9948
209194,298,22,0.1000,0.00000500,0.0000,8.6293,621.2734,0.0000,0.9915
209195,45,12,0.1000,0.00000500,0.0000,6.2702,585.1584,0.0000,0.9974
209196,930,45,0.1000,0.00000500,0.0000,5.4836,638.6165,0.0000,0.9958
209197,165,18,0.1000,0.00000500,0.0000,8.8750,607.2355,0.0000,0.9931
209198,406,27,0.1000,0.00000500,0.0000,5.9334,617.5724,0.0000,0.9954
209199,552,27,0.1000,0.00000500,0.0000,5.5219,634.9214,0.0000,0.9942
209200,733,30,0.1000,0.00000500,0.0000,7.5795,645.8506,0.0000,0.9927
209201,46,9,0.1000,0.00000500,0.0000,4.7459,586.9530,0.0000,0.9965
209202,541,24,0.1000,0.00000500,0.0000,5.3157,643.8201,0.0000,0.9961
209203,129,15,0.1000,0.00000500,0.0000,3.6742,598.9915,0.0000,0.9979
209204,1923,72,0.1000,0.00000500,0.0000,5.5607,661.8000,0.0000,0.9952
209205,41,9,0.1000,0.00000500,0.0000,8.4715,582.5339,0.0000,0.9931
209206,481,29,0.1000,0.00000500,0.0000,5.1858,630.5036,0.0000,0.9935
209207,270,24,0.1000,0.00000500,0.0000,4.8737,619.8711,0.0000,0.9987
209208,169,18,0.1000,0.00000500,0.0000,6.8374,606.3588,0.0000,0.9948
209209,1249,42,0.1000,0.00000500,0.0000,5.8283,670.7071,0.0000,0.9940
209210,260,21,0.1000,0.00000500,0.0000,7.5498,610.3286,0.0000,0.9896
209211,2762,60,0.1000,0.00000500,0.0000,4.8030,703.6589,0.0000,0.9969
209212,1946,57,0.1000,0.00000500,0.0000,5.4734,682.3315,0.0000,0.9962
209213,3441,78,0.1000,0.00000500,0.0000,6.1482,701.6981,0.0000,0.9944
209214,808,39,0.1000,0.00000500,0.0000,4.0276,645.1191,0.0000,0.9976
209215,209,15,0.1000,0.00000500,0.0000,5.3445,605.4209,0.0000,0.9958
209216,354,27,0.1000,0.00000500,0.0000,4.4166,616.5991,0.0000,0.9965
209217,181,18,0.1000,0.00000500,0.0000,5.2801,605.9876,0.0000,0.9965
209218,210,18,0.1000,0.00000500,0.0000,6.8711,604.6138,0.0000,0.9913
209219,704,36,0.1000,0.00000500,0.0000,6.9036,642.4024,0.0000,0.9948
209220,917,45,0.1000,0.00000500,0.0000,5.6336,640.7589,0.0000,0.9951
209221,835,48,0.1000,0.00000500,0.0000,5.3297,633.5172,0.0000,0.9961
209222,39,9,0.1000,0.00000500,0.0000,4.5469,602.9520,0.0000,1.0000
209223,776,30,0.1000,0.00000500,0.0000,5.0380,653.0822,0.0000,0.9958
209224,1067,54,0.1000,0.00000500,0.0000,8.1138,636.6179,0.0000,0.9925
209225,92,12,0.1000,0.00000500,0.0000,5.8919,588.0895,0.0000,0.9948
209226,210,18,0.1000,0.00000500,0.0000,5.8998,615.4251,0.0000,0.9948
209227,684,42,0.1000,0.00000500,0.0000,7.6463,626.2252,0.0000,0.9926
209228,4618,84,0.1000,0.00000500,0.0000,5.9465,722.5616,0.0000,0.9952
209229,3152,86,0.1000,0.00000500,0.0000,6.5090,684.5526,0.0000,0.9942
209230,350,24,0.1000,0.00000500,0.0000,6.5136,616.3944,0.0000,0.9935
209231,1176,39,0.1000,0.00000500,0.0000,5.4746,649.2439,0.0000,0.9952
209232,54,9,0.1000,0.00000500,0.0000,6.1167,585.4902,0.0000,0.9965
209233,102,12,0.1000,0.00000500,0.0000,7.4809,590.8153,0.0000,0.9922
209234,1331,57,0.1000,0.00000500,0.0000,6.0497,642.3786,0.0000,0.9940
209235,2087,48,0.1000,0.00000500,0.0000,5.2100,702.3409,0.0000,0.9935
209236,70,12,0.1000,0.00000500,0.0000,4.5382,589.4536,0.0000,0.9948
209237,1226,54,0.1000,0.00000500,0.0000,3.3350,649.7637,0.0000,0.9977
209238,138,18,0.1000,0.00000500,0.0000,6.2876,601.8869,0.0000,0.9965
209239,115,15,0.1000,0.00000500,0.0000,4.6709,595.0637,0.0000,0.9958
209240,184,18,0.1000,0.00000500,0.0000,8.4113,603.8426,0.0000,0.9931
209241,1940,57,0.1000,0.00000500,0.0000,5.0142,679.5949,0.0000,0.9967
209242,1010,45,0.1000,0.00000500,0.0000,6.8069,640.2078,0.0000,0.9924
209243,2322,54,0.1000,0.00000500,0.0000,5.2752,700.4396,0.0000,0.9971
209244,2814,57,0.1000,0.00000500,0.0000,4.4246,716.2073,0.0000,0.9984
209245,478,27,0.1000,0.00000500,0.0000,6.6156,629.7435,0.0000,0.9954
209246,1239,48,0.1000,0.00000500,0.0000,6.2383,640.7188,0.0000,0.9954
209247,354,24,0.1000,0.00000500,0.0000,4.5093,619.6333,0.0000,0.9961
209248,310,24,0.1000,0.00000500,0.0000,6.0507,626.2022,0.0000,0.9922
209249,908,36,0.1000,0.00000500,0.0000,5.6610,649.3409,0.0000,0.9965
209250,290,21,0.1000,0.00000500,0.0000,4.3913,621.1868,0.0000,0.9955
209251,2046,81,0.1000,0.00000500,0.0000,5.9220,653.4328,0.0000,0.9969
209252,1521,63,0.1000,0.00000500,0.0000,4.6348,649.9852,0.0000,0.9975
209253,161,15,0.1000,0.00000500,0.0000,6.7632,607.4694,0.0000,0.9958
209254,1376,48,0.1000,0.00000500,0.0000,5.9937,653.1605,0.0000,0.9954
209255,78,15,0.1000,0.00000500,0.0000,6.1759,583.7180,0.0000,0.9938
209256,7347,87,0.1000,0.00000500,0.0000,5.2990,773.4214,0.0000,0.9960
209257,408,30,0.1000,0.00000500,0.0000,7.9624,611.2236,0.0000,0.9938
209258,925,48,0.1000,0.00000500,0.0000,6.5452,636.9324,0.0000,0.9941
209259,78,12,0.1000,0.00000500,0.0000,8.4074,589.6285,0.0000,0.9922
209260,2312,54,0.1000,0.00000500,0.0000,4.2495,696.2179,0.0000,0.9959
209261,136,21,0.1000,0.00000500,0.0000,6.1430,590.2784,0.0000,0.9926
209262,183,18,0.1000,0.00000500,0.0000,5.3473,603.3346,0.0000,0.9948
209263,45,9,0.1000,0.00000500,0.0000,4.0768,584.8655,0.0000,1.0000
209264,1487,57,0.1000,0.00000500,0.0000,6.9806,644.1774,0.0000,0.9934
209265,2500,49,0.1000,0.00000500,0.0000,6.0579,730.5560,0.0000,0.9949
209266,1675,54,0.1000,0.00000500,0.0000,5.6834,671.1406,0.0000,0.9965
209267,118,15,0.1000,0.00000500,0.0000,9.5925,594.9370,0.0000,0.9896
209268,2298,78,0.1000,0.00000500,0.0000,5.8150,662.3131,0.0000,0.9960
209269,3309,75,0.1000,0.00000500,0.0000,5.0365,697.8801,0.0000,0.9958
209270,989,51,0.1000,0.00000500,0.0000,6.1686,634.2539,0.0000,0.9939
209271,2959,68,0.1000,0.00000500,0.0000,6.4783,696.8005,0.0000,0.9949
209272,2872,63,0.1000,0.00000500,0.0000,6.7980,693.3917,0.0000,0.9926
209273,1482,60,0.1000,0.00000500,0.0000,4.8228,647.5264,0.0000,0.9943
209274,917,30,0.1000,0.00000500,0.0000,6.4914,658.4481,0.0000,0.9948
209275,706,32,0.1000,0.00000500,0.0000,4.9525,645.8982,0.0000,0.9941
209276,903,30,0.1000,0.00000500,0.0000,6.3729,657.0892,0.0000,0.9948
209277,1187,48,0.1000,0.00000500,0.0000,6.0846,665.0447,0.0000,0.9954
209278,278,18,0.1000,0.00000500,0.0000,9.9234,614.4435,0.0000,0.9931
209279,367,21,0.1000,0.00000500,0.0000,5.8414,617.5091,0.0000,0.9926
209280,1051,35,0.1000,0.00000500,0.0000,5.5615,664.4591,0.0000,0.9946
209281,474,33,0.1000,0.00000500,0.0000,6.3039,616.2057,0.0000,0.9943
209282,517,36,0.1000,0.00000500,0.0000,7.5087,619.2302,0.0000,0.9931
209283,1393,59,0.1000,0.00000500,0.0000,5.5143,650.3934,0.0000,0.9952
209284,286,21,0.1000,0.00000500,0.0000,3.9738,609.7057,0.0000,0.9985
209285,156,14,0.1000,0.00000500,0.0000,6.0872,595.4630,0.0000,0.9888
209286,6571,108,0.1000,0.00000500,0.0000,4.6351,734.9152,0.0000,0.9971
209287,220,16,0.1000,0.00000500,0.0000,7.3247,607.2570,0.0000,0.9961
209288,1037,39,0.1000,0.00000500,0.0000,5.0824,653.1846,0.0000,0.9960
209289,5621,93,0.1000,0.00000500,0.0000,5.8495,733.3298,0.0000,0.9946
209290,770,23,0.1000,0.00000500,0.0000,6.8482,652.5520,0.0000,0.9932
209291,956,42,0.1000,0.00000500,0.0000,5.7494,643.1926,0.0000,0.9948
209292,296,20,0.1000,0.00000500,0.0000,6.0090,607.3594,0.0000,0.9969
209293,154,15,0.1000,0.00000500,0.0000,5.1530,596.0146,0.0000,0.9958
209294,358,27,0.1000,0.00000500,0.0000,7.8201,611.2066,0.0000,0.9931
209295,787,30,0.1000,0.00000500,0.0000,4.4363,653.3331,0.0000,0.9979
209296,780,29,0.1000,0.00000500,0.0000,6.4847,656.3041,0.0000,0.9935
209297,4078,75,0.1000,0.00000500,0.0000,6.7963,725.6026,0.0000,0.9942
209298,562,33,0.1000,0.00000500,0.0000,4.3941,618.7925,0.0000,0.9972
209299,541,36,0.1000,0.00000500,0.0000,7.2106,615.5931,0.0000,0.9948
209300,548,27,0.1000,0.00000500,0.0000,6.1671,634.1023,0.0000,0.9954
209301,578,33,0.1000,0.00000500,0.0000,5.0615,618.7057,0.0000,0.9953
209302,195,18,0.1000,0.00000500,0.0000,5.8640,598.6809,0.0000,0.9948
209303,654,24,0.1000,0.00000500,0.0000,4.5540,649.9922,0.0000,0.9987
209304,369,23,0.1000,0.00000500,0.0000,4.8748,624.1979,0.0000,0.9986
209305,110,12,0.1000,0.00000500,0.0000,11.7640,590.6354,0.0000,0.9870
209306,4600,66,0.1000,0.00000500,0.0000,5.4335,755.5668,0.0000,0.9948
209307,455,22,0.1000,0.00000500,0.0000,3.4730,633.9072,0.0000,1.0000
209308,3467,54,0.1000,0.00000500,0.0000,6.6412,727.9359,0.0000,0.9942
209309,204,18,0.1000,0.00000500,0.0000,5.5233,603.3613,0.0000,0.9965
209310,1425,66,0.1000,0.00000500,0.0000,4.1782,634.3632,0.0000,0.9986
209311,54,10,0.1000,0.00000500,0.0000,2.9877,578.5565,0.0000,1.0000
209312,37,9,0.1000,0.00000500,0.0000,5.0050,596.2259,0.0000,0.9931
209313,1281,57,0.1000,0.00000500,0.0000,5.2315,638.4701,0.0000,0.9940
209314,223,18,0.1000,0.00000500,0.0000,4.7271,606.1223,0.0000,0.9931
209315,511,30,0.1000,0.00000500,0.0000,8.0148,622.9934,0.0000,0.9896
209316,2528,66,0.1000,0.00000500,0.0000,4.4715,678.5071,0.0000,0.9953
209317,599,36,0.1000,0.00000500,0.0000,3.9667,624.4645,0.0000,0.9939
209318,195,18,0.1000,0.00000500,0.0000,5.7887,603.5433,0.0000,0.9983
209319,80,12,0.1000,0.00000500,0.0000,6.4717,586.1367,0.0000,0.9896
209320,75,11,0.1000,0.00000500,0.0000,8.3596,583.6115,0.0000,0.9943
209321,772,27,0.1000,0.00000500,0.0000,3.8806,652.7705,0.0000,1.0000
209322,666,27,0.1000,0.00000500,0.0000,7.1314,649.5535,0.0000,0.9954
209323,555,38,0.1000,0.00000500,0.0000,6.6031,614.0490,0.0000,0.9934
209324,1827,60,0.1000,0.00000500,0.0000,5.4849,675.2660,0.0000,0.9969
209325,3981,114,0.1000,0.00000500,0.0000,6.0977,670.8715,0.0000,0.9942
209326,663,26,0.1000,0.00000500,0.0000,7.1836,642.9931,0.0000,0.9928
209327,2743,60,0.1000,0.00000500,0.0000,6.7744,694.1520,0.0000,0.9932
209328,300,24,0.1000,0.00000500,0.0000,6.9155,606.5357,0.0000,0.9948
209329,1261,48,0.1000,0.00000500,0.0000,4.8505,650.4010,0.0000,0.9967
209330,3184,72,0.1000,0.00000500,0.0000,5.9450,699.2368,0.0000,0.9957
209331,153,12,0.1000,0.00000500,0.0000,3.4902,601.8270,0.0000,0.9974
209332,454,32,0.1000,0.00000500,0.0000,4.2922,616.5923,0.0000,0.9951
209333,895,53,0.1000,0.00000500,0.0000,4.7931,627.4378,0.0000,0.9959
209334,431,39,0.1000,0.00000500,0.0000,5.0909,607.6406,0.0000,0.9952
209335,1960,90,0.1000,0.00000500,0.0000,5.8755,643.7600,0.0000,0.9948
209336,592,32,0.1000,0.00000500,0.0000,4.3544,627.1595,0.0000,0.9971
209337,1190,33,0.1000,0.00000500,0.0000,5.3885,665.9816,0.0000,0.9953
209338,3335,72,0.1000,0.00000500,0.0000,6.9856,699.0282,0.0000,0.9918
209339,2058,72,0.1000,0.00000500,0.0000,6.2775,657.9674,0.0000,0.9939
209340,3240,72,0.1000,0.00000500,0.0000,7.2712,692.5755,0.0000,0.9926
209341,1531,39,0.1000,0.00000500,0.0000,4.1652,668.4800,0.0000,0.9960
209342,1507,66,0.1000,0.00000500,0.0000,5.7484,636.7320,0.0000,0.9953
209343,480,39,0.1000,0.00000500,0.0000,4.1784,619.1731,0.0000,0.9968
209344,788,39,0.1000,0.00000500,0.0000,4.8904,634.7632,0.0000,0.9920
209345,541,21,0.1000,0.00000500,0.0000,5.4349,633.3665,0.0000,0.9955
209346,697,38,0.1000,0.00000500,0.0000,4.4180,623.9925,0.0000,0.9967
209347,452,38,0.1000,0.00000500,0.0000,6.8885,616.6090,0.0000,0.9951
209348,975,42,0.1000,0.00000500,0.0000,5.6855,643.8293,0.0000,0.9963
209349,77,12,0.1000,0.00000500,0.0000,3.4459,586.8907,0.0000,0.9974
209350,74,10,0.1000,0.00000500,0.0000,5.2736,597.5564,0.0000,0.9938
209351,5828,108,0.1000,0.00000500,0.0000,6.9013,712.6528,0.0000,0.9910
209352,77,12,0.1000,0.00000500,0.0000,4.5050,591.9074,0.0000,0.9974
209353,7144,108,0.1000,0.00000500,0.0000,6.6672,731.5734,0.0000,0.9919
209354,77,12,0.1000,0.00000500,0.0000,4.8424,575.1103,0.0000,0.9948
209355,233,18,0.1000,0.00000500,0.0000,6.2394,604.5369,0.0000,0.9948
209356,1220,56,0.1000,0.00000500,0.0000,6.2705,634.8157,0.0000,0.9944
209357,240,18,0.1000,0.00000500,0.0000,4.2063,608.5096,0.0000,0.9965
209358,544,30,0.1000,0.00000500,0.0000,4.0489,617.6615,0.0000,0.9990
209359,1386,42,0.1000,0.00000500,0.0000,5.5596,670.7857,0.0000,0.9940
209360,3347,63,0.1000,0.00000500,0.0000,6.1866,710.1385,0.0000,0.9931
209361,89,12,0.1000,0.00000500,0.0000,6.3163,582.1065,0.0000,0.9974
209362,459,27,0.1000,0.00000500,0.0000,7.8578,632.0646,0.0000,0.9931
209363,1397,48,0.1000,0.00000500,0.0000,5.4029,643.3735,0.0000,0.9948
209364,1571,45,0.1000,0.00000500,0.0000,6.7961,666.5796,0.0000,0.9938
209365,3270,69,0.1000,0.00000500,0.0000,5.1367,711.9073,0.0000,0.9964
209366,453,12,0.1000,0.00000500,0.0000,4.4279,612.0914,0.0000,1.0000
209367,1697,54,0.1000,0.00000500,0.0000,7.4504,661.7999,0.0000,0.9931
209368,712,40,0.1000,0.00000500,0.0000,6.4505,624.0482,0.0000,0.9938
209369,282,17,0.1000,0.00000500,0.0000,7.7543,609.9227,0.0000,0.9926
209370,5191,132,0.1000,0.00000500,0.0000,5.6854,678.1877,0.0000,0.9950
209371,555,33,0.1000,0.00000500,0.0000,6.2014,622.7440,0.0000,0.9934
209372,217,21,0.1000,0.00000500,0.0000,5.4541,609.6268,0.0000,0.9955
209373,1892,45,0.1000,0.00000500,0.0000,6.6910,683.5080,0.0000,0.9951
209374,716,39,0.1000,0.00000500,0.0000,4.9574,619.4450,0.0000,0.9944
209375,2599,78,0.1000,0.00000500,0.0000,5.9569,664.4266,0.0000,0.9936
209376,842,46,0.1000,0.00000500,0.0000,6.0196,626.2898,0.0000,0.9959
209377,1431,48,0.1000,0.00000500,0.0000,6.1706,660.9146,0.0000,0.9935
209378,676,36,0.1000,0.00000500,0.0000,5.6462,632.1860,0.0000,0.9948
209379,826,33,0.1000,0.00000500,0.0000,6.5161,631.5176,0.0000,0.9934
209380,481,39,0.1000,0.00000500,0.0000,6.1506,608.1899,0.0000,0.9920
209381,201,21,0.1000,0.00000500,0.0000,3.7960,595.9477,0.0000,0.9985
209382,776,30,0.1000,0.00000500,0.0000,5.8613,645.2480,0.0000,0.9969
209383,302,30,0.1000,0.00000500,0.0000,7.0671,601.5272,0.0000,0.9927
209384,2976,51,0.1000,0.00000500,0.0000,4.6969,725.7654,0.0000,0.9945
209385,1040,30,0.1000,0.00000500,0.0000,4.1004,658.8036,0.0000,1.0000
209386,778,33,0.1000,0.00000500,0.0000,6.1798,640.6946,0.0000,0.9905
209387,170,18,0.1000,0.00000500,0.0000,3.7711,597.2423,0.0000,0.9983
209388,451,27,0.1000,0.00000500,0.0000,7.9024,628.7637,0.0000,0.9907
209389,80,12,0.1000,0.00000500,0.0000,8.7373,576.6598,0.0000,0.9896
209390,104,15,0.1000,0.00000500,0.0000,4.3691,587.8508,0.0000,0.9979
209391,1583,51,0.1000,0.00000500,0.0000,7.4453,651.8276,0.0000,0.9945
209392,120,15,0.1000,0.00000500,0.0000,6.1091,588.6960,0.0000,0.9958
209393,113,12,0.1000,0.00000500,0.0000,4.7174,592.9308,0.0000,0.9974
209394,221,17,0.1000,0.00000500,0.0000,4.3732,602.9427,0.0000,0.9982
209395,1413,56,0.1000,0.00000500,0.0000,4.7515,642.7996,0.0000,0.9950
209396,74,11,0.1000,0.00000500,0.0000,3.5238,581.4779,0.0000,1.0000
209397,4566,90,0.1000,0.00000500,0.0000,5.1429,698.4528,0.0000,0.9958
209398,2441,84,0.1000,0.00000500,0.0000,5.2820,660.4162,0.0000,0.9952
209399,1566,42,0.1000,0.00000500,0.0000,6.4985,682.0626,0.0000,0.9970
209400,251,24,0.1000,0.00000500,0.0000,6.6224,617.8506,0.0000,0.9922
209401,230,18,0.1000,0.00000500,0.0000,8.5697,611.8564,0.0000,0.9931
209402,1015,41,0.1000,0.00000500,0.0000,5.9426,628.6201,0.0000,0.9947
209403,363,21,0.1000,0.00000500,0.0000,7.0945,611.3324,0.0000,0.9926
209404,165,18,0.1000,0.00000500,0.0000,7.8081,595.1076,0.0000,0.9878
209405,288,27,0.1000,0.00000500,0.0000,3.9889,600.7762,0.0000,0.9977
209406,6257,125,0.1000,0.00000500,0.0000,5.4956,703.2871,0.0000,0.9945
209407,205,18,0.1000,0.00000500,0.0000,6.0210,598.5855,0.0000,0.9913
209408,679,42,0.1000,0.00000500,0.0000,4.4914,616.8606,0.0000,0.9963
209409,206,15,0.1000,0.00000500,0.0000,4.3772,604.1386,0.0000,0.9958
209410,75,9,0.1000,0.00000500,0.0000,5.6598,584.8477,0.0000,0.9931
209411,1032,57,0.1000,0.00000500,0.0000,8.7616,625.9248,0.0000,0.9896
209412,430,27,0.1000,0.00000500,0.0000,3.9216,619.4155,0.0000,0.9965
209413,1212,38,0.1000,0.00000500,0.0000,5.8397,656.3838,0.0000,0.9951
209414,80,12,0.1000,0.00000500,0.0000,3.0994,590.6859,0.0000,0.9922
209415,461,27,0.1000,0.00000500,0.0000,5.8921,622.7712,0.0000,0.9942
209416,442,30,0.1000,0.00000500,0.0000,5.7390,619.4137,0.0000,0.9917
209417,1331,54,0.1000,0.00000500,0.0000,5.2517,637.5418,0.0000,0.9948
209418,7827,141,0.1000,0.00000500,0.0000,4.9340,720.1152,0.0000,0.9949
209419,707,39,0.1000,0.00000500,0.0000,5.2032,627.3931,0.0000,0.9960
209420,478,30,0.1000,0.00000500,0.0000,7.0524,615.7061,0.0000,0.9948
209421,343,30,0.1000,0.00000500,0.0000,5.1245,606.2367,0.0000,0.9917
209422,43,9,0.1000,0.00000500,0.0000,4.5058,569.2737,0.0000,1.0000
209423,346,27,0.1000,0.00000500,0.0000,5.3223,605.8422,0.0000,0.9977
209424,1967,84,0.1000,0.00000500,0.0000,4.9941,639.0719,0.0000,0.9933
209425,833,39,0.1000,0.00000500,0.0000,5.8613,633.6330,0.0000,0.9944
209426,386,30,0.1000,0.00000500,0.0000,5.7812,608.7143,0.0000,0.9948
209427,229,18,0.1000,0.00000500,0.0000,5.9448,613.4109,0.0000,0.9965
209428,1122,45,0.1000,0.00000500,0.0000,4.1004,654.3686,0.0000,0.9958
209429,221,17,0.1000,0.00000500,0.0000,4.4982,603.6311,0.0000,1.0000
209430,217,17,0.1000,0.00000500,0.0000,5.8682,601.7061,0.0000,0.9908
209431,210,15,0.1000,0.00000500,0.0000,4.1340,600.9219,0.0000,0.9958
209432,42,9,0.1000,0.00000500,0.0000,5.9670,567.1442,0.0000,0.9931
209433,409,27,0.1000,0.00000500,0.0000,4.6762,607.5575,0.0000,0.9942
209434,2157,57,0.1000,0.00000500,0.0000,4.4488,671.0210,0.0000,0.9973
209435,862,39,0.1000,0.00000500,0.0000,4.9257,637.2085,0.0000,0.9928
209436,1333,51,0.1000,0.00000500,0.0000,6.3770,646.3230,0.0000,0.9945
209437,909,30,0.1000,0.00000500,0.0000,3.0220,646.7984,0.0000,0.9979
209438,1237,48,0.1000,0.00000500,0.0000,5.3257,642.6609,0.0000,0.9954
209439,168,15,0.1000,0.00000500,0.0000,7.0982,610.1683,0.0000,0.9917
209440,2488,69,0.1000,0.00000500,0.0000,5.1782,668.8018,0.0000,0.9932
209441,2955,90,0.1000,0.00000500,0.0000,5.2406,654.1451,0.0000,0.9944
209442,1675,51,0.1000,0.00000500,0.0000,4.6460,669.3817,0.0000,0.9975
209443,68,9,0.1000,0.00000500,0.0000,7.2640,579.5069,0.0000,0.9896
209444,1285,61,0.1000,0.00000500,0.0000,5.0180,640.4439,0.0000,0.9959
209445,2440,69,0.1000,0.00000500,0.0000,6.2077,665.0474,0.0000,0.9891
209446,616,36,0.1000,0.00000500,0.0000,5.7386,618.9656,0.0000,0.9965
209447,881,39,0.1000,0.00000500,0.0000,5.8600,634.9217,0.0000,0.9944
209448,429,27,0.1000,0.00000500,0.0000,4.7947,619.4373,0.0000,0.9942
209449,698,41,0.1000,0.00000500,0.0000,5.7567,619.2218,0.0000,0.9924
209450,107,12,0.1000,0.00000500,0.0000,5.7823,586.2194,0.0000,0.9948
209451,790,34,0.1000,0.00000500,0.0000,5.5657,643.3824,0.0000,0.9945
209452,1901,60,0.1000,0.00000500,0.0000,5.0125,659.5143,0.0000,0.9964
209453,5059,97,0.1000,0.00000500,0.0000,4.7729,708.2559,0.0000,0.9939
209454,905,36,0.1000,0.00000500,0.0000,5.9865,635.7964,0.0000,0.9974
209455,317,24,0.1000,0.00000500,0.0000,5.7761,609.0101,0.0000,0.9935
209456,374,23,0.1000,0.00000500,0.0000,8.5212,621.4017,0.0000,0.9932
209457,206,20,0.1000,0.00000500,0.0000,5.3362,590.1392,0.0000,0.9953
209458,210,15,0.1000,0.00000500,0.0000,6.7213,600.5984,0.0000,0.9917
209459,212,22,0.1000,0.00000500,0.0000,5.0956,597.2587,0.0000,0.9986
209460,226,19,0.1000,0.00000500,0.0000,6.1853,594.7403,0.0000,0.9934
209461,451,24,0.1000,0.00000500,0.0000,7.2515,621.1538,0.0000,0.9909
209462,655,27,0.1000,0.00000500,0.0000,5.3363,630.9803,0.0000,0.9954
209463,828,45,0.1000,0.00000500,0.0000,5.5225,624.8940,0.0000,0.9958
209464,904,30,0.1000,0.00000500,0.0000,6.1900,649.2576,0.0000,0.9948
209465,573,30,0.1000,0.00000500,0.0000,8.8084,624.7597,0.0000,0.9865
209466,392,24,0.1000,0.00000500,0.0000,3.0505,608.8062,0.0000,0.9974
209467,1784,59,0.1000,0.00000500,0.0000,5.7494,668.1647,0.0000,0.9921
209468,690,39,0.1000,0.00000500,0.0000,4.3128,615.6600,0.0000,0.9912
209469,246,21,0.1000,0.00000500,0.0000,4.2938,601.0644,0.0000,0.9985
209470,674,30,0.1000,0.00000500,0.0000,5.1291,644.2539,0.0000,0.9938
209471,245,21,0.1000,0.00000500,0.0000,5.1717,599.7675,0.0000,0.9985
209472,1645,60,0.1000,0.00000500,0.0000,5.4263,654.4700,0.0000,0.9948
209473,203,18,0.1000,0.00000500,0.0000,5.4290,600.9046,0.0000,0.9931
209474,3014,66,0.1000,0.00000500,0.0000,4.4534,697.5681,0.0000,0.9967
209475,222,21,0.1000,0.00000500,0.0000,4.7993,593.3991,0.0000,0.9970
209476,123,15,0.1000,0.00000500,0.0000,6.4346,595.2435,0.0000,0.9917
209477,1870,57,0.1000,0.00000500,0.0000,7.1788,653.5145,0.0000,0.9923
209478,209,16,0.1000,0.00000500,0.0000,5.3360,594.7883,0.0000,0.9961
209479,187,18,0.1000,0.00000500,0.0000,5.0763,588.1171,0.0000,0.9913
209480,92,15,0.1000,0.00000500,0.0000,5.1260,591.5898,0.0000,0.9958
209481,30,7,0.1000,0.00000500,0.0000,3.6891,577.1042,0.0000,0.9866
209482,4607,69,0.1000,0.00000500,0.0000,5.0284,742.2503,0.0000,0.9950
209483,1331,45,0.1000,0.00000500,0.0000,5.3167,664.5563,0.0000,0.9938
209484,85,15,0.1000,0.00000500,0.0000,7.7782,570.2481,0.0000,0.9875
209485,762,24,0.1000,0.00000500,0.0000,5.5351,649.4495,0.0000,0.9935
209486,1041,33,0.1000,0.00000500,0.0000,4.0966,656.8263,0.0000,0.9981
209487,775,36,0.1000,0.00000500,0.0000,6.3794,623.5482,0.0000,0.9939
209488,252,20,0.1000,0.00000500,0.0000,4.3757,598.0613,0.0000,0.9969
209489,1228,42,0.1000,0.00000500,0.0000,6.6957,648.3257,0.0000,0.9903
209490,104,15,0.1000,0.00000500,0.0000,5.0011,583.1427,0.0000,0.9896
209491,299,21,0.1000,0.00000500,0.0000,4.5745,607.8371,0.0000,0.9970
209492,440,21,0.1000,0.00000500,0.0000,6.4338,612.3759,0.0000,0.9940
209493,1931,66,0.1000,0.00000500,0.0000,5.5513,650.1184,0.0000,0.9953
209494,71,9,0.1000,0.00000500,0.0000,2.9491,602.3962,0.0000,1.0000
209495,199,18,0.1000,0.00000500,0.0000,5.2591,588.2790,0.0000,0.9948
209496,1046,33,0.1000,0.00000500,0.0000,4.2415,659.4445,0.0000,0.9981
209497,87,15,0.1000,0.00000500,0.0000,6.9857,579.4199,0.0000,0.9938
209498,715,39,0.1000,0.00000500,0.0000,5.4160,624.0545,0.0000,0.9960
209499,555,30,0.1000,0.00000500,0.0000,5.3396,630.0461,0.0000,0.9948
209500,399,30,0.1000,0.00000500,0.0000,4.0428,611.1497,0.0000,0.9969
209501,403,24,0.1000,0.00000500,0.0000,7.4907,619.1262,0.0000,0.9935
209502,3187,69,0.1000,0.00000500,0.0000,6.6341,695.1570,0.0000,0.9928
209503,513,39,0.1000,0.00000500,0.0000,5.7733,610.4808,0.0000,0.9960
209504,469,26,0.1000,0.00000500,0.0000,5.9663,627.6086,0.0000,0.9904
209505,2044,54,0.1000,0.00000500,0.0000,5.1752,666.6484,0.0000,0.9971
209506,806,36,0.1000,0.00000500,0.0000,4.7360,631.5727,0.0000,0.9991
209507,1346,51,0.1000,0.00000500,0.0000,6.4413,653.6003,0.0000,0.9939
209508,783,30,0.1000,0.00000500,0.0000,4.3362,642.8003,0.0000,0.9948
209509,427,27,0.1000,0.00000500,0.0000,7.1776,611.1817,0.0000,0.9931
209510,205,21,0.1000,0.00000500,0.0000,6.8598,591.1838,0.0000,0.9911
209511,1915,69,0.1000,0.00000500,0.0000,6.4783,643.3344,0.0000,0.9946
209512,308,24,0.1000,0.00000500,0.0000,6.5253,603.9449,0.0000,0.9948
209513,828,35,0.1000,0.00000500,0.0000,4.1906,637.9834,0.0000,0.9964
209514,778,27,0.1000,0.00000500,0.0000,5.2461,647.5825,0.0000,0.9954
209515,175,16,0.1000,0.00000500,0.0000,5.6136,593.5559,0.0000,0.9922
209516,917,36,0.1000,0.00000500,0.0000,6.3340,645.3656,0.0000,0.9905
209517,807,39,0.1000,0.00000500,0.0000,4.1315,629.7015,0.0000,0.9968
209518,785,36,0.1000,0.00000500,0.0000,7.5374,638.2022,0.0000,0.9913
209519,1623,64,0.1000,0.00000500,0.0000,5.3878,647.9678,0.0000,0.9932
209520,1814,75,0.1000,0.00000500,0.0000,5.4930,636.6397,0.0000,0.9933
209521,448,27,0.1000,0.00000500,0.0000,4.3324,617.5591,0.0000,0.9931
209522,424,27,0.1000,0.00000500,0.0000,5.6926,619.9149,0.0000,0.9931
209523,210,21,0.1000,0.00000500,0.0000,5.3581,588.6716,0.0000,0.9955
209524,77,12,0.1000,0.00000500,0.0000,5.1582,581.0857,0.0000,0.9922
209525,293,21,0.1000,0.00000500,0.0000,5.9219,617.1707,0.0000,0.9955
209526,449,27,0.1000,0.00000500,0.0000,3.6087,608.1211,0.0000,0.9977
209527,6561,144,0.1000,0.00000500,0.0000,4.7697,688.4641,0.0000,0.9935
209528,517,36,0.1000,0.00000500,0.0000,5.6908,608.6961,0.0000,0.9939
209529,544,39,0.1000,0.00000500,0.0000,5.3720,615.5120,0.0000,0.9960
209530,239,21,0.1000,0.00000500,0.0000,3.7393,601.9289,0.0000,0.9955
209531,3424,99,0.1000,0.00000500,0.0000,5.1691,659.8656,0.0000,0.9959
209532,2641,81,0.1000,0.00000500,0.0000,6.6624,660.5127,0.0000,0.9934
209533,45,9,0.1000,0.00000500,0.0000,5.0029,567.2213,0.0000,0.9896
209534,114,12,0.1000,0.00000500,0.0000,6.8843,601.0518,0.0000,0.9948
209535,239,18,0.1000,0.00000500,0.0000,5.3709,598.2618,0.0000,0.9931
209536,296,24,0.1000,0.00000500,0.0000,5.5727,597.7316,0.0000,0.9948
209537,124,15,0.1000,0.00000500,0.0000,5.0678,584.8367,0.0000,0.9938
209538,85,15,0.1000,0.00000500,0.0000,5.4225,578.7223,0.0000,0.9958
209539,35,8,0.1000,0.00000500,0.0000,6.2307,568.8366,0.0000,0.9922
209540,98,15,0.1000,0.00000500,0.0000,6.1362,581.5578,0.0000,0.9958
209541,4568,87,0.1000,0.00000500,0.0000,4.0098,708.1806,0.0000,0.9953
209542,3456,75,0.1000,0.00000500,0.0000,4.9970,686.3644,0.0000,0.9946
209543,404,34,0.1000,0.00000500,0.0000,5.8783,592.9608,0.0000,0.9945
209544,3227,66,0.1000,0.00000500,0.0000,5.9342,704.6898,0.0000,0.9943
209545,64,12,0.1000,0.00000500,0.0000,3.4815,575.2048,0.0000,0.9974
209546,216,21,0.1000,0.00000500,0.0000,7.8105,594.8497,0.0000,0.9851
209547,88,15,0.1000,0.00000500,0.0000,8.8480,579.1209,0.0000,0.9938
209548,286,18,0.1000,0.00000500,0.0000,4.2552,603.8745,0.0000,0.9983
209549,1342,36,0.1000,0.00000500,0.0000,5.1376,665.9805,0.0000,0.9965
209550,67,11,0.1000,0.00000500,0.0000,8.4191,569.2366,0.0000,0.9943
209551,78,12,0.1000,0.00000500,0.0000,8.4761,574.3638,0.0000,0.9870
209552,903,30,0.1000,0.00000500,0.0000,5.0742,650.8790,0.0000,0.9938
209553,120,15,0.1000,0.00000500,0.0000,4.2267,587.5981,0.0000,0.9958
209554,3540,63,0.1000,0.00000500,0.0000,5.6090,712.9242,0.0000,0.9950
209555,181,18,0.1000,0.00000500,0.0000,4.9921,591.6115,0.0000,0.9913
209556,4024,56,0.1000,0.00000500,0.0000,5.4143,739.9084,0.0000,0.9955
209557,5725,117,0.1000,0.00000500,0.0000,5.0700,702.3232,0.0000,0.9949
209558,205,21,0.1000,0.00000500,0.0000,6.1888,592.6090,0.0000,0.9926
209559,354,30,0.1000,0.00000500,0.0000,4.4490,598.9230,0.0000,0.9927
209560,137,17,0.1000,0.00000500,0.0000,3.3535,585.5011,0.0000,0.9963
209561,25,5,0.1000,0.00000500,0.0000,3.3010,565.8824,0.0000,0.9938
209562,1415,51,0.1000,0.00000500,0.0000,3.8601,649.8787,0.0000,0.9933
209563,163,15,0.1000,0.00000500,0.0000,6.3813,591.2643,0.0000,0.9917
209564,2116,48,0.1000,0.00000500,0.0000,6.9454,682.9917,0.0000,0.9915
209565,545,33,0.1000,0.00000500,0.0000,5.3366,610.0334,0.0000,0.9953
209566,169,18,0.1000,0.00000500,0.0000,4.9499,599.3166,0.0000,0.9965
209567,949,36,0.1000,0.00000500,0.0000,8.9908,641.6735,0.0000,0.9896
209568,69,12,0.1000,0.00000500,0.0000,7.3515,574.8667,0.0000,0.9896
209569,340,24,0.1000,0.00000500,0.0000,4.7097,607.4680,0.0000,1.0000
209570,396,24,0.1000,0.00000500,0.0000,7.8530,611.2649,0.0000,0.9909
209571,2484,81,0.1000,0.00000500,0.0000,4.9891,660.1777,0.0000,0.9958
209572,634,30,0.1000,0.00000500,0.0000,6.2107,622.9095,0.0000,0.9917
209573,485,30,0.1000,0.00000500,0.0000,5.0404,614.4035,0.0000,0.9927
209574,123,18,0.1000,0.00000500,0.0000,6.0991,576.3378,0.0000,0.9931
209575,4425,146,0.1000,0.00000500,0.0000,5.5401,656.6077,0.0000,0.9944
209576,765,27,0.1000,0.00000500,0.0000,5.0939,645.6058,0.0000,0.9977
209577,474,30,0.1000,0.00000500,0.0000,4.7391,611.1235,0.0000,0.9927
209578,1209,48,0.1000,0.00000500,0.0000,4.5507,638.2237,0.0000,0.9941
209579,927,47,0.1000,0.00000500,0.0000,5.8806,622.4845,0.0000,0.9920
209580,201,21,0.1000,0.00000500,0.0000,5.4192,593.7199,0.0000,0.9896
209581,213,21,0.1000,0.00000500,0.0000,6.9236,597.0401,0.0000,0.9955
209582,236,18,0.1000,0.00000500,0.0000,6.9339,587.1357,0.0000,0.9913
209583,117,18,0.1000,0.00000500,0.0000,3.9084,580.4772,0.0000,0.9931
209584,770,30,0.1000,0.00000500,0.0000,4.8909,633.8935,0.0000,0.9948
209585,4231,95,0.1000,0.00000500,0.0000,5.3066,686.1338,0.0000,0.9947
209586,407,27,0.1000,0.00000500,0.0000,4.9997,613.7739,0.0000,0.9954
209587,123,17,0.1000,0.00000500,0.0000,5.2471,575.9261,0.0000,0.9926
209588,4937,99,0.1000,0.00000500,0.0000,5.4063,691.2929,0.0000,0.9937
209589,160,19,0.1000,0.00000500,0.0000,4.8005,591.9903,0.0000,0.9967
209590,611,30,0.1000,0.00000500,0.0000,4.6287,611.2491,0.0000,0.9938
209591,1669,54,0.1000,0.00000500,0.0000,6.2479,653.9684,0.0000,0.9925
209592,48,9,0.1000,0.00000500,0.0000,3.2040,581.2423,0.0000,0.9965
209593,2100,57,0.1000,0.00000500,0.0000,5.1947,669.4778,0.0000,0.9934
209594,736,33,0.1000,0.00000500,0.0000,4.0838,621.6375,0.0000,0.9962
209595,47,9,0.1000,0.00000500,0.0000,5.6196,571.2535,0.0000,0.9931
209596,314,26,0.1000,0.00000500,0.0000,5.4273,603.9440,0.0000,0.9940
209597,399,27,0.1000,0.00000500,0.0000,5.7971,606.3240,0.0000,0.9919
209598,451,24,0.1000,0.00000500,0.0000,3.4796,619.1810,0.0000,0.9948
209599,370,21,0.1000,0.00000500,0.0000,7.0260,618.3047,0.0000,0.9940
209600,138,15,0.1000,0.00000500,0.0000,9.7234,589.1395,0.0000,0.9833
209601,125,18,0.1000,0.00000500,0.0000,7.3182,578.8262,0.0000,0.9931
209602,702,33,0.1000,0.00000500,0.0000,5.7585,632.9673,0.0000,0.9924
209603,1512,39,0.1000,0.00000500,0.0000,6.6630,668.6222,0.0000,0.9904
209604,712,39,0.1000,0.00000500,0.0000,5.6197,616.8132,0.0000,0.9944
209605,689,27,0.1000,0.00000500,0.0000,4.9361,605.3394,0.0000,0.9954
209606,782,32,0.1000,0.00000500,0.0000,6.7864,640.9542,0.0000,0.9941
209607,364,21,0.1000,0.00000500,0.0000,6.6513,615.4095,0.0000,0.9896
209608,626,42,0.1000,0.00000500,0.0000,6.2972,604.2390,0.0000,0.9933
209609,586,36,0.1000,0.00000500,0.0000,7.3811,617.2091,0.0000,0.9939
209610,454,30,0.1000,0.00000500,0.0000,5.7404,611.0279,0.0000,0.9948
209611,297,18,0.1000,0.00000500,0.0000,6.9954,604.5413,0.0000,0.9913
209612,184,21,0.1000,0.00000500,0.0000,6.6813,591.3869,0.0000,0.9926
209613,172,18,0.1000,0.00000500,0.0000,7.9312,586.0493,0.0000,0.9896
209614,365,21,0.1000,0.00000500,0.0000,6.0498,615.7642,0.0000,0.9926
209615,1644,50,0.1000,0.00000500,0.0000,5.5304,665.8183,0.0000,0.9938
209616,159,15,0.1000,0.00000500,0.0000,7.1883,592.4170,0.0000,0.9875
209617,166,15,0.1000,0.00000500,0.0000,6.2959,595.9325,0.0000,0.9917
209618,276,17,0.1000,0.00000500,0.0000,6.2146,605.3148,0.0000,0.9945
209619,3224,54,0.1000,0.00000500,0.0000,5.3568,716.9900,0.0000,0.9959
209620,666,27,0.1000,0.00000500,0.0000,6.3360,644.3925,0.0000,0.9942
209621,1474,42,0.1000,0.00000500,0.0000,6.4085,658.8400,0.0000,0.9926
209622,157,17,0.1000,0.00000500,0.0000,5.8679,599.2135,0.0000,0.9945
209623,53,11,0.1000,0.00000500,0.0000,4.6440,570.4110,0.0000,0.9972
209624,543,24,0.1000,0.00000500,0.0000,5.4628,624.4254,0.0000,0.9922
209625,302,24,0.1000,0.00000500,0.0000,4.5816,610.4937,0.0000,0.9935
209626,293,27,0.1000,0.00000500,0.0000,5.7664,591.2106,0.0000,0.9942
209627,975,42,0.1000,0.00000500,0.0000,6.1451,635.0697,0.0000,0.9918
209628,139,18,0.1000,0.00000500,0.0000,5.2454,590.9238,0.0000,0.9948
209629,368,21,0.1000,0.00000500,0.0000,8.3695,616.7308,0.0000,0.9911
209630,124,16,0.1000,0.00000500,0.0000,4.5421,582.1892,0.0000,0.9961
209631,2133,51,0.1000,0.00000500,0.0000,4.4201,676.0379,0.0000,0.9957
209632,663,27,0.1000,0.00000500,0.0000,4.6522,636.1136,0.0000,0.9919
209633,309,24,0.1000,0.00000500,0.0000,5.7659,601.4434,0.0000,0.9935
209634,503,30,0.1000,0.00000500,0.0000,6.1138,613.9772,0.0000,0.9906
209635,392,27,0.1000,0.00000500,0.0000,4.4328,606.7162,0.0000,0.9965
209636,1211,57,0.1000,0.00000500,0.0000,6.2970,626.3429,0.0000,0.9940
209637,1727,62,0.1000,0.00000500,0.0000,5.1463,642.4296,0.0000,0.9945
209638,3041,66,0.1000,0.00000500,0.0000,5.2155,688.8807,0.0000,0.9929
209639,675,29,0.1000,0.00000500,0.0000,6.7079,635.7886,0.0000,0.9914
209640,1505,36,0.1000,0.00000500,0.0000,5.5714,670.8598,0.0000,0.9913
209641,960,54,0.1000,0.00000500,0.0000,5.1559,616.4654,0.0000,0.9931
209642,422,30,0.1000,0.00000500,0.0000,4.6729,601.9538,0.0000,0.9948
209643,1651,48,0.1000,0.00000500,0.0000,7.6819,671.6917,0.0000,0.9928
209644,2240,69,0.1000,0.00000500,0.0000,5.7390,656.4952,0.0000,0.9928
209645,5013,72,0.1000,0.00000500,0.0000,6.0950,728.5515,0.0000,0.9926
209646,2236,57,0.1000,0.00000500,0.0000,6.8913,678.2880,0.0000,0.9912
209647,346,26,0.1000,0.00000500,0.0000,4.7539,617.4818,0.0000,0.9952
209648,2868,60,0.1000,0.00000500,0.0000,7.2592,692.4774,0.0000,0.9901
209649,164,15,0.1000,0.00000500,0.0000,3.2183,585.0855,0.0000,0.9917
209650,579,30,0.1000,0.00000500,0.0000,5.3656,625.6704,0.0000,0.9938
209651,91,15,0.1000,0.00000500,0.0000,7.3988,577.5076,0.0000,0.9917
209652,955,42,0.1000,0.00000500,0.0000,7.8867,626.1047,0.0000,0.9896
209653,474,30,0.1000,0.00000500,0.0000,6.1121,607.9938,0.0000,0.9927
209654,113,15,0.1000,0.00000500,0.0000,10.8431,574.5859,0.0000,0.9812
209655,772,51,0.1000,0.00000500,0.0000,5.1829,607.3319,0.0000,0.9939
209656,1379,42,0.1000,0.00000500,0.0000,4.6129,662.5796,0.0000,0.9948
209657,4665,75,0.1000,0.00000500,0.0000,5.8081,734.8822,0.0000,0.9921
209658,990,36,0.1000,0.00000500,0.0000,5.0682,632.4715,0.0000,0.9939
209659,1065,42,0.1000,0.00000500,0.0000,6.3812,634.4842,0.0000,0.9918
209660,152,18,0.1000,0.00000500,0.0000,5.0720,581.7298,0.0000,0.9948
209661,58,12,0.1000,0.00000500,0.0000,3.9579,579.2817,0.0000,0.9948
209662,1932,48,0.1000,0.00000500,0.0000,4.5982,675.3910,0.0000,0.9948
209663,870,39,0.1000,0.00000500,0.0000,7.0416,623.0671,0.0000,0.9896
209664,699,32,0.1000,0.00000500,0.0000,5.5782,626.2909,0.0000,0.9941
209665,2371,72,0.1000,0.00000500,0.0000,6.5315,660.3264,0.0000,0.9931
209666,685,30,0.1000,0.00000500,0.0000,6.1494,618.0061,0.0000,0.9917
209667,1277,60,0.1000,0.00000500,0.0000,5.6281,628.3311,0.0000,0.9927
209668,1377,45,0.1000,0.00000500,0.0000,6.6756,647.8675,0.0000,0.9931
209669,81,12,0.1000,0.00000500,0.0000,3.7876,579.7543,0.0000,1.0000
209670,1338,36,0.1000,0.00000500,0.0000,6.3733,661.9758,0.0000,0.9913
209671,1937,48,0.1000,0.00000500,0.0000,6.6546,672.1730,0.0000,0.9902
209672,338,24,0.1000,0.00000500,0.0000,4.5029,599.1105,0.0000,0.9961
209673,903,33,0.1000,0.00000500,0.0000,8.7644,632.8671,0.0000,0.9886
209674,161,12,0.1000,0.00000500,0.0000,5.3192,599.0442,0.0000,0.9948
209675,98,15,0.1000,0.00000500,0.0000,6.3905,575.3912,0.0000,0.9938
209676,568,36,0.1000,0.00000500,0.0000,7.7347,603.0395,0.0000,0.9896
209677,464,24,0.1000,0.00000500,0.0000,7.7204,613.9179,0.0000,0.9857
209678,3553,87,0.1000,0.00000500,0.0000,6.7157,678.0906,0.0000,0.9925
209679,2138,54,0.1000,0.00000500,0.0000,7.2952,691.7670,0.0000,0.9931
209680,263,21,0.1000,0.00000500,0.0000,3.7815,597.2963,0.0000,0.9926
209681,432,21,0.1000,0.00000500,0.0000,5.8107,608.5640,0.0000,0.9940
209682,922,42,0.1000,0.00000500,0.0000,5.6652,629.2628,0.0000,0.9918
209683,109,13,0.1000,0.00000500,0.0000,7.9396,579.4735,0.0000,0.9904
209684,3449,90,0.1000,0.00000500,0.0000,5.7538,677.8928,0.0000,0.9934
209685,1294,48,0.1000,0.00000500,0.0000,6.4709,637.2873,0.0000,0.9909
209686,532,30,0.1000,0.00000500,0.0000,3.8584,604.4163,0.0000,0.9938
209687,391,26,0.1000,0.00000500,0.0000,5.9105,603.6023,0.0000,0.9904
209688,2219,53,0.1000,0.00000500,0.0000,6.7883,676.2469,0.0000,0.9947
209689,253,21,0.1000,0.00000500,0.0000,3.9750,601.6932,0.0000,0.9970
209690,407,27,0.1000,0.00000500,0.0000,5.0091,601.8633,0.0000,0.9931
209691,76,11,0.1000,0.00000500,0.0000,3.7089,569.2856,0.0000,1.0000
209692,359,28,0.1000,0.00000500,0.0000,8.9609,599.0058,0.0000,0.9911
209693,419,27,0.1000,0.00000500,0.0000,5.7648,601.2579,0.0000,0.9954
209694,102,15,0.1000,0.00000500,0.0000,4.8054,576.9841,0.0000,0.9958
209695,220,17,0.1000,0.00000500,0.0000,5.8206,587.9256,0.0000,0.9926
209696,1030,42,0.1000,0.00000500,0.0000,4.4751,624.7820,0.0000,0.9955
209697,1704,51,0.1000,0.00000500,0.0000,5.8108,658.3248,0.0000,0.9920
209698,2946,66,0.1000,0.00000500,0.0000,5.7786,675.5585,0.0000,0.9905
209699,130,18,0.1000,0.00000500,0.0000,4.6302,588.8350,0.0000,0.9896
209700,7344,81,0.1000,0.00000500,0.0000,4.8896,766.7736,0.0000,0.9904
209701,1376,48,0.1000,0.00000500,0.0000,4.4348,631.7342,0.0000,0.9954
209702,3019,84,0.1000,0.00000500,0.0000,5.6344,661.9782,0.0000,0.9918
209703,329,22,0.1000,0.00000500,0.0000,4.9359,591.3517,0.0000,0.9929
209704,477,27,0.1000,0.00000500,0.0000,5.4424,613.4264,0.0000,0.9919
209705,416,28,0.1000,0.00000500,0.0000,5.5054,600.8826,0.0000,0.9888
209706,671,33,0.1000,0.00000500,0.0000,4.8014,627.6483,0.0000,0.9924
209707,78,12,0.1000,0.00000500,0.0000,3.9047,581.6767,0.0000,0.9974
209708,494,30,0.1000,0.00000500,0.0000,4.7858,607.2669,0.0000,0.9927
209709,1737,63,0.1000,0.00000500,0.0000,5.3018,639.2597,0.0000,0.9936
209710,1342,58,0.1000,0.00000500,0.0000,6.2245,636.7423,0.0000,0.9930
209711,217,21,0.1000,0.00000500,0.0000,5.4061,578.3457,0.0000,0.9926
209712,99,15,0.1000,0.00000500,0.0000,6.0292,576.6986,0.0000,0.9958
209713,230,21,0.1000,0.00000500,0.0000,4.3748,588.2150,0.0000,0.9940
209714,114,12,0.1000,0.00000500,0.0000,3.6926,581.5626,0.0000,0.9896
209715,742,37,0.1000,0.00000500,0.0000,6.1794,614.4300,0.0000,0.9932
209716,205,16,0.1000,0.00000500,0.0000,3.4195,601.5520,0.0000,0.9980
209717,1924,47,0.1000,0.00000500,0.0000,7.3404,680.0894,0.0000,0.9900
209718,204,21,0.1000,0.00000500,0.0000,3.3582,586.4839,0.0000,0.9940
209719,149,21,0.1000,0.00000500,0.0000,4.7989,577.0024,0.0000,0.9926
209720,593,27,0.1000,0.00000500,0.0000,6.7831,621.9939,0.0000,0.9907
209721,1590,69,0.1000,0.00000500,0.0000,5.5317,628.0333,0.0000,0.9918
209722,328,27,0.1000,0.00000500,0.0000,4.9922,589.1347,0.0000,0.9919
209723,78,10,0.1000,0.00000500,0.0000,4.1376,580.5878,0.0000,0.9906
209724,907,30,0.1000,0.00000500,0.0000,7.8993,643.4131,0.0000,0.9875
209725,638,33,0.1000,0.00000500,0.0000,4.7248,616.5137,0.0000,0.9924
209726,1597,51,0.1000,0.00000500,0.0000,3.9732,642.2066,0.0000,0.9957
209727,427,33,0.1000,0.00000500,0.0000,6.3713,602.0446,0.0000,0.9924
209728,27,6,0.1000,0.00000500,0.0000,10.4329,550.8582,0.0000,0.9792
209729,65,12,0.1000,0.00000500,0.0000,2.7683,563.9998,0.0000,0.9948
209730,935,36,0.1000,0.00000500,0.0000,4.1926,638.0277,0.0000,0.9931
209731,10634,126,0.1000,0.00000500,0.0000,5.6598,742.6285,0.0000,0.9938
209732,8353,120,0.1000,0.00000500,0.0000,6.3064,728.5623,0.0000,0.9911
209733,183,18,0.1000,0.00000500,0.0000,5.5925,602.1508,0.0000,0.9896
209734,1250,48,0.1000,0.00000500,0.0000,6.2573,632.2327,0.0000,0.9909
209735,557,27,0.1000,0.00000500,0.0000,5.6065,613.9362,0.0000,0.9954
209736,358,27,0.1000,0.00000500,0.0000,4.6069,594.4095,0.0000,0.9931
209737,23,6,0.1000,0.00000500,0.0000,7.4028,565.4993,0.0000,0.9844
209738,1218,51,0.1000,0.00000500,0.0000,5.1666,628.5859,0.0000,0.9963
209739,95,13,0.1000,0.00000500,0.0000,8.0113,569.2390,0.0000,0.9880
209740,302,24,0.1000,0.00000500,0.0000,4.7819,594.0630,0.0000,0.9922
209741,2884,123,0.1000,0.00000500,0.0000,5.9800,634.1737,0.0000,0.9931
209742,629,35,0.1000,0.00000500,0.0000,5.3260,609.4278,0.0000,0.9938
209743,3535,78,0.1000,0.00000500,0.0000,5.9044,673.8265,0.0000,0.9928
209744,24,7,0.1000,0.00000500,0.0000,6.5361,555.6125,0.0000,0.9911
209745,184,19,0.1000,0.00000500,0.0000,4.7000,589.3963,0.0000,0.9918
209746,1910,75,0.1000,0.00000500,0.0000,3.7372,631.6294,0.0000,0.9971
209747,260,21,0.1000,0.00000500,0.0000,4.1823,589.3913,0.0000,0.9985
209748,422,27,0.1000,0.00000500,0.0000,5.7595,611.5507,0.0000,0.9965
209749,725,33,0.1000,0.00000500,0.0000,5.2804,629.1320,0.0000,0.9962
209750,1302,48,0.1000,0.00000500,0.0000,6.5676,643.4525,0.0000,0.9902
209751,165,15,0.1000,0.00000500,0.0000,6.1961,595.5217,0.0000,0.9875
209752,1040,32,0.1000,0.00000500,0.0000,3.1337,649.2797,0.0000,0.9941
209753,1450,54,0.1000,0.00000500,0.0000,6.1064,636.0054,0.0000,0.9931
209754,904,39,0.1000,0.00000500,0.0000,5.2120,620.8533,0.0000,0.9920
209755,9406,96,0.1000,0.00000500,0.0000,5.7293,780.5321,0.0000,0.9928
209756,3054,69,0.1000,0.00000500,0.0000,6.9930,674.4925,0.0000,0.9896
209757,2023,63,0.1000,0.00000500,0.0000,5.0979,652.2375,0.0000,0.9950
209758,335,24,0.1000,0.00000500,0.0000,4.6307,608.4980,0.0000,0.9909
209759,1217,39,0.1000,0.00000500,0.0000,5.0907,645.7962,0.0000,0.9952
209760,298,21,0.1000,0.00000500,0.0000,6.5311,596.7479,0.0000,0.9955
209761,3413,83,0.1000,0.00000500,0.0000,7.1230,687.8427,0.0000,0.9898
209762,521,36,0.1000,0.00000500,0.0000,5.9094,607.2994,0.0000,0.9931
209763,1146,45,0.1000,0.00000500,0.0000,4.9280,632.5643,0.0000,0.9917
209764,566,27,0.1000,0.00000500,0.0000,6.8683,623.5611,0.0000,0.9838
209765,370,22,0.1000,0.00000500,0.0000,6.5816,607.6698,0.0000,0.9943
209766,2926,60,0.1000,0.00000500,0.0000,6.1620,683.4476,0.0000,0.9927
209767,505,33,0.1000,0.00000500,0.0000,5.5426,612.1740,0.0000,0.9934
209768,334,21,0.1000,0.00000500,0.0000,5.7180,598.9249,0.0000,0.9940
209769,99,15,0.1000,0.00000500,0.0000,4.2376,576.8449,0.0000,0.9958
209770,815,49,0.1000,0.00000500,0.0000,7.7441,610.6188,0.0000,0.9923
209771,155,15,0.1000,0.00000500,0.0000,5.1977,579.3836,0.0000,0.9938
209772,285,24,0.1000,0.00000500,0.0000,4.5150,594.6329,0.0000,0.9935
209773,1198,36,0.1000,0.00000500,0.0000,6.5925,638.5834,0.0000,0.9931
209774,588,33,0.1000,0.00000500,0.0000,5.5135,606.7378,0.0000,0.9924
209775,966,39,0.1000,0.00000500,0.0000,5.2434,628.3999,0.0000,0.9944
209776,215,18,0.1000,0.00000500,0.0000,8.6943,592.1371,0.0000,0.9878
209777,1246,60,0.1000,0.00000500,0.0000,6.0589,621.1066,0.0000,0.9917
209778,1055,45,0.1000,0.00000500,0.0000,5.5762,626.8305,0.0000,0.9917
209779,530,33,0.1000,0.00000500,0.0000,6.8900,601.9788,0.0000,0.9886
209780,679,41,0.1000,0.00000500,0.0000,7.1173,615.9824,0.0000,0.9909
209781,1282,42,0.1000,0.00000500,0.0000,7.3766,642.6118,0.0000,0.9911
209782,90,15,0.1000,0.00000500,0.0000,7.2568,582.9448,0.0000,0.9958
209783,1384,51,0.1000,0.00000500,0.0000,5.8083,637.4311,0.0000,0.9939
209784,352,30,0.1000,0.00000500,0.0000,4.1099,593.9053,0.0000,0.9938
209785,367,26,0.1000,0.00000500,0.0000,6.6838,598.8983,0.0000,0.9916
209786,352,24,0.1000,0.00000500,0.0000,8.3513,601.9924,0.0000,0.9857
209787,210,21,0.1000,0.00000500,0.0000,8.2859,580.7402,0.0000,0.9911
209788,1723,45,0.1000,0.00000500,0.0000,5.3083,668.6519,0.0000,0.9931
209789,1425,54,0.1000,0.00000500,0.0000,5.1053,632.5941,0.0000,0.9925
209790,68,9,0.1000,0.00000500,0.0000,4.5760,568.8454,0.0000,0.9965
209791,2281,44,0.1000,0.00000500,0.0000,5.6792,695.0727,0.0000,0.9893
209792,278,21,0.1000,0.00000500,0.0000,4.6473,591.9035,0.0000,0.9896
209793,264,27,0.1000,0.00000500,0.0000,5.0368,590.8713,0.0000,0.9907
209794,98,15,0.1000,0.00000500,0.0000,3.7621,574.4753,0.0000,0.9958
209795,56,12,0.1000,0.00000500,0.0000,4.0475,558.8405,0.0000,0.9896
209796,761,24,0.1000,0.00000500,0.0000,6.3197,617.0756,0.0000,0.9883
209797,1287,51,0.1000,0.00000500,0.0000,5.2578,634.1009,0.0000,0.9957
209798,823,36,0.1000,0.00000500,0.0000,5.1905,634.4109,0.0000,0.9905
209799,692,42,0.1000,0.00000500,0.0000,4.3907,611.5519,0.0000,0.9940
209800,480,18,0.1000,0.00000500,0.0000,5.7056,595.2913,0.0000,0.9965
209801,883,39,0.1000,0.00000500,0.0000,7.4919,622.0381,0.0000,0.9912
209802,790,38,0.1000,0.00000500,0.0000,6.4552,615.2879,0.0000,0.9918
209803,45,9,0.1000,0.00000500,0.0000,2.0873,558.0909,0.0000,0.9965
209804,92,12,0.1000,0.00000500,0.0000,3.9696,585.3330,0.0000,0.9922
209805,250,24,0.1000,0.00000500,0.0000,3.1844,583.1843,0.0000,0.9987
209806,350,26,0.1000,0.00000500,0.0000,5.3858,596.2106,0.0000,0.9892
209807,257,21,0.1000,0.00000500,0.0000,8.0035,580.7106,0.0000,0.9896
209808,444,33,0.1000,0.00000500,0.0000,4.4527,598.6527,0.0000,0.9934
209809,902,48,0.1000,0.00000500,0.0000,6.7836,613.9944,0.0000,0.9915
209810,3102,63,0.1000,0.00000500,0.0000,4.7420,686.9902,0.0000,0.9911
209811,163,18,0.1000,0.00000500,0.0000,5.1307,578.0643,0.0000,0.9948
209812,319,21,0.1000,0.00000500,0.0000,7.5744,598.6960,0.0000,0.9881
209813,80,14,0.1000,0.00000500,0.0000,5.1678,568.6428,0.0000,0.9888
209814,95,12,0.1000,0.00000500,0.0000,4.7656,577.2013,0.0000,0.9922
209815,983,51,0.1000,0.00000500,0.0000,5.5404,613.3772,0.0000,0.9945
209816,165,18,0.1000,0.00000500,0.0000,4.4219,580.2839,0.0000,0.9965
209817,989,51,0.1000,0.00000500,0.0000,6.6797,615.4186,0.0000,0.9884
209818,1242,45,0.1000,0.00000500,0.0000,7.4155,625.2465,0.0000,0.9903
209819,344,24,0.1000,0.00000500,0.0000,4.5038,595.4055,0.0000,0.9896
209820,1941,51,0.1000,0.00000500,0.0000,5.0755,657.9656,0.0000,0.9933
209821,206,18,0.1000,0.00000500,0.0000,5.3075,582.6201,0.0000,0.9913
209822,110,12,0.1000,0.00000500,0.0000,3.5659,572.5615,0.0000,0.9948
209823,3679,69,0.1000,0.00000500,0.0000,5.4478,691.3411,0.0000,0.9918
209824,141,18,0.1000,0.00000500,0.0000,7.8766,574.6230,0.0000,0.9913
209825,3267,60,0.1000,0.00000500,0.0000,5.3040,700.2608,0.0000,0.9922
209826,50,12,0.1000,0.00000500,0.0000,2.5656,572.1149,0.0000,0.9896
209827,372,24,0.1000,0.00000500,0.0000,4.8495,597.4187,0.0000,0.9961
209828,3418,86,0.1000,0.00000500,0.0000,5.1121,663.4138,0.0000,0.9916
209829,964,46,0.1000,0.00000500,0.0000,4.0414,617.7889,0.0000,0.9939
209830,1866,60,0.1000,0.00000500,0.0000,6.1769,646.6117,0.0000,0.9927
209831,1029,30,0.1000,0.00000500,0.0000,6.9616,648.3480,0.0000,0.9875
209832,650,27,0.1000,0.00000500,0.0000,5.8559,622.5897,0.0000,0.9884
209833,651,27,0.1000,0.00000500,0.0000,7.0551,626.5950,0.0000,0.9850
209834,1034,42,0.1000,0.00000500,0.0000,6.4064,626.3941,0.0000,0.9918
209835,906,36,0.1000,0.00000500,0.0000,5.0106,641.2235,0.0000,0.9905
209836,2250,63,0.1000,0.00000500,0.0000,5.7820,661.5886,0.0000,0.9901
209837,2511,78,0.1000,0.00000500,0.0000,5.2528,656.4555,0.0000,0.9936
209838,301,24,0.1000,0.00000500,0.0000,5.5339,595.7737,0.0000,0.9831
209839,1369,48,0.1000,0.00000500,0.0000,4.6987,630.4877,0.0000,0.9922
209840,1189,49,0.1000,0.00000500,0.0000,5.3081,629.4711,0.0000,0.9917
209841,460,24,0.1000,0.00000500,0.0000,6.8279,609.8926,0.0000,0.9909
209842,527,27,0.1000,0.00000500,0.0000,5.1123,615.3288,0.0000,0.9942
209843,1747,59,0.1000,0.00000500,0.0000,5.5216,650.0943,0.0000,0.9921
209844,161,18,0.1000,0.00000500,0.0000,2.8471,578.4602,0.0000,0.9965
209845,367,21,0.1000,0.00000500,0.0000,5.4092,615.1912,0.0000,0.9940
209846,91,12,0.1000,0.00000500,0.0000,4.8604,571.6934,0.0000,0.9974
209847,1710,42,0.1000,0.00000500,0.0000,4.8441,678.0191,0.0000,0.9963
209848,2081,45,0.1000,0.00000500,0.0000,5.7284,696.5512,0.0000,0.9910
209849,841,44,0.1000,0.00000500,0.0000,6.8573,613.3297,0.0000,0.9908
209850,355,18,0.1000,0.00000500,0.0000,3.4644,601.8570,0.0000,0.9983
209851,615,33,0.1000,0.00000500,0.0000,7.2712,606.9819,0.0000,0.9905
209852,23,6,0.1000,0.00000500,0.0000,3.6874,549.9785,0.0000,1.0000
209853,167,18,0.1000,0.00000500,0.0000,5.7780,584.6913,0.0000,0.9826
209854,3138,69,0.1000,0.00000500,0.0000,4.8585,686.0674,0.0000,0.9914
209855,1006,40,0.1000,0.00000500,0.0000,6.8186,624.8673,0.0000,0.9906
209856,162,15,0.1000,0.00000500,0.0000,5.2043,587.8279,0.0000,0.9854
209857,125,15,0.1000,0.00000500,0.0000,7.1689,569.6228,0.0000,0.9938
209858,218,24,0.1000,0.00000500,0.0000,4.9888,587.0042,0.0000,0.9961
209859,344,33,0.1000,0.00000500,0.0000,5.6483,586.8057,0.0000,0.9896
209860,552,24,0.1000,0.00000500,0.0000,5.7042,621.4481,0.0000,0.9948
209861,127,15,0.1000,0.00000500,0.0000,6.9573,578.5311,0.0000,0.9958
209862,778,30,0.1000,0.00000500,0.0000,4.3986,633.0713,0.0000,0.9917
209863,1097,33,0.1000,0.00000500,0.0000,6.2802,628.2683,0.0000,0.9905
209864,598,27,0.1000,0.00000500,0.0000,6.8589,615.8569,0.0000,0.9931
209865,2127,66,0.1000,0.00000500,0.0000,4.6785,646.3689,0.0000,0.9938
209866,1215,39,0.1000,0.00000500,0.0000,4.3857,650.9698,0.0000,0.9936
209867,929,36,0.1000,0.00000500,0.0000,4.7821,632.1574,0.0000,0.9922
209868,4303,63,0.1000,0.00000500,0.0000,9.1953,721.7143,0.0000,0.9861
209869,873,45,0.1000,0.00000500,0.0000,5.0084,620.4536,0.0000,0.9951
209870,340,24,0.1000,0.00000500,0.0000,3.4286,594.4139,0.0000,0.9961
209871,315,21,0.1000,0.00000500,0.0000,2.8535,601.9608,0.0000,0.9955
209872,10239,150,0.1000,0.00000500,0.0000,7.0404,720.7927,0.0000,0.9892
209873,1193,36,0.1000,0.00000500,0.0000,6.0329,650.9149,0.0000,0.9922
209874,1803,56,0.1000,0.00000500,0.0000,6.6745,651.8958,0.0000,0.9877
209875,412,27,0.1000,0.00000500,0.0000,4.8927,595.9446,0.0000,0.9954
209876,443,21,0.1000,0.00000500,0.0000,5.6198,606.4003,0.0000,0.9911
209877,668,30,0.1000,0.00000500,0.0000,5.0288,619.6069,0.0000,0.9885
209878,1513,39,0.1000,0.00000500,0.0000,4.9750,677.1430,0.0000,0.9952
209879,644,24,0.1000,0.00000500,0.0000,5.5268,597.8933,0.0000,0.9857
209880,875,45,0.1000,0.00000500,0.0000,6.4667,612.0803,0.0000,0.9910
209881,387,30,0.1000,0.00000500,0.0000,5.1246,589.2086,0.0000,0.9906
209882,556,33,0.1000,0.00000500,0.0000,4.7646,604.9183,0.0000,0.9915
209883,465,24,0.1000,0.00000500,0.0000,6.8671,609.1437,0.0000,0.9909
209884,847,36,0.1000,0.00000500,0.0000,6.6856,626.9010,0.0000,0.9931
209885,1900,60,0.1000,0.00000500,0.0000,7.7509,645.0007,0.0000,0.9891
209886,379,24,0.1000,0.00000500,0.0000,7.8888,593.7293,0.0000,0.9896
209887,1240,37,0.1000,0.00000500,0.0000,6.1707,649.0600,0.0000,0.9924
209888,152,12,0.1000,0.00000500,0.0000,4.4749,579.1233,0.0000,0.9974
209889,105,9,0.1000,0.00000500,0.0000,7.2450,576.8401,0.0000,0.9826
209890,1194,37,0.1000,0.00000500,0.0000,5.9769,641.5358,0.0000,0.9916
209891,259,27,0.1000,0.00000500,0.0000,6.4127,574.3865,0.0000,0.9896
209892,268,21,0.1000,0.00000500,0.0000,6.1399,588.2853,0.0000,0.9926
209893,1567,51,0.1000,0.00000500,0.0000,5.8031,645.9547,0.0000,0.9939
209894,528,39,0.1000,0.00000500,0.0000,6.4362,601.3559,0.0000,0.9912
209895,1074,39,0.1000,0.00000500,0.0000,6.1064,636.0845,0.0000,0.9928
209896,1645,57,0.1000,0.00000500,0.0000,6.0054,641.1345,0.0000,0.9890
209897,206,20,0.1000,0.00000500,0.0000,4.5999,577.6581,0.0000,0.9906
209898,326,21,0.1000,0.00000500,0.0000,5.3683,591.8930,0.0000,0.9970
209899,624,32,0.1000,0.00000500,0.0000,7.0668,614.7888,0.0000,0.9941
209900,98,15,0.1000,0.00000500,0.0000,5.1791,567.9203,0.0000,0.9917
209901,461,24,0.1000,0.00000500,0.0000,5.7027,610.1706,0.0000,0.9922
209902,120,15,0.1000,0.00000500,0.0000,4.1893,577.0654,0.0000,0.9958
209903,756,36,0.1000,0.00000500,0.0000,5.7997,608.3038,0.0000,0.9905
209904,2725,51,0.1000,0.00000500,0.0000,5.0559,697.9188,0.0000,0.9884
209905,188,24,0.1000,0.00000500,0.0000,7.5232,570.1640,0.0000,0.9883
209906,2684,65,0.1000,0.00000500,0.0000,5.7673,663.6709,0.0000,0.9933
209907,2334,84,0.1000,0.00000500,0.0000,5.7931,630.4480,0.0000,0.9929
209908,290,18,0.1000,0.00000500,0.0000,7.3872,596.0331,0.0000,0.9896
209909,523,28,0.1000,0.00000500,0.0000,4.0067,593.7015,0.0000,0.9944
209910,7370,135,0.1000,0.00000500,0.0000,5.4532,698.1653,0.0000,0.9933
209911,267,21,0.1000,0.00000500,0.0000,8.8490,589.7856,0.0000,0.9851
209912,1307,66,0.1000,0.00000500,0.0000,4.7025,616.9052,0.0000,0.9938
209913,408,9,0.1000,0.00000500,0.0000,4.4629,610.0554,0.0000,0.9965
209914,368,24,0.1000,0.00000500,0.0000,5.9412,598.5709,0.0000,0.9883
209915,2713,75,0.1000,0.00000500,0.0000,5.6899,661.6046,0.0000,0.9900
209916,1742,45,0.1000,0.00000500,0.0000,4.9495,657.6349,0.0000,0.9889
209917,644,36,0.1000,0.00000500,0.0000,4.4426,600.6925,0.0000,0.9931
209918,369,21,0.1000,0.00000500,0.0000,3.2244,598.4552,0.0000,0.9911
209919,291,18,0.1000,0.00000500,0.0000,6.3556,593.7545,0.0000,0.9913
209920,684,36,0.1000,0.00000500,0.0000,6.8097,606.8315,0.0000,0.9878
209921,1568,66,0.1000,0.00000500,0.0000,5.0262,622.5437,0.0000,0.9953
209922,220,15,0.1000,0.00000500,0.0000,5.7686,590.6019,0.0000,0.9854
209923,1096,57,0.1000,0.00000500,0.0000,4.5747,611.5428,0.0000,0.9923
209924,313,33,0.1000,0.00000500,0.0000,5.2385,584.8260,0.0000,0.9943
209925,974,48,0.1000,0.00000500,0.0000,5.5816,610.3037,0.0000,0.9902
209926,76,12,0.1000,0.00000500,0.0000,2.9294,570.7741,0.0000,0.9922
209927,1349,39,0.1000,0.00000500,0.0000,5.6699,648.1579,0.0000,0.9952
209928,814,42,0.1000,0.00000500,0.0000,7.1773,611.7237,0.0000,0.9888
209929,592,27,0.1000,0.00000500,0.0000,6.0028,617.1641,0.0000,0.9907
209930,6806,98,0.1000,0.00000500,0.0000,6.0193,720.2144,0.0000,0.9872
209931,413,27,0.1000,0.00000500,0.0000,7.2583,596.7952,0.0000,0.9850
209932,554,24,0.1000,0.00000500,0.0000,7.5747,617.3277,0.0000,0.9896
209933,315,30,0.1000,0.00000500,0.0000,7.0722,579.8727,0.0000,0.9844
209934,763,39,0.1000,0.00000500,0.0000,7.2975,609.9504,0.0000,0.9896
209935,78,12,0.1000,0.00000500,0.0000,4.6106,575.5022,0.0000,0.9896
209936,179,18,0.1000,0.00000500,0.0000,7.3390,573.7321,0.0000,0.9861
209937,22,6,0.1000,0.00000500,0.0000,10.5481,552.1858,0.0000,0.9844
209938,939,39,0.1000,0.00000500,0.0000,5.6417,624.1933,0.0000,0.9920
209939,4615,65,0.1000,0.00000500,0.0000,4.4804,721.8199,0.0000,0.9947
209940,128,16,0.1000,0.00000500,0.0000,3.9807,578.6809,0.0000,0.9922
209941,251,24,0.1000,0.00000500,0.0000,5.7423,583.7757,0.0000,0.9870
209942,532,36,0.1000,0.00000500,0.0000,5.1737,595.3358,0.0000,0.9878
209943,129,13,0.1000,0.00000500,0.0000,7.4741,566.3256,0.0000,0.9904
209944,760,27,0.1000,0.00000500,0.0000,5.9094,637.5008,0.0000,0.9884
209945,405,30,0.1000,0.00000500,0.0000,5.1847,598.3680,0.0000,0.9927
209946,126,15,0.1000,0.00000500,0.0000,10.4957,569.5990,0.0000,0.9812
209947,676,33,0.1000,0.00000500,0.0000,4.2660,620.3007,0.0000,0.9953
209948,362,26,0.1000,0.00000500,0.0000,5.5265,590.5327,0.0000,0.9928
209949,89,12,0.1000,0.00000500,0.0000,6.2199,567.8774,0.0000,0.9870
209950,9098,122,0.1000,0.00000500,0.0000,6.7047,729.5407,0.0000,0.9877
209951,3078,66,0.1000,0.00000500,0.0000,5.9869,672.1652,0.0000,0.9929
209952,197,21,0.1000,0.00000500,0.0000,5.1769,583.0117,0.0000,0.9940
209953,77,12,0.1000,0.00000500,0.0000,10.1272,563.1805,0.0000,0.9844
209954,452,25,0.1000,0.00000500,0.0000,4.9706,590.9897,0.0000,0.9938
209955,2151,78,0.1000,0.00000500,0.0000,7.1333,639.8001,0.0000,0.9896
209956,223,18,0.1000,0.00000500,0.0000,5.2664,586.3985,0.0000,0.9896
209957,570,30,0.1000,0.00000500,0.0000,3.8459,632.0131,0.0000,0.9927
209958,2212,69,0.1000,0.00000500,0.0000,7.0919,649.6017,0.0000,0.9900
209959,439,24,0.1000,0.00000500,0.0000,5.0107,611.7615,0.0000,0.9961
209960,1044,42,0.1000,0.00000500,0.0000,7.2171,624.0944,0.0000,0.9918
209961,939,48,0.1000,0.00000500,0.0000,6.3214,618.2757,0.0000,0.9896
209962,1039,54,0.1000,0.00000500,0.0000,6.0143,607.7970,0.0000,0.9890
209963,2823,57,0.1000,0.00000500,0.0000,5.0068,683.0003,0.0000,0.9879
209964,1169,39,0.1000,0.00000500,0.0000,6.2655,638.7232,0.0000,0.9864
209965,1732,54,0.1000,0.00000500,0.0000,6.0351,637.8050,0.0000,0.9890
209966,246,21,0.1000,0.00000500,0.0000,5.1323,582.6435,0.0000,0.9955
209967,3458,63,0.1000,0.00000500,0.0000,6.0276,691.9929,0.0000,0.9906
209968,414,30,0.1000,0.00000500,0.0000,8.2650,589.1499,0.0000,0.9865
209969,543,24,0.1000,0.00000500,0.0000,4.7085,608.6710,0.0000,0.9948
209970,109,15,0.1000,0.00000500,0.0000,5.2634,578.0842,0.0000,0.9958
209971,1050,48,0.1000,0.00000500,0.0000,6.4469,614.9882,0.0000,0.9915
209972,73,12,0.1000,0.00000500,0.0000,5.4623,581.2762,0.0000,0.9896
209973,1185,57,0.1000,0.00000500,0.0000,5.2457,611.3089,0.0000,0.9923
209974,205,21,0.1000,0.00000500,0.0000,4.1323,574.0092,0.0000,0.9970
209975,996,48,0.1000,0.00000500,0.0000,5.7142,614.8046,0.0000,0.9889
209976,373,24,0.1000,0.00000500,0.0000,3.4197,592.6929,0.0000,0.9948
209977,77,15,0.1000,0.00000500,0.0000,5.8661,567.8166,0.0000,0.9958
209978,3499,60,0.1000,0.00000500,0.0000,4.2666,715.0225,0.0000,0.9917
209979,2623,60,0.1000,0.00000500,0.0000,5.9417,667.2812,0.0000,0.9911
209980,3614,72,0.1000,0.00000500,0.0000,4.8064,688.7347,0.0000,0.9931
209981,1606,45,0.1000,0.00000500,0.0000,4.4892,654.5151,0.0000,0.9917
209982,3257,125,0.1000,0.00000500,0.0000,5.7509,631.5789,0.0000,0.9882
209983,538,39,0.1000,0.00000500,0.0000,4.9569,588.6408,0.0000,0.9928
209984,4937,73,0.1000,0.00000500,0.0000,6.2762,727.4684,0.0000,0.9880
209985,213,21,0.1000,0.00000500,0.0000,5.0932,585.0530,0.0000,0.9911
209986,457,30,0.1000,0.00000500,0.0000,4.5246,594.3377,0.0000,0.9958
209987,776,27,0.1000,0.00000500,0.0000,5.7757,641.2711,0.0000,0.9931
209988,58,9,0.1000,0.00000500,0.0000,4.0855,543.3697,0.0000,1.0000
209989,5892,69,0.1000,0.00000500,0.0000,6.3353,747.1099,0.0000,0.9918
209990,406,24,0.1000,0.00000500,0.0000,4.2583,601.3707,0.0000,0.9935
209991,134,15,0.1000,0.00000500,0.0000,6.9623,573.7937,0.0000,0.9938
209992,1349,39,0.1000,0.00000500,0.0000,3.3997,649.0024,0.0000,0.9952
209993,1110,39,0.1000,0.00000500,0.0000,6.3870,626.0638,0.0000,0.9888
209994,139,18,0.1000,0.00000500,0.0000,4.8269,571.1387,0.0000,0.9878
209995,461,23,0.1000,0.00000500,0.0000,6.3019,608.2634,0.0000,0.9918
209996,3668,72,0.1000,0.00000500,0.0000,4.2266,686.1068,0.0000,0.9909
209997,1705,42,0.1000,0.00000500,0.0000,5.5750,664.2511,0.0000,0.9940
209998,976,39,0.1000,0.00000500,0.0000,4.4419,629.9111,0.0000,0.9888
209999,286,27,0.1000,0.00000500,0.0000,5.7494,582.7619,0.0000,0.9942
210000,4037,87,0.1000,0.00000500,0.0000,5.0087,672.8107,0.0000,0.9907
210001,157,15,0.1000,0.00000500,0.0000,2.8871,575.3413,0.0000,0.9938
210002,869,46,0.1000,0.00000500,0.0000,6.0526,599.1120,0.0000,0.9912
210003,1209,60,0.1000,0.00000500,0.0000,4.8923,616.2932,0.0000,0.9917
210004,714,36,0.1000,0.00000500,0.0000,6.2744,609.9920,0.0000,0.9844
210005,89,12,0.1000,0.00000500,0.0000,7.4310,561.7515,0.0000,0.9948
210006,165,15,0.1000,0.00000500,0.0000,5.9136,569.4520,0.0000,0.9938
210007,508,30,0.1000,0.00000500,0.0000,2.7032,604.1833,0.0000,0.9927
210008,4107,105,0.1000,0.00000500,0.0000,6.3596,656.5847,0.0000,0.9890
210009,210,21,0.1000,0.00000500,0.0000,6.6433,580.4032,0.0000,0.9866
210010,407,9,0.1000,0.00000500,0.0000,6.5471,606.3401,0.0000,0.9896
210011,1579,48,0.1000,0.00000500,0.0000,6.2661,643.1957,0.0000,0.9889
210012,1655,78,0.1000,0.00000500,0.0000,5.7799,608.0783,0.0000,0.9904
210013,352,27,0.1000,0.00000500,0.0000,7.9091,583.8871,0.0000,0.9896
210014,37,9,0.1000,0.00000500,0.0000,2.8549,560.4732,0.0000,0.9965
210015,75,11,0.1000,0.00000500,0.0000,4.6720,563.5436,0.0000,0.9915
210016,45,9,0.1000,0.00000500,0.0000,5.9913,559.2295,0.0000,0.9931
210017,115,14,0.1000,0.00000500,0.0000,5.3105,568.2439,0.0000,0.9933
210018,155,15,0.1000,0.00000500,0.0000,3.7535,581.4947,0.0000,0.9958
210019,6613,105,0.1000,0.00000500,0.0000,5.7699,693.0826,0.0000,0.9917
210020,2310,48,0.1000,0.00000500,0.0000,4.7012,674.0097,0.0000,0.9909
210021,1325,48,0.1000,0.00000500,0.0000,6.4946,639.9758,0.0000,0.9896
210022,508,38,0.1000,0.00000500,0.0000,5.5058,596.2941,0.0000,0.9877
210023,915,39,0.1000,0.00000500,0.0000,4.8454,614.2182,0.0000,0.9872
210024,639,36,0.1000,0.00000500,0.0000,4.7496,600.3072,0.0000,0.9913
210025,42,12,0.1000,0.00000500,0.0000,3.4002,549.3722,0.0000,0.9948
210026,1509,36,0.1000,0.00000500,0.0000,4.3483,654.7222,0.0000,0.9922
210027,1033,54,0.1000,0.00000500,0.0000,6.6946,609.5481,0.0000,0.9855
210028,208,15,0.1000,0.00000500,0.0000,5.8879,579.2266,0.0000,0.9875
210029,493,34,0.1000,0.00000500,0.0000,6.0748,598.5545,0.0000,0.9936
210030,779,30,0.1000,0.00000500,0.0000,4.3861,622.0686,0.0000,0.9917
210031,129,18,0.1000,0.00000500,0.0000,6.5992,569.0191,0.0000,0.9931
210032,722,45,0.1000,0.00000500,0.0000,5.3804,594.6421,0.0000,0.9924
210033,469,23,0.1000,0.00000500,0.0000,6.1206,595.8312,0.0000,0.9864
210034,366,21,0.1000,0.00000500,0.0000,8.2745,617.7354,0.0000,0.9896
210035,45,9,0.1000,0.00000500,0.0000,6.8255,551.5902,0.0000,0.9861
210036,2195,55,0.1000,0.00000500,0.0000,5.5737,667.3741,0.0000,0.9915
210037,283,18,0.1000,0.00000500,0.0000,3.7265,588.5040,0.0000,0.9861
210038,199,21,0.1000,0.00000500,0.0000,4.5030,573.6344,0.0000,0.9881
210039,285,18,0.1000,0.00000500,0.0000,5.3095,586.8849,0.0000,0.9878
210040,57,12,0.1000,0.00000500,0.0000,3.5429,558.9748,0.0000,0.9922
210041,190,18,0.1000,0.00000500,0.0000,2.5197,586.6435,0.0000,0.9965
210042,302,21,0.1000,0.00000500,0.0000,5.3530,590.9630,0.0000,0.9881
210043,1355,38,0.1000,0.00000500,0.0000,5.8187,646.0832,0.0000,0.9910
210044,70,9,0.1000,0.00000500,0.0000,4.8687,566.9568,0.0000,1.0000
210045,792,30,0.1000,0.00000500,0.0000,5.7602,631.3327,0.0000,0.9969
210046,110,12,0.1000,0.00000500,0.0000,8.6500,568.1287,0.0000,0.9844
210047,152,12,0.1000,0.00000500,0.0000,4.9475,574.0511,0.0000,0.9948
210048,7043,96,0.1000,0.00000500,0.0000,5.8427,717.0656,0.0000,0.9873
210049,2926,62,0.1000,0.00000500,0.0000,5.8011,671.4879,0.0000,0.9899
210050,2736,51,0.1000,0.00000500,0.0000,5.1928,686.5718,0.0000,0.9859
210051,1439,72,0.1000,0.00000500,0.0000,6.4472,607.8462,0.0000,0.9883
210052,364,21,0.1000,0.00000500,0.0000,4.2949,592.3250,0.0000,0.9911
210053,47,9,0.1000,0.00000500,0.0000,11.8810,555.1764,0.0000,0.9757
210054,1802,60,0.1000,0.00000500,0.0000,6.3745,628.5928,0.0000,0.9896
210055,289,18,0.1000,0.00000500,0.0000,5.4805,587.2925,0.0000,0.9948
210056,132,15,0.1000,0.00000500,0.0000,6.3563,570.6679,0.0000,0.9875
210057,1768,66,0.1000,0.00000500,0.0000,5.3676,625.6645,0.0000,0.9915
210058,4298,84,0.1000,0.00000500,0.0000,5.2071,677.5473,0.0000,0.9907
210059,189,18,0.1000,0.00000500,0.0000,4.0401,572.3258,0.0000,0.9896
210060,262,24,0.1000,0.00000500,0.0000,3.3308,579.6088,0.0000,0.9909
210061,573,21,0.1000,0.00000500,0.0000,6.7992,597.0028,0.0000,0.9940
210062,843,42,0.1000,0.00000500,0.0000,5.5892,608.7295,0.0000,0.9940
210063,1032,45,0.1000,0.00000500,0.0000,5.0712,622.0724,0.0000,0.9861
210064,1924,51,0.1000,0.00000500,0.0000,5.1802,649.5124,0.0000,0.9896
210065,64,12,0.1000,0.00000500,0.0000,9.4198,555.2294,0.0000,0.9896
210066,4085,99,0.1000,0.00000500,0.0000,4.8584,665.2352,0.0000,0.9902
210067,53,11,0.1000,0.00000500,0.0000,3.8037,552.2825,0.0000,0.9943
210068,73,9,0.1000,0.00000500,0.0000,5.6520,564.0461,0.0000,0.9792
210069,579,36,0.1000,0.00000500,0.0000,5.3657,591.9636,0.0000,0.9922
210070,1578,45,0.1000,0.00000500,0.0000,4.9669,646.5498,0.0000,0.9896
210071,477,27,0.1000,0.00000500,0.0000,4.4647,597.4148,0.0000,0.9919
210072,1329,51,0.1000,0.00000500,0.0000,5.3731,615.8284,0.0000,0.9933
210073,427,30,0.1000,0.00000500,0.0000,5.3392,587.8808,0.0000,0.9958
210074,444,21,0.1000,0.00000500,0.0000,6.3750,596.8575,0.0000,0.9836
210075,773,39,0.1000,0.00000500,0.0000,7.3430,609.5404,0.0000,0.9896
210076,672,56,0.1000,0.00000500,0.0000,5.9891,584.1874,0.0000,0.9855
210077,878,45,0.1000,0.00000500,0.0000,4.8718,604.7666,0.0000,0.9882
210078,562,33,0.1000,0.00000500,0.0000,6.2988,598.8314,0.0000,0.9886
210079,555,27,0.1000,0.00000500,0.0000,7.2699,606.1193,0.0000,0.9884
210080,449,24,0.1000,0.00000500,0.0000,7.0525,609.3398,0.0000,0.9896
210081,774,27,0.1000,0.00000500,0.0000,6.0265,632.2888,0.0000,0.9919
210082,169,18,0.1000,0.00000500,0.0000,7.4513,581.1077,0.0000,0.9826
210083,83,15,0.1000,0.00000500,0.0000,8.1854,569.5121,0.0000,0.9854
210084,3442,75,0.1000,0.00000500,0.0000,7.2071,668.4798,0.0000,0.9883
210085,484,30,0.1000,0.00000500,0.0000,7.4372,595.1831,0.0000,0.9865
210086,94,15,0.1000,0.00000500,0.0000,8.6769,556.9211,0.0000,0.9854
210087,1140,69,0.1000,0.00000500,0.0000,6.0976,596.3950,0.0000,0.9918
210088,836,39,0.1000,0.00000500,0.0000,5.9212,612.8766,0.0000,0.9904
210089,122,15,0.1000,0.00000500,0.0000,6.8795,568.8805,0.0000,0.9917
210090,158,13,0.1000,0.00000500,0.0000,3.1753,567.2324,0.0000,0.9928
210091,281,18,0.1000,0.00000500,0.0000,3.3680,585.9298,0.0000,0.9948
210092,767,45,0.1000,0.00000500,0.0000,5.3570,599.3942,0.0000,0.9882
210093,1358,39,0.1000,0.00000500,0.0000,5.0278,645.8538,0.0000,0.9880
210094,2371,87,0.1000,0.00000500,0.0000,6.2219,631.6475,0.0000,0.9896
210095,564,24,0.1000,0.00000500,0.0000,5.5790,623.6009,0.0000,0.9935
210096,388,26,0.1000,0.00000500,0.0000,3.8487,586.1511,0.0000,0.9952
210097,124,18,0.1000,0.00000500,0.0000,4.4643,556.9528,0.0000,0.9896
210098,56,9,0.1000,0.00000500,0.0000,3.5078,555.0698,0.0000,0.9931
210099,122,15,0.1000,0.00000500,0.0000,8.2689,561.7864,0.0000,0.9875
210100,77,14,0.1000,0.00000500,0.0000,7.9116,560.1523,0.0000,0.9821
210101,6919,153,0.1000,0.00000500,0.0000,5.8659,669.0798,0.0000,0.9906
210102,1543,51,0.1000,0.00000500,0.0000,4.2995,627.2082,0.0000,0.9902
210103,2075,60,0.1000,0.00000500,0.0000,6.8665,637.8724,0.0000,0.9896
210104,484,33,0.1000,0.00000500,0.0000,5.0610,583.8766,0.0000,0.9905
210105,80,12,0.1000,0.00000500,0.0000,3.6357,569.3543,0.0000,0.9922
210106,223,19,0.1000,0.00000500,0.0000,8.8057,589.5269,0.0000,0.9737
210107,557,27,0.1000,0.00000500,0.0000,5.9310,629.2327,0.0000,0.9919
210108,284,27,0.1000,0.00000500,0.0000,7.0614,576.3920,0.0000,0.9861
210109,141,18,0.1000,0.00000500,0.0000,6.7431,568.7658,0.0000,0.9757
210110,3927,90,0.1000,0.00000500,0.0000,5.1271,671.7192,0.0000,0.9938
210111,1753,63,0.1000,0.00000500,0.0000,5.1310,617.7700,0.0000,0.9911
210112,434,30,0.1000,0.00000500,0.0000,5.7813,592.9647,0.0000,0.9875
210113,938,45,0.1000,0.00000500,0.0000,6.6332,612.2910,0.0000,0.9826
210114,908,43,0.1000,0.00000500,0.0000,5.9328,599.9177,0.0000,0.9898
210115,2950,93,0.1000,0.00000500,0.0000,5.5027,634.3126,0.0000,0.9896
210116,360,21,0.1000,0.00000500,0.0000,6.1312,583.5618,0.0000,0.9911
210117,1317,62,0.1000,0.00000500,0.0000,6.1008,614.6440,0.0000,0.9899
210118,167,17,0.1000,0.00000500,0.0000,3.0018,577.4968,0.0000,0.9908
210119,856,39,0.1000,0.00000500,0.0000,6.1756,601.4934,0.0000,0.9888
210120,1035,48,0.1000,0.00000500,0.0000,7.1179,614.8067,0.0000,0.9902
210121,67,9,0.1000,0.00000500,0.0000,5.1621,559.7579,0.0000,0.9965
210122,896,30,0.1000,0.00000500,0.0000,6.7440,622.5057,0.0000,0.9854
210123,2751,77,0.1000,0.00000500,0.0000,4.8551,651.9683,0.0000,0.9943
210124,629,33,0.1000,0.00000500,0.0000,4.1805,600.9167,0.0000,0.9943
210125,5686,150,0.1000,0.00000500,0.0000,5.4968,651.8849,0.0000,0.9902
210126,1350,48,0.1000,0.00000500,0.0000,5.3021,627.5118,0.0000,0.9876
210127,411,27,0.1000,0.00000500,0.0000,4.5044,583.2371,0.0000,0.9931
210128,556,27,0.1000,0.00000500,0.0000,5.7768,610.0015,0.0000,0.9896
210129,430,30,0.1000,0.00000500,0.0000,8.0092,588.1581,0.0000,0.9865
210130,1604,51,0.1000,0.00000500,0.0000,6.2882,638.4493,0.0000,0.9871
210131,463,27,0.1000,0.00000500,0.0000,3.6369,613.9701,0.0000,0.9931
210132,115,12,0.1000,0.00000500,0.0000,4.2721,579.1768,0.0000,0.9922
210133,127,15,0.1000,0.00000500,0.0000,6.0537,577.1673,0.0000,0.9938
210134,8127,165,0.1000,0.00000500,0.0000,5.5662,678.2798,0.0000,0.9915
210135,1206,36,0.1000,0.00000500,0.0000,4.4672,645.7802,0.0000,0.9905
210136,1699,54,0.1000,0.00000500,0.0000,5.0276,642.1248,0.0000,0.9890
210137,969,57,0.1000,0.00000500,0.0000,6.1376,604.9732,0.0000,0.9918
210138,2062,69,0.1000,0.00000500,0.0000,6.0189,633.2079,0.0000,0.9918
210139,1562,81,0.1000,0.00000500,0.0000,5.6826,608.5266,0.0000,0.9888
210140,229,21,0.1000,0.00000500,0.0000,6.1111,576.0895,0.0000,0.9866
210141,475,30,0.1000,0.00000500,0.0000,6.7149,597.0048,0.0000,0.9896
210142,563,33,0.1000,0.00000500,0.0000,4.5332,602.5006,0.0000,0.9934
210143,459,24,0.1000,0.00000500,0.0000,4.5742,601.9953,0.0000,0.9935
210144,387,24,0.1000,0.00000500,0.0000,3.9784,594.7080,0.0000,0.9870
210145,82,12,0.1000,0.00000500,0.0000,4.0742,559.0380,0.0000,0.9870
210146,539,21,0.1000,0.00000500,0.0000,7.5855,585.3988,0.0000,0.9911
210147,737,39,0.1000,0.00000500,0.0000,5.0255,605.4632,0.0000,0.9896
210148,1096,63,0.1000,0.00000500,0.0000,5.1105,592.3270,0.0000,0.9921
210149,444,21,0.1000,0.00000500,0.0000,5.3860,606.2461,0.0000,0.9896
210150,182,21,0.1000,0.00000500,0.0000,7.7407,567.2721,0.0000,0.9896
210151,308,21,0.1000,0.00000500,0.0000,4.4299,605.5516,0.0000,0.9940
210152,366,20,0.1000,0.00000500,0.0000,4.2544,584.5254,0.0000,0.9938
210153,44,9,0.1000,0.00000500,0.0000,3.0982,547.6740,0.0000,0.9965
210154,289,21,0.1000,0.00000500,0.0000,3.7012,582.4752,0.0000,0.9940
210155,2867,63,0.1000,0.00000500,0.0000,5.7101,671.8797,0.0000,0.9891
210156,666,27,0.1000,0.00000500,0.0000,4.5118,624.1393,0.0000,0.9954
210157,361,20,0.1000,0.00000500,0.0000,4.7395,589.1681,0.0000,0.9922
210158,175,21,0.1000,0.00000500,0.0000,3.8598,569.2911,0.0000,0.9911
210159,297,30,0.1000,0.00000500,0.0000,5.0470,578.0567,0.0000,0.9927
210160,39,9,0.1000,0.00000500,0.0000,8.9748,557.0294,0.0000,0.9826
210161,1337,31,0.1000,0.00000500,0.0000,3.9241,654.9256,0.0000,0.9950
210162,176,24,0.1000,0.00000500,0.0000,3.7385,568.8926,0.0000,0.9948
210163,1976,72,0.1000,0.00000500,0.0000,6.5525,627.9110,0.0000,0.9887
210164,500,27,0.1000,0.00000500,0.0000,4.5624,607.1967,0.0000,0.9907
210165,391,30,0.1000,0.00000500,0.0000,6.1191,581.0036,0.0000,0.9896
210166,2807,81,0.1000,0.00000500,0.0000,5.4402,639.6750,0.0000,0.9915
210167,658,24,0.1000,0.00000500,0.0000,5.3310,619.4747,0.0000,0.9909
210168,2073,63,0.1000,0.00000500,0.0000,6.4319,633.3530,0.0000,0.9881
210169,868,33,0.1000,0.00000500,0.0000,7.1128,617.0970,0.0000,0.9924
210170,241,20,0.1000,0.00000500,0.0000,6.3728,573.1352,0.0000,0.9875
210171,2223,68,0.1000,0.00000500,0.0000,4.4770,642.1993,0.0000,0.9899
210172,823,42,0.1000,0.00000500,0.0000,4.1513,610.7732,0.0000,0.9888
210173,134,18,0.1000,0.00000500,0.0000,6.0234,559.4843,0.0000,0.9844
210174,770,24,0.1000,0.00000500,0.0000,5.5504,621.6073,0.0000,0.9831
210175,375,22,0.1000,0.00000500,0.0000,6.6615,592.5098,0.0000,0.9858
210176,109,11,0.1000,0.00000500,0.0000,5.6609,560.8047,0.0000,0.9886
210177,923,56,0.1000,0.00000500,0.0000,5.0993,596.6911,0.0000,0.9894
210178,7287,120,0.1000,0.00000500,0.0000,5.6923,695.1155,0.0000,0.9919
210179,254,24,0.1000,0.00000500,0.0000,7.8254,581.6605,0.0000,0.9896
210180,208,15,0.1000,0.00000500,0.0000,5.8236,569.4912,0.0000,0.9750
210181,981,42,0.1000,0.00000500,0.0000,5.1641,617.7061,0.0000,0.9911
210182,2269,66,0.1000,0.00000500,0.0000,6.5265,643.9881,0.0000,0.9877
210183,2607,78,0.1000,0.00000500,0.0000,5.6335,642.4818,0.0000,0.9896
210184,3623,66,0.1000,0.00000500,0.0000,5.1020,681.6547,0.0000,0.9891
210185,3212,55,0.1000,0.00000500,0.0000,4.4026,696.6579,0.0000,0.9898
210186,544,30,0.1000,0.00000500,0.0000,3.7114,597.9472,0.0000,0.9917
210187,210,15,0.1000,0.00000500,0.0000,5.0450,575.5302,0.0000,0.9854
210188,927,44,0.1000,0.00000500,0.0000,5.5510,606.0068,0.0000,0.9908
210189,2058,60,0.1000,0.00000500,0.0000,4.9782,648.8872,0.0000,0.9891
210190,1946,54,0.1000,0.00000500,0.0000,4.7211,658.5515,0.0000,0.9913
210191,79,12,0.1000,0.00000500,0.0000,6.6853,556.0446,0.0000,0.9844
210192,2523,54,0.1000,0.00000500,0.0000,7.1817,680.9036,0.0000,0.9850
210193,119,15,0.1000,0.00000500,0.0000,5.1875,575.7449,0.0000,0.9938
210194,228,15,0.1000,0.00000500,0.0000,3.0325,581.7200,0.0000,0.9938
210195,1298,63,0.1000,0.00000500,0.0000,5.7902,607.2858,0.0000,0.9896
210196,123,15,0.1000,0.00000500,0.0000,3.5475,601.9692,0.0000,0.9938
210197,98,12,0.1000,0.00000500,0.0000,4.1916,583.4239,0.0000,0.9948
210198,877,36,0.1000,0.00000500,0.0000,6.7482,608.1593,0.0000,0.9878
210199,543,21,0.1000,0.00000500,0.0000,5.9675,601.6679,0.0000,0.9866
210200,113,12,0.1000,0.00000500,0.0000,4.5492,564.0032,0.0000,0.9844
210201,272,21,0.1000,0.00000500,0.0000,4.2851,579.7012,0.0000,0.9911
210202,739,36,0.1000,0.00000500,0.0000,5.5719,604.3886,0.0000,0.9896
210203,239,18,0.1000,0.00000500,0.0000,5.7610,578.7375,0.0000,0.9878
210204,243,23,0.1000,0.00000500,0.0000,3.5351,575.3407,0.0000,0.9918
210205,244,21,0.1000,0.00000500,0.0000,6.4280,583.2905,0.0000,0.9807
210206,67,9,0.1000,0.00000500,0.0000,4.1328,559.6571,0.0000,0.9965
210207,2395,63,0.1000,0.00000500,0.0000,4.8650,654.2892,0.0000,0.9940
210208,600,30,0.1000,0.00000500,0.0000,5.4858,602.6199,0.0000,0.9885
210209,1104,54,0.1000,0.00000500,0.0000,5.6932,613.7318,0.0000,0.9890
210210,3333,98,0.1000,0.00000500,0.0000,5.7760,643.0188,0.0000,0.9898
210211,436,33,0.1000,0.00000500,0.0000,5.8165,583.8824,0.0000,0.9886
210212,4425,82,0.1000,0.00000500,0.0000,4.0918,674.4521,0.0000,0.9886
210213,341,24,0.1000,0.00000500,0.0000,6.2495,580.4801,0.0000,0.9844
210214,2938,63,0.1000,0.00000500,0.0000,7.4484,660.4431,0.0000,0.9866
210215,67,12,0.1000,0.00000500,0.0000,4.3741,549.9970,0.0000,0.9922
210216,167,18,0.1000,0.00000500,0.0000,5.7756,572.9350,0.0000,0.9861
210217,5929,102,0.1000,0.00000500,0.0000,6.2243,703.9151,0.0000,0.9893
210218,2100,75,0.1000,0.00000500,0.0000,6.6864,623.8097,0.0000,0.9846
210219,294,20,0.1000,0.00000500,0.0000,5.1231,588.9777,0.0000,0.9891
210220,95,15,0.1000,0.00000500,0.0000,2.6001,547.7083,0.0000,0.9875
210221,1096,42,0.1000,0.00000500,0.0000,5.6042,619.7130,0.0000,0.9903
210222,2246,66,0.1000,0.00000500,0.0000,4.2632,635.1465,0.0000,0.9905
210223,464,33,0.1000,0.00000500,0.0000,7.9155,583.0225,0.0000,0.9867
210224,6839,180,0.1000,0.00000500,0.0000,5.5638,653.7835,0.0000,0.9885
210225,420,29,0.1000,0.00000500,0.0000,4.2682,594.8213,0.0000,0.9871
210226,504,36,0.1000,0.00000500,0.0000,5.0358,583.8207,0.0000,0.9861
210227,65,12,0.1000,0.00000500,0.0000,7.4221,550.6265,0.0000,0.9922
210228,4950,90,0.1000,0.00000500,0.0000,6.2473,687.6046,0.0000,0.9889
210229,2358,72,0.1000,0.00000500,0.0000,4.7826,634.0829,0.0000,0.9870
210230,1169,51,0.1000,0.00000500,0.0000,5.8661,607.7225,0.0000,0.9841
210231,1195,37,0.1000,0.00000500,0.0000,4.8910,648.2449,0.0000,0.9865
210232,2374,60,0.1000,0.00000500,0.0000,6.6533,652.8025,0.0000,0.9906
210233,306,24,0.1000,0.00000500,0.0000,6.0154,587.1760,0.0000,0.9831
210234,3160,78,0.1000,0.00000500,0.0000,5.4908,645.1920,0.0000,0.9888
210235,387,30,0.1000,0.00000500,0.0000,6.7768,585.8141,0.0000,0.9875
210236,1936,71,0.1000,0.00000500,0.0000,6.3802,623.9438,0.0000,0.9881
210237,2684,69,0.1000,0.00000500,0.0000,7.1055,654.8393,0.0000,0.9841
210238,3125,63,0.1000,0.00000500,0.0000,5.0897,675.4031,0.0000,0.9906
210239,69,9,0.1000,0.00000500,0.0000,7.8788,553.0383,0.0000,0.9896
210240,2247,72,0.1000,0.00000500,0.0000,5.8435,632.0696,0.0000,0.9931
210241,889,39,0.1000,0.00000500,0.0000,4.6911,611.1687,0.0000,0.9880
210242,775,30,0.1000,0.00000500,0.0000,5.6919,615.2983,0.0000,0.9885
210243,263,21,0.1000,0.00000500,0.0000,4.9022,572.0047,0.0000,0.9911
210244,300,22,0.1000,0.00000500,0.0000,5.5155,584.1617,0.0000,0.9901
210245,539,42,0.1000,0.00000500,0.0000,7.0084,583.9569,0.0000,0.9866
210246,307,27,0.1000,0.00000500,0.0000,8.3117,572.7966,0.0000,0.9896
210247,913,42,0.1000,0.00000500,0.0000,6.2777,607.8983,0.0000,0.9799
210248,937,39,0.1000,0.00000500,0.0000,7.5185,604.7499,0.0000,0.9800
210249,1205,39,0.1000,0.00000500,0.0000,6.3011,625.9227,0.0000,0.9824
210250,1444,60,0.1000,0.00000500,0.0000,5.2035,614.9642,0.0000,0.9870
210251,215,15,0.1000,0.00000500,0.0000,5.7803,576.5702,0.0000,0.9917
210252,2423,60,0.1000,0.00000500,0.0000,4.5608,656.9819,0.0000,0.9891
210253,433,27,0.1000,0.00000500,0.0000,6.5841,589.1028,0.0000,0.9838
210254,96,15,0.1000,0.00000500,0.0000,4.2189,553.0308,0.0000,0.9896
210255,3156,72,0.1000,0.00000500,0.0000,6.8020,662.6400,0.0000,0.9887
210256,5247,114,0.1000,0.00000500,0.0000,5.4691,671.3643,0.0000,0.9888
210257,379,27,0.1000,0.00000500,0.0000,7.6897,583.2732,0.0000,0.9850
210258,4411,84,0.1000,0.00000500,0.0000,5.9439,671.9357,0.0000,0.9870
210259,246,21,0.1000,0.00000500,0.0000,5.4265,578.1978,0.0000,0.9881
210260,403,27,0.1000,0.00000500,0.0000,6.0066,586.8205,0.0000,0.9873
210261,64,11,0.1000,0.00000500,0.0000,4.2587,547.9880,0.0000,0.9943
210262,2726,48,0.1000,0.00000500,0.0000,5.7543,682.5263,0.0000,0.9863
210263,898,30,0.1000,0.00000500,0.0000,6.3841,626.3558,0.0000,0.9906
210264,424,30,0.1000,0.00000500,0.0000,5.2685,581.6218,0.0000,0.9885
210265,517,30,0.1000,0.00000500,0.0000,5.9006,591.5977,0.0000,0.9906
210266,674,33,0.1000,0.00000500,0.0000,3.9522,603.4314,0.0000,0.9943
210267,1415,51,0.1000,0.00000500,0.0000,5.6721,627.2398,0.0000,0.9908
210268,29,6,0.1000,0.00000500,0.0000,4.8473,545.5530,0.0000,0.9844
210269,313,27,0.1000,0.00000500,0.0000,4.5982,573.1268,0.0000,0.9861
210270,161,21,0.1000,0.00000500,0.0000,5.7272,562.0252,0.0000,0.9881
210271,260,21,0.1000,0.00000500,0.0000,4.5460,575.4802,0.0000,0.9896
210272,1274,48,0.1000,0.00000500,0.0000,5.8356,625.0700,0.0000,0.9889
210273,840,39,0.1000,0.00000500,0.0000,5.1707,601.4279,0.0000,0.9936
210274,101,14,0.1000,0.00000500,0.0000,4.2221,551.3456,0.0000,0.9844
210275,368,27,0.1000,0.00000500,0.0000,5.3822,584.9985,0.0000,0.9942
210276,68,9,0.1000,0.00000500,0.0000,4.5872,554.1479,0.0000,0.9931
210277,787,46,0.1000,0.00000500,0.0000,4.1460,592.9302,0.0000,0.9891
210278,3527,63,0.1000,0.00000500,0.0000,4.0430,678.1852,0.0000,0.9891
210279,2420,57,0.1000,0.00000500,0.0000,6.6581,661.3926,0.0000,0.9879
210280,4592,89,0.1000,0.00000500,0.0000,6.4678,669.8108,0.0000,0.9895
210281,487,30,0.1000,0.00000500,0.0000,5.5164,592.9369,0.0000,0.9875
210282,566,36,0.1000,0.00000500,0.0000,6.2252,595.1660,0.0000,0.9870
210283,162,15,0.1000,0.00000500,0.0000,4.6570,568.6932,0.0000,0.9938
210284,1124,45,0.1000,0.00000500,0.0000,5.2991,615.5234,0.0000,0.9910
210285,1749,47,0.1000,0.00000500,0.0000,5.0282,644.6368,0.0000,0.9927
210286,251,21,0.1000,0.00000500,0.0000,6.8513,575.0860,0.0000,0.9866
210287,5650,147,0.1000,0.00000500,0.0000,6.4818,659.1646,0.0000,0.9862
210288,158,15,0.1000,0.00000500,0.0000,5.1957,565.9349,0.0000,0.9958
210289,176,18,0.1000,0.00000500,0.0000,4.6136,566.8265,0.0000,0.9861
210290,5609,105,0.1000,0.00000500,0.0000,5.3066,678.2564,0.0000,0.9890
210291,189,18,0.1000,0.00000500,0.0000,3.7136,573.3363,0.0000,0.9931
210292,248,21,0.1000,0.00000500,0.0000,8.4623,577.1000,0.0000,0.9807
210293,68,9,0.1000,0.00000500,0.0000,4.6811,553.7272,0.0000,0.9931
210294,270,21,0.1000,0.00000500,0.0000,4.3668,588.8842,0.0000,0.9940
210295,31,8,0.1000,0.00000500,0.0000,13.0236,542.3281,0.0000,0.9688
210296,210,18,0.1000,0.00000500,0.0000,6.1024,576.2746,0.0000,0.9861
210297,136,17,0.1000,0.00000500,0.0000,3.9368,561.1021,0.0000,0.9908
210298,2293,48,0.1000,0.00000500,0.0000,5.4267,670.1836,0.0000,0.9870
210299,167,18,0.1000,0.00000500,0.0000,6.9165,577.1008,0.0000,0.9896
210300,1776,78,0.1000,0.00000500,0.0000,5.9617,610.6305,0.0000,0.9872
210301,3787,84,0.1000,0.00000500,0.0000,5.2150,675.3916,0.0000,0.9914
210302,306,21,0.1000,0.00000500,0.0000,4.6573,579.7935,0.0000,0.9926
210303,113,14,0.1000,0.00000500,0.0000,4.6913,558.5370,0.0000,0.9888
210304,393,24,0.1000,0.00000500,0.0000,3.8052,584.2286,0.0000,0.9844
210305,838,51,0.1000,0.00000500,0.0000,4.1778,592.3586,0.0000,0.9890
210306,286,18,0.1000,0.00000500,0.0000,4.8502,594.1150,0.0000,0.9896
210307,168,21,0.1000,0.00000500,0.0000,4.9952,563.7405,0.0000,0.9881
210308,313,27,0.1000,0.00000500,0.0000,6.7182,581.9505,0.0000,0.9850
210309,102,18,0.1000,0.00000500,0.0000,7.1572,559.8281,0.0000,0.9896
210310,170,17,0.1000,0.00000500,0.0000,3.6034,569.1046,0.0000,0.9945
210311,1548,48,0.1000,0.00000500,0.0000,6.6360,633.8967,0.0000,0.9883
210312,188,21,0.1000,0.00000500,0.0000,4.5191,565.3557,0.0000,0.9896
210313,192,24,0.1000,0.00000500,0.0000,3.7535,565.2534,0.0000,0.9831
210314,452,24,0.1000,0.00000500,0.0000,4.3424,598.3009,0.0000,0.9935
210315,701,27,0.1000,0.00000500,0.0000,3.5437,580.4844,0.0000,0.9873
210316,259,24,0.1000,0.00000500,0.0000,4.5386,574.3568,0.0000,0.9870
210317,290,18,0.1000,0.00000500,0.0000,9.0038,588.4266,0.0000,0.9826
210318,1065,54,0.1000,0.00000500,0.0000,6.2085,597.7055,0.0000,0.9902
210319,4023,60,0.1000,0.00000500,0.0000,5.7220,717.1384,0.0000,0.9880
210320,411,31,0.1000,0.00000500,0.0000,4.3347,573.1647,0.0000,0.9919
210321,210,18,0.1000,0.00000500,0.0000,5.0739,584.4864,0.0000,0.9913
210322,254,21,0.1000,0.00000500,0.0000,4.3275,574.8194,0.0000,0.9881
210323,132,17,0.1000,0.00000500,0.0000,5.0380,558.7233,0.0000,0.9871
210324,524,30,0.1000,0.00000500,0.0000,7.3500,595.1202,0.0000,0.9844
210325,1513,51,0.1000,0.00000500,0.0000,6.0863,630.3786,0.0000,0.9865
210326,372,26,0.1000,0.00000500,0.0000,7.1069,575.7473,0.0000,0.9880
210327,437,20,0.1000,0.00000500,0.0000,7.7843,589.7841,0.0000,0.9875
210328,3874,72,0.1000,0.00000500,0.0000,5.7233,675.9943,0.0000,0.9905
210329,602,35,0.1000,0.00000500,0.0000,4.5190,589.0206,0.0000,0.9875
210330,72,9,0.1000,0.00000500,0.0000,6.4272,560.4724,0.0000,0.9896
210331,1052,55,0.1000,0.00000500,0.0000,6.6679,598.6019,0.0000,0.9920
210332,54,9,0.1000,0.00000500,0.0000,7.7198,553.5042,0.0000,0.9896
210333,476,27,0.1000,0.00000500,0.0000,3.9508,581.8177,0.0000,0.9942
210334,385,21,0.1000,0.00000500,0.0000,7.9644,585.8156,0.0000,0.9821
210335,719,29,0.1000,0.00000500,0.0000,3.8639,601.4635,0.0000,0.9903
210336,320,30,0.1000,0.00000500,0.0000,4.3496,575.4738,0.0000,0.9906
210337,871,39,0.1000,0.00000500,0.0000,7.1555,606.9573,0.0000,0.9856
210338,10860,132,0.1000,0.00000500,0.0000,5.0870,726.1283,0.0000,0.9908
210339,1228,54,0.1000,0.00000500,0.0000,6.9492,608.1304,0.0000,0.9855
210340,540,24,0.1000,0.00000500,0.0000,4.0215,609.1293,0.0000,0.9922
210341,284,18,0.1000,0.00000500,0.0000,9.5955,590.8202,0.0000,0.9792
210342,1430,54,0.1000,0.00000500,0.0000,7.7539,611.7917,0.0000,0.9855
210343,73,9,0.1000,0.00000500,0.0000,4.8272,570.0732,0.0000,0.9861
210344,522,33,0.1000,0.00000500,0.0000,4.9929,596.7820,0.0000,0.9830
210345,732,33,0.1000,0.00000500,0.0000,4.8163,597.6073,0.0000,0.9896
210346,495,30,0.1000,0.00000500,0.0000,5.6939,592.8988,0.0000,0.9917
210347,1164,51,0.1000,0.00000500,0.0000,6.4327,606.5368,0.0000,0.9884
210348,254,23,0.1000,0.00000500,0.0000,6.3038,574.2538,0.0000,0.9905
210349,79,12,0.1000,0.00000500,0.0000,7.3151,551.8106,0.0000,0.9896
210350,76,12,0.1000,0.00000500,0.0000,10.1505,557.3870,0.0000,0.9870
210351,569,27,0.1000,0.00000500,0.0000,4.0697,597.9128,0.0000,0.9861
210352,1488,60,0.1000,0.00000500,0.0000,5.6066,622.6025,0.0000,0.9849
210353,1849,60,0.1000,0.00000500,0.0000,5.2676,634.6063,0.0000,0.9891
210354,245,21,0.1000,0.00000500,0.0000,6.0743,574.0570,0.0000,0.9836
210355,979,42,0.1000,0.00000500,0.0000,5.2063,611.6178,0.0000,0.9866
210356,1578,72,0.1000,0.00000500,0.0000,6.1158,607.4126,0.0000,0.9909
210357,626,32,0.1000,0.00000500,0.0000,5.8593,594.5048,0.0000,0.9863
210358,787,30,0.1000,0.00000500,0.0000,5.6441,627.0260,0.0000,0.9885
210359,1605,48,0.1000,0.00000500,0.0000,5.3853,639.6888,0.0000,0.9909
210360,888,54,0.1000,0.00000500,0.0000,6.5813,595.8735,0.0000,0.9884
210361,4050,68,0.1000,0.00000500,0.0000,7.4338,693.6713,0.0000,0.9871
210362,124,15,0.1000,0.00000500,0.0000,5.1238,565.8572,0.0000,0.9854
210363,1408,57,0.1000,0.00000500,0.0000,4.1269,620.8145,0.0000,0.9890
210364,2644,60,0.1000,0.00000500,0.0000,6.9252,661.3473,0.0000,0.9823
210365,112,12,0.1000,0.00000500,0.0000,7.2133,562.7173,0.0000,0.9844
210366,72,12,0.1000,0.00000500,0.0000,3.2430,549.7181,0.0000,0.9818
210367,293,25,0.1000,0.00000500,0.0000,5.7682,563.2865,0.0000,0.9938
210368,295,21,0.1000,0.00000500,0.0000,8.6553,578.1561,0.0000,0.9836
210369,616,30,0.1000,0.00000500,0.0000,6.1948,599.7550,0.0000,0.9917
210370,943,36,0.1000,0.00000500,0.0000,6.9766,606.7592,0.0000,0.9861
210371,1696,60,0.1000,0.00000500,0.0000,5.3629,628.0037,0.0000,0.9891
210372,87,12,0.1000,0.00000500,0.0000,7.1575,558.0363,0.0000,0.9922
210373,1234,42,0.1000,0.00000500,0.0000,5.4171,626.6547,0.0000,0.9881
210374,1094,48,0.1000,0.00000500,0.0000,4.0482,615.8326,0.0000,0.9928
210375,165,15,0.1000,0.00000500,0.0000,4.0495,564.7011,0.0000,0.9938
210376,2264,57,0.1000,0.00000500,0.0000,7.4175,643.6549,0.0000,0.9852
210377,5223,96,0.1000,0.00000500,0.0000,5.6475,682.2980,0.0000,0.9915
210378,1929,45,0.1000,0.00000500,0.0000,6.5117,649.1375,0.0000,0.9903
210379,176,15,0.1000,0.00000500,0.0000,3.6388,563.3516,0.0000,0.9979
210380,487,30,0.1000,0.00000500,0.0000,4.6000,586.8044,0.0000,0.9896
210381,606,33,0.1000,0.00000500,0.0000,7.3177,607.4189,0.0000,0.9924
210382,186,18,0.1000,0.00000500,0.0000,4.6249,571.4448,0.0000,0.9913
210383,1178,33,0.1000,0.00000500,0.0000,4.4081,637.7081,0.0000,0.9915
210384,1347,48,0.1000,0.00000500,0.0000,4.9237,625.1951,0.0000,0.9863
210385,738,45,0.1000,0.00000500,0.0000,5.3757,589.0150,0.0000,0.9868
210386,383,24,0.1000,0.00000500,0.0000,5.4283,575.3885,0.0000,0.9896
210387,683,39,0.1000,0.00000500,0.0000,4.8944,592.7932,0.0000,0.9888
210388,221,24,0.1000,0.00000500,0.0000,4.9041,560.4215,0.0000,0.9909
210389,1331,42,0.1000,0.00000500,0.0000,4.9053,627.5606,0.0000,0.9888
210390,163,15,0.1000,0.00000500,0.0000,8.5348,566.2623,0.0000,0.9833
210391,1725,54,0.1000,0.00000500,0.0000,4.9730,629.9219,0.0000,0.9890
210392,2096,75,0.1000,0.00000500,0.0000,6.2368,625.6973,0.0000,0.9883
210393,559,32,0.1000,0.00000500,0.0000,5.9080,592.3854,0.0000,0.9912
210394,1161,53,0.1000,0.00000500,0.0000,6.8990,606.9692,0.0000,0.9835
210395,289,21,0.1000,0.00000500,0.0000,5.3871,579.2030,0.0000,0.9926
210396,483,30,0.1000,0.00000500,0.0000,7.2143,593.7208,0.0000,0.9802
210397,304,21,0.1000,0.00000500,0.0000,7.0787,576.1202,0.0000,0.9821
210398,299,23,0.1000,0.00000500,0.0000,5.5673,573.2750,0.0000,0.9878
210399,1893,45,0.1000,0.00000500,0.0000,5.5087,676.1314,0.0000,0.9889
210400,548,27,0.1000,0.00000500,0.0000,6.2896,600.3711,0.0000,0.9873
210401,1238,42,0.1000,0.00000500,0.0000,5.5346,633.2603,0.0000,0.9888
210402,1055,45,0.1000,0.00000500,0.0000,6.9991,601.2494,0.0000,0.9889
210403,2391,57,0.1000,0.00000500,0.0000,5.5729,653.8932,0.0000,0.9896
210404,501,30,0.1000,0.00000500,0.0000,6.3890,591.1994,0.0000,0.9823
210405,135,15,0.1000,0.00000500,0.0000,6.6020,571.1243,0.0000,0.9833
210406,550,33,0.1000,0.00000500,0.0000,5.6680,585.7346,0.0000,0.9858
210407,671,30,0.1000,0.00000500,0.0000,3.6044,609.6236,0.0000,0.9896
210408,1920,47,0.1000,0.00000500,0.0000,5.5188,654.8333,0.0000,0.9860
210409,260,21,0.1000,0.00000500,0.0000,6.9788,573.0192,0.0000,0.9821
210410,754,38,0.1000,0.00000500,0.0000,4.4871,597.9667,0.0000,0.9910
210411,901,30,0.1000,0.00000500,0.0000,5.0820,630.3598,0.0000,0.9844
210412,1001,41,0.1000,0.00000500,0.0000,4.6834,622.6723,0.0000,0.9924
210413,845,33,0.1000,0.00000500,0.0000,3.8646,616.5197,0.0000,0.9953
210414,68,15,0.1000,0.00000500,0.0000,3.2544,551.9065,0.0000,0.9812
210415,4611,66,0.1000,0.00000500,0.0000,5.6705,705.3010,0.0000,0.9896
210416,473,12,0.1000,0.00000500,0.0000,6.5731,586.0572,0.0000,0.9818
210417,166,15,0.1000,0.00000500,0.0000,4.9184,580.0151,0.0000,0.9917
210418,180,21,0.1000,0.00000500,0.0000,3.9704,568.6255,0.0000,0.9881
210419,419,36,0.1000,0.00000500,0.0000,6.4050,573.2634,0.0000,0.9852
210420,226,24,0.1000,0.00000500,0.0000,6.9212,576.2088,0.0000,0.9857
210421,1351,66,0.1000,0.00000500,0.0000,5.9818,604.2988,0.0000,0.9915
210422,180,18,0.1000,0.00000500,0.0000,3.8831,564.7626,0.0000,0.9913
210423,283,18,0.1000,0.00000500,0.0000,3.9819,584.9574,0.0000,0.9896
210424,133,15,0.1000,0.00000500,0.0000,6.1421,558.1057,0.0000,0.9917
210425,301,21,0.1000,0.00000500,0.0000,6.9372,580.0945,0.0000,0.9777
210426,785,27,0.1000,0.00000500,0.0000,3.8747,614.9219,0.0000,0.9861
210427,45,9,0.1000,0.00000500,0.0000,6.5177,546.2740,0.0000,0.9757
210428,319,30,0.1000,0.00000500,0.0000,8.7728,575.8348,0.0000,0.9854
210429,1960,75,0.1000,0.00000500,0.0000,4.6387,626.7083,0.0000,0.9888
210430,1780,54,0.1000,0.00000500,0.0000,6.6454,629.9647,0.0000,0.9890
210431,116,14,0.1000,0.00000500,0.0000,7.1482,560.3457,0.0000,0.9844
210432,901,47,0.1000,0.00000500,0.0000,5.5964,603.1566,0.0000,0.9860
210433,131,15,0.1000,0.00000500,0.0000,6.2758,555.9414,0.0000,0.9812
210434,31,6,0.1000,0.00000500,0.0000,3.7012,549.1063,0.0000,0.9948
210435,521,27,0.1000,0.00000500,0.0000,5.1016,597.3117,0.0000,0.9931
210436,160,18,0.1000,0.00000500,0.0000,7.2118,565.7253,0.0000,0.9878
210437,1350,49,0.1000,0.00000500,0.0000,6.6306,611.3716,0.0000,0.9879
210438,448,24,0.1000,0.00000500,0.0000,4.5025,606.3809,0.0000,0.9805
210439,5081,99,0.1000,0.00000500,0.0000,5.8624,677.7352,0.0000,0.9855
210440,2423,57,0.1000,0.00000500,0.0000,6.1946,662.1139,0.0000,0.9857
210441,350,24,0.1000,0.00000500,0.0000,6.0895,580.0858,0.0000,0.9870
210442,293,21,0.1000,0.00000500,0.0000,4.6899,579.0271,0.0000,0.9866
210443,2160,63,0.1000,0.00000500,0.0000,6.1258,648.9765,0.0000,0.9861
210444,664,27,0.1000,0.00000500,0.0000,5.4095,611.5266,0.0000,0.9873
210445,2106,90,0.1000,0.00000500,0.0000,6.2235,616.4752,0.0000,0.9875
210446,827,36,0.1000,0.00000500,0.0000,5.6462,607.3308,0.0000,0.9896
210447,157,15,0.1000,0.00000500,0.0000,8.7875,569.4585,0.0000,0.9854
210448,1880,42,0.1000,0.00000500,0.0000,7.7304,650.3172,0.0000,0.9836
210449,592,39,0.1000,0.00000500,0.0000,6.3952,587.0581,0.0000,0.9864
210450,216,15,0.1000,0.00000500,0.0000,6.2661,582.2606,0.0000,0.9854
210451,1718,51,0.1000,0.00000500,0.0000,5.1729,640.7090,0.0000,0.9865
210452,217,21,0.1000,0.00000500,0.0000,7.6755,564.4997,0.0000,0.9777
210453,595,36,0.1000,0.00000500,0.0000,4.5662,584.7446,0.0000,0.9861
210454,219,24,0.1000,0.00000500,0.0000,5.3576,562.7452,0.0000,0.9844
210455,466,26,0.1000,0.00000500,0.0000,4.9294,604.3868,0.0000,0.9892
210456,298,21,0.1000,0.00000500,0.0000,3.9052,577.5947,0.0000,0.9926
210457,555,30,0.1000,0.00000500,0.0000,4.5239,593.0140,0.0000,0.9906
210458,352,27,0.1000,0.00000500,0.0000,6.7951,571.4129,0.0000,0.9861
210459,742,35,0.1000,0.00000500,0.0000,8.8879,601.9933,0.0000,0.9821
210460,841,27,0.1000,0.00000500,0.0000,5.2541,600.2604,0.0000,0.9896
210461,489,27,0.1000,0.00000500,0.0000,5.9715,598.6116,0.0000,0.9896
210462,276,15,0.1000,0.00000500,0.0000,6.7351,579.6013,0.0000,0.9875
210463,479,29,0.1000,0.00000500,0.0000,5.0178,593.9549,0.0000,0.9903
210464,661,27,0.1000,0.00000500,0.0000,4.8940,615.8424,0.0000,0.9896
210465,419,27,0.1000,0.00000500,0.0000,3.5234,590.7237,0.0000,0.9907
210466,259,24,0.1000,0.00000500,0.0000,5.2182,572.9059,0.0000,0.9831
210467,212,23,0.1000,0.00000500,0.0000,4.5192,576.0030,0.0000,0.9918
210468,168,18,0.1000,0.00000500,0.0000,4.0144,570.4162,0.0000,0.9913
210469,154,12,0.1000,0.00000500,0.0000,6.8496,566.4838,0.0000,0.9818
210470,100,15,0.1000,0.00000500,0.0000,2.6083,558.5658,0.0000,0.9896
210471,437,30,0.1000,0.00000500,0.0000,6.6681,579.0634,0.0000,0.9896
210472,735,39,0.1000,0.00000500,0.0000,5.1067,597.9614,0.0000,0.9864
210473,293,21,0.1000,0.00000500,0.0000,5.5104,584.1510,0.0000,0.9866
210474,458,27,0.1000,0.00000500,0.0000,6.9386,595.5073,0.0000,0.9931
210475,2199,93,0.1000,0.00000500,0.0000,6.2295,618.1573,0.0000,0.9876
210476,1759,69,0.1000,0.00000500,0.0000,5.1271,614.4333,0.0000,0.9887
210477,228,18,0.1000,0.00000500,0.0000,5.7240,588.3915,0.0000,0.9878
210478,223,18,0.1000,0.00000500,0.0000,5.5931,575.3205,0.0000,0.9861
210479,237,21,0.1000,0.00000500,0.0000,7.3433,569.3664,0.0000,0.9792
210480,725,42,0.1000,0.00000500,0.0000,5.3416,597.7082,0.0000,0.9874
210481,664,27,0.1000,0.00000500,0.0000,5.9604,613.0431,0.0000,0.9838
210482,692,27,0.1000,0.00000500,0.0000,4.6659,599.3681,0.0000,0.9896
210483,320,27,0.1000,0.00000500,0.0000,4.8236,570.6769,0.0000,0.9884
210484,994,39,0.1000,0.00000500,0.0000,5.4610,609.2756,0.0000,0.9840
210485,1350,36,0.1000,0.00000500,0.0000,4.5608,646.6945,0.0000,0.9922
210486,497,33,0.1000,0.00000500,0.0000,7.5428,583.7494,0.0000,0.9801
210487,2265,55,0.1000,0.00000500,0.0000,6.4917,643.1126,0.0000,0.9841
210488,207,18,0.1000,0.00000500,0.0000,5.1550,564.9702,0.0000,0.9809
210489,722,50,0.1000,0.00000500,0.0000,3.8131,587.4940,0.0000,0.9894
210490,220,21,0.1000,0.00000500,0.0000,10.9608,573.8893,0.0000,0.9821
210491,566,27,0.1000,0.00000500,0.0000,4.7516,592.1000,0.0000,0.9850
210492,210,23,0.1000,0.00000500,0.0000,4.7880,561.5964,0.0000,0.9946
210493,639,39,0.1000,0.00000500,0.0000,5.2846,588.4087,0.0000,0.9864
210494,531,36,0.1000,0.00000500,0.0000,4.3688,584.4183,0.0000,0.9887
210495,59,13,0.1000,0.00000500,0.0000,2.5778,545.0183,0.0000,0.9952
210496,1045,30,0.1000,0.00000500,0.0000,5.6753,627.2334,0.0000,0.9906
210497,680,30,0.1000,0.00000500,0.0000,6.7829,612.4237,0.0000,0.9802
210498,553,27,0.1000,0.00000500,0.0000,5.0053,598.9829,0.0000,0.9907
210499,478,33,0.1000,0.00000500,0.0000,5.8446,582.8434,0.0000,0.9877
210500,2083,48,0.1000,0.00000500,0.0000,4.4548,668.2068,0.0000,0.9902
210501,1254,51,0.1000,0.00000500,0.0000,5.1832,612.8036,0.0000,0.9877
210502,561,27,0.1000,0.00000500,0.0000,4.7847,603.6544,0.0000,0.9838
210503,1452,63,0.1000,0.00000500,0.0000,5.3415,613.0587,0.0000,0.9841
210504,152,12,0.1000,0.00000500,0.0000,12.7691,564.1478,0.0000,0.9766
210505,823,42,0.1000,0.00000500,0.0000,4.0280,596.0668,0.0000,0.9888
210506,1167,51,0.1000,0.00000500,0.0000,6.2115,612.5348,0.0000,0.9841
210507,816,27,0.1000,0.00000500,0.0000,5.7726,611.0420,0.0000,0.9873
210508,372,30,0.1000,0.00000500,0.0000,4.7948,570.2939,0.0000,0.9875
210509,1780,57,0.1000,0.00000500,0.0000,5.3508,635.6760,0.0000,0.9901
210510,258,19,0.1000,0.00000500,0.0000,4.6730,574.4235,0.0000,0.9885
210511,270,24,0.1000,0.00000500,0.0000,7.1041,570.2330,0.0000,0.9896
210512,119,15,0.1000,0.00000500,0.0000,7.7824,555.8372,0.0000,0.9917
210513,4229,101,0.1000,0.00000500,0.0000,6.3177,664.0367,0.0000,0.9873
210514,1295,57,0.1000,0.00000500,0.0000,5.9784,604.3197,0.0000,0.9907
210515,26,6,0.1000,0.00000500,0.0000,3.3463,533.5848,0.0000,0.9844
210516,122,17,0.1000,0.00000500,0.0000,6.1227,552.7620,0.0000,0.9853
210517,975,42,0.1000,0.00000500,0.0000,5.8927,603.1038,0.0000,0.9851
210518,382,24,0.1000,0.00000500,0.0000,5.3408,589.5846,0.0000,0.9909
210519,1413,53,0.1000,0.00000500,0.0000,4.3976,612.6303,0.0000,0.9906
210520,3164,66,0.1000,0.00000500,0.0000,8.1873,671.4916,0.0000,0.9801
210521,934,36,0.1000,0.00000500,0.0000,5.5606,614.0140,0.0000,0.9922
210522,1740,48,0.1000,0.00000500,0.0000,7.2296,631.6520,0.0000,0.9883
210523,2225,72,0.1000,0.00000500,0.0000,5.5933,624.5702,0.0000,0.9878
210524,1073,36,0.1000,0.00000500,0.0000,5.8455,619.0138,0.0000,0.9861
210525,423,33,0.1000,0.00000500,0.0000,6.0747,587.9258,0.0000,0.9858
210526,212,21,0.1000,0.00000500,0.0000,6.8262,568.6807,0.0000,0.9881
210527,1650,78,0.1000,0.00000500,0.0000,5.6275,601.9046,0.0000,0.9844
210528,231,24,0.1000,0.00000500,0.0000,4.8799,562.5005,0.0000,0.9831
210529,115,15,0.1000,0.00000500,0.0000,7.9161,549.5953,0.0000,0.9938
210530,2147,90,0.1000,0.00000500,0.0000,5.8981,613.2635,0.0000,0.9878
210531,484,31,0.1000,0.00000500,0.0000,4.4714,583.0369,0.0000,0.9960
210532,375,27,0.1000,0.00000500,0.0000,6.4757,576.7002,0.0000,0.9896
210533,154,15,0.1000,0.00000500,0.0000,6.1288,559.6853,0.0000,0.9875
210534,1363,36,0.1000,0.00000500,0.0000,4.5210,646.0146,0.0000,0.9887
210535,890,39,0.1000,0.00000500,0.0000,7.9576,601.9431,0.0000,0.9856
210536,76,12,0.1000,0.00000500,0.0000,8.0677,542.9173,0.0000,0.9896
210537,68,9,0.1000,0.00000500,0.0000,4.2150,551.3016,0.0000,0.9896
210538,4757,84,0.1000,0.00000500,0.0000,5.4490,673.6387,0.0000,0.9874
210539,151,15,0.1000,0.00000500,0.0000,4.6280,549.8838,0.0000,0.9875
210540,1519,51,0.1000,0.00000500,0.0000,6.6223,620.0256,0.0000,0.9835
210541,636,33,0.1000,0.00000500,0.0000,6.8371,601.0155,0.0000,0.9773
210542,318,27,0.1000,0.00000500,0.0000,6.0541,575.8073,0.0000,0.9861
210543,163,17,0.1000,0.00000500,0.0000,7.5558,560.4023,0.0000,0.9816
210544,72,9,0.1000,0.00000500,0.0000,9.7544,557.7944,0.0000,0.9826
210545,387,30,0.1000,0.00000500,0.0000,7.2403,574.4360,0.0000,0.9865
210546,46,9,0.1000,0.00000500,0.0000,4.6250,538.1627,0.0000,0.9931
210547,690,33,0.1000,0.00000500,0.0000,4.0772,600.8901,0.0000,0.9896
210548,285,18,0.1000,0.00000500,0.0000,4.6361,580.9280,0.0000,0.9844
210549,291,20,0.1000,0.00000500,0.0000,4.6939,573.5822,0.0000,0.9859
210550,1044,39,0.1000,0.00000500,0.0000,5.8251,611.3430,0.0000,0.9880
210551,1354,60,0.1000,0.00000500,0.0000,5.0086,599.0357,0.0000,0.9849
210552,3141,84,0.1000,0.00000500,0.0000,5.8060,645.8607,0.0000,0.9885
210553,3270,87,0.1000,0.00000500,0.0000,5.3533,641.0957,0.0000,0.9889
210554,65,9,0.1000,0.00000500,0.0000,10.2217,544.8257,0.0000,0.9792
210555,703,36,0.1000,0.00000500,0.0000,4.6489,590.4243,0.0000,0.9922
210556,335,27,0.1000,0.00000500,0.0000,5.0191,580.6268,0.0000,0.9861
210557,156,15,0.1000,0.00000500,0.0000,10.1006,569.3488,0.0000,0.9854
210558,1362,39,0.1000,0.00000500,0.0000,5.4766,641.5272,0.0000,0.9888
210559,133,16,0.1000,0.00000500,0.0000,5.6968,564.3812,0.0000,0.9844
210560,2559,51,0.1000,0.00000500,0.0000,6.2214,669.4415,0.0000,0.9871
210561,2212,63,0.1000,0.00000500,0.0000,5.5206,632.5038,0.0000,0.9836
210562,217,26,0.1000,0.00000500,0.0000,6.8776,556.0626,0.0000,0.9796
210563,1552,57,0.1000,0.00000500,0.0000,4.9917,609.6932,0.0000,0.9879
210564,747,36,0.1000,0.00000500,0.0000,6.3397,597.2368,0.0000,0.9922
210565,52,9,0.1000,0.00000500,0.0000,7.6294,543.7871,0.0000,0.9861
210566,42,12,0.1000,0.00000500,0.0000,3.0735,528.9836,0.0000,0.9818
210567,476,27,0.1000,0.00000500,0.0000,5.8697,586.6769,0.0000,0.9769
210568,593,27,0.1000,0.00000500,0.0000,5.1476,594.0696,0.0000,0.9907
210569,1108,57,0.1000,0.00000500,0.0000,4.5528,589.4390,0.0000,0.9912
210570,2723,51,0.1000,0.00000500,0.0000,4.8703,676.0564,0.0000,0.9896
210571,8984,114,0.1000,0.00000500,0.0000,4.4290,721.8461,0.0000,0.9868
210572,1021,24,0.1000,0.00000500,0.0000,6.2059,624.0390,0.0000,0.9844
210573,3278,93,0.1000,0.00000500,0.0000,5.7597,628.3767,0.0000,0.9856
210574,958,42,0.1000,0.00000500,0.0000,5.6404,610.7725,0.0000,0.9874
210575,2169,54,0.1000,0.00000500,0.0000,5.1868,655.0204,0.0000,0.9861
210576,1041,33,0.1000,0.00000500,0.0000,3.9946,623.3812,0.0000,0.9848
210577,1134,49,0.1000,0.00000500,0.0000,4.6347,606.3050,0.0000,0.9860
210578,174,17,0.1000,0.00000500,0.0000,5.1442,554.4918,0.0000,0.9890
210579,211,21,0.1000,0.00000500,0.0000,9.0854,559.5430,0.0000,0.9866
210580,89,12,0.1000,0.00000500,0.0000,8.5318,570.4293,0.0000,0.9870
210581,907,33,0.1000,0.00000500,0.0000,5.1308,613.4237,0.0000,0.9858
210582,1051,51,0.1000,0.00000500,0.0000,4.9322,605.4391,0.0000,0.9890
210583,3816,66,0.1000,0.00000500,0.0000,6.4416,691.6573,0.0000,0.9848
210584,96,15,0.1000,0.00000500,0.0000,5.1091,551.4163,0.0000,0.9833
210585,679,30,0.1000,0.00000500,0.0000,5.3221,606.3855,0.0000,0.9896
210586,290,21,0.1000,0.00000500,0.0000,4.4362,577.5352,0.0000,0.9881
210587,93,12,0.1000,0.00000500,0.0000,6.3804,549.2117,0.0000,0.9818
210588,228,21,0.1000,0.00000500,0.0000,4.2372,570.2433,0.0000,0.9940
210589,70,11,0.1000,0.00000500,0.0000,9.7738,549.2236,0.0000,0.9801
210590,463,24,0.1000,0.00000500,0.0000,6.3899,587.5107,0.0000,0.9922
210591,1715,54,0.1000,0.00000500,0.0000,4.1178,625.6737,0.0000,0.9855
210592,839,45,0.1000,0.00000500,0.0000,6.3377,591.6515,0.0000,0.9910
210593,557,27,0.1000,0.00000500,0.0000,4.0905,597.4762,0.0000,0.9884
210594,5660,78,0.1000,0.00000500,0.0000,6.6418,713.9887,0.0000,0.9828
210595,111,11,0.1000,0.00000500,0.0000,6.3485,559.7846,0.0000,0.9886
210596,2933,69,0.1000,0.00000500,0.0000,4.8539,658.2926,0.0000,0.9873
210597,290,21,0.1000,0.00000500,0.0000,6.4041,574.6837,0.0000,0.9836
210598,329,29,0.1000,0.00000500,0.0000,5.0676,570.8012,0.0000,0.9849
210599,573,27,0.1000,0.00000500,0.0000,3.3357,606.2673,0.0000,0.9942
210600,239,18,0.1000,0.00000500,0.0000,2.8263,567.6464,0.0000,0.9878
210601,2115,69,0.1000,0.00000500,0.0000,5.9642,619.8651,0.0000,0.9846
210602,229,18,0.1000,0.00000500,0.0000,5.1333,574.4367,0.0000,0.9878
210603,109,12,0.1000,0.00000500,0.0000,6.1528,563.1349,0.0000,0.9922
210604,23,6,0.1000,0.00000500,0.0000,5.2116,536.5676,0.0000,0.9896
210605,671,39,0.1000,0.00000500,0.0000,6.3697,589.8381,0.0000,0.9808
210606,398,33,0.1000,0.00000500,0.0000,4.0647,565.8673,0.0000,0.9896
210607,452,21,0.1000,0.00000500,0.0000,4.1480,593.8373,0.0000,0.9851
210608,505,33,0.1000,0.00000500,0.0000,4.6947,577.7707,0.0000,0.9792
210609,1892,45,0.1000,0.00000500,0.0000,4.8835,652.9628,0.0000,0.9861
210610,501,33,0.1000,0.00000500,0.0000,4.7638,586.9452,0.0000,0.9905
210611,228,24,0.1000,0.00000500,0.0000,4.9332,559.8763,0.0000,0.9896
210612,1226,45,0.1000,0.00000500,0.0000,6.1034,612.6626,0.0000,0.9882
210613,1226,42,0.1000,0.00000500,0.0000,3.8209,624.4876,0.0000,0.9903
210614,155,12,0.1000,0.00000500,0.0000,5.6602,565.1997,0.0000,0.9818
210615,1702,81,0.1000,0.00000500,0.0000,6.0353,596.2555,0.0000,0.9826
210616,74,12,0.1000,0.00000500,0.0000,8.1494,541.5022,0.0000,0.9818
210617,317,24,0.1000,0.00000500,0.0000,5.7854,577.8770,0.0000,0.9922
210618,245,21,0.1000,0.00000500,0.0000,5.2986,560.4689,0.0000,0.9881
210619,112,12,0.1000,0.00000500,0.0000,6.4670,552.9568,0.0000,0.9766
210620,296,29,0.1000,0.00000500,0.0000,6.1136,561.9630,0.0000,0.9903
210621,487,33,0.1000,0.00000500,0.0000,6.6256,584.3987,0.0000,0.9858
210622,966,39,0.1000,0.00000500,0.0000,6.8198,602.1923,0.0000,0.9824
210623,129,17,0.1000,0.00000500,0.0000,6.7522,556.2683,0.0000,0.9853
210624,372,24,0.1000,0.00000500,0.0000,6.7298,581.3683,0.0000,0.9831
210625,1483,69,0.1000,0.00000500,0.0000,5.2905,595.3878,0.0000,0.9846
210626,678,33,0.1000,0.00000500,0.0000,5.4714,587.4352,0.0000,0.9858
210627,126,15,0.1000,0.00000500,0.0000,7.3074,548.1354,0.0000,0.9771
210628,3814,93,0.1000,0.00000500,0.0000,7.0201,650.4578,0.0000,0.9835
210629,637,43,0.1000,0.00000500,0.0000,4.3475,586.3362,0.0000,0.9876
210630,1648,69,0.1000,0.00000500,0.0000,6.9799,601.3946,0.0000,0.9787
210631,1780,60,0.1000,0.00000500,0.0000,5.5592,621.8727,0.0000,0.9911
210632,275,24,0.1000,0.00000500,0.0000,4.9157,572.4095,0.0000,0.9844
210633,1364,69,0.1000,0.00000500,0.0000,5.7525,604.0983,0.0000,0.9860
210634,78,12,0.1000,0.00000500,0.0000,6.7502,544.9408,0.0000,0.9870
210635,2722,51,0.1000,0.00000500,0.0000,4.6170,679.6022,0.0000,0.9804
210636,3359,75,0.1000,0.00000500,0.0000,5.1346,655.0665,0.0000,0.9892
210637,790,42,0.1000,0.00000500,0.0000,8.6166,592.3599,0.0000,0.9851
210638,596,39,0.1000,0.00000500,0.0000,3.8611,578.8350,0.0000,0.9888
210639,20,6,0.1000,0.00000500,0.0000,9.1060,524.2481,0.0000,0.9844
210640,373,27,0.1000,0.00000500,0.0000,5.6327,566.8459,0.0000,0.9884
210641,127,15,0.1000,0.00000500,0.0000,4.6449,553.5338,0.0000,0.9958
210642,311,27,0.1000,0.00000500,0.0000,4.2218,574.9557,0.0000,0.9884
210643,714,38,0.1000,0.00000500,0.0000,5.1867,586.5450,0.0000,0.9877
210644,344,24,0.1000,0.00000500,0.0000,8.8618,574.3974,0.0000,0.9844
210645,163,15,0.1000,0.00000500,0.0000,3.7704,561.3211,0.0000,0.9875
210646,156,21,0.1000,0.00000500,0.0000,6.0302,550.7182,0.0000,0.9866
210647,865,48,0.1000,0.00000500,0.0000,4.9936,595.0964,0.0000,0.9857
210648,291,24,0.1000,0.00000500,0.0000,5.4685,563.7277,0.0000,0.9883
210649,426,30,0.1000,0.00000500,0.0000,5.6128,581.4428,0.0000,0.9906
210650,116,15,0.1000,0.00000500,0.0000,10.4906,554.1800,0.0000,0.9812
210651,607,31,0.1000,0.00000500,0.0000,3.5927,594.5793,0.0000,0.9899
210652,123,15,0.1000,0.00000500,0.0000,3.6442,551.1464,0.0000,0.9812
210653,1131,42,0.1000,0.00000500,0.0000,5.4525,607.5687,0.0000,0.9903
210654,428,29,0.1000,0.00000500,0.0000,5.3581,580.5076,0.0000,0.9903
210655,127,17,0.1000,0.00000500,0.0000,5.7924,553.1275,0.0000,0.9890
210656,348,18,0.1000,0.00000500,0.0000,4.3885,584.6280,0.0000,0.9861
210657,667,33,0.1000,0.00000500,0.0000,6.7463,606.9031,0.0000,0.9773
210658,1039,33,0.1000,0.00000500,0.0000,8.4002,624.7332,0.0000,0.9858
210659,807,45,0.1000,0.00000500,0.0000,5.2704,585.4241,0.0000,0.9854
210660,6462,110,0.1000,0.00000500,0.0000,6.4717,682.9297,0.0000,0.9847
210661,3286,69,0.1000,0.00000500,0.0000,4.8595,656.5400,0.0000,0.9891
210662,2413,90,0.1000,0.00000500,0.0000,5.0619,615.9413,0.0000,0.9868
210663,1098,39,0.1000,0.00000500,0.0000,4.8514,622.7453,0.0000,0.9840
210664,183,18,0.1000,0.00000500,0.0000,8.1342,562.1963,0.0000,0.9878
210665,2019,84,0.1000,0.00000500,0.0000,4.5242,607.0773,0.0000,0.9911
210666,160,18,0.1000,0.00000500,0.0000,7.5175,556.5027,0.0000,0.9826
210667,528,32,0.1000,0.00000500,0.0000,4.3556,586.8198,0.0000,0.9824
210668,376,33,0.1000,0.00000500,0.0000,8.3058,568.5996,0.0000,0.9896
210669,103,9,0.1000,0.00000500,0.0000,5.2213,552.7884,0.0000,0.9792
210670,127,15,0.1000,0.00000500,0.0000,6.6777,554.1883,0.0000,0.9771
210671,840,45,0.1000,0.00000500,0.0000,5.6486,588.9666,0.0000,0.9854
210672,287,21,0.1000,0.00000500,0.0000,5.4311,572.1828,0.0000,0.9836
210673,254,18,0.1000,0.00000500,0.0000,5.5539,571.5683,0.0000,0.9931
210674,3533,60,0.1000,0.00000500,0.0000,4.0062,689.9395,0.0000,0.9917
210675,247,23,0.1000,0.00000500,0.0000,8.5477,558.7101,0.0000,0.9851
210676,2276,48,0.1000,0.00000500,0.0000,5.9987,652.6842,0.0000,0.9870
210677,3189,86,0.1000,0.00000500,0.0000,7.6536,641.1913,0.0000,0.9836
210678,348,30,0.1000,0.00000500,0.0000,6.2838,563.9283,0.0000,0.9927
210679,828,41,0.1000,0.00000500,0.0000,5.4934,592.5770,0.0000,0.9909
210680,4015,62,0.1000,0.00000500,0.0000,5.5718,695.2481,0.0000,0.9854
210681,530,30,0.1000,0.00000500,0.0000,5.2375,596.0810,0.0000,0.9885
210682,44,8,0.1000,0.00000500,0.0000,4.6612,537.2675,0.0000,0.9922
210683,322,27,0.1000,0.00000500,0.0000,7.1733,565.3071,0.0000,0.9815
210684,457,24,0.1000,0.00000500,0.0000,3.8601,591.0449,0.0000,0.9857
210685,734,39,0.1000,0.00000500,0.0000,6.0484,586.8526,0.0000,0.9888
210686,194,21,0.1000,0.00000500,0.0000,5.3148,555.2099,0.0000,0.9866
210687,100,15,0.1000,0.00000500,0.0000,4.2038,551.8351,0.0000,0.9875
210688,2775,55,0.1000,0.00000500,0.0000,6.1519,674.5011,0.0000,0.9858
210689,877,46,0.1000,0.00000500,0.0000,6.1988,595.3143,0.0000,0.9871
210690,1082,45,0.1000,0.00000500,0.0000,5.0374,605.7613,0.0000,0.9882
210691,1697,42,0.1000,0.00000500,0.0000,5.7263,644.3367,0.0000,0.9874
210692,2980,57,0.1000,0.00000500,0.0000,4.2966,670.2692,0.0000,0.9918
210693,57,9,0.1000,0.00000500,0.0000,5.5718,535.5350,0.0000,0.9931
210694,490,33,0.1000,0.00000500,0.0000,4.8147,583.5519,0.0000,0.9915
210695,1329,66,0.1000,0.00000500,0.0000,4.5109,592.8603,0.0000,0.9877
210696,1369,45,0.1000,0.00000500,0.0000,5.7231,618.3073,0.0000,0.9875
210697,4078,99,0.1000,0.00000500,0.0000,6.6682,648.6816,0.0000,0.9861
210698,224,18,0.1000,0.00000500,0.0000,9.1970,581.8867,0.0000,0.9844
210699,459,24,0.1000,0.00000500,0.0000,4.4456,593.4780,0.0000,0.9922
210700,767,41,0.1000,0.00000500,0.0000,4.7844,588.2425,0.0000,0.9878
210701,235,18,0.1000,0.00000500,0.0000,7.2613,561.0825,0.0000,0.9774
210702,1329,36,0.1000,0.00000500,0.0000,5.0940,638.3846,0.0000,0.9844
210703,71,9,0.1000,0.00000500,0.0000,4.4114,553.8008,0.0000,0.9861
210704,893,39,0.1000,0.00000500,0.0000,7.7600,602.7517,0.0000,0.9880
210705,54,12,0.1000,0.00000500,0.0000,2.6464,540.2212,0.0000,0.9974
210706,732,42,0.1000,0.00000500,0.0000,3.8982,586.9193,0.0000,0.9888
210707,4045,69,0.1000,0.00000500,0.0000,5.1158,688.0375,0.0000,0.9869
210708,431,30,0.1000,0.00000500,0.0000,6.0985,582.8129,0.0000,0.9906
210709,3888,78,0.1000,0.00000500,0.0000,5.6221,665.2188,0.0000,0.9860
210710,1547,75,0.1000,0.00000500,0.0000,8.2464,596.4286,0.0000,0.9850
210711,438,22,0.1000,0.00000500,0.0000,7.9583,594.7012,0.0000,0.9773
210712,1239,45,0.1000,0.00000500,0.0000,4.3167,613.8396,0.0000,0.9903
210713,898,33,0.1000,0.00000500,0.0000,5.2316,611.4982,0.0000,0.9905
210714,1774,78,0.1000,0.00000500,0.0000,6.7719,605.1845,0.0000,0.9824
210715,669,39,0.1000,0.00000500,0.0000,8.0343,581.2529,0.0000,0.9784
210716,715,34,0.1000,0.00000500,0.0000,5.6767,595.2231,0.0000,0.9844
210717,122,15,0.1000,0.00000500,0.0000,6.2003,569.1164,0.0000,0.9750
210718,94,15,0.1000,0.00000500,0.0000,6.9482,563.8217,0.0000,0.9854
210719,196,18,0.1000,0.00000500,0.0000,5.9580,561.8311,0.0000,0.9861
210720,161,15,0.1000,0.00000500,0.0000,5.3965,575.2166,0.0000,0.9833
210721,864,51,0.1000,0.00000500,0.0000,3.5576,582.3303,0.0000,0.9877
210722,165,15,0.1000,0.00000500,0.0000,4.9790,565.8918,0.0000,0.9854
210723,11646,96,0.1000,0.00000500,0.0000,5.1682,775.9265,0.0000,0.9840
210724,369,21,0.1000,0.00000500,0.0000,6.5232,580.3866,0.0000,0.9896
210725,704,39,0.1000,0.00000500,0.0000,7.2713,586.8877,0.0000,0.9896
210726,591,27,0.1000,0.00000500,0.0000,5.3671,592.0054,0.0000,0.9826
210727,276,18,0.1000,0.00000500,0.0000,5.1275,572.1165,0.0000,0.9844
210728,1228,57,0.1000,0.00000500,0.0000,6.1851,594.2325,0.0000,0.9846
210729,33,6,0.1000,0.00000500,0.0000,4.0582,534.7693,0.0000,0.9948
210730,7424,114,0.1000,0.00000500,0.0000,5.1977,690.0358,0.0000,0.9844
210731,102,15,0.1000,0.00000500,0.0000,8.5729,554.3193,0.0000,0.9875
210732,1335,51,0.1000,0.00000500,0.0000,4.9082,610.4782,0.0000,0.9841
210733,54,11,0.1000,0.00000500,0.0000,6.0686,536.9612,0.0000,0.9886
210734,684,44,0.1000,0.00000500,0.0000,5.8958,587.6739,0.0000,0.9915
210735,49,9,0.1000,0.00000500,0.0000,3.0825,535.6524,0.0000,0.9896
210736,510,33,0.1000,0.00000500,0.0000,7.0564,586.4934,0.0000,0.9811
210737,2134,72,0.1000,0.00000500,0.0000,5.5654,620.6827,0.0000,0.9861
210738,833,32,0.1000,0.00000500,0.0000,5.8467,613.6099,0.0000,0.9873
210739,1339,69,0.1000,0.00000500,0.0000,5.5625,582.0174,0.0000,0.9860
210740,1893,76,0.1000,0.00000500,0.0000,4.9020,604.7870,0.0000,0.9881
210741,3649,108,0.1000,0.00000500,0.0000,5.8763,636.8670,0.0000,0.9844
210742,702,33,0.1000,0.00000500,0.0000,6.5694,585.2693,0.0000,0.9820
210743,558,27,0.1000,0.00000500,0.0000,6.3400,589.1160,0.0000,0.9792
210744,72,11,0.1000,0.00000500,0.0000,11.4374,543.0164,0.0000,0.9858
210745,561,39,0.1000,0.00000500,0.0000,5.0391,575.2721,0.0000,0.9824
210746,3413,69,0.1000,0.00000500,0.0000,5.7873,664.5826,0.0000,0.9837
210747,91,12,0.1000,0.00000500,0.0000,4.2728,560.0997,0.0000,0.9844
210748,207,18,0.1000,0.00000500,0.0000,4.0257,556.3034,0.0000,0.9861
210749,838,45,0.1000,0.00000500,0.0000,4.9136,588.0149,0.0000,0.9854
210750,216,15,0.1000,0.00000500,0.0000,9.2229,568.3625,0.0000,0.9812
210751,2183,60,0.1000,0.00000500,0.0000,3.5259,645.3041,0.0000,0.9885
210752,689,39,0.1000,0.00000500,0.0000,7.3994,577.5753,0.0000,0.9832
210753,353,23,0.1000,0.00000500,0.0000,5.5476,581.8722,0.0000,0.9905
210754,3275,57,0.1000,0.00000500,0.0000,6.6868,688.6218,0.0000,0.9857
210755,1919,56,0.1000,0.00000500,0.0000,7.1969,629.3977,0.0000,0.9872
210756,128,15,0.1000,0.00000500,0.0000,4.9623,549.9026,0.0000,0.9833
210757,1725,48,0.1000,0.00000500,0.0000,6.9050,608.2637,0.0000,0.9870
210758,66,9,0.1000,0.00000500,0.0000,8.3541,544.2429,0.0000,0.9653
210759,1211,36,0.1000,0.00000500,0.0000,8.5880,621.9911,0.0000,0.9835
210760,83,14,0.1000,0.00000500,0.0000,7.3528,540.0257,0.0000,0.9866
210761,658,33,0.1000,0.00000500,0.0000,4.4892,589.4369,0.0000,0.9839
210762,1080,36,0.1000,0.00000500,0.0000,6.1319,610.3433,0.0000,0.9852
210763,156,18,0.1000,0.00000500,0.0000,5.3851,548.1094,0.0000,0.9844
210764,144,18,0.1000,0.00000500,0.0000,5.1267,547.1811,0.0000,0.9896
210765,71,12,0.1000,0.00000500,0.0000,3.9397,537.6332,0.0000,0.9896
210766,212,21,0.1000,0.00000500,0.0000,8.3818,560.2800,0.0000,0.9851
210767,817,30,0.1000,0.00000500,0.0000,3.9522,604.0409,0.0000,0.9865
210768,191,18,0.1000,0.00000500,0.0000,5.0301,561.0485,0.0000,0.9878
210769,7169,129,0.1000,0.00000500,0.0000,5.2476,671.2915,0.0000,0.9872
210770,4713,144,0.1000,0.00000500,0.0000,5.2638,624.9142,0.0000,0.9872
210771,1542,66,0.1000,0.00000500,0.0000,5.4260,599.2659,0.0000,0.9830
210772,96,15,0.1000,0.00000500,0.0000,6.7352,548.9505,0.0000,0.9875
210773,262,22,0.1000,0.00000500,0.0000,5.9428,561.7623,0.0000,0.9872
210774,3007,101,0.1000,0.00000500,0.0000,5.7626,614.1907,0.0000,0.9836
210775,94,15,0.1000,0.00000500,0.0000,5.8834,547.6479,0.0000,0.9833
210776,11285,144,0.1000,0.00000500,0.0000,5.4887,701.5356,0.0000,0.9863
210777,1707,42,0.1000,0.00000500,0.0000,7.1238,631.8848,0.0000,0.9836
210778,223,15,0.1000,0.00000500,0.0000,4.8313,581.6373,0.0000,0.9812
210779,727,39,0.1000,0.00000500,0.0000,5.5655,583.6258,0.0000,0.9824
210780,163,18,0.1000,0.00000500,0.0000,6.8728,555.1614,0.0000,0.9861
210781,4176,76,0.1000,0.00000500,0.0000,5.5789,682.4758,0.0000,0.9848
210782,686,35,0.1000,0.00000500,0.0000,4.8977,587.7708,0.0000,0.9821
210783,214,15,0.1000,0.00000500,0.0000,7.0144,564.9585,0.0000,0.9875
210784,440,33,0.1000,0.00000500,0.0000,5.5536,573.2464,0.0000,0.9848
210785,765,45,0.1000,0.00000500,0.0000,4.3179,585.8110,0.0000,0.9882
210786,78,15,0.1000,0.00000500,0.0000,4.9531,535.0426,0.0000,0.9833
210787,110,12,0.1000,0.00000500,0.0000,6.0367,553.8716,0.0000,0.9948
210788,2348,66,0.1000,0.00000500,0.0000,5.7792,640.5915,0.0000,0.9896
210789,483,30,0.1000,0.00000500,0.0000,5.8138,578.3618,0.0000,0.9833
210790,355,24,0.1000,0.00000500,0.0000,4.5747,573.4080,0.0000,0.9935
210791,207,15,0.1000,0.00000500,0.0000,5.5374,558.3876,0.0000,0.9833
210792,160,12,0.1000,0.00000500,0.0000,8.0243,564.8812,0.0000,0.9818
210793,3175,78,0.1000,0.00000500,0.0000,4.6381,649.5652,0.0000,0.9892
210794,1111,54,0.1000,0.00000500,0.0000,6.5749,593.8284,0.0000,0.9838
210795,288,18,0.1000,0.00000500,0.0000,4.6778,584.0728,0.0000,0.9931
210796,1911,45,0.1000,0.00000500,0.0000,5.4271,651.7951,0.0000,0.9847
210797,859,45,0.1000,0.00000500,0.0000,5.1051,591.0465,0.0000,0.9819
210798,1548,56,0.1000,0.00000500,0.0000,6.0264,610.2735,0.0000,0.9849
210799,2305,75,0.1000,0.00000500,0.0000,6.0118,620.8336,0.0000,0.9854
210800,2288,45,0.1000,0.00000500,0.0000,6.3765,665.3257,0.0000,0.9854
210801,1358,36,0.1000,0.00000500,0.0000,5.0171,629.2542,0.0000,0.9878
210802,396,27,0.1000,0.00000500,0.0000,5.3961,577.3934,0.0000,0.9838
210803,2226,57,0.1000,0.00000500,0.0000,5.4236,641.8123,0.0000,0.9863
210804,538,24,0.1000,0.00000500,0.0000,4.8392,584.3568,0.0000,0.9883
210805,126,12,0.1000,0.00000500,0.0000,4.6451,553.8225,0.0000,0.9844
210806,243,21,0.1000,0.00000500,0.0000,5.6831,563.1112,0.0000,0.9866
210807,186,18,0.1000,0.00000500,0.0000,3.0972,551.4805,0.0000,0.9861
210808,235,21,0.1000,0.00000500,0.0000,6.5608,569.2815,0.0000,0.9792
210809,2084,45,0.1000,0.00000500,0.0000,7.0501,654.3952,0.0000,0.9875
210810,40,6,0.1000,0.00000500,0.0000,4.5334,545.8938,0.0000,0.9844
210811,1182,33,0.1000,0.00000500,0.0000,5.9442,630.5063,0.0000,0.9886
210812,107,13,0.1000,0.00000500,0.0000,5.4779,547.5165,0.0000,0.9928
210813,1980,66,0.1000,0.00000500,0.0000,6.3342,616.4484,0.0000,0.9830
210814,645,42,0.1000,0.00000500,0.0000,7.5061,576.7067,0.0000,0.9814
210815,1053,35,0.1000,0.00000500,0.0000,5.0764,618.3529,0.0000,0.9893
210816,49,8,0.1000,0.00000500,0.0000,6.7578,547.9970,0.0000,0.9766
210817,169,19,0.1000,0.00000500,0.0000,4.2126,566.8420,0.0000,0.9836
210818,2637,68,0.1000,0.00000500,0.0000,5.2657,637.3872,0.0000,0.9876
210819,370,27,0.1000,0.00000500,0.0000,5.2469,571.1139,0.0000,0.9838
210820,384,24,0.1000,0.00000500,0.0000,7.4296,570.8692,0.0000,0.9818
210821,75,10,0.1000,0.00000500,0.0000,9.3377,544.7947,0.0000,0.9812
210822,685,42,0.1000,0.00000500,0.0000,6.6201,580.4765,0.0000,0.9792
210823,265,21,0.1000,0.00000500,0.0000,5.4652,564.5519,0.0000,0.9896
210824,3200,102,0.1000,0.00000500,0.0000,6.1106,625.6129,0.0000,0.9841
210825,1347,69,0.1000,0.00000500,0.0000,7.8733,592.2379,0.0000,0.9801
210826,627,30,0.1000,0.00000500,0.0000,6.8748,593.9050,0.0000,0.9833
210827,497,27,0.1000,0.00000500,0.0000,4.8789,574.3582,0.0000,0.9896
210828,3664,87,0.1000,0.00000500,0.0000,5.9749,645.3290,0.0000,0.9856
210829,678,33,0.1000,0.00000500,0.0000,4.2968,593.3242,0.0000,0.9848
210830,412,33,0.1000,0.00000500,0.0000,5.9527,571.6822,0.0000,0.9820
210831,501,18,0.1000,0.00000500,0.0000,7.4990,573.8104,0.0000,0.9774
210832,461,26,0.1000,0.00000500,0.0000,5.9924,586.6636,0.0000,0.9832
210833,2383,81,0.1000,0.00000500,0.0000,4.9344,615.9700,0.0000,0.9877
210834,692,39,0.1000,0.00000500,0.0000,5.7789,583.1547,0.0000,0.9848
210835,356,27,0.1000,0.00000500,0.0000,6.1562,566.4264,0.0000,0.9850
210836,219,17,0.1000,0.00000500,0.0000,4.9622,561.4699,0.0000,0.9908
210837,441,24,0.1000,0.00000500,0.0000,3.7891,584.6781,0.0000,0.9896
210838,595,27,0.1000,0.00000500,0.0000,4.9960,589.5415,0.0000,0.9896
210839,847,39,0.1000,0.00000500,0.0000,6.4756,590.3712,0.0000,0.9840
210840,132,18,0.1000,0.00000500,0.0000,5.8626,548.8567,0.0000,0.9878
210841,238,22,0.1000,0.00000500,0.0000,7.1499,561.1944,0.0000,0.9830
210842,242,21,0.1000,0.00000500,0.0000,5.7853,557.6513,0.0000,0.9851
210843,1818,48,0.1000,0.00000500,0.0000,6.2138,635.0619,0.0000,0.9850
210844,124,15,0.1000,0.00000500,0.0000,5.6119,551.6312,0.0000,0.9854
210845,1527,51,0.1000,0.00000500,0.0000,7.7340,619.6941,0.0000,0.9828
210846,718,39,0.1000,0.00000500,0.0000,4.4396,589.3488,0.0000,0.9840
210847,1147,45,0.1000,0.00000500,0.0000,4.4152,603.4578,0.0000,0.9882
210848,53,9,0.1000,0.00000500,0.0000,2.2252,531.1451,0.0000,0.9896
210849,166,18,0.1000,0.00000500,0.0000,4.6607,570.9843,0.0000,0.9861
210850,1175,33,0.1000,0.00000500,0.0000,7.4754,617.3939,0.0000,0.9848
210851,163,15,0.1000,0.00000500,0.0000,2.8096,559.1222,0.0000,0.9875
210852,334,24,0.1000,0.00000500,0.0000,5.6987,564.8872,0.0000,0.9844
210853,464,24,0.1000,0.00000500,0.0000,5.7901,590.2817,0.0000,0.9779
210854,1463,48,0.1000,0.00000500,0.0000,4.1513,621.6213,0.0000,0.9889
210855,780,39,0.1000,0.00000500,0.0000,3.5689,594.0604,0.0000,0.9864
210856,776,30,0.1000,0.00000500,0.0000,5.6647,605.6189,0.0000,0.9792
210857,510,37,0.1000,0.00000500,0.0000,6.3259,563.0372,0.0000,0.9856
210858,107,12,0.1000,0.00000500,0.0000,7.8276,548.7292,0.0000,0.9870
210859,2299,48,0.1000,0.00000500,0.0000,4.9085,663.1684,0.0000,0.9870
210860,222,15,0.1000,0.00000500,0.0000,4.9906,571.8380,0.0000,0.9792
210861,894,27,0.1000,0.00000500,0.0000,3.8090,616.3194,0.0000,0.9919
210862,53,11,0.1000,0.00000500,0.0000,5.2814,530.3393,0.0000,0.9801
210863,313,24,0.1000,0.00000500,0.0000,5.7423,562.2135,0.0000,0.9883
210864,5230,69,0.1000,0.00000500,0.0000,5.8883,710.1098,0.0000,0.9855
210865,1353,36,0.1000,0.00000500,0.0000,6.3062,638.4058,0.0000,0.9887
210866,447,33,0.1000,0.00000500,0.0000,7.3048,572.5350,0.0000,0.9773
210867,548,39,0.1000,0.00000500,0.0000,5.3276,569.3897,0.0000,0.9864
210868,541,32,0.1000,0.00000500,0.0000,7.2074,583.3460,0.0000,0.9795
210869,69,12,0.1000,0.00000500,0.0000,13.0034,535.5852,0.0000,0.9688
210870,2576,105,0.1000,0.00000500,0.0000,5.6357,607.2994,0.0000,0.9857
210871,430,30,0.1000,0.00000500,0.0000,5.0390,578.5036,0.0000,0.9875
210872,3342,81,0.1000,0.00000500,0.0000,4.7968,639.0610,0.0000,0.9811
210873,553,33,0.1000,0.00000500,0.0000,4.4187,581.5678,0.0000,0.9934
210874,534,32,0.1000,0.00000500,0.0000,3.6469,581.3232,0.0000,0.9834
210875,289,21,0.1000,0.00000500,0.0000,6.0011,565.1944,0.0000,0.9881
210876,315,24,0.1000,0.00000500,0.0000,4.6853,564.6611,0.0000,0.9883
210877,3959,111,0.1000,0.00000500,0.0000,5.5077,638.0512,0.0000,0.9848
210878,1490,66,0.1000,0.00000500,0.0000,6.5953,596.9533,0.0000,0.9834
210879,1936,52,0.1000,0.00000500,0.0000,4.4908,636.0515,0.0000,0.9832
210880,465,26,0.1000,0.00000500,0.0000,6.4581,590.3593,0.0000,0.9820
210881,158,15,0.1000,0.00000500,0.0000,4.8902,558.6843,0.0000,0.9917
210882,4260,90,0.1000,0.00000500,0.0000,5.1243,656.7251,0.0000,0.9868
210883,55,12,0.1000,0.00000500,0.0000,6.9965,532.9859,0.0000,0.9818
210884,6070,92,0.1000,0.00000500,0.0000,5.8762,703.2321,0.0000,0.9854
210885,158,15,0.1000,0.00000500,0.0000,9.0353,551.6503,0.0000,0.9729
210886,214,20,0.1000,0.00000500,0.0000,3.7687,564.8983,0.0000,0.9812
210887,1538,57,0.1000,0.00000500,0.0000,6.0539,600.8402,0.0000,0.9863
210888,1542,75,0.1000,0.00000500,0.0000,4.9772,592.4412,0.0000,0.9875
210889,608,39,0.1000,0.00000500,0.0000,4.4561,573.4362,0.0000,0.9832
210890,933,45,0.1000,0.00000500,0.0000,6.3274,590.0938,0.0000,0.9826
210891,364,30,0.1000,0.00000500,0.0000,7.1258,571.3739,0.0000,0.9802
210892,704,30,0.1000,0.00000500,0.0000,5.5193,590.9051,0.0000,0.9854
210893,289,21,0.1000,0.00000500,0.0000,4.5343,563.6837,0.0000,0.9911
210894,804,42,0.1000,0.00000500,0.0000,4.7361,587.1092,0.0000,0.9844
210895,1062,36,0.1000,0.00000500,0.0000,7.4769,609.1516,0.0000,0.9809
210896,1828,66,0.1000,0.00000500,0.0000,4.4397,609.8565,0.0000,0.9858
210897,8331,129,0.1000,0.00000500,0.0000,5.9482,688.7944,0.0000,0.9823
210898,135,18,0.1000,0.00000500,0.0000,2.6993,548.0534,0.0000,0.9844
210899,549,24,0.1000,0.00000500,0.0000,7.0758,589.4210,0.0000,0.9701
210900,1879,66,0.1000,0.00000500,0.0000,7.8550,610.9163,0.0000,0.9830
210901,559,30,0.1000,0.00000500,0.0000,6.8875,573.9492,0.0000,0.9792
210902,5821,84,0.1000,0.00000500,0.0000,5.7208,688.2450,0.0000,0.9821
210903,305,27,0.1000,0.00000500,0.0000,6.0601,565.6265,0.0000,0.9861
210904,37,6,0.1000,0.00000500,0.0000,7.3484,542.0091,0.0000,0.9844
210905,1069,35,0.1000,0.00000500,0.0000,6.5038,624.0274,0.0000,0.9786
210906,3704,87,0.1000,0.00000500,0.0000,6.3976,634.2373,0.0000,0.9846
210907,599,30,0.1000,0.00000500,0.0000,5.7437,598.5694,0.0000,0.9885
210908,801,39,0.1000,0.00000500,0.0000,5.4428,595.6620,0.0000,0.9856
210909,550,27,0.1000,0.00000500,0.0000,8.3372,579.8962,0.0000,0.9838
210910,132,18,0.1000,0.00000500,0.0000,5.4568,554.1137,0.0000,0.9878
210911,909,45,0.1000,0.00000500,0.0000,5.1026,588.0157,0.0000,0.9903
210912,385,24,0.1000,0.00000500,0.0000,5.9083,574.3748,0.0000,0.9844
210913,5225,93,0.1000,0.00000500,0.0000,5.0297,672.2109,0.0000,0.9845
210914,1423,48,0.1000,0.00000500,0.0000,7.2942,610.9581,0.0000,0.9824
210915,1751,68,0.1000,0.00000500,0.0000,6.3163,605.9774,0.0000,0.9816
210916,1051,51,0.1000,0.00000500,0.0000,5.6476,584.4251,0.0000,0.9798
210917,7496,111,0.1000,0.00000500,0.0000,7.7958,703.2964,0.0000,0.9823
210918,2982,63,0.1000,0.00000500,0.0000,5.3838,652.9193,0.0000,0.9841
210919,719,41,0.1000,0.00000500,0.0000,7.5046,585.5568,0.0000,0.9794
210920,1675,69,0.1000,0.00000500,0.0000,7.1714,591.1652,0.0000,0.9823
210921,31,6,0.1000,0.00000500,0.0000,9.2675,538.0883,0.0000,0.9844
210922,339,24,0.1000,0.00000500,0.0000,6.1995,563.5645,0.0000,0.9883
210923,307,24,0.1000,0.00000500,0.0000,7.1777,566.8077,0.0000,0.9805
210924,3272,88,0.1000,0.00000500,0.0000,4.8797,634.5742,0.0000,0.9851
210925,1249,54,0.1000,0.00000500,0.0000,5.1588,590.7804,0.0000,0.9850
210926,832,39,0.1000,0.00000500,0.0000,5.2261,592.9958,0.0000,0.9808
210927,1329,57,0.1000,0.00000500,0.0000,5.4646,595.4228,0.0000,0.9885
210928,2591,57,0.1000,0.00000500,0.0000,5.4784,655.2797,0.0000,0.9836
210929,353,18,0.1000,0.00000500,0.0000,3.6821,573.9426,0.0000,0.9826
210930,65,12,0.1000,0.00000500,0.0000,3.1444,536.5979,0.0000,0.9896
210931,9566,132,0.1000,0.00000500,0.0000,4.5322,683.1661,0.0000,0.9872
210932,1698,65,0.1000,0.00000500,0.0000,6.9234,608.2887,0.0000,0.9788
210933,283,18,0.1000,0.00000500,0.0000,4.1194,568.7500,0.0000,0.9896
210934,299,24,0.1000,0.00000500,0.0000,5.0582,554.4463,0.0000,0.9844
210935,780,45,0.1000,0.00000500,0.0000,6.3686,576.7904,0.0000,0.9819
210936,505,39,0.1000,0.00000500,0.0000,5.9171,567.5025,0.0000,0.9840
210937,2524,54,0.1000,0.00000500,0.0000,6.9948,650.8187,0.0000,0.9832
210938,853,45,0.1000,0.00000500,0.0000,4.9152,579.2710,0.0000,0.9910
210939,116,12,0.1000,0.00000500,0.0000,4.2675,545.3488,0.0000,0.9922
210940,147,20,0.1000,0.00000500,0.0000,6.0260,546.7927,0.0000,0.9875
210941,921,35,0.1000,0.00000500,0.0000,7.2777,596.9859,0.0000,0.9804
210942,3641,66,0.1000,0.00000500,0.0000,5.7748,659.0051,0.0000,0.9801
210943,89,15,0.1000,0.00000500,0.0000,7.0582,549.1303,0.0000,0.9917
210944,1695,39,0.1000,0.00000500,0.0000,7.6999,643.1594,0.0000,0.9824
210945,559,33,0.1000,0.00000500,0.0000,4.6327,577.4960,0.0000,0.9811
210946,159,15,0.1000,0.00000500,0.0000,5.6865,549.9496,0.0000,0.9729
210947,715,39,0.1000,0.00000500,0.0000,6.9731,582.5988,0.0000,0.9792
210948,812,42,0.1000,0.00000500,0.0000,6.7271,583.7867,0.0000,0.9784
210949,1541,48,0.1000,0.00000500,0.0000,6.1638,628.8892,0.0000,0.9844
210950,79,12,0.1000,0.00000500,0.0000,7.4864,545.2302,0.0000,0.9740
210951,226,18,0.1000,0.00000500,0.0000,5.0314,567.7019,0.0000,0.9826
210952,488,24,0.1000,0.00000500,0.0000,5.0573,583.5685,0.0000,0.9805
210953,48,9,0.1000,0.00000500,0.0000,5.9672,527.0445,0.0000,0.9861
210954,214,18,0.1000,0.00000500,0.0000,6.6191,558.6447,0.0000,0.9757
210955,2715,48,0.1000,0.00000500,0.0000,4.9062,670.7480,0.0000,0.9870
210956,504,30,0.1000,0.00000500,0.0000,6.6724,585.0416,0.0000,0.9865
210957,308,24,0.1000,0.00000500,0.0000,4.8156,564.2710,0.0000,0.9831
210958,148,18,0.1000,0.00000500,0.0000,4.4870,550.9477,0.0000,0.9913
210959,120,15,0.1000,0.00000500,0.0000,5.7089,552.9241,0.0000,0.9833
210960,962,45,0.1000,0.00000500,0.0000,4.4591,587.5702,0.0000,0.9868
210961,5041,84,0.1000,0.00000500,0.0000,5.5410,680.5761,0.0000,0.9844
210962,456,21,0.1000,0.00000500,0.0000,4.1457,588.7430,0.0000,0.9866
210963,828,39,0.1000,0.00000500,0.0000,4.7024,585.9543,0.0000,0.9920
210964,904,33,0.1000,0.00000500,0.0000,3.6354,604.2493,0.0000,0.9896
210965,684,45,0.1000,0.00000500,0.0000,5.6211,569.6118,0.0000,0.9840
210966,790,33,0.1000,0.00000500,0.0000,3.5666,594.2725,0.0000,0.9830
210967,102,15,0.1000,0.00000500,0.0000,4.5486,543.7955,0.0000,0.9875
210968,102,9,0.1000,0.00000500,0.0000,4.9122,543.3643,0.0000,0.9931
210969,698,42,0.1000,0.00000500,0.0000,4.8386,582.1755,0.0000,0.9881
210970,1059,39,0.1000,0.00000500,0.0000,7.0412,602.1680,0.0000,0.9848
210971,111,13,0.1000,0.00000500,0.0000,5.4985,550.5872,0.0000,0.9856
210972,1957,54,0.1000,0.00000500,0.0000,6.2127,623.3050,0.0000,0.9873
210973,337,30,0.1000,0.00000500,0.0000,6.9352,567.7076,0.0000,0.9875
210974,95,15,0.1000,0.00000500,0.0000,6.4857,537.2490,0.0000,0.9833
210975,1041,33,0.1000,0.00000500,0.0000,4.2533,617.4594,0.0000,0.9839
210976,158,15,0.1000,0.00000500,0.0000,7.6277,557.6185,0.0000,0.9917
210977,171,15,0.1000,0.00000500,0.0000,6.1487,561.3117,0.0000,0.9896
210978,2550,78,0.1000,0.00000500,0.0000,6.5167,622.9862,0.0000,0.9816
210979,359,27,0.1000,0.00000500,0.0000,6.7652,566.8767,0.0000,0.9815
210980,283,20,0.1000,0.00000500,0.0000,5.6365,564.3252,0.0000,0.9891
210981,2563,60,0.1000,0.00000500,0.0000,6.8224,637.0689,0.0000,0.9839
210982,694,33,0.1000,0.00000500,0.0000,3.8560,593.1636,0.0000,0.9839
210983,2263,90,0.1000,0.00000500,0.0000,5.6572,599.8218,0.0000,0.9851
210984,543,36,0.1000,0.00000500,0.0000,4.2170,564.4293,0.0000,0.9870
210985,161,15,0.1000,0.00000500,0.0000,5.2500,558.4932,0.0000,0.9792
210986,167,18,0.1000,0.00000500,0.0000,5.4225,560.9046,0.0000,0.9861
210987,623,35,0.1000,0.00000500,0.0000,8.2243,579.4351,0.0000,0.9786
210988,2679,75,0.1000,0.00000500,0.0000,6.5301,623.8161,0.0000,0.9779
210989,507,30,0.1000,0.00000500,0.0000,8.0065,578.0344,0.0000,0.9781
210990,117,14,0.1000,0.00000500,0.0000,6.3150,546.9730,0.0000,0.9732
210991,74,9,0.1000,0.00000500,0.0000,7.6240,535.2656,0.0000,0.9722
210992,506,27,0.1000,0.00000500,0.0000,5.7587,578.4241,0.0000,0.9780
210993,186,18,0.1000,0.00000500,0.0000,3.4139,546.4606,0.0000,0.9913
210994,1086,39,0.1000,0.00000500,0.0000,5.8869,606.7714,0.0000,0.9848
210995,509,18,0.1000,0.00000500,0.0000,5.1729,566.4361,0.0000,0.9757
210996,185,20,0.1000,0.00000500,0.0000,6.9960,549.1535,0.0000,0.9875
210997,1907,54,0.1000,0.00000500,0.0000,4.7378,624.5959,0.0000,0.9896
210998,822,48,0.1000,0.00000500,0.0000,7.5421,583.5544,0.0000,0.9818
210999,487,27,0.1000,0.00000500,0.0000,7.9074,571.5344,0.0000,0.9722
211000,941,33,0.1000,0.00000500,0.0000,5.2957,601.2825,0.0000,0.9867
211001,168,18,0.1000,0.00000500,0.0000,6.6124,541.7994,0.0000,0.9774
211002,2637,66,0.1000,0.00000500,0.0000,6.3890,631.9326,0.0000,0.9825
211003,3225,84,0.1000,0.00000500,0.0000,4.9871,636.5758,0.0000,0.9810
211004,48,8,0.1000,0.00000500,0.0000,5.8193,533.0441,0.0000,0.9844
211005,429,27,0.1000,0.00000500,0.0000,6.6650,573.0134,0.0000,0.9792
211006,773,38,0.1000,0.00000500,0.0000,4.2205,589.6073,0.0000,0.9901
211007,224,18,0.1000,0.00000500,0.0000,4.5598,568.2287,0.0000,0.9722
211008,1079,48,0.1000,0.00000500,0.0000,5.6254,599.9111,0.0000,0.9837
211009,78,12,0.1000,0.00000500,0.0000,7.6623,539.5232,0.0000,0.9844
211010,145,17,0.1000,0.00000500,0.0000,4.7997,542.6089,0.0000,0.9908
211011,29,6,0.1000,0.00000500,0.0000,7.7259,518.1689,0.0000,0.9896
211012,576,30,0.1000,0.00000500,0.0000,4.5594,594.0839,0.0000,0.9885
211013,10761,167,0.1000,0.00000500,0.0000,6.4936,697.5501,0.0000,0.9826
211014,732,36,0.1000,0.00000500,0.0000,4.0827,586.9620,0.0000,0.9896
211015,150,18,0.1000,0.00000500,0.0000,7.6675,539.1249,0.0000,0.9844
211016,58,9,0.1000,0.00000500,0.0000,2.2755,531.9374,0.0000,0.9861
211017,1781,57,0.1000,0.00000500,0.0000,6.8670,605.6514,0.0000,0.9775
211018,1294,60,0.1000,0.00000500,0.0000,7.4319,595.1110,0.0000,0.9786
211019,884,39,0.1000,0.00000500,0.0000,5.1528,588.4557,0.0000,0.9864
211020,121,15,0.1000,0.00000500,0.0000,7.6181,548.2197,0.0000,0.9833
211021,989,36,0.1000,0.00000500,0.0000,5.0120,595.4793,0.0000,0.9861
211022,217,18,0.1000,0.00000500,0.0000,6.0502,564.9318,0.0000,0.9809
211023,2386,87,0.1000,0.00000500,0.0000,6.3519,597.7688,0.0000,0.9784
211024,123,18,0.1000,0.00000500,0.0000,3.9132,536.7490,0.0000,0.9861
211025,116,15,0.1000,0.00000500,0.0000,4.0599,540.6987,0.0000,0.9875
211026,488,30,0.1000,0.00000500,0.0000,7.3145,564.9464,0.0000,0.9812
211027,44,9,0.1000,0.00000500,0.0000,4.7749,523.5880,0.0000,0.9896
211028,114,15,0.1000,0.00000500,0.0000,4.0387,543.7417,0.0000,0.9917
211029,365,24,0.1000,0.00000500,0.0000,7.9713,574.8182,0.0000,0.9831
211030,743,45,0.1000,0.00000500,0.0000,4.8321,572.9698,0.0000,0.9847
211031,7759,147,0.1000,0.00000500,0.0000,4.8677,661.6092,0.0000,0.9847
211032,1892,72,0.1000,0.00000500,0.0000,7.5089,599.3919,0.0000,0.9796
211033,363,21,0.1000,0.00000500,0.0000,5.4683,580.4700,0.0000,0.9881
211034,1209,45,0.1000,0.00000500,0.0000,5.6250,598.3411,0.0000,0.9792
211035,3750,59,0.1000,0.00000500,0.0000,4.6972,686.7978,0.0000,0.9857
211036,154,12,0.1000,0.00000500,0.0000,6.0158,550.6335,0.0000,0.9688
211037,593,35,0.1000,0.00000500,0.0000,6.7670,567.6684,0.0000,0.9830
211038,137,18,0.1000,0.00000500,0.0000,4.1482,539.6600,0.0000,0.9844
211039,1241,48,0.1000,0.00000500,0.0000,4.6173,604.7344,0.0000,0.9850
211040,2091,72,0.1000,0.00000500,0.0000,6.1500,611.2240,0.0000,0.9796
211041,1193,37,0.1000,0.00000500,0.0000,6.9091,626.1756,0.0000,0.9823
211042,1168,39,0.1000,0.00000500,0.0000,5.7859,603.5228,0.0000,0.9808
211043,290,21,0.1000,0.00000500,0.0000,7.5431,554.4521,0.0000,0.9688
211044,770,27,0.1000,0.00000500,0.0000,5.9212,603.9652,0.0000,0.9850
211045,1195,45,0.1000,0.00000500,0.0000,5.9732,606.3671,0.0000,0.9854
211046,120,15,0.1000,0.00000500,0.0000,4.8572,541.8805,0.0000,0.9896
211047,261,21,0.1000,0.00000500,0.0000,5.9522,558.5939,0.0000,0.9866
211048,737,39,0.1000,0.00000500,0.0000,4.8875,586.8026,0.0000,0.9880
211049,1685,39,0.1000,0.00000500,0.0000,4.4129,632.3248,0.0000,0.9848
211050,96,15,0.1000,0.00000500,0.0000,9.2452,546.1116,0.0000,0.9771
211051,204,20,0.1000,0.00000500,0.0000,4.9361,545.0852,0.0000,0.9875
211052,640,33,0.1000,0.00000500,0.0000,6.0572,593.8168,0.0000,0.9877
211053,2257,67,0.1000,0.00000500,0.0000,6.8980,618.0253,0.0000,0.9813
211054,217,24,0.1000,0.00000500,0.0000,8.5781,555.7968,0.0000,0.9766
211055,1003,39,0.1000,0.00000500,0.0000,5.5982,583.6766,0.0000,0.9848
211056,777,30,0.1000,0.00000500,0.0000,5.3064,599.9956,0.0000,0.9823
211057,3787,63,0.1000,0.00000500,0.0000,5.7707,673.5059,0.0000,0.9787
211058,485,33,0.1000,0.00000500,0.0000,5.0465,569.3158,0.0000,0.9858
211059,2012,62,0.1000,0.00000500,0.0000,6.6748,616.5692,0.0000,0.9803
211060,554,24,0.1000,0.00000500,0.0000,3.2424,587.3127,0.0000,0.9857
211061,540,33,0.1000,0.00000500,0.0000,4.6033,573.6636,0.0000,0.9820
211062,107,18,0.1000,0.00000500,0.0000,2.4904,539.7174,0.0000,0.9809
211063,1033,33,0.1000,0.00000500,0.0000,6.6343,609.9766,0.0000,0.9792
211064,2996,81,0.1000,0.00000500,0.0000,4.5367,629.1128,0.0000,0.9880
211065,4958,105,0.1000,0.00000500,0.0000,5.2110,650.0642,0.0000,0.9839
211066,740,33,0.1000,0.00000500,0.0000,5.7316,584.5500,0.0000,0.9877
211067,1133,48,0.1000,0.00000500,0.0000,4.6620,589.9977,0.0000,0.9824
211068,5058,93,0.1000,0.00000500,0.0000,5.6037,662.9201,0.0000,0.9845
211069,123,18,0.1000,0.00000500,0.0000,6.7875,542.9656,0.0000,0.9809
211070,789,39,0.1000,0.00000500,0.0000,5.2193,583.1797,0.0000,0.9848
211071,130,18,0.1000,0.00000500,0.0000,4.6683,539.2884,0.0000,0.9809
211072,35,9,0.1000,0.00000500,0.0000,6.9870,515.4791,0.0000,0.9931
211073,1597,60,0.1000,0.00000500,0.0000,5.2915,602.5993,0.0000,0.9839
211074,1175,33,0.1000,0.00000500,0.0000,6.7019,621.3515,0.0000,0.9811
211075,154,13,0.1000,0.00000500,0.0000,4.7867,553.7098,0.0000,0.9784
211076,367,21,0.1000,0.00000500,0.0000,7.4293,577.7589,0.0000,0.9762
211077,1358,41,0.1000,0.00000500,0.0000,5.0364,619.7404,0.0000,0.9840
211078,8933,87,0.1000,0.00000500,0.0000,5.2062,736.3417,0.0000,0.9838
211079,621,36,0.1000,0.00000500,0.0000,4.0121,569.3711,0.0000,0.9835
211080,73,9,0.1000,0.00000500,0.0000,7.4005,538.7267,0.0000,0.9826
211081,637,27,0.1000,0.00000500,0.0000,5.9605,562.2947,0.0000,0.9896
211082,110,15,0.1000,0.00000500,0.0000,3.0516,545.9455,0.0000,0.9854
211083,40,9,0.1000,0.00000500,0.0000,9.3972,535.8949,0.0000,0.9826
211084,236,24,0.1000,0.00000500,0.0000,4.3998,557.5860,0.0000,0.9818
211085,3473,81,0.1000,0.00000500,0.0000,5.7880,635.8490,0.0000,0.9830
211086,53,9,0.1000,0.00000500,0.0000,8.3612,536.4517,0.0000,0.9792
211087,291,18,0.1000,0.00000500,0.0000,5.4572,565.4845,0.0000,0.9809
211088,4165,75,0.1000,0.00000500,0.0000,5.0399,668.4751,0.0000,0.9825
211089,3111,63,0.1000,0.00000500,0.0000,5.0783,654.3189,0.0000,0.9797
211090,344,24,0.1000,0.00000500,0.0000,4.9139,556.7607,0.0000,0.9818
211091,1183,56,0.1000,0.00000500,0.0000,5.3823,584.2868,0.0000,0.9805
211092,3656,78,0.1000,0.00000500,0.0000,6.0137,660.7648,0.0000,0.9856
211093,623,36,0.1000,0.00000500,0.0000,5.9908,577.0088,0.0000,0.9852
211094,149,18,0.1000,0.00000500,0.0000,4.2367,542.5019,0.0000,0.9774
211095,515,33,0.1000,0.00000500,0.0000,6.1954,567.4054,0.0000,0.9820
211096,1942,54,0.1000,0.00000500,0.0000,8.6036,633.4037,0.0000,0.9821
211097,992,42,0.1000,0.00000500,0.0000,3.4443,600.5549,0.0000,0.9866
211098,906,30,0.1000,0.00000500,0.0000,6.5987,605.7082,0.0000,0.9865
211099,1035,33,0.1000,0.00000500,0.0000,6.2348,614.3427,0.0000,0.9820
211100,208,20,0.1000,0.00000500,0.0000,6.6819,551.4021,0.0000,0.9766
211101,1217,54,0.1000,0.00000500,0.0000,6.2564,588.2849,0.0000,0.9786
211102,125,15,0.1000,0.00000500,0.0000,5.6931,548.4785,0.0000,0.9812
211103,241,24,0.1000,0.00000500,0.0000,5.9525,546.0840,0.0000,0.9831
211104,641,33,0.1000,0.00000500,0.0000,3.9973,581.9890,0.0000,0.9905
211105,570,42,0.1000,0.00000500,0.0000,6.5987,564.7229,0.0000,0.9851
211106,450,21,0.1000,0.00000500,0.0000,4.6623,579.7736,0.0000,0.9821
211107,52,11,0.1000,0.00000500,0.0000,5.5915,537.7194,0.0000,0.9886
211108,2275,62,0.1000,0.00000500,0.0000,6.4945,629.8812,0.0000,0.9834
211109,1277,54,0.1000,0.00000500,0.0000,4.3196,591.4319,0.0000,0.9873
211110,669,27,0.1000,0.00000500,0.0000,9.3281,597.8895,0.0000,0.9803
211111,6900,150,0.1000,0.00000500,0.0000,5.4958,649.4881,0.0000,0.9862
211112,749,36,0.1000,0.00000500,0.0000,6.9248,583.2294,0.0000,0.9766
211113,84,12,0.1000,0.00000500,0.0000,6.3650,547.5217,0.0000,0.9818
211114,350,24,0.1000,0.00000500,0.0000,5.0945,560.4102,0.0000,0.9844
211115,206,21,0.1000,0.00000500,0.0000,6.1059,549.0598,0.0000,0.9851
211116,1325,42,0.1000,0.00000500,0.0000,6.2179,603.1375,0.0000,0.9807
211117,62,10,0.1000,0.00000500,0.0000,8.4201,533.0438,0.0000,0.9812
211118,664,28,0.1000,0.00000500,0.0000,6.7228,589.9603,0.0000,0.9821
211119,82,12,0.1000,0.00000500,0.0000,6.5506,536.7013,0.0000,0.9818
211120,108,17,0.1000,0.00000500,0.0000,6.2404,541.2348,0.0000,0.9798
211121,3326,87,0.1000,0.00000500,0.0000,6.1316,629.6763,0.0000,0.9810
211122,308,21,0.1000,0.00000500,0.0000,6.6246,562.3705,0.0000,0.9777
211123,910,39,0.1000,0.00000500,0.0000,7.5510,588.6006,0.0000,0.9728
211124,451,24,0.1000,0.00000500,0.0000,5.5893,577.1074,0.0000,0.9818
211125,449,24,0.1000,0.00000500,0.0000,7.6351,572.0111,0.0000,0.9727
211126,665,30,0.1000,0.00000500,0.0000,7.5103,602.6585,0.0000,0.9781
211127,607,33,0.1000,0.00000500,0.0000,5.4841,583.9923,0.0000,0.9792
211128,87,15,0.1000,0.00000500,0.0000,4.1711,534.6290,0.0000,0.9812
211129,309,30,0.1000,0.00000500,0.0000,6.5832,554.2984,0.0000,0.9823
211130,741,36,0.1000,0.00000500,0.0000,4.0058,578.9210,0.0000,0.9800
211131,260,24,0.1000,0.00000500,0.0000,7.5205,559.9876,0.0000,0.9831
211132,2329,66,0.1000,0.00000500,0.0000,6.5088,626.2899,0.0000,0.9796
211133,1695,42,0.1000,0.00000500,0.0000,4.1034,633.6471,0.0000,0.9807
211134,483,30,0.1000,0.00000500,0.0000,5.0723,577.6280,0.0000,0.9917
211135,112,14,0.1000,0.00000500,0.0000,2.9585,537.8005,0.0000,0.9955
211136,10319,150,0.1000,0.00000500,0.0000,6.8262,687.3710,0.0000,0.9835
211137,361,26,0.1000,0.00000500,0.0000,3.5395,559.4879,0.0000,0.9820
211138,614,38,0.1000,0.00000500,0.0000,4.7316,566.5218,0.0000,0.9877
211139,931,33,0.1000,0.00000500,0.0000,5.4063,608.9978,0.0000,0.9830
211140,4244,78,0.1000,0.00000500,0.0000,5.6294,669.2558,0.0000,0.9848
211141,2506,51,0.1000,0.00000500,0.0000,5.9010,657.9548,0.0000,0.9859
211142,655,27,0.1000,0.00000500,0.0000,4.9018,589.7246,0.0000,0.9873
211143,160,15,0.1000,0.00000500,0.0000,8.0764,544.1986,0.0000,0.9833
211144,104,15,0.1000,0.00000500,0.0000,5.0185,539.3156,0.0000,0.9792
211145,939,45,0.1000,0.00000500,0.0000,7.2484,585.6487,0.0000,0.9799
211146,37,9,0.1000,0.00000500,0.0000,7.6383,538.2705,0.0000,0.9757
211147,428,30,0.1000,0.00000500,0.0000,5.9325,545.0008,0.0000,0.9865
211148,358,27,0.1000,0.00000500,0.0000,5.2203,562.0819,0.0000,0.9850
211149,508,30,0.1000,0.00000500,0.0000,6.9377,572.0908,0.0000,0.9865
211150,1865,72,0.1000,0.00000500,0.0000,4.5359,600.9659,0.0000,0.9818
211151,901,48,0.1000,0.00000500,0.0000,5.5705,579.5665,0.0000,0.9844
211152,961,51,0.1000,0.00000500,0.0000,5.8579,582.3747,0.0000,0.9896
211153,169,18,0.1000,0.00000500,0.0000,5.9792,548.9260,0.0000,0.9844
211154,747,36,0.1000,0.00000500,0.0000,3.9843,587.5456,0.0000,0.9861
211155,2861,75,0.1000,0.00000500,0.0000,5.6688,619.9543,0.0000,0.9854
211156,1169,45,0.1000,0.00000500,0.0000,5.7142,599.6125,0.0000,0.9847
211157,970,45,0.1000,0.00000500,0.0000,6.5198,584.6166,0.0000,0.9819
211158,332,30,0.1000,0.00000500,0.0000,5.0337,555.2229,0.0000,0.9875
211159,2211,63,0.1000,0.00000500,0.0000,5.0966,624.1599,0.0000,0.9812
211160,562,33,0.1000,0.00000500,0.0000,5.0349,577.3036,0.0000,0.9763
211161,5068,90,0.1000,0.00000500,0.0000,5.8172,670.4016,0.0000,0.9826
211162,83,13,0.1000,0.00000500,0.0000,5.6395,533.1402,0.0000,0.9856
211163,2082,48,0.1000,0.00000500,0.0000,3.8914,641.1171,0.0000,0.9948
211164,78,11,0.1000,0.00000500,0.0000,7.4353,538.6096,0.0000,0.9744
211165,227,21,0.1000,0.00000500,0.0000,7.7333,549.1629,0.0000,0.9762
211166,376,27,0.1000,0.00000500,0.0000,5.2757,557.6628,0.0000,0.9826
211167,3735,96,0.1000,0.00000500,0.0000,6.2948,629.8743,0.0000,0.9824
211168,22,6,0.1000,0.00000500,0.0000,7.1009,524.0807,0.0000,0.9896
211169,323,27,0.1000,0.00000500,0.0000,7.0677,551.3361,0.0000,0.9792
211170,936,42,0.1000,0.00000500,0.0000,4.4758,584.7513,0.0000,0.9859
211171,512,30,0.1000,0.00000500,0.0000,4.0445,573.1032,0.0000,0.9844
211172,84,15,0.1000,0.00000500,0.0000,5.1268,529.5489,0.0000,0.9750
211173,122,15,0.1000,0.00000500,0.0000,4.9751,542.7417,0.0000,0.9854
211174,765,42,0.1000,0.00000500,0.0000,4.5462,581.8229,0.0000,0.9807
211175,428,30,0.1000,0.00000500,0.0000,5.9851,566.1335,0.0000,0.9844
211176,762,27,0.1000,0.00000500,0.0000,9.5862,597.0823,0.0000,0.9769
211177,481,30,0.1000,0.00000500,0.0000,5.5084,579.0359,0.0000,0.9865
211178,1038,48,0.1000,0.00000500,0.0000,5.0885,580.8389,0.0000,0.9844
211179,251,24,0.1000,0.00000500,0.0000,5.0338,547.4822,0.0000,0.9857
211180,68,12,0.1000,0.00000500,0.0000,6.1065,534.5143,0.0000,0.9766
211181,1637,51,0.1000,0.00000500,0.0000,5.9415,622.4767,0.0000,0.9828
211182,1331,45,0.1000,0.00000500,0.0000,5.7963,608.7461,0.0000,0.9854
211183,1102,57,0.1000,0.00000500,0.0000,6.3343,577.7864,0.0000,0.9836
211184,750,36,0.1000,0.00000500,0.0000,5.0086,584.0487,0.0000,0.9792
211185,2241,78,0.1000,0.00000500,0.0000,7.0141,614.3929,0.0000,0.9796
211186,71,9,0.1000,0.00000500,0.0000,8.0842,545.6593,0.0000,0.9826
211187,227,21,0.1000,0.00000500,0.0000,7.3137,546.5190,0.0000,0.9851
211188,2608,72,0.1000,0.00000500,0.0000,6.7621,626.6162,0.0000,0.9766
211189,458,33,0.1000,0.00000500,0.0000,6.7487,564.5561,0.0000,0.9792
211190,1633,74,0.1000,0.00000500,0.0000,5.7183,592.5855,0.0000,0.9831
211191,544,30,0.1000,0.00000500,0.0000,6.1111,572.0524,0.0000,0.9781
211192,2713,66,0.1000,0.00000500,0.0000,7.5756,636.8296,0.0000,0.9801
211193,3027,96,0.1000,0.00000500,0.0000,5.3361,614.7702,0.0000,0.9801
211194,1500,50,0.1000,0.00000500,0.0000,5.1990,601.6617,0.0000,0.9838
211195,176,18,0.1000,0.00000500,0.0000,4.8858,549.3182,0.0000,0.9809
211196,7027,120,0.1000,0.00000500,0.0000,6.1308,660.7203,0.0000,0.9810
211197,1143,51,0.1000,0.00000500,0.0000,6.1159,589.6367,0.0000,0.9828
211198,556,27,0.1000,0.00000500,0.0000,7.7390,580.6820,0.0000,0.9769
211199,365,24,0.1000,0.00000500,0.0000,4.3046,567.5538,0.0000,0.9883
211200,119,15,0.1000,0.00000500,0.0000,3.6680,550.9354,0.0000,0.9854
211201,486,30,0.1000,0.00000500,0.0000,5.2872,571.0409,0.0000,0.9781
211202,201,20,0.1000,0.00000500,0.0000,5.3738,546.7743,0.0000,0.9859
211203,306,24,0.1000,0.00000500,0.0000,6.4122,550.0571,0.0000,0.9870
211204,270,22,0.1000,0.00000500,0.0000,4.8772,555.5078,0.0000,0.9872
211205,56,9,0.1000,0.00000500,0.0000,7.5884,541.3263,0.0000,0.9688
211206,797,30,0.1000,0.00000500,0.0000,5.1314,592.3400,0.0000,0.9865
211207,248,21,0.1000,0.00000500,0.0000,4.9127,546.5532,0.0000,0.9851
211208,705,39,0.1000,0.00000500,0.0000,6.2859,579.7358,0.0000,0.9832
211209,240,21,0.1000,0.00000500,0.0000,7.3069,556.2688,0.0000,0.9777
211210,153,15,0.1000,0.00000500,0.0000,5.5417,544.1314,0.0000,0.9750
211211,1011,49,0.1000,0.00000500,0.0000,6.5772,583.9906,0.0000,0.9847
211212,1171,63,0.1000,0.00000500,0.0000,4.4703,579.2551,0.0000,0.9841
211213,662,27,0.1000,0.00000500,0.0000,4.6520,593.6236,0.0000,0.9838
211214,180,15,0.1000,0.00000500,0.0000,6.7750,549.4540,0.0000,0.9833
211215,288,19,0.1000,0.00000500,0.0000,6.3653,561.9534,0.0000,0.9737
211216,642,32,0.1000,0.00000500,0.0000,6.0643,579.1546,0.0000,0.9736
211217,60,9,0.1000,0.00000500,0.0000,6.1954,522.3647,0.0000,0.9826
211218,7675,191,0.1000,0.00000500,0.0000,5.7296,624.7284,0.0000,0.9817
211219,514,36,0.1000,0.00000500,0.0000,5.9604,559.1898,0.0000,0.9826
211220,2586,63,0.1000,0.00000500,0.0000,5.0809,636.7502,0.0000,0.9821
211221,64,12,0.1000,0.00000500,0.0000,11.0396,538.5518,0.0000,0.9844
211222,960,36,0.1000,0.00000500,0.0000,4.0667,603.4771,0.0000,0.9792
211223,491,33,0.1000,0.00000500,0.0000,3.8584,567.8129,0.0000,0.9811
211224,124,15,0.1000,0.00000500,0.0000,7.9198,542.0366,0.0000,0.9792
211225,4618,99,0.1000,0.00000500,0.0000,5.0780,647.7675,0.0000,0.9804
211226,3401,105,0.1000,0.00000500,0.0000,5.7499,608.9495,0.0000,0.9836
211227,546,24,0.1000,0.00000500,0.0000,7.5407,578.6312,0.0000,0.9792
211228,100,15,0.1000,0.00000500,0.0000,4.4107,534.1198,0.0000,0.9854
211229,1560,54,0.1000,0.00000500,0.0000,5.3819,603.8458,0.0000,0.9826
211230,100,17,0.1000,0.00000500,0.0000,6.8335,529.1793,0.0000,0.9761
211231,283,18,0.1000,0.00000500,0.0000,5.2221,558.8083,0.0000,0.9826
211232,1057,36,0.1000,0.00000500,0.0000,3.1112,613.0533,0.0000,0.9826
211233,693,38,0.1000,0.00000500,0.0000,8.2996,575.7103,0.0000,0.9803
211234,448,21,0.1000,0.00000500,0.0000,4.2385,567.2393,0.0000,0.9836
211235,659,27,0.1000,0.00000500,0.0000,6.2388,588.2849,0.0000,0.9873
211236,166,18,0.1000,0.00000500,0.0000,8.7001,546.3883,0.0000,0.9757
211237,3046,63,0.1000,0.00000500,0.0000,6.4809,645.1601,0.0000,0.9826
211238,265,26,0.1000,0.00000500,0.0000,5.1407,552.3180,0.0000,0.9868
211239,543,24,0.1000,0.00000500,0.0000,3.9418,580.8085,0.0000,0.9779
211240,273,21,0.1000,0.00000500,0.0000,7.0789,553.5216,0.0000,0.9792
211241,314,24,0.1000,0.00000500,0.0000,5.0132,563.4065,0.0000,0.9883
211242,556,27,0.1000,0.00000500,0.0000,5.5129,584.4570,0.0000,0.9861
211243,1977,66,0.1000,0.00000500,0.0000,5.9456,610.4647,0.0000,0.9830
211244,822,39,0.1000,0.00000500,0.0000,5.7205,575.6135,0.0000,0.9864
211245,1250,42,0.1000,0.00000500,0.0000,5.8049,605.2464,0.0000,0.9769
211246,181,18,0.1000,0.00000500,0.0000,4.4194,546.9647,0.0000,0.9896
211247,899,42,0.1000,0.00000500,0.0000,5.9335,581.4660,0.0000,0.9807
211248,367,21,0.1000,0.00000500,0.0000,5.1821,577.1135,0.0000,0.9777
211249,508,36,0.1000,0.00000500,0.0000,5.1283,559.7984,0.0000,0.9818
211250,58,12,0.1000,0.00000500,0.0000,5.4376,524.8404,0.0000,0.9818
211251,460,24,0.1000,0.00000500,0.0000,5.3457,570.4169,0.0000,0.9896
211252,3095,75,0.1000,0.00000500,0.0000,4.6657,646.6526,0.0000,0.9879
211253,336,21,0.1000,0.00000500,0.0000,5.1152,565.9096,0.0000,0.9747
211254,462,25,0.1000,0.00000500,0.0000,4.1465,580.0616,0.0000,0.9812
211255,155,12,0.1000,0.00000500,0.0000,6.8064,550.4311,0.0000,0.9870
211256,250,24,0.1000,0.00000500,0.0000,3.8276,549.5536,0.0000,0.9870
211257,685,33,0.1000,0.00000500,0.0000,6.3998,596.8410,0.0000,0.9858
211258,1660,57,0.1000,0.00000500,0.0000,4.7863,606.6473,0.0000,0.9825
211259,167,18,0.1000,0.00000500,0.0000,7.7373,543.5286,0.0000,0.9740
211260,1511,57,0.1000,0.00000500,0.0000,6.6991,598.3509,0.0000,0.9786
211261,682,30,0.1000,0.00000500,0.0000,8.0409,580.5392,0.0000,0.9771
211262,116,15,0.1000,0.00000500,0.0000,6.1292,537.6985,0.0000,0.9833
211263,371,21,0.1000,0.00000500,0.0000,4.6591,572.2218,0.0000,0.9807
211264,1464,48,0.1000,0.00000500,0.0000,6.7453,606.3106,0.0000,0.9805
211265,4617,68,0.1000,0.00000500,0.0000,7.4218,696.6280,0.0000,0.9821
211266,2993,84,0.1000,0.00000500,0.0000,5.3584,628.9312,0.0000,0.9792
211267,1486,63,0.1000,0.00000500,0.0000,5.9381,586.2420,0.0000,0.9816
211268,372,24,0.1000,0.00000500,0.0000,3.5928,563.6098,0.0000,0.9844
211269,121,15,0.1000,0.00000500,0.0000,4.8448,535.6046,0.0000,0.9854
211270,1357,39,0.1000,0.00000500,0.0000,5.8415,620.7328,0.0000,0.9864
211271,448,24,0.1000,0.00000500,0.0000,6.7590,577.2459,0.0000,0.9844
211272,502,29,0.1000,0.00000500,0.0000,5.9838,568.6873,0.0000,0.9838
211273,1179,33,0.1000,0.00000500,0.0000,5.6995,611.1308,0.0000,0.9782
211274,741,33,0.1000,0.00000500,0.0000,6.5368,578.0570,0.0000,0.9839
211275,68,9,0.1000,0.00000500,0.0000,3.8894,526.5930,0.0000,0.9861
211276,347,19,0.1000,0.00000500,0.0000,6.1767,570.5774,0.0000,0.9803
211277,399,24,0.1000,0.00000500,0.0000,5.9174,560.9737,0.0000,0.9857
211278,220,18,0.1000,0.00000500,0.0000,4.6700,571.8066,0.0000,0.9826
211279,2509,48,0.1000,0.00000500,0.0000,5.3393,660.9248,0.0000,0.9837
211280,2758,50,0.1000,0.00000500,0.0000,4.1583,666.8818,0.0000,0.9844
211281,237,18,0.1000,0.00000500,0.0000,6.3660,548.7433,0.0000,0.9826
211282,827,41,0.1000,0.00000500,0.0000,4.9714,583.8128,0.0000,0.9893
211283,221,24,0.1000,0.00000500,0.0000,4.7696,551.1445,0.0000,0.9870
211284,871,39,0.1000,0.00000500,0.0000,9.2256,582.1647,0.0000,0.9744
211285,381,33,0.1000,0.00000500,0.0000,3.2455,552.2028,0.0000,0.9877
211286,228,21,0.1000,0.00000500,0.0000,3.5074,556.9855,0.0000,0.9792
211287,2082,48,0.1000,0.00000500,0.0000,5.7221,641.3777,0.0000,0.9824
211288,679,39,0.1000,0.00000500,0.0000,4.3391,569.2332,0.0000,0.9856
211289,1354,36,0.1000,0.00000500,0.0000,6.1722,610.9357,0.0000,0.9809
211290,1354,38,0.1000,0.00000500,0.0000,6.4313,619.2979,0.0000,0.9762
211291,90,12,0.1000,0.00000500,0.0000,3.6454,528.2520,0.0000,0.9792
211292,1042,48,0.1000,0.00000500,0.0000,4.6690,580.9543,0.0000,0.9824
211293,382,24,0.1000,0.00000500,0.0000,7.3467,562.7019,0.0000,0.9805
211294,190,21,0.1000,0.00000500,0.0000,5.2217,546.0156,0.0000,0.9747
211295,290,27,0.1000,0.00000500,0.0000,8.0369,558.5676,0.0000,0.9780
211296,1080,48,0.1000,0.00000500,0.0000,4.7161,579.5616,0.0000,0.9805
211297,3546,138,0.1000,0.00000500,0.0000,4.9387,593.1346,0.0000,0.9832
211298,4616,66,0.1000,0.00000500,0.0000,5.5206,691.9631,0.0000,0.9759
211299,1203,36,0.1000,0.00000500,0.0000,4.9365,619.5394,0.0000,0.9887
211300,639,39,0.1000,0.00000500,0.0000,4.6954,564.5142,0.0000,0.9784
211301,312,24,0.1000,0.00000500,0.0000,3.1907,557.5316,0.0000,0.9896
211302,479,30,0.1000,0.00000500,0.0000,5.4017,564.3513,0.0000,0.9854
211303,588,27,0.1000,0.00000500,0.0000,4.8786,574.8717,0.0000,0.9861
211304,5145,81,0.1000,0.00000500,0.0000,5.0754,669.8101,0.0000,0.9823
211305,1664,63,0.1000,0.00000500,0.0000,5.9682,601.3649,0.0000,0.9831
211306,1088,42,0.1000,0.00000500,0.0000,5.2212,599.8997,0.0000,0.9874
211307,231,18,0.1000,0.00000500,0.0000,3.7860,550.7002,0.0000,0.9844
211308,610,33,0.1000,0.00000500,0.0000,5.2317,573.9875,0.0000,0.9801
211309,910,36,0.1000,0.00000500,0.0000,5.9156,588.8012,0.0000,0.9887
211310,152,18,0.1000,0.00000500,0.0000,6.1223,556.6452,0.0000,0.9809
211311,173,21,0.1000,0.00000500,0.0000,7.3443,552.2388,0.0000,0.9866
211312,121,15,0.1000,0.00000500,0.0000,6.8838,532.6019,0.0000,0.9833
211313,2578,75,0.1000,0.00000500,0.0000,6.2384,612.0723,0.0000,0.9738
211314,102,12,0.1000,0.00000500,0.0000,3.7821,532.4378,0.0000,0.9948
211315,84,12,0.1000,0.00000500,0.0000,4.4429,530.6132,0.0000,0.9896
211316,4377,72,0.1000,0.00000500,0.0000,5.8874,677.0509,0.0000,0.9761
211317,570,30,0.1000,0.00000500,0.0000,5.1774,578.2213,0.0000,0.9781
211318,449,33,0.1000,0.00000500,0.0000,7.8182,557.3691,0.0000,0.9773
211319,603,39,0.1000,0.00000500,0.0000,3.0482,566.5683,0.0000,0.9856
211320,831,41,0.1000,0.00000500,0.0000,4.3503,575.0285,0.0000,0.9863
211321,931,41,0.1000,0.00000500,0.0000,7.7523,583.0790,0.0000,0.9771
211322,959,39,0.1000,0.00000500,0.0000,4.0708,594.3820,0.0000,0.9840
211323,772,46,0.1000,0.00000500,0.0000,5.0674,564.1664,0.0000,0.9817
211324,2158,63,0.1000,0.00000500,0.0000,5.5907,615.1193,0.0000,0.9841
211325,747,36,0.1000,0.00000500,0.0000,6.8613,588.7786,0.0000,0.9835
211326,502,33,0.1000,0.00000500,0.0000,6.1796,561.6439,0.0000,0.9801
211327,451,21,0.1000,0.00000500,0.0000,6.6333,571.9743,0.0000,0.9851
211328,2795,75,0.1000,0.00000500,0.0000,5.3333,615.4462,0.0000,0.9862
211329,426,33,0.1000,0.00000500,0.0000,7.2184,554.9243,0.0000,0.9725
211330,416,29,0.1000,0.00000500,0.0000,4.2901,561.2181,0.0000,0.9860
211331,3366,81,0.1000,0.00000500,0.0000,5.5067,638.8411,0.0000,0.9830
211332,97,14,0.1000,0.00000500,0.0000,7.2207,530.8221,0.0000,0.9754
211333,454,24,0.1000,0.00000500,0.0000,3.7247,574.9979,0.0000,0.9844
211334,563,36,0.1000,0.00000500,0.0000,6.6274,561.5952,0.0000,0.9835
211335,236,21,0.1000,0.00000500,0.0000,5.5042,547.4377,0.0000,0.9836
211336,1902,60,0.1000,0.00000500,0.0000,4.9611,610.9280,0.0000,0.9859
211337,168,20,0.1000,0.00000500,0.0000,5.7435,539.0652,0.0000,0.9797
211338,296,20,0.1000,0.00000500,0.0000,5.6461,573.0884,0.0000,0.9797
211339,455,21,0.1000,0.00000500,0.0000,6.1684,573.5626,0.0000,0.9762
211340,789,36,0.1000,0.00000500,0.0000,5.0053,607.5101,0.0000,0.9852
211341,461,30,0.1000,0.00000500,0.0000,7.6233,556.3832,0.0000,0.9792
211342,439,21,0.1000,0.00000500,0.0000,5.5347,578.2225,0.0000,0.9836
211343,305,27,0.1000,0.00000500,0.0000,8.6874,545.2035,0.0000,0.9722
211344,4304,108,0.1000,0.00000500,0.0000,6.6511,628.1040,0.0000,0.9821
211345,1124,58,0.1000,0.00000500,0.0000,6.9381,572.9956,0.0000,0.9801
211346,601,33,0.1000,0.00000500,0.0000,5.3592,579.6341,0.0000,0.9754
211347,1376,45,0.1000,0.00000500,0.0000,5.2497,602.1351,0.0000,0.9861
211348,1716,54,0.1000,0.00000500,0.0000,4.1237,601.2987,0.0000,0.9850
211349,326,26,0.1000,0.00000500,0.0000,6.0287,548.2554,0.0000,0.9820
211350,420,28,0.1000,0.00000500,0.0000,5.3600,556.4266,0.0000,0.9855
211351,379,27,0.1000,0.00000500,0.0000,5.4632,561.8176,0.0000,0.9884
211352,295,20,0.1000,0.00000500,0.0000,7.1046,563.0005,0.0000,0.9844
211353,173,15,0.1000,0.00000500,0.0000,4.2951,552.7211,0.0000,0.9896
211354,3828,114,0.1000,0.00000500,0.0000,3.5344,611.2895,0.0000,0.9814
211355,85,12,0.1000,0.00000500,0.0000,3.6536,528.7362,0.0000,0.9896
211356,1344,48,0.1000,0.00000500,0.0000,5.1114,584.7597,0.0000,0.9831
211357,451,30,0.1000,0.00000500,0.0000,4.7266,557.9653,0.0000,0.9823
211358,1039,30,0.1000,0.00000500,0.0000,6.4724,606.6667,0.0000,0.9812
211359,447,31,0.1000,0.00000500,0.0000,5.5956,560.2276,0.0000,0.9808
211360,393,30,0.1000,0.00000500,0.0000,4.9274,554.0626,0.0000,0.9833
211361,584,30,0.1000,0.00000500,0.0000,6.0387,566.0654,0.0000,0.9708
211362,683,30,0.1000,0.00000500,0.0000,7.7881,585.7829,0.0000,0.9812
211363,778,29,0.1000,0.00000500,0.0000,5.6047,589.5374,0.0000,0.9860
211364,1050,36,0.1000,0.00000500,0.0000,6.2230,600.6344,0.0000,0.9852
211365,985,48,0.1000,0.00000500,0.0000,6.9684,579.8340,0.0000,0.9837
211366,3543,66,0.1000,0.00000500,0.0000,6.2183,647.4064,0.0000,0.9782
211367,316,30,0.1000,0.00000500,0.0000,5.3398,554.3959,0.0000,0.9812
211368,3169,72,0.1000,0.00000500,0.0000,6.0383,638.8417,0.0000,0.9800
211369,448,24,0.1000,0.00000500,0.0000,5.7624,571.1059,0.0000,0.9805
211370,2547,81,0.1000,0.00000500,0.0000,5.7113,601.1805,0.0000,0.9826
211371,2379,72,0.1000,0.00000500,0.0000,5.5260,607.8639,0.0000,0.9796
211372,2332,73,0.1000,0.00000500,0.0000,4.5098,620.6737,0.0000,0.9850
211373,36,6,0.1000,0.00000500,0.0000,11.2218,522.7739,0.0000,0.9531
211374,1432,60,0.1000,0.00000500,0.0000,5.0342,589.1031,0.0000,0.9812
211375,614,36,0.1000,0.00000500,0.0000,5.4313,566.0080,0.0000,0.9766
211376,652,27,0.1000,0.00000500,0.0000,5.6863,584.6548,0.0000,0.9780
211377,905,36,0.1000,0.00000500,0.0000,4.3410,583.6813,0.0000,0.9818
211378,697,36,0.1000,0.00000500,0.0000,4.3700,570.2110,0.0000,0.9766
211379,744,39,0.1000,0.00000500,0.0000,5.8900,573.1118,0.0000,0.9816
211380,105,12,0.1000,0.00000500,0.0000,5.3046,530.7292,0.0000,0.9896
211381,210,18,0.1000,0.00000500,0.0000,7.2242,546.3657,0.0000,0.9688
211382,82,14,0.1000,0.00000500,0.0000,7.3542,531.6045,0.0000,0.9799
211383,1455,66,0.1000,0.00000500,0.0000,4.9051,581.7393,0.0000,0.9848
211384,652,27,0.1000,0.00000500,0.0000,6.7823,593.4519,0.0000,0.9850
211385,331,30,0.1000,0.00000500,0.0000,4.6908,546.9772,0.0000,0.9865
211386,777,30,0.1000,0.00000500,0.0000,3.4586,586.0921,0.0000,0.9812
211387,2312,60,0.1000,0.00000500,0.0000,6.3925,629.6761,0.0000,0.9812
211388,177,24,0.1000,0.00000500,0.0000,5.6291,534.5053,0.0000,0.9844
211389,2853,60,0.1000,0.00000500,0.0000,5.0091,643.6218,0.0000,0.9766
211390,172,21,0.1000,0.00000500,0.0000,4.2003,536.5764,0.0000,0.9836
211391,310,27,0.1000,0.00000500,0.0000,4.3773,552.5570,0.0000,0.9826
211392,805,36,0.1000,0.00000500,0.0000,4.4647,580.1071,0.0000,0.9826
211393,591,32,0.1000,0.00000500,0.0000,6.9278,569.0111,0.0000,0.9805
211394,549,34,0.1000,0.00000500,0.0000,6.7425,570.6789,0.0000,0.9770
211395,554,24,0.1000,0.00000500,0.0000,8.3617,582.1773,0.0000,0.9818
211396,2169,90,0.1000,0.00000500,0.0000,5.1420,587.7622,0.0000,0.9809
211397,1225,39,0.1000,0.00000500,0.0000,5.3643,600.4559,0.0000,0.9760
211398,353,27,0.1000,0.00000500,0.0000,5.2671,558.2840,0.0000,0.9803
211399,1424,72,0.1000,0.00000500,0.0000,5.6151,579.9052,0.0000,0.9848
211400,833,48,0.1000,0.00000500,0.0000,5.3756,566.8883,0.0000,0.9876
211401,183,18,0.1000,0.00000500,0.0000,8.0046,555.6232,0.0000,0.9809
211402,105,15,0.1000,0.00000500,0.0000,3.4948,540.2573,0.0000,0.9854
211403,459,30,0.1000,0.00000500,0.0000,6.1252,564.1166,0.0000,0.9823
211404,466,24,0.1000,0.00000500,0.0000,6.8247,568.4872,0.0000,0.9792
211405,2040,63,0.1000,0.00000500,0.0000,4.5297,612.1546,0.0000,0.9841
211406,185,12,0.1000,0.00000500,0.0000,6.0035,547.7378,0.0000,0.9740
211407,96,15,0.1000,0.00000500,0.0000,7.9677,533.4788,0.0000,0.9812
211408,277,15,0.1000,0.00000500,0.0000,7.2651,569.0994,0.0000,0.9833
211409,162,15,0.1000,0.00000500,0.0000,4.6163,537.9284,0.0000,0.9792
211410,929,39,0.1000,0.00000500,0.0000,6.8724,582.1947,0.0000,0.9808
211411,1322,45,0.1000,0.00000500,0.0000,6.2654,598.7626,0.0000,0.9750
211412,709,36,0.1000,0.00000500,0.0000,6.8058,571.7565,0.0000,0.9783
211413,84,12,0.1000,0.00000500,0.0000,6.5760,541.1872,0.0000,0.9792
211414,124,18,0.1000,0.00000500,0.0000,5.4023,549.0011,0.0000,0.9792
211415,2505,48,0.1000,0.00000500,0.0000,4.3699,652.4081,0.0000,0.9850
211416,982,39,0.1000,0.00000500,0.0000,5.9608,587.1418,0.0000,0.9816
211417,3570,63,0.1000,0.00000500,0.0000,5.4351,663.6495,0.0000,0.9807
211418,361,24,0.1000,0.00000500,0.0000,4.9763,552.2305,0.0000,0.9805
211419,2216,81,0.1000,0.00000500,0.0000,6.3556,599.0953,0.0000,0.9815
211420,569,27,0.1000,0.00000500,0.0000,6.0710,572.2314,0.0000,0.9815
211421,3145,90,0.1000,0.00000500,0.0000,6.2787,608.6819,0.0000,0.9812
211422,161,15,0.1000,0.00000500,0.0000,4.5390,541.1762,0.0000,0.9833
211423,1567,57,0.1000,0.00000500,0.0000,4.8444,602.1926,0.0000,0.9819
211424,459,30,0.1000,0.00000500,0.0000,5.7792,568.4366,0.0000,0.9833
211425,1264,54,0.1000,0.00000500,0.0000,4.7674,587.2333,0.0000,0.9757
211426,414,27,0.1000,0.00000500,0.0000,5.4720,558.9330,0.0000,0.9884
211427,556,36,0.1000,0.00000500,0.0000,5.7469,567.8178,0.0000,0.9792
211428,553,25,0.1000,0.00000500,0.0000,6.8001,580.9273,0.0000,0.9812
211429,113,15,0.1000,0.00000500,0.0000,10.6370,530.8454,0.0000,0.9750
211430,254,23,0.1000,0.00000500,0.0000,5.1994,550.5095,0.0000,0.9769
211431,2501,87,0.1000,0.00000500,0.0000,6.0368,601.5552,0.0000,0.9749
211432,1797,54,0.1000,0.00000500,0.0000,5.2369,610.7294,0.0000,0.9780
211433,232,18,0.1000,0.00000500,0.0000,8.6656,550.1307,0.0000,0.9792
211434,6188,99,0.1000,0.00000500,0.0000,5.6652,671.7589,0.0000,0.9820
211435,3097,60,0.1000,0.00000500,0.0000,5.9975,655.0384,0.0000,0.9792
211436,2272,53,0.1000,0.00000500,0.0000,3.5023,627.5694,0.0000,0.9776
211437,432,29,0.1000,0.00000500,0.0000,4.9103,559.2526,0.0000,0.9806
211438,1647,66,0.1000,0.00000500,0.0000,4.8887,592.9003,0.0000,0.9801
211439,27,6,0.1000,0.00000500,0.0000,10.4065,522.4083,0.0000,0.9688
211440,161,15,0.1000,0.00000500,0.0000,5.0033,536.1510,0.0000,0.9875
211441,693,45,0.1000,0.00000500,0.0000,7.3151,559.3242,0.0000,0.9778
211442,213,18,0.1000,0.00000500,0.0000,3.9119,548.1477,0.0000,0.9809
211443,3516,81,0.1000,0.00000500,0.0000,5.4492,635.5848,0.0000,0.9826
211444,2344,60,0.1000,0.00000500,0.0000,6.0116,622.1625,0.0000,0.9786
211445,1041,33,0.1000,0.00000500,0.0000,7.3051,620.5732,0.0000,0.9782
211446,624,30,0.1000,0.00000500,0.0000,6.3155,576.3846,0.0000,0.9760
211447,2539,90,0.1000,0.00000500,0.0000,6.3430,598.7095,0.0000,0.9767
211448,55,11,0.1000,0.00000500,0.0000,7.6248,527.2479,0.0000,0.9801
211449,485,30,0.1000,0.00000500,0.0000,5.6847,565.7537,0.0000,0.9823
211450,647,24,0.1000,0.00000500,0.0000,4.7765,579.6359,0.0000,0.9909
211451,417,30,0.1000,0.00000500,0.0000,7.3526,560.8491,0.0000,0.9771
211452,344,27,0.1000,0.00000500,0.0000,7.2581,564.2453,0.0000,0.9792
211453,671,42,0.1000,0.00000500,0.0000,4.5493,569.8034,0.0000,0.9844
211454,1557,45,0.1000,0.00000500,0.0000,5.3263,608.7468,0.0000,0.9806
211455,609,36,0.1000,0.00000500,0.0000,6.0195,561.3776,0.0000,0.9792
211456,1333,48,0.1000,0.00000500,0.0000,7.6215,596.9551,0.0000,0.9798
211457,302,24,0.1000,0.00000500,0.0000,4.7577,564.5017,0.0000,0.9922
211458,5857,117,0.1000,0.00000500,0.0000,6.0814,646.8089,0.0000,0.9789
211459,312,24,0.1000,0.00000500,0.0000,6.6401,544.6081,0.0000,0.9818
211460,589,42,0.1000,0.00000500,0.0000,6.3133,556.8141,0.0000,0.9792
211461,1616,66,0.1000,0.00000500,0.0000,4.6987,589.2075,0.0000,0.9839
211462,1084,42,0.1000,0.00000500,0.0000,5.4007,588.8076,0.0000,0.9747
211463,229,24,0.1000,0.00000500,0.0000,8.6259,542.5611,0.0000,0.9674
211464,555,27,0.1000,0.00000500,0.0000,3.9660,575.8479,0.0000,0.9803
211465,1821,54,0.1000,0.00000500,0.0000,4.6698,612.8400,0.0000,0.9844
211466,410,29,0.1000,0.00000500,0.0000,6.3761,557.3221,0.0000,0.9784
211467,2287,45,0.1000,0.00000500,0.0000,6.7167,644.3026,0.0000,0.9799
211468,380,24,0.1000,0.00000500,0.0000,4.5953,561.1491,0.0000,0.9818
211469,2599,63,0.1000,0.00000500,0.0000,4.5222,635.1749,0.0000,0.9856
211470,546,21,0.1000,0.00000500,0.0000,5.3792,583.6115,0.0000,0.9881
211471,1999,84,0.1000,0.00000500,0.0000,5.9472,589.0011,0.0000,0.9795
211472,618,41,0.1000,0.00000500,0.0000,6.2077,566.7440,0.0000,0.9771
211473,4658,113,0.1000,0.00000500,0.0000,5.0547,625.9838,0.0000,0.9798
211474,546,24,0.1000,0.00000500,0.0000,3.3549,576.0413,0.0000,0.9831
211475,1121,45,0.1000,0.00000500,0.0000,5.6123,591.5822,0.0000,0.9799
211476,286,18,0.1000,0.00000500,0.0000,9.3386,557.5529,0.0000,0.9774
211477,570,27,0.1000,0.00000500,0.0000,5.8712,581.0981,0.0000,0.9850
211478,241,20,0.1000,0.00000500,0.0000,5.5138,551.7328,0.0000,0.9875
211479,798,38,0.1000,0.00000500,0.0000,5.5007,580.8322,0.0000,0.9819
211480,130,15,0.1000,0.00000500,0.0000,6.8158,541.6449,0.0000,0.9771
211481,149,15,0.1000,0.00000500,0.0000,4.3011,537.0852,0.0000,0.9896
211482,701,36,0.1000,0.00000500,0.0000,5.8692,567.1772,0.0000,0.9783
211483,715,36,0.1000,0.00000500,0.0000,6.3230,577.6892,0.0000,0.9731
211484,302,21,0.1000,0.00000500,0.0000,4.0235,552.6515,0.0000,0.9792
211485,1549,63,0.1000,0.00000500,0.0000,4.3277,589.0721,0.0000,0.9826
211486,1116,39,0.1000,0.00000500,0.0000,4.5062,589.1545,0.0000,0.9816
211487,1322,40,0.1000,0.00000500,0.0000,5.6292,601.4312,0.0000,0.9742
211488,777,27,0.1000,0.00000500,0.0000,6.7595,592.6301,0.0000,0.9838
211489,230,18,0.1000,0.00000500,0.0000,5.7225,551.0414,0.0000,0.9861
211490,325,27,0.1000,0.00000500,0.0000,5.3549,549.2072,0.0000,0.9873
211491,1046,33,0.1000,0.00000500,0.0000,3.7546,601.6442,0.0000,0.9830
211492,607,33,0.1000,0.00000500,0.0000,5.0490,573.7649,0.0000,0.9839
211493,410,24,0.1000,0.00000500,0.0000,6.0804,580.5086,0.0000,0.9818
211494,1754,66,0.1000,0.00000500,0.0000,4.9769,597.3906,0.0000,0.9792
211495,788,30,0.1000,0.00000500,0.0000,4.8509,586.1701,0.0000,0.9833
211496,411,26,0.1000,0.00000500,0.0000,5.1867,559.3084,0.0000,0.9748
211497,1430,54,0.1000,0.00000500,0.0000,6.7160,600.3227,0.0000,0.9786
211498,1036,30,0.1000,0.00000500,0.0000,4.1089,605.8423,0.0000,0.9792
211499,146,12,0.1000,0.00000500,0.0000,7.4387,537.9355,0.0000,0.9792
211500,668,30,0.1000,0.00000500,0.0000,5.7074,587.8787,0.0000,0.9781
211501,349,21,0.1000,0.00000500,0.0000,4.7864,567.8586,0.0000,0.9881
211502,191,24,0.1000,0.00000500,0.0000,6.5302,538.4581,0.0000,0.9805
211503,386,24,0.1000,0.00000500,0.0000,8.3265,569.0261,0.0000,0.9753
211504,625,45,0.1000,0.00000500,0.0000,5.2004,557.9397,0.0000,0.9812
211505,927,43,0.1000,0.00000500,0.0000,4.9270,579.2493,0.0000,0.9811
211506,1221,51,0.1000,0.00000500,0.0000,5.2234,587.4284,0.0000,0.9828
211507,8932,107,0.1000,0.00000500,0.0000,4.5142,701.6321,0.0000,0.9801
211508,360,21,0.1000,0.00000500,0.0000,4.7996,577.5883,0.0000,0.9881
211509,859,35,0.1000,0.00000500,0.0000,8.9675,585.5497,0.0000,0.9804
211510,779,51,0.1000,0.00000500,0.0000,5.8493,565.3974,0.0000,0.9835
211511,3490,74,0.1000,0.00000500,0.0000,5.8767,641.2912,0.0000,0.9806
211512,1753,68,0.1000,0.00000500,0.0000,4.7980,592.8730,0.0000,0.9812
211513,827,42,0.1000,0.00000500,0.0000,5.2710,571.2913,0.0000,0.9829
211514,5488,114,0.1000,0.00000500,0.0000,5.0041,649.1198,0.0000,0.9794
211515,103,12,0.1000,0.00000500,0.0000,8.8573,530.0927,0.0000,0.9766
211516,475,30,0.1000,0.00000500,0.0000,5.1808,555.8333,0.0000,0.9875
211517,330,21,0.1000,0.00000500,0.0000,5.4509,557.9564,0.0000,0.9896
211518,7547,172,0.1000,0.00000500,0.0000,4.5562,633.3445,0.0000,0.9824
211519,1120,38,0.1000,0.00000500,0.0000,7.0204,603.1272,0.0000,0.9786
211520,105,17,0.1000,0.00000500,0.0000,8.8788,524.1165,0.0000,0.9688
211521,846,33,0.1000,0.00000500,0.0000,6.7388,583.1271,0.0000,0.9820
211522,268,24,0.1000,0.00000500,0.0000,4.6574,544.8198,0.0000,0.9818
211523,376,24,0.1000,0.00000500,0.0000,3.1262,556.3041,0.0000,0.9857
211524,914,39,0.1000,0.00000500,0.0000,4.6890,576.1159,0.0000,0.9808
211525,1202,45,0.1000,0.00000500,0.0000,6.9509,592.2685,0.0000,0.9764
211526,3014,67,0.1000,0.00000500,0.0000,5.0162,632.3035,0.0000,0.9851
211527,633,33,0.1000,0.00000500,0.0000,6.7335,576.8343,0.0000,0.9801
211528,3085,108,0.1000,0.00000500,0.0000,6.2728,596.9108,0.0000,0.9821
211529,539,21,0.1000,0.00000500,0.0000,6.1985,585.4605,0.0000,0.9807
211530,226,24,0.1000,0.00000500,0.0000,4.9328,540.2657,0.0000,0.9753
211531,1610,57,0.1000,0.00000500,0.0000,4.9360,593.0699,0.0000,0.9808
211532,303,24,0.1000,0.00000500,0.0000,5.1461,546.2227,0.0000,0.9818
211533,1990,63,0.1000,0.00000500,0.0000,5.3561,600.1829,0.0000,0.9802
211534,1981,78,0.1000,0.00000500,0.0000,4.8269,580.9360,0.0000,0.9812
211535,647,36,0.1000,0.00000500,0.0000,5.8166,574.5850,0.0000,0.9818
211536,493,31,0.1000,0.00000500,0.0000,5.3352,564.0337,0.0000,0.9859
211537,3248,81,0.1000,0.00000500,0.0000,6.4330,625.3903,0.0000,0.9769
211538,135,16,0.1000,0.00000500,0.0000,5.1248,534.0816,0.0000,0.9824
211539,239,21,0.1000,0.00000500,0.0000,4.3736,539.2418,0.0000,0.9777
211540,1540,42,0.1000,0.00000500,0.0000,5.9263,612.2969,0.0000,0.9792
211541,1347,54,0.1000,0.00000500,0.0000,6.0774,601.2130,0.0000,0.9803
211542,72,12,0.1000,0.00000500,0.0000,2.9678,525.8543,0.0000,0.9922
211543,60,13,0.1000,0.00000500,0.0000,9.9067,529.6304,0.0000,0.9736
211544,1335,54,0.1000,0.00000500,0.0000,4.8733,580.1272,0.0000,0.9826
211545,1695,69,0.1000,0.00000500,0.0000,5.0045,581.4219,0.0000,0.9832
211546,228,18,0.1000,0.00000500,0.0000,5.3853,551.0987,0.0000,0.9792
211547,831,39,0.1000,0.00000500,0.0000,7.1243,574.5654,0.0000,0.9784
211548,1217,54,0.1000,0.00000500,0.0000,5.5043,575.6329,0.0000,0.9786
211549,1720,63,0.1000,0.00000500,0.0000,4.5699,603.2696,0.0000,0.9807
211550,92,12,0.1000,0.00000500,0.0000,5.2735,532.5891,0.0000,0.9792
211551,2695,66,0.1000,0.00000500,0.0000,5.7209,618.6594,0.0000,0.9768
211552,2663,109,0.1000,0.00000500,0.0000,5.8939,590.0052,0.0000,0.9808
211553,1716,46,0.1000,0.00000500,0.0000,5.2738,630.5128,0.0000,0.9857
211554,61,9,0.1000,0.00000500,0.0000,7.3181,526.1225,0.0000,0.9826
211555,106,12,0.1000,0.00000500,0.0000,5.2163,531.8737,0.0000,0.9896
211556,455,24,0.1000,0.00000500,0.0000,8.0709,566.0260,0.0000,0.9818
211557,1760,72,0.1000,0.00000500,0.0000,5.4430,591.4048,0.0000,0.9779
211558,7854,159,0.1000,0.00000500,0.0000,6.0821,651.0244,0.0000,0.9794
211559,170,21,0.1000,0.00000500,0.0000,3.9743,535.5751,0.0000,0.9866
211560,211,15,0.1000,0.00000500,0.0000,4.3472,545.5170,0.0000,0.9854
211561,488,26,0.1000,0.00000500,0.0000,4.8626,564.9230,0.0000,0.9772
211562,638,33,0.1000,0.00000500,0.0000,4.6331,562.2976,0.0000,0.9801
211563,900,45,0.1000,0.00000500,0.0000,5.5518,579.7340,0.0000,0.9792
211564,284,21,0.1000,0.00000500,0.0000,4.1953,553.7844,0.0000,0.9866
211565,122,15,0.1000,0.00000500,0.0000,5.1332,542.1574,0.0000,0.9812
211566,187,20,0.1000,0.00000500,0.0000,4.8249,542.2865,0.0000,0.9797
211567,5987,105,0.1000,0.00000500,0.0000,6.7380,662.8719,0.0000,0.9786
211568,1493,67,0.1000,0.00000500,0.0000,3.7889,580.0874,0.0000,0.9869
211569,424,12,0.1000,0.00000500,0.0000,5.4894,559.6882,0.0000,0.9844
211570,782,36,0.1000,0.00000500,0.0000,6.1481,571.9441,0.0000,0.9757
211571,369,22,0.1000,0.00000500,0.0000,4.0826,555.3748,0.0000,0.9872
211572,1572,42,0.1000,0.00000500,0.0000,5.6228,618.3533,0.0000,0.9836
211573,1514,39,0.1000,0.00000500,0.0000,5.3646,616.6634,0.0000,0.9808
211574,370,27,0.1000,0.00000500,0.0000,5.7833,565.0571,0.0000,0.9826
211575,288,18,0.1000,0.00000500,0.0000,5.9991,559.8065,0.0000,0.9774
211576,4602,132,0.1000,0.00000500,0.0000,5.4331,611.5367,0.0000,0.9804
211577,454,24,0.1000,0.00000500,0.0000,5.4758,566.6921,0.0000,0.9805
211578,363,21,0.1000,0.00000500,0.0000,5.8767,558.7902,0.0000,0.9717
211579,203,21,0.1000,0.00000500,0.0000,5.2170,541.2359,0.0000,0.9896
211580,132,17,0.1000,0.00000500,0.0000,5.5575,531.3450,0.0000,0.9816
211581,1192,57,0.1000,0.00000500,0.0000,5.4353,572.4650,0.0000,0.9819
211582,3499,54,0.1000,0.00000500,0.0000,4.8498,662.7550,0.0000,0.9850
211583,177,18,0.1000,0.00000500,0.0000,4.2899,532.9633,0.0000,0.9757
211584,903,30,0.1000,0.00000500,0.0000,6.2372,595.6375,0.0000,0.9760
211585,760,42,0.1000,0.00000500,0.0000,6.0427,564.0407,0.0000,0.9814
211586,1773,69,0.1000,0.00000500,0.0000,6.6216,586.3995,0.0000,0.9801
211587,711,33,0.1000,0.00000500,0.0000,5.5303,570.9496,0.0000,0.9763
211588,3381,66,0.1000,0.00000500,0.0000,4.7150,643.3015,0.0000,0.9830
211589,1718,45,0.1000,0.00000500,0.0000,4.1722,636.7292,0.0000,0.9840
211590,3497,57,0.1000,0.00000500,0.0000,6.8040,664.0202,0.0000,0.9792
211591,121,15,0.1000,0.00000500,0.0000,4.7419,545.3486,0.0000,0.9875
211592,299,25,0.1000,0.00000500,0.0000,3.9959,547.9846,0.0000,0.9800
211593,60,10,0.1000,0.00000500,0.0000,4.6921,518.7490,0.0000,0.9781
211594,137,15,0.1000,0.00000500,0.0000,11.9339,535.9020,0.0000,0.9688
211595,130,16,0.1000,0.00000500,0.0000,2.9754,539.0631,0.0000,0.9863
211596,682,36,0.1000,0.00000500,0.0000,5.7483,561.2621,0.0000,0.9740
211597,223,24,0.1000,0.00000500,0.0000,5.1247,540.9154,0.0000,0.9883
211598,518,33,0.1000,0.00000500,0.0000,6.6333,558.1697,0.0000,0.9773
211599,475,33,0.1000,0.00000500,0.0000,6.1974,559.6611,0.0000,0.9858
211600,603,30,0.1000,0.00000500,0.0000,6.5368,574.4285,0.0000,0.9802
211601,189,15,0.1000,0.00000500,0.0000,3.8993,545.8734,0.0000,0.9854
211602,1528,51,0.1000,0.00000500,0.0000,5.5097,599.2323,0.0000,0.9859
211603,4986,102,0.1000,0.00000500,0.0000,5.7635,643.8077,0.0000,0.9755
211604,202,18,0.1000,0.00000500,0.0000,3.6205,539.3793,0.0000,0.9826
211605,479,34,0.1000,0.00000500,0.0000,4.7123,551.2933,0.0000,0.9862
211606,43,9,0.1000,0.00000500,0.0000,7.1738,522.5196,0.0000,0.9583
211607,370,21,0.1000,0.00000500,0.0000,3.2333,574.8606,0.0000,0.9881
211608,3438,60,0.1000,0.00000500,0.0000,5.6588,668.3000,0.0000,0.9849
211609,220,24,0.1000,0.00000500,0.0000,6.0263,538.8591,0.0000,0.9779
211610,93,15,0.1000,0.00000500,0.0000,8.0524,539.0016,0.0000,0.9729
211611,229,18,0.1000,0.00000500,0.0000,6.9893,550.8713,0.0000,0.9670
211612,2506,48,0.1000,0.00000500,0.0000,4.2629,647.4868,0.0000,0.9805
211613,68,12,0.1000,0.00000500,0.0000,3.9104,517.7360,0.0000,0.9740
211614,299,24,0.1000,0.00000500,0.0000,5.8705,557.6241,0.0000,0.9740
211615,1682,36,0.1000,0.00000500,0.0000,7.3879,621.6261,0.0000,0.9783
211616,573,27,0.1000,0.00000500,0.0000,7.1305,576.6859,0.0000,0.9780
211617,1949,63,0.1000,0.00000500,0.0000,5.4596,601.4703,0.0000,0.9807
211618,15935,160,0.1000,0.00000500,0.0000,5.7176,731.8227,0.0000,0.9805
211619,300,21,0.1000,0.00000500,0.0000,7.2587,558.8577,0.0000,0.9777
211620,4825,102,0.1000,0.00000500,0.0000,6.8101,634.3979,0.0000,0.9761
211621,83,12,0.1000,0.00000500,0.0000,5.6713,519.5882,0.0000,0.9740
211622,2035,79,0.1000,0.00000500,0.0000,6.0187,592.2055,0.0000,0.9747
211623,650,36,0.1000,0.00000500,0.0000,5.2214,560.6122,0.0000,0.9800
211624,3212,102,0.1000,0.00000500,0.0000,5.8634,612.7113,0.0000,0.9789
211625,314,26,0.1000,0.00000500,0.0000,5.1406,553.4799,0.0000,0.9832
211626,142,18,0.1000,0.00000500,0.0000,4.7605,537.4172,0.0000,0.9792
211627,677,30,0.1000,0.00000500,0.0000,6.5246,579.0673,0.0000,0.9760
211628,976,39,0.1000,0.00000500,0.0000,5.1911,590.6018,0.0000,0.9840
211629,426,24,0.1000,0.00000500,0.0000,6.6068,567.4229,0.0000,0.9844
211630,853,38,0.1000,0.00000500,0.0000,6.4625,582.3809,0.0000,0.9794
211631,50,11,0.1000,0.00000500,0.0000,4.2706,523.8799,0.0000,0.9858
211632,169,18,0.1000,0.00000500,0.0000,3.8518,541.6381,0.0000,0.9896
211633,1769,51,0.1000,0.00000500,0.0000,4.4903,616.3105,0.0000,0.9779
211634,155,14,0.1000,0.00000500,0.0000,3.6052,537.0786,0.0000,0.9844
211635,107,14,0.1000,0.00000500,0.0000,6.6099,516.5677,0.0000,0.9799
211636,1509,39,0.1000,0.00000500,0.0000,6.6723,613.0045,0.0000,0.9776
211637,733,36,0.1000,0.00000500,0.0000,4.1486,571.8470,0.0000,0.9818
211638,138,18,0.1000,0.00000500,0.0000,3.8367,530.2660,0.0000,0.9809
211639,312,24,0.1000,0.00000500,0.0000,6.3750,541.0103,0.0000,0.9805
211640,108,12,0.1000,0.00000500,0.0000,3.7855,534.2944,0.0000,0.9870
211641,12399,168,0.1000,0.00000500,0.0000,5.8571,693.4000,0.0000,0.9805
211642,329,30,0.1000,0.00000500,0.0000,3.7322,545.9947,0.0000,0.9823
211643,2090,63,0.1000,0.00000500,0.0000,6.2221,609.6516,0.0000,0.9762
211644,582,30,0.1000,0.00000500,0.0000,6.6976,565.9655,0.0000,0.9802
211645,134,18,0.1000,0.00000500,0.0000,7.9639,530.6440,0.0000,0.9792
211646,74,12,0.1000,0.00000500,0.0000,4.6609,531.8614,0.0000,0.9818
211647,1255,42,0.1000,0.00000500,0.0000,5.7941,598.3766,0.0000,0.9799
211648,219,18,0.1000,0.00000500,0.0000,6.4612,553.3822,0.0000,0.9844
211649,83,14,0.1000,0.00000500,0.0000,7.7117,530.2569,0.0000,0.9732
211650,1242,44,0.1000,0.00000500,0.0000,7.1986,604.9461,0.0000,0.9709
211651,1698,42,0.1000,0.00000500,0.0000,4.1867,619.9724,0.0000,0.9717
211652,849,42,0.1000,0.00000500,0.0000,5.7446,573.0769,0.0000,0.9762
211653,64,12,0.1000,0.00000500,0.0000,4.0620,515.3144,0.0000,0.9766
211654,406,24,0.1000,0.00000500,0.0000,6.0043,559.5127,0.0000,0.9766
211655,517,38,0.1000,0.00000500,0.0000,5.7235,552.9545,0.0000,0.9844
211656,2270,45,0.1000,0.00000500,0.0000,3.5346,640.9789,0.0000,0.9806
211657,119,14,0.1000,0.00000500,0.0000,5.1697,529.6963,0.0000,0.9799
211658,1339,36,0.1000,0.00000500,0.0000,8.0928,605.7095,0.0000,0.9766
211659,79,11,0.1000,0.00000500,0.0000,9.4934,524.8183,0.0000,0.9801
211660,1203,45,0.1000,0.00000500,0.0000,7.1808,588.7308,0.0000,0.9778
211661,351,27,0.1000,0.00000500,0.0000,6.2333,552.5758,0.0000,0.9861
211662,3485,57,0.1000,0.00000500,0.0000,4.6786,665.4454,0.0000,0.9808
211663,220,18,0.1000,0.00000500,0.0000,7.4280,551.4554,0.0000,0.9688
211664,374,22,0.1000,0.00000500,0.0000,5.1610,558.5285,0.0000,0.9787
211665,201,20,0.1000,0.00000500,0.0000,4.9547,537.7112,0.0000,0.9766
211666,754,39,0.1000,0.00000500,0.0000,6.5958,570.9316,0.0000,0.9768
211667,204,18,0.1000,0.00000500,0.0000,10.8604,543.3629,0.0000,0.9670
211668,181,21,0.1000,0.00000500,0.0000,5.3874,542.1649,0.0000,0.9717
211669,466,24,0.1000,0.00000500,0.0000,5.3868,577.4615,0.0000,0.9740
211670,857,37,0.1000,0.00000500,0.0000,5.4341,568.6026,0.0000,0.9848
211671,261,21,0.1000,0.00000500,0.0000,4.3905,546.5673,0.0000,0.9792
211672,297,21,0.1000,0.00000500,0.0000,4.6193,555.1658,0.0000,0.9792
211673,181,18,0.1000,0.00000500,0.0000,7.1094,543.0121,0.0000,0.9826
211674,1715,69,0.1000,0.00000500,0.0000,5.2866,581.3997,0.0000,0.9814
211675,452,34,0.1000,0.00000500,0.0000,6.9372,548.4083,0.0000,0.9761
211676,546,21,0.1000,0.00000500,0.0000,5.9717,579.0451,0.0000,0.9836
211677,331,27,0.1000,0.00000500,0.0000,4.7300,545.4570,0.0000,0.9873
211678,376,21,0.1000,0.00000500,0.0000,4.5697,554.6682,0.0000,0.9821
211679,324,30,0.1000,0.00000500,0.0000,6.4219,548.2793,0.0000,0.9740
211680,1856,64,0.1000,0.00000500,0.0000,6.1070,596.2157,0.0000,0.9785
211681,4860,129,0.1000,0.00000500,0.0000,6.3417,617.7416,0.0000,0.9818
211682,777,30,0.1000,0.00000500,0.0000,5.1474,580.8653,0.0000,0.9812
211683,67,9,0.1000,0.00000500,0.0000,5.2250,524.4828,0.0000,0.9757
211684,163,15,0.1000,0.00000500,0.0000,4.7931,544.3390,0.0000,0.9854
211685,272,24,0.1000,0.00000500,0.0000,5.8270,537.8252,0.0000,0.9818
211686,3756,66,0.1000,0.00000500,0.0000,5.5086,660.3171,0.0000,0.9796
211687,211,21,0.1000,0.00000500,0.0000,4.9905,542.0851,0.0000,0.9777
211688,3134,102,0.1000,0.00000500,0.0000,6.0999,600.1881,0.0000,0.9773
211689,116,15,0.1000,0.00000500,0.0000,7.5125,530.5545,0.0000,0.9729
211690,1533,67,0.1000,0.00000500,0.0000,6.7235,584.2718,0.0000,0.9748
211691,1635,48,0.1000,0.00000500,0.0000,6.4230,602.3900,0.0000,0.9746
211692,2249,53,0.1000,0.00000500,0.0000,5.3767,620.5810,0.0000,0.9764
211693,1410,54,0.1000,0.00000500,0.0000,6.1932,594.9226,0.0000,0.9803
211694,187,18,0.1000,0.00000500,0.0000,5.1240,544.0165,0.0000,0.9774
211695,560,27,0.1000,0.00000500,0.0000,5.0969,578.7016,0.0000,0.9780
211696,449,24,0.1000,0.00000500,0.0000,4.7837,565.3002,0.0000,0.9844
211697,687,36,0.1000,0.00000500,0.0000,7.7228,568.3196,0.0000,0.9731
211698,2915,69,0.1000,0.00000500,0.0000,6.1655,613.8613,0.0000,0.9823
211699,473,27,0.1000,0.00000500,0.0000,4.0055,567.8860,0.0000,0.9780
211700,180,18,0.1000,0.00000500,0.0000,5.2588,537.0491,0.0000,0.9826
211701,111,13,0.1000,0.00000500,0.0000,8.7309,531.7938,0.0000,0.9736
211702,1208,51,0.1000,0.00000500,0.0000,5.5169,582.6120,0.0000,0.9773
211703,371,21,0.1000,0.00000500,0.0000,6.1745,562.7447,0.0000,0.9747
211704,1092,48,0.1000,0.00000500,0.0000,6.8779,580.2128,0.0000,0.9746
211705,93,12,0.1000,0.00000500,0.0000,5.7892,528.7649,0.0000,0.9740
211706,449,27,0.1000,0.00000500,0.0000,2.5646,555.0656,0.0000,0.9850
211707,992,42,0.1000,0.00000500,0.0000,4.0300,574.5848,0.0000,0.9807
211708,2372,93,0.1000,0.00000500,0.0000,4.8362,582.4365,0.0000,0.9829
211709,604,30,0.1000,0.00000500,0.0000,6.7356,569.6302,0.0000,0.9771
211710,4145,69,0.1000,0.00000500,0.0000,4.5048,677.9332,0.0000,0.9823
211711,531,30,0.1000,0.00000500,0.0000,5.2760,563.9619,0.0000,0.9760
211712,624,37,0.1000,0.00000500,0.0000,4.3627,563.2295,0.0000,0.9840
211713,151,18,0.1000,0.00000500,0.0000,6.3821,532.5822,0.0000,0.9740
211714,159,19,0.1000,0.00000500,0.0000,6.6231,534.5877,0.0000,0.9786
211715,1350,36,0.1000,0.00000500,0.0000,4.0843,613.5436,0.0000,0.9844
211716,82,14,0.1000,0.00000500,0.0000,2.8236,518.3147,0.0000,0.9866
211717,599,27,0.1000,0.00000500,0.0000,6.6329,567.6665,0.0000,0.9792
211718,550,27,0.1000,0.00000500,0.0000,4.3862,575.7420,0.0000,0.9769
211719,482,30,0.1000,0.00000500,0.0000,4.8360,563.0245,0.0000,0.9885
211720,681,45,0.1000,0.00000500,0.0000,5.0670,561.1550,0.0000,0.9840
211721,131,18,0.1000,0.00000500,0.0000,4.6108,521.6148,0.0000,0.9809
211722,522,39,0.1000,0.00000500,0.0000,7.1891,554.6615,0.0000,0.9792
211723,359,18,0.1000,0.00000500,0.0000,6.6817,561.5319,0.0000,0.9861
211724,71,12,0.1000,0.00000500,0.0000,6.1055,519.6242,0.0000,0.9818
211725,2123,57,0.1000,0.00000500,0.0000,5.8727,616.7036,0.0000,0.9775
211726,175,18,0.1000,0.00000500,0.0000,5.7504,534.1832,0.0000,0.9861
211727,283,24,0.1000,0.00000500,0.0000,4.9976,547.1613,0.0000,0.9896
211728,2296,48,0.1000,0.00000500,0.0000,5.0408,641.2098,0.0000,0.9805
211729,357,33,0.1000,0.00000500,0.0000,5.8000,548.7841,0.0000,0.9830
211730,169,20,0.1000,0.00000500,0.0000,8.1765,541.3230,0.0000,0.9734
211731,1517,39,0.1000,0.00000500,0.0000,5.3013,617.0056,0.0000,0.9776
211732,304,27,0.1000,0.00000500,0.0000,6.4179,546.4038,0.0000,0.9734
211733,675,30,0.1000,0.00000500,0.0000,5.0802,568.2864,0.0000,0.9885
211734,718,36,0.1000,0.00000500,0.0000,7.4791,571.8512,0.0000,0.9774
211735,661,27,0.1000,0.00000500,0.0000,5.5835,590.4056,0.0000,0.9792
211736,2070,42,0.1000,0.00000500,0.0000,3.4521,633.7351,0.0000,0.9874
211737,168,17,0.1000,0.00000500,0.0000,7.8921,547.3334,0.0000,0.9724
211738,333,24,0.1000,0.00000500,0.0000,8.4180,546.9977,0.0000,0.9779
211739,290,27,0.1000,0.00000500,0.0000,5.4470,542.9990,0.0000,0.9792
211740,231,21,0.1000,0.00000500,0.0000,3.1097,536.8445,0.0000,0.9851
211741,938,40,0.1000,0.00000500,0.0000,5.9583,576.1574,0.0000,0.9742
211742,1092,45,0.1000,0.00000500,0.0000,5.3305,582.6745,0.0000,0.9812
211743,562,33,0.1000,0.00000500,0.0000,5.3953,562.2879,0.0000,0.9801
211744,596,36,0.1000,0.00000500,0.0000,6.2364,558.2004,0.0000,0.9731
211745,2585,54,0.1000,0.00000500,0.0000,6.2271,637.8819,0.0000,0.9751
211746,302,21,0.1000,0.00000500,0.0000,4.9337,553.2623,0.0000,0.9821
211747,134,18,0.1000,0.00000500,0.0000,6.6592,533.3135,0.0000,0.9722
211748,1472,69,0.1000,0.00000500,0.0000,4.2813,579.8285,0.0000,0.9805
211749,855,40,0.1000,0.00000500,0.0000,4.3503,569.7912,0.0000,0.9859
211750,946,48,0.1000,0.00000500,0.0000,4.7144,567.7003,0.0000,0.9850
211751,1786,50,0.1000,0.00000500,0.0000,3.9125,618.7577,0.0000,0.9781
211752,290,21,0.1000,0.00000500,0.0000,3.7749,548.5739,0.0000,0.9762
211753,715,27,0.1000,0.00000500,0.0000,4.5827,589.9584,0.0000,0.9803
211754,445,27,0.1000,0.00000500,0.0000,3.5454,554.4046,0.0000,0.9815
211755,4202,75,0.1000,0.00000500,0.0000,7.6684,655.1219,0.0000,0.9750
211756,382,27,0.1000,0.00000500,0.0000,5.3127,560.7135,0.0000,0.9734
211757,3806,117,0.1000,0.00000500,0.0000,5.6132,604.7381,0.0000,0.9802
211758,1625,54,0.1000,0.00000500,0.0000,6.4743,601.7937,0.0000,0.9786
211759,461,33,0.1000,0.00000500,0.0000,5.3354,553.7734,0.0000,0.9801
211760,604,30,0.1000,0.00000500,0.0000,4.4524,571.7672,0.0000,0.9771
211761,1305,54,0.1000,0.00000500,0.0000,6.6020,590.5963,0.0000,0.9803
211762,1339,36,0.1000,0.00000500,0.0000,6.3002,617.3612,0.0000,0.9696
211763,122,15,0.1000,0.00000500,0.0000,5.1645,531.5792,0.0000,0.9812
211764,83,12,0.1000,0.00000500,0.0000,2.5887,525.5368,0.0000,0.9818
211765,737,39,0.1000,0.00000500,0.0000,5.4450,565.8246,0.0000,0.9816
211766,362,21,0.1000,0.00000500,0.0000,4.6649,572.9320,0.0000,0.9821
211767,771,30,0.1000,0.00000500,0.0000,6.6608,580.7492,0.0000,0.9792
211768,4685,72,0.1000,0.00000500,0.0000,5.4442,670.5797,0.0000,0.9805
211769,6522,93,0.1000,0.00000500,0.0000,5.3288,682.3200,0.0000,0.9772
211770,2541,63,0.1000,0.00000500,0.0000,5.2692,617.3551,0.0000,0.9812
211771,120,12,0.1000,0.00000500,0.0000,4.5462,529.6454,0.0000,0.9792
211772,2602,63,0.1000,0.00000500,0.0000,7.2963,634.2489,0.0000,0.9787
211773,360,18,0.1000,0.00000500,0.0000,5.8798,561.4677,0.0000,0.9826
211774,1391,63,0.1000,0.00000500,0.0000,5.3023,580.0066,0.0000,0.9826
211775,1389,48,0.1000,0.00000500,0.0000,4.9797,594.1960,0.0000,0.9831
211776,716,36,0.1000,0.00000500,0.0000,5.4180,572.6294,0.0000,0.9774
211777,184,18,0.1000,0.00000500,0.0000,5.8308,537.8894,0.0000,0.9792
211778,2048,69,0.1000,0.00000500,0.0000,6.2610,594.0532,0.0000,0.9733
211779,850,33,0.1000,0.00000500,0.0000,6.0760,578.3845,0.0000,0.9848
211780,1723,60,0.1000,0.00000500,0.0000,6.2545,591.6549,0.0000,0.9750
211781,494,33,0.1000,0.00000500,0.0000,5.4709,554.3242,0.0000,0.9820
211782,2033,72,0.1000,0.00000500,0.0000,4.6272,596.7632,0.0000,0.9809
211783,1191,57,0.1000,0.00000500,0.0000,7.1024,574.0479,0.0000,0.9797
211784,21,6,0.1000,0.00000500,0.0000,7.5041,510.3578,0.0000,0.9844
211785,74,15,0.1000,0.00000500,0.0000,6.1238,524.8628,0.0000,0.9771
211786,1487,45,0.1000,0.00000500,0.0000,5.6591,598.5188,0.0000,0.9826
211787,655,35,0.1000,0.00000500,0.0000,6.4015,555.6611,0.0000,0.9768
211788,3799,87,0.1000,0.00000500,0.0000,5.0643,633.1339,0.0000,0.9767
211789,246,19,0.1000,0.00000500,0.0000,4.6522,547.1149,0.0000,0.9934
211790,846,48,0.1000,0.00000500,0.0000,5.8550,569.2668,0.0000,0.9753
211791,247,24,0.1000,0.00000500,0.0000,8.4864,541.8271,0.0000,0.9727
211792,1229,45,0.1000,0.00000500,0.0000,4.7714,590.0361,0.0000,0.9819
211793,1123,51,0.1000,0.00000500,0.0000,4.1623,574.1345,0.0000,0.9877
211794,106,11,0.1000,0.00000500,0.0000,4.5589,523.9537,0.0000,0.9858
211795,1130,55,0.1000,0.00000500,0.0000,3.7395,570.0299,0.0000,0.9801
211796,491,33,0.1000,0.00000500,0.0000,3.8606,557.3346,0.0000,0.9839
211797,1371,51,0.1000,0.00000500,0.0000,5.9182,587.2489,0.0000,0.9853
211798,1822,60,0.1000,0.00000500,0.0000,7.3188,603.7506,0.0000,0.9719
211799,317,24,0.1000,0.00000500,0.0000,6.1700,553.2760,0.0000,0.9727
211800,782,33,0.1000,0.00000500,0.0000,6.2943,588.4557,0.0000,0.9782
211801,479,30,0.1000,0.00000500,0.0000,9.7589,558.4791,0.0000,0.9677
211802,124,15,0.1000,0.00000500,0.0000,3.5270,536.2604,0.0000,0.9792
211803,53,9,0.1000,0.00000500,0.0000,5.1312,513.9091,0.0000,0.9861
211804,692,30,0.1000,0.00000500,0.0000,4.4406,580.9015,0.0000,0.9792
211805,685,36,0.1000,0.00000500,0.0000,5.5091,562.8662,0.0000,0.9792
211806,33,9,0.1000,0.00000500,0.0000,8.6226,509.5019,0.0000,0.9618
211807,2009,75,0.1000,0.00000500,0.0000,4.4890,591.8661,0.0000,0.9788
211808,639,32,0.1000,0.00000500,0.0000,7.6602,569.2829,0.0000,0.9688
211809,76,12,0.1000,0.00000500,0.0000,6.2225,517.6636,0.0000,0.9818
211810,274,23,0.1000,0.00000500,0.0000,3.8432,547.2524,0.0000,0.9769
211811,277,24,0.1000,0.00000500,0.0000,7.1471,543.1714,0.0000,0.9792
211812,1159,54,0.1000,0.00000500,0.0000,5.1898,573.7286,0.0000,0.9757
211813,55,12,0.1000,0.00000500,0.0000,7.1329,539.8123,0.0000,0.9635
211814,86,15,0.1000,0.00000500,0.0000,8.4335,521.8028,0.0000,0.9792
211815,453,21,0.1000,0.00000500,0.0000,7.5442,573.5021,0.0000,0.9747
211816,267,24,0.1000,0.00000500,0.0000,6.0871,545.1058,0.0000,0.9792
211817,422,27,0.1000,0.00000500,0.0000,6.0561,555.4114,0.0000,0.9815
211818,223,18,0.1000,0.00000500,0.0000,4.5624,543.5073,0.0000,0.9809
211819,996,39,0.1000,0.00000500,0.0000,4.6991,582.3125,0.0000,0.9800
211820,493,30,0.1000,0.00000500,0.0000,5.6057,561.3439,0.0000,0.9833
211821,345,27,0.1000,0.00000500,0.0000,5.6146,546.5060,0.0000,0.9792
211822,121,15,0.1000,0.00000500,0.0000,5.2877,535.9027,0.0000,0.9750
211823,898,57,0.1000,0.00000500,0.0000,5.7674,561.7852,0.0000,0.9786
211824,1693,57,0.1000,0.00000500,0.0000,4.9126,595.2336,0.0000,0.9786
211825,162,15,0.1000,0.00000500,0.0000,3.9056,534.5599,0.0000,0.9812
211826,393,27,0.1000,0.00000500,0.0000,5.1551,548.4208,0.0000,0.9850
211827,432,30,0.1000,0.00000500,0.0000,4.4624,552.3052,0.0000,0.9844
211828,1744,60,0.1000,0.00000500,0.0000,6.0733,589.3712,0.0000,0.9786
211829,900,45,0.1000,0.00000500,0.0000,5.0852,566.4039,0.0000,0.9868
211830,152,15,0.1000,0.00000500,0.0000,4.3750,536.9269,0.0000,0.9833
211831,2590,69,0.1000,0.00000500,0.0000,5.2836,611.3302,0.0000,0.9828
211832,902,48,0.1000,0.00000500,0.0000,4.2066,567.4792,0.0000,0.9759
211833,4982,72,0.1000,0.00000500,0.0000,6.4040,674.4522,0.0000,0.9744
211834,709,39,0.1000,0.00000500,0.0000,6.2537,568.2893,0.0000,0.9744
211835,1811,69,0.1000,0.00000500,0.0000,5.7483,583.9689,0.0000,0.9823
211836,44,9,0.1000,0.00000500,0.0000,7.2257,512.9957,0.0000,0.9792
211837,804,36,0.1000,0.00000500,0.0000,4.2436,570.8286,0.0000,0.9809
211838,436,31,0.1000,0.00000500,0.0000,3.8027,548.4220,0.0000,0.9718
211839,372,21,0.1000,0.00000500,0.0000,5.9752,559.2674,0.0000,0.9777
211840,236,21,0.1000,0.00000500,0.0000,4.0789,543.2649,0.0000,0.9702
211841,658,27,0.1000,0.00000500,0.0000,3.5619,583.1052,0.0000,0.9780
211842,35,8,0.1000,0.00000500,0.0000,4.4139,513.7224,0.0000,0.9883
211843,212,21,0.1000,0.00000500,0.0000,6.1342,533.8164,0.0000,0.9777
211844,80,12,0.1000,0.00000500,0.0000,4.1484,524.3638,0.0000,0.9844
211845,125,17,0.1000,0.00000500,0.0000,12.3770,534.0879,0.0000,0.9632
211846,427,24,0.1000,0.00000500,0.0000,8.5625,554.8689,0.0000,0.9779
211847,1052,36,0.1000,0.00000500,0.0000,4.4401,600.8216,0.0000,0.9809
211848,559,27,0.1000,0.00000500,0.0000,3.4901,572.0804,0.0000,0.9792
211849,795,30,0.1000,0.00000500,0.0000,5.2043,577.9312,0.0000,0.9740
211850,2275,45,0.1000,0.00000500,0.0000,4.3831,638.9601,0.0000,0.9854
211851,79,12,0.1000,0.00000500,0.0000,2.3050,523.7357,0.0000,0.9740
211852,723,39,0.1000,0.00000500,0.0000,7.1327,568.2869,0.0000,0.9792
211853,658,36,0.1000,0.00000500,0.0000,5.1562,556.5051,0.0000,0.9774
211854,378,24,0.1000,0.00000500,0.0000,3.5011,553.0274,0.0000,0.9818
211855,2306,64,0.1000,0.00000500,0.0000,5.3592,616.0616,0.0000,0.9756
211856,6706,108,0.1000,0.00000500,0.0000,5.1344,654.7742,0.0000,0.9792
211857,547,21,0.1000,0.00000500,0.0000,7.9152,578.5125,0.0000,0.9717
211858,776,45,0.1000,0.00000500,0.0000,6.1464,562.5817,0.0000,0.9792
211859,504,30,0.1000,0.00000500,0.0000,6.8839,555.9107,0.0000,0.9792
211860,265,24,0.1000,0.00000500,0.0000,6.6738,546.2912,0.0000,0.9792
211861,385,27,0.1000,0.00000500,0.0000,4.7923,550.4146,0.0000,0.9757
211862,193,21,0.1000,0.00000500,0.0000,5.6185,534.7568,0.0000,0.9792
211863,149,15,0.1000,0.00000500,0.0000,6.7622,528.2598,0.0000,0.9792
211864,534,36,0.1000,0.00000500,0.0000,4.5621,548.5139,0.0000,0.9766
211865,521,33,0.1000,0.00000500,0.0000,6.0501,552.1635,0.0000,0.9820
211866,6409,120,0.1000,0.00000500,0.0000,5.4998,647.4733,0.0000,0.9784
211867,4477,87,0.1000,0.00000500,0.0000,6.1196,650.6583,0.0000,0.9810
211868,509,30,0.1000,0.00000500,0.0000,8.1220,556.8003,0.0000,0.9740
211869,908,48,0.1000,0.00000500,0.0000,6.1755,562.6766,0.0000,0.9805
211870,252,21,0.1000,0.00000500,0.0000,7.7671,536.9158,0.0000,0.9688
211871,1523,42,0.1000,0.00000500,0.0000,5.5873,614.9914,0.0000,0.9740
211872,1899,45,0.1000,0.00000500,0.0000,5.5260,625.5098,0.0000,0.9792
211873,192,22,0.1000,0.00000500,0.0000,4.5113,529.8735,0.0000,0.9787
211874,832,45,0.1000,0.00000500,0.0000,7.6010,571.9495,0.0000,0.9750
211875,484,30,0.1000,0.00000500,0.0000,6.1227,567.2725,0.0000,0.9781
211876,286,18,0.1000,0.00000500,0.0000,3.1341,554.3298,0.0000,0.9809
211877,2836,60,0.1000,0.00000500,0.0000,5.5335,634.1349,0.0000,0.9792
211878,1307,57,0.1000,0.00000500,0.0000,5.7935,585.6597,0.0000,0.9814
211879,302,21,0.1000,0.00000500,0.0000,4.4312,550.2085,0.0000,0.9807
211880,811,33,0.1000,0.00000500,0.0000,5.9544,575.5102,0.0000,0.9820
211881,419,29,0.1000,0.00000500,0.0000,5.2787,550.6281,0.0000,0.9795
211882,1011,45,0.1000,0.00000500,0.0000,4.7224,577.6185,0.0000,0.9840
211883,312,24,0.1000,0.00000500,0.0000,6.4185,545.7375,0.0000,0.9753
211884,2787,102,0.1000,0.00000500,0.0000,5.0580,590.8786,0.0000,0.9773
211885,1686,39,0.1000,0.00000500,0.0000,5.3391,621.4785,0.0000,0.9816
211886,6912,102,0.1000,0.00000500,0.0000,5.1215,672.6213,0.0000,0.9819
211887,55,12,0.1000,0.00000500,0.0000,5.6514,519.5423,0.0000,0.9818
211888,311,24,0.1000,0.00000500,0.0000,3.5579,545.8043,0.0000,0.9844
211889,168,18,0.1000,0.00000500,0.0000,5.6675,528.6955,0.0000,0.9809
211890,1314,48,0.1000,0.00000500,0.0000,5.6109,588.1734,0.0000,0.9740
211891,108,18,0.1000,0.00000500,0.0000,4.4199,527.2464,0.0000,0.9688
211892,550,30,0.1000,0.00000500,0.0000,5.6178,555.8724,0.0000,0.9792
211893,7847,93,0.1000,0.00000500,0.0000,4.8021,695.5311,0.0000,0.9792
211894,294,23,0.1000,0.00000500,0.0000,8.3382,555.4101,0.0000,0.9796
211895,565,27,0.1000,0.00000500,0.0000,5.6971,570.8660,0.0000,0.9757
211896,2085,60,0.1000,0.00000500,0.0000,5.9016,605.7511,0.0000,0.9802
211897,1855,60,0.1000,0.00000500,0.0000,4.8008,603.6316,0.0000,0.9750
211898,75,9,0.1000,0.00000500,0.0000,4.8778,536.9226,0.0000,0.9792
211899,131,15,0.1000,0.00000500,0.0000,5.1782,527.0222,0.0000,0.9833
211900,1694,39,0.1000,0.00000500,0.0000,6.5518,626.0841,0.0000,0.9736
211901,820,33,0.1000,0.00000500,0.0000,8.1705,581.9270,0.0000,0.9735
211902,450,12,0.1000,0.00000500,0.0000,8.1312,551.1467,0.0000,0.9688
211903,58,12,0.1000,0.00000500,0.0000,6.8742,520.4761,0.0000,0.9792
211904,7581,120,0.1000,0.00000500,0.0000,5.5185,670.5772,0.0000,0.9799
211905,5393,96,0.1000,0.00000500,0.0000,5.0532,651.6934,0.0000,0.9785
211906,509,33,0.1000,0.00000500,0.0000,6.9184,563.3069,0.0000,0.9792
211907,1620,51,0.1000,0.00000500,0.0000,4.6049,591.9749,0.0000,0.9792
211908,75,12,0.1000,0.00000500,0.0000,6.1483,527.2419,0.0000,0.9870
211909,464,27,0.1000,0.00000500,0.0000,3.5999,561.4050,0.0000,0.9815
211910,2804,78,0.1000,0.00000500,0.0000,6.3753,609.3468,0.0000,0.9804
211911,211,24,0.1000,0.00000500,0.0000,5.5458,531.7097,0.0000,0.9883
211912,4044,78,0.1000,0.00000500,0.0000,5.2705,647.4053,0.0000,0.9792
211913,166,15,0.1000,0.00000500,0.0000,5.6694,543.9187,0.0000,0.9854
211914,3066,94,0.1000,0.00000500,0.0000,6.0937,596.2745,0.0000,0.9767
211915,118,15,0.1000,0.00000500,0.0000,8.5877,532.6395,0.0000,0.9750
211916,302,24,0.1000,0.00000500,0.0000,6.1287,550.6944,0.0000,0.9818
211917,157,15,0.1000,0.00000500,0.0000,4.7193,524.7742,0.0000,0.9729
211918,461,27,0.1000,0.00000500,0.0000,6.2721,562.0783,0.0000,0.9757
211919,86,12,0.1000,0.00000500,0.0000,5.7911,523.7030,0.0000,0.9818
211920,830,35,0.1000,0.00000500,0.0000,6.5377,579.0451,0.0000,0.9786
211921,207,21,0.1000,0.00000500,0.0000,6.2395,551.0027,0.0000,0.9807
211922,2456,54,0.1000,0.00000500,0.0000,3.8249,614.1631,0.0000,0.9815
211923,122,14,0.1000,0.00000500,0.0000,5.8935,530.4558,0.0000,0.9911
211924,49,9,0.1000,0.00000500,0.0000,2.9026,512.1308,0.0000,0.9826
211925,219,18,0.1000,0.00000500,0.0000,7.6565,545.0332,0.0000,0.9757
211926,2495,60,0.1000,0.00000500,0.0000,8.2514,623.1569,0.0000,0.9776
211927,526,36,0.1000,0.00000500,0.0000,5.8690,554.4757,0.0000,0.9800
211928,5054,105,0.1000,0.00000500,0.0000,5.5967,635.5618,0.0000,0.9768
211929,153,15,0.1000,0.00000500,0.0000,5.2078,544.0146,0.0000,0.9792
211930,646,24,0.1000,0.00000500,0.0000,4.9568,572.2655,0.0000,0.9831
211931,59,12,0.1000,0.00000500,0.0000,5.4124,524.7237,0.0000,0.9870
211932,182,18,0.1000,0.00000500,0.0000,3.8614,528.7429,0.0000,0.9861
211933,206,21,0.1000,0.00000500,0.0000,4.8147,535.4528,0.0000,0.9836
211934,4613,66,0.1000,0.00000500,0.0000,5.6104,669.0669,0.0000,0.9792
211935,1526,36,0.1000,0.00000500,0.0000,4.6911,620.8419,0.0000,0.9766
211936,288,18,0.1000,0.00000500,0.0000,5.7966,552.0221,0.0000,0.9757
211937,203,20,0.1000,0.00000500,0.0000,4.8551,534.8066,0.0000,0.9797
211938,712,33,0.1000,0.00000500,0.0000,7.5359,565.6663,0.0000,0.9782
211939,919,39,0.1000,0.00000500,0.0000,6.0311,577.8330,0.0000,0.9768
211940,461,21,0.1000,0.00000500,0.0000,5.9068,572.7504,0.0000,0.9717
211941,1171,39,0.1000,0.00000500,0.0000,4.3229,587.8553,0.0000,0.9832
211942,3029,72,0.1000,0.00000500,0.0000,5.4997,622.9030,0.0000,0.9813
211943,3511,78,0.1000,0.00000500,0.0000,5.6207,622.0138,0.0000,0.9748
211944,1540,54,0.1000,0.00000500,0.0000,5.7986,595.3060,0.0000,0.9780
211945,4686,120,0.1000,0.00000500,0.0000,5.4760,610.7100,0.0000,0.9805
211946,127,15,0.1000,0.00000500,0.0000,3.5866,529.5152,0.0000,0.9812
211947,2303,51,0.1000,0.00000500,0.0000,7.3633,628.5572,0.0000,0.9761
211948,1377,45,0.1000,0.00000500,0.0000,7.2980,584.2391,0.0000,0.9771
211949,123,15,0.1000,0.00000500,0.0000,5.1085,526.2231,0.0000,0.9854
211950,1171,33,0.1000,0.00000500,0.0000,4.9658,608.3340,0.0000,0.9725
211951,212,24,0.1000,0.00000500,0.0000,5.8017,532.0059,0.0000,0.9727
211952,135,21,0.1000,0.00000500,0.0000,5.6465,522.6606,0.0000,0.9807
211953,2562,63,0.1000,0.00000500,0.0000,6.2871,612.1323,0.0000,0.9752
211954,360,21,0.1000,0.00000500,0.0000,8.5797,551.9386,0.0000,0.9807
211955,1971,72,0.1000,0.00000500,0.0000,5.2404,587.0754,0.0000,0.9740
211956,443,31,0.1000,0.00000500,0.0000,5.7870,550.8220,0.0000,0.9778
211957,396,27,0.1000,0.00000500,0.0000,7.4849,555.9372,0.0000,0.9826
211958,498,33,0.1000,0.00000500,0.0000,5.6509,556.2324,0.0000,0.9782
211959,3637,69,0.1000,0.00000500,0.0000,5.1821,648.0501,0.0000,0.9778
211960,4014,144,0.1000,0.00000500,0.0000,5.8036,586.3315,0.0000,0.9816
211961,1527,66,0.1000,0.00000500,0.0000,5.5789,572.5493,0.0000,0.9749
211962,1028,36,0.1000,0.00000500,0.0000,4.4369,582.8290,0.0000,0.9766
211963,465,24,0.1000,0.00000500,0.0000,7.4066,565.3415,0.0000,0.9844
211964,2328,54,0.1000,0.00000500,0.0000,4.8363,617.9344,0.0000,0.9821
211965,174,18,0.1000,0.00000500,0.0000,4.7906,539.4773,0.0000,0.9913
211966,1365,57,0.1000,0.00000500,0.0000,5.7435,583.8752,0.0000,0.9786
211967,2095,72,0.1000,0.00000500,0.0000,6.0165,589.0948,0.0000,0.9818
211968,2370,51,0.1000,0.00000500,0.0000,5.8314,626.3788,0.0000,0.9828
211969,783,30,0.1000,0.00000500,0.0000,6.8514,581.5963,0.0000,0.9771
211970,1074,39,0.1000,0.00000500,0.0000,4.3663,587.3681,0.0000,0.9808
211971,353,30,0.1000,0.00000500,0.0000,5.7062,548.0206,0.0000,0.9812
211972,508,32,0.1000,0.00000500,0.0000,5.1163,555.7089,0.0000,0.9805
211973,224,21,0.1000,0.00000500,0.0000,6.3444,539.0820,0.0000,0.9807
211974,184,18,0.1000,0.00000500,0.0000,5.4279,537.6419,0.0000,0.9740
211975,4521,93,0.1000,0.00000500,0.0000,4.8946,632.6891,0.0000,0.9792
211976,298,25,0.1000,0.00000500,0.0000,3.6839,541.0175,0.0000,0.9862
211977,1594,62,0.1000,0.00000500,0.0000,4.6797,586.8624,0.0000,0.9788
211978,134,15,0.1000,0.00000500,0.0000,3.0043,533.1900,0.0000,0.9833
211979,263,24,0.1000,0.00000500,0.0000,7.0200,540.5345,0.0000,0.9779
211980,882,45,0.1000,0.00000500,0.0000,6.0719,567.1663,0.0000,0.9833
211981,975,39,0.1000,0.00000500,0.0000,5.3308,580.4499,0.0000,0.9752
211982,473,30,0.1000,0.00000500,0.0000,5.4649,550.5578,0.0000,0.9771
211983,429,30,0.1000,0.00000500,0.0000,4.2820,554.1595,0.0000,0.9792
211984,491,24,0.1000,0.00000500,0.0000,5.4259,558.8547,0.0000,0.9766
211985,55,12,0.1000,0.00000500,0.0000,5.1701,505.0792,0.0000,0.9870
211986,288,21,0.1000,0.00000500,0.0000,4.9679,548.1008,0.0000,0.9807
211987,2114,75,0.1000,0.00000500,0.0000,3.6612,588.7650,0.0000,0.9854
211988,1801,63,0.1000,0.00000500,0.0000,4.7509,588.3405,0.0000,0.9807
211989,7432,105,0.1000,0.00000500,0.0000,5.7438,673.8373,0.0000,0.9795
211990,1212,39,0.1000,0.00000500,0.0000,8.0791,588.2840,0.0000,0.9776
211991,218,15,0.1000,0.00000500,0.0000,4.5114,546.0034,0.0000,0.9875
211992,555,24,0.1000,0.00000500,0.0000,6.7686,568.4611,0.0000,0.9740
211993,230,18,0.1000,0.00000500,0.0000,5.5870,545.6407,0.0000,0.9688
211994,79,12,0.1000,0.00000500,0.0000,4.7011,526.8713,0.0000,0.9896
211995,2717,48,0.1000,0.00000500,0.0000,3.9922,656.9642,0.0000,0.9818
211996,1926,63,0.1000,0.00000500,0.0000,5.2819,586.1162,0.0000,0.9841
211997,4665,111,0.1000,0.00000500,0.0000,4.8585,621.3604,0.0000,0.9823
211998,685,30,0.1000,0.00000500,0.0000,4.4422,565.1918,0.0000,0.9792
211999,286,21,0.1000,0.00000500,0.0000,3.5414,547.3866,0.0000,0.9866
212000,957,45,0.1000,0.00000500,0.0000,4.7107,567.0981,0.0000,0.9792
212001,172,15,0.1000,0.00000500,0.0000,5.6210,534.8412,0.0000,0.9771
212002,427,30,0.1000,0.00000500,0.0000,5.4014,554.1356,0.0000,0.9781
212003,1355,39,0.1000,0.00000500,0.0000,5.6854,606.2730,0.0000,0.9808
212004,298,20,0.1000,0.00000500,0.0000,6.5149,546.1042,0.0000,0.9797
212005,255,24,0.1000,0.00000500,0.0000,5.6538,544.6293,0.0000,0.9714
212006,91,15,0.1000,0.00000500,0.0000,4.4111,518.5040,0.0000,0.9854
212007,815,33,0.1000,0.00000500,0.0000,4.2403,588.3330,0.0000,0.9877
212008,3685,126,0.1000,0.00000500,0.0000,5.1020,590.0015,0.0000,0.9839
212009,2301,72,0.1000,0.00000500,0.0000,4.9805,596.2867,0.0000,0.9783
212010,725,36,0.1000,0.00000500,0.0000,5.3505,559.8786,0.0000,0.9809
212011,230,21,0.1000,0.00000500,0.0000,5.3617,538.2953,0.0000,0.9747
212012,2183,66,0.1000,0.00000500,0.0000,5.5577,602.0062,0.0000,0.9744
212013,3065,60,0.1000,0.00000500,0.0000,5.6216,627.0145,0.0000,0.9776
212014,9069,129,0.1000,0.00000500,0.0000,5.2663,676.1982,0.0000,0.9780
212015,197,21,0.1000,0.00000500,0.0000,5.8656,529.8051,0.0000,0.9762
212016,295,21,0.1000,0.00000500,0.0000,7.0079,542.6494,0.0000,0.9792
212017,163,15,0.1000,0.00000500,0.0000,5.4023,535.0315,0.0000,0.9708
212018,46,9,0.1000,0.00000500,0.0000,7.7317,519.1312,0.0000,0.9757
212019,233,20,0.1000,0.00000500,0.0000,5.5879,536.1051,0.0000,0.9750
212020,1524,38,0.1000,0.00000500,0.0000,4.3467,614.2590,0.0000,0.9877
212021,1416,50,0.1000,0.00000500,0.0000,4.4064,589.9508,0.0000,0.9850
212022,680,42,0.1000,0.00000500,0.0000,5.9044,552.9209,0.0000,0.9836
212023,338,24,0.1000,0.00000500,0.0000,5.3624,547.8189,0.0000,0.9818
212024,1208,36,0.1000,0.00000500,0.0000,5.5775,602.1917,0.0000,0.9783
212025,428,27,0.1000,0.00000500,0.0000,5.0808,559.8400,0.0000,0.9769
212026,2038,51,0.1000,0.00000500,0.0000,7.5511,608.3693,0.0000,0.9786
212027,102,12,0.1000,0.00000500,0.0000,4.5237,520.7104,0.0000,0.9792
212028,2420,60,0.1000,0.00000500,0.0000,6.3046,612.2040,0.0000,0.9818
212029,660,27,0.1000,0.00000500,0.0000,6.1734,582.5949,0.0000,0.9757
212030,236,21,0.1000,0.00000500,0.0000,4.5074,544.3761,0.0000,0.9777
212031,214,21,0.1000,0.00000500,0.0000,5.8391,538.8568,0.0000,0.9732
212032,449,21,0.1000,0.00000500,0.0000,5.6391,561.2751,0.0000,0.9807
212033,3318,81,0.1000,0.00000500,0.0000,5.2082,623.8393,0.0000,0.9807
212034,25,6,0.1000,0.00000500,0.0000,5.4413,508.0843,0.0000,0.9688
212035,807,33,0.1000,0.00000500,0.0000,5.3819,570.8313,0.0000,0.9792
212036,816,39,0.1000,0.00000500,0.0000,4.0451,563.6994,0.0000,0.9808
212037,1301,33,0.1000,0.00000500,0.0000,6.5965,609.6540,0.0000,0.9773
212038,784,32,0.1000,0.00000500,0.0000,6.4822,599.3154,0.0000,0.9707
212039,160,14,0.1000,0.00000500,0.0000,6.4949,532.9354,0.0000,0.9821
212040,624,30,0.1000,0.00000500,0.0000,4.4911,565.4719,0.0000,0.9802
212041,30,6,0.1000,0.00000500,0.0000,4.9625,502.0964,0.0000,0.9583
212042,658,24,0.1000,0.00000500,0.0000,6.2377,579.6848,0.0000,0.9779
212043,5305,111,0.1000,0.00000500,0.0000,5.7278,621.4014,0.0000,0.9789
212044,2780,78,0.1000,0.00000500,0.0000,6.6485,604.6019,0.0000,0.9812
212045,236,24,0.1000,0.00000500,0.0000,5.7634,531.0124,0.0000,0.9831
212046,383,32,0.1000,0.00000500,0.0000,4.9407,547.0219,0.0000,0.9834
212047,958,36,0.1000,0.00000500,0.0000,4.7237,583.4518,0.0000,0.9818
212048,832,39,0.1000,0.00000500,0.0000,7.3577,566.3529,0.0000,0.9800
212049,190,21,0.1000,0.00000500,0.0000,4.8911,532.9169,0.0000,0.9777
212050,375,27,0.1000,0.00000500,0.0000,4.6226,539.5162,0.0000,0.9815
212051,217,15,0.1000,0.00000500,0.0000,6.0879,542.8202,0.0000,0.9875
212052,2891,111,0.1000,0.00000500,0.0000,6.7653,575.9178,0.0000,0.9766
212053,584,36,0.1000,0.00000500,0.0000,5.7697,553.2455,0.0000,0.9861
212054,47,9,0.1000,0.00000500,0.0000,6.6217,532.8068,0.0000,0.9826
212055,1957,69,0.1000,0.00000500,0.0000,6.1976,584.5648,0.0000,0.9728
212056,5034,108,0.1000,0.00000500,0.0000,6.1316,633.7793,0.0000,0.9766
212057,1151,57,0.1000,0.00000500,0.0000,6.2570,566.9549,0.0000,0.9764
212058,49,9,0.1000,0.00000500,0.0000,9.5494,522.0892,0.0000,0.9861
212059,2437,81,0.1000,0.00000500,0.0000,6.4815,596.6080,0.0000,0.9761
212060,133,18,0.1000,0.00000500,0.0000,7.1341,523.6548,0.0000,0.9826
212061,546,33,0.1000,0.00000500,0.0000,4.6183,555.6450,0.0000,0.9867
212062,723,39,0.1000,0.00000500,0.0000,5.6419,558.9357,0.0000,0.9792
212063,3278,78,0.1000,0.00000500,0.0000,7.9430,616.5528,0.0000,0.9700
212064,353,18,0.1000,0.00000500,0.0000,4.7979,549.7863,0.0000,0.9774
212065,1518,39,0.1000,0.00000500,0.0000,5.9040,616.9567,0.0000,0.9784
212066,44,9,0.1000,0.00000500,0.0000,5.4376,509.0447,0.0000,0.9757
212067,1755,69,0.1000,0.00000500,0.0000,5.4107,579.7954,0.0000,0.9737
212068,592,30,0.1000,0.00000500,0.0000,5.1731,561.7935,0.0000,0.9781
212069,556,27,0.1000,0.00000500,0.0000,7.1919,559.3268,0.0000,0.9803
212070,1120,45,0.1000,0.00000500,0.0000,5.4039,579.5138,0.0000,0.9785
212071,2065,57,0.1000,0.00000500,0.0000,5.8794,601.3167,0.0000,0.9770
212072,2323,48,0.1000,0.00000500,0.0000,5.4429,627.3970,0.0000,0.9779
212073,3921,150,0.1000,0.00000500,0.0000,5.1392,582.1377,0.0000,0.9800
212074,272,15,0.1000,0.00000500,0.0000,4.6501,554.6592,0.0000,0.9729
212075,289,21,0.1000,0.00000500,0.0000,7.8574,536.2697,0.0000,0.9762
212076,869,45,0.1000,0.00000500,0.0000,4.3971,564.3096,0.0000,0.9826
212077,1263,42,0.1000,0.00000500,0.0000,6.8760,602.7338,0.0000,0.9807
212078,1978,66,0.1000,0.00000500,0.0000,5.6909,593.0300,0.0000,0.9787
212079,622,36,0.1000,0.00000500,0.0000,4.2787,553.2122,0.0000,0.9835
212080,1808,42,0.1000,0.00000500,0.0000,5.1283,618.5826,0.0000,0.9814
212081,586,30,0.1000,0.00000500,0.0000,3.8209,558.5871,0.0000,0.9812
212082,315,27,0.1000,0.00000500,0.0000,6.3057,535.3745,0.0000,0.9757
212083,1012,54,0.1000,0.00000500,0.0000,6.6777,563.8093,0.0000,0.9780
212084,362,24,0.1000,0.00000500,0.0000,3.9956,552.2186,0.0000,0.9753
212085,1246,42,0.1000,0.00000500,0.0000,5.4903,588.8558,0.0000,0.9807
212086,160,18,0.1000,0.00000500,0.0000,6.1092,529.7267,0.0000,0.9740
212087,867,42,0.1000,0.00000500,0.0000,4.5612,566.7761,0.0000,0.9821
212088,864,39,0.1000,0.00000500,0.0000,5.5574,565.8394,0.0000,0.9776
212089,825,33,0.1000,0.00000500,0.0000,4.4932,577.0664,0.0000,0.9858
212090,1710,45,0.1000,0.00000500,0.0000,6.5933,614.3280,0.0000,0.9750
212091,2732,51,0.1000,0.00000500,0.0000,5.2359,639.2394,0.0000,0.9755
212092,332,24,0.1000,0.00000500,0.0000,4.1506,544.5566,0.0000,0.9818
212093,153,16,0.1000,0.00000500,0.0000,3.8609,533.9003,0.0000,0.9824
212094,652,24,0.1000,0.00000500,0.0000,6.5589,571.7512,0.0000,0.9844
212095,288,21,0.1000,0.00000500,0.0000,5.5670,542.4693,0.0000,0.9717
212096,2899,84,0.1000,0.00000500,0.0000,4.0024,594.9636,0.0000,0.9825
212097,2734,87,0.1000,0.00000500,0.0000,5.7887,595.9384,0.0000,0.9781
212098,2731,105,0.1000,0.00000500,0.0000,6.1381,577.1394,0.0000,0.9815
212099,189,18,0.1000,0.00000500,0.0000,4.2337,528.9178,0.0000,0.9809
212100,330,24,0.1000,0.00000500,0.0000,6.0391,541.1273,0.0000,0.9714
212101,783,30,0.1000,0.00000500,0.0000,6.3430,582.5671,0.0000,0.9698
212102,479,30,0.1000,0.00000500,0.0000,7.1818,560.3922,0.0000,0.9823
212103,1014,48,0.1000,0.00000500,0.0000,5.1376,559.6952,0.0000,0.9792
212104,2338,78,0.1000,0.00000500,0.0000,5.8866,583.2981,0.0000,0.9760
212105,34,6,0.1000,0.00000500,0.0000,3.3633,507.2653,0.0000,0.9792
212106,3136,66,0.1000,0.00000500,0.0000,5.6619,622.5946,0.0000,0.9792
212107,49,9,0.1000,0.00000500,0.0000,6.5195,514.6323,0.0000,0.9826
212108,1095,52,0.1000,0.00000500,0.0000,6.4520,561.7248,0.0000,0.9814
212109,116,14,0.1000,0.00000500,0.0000,5.2744,520.8737,0.0000,0.9710
212110,520,33,0.1000,0.00000500,0.0000,4.2762,540.7236,0.0000,0.9848
212111,568,33,0.1000,0.00000500,0.0000,5.4040,555.6939,0.0000,0.9830
212112,2128,48,0.1000,0.00000500,0.0000,5.6536,610.6834,0.0000,0.9772
212113,232,21,0.1000,0.00000500,0.0000,5.1998,535.6744,0.0000,0.9851
212114,93,15,0.1000,0.00000500,0.0000,5.5637,517.9831,0.0000,0.9688
212115,1531,42,0.1000,0.00000500,0.0000,7.0330,609.1416,0.0000,0.9784
212116,2540,51,0.1000,0.00000500,0.0000,5.8456,634.0855,0.0000,0.9822
212117,8552,87,0.1000,0.00000500,0.0000,4.7477,714.0043,0.0000,0.9799
212118,6446,108,0.1000,0.00000500,0.0000,4.4132,646.0656,0.0000,0.9823
212119,2293,45,0.1000,0.00000500,0.0000,4.8707,635.8897,0.0000,0.9847
212120,1156,54,0.1000,0.00000500,0.0000,4.9330,566.0092,0.0000,0.9832
212121,437,33,0.1000,0.00000500,0.0000,5.5392,545.2021,0.0000,0.9792
212122,430,27,0.1000,0.00000500,0.0000,4.3819,549.1826,0.0000,0.9803
212123,375,24,0.1000,0.00000500,0.0000,4.6469,559.0885,0.0000,0.9844
212124,3489,57,0.1000,0.00000500,0.0000,5.9422,663.0338,0.0000,0.9841
212125,381,26,0.1000,0.00000500,0.0000,4.7169,549.6423,0.0000,0.9796
212126,83,15,0.1000,0.00000500,0.0000,4.9635,519.4485,0.0000,0.9896
212127,343,27,0.1000,0.00000500,0.0000,5.3812,536.7810,0.0000,0.9826
212128,336,24,0.1000,0.00000500,0.0000,6.4292,547.7334,0.0000,0.9831
212129,1781,48,0.1000,0.00000500,0.0000,5.2790,603.2584,0.0000,0.9772
212130,920,33,0.1000,0.00000500,0.0000,5.9067,581.9069,0.0000,0.9830
212131,92,12,0.1000,0.00000500,0.0000,3.5522,522.3001,0.0000,0.9896
212132,156,15,0.1000,0.00000500,0.0000,7.3446,533.1668,0.0000,0.9729
212133,140,18,0.1000,0.00000500,0.0000,5.1772,526.7441,0.0000,0.9826
212134,122,21,0.1000,0.00000500,0.0000,3.9001,518.3606,0.0000,0.9836
212135,910,33,0.1000,0.00000500,0.0000,6.6935,580.3589,0.0000,0.9848
212136,866,35,0.1000,0.00000500,0.0000,3.9616,564.0917,0.0000,0.9821
212137,541,26,0.1000,0.00000500,0.0000,6.0366,561.6694,0.0000,0.9748
212138,3629,72,0.1000,0.00000500,0.0000,7.0060,634.9011,0.0000,0.9757
212139,793,34,0.1000,0.00000500,0.0000,5.4312,578.6614,0.0000,0.9825
212140,1196,47,0.1000,0.00000500,0.0000,6.3854,582.6089,0.0000,0.9754
212141,1356,39,0.1000,0.00000500,0.0000,7.4222,604.5139,0.0000,0.9752
212142,4122,114,0.1000,0.00000500,0.0000,5.7296,609.5171,0.0000,0.9764
212143,1428,54,0.1000,0.00000500,0.0000,4.4768,578.6528,0.0000,0.9826
212144,1777,54,0.1000,0.00000500,0.0000,5.2903,590.7879,0.0000,0.9769
212145,276,18,0.1000,0.00000500,0.0000,6.0050,545.0440,0.0000,0.9774
212146,23,6,0.1000,0.00000500,0.0000,5.8842,502.0464,0.0000,0.9583
212147,662,36,0.1000,0.00000500,0.0000,4.8371,560.3196,0.0000,0.9774
212148,1179,39,0.1000,0.00000500,0.0000,6.1011,587.9814,0.0000,0.9784
212149,5277,108,0.1000,0.00000500,0.0000,5.3964,618.1094,0.0000,0.9766
212150,174,18,0.1000,0.00000500,0.0000,6.6180,523.1427,0.0000,0.9774
212151,916,33,0.1000,0.00000500,0.0000,5.6519,587.5773,0.0000,0.9697
212152,240,19,0.1000,0.00000500,0.0000,4.4117,546.0469,0.0000,0.9803
212153,3006,75,0.1000,0.00000500,0.0000,6.8907,621.6923,0.0000,0.9775
212154,48,11,0.1000,0.00000500,0.0000,8.3018,504.1509,0.0000,0.9773
212155,1354,39,0.1000,0.00000500,0.0000,5.0558,605.5663,0.0000,0.9760
212156,1890,45,0.1000,0.00000500,0.0000,4.7802,633.7521,0.0000,0.9833
212157,909,30,0.1000,0.00000500,0.0000,5.6283,575.2787,0.0000,0.9771
212158,50,9,0.1000,0.00000500,0.0000,3.4363,503.1880,0.0000,0.9931
212159,3761,69,0.1000,0.00000500,0.0000,6.0287,639.0040,0.0000,0.9792
212160,868,36,0.1000,0.00000500,0.0000,6.8413,567.1286,0.0000,0.9818
212161,715,39,0.1000,0.00000500,0.0000,8.2881,556.4286,0.0000,0.9784
212162,115,15,0.1000,0.00000500,0.0000,6.9161,522.1192,0.0000,0.9771
212163,368,24,0.1000,0.00000500,0.0000,5.5654,549.6369,0.0000,0.9779
212164,157,18,0.1000,0.00000500,0.0000,7.5337,521.5550,0.0000,0.9774
212165,342,27,0.1000,0.00000500,0.0000,5.5119,537.1056,0.0000,0.9838
212166,3758,57,0.1000,0.00000500,0.0000,5.1227,649.2535,0.0000,0.9819
212167,2463,63,0.1000,0.00000500,0.0000,6.1164,600.8563,0.0000,0.9802
212168,465,33,0.1000,0.00000500,0.0000,3.8209,544.2560,0.0000,0.9763
212169,1189,42,0.1000,0.00000500,0.0000,6.2505,578.6815,0.0000,0.9754
212170,269,23,0.1000,0.00000500,0.0000,6.0099,535.4731,0.0000,0.9851
212171,815,35,0.1000,0.00000500,0.0000,5.1399,572.0657,0.0000,0.9795
212172,52,12,0.1000,0.00000500,0.0000,5.0873,515.3379,0.0000,0.9766
212173,1042,31,0.1000,0.00000500,0.0000,7.5834,590.5968,0.0000,0.9758
212174,1964,51,0.1000,0.00000500,0.0000,4.7016,603.4438,0.0000,0.9749
212175,2759,66,0.1000,0.00000500,0.0000,5.9442,609.7595,0.0000,0.9853
212176,1589,67,0.1000,0.00000500,0.0000,6.4031,571.1055,0.0000,0.9795
212177,60,12,0.1000,0.00000500,0.0000,3.0116,516.5741,0.0000,0.9818
212178,459,26,0.1000,0.00000500,0.0000,4.4451,557.6794,0.0000,0.9880
212179,380,24,0.1000,0.00000500,0.0000,4.9069,552.3031,0.0000,0.9792
212180,4417,96,0.1000,0.00000500,0.0000,4.8770,628.0021,0.0000,0.9785
212181,420,27,0.1000,0.00000500,0.0000,7.7259,553.4777,0.0000,0.9711
212182,2415,93,0.1000,0.00000500,0.0000,6.2369,577.5993,0.0000,0.9815
212183,829,48,0.1000,0.00000500,0.0000,5.1509,553.1697,0.0000,0.9844
212184,1476,63,0.1000,0.00000500,0.0000,4.5613,571.8125,0.0000,0.9797
212185,116,15,0.1000,0.00000500,0.0000,4.9048,514.8776,0.0000,0.9750
212186,89,12,0.1000,0.00000500,0.0000,6.6915,514.7811,0.0000,0.9740
212187,211,24,0.1000,0.00000500,0.0000,9.1400,534.7109,0.0000,0.9701
212188,850,45,0.1000,0.00000500,0.0000,4.7520,559.3565,0.0000,0.9812
212189,241,21,0.1000,0.00000500,0.0000,6.1791,532.1241,0.0000,0.9717
212190,3191,75,0.1000,0.00000500,0.0000,7.1149,617.9244,0.0000,0.9796
212191,2852,81,0.1000,0.00000500,0.0000,6.7083,610.6637,0.0000,0.9780
212192,1585,45,0.1000,0.00000500,0.0000,3.9760,595.8107,0.0000,0.9681
212193,7027,99,0.1000,0.00000500,0.0000,6.3287,673.6727,0.0000,0.9785
212194,415,24,0.1000,0.00000500,0.0000,4.9277,554.9400,0.0000,0.9870
212195,491,39,0.1000,0.00000500,0.0000,3.2043,540.4052,0.0000,0.9832
212196,129,15,0.1000,0.00000500,0.0000,6.1571,520.7626,0.0000,0.9771
212197,6956,96,0.1000,0.00000500,0.0000,5.2796,666.8732,0.0000,0.9785
212198,418,26,0.1000,0.00000500,0.0000,3.6391,546.0363,0.0000,0.9796
212199,129,15,0.1000,0.00000500,0.0000,3.2064,525.4489,0.0000,0.9833
212200,694,24,0.1000,0.00000500,0.0000,4.7495,564.0999,0.0000,0.9844
212201,165,14,0.1000,0.00000500,0.0000,8.8294,532.6246,0.0000,0.9777
212202,6872,108,0.1000,0.00000500,0.0000,5.0851,661.0890,0.0000,0.9829
212203,172,18,0.1000,0.00000500,0.0000,4.6993,527.5172,0.0000,0.9792
212204,2529,66,0.1000,0.00000500,0.0000,5.6104,602.6794,0.0000,0.9801
212205,2832,78,0.1000,0.00000500,0.0000,4.4778,604.9808,0.0000,0.9812
212206,279,16,0.1000,0.00000500,0.0000,4.4566,543.5209,0.0000,0.9668
212207,276,30,0.1000,0.00000500,0.0000,5.2150,535.0631,0.0000,0.9729
212208,159,18,0.1000,0.00000500,0.0000,9.2573,526.6668,0.0000,0.9653
212209,869,36,0.1000,0.00000500,0.0000,4.5390,573.9261,0.0000,0.9826
212210,379,27,0.1000,0.00000500,0.0000,4.9915,549.3137,0.0000,0.9838
212211,5953,121,0.1000,0.00000500,0.0000,5.9685,636.3607,0.0000,0.9786
212212,1551,63,0.1000,0.00000500,0.0000,5.0269,580.1167,0.0000,0.9777
212213,1039,42,0.1000,0.00000500,0.0000,3.9007,572.8635,0.0000,0.9769
212214,56,12,0.1000,0.00000500,0.0000,6.1307,513.6851,0.0000,0.9740
212215,458,24,0.1000,0.00000500,0.0000,6.1347,559.7456,0.0000,0.9779
212216,2245,66,0.1000,0.00000500,0.0000,6.1064,586.6807,0.0000,0.9782
212217,776,30,0.1000,0.00000500,0.0000,5.0163,576.5227,0.0000,0.9865
212218,68,9,0.1000,0.00000500,0.0000,5.3843,516.1595,0.0000,0.9826
212219,1231,42,0.1000,0.00000500,0.0000,5.1684,583.7422,0.0000,0.9754
212220,3514,87,0.1000,0.00000500,0.0000,6.3448,616.4501,0.0000,0.9770
212221,500,29,0.1000,0.00000500,0.0000,6.9073,566.2104,0.0000,0.9849
212222,596,27,0.1000,0.00000500,0.0000,2.8539,565.9714,0.0000,0.9780
212223,2316,57,0.1000,0.00000500,0.0000,4.3886,613.6489,0.0000,0.9797
212224,2094,69,0.1000,0.00000500,0.0000,4.6416,584.2181,0.0000,0.9760
212225,295,21,0.1000,0.00000500,0.0000,6.6296,549.0160,0.0000,0.9732
212226,710,39,0.1000,0.00000500,0.0000,5.3822,549.8979,0.0000,0.9776
212227,224,18,0.1000,0.00000500,0.0000,5.3843,538.4653,0.0000,0.9653
212228,1210,36,0.1000,0.00000500,0.0000,5.7662,588.5008,0.0000,0.9740
212229,724,44,0.1000,0.00000500,0.0000,6.7247,553.4761,0.0000,0.9801
212230,1496,36,0.1000,0.00000500,0.0000,5.9203,612.2432,0.0000,0.9818
212231,7777,90,0.1000,0.00000500,0.0000,4.8619,696.1750,0.0000,0.9788
212232,131,15,0.1000,0.00000500,0.0000,2.8819,528.6945,0.0000,0.9854
212233,229,17,0.1000,0.00000500,0.0000,8.2834,545.4603,0.0000,0.9761
212234,2547,48,0.1000,0.00000500,0.0000,4.7254,626.3838,0.0000,0.9798
212235,545,36,0.1000,0.00000500,0.0000,6.0213,554.9922,0.0000,0.9757
212236,4262,137,0.1000,0.00000500,0.0000,5.2049,593.2071,0.0000,0.9767
212237,4807,90,0.1000,0.00000500,0.0000,5.8293,639.1616,0.0000,0.9812
212238,375,24,0.1000,0.00000500,0.0000,2.9712,539.6269,0.0000,0.9870
212239,2149,72,0.1000,0.00000500,0.0000,5.8749,588.1416,0.0000,0.9770
212240,23,6,0.1000,0.00000500,0.0000,4.9270,502.5614,0.0000,0.9844
212241,1330,54,0.1000,0.00000500,0.0000,5.1107,566.7207,0.0000,0.9792
212242,1179,36,0.1000,0.00000500,0.0000,6.0647,595.4139,0.0000,0.9748
212243,447,21,0.1000,0.00000500,0.0000,5.1144,554.6977,0.0000,0.9777
212244,251,24,0.1000,0.00000500,0.0000,4.4044,533.7110,0.0000,0.9753
212245,788,36,0.1000,0.00000500,0.0000,5.3712,557.3431,0.0000,0.9792
212246,205,21,0.1000,0.00000500,0.0000,7.9557,526.7673,0.0000,0.9688
212247,7250,129,0.1000,0.00000500,0.0000,5.6920,630.0672,0.0000,0.9787
212248,3030,93,0.1000,0.00000500,0.0000,4.3425,590.6334,0.0000,0.9782
212249,126,18,0.1000,0.00000500,0.0000,5.9390,517.1358,0.0000,0.9792
212250,58,12,0.1000,0.00000500,0.0000,3.7189,515.2926,0.0000,0.9714
212251,51,9,0.1000,0.00000500,0.0000,4.8243,510.0273,0.0000,0.9688
212252,900,30,0.1000,0.00000500,0.0000,5.6783,572.6868,0.0000,0.9750
212253,1766,69,0.1000,0.00000500,0.0000,5.3517,572.5612,0.0000,0.9774
212254,757,45,0.1000,0.00000500,0.0000,5.5165,548.2992,0.0000,0.9826
212255,551,24,0.1000,0.00000500,0.0000,4.4319,585.3765,0.0000,0.9779
212256,2088,51,0.1000,0.00000500,0.0000,5.3704,611.0406,0.0000,0.9810
212257,473,27,0.1000,0.00000500,0.0000,5.8133,551.3361,0.0000,0.9792
212258,177,18,0.1000,0.00000500,0.0000,5.1675,526.9627,0.0000,0.9757
212259,307,24,0.1000,0.00000500,0.0000,4.7173,535.2220,0.0000,0.9831
212260,39,9,0.1000,0.00000500,0.0000,4.8268,495.8207,0.0000,0.9861
212261,3882,69,0.1000,0.00000500,0.0000,5.5356,641.8086,0.0000,0.9755
212262,323,27,0.1000,0.00000500,0.0000,5.9813,544.3348,0.0000,0.9780
212263,501,28,0.1000,0.00000500,0.0000,3.0418,562.3760,0.0000,0.9799
212264,356,27,0.1000,0.00000500,0.0000,5.4007,540.3679,0.0000,0.9826
212265,340,27,0.1000,0.00000500,0.0000,6.6589,532.8465,0.0000,0.9745
212266,870,39,0.1000,0.00000500,0.0000,4.3550,566.2524,0.0000,0.9856
212267,99,15,0.1000,0.00000500,0.0000,7.4749,519.9120,0.0000,0.9896
212268,570,27,0.1000,0.00000500,0.0000,5.2364,570.5968,0.0000,0.9757
212269,1760,60,0.1000,0.00000500,0.0000,5.6137,587.6747,0.0000,0.9792
212270,1540,45,0.1000,0.00000500,0.0000,3.9574,597.9950,0.0000,0.9812
212271,4301,147,0.1000,0.00000500,0.0000,5.5056,585.8910,0.0000,0.9787
212272,1527,39,0.1000,0.00000500,0.0000,4.7258,599.0402,0.0000,0.9816
212273,589,33,0.1000,0.00000500,0.0000,6.7554,546.0402,0.0000,0.9801
212274,79,15,0.1000,0.00000500,0.0000,3.3878,515.0532,0.0000,0.9750
212275,124,16,0.1000,0.00000500,0.0000,6.4298,521.9569,0.0000,0.9766
212276,4124,99,0.1000,0.00000500,0.0000,5.3513,603.7376,0.0000,0.9770
212277,301,21,0.1000,0.00000500,0.0000,4.8413,539.9929,0.0000,0.9732
212278,523,30,0.1000,0.00000500,0.0000,3.7941,552.6571,0.0000,0.9844
212279,359,27,0.1000,0.00000500,0.0000,4.1505,538.7475,0.0000,0.9769
212280,465,36,0.1000,0.00000500,0.0000,4.5360,538.6231,0.0000,0.9861
212281,471,27,0.1000,0.00000500,0.0000,4.8575,549.2748,0.0000,0.9884
212282,76,12,0.1000,0.00000500,0.0000,4.0476,545.4140,0.0000,0.9818
212283,538,30,0.1000,0.00000500,0.0000,6.8124,552.7234,0.0000,0.9781
212284,3419,81,0.1000,0.00000500,0.0000,5.0427,609.3370,0.0000,0.9784
212285,1194,36,0.1000,0.00000500,0.0000,4.9120,596.2362,0.0000,0.9757
212286,1201,57,0.1000,0.00000500,0.0000,4.0565,567.7966,0.0000,0.9764
212287,68,12,0.1000,0.00000500,0.0000,4.6320,507.1327,0.0000,0.9948
212288,472,32,0.1000,0.00000500,0.0000,4.5915,544.4440,0.0000,0.9834
212289,365,21,0.1000,0.00000500,0.0000,7.3100,559.2837,0.0000,0.9792
212290,885,42,0.1000,0.00000500,0.0000,6.7297,557.7792,0.0000,0.9762
212291,70,12,0.1000,0.00000500,0.0000,4.4897,515.7292,0.0000,0.9844
212292,3217,54,0.1000,0.00000500,0.0000,4.7848,645.9120,0.0000,0.9821
212293,574,30,0.1000,0.00000500,0.0000,6.0540,566.2880,0.0000,0.9698
212294,197,15,0.1000,0.00000500,0.0000,4.6618,532.2139,0.0000,0.9896
212295,3157,65,0.1000,0.00000500,0.0000,3.9884,630.6177,0.0000,0.9760
212296,1796,60,0.1000,0.00000500,0.0000,5.8216,576.3271,0.0000,0.9818
212297,546,24,0.1000,0.00000500,0.0000,7.7459,568.8877,0.0000,0.9792
212298,3368,75,0.1000,0.00000500,0.0000,5.0429,620.8137,0.0000,0.9846
212299,33,8,0.1000,0.00000500,0.0000,4.1294,498.5304,0.0000,0.9883
212300,910,36,0.1000,0.00000500,0.0000,6.4811,573.5447,0.0000,0.9792
212301,2946,51,0.1000,0.00000500,0.0000,5.8383,638.9254,0.0000,0.9792
212302,238,21,0.1000,0.00000500,0.0000,5.4019,531.3638,0.0000,0.9777
212303,603,30,0.1000,0.00000500,0.0000,4.1911,557.3306,0.0000,0.9677
212304,151,17,0.1000,0.00000500,0.0000,2.9350,520.9105,0.0000,0.9798
212305,119,15,0.1000,0.00000500,0.0000,4.7655,522.7605,0.0000,0.9896
212306,176,21,0.1000,0.00000500,0.0000,2.8464,528.1281,0.0000,0.9866
212307,151,16,0.1000,0.00000500,0.0000,8.0287,527.7259,0.0000,0.9805
212308,957,36,0.1000,0.00000500,0.0000,3.5737,575.2195,0.0000,0.9844
212309,170,18,0.1000,0.00000500,0.0000,8.3875,525.6703,0.0000,0.9757
212310,4600,66,0.1000,0.00000500,0.0000,6.0362,672.5018,0.0000,0.9735
212311,8388,102,0.1000,0.00000500,0.0000,5.6209,683.3123,0.0000,0.9776
212312,64,9,0.1000,0.00000500,0.0000,5.1787,513.4807,0.0000,0.9757
212313,293,21,0.1000,0.00000500,0.0000,3.9905,536.3717,0.0000,0.9851
212314,3607,96,0.1000,0.00000500,0.0000,5.9218,600.8730,0.0000,0.9831
212315,1333,36,0.1000,0.00000500,0.0000,5.4438,593.1808,0.0000,0.9800
212316,83,12,0.1000,0.00000500,0.0000,5.7403,526.0457,0.0000,0.9870
212317,238,21,0.1000,0.00000500,0.0000,2.3896,532.2422,0.0000,0.9866
212318,216,17,0.1000,0.00000500,0.0000,3.1226,531.0643,0.0000,0.9945
212319,483,27,0.1000,0.00000500,0.0000,4.9199,560.7058,0.0000,0.9722
212320,546,30,0.1000,0.00000500,0.0000,4.9856,564.9691,0.0000,0.9792
212321,184,18,0.1000,0.00000500,0.0000,4.1738,525.0999,0.0000,0.9826
212322,688,27,0.1000,0.00000500,0.0000,4.9779,566.6925,0.0000,0.9838
212323,267,21,0.1000,0.00000500,0.0000,5.6308,539.4285,0.0000,0.9747
212324,127,18,0.1000,0.00000500,0.0000,5.0947,524.2402,0.0000,0.9826
212325,1052,36,0.1000,0.00000500,0.0000,5.0995,585.1420,0.0000,0.9696
212326,1642,57,0.1000,0.00000500,0.0000,5.6503,581.8298,0.0000,0.9786
212327,465,30,0.1000,0.00000500,0.0000,6.6330,546.0095,0.0000,0.9833
212328,546,33,0.1000,0.00000500,0.0000,5.1042,551.6413,0.0000,0.9782
212329,903,30,0.1000,0.00000500,0.0000,5.3288,589.2443,0.0000,0.9750
212330,225,15,0.1000,0.00000500,0.0000,6.2652,542.2883,0.0000,0.9583
212331,545,31,0.1000,0.00000500,0.0000,6.3988,548.8230,0.0000,0.9819
212332,247,21,0.1000,0.00000500,0.0000,3.6736,534.5549,0.0000,0.9866
212333,310,21,0.1000,0.00000500,0.0000,4.0505,558.5786,0.0000,0.9717
212334,285,18,0.1000,0.00000500,0.0000,6.8906,540.7717,0.0000,0.9792
212335,201,21,0.1000,0.00000500,0.0000,4.0375,528.0100,0.0000,0.9777
212336,72,10,0.1000,0.00000500,0.0000,4.6110,516.5404,0.0000,0.9844
212337,548,30,0.1000,0.00000500,0.0000,7.2290,550.9379,0.0000,0.9781
212338,1529,48,0.1000,0.00000500,0.0000,7.4226,591.9192,0.0000,0.9720
212339,376,23,0.1000,0.00000500,0.0000,4.7998,549.4076,0.0000,0.9769
212340,225,21,0.1000,0.00000500,0.0000,7.9758,529.6408,0.0000,0.9777
212341,1705,39,0.1000,0.00000500,0.0000,6.6883,625.5104,0.0000,0.9832
212342,492,36,0.1000,0.00000500,0.0000,3.7337,541.5300,0.0000,0.9887
212343,80,12,0.1000,0.00000500,0.0000,5.7230,519.8019,0.0000,0.9740
212344,125,16,0.1000,0.00000500,0.0000,5.3779,517.5177,0.0000,0.9844
212345,45,9,0.1000,0.00000500,0.0000,5.3977,510.9662,0.0000,0.9792
212346,158,18,0.1000,0.00000500,0.0000,3.8646,526.5971,0.0000,0.9878
212347,3132,66,0.1000,0.00000500,0.0000,4.7884,622.7962,0.0000,0.9853
212348,2819,63,0.1000,0.00000500,0.0000,6.0827,618.1920,0.0000,0.9777
212349,1892,42,0.1000,0.00000500,0.0000,7.1923,626.1911,0.0000,0.9836
212350,100,15,0.1000,0.00000500,0.0000,4.5366,506.7359,0.0000,0.9750
212351,468,30,0.1000,0.00000500,0.0000,5.1895,546.5608,0.0000,0.9812
212352,679,42,0.1000,0.00000500,0.0000,5.2785,551.1114,0.0000,0.9859
212353,1521,40,0.1000,0.00000500,0.0000,6.1594,605.0388,0.0000,0.9789
212354,4824,78,0.1000,0.00000500,0.0000,6.7502,654.9507,0.0000,0.9796
212355,301,30,0.1000,0.00000500,0.0000,6.6357,525.5247,0.0000,0.9812
212356,388,24,0.1000,0.00000500,0.0000,6.8308,546.0078,0.0000,0.9766
212357,160,15,0.1000,0.00000500,0.0000,3.5507,529.8030,0.0000,0.9917
212358,1223,54,0.1000,0.00000500,0.0000,5.2788,568.2535,0.0000,0.9774
212359,564,27,0.1000,0.00000500,0.0000,4.5244,558.7938,0.0000,0.9884
212360,471,27,0.1000,0.00000500,0.0000,5.5803,552.6672,0.0000,0.9861
212361,158,15,0.1000,0.00000500,0.0000,4.9554,533.1337,0.0000,0.9771
212362,3797,117,0.1000,0.00000500,0.0000,6.6686,586.8873,0.0000,0.9808
212363,433,30,0.1000,0.00000500,0.0000,4.5254,540.7055,0.0000,0.9781
212364,1802,57,0.1000,0.00000500,0.0000,6.4309,588.4436,0.0000,0.9759
212365,2287,45,0.1000,0.00000500,0.0000,6.0840,632.2967,0.0000,0.9819
212366,910,39,0.1000,0.00000500,0.0000,5.1508,564.3820,0.0000,0.9832
212367,131,15,0.1000,0.00000500,0.0000,3.8507,522.1581,0.0000,0.9896
212368,555,24,0.1000,0.00000500,0.0000,4.6717,566.6525,0.0000,0.9844
212369,409,33,0.1000,0.00000500,0.0000,5.7450,542.4892,0.0000,0.9773
212370,64,15,0.1000,0.00000500,0.0000,8.2631,518.5000,0.0000,0.9750
212371,908,29,0.1000,0.00000500,0.0000,7.0530,583.1832,0.0000,0.9720
212372,464,27,0.1000,0.00000500,0.0000,6.1797,549.0642,0.0000,0.9745
212373,490,33,0.1000,0.00000500,0.0000,6.8417,552.8934,0.0000,0.9801
212374,5157,78,0.1000,0.00000500,0.0000,6.2160,656.2596,0.0000,0.9796
212375,879,41,0.1000,0.00000500,0.0000,5.2572,570.1257,0.0000,0.9710
212376,253,24,0.1000,0.00000500,0.0000,3.0558,534.0315,0.0000,0.9753
212377,305,24,0.1000,0.00000500,0.0000,5.1727,541.8792,0.0000,0.9844
212378,772,27,0.1000,0.00000500,0.0000,4.3573,578.4161,0.0000,0.9792
212379,6701,108,0.1000,0.00000500,0.0000,5.9123,651.8049,0.0000,0.9763
212380,2243,63,0.1000,0.00000500,0.0000,5.5491,603.2151,0.0000,0.9782
212381,594,27,0.1000,0.00000500,0.0000,6.7652,559.5091,0.0000,0.9803
212382,796,30,0.1000,0.00000500,0.0000,5.5622,571.5510,0.0000,0.9792
212383,1814,59,0.1000,0.00000500,0.0000,7.6270,589.7387,0.0000,0.9767
212384,680,35,0.1000,0.00000500,0.0000,8.8226,556.8757,0.0000,0.9643
212385,561,24,0.1000,0.00000500,0.0000,6.3904,569.2082,0.0000,0.9635
212386,161,15,0.1000,0.00000500,0.0000,7.9365,537.6234,0.0000,0.9708
212387,607,36,0.1000,0.00000500,0.0000,6.0976,550.0763,0.0000,0.9774
212388,55,12,0.1000,0.00000500,0.0000,2.5340,514.2243,0.0000,0.9792
212389,1109,55,0.1000,0.00000500,0.0000,4.6023,562.0727,0.0000,0.9801
212390,1085,51,0.1000,0.00000500,0.0000,5.3077,560.6311,0.0000,0.9804
212391,236,18,0.1000,0.00000500,0.0000,6.4772,532.2936,0.0000,0.9809
212392,1524,48,0.1000,0.00000500,0.0000,6.2629,594.9687,0.0000,0.9798
212393,278,21,0.1000,0.00000500,0.0000,4.7432,539.9987,0.0000,0.9807
212394,728,39,0.1000,0.00000500,0.0000,4.6777,548.6466,0.0000,0.9752
212395,2077,63,0.1000,0.00000500,0.0000,6.5290,593.3068,0.0000,0.9767
212396,24,6,0.1000,0.00000500,0.0000,8.7623,503.2945,0.0000,0.9792
212397,542,27,0.1000,0.00000500,0.0000,3.4159,563.0577,0.0000,0.9838
212398,224,18,0.1000,0.00000500,0.0000,6.1547,542.5145,0.0000,0.9792
212399,457,23,0.1000,0.00000500,0.0000,5.4661,558.6691,0.0000,0.9891
212400,1030,43,0.1000,0.00000500,0.0000,4.3292,574.3046,0.0000,0.9804
212401,346,24,0.1000,0.00000500,0.0000,4.5871,533.9888,0.0000,0.9779
212402,94,12,0.1000,0.00000500,0.0000,9.9960,510.7626,0.0000,0.9688
212403,169,18,0.1000,0.00000500,0.0000,8.6676,525.0150,0.0000,0.9792
212404,954,33,0.1000,0.00000500,0.0000,5.6656,572.4670,0.0000,0.9782
212405,1198,56,0.1000,0.00000500,0.0000,6.3629,559.6039,0.0000,0.9805
212406,852,39,0.1000,0.00000500,0.0000,4.2120,565.2838,0.0000,0.9840
212407,371,21,0.1000,0.00000500,0.0000,2.6162,562.0801,0.0000,0.9747
212408,547,24,0.1000,0.00000500,0.0000,6.1801,574.2796,0.0000,0.9818
212409,2324,85,0.1000,0.00000500,0.0000,5.1653,574.4701,0.0000,0.9776
212410,986,45,0.1000,0.00000500,0.0000,4.4993,562.1459,0.0000,0.9785
212411,1286,45,0.1000,0.00000500,0.0000,4.7365,581.9673,0.0000,0.9757
212412,2226,84,0.1000,0.00000500,0.0000,5.2208,581.3525,0.0000,0.9807
212413,342,24,0.1000,0.00000500,0.0000,6.2398,541.0424,0.0000,0.9740
212414,229,21,0.1000,0.00000500,0.0000,5.4931,534.1278,0.0000,0.9762
212415,667,30,0.1000,0.00000500,0.0000,5.4351,560.9081,0.0000,0.9875
212416,1570,57,0.1000,0.00000500,0.0000,5.9587,574.3027,0.0000,0.9759
212417,378,21,0.1000,0.00000500,0.0000,6.0252,544.5614,0.0000,0.9777
212418,1321,48,0.1000,0.00000500,0.0000,6.2576,590.5309,0.0000,0.9824
212419,3514,96,0.1000,0.00000500,0.0000,5.8751,593.0492,0.0000,0.9775
212420,546,24,0.1000,0.00000500,0.0000,8.2620,568.0340,0.0000,0.9753
212421,793,42,0.1000,0.00000500,0.0000,3.2718,554.7357,0.0000,0.9740
212422,451,27,0.1000,0.00000500,0.0000,7.0408,553.2071,0.0000,0.9838
212423,1043,33,0.1000,0.00000500,0.0000,5.2728,582.0191,0.0000,0.9801
212424,339,24,0.1000,0.00000500,0.0000,5.4757,539.2618,0.0000,0.9805
212425,705,34,0.1000,0.00000500,0.0000,4.6533,563.0662,0.0000,0.9807
212426,73,9,0.1000,0.00000500,0.0000,5.3452,517.1283,0.0000,0.9792
212427,154,12,0.1000,0.00000500,0.0000,5.5739,528.1208,0.0000,0.9792
212428,1508,41,0.1000,0.00000500,0.0000,5.4405,597.1210,0.0000,0.9832
212429,163,15,0.1000,0.00000500,0.0000,4.3521,530.1383,0.0000,0.9750
212430,719,42,0.1000,0.00000500,0.0000,5.3677,556.5599,0.0000,0.9784
212431,4925,96,0.1000,0.00000500,0.0000,6.7989,630.8866,0.0000,0.9766
212432,981,45,0.1000,0.00000500,0.0000,5.2892,558.9325,0.0000,0.9785
212433,31,8,0.1000,0.00000500,0.0000,5.8601,508.6716,0.0000,0.9883
212434,378,26,0.1000,0.00000500,0.0000,5.0132,545.2650,0.0000,0.9856
212435,1037,51,0.1000,0.00000500,0.0000,5.4835,565.9132,0.0000,0.9786
212436,7788,159,0.1000,0.00000500,0.0000,5.3189,628.7448,0.0000,0.9800
212437,1841,49,0.1000,0.00000500,0.0000,6.7585,603.5528,0.0000,0.9745
212438,1671,69,0.1000,0.00000500,0.0000,4.5061,574.2051,0.0000,0.9769
212439,388,30,0.1000,0.00000500,0.0000,6.5093,531.6518,0.0000,0.9719
212440,1133,42,0.1000,0.00000500,0.0000,5.9283,580.4977,0.0000,0.9792
212441,64,9,0.1000,0.00000500,0.0000,6.3994,508.9403,0.0000,0.9757
212442,1116,42,0.1000,0.00000500,0.0000,6.8916,587.5612,0.0000,0.9777
212443,544,18,0.1000,0.00000500,0.0000,6.3064,553.1460,0.0000,0.9740
212444,1418,60,0.1000,0.00000500,0.0000,4.7369,571.1442,0.0000,0.9802
212445,560,42,0.1000,0.00000500,0.0000,4.2826,539.9054,0.0000,0.9821
212446,2564,66,0.1000,0.00000500,0.0000,5.8152,599.8898,0.0000,0.9839
212447,9898,96,0.1000,0.00000500,0.0000,5.4765,720.0022,0.0000,0.9762
212448,1526,46,0.1000,0.00000500,0.0000,5.2447,593.2568,0.0000,0.9708
212449,645,42,0.1000,0.00000500,0.0000,5.9213,542.5460,0.0000,0.9777
212450,591,42,0.1000,0.00000500,0.0000,7.9338,548.6977,0.0000,0.9784
212451,489,36,0.1000,0.00000500,0.0000,5.2487,541.9913,0.0000,0.9835
212452,811,36,0.1000,0.00000500,0.0000,6.1620,567.0667,0.0000,0.9722
212453,1049,42,0.1000,0.00000500,0.0000,6.0429,566.2318,0.0000,0.9740
212454,554,27,0.1000,0.00000500,0.0000,4.3882,559.0696,0.0000,0.9792
212455,4678,90,0.1000,0.00000500,0.0000,4.8382,642.6035,0.0000,0.9812
212456,1821,60,0.1000,0.00000500,0.0000,5.6334,587.9243,0.0000,0.9745
212457,894,30,0.1000,0.00000500,0.0000,6.6492,573.9146,0.0000,0.9719
212458,169,18,0.1000,0.00000500,0.0000,5.9012,528.5900,0.0000,0.9740
212459,57,12,0.1000,0.00000500,0.0000,8.3126,502.9750,0.0000,0.9766
212460,1726,66,0.1000,0.00000500,0.0000,4.8060,575.4611,0.0000,0.9801
212461,2890,72,0.1000,0.00000500,0.0000,5.2529,614.0318,0.0000,0.9744
212462,291,29,0.1000,0.00000500,0.0000,5.0920,520.9099,0.0000,0.9720
212463,225,18,0.1000,0.00000500,0.0000,4.5916,527.8340,0.0000,0.9861
212464,607,30,0.1000,0.00000500,0.0000,4.0341,561.5658,0.0000,0.9729
212465,1042,31,0.1000,0.00000500,0.0000,5.1572,590.1685,0.0000,0.9808
212466,326,24,0.1000,0.00000500,0.0000,7.2452,535.7876,0.0000,0.9714
212467,1273,45,0.1000,0.00000500,0.0000,4.5543,566.7491,0.0000,0.9771
212468,563,27,0.1000,0.00000500,0.0000,4.2969,560.0397,0.0000,0.9826
212469,1091,44,0.1000,0.00000500,0.0000,6.5164,571.6320,0.0000,0.9815
212470,1100,42,0.1000,0.00000500,0.0000,5.3877,569.9063,0.0000,0.9821
212471,124,18,0.1000,0.00000500,0.0000,5.3884,514.5316,0.0000,0.9792
212472,2971,90,0.1000,0.00000500,0.0000,5.5728,598.0118,0.0000,0.9792
212473,429,36,0.1000,0.00000500,0.0000,4.2776,534.3555,0.0000,0.9757
212474,3401,102,0.1000,0.00000500,0.0000,4.5144,590.2480,0.0000,0.9810
212475,2626,66,0.1000,0.00000500,0.0000,6.5426,613.8683,0.0000,0.9773
212476,550,24,0.1000,0.00000500,0.0000,6.2807,565.6596,0.0000,0.9805
212477,164,18,0.1000,0.00000500,0.0000,3.7009,524.5289,0.0000,0.9896
212478,824,35,0.1000,0.00000500,0.0000,4.6237,572.7411,0.0000,0.9830
212479,2733,72,0.1000,0.00000500,0.0000,7.2852,600.0960,0.0000,0.9770
212480,182,20,0.1000,0.00000500,0.0000,5.0088,520.4798,0.0000,0.9828
212481,302,21,0.1000,0.00000500,0.0000,5.1980,544.6450,0.0000,0.9807
212482,2363,87,0.1000,0.00000500,0.0000,5.7428,576.6436,0.0000,0.9817
212483,388,24,0.1000,0.00000500,0.0000,5.6352,552.2842,0.0000,0.9805
212484,369,26,0.1000,0.00000500,0.0000,5.3962,536.2335,0.0000,0.9892
212485,2600,69,0.1000,0.00000500,0.0000,7.0713,616.2541,0.0000,0.9746
212486,3616,84,0.1000,0.00000500,0.0000,6.1884,608.4668,0.0000,0.9781
212487,1885,45,0.1000,0.00000500,0.0000,4.6932,611.1587,0.0000,0.9833
212488,466,25,0.1000,0.00000500,0.0000,3.0171,568.7330,0.0000,0.9838
212489,3574,95,0.1000,0.00000500,0.0000,5.3241,609.1973,0.0000,0.9780
212490,449,24,0.1000,0.00000500,0.0000,3.3697,548.5404,0.0000,0.9857
212491,444,20,0.1000,0.00000500,0.0000,5.7428,556.4755,0.0000,0.9766
212492,1228,45,0.1000,0.00000500,0.0000,4.9339,586.1341,0.0000,0.9847
212493,93,12,0.1000,0.00000500,0.0000,2.3859,519.5311,0.0000,0.9870
212494,414,27,0.1000,0.00000500,0.0000,7.5270,549.7881,0.0000,0.9618
212495,808,33,0.1000,0.00000500,0.0000,5.5764,561.9519,0.0000,0.9830
212496,1818,57,0.1000,0.00000500,0.0000,6.0356,602.2631,0.0000,0.9770
212497,841,42,0.1000,0.00000500,0.0000,4.6201,558.7036,0.0000,0.9777
212498,96,16,0.1000,0.00000500,0.0000,4.3027,513.7823,0.0000,0.9922
212499,202,19,0.1000,0.00000500,0.0000,2.7186,529.9161,0.0000,0.9852
212500,453,30,0.1000,0.00000500,0.0000,4.1966,542.4616,0.0000,0.9802
212501,1633,54,0.1000,0.00000500,0.0000,5.2157,589.4050,0.0000,0.9786
212502,442,24,0.1000,0.00000500,0.0000,7.9302,554.9868,0.0000,0.9792
212503,2127,51,0.1000,0.00000500,0.0000,4.2531,620.8270,0.0000,0.9810
212504,5234,69,0.1000,0.00000500,0.0000,6.2060,679.4591,0.0000,0.9792
212505,116,15,0.1000,0.00000500,0.0000,4.7475,517.3463,0.0000,0.9812
212506,1453,56,0.1000,0.00000500,0.0000,4.9412,576.3685,0.0000,0.9799
212507,752,45,0.1000,0.00000500,0.0000,4.5570,553.2320,0.0000,0.9806
212508,219,15,0.1000,0.00000500,0.0000,6.4546,541.1280,0.0000,0.9812
212509,2286,44,0.1000,0.00000500,0.0000,5.4949,628.4895,0.0000,0.9844
212510,5794,96,0.1000,0.00000500,0.0000,5.8142,659.4044,0.0000,0.9792
212511,1094,40,0.1000,0.00000500,0.0000,5.3274,586.3701,0.0000,0.9820
212512,1140,48,0.1000,0.00000500,0.0000,4.4884,570.7077,0.0000,0.9792
212513,208,17,0.1000,0.00000500,0.0000,8.8215,529.9843,0.0000,0.9632
212514,430,27,0.1000,0.00000500,0.0000,5.9425,551.5333,0.0000,0.9803
212515,315,24,0.1000,0.00000500,0.0000,7.2993,541.4855,0.0000,0.9779
212516,157,15,0.1000,0.00000500,0.0000,5.2996,530.6318,0.0000,0.9792
212517,1779,54,0.1000,0.00000500,0.0000,4.8557,600.4271,0.0000,0.9780
212518,979,39,0.1000,0.00000500,0.0000,4.6735,568.6603,0.0000,0.9712
212519,3205,81,0.1000,0.00000500,0.0000,6.9687,618.8328,0.0000,0.9780
212520,782,33,0.1000,0.00000500,0.0000,7.6554,574.8142,0.0000,0.9744
212521,2491,57,0.1000,0.00000500,0.0000,5.8391,605.4174,0.0000,0.9764
212522,2705,93,0.1000,0.00000500,0.0000,5.0425,591.1131,0.0000,0.9782
212523,2696,60,0.1000,0.00000500,0.0000,5.4613,602.7264,0.0000,0.9745
212524,43,9,0.1000,0.00000500,0.0000,5.5126,511.2287,0.0000,0.9792
212525,529,36,0.1000,0.00000500,0.0000,6.2737,539.8451,0.0000,0.9748
212526,4108,69,0.1000,0.00000500,0.0000,5.0236,654.7262,0.0000,0.9819
212527,301,24,0.1000,0.00000500,0.0000,5.1192,538.3905,0.0000,0.9779
212528,129,18,0.1000,0.00000500,0.0000,7.4516,522.0579,0.0000,0.9809
212529,4826,75,0.1000,0.00000500,0.0000,5.8207,654.7080,0.0000,0.9808
212530,865,51,0.1000,0.00000500,0.0000,6.2511,557.4951,0.0000,0.9749
212531,525,30,0.1000,0.00000500,0.0000,4.3676,549.1425,0.0000,0.9896
212532,468,24,0.1000,0.00000500,0.0000,4.7147,560.1859,0.0000,0.9753
212533,344,27,0.1000,0.00000500,0.0000,7.7612,539.5473,0.0000,0.9734
212534,1055,45,0.1000,0.00000500,0.0000,4.8526,570.2322,0.0000,0.9792
212535,682,30,0.1000,0.00000500,0.0000,5.4077,559.5940,0.0000,0.9823
212536,157,18,0.1000,0.00000500,0.0000,5.8909,522.6474,0.0000,0.9861
212537,2590,69,0.1000,0.00000500,0.0000,5.0495,604.6238,0.0000,0.9783
212538,426,33,0.1000,0.00000500,0.0000,6.4066,536.0126,0.0000,0.9839
212539,1326,57,0.1000,0.00000500,0.0000,5.4866,573.5016,0.0000,0.9770
212540,639,30,0.1000,0.00000500,0.0000,6.4541,559.2232,0.0000,0.9708
212541,240,21,0.1000,0.00000500,0.0000,4.2282,532.2054,0.0000,0.9777
212542,1804,78,0.1000,0.00000500,0.0000,5.9260,564.4508,0.0000,0.9796
212543,467,41,0.1000,0.00000500,0.0000,3.7633,530.8787,0.0000,0.9855
212544,656,36,0.1000,0.00000500,0.0000,4.0489,553.9745,0.0000,0.9844
212545,1187,35,0.1000,0.00000500,0.0000,5.2366,599.8507,0.0000,0.9830
212546,10274,93,0.1000,0.00000500,0.0000,5.7156,728.4712,0.0000,0.9832
212547,822,45,0.1000,0.00000500,0.0000,5.0194,557.6188,0.0000,0.9826
212548,44,9,0.1000,0.00000500,0.0000,8.1624,0.0000,0.0000,0.9757
212549,312,30,0.1000,0.00000500,0.0000,5.4636,536.3321,0.0000,0.9854
212550,49,9,0.1000,0.00000500,0.0000,4.3965,499.2796,0.0000,0.9861
212551,451,27,0.1000,0.00000500,0.0000,6.5431,553.7395,0.0000,0.9757
212552,2048,81,0.1000,0.00000500,0.0000,6.2686,577.7182,0.0000,0.9792
212553,959,49,0.1000,0.00000500,0.0000,5.3029,550.3275,0.0000,0.9783
212554,179,18,0.1000,0.00000500,0.0000,2.9204,526.4741,0.0000,0.9861
212555,79,12,0.1000,0.00000500,0.0000,5.2133,514.5659,0.0000,0.9766
212556,834,42,0.1000,0.00000500,0.0000,7.1298,557.9107,0.0000,0.9799
212557,3181,120,0.1000,0.00000500,0.0000,4.4074,576.1224,0.0000,0.9799
212558,366,27,0.1000,0.00000500,0.0000,7.0706,539.0052,0.0000,0.9792
212559,23,6,0.1000,0.00000500,0.0000,6.9314,502.3062,0.0000,0.9792
212560,102,14,0.1000,0.00000500,0.0000,5.5445,521.8156,0.0000,0.9710
212561,713,36,0.1000,0.00000500,0.0000,3.3723,559.0292,0.0000,0.9826
212562,410,23,0.1000,0.00000500,0.0000,6.2060,545.3776,0.0000,0.9783
212563,202,21,0.1000,0.00000500,0.0000,7.4097,521.4095,0.0000,0.9762
212564,1066,54,0.1000,0.00000500,0.0000,6.8696,559.2952,0.0000,0.9728
212565,2397,81,0.1000,0.00000500,0.0000,4.9897,585.3883,0.0000,0.9796
212566,1050,33,0.1000,0.00000500,0.0000,7.7517,589.3306,0.0000,0.9688
212567,113,12,0.1000,0.00000500,0.0000,3.9382,523.4450,0.0000,0.9661
212568,102,12,0.1000,0.00000500,0.0000,4.5617,516.5282,0.0000,0.9740
212569,598,30,0.1000,0.00000500,0.0000,7.0727,558.2763,0.0000,0.9760
212570,1171,45,0.1000,0.00000500,0.0000,5.0539,588.2297,0.0000,0.9806
212571,178,17,0.1000,0.00000500,0.0000,2.8526,526.6630,0.0000,0.9853
212572,948,45,0.1000,0.00000500,0.0000,4.6746,558.1169,0.0000,0.9875
212573,114,12,0.1000,0.00000500,0.0000,4.1813,529.5715,0.0000,0.9766
212574,76,12,0.1000,0.00000500,0.0000,5.3947,511.7093,0.0000,0.9609
212575,2758,54,0.1000,0.00000500,0.0000,7.1300,639.5331,0.0000,0.9745
212576,593,31,0.1000,0.00000500,0.0000,5.0154,553.9189,0.0000,0.9839
212577,76,12,0.1000,0.00000500,0.0000,4.3873,516.7004,0.0000,0.9766
212578,822,42,0.1000,0.00000500,0.0000,4.8148,557.7208,0.0000,0.9754
212579,1387,45,0.1000,0.00000500,0.0000,3.3274,596.9109,0.0000,0.9861
212580,1195,45,0.1000,0.00000500,0.0000,5.1862,575.1075,0.0000,0.9819
212581,227,18,0.1000,0.00000500,0.0000,5.5030,542.1617,0.0000,0.9740
212582,357,27,0.1000,0.00000500,0.0000,6.5953,537.1753,0.0000,0.9850
212583,651,27,0.1000,0.00000500,0.0000,4.9619,567.3133,0.0000,0.9780
212584,3800,66,0.1000,0.00000500,0.0000,5.4022,651.2014,0.0000,0.9787
212585,133,16,0.1000,0.00000500,0.0000,4.4150,523.4802,0.0000,0.9824
212586,1196,33,0.1000,0.00000500,0.0000,4.3817,606.0644,0.0000,0.9782
212587,442,33,0.1000,0.00000500,0.0000,6.3837,537.2418,0.0000,0.9716
212588,1553,54,0.1000,0.00000500,0.0000,5.0103,582.6785,0.0000,0.9757
212589,119,15,0.1000,0.00000500,0.0000,6.6575,523.8511,0.0000,0.9750
212590,1964,72,0.1000,0.00000500,0.0000,4.9569,577.7497,0.0000,0.9761
212591,296,20,0.1000,0.00000500,0.0000,5.9325,541.5708,0.0000,0.9875
212592,133,15,0.1000,0.00000500,0.0000,8.7726,525.0244,0.0000,0.9667
212593,1766,51,0.1000,0.00000500,0.0000,5.4131,597.5015,0.0000,0.9871
212594,908,51,0.1000,0.00000500,0.0000,5.8040,550.5346,0.0000,0.9804
212595,332,21,0.1000,0.00000500,0.0000,6.6732,536.3518,0.0000,0.9866
212596,1015,51,0.1000,0.00000500,0.0000,5.2283,553.2448,0.0000,0.9822
212597,544,27,0.1000,0.00000500,0.0000,8.4579,553.3410,0.0000,0.9792
212598,123,15,0.1000,0.00000500,0.0000,4.8399,526.4199,0.0000,0.9792
212599,1588,60,0.1000,0.00000500,0.0000,5.9721,593.1184,0.0000,0.9786
212600,953,33,0.1000,0.00000500,0.0000,3.6535,579.4133,0.0000,0.9811
212601,367,21,0.1000,0.00000500,0.0000,6.7750,555.9277,0.0000,0.9851
212602,389,24,0.1000,0.00000500,0.0000,4.5752,554.8479,0.0000,0.9831
212603,281,18,0.1000,0.00000500,0.0000,2.3097,530.3966,0.0000,0.9896
212604,1526,39,0.1000,0.00000500,0.0000,5.4301,605.9257,0.0000,0.9784
212605,1199,39,0.1000,0.00000500,0.0000,4.5388,594.4332,0.0000,0.9840
212606,2274,42,0.1000,0.00000500,0.0000,4.1231,628.2062,0.0000,0.9799
212607,182,21,0.1000,0.00000500,0.0000,4.2343,521.3372,0.0000,0.9851
212608,251,21,0.1000,0.00000500,0.0000,4.0336,530.6745,0.0000,0.9807
212609,186,21,0.1000,0.00000500,0.0000,6.9046,534.1590,0.0000,0.9762
212610,1834,57,0.1000,0.00000500,0.0000,5.9158,586.9772,0.0000,0.9841
212611,266,24,0.1000,0.00000500,0.0000,6.1373,545.8672,0.0000,0.9792
212612,376,27,0.1000,0.00000500,0.0000,5.3638,535.1288,0.0000,0.9792
212613,1130,48,0.1000,0.00000500,0.0000,6.0299,568.1476,0.0000,0.9805
212614,3039,69,0.1000,0.00000500,0.0000,6.6473,614.0088,0.0000,0.9796
212615,166,15,0.1000,0.00000500,0.0000,4.7099,519.2206,0.0000,0.9854
212616,1388,63,0.1000,0.00000500,0.0000,5.7540,564.7717,0.0000,0.9807
212617,304,21,0.1000,0.00000500,0.0000,5.6807,540.1983,0.0000,0.9836
212618,600,29,0.1000,0.00000500,0.0000,5.9726,558.2798,0.0000,0.9763
212619,1645,54,0.1000,0.00000500,0.0000,4.3650,588.3013,0.0000,0.9809
212620,784,50,0.1000,0.00000500,0.0000,6.2380,545.1148,0.0000,0.9762
212621,1212,45,0.1000,0.00000500,0.0000,5.1128,579.5066,0.0000,0.9792
212622,133,21,0.1000,0.00000500,0.0000,5.6704,518.9285,0.0000,0.9851
212623,1512,36,0.1000,0.00000500,0.0000,5.9531,604.8229,0.0000,0.9783
212624,3222,57,0.1000,0.00000500,0.0000,6.4664,641.0566,0.0000,0.9792
212625,663,27,0.1000,0.00000500,0.0000,3.7748,576.2699,0.0000,0.9850
212626,2775,81,0.1000,0.00000500,0.0000,5.2102,590.7564,0.0000,0.9784
212627,462,24,0.1000,0.00000500,0.0000,4.8006,558.3212,0.0000,0.9818
212628,162,15,0.1000,0.00000500,0.0000,2.9086,529.1592,0.0000,0.9771
212629,298,21,0.1000,0.00000500,0.0000,4.6239,546.5278,0.0000,0.9836
212630,1619,57,0.1000,0.00000500,0.0000,3.8969,576.9915,0.0000,0.9775
212631,4582,78,0.1000,0.00000500,0.0000,4.9780,649.4198,0.0000,0.9840
212632,2118,60,0.1000,0.00000500,0.0000,5.6498,588.3356,0.0000,0.9844
212633,620,33,0.1000,0.00000500,0.0000,5.1928,551.2261,0.0000,0.9801
212634,1898,54,0.1000,0.00000500,0.0000,5.1068,604.9432,0.0000,0.9809
212635,113,12,0.1000,0.00000500,0.0000,7.4279,524.7795,0.0000,0.9870
212636,305,21,0.1000,0.00000500,0.0000,7.5987,540.0309,0.0000,0.9777
212637,24,6,0.1000,0.00000500,0.0000,3.4520,493.8777,0.0000,0.9740
212638,2736,57,0.1000,0.00000500,0.0000,5.9473,628.2876,0.0000,0.9770
212639,1151,45,0.1000,0.00000500,0.0000,6.7517,571.6320,0.0000,0.9771
212640,107,12,0.1000,0.00000500,0.0000,7.2942,521.2253,0.0000,0.9766
212641,131,18,0.1000,0.00000500,0.0000,3.9282,513.1216,0.0000,0.9826
212642,430,27,0.1000,0.00000500,0.0000,7.7083,546.4481,0.0000,0.9769
212643,233,21,0.1000,0.00000500,0.0000,4.1360,530.4428,0.0000,0.9866
212644,2422,69,0.1000,0.00000500,0.0000,7.0261,592.0270,0.0000,0.9792
212645,287,18,0.1000,0.00000500,0.0000,11.6463,543.6883,0.0000,0.9722
212646,2503,72,0.1000,0.00000500,0.0000,5.4705,600.0172,0.0000,0.9766
212647,449,24,0.1000,0.00000500,0.0000,4.5449,562.5810,0.0000,0.9779
212648,1145,42,0.1000,0.00000500,0.0000,5.7072,576.5088,0.0000,0.9762
212649,552,26,0.1000,0.00000500,0.0000,5.0187,563.8232,0.0000,0.9808
212650,678,33,0.1000,0.00000500,0.0000,6.7117,553.2093,0.0000,0.9820
212651,868,50,0.1000,0.00000500,0.0000,5.5804,556.3136,0.0000,0.9756
212652,909,45,0.1000,0.00000500,0.0000,5.0783,559.5404,0.0000,0.9785
212653,595,33,0.1000,0.00000500,0.0000,5.3770,562.4286,0.0000,0.9792
212654,213,18,0.1000,0.00000500,0.0000,6.6014,518.7713,0.0000,0.9792
212655,4267,84,0.1000,0.00000500,0.0000,5.6268,636.4924,0.0000,0.9777
212656,4011,102,0.1000,0.00000500,0.0000,4.8299,616.9819,0.0000,0.9792
212657,608,41,0.1000,0.00000500,0.0000,6.6199,543.9351,0.0000,0.9726
212658,2676,75,0.1000,0.00000500,0.0000,5.5013,606.7922,0.0000,0.9771
212659,1200,45,0.1000,0.00000500,0.0000,5.1279,570.0495,0.0000,0.9792
212660,175,18,0.1000,0.00000500,0.0000,5.5207,520.1400,0.0000,0.9792
212661,2320,75,0.1000,0.00000500,0.0000,3.8086,575.9930,0.0000,0.9854
212662,699,30,0.1000,0.00000500,0.0000,6.2846,564.2415,0.0000,0.9667
212663,3433,75,0.1000,0.00000500,0.0000,5.0912,619.1138,0.0000,0.9800
212664,176,18,0.1000,0.00000500,0.0000,3.6853,521.5707,0.0000,0.9774
212665,2013,60,0.1000,0.00000500,0.0000,5.2154,599.4740,0.0000,0.9771
212666,1231,78,0.1000,0.00000500,0.0000,4.2100,547.0019,0.0000,0.9824
212667,97,14,0.1000,0.00000500,0.0000,7.7780,516.8649,0.0000,0.9732
212668,357,18,0.1000,0.00000500,0.0000,3.0746,548.5288,0.0000,0.9861
212669,1289,60,0.1000,0.00000500,0.0000,6.7852,566.2694,0.0000,0.9776
212670,1140,54,0.1000,0.00000500,0.0000,6.0324,559.5657,0.0000,0.9792
212671,223,18,0.1000,0.00000500,0.0000,5.4907,530.3033,0.0000,0.9844
212672,664,27,0.1000,0.00000500,0.0000,6.0829,567.5999,0.0000,0.9850
212673,342,30,0.1000,0.00000500,0.0000,6.4307,534.8298,0.0000,0.9771
212674,3083,81,0.1000,0.00000500,0.0000,7.3253,600.3729,0.0000,0.9826
212675,1037,33,0.1000,0.00000500,0.0000,4.5411,585.1172,0.0000,0.9773
212676,1241,45,0.1000,0.00000500,0.0000,5.0904,576.2631,0.0000,0.9819
212677,367,24,0.1000,0.00000500,0.0000,6.7814,537.6558,0.0000,0.9792
212678,501,33,0.1000,0.00000500,0.0000,5.2477,539.9083,0.0000,0.9754
212679,149,12,0.1000,0.00000500,0.0000,5.4160,521.7238,0.0000,0.9740
212680,457,29,0.1000,0.00000500,0.0000,4.7932,546.6185,0.0000,0.9784
212681,792,39,0.1000,0.00000500,0.0000,5.8571,560.4081,0.0000,0.9776
212682,707,36,0.1000,0.00000500,0.0000,5.1373,557.3011,0.0000,0.9740
212683,75,12,0.1000,0.00000500,0.0000,5.5040,518.0955,0.0000,0.9740
212684,1050,63,0.1000,0.00000500,0.0000,6.2972,546.2954,0.0000,0.9797
212685,284,24,0.1000,0.00000500,0.0000,7.2921,533.1405,0.0000,0.9740
212686,441,36,0.1000,0.00000500,0.0000,4.7173,534.6538,0.0000,0.9826
212687,158,15,0.1000,0.00000500,0.0000,6.5869,521.5767,0.0000,0.9854
212688,78,12,0.1000,0.00000500,0.0000,4.5906,519.1463,0.0000,0.9792
212689,4103,81,0.1000,0.00000500,0.0000,6.2789,632.4329,0.0000,0.9796
212690,66,12,0.1000,0.00000500,0.0000,4.3894,507.3137,0.0000,0.9740
212691,620,30,0.1000,0.00000500,0.0000,6.1513,556.1117,0.0000,0.9729
212692,266,24,0.1000,0.00000500,0.0000,3.0700,533.5215,0.0000,0.9831
212693,398,30,0.1000,0.00000500,0.0000,5.3205,542.5647,0.0000,0.9760
212694,79,13,0.1000,0.00000500,0.0000,6.0180,516.3023,0.0000,0.9808
212695,2081,48,0.1000,0.00000500,0.0000,5.9834,620.2714,0.0000,0.9837
212696,394,27,0.1000,0.00000500,0.0000,4.1365,536.5923,0.0000,0.9838
212697,170,15,0.1000,0.00000500,0.0000,2.8712,524.1623,0.0000,0.9812
212698,127,15,0.1000,0.00000500,0.0000,8.6915,519.2924,0.0000,0.9708
212699,181,18,0.1000,0.00000500,0.0000,4.1176,521.3018,0.0000,0.9878
212700,217,27,0.1000,0.00000500,0.0000,4.7949,528.8273,0.0000,0.9826
212701,1520,39,0.1000,0.00000500,0.0000,6.8187,603.8556,0.0000,0.9792
212702,710,30,0.1000,0.00000500,0.0000,4.4363,566.6494,0.0000,0.9875
212703,2399,73,0.1000,0.00000500,0.0000,5.9674,590.2668,0.0000,0.9777
212704,44,9,0.1000,0.00000500,0.0000,5.9703,505.9833,0.0000,0.9688
212705,953,36,0.1000,0.00000500,0.0000,5.6018,574.7315,0.0000,0.9792
212706,181,21,0.1000,0.00000500,0.0000,6.4114,517.5936,0.0000,0.9777
212707,1893,59,0.1000,0.00000500,0.0000,4.4050,584.4279,0.0000,0.9825
212708,2007,51,0.1000,0.00000500,0.0000,5.3940,606.4497,0.0000,0.9773
212709,252,18,0.1000,0.00000500,0.0000,3.7427,534.0475,0.0000,0.9896
212710,662,39,0.1000,0.00000500,0.0000,6.6228,548.7820,0.0000,0.9768
212711,2057,57,0.1000,0.00000500,0.0000,4.7147,604.5724,0.0000,0.9803
212712,363,18,0.1000,0.00000500,0.0000,5.7607,546.8658,0.0000,0.9722
212713,320,24,0.1000,0.00000500,0.0000,6.1460,533.6662,0.0000,0.9818
212714,364,24,0.1000,0.00000500,0.0000,3.5399,533.8567,0.0000,0.9792
212715,33,9,0.1000,0.00000500,0.0000,7.1178,0.0000,0.0000,0.9861
212716,413,27,0.1000,0.00000500,0.0000,8.9804,539.4009,0.0000,0.9745
212717,1689,51,0.1000,0.00000500,0.0000,7.8057,591.7648,0.0000,0.9755
212718,67,12,0.1000,0.00000500,0.0000,6.6569,517.1571,0.0000,0.9714
212719,100,15,0.1000,0.00000500,0.0000,4.3084,513.0008,0.0000,0.9833
212720,73,15,0.1000,0.00000500,0.0000,4.2805,513.1941,0.0000,0.9833
212721,247,24,0.1000,0.00000500,0.0000,5.9147,525.9453,0.0000,0.9779
212722,1430,54,0.1000,0.00000500,0.0000,5.6379,573.1175,0.0000,0.9855
212723,685,30,0.1000,0.00000500,0.0000,6.1181,565.4260,0.0000,0.9781
212724,1511,36,0.1000,0.00000500,0.0000,4.1418,606.9951,0.0000,0.9852
212725,387,24,0.1000,0.00000500,0.0000,5.1409,539.3188,0.0000,0.9922
212726,3109,99,0.1000,0.00000500,0.0000,4.6757,580.7566,0.0000,0.9817
212727,496,33,0.1000,0.00000500,0.0000,5.0010,540.9580,0.0000,0.9801
212728,128,18,0.1000,0.00000500,0.0000,4.5085,530.8554,0.0000,0.9896
212729,3522,98,0.1000,0.00000500,0.0000,4.3085,598.6345,0.0000,0.9815
212730,161,15,0.1000,0.00000500,0.0000,5.6417,525.9191,0.0000,0.9792
212731,2304,51,0.1000,0.00000500,0.0000,4.2332,621.8486,0.0000,0.9853
212732,1520,39,0.1000,0.00000500,0.0000,4.4461,614.7631,0.0000,0.9808
212733,904,36,0.1000,0.00000500,0.0000,6.6539,572.0980,0.0000,0.9844
212734,104,9,0.1000,0.00000500,0.0000,4.5799,513.1710,0.0000,0.9618
212735,382,24,0.1000,0.00000500,0.0000,3.9885,543.5680,0.0000,0.9883
212736,129,15,0.1000,0.00000500,0.0000,5.7889,521.5679,0.0000,0.9833
212737,1604,63,0.1000,0.00000500,0.0000,6.5346,574.5063,0.0000,0.9752
212738,23,6,0.1000,0.00000500,0.0000,11.6457,0.0000,0.0000,0.9740
212739,164,15,0.1000,0.00000500,0.0000,9.8975,519.9339,0.0000,0.9729
212740,228,21,0.1000,0.00000500,0.0000,4.5224,525.5317,0.0000,0.9851
212741,131,17,0.1000,0.00000500,0.0000,5.9753,521.9654,0.0000,0.9853
212742,324,27,0.1000,0.00000500,0.0000,4.7359,532.0283,0.0000,0.9803
212743,1460,57,0.1000,0.00000500,0.0000,4.1555,575.1203,0.0000,0.9825
212744,1176,48,0.1000,0.00000500,0.0000,4.6465,573.4028,0.0000,0.9818
212745,2996,66,0.1000,0.00000500,0.0000,7.6282,624.3960,0.0000,0.9763
212746,646,36,0.1000,0.00000500,0.0000,6.6914,556.9729,0.0000,0.9748
212747,1332,46,0.1000,0.00000500,0.0000,3.1171,584.9863,0.0000,0.9823
212748,1212,39,0.1000,0.00000500,0.0000,6.3002,578.9997,0.0000,0.9848
212749,448,21,0.1000,0.00000500,0.0000,6.0412,551.5756,0.0000,0.9881
212750,56,11,0.1000,0.00000500,0.0000,4.7321,511.0673,0.0000,0.9773
212751,62,15,0.1000,0.00000500,0.0000,7.4642,505.2600,0.0000,0.9833
212752,48,9,0.1000,0.00000500,0.0000,4.9540,504.8607,0.0000,0.9826
212753,1528,43,0.1000,0.00000500,0.0000,5.6152,598.9110,0.0000,0.9818
212754,297,27,0.1000,0.00000500,0.0000,4.8898,535.4313,0.0000,0.9699
212755,1363,69,0.1000,0.00000500,0.0000,5.9073,554.3835,0.0000,0.9783
212756,3510,78,0.1000,0.00000500,0.0000,4.9584,621.4774,0.0000,0.9832
212757,3821,87,0.1000,0.00000500,0.0000,5.1786,609.6268,0.0000,0.9820
212758,876,38,0.1000,0.00000500,0.0000,6.3294,574.5094,0.0000,0.9819
212759,140,18,0.1000,0.00000500,0.0000,4.5999,516.7570,0.0000,0.9740
212760,254,21,0.1000,0.00000500,0.0000,6.2681,534.9926,0.0000,0.9732
212761,1766,59,0.1000,0.00000500,0.0000,3.7498,580.1255,0.0000,0.9751
212762,964,48,0.1000,0.00000500,0.0000,6.0136,555.7822,0.0000,0.9753
212763,199,18,0.1000,0.00000500,0.0000,4.6050,526.1988,0.0000,0.9740
212764,242,27,0.1000,0.00000500,0.0000,5.8662,527.0229,0.0000,0.9803
212765,2288,60,0.1000,0.00000500,0.0000,6.2076,599.5063,0.0000,0.9729
212766,3805,68,0.1000,0.00000500,0.0000,6.0557,647.5448,0.0000,0.9756
212767,642,33,0.1000,0.00000500,0.0000,5.7952,554.7380,0.0000,0.9820
212768,1197,36,0.1000,0.00000500,0.0000,6.9697,603.8576,0.0000,0.9740
212769,77,12,0.1000,0.00000500,0.0000,3.1982,506.5146,0.0000,0.9870
212770,802,42,0.1000,0.00000500,0.0000,7.3738,559.9504,0.0000,0.9732
212771,1038,57,0.1000,0.00000500,0.0000,6.1339,552.3833,0.0000,0.9764
212772,1191,36,0.1000,0.00000500,0.0000,4.5633,593.3321,0.0000,0.9722
212773,2100,78,0.1000,0.00000500,0.0000,5.5720,581.2541,0.0000,0.9796
212774,221,18,0.1000,0.00000500,0.0000,6.8987,539.4608,0.0000,0.9722
212775,210,20,0.1000,0.00000500,0.0000,3.1268,525.4592,0.0000,0.9875
212776,163,15,0.1000,0.00000500,0.0000,5.3105,523.8775,0.0000,0.9771
212777,6084,93,0.1000,0.00000500,0.0000,6.1634,660.6943,0.0000,0.9835
212778,173,21,0.1000,0.00000500,0.0000,6.9806,522.2572,0.0000,0.9717
212779,624,36,0.1000,0.00000500,0.0000,8.7918,548.2476,0.0000,0.9696
212780,3160,78,0.1000,0.00000500,0.0000,6.5106,622.5918,0.0000,0.9764
212781,3075,81,0.1000,0.00000500,0.0000,4.8977,607.7167,0.0000,0.9815
212782,116,18,0.1000,0.00000500,0.0000,2.7063,514.5688,0.0000,0.9931
212783,73,12,0.1000,0.00000500,0.0000,6.0293,528.1236,0.0000,0.9714
212784,416,33,0.1000,0.00000500,0.0000,4.8300,530.4092,0.0000,0.9792
212785,108,18,0.1000,0.00000500,0.0000,9.0456,515.2756,0.0000,0.9774
212786,1112,45,0.1000,0.00000500,0.0000,6.0057,566.3531,0.0000,0.9833
212787,159,15,0.1000,0.00000500,0.0000,4.5295,524.6158,0.0000,0.9771
212788,93,12,0.1000,0.00000500,0.0000,5.9703,521.0032,0.0000,0.9818
212789,1814,60,0.1000,0.00000500,0.0000,5.8920,589.4197,0.0000,0.9755
212790,178,18,0.1000,0.00000500,0.0000,3.6593,531.2285,0.0000,0.9809
212791,1234,45,0.1000,0.00000500,0.0000,4.1324,585.9173,0.0000,0.9833
212792,131,15,0.1000,0.00000500,0.0000,4.6669,520.6903,0.0000,0.9854
212793,3920,69,0.1000,0.00000500,0.0000,5.9983,651.7759,0.0000,0.9796
212794,203,21,0.1000,0.00000500,0.0000,7.9464,529.8248,0.0000,0.9777
212795,1072,52,0.1000,0.00000500,0.0000,4.5315,557.7234,0.0000,0.9850
212796,76,11,0.1000,0.00000500,0.0000,12.8655,511.1939,0.0000,0.9716
212797,431,33,0.1000,0.00000500,0.0000,3.7046,537.3022,0.0000,0.9801
212798,756,38,0.1000,0.00000500,0.0000,6.6036,553.1499,0.0000,0.9794
212799,412,27,0.1000,0.00000500,0.0000,4.7225,549.0221,0.0000,0.9745
212800,247,24,0.1000,0.00000500,0.0000,4.5455,531.6411,0.0000,0.9805
212801,2163,51,0.1000,0.00000500,0.0000,4.3729,608.2567,0.0000,0.9884
212802,548,27,0.1000,0.00000500,0.0000,8.1173,555.9322,0.0000,0.9734
212803,1610,51,0.1000,0.00000500,0.0000,4.1721,594.9332,0.0000,0.9786
212804,231,18,0.1000,0.00000500,0.0000,2.8998,535.1079,0.0000,0.9792
212805,132,15,0.1000,0.00000500,0.0000,5.2798,522.9994,0.0000,0.9729
212806,1411,45,0.1000,0.00000500,0.0000,6.4544,587.9195,0.0000,0.9778
212807,815,39,0.1000,0.00000500,0.0000,5.3993,556.9062,0.0000,0.9784
212808,795,33,0.1000,0.00000500,0.0000,4.4046,578.0344,0.0000,0.9830
212809,382,24,0.1000,0.00000500,0.0000,5.3925,536.6176,0.0000,0.9792
212810,647,35,0.1000,0.00000500,0.0000,5.9570,551.9285,0.0000,0.9714
212811,591,45,0.1000,0.00000500,0.0000,5.7971,542.9549,0.0000,0.9819
212812,3916,84,0.1000,0.00000500,0.0000,7.9205,631.6599,0.0000,0.9714
212813,354,27,0.1000,0.00000500,0.0000,6.7269,528.4976,0.0000,0.9711
212814,283,18,0.1000,0.00000500,0.0000,8.3711,550.8973,0.0000,0.9757
212815,606,33,0.1000,0.00000500,0.0000,6.0241,556.6868,0.0000,0.9754
212816,30,8,0.1000,0.00000500,0.0000,6.7306,492.8935,0.0000,0.9688
212817,104,12,0.1000,0.00000500,0.0000,6.4858,518.5139,0.0000,0.9844
212818,438,30,0.1000,0.00000500,0.0000,6.3259,546.1940,0.0000,0.9729
212819,157,15,0.1000,0.00000500,0.0000,7.1905,541.6193,0.0000,0.9750
212820,75,12,0.1000,0.00000500,0.0000,2.7496,518.4880,0.0000,0.9818
212821,223,18,0.1000,0.00000500,0.0000,3.3316,536.1305,0.0000,0.9826
212822,253,23,0.1000,0.00000500,0.0000,7.3241,526.9181,0.0000,0.9769
212823,4145,84,0.1000,0.00000500,0.0000,5.7724,629.2899,0.0000,0.9803
212824,377,21,0.1000,0.00000500,0.0000,3.6581,539.9742,0.0000,0.9866
212825,412,32,0.1000,0.00000500,0.0000,7.7863,543.9617,0.0000,0.9785
212826,774,27,0.1000,0.00000500,0.0000,5.7591,580.9096,0.0000,0.9745
212827,2014,69,0.1000,0.00000500,0.0000,4.6740,590.8179,0.0000,0.9787
212828,800,24,0.1000,0.00000500,0.0000,4.6468,569.7962,0.0000,0.9648
212829,1819,57,0.1000,0.00000500,0.0000,4.9199,584.8137,0.0000,0.9770
212830,986,36,0.1000,0.00000500,0.0000,4.2159,575.7270,0.0000,0.9766
212831,382,27,0.1000,0.00000500,0.0000,4.9645,552.0324,0.0000,0.9838
212832,771,48,0.1000,0.00000500,0.0000,4.5961,542.0376,0.0000,0.9837
212833,2818,56,0.1000,0.00000500,0.0000,4.6845,626.2933,0.0000,0.9827
212834,164,21,0.1000,0.00000500,0.0000,3.4003,519.6971,0.0000,0.9866
212835,2383,57,0.1000,0.00000500,0.0000,5.3837,610.4043,0.0000,0.9764
212836,163,18,0.1000,0.00000500,0.0000,7.1965,530.2685,0.0000,0.9774
212837,648,33,0.1000,0.00000500,0.0000,4.7836,569.2283,0.0000,0.9792
212838,274,17,0.1000,0.00000500,0.0000,8.2588,548.0086,0.0000,0.9743
212839,1877,42,0.1000,0.00000500,0.0000,5.7548,618.4718,0.0000,0.9747
212840,1344,38,0.1000,0.00000500,0.0000,5.3984,601.6844,0.0000,0.9819
212841,1561,60,0.1000,0.00000500,0.0000,7.5159,573.8023,0.0000,0.9760
212842,54,11,0.1000,0.00000500,0.0000,4.6802,507.4183,0.0000,0.9773
212843,1312,53,0.1000,0.00000500,0.0000,5.4037,570.9344,0.0000,0.9805
212844,618,42,0.1000,0.00000500,0.0000,6.9729,548.2545,0.0000,0.9821
212845,705,36,0.1000,0.00000500,0.0000,5.1530,555.1749,0.0000,0.9826
212846,3550,65,0.1000,0.00000500,0.0000,6.3839,652.7046,0.0000,0.9779
212847,656,27,0.1000,0.00000500,0.0000,4.8350,571.3773,0.0000,0.9826
212848,2857,94,0.1000,0.00000500,0.0000,5.1859,579.9838,0.0000,0.9807
212849,76,14,0.1000,0.00000500,0.0000,7.5373,511.7161,0.0000,0.9777
212850,715,33,0.1000,0.00000500,0.0000,4.3391,562.0463,0.0000,0.9830
212851,1003,51,0.1000,0.00000500,0.0000,3.3574,559.8906,0.0000,0.9841
212852,114,12,0.1000,0.00000500,0.0000,8.0642,521.9378,0.0000,0.9766
212853,129,15,0.1000,0.00000500,0.0000,3.0660,525.6754,0.0000,0.9771
212854,167,21,0.1000,0.00000500,0.0000,6.4729,520.2106,0.0000,0.9762
212855,926,52,0.1000,0.00000500,0.0000,6.7661,551.6032,0.0000,0.9814
212856,361,21,0.1000,0.00000500,0.0000,3.3786,542.3396,0.0000,0.9851
212857,928,39,0.1000,0.00000500,0.0000,4.7872,556.9041,0.0000,0.9808
212858,453,24,0.1000,0.00000500,0.0000,6.7681,553.7389,0.0000,0.9701
212859,8853,243,0.1000,0.00000500,0.0000,5.5348,603.5025,0.0000,0.9808
212860,980,42,0.1000,0.00000500,0.0000,4.7602,570.2621,0.0000,0.9732
212861,494,24,0.1000,0.00000500,0.0000,6.7092,550.4410,0.0000,0.9831
212862,330,21,0.1000,0.00000500,0.0000,2.9455,542.3379,0.0000,0.9881
212863,3290,78,0.1000,0.00000500,0.0000,4.8267,610.1864,0.0000,0.9804
212864,1097,48,0.1000,0.00000500,0.0000,5.1948,566.3805,0.0000,0.9753
212865,92,12,0.1000,0.00000500,0.0000,4.3799,503.2772,0.0000,0.9844
212866,49,9,0.1000,0.00000500,0.0000,5.7131,509.0991,0.0000,0.9792
212867,322,18,0.1000,0.00000500,0.0000,4.4711,538.3958,0.0000,0.9774
212868,2250,72,0.1000,0.00000500,0.0000,6.2077,589.7441,0.0000,0.9753
212869,237,21,0.1000,0.00000500,0.0000,6.8544,535.3755,0.0000,0.9747
212870,252,22,0.1000,0.00000500,0.0000,3.3368,531.2788,0.0000,0.9844
212871,43,9,0.1000,0.00000500,0.0000,5.4238,489.8571,0.0000,0.9688
212872,1488,45,0.1000,0.00000500,0.0000,3.6347,591.9207,0.0000,0.9806
212873,989,39,0.1000,0.00000500,0.0000,3.4255,564.4470,0.0000,0.9792
212874,583,27,0.1000,0.00000500,0.0000,6.3200,565.0748,0.0000,0.9815
212875,658,27,0.1000,0.00000500,0.0000,5.7790,569.8253,0.0000,0.9769
212876,3019,93,0.1000,0.00000500,0.0000,5.9187,593.9189,0.0000,0.9822
212877,894,30,0.1000,0.00000500,0.0000,4.0691,577.1763,0.0000,0.9823
212878,381,33,0.1000,0.00000500,0.0000,4.9771,530.8028,0.0000,0.9754
212879,667,29,0.1000,0.00000500,0.0000,5.0766,566.8158,0.0000,0.9817
212880,34,9,0.1000,0.00000500,0.0000,4.1431,500.4604,0.0000,0.9826
212881,379,33,0.1000,0.00000500,0.0000,5.4514,533.4778,0.0000,0.9773
212882,773,30,0.1000,0.00000500,0.0000,4.6978,571.3744,0.0000,0.9823
212883,326,22,0.1000,0.00000500,0.0000,4.1216,538.5620,0.0000,0.9901
212884,163,15,0.1000,0.00000500,0.0000,7.2952,522.7200,0.0000,0.9771
212885,474,25,0.1000,0.00000500,0.0000,7.4823,552.6871,0.0000,0.9788
212886,240,18,0.1000,0.00000500,0.0000,1.9916,542.2326,0.0000,0.9792
212887,273,18,0.1000,0.00000500,0.0000,4.6766,549.4556,0.0000,0.9844
212888,876,45,0.1000,0.00000500,0.0000,5.9395,557.8969,0.0000,0.9785
212889,1088,42,0.1000,0.00000500,0.0000,6.4994,571.9463,0.0000,0.9814
212890,1288,48,0.1000,0.00000500,0.0000,5.1348,581.2183,0.0000,0.9785
212891,930,33,0.1000,0.00000500,0.0000,5.6707,582.8747,0.0000,0.9877
212892,461,24,0.1000,0.00000500,0.0000,5.2040,554.2330,0.0000,0.9727
212893,167,15,0.1000,0.00000500,0.0000,7.3005,534.6308,0.0000,0.9729
212894,6338,84,0.1000,0.00000500,0.0000,6.1354,671.1646,0.0000,0.9762
212895,1727,66,0.1000,0.00000500,0.0000,6.1918,576.3297,0.0000,0.9735
212896,1586,57,0.1000,0.00000500,0.0000,5.2462,590.9506,0.0000,0.9836
212897,7553,93,0.1000,0.00000500,0.0000,6.2253,687.6906,0.0000,0.9782
212898,2157,62,0.1000,0.00000500,0.0000,6.1665,594.7308,0.0000,0.9788
212899,3319,60,0.1000,0.00000500,0.0000,7.6263,649.5414,0.0000,0.9812
212900,1454,54,0.1000,0.00000500,0.0000,5.1428,570.8005,0.0000,0.9740
212901,415,30,0.1000,0.00000500,0.0000,3.3678,542.3337,0.0000,0.9844
212902,911,45,0.1000,0.00000500,0.0000,4.9985,550.5553,0.0000,0.9806
212903,165,18,0.1000,0.00000500,0.0000,6.9498,527.3724,0.0000,0.9653
212904,1190,32,0.1000,0.00000500,0.0000,5.0506,592.6366,0.0000,0.9844
212905,163,18,0.1000,0.00000500,0.0000,5.4681,523.6920,0.0000,0.9878
212906,69,9,0.1000,0.00000500,0.0000,7.9658,512.8690,0.0000,0.9896
212907,129,15,0.1000,0.00000500,0.0000,4.9923,529.5473,0.0000,0.9729
212908,1409,68,0.1000,0.00000500,0.0000,7.1217,563.8765,0.0000,0.9729
212909,1781,54,0.1000,0.00000500,0.0000,6.0641,591.1688,0.0000,0.9809
212910,151,12,0.1000,0.00000500,0.0000,4.1118,524.1470,0.0000,0.9740
212911,1891,42,0.1000,0.00000500,0.0000,5.9679,624.9149,0.0000,0.9777
212912,690,42,0.1000,0.00000500,0.0000,8.4456,549.0475,0.0000,0.9717
212913,3599,63,0.1000,0.00000500,0.0000,6.1045,644.3680,0.0000,0.9841
212914,178,18,0.1000,0.00000500,0.0000,3.4185,519.9249,0.0000,0.9878
212915,474,30,0.1000,0.00000500,0.0000,4.7635,539.9210,0.0000,0.9781
212916,1832,59,0.1000,0.00000500,0.0000,6.2352,587.3357,0.0000,0.9788
212917,90,12,0.1000,0.00000500,0.0000,2.6281,514.6086,0.0000,0.9818
212918,6938,105,0.1000,0.00000500,0.0000,6.3642,652.3756,0.0000,0.9786
212919,1642,45,0.1000,0.00000500,0.0000,6.3897,599.4267,0.0000,0.9792
212920,1894,63,0.1000,0.00000500,0.0000,4.9764,587.0328,0.0000,0.9841
212921,120,15,0.1000,0.00000500,0.0000,5.6486,521.6577,0.0000,0.9812
212922,51,12,0.1000,0.00000500,0.0000,5.8283,507.8019,0.0000,0.9844
212923,157,15,0.1000,0.00000500,0.0000,5.2574,517.8049,0.0000,0.9833
212924,658,27,0.1000,0.00000500,0.0000,3.7014,565.9496,0.0000,0.9815
212925,1253,46,0.1000,0.00000500,0.0000,4.4093,569.6688,0.0000,0.9823
212926,80,12,0.1000,0.00000500,0.0000,4.9183,517.7227,0.0000,0.9792
212927,1268,66,0.1000,0.00000500,0.0000,5.3198,557.0893,0.0000,0.9806
212928,462,24,0.1000,0.00000500,0.0000,5.5136,552.7348,0.0000,0.9766
212929,2982,56,0.1000,0.00000500,0.0000,7.1388,646.1573,0.0000,0.9754
212930,99,12,0.1000,0.00000500,0.0000,4.9913,516.9840,0.0000,0.9766
212931,94,15,0.1000,0.00000500,0.0000,8.7749,515.2685,0.0000,0.9708
212932,54,10,0.1000,0.00000500,0.0000,7.7275,506.6227,0.0000,0.9688
212933,2312,50,0.1000,0.00000500,0.0000,4.9902,621.8085,0.0000,0.9800
212934,1400,43,0.1000,0.00000500,0.0000,5.5816,600.2640,0.0000,0.9804
212935,921,30,0.1000,0.00000500,0.0000,5.5580,581.2142,0.0000,0.9698
212936,32,7,0.1000,0.00000500,0.0000,3.5049,493.9378,0.0000,0.9866
212937,311,21,0.1000,0.00000500,0.0000,5.6163,539.1774,0.0000,0.9836
212938,367,21,0.1000,0.00000500,0.0000,6.4562,556.6337,0.0000,0.9747
212939,296,21,0.1000,0.00000500,0.0000,5.0386,531.8101,0.0000,0.9777
212940,257,21,0.1000,0.00000500,0.0000,4.5869,529.1933,0.0000,0.9821
212941,468,24,0.1000,0.00000500,0.0000,4.8487,566.8408,0.0000,0.9805
212942,3019,66,0.1000,0.00000500,0.0000,5.0050,630.5451,0.0000,0.9830
212943,770,27,0.1000,0.00000500,0.0000,4.1042,578.4454,0.0000,0.9861
212944,859,41,0.1000,0.00000500,0.0000,4.7270,556.7372,0.0000,0.9832
212945,246,21,0.1000,0.00000500,0.0000,6.5183,538.9034,0.0000,0.9717
212946,1283,60,0.1000,0.00000500,0.0000,6.8004,558.1281,0.0000,0.9771
212947,298,21,0.1000,0.00000500,0.0000,6.0518,537.2281,0.0000,0.9821
212948,36,9,0.1000,0.00000500,0.0000,4.3374,498.2406,0.0000,0.9688
212949,127,17,0.1000,0.00000500,0.0000,4.0441,515.8464,0.0000,0.9798
212950,262,21,0.1000,0.00000500,0.0000,3.6229,530.3436,0.0000,0.9836
212951,2337,54,0.1000,0.00000500,0.0000,4.8486,617.8906,0.0000,0.9780
212952,1153,60,0.1000,0.00000500,0.0000,4.5387,559.9128,0.0000,0.9812
212953,10396,125,0.1000,0.00000500,0.0000,5.3972,684.1072,0.0000,0.9765
212954,371,27,0.1000,0.00000500,0.0000,5.0992,534.0829,0.0000,0.9792
212955,3553,60,0.1000,0.00000500,0.0000,6.4470,652.5429,0.0000,0.9760
212956,101,17,0.1000,0.00000500,0.0000,4.1604,511.3552,0.0000,0.9853
212957,553,27,0.1000,0.00000500,0.0000,8.5978,571.5353,0.0000,0.9745
212958,483,27,0.1000,0.00000500,0.0000,5.7278,560.9102,0.0000,0.9780
212959,2840,70,0.1000,0.00000500,0.0000,4.4293,608.3655,0.0000,0.9848
212960,99,15,0.1000,0.00000500,0.0000,7.1513,516.4928,0.0000,0.9792
212961,1156,60,0.1000,0.00000500,0.0000,6.8238,563.9536,0.0000,0.9786
212962,2136,93,0.1000,0.00000500,0.0000,6.3219,561.0557,0.0000,0.9782
212963,50,12,0.1000,0.00000500,0.0000,5.2653,505.4637,0.0000,0.9818
212964,106,15,0.1000,0.00000500,0.0000,9.7697,516.1973,0.0000,0.9750
212965,1133,57,0.1000,0.00000500,0.0000,3.7728,562.2914,0.0000,0.9786
212966,265,24,0.1000,0.00000500,0.0000,6.6337,535.0816,0.0000,0.9740
212967,906,39,0.1000,0.00000500,0.0000,4.2568,559.1002,0.0000,0.9784
212968,2072,42,0.1000,0.00000500,0.0000,4.6373,636.9391,0.0000,0.9769
212969,1712,48,0.1000,0.00000500,0.0000,5.7062,609.2115,0.0000,0.9785
212970,825,48,0.1000,0.00000500,0.0000,4.2665,546.1228,0.0000,0.9759
212971,49,9,0.1000,0.00000500,0.0000,7.2773,504.8696,0.0000,0.9896
212972,597,39,0.1000,0.00000500,0.0000,6.3617,555.3531,0.0000,0.9800
212973,208,19,0.1000,0.00000500,0.0000,3.0522,531.4455,0.0000,0.9786
212974,546,24,0.1000,0.00000500,0.0000,3.8237,557.4784,0.0000,0.9792
212975,217,24,0.1000,0.00000500,0.0000,4.8680,523.8557,0.0000,0.9831
212976,3402,78,0.1000,0.00000500,0.0000,4.5237,619.9810,0.0000,0.9824
212977,1246,45,0.1000,0.00000500,0.0000,6.5182,573.2767,0.0000,0.9812
212978,217,15,0.1000,0.00000500,0.0000,2.8432,534.7465,0.0000,0.9938
212979,737,35,0.1000,0.00000500,0.0000,5.4440,557.0055,0.0000,0.9804
212980,574,27,0.1000,0.00000500,0.0000,5.2626,557.6681,0.0000,0.9699
212981,160,18,0.1000,0.00000500,0.0000,3.2866,521.2074,0.0000,0.9826
212982,1362,68,0.1000,0.00000500,0.0000,6.8765,561.0293,0.0000,0.9835
212983,157,15,0.1000,0.00000500,0.0000,4.4329,522.9599,0.0000,0.9854
212984,559,25,0.1000,0.00000500,0.0000,5.7554,558.3713,0.0000,0.9812
212985,1450,57,0.1000,0.00000500,0.0000,6.0971,565.2533,0.0000,0.9825
212986,144,21,0.1000,0.00000500,0.0000,4.0018,528.0865,0.0000,0.9821
212987,31,10,0.1000,0.00000500,0.0000,8.6912,496.5747,0.0000,0.9844
212988,159,15,0.1000,0.00000500,0.0000,5.2153,527.9737,0.0000,0.9833
212989,437,18,0.1000,0.00000500,0.0000,9.0009,559.0941,0.0000,0.9705
212990,558,39,0.1000,0.00000500,0.0000,4.9451,542.1716,0.0000,0.9856
212991,194,18,0.1000,0.00000500,0.0000,4.9102,533.6543,0.0000,0.9826
212992,1199,36,0.1000,0.00000500,0.0000,4.7786,594.9552,0.0000,0.9800
212993,365,30,0.1000,0.00000500,0.0000,5.0208,529.6219,0.0000,0.9781
212994,296,27,0.1000,0.00000500,0.0000,7.0974,538.6984,0.0000,0.9745
212995,1921,60,0.1000,0.00000500,0.0000,5.0592,588.4810,0.0000,0.9828
212996,976,36,0.1000,0.00000500,0.0000,6.1356,581.8664,0.0000,0.9766
212997,2263,60,0.1000,0.00000500,0.0000,4.5200,607.1927,0.0000,0.9760
212998,362,21,0.1000,0.00000500,0.0000,4.5512,538.6287,0.0000,0.9807
212999,139,18,0.1000,0.00000500,0.0000,4.8847,524.0419,0.0000,0.9688
213000,452,24,0.1000,0.00000500,0.0000,6.3633,543.1592,0.0000,0.9766
213001,1797,72,0.1000,0.00000500,0.0000,5.4047,574.9765,0.0000,0.9779
213002,125,16,0.1000,0.00000500,0.0000,8.2861,517.8692,0.0000,0.9727
213003,1326,48,0.1000,0.00000500,0.0000,7.6659,581.2524,0.0000,0.9727
213004,1053,52,0.1000,0.00000500,0.0000,5.5211,554.5265,0.0000,0.9844
213005,2061,42,0.1000,0.00000500,0.0000,4.4651,626.4924,0.0000,0.9851
213006,449,30,0.1000,0.00000500,0.0000,4.6907,543.8188,0.0000,0.9750
213007,13,3,0.1000,0.00000500,0.0000,5.6065,492.6627,0.0000,0.9479
213008,265,21,0.1000,0.00000500,0.0000,6.4324,527.5383,0.0000,0.9717
213009,212,15,0.1000,0.00000500,0.0000,7.4879,528.2142,0.0000,0.9771
213010,435,33,0.1000,0.00000500,0.0000,6.1152,542.9515,0.0000,0.9763
213011,62,9,0.1000,0.00000500,0.0000,2.1907,512.9854,0.0000,0.9792
213012,3572,105,0.1000,0.00000500,0.0000,5.6040,593.1035,0.0000,0.9792
213013,161,15,0.1000,0.00000500,0.0000,9.1618,521.7527,0.0000,0.9833
213014,1790,66,0.1000,0.00000500,0.0000,6.5263,578.1576,0.0000,0.9796
213015,591,36,0.1000,0.00000500,0.0000,6.2269,545.3106,0.0000,0.9818
213016,928,38,0.1000,0.00000500,0.0000,5.9520,552.3540,0.0000,0.9811
213017,2082,57,0.1000,0.00000500,0.0000,6.3148,599.5322,0.0000,0.9830
213018,562,36,0.1000,0.00000500,0.0000,5.3388,547.3836,0.0000,0.9774
213019,143,19,0.1000,0.00000500,0.0000,4.8499,517.7080,0.0000,0.9737
213020,1243,60,0.1000,0.00000500,0.0000,5.6761,559.7863,0.0000,0.9797
213021,458,23,0.1000,0.00000500,0.0000,4.9560,551.7288,0.0000,0.9769
213022,3432,81,0.1000,0.00000500,0.0000,5.7398,617.3994,0.0000,0.9784
213023,1595,47,0.1000,0.00000500,0.0000,4.9703,594.2382,0.0000,0.9807
213024,124,14,0.1000,0.00000500,0.0000,4.1685,514.6348,0.0000,0.9866
213025,1005,45,0.1000,0.00000500,0.0000,3.5883,565.5556,0.0000,0.9826
213026,222,18,0.1000,0.00000500,0.0000,8.3823,538.8625,0.0000,0.9670
213027,218,18,0.1000,0.00000500,0.0000,4.9968,534.0695,0.0000,0.9688
213028,309,24,0.1000,0.00000500,0.0000,4.8739,530.6884,0.0000,0.9792
213029,1377,48,0.1000,0.00000500,0.0000,5.7162,581.2016,0.0000,0.9824
213030,304,20,0.1000,0.00000500,0.0000,6.4538,548.4108,0.0000,0.9797
213031,298,26,0.1000,0.00000500,0.0000,5.3415,527.6973,0.0000,0.9820
213032,1186,36,0.1000,0.00000500,0.0000,5.9162,588.6365,0.0000,0.9792
213033,2731,75,0.1000,0.00000500,0.0000,5.4035,593.9903,0.0000,0.9804
213034,202,15,0.1000,0.00000500,0.0000,4.3824,539.5149,0.0000,0.9792
213035,442,33,0.1000,0.00000500,0.0000,4.2835,541.1697,0.0000,0.9782
213036,390,24,0.1000,0.00000500,0.0000,5.9268,547.5718,0.0000,0.9753
213037,199,18,0.1000,0.00000500,0.0000,5.2319,527.9258,0.0000,0.9826
213038,589,33,0.1000,0.00000500,0.0000,6.0457,555.7321,0.0000,0.9763
213039,670,29,0.1000,0.00000500,0.0000,6.2691,569.8480,0.0000,0.9720
213040,251,24,0.1000,0.00000500,0.0000,6.5824,526.6673,0.0000,0.9701
213041,1198,36,0.1000,0.00000500,0.0000,3.8523,588.3165,0.0000,0.9844
213042,530,30,0.1000,0.00000500,0.0000,5.0773,543.8801,0.0000,0.9750
213043,84,13,0.1000,0.00000500,0.0000,6.8492,522.3409,0.0000,0.9712
213044,2745,87,0.1000,0.00000500,0.0000,5.9781,586.5997,0.0000,0.9774
213045,1058,42,0.1000,0.00000500,0.0000,5.4909,562.9111,0.0000,0.9777
213046,2172,87,0.1000,0.00000500,0.0000,5.5247,580.7904,0.0000,0.9810
213047,885,56,0.1000,0.00000500,0.0000,4.7144,542.9884,0.0000,0.9805
213048,5165,90,0.1000,0.00000500,0.0000,5.2881,650.7304,0.0000,0.9823
213049,554,24,0.1000,0.00000500,0.0000,5.0302,556.2576,0.0000,0.9844
213050,1171,45,0.1000,0.00000500,0.0000,5.6907,570.6854,0.0000,0.9806
213051,3509,78,0.1000,0.00000500,0.0000,6.5443,625.7026,0.0000,0.9808
213052,709,33,0.1000,0.00000500,0.0000,7.1235,557.8292,0.0000,0.9763
213053,1210,54,0.1000,0.00000500,0.0000,6.4261,573.2176,0.0000,0.9815
213054,1040,45,0.1000,0.00000500,0.0000,5.8806,560.3915,0.0000,0.9812
213055,388,24,0.1000,0.00000500,0.0000,6.5456,541.2584,0.0000,0.9805
213056,2169,77,0.1000,0.00000500,0.0000,7.0158,582.7491,0.0000,0.9765
213057,4190,99,0.1000,0.00000500,0.0000,5.9188,614.3315,0.0000,0.9798
213058,567,33,0.1000,0.00000500,0.0000,7.0235,560.1055,0.0000,0.9763
213059,1866,39,0.1000,0.00000500,0.0000,4.6333,618.4507,0.0000,0.9840
213060,1057,50,0.1000,0.00000500,0.0000,5.9271,562.8453,0.0000,0.9825
213061,284,24,0.1000,0.00000500,0.0000,4.0832,534.7304,0.0000,0.9831
213062,345,27,0.1000,0.00000500,0.0000,3.5479,551.2792,0.0000,0.9826
213063,654,24,0.1000,0.00000500,0.0000,7.9138,567.5549,0.0000,0.9818
213064,1931,60,0.1000,0.00000500,0.0000,4.8947,592.8233,0.0000,0.9771
213065,824,33,0.1000,0.00000500,0.0000,5.4570,572.9329,0.0000,0.9754
213066,785,30,0.1000,0.00000500,0.0000,4.6053,569.7642,0.0000,0.9812
213067,389,27,0.1000,0.00000500,0.0000,4.2819,538.2217,0.0000,0.9850
213068,2724,48,0.1000,0.00000500,0.0000,5.4780,637.6441,0.0000,0.9798
213069,804,39,0.1000,0.00000500,0.0000,5.7620,555.7715,0.0000,0.9816
213070,1354,39,0.1000,0.00000500,0.0000,5.1215,591.1441,0.0000,0.9752
213071,241,21,0.1000,0.00000500,0.0000,4.3020,528.6393,0.0000,0.9732
213072,119,15,0.1000,0.00000500,0.0000,5.1377,517.0133,0.0000,0.9812
213073,641,33,0.1000,0.00000500,0.0000,5.5879,561.5839,0.0000,0.9820
213074,5087,105,0.1000,0.00000500,0.0000,5.5306,623.0233,0.0000,0.9810
213075,257,21,0.1000,0.00000500,0.0000,5.0354,529.1359,0.0000,0.9747
213076,270,27,0.1000,0.00000500,0.0000,4.1954,529.1129,0.0000,0.9803
213077,226,18,0.1000,0.00000500,0.0000,3.3986,529.5131,0.0000,0.9809
213078,2104,78,0.1000,0.00000500,0.0000,6.2142,577.8107,0.0000,0.9784
213079,273,24,0.1000,0.00000500,0.0000,5.6954,524.6166,0.0000,0.9753
213080,169,18,0.1000,0.00000500,0.0000,4.6009,520.3818,0.0000,0.9896
213081,375,21,0.1000,0.00000500,0.0000,6.0712,546.8145,0.0000,0.9821
213082,1847,69,0.1000,0.00000500,0.0000,4.7241,573.7949,0.0000,0.9810
213083,213,21,0.1000,0.00000500,0.0000,4.2462,524.1503,0.0000,0.9777
213084,658,27,0.1000,0.00000500,0.0000,9.0123,567.9583,0.0000,0.9757
213085,1385,63,0.1000,0.00000500,0.0000,5.7043,570.1485,0.0000,0.9856
213086,443,29,0.1000,0.00000500,0.0000,5.7026,538.4092,0.0000,0.9806
213087,4162,75,0.1000,0.00000500,0.0000,4.5094,641.4615,0.0000,0.9817
213088,180,21,0.1000,0.00000500,0.0000,4.4815,528.7965,0.0000,0.9821
213089,762,26,0.1000,0.00000500,0.0000,5.6533,569.8218,0.0000,0.9808
213090,1043,33,0.1000,0.00000500,0.0000,4.7795,584.5755,0.0000,0.9801
213091,2529,66,0.1000,0.00000500,0.0000,5.6207,604.3688,0.0000,0.9749
213092,286,21,0.1000,0.00000500,0.0000,6.8253,527.5735,0.0000,0.9836
213093,648,24,0.1000,0.00000500,0.0000,5.7894,564.3694,0.0000,0.9844
213094,938,48,0.1000,0.00000500,0.0000,6.2006,554.6512,0.0000,0.9818
213095,707,36,0.1000,0.00000500,0.0000,5.6074,557.3468,0.0000,0.9748
213096,372,24,0.1000,0.00000500,0.0000,6.0964,547.8371,0.0000,0.9753
213097,389,24,0.1000,0.00000500,0.0000,5.4090,540.4913,0.0000,0.9818
213098,1079,42,0.1000,0.00000500,0.0000,5.0492,552.7493,0.0000,0.9784
213099,68,9,0.1000,0.00000500,0.0000,7.0911,509.8860,0.0000,0.9722
213100,81,12,0.1000,0.00000500,0.0000,5.5141,530.9674,0.0000,0.9766
213101,718,39,0.1000,0.00000500,0.0000,4.4257,548.3283,0.0000,0.9824
213102,997,45,0.1000,0.00000500,0.0000,5.2599,557.8201,0.0000,0.9812
213103,222,24,0.1000,0.00000500,0.0000,5.0993,527.9090,0.0000,0.9818
213104,683,30,0.1000,0.00000500,0.0000,4.0456,572.1517,0.0000,0.9812
213105,45,9,0.1000,0.00000500,0.0000,5.8301,506.0972,0.0000,0.9757
213106,2667,75,0.1000,0.00000500,0.0000,4.9064,608.4914,0.0000,0.9783
213107,290,21,0.1000,0.00000500,0.0000,5.5580,534.4311,0.0000,0.9717
213108,2097,66,0.1000,0.00000500,0.0000,5.5725,582.6509,0.0000,0.9740
213109,569,39,0.1000,0.00000500,0.0000,4.3714,538.8895,0.0000,0.9736
213110,54,11,0.1000,0.00000500,0.0000,5.3261,499.5882,0.0000,0.9858
213111,409,27,0.1000,0.00000500,0.0000,4.9202,541.9601,0.0000,0.9792
213112,136,15,0.1000,0.00000500,0.0000,7.5443,515.6174,0.0000,0.9812
213113,9511,169,0.1000,0.00000500,0.0000,5.9540,641.3695,0.0000,0.9784
213114,713,39,0.1000,0.00000500,0.0000,6.7312,552.8494,0.0000,0.9800
213115,159,15,0.1000,0.00000500,0.0000,9.7160,523.0430,0.0000,0.9750
213116,3328,81,0.1000,0.00000500,0.0000,5.8303,621.4323,0.0000,0.9761
213117,1381,48,0.1000,0.00000500,0.0000,6.8441,582.1867,0.0000,0.9753
213118,347,24,0.1000,0.00000500,0.0000,5.5397,537.9788,0.0000,0.9766
213119,922,51,0.1000,0.00000500,0.0000,6.4716,550.3870,0.0000,0.9841
213120,58,15,0.1000,0.00000500,0.0000,5.8515,506.4614,0.0000,0.9854
213121,324,21,0.1000,0.00000500,0.0000,4.1221,532.2496,0.0000,0.9792
213122,198,18,0.1000,0.00000500,0.0000,4.4820,527.5207,0.0000,0.9722
213123,1706,42,0.1000,0.00000500,0.0000,4.9833,605.0584,0.0000,0.9792
213124,5468,95,0.1000,0.00000500,0.0000,5.9284,657.8650,0.0000,0.9780
213125,520,31,0.1000,0.00000500,0.0000,5.2424,547.9046,0.0000,0.9859
213126,962,48,0.1000,0.00000500,0.0000,5.0995,566.3550,0.0000,0.9811
213127,248,24,0.1000,0.00000500,0.0000,6.8541,522.6030,0.0000,0.9740
213128,1934,66,0.1000,0.00000500,0.0000,6.5037,583.1693,0.0000,0.9773
213129,122,15,0.1000,0.00000500,0.0000,6.9213,527.7713,0.0000,0.9771
213130,1815,64,0.1000,0.00000500,0.0000,6.1075,577.8970,0.0000,0.9780
213131,187,18,0.1000,0.00000500,0.0000,2.4039,526.3673,0.0000,0.9896
213132,3179,75,0.1000,0.00000500,0.0000,5.1691,614.3736,0.0000,0.9833
213133,908,30,0.1000,0.00000500,0.0000,5.5679,579.4271,0.0000,0.9854
213134,781,36,0.1000,0.00000500,0.0000,6.2493,558.3388,0.0000,0.9783
213135,245,21,0.1000,0.00000500,0.0000,5.3125,531.4610,0.0000,0.9792
213136,3544,99,0.1000,0.00000500,0.0000,5.8912,599.4960,0.0000,0.9785
213137,231,24,0.1000,0.00000500,0.0000,5.3489,526.4896,0.0000,0.9727
213138,62,9,0.1000,0.00000500,0.0000,11.4346,505.9300,0.0000,0.9757
213139,1016,48,0.1000,0.00000500,0.0000,7.9573,560.7719,0.0000,0.9759
213140,2006,66,0.1000,0.00000500,0.0000,6.8004,584.4853,0.0000,0.9754
213141,914,30,0.1000,0.00000500,0.0000,5.6860,578.4621,0.0000,0.9792
213142,743,36,0.1000,0.00000500,0.0000,4.8959,564.3153,0.0000,0.9774
213143,7889,78,0.1000,0.00000500,0.0000,6.0989,706.3591,0.0000,0.9760
213144,1162,48,0.1000,0.00000500,0.0000,6.3398,563.5838,0.0000,0.9805
213145,1009,45,0.1000,0.00000500,0.0000,4.6589,567.4680,0.0000,0.9826
213146,134,18,0.1000,0.00000500,0.0000,6.0503,511.9788,0.0000,0.9774
213147,112,12,0.1000,0.00000500,0.0000,6.3533,522.3066,0.0000,0.9844
213148,455,22,0.1000,0.00000500,0.0000,3.9607,575.2836,0.0000,0.9759
213149,4841,153,0.1000,0.00000500,0.0000,5.0948,588.5509,0.0000,0.9777
213150,866,40,0.1000,0.00000500,0.0000,4.5664,567.5504,0.0000,0.9773
213151,932,47,0.1000,0.00000500,0.0000,6.4568,561.6589,0.0000,0.9781
213152,275,21,0.1000,0.00000500,0.0000,5.8696,534.9396,0.0000,0.9807
213153,293,18,0.1000,0.00000500,0.0000,5.2572,548.3486,0.0000,0.9740
213154,606,35,0.1000,0.00000500,0.0000,5.5569,553.7888,0.0000,0.9759
213155,455,24,0.1000,0.00000500,0.0000,5.8060,553.1108,0.0000,0.9844
213156,1781,82,0.1000,0.00000500,0.0000,4.6670,567.1518,0.0000,0.9825
213157,473,30,0.1000,0.00000500,0.0000,3.4673,538.9353,0.0000,0.9865
213158,263,24,0.1000,0.00000500,0.0000,6.5022,531.3987,0.0000,0.9753
213159,210,21,0.1000,0.00000500,0.0000,4.3175,528.7216,0.0000,0.9896
213160,902,31,0.1000,0.00000500,0.0000,5.3922,581.0786,0.0000,0.9819
213161,1691,42,0.1000,0.00000500,0.0000,7.5119,617.6959,0.0000,0.9754
213162,1052,33,0.1000,0.00000500,0.0000,5.5544,585.2494,0.0000,0.9782
213163,1043,33,0.1000,0.00000500,0.0000,4.1406,588.8471,0.0000,0.9867
213164,1516,39,0.1000,0.00000500,0.0000,7.1294,605.7476,0.0000,0.9776
213165,445,21,0.1000,0.00000500,0.0000,5.1514,554.9711,0.0000,0.9836
213166,129,15,0.1000,0.00000500,0.0000,9.4102,512.6559,0.0000,0.9729
213167,263,23,0.1000,0.00000500,0.0000,8.1560,533.9500,0.0000,0.9742
213168,1685,51,0.1000,0.00000500,0.0000,5.0399,594.5328,0.0000,0.9816
213169,425,27,0.1000,0.00000500,0.0000,4.5615,540.9091,0.0000,0.9803
213170,769,48,0.1000,0.00000500,0.0000,4.7094,543.9623,0.0000,0.9766
213171,898,30,0.1000,0.00000500,0.0000,5.1092,573.6827,0.0000,0.9802
213172,168,17,0.1000,0.00000500,0.0000,4.9543,532.0899,0.0000,0.9798
213173,1188,36,0.1000,0.00000500,0.0000,5.3782,592.4676,0.0000,0.9774
213174,924,33,0.1000,0.00000500,0.0000,7.1888,575.5754,0.0000,0.9811
213175,4748,84,0.1000,0.00000500,0.0000,5.5787,638.2041,0.0000,0.9807
213176,1773,54,0.1000,0.00000500,0.0000,5.8700,593.7586,0.0000,0.9774
213177,3771,90,0.1000,0.00000500,0.0000,6.0705,609.5220,0.0000,0.9802
213178,2679,63,0.1000,0.00000500,0.0000,5.3972,613.8284,0.0000,0.9812
213179,3518,105,0.1000,0.00000500,0.0000,5.2954,598.5867,0.0000,0.9768
213180,224,25,0.1000,0.00000500,0.0000,5.5727,523.1635,0.0000,0.9775
213181,535,36,0.1000,0.00000500,0.0000,5.4622,539.2541,0.0000,0.9826
213182,2320,72,0.1000,0.00000500,0.0000,7.1012,592.1969,0.0000,0.9748
213183,1162,42,0.1000,0.00000500,0.0000,7.4861,577.0455,0.0000,0.9762
213184,226,18,0.1000,0.00000500,0.0000,4.7163,535.8515,0.0000,0.9774
213185,3847,64,0.1000,0.00000500,0.0000,5.1593,646.3568,0.0000,0.9805
213186,1524,63,0.1000,0.00000500,0.0000,6.9929,575.0616,0.0000,0.9821
213187,691,33,0.1000,0.00000500,0.0000,4.7011,563.1439,0.0000,0.9801
213188,965,36,0.1000,0.00000500,0.0000,5.4867,580.4629,0.0000,0.9835
213189,420,27,0.1000,0.00000500,0.0000,3.5402,550.2628,0.0000,0.9896
213190,4296,93,0.1000,0.00000500,0.0000,5.6447,622.7661,0.0000,0.9815
213191,433,30,0.1000,0.00000500,0.0000,6.5659,539.7796,0.0000,0.9729
213192,2444,60,0.1000,0.00000500,0.0000,6.8523,602.8076,0.0000,0.9745
213193,558,33,0.1000,0.00000500,0.0000,3.5415,546.4606,0.0000,0.9801
213194,678,30,0.1000,0.00000500,0.0000,4.7505,558.8380,0.0000,0.9771
213195,1537,63,0.1000,0.00000500,0.0000,5.4053,564.1278,0.0000,0.9836
213196,270,21,0.1000,0.00000500,0.0000,5.5125,536.6134,0.0000,0.9836
213197,466,26,0.1000,0.00000500,0.0000,6.9772,559.6075,0.0000,0.9760
213198,492,35,0.1000,0.00000500,0.0000,3.2059,542.0219,0.0000,0.9866
213199,208,21,0.1000,0.00000500,0.0000,6.9580,514.7969,0.0000,0.9777
213200,167,15,0.1000,0.00000500,0.0000,8.9001,522.6926,0.0000,0.9729
213201,3561,72,0.1000,0.00000500,0.0000,5.8020,640.6528,0.0000,0.9792
213202,221,17,0.1000,0.00000500,0.0000,5.9882,523.9017,0.0000,0.9724
213203,3920,69,0.1000,0.00000500,0.0000,6.5394,633.6832,0.0000,0.9787
213204,519,18,0.1000,0.00000500,0.0000,5.6917,547.4554,0.0000,0.9826
213205,592,36,0.1000,0.00000500,0.0000,4.6275,542.6711,0.0000,0.9688
213206,5896,108,0.1000,0.00000500,0.0000,4.9494,642.9258,0.0000,0.9809
213207,425,12,0.1000,0.00000500,0.0000,5.8407,540.0068,0.0000,0.9818
213208,74,15,0.1000,0.00000500,0.0000,3.4191,513.4112,0.0000,0.9854
213209,208,15,0.1000,0.00000500,0.0000,5.3354,527.2215,0.0000,0.9833
213210,680,39,0.1000,0.00000500,0.0000,6.1038,547.7554,0.0000,0.9824
213211,749,39,0.1000,0.00000500,0.0000,4.4122,558.7538,0.0000,0.9808
213212,567,36,0.1000,0.00000500,0.0000,5.0707,544.4773,0.0000,0.9774
213213,458,24,0.1000,0.00000500,0.0000,3.6915,550.9304,0.0000,0.9805
213214,150,15,0.1000,0.00000500,0.0000,7.5841,521.2749,0.0000,0.9750
213215,81,12,0.1000,0.00000500,0.0000,5.5781,523.2299,0.0000,0.9844
213216,1713,69,0.1000,0.00000500,0.0000,5.7743,564.7897,0.0000,0.9764
213217,2125,69,0.1000,0.00000500,0.0000,4.1590,590.1908,0.0000,0.9846
213218,137,15,0.1000,0.00000500,0.0000,6.2775,517.8487,0.0000,0.9688
213219,72,12,0.1000,0.00000500,0.0000,2.9718,513.7538,0.0000,0.9818
213220,634,36,0.1000,0.00000500,0.0000,5.1131,546.8071,0.0000,0.9887
213221,132,15,0.1000,0.00000500,0.0000,9.7290,517.6071,0.0000,0.9854
213222,713,33,0.1000,0.00000500,0.0000,4.2270,556.2646,0.0000,0.9905
213223,336,24,0.1000,0.00000500,0.0000,6.3210,538.5729,0.0000,0.9818
213224,174,18,0.1000,0.00000500,0.0000,4.3764,523.5217,0.0000,0.9809
213225,33,6,0.1000,0.00000500,0.0000,6.1918,497.8462,0.0000,0.9792
213226,445,27,0.1000,0.00000500,0.0000,6.0786,548.8266,0.0000,0.9815
213227,87,15,0.1000,0.00000500,0.0000,5.3618,507.7632,0.0000,0.9708
213228,959,39,0.1000,0.00000500,0.0000,4.1074,561.0135,0.0000,0.9856
213229,351,30,0.1000,0.00000500,0.0000,6.1402,539.5168,0.0000,0.9812
213230,7296,141,0.1000,0.00000500,0.0000,5.2211,626.4757,0.0000,0.9816
213231,602,36,0.1000,0.00000500,0.0000,5.8507,539.5578,0.0000,0.9783
213232,2281,90,0.1000,0.00000500,0.0000,5.4150,584.3149,0.0000,0.9823
213233,1015,54,0.1000,0.00000500,0.0000,6.2700,554.1018,0.0000,0.9786
213234,579,27,0.1000,0.00000500,0.0000,5.5429,564.4561,0.0000,0.9803
213235,301,23,0.1000,0.00000500,0.0000,5.9412,534.8054,0.0000,0.9769
213236,2923,84,0.1000,0.00000500,0.0000,5.8619,594.6936,0.0000,0.9825
213237,472,27,0.1000,0.00000500,0.0000,4.0774,551.6705,0.0000,0.9826
213238,2514,85,0.1000,0.00000500,0.0000,6.0396,578.6720,0.0000,0.9824
213239,287,19,0.1000,0.00000500,0.0000,7.0431,539.7461,0.0000,0.9836
213240,3727,54,0.1000,0.00000500,0.0000,6.2266,666.7676,0.0000,0.9745
213241,239,18,0.1000,0.00000500,0.0000,6.7457,531.0881,0.0000,0.9653
213242,3117,109,0.1000,0.00000500,0.0000,4.7785,584.8999,0.0000,0.9782
213243,1389,54,0.1000,0.00000500,0.0000,6.6906,565.9560,0.0000,0.9809
213244,9034,135,0.1000,0.00000500,0.0000,5.8189,660.4285,0.0000,0.9782
213245,4713,78,0.1000,0.00000500,0.0000,6.2682,653.5734,0.0000,0.9800
213246,286,24,0.1000,0.00000500,0.0000,4.3089,524.6098,0.0000,0.9870
213247,419,30,0.1000,0.00000500,0.0000,6.6068,537.2789,0.0000,0.9771
213248,74,12,0.1000,0.00000500,0.0000,4.1383,509.0994,0.0000,0.9766
213249,72,12,0.1000,0.00000500,0.0000,6.1442,513.3222,0.0000,0.9896
213250,3142,72,0.1000,0.00000500,0.0000,6.9186,613.5246,0.0000,0.9779
213251,384,27,0.1000,0.00000500,0.0000,6.4960,542.6617,0.0000,0.9734
213252,8884,207,0.1000,0.00000500,0.0000,5.5822,616.2510,0.0000,0.9805
213253,222,18,0.1000,0.00000500,0.0000,8.0685,537.5882,0.0000,0.9757
213254,1771,73,0.1000,0.00000500,0.0000,4.6322,568.1326,0.0000,0.9816
213255,248,21,0.1000,0.00000500,0.0000,6.1252,535.5463,0.0000,0.9732
213256,651,27,0.1000,0.00000500,0.0000,3.6087,578.0881,0.0000,0.9838
213257,411,30,0.1000,0.00000500,0.0000,5.4024,544.6097,0.0000,0.9812
213258,4761,108,0.1000,0.00000500,0.0000,5.3747,619.7938,0.0000,0.9803
213259,5324,81,0.1000,0.00000500,0.0000,5.7527,660.6005,0.0000,0.9769
213260,452,24,0.1000,0.00000500,0.0000,4.3025,551.7648,0.0000,0.9805
213261,1317,51,0.1000,0.00000500,0.0000,5.5893,575.9992,0.0000,0.9786
213262,38,7,0.1000,0.00000500,0.0000,3.6238,500.7075,0.0000,0.9732
213263,2177,75,0.1000,0.00000500,0.0000,6.1780,583.2224,0.0000,0.9746
213264,295,21,0.1000,0.00000500,0.0000,4.4406,542.2635,0.0000,0.9866
213265,6173,120,0.1000,0.00000500,0.0000,5.1464,632.0377,0.0000,0.9820
213266,1096,57,0.1000,0.00000500,0.0000,6.5848,561.9757,0.0000,0.9792
213267,758,39,0.1000,0.00000500,0.0000,4.1564,566.8175,0.0000,0.9872
213268,109,12,0.1000,0.00000500,0.0000,7.4415,519.3415,0.0000,0.9792
213269,1629,70,0.1000,0.00000500,0.0000,5.0597,571.2505,0.0000,0.9839
213270,187,21,0.1000,0.00000500,0.0000,5.9724,524.6531,0.0000,0.9807
213271,220,18,0.1000,0.00000500,0.0000,3.4678,528.9934,0.0000,0.9896
213272,168,18,0.1000,0.00000500,0.0000,5.5113,539.6819,0.0000,0.9809
213273,1521,39,0.1000,0.00000500,0.0000,6.5272,605.4289,0.0000,0.9872
213274,3927,93,0.1000,0.00000500,0.0000,5.2481,616.0275,0.0000,0.9798
213275,1092,39,0.1000,0.00000500,0.0000,5.0882,576.0559,0.0000,0.9792
213276,163,15,0.1000,0.00000500,0.0000,4.2893,519.7354,0.0000,0.9854
213277,816,47,0.1000,0.00000500,0.0000,7.9536,549.7160,0.0000,0.9767
213278,347,27,0.1000,0.00000500,0.0000,6.7067,536.6666,0.0000,0.9803
213279,3254,72,0.1000,0.00000500,0.0000,4.0631,618.4182,0.0000,0.9796
213280,174,18,0.1000,0.00000500,0.0000,6.0798,527.1814,0.0000,0.9705
213281,1299,45,0.1000,0.00000500,0.0000,4.9172,564.4055,0.0000,0.9819
213282,1913,63,0.1000,0.00000500,0.0000,7.5394,584.5406,0.0000,0.9777
213283,302,24,0.1000,0.00000500,0.0000,5.2238,533.9846,0.0000,0.9779
213284,4427,129,0.1000,0.00000500,0.0000,5.9878,596.4656,0.0000,0.9828
213285,5530,126,0.1000,0.00000500,0.0000,5.5370,617.8240,0.0000,0.9762
213286,1370,39,0.1000,0.00000500,0.0000,4.5429,596.4602,0.0000,0.9864
213287,2923,57,0.1000,0.00000500,0.0000,6.6001,627.1198,0.0000,0.9803
213288,682,36,0.1000,0.00000500,0.0000,6.1629,559.4898,0.0000,0.9740
213289,310,21,0.1000,0.00000500,0.0000,7.0739,538.9988,0.0000,0.9702
213290,1638,63,0.1000,0.00000500,0.0000,5.4182,575.1705,0.0000,0.9802
213291,657,36,0.1000,0.00000500,0.0000,6.8604,549.5466,0.0000,0.9774
213292,8956,168,0.1000,0.00000500,0.0000,5.6543,633.4055,0.0000,0.9805
213293,1198,39,0.1000,0.00000500,0.0000,6.2784,594.2450,0.0000,0.9752
213294,48,10,0.1000,0.00000500,0.0000,4.2613,509.3363,0.0000,0.9906
213295,511,18,0.1000,0.00000500,0.0000,8.6522,535.6366,0.0000,0.9670
213296,2282,48,0.1000,0.00000500,0.0000,5.8642,638.8032,0.0000,0.9805
213297,1823,63,0.1000,0.00000500,0.0000,4.1693,586.3716,0.0000,0.9866
213298,909,33,0.1000,0.00000500,0.0000,4.7884,585.8751,0.0000,0.9830
213299,443,39,0.1000,0.00000500,0.0000,6.3958,540.8103,0.0000,0.9824
213300,109,12,0.1000,0.00000500,0.0000,7.4059,521.7197,0.0000,0.9792
213301,254,24,0.1000,0.00000500,0.0000,6.1119,528.1974,0.0000,0.9792
213302,451,21,0.1000,0.00000500,0.0000,6.5796,559.1896,0.0000,0.9807
213303,556,24,0.1000,0.00000500,0.0000,4.7559,568.9706,0.0000,0.9818
213304,566,35,0.1000,0.00000500,0.0000,5.9169,551.7578,0.0000,0.9759
213305,3018,69,0.1000,0.00000500,0.0000,5.6283,624.4653,0.0000,0.9783
213306,1888,42,0.1000,0.00000500,0.0000,5.5028,621.0865,0.0000,0.9829
213307,912,33,0.1000,0.00000500,0.0000,4.5127,583.4627,0.0000,0.9801
213308,282,18,0.1000,0.00000500,0.0000,7.6135,535.1338,0.0000,0.9740
213309,539,36,0.1000,0.00000500,0.0000,6.0805,543.1033,0.0000,0.9740
213310,110,15,0.1000,0.00000500,0.0000,6.0363,512.4090,0.0000,0.9792
213311,285,20,0.1000,0.00000500,0.0000,5.4256,534.1393,0.0000,0.9891
213312,1542,55,0.1000,0.00000500,0.0000,6.3085,575.3879,0.0000,0.9739
213313,643,28,0.1000,0.00000500,0.0000,7.4429,567.7466,0.0000,0.9788
213314,820,46,0.1000,0.00000500,0.0000,5.0038,549.5729,0.0000,0.9857
213315,458,24,0.1000,0.00000500,0.0000,7.9933,566.4699,0.0000,0.9740
213316,3456,81,0.1000,0.00000500,0.0000,5.1249,614.4400,0.0000,0.9803
213317,705,36,0.1000,0.00000500,0.0000,7.0204,554.2773,0.0000,0.9766
213318,668,27,0.1000,0.00000500,0.0000,6.1631,569.4102,0.0000,0.9780
213319,1377,43,0.1000,0.00000500,0.0000,6.6411,593.1875,0.0000,0.9775
213320,538,24,0.1000,0.00000500,0.0000,6.5341,556.8575,0.0000,0.9766
213321,306,23,0.1000,0.00000500,0.0000,5.0640,536.0700,0.0000,0.9864
213322,783,27,0.1000,0.00000500,0.0000,4.7500,582.2257,0.0000,0.9792
213323,5593,135,0.1000,0.00000500,0.0000,5.8776,607.0762,0.0000,0.9808
213324,771,42,0.1000,0.00000500,0.0000,5.8030,555.2813,0.0000,0.9836
213325,980,42,0.1000,0.00000500,0.0000,5.9591,558.8594,0.0000,0.9702
213326,4010,60,0.1000,0.00000500,0.0000,5.3917,659.3346,0.0000,0.9823
213327,756,41,0.1000,0.00000500,0.0000,4.6219,554.6241,0.0000,0.9802
213328,203,18,0.1000,0.00000500,0.0000,4.0761,530.1808,0.0000,0.9705
213329,873,42,0.1000,0.00000500,0.0000,6.2957,566.1351,0.0000,0.9762
213330,1178,51,0.1000,0.00000500,0.0000,5.8207,564.8974,0.0000,0.9767
213331,4446,101,0.1000,0.00000500,0.0000,5.2579,620.2241,0.0000,0.9811
213332,1965,51,0.1000,0.00000500,0.0000,5.2227,598.6819,0.0000,0.9792
213333,410,27,0.1000,0.00000500,0.0000,4.2715,540.3667,0.0000,0.9850
213334,335,27,0.1000,0.00000500,0.0000,6.3106,530.4987,0.0000,0.9780
213335,297,21,0.1000,0.00000500,0.0000,8.2499,542.9114,0.0000,0.9851
213336,222,18,0.1000,0.00000500,0.0000,5.1798,534.3609,0.0000,0.9896
213337,146,18,0.1000,0.00000500,0.0000,5.7872,526.6978,0.0000,0.9809
213338,215,21,0.1000,0.00000500,0.0000,8.7780,525.1553,0.0000,0.9762
213339,485,36,0.1000,0.00000500,0.0000,4.8667,541.1701,0.0000,0.9887
213340,774,27,0.1000,0.00000500,0.0000,4.9190,573.9402,0.0000,0.9850
213341,115,12,0.1000,0.00000500,0.0000,3.3027,533.8829,0.0000,0.9714
213342,369,23,0.1000,0.00000500,0.0000,5.5063,547.3511,0.0000,0.9864
213343,726,36,0.1000,0.00000500,0.0000,4.1610,558.4348,0.0000,0.9870
213344,2780,72,0.1000,0.00000500,0.0000,6.7189,612.5552,0.0000,0.9761
213345,298,20,0.1000,0.00000500,0.0000,4.8968,540.7907,0.0000,0.9859
213346,469,27,0.1000,0.00000500,0.0000,3.9489,543.6158,0.0000,0.9803
213347,414,24,0.1000,0.00000500,0.0000,5.4105,549.8556,0.0000,0.9844
213348,2585,96,0.1000,0.00000500,0.0000,4.8254,576.7669,0.0000,0.9795
213349,1440,57,0.1000,0.00000500,0.0000,6.1279,576.5301,0.0000,0.9781
213350,2778,57,0.1000,0.00000500,0.0000,5.8127,632.2210,0.0000,0.9775
213351,163,18,0.1000,0.00000500,0.0000,4.6305,534.5281,0.0000,0.9722
213352,159,15,0.1000,0.00000500,0.0000,5.7202,524.8493,0.0000,0.9833
213353,204,18,0.1000,0.00000500,0.0000,3.0005,527.6525,0.0000,0.9861
213354,13375,151,0.1000,0.00000500,0.0000,6.1185,690.7535,0.0000,0.9803
213355,92,12,0.1000,0.00000500,0.0000,4.8430,512.7344,0.0000,0.9818
213356,456,24,0.1000,0.00000500,0.0000,5.6024,554.7275,0.0000,0.9792
213357,53,9,0.1000,0.00000500,0.0000,2.6154,512.3220,0.0000,0.9826
213358,824,36,0.1000,0.00000500,0.0000,5.0512,559.2454,0.0000,0.9714
213359,157,18,0.1000,0.00000500,0.0000,5.3060,519.5094,0.0000,0.9826
213360,697,39,0.1000,0.00000500,0.0000,5.4584,546.2407,0.0000,0.9848
213361,4960,102,0.1000,0.00000500,0.0000,5.2114,625.7147,0.0000,0.9813
213362,592,48,0.1000,0.00000500,0.0000,5.2633,538.3714,0.0000,0.9759
213363,311,21,0.1000,0.00000500,0.0000,5.6144,538.3350,0.0000,0.9807
213364,253,21,0.1000,0.00000500,0.0000,8.9869,531.6731,0.0000,0.9762
213365,768,47,0.1000,0.00000500,0.0000,5.9595,545.6531,0.0000,0.9794
213366,2731,48,0.1000,0.00000500,0.0000,7.2041,640.4420,0.0000,0.9753
213367,294,24,0.1000,0.00000500,0.0000,4.0409,533.9824,0.0000,0.9857
213368,472,33,0.1000,0.00000500,0.0000,2.9358,540.1266,0.0000,0.9858
213369,1823,48,0.1000,0.00000500,0.0000,6.6490,599.8874,0.0000,0.9818
213370,5884,132,0.1000,0.00000500,0.0000,4.3364,626.4584,0.0000,0.9813
213371,240,18,0.1000,0.00000500,0.0000,5.8151,534.2917,0.0000,0.9826
213372,808,36,0.1000,0.00000500,0.0000,4.8344,562.5147,0.0000,0.9766
213373,117,15,0.1000,0.00000500,0.0000,7.0471,520.6179,0.0000,0.9792
213374,1861,41,0.1000,0.00000500,0.0000,5.2626,610.0217,0.0000,0.9809
213375,139,18,0.1000,0.00000500,0.0000,5.3372,520.6025,0.0000,0.9757
213376,250,21,0.1000,0.00000500,0.0000,3.1692,536.1242,0.0000,0.9836
213377,1779,51,0.1000,0.00000500,0.0000,7.1886,606.0535,0.0000,0.9779
213378,1883,42,0.1000,0.00000500,0.0000,4.7837,616.0328,0.0000,0.9799
213379,227,18,0.1000,0.00000500,0.0000,5.0314,529.8630,0.0000,0.9844
213380,1601,54,0.1000,0.00000500,0.0000,5.6248,580.6840,0.0000,0.9769
213381,189,21,0.1000,0.00000500,0.0000,5.3676,529.3358,0.0000,0.9836
213382,2947,72,0.1000,0.00000500,0.0000,7.6852,616.0823,0.0000,0.9757
213383,80,15,0.1000,0.00000500,0.0000,5.3296,523.0429,0.0000,0.9792
213384,2586,87,0.1000,0.00000500,0.0000,4.5635,583.3910,0.0000,0.9788
213385,231,21,0.1000,0.00000500,0.0000,7.0062,526.5814,0.0000,0.9702
213386,364,24,0.1000,0.00000500,0.0000,5.4404,539.1257,0.0000,0.9779
213387,165,15,0.1000,0.00000500,0.0000,5.7255,537.9459,0.0000,0.9729
213388,447,27,0.1000,0.00000500,0.0000,6.6630,545.5921,0.0000,0.9757
213389,346,27,0.1000,0.00000500,0.0000,4.4986,540.5146,0.0000,0.9826
213390,750,36,0.1000,0.00000500,0.0000,5.6936,570.7224,0.0000,0.9826
213391,247,26,0.1000,0.00000500,0.0000,5.0708,529.2356,0.0000,0.9832
213392,180,18,0.1000,0.00000500,0.0000,5.0034,526.8706,0.0000,0.9844
213393,30,8,0.1000,0.00000500,0.0000,3.2208,492.3955,0.0000,0.9961
213394,2502,51,0.1000,0.00000500,0.0000,5.2476,627.9200,0.0000,0.9810
213395,1040,33,0.1000,0.00000500,0.0000,6.0066,590.1072,0.0000,0.9801
213396,187,18,0.1000,0.00000500,0.0000,8.7972,527.1647,0.0000,0.9809
213397,1247,42,0.1000,0.00000500,0.0000,4.1863,587.7703,0.0000,0.9799
213398,450,21,0.1000,0.00000500,0.0000,5.1408,556.6884,0.0000,0.9762
213399,1123,45,0.1000,0.00000500,0.0000,5.7904,568.1657,0.0000,0.9778
213400,784,31,0.1000,0.00000500,0.0000,4.1636,561.5640,0.0000,0.9819
213401,293,21,0.1000,0.00000500,0.0000,6.5004,538.4638,0.0000,0.9717
213402,2100,99,0.1000,0.00000500,0.0000,6.1771,561.4754,0.0000,0.9779
213403,46,9,0.1000,0.00000500,0.0000,3.8918,505.5662,0.0000,0.9792
213404,2192,69,0.1000,0.00000500,0.0000,6.8950,590.8310,0.0000,0.9828
213405,119,15,0.1000,0.00000500,0.0000,3.1044,529.4468,0.0000,0.9729
213406,1571,55,0.1000,0.00000500,0.0000,5.0587,584.7396,0.0000,0.9824
213407,378,27,0.1000,0.00000500,0.0000,6.1516,537.8944,0.0000,0.9850
213408,4324,96,0.1000,0.00000500,0.0000,5.0026,616.2659,0.0000,0.9854
213409,605,27,0.1000,0.00000500,0.0000,5.1830,557.9888,0.0000,0.9780
213410,123,15,0.1000,0.00000500,0.0000,9.8035,519.3647,0.0000,0.9708
213411,98,15,0.1000,0.00000500,0.0000,8.0528,507.4302,0.0000,0.9792
213412,1283,68,0.1000,0.00000500,0.0000,4.4396,562.7498,0.0000,0.9770
213413,4540,84,0.1000,0.00000500,0.0000,5.6436,638.3502,0.0000,0.9769
213414,764,45,0.1000,0.00000500,0.0000,5.2541,548.8818,0.0000,0.9847
213415,163,18,0.1000,0.00000500,0.0000,4.9473,526.7704,0.0000,0.9809
213416,30,7,0.1000,0.00000500,0.0000,3.9491,492.9368,0.0000,0.9866
213417,3068,96,0.1000,0.00000500,0.0000,3.5286,599.1136,0.0000,0.9814
213418,991,45,0.1000,0.00000500,0.0000,5.2320,561.3944,0.0000,0.9792
213419,773,44,0.1000,0.00000500,0.0000,6.5165,551.1183,0.0000,0.9808
213420,513,36,0.1000,0.00000500,0.0000,6.9743,541.3778,0.0000,0.9722
213421,783,30,0.1000,0.00000500,0.0000,5.0071,574.4113,0.0000,0.9823
213422,648,36,0.1000,0.00000500,0.0000,5.6600,547.7113,0.0000,0.9818
213423,422,27,0.1000,0.00000500,0.0000,7.8425,549.3284,0.0000,0.9734
213424,365,21,0.1000,0.00000500,0.0000,4.3058,547.8356,0.0000,0.9881
213425,2777,55,0.1000,0.00000500,0.0000,5.4460,633.3459,0.0000,0.9784
213426,1380,60,0.1000,0.00000500,0.0000,5.2612,568.7564,0.0000,0.9792
213427,335,24,0.1000,0.00000500,0.0000,5.1377,541.5880,0.0000,0.9779
213428,2279,72,0.1000,0.00000500,0.0000,5.5947,601.8652,0.0000,0.9818
213429,792,33,0.1000,0.00000500,0.0000,6.7009,589.9936,0.0000,0.9773
213430,4321,66,0.1000,0.00000500,0.0000,5.7691,663.8704,0.0000,0.9740
213431,223,18,0.1000,0.00000500,0.0000,4.5919,530.6768,0.0000,0.9844
213432,540,30,0.1000,0.00000500,0.0000,5.7662,558.8610,0.0000,0.9760
213433,1815,63,0.1000,0.00000500,0.0000,4.7793,575.9946,0.0000,0.9861
213434,3291,98,0.1000,0.00000500,0.0000,6.8862,595.0142,0.0000,0.9780
213435,1478,57,0.1000,0.00000500,0.0000,5.6682,574.3163,0.0000,0.9819
213436,2455,63,0.1000,0.00000500,0.0000,4.1488,604.5287,0.0000,0.9812
213437,210,21,0.1000,0.00000500,0.0000,2.5970,530.9797,0.0000,0.9777
213438,96,15,0.1000,0.00000500,0.0000,4.2607,515.2704,0.0000,0.9833
213439,1429,60,0.1000,0.00000500,0.0000,4.2673,564.9975,0.0000,0.9818
213440,738,39,0.1000,0.00000500,0.0000,7.1201,554.7314,0.0000,0.9752
213441,2902,59,0.1000,0.00000500,0.0000,4.7183,623.7000,0.0000,0.9815
213442,2487,47,0.1000,0.00000500,0.0000,4.2963,627.1465,0.0000,0.9867
213443,2237,54,0.1000,0.00000500,0.0000,6.5339,611.5278,0.0000,0.9792
213444,1975,72,0.1000,0.00000500,0.0000,5.5889,574.7041,0.0000,0.9783
213445,121,15,0.1000,0.00000500,0.0000,6.8802,520.6694,0.0000,0.9729
213446,2856,84,0.1000,0.00000500,0.0000,5.7346,590.4145,0.0000,0.9795
213447,2390,63,0.1000,0.00000500,0.0000,5.6691,598.5800,0.0000,0.9812
213448,554,24,0.1000,0.00000500,0.0000,5.1381,568.5399,0.0000,0.9740
213449,550,24,0.1000,0.00000500,0.0000,4.3040,562.0645,0.0000,0.9831
213450,1691,42,0.1000,0.00000500,0.0000,6.3255,609.6508,0.0000,0.9792
213451,1402,60,0.1000,0.00000500,0.0000,4.5770,568.5192,0.0000,0.9797
213452,377,24,0.1000,0.00000500,0.0000,5.5742,551.7127,0.0000,0.9766
213453,1553,57,0.1000,0.00000500,0.0000,5.3150,578.1835,0.0000,0.9808
213454,1549,50,0.1000,0.00000500,0.0000,4.7937,585.5816,0.0000,0.9831
213455,2513,69,0.1000,0.00000500,0.0000,6.3200,601.2873,0.0000,0.9792
213456,86,15,0.1000,0.00000500,0.0000,2.6509,511.4008,0.0000,0.9854
213457,2735,54,0.1000,0.00000500,0.0000,5.4127,630.8851,0.0000,0.9769
213458,351,27,0.1000,0.00000500,0.0000,4.6799,531.1399,0.0000,0.9838
213459,1721,54,0.1000,0.00000500,0.0000,5.7028,588.9008,0.0000,0.9803
213460,244,18,0.1000,0.00000500,0.0000,3.8915,536.1404,0.0000,0.9861
213461,1881,63,0.1000,0.00000500,0.0000,5.1418,581.4720,0.0000,0.9826
213462,207,21,0.1000,0.00000500,0.0000,5.1299,527.5057,0.0000,0.9792
213463,2819,75,0.1000,0.00000500,0.0000,4.1191,608.1337,0.0000,0.9821
213464,1795,57,0.1000,0.00000500,0.0000,5.7890,589.6727,0.0000,0.9797
213465,1905,72,0.1000,0.00000500,0.0000,6.4674,573.6291,0.0000,0.9731
213466,1714,42,0.1000,0.00000500,0.0000,4.9343,610.0770,0.0000,0.9821
213467,1395,45,0.1000,0.00000500,0.0000,5.9138,595.7761,0.0000,0.9826
213468,777,30,0.1000,0.00000500,0.0000,5.8548,577.3513,0.0000,0.9812
213469,161,18,0.1000,0.00000500,0.0000,6.4548,524.2181,0.0000,0.9688
213470,97,15,0.1000,0.00000500,0.0000,5.6015,509.9740,0.0000,0.9771
213471,1403,54,0.1000,0.00000500,0.0000,5.6036,579.6844,0.0000,0.9769
213472,372,24,0.1000,0.00000500,0.0000,6.3918,548.3165,0.0000,0.9779
213473,1213,39,0.1000,0.00000500,0.0000,5.4536,589.1453,0.0000,0.9728
213474,561,39,0.1000,0.00000500,0.0000,6.1970,541.6005,0.0000,0.9704
213475,4279,164,0.1000,0.00000500,0.0000,7.3255,577.6441,0.0000,0.9796
213476,160,18,0.1000,0.00000500,0.0000,3.1876,522.8833,0.0000,0.9757
213477,1513,57,0.1000,0.00000500,0.0000,5.1961,579.8281,0.0000,0.9819
213478,2737,57,0.1000,0.00000500,0.0000,5.6934,635.6125,0.0000,0.9825
213479,515,36,0.1000,0.00000500,0.0000,5.0028,540.4024,0.0000,0.9835
213480,3994,111,0.1000,0.00000500,0.0000,6.2221,599.7440,0.0000,0.9789
213481,395,24,0.1000,0.00000500,0.0000,4.8722,548.5479,0.0000,0.9844
213482,111,12,0.1000,0.00000500,0.0000,2.9710,513.8215,0.0000,0.9870
213483,3474,57,0.1000,0.00000500,0.0000,4.4549,653.8223,0.0000,0.9781
213484,2592,60,0.1000,0.00000500,0.0000,4.6564,612.1872,0.0000,0.9833
213485,65,9,0.1000,0.00000500,0.0000,2.8998,517.4541,0.0000,0.9896
213486,123,15,0.1000,0.00000500,0.0000,3.7444,528.9531,0.0000,0.9792
213487,926,33,0.1000,0.00000500,0.0000,6.4624,580.9522,0.0000,0.9811
213488,288,27,0.1000,0.00000500,0.0000,7.5020,535.6584,0.0000,0.9792
213489,705,33,0.1000,0.00000500,0.0000,4.0988,568.0859,0.0000,0.9848
213490,777,33,0.1000,0.00000500,0.0000,5.6974,576.6436,0.0000,0.9792
213491,655,39,0.1000,0.00000500,0.0000,6.0836,547.3583,0.0000,0.9800
213492,2403,60,0.1000,0.00000500,0.0000,4.8681,601.3480,0.0000,0.9797
213493,1401,60,0.1000,0.00000500,0.0000,5.1734,572.5668,0.0000,0.9802
213494,81,12,0.1000,0.00000500,0.0000,5.3016,516.2022,0.0000,0.9818
213495,2958,81,0.1000,0.00000500,0.0000,6.2684,592.3591,0.0000,0.9765
213496,671,30,0.1000,0.00000500,0.0000,6.1426,589.5174,0.0000,0.9802
213497,413,33,0.1000,0.00000500,0.0000,5.1328,540.3720,0.0000,0.9792
213498,3342,81,0.1000,0.00000500,0.0000,4.9386,606.1792,0.0000,0.9803
213499,208,21,0.1000,0.00000500,0.0000,4.5910,530.0659,0.0000,0.9807
213500,162,15,0.1000,0.00000500,0.0000,6.8248,535.0256,0.0000,0.9875
213501,310,23,0.1000,0.00000500,0.0000,5.3775,545.6626,0.0000,0.9728
213502,2501,74,0.1000,0.00000500,0.0000,4.6162,598.5625,0.0000,0.9814
213503,2313,60,0.1000,0.00000500,0.0000,4.6518,601.9223,0.0000,0.9818
213504,602,39,0.1000,0.00000500,0.0000,5.7336,546.7712,0.0000,0.9768
213505,2517,49,0.1000,0.00000500,0.0000,5.9895,642.1083,0.0000,0.9758
213506,218,17,0.1000,0.00000500,0.0000,7.0465,531.7094,0.0000,0.9779
213507,2635,55,0.1000,0.00000500,0.0000,6.4773,631.8682,0.0000,0.9744
213508,121,14,0.1000,0.00000500,0.0000,6.9203,534.7212,0.0000,0.9888
213509,1595,42,0.1000,0.00000500,0.0000,5.9224,606.5796,0.0000,0.9829
213510,531,24,0.1000,0.00000500,0.0000,3.1708,560.7645,0.0000,0.9870
213511,1889,42,0.1000,0.00000500,0.0000,6.2695,611.5835,0.0000,0.9784
213512,133,18,0.1000,0.00000500,0.0000,3.7633,530.1403,0.0000,0.9844
213513,1903,42,0.1000,0.00000500,0.0000,6.8616,626.3602,0.0000,0.9747
213514,1435,51,0.1000,0.00000500,0.0000,5.2929,584.4178,0.0000,0.9792
213515,3074,66,0.1000,0.00000500,0.0000,5.7431,616.3403,0.0000,0.9811
213516,824,41,0.1000,0.00000500,0.0000,6.1101,563.7868,0.0000,0.9809
213517,576,30,0.1000,0.00000500,0.0000,4.9221,560.0472,0.0000,0.9771
213518,6144,90,0.1000,0.00000500,0.0000,4.5320,648.2005,0.0000,0.9833
213519,277,18,0.1000,0.00000500,0.0000,7.2620,551.1660,0.0000,0.9688
213520,491,36,0.1000,0.00000500,0.0000,4.0970,539.0737,0.0000,0.9766
213521,2097,45,0.1000,0.00000500,0.0000,6.6236,613.4490,0.0000,0.9757
213522,784,30,0.1000,0.00000500,0.0000,5.0105,581.3499,0.0000,0.9865
213523,773,30,0.1000,0.00000500,0.0000,6.5603,567.3515,0.0000,0.9750
213524,569,31,0.1000,0.00000500,0.0000,6.5285,563.6225,0.0000,0.9798
213525,44,9,0.1000,0.00000500,0.0000,8.6524,501.1603,0.0000,0.9653
213526,128,18,0.1000,0.00000500,0.0000,6.0526,528.7694,0.0000,0.9774
213527,1080,45,0.1000,0.00000500,0.0000,6.8542,569.4486,0.0000,0.9688
213528,411,26,0.1000,0.00000500,0.0000,6.6019,540.5591,0.0000,0.9700
213529,872,48,0.1000,0.00000500,0.0000,5.2496,558.1922,0.0000,0.9818
213530,278,21,0.1000,0.00000500,0.0000,7.5213,531.0846,0.0000,0.9762
213531,1381,45,0.1000,0.00000500,0.0000,6.1512,592.1088,0.0000,0.9799
213532,1674,63,0.1000,0.00000500,0.0000,4.8372,587.0314,0.0000,0.9807
213533,1172,36,0.1000,0.00000500,0.0000,8.1635,604.6981,0.0000,0.9688
213534,1356,39,0.1000,0.00000500,0.0000,4.1782,599.3328,0.0000,0.9816
213535,1939,57,0.1000,0.00000500,0.0000,4.4355,600.7022,0.0000,0.9770
213536,117,15,0.1000,0.00000500,0.0000,4.4941,513.8385,0.0000,0.9771
213537,1064,39,0.1000,0.00000500,0.0000,5.6480,587.7924,0.0000,0.9800
213538,172,18,0.1000,0.00000500,0.0000,5.1541,515.1356,0.0000,0.9809
213539,3760,84,0.1000,0.00000500,0.0000,4.9874,623.8842,0.0000,0.9803
213540,70,9,0.1000,0.00000500,0.0000,6.3374,515.1510,0.0000,0.9792
213541,8656,127,0.1000,0.00000500,0.0000,5.5467,666.9731,0.0000,0.9759
213542,98,15,0.1000,0.00000500,0.0000,8.7636,513.0705,0.0000,0.9792
213543,362,18,0.1000,0.00000500,0.0000,3.4124,549.7627,0.0000,0.9878
213544,190,18,0.1000,0.00000500,0.0000,5.2266,529.1591,0.0000,0.9809
213545,181,18,0.1000,0.00000500,0.0000,7.0817,527.7471,0.0000,0.9688
213546,1696,42,0.1000,0.00000500,0.0000,5.4763,607.2605,0.0000,0.9777
213547,132,15,0.1000,0.00000500,0.0000,5.2214,534.8540,0.0000,0.9771
213548,310,27,0.1000,0.00000500,0.0000,3.3016,534.2032,0.0000,0.9745
213549,5789,96,0.1000,0.00000500,0.0000,5.1503,649.0764,0.0000,0.9801
213550,1381,47,0.1000,0.00000500,0.0000,4.1337,587.5975,0.0000,0.9860
213551,70,9,0.1000,0.00000500,0.0000,3.4844,512.9896,0.0000,0.9792
213552,4450,69,0.1000,0.00000500,0.0000,6.4726,653.7569,0.0000,0.9787
213553,363,21,0.1000,0.00000500,0.0000,5.2839,544.4157,0.0000,0.9702
213554,558,36,0.1000,0.00000500,0.0000,4.6603,550.2164,0.0000,0.9826
213555,734,39,0.1000,0.00000500,0.0000,6.9184,552.4332,0.0000,0.9832
213556,480,36,0.1000,0.00000500,0.0000,5.2100,539.7189,0.0000,0.9870
213557,3362,90,0.1000,0.00000500,0.0000,5.4482,602.0763,0.0000,0.9764
213558,1514,54,0.1000,0.00000500,0.0000,5.7239,579.0938,0.0000,0.9792
213559,990,57,0.1000,0.00000500,0.0000,5.7486,549.8667,0.0000,0.9737
213560,81,12,0.1000,0.00000500,0.0000,5.9858,520.2796,0.0000,0.9896
213561,246,21,0.1000,0.00000500,0.0000,5.7738,535.1666,0.0000,0.9792
213562,275,26,0.1000,0.00000500,0.0000,4.7466,536.1813,0.0000,0.9772
213563,989,48,0.1000,0.00000500,0.0000,4.6540,564.1190,0.0000,0.9831
213564,1030,56,0.1000,0.00000500,0.0000,4.1878,558.4790,0.0000,0.9788
213565,277,15,0.1000,0.00000500,0.0000,3.1196,542.9252,0.0000,0.9833
213566,71,12,0.1000,0.00000500,0.0000,6.0501,512.6957,0.0000,0.9740
213567,500,33,0.1000,0.00000500,0.0000,5.8774,542.4066,0.0000,0.9773
213568,122,18,0.1000,0.00000500,0.0000,4.0336,527.0377,0.0000,0.9688
213569,342,30,0.1000,0.00000500,0.0000,5.4140,530.6589,0.0000,0.9771
213570,977,48,0.1000,0.00000500,0.0000,6.8645,551.4755,0.0000,0.9805
213571,1180,45,0.1000,0.00000500,0.0000,4.9775,577.8926,0.0000,0.9826
213572,215,21,0.1000,0.00000500,0.0000,6.1878,531.4523,0.0000,0.9777
213573,182,21,0.1000,0.00000500,0.0000,5.5025,518.6239,0.0000,0.9792
213574,1124,48,0.1000,0.00000500,0.0000,6.0039,566.7723,0.0000,0.9766
213575,2524,81,0.1000,0.00000500,0.0000,3.6976,585.4563,0.0000,0.9853
213576,390,30,0.1000,0.00000500,0.0000,7.2683,541.8943,0.0000,0.9781
213577,1166,42,0.1000,0.00000500,0.0000,5.8884,579.9859,0.0000,0.9807
213578,225,18,0.1000,0.00000500,0.0000,7.0762,533.8805,0.0000,0.9757
213579,217,15,0.1000,0.00000500,0.0000,5.0910,535.8927,0.0000,0.9771
213580,336,24,0.1000,0.00000500,0.0000,4.1551,524.4194,0.0000,0.9779
213581,1703,41,0.1000,0.00000500,0.0000,5.1943,627.0062,0.0000,0.9809
213582,908,30,0.1000,0.00000500,0.0000,6.0618,586.3079,0.0000,0.9771
213583,132,18,0.1000,0.00000500,0.0000,3.7444,511.0049,0.0000,0.9931
213584,257,24,0.1000,0.00000500,0.0000,6.9321,536.1777,0.0000,0.9766
213585,1042,51,0.1000,0.00000500,0.0000,6.7412,557.5878,0.0000,0.9798
213586,777,32,0.1000,0.00000500,0.0000,5.3555,566.6113,0.0000,0.9795
213587,1341,54,0.1000,0.00000500,0.0000,5.6275,572.3086,0.0000,0.9757
213588,2508,77,0.1000,0.00000500,0.0000,4.1009,592.4663,0.0000,0.9773
213589,2546,54,0.1000,0.00000500,0.0000,4.3349,630.8934,0.0000,0.9792
213590,111,12,0.1000,0.00000500,0.0000,4.7322,526.0110,0.0000,0.9844
213591,425,30,0.1000,0.00000500,0.0000,4.7338,548.0343,0.0000,0.9771
213592,387,24,0.1000,0.00000500,0.0000,4.2907,547.3959,0.0000,0.9818
213593,167,15,0.1000,0.00000500,0.0000,5.3411,530.3210,0.0000,0.9833
213594,3611,90,0.1000,0.00000500,0.0000,4.4375,608.2566,0.0000,0.9830
213595,1403,42,0.1000,0.00000500,0.0000,6.0775,587.6916,0.0000,0.9807
213596,822,42,0.1000,0.00000500,0.0000,5.1314,557.5611,0.0000,0.9836
213597,4904,66,0.1000,0.00000500,0.0000,7.3898,687.1496,0.0000,0.9721
213598,334,24,0.1000,0.00000500,0.0000,5.9495,534.3183,0.0000,0.9727
213599,2310,60,0.1000,0.00000500,0.0000,6.2374,607.4184,0.0000,0.9792
213600,3474,57,0.1000,0.00000500,0.0000,4.6764,656.0815,0.0000,0.9803
213601,1115,48,0.1000,0.00000500,0.0000,6.3776,569.5700,0.0000,0.9818
213602,3148,75,0.1000,0.00000500,0.0000,6.2304,620.0023,0.0000,0.9738
213603,783,39,0.1000,0.00000500,0.0000,4.7668,555.6242,0.0000,0.9824
213604,102,15,0.1000,0.00000500,0.0000,3.2124,517.8965,0.0000,0.9833
213605,289,21,0.1000,0.00000500,0.0000,3.5071,537.8744,0.0000,0.9896
213606,511,33,0.1000,0.00000500,0.0000,4.1659,535.9837,0.0000,0.9820
213607,10315,154,0.1000,0.00000500,0.0000,5.2117,655.9520,0.0000,0.9803
213608,682,30,0.1000,0.00000500,0.0000,5.0281,569.4679,0.0000,0.9823
213609,1004,45,0.1000,0.00000500,0.0000,4.0024,561.5185,0.0000,0.9806
213610,911,30,0.1000,0.00000500,0.0000,5.2457,580.0703,0.0000,0.9885
213611,138,18,0.1000,0.00000500,0.0000,2.6885,524.4611,0.0000,0.9826
213612,127,15,0.1000,0.00000500,0.0000,3.9136,518.5315,0.0000,0.9875
213613,15277,241,0.1000,0.00000500,0.0000,6.3882,659.9838,0.0000,0.9798
213614,1884,57,0.1000,0.00000500,0.0000,6.1292,589.8526,0.0000,0.9814
213615,1040,33,0.1000,0.00000500,0.0000,7.2045,579.5507,0.0000,0.9801
213616,105,15,0.1000,0.00000500,0.0000,5.5554,509.5070,0.0000,0.9854
213617,891,24,0.1000,0.00000500,0.0000,3.3916,580.8082,0.0000,0.9779
213618,75,12,0.1000,0.00000500,0.0000,6.4842,514.3712,0.0000,0.9818
213619,889,42,0.1000,0.00000500,0.0000,3.8241,563.2576,0.0000,0.9814
213620,450,11,0.1000,0.00000500,0.0000,6.2434,550.5831,0.0000,0.9716
213621,134,15,0.1000,0.00000500,0.0000,4.3991,517.5307,0.0000,0.9917
213622,4946,66,0.1000,0.00000500,0.0000,3.9743,671.1564,0.0000,0.9787
213623,47,8,0.1000,0.00000500,0.0000,9.7412,506.7166,0.0000,0.9844
213624,467,33,0.1000,0.00000500,0.0000,7.6050,540.6318,0.0000,0.9801
213625,632,29,0.1000,0.00000500,0.0000,5.5773,566.2692,0.0000,0.9828
213626,3658,78,0.1000,0.00000500,0.0000,5.7542,622.6377,0.0000,0.9800
213627,220,18,0.1000,0.00000500,0.0000,5.4756,530.2293,0.0000,0.9861
213628,142,18,0.1000,0.00000500,0.0000,3.2218,519.7111,0.0000,0.9757
213629,5182,117,0.1000,0.00000500,0.0000,5.2901,615.7262,0.0000,0.9797
213630,355,27,0.1000,0.00000500,0.0000,6.5935,544.1090,0.0000,0.9757
213631,2644,78,0.1000,0.00000500,0.0000,6.0473,596.5190,0.0000,0.9796
213632,3888,72,0.1000,0.00000500,0.0000,4.8553,648.3693,0.0000,0.9822
213633,651,39,0.1000,0.00000500,0.0000,4.7483,559.2909,0.0000,0.9816
213634,1080,39,0.1000,0.00000500,0.0000,4.4515,581.3111,0.0000,0.9800
213635,407,24,0.1000,0.00000500,0.0000,4.2758,547.9705,0.0000,0.9805
213636,1789,65,0.1000,0.00000500,0.0000,5.3253,575.8405,0.0000,0.9764
213637,635,36,0.1000,0.00000500,0.0000,7.1303,553.5830,0.0000,0.9818
213638,2644,75,0.1000,0.00000500,0.0000,6.4365,593.2061,0.0000,0.9783
213639,457,27,0.1000,0.00000500,0.0000,4.4583,549.5899,0.0000,0.9792
213640,933,38,0.1000,0.00000500,0.0000,4.1706,577.1146,0.0000,0.9844
213641,239,18,0.1000,0.00000500,0.0000,3.4229,529.2847,0.0000,0.9896
213642,177,18,0.1000,0.00000500,0.0000,2.6253,536.1938,0.0000,0.9861
213643,1293,56,0.1000,0.00000500,0.0000,6.9137,571.4069,0.0000,0.9771
213644,765,28,0.1000,0.00000500,0.0000,3.8494,571.2470,0.0000,0.9799
213645,610,42,0.1000,0.00000500,0.0000,5.2921,545.1546,0.0000,0.9821
213646,4151,68,0.1000,0.00000500,0.0000,5.0985,647.8769,0.0000,0.9853
213647,222,15,0.1000,0.00000500,0.0000,6.7146,535.9030,0.0000,0.9729
213648,650,27,0.1000,0.00000500,0.0000,5.3738,568.6779,0.0000,0.9792
213649,453,24,0.1000,0.00000500,0.0000,3.7303,551.4572,0.0000,0.9740
213650,4914,66,0.1000,0.00000500,0.0000,5.7558,668.7232,0.0000,0.9811
213651,2789,102,0.1000,0.00000500,0.0000,6.2649,576.1926,0.0000,0.9804
213652,446,21,0.1000,0.00000500,0.0000,5.6714,560.8690,0.0000,0.9881
213653,362,20,0.1000,0.00000500,0.0000,4.8844,548.1565,0.0000,0.9828
213654,192,23,0.1000,0.00000500,0.0000,4.5446,522.5424,0.0000,0.9796
213655,868,42,0.1000,0.00000500,0.0000,6.1350,562.4139,0.0000,0.9710
213656,630,36,0.1000,0.00000500,0.0000,7.4965,556.3831,0.0000,0.9809
213657,51,11,0.1000,0.00000500,0.0000,7.1163,509.6138,0.0000,0.9744
213658,906,33,0.1000,0.00000500,0.0000,5.8890,577.9389,0.0000,0.9839
213659,171,15,0.1000,0.00000500,0.0000,5.9054,536.4142,0.0000,0.9833
213660,213,14,0.1000,0.00000500,0.0000,7.3626,538.3452,0.0000,0.9688
213661,785,36,0.1000,0.00000500,0.0000,6.4761,555.4521,0.0000,0.9774
213662,267,24,0.1000,0.00000500,0.0000,4.7805,527.5098,0.0000,0.9805
213663,7558,107,0.1000,0.00000500,0.0000,5.4183,660.1387,0.0000,0.9798
213664,2779,60,0.1000,0.00000500,0.0000,5.6715,628.8023,0.0000,0.9760
213665,604,30,0.1000,0.00000500,0.0000,5.7637,547.0217,0.0000,0.9760
213666,1132,48,0.1000,0.00000500,0.0000,4.9337,570.8932,0.0000,0.9805
213667,2278,45,0.1000,0.00000500,0.0000,5.4567,625.1240,0.0000,0.9778
213668,374,27,0.1000,0.00000500,0.0000,3.6199,545.5016,0.0000,0.9826
213669,664,27,0.1000,0.00000500,0.0000,6.6077,562.6542,0.0000,0.9815
213670,461,21,0.1000,0.00000500,0.0000,4.5387,556.2620,0.0000,0.9777
213671,535,30,0.1000,0.00000500,0.0000,6.1551,548.5601,0.0000,0.9802
213672,3346,63,0.1000,0.00000500,0.0000,5.1763,635.3016,0.0000,0.9797
213673,1052,37,0.1000,0.00000500,0.0000,6.1198,580.2143,0.0000,0.9797
213674,6245,72,0.1000,0.00000500,0.0000,6.2212,698.2622,0.0000,0.9796
213675,969,42,0.1000,0.00000500,0.0000,4.0631,567.0888,0.0000,0.9821
213676,1600,48,0.1000,0.00000500,0.0000,4.6911,595.5652,0.0000,0.9772
213677,13002,147,0.1000,0.00000500,0.0000,6.3728,692.5113,0.0000,0.9790
213678,2941,78,0.1000,0.00000500,0.0000,5.6834,602.9353,0.0000,0.9816
213679,681,36,0.1000,0.00000500,0.0000,5.4604,552.0981,0.0000,0.9809
213680,411,27,0.1000,0.00000500,0.0000,4.7769,542.6622,0.0000,0.9826
213681,1121,36,0.1000,0.00000500,0.0000,4.6408,580.3364,0.0000,0.9809
213682,165,15,0.1000,0.00000500,0.0000,7.5645,523.9319,0.0000,0.9833
213683,71,12,0.1000,0.00000500,0.0000,6.3243,511.2087,0.0000,0.9844
213684,866,39,0.1000,0.00000500,0.0000,5.4748,573.9144,0.0000,0.9808
213685,2661,66,0.1000,0.00000500,0.0000,4.0666,602.6357,0.0000,0.9839
213686,494,30,0.1000,0.00000500,0.0000,6.1171,543.1144,0.0000,0.9833
213687,4562,60,0.1000,0.00000500,0.0000,4.6420,667.1301,0.0000,0.9760
213688,2778,57,0.1000,0.00000500,0.0000,5.1940,619.6000,0.0000,0.9808
213689,361,27,0.1000,0.00000500,0.0000,5.7525,532.2659,0.0000,0.9826
213690,184,18,0.1000,0.00000500,0.0000,6.5745,531.8714,0.0000,0.9774
213691,1880,45,0.1000,0.00000500,0.0000,4.1076,613.6567,0.0000,0.9819
213692,1812,47,0.1000,0.00000500,0.0000,6.0761,601.2807,0.0000,0.9794
213693,197,21,0.1000,0.00000500,0.0000,3.4688,526.3661,0.0000,0.9807
213694,438,27,0.1000,0.00000500,0.0000,4.5500,541.5325,0.0000,0.9780
213695,328,27,0.1000,0.00000500,0.0000,4.8931,536.0023,0.0000,0.9803
213696,1824,51,0.1000,0.00000500,0.0000,6.0633,591.3803,0.0000,0.9755
213697,8869,120,0.1000,0.00000500,0.0000,4.9838,665.7797,0.0000,0.9799
213698,864,39,0.1000,0.00000500,0.0000,5.9554,569.0512,0.0000,0.9800
213699,31,6,0.1000,0.00000500,0.0000,3.0071,498.3144,0.0000,0.9844
213700,495,30,0.1000,0.00000500,0.0000,5.9890,546.1470,0.0000,0.9760
213701,480,30,0.1000,0.00000500,0.0000,6.2929,537.0747,0.0000,0.9750
213702,1392,47,0.1000,0.00000500,0.0000,4.8788,586.4050,0.0000,0.9820
213703,2972,53,0.1000,0.00000500,0.0000,5.0626,646.6486,0.0000,0.9794
213704,1046,33,0.1000,0.00000500,0.0000,4.4549,584.3353,0.0000,0.9858
213705,643,35,0.1000,0.00000500,0.0000,3.1788,552.3929,0.0000,0.9866
213706,1396,57,0.1000,0.00000500,0.0000,4.4781,573.7886,0.0000,0.9857
213707,917,36,0.1000,0.00000500,0.0000,5.1869,573.2650,0.0000,0.9844
213708,870,42,0.1000,0.00000500,0.0000,4.1302,559.6610,0.0000,0.9829
213709,3370,69,0.1000,0.00000500,0.0000,5.7453,625.6739,0.0000,0.9792
213710,241,20,0.1000,0.00000500,0.0000,6.5065,528.2621,0.0000,0.9672
213711,289,24,0.1000,0.00000500,0.0000,5.9891,525.5919,0.0000,0.9779
213712,912,42,0.1000,0.00000500,0.0000,5.7003,566.7661,0.0000,0.9769
213713,1507,39,0.1000,0.00000500,0.0000,3.8447,611.8343,0.0000,0.9816
213714,1998,81,0.1000,0.00000500,0.0000,4.0624,570.8957,0.0000,0.9772
213715,4284,87,0.1000,0.00000500,0.0000,4.8561,631.7386,0.0000,0.9799
213716,1437,45,0.1000,0.00000500,0.0000,6.9376,582.1051,0.0000,0.9806
213717,1869,39,0.1000,0.00000500,0.0000,5.9705,624.0832,0.0000,0.9744
213718,295,24,0.1000,0.00000500,0.0000,3.0296,540.0536,0.0000,0.9831
213719,4220,96,0.1000,0.00000500,0.0000,5.5685,618.2283,0.0000,0.9801
213720,1739,48,0.1000,0.00000500,0.0000,5.2920,594.1434,0.0000,0.9759
213721,210,18,0.1000,0.00000500,0.0000,4.8644,533.0254,0.0000,0.9809
213722,295,24,0.1000,0.00000500,0.0000,6.7667,534.3058,0.0000,0.9779
213723,162,15,0.1000,0.00000500,0.0000,7.6866,525.6600,0.0000,0.9771
213724,801,35,0.1000,0.00000500,0.0000,4.4224,573.9027,0.0000,0.9777
213725,1077,42,0.1000,0.00000500,0.0000,6.9330,572.0199,0.0000,0.9710
213726,679,30,0.1000,0.00000500,0.0000,3.2774,566.0560,0.0000,0.9812
213727,3329,69,0.1000,0.00000500,0.0000,4.6385,627.0155,0.0000,0.9819
213728,2075,39,0.1000,0.00000500,0.0000,4.7711,632.9638,0.0000,0.9832
213729,109,15,0.1000,0.00000500,0.0000,4.4432,517.9421,0.0000,0.9792
213730,2929,60,0.1000,0.00000500,0.0000,5.8736,630.2131,0.0000,0.9776
213731,160,15,0.1000,0.00000500,0.0000,7.3603,525.8255,0.0000,0.9771
213732,604,40,0.1000,0.00000500,0.0000,6.6929,532.4931,0.0000,0.9719
213733,377,24,0.1000,0.00000500,0.0000,5.4859,544.1274,0.0000,0.9727
213734,1097,39,0.1000,0.00000500,0.0000,5.5001,575.7121,0.0000,0.9768
213735,1613,63,0.1000,0.00000500,0.0000,5.9676,568.2605,0.0000,0.9792
213736,45,9,0.1000,0.00000500,0.0000,4.5251,508.3006,0.0000,0.9861
213737,216,21,0.1000,0.00000500,0.0000,3.5776,533.2419,0.0000,0.9866
213738,555,23,0.1000,0.00000500,0.0000,5.2885,556.9325,0.0000,0.9769
213739,129,15,0.1000,0.00000500,0.0000,6.3234,519.3898,0.0000,0.9792
213740,555,24,0.1000,0.00000500,0.0000,4.3576,570.0769,0.0000,0.9857
213741,673,31,0.1000,0.00000500,0.0000,5.0183,568.7770,0.0000,0.9798
213742,93,15,0.1000,0.00000500,0.0000,9.7021,505.1832,0.0000,0.9792
213743,549,31,0.1000,0.00000500,0.0000,4.9597,550.7710,0.0000,0.9819
213744,775,29,0.1000,0.00000500,0.0000,2.7376,574.0527,0.0000,0.9849
213745,2571,66,0.1000,0.00000500,0.0000,4.7842,601.0382,0.0000,0.9839
213746,208,17,0.1000,0.00000500,0.0000,4.7934,528.2512,0.0000,0.9761
213747,1125,39,0.1000,0.00000500,0.0000,3.8302,576.6799,0.0000,0.9824
213748,73,11,0.1000,0.00000500,0.0000,6.5669,516.0556,0.0000,0.9688
213749,415,30,0.1000,0.00000500,0.0000,6.6851,541.9540,0.0000,0.9646
213750,365,23,0.1000,0.00000500,0.0000,4.1591,542.2226,0.0000,0.9851
213751,1052,36,0.1000,0.00000500,0.0000,3.5009,578.2969,0.0000,0.9826
213752,153,18,0.1000,0.00000500,0.0000,4.4417,522.4768,0.0000,0.9896
213753,916,33,0.1000,0.00000500,0.0000,4.3569,572.0132,0.0000,0.9877
213754,23,6,0.1000,0.00000500,0.0000,5.6387,0.0000,0.0000,0.9792
213755,404,33,0.1000,0.00000500,0.0000,5.8532,533.7619,0.0000,0.9858
213756,287,21,0.1000,0.00000500,0.0000,6.7732,531.4661,0.0000,0.9777
213757,1208,51,0.1000,0.00000500,0.0000,4.7877,562.4197,0.0000,0.9847
213758,991,36,0.1000,0.00000500,0.0000,6.2134,570.6222,0.0000,0.9826
213759,110,12,0.1000,0.00000500,0.0000,3.3391,522.9870,0.0000,0.9792
213760,1134,45,0.1000,0.00000500,0.0000,5.8434,577.1933,0.0000,0.9785
213761,104,15,0.1000,0.00000500,0.0000,5.0435,524.1284,0.0000,0.9875
213762,1708,57,0.1000,0.00000500,0.0000,4.8044,588.2696,0.0000,0.9830
213763,456,24,0.1000,0.00000500,0.0000,7.0180,553.0716,0.0000,0.9805
213764,561,37,0.1000,0.00000500,0.0000,5.5552,540.5115,0.0000,0.9848
213765,412,27,0.1000,0.00000500,0.0000,4.5636,543.6504,0.0000,0.9757
213766,1116,54,0.1000,0.00000500,0.0000,4.7699,563.4122,0.0000,0.9809
213767,2684,102,0.1000,0.00000500,0.0000,5.9929,573.7655,0.0000,0.9792
213768,72,9,0.1000,0.00000500,0.0000,3.4201,505.2565,0.0000,0.9688
213769,48,8,0.1000,0.00000500,0.0000,7.4855,506.1622,0.0000,0.9805
213770,294,21,0.1000,0.00000500,0.0000,4.4632,540.1504,0.0000,0.9807
213771,1365,53,0.1000,0.00000500,0.0000,6.0919,572.0920,0.0000,0.9764
213772,72,12,0.1000,0.00000500,0.0000,5.2481,509.4153,0.0000,0.9818
213773,1066,36,0.1000,0.00000500,0.0000,4.7526,585.4301,0.0000,0.9818
213774,373,23,0.1000,0.00000500,0.0000,4.0869,542.2689,0.0000,0.9701
213775,513,30,0.1000,0.00000500,0.0000,6.3454,554.9579,0.0000,0.9823
213776,1770,62,0.1000,0.00000500,0.0000,6.4881,577.6507,0.0000,0.9753
213777,1335,48,0.1000,0.00000500,0.0000,6.4363,579.8551,0.0000,0.9714
213778,785,30,0.1000,0.00000500,0.0000,5.1942,564.5530,0.0000,0.9823
213779,289,21,0.1000,0.00000500,0.0000,8.9679,533.6523,0.0000,0.9688
213780,1526,42,0.1000,0.00000500,0.0000,5.8261,602.2814,0.0000,0.9769
213781,718,39,0.1000,0.00000500,0.0000,5.7357,553.6547,0.0000,0.9848
213782,68,12,0.1000,0.00000500,0.0000,4.9159,512.5693,0.0000,0.9870
213783,595,33,0.1000,0.00000500,0.0000,6.3662,547.6332,0.0000,0.9811
213784,247,21,0.1000,0.00000500,0.0000,4.5189,536.2514,0.0000,0.9866
213785,1472,51,0.1000,0.00000500,0.0000,4.3932,587.0189,0.0000,0.9828
213786,219,17,0.1000,0.00000500,0.0000,4.0810,527.8058,0.0000,0.9853
213787,315,24,0.1000,0.00000500,0.0000,6.5643,533.7458,0.0000,0.9831
213788,87,15,0.1000,0.00000500,0.0000,6.1226,510.6019,0.0000,0.9750
213789,548,30,0.1000,0.00000500,0.0000,6.0294,549.2894,0.0000,0.9740
213790,56,12,0.1000,0.00000500,0.0000,12.9704,502.1043,0.0000,0.9661
213791,612,36,0.1000,0.00000500,0.0000,5.4512,553.3330,0.0000,0.9731
213792,41,8,0.1000,0.00000500,0.0000,9.5132,498.1114,0.0000,0.9766
213793,208,21,0.1000,0.00000500,0.0000,6.3149,527.0515,0.0000,0.9792
213794,1484,30,0.1000,0.00000500,0.0000,7.7919,588.9925,0.0000,0.9792
213795,4599,63,0.1000,0.00000500,0.0000,4.7422,668.8847,0.0000,0.9787
213796,2346,63,0.1000,0.00000500,0.0000,4.8686,600.8462,0.0000,0.9807
213797,926,45,0.1000,0.00000500,0.0000,4.4939,561.7581,0.0000,0.9812
213798,365,24,0.1000,0.00000500,0.0000,5.6692,543.9766,0.0000,0.9792
213799,2659,60,0.1000,0.00000500,0.0000,4.3595,611.2412,0.0000,0.9870
213800,3154,114,0.1000,0.00000500,0.0000,5.6513,570.9575,0.0000,0.9770
213801,10613,153,0.1000,0.00000500,0.0000,5.7464,659.3263,0.0000,0.9775
213802,1348,37,0.1000,0.00000500,0.0000,6.4096,603.4460,0.0000,0.9755
213803,299,21,0.1000,0.00000500,0.0000,3.6594,539.3438,0.0000,0.9911
213804,1132,45,0.1000,0.00000500,0.0000,6.1988,573.3543,0.0000,0.9778
213805,42,8,0.1000,0.00000500,0.0000,6.5291,499.1324,0.0000,0.9727
213806,1613,63,0.1000,0.00000500,0.0000,6.1787,559.8480,0.0000,0.9807
213807,1247,42,0.1000,0.00000500,0.0000,3.3601,580.4122,0.0000,0.9874
213808,2147,66,0.1000,0.00000500,0.0000,5.3059,592.3297,0.0000,0.9740
213809,4489,120,0.1000,0.00000500,0.0000,5.4190,600.9100,0.0000,0.9815
213810,357,27,0.1000,0.00000500,0.0000,5.2776,537.8085,0.0000,0.9826
213811,963,36,0.1000,0.00000500,0.0000,6.1570,572.6144,0.0000,0.9800
213812,453,36,0.1000,0.00000500,0.0000,5.5404,534.0010,0.0000,0.9783
213813,1393,42,0.1000,0.00000500,0.0000,3.9947,593.4268,0.0000,0.9903
213814,1447,57,0.1000,0.00000500,0.0000,4.7245,569.0537,0.0000,0.9803
213815,618,33,0.1000,0.00000500,0.0000,4.3484,544.4127,0.0000,0.9839
213816,550,27,0.1000,0.00000500,0.0000,5.8446,568.2380,0.0000,0.9792
213817,757,36,0.1000,0.00000500,0.0000,4.6601,560.3954,0.0000,0.9818
213818,212,20,0.1000,0.00000500,0.0000,5.5030,533.7049,0.0000,0.9797
213819,2286,45,0.1000,0.00000500,0.0000,4.6792,625.7407,0.0000,0.9847
213820,902,54,0.1000,0.00000500,0.0000,5.0438,549.0671,0.0000,0.9838
213821,43,8,0.1000,0.00000500,0.0000,6.5380,502.8680,0.0000,0.9805
213822,2555,77,0.1000,0.00000500,0.0000,5.8026,593.4611,0.0000,0.9769
213823,644,24,0.1000,0.00000500,0.0000,4.2128,544.9160,0.0000,0.9844
213824,364,21,0.1000,0.00000500,0.0000,4.9001,552.4770,0.0000,0.9762
213825,2638,70,0.1000,0.00000500,0.0000,5.1302,596.0104,0.0000,0.9795
213826,4046,86,0.1000,0.00000500,0.0000,4.4345,626.0902,0.0000,0.9771
213827,1885,44,0.1000,0.00000500,0.0000,4.1888,610.7995,0.0000,0.9886
213828,831,48,0.1000,0.00000500,0.0000,5.3679,545.8326,0.0000,0.9779
213829,369,21,0.1000,0.00000500,0.0000,5.8656,551.5003,0.0000,0.9732
213830,164,20,0.1000,0.00000500,0.0000,4.2569,522.3272,0.0000,0.9688
213831,2784,78,0.1000,0.00000500,0.0000,5.0909,592.1126,0.0000,0.9852
213832,52,12,0.1000,0.00000500,0.0000,2.0204,497.3601,0.0000,0.9818
213833,264,19,0.1000,0.00000500,0.0000,8.4227,530.2261,0.0000,0.9770
213834,231,21,0.1000,0.00000500,0.0000,5.2872,528.9956,0.0000,0.9836
213835,119,15,0.1000,0.00000500,0.0000,6.2298,518.3394,0.0000,0.9812
213836,2605,72,0.1000,0.00000500,0.0000,6.0883,600.4327,0.0000,0.9787
213837,114,12,0.1000,0.00000500,0.0000,4.1924,521.5875,0.0000,0.9766
213838,118,15,0.1000,0.00000500,0.0000,6.2119,512.8944,0.0000,0.9729
213839,456,30,0.1000,0.00000500,0.0000,4.3913,542.1924,0.0000,0.9823
213840,1203,57,0.1000,0.00000500,0.0000,3.5535,555.9808,0.0000,0.9781
213841,2288,51,0.1000,0.00000500,0.0000,5.0263,630.1017,0.0000,0.9773
213842,1371,54,0.1000,0.00000500,0.0000,4.6914,581.0890,0.0000,0.9809
213843,1964,51,0.1000,0.00000500,0.0000,4.4552,600.7806,0.0000,0.9841
213844,1084,39,0.1000,0.00000500,0.0000,6.2347,589.3622,0.0000,0.9704
213845,2073,45,0.1000,0.00000500,0.0000,5.4121,615.8080,0.0000,0.9736
213846,378,24,0.1000,0.00000500,0.0000,4.8803,548.5348,0.0000,0.9896
213847,276,26,0.1000,0.00000500,0.0000,4.7059,526.4338,0.0000,0.9784
213848,1728,60,0.1000,0.00000500,0.0000,7.0425,579.8568,0.0000,0.9755
213849,11604,204,0.1000,0.00000500,0.0000,5.7296,642.8573,0.0000,0.9776
213850,239,21,0.1000,0.00000500,0.0000,4.5816,529.3245,0.0000,0.9777
213851,1173,45,0.1000,0.00000500,0.0000,5.3488,574.2834,0.0000,0.9833
213852,1606,51,0.1000,0.00000500,0.0000,4.4856,581.4825,0.0000,0.9816
213853,367,21,0.1000,0.00000500,0.0000,4.4580,547.1976,0.0000,0.9836
213854,287,21,0.1000,0.00000500,0.0000,6.0152,535.2565,0.0000,0.9807
213855,4954,90,0.1000,0.00000500,0.0000,5.0275,636.5326,0.0000,0.9823
213856,961,57,0.1000,0.00000500,0.0000,5.4453,552.9598,0.0000,0.9803
213857,696,39,0.1000,0.00000500,0.0000,4.4611,553.6547,0.0000,0.9808
213858,1285,66,0.1000,0.00000500,0.0000,4.8080,557.7307,0.0000,0.9801
213859,740,33,0.1000,0.00000500,0.0000,5.5339,559.8408,0.0000,0.9754
213860,229,27,0.1000,0.00000500,0.0000,5.2861,523.9633,0.0000,0.9711
213861,2355,72,0.1000,0.00000500,0.0000,4.8368,590.8385,0.0000,0.9796
213862,223,18,0.1000,0.00000500,0.0000,7.5509,532.2233,0.0000,0.9792
213863,798,33,0.1000,0.00000500,0.0000,5.6255,562.0741,0.0000,0.9839
213864,563,31,0.1000,0.00000500,0.0000,4.3370,550.7191,0.0000,0.9808
213865,2413,68,0.1000,0.00000500,0.0000,6.4788,592.0316,0.0000,0.9747
213866,373,21,0.1000,0.00000500,0.0000,6.6312,544.2897,0.0000,0.9732
213867,1416,47,0.1000,0.00000500,0.0000,4.6717,587.8611,0.0000,0.9794
213868,706,33,0.1000,0.00000500,0.0000,4.3429,549.4774,0.0000,0.9858
213869,252,24,0.1000,0.00000500,0.0000,5.7533,526.6475,0.0000,0.9766
213870,551,24,0.1000,0.00000500,0.0000,6.0895,570.2001,0.0000,0.9831
213871,931,39,0.1000,0.00000500,0.0000,5.9534,566.2170,0.0000,0.9768
213872,1284,48,0.1000,0.00000500,0.0000,6.2145,560.9994,0.0000,0.9753
213873,158,18,0.1000,0.00000500,0.0000,6.1039,524.5597,0.0000,0.9774
213874,378,24,0.1000,0.00000500,0.0000,7.2011,537.4124,0.0000,0.9857
213875,76,12,0.1000,0.00000500,0.0000,5.0798,513.3627,0.0000,0.9896
213876,1389,48,0.1000,0.00000500,0.0000,4.3314,588.2744,0.0000,0.9772
213877,481,29,0.1000,0.00000500,0.0000,5.2049,546.8100,0.0000,0.9860
213878,1112,56,0.1000,0.00000500,0.0000,4.6281,550.4028,0.0000,0.9754
213879,623,33,0.1000,0.00000500,0.0000,5.4756,551.8475,0.0000,0.9801
213880,1454,66,0.1000,0.00000500,0.0000,5.6839,562.9190,0.0000,0.9768
213881,4504,129,0.1000,0.00000500,0.0000,5.7379,602.6758,0.0000,0.9792
213882,886,39,0.1000,0.00000500,0.0000,6.8131,558.2785,0.0000,0.9768
213883,373,24,0.1000,0.00000500,0.0000,6.9569,555.0408,0.0000,0.9701
213884,555,33,0.1000,0.00000500,0.0000,3.8057,553.1930,0.0000,0.9820
213885,136,15,0.1000,0.00000500,0.0000,4.8752,526.4731,0.0000,0.9812
213886,2166,51,0.1000,0.00000500,0.0000,4.9264,616.8377,0.0000,0.9749
213887,558,39,0.1000,0.00000500,0.0000,6.1330,537.5268,0.0000,0.9712
213888,2983,57,0.1000,0.00000500,0.0000,5.7047,638.7499,0.0000,0.9830
213889,8158,108,0.1000,0.00000500,0.0000,6.3729,663.2577,0.0000,0.9812
213890,38,6,0.1000,0.00000500,0.0000,5.6688,502.8199,0.0000,0.9792
213891,3760,87,0.1000,0.00000500,0.0000,5.1209,614.6948,0.0000,0.9835
213892,1323,60,0.1000,0.00000500,0.0000,4.8679,557.8728,0.0000,0.9792
213893,2050,39,0.1000,0.00000500,0.0000,4.1646,621.7360,0.0000,0.9824
213894,108,12,0.1000,0.00000500,0.0000,9.0405,511.8791,0.0000,0.9870
213895,307,22,0.1000,0.00000500,0.0000,7.9518,530.4022,0.0000,0.9830
213896,403,30,0.1000,0.00000500,0.0000,4.8209,540.7362,0.0000,0.9833
213897,789,30,0.1000,0.00000500,0.0000,8.7163,567.7463,0.0000,0.9708
213898,957,57,0.1000,0.00000500,0.0000,7.0395,549.2752,0.0000,0.9803
213899,984,36,0.1000,0.00000500,0.0000,4.6135,571.1904,0.0000,0.9774
213900,217,18,0.1000,0.00000500,0.0000,4.9772,532.7186,0.0000,0.9809
213901,1078,39,0.1000,0.00000500,0.0000,4.9143,581.6946,0.0000,0.9816
213902,278,27,0.1000,0.00000500,0.0000,6.4382,527.7087,0.0000,0.9745
213903,174,21,0.1000,0.00000500,0.0000,3.3777,522.1180,0.0000,0.9851
213904,1201,54,0.1000,0.00000500,0.0000,4.9612,560.2118,0.0000,0.9780
213905,150,15,0.1000,0.00000500,0.0000,3.9098,521.8979,0.0000,0.9750
213906,688,30,0.1000,0.00000500,0.0000,5.9774,564.8639,0.0000,0.9688
213907,1057,36,0.1000,0.00000500,0.0000,6.3420,580.7330,0.0000,0.9826
213908,151,16,0.1000,0.00000500,0.0000,4.5905,524.1303,0.0000,0.9785
213909,1597,60,0.1000,0.00000500,0.0000,5.3319,572.4223,0.0000,0.9823
213910,1933,93,0.1000,0.00000500,0.0000,5.9785,557.6499,0.0000,0.9802
213911,1232,48,0.1000,0.00000500,0.0000,3.7963,571.2088,0.0000,0.9798
213912,130,15,0.1000,0.00000500,0.0000,5.4250,520.1965,0.0000,0.9771
213913,838,45,0.1000,0.00000500,0.0000,5.9741,550.1130,0.0000,0.9771
213914,307,24,0.1000,0.00000500,0.0000,5.1067,527.5190,0.0000,0.9792
213915,2935,66,0.1000,0.00000500,0.0000,6.9036,611.1160,0.0000,0.9763
213916,119,15,0.1000,0.00000500,0.0000,7.1322,519.5616,0.0000,0.9812
213917,557,32,0.1000,0.00000500,0.0000,3.7001,546.6051,0.0000,0.9834
213918,1962,54,0.1000,0.00000500,0.0000,4.2671,603.7218,0.0000,0.9803
213919,977,51,0.1000,0.00000500,0.0000,4.5489,558.1692,0.0000,0.9847
213920,688,36,0.1000,0.00000500,0.0000,5.0381,546.3988,0.0000,0.9792
213921,3903,81,0.1000,0.00000500,0.0000,4.0247,621.8671,0.0000,0.9830
213922,1011,54,0.1000,0.00000500,0.0000,5.5878,553.3672,0.0000,0.9780
213923,1521,38,0.1000,0.00000500,0.0000,6.0095,591.1939,0.0000,0.9745
213924,1562,51,0.1000,0.00000500,0.0000,5.6829,582.3712,0.0000,0.9828
213925,11681,102,0.1000,0.00000500,0.0000,4.9667,733.6013,0.0000,0.9801
213926,207,21,0.1000,0.00000500,0.0000,3.0323,521.4863,0.0000,0.9836
213927,387,35,0.1000,0.00000500,0.0000,3.2059,533.7339,0.0000,0.9777
213928,182,18,0.1000,0.00000500,0.0000,8.2103,528.3798,0.0000,0.9740
213929,395,25,0.1000,0.00000500,0.0000,3.2201,534.4099,0.0000,0.9838
213930,155,18,0.1000,0.00000500,0.0000,4.5023,514.4999,0.0000,0.9826
213931,241,21,0.1000,0.00000500,0.0000,5.1567,529.1331,0.0000,0.9851
213932,565,35,0.1000,0.00000500,0.0000,5.0708,548.8474,0.0000,0.9839
213933,418,36,0.1000,0.00000500,0.0000,5.3471,544.3028,0.0000,0.9835
213934,1345,39,0.1000,0.00000500,0.0000,3.4679,590.8299,0.0000,0.9856
213935,1185,36,0.1000,0.00000500,0.0000,6.1182,595.0083,0.0000,0.9800
213936,3464,87,0.1000,0.00000500,0.0000,4.9713,605.5567,0.0000,0.9767
213937,371,23,0.1000,0.00000500,0.0000,7.6424,551.7518,0.0000,0.9742
213938,2684,93,0.1000,0.00000500,0.0000,5.8463,576.5221,0.0000,0.9805
213939,192,24,0.1000,0.00000500,0.0000,5.7598,525.1185,0.0000,0.9857
213940,167,12,0.1000,0.00000500,0.0000,4.4258,520.9494,0.0000,0.9870
213941,215,21,0.1000,0.00000500,0.0000,7.1873,528.2207,0.0000,0.9821
213942,1607,56,0.1000,0.00000500,0.0000,4.8805,576.0937,0.0000,0.9827
213943,375,21,0.1000,0.00000500,0.0000,6.0819,544.7681,0.0000,0.9807
213944,926,46,0.1000,0.00000500,0.0000,6.4919,550.6174,0.0000,0.9701
213945,754,33,0.1000,0.00000500,0.0000,5.6429,553.2682,0.0000,0.9811
213946,419,27,0.1000,0.00000500,0.0000,4.4716,554.4443,0.0000,0.9745
213947,2076,72,0.1000,0.00000500,0.0000,6.2163,589.6502,0.0000,0.9800
213948,1796,68,0.1000,0.00000500,0.0000,6.0686,573.9239,0.0000,0.9743
213949,1296,45,0.1000,0.00000500,0.0000,5.5507,574.2503,0.0000,0.9833
213950,1088,38,0.1000,0.00000500,0.0000,5.8706,571.2543,0.0000,0.9794
213951,539,39,0.1000,0.00000500,0.0000,6.1437,543.7968,0.0000,0.9864
213952,53,11,0.1000,0.00000500,0.0000,6.3119,501.1175,0.0000,0.9801
213953,294,21,0.1000,0.00000500,0.0000,8.2977,546.7330,0.0000,0.9821
213954,381,24,0.1000,0.00000500,0.0000,6.1419,540.2006,0.0000,0.9831
213955,497,27,0.1000,0.00000500,0.0000,5.3681,555.4185,0.0000,0.9803
213956,5281,111,0.1000,0.00000500,0.0000,5.9542,629.7850,0.0000,0.9783
213957,775,30,0.1000,0.00000500,0.0000,6.9145,572.0795,0.0000,0.9896
213958,618,36,0.1000,0.00000500,0.0000,7.7608,543.2802,0.0000,0.9783
213959,3838,66,0.1000,0.00000500,0.0000,5.9972,638.4497,0.0000,0.9768
213960,313,26,0.1000,0.00000500,0.0000,4.6549,533.2229,0.0000,0.9844
213961,929,36,0.1000,0.00000500,0.0000,4.4032,568.6321,0.0000,0.9870
213962,690,33,0.1000,0.00000500,0.0000,2.7083,552.0331,0.0000,0.9782
213963,2062,78,0.1000,0.00000500,0.0000,5.9673,573.0176,0.0000,0.9820
213964,199,18,0.1000,0.00000500,0.0000,5.4987,524.7735,0.0000,0.9792
213965,1189,54,0.1000,0.00000500,0.0000,5.6738,565.8625,0.0000,0.9821
213966,921,36,0.1000,0.00000500,0.0000,6.1493,575.2195,0.0000,0.9792
213967,543,36,0.1000,0.00000500,0.0000,4.8137,546.8998,0.0000,0.9783
213968,474,27,0.1000,0.00000500,0.0000,8.4743,550.9192,0.0000,0.9803
213969,25,6,0.1000,0.00000500,0.0000,8.4211,507.6591,0.0000,0.9792
213970,296,21,0.1000,0.00000500,0.0000,5.1349,538.4141,0.0000,0.9777
213971,2460,82,0.1000,0.00000500,0.0000,5.5841,583.3580,0.0000,0.9806
213972,3250,87,0.1000,0.00000500,0.0000,5.5254,602.3396,0.0000,0.9799
213973,405,27,0.1000,0.00000500,0.0000,3.6716,543.7805,0.0000,0.9815
213974,59,12,0.1000,0.00000500,0.0000,2.4537,510.8906,0.0000,0.9922
213975,172,18,0.1000,0.00000500,0.0000,5.0397,523.0050,0.0000,0.9861
213976,10104,129,0.1000,0.00000500,0.0000,4.3913,680.5338,0.0000,0.9789
213977,255,24,0.1000,0.00000500,0.0000,4.1480,525.7740,0.0000,0.9831
213978,466,33,0.1000,0.00000500,0.0000,5.7988,541.7166,0.0000,0.9830
213979,699,39,0.1000,0.00000500,0.0000,5.5834,544.7823,0.0000,0.9784
213980,241,21,0.1000,0.00000500,0.0000,5.0566,544.5477,0.0000,0.9658
213981,1049,46,0.1000,0.00000500,0.0000,5.0978,562.4349,0.0000,0.9830
213982,956,42,0.1000,0.00000500,0.0000,6.3245,558.3228,0.0000,0.9769
213983,162,15,0.1000,0.00000500,0.0000,4.4753,535.8361,0.0000,0.9729
213984,140,16,0.1000,0.00000500,0.0000,4.5824,522.9950,0.0000,0.9824
213985,415,27,0.1000,0.00000500,0.0000,4.7760,540.4115,0.0000,0.9884
213986,224,18,0.1000,0.00000500,0.0000,5.8874,545.9213,0.0000,0.9774
213987,412,25,0.1000,0.00000500,0.0000,4.1227,543.3831,0.0000,0.9812
213988,905,33,0.1000,0.00000500,0.0000,5.5203,588.6090,0.0000,0.9811
213989,708,37,0.1000,0.00000500,0.0000,4.9674,556.5675,0.0000,0.9831
213990,911,30,0.1000,0.00000500,0.0000,6.3296,582.4213,0.0000,0.9854
213991,2971,89,0.1000,0.00000500,0.0000,5.9153,592.4554,0.0000,0.9789
213992,214,21,0.1000,0.00000500,0.0000,9.7486,520.0663,0.0000,0.9807
213993,145,15,0.1000,0.00000500,0.0000,6.7475,520.7941,0.0000,0.9750
213994,2979,51,0.1000,0.00000500,0.0000,5.4489,650.4818,0.0000,0.9767
213995,388,24,0.1000,0.00000500,0.0000,5.5700,557.5332,0.0000,0.9870
213996,237,19,0.1000,0.00000500,0.0000,4.2884,529.6976,0.0000,0.9836
213997,2154,57,0.1000,0.00000500,0.0000,4.8272,597.0016,0.0000,0.9819
213998,826,33,0.1000,0.00000500,0.0000,4.0980,566.9633,0.0000,0.9820
213999,5915,78,0.1000,0.00000500,0.0000,5.5960,682.9341,0.0000,0.9816
214000,855,37,0.1000,0.00000500,0.0000,5.1121,555.0175,0.0000,0.9856
