episode,score,steps,epsilon,lr,loss,avg_v,grad_norm
1,93,18,0.9999,0.00005000,0.0000,10.0967,0.0000
2,43,11,0.9997,0.00004999,0.0000,5.6579,0.0000
3,38,10,0.9996,0.00004999,5.7738,3.7789,1.2083
4,34,8,0.9994,0.00004999,5.4581,6.8768,1.5297
5,126,16,0.9992,0.00004998,5.9035,15.2868,2.8213
6,38,10,0.9991,0.00004998,5.7314,7.0031,5.6659
7,34,9,0.9990,0.00004997,4.1392,5.7899,7.9417
8,42,11,0.9988,0.00004997,3.6935,9.0374,7.2396
9,36,9,0.9987,0.00004997,2.7797,9.8329,4.1115
10,27,6,0.9985,0.00004996,3.1606,10.8090,6.0264
11,43,9,0.9983,0.00004996,2.6776,10.4945,3.7497
12,39,11,0.9982,0.00004996,3.3575,8.7304,3.6294
13,91,15,0.9980,0.00004995,2.7190,12.5483,2.9906
14,95,20,0.9979,0.00004995,3.0332,15.0985,2.4099
15,71,13,0.9978,0.00004994,3.4090,9.6436,2.1316
16,38,10,0.9976,0.00004994,2.8960,9.0959,1.9990
17,59,9,0.9974,0.00004994,3.6592,13.0925,1.8740
18,37,10,0.9973,0.00004993,2.8766,10.0646,2.4897
19,83,14,0.9971,0.00004993,3.0824,11.4008,2.3074
20,37,10,0.9970,0.00004993,4.1136,7.7055,1.9490
21,58,13,0.9969,0.00004992,3.7227,9.2664,2.5824
22,30,8,0.9967,0.00004992,4.1501,10.6909,2.1574
23,40,11,0.9966,0.00004991,3.1827,9.7259,1.9666
24,85,14,0.9964,0.00004991,3.7198,13.1183,1.7677
25,76,14,0.9962,0.00004991,3.6560,10.4160,2.2832
26,87,16,0.9961,0.00004990,3.8746,11.4021,3.2617
27,44,12,0.9960,0.00004990,3.0511,8.5387,3.1016
28,41,10,0.9958,0.00004990,2.9973,9.3435,2.9180
29,283,24,0.9957,0.00004989,3.2865,20.9408,2.7759
30,33,9,0.9955,0.00004989,4.0087,9.8571,1.9230
31,193,19,0.9953,0.00004988,4.0313,15.2918,2.4121
32,70,8,0.9952,0.00004988,2.5084,13.2937,2.0102
33,93,16,0.9950,0.00004988,3.3443,15.3627,2.5473
34,28,7,0.9949,0.00004987,3.4317,8.5284,2.0153
35,26,8,0.9948,0.00004987,2.5908,7.9662,2.2034
36,129,18,0.9946,0.00004987,3.7357,11.6147,2.4600
37,35,8,0.9944,0.00004986,4.1452,10.6413,1.9688
38,42,11,0.9943,0.00004986,4.3768,10.0454,2.0434
39,57,12,0.9941,0.00004985,4.1262,11.4609,2.3877
40,172,20,0.9940,0.00004985,3.2358,19.0918,1.7328
41,43,11,0.9939,0.00004985,4.0570,8.5231,2.5873
42,61,13,0.9937,0.00004984,4.3983,9.3051,2.0857
43,70,15,0.9936,0.00004984,3.3149,11.5741,1.9137
44,31,8,0.9934,0.00004983,3.7269,8.1788,8.3243
45,41,9,0.9932,0.00004983,7.3240,9.8452,19.0104
46,61,14,0.9931,0.00004983,4.7468,14.4888,20.6711
47,28,7,0.9929,0.00004982,5.4241,12.3920,9.1973
48,43,10,0.9928,0.00004982,4.4226,12.3846,7.5043
49,40,10,0.9927,0.00004982,4.2049,12.5626,5.4582
50,64,13,0.9925,0.00004981,4.1203,16.0478,6.5976
51,155,19,0.9923,0.00004981,3.9283,17.4266,4.7074
52,31,6,0.9922,0.00004981,3.1263,15.6041,4.8185
53,31,6,0.9920,0.00004980,3.3031,13.8485,4.6844
54,59,12,0.9919,0.00004980,3.8639,14.2109,6.0554
55,115,19,0.9918,0.00004979,3.9378,16.1803,4.0803
56,44,11,0.9916,0.00004979,4.3690,12.9752,4.4359
57,56,12,0.9915,0.00004979,4.6162,12.8463,4.6159
58,51,11,0.9913,0.00004978,4.8765,13.4918,3.7562
59,35,9,0.9911,0.00004978,3.3065,12.6050,3.0130
60,74,13,0.9910,0.00004978,3.8567,14.7798,3.9102
61,39,11,0.9909,0.00004977,4.7179,11.7834,3.7943
62,53,10,0.9907,0.00004977,3.1244,15.9760,5.5136
63,193,21,0.9906,0.00004976,4.1588,24.0304,4.2277
64,61,13,0.9904,0.00004976,3.2610,18.4129,4.1747
65,48,10,0.9902,0.00004976,3.3458,15.3371,4.1014
66,50,10,0.9901,0.00004975,2.7626,13.0044,3.9952
67,83,13,0.9899,0.00004975,4.5877,15.3793,3.4550
68,41,9,0.9898,0.00004975,3.9455,12.9905,4.3472
69,131,19,0.9897,0.00004974,4.0923,16.5981,5.5603
70,85,15,0.9895,0.00004974,3.6272,14.3593,4.4691
71,31,8,0.9893,0.00004973,3.8914,14.1551,4.8615
72,288,25,0.9892,0.00004973,3.2950,25.3264,6.3215
73,33,8,0.9890,0.00004973,4.1531,15.6521,5.5638
74,40,9,0.9889,0.00004972,6.0138,16.3241,4.4879
75,36,10,0.9888,0.00004972,4.0601,12.5215,4.0252
76,115,13,0.9886,0.00004972,4.0495,19.4730,3.8837
77,58,11,0.9885,0.00004971,4.4578,15.3942,5.8005
78,38,11,0.9883,0.00004971,4.0200,12.3283,3.8931
79,36,10,0.9881,0.00004970,3.7670,11.7820,4.8578
80,71,13,0.9880,0.00004970,4.3984,16.0095,5.8660
81,40,10,0.9879,0.00004970,3.7508,11.5437,4.8206
82,30,8,0.9877,0.00004969,3.1206,12.2665,5.0377
83,73,13,0.9876,0.00004969,4.7275,19.8364,4.4412
84,79,14,0.9874,0.00004969,4.2737,13.0568,4.6618
85,120,16,0.9872,0.00004968,4.2028,21.6435,3.0358
86,53,12,0.9871,0.00004968,6.3091,13.2707,18.1497
87,45,11,0.9869,0.00004967,5.5473,15.1913,34.9477
88,29,7,0.9868,0.00004967,4.7089,16.6878,20.5236
89,38,10,0.9867,0.00004967,4.3110,17.2147,19.8388
90,93,16,0.9865,0.00004966,3.6224,21.2553,12.8545
91,30,7,0.9863,0.00004966,4.4161,17.3704,7.0015
92,38,10,0.9862,0.00004966,3.6109,17.0368,10.9065
93,63,14,0.9860,0.00004965,4.3380,22.4209,5.1691
94,78,13,0.9859,0.00004965,4.3256,18.8044,5.6874
95,43,10,0.9858,0.00004964,3.9388,17.3115,8.1808
96,24,6,0.9856,0.00004964,5.1183,17.2546,7.2509
97,39,11,0.9855,0.00004964,5.5235,20.2889,8.9907
98,35,9,0.9853,0.00004963,4.3430,18.4224,7.0560
99,41,12,0.9851,0.00004963,3.7240,16.8308,4.9051
100,106,16,0.9850,0.00004963,3.1354,21.3133,5.5568
101,70,12,0.9849,0.00004962,4.3708,17.6515,6.5823
102,27,6,0.9847,0.00004962,1.8700,17.9967,9.4055
103,75,13,0.9846,0.00004961,4.4139,22.7379,7.7741
104,130,19,0.9844,0.00004961,4.8003,22.3009,7.8431
105,40,10,0.9842,0.00004961,3.9161,17.7078,10.0693
106,110,15,0.9841,0.00004960,3.9935,19.9940,8.5005
107,32,8,0.9839,0.00004960,4.9449,18.3871,6.9806
108,173,20,0.9838,0.00004960,4.2838,25.0425,8.4312
109,42,11,0.9837,0.00004959,5.2314,20.0275,5.6576
110,265,18,0.9835,0.00004959,4.0403,28.1828,6.6095
111,35,8,0.9833,0.00004958,3.4934,18.3901,6.3272
112,55,11,0.9832,0.00004958,3.8100,18.5829,7.4127
113,32,8,0.9830,0.00004958,3.6918,18.4794,6.0527
114,28,8,0.9829,0.00004957,4.6740,17.8041,6.5858
115,26,7,0.9828,0.00004957,2.9549,17.2919,8.3284
116,39,11,0.9826,0.00004957,4.4591,18.3879,5.7895
117,58,12,0.9825,0.00004956,3.4938,19.1192,4.7937
118,62,14,0.9823,0.00004956,3.2759,18.1409,7.1128
119,43,12,0.9821,0.00004955,3.7709,15.2252,5.7479
120,37,10,0.9820,0.00004955,3.8571,16.0197,5.3723
121,33,8,0.9819,0.00004955,3.3693,23.1119,4.1240
122,35,8,0.9817,0.00004954,3.7216,16.9407,7.1277
123,166,20,0.9816,0.00004954,3.7335,23.7355,7.5582
124,26,6,0.9814,0.00004953,3.8209,18.5575,8.7721
125,120,17,0.9812,0.00004953,4.1439,22.4426,6.2354
126,41,11,0.9811,0.00004953,3.4753,16.9094,9.4096
127,80,13,0.9809,0.00004952,5.1904,19.8435,10.0858
128,75,14,0.9808,0.00004952,4.7482,19.7944,4.4686
129,26,5,0.9807,0.00004952,6.3888,19.0949,5.1174
130,54,10,0.9805,0.00004951,7.0707,20.3827,18.0871
131,77,11,0.9804,0.00004951,6.0797,27.0185,45.4083
132,33,8,0.9802,0.00004951,5.8734,22.7942,16.6877
133,40,10,0.9800,0.00004950,4.9538,22.8131,23.1181
134,194,19,0.9799,0.00004950,4.5942,28.4422,15.5766
135,37,8,0.9798,0.00004949,3.0765,26.0023,5.6964
136,42,13,0.9796,0.00004949,4.2957,18.5866,10.1275
137,31,8,0.9795,0.00004949,4.4964,20.6022,10.1253
138,41,10,0.9793,0.00004948,4.0386,22.4480,11.4981
139,33,8,0.9791,0.00004948,3.3299,21.4277,6.8690
140,84,13,0.9790,0.00004948,4.3858,27.2999,14.2178
141,79,16,0.9788,0.00004947,3.3065,27.8821,9.6804
142,61,14,0.9787,0.00004947,4.2409,23.0466,9.6045
143,37,8,0.9786,0.00004946,5.5479,22.7055,9.7239
144,43,10,0.9784,0.00004946,4.6119,22.1170,7.4648
145,57,13,0.9782,0.00004946,6.1673,22.4111,8.9778
146,40,9,0.9781,0.00004945,5.7974,23.0330,8.8922
147,43,12,0.9779,0.00004945,4.8126,21.4218,15.4920
148,56,11,0.9778,0.00004945,3.9998,22.0531,8.4061
149,61,13,0.9777,0.00004944,4.8051,23.0014,13.3008
150,33,8,0.9775,0.00004944,3.9763,24.6736,7.0932
151,56,11,0.9774,0.00004943,4.9881,22.5040,5.3648
152,70,12,0.9772,0.00004943,5.1318,26.2146,9.0474
153,36,8,0.9770,0.00004943,3.9118,21.8873,8.5800
154,81,14,0.9769,0.00004942,4.9099,24.2226,10.4976
155,42,9,0.9768,0.00004942,4.3893,26.9313,8.4038
156,130,18,0.9766,0.00004942,4.2634,27.1237,8.2383
157,44,9,0.9765,0.00004941,4.7266,23.1470,7.9043
158,20,5,0.9763,0.00004941,5.5337,23.1339,10.1001
159,35,8,0.9761,0.00004940,5.8711,23.1511,10.8263
160,37,10,0.9760,0.00004940,3.5893,24.2367,8.3243
161,42,11,0.9758,0.00004940,4.7975,21.9566,8.8618
162,42,10,0.9757,0.00004939,4.8653,23.1872,8.4512
163,130,17,0.9756,0.00004939,4.8727,25.9640,11.5050
164,35,8,0.9754,0.00004939,4.3605,22.8283,11.6091
165,61,13,0.9752,0.00004938,6.1643,23.7978,7.4894
166,43,14,0.9751,0.00004938,4.2516,22.2687,9.8833
167,175,17,0.9749,0.00004937,4.5197,30.3067,6.6297
168,64,15,0.9748,0.00004937,4.4757,27.7453,10.9164
169,46,15,0.9747,0.00004937,4.8029,19.0157,5.3183
170,141,17,0.9745,0.00004936,4.3457,30.9240,9.4800
171,65,13,0.9744,0.00004936,6.3588,24.1987,9.7649
172,52,11,0.9742,0.00004936,4.0239,21.9839,10.1961
173,66,12,0.9740,0.00004935,6.2447,23.0502,18.0453
174,45,12,0.9739,0.00004935,5.7442,25.7304,49.3998
175,39,10,0.9738,0.00004934,4.0641,27.1658,42.1181
176,39,10,0.9736,0.00004934,7.2422,27.1518,24.4396
177,35,10,0.9735,0.00004934,4.8094,28.3425,22.2638
178,33,9,0.9733,0.00004933,4.9628,25.5683,16.4677
179,36,8,0.9731,0.00004933,3.8707,28.0021,12.3780
180,206,27,0.9730,0.00004932,5.4368,28.5790,9.6429
181,29,7,0.9728,0.00004932,5.0208,30.4057,14.7763
182,81,16,0.9727,0.00004932,4.4430,27.2273,12.9729
183,42,11,0.9726,0.00004931,5.9527,25.5856,16.7560
184,41,12,0.9724,0.00004931,5.5712,24.1883,11.2046
185,58,12,0.9722,0.00004931,4.9869,29.2108,26.0761
186,33,9,0.9721,0.00004930,4.3130,27.5404,9.8208
187,37,9,0.9719,0.00004930,3.9515,25.6453,18.6534
188,109,15,0.9718,0.00004930,5.2324,31.3651,10.7381
189,40,10,0.9717,0.00004929,4.5192,27.7980,12.1987
190,60,13,0.9715,0.00004929,5.9853,29.1390,12.8614
191,125,17,0.9714,0.00004928,4.0628,28.9269,14.2646
192,62,12,0.9712,0.00004928,4.8255,30.5168,10.7931
193,38,7,0.9710,0.00004928,4.7359,31.2671,5.9751
194,52,10,0.9709,0.00004927,4.6221,27.0954,6.7942
195,39,10,0.9708,0.00004927,3.6507,25.4679,9.5795
196,41,11,0.9706,0.00004927,3.4988,26.3269,9.5590
197,37,10,0.9705,0.00004926,4.5118,26.0812,21.3411
198,42,12,0.9703,0.00004926,4.7238,24.5255,11.8951
199,39,10,0.9701,0.00004925,4.7430,26.9794,10.1538
200,86,14,0.9700,0.00004925,3.8309,28.8568,13.4739
201,40,10,0.9698,0.00004925,4.9423,27.7292,8.3484
202,51,10,0.9697,0.00004924,5.0504,31.8217,12.1321
203,80,13,0.9696,0.00004924,4.6744,29.7537,13.0252
204,29,7,0.9694,0.00004924,3.5141,25.9806,29.6776
205,28,6,0.9692,0.00004923,4.0797,28.0859,18.3134
206,36,8,0.9691,0.00004923,5.2597,26.6545,12.1554
207,36,8,0.9689,0.00004922,4.1701,28.0388,11.5821
208,37,9,0.9688,0.00004922,3.9240,28.4821,9.3676
209,42,10,0.9687,0.00004922,4.3409,29.1527,9.8083
210,77,12,0.9685,0.00004921,5.0722,27.5094,11.4383
211,104,17,0.9684,0.00004921,4.9236,29.0189,18.1672
212,89,15,0.9682,0.00004921,5.4549,30.3678,15.1801
213,32,7,0.9680,0.00004920,3.1191,28.9143,16.7025
214,59,12,0.9679,0.00004920,4.8199,26.0038,14.5821
215,135,20,0.9677,0.00004919,6.4351,29.9162,10.5941
216,119,15,0.9676,0.00004919,4.9407,32.7096,12.1686
217,39,8,0.9675,0.00004919,5.5152,29.4242,27.8522
218,36,9,0.9673,0.00004918,9.1205,28.2622,67.6998
219,57,14,0.9671,0.00004918,4.9659,31.0462,43.8244
220,55,11,0.9670,0.00004918,4.8572,31.6592,26.4977
221,41,11,0.9668,0.00004917,5.3524,30.1438,16.5697
222,167,19,0.9667,0.00004917,5.2906,38.9328,14.9518
223,57,11,0.9666,0.00004916,6.5168,37.7743,14.0929
224,45,9,0.9664,0.00004916,5.1404,31.1330,17.0012
225,42,13,0.9663,0.00004916,5.8467,29.9480,13.9442
226,84,13,0.9661,0.00004915,4.7077,34.3206,17.2301
227,76,15,0.9659,0.00004915,3.8029,33.6979,14.9579
228,56,11,0.9658,0.00004915,5.9047,35.1011,10.6454
229,25,7,0.9657,0.00004914,5.9168,28.4882,18.4840
230,127,19,0.9655,0.00004914,4.8040,33.8242,26.0698
231,82,13,0.9654,0.00004913,5.6769,31.9928,20.2149
232,58,12,0.9652,0.00004913,5.7170,30.9764,26.8194
233,52,9,0.9650,0.00004913,3.4868,33.9967,19.0391
234,54,14,0.9649,0.00004912,5.2980,33.8879,13.7769
235,58,13,0.9647,0.00004912,3.6828,31.3126,16.5190
236,35,9,0.9646,0.00004911,5.2513,30.6079,14.4506
237,29,7,0.9645,0.00004911,4.2265,36.0438,7.4242
238,75,13,0.9643,0.00004911,6.6451,33.7175,18.8062
239,137,17,0.9641,0.00004910,4.5295,37.2262,11.7508
240,105,15,0.9640,0.00004910,5.4796,32.3409,9.7539
241,28,7,0.9638,0.00004910,3.0694,32.8025,14.8300
242,123,16,0.9637,0.00004909,5.4335,34.5938,14.5067
243,52,11,0.9636,0.00004909,3.5901,31.3104,11.5704
244,44,10,0.9634,0.00004909,4.0054,31.1590,9.7546
245,145,19,0.9633,0.00004908,5.2319,39.7187,14.5959
246,33,9,0.9631,0.00004908,3.3784,29.7729,24.4603
247,31,8,0.9629,0.00004907,5.9603,31.9218,11.8455
248,54,12,0.9628,0.00004907,6.0119,30.2935,8.8119
249,112,14,0.9627,0.00004907,5.2166,39.7352,13.8040
250,68,10,0.9625,0.00004906,5.3727,33.9428,16.2103
251,43,10,0.9624,0.00004906,4.8971,32.0419,11.0657
252,44,11,0.9622,0.00004906,5.1599,32.0511,13.5605
253,46,14,0.9620,0.00004905,5.0354,31.3185,10.5140
254,60,12,0.9619,0.00004905,4.8174,30.6565,20.1827
255,31,9,0.9617,0.00004904,3.8809,29.1122,16.1229
256,35,9,0.9616,0.00004904,4.4385,33.4818,16.5116
257,36,8,0.9615,0.00004904,3.9214,32.4313,9.4808
258,56,13,0.9613,0.00004903,3.9850,29.1815,13.8334
259,47,8,0.9611,0.00004903,5.0438,31.5860,11.1908
260,32,8,0.9610,0.00004902,6.2916,32.5919,49.9194
261,134,22,0.9608,0.00004902,6.5770,38.5644,57.7835
262,56,12,0.9607,0.00004902,6.1351,33.4913,22.2792
263,37,7,0.9606,0.00004901,5.9714,38.9440,20.0676
264,44,10,0.9604,0.00004901,5.9841,41.3738,18.9006
265,36,9,0.9603,0.00004901,4.6162,33.4952,21.9003
266,29,7,0.9601,0.00004900,4.8689,35.7157,20.8419
267,56,12,0.9599,0.00004900,4.5650,36.3818,23.4082
268,32,8,0.9598,0.00004900,5.1185,34.9869,16.8615
269,25,6,0.9597,0.00004899,4.8501,35.0261,11.3468
270,53,10,0.9595,0.00004899,5.0643,37.1178,25.0732
271,34,8,0.9594,0.00004898,5.7315,36.0213,8.6728
272,56,10,0.9592,0.00004898,5.2493,39.0728,13.9095
273,40,10,0.9590,0.00004898,5.1568,34.6087,17.4360
274,261,27,0.9589,0.00004897,4.9765,46.7873,18.4607
275,45,12,0.9587,0.00004897,3.5811,34.0638,14.7856
276,30,7,0.9586,0.00004897,5.1836,38.1169,29.2738
277,96,15,0.9585,0.00004896,3.7523,36.7381,16.8728
278,162,14,0.9583,0.00004896,6.5823,43.9758,19.9178
279,38,10,0.9582,0.00004895,4.6308,35.1660,16.0140
280,101,14,0.9580,0.00004895,5.0938,43.2671,14.1186
281,34,7,0.9578,0.00004895,4.9528,36.1341,13.6230
282,35,9,0.9577,0.00004894,4.6960,32.9662,18.9491
283,33,8,0.9576,0.00004894,4.6735,34.7833,22.8737
284,117,15,0.9574,0.00004894,5.1194,41.1425,23.5065
285,60,12,0.9573,0.00004893,5.4410,38.7064,28.8748
286,55,11,0.9571,0.00004893,5.9401,39.7084,18.8215
287,84,15,0.9569,0.00004892,4.7985,38.6245,20.0470
288,57,12,0.9568,0.00004892,5.9846,36.4271,15.8499
289,85,10,0.9567,0.00004892,5.4356,46.5482,15.0593
290,30,10,0.9565,0.00004891,4.2860,32.8744,15.6316
291,92,14,0.9564,0.00004891,7.5050,38.1316,23.2718
292,61,13,0.9562,0.00004891,4.9019,37.3158,20.0075
293,35,8,0.9560,0.00004890,4.0888,37.5432,17.2585
294,59,11,0.9559,0.00004890,6.3322,38.6783,20.9409
295,84,14,0.9557,0.00004889,5.1582,42.7160,19.9408
296,39,11,0.9556,0.00004889,5.6802,33.9836,11.3883
297,38,10,0.9555,0.00004889,4.3353,35.9505,11.7990
298,49,10,0.9553,0.00004888,4.1771,36.2176,12.7415
299,37,9,0.9551,0.00004888,5.0144,35.6899,19.8593
300,91,17,0.9550,0.00004888,5.9888,39.1294,12.7011
301,56,12,0.9548,0.00004887,6.0813,35.4455,9.1692
302,32,8,0.9547,0.00004887,4.4515,37.4945,14.0796
303,87,12,0.9546,0.00004886,5.2965,42.7369,10.8501
304,34,9,0.9544,0.00004886,6.3550,34.0672,28.4647
305,37,9,0.9543,0.00004886,8.2213,38.0689,85.3625
306,34,8,0.9541,0.00004885,6.3601,44.6563,45.7464
307,125,15,0.9539,0.00004885,4.9582,44.5223,36.5632
308,24,7,0.9538,0.00004885,6.9625,37.1394,20.4288
309,35,9,0.9536,0.00004884,3.3847,41.9927,26.8091
310,34,9,0.9535,0.00004884,7.1259,37.8864,22.2569
311,35,9,0.9534,0.00004883,6.1229,38.0391,18.8201
312,44,10,0.9532,0.00004883,6.2232,40.5415,15.5855
313,168,18,0.9530,0.00004883,5.7955,45.6232,27.7710
314,125,16,0.9529,0.00004882,5.7674,46.6859,22.9303
315,106,18,0.9527,0.00004882,5.4493,42.3682,24.9013
316,19,5,0.9526,0.00004881,6.0498,40.7117,11.5074
317,219,25,0.9525,0.00004881,4.9560,54.2171,19.2185
318,54,12,0.9523,0.00004881,7.2306,39.8586,12.9318
319,148,16,0.9522,0.00004880,5.3738,43.6845,19.8672
320,107,18,0.9520,0.00004880,5.6427,41.5880,18.2012
321,28,7,0.9518,0.00004880,5.8851,40.3760,19.0874
322,38,8,0.9517,0.00004879,5.6370,43.5086,15.2889
323,35,8,0.9516,0.00004879,5.7478,41.4172,21.3034
324,46,10,0.9514,0.00004879,5.4437,40.8241,19.7878
325,39,10,0.9513,0.00004878,4.5700,40.5038,19.1571
326,86,13,0.9511,0.00004878,6.5812,45.9348,23.8751
327,106,18,0.9509,0.00004877,5.6570,45.4770,16.6879
328,37,10,0.9508,0.00004877,5.4089,38.3749,21.7922
329,56,11,0.9506,0.00004877,5.7387,41.7467,20.7018
330,75,14,0.9505,0.00004876,4.0468,41.2464,19.6787
331,72,13,0.9504,0.00004876,5.9332,41.4251,20.9330
332,29,8,0.9502,0.00004876,4.1754,37.9552,23.4048
333,354,20,0.9500,0.00004875,5.2997,61.3762,24.8057
334,167,20,0.9499,0.00004875,4.2775,45.7415,21.3516
335,79,12,0.9497,0.00004874,5.6547,41.3386,15.4939
336,25,7,0.9496,0.00004874,6.0446,38.5288,30.0698
337,36,9,0.9495,0.00004874,6.7522,40.1579,22.3897
338,61,14,0.9493,0.00004873,4.5836,41.2400,17.2636
339,53,11,0.9492,0.00004873,5.3578,46.4844,20.6032
340,110,20,0.9490,0.00004873,4.9164,44.1695,17.2736
341,38,9,0.9488,0.00004872,4.8981,39.7625,30.7860
342,47,9,0.9487,0.00004872,5.4294,41.2261,40.7863
343,163,20,0.9486,0.00004871,4.7991,48.0248,23.1192
344,27,7,0.9484,0.00004871,4.4790,40.4664,16.5189
345,126,16,0.9483,0.00004871,8.7155,47.0756,61.7902
346,60,12,0.9481,0.00004870,6.4145,49.9176,46.9278
347,46,12,0.9479,0.00004870,4.4055,43.8204,44.4648
348,38,10,0.9478,0.00004870,6.1988,43.0412,42.5864
349,88,16,0.9476,0.00004869,4.4756,52.5262,20.3914
350,37,9,0.9475,0.00004869,5.6898,41.7295,23.3776
351,77,13,0.9474,0.00004868,5.2333,45.0731,18.9371
352,53,11,0.9472,0.00004868,4.5587,44.8116,21.9408
353,169,17,0.9470,0.00004868,5.4776,54.0214,24.9384
354,22,7,0.9469,0.00004867,5.2385,41.4812,29.6184
355,46,9,0.9467,0.00004867,7.7364,48.4286,27.8144
356,53,10,0.9466,0.00004867,5.3699,44.4872,24.3179
357,24,6,0.9465,0.00004866,5.1955,42.4280,15.4809
358,104,16,0.9463,0.00004866,6.0936,49.3261,20.8594
359,57,13,0.9462,0.00004865,6.1772,44.6280,22.5693
360,40,8,0.9460,0.00004865,6.2258,48.2794,26.9179
361,29,7,0.9458,0.00004865,5.2301,43.1333,21.4539
362,46,11,0.9457,0.00004864,6.3470,44.9530,31.5643
363,44,10,0.9456,0.00004864,6.2304,44.9308,19.7303
364,215,23,0.9454,0.00004864,4.9079,52.2253,20.1836
365,58,12,0.9453,0.00004863,4.2936,49.4857,25.8449
366,40,9,0.9451,0.00004863,5.4266,41.8496,28.3714
367,93,17,0.9449,0.00004862,6.2848,46.8820,22.1763
368,36,11,0.9448,0.00004862,4.7571,44.1914,25.1820
369,172,17,0.9446,0.00004862,5.2570,57.5527,21.4389
370,41,8,0.9445,0.00004861,5.2355,45.4675,29.0320
371,81,14,0.9444,0.00004861,5.8662,47.7667,25.2175
372,37,11,0.9442,0.00004860,5.8685,45.8938,23.3545
373,55,12,0.9441,0.00004860,6.0204,44.7642,21.3130
374,29,9,0.9439,0.00004860,6.8468,41.2270,21.1383
375,41,10,0.9437,0.00004859,9.0331,44.2153,24.1780
376,117,13,0.9436,0.00004859,4.4309,50.2811,18.6450
377,46,13,0.9435,0.00004859,4.8603,44.6179,26.9082
378,41,10,0.9433,0.00004858,4.4839,43.8336,34.7653
379,53,11,0.9432,0.00004858,6.6371,46.8278,25.1123
380,36,8,0.9430,0.00004858,7.0358,44.6289,14.7670
381,54,12,0.9428,0.00004857,5.0426,45.0641,21.5620
382,54,10,0.9427,0.00004857,6.5569,45.9298,24.1868
383,70,10,0.9425,0.00004856,7.3189,48.5795,30.4493
384,31,7,0.9424,0.00004856,5.1839,43.9313,41.5808
385,40,12,0.9423,0.00004856,6.0604,42.3272,28.0701
386,78,13,0.9421,0.00004855,6.4226,46.4828,23.5355
387,37,9,0.9419,0.00004855,8.0846,42.5893,16.3412
388,32,7,0.9418,0.00004855,6.7015,44.3579,20.1987
389,77,14,0.9416,0.00004854,7.6131,48.7078,74.8792
390,33,10,0.9415,0.00004854,6.5169,47.5360,63.9661
391,54,12,0.9414,0.00004853,5.4083,49.0388,33.7504
392,100,16,0.9412,0.00004853,5.6832,48.4705,18.8592
393,132,19,0.9410,0.00004853,5.7197,56.4428,30.8148
394,56,12,0.9409,0.00004852,5.7099,49.5357,25.5679
395,85,14,0.9407,0.00004852,5.2353,52.1616,15.9830
396,30,7,0.9406,0.00004852,5.4369,51.6722,17.6765
397,116,13,0.9405,0.00004851,6.4629,56.4502,24.6344
398,37,8,0.9403,0.00004851,5.9922,50.2500,25.6599
399,72,10,0.9402,0.00004850,6.7495,52.2998,28.7185
400,61,14,0.9400,0.00004850,5.7111,49.8794,34.9779
401,38,11,0.9398,0.00004850,5.3776,48.6795,37.5987
402,92,13,0.9397,0.00004849,8.5282,54.1035,43.6135
403,48,9,0.9395,0.00004849,5.5646,50.1046,39.3094
404,40,11,0.9394,0.00004849,7.6831,47.8695,40.2072
405,51,11,0.9393,0.00004848,8.0267,49.2947,19.4390
406,35,9,0.9391,0.00004848,5.4972,49.6221,34.0955
407,33,8,0.9389,0.00004847,4.4691,49.3239,27.9887
408,92,13,0.9388,0.00004847,5.2651,52.4017,17.3777
409,58,11,0.9386,0.00004847,5.8432,56.6994,22.3592
410,37,10,0.9385,0.00004846,7.6391,48.3612,29.5486
411,54,10,0.9384,0.00004846,6.9968,50.1562,17.2782
412,37,10,0.9382,0.00004846,7.0367,48.7975,26.7533
413,53,11,0.9381,0.00004845,5.4746,51.2857,35.4565
414,35,10,0.9379,0.00004845,6.7269,48.3698,44.9498
415,37,8,0.9377,0.00004844,6.1166,51.0226,19.0005
416,81,12,0.9376,0.00004844,4.3636,51.8411,35.5322
417,34,8,0.9375,0.00004844,4.5444,55.5451,19.1439
418,62,12,0.9373,0.00004843,5.5834,51.2685,32.8617
419,42,10,0.9372,0.00004843,5.0578,51.1668,24.2526
420,34,7,0.9370,0.00004843,6.2004,50.4320,17.7321
421,32,11,0.9368,0.00004842,5.5313,45.5066,37.8895
422,49,11,0.9367,0.00004842,3.6332,49.1664,24.4291
423,77,13,0.9365,0.00004841,5.4031,51.6654,22.6313
424,88,14,0.9364,0.00004841,5.6667,50.9272,19.5342
425,100,15,0.9363,0.00004841,6.5267,54.4298,18.4941
426,60,12,0.9361,0.00004840,7.5899,50.8922,17.8004
427,38,9,0.9359,0.00004840,5.4106,49.6883,27.1044
428,60,12,0.9358,0.00004839,6.2939,49.6881,26.1645
429,24,6,0.9356,0.00004839,6.6505,47.3268,24.7440
430,65,14,0.9355,0.00004839,4.5437,47.5377,18.7299
431,37,10,0.9354,0.00004838,5.4431,46.8752,23.5899
432,84,12,0.9352,0.00004838,6.0564,49.0858,20.9499
433,112,14,0.9350,0.00004838,5.1357,51.7946,20.5148
434,87,13,0.9349,0.00004837,7.3332,58.9166,99.6486
435,35,10,0.9347,0.00004837,6.6265,52.2013,69.7111
436,32,8,0.9346,0.00004837,8.0834,56.5496,28.5010
437,37,7,0.9345,0.00004836,7.5894,54.6657,22.0684
438,54,11,0.9343,0.00004836,7.2453,55.6244,19.8949
439,39,9,0.9342,0.00004835,5.3157,52.4668,32.6191
440,37,10,0.9340,0.00004835,6.5181,53.2626,24.6733
441,79,13,0.9338,0.00004835,5.4840,58.3235,28.6021
442,194,19,0.9337,0.00004834,4.9841,60.2665,19.3770
443,60,12,0.9335,0.00004834,6.2286,55.6661,22.2780
444,52,11,0.9334,0.00004834,6.0049,54.5770,26.5338
445,249,24,0.9333,0.00004833,5.9032,63.8549,22.8590
446,46,10,0.9331,0.00004833,7.7338,52.9964,26.2366
447,39,10,0.9329,0.00004832,4.6244,53.2325,22.7975
448,54,12,0.9328,0.00004832,5.0839,52.2481,30.3491
449,57,10,0.9326,0.00004832,5.6951,56.9165,20.4391
450,124,16,0.9325,0.00004831,7.8309,58.4476,30.2498
451,55,12,0.9324,0.00004831,6.3042,54.4799,27.3254
452,37,10,0.9322,0.00004830,6.3935,52.3045,36.1694
453,71,13,0.9321,0.00004830,6.4315,52.9856,36.1004
454,119,17,0.9319,0.00004830,5.5861,58.1578,52.7812
455,39,10,0.9317,0.00004829,4.9632,53.2907,39.2634
456,42,10,0.9316,0.00004829,5.8840,56.6391,33.9019
457,43,11,0.9315,0.00004829,5.5362,53.3772,28.7942
458,58,12,0.9313,0.00004828,5.9009,54.2206,29.8063
459,58,13,0.9312,0.00004828,6.2386,52.9490,44.6049
460,31,8,0.9310,0.00004828,6.4143,50.0817,37.9372
461,32,7,0.9308,0.00004827,4.8051,51.4652,42.1963
462,48,14,0.9307,0.00004827,6.3281,54.5425,37.7631
463,124,15,0.9305,0.00004826,6.5947,61.6606,54.8002
464,73,13,0.9304,0.00004826,6.2012,57.3146,37.3366
465,46,8,0.9303,0.00004826,7.6887,56.1617,28.7761
466,219,23,0.9301,0.00004825,6.7060,61.8544,23.3498
467,62,15,0.9300,0.00004825,4.2205,56.2795,26.0438
468,59,12,0.9298,0.00004825,5.4516,53.3776,41.6393
469,54,10,0.9296,0.00004824,7.6402,58.6533,33.1915
470,105,18,0.9295,0.00004824,5.5466,59.3638,35.7248
471,43,13,0.9294,0.00004823,7.4419,53.7170,22.3590
472,60,12,0.9292,0.00004823,6.6097,57.0652,23.4398
473,75,13,0.9290,0.00004823,5.3668,53.2688,31.5916
474,33,8,0.9289,0.00004822,6.9052,58.4489,52.8356
475,42,9,0.9287,0.00004822,7.1470,57.3680,122.1357
476,46,9,0.9286,0.00004822,5.0183,58.1311,70.6863
477,29,8,0.9284,0.00004821,7.0376,55.9458,43.8892
478,43,11,0.9283,0.00004821,8.1282,58.3828,34.2548
479,38,9,0.9282,0.00004820,5.7760,59.0591,40.3137
480,38,10,0.9280,0.00004820,7.2566,58.3793,28.4401
481,51,9,0.9278,0.00004820,7.4044,62.4460,33.0480
482,106,14,0.9277,0.00004819,4.2312,66.3379,30.7454
483,45,7,0.9275,0.00004819,4.3954,61.1679,38.8642
484,33,8,0.9274,0.00004819,6.9733,56.4197,23.2466
485,38,8,0.9273,0.00004818,4.9357,57.7225,40.6438
486,306,33,0.9271,0.00004818,6.7792,63.3665,55.0604
487,39,10,0.9269,0.00004817,6.0130,59.5650,28.4739
488,59,13,0.9268,0.00004817,6.8168,59.0267,30.8600
489,67,12,0.9266,0.00004817,7.0392,62.5758,33.7925
490,60,13,0.9265,0.00004816,6.9935,60.7875,30.5221
491,39,10,0.9264,0.00004816,6.5259,57.7388,19.6739
492,33,8,0.9262,0.00004816,7.3593,59.9517,28.1069
493,64,12,0.9261,0.00004815,5.1284,57.3765,32.4280
494,43,11,0.9259,0.00004815,5.3116,57.4455,23.4560
495,73,13,0.9257,0.00004814,6.0894,55.2825,31.6801
496,43,10,0.9256,0.00004814,5.6979,61.0788,47.1842
497,31,7,0.9254,0.00004814,6.9235,55.4525,38.1826
498,88,13,0.9253,0.00004813,6.5349,63.5300,47.6341
499,44,9,0.9252,0.00004813,6.1557,57.7852,41.2890
500,51,11,0.9250,0.00004813,6.8122,58.0047,28.7393
501,34,8,0.9248,0.00004812,8.3355,61.4861,29.2280
502,56,12,0.9247,0.00004812,6.1990,60.9087,26.8287
503,39,9,0.9245,0.00004811,6.0008,59.3220,18.6458
504,28,7,0.9244,0.00004811,5.9573,56.9711,20.4821
505,801,33,0.9243,0.00004811,6.8408,77.0292,36.2236
506,37,7,0.9241,0.00004810,8.4722,62.4890,26.7872
507,54,12,0.9240,0.00004810,6.1725,56.1994,39.0571
508,137,20,0.9238,0.00004809,6.4285,68.2131,35.4814
509,43,10,0.9236,0.00004809,7.1348,56.4653,22.0763
510,43,9,0.9235,0.00004809,6.7467,61.6863,35.1641
511,51,10,0.9234,0.00004808,9.3663,57.2771,34.3155
512,37,9,0.9232,0.00004808,7.1028,58.4999,26.7838
513,116,16,0.9231,0.00004808,7.5250,60.0947,30.7166
514,33,8,0.9229,0.00004807,6.2313,58.7038,29.0648
515,268,26,0.9227,0.00004807,7.6115,74.3130,42.7147
516,33,8,0.9226,0.00004807,5.7483,54.8198,26.9663
517,30,9,0.9224,0.00004806,8.9620,57.7110,52.2248
518,38,10,0.9223,0.00004806,7.8318,59.3330,113.0164
519,37,9,0.9222,0.00004805,6.6399,60.1418,66.8979
520,37,9,0.9220,0.00004805,7.1214,63.7239,63.9603
521,33,8,0.9219,0.00004805,6.9333,64.5232,62.8926
522,34,9,0.9217,0.00004804,8.4018,61.9164,27.8069
523,29,7,0.9215,0.00004804,5.1100,60.6742,46.7660
524,34,7,0.9214,0.00004804,4.7677,65.2071,21.3399
525,29,7,0.9213,0.00004803,8.9967,60.7858,31.6965
526,52,12,0.9211,0.00004803,6.8264,64.8315,49.1886
527,37,8,0.9210,0.00004802,7.4824,63.0798,40.1231
528,49,11,0.9208,0.00004802,5.4463,62.0150,72.7909
529,35,9,0.9206,0.00004802,6.3551,60.2814,49.5265
530,53,10,0.9205,0.00004801,7.6821,63.8721,45.1322
531,40,10,0.9204,0.00004801,7.5537,60.9465,32.9289
532,53,12,0.9202,0.00004800,5.8288,61.4908,51.0165
533,60,13,0.9201,0.00004800,5.7020,62.5859,72.1417
534,50,11,0.9199,0.00004800,6.7046,61.2690,68.0406
535,78,12,0.9197,0.00004799,7.5174,63.1274,43.9328
536,78,14,0.9196,0.00004799,6.2231,63.5229,49.3933
537,125,16,0.9194,0.00004799,4.9827,65.6682,34.8100
538,48,12,0.9193,0.00004798,7.5292,67.9048,24.0228
539,167,16,0.9192,0.00004798,5.5466,76.5572,31.7168
540,114,15,0.9190,0.00004798,6.5401,71.3825,42.4180
541,179,21,0.9188,0.00004797,6.1260,71.2867,46.5971
542,35,9,0.9187,0.00004797,5.1091,62.1519,40.2870
543,22,6,0.9185,0.00004796,6.8387,61.5234,19.8954
544,50,10,0.9184,0.00004796,6.6888,63.5691,17.0127
545,42,12,0.9183,0.00004796,5.9397,61.0235,27.1795
546,32,9,0.9181,0.00004795,5.9821,61.7178,32.4474
547,102,15,0.9180,0.00004795,4.9982,62.8458,36.9644
548,49,10,0.9178,0.00004795,9.1754,59.7899,20.8327
549,31,6,0.9176,0.00004794,10.0227,66.1567,26.5772
550,90,11,0.9175,0.00004794,4.6939,67.2726,21.2225
551,58,13,0.9173,0.00004793,5.1126,61.2897,20.9426
552,123,16,0.9172,0.00004793,5.6607,66.0202,36.8602
553,172,15,0.9171,0.00004793,6.0888,72.3266,59.4992
554,40,11,0.9169,0.00004792,7.5654,59.0048,50.4394
555,56,13,0.9167,0.00004792,7.4347,62.7365,21.9241
556,36,10,0.9166,0.00004792,7.5115,59.7407,27.4846
557,31,7,0.9164,0.00004791,8.2771,61.2304,30.0452
558,63,13,0.9163,0.00004791,8.3843,60.3831,37.9215
559,32,7,0.9162,0.00004790,5.8728,61.3352,39.9320
560,58,11,0.9160,0.00004790,8.0049,63.1709,37.0938
561,75,14,0.9159,0.00004790,7.8084,63.0615,21.8842
562,162,18,0.9157,0.00004789,6.3729,71.0646,71.5014
563,142,19,0.9155,0.00004789,7.6513,69.9548,98.3635
564,54,12,0.9154,0.00004788,7.5430,63.4222,35.4933
565,59,11,0.9153,0.00004788,7.1091,70.9877,22.2844
566,56,10,0.9151,0.00004788,6.3691,70.4676,33.2494
567,55,12,0.9150,0.00004787,6.1357,64.5269,55.4144
568,52,10,0.9148,0.00004787,7.4312,66.6494,28.4389
569,57,13,0.9146,0.00004787,5.4485,65.4067,61.5847
570,41,10,0.9145,0.00004786,6.8861,65.4408,44.5941
571,42,10,0.9143,0.00004786,6.5013,65.9426,49.5298
572,44,12,0.9142,0.00004786,6.2912,65.9630,34.4359
573,31,7,0.9141,0.00004785,6.0517,69.4205,42.6595
574,35,8,0.9139,0.00004785,6.6174,63.0416,52.0893
575,57,12,0.9137,0.00004784,7.2749,66.7905,37.1670
576,41,11,0.9136,0.00004784,6.2737,63.8884,41.6666
577,38,11,0.9134,0.00004784,6.0500,67.0056,29.9273
578,34,8,0.9133,0.00004783,5.5813,65.0586,43.1010
579,21,5,0.9132,0.00004783,5.3792,65.9211,28.5057
580,116,14,0.9130,0.00004783,4.9084,71.7568,37.8481
581,129,15,0.9129,0.00004782,7.0916,78.2779,56.5448
582,58,12,0.9127,0.00004782,7.7935,66.0793,29.9589
583,88,15,0.9125,0.00004781,7.9025,66.6699,30.8717
584,45,10,0.9124,0.00004781,7.0037,68.0245,31.9532
585,61,12,0.9123,0.00004781,6.3848,69.6150,27.7899
586,160,18,0.9121,0.00004780,8.0653,80.2155,50.5898
587,61,13,0.9120,0.00004780,6.1893,67.9542,60.2982
588,37,9,0.9118,0.00004779,9.7569,64.4424,34.4898
589,43,10,0.9116,0.00004779,5.4994,66.7170,32.2251
590,33,8,0.9115,0.00004779,6.4609,67.0211,42.9268
591,137,20,0.9113,0.00004778,7.7227,70.6348,38.7293
592,50,11,0.9112,0.00004778,7.5484,66.6295,26.7493
593,123,14,0.9111,0.00004778,7.3706,73.6971,36.2543
594,42,11,0.9109,0.00004777,5.3420,67.1330,59.9243
595,88,14,0.9107,0.00004777,7.2178,68.5721,33.4546
596,123,15,0.9106,0.00004777,7.3057,73.9189,53.0106
597,117,14,0.9104,0.00004776,8.0151,69.5479,52.5210
598,45,12,0.9103,0.00004776,4.9683,63.8534,33.1895
599,43,10,0.9102,0.00004775,5.2439,64.3400,25.5832
600,38,10,0.9100,0.00004775,5.5375,69.4765,43.6353
601,48,9,0.9099,0.00004775,6.2838,66.3602,32.5234
602,78,14,0.9097,0.00004774,9.2413,67.3162,27.2977
603,33,9,0.9095,0.00004774,5.2284,63.7006,57.1312
604,117,13,0.9094,0.00004774,7.5846,74.0484,48.7088
605,210,19,0.9093,0.00004773,6.5171,79.0747,113.4458
606,45,11,0.9091,0.00004773,8.1627,70.7960,56.5736
607,38,11,0.9090,0.00004772,8.2312,70.3558,32.6817
608,40,10,0.9088,0.00004772,8.6681,72.4173,29.9339
609,28,8,0.9086,0.00004772,9.4627,68.0871,41.1720
610,31,9,0.9085,0.00004771,6.3031,68.0748,66.9877
611,38,9,0.9083,0.00004771,8.1529,70.6153,64.5059
612,70,13,0.9082,0.00004771,7.7578,75.4295,43.2394
613,64,15,0.9081,0.00004770,8.1802,67.4917,44.3954
614,58,12,0.9079,0.00004770,7.8508,75.6633,33.1358
615,34,10,0.9078,0.00004769,8.8778,68.2004,76.3523
616,32,7,0.9076,0.00004769,5.9249,73.5140,46.2085
617,40,10,0.9074,0.00004769,7.4135,73.4157,36.5773
618,38,11,0.9073,0.00004768,4.8653,71.9542,24.1000
619,52,11,0.9072,0.00004768,7.0596,71.7973,44.4927
620,60,13,0.9070,0.00004768,6.3879,77.5230,35.6710
621,100,17,0.9069,0.00004767,6.3070,74.7026,32.9874
622,44,12,0.9067,0.00004767,9.0275,71.5206,39.0833
623,42,11,0.9065,0.00004766,6.4630,69.8352,44.2973
624,34,10,0.9064,0.00004766,5.8951,70.5835,31.3380
625,126,15,0.9062,0.00004766,7.7976,84.7830,33.3867
626,58,12,0.9061,0.00004765,5.6774,70.8572,63.3018
627,38,11,0.9060,0.00004765,6.5679,73.6083,20.7150
628,56,8,0.9058,0.00004765,7.0654,76.3566,32.2929
629,87,16,0.9056,0.00004764,7.2868,75.6828,27.7633
630,84,15,0.9055,0.00004764,6.9029,72.1401,41.1431
631,120,12,0.9053,0.00004763,7.4918,77.4143,38.3718
632,146,19,0.9052,0.00004763,7.8933,79.3720,36.4917
633,35,8,0.9051,0.00004763,6.7542,72.7681,61.7319
634,282,20,0.9049,0.00004762,7.2976,83.5380,35.5192
635,62,13,0.9047,0.00004762,8.3047,72.4555,47.4651
636,44,11,0.9046,0.00004762,6.9238,70.7352,40.8980
637,35,9,0.9044,0.00004761,7.5715,76.4283,38.5552
638,89,15,0.9043,0.00004761,8.2059,76.0476,26.6026
639,56,12,0.9042,0.00004760,7.3696,74.0803,35.2704
640,39,9,0.9040,0.00004760,6.8710,72.7421,42.4832
641,41,12,0.9039,0.00004760,8.4233,71.1484,58.8108
642,75,13,0.9037,0.00004759,5.6103,78.0268,34.5244
643,52,11,0.9035,0.00004759,5.9286,71.7286,34.9992
644,45,12,0.9034,0.00004758,5.9221,67.6535,30.1750
645,33,7,0.9032,0.00004758,7.6462,73.2876,32.3736
646,34,8,0.9031,0.00004758,7.6287,75.8715,39.4365
647,87,15,0.9030,0.00004757,7.5741,73.0418,96.6906
648,79,12,0.9028,0.00004757,8.2025,82.0063,91.9634
649,294,22,0.9026,0.00004757,8.4470,99.3999,49.9548
650,36,8,0.9025,0.00004756,6.4729,74.3535,52.8387
651,59,12,0.9023,0.00004756,6.9092,80.6951,58.4927
652,166,20,0.9022,0.00004756,7.3953,82.9782,48.5353
653,65,15,0.9021,0.00004755,8.3369,75.2648,35.5536
654,220,19,0.9019,0.00004755,8.1572,85.4763,31.0731
655,39,11,0.9018,0.00004754,9.3359,77.5156,33.7753
656,36,10,0.9016,0.00004754,8.2642,74.0723,60.5460
657,33,8,0.9014,0.00004754,6.0805,73.0779,42.8946
658,62,12,0.9013,0.00004753,9.7515,81.6202,63.8046
659,44,13,0.9012,0.00004753,7.2143,74.2853,56.2693
660,115,15,0.9010,0.00004753,8.9398,81.9640,49.3149
661,156,18,0.9009,0.00004752,8.3578,79.5045,71.2451
662,33,9,0.9007,0.00004752,6.5127,77.3173,68.8825
663,36,11,0.9005,0.00004751,7.6497,71.4350,21.3674
664,26,7,0.9004,0.00004751,7.4959,75.1691,44.8310
665,40,10,0.9002,0.00004751,7.3644,75.7486,51.0265
666,27,5,0.9001,0.00004750,9.6203,81.6067,38.4343
667,21,5,0.9000,0.00004750,7.2302,78.1506,21.8590
668,81,15,0.8998,0.00004750,8.2141,83.8033,32.9008
669,34,8,0.8996,0.00004749,6.4936,73.4905,35.6754
670,37,9,0.8995,0.00004749,7.1490,76.0046,49.7959
671,48,11,0.8993,0.00004748,7.9958,75.7964,43.0786
672,58,11,0.8992,0.00004748,8.5469,76.8150,43.0457
673,44,13,0.8991,0.00004748,6.2875,72.6003,32.3128
674,38,10,0.8989,0.00004747,8.9420,73.3195,38.4895
675,43,10,0.8987,0.00004747,7.5751,76.2118,52.4250
676,26,7,0.8986,0.00004747,8.8918,72.8823,40.6170
677,116,13,0.8984,0.00004746,6.0278,83.5476,30.6528
678,26,6,0.8983,0.00004746,5.7944,77.9866,43.5029
679,56,7,0.8982,0.00004745,5.9104,81.8457,31.4451
680,56,13,0.8980,0.00004745,8.0166,78.8851,64.3557
681,35,10,0.8979,0.00004745,8.6561,74.4813,62.3063
682,58,13,0.8977,0.00004744,8.1558,76.5076,37.8002
683,32,8,0.8975,0.00004744,6.6053,74.2525,43.6154
684,137,17,0.8974,0.00004744,8.0041,84.8590,56.5365
685,59,11,0.8972,0.00004743,8.2405,80.6599,48.6892
686,165,18,0.8971,0.00004743,7.4333,83.7654,67.7375
687,134,19,0.8970,0.00004742,5.6160,77.1006,62.7296
688,166,15,0.8968,0.00004742,8.1457,85.7820,29.0615
689,30,8,0.8966,0.00004742,10.1415,72.3908,127.7249
690,33,8,0.8965,0.00004741,6.9598,81.1015,104.0076
691,121,15,0.8963,0.00004741,6.9076,84.4235,68.6002
692,34,8,0.8962,0.00004741,8.4669,80.8255,62.4917
693,31,8,0.8961,0.00004740,7.6351,76.9661,85.3159
694,31,6,0.8959,0.00004740,9.7583,80.6939,50.6021
695,52,10,0.8958,0.00004739,7.0576,79.9194,59.2581
696,37,9,0.8956,0.00004739,8.5585,79.4214,53.8476
697,33,9,0.8954,0.00004739,7.5001,120.2002,53.9291
698,31,7,0.8953,0.00004738,5.3757,79.1825,44.5554
699,37,10,0.8952,0.00004738,5.7710,81.8977,42.7708
700,31,7,0.8950,0.00004737,8.1999,77.8605,26.7457
701,59,12,0.8949,0.00004737,7.0634,81.5992,53.5921
702,38,9,0.8947,0.00004737,7.9160,77.3890,45.8367
703,83,13,0.8945,0.00004736,7.4826,85.1963,44.1773
704,55,12,0.8944,0.00004736,6.5598,78.2176,30.2155
705,89,15,0.8942,0.00004736,7.6304,82.4167,45.1396
706,27,7,0.8941,0.00004735,6.0849,77.6406,51.1854
707,111,14,0.8940,0.00004735,5.9113,88.4799,39.7168
708,82,16,0.8938,0.00004735,7.6579,84.1720,36.6033
709,66,14,0.8937,0.00004734,6.4433,81.4767,31.3317
710,44,10,0.8935,0.00004734,7.7174,75.6607,47.5885
711,169,18,0.8933,0.00004733,6.7403,95.9792,36.3553
712,42,10,0.8932,0.00004733,6.1658,80.3280,41.2035
713,97,17,0.8931,0.00004733,5.8498,81.0543,47.1694
714,40,10,0.8929,0.00004732,8.3503,77.2755,40.3265
715,82,13,0.8927,0.00004732,6.7919,79.6628,45.6177
716,35,8,0.8926,0.00004732,7.2532,82.4302,48.1426
717,37,10,0.8924,0.00004731,7.1447,78.8204,47.2367
718,33,9,0.8923,0.00004731,6.8457,76.6823,41.3685
719,27,7,0.8921,0.00004730,6.8729,77.6938,64.2728
720,16,4,0.8920,0.00004730,10.8138,78.4850,42.3085
721,109,15,0.8919,0.00004730,6.9966,80.4329,50.2883
722,168,15,0.8917,0.00004729,9.4022,90.7367,31.6550
723,89,14,0.8915,0.00004729,8.1382,84.3479,61.8878
724,91,17,0.8914,0.00004729,7.7217,81.2259,45.7469
725,33,8,0.8912,0.00004728,7.5415,79.4402,57.2831
726,115,12,0.8911,0.00004728,7.4479,86.6733,46.2694
727,172,18,0.8910,0.00004727,8.0339,94.3243,28.4973
728,44,12,0.8908,0.00004727,7.9471,79.0647,39.6765
729,58,12,0.8906,0.00004727,8.5949,84.1100,33.0344
730,57,12,0.8905,0.00004726,8.1806,79.6200,60.4394
731,53,10,0.8903,0.00004726,7.4251,81.3252,42.3132
732,27,7,0.8902,0.00004726,8.2446,77.1271,43.5244
733,37,9,0.8901,0.00004725,9.4040,81.1793,27.1635
734,73,12,0.8899,0.00004725,9.6796,84.0167,75.9249
735,43,12,0.8898,0.00004724,8.2017,80.9488,128.6905
736,32,8,0.8896,0.00004724,7.3244,83.5965,104.9259
737,34,9,0.8894,0.00004724,7.3146,84.1294,113.6566
738,126,17,0.8893,0.00004723,8.8850,89.7911,55.0848
739,38,10,0.8891,0.00004723,6.0856,84.4960,44.4961
740,41,10,0.8890,0.00004723,7.0696,81.1273,61.6288
741,71,10,0.8889,0.00004722,6.3515,87.3281,24.1682
742,54,12,0.8887,0.00004722,8.8142,83.1661,54.8895
743,52,13,0.8885,0.00004721,9.0852,82.3482,68.3899
744,45,11,0.8884,0.00004721,7.3616,83.3712,40.4586
745,61,15,0.8882,0.00004721,7.1433,85.4464,42.9520
746,43,10,0.8881,0.00004720,7.4893,86.7781,36.0917
747,26,7,0.8880,0.00004720,6.6698,82.9173,60.8577
748,124,16,0.8878,0.00004720,8.7653,89.9946,65.6342
749,41,10,0.8877,0.00004719,8.6099,83.8761,54.0805
750,40,9,0.8875,0.00004719,5.6488,87.4706,81.6977
751,53,11,0.8873,0.00004718,8.5554,86.2300,81.3890
752,59,14,0.8872,0.00004718,5.6421,85.8197,52.4281
753,84,14,0.8871,0.00004718,5.7514,88.5897,56.1138
754,107,19,0.8869,0.00004717,7.8029,88.0831,50.3415
755,36,8,0.8868,0.00004717,8.0799,82.8182,86.2910
756,104,17,0.8866,0.00004716,8.5786,82.6491,64.6213
757,72,13,0.8864,0.00004716,7.0609,85.5773,36.1993
758,51,10,0.8863,0.00004716,7.1759,83.8545,45.4299
759,35,9,0.8861,0.00004715,8.0095,82.8871,57.4539
760,65,13,0.8860,0.00004715,5.9412,86.5176,41.5737
761,37,10,0.8859,0.00004715,6.9337,86.5426,69.1813
762,57,12,0.8857,0.00004714,9.0054,83.1934,64.8406
763,32,8,0.8855,0.00004714,7.4699,84.9187,39.8383
764,54,11,0.8854,0.00004714,8.4862,85.4490,55.9288
765,61,14,0.8852,0.00004713,7.1197,85.3975,38.7367
766,129,16,0.8851,0.00004713,7.9206,96.7250,37.9663
767,32,8,0.8850,0.00004712,7.3137,83.3675,73.7858
768,83,15,0.8848,0.00004712,7.1675,86.6065,54.3363
769,40,10,0.8846,0.00004712,8.2948,82.2939,65.6406
770,194,19,0.8845,0.00004711,9.6933,91.7015,61.1272
771,134,18,0.8843,0.00004711,6.3423,89.9687,46.2885
772,57,12,0.8842,0.00004711,8.2373,85.3878,44.7381
773,54,9,0.8841,0.00004710,7.5332,88.8286,49.8708
774,48,9,0.8839,0.00004710,7.4209,89.0654,33.5310
775,116,15,0.8838,0.00004709,6.0756,88.2509,62.0723
776,44,11,0.8836,0.00004709,7.5889,86.5429,138.2183
777,56,11,0.8834,0.00004709,9.7624,96.0209,117.6616
778,47,8,0.8833,0.00004708,4.3021,89.7243,104.9939
779,82,13,0.8831,0.00004708,7.6659,97.1228,44.2878
780,51,11,0.8830,0.00004707,8.0860,86.9457,58.8131
781,76,11,0.8829,0.00004707,8.3913,97.4575,46.8598
782,38,12,0.8827,0.00004707,7.0632,86.9737,46.5547
783,64,12,0.8825,0.00004706,7.2814,92.1511,81.3457
784,35,8,0.8824,0.00004706,7.6573,91.5339,46.5149
785,84,15,0.8822,0.00004706,9.4949,94.8832,50.8553
786,32,8,0.8821,0.00004705,9.9435,94.4061,62.5091
787,55,12,0.8820,0.00004705,8.4871,90.4125,50.1489
788,83,14,0.8818,0.00004705,7.1814,90.9342,59.0336
789,35,8,0.8817,0.00004704,7.0969,89.6703,60.7240
790,68,13,0.8815,0.00004704,8.1726,91.9764,49.1309
791,37,11,0.8813,0.00004703,8.0992,87.2505,41.0745
792,62,11,0.8812,0.00004703,8.9653,96.5312,58.1091
793,48,8,0.8810,0.00004703,7.2555,90.9865,55.4459
794,73,12,0.8809,0.00004702,8.6358,89.9935,66.3208
795,57,11,0.8808,0.00004702,7.4818,86.3843,48.2057
796,87,14,0.8806,0.00004702,7.2608,94.2124,33.8217
797,36,10,0.8804,0.00004701,9.8905,89.7440,39.1280
798,34,9,0.8803,0.00004701,9.2719,88.9873,40.3356
799,59,10,0.8801,0.00004700,8.1689,92.8421,53.9175
800,32,7,0.8800,0.00004700,8.7799,93.5715,67.7469
801,79,17,0.8799,0.00004700,10.0426,90.1159,42.0343
802,53,10,0.8797,0.00004699,6.2752,91.5233,49.9428
803,181,16,0.8796,0.00004699,7.8174,101.8486,76.3893
804,40,12,0.8794,0.00004699,6.4497,86.5849,63.0651
805,81,12,0.8792,0.00004698,8.5715,97.5398,46.2460
806,122,18,0.8791,0.00004698,8.0191,95.4201,52.3580
807,45,11,0.8790,0.00004697,6.5930,86.8264,48.2232
808,59,10,0.8788,0.00004697,7.2885,94.0329,69.4204
809,31,7,0.8787,0.00004697,7.8351,91.9986,71.6002
810,53,11,0.8785,0.00004696,9.2799,86.4547,87.4687
811,56,12,0.8783,0.00004696,8.7109,94.6365,61.4291
812,44,8,0.8782,0.00004696,8.5762,93.5651,44.4701
813,26,7,0.8780,0.00004695,7.3809,86.3464,41.1544
814,41,11,0.8779,0.00004695,6.2947,125.5104,97.0812
815,27,7,0.8778,0.00004694,6.4620,89.4373,55.7111
816,175,17,0.8776,0.00004694,9.8985,97.2873,60.1731
817,167,20,0.8775,0.00004694,6.7839,97.4597,49.9057
818,42,10,0.8773,0.00004693,10.0114,88.5860,49.9430
819,54,12,0.8771,0.00004693,5.8210,86.9487,44.9560
820,69,14,0.8770,0.00004693,8.0138,95.5268,141.9108
821,25,6,0.8769,0.00004692,9.2357,95.9705,56.7960
822,22,5,0.8767,0.00004692,7.6381,93.5018,83.9503
823,31,8,0.8766,0.00004691,8.5772,94.8224,77.9103
824,80,12,0.8764,0.00004691,7.1497,98.2911,43.4260
825,58,15,0.8762,0.00004691,8.7411,94.1633,51.0153
826,25,6,0.8761,0.00004690,6.3065,90.2833,46.3890
827,45,12,0.8760,0.00004690,8.8476,95.1647,55.2834
828,39,8,0.8758,0.00004690,7.1419,98.9617,94.1233
829,55,10,0.8757,0.00004689,6.0331,101.1739,36.6082
830,37,9,0.8755,0.00004689,6.3066,89.5748,52.7087
831,56,12,0.8753,0.00004688,6.6145,92.8535,67.1337
832,73,14,0.8752,0.00004688,7.2569,94.2085,41.0563
833,42,11,0.8750,0.00004688,8.7128,98.8165,46.9470
834,202,18,0.8749,0.00004687,10.0778,106.8636,39.4965
835,74,13,0.8748,0.00004687,9.4723,95.8469,50.3937
836,29,7,0.8746,0.00004686,7.7771,93.9372,42.9673
837,61,12,0.8744,0.00004686,6.1106,95.4257,30.8514
838,40,11,0.8743,0.00004686,8.3401,96.3736,41.1035
839,39,10,0.8741,0.00004685,9.6125,95.2051,50.6581
840,33,8,0.8740,0.00004685,9.0810,95.8386,89.1240
841,65,13,0.8739,0.00004685,9.3232,93.2411,86.5848
842,36,10,0.8737,0.00004684,10.9205,93.2015,97.4624
843,143,19,0.8736,0.00004684,7.6435,101.6412,81.3614
844,41,8,0.8734,0.00004684,5.8935,103.2126,88.6921
845,82,13,0.8732,0.00004683,6.3156,96.0028,74.3359
846,87,13,0.8731,0.00004683,7.2439,94.0173,67.8872
847,80,15,0.8730,0.00004682,6.1777,93.3531,80.3396
848,33,8,0.8728,0.00004682,9.4830,96.7331,101.5637
849,31,8,0.8727,0.00004682,9.5272,90.9039,74.7142
850,90,16,0.8725,0.00004681,9.6231,93.2882,85.6459
851,71,14,0.8723,0.00004681,10.0538,93.8513,71.4302
852,40,9,0.8722,0.00004681,6.7312,94.5838,64.7660
853,62,13,0.8720,0.00004680,9.0443,98.6490,66.1164
854,38,10,0.8719,0.00004680,7.7161,93.4027,54.5495
855,73,15,0.8718,0.00004679,9.5517,93.5998,52.1639
856,105,17,0.8716,0.00004679,6.8927,96.1792,73.7108
857,44,11,0.8715,0.00004679,5.5447,95.5825,68.9160
858,62,14,0.8713,0.00004678,8.1327,98.7717,59.1323
859,28,7,0.8711,0.00004678,10.2002,95.7446,58.7305
860,47,13,0.8710,0.00004677,7.6026,92.6963,65.7850
861,102,17,0.8709,0.00004677,7.6406,95.8178,37.4115
862,32,8,0.8707,0.00004677,11.4871,95.4409,57.8380
863,35,9,0.8705,0.00004676,4.6101,91.6231,63.8828
864,27,7,0.8704,0.00004676,5.4559,93.4381,125.8810
865,42,12,0.8702,0.00004676,9.3214,92.8480,137.3239
866,60,12,0.8701,0.00004675,10.0111,101.3969,109.9551
867,41,11,0.8700,0.00004675,7.2425,104.0597,134.5910
868,65,16,0.8698,0.00004675,7.8215,100.9513,68.9471
869,88,15,0.8697,0.00004674,7.5551,100.9783,45.9444
870,236,23,0.8695,0.00004674,9.5275,106.8052,53.3103
871,43,8,0.8693,0.00004673,8.0647,100.1553,57.6292
872,144,19,0.8692,0.00004673,6.1074,103.7502,62.8485
873,34,9,0.8690,0.00004673,7.1975,98.2563,73.3617
874,42,10,0.8689,0.00004672,11.3965,99.0332,69.7661
875,172,21,0.8688,0.00004672,7.8108,111.7037,55.6237
876,42,11,0.8686,0.00004672,9.5690,102.5464,66.6423
877,118,14,0.8684,0.00004671,7.4119,103.9534,61.2305
878,62,13,0.8683,0.00004671,8.1957,101.0638,57.3821
879,37,9,0.8681,0.00004670,5.6603,99.0792,36.6690
880,57,10,0.8680,0.00004670,9.6863,103.1910,65.1836
881,41,11,0.8679,0.00004670,9.8695,95.5170,63.8834
882,44,11,0.8677,0.00004669,9.2544,99.7976,81.3035
883,73,12,0.8676,0.00004669,10.4856,100.1758,58.7117
884,58,12,0.8674,0.00004669,7.3441,100.8081,53.1546
885,90,14,0.8672,0.00004668,10.1654,105.2094,50.1636
886,297,22,0.8671,0.00004668,7.2968,121.0627,47.0093
887,32,8,0.8669,0.00004667,10.8837,96.5619,52.8693
888,52,10,0.8668,0.00004667,10.8501,97.5456,44.7836
889,77,14,0.8667,0.00004667,7.3595,99.1830,62.6236
890,56,12,0.8665,0.00004666,8.5053,103.2508,37.9928
891,49,10,0.8663,0.00004666,5.7799,98.9538,82.3688
892,39,11,0.8662,0.00004665,7.9605,98.7416,64.2919
893,37,8,0.8660,0.00004665,10.1985,102.1534,59.2975
894,51,12,0.8659,0.00004665,9.9193,100.7687,49.4767
895,33,9,0.8658,0.00004664,6.8511,94.2496,48.9317
896,77,13,0.8656,0.00004664,9.8412,101.5655,45.6810
897,38,8,0.8655,0.00004664,6.7829,104.2531,31.9663
898,172,21,0.8653,0.00004663,8.2474,105.3772,46.6077
899,36,10,0.8651,0.00004663,8.0205,93.3461,48.9128
900,44,11,0.8650,0.00004663,9.5682,101.0670,49.1040
901,50,11,0.8649,0.00004662,10.8935,103.2233,38.6232
902,64,14,0.8647,0.00004662,7.6250,96.9912,58.5404
903,23,6,0.8646,0.00004661,10.7481,95.7258,51.2541
904,53,9,0.8644,0.00004661,6.4661,102.7765,36.5070
905,119,14,0.8642,0.00004661,11.1976,106.3243,107.5776
906,42,11,0.8641,0.00004660,6.6029,101.5171,91.5361
907,77,12,0.8639,0.00004660,10.4989,107.6062,57.7476
908,58,13,0.8638,0.00004660,13.9572,109.6594,69.9388
909,33,8,0.8637,0.00004659,9.2507,103.5688,55.2660
910,46,9,0.8635,0.00004659,8.0498,103.8255,46.1443
911,41,11,0.8634,0.00004658,8.5841,107.0884,43.2079
912,35,9,0.8632,0.00004658,11.1823,106.5964,61.4061
913,33,8,0.8630,0.00004658,9.4825,104.5232,60.8065
914,76,13,0.8629,0.00004657,8.7194,103.8589,42.1719
915,37,9,0.8628,0.00004657,9.0681,106.1621,81.6959
916,75,9,0.8626,0.00004656,7.6577,109.4783,37.2562
917,73,15,0.8624,0.00004656,10.4676,104.7877,47.8163
918,87,14,0.8623,0.00004656,11.5901,105.2160,53.5424
919,39,9,0.8621,0.00004655,8.6575,105.6460,41.9502
920,59,12,0.8620,0.00004655,8.4813,104.3827,58.7289
921,39,8,0.8619,0.00004655,9.8098,101.7227,106.1550
922,37,9,0.8617,0.00004654,10.8650,103.9961,52.1746
923,52,11,0.8616,0.00004654,13.4330,102.9299,62.7900
924,57,9,0.8614,0.00004654,9.9934,103.9148,53.3788
925,99,12,0.8612,0.00004653,7.7774,116.9768,73.3981
926,49,10,0.8611,0.00004653,13.6410,102.8492,98.8122
927,34,9,0.8609,0.00004652,8.3811,100.8475,77.6261
928,72,12,0.8608,0.00004652,10.4780,100.1910,61.2637
929,36,8,0.8607,0.00004652,11.1103,103.3629,87.3466
930,52,10,0.8605,0.00004651,10.0991,106.8437,84.1349
931,75,12,0.8603,0.00004651,6.2810,101.3108,65.5992
932,27,6,0.8602,0.00004651,9.3525,104.0183,90.1025
933,53,10,0.8600,0.00004650,9.7331,105.4231,52.8307
934,55,9,0.8599,0.00004650,6.5864,110.4757,40.6760
935,81,16,0.8598,0.00004649,8.0657,109.0375,51.8558
936,37,8,0.8596,0.00004649,11.8419,108.4553,81.5145
937,121,17,0.8595,0.00004649,9.7515,104.6610,101.5514
938,153,18,0.8593,0.00004648,9.1927,110.4774,70.7914
939,31,8,0.8591,0.00004648,7.6104,103.5757,112.2887
940,47,10,0.8590,0.00004648,9.6021,103.4906,89.1578
941,79,14,0.8589,0.00004647,11.2549,104.2823,54.7630
942,112,13,0.8587,0.00004647,8.9980,112.8433,49.0292
943,54,11,0.8585,0.00004646,12.5251,99.4285,63.7265
944,118,15,0.8584,0.00004646,9.9131,108.4109,44.1849
945,45,12,0.8582,0.00004646,10.4439,102.3376,49.8219
946,86,14,0.8581,0.00004645,6.5690,110.4646,80.4906
947,53,10,0.8579,0.00004645,7.0372,103.8693,79.6709
948,51,9,0.8578,0.00004645,11.0295,102.7593,51.1937
949,45,12,0.8577,0.00004644,9.1094,101.4624,37.0180
950,75,14,0.8575,0.00004644,9.6492,101.7638,106.6745
951,169,18,0.8574,0.00004643,8.1627,114.4709,138.7088
952,74,14,0.8572,0.00004643,6.9881,108.6634,58.7035
953,37,9,0.8570,0.00004643,9.3624,109.8108,47.6901
954,76,13,0.8569,0.00004642,8.6671,109.5284,50.4329
955,34,8,0.8568,0.00004642,5.1021,107.8840,48.2173
956,40,10,0.8566,0.00004642,8.5156,109.9647,58.4741
957,45,11,0.8564,0.00004641,11.0561,112.6448,55.7347
958,30,8,0.8563,0.00004641,9.0551,104.9185,52.0644
959,27,6,0.8561,0.00004640,6.8036,108.0102,93.1476
960,35,10,0.8560,0.00004640,9.1683,105.4736,74.7396
961,162,17,0.8558,0.00004640,9.2085,114.6411,61.0888
962,124,17,0.8557,0.00004639,11.2547,111.8214,50.5333
963,80,16,0.8556,0.00004639,10.2268,107.8977,36.3524
964,59,13,0.8554,0.00004639,8.8238,110.9020,61.3125
965,85,12,0.8553,0.00004638,7.4587,113.2702,60.1540
966,51,12,0.8551,0.00004638,8.0188,102.0734,55.6131
967,39,9,0.8549,0.00004637,10.8569,106.2086,49.6358
968,31,9,0.8548,0.00004637,8.3812,104.5225,51.4651
969,20,6,0.8547,0.00004637,10.8069,99.8610,73.5330
970,43,11,0.8545,0.00004636,10.4662,106.0217,62.4239
971,33,9,0.8543,0.00004636,8.2334,106.3295,64.5647
972,79,14,0.8542,0.00004635,10.3332,112.9837,70.2272
973,41,9,0.8540,0.00004635,6.7845,107.0097,40.2064
974,34,9,0.8539,0.00004635,10.9509,104.4389,71.9911
975,53,10,0.8538,0.00004634,10.1628,107.0609,65.7429
976,38,9,0.8536,0.00004634,8.4439,99.8395,50.1977
977,55,10,0.8535,0.00004634,8.5694,111.6257,40.4491
978,43,9,0.8533,0.00004633,10.3261,110.3993,72.3700
979,31,7,0.8532,0.00004633,10.1590,105.2194,35.3960
980,80,11,0.8530,0.00004633,8.1356,106.7338,44.4580
981,47,11,0.8528,0.00004632,10.7074,113.8751,43.4531
982,32,9,0.8527,0.00004632,12.5389,105.5976,40.5565
983,37,9,0.8526,0.00004631,9.4415,103.9451,48.8710
984,71,13,0.8524,0.00004631,9.7870,117.6807,62.6921
985,122,15,0.8522,0.00004631,11.1545,115.9074,45.2055
986,44,10,0.8521,0.00004630,13.4625,109.0087,57.0241
987,59,12,0.8519,0.00004630,10.6438,105.8581,41.2162
988,83,13,0.8518,0.00004630,9.3288,117.0452,71.5377
989,29,8,0.8517,0.00004629,7.5534,106.3124,86.8526
990,31,8,0.8515,0.00004629,11.8027,104.3953,58.2419
991,138,15,0.8514,0.00004628,9.7072,118.3931,60.5163
992,34,11,0.8512,0.00004628,6.8706,106.9626,33.6362
993,27,7,0.8510,0.00004628,14.3566,106.6553,57.7755
994,86,13,0.8509,0.00004627,6.2979,113.9430,58.5594
995,224,20,0.8508,0.00004627,9.8081,118.9736,110.2791
996,84,12,0.8506,0.00004627,8.4426,115.7357,98.6269
997,41,9,0.8505,0.00004626,8.9165,108.9599,85.8715
998,43,12,0.8503,0.00004626,6.5303,108.5296,78.8908
999,41,11,0.8501,0.00004625,8.2236,111.5252,58.8880
1000,188,19,0.8500,0.00004625,6.9851,116.3604,61.2948
1001,55,12,0.8498,0.00004625,6.5655,119.2479,94.2542
1002,62,14,0.8497,0.00004624,11.6918,110.2285,119.0992
1003,34,9,0.8496,0.00004624,7.7094,113.3772,56.5514
1004,37,9,0.8494,0.00004624,12.0819,109.6831,79.3723
1005,56,12,0.8492,0.00004623,8.6726,112.1464,59.7602
1006,45,11,0.8491,0.00004623,12.5905,113.3816,60.8161
1007,54,11,0.8489,0.00004622,9.4960,111.0761,93.0335
1008,71,12,0.8488,0.00004622,10.9062,113.1669,74.9943
1009,51,10,0.8487,0.00004622,8.1137,108.8960,80.4507
1010,220,17,0.8485,0.00004621,9.1917,119.3116,95.5176
1011,26,6,0.8483,0.00004621,8.9506,110.3927,32.1306
1012,42,10,0.8482,0.00004621,9.9710,106.5526,61.2893
1013,44,10,0.8480,0.00004620,9.6376,114.8633,49.4881
1014,37,9,0.8479,0.00004620,12.4303,111.9813,68.8918
1015,38,11,0.8478,0.00004619,13.9698,110.6417,62.1037
1016,74,12,0.8476,0.00004619,11.4139,115.5319,45.1463
1017,58,12,0.8475,0.00004619,9.0781,113.7596,75.7297
1018,53,11,0.8473,0.00004618,7.3713,113.8026,50.8201
1019,59,12,0.8471,0.00004618,9.7017,112.8108,83.1366
1020,55,12,0.8470,0.00004618,8.1280,113.5943,155.7527
1021,60,13,0.8468,0.00004617,9.2411,111.6564,85.6957
1022,74,15,0.8467,0.00004617,10.0298,110.1456,40.6085
1023,53,12,0.8466,0.00004616,11.6664,116.8634,38.9082
1024,86,13,0.8464,0.00004616,8.7113,113.6315,58.7126
1025,29,7,0.8462,0.00004616,10.2791,110.0965,62.3304
1026,58,10,0.8461,0.00004615,11.2214,115.8156,75.8260
1027,29,6,0.8459,0.00004615,9.9144,115.4158,132.5212
1028,55,10,0.8458,0.00004614,8.0700,116.2692,118.3914
1029,102,16,0.8457,0.00004614,8.7238,116.9441,126.6792
1030,39,12,0.8455,0.00004614,10.1961,110.4566,149.1636
1031,79,11,0.8454,0.00004613,10.0412,113.7327,126.2752
1032,91,15,0.8452,0.00004613,8.3520,114.8776,79.2556
1033,42,11,0.8450,0.00004613,10.8876,113.3485,43.7540
1034,58,13,0.8449,0.00004612,8.7142,118.4016,71.9158
1035,29,8,0.8448,0.00004612,13.9290,112.0542,109.6217
1036,36,9,0.8446,0.00004612,11.7492,111.0621,71.2827
1037,109,13,0.8444,0.00004611,8.3586,113.3551,128.3423
1038,51,10,0.8443,0.00004611,10.8838,112.7283,77.2677
1039,53,10,0.8441,0.00004610,13.4895,117.2316,176.7222
1040,80,18,0.8440,0.00004610,8.5423,116.6932,136.7931
1041,63,12,0.8438,0.00004610,9.5130,118.7986,81.1038
1042,123,17,0.8437,0.00004609,8.5368,117.3045,50.8024
1043,121,17,0.8436,0.00004609,8.5991,116.7149,49.7822
1044,30,7,0.8434,0.00004609,12.3399,114.2268,80.8408
1045,33,8,0.8433,0.00004608,7.7014,114.5005,76.2512
1046,33,6,0.8431,0.00004608,11.4486,117.0290,60.1596
1047,58,12,0.8429,0.00004607,9.4095,117.1234,82.2890
1048,34,7,0.8428,0.00004607,9.4422,116.9189,38.7371
1049,143,18,0.8427,0.00004607,8.5311,124.4197,77.1744
1050,37,11,0.8425,0.00004606,9.0877,115.2322,84.0957
1051,63,15,0.8423,0.00004606,9.7919,116.2699,65.9667
1052,22,6,0.8422,0.00004606,6.3390,113.2420,87.4697
1053,55,12,0.8420,0.00004605,6.7912,116.3044,87.5963
1054,72,12,0.8419,0.00004605,11.8003,123.2300,87.7179
1055,120,17,0.8417,0.00004604,10.3800,125.3468,97.3648
1056,18,5,0.8416,0.00004604,8.6241,112.8785,122.1461
1057,50,11,0.8415,0.00004604,10.0412,114.6313,61.0185
1058,36,9,0.8413,0.00004603,11.3970,112.3069,79.2073
1059,169,18,0.8412,0.00004603,10.0325,124.8900,51.0085
1060,34,11,0.8410,0.00004603,9.6607,113.6516,71.4062
1061,30,9,0.8408,0.00004602,10.1126,114.4353,76.9781
1062,34,9,0.8407,0.00004602,10.4846,115.8346,39.2853
1063,276,24,0.8406,0.00004601,10.4251,125.4820,64.3461
1064,35,9,0.8404,0.00004601,9.2209,117.4765,64.6215
1065,36,9,0.8402,0.00004601,9.4690,115.3053,60.9139
1066,42,9,0.8401,0.00004600,11.8903,119.2752,49.2842
1067,42,10,0.8399,0.00004600,9.7413,118.2988,71.1579
1068,38,8,0.8398,0.00004600,4.7223,117.4193,68.1147
1069,50,12,0.8397,0.00004599,10.6621,120.2134,59.6713
1070,59,11,0.8395,0.00004599,6.6548,120.7312,72.0738
1071,188,18,0.8394,0.00004598,7.7858,132.1741,49.1214
1072,40,10,0.8392,0.00004598,9.9355,120.1162,79.5304
1073,108,11,0.8390,0.00004598,12.1619,122.5231,53.6416
1074,71,10,0.8389,0.00004597,11.9058,118.1933,62.5252
1075,171,18,0.8387,0.00004597,10.5229,125.6159,51.9276
1076,54,11,0.8386,0.00004597,10.1936,117.5267,102.5989
1077,50,10,0.8385,0.00004596,9.1197,114.6172,79.6482
1078,73,13,0.8383,0.00004596,8.4133,118.3483,58.3612
1079,56,14,0.8381,0.00004595,9.5768,117.7949,53.3869
1080,136,16,0.8380,0.00004595,9.0906,122.7890,109.6317
1081,45,7,0.8378,0.00004595,9.5789,118.8822,123.4466
1082,35,8,0.8377,0.00004594,6.6653,115.6067,176.8759
1083,51,8,0.8376,0.00004594,11.1149,131.8615,146.0490
1084,48,11,0.8374,0.00004593,11.6448,120.7208,111.3149
1085,112,17,0.8373,0.00004593,8.6929,126.3338,130.1669
1086,48,9,0.8371,0.00004593,10.3938,115.4673,75.1573
1087,31,8,0.8369,0.00004592,7.7996,118.2904,77.0925
1088,93,16,0.8368,0.00004592,9.3688,119.7354,74.5498
1089,38,9,0.8367,0.00004592,11.7291,121.3553,71.6479
1090,42,9,0.8365,0.00004591,7.8205,120.2973,64.2899
1091,87,15,0.8363,0.00004591,8.6247,124.1992,66.6165
1092,77,14,0.8362,0.00004591,10.8409,117.2420,64.1664
1093,54,11,0.8360,0.00004590,12.0668,119.5360,68.1298
1094,284,20,0.8359,0.00004590,10.1006,129.8786,80.8857
1095,62,13,0.8357,0.00004589,9.9847,120.7811,49.7767
1096,35,8,0.8356,0.00004589,11.7405,122.1277,45.5728
1097,181,16,0.8355,0.00004589,12.9216,128.3516,55.1747
1098,40,10,0.8353,0.00004588,12.1762,120.9990,85.8086
1099,36,7,0.8352,0.00004588,7.4395,123.1691,53.5898
1100,182,20,0.8350,0.00004588,6.3095,125.3692,100.5346
1101,59,13,0.8348,0.00004587,9.0034,124.0202,88.2297
1102,39,10,0.8347,0.00004587,13.5373,119.5322,72.4395
1103,37,9,0.8346,0.00004586,11.0994,120.0512,71.4598
1104,55,14,0.8344,0.00004586,8.5812,124.4340,76.6823
1105,63,12,0.8342,0.00004586,8.9851,122.3375,77.9141
1106,41,11,0.8341,0.00004585,6.7202,115.7137,77.2864
1107,33,8,0.8339,0.00004585,12.1320,117.2304,137.7805
1108,89,14,0.8338,0.00004585,9.1260,126.8816,145.4946
1109,49,9,0.8337,0.00004584,11.4917,118.5789,70.6719
1110,44,13,0.8335,0.00004584,7.7148,114.8932,72.2562
1111,31,7,0.8334,0.00004583,6.7607,122.1246,69.9107
1112,37,12,0.8332,0.00004583,9.2090,114.2153,77.3658
1113,200,20,0.8330,0.00004583,12.8136,135.7620,48.2700
1114,124,21,0.8329,0.00004582,11.8036,129.7713,81.9931
1115,75,11,0.8327,0.00004582,10.3878,119.4340,111.7824
1116,41,12,0.8326,0.00004582,8.5100,115.7115,49.3303
1117,43,10,0.8325,0.00004581,12.8273,120.9822,51.9126
1118,62,13,0.8323,0.00004581,8.1090,117.6911,76.8452
1119,54,11,0.8321,0.00004580,14.0478,118.0214,57.6498
1120,85,15,0.8320,0.00004580,6.2266,119.9057,50.8274
1121,168,17,0.8318,0.00004580,11.0290,136.4360,61.9446
1122,78,13,0.8317,0.00004579,12.8684,120.0246,125.4935
1123,41,11,0.8316,0.00004579,7.8471,123.5478,156.9012
1124,54,12,0.8314,0.00004579,11.2827,120.1177,67.8605
1125,54,12,0.8313,0.00004578,10.1146,122.1668,48.7707
1126,34,9,0.8311,0.00004578,10.3640,122.6016,67.0965
1127,74,15,0.8309,0.00004577,10.4787,126.0844,63.8219
1128,71,12,0.8308,0.00004577,7.2873,128.0332,46.0859
1129,20,5,0.8306,0.00004577,8.0933,125.5658,89.1958
1130,42,11,0.8305,0.00004576,12.6977,127.0433,103.0573
1131,52,10,0.8304,0.00004576,9.1682,128.4686,68.9158
1132,51,11,0.8302,0.00004575,7.8811,123.7710,72.0058
1133,65,12,0.8300,0.00004575,10.2038,126.3829,62.1354
1134,69,11,0.8299,0.00004575,8.4702,130.8138,89.7281
1135,88,15,0.8297,0.00004574,12.0187,126.4022,76.2349
1136,78,14,0.8296,0.00004574,10.0920,127.4809,71.7497
1137,35,9,0.8295,0.00004574,7.4474,121.8645,84.4342
1138,50,11,0.8293,0.00004573,9.4710,120.2299,92.8939
1139,120,14,0.8292,0.00004573,10.1403,130.5335,79.8043
1140,53,12,0.8290,0.00004573,8.9959,128.3632,84.1452
1141,77,11,0.8288,0.00004572,8.6429,124.0180,120.7343
1142,34,9,0.8287,0.00004572,10.9214,125.9011,73.1013
1143,47,8,0.8286,0.00004571,11.5959,123.8298,61.0055
1144,33,7,0.8284,0.00004571,13.1424,122.6421,49.5725
1145,58,10,0.8283,0.00004571,8.8418,128.3867,71.5635
1146,129,18,0.8281,0.00004570,11.7146,131.1483,50.5675
1147,79,12,0.8279,0.00004570,9.4205,132.2398,49.1687
1148,49,9,0.8278,0.00004570,11.2536,125.8146,49.1511
1149,58,13,0.8276,0.00004569,6.9980,125.0264,61.0207
1150,73,14,0.8275,0.00004569,10.3332,120.2254,54.9928
1151,33,9,0.8274,0.00004568,7.0855,120.4873,79.7946
1152,103,16,0.8272,0.00004568,10.2658,127.8164,100.5754
1153,82,14,0.8270,0.00004568,10.8439,126.6816,71.1730
1154,38,10,0.8269,0.00004567,11.0181,123.7961,49.5525
1155,31,8,0.8267,0.00004567,10.3008,123.6589,96.3148
1156,44,12,0.8266,0.00004567,8.1545,118.4556,52.5011
1157,72,14,0.8265,0.00004566,10.6790,129.5245,48.1189
1158,34,8,0.8263,0.00004566,5.3414,126.7234,47.9798
1159,50,11,0.8261,0.00004565,8.6191,128.1725,78.6167
1160,76,11,0.8260,0.00004565,10.5794,132.8534,72.9392
1161,33,8,0.8258,0.00004565,8.2260,123.1746,68.1946
1162,164,17,0.8257,0.00004564,7.4443,135.7744,79.3487
1163,54,11,0.8256,0.00004564,10.6384,128.7970,69.0975
1164,51,10,0.8254,0.00004563,11.1613,130.0894,56.3729
1165,40,10,0.8253,0.00004563,9.9716,122.4180,59.0139
1166,41,10,0.8251,0.00004563,9.2588,127.6170,121.0157
1167,85,14,0.8249,0.00004562,10.5130,135.0959,150.7275
1168,32,8,0.8248,0.00004562,11.2853,126.7863,108.5214
1169,64,15,0.8246,0.00004562,9.5958,132.1153,91.3543
1170,135,17,0.8245,0.00004561,10.1865,139.4116,80.5304
1171,33,9,0.8244,0.00004561,6.6777,128.0299,87.1099
1172,40,11,0.8242,0.00004561,8.5149,130.0112,81.5403
1173,39,10,0.8240,0.00004560,8.6693,124.6398,88.3733
1174,112,16,0.8239,0.00004560,10.0022,135.6969,69.0956
1175,31,9,0.8237,0.00004559,7.7062,127.2584,57.5680
1176,39,10,0.8236,0.00004559,10.6174,134.9848,76.3634
1177,103,16,0.8235,0.00004559,9.7797,133.5852,80.9282
1178,34,9,0.8233,0.00004558,8.6168,125.3454,66.8819
1179,36,9,0.8232,0.00004558,6.8426,128.8736,77.7877
1180,57,12,0.8230,0.00004558,7.8854,133.5714,70.6119
1181,120,15,0.8228,0.00004557,11.5564,138.0238,94.6362
1182,166,19,0.8227,0.00004557,11.7951,133.6500,109.5099
1183,116,15,0.8226,0.00004556,8.8435,133.1264,102.0261
1184,130,17,0.8224,0.00004556,8.8135,140.3676,60.9526
1185,87,14,0.8222,0.00004556,9.6067,131.5969,57.2126
1186,37,9,0.8221,0.00004555,9.8657,132.5240,66.0139
1187,85,14,0.8219,0.00004555,12.0074,131.8826,79.8827
1188,55,11,0.8218,0.00004554,10.1308,127.2118,63.2393
1189,33,9,0.8216,0.00004554,10.5715,121.4272,77.5512
1190,187,19,0.8215,0.00004554,10.8370,136.4649,74.4915
1191,42,12,0.8214,0.00004553,10.8444,126.5224,90.8385
1192,58,11,0.8212,0.00004553,12.5658,130.4215,65.9411
1193,36,10,0.8211,0.00004553,9.3913,124.0439,59.7716
1194,61,16,0.8209,0.00004552,7.7900,130.0049,81.4494
1195,43,12,0.8207,0.00004552,10.9470,127.5262,72.1939
1196,33,8,0.8206,0.00004552,9.2272,128.5458,88.4632
1197,39,10,0.8205,0.00004551,13.6279,129.0109,36.9121
1198,99,13,0.8203,0.00004551,8.6752,132.0896,86.7132
1199,43,11,0.8201,0.00004550,13.7951,133.5435,90.4777
1200,76,13,0.8200,0.00004550,9.8960,131.4873,105.9196
1201,36,9,0.8198,0.00004550,10.9207,125.5787,43.8334
1202,39,10,0.8197,0.00004549,12.8229,129.5576,55.8605
1203,31,8,0.8196,0.00004549,10.2708,131.5887,58.2211
1204,51,12,0.8194,0.00004549,7.9312,129.2298,105.2460
1205,77,11,0.8193,0.00004548,8.2446,131.4516,103.2514
1206,57,12,0.8191,0.00004548,9.2199,131.0996,75.1651
1207,31,8,0.8190,0.00004547,9.6420,127.5219,65.0907
1208,102,15,0.8188,0.00004547,8.8876,135.5902,156.8245
1209,63,13,0.8186,0.00004547,9.7306,133.9954,121.9652
1210,363,27,0.8185,0.00004546,11.1163,143.2832,137.1429
1211,89,15,0.8184,0.00004546,11.1426,138.4008,96.5061
1212,30,7,0.8182,0.00004546,11.7206,130.4124,123.0775
1213,73,11,0.8180,0.00004545,13.0121,134.3442,92.8937
1214,101,15,0.8179,0.00004545,9.2506,135.7908,105.9125
1215,56,13,0.8177,0.00004544,9.9810,137.8579,72.6204
1216,26,6,0.8176,0.00004544,14.2219,133.5027,39.2664
1217,124,16,0.8175,0.00004544,8.6234,136.2847,62.5318
1218,36,8,0.8173,0.00004543,12.1484,132.8287,67.3275
1219,36,10,0.8172,0.00004543,10.5989,134.9180,89.6494
1220,54,11,0.8170,0.00004542,8.2945,135.2973,74.3996
1221,50,10,0.8169,0.00004542,11.3461,130.6343,91.3824
1222,36,10,0.8167,0.00004542,9.1230,136.4461,124.4635
1223,81,14,0.8165,0.00004541,12.0017,133.2921,63.9094
1224,154,14,0.8164,0.00004541,7.3946,140.6633,64.6930
1225,40,11,0.8163,0.00004541,10.9035,131.3984,54.8588
1226,42,12,0.8161,0.00004540,12.3520,137.2465,45.8597
1227,50,12,0.8159,0.00004540,9.1196,135.7507,70.1224
1228,49,11,0.8158,0.00004540,7.2808,132.6323,80.3072
1229,99,16,0.8156,0.00004539,10.3790,141.1818,103.4416
1230,27,7,0.8155,0.00004539,13.9346,133.3704,104.2497
1231,53,8,0.8154,0.00004538,6.6276,137.1703,108.9878
1232,33,9,0.8152,0.00004538,10.0682,131.2208,103.7888
1233,193,21,0.8151,0.00004538,8.6205,142.4109,51.0573
1234,37,9,0.8149,0.00004537,14.5211,124.1374,127.3128
1235,147,18,0.8147,0.00004537,9.3780,155.1907,111.4930
1236,218,23,0.8146,0.00004537,9.4779,143.3823,91.1993
1237,89,15,0.8145,0.00004536,12.3694,134.8017,84.8041
1238,79,14,0.8143,0.00004536,9.7447,136.2691,92.0740
1239,33,9,0.8142,0.00004535,7.6390,133.2466,72.6228
1240,35,8,0.8140,0.00004535,8.2207,131.9421,106.1914
1241,168,17,0.8138,0.00004535,11.7177,141.4051,82.9506
1242,38,12,0.8137,0.00004534,10.9808,132.0148,78.4952
1243,40,10,0.8135,0.00004534,10.0202,132.7507,70.9420
1244,48,13,0.8134,0.00004533,10.4850,130.0921,60.4284
1245,58,12,0.8133,0.00004533,13.1286,133.8438,103.0082
1246,55,12,0.8131,0.00004533,8.3053,135.1295,63.2093
1247,39,10,0.8129,0.00004532,5.0193,130.9465,58.1151
1248,87,14,0.8128,0.00004532,9.4885,142.0866,197.5163
1249,57,12,0.8126,0.00004532,8.0678,141.0435,77.4017
1250,75,12,0.8125,0.00004531,6.8297,138.2464,60.6915
1251,32,9,0.8124,0.00004531,11.8098,135.1495,72.1780
1252,35,9,0.8122,0.00004531,11.7630,138.2519,68.1087
1253,279,23,0.8120,0.00004530,8.8088,144.6160,84.2572
1254,57,13,0.8119,0.00004530,11.1218,134.1228,97.9026
1255,43,13,0.8117,0.00004529,10.9010,138.1749,102.4308
1256,56,12,0.8116,0.00004529,8.3099,138.7297,81.4744
1257,34,9,0.8115,0.00004529,13.4572,134.0750,153.3617
1258,36,9,0.8113,0.00004528,6.1219,135.3580,112.4784
1259,46,10,0.8112,0.00004528,10.5412,141.3218,92.4381
1260,25,7,0.8110,0.00004528,6.8788,133.6567,91.9490
1261,79,14,0.8108,0.00004527,12.6011,138.9400,111.9334
1262,177,20,0.8107,0.00004527,9.5051,149.3917,69.9349
1263,39,10,0.8105,0.00004526,13.3348,132.0046,84.8591
1264,80,13,0.8104,0.00004526,8.6584,135.5778,77.2071
1265,312,26,0.8103,0.00004526,11.8895,149.3635,115.3799
1266,46,11,0.8101,0.00004525,11.3941,135.4489,94.2213
1267,59,12,0.8099,0.00004525,10.1185,139.7654,52.1584
1268,33,7,0.8098,0.00004525,8.0741,139.4449,80.8915
1269,41,10,0.8096,0.00004524,10.1524,137.8110,82.3906
1270,54,11,0.8095,0.00004524,10.8922,142.2389,109.2729
1271,41,11,0.8094,0.00004523,7.2439,137.7230,57.2270
1272,58,13,0.8092,0.00004523,11.7222,137.9095,111.7896
1273,78,13,0.8091,0.00004523,10.1066,135.1014,42.0185
1274,52,9,0.8089,0.00004522,15.2812,140.0556,117.5963
1275,96,19,0.8087,0.00004522,9.8809,141.5284,70.9381
1276,137,18,0.8086,0.00004521,12.2654,150.9281,49.7008
1277,250,21,0.8085,0.00004521,10.0070,150.1788,81.9760
1278,61,14,0.8083,0.00004521,11.9177,136.6035,75.4919
1279,28,5,0.8081,0.00004520,6.9584,140.4319,64.9890
1280,142,17,0.8080,0.00004520,9.5460,143.8808,86.6161
1281,38,10,0.8078,0.00004520,10.6234,140.8221,76.2472
1282,29,7,0.8077,0.00004519,4.9538,139.0920,96.7409
1283,308,25,0.8075,0.00004519,9.0120,148.3621,82.5288
1284,40,10,0.8074,0.00004519,10.2637,137.9167,141.3907
1285,100,13,0.8073,0.00004518,10.1007,143.3651,85.1086
1286,233,24,0.8071,0.00004518,11.1887,141.1581,158.9685
1287,40,11,0.8070,0.00004517,11.9965,140.2713,110.8443
1288,84,14,0.8068,0.00004517,12.4749,144.2088,74.2604
1289,38,9,0.8066,0.00004517,9.6843,143.1677,47.6542
1290,227,20,0.8065,0.00004516,9.0013,145.7129,91.2590
1291,41,10,0.8064,0.00004516,12.9057,141.4524,131.3711
1292,39,10,0.8062,0.00004516,15.8639,144.2874,102.5684
1293,127,17,0.8060,0.00004515,10.3709,141.2338,50.2287
1294,26,6,0.8059,0.00004515,10.7603,142.5991,105.7089
1295,34,9,0.8057,0.00004514,14.1296,137.2244,65.5411
1296,35,9,0.8056,0.00004514,8.5612,141.1526,53.3399
1297,38,9,0.8054,0.00004514,14.4720,142.1607,61.5420
1298,49,9,0.8053,0.00004513,11.4955,141.7751,44.8819
1299,54,10,0.8052,0.00004513,11.1232,139.8467,55.2473
1300,63,13,0.8050,0.00004512,12.9719,140.8061,94.7051
1301,54,12,0.8049,0.00004512,8.4482,136.6911,74.7344
1302,109,14,0.8047,0.00004512,6.9469,146.7145,60.6756
1303,33,9,0.8045,0.00004511,11.8738,138.1231,62.3943
1304,175,17,0.8044,0.00004511,10.6979,145.4870,71.0308
1305,47,12,0.8043,0.00004511,10.2924,145.1170,87.1752
1306,112,16,0.8041,0.00004510,11.2793,144.8486,80.4642
1307,64,11,0.8039,0.00004510,13.6547,146.5004,104.2775
1308,108,13,0.8038,0.00004510,11.1261,143.2070,53.6415
1309,98,19,0.8036,0.00004509,11.6162,142.1291,74.1741
1310,39,11,0.8035,0.00004509,11.6225,139.9353,82.7345
1311,168,16,0.8034,0.00004508,10.3745,152.5181,72.8487
1312,80,13,0.8032,0.00004508,13.2593,141.1511,154.4229
1313,26,5,0.8031,0.00004508,7.5552,149.4105,106.2213
1314,101,17,0.8029,0.00004507,9.2611,145.6311,93.9882
1315,54,10,0.8027,0.00004507,6.9984,141.6989,48.5443
1316,127,19,0.8026,0.00004507,12.0958,140.2305,73.3641
1317,56,11,0.8024,0.00004506,12.8856,141.8983,55.1495
1318,44,10,0.8023,0.00004506,10.8690,140.8004,68.8577
1319,75,13,0.8022,0.00004505,7.8778,142.8113,56.6881
1320,227,19,0.8020,0.00004505,11.0351,152.1088,53.5700
1321,54,11,0.8018,0.00004505,12.1324,140.6760,74.8698
1322,35,9,0.8017,0.00004504,9.1699,141.3585,71.1645
1323,21,5,0.8015,0.00004504,13.2431,143.1938,55.2733
1324,49,9,0.8014,0.00004504,12.0195,140.3143,99.5230
1325,60,13,0.8013,0.00004503,15.4451,144.6135,81.5257
1326,62,13,0.8011,0.00004503,9.2400,140.6053,94.9334
1327,114,16,0.8010,0.00004502,14.2094,148.3660,194.4337
1328,74,12,0.8008,0.00004502,11.5073,149.7146,134.2932
1329,74,13,0.8006,0.00004502,11.9818,149.6156,54.0974
1330,42,10,0.8005,0.00004501,9.4725,149.8208,99.9429
1331,48,9,0.8004,0.00004501,8.3674,141.6784,145.1943
1332,54,11,0.8002,0.00004501,13.4230,147.2965,160.2974
1333,47,10,0.8000,0.00004500,14.0267,144.1565,115.6390
1334,153,21,0.7999,0.00004500,12.4917,149.6733,82.8513
1335,338,29,0.7997,0.00004499,10.3500,151.7356,107.3490
1336,33,9,0.7996,0.00004499,10.4436,144.2536,77.1594
1337,39,11,0.7994,0.00004499,12.8161,140.3757,78.9208
1338,74,14,0.7993,0.00004498,11.6442,150.8036,63.5713
1339,48,13,0.7992,0.00004498,10.0531,145.5245,67.8435
1340,87,15,0.7990,0.00004498,8.1408,151.8031,97.2357
1341,54,13,0.7989,0.00004497,10.2072,144.9109,87.2390
1342,101,13,0.7987,0.00004497,9.4500,150.1869,65.5990
1343,52,8,0.7985,0.00004496,6.6151,152.9426,53.2400
1344,79,13,0.7984,0.00004496,8.6442,146.1749,53.9283
1345,246,20,0.7983,0.00004496,9.6311,166.8554,139.5857
1346,37,10,0.7981,0.00004495,11.3604,139.8021,64.9880
1347,76,16,0.7979,0.00004495,11.3726,146.6538,115.1763
1348,85,15,0.7978,0.00004495,12.8059,151.0882,131.4488
1349,217,19,0.7976,0.00004494,10.2630,160.5789,81.9386
1350,225,24,0.7975,0.00004494,12.6779,159.0563,56.8409
1351,180,21,0.7974,0.00004493,9.5283,147.7731,89.7759
1352,39,9,0.7972,0.00004493,11.0295,145.9074,72.6232
1353,32,9,0.7971,0.00004493,11.4544,142.5838,134.3509
1354,36,9,0.7969,0.00004492,11.2293,143.2533,95.9864
1355,78,13,0.7967,0.00004492,11.6724,147.8652,86.3077
1356,157,20,0.7966,0.00004491,8.9062,152.0218,96.9640
1357,41,10,0.7964,0.00004491,8.2359,138.9419,80.4167
1358,56,12,0.7963,0.00004491,12.0790,145.6313,85.4171
1359,79,15,0.7962,0.00004490,10.0925,150.0996,93.9241
1360,37,10,0.7960,0.00004490,10.5433,140.6326,88.8010
1361,81,14,0.7958,0.00004490,9.4343,150.2827,79.6513
1362,39,11,0.7957,0.00004489,10.7835,146.4610,75.6669
1363,51,11,0.7955,0.00004489,15.4450,146.9705,170.0095
1364,295,20,0.7954,0.00004489,14.3166,162.8121,144.7504
1365,224,22,0.7953,0.00004488,11.8102,157.9965,106.3003
1366,55,11,0.7951,0.00004488,12.6392,148.1160,96.7122
1367,76,11,0.7950,0.00004487,8.9568,149.3740,103.0164
1368,151,21,0.7948,0.00004487,11.9717,152.5858,87.8379
1369,142,19,0.7946,0.00004487,12.7272,157.2557,81.6797
1370,113,13,0.7945,0.00004486,13.0105,159.6885,63.7962
1371,54,11,0.7944,0.00004486,16.1341,148.0888,103.4247
1372,75,13,0.7942,0.00004486,7.9866,153.8609,88.8604
1373,49,11,0.7941,0.00004485,9.2591,150.3245,86.4299
1374,26,5,0.7939,0.00004485,8.2721,153.2992,97.6839
1375,38,9,0.7937,0.00004484,7.9907,156.2734,86.3527
1376,48,9,0.7936,0.00004484,10.1591,154.4669,103.5185
1377,34,10,0.7934,0.00004484,12.3971,144.9832,72.7274
1378,23,6,0.7933,0.00004483,10.8180,145.6191,54.5735
1379,29,7,0.7932,0.00004483,13.3604,147.1651,55.3073
1380,43,12,0.7930,0.00004483,10.5065,149.1005,47.8170
1381,87,13,0.7929,0.00004482,9.8698,153.4823,78.5157
1382,38,10,0.7927,0.00004482,11.1621,154.1330,77.4884
1383,295,19,0.7925,0.00004481,11.2872,172.6337,78.6239
1384,48,14,0.7924,0.00004481,9.6125,144.8854,82.3773
1385,133,19,0.7923,0.00004481,12.3107,150.9628,67.3077
1386,115,17,0.7921,0.00004480,12.7726,147.2086,113.5494
1387,133,17,0.7920,0.00004480,11.9634,153.7114,87.9246
1388,79,14,0.7918,0.00004480,10.7662,154.9689,126.0868
1389,108,17,0.7916,0.00004479,8.3116,154.9543,122.7971
1390,37,10,0.7915,0.00004479,13.4428,151.8447,80.4911
1391,41,10,0.7913,0.00004478,7.8085,150.7635,77.1782
1392,39,11,0.7912,0.00004478,11.0207,153.2722,92.2469
1393,29,8,0.7911,0.00004478,11.2269,149.1023,105.6239
1394,80,12,0.7909,0.00004477,8.3068,148.9237,75.5421
1395,33,8,0.7907,0.00004477,10.5654,147.7589,72.6101
1396,55,11,0.7906,0.00004477,11.6832,147.6384,62.9421
1397,45,13,0.7904,0.00004476,12.3180,148.5659,98.4226
1398,56,13,0.7903,0.00004476,12.9262,145.5193,64.9837
1399,197,20,0.7902,0.00004475,10.7498,151.4229,65.2366
1400,52,11,0.7900,0.00004475,10.0122,150.2459,85.2235
1401,168,18,0.7898,0.00004475,9.5545,162.8037,93.3818
1402,29,7,0.7897,0.00004474,8.6248,151.3422,256.4052
1403,57,13,0.7895,0.00004474,12.2803,157.3448,104.6947
1404,35,8,0.7894,0.00004474,10.3279,152.4796,79.5758
1405,88,13,0.7893,0.00004473,11.3226,157.8788,69.5562
1406,34,9,0.7891,0.00004473,12.0505,154.4740,113.8505
1407,80,16,0.7890,0.00004472,12.1711,154.4601,57.0213
1408,76,14,0.7888,0.00004472,11.0431,156.0510,60.6716
1409,60,12,0.7886,0.00004472,10.4309,155.4229,81.7435
1410,46,13,0.7885,0.00004471,11.0336,148.3445,88.8954
1411,51,10,0.7883,0.00004471,13.9393,158.4575,85.6867
1412,52,11,0.7882,0.00004470,12.2714,153.0028,140.9327
1413,33,10,0.7881,0.00004470,12.8212,151.2378,127.1316
1414,58,12,0.7879,0.00004470,11.9423,154.7385,117.1212
1415,44,8,0.7877,0.00004469,10.5070,161.9870,82.3229
1416,42,12,0.7876,0.00004469,10.4186,152.3699,75.4192
1417,33,9,0.7874,0.00004469,11.1720,154.5869,89.7238
1418,34,9,0.7873,0.00004468,11.9133,149.0163,102.3547
1419,29,6,0.7872,0.00004468,12.6249,153.2647,121.6992
1420,32,8,0.7870,0.00004468,10.6688,150.8442,123.7577
1421,227,20,0.7869,0.00004467,10.4265,157.2603,66.0236
1422,59,13,0.7867,0.00004467,12.3554,155.3324,74.9779
1423,32,8,0.7865,0.00004466,14.5646,156.6634,76.4750
1424,38,10,0.7864,0.00004466,12.9565,154.0904,81.2352
1425,43,11,0.7863,0.00004466,10.7246,148.9635,80.9447
1426,83,14,0.7861,0.00004465,13.5382,157.0528,113.2409
1427,40,12,0.7859,0.00004465,13.5091,154.6926,94.8274
1428,70,15,0.7858,0.00004465,9.6503,152.7421,82.6038
1429,89,16,0.7856,0.00004464,14.8160,156.4616,92.6818
1430,139,20,0.7855,0.00004464,13.7061,154.6733,68.6145
1431,65,11,0.7853,0.00004463,12.0140,157.8942,61.8229
1432,100,16,0.7852,0.00004463,9.6751,160.2313,67.3580
1433,35,8,0.7851,0.00004463,13.3915,150.6787,86.0631
1434,83,17,0.7849,0.00004462,11.3143,159.5886,82.9242
1435,40,11,0.7848,0.00004462,15.0548,151.3969,85.8747
1436,211,17,0.7846,0.00004461,11.8965,164.2224,61.3863
1437,55,12,0.7844,0.00004461,9.7050,154.0540,118.1393
1438,45,12,0.7843,0.00004461,11.6249,155.8403,115.2959
1439,73,11,0.7842,0.00004460,8.6775,157.4484,102.1249
1440,41,11,0.7840,0.00004460,13.6233,155.6969,73.4956
1441,39,9,0.7838,0.00004460,8.3048,159.2609,94.1606
1442,38,11,0.7837,0.00004459,10.2525,152.0592,106.6100
1443,39,9,0.7835,0.00004459,11.1983,155.3606,90.6199
1444,59,12,0.7834,0.00004459,11.2063,153.3087,201.3494
1445,71,12,0.7833,0.00004458,13.0319,162.1111,184.8813
1446,169,18,0.7831,0.00004458,11.7496,165.5027,131.5141
1447,30,8,0.7830,0.00004457,8.1350,160.6124,72.6647
1448,72,15,0.7828,0.00004457,11.4509,154.7505,93.1772
1449,58,13,0.7827,0.00004457,10.2664,156.0234,105.0915
1450,26,6,0.7825,0.00004456,15.5533,154.4641,64.7501
1451,42,12,0.7823,0.00004456,13.6850,158.0034,70.6460
1452,61,13,0.7822,0.00004456,11.5188,153.4208,62.9783
1453,162,13,0.7821,0.00004455,10.7053,166.5475,83.5763
1454,90,14,0.7819,0.00004455,11.2917,160.3537,100.1790
1455,35,9,0.7817,0.00004454,9.6039,159.3340,136.6925
1456,23,6,0.7816,0.00004454,11.9032,156.5647,110.4081
1457,70,13,0.7814,0.00004454,10.3954,163.1471,117.0856
1458,88,15,0.7813,0.00004453,11.4402,160.1246,58.9017
1459,109,16,0.7812,0.00004453,10.2078,164.8967,72.5547
1460,78,12,0.7810,0.00004452,8.4748,160.7139,77.6892
1461,49,9,0.7809,0.00004452,12.7822,160.6757,85.7576
1462,40,10,0.7807,0.00004452,9.1368,157.6528,126.2520
1463,77,12,0.7805,0.00004451,12.6988,161.1659,101.5421
1464,39,11,0.7804,0.00004451,7.3860,154.1289,122.7154
1465,97,13,0.7802,0.00004451,11.0352,163.9765,78.9322
1466,52,10,0.7801,0.00004450,11.9853,157.9568,88.5453
1467,40,9,0.7800,0.00004450,11.1324,158.2522,82.9480
1468,21,5,0.7798,0.00004450,4.8478,158.2420,147.3860
1469,74,14,0.7796,0.00004449,15.7064,162.9971,141.4924
1470,72,13,0.7795,0.00004449,10.7263,161.9948,76.3216
1471,110,13,0.7793,0.00004448,10.6649,166.9377,157.8722
1472,127,15,0.7792,0.00004448,11.3478,161.9613,138.8105
1473,117,16,0.7791,0.00004448,11.9117,167.0002,103.5395
1474,57,13,0.7789,0.00004447,12.5672,159.3341,57.4089
1475,209,19,0.7788,0.00004447,11.8810,170.2125,114.2706
1476,39,9,0.7786,0.00004447,14.1337,157.7868,206.9545
1477,75,14,0.7784,0.00004446,10.5629,167.1219,142.3419
1478,106,16,0.7783,0.00004446,12.7520,163.0943,80.6075
1479,38,10,0.7782,0.00004445,15.3643,160.2872,71.2579
1480,41,11,0.7780,0.00004445,10.1482,161.5647,72.6010
1481,77,12,0.7779,0.00004445,10.2626,156.9105,72.0761
1482,71,13,0.7777,0.00004444,11.7021,159.3482,92.9789
1483,75,14,0.7775,0.00004444,12.1933,164.0567,68.2039
1484,81,14,0.7774,0.00004444,9.5022,163.7650,53.1038
1485,58,11,0.7772,0.00004443,9.3572,156.4718,169.1648
1486,38,10,0.7771,0.00004443,11.3638,160.9867,150.9133
1487,121,18,0.7770,0.00004442,12.0291,163.0695,85.7457
1488,112,14,0.7768,0.00004442,8.0795,174.6939,88.2342
1489,39,10,0.7766,0.00004442,10.8392,157.8951,155.0673
1490,58,13,0.7765,0.00004441,11.3907,158.8848,149.2163
1491,25,6,0.7763,0.00004441,7.1188,162.5361,77.5650
1492,28,9,0.7762,0.00004440,10.9954,157.0579,87.7936
1493,28,6,0.7761,0.00004440,12.8758,161.9719,70.4858
1494,222,20,0.7759,0.00004440,10.6724,174.6007,121.1147
1495,87,14,0.7757,0.00004439,16.2325,165.9690,69.6182
1496,36,9,0.7756,0.00004439,12.7963,155.5711,88.6725
1497,46,9,0.7754,0.00004439,12.2052,163.0379,101.0769
1498,92,16,0.7753,0.00004438,10.5843,158.6009,98.2531
1499,63,11,0.7752,0.00004438,10.7201,160.4890,98.6192
1500,33,8,0.7750,0.00004438,11.9108,162.1352,61.6797
1501,21,5,0.7749,0.00004437,13.9228,159.5868,140.4222
1502,141,20,0.7747,0.00004437,12.9541,171.9675,101.2561
1503,32,8,0.7745,0.00004436,7.8117,161.5249,84.8336
1504,38,11,0.7744,0.00004436,15.8361,155.6510,87.7396
1505,125,16,0.7742,0.00004436,12.8242,172.0860,82.5117
1506,174,16,0.7741,0.00004435,9.4455,173.0490,86.9851
1507,37,10,0.7740,0.00004435,10.3559,157.5380,163.0401
1508,77,14,0.7738,0.00004435,13.6044,163.5472,149.5883
1509,33,8,0.7736,0.00004434,15.5571,158.4857,86.4936
1510,47,8,0.7735,0.00004434,11.8920,166.7363,71.3054
1511,129,19,0.7733,0.00004433,13.2136,162.9590,94.1445
1512,33,9,0.7732,0.00004433,8.7307,161.5327,59.4134
1513,54,11,0.7731,0.00004433,16.3779,165.6612,72.9673
1514,121,19,0.7729,0.00004432,10.0020,169.8762,72.1606
1515,81,13,0.7728,0.00004432,12.5376,166.5712,128.7873
1516,136,17,0.7726,0.00004432,13.1072,163.7916,95.6247
1517,113,14,0.7724,0.00004431,10.7482,171.9794,100.6093
1518,60,12,0.7723,0.00004431,15.0821,164.1846,93.3940
1519,169,18,0.7722,0.00004430,12.2852,167.1883,79.2869
1520,33,8,0.7720,0.00004430,11.6146,163.0591,95.1091
1521,54,10,0.7718,0.00004430,11.1857,165.9770,62.6774
1522,74,8,0.7717,0.00004429,12.8324,170.9316,94.0744
1523,143,19,0.7715,0.00004429,12.3745,167.8363,98.6850
1524,55,10,0.7714,0.00004429,9.0304,169.2196,111.9207
1525,35,8,0.7712,0.00004428,14.9496,160.5504,82.9941
1526,153,16,0.7711,0.00004428,13.2369,169.6756,193.1925
1527,36,9,0.7710,0.00004427,9.3754,169.3267,204.3372
1528,82,16,0.7708,0.00004427,11.5427,166.3774,170.8296
1529,77,12,0.7706,0.00004427,10.7965,165.9328,145.1022
1530,77,13,0.7705,0.00004426,15.2685,170.6643,78.6954
1531,164,16,0.7703,0.00004426,11.0850,170.7437,93.4764
1532,39,10,0.7702,0.00004426,11.4413,170.6899,76.1473
1533,44,10,0.7701,0.00004425,9.8217,169.7078,175.3111
1534,144,17,0.7699,0.00004425,13.2643,178.8332,116.1107
1535,109,14,0.7697,0.00004424,15.0678,172.8212,128.5027
1536,99,16,0.7696,0.00004424,13.8477,174.0789,101.6350
1537,117,12,0.7694,0.00004424,11.8969,173.9525,117.3744
1538,88,15,0.7693,0.00004423,6.7217,167.7325,54.3072
1539,136,17,0.7692,0.00004423,9.7999,174.2182,88.3587
1540,99,14,0.7690,0.00004423,14.3887,166.7260,134.8104
1541,88,15,0.7689,0.00004422,10.7948,169.9806,77.3017
1542,44,12,0.7687,0.00004422,10.3932,162.8938,86.3469
1543,37,9,0.7686,0.00004421,12.7786,172.0545,46.0735
1544,98,14,0.7684,0.00004421,11.2319,173.7577,150.1189
1545,87,14,0.7682,0.00004421,14.1315,179.3184,102.9063
1546,83,17,0.7681,0.00004420,11.3637,169.5278,106.9397
1547,79,12,0.7679,0.00004420,10.3383,168.2444,70.7033
1548,86,14,0.7678,0.00004419,10.4536,164.5860,102.1978
1549,40,11,0.7676,0.00004419,8.4938,166.8823,70.4134
1550,60,13,0.7675,0.00004419,12.1232,169.3813,106.1125
1551,40,11,0.7673,0.00004418,12.9808,164.5418,55.9971
1552,42,10,0.7672,0.00004418,11.5300,163.0424,75.7393
1553,117,21,0.7671,0.00004418,8.8121,167.8134,110.0359
1554,313,23,0.7669,0.00004417,13.7075,173.1304,92.6485
1555,36,9,0.7668,0.00004417,12.7658,209.1725,121.6002
1556,118,16,0.7666,0.00004417,12.9909,172.9140,89.1785
1557,48,9,0.7664,0.00004416,15.2527,174.2734,124.9684
1558,29,7,0.7663,0.00004416,10.5755,163.5511,215.9951
1559,46,9,0.7661,0.00004415,12.8638,170.0091,110.8478
1560,87,14,0.7660,0.00004415,8.8820,170.4275,104.3365
1561,111,15,0.7659,0.00004415,12.9149,173.4541,90.8212
1562,55,9,0.7657,0.00004414,12.4719,172.8236,57.3545
1563,120,16,0.7655,0.00004414,12.6560,166.9451,83.6921
1564,35,9,0.7654,0.00004414,12.8955,164.9130,199.4661
1565,22,5,0.7652,0.00004413,11.4650,172.1828,205.9544
1566,37,11,0.7651,0.00004413,11.9587,163.7602,157.3416
1567,55,10,0.7650,0.00004412,12.9426,167.5325,156.0701
1568,43,10,0.7648,0.00004412,10.2444,168.2987,96.3523
1569,29,6,0.7647,0.00004412,14.3596,170.2747,78.3479
1570,50,9,0.7645,0.00004411,13.8970,168.7001,70.8133
1571,37,8,0.7644,0.00004411,15.9914,175.4261,105.6822
1572,52,10,0.7642,0.00004410,9.7934,166.2731,93.6289
1573,65,13,0.7641,0.00004410,10.9679,174.9859,109.9012
1574,46,10,0.7639,0.00004410,12.4542,171.6281,68.5193
1575,161,16,0.7637,0.00004409,10.1081,178.2710,62.0771
1576,119,17,0.7636,0.00004409,10.8809,175.3433,68.0190
1577,35,8,0.7634,0.00004409,11.7446,165.2465,115.7254
1578,36,9,0.7633,0.00004408,13.7691,166.3835,121.2847
1579,56,12,0.7631,0.00004408,11.6837,168.9596,109.9395
1580,83,14,0.7630,0.00004408,8.4206,174.5023,86.7815
1581,42,11,0.7629,0.00004407,12.5298,171.7553,145.1658
1582,34,8,0.7627,0.00004407,10.2127,164.2491,85.6412
1583,79,13,0.7626,0.00004406,12.7786,169.2515,136.2179
1584,42,11,0.7624,0.00004406,13.4227,169.9315,108.5780
1585,116,17,0.7622,0.00004406,7.9684,174.0897,95.2292
1586,38,10,0.7621,0.00004405,13.5759,164.0451,67.3219
1587,83,14,0.7620,0.00004405,9.3827,176.4273,72.1789
1588,25,6,0.7618,0.00004405,13.1841,168.2609,74.9025
1589,34,9,0.7617,0.00004404,12.2086,166.4376,100.5977
1590,45,9,0.7615,0.00004404,6.1558,169.1250,123.1999
1591,38,11,0.7613,0.00004403,11.5223,170.9696,89.2328
1592,29,8,0.7612,0.00004403,15.6664,168.9277,52.4164
1593,54,13,0.7611,0.00004403,11.5150,163.4473,85.1222
1594,225,21,0.7609,0.00004402,11.3991,187.2800,91.0714
1595,39,9,0.7608,0.00004402,13.5160,168.4467,149.9724
1596,65,12,0.7606,0.00004402,10.4022,170.6282,129.0846
1597,57,11,0.7604,0.00004401,10.7883,169.3821,127.4728
1598,47,15,0.7603,0.00004401,11.7997,170.6118,119.0763
1599,41,10,0.7601,0.00004400,7.5243,167.9475,136.2676
1600,101,17,0.7600,0.00004400,13.6203,167.6144,137.7899
1601,43,11,0.7599,0.00004400,16.7018,170.7475,96.9639
1602,46,12,0.7597,0.00004399,13.6214,168.9715,77.9985
1603,39,8,0.7595,0.00004399,14.5909,173.8702,78.8309
1604,233,22,0.7594,0.00004398,11.5759,177.9219,106.2883
1605,82,14,0.7592,0.00004398,12.8497,174.0559,165.8586
1606,54,13,0.7591,0.00004398,10.8227,170.4418,149.9152
1607,53,11,0.7590,0.00004397,8.7012,173.2697,172.5290
1608,36,10,0.7588,0.00004397,13.8535,173.7209,230.0538
1609,334,28,0.7587,0.00004397,13.2010,187.2897,123.3263
1610,45,12,0.7585,0.00004396,15.0319,178.3825,80.0802
1611,126,16,0.7583,0.00004396,11.2991,178.2056,87.3043
1612,224,18,0.7582,0.00004396,8.4039,187.2714,113.8463
1613,188,20,0.7581,0.00004395,10.9844,174.5029,127.8896
1614,72,14,0.7579,0.00004395,15.4714,176.4848,99.5340
1615,78,11,0.7578,0.00004394,12.1700,176.5464,162.2513
1616,55,11,0.7576,0.00004394,16.0686,179.6853,120.7524
1617,25,6,0.7574,0.00004394,18.4855,172.7597,53.8466
1618,125,19,0.7573,0.00004393,10.2630,178.1247,71.6281
1619,42,12,0.7571,0.00004393,8.8754,171.1345,96.1505
1620,87,14,0.7570,0.00004393,12.0381,176.2786,89.4642
1621,57,13,0.7569,0.00004392,8.4028,168.0625,127.7587
1622,74,15,0.7567,0.00004392,13.0667,172.6854,127.0029
1623,48,10,0.7565,0.00004391,14.1315,167.8633,165.7441
1624,34,10,0.7564,0.00004391,11.1778,170.9703,119.8100
1625,86,14,0.7562,0.00004391,14.2422,184.2930,76.9253
1626,39,10,0.7561,0.00004390,11.7846,166.9717,121.7766
1627,97,15,0.7560,0.00004390,12.5202,179.5102,73.5982
1628,43,11,0.7558,0.00004389,10.8386,177.1813,92.8132
1629,88,14,0.7556,0.00004389,12.4639,173.5425,74.7569
1630,37,11,0.7555,0.00004389,12.3714,173.5532,114.6857
1631,34,9,0.7553,0.00004388,8.4183,170.1882,94.9874
1632,38,11,0.7552,0.00004388,13.7566,168.1196,186.2776
1633,30,8,0.7550,0.00004388,12.5249,178.6223,94.9736
1634,89,16,0.7549,0.00004387,12.8094,175.3753,59.8501
1635,64,11,0.7548,0.00004387,11.8428,178.0898,79.8352
1636,96,16,0.7546,0.00004387,13.5656,173.4969,116.5126
1637,38,9,0.7545,0.00004386,10.7302,170.5672,164.5922
1638,31,9,0.7543,0.00004386,12.0644,171.9219,149.3503
1639,38,9,0.7541,0.00004385,15.9489,171.3537,102.6182
1640,59,12,0.7540,0.00004385,11.3167,173.9588,85.9392
1641,94,15,0.7538,0.00004385,12.1069,179.6209,99.0227
1642,37,9,0.7537,0.00004384,9.1465,178.2056,124.7339
1643,74,14,0.7535,0.00004384,11.5702,179.8555,127.8983
1644,165,20,0.7534,0.00004384,12.2698,176.1485,96.4433
1645,432,36,0.7532,0.00004383,14.5464,190.4796,136.5132
1646,52,11,0.7531,0.00004383,13.0141,173.4340,179.9562
1647,119,16,0.7530,0.00004382,11.9256,186.1639,75.2493
1648,42,9,0.7528,0.00004382,10.3779,186.1144,83.1142
1649,51,11,0.7527,0.00004382,8.4990,175.8367,147.7268
1650,38,11,0.7525,0.00004381,14.7107,177.7568,101.6044
1651,57,11,0.7523,0.00004381,8.8164,179.4584,107.1345
1652,202,21,0.7522,0.00004381,14.5316,179.3554,90.7681
1653,60,13,0.7520,0.00004380,11.0239,173.3264,115.7989
1654,390,33,0.7519,0.00004380,14.2071,195.2948,132.2789
1655,65,12,0.7518,0.00004379,15.8671,174.2172,96.4555
1656,93,13,0.7516,0.00004379,11.8083,175.7153,109.4337
1657,35,9,0.7514,0.00004379,10.0470,179.1013,128.5356
1658,47,9,0.7513,0.00004378,11.9402,180.8335,82.6634
1659,105,18,0.7511,0.00004378,16.8440,177.1698,101.4160
1660,33,9,0.7510,0.00004378,15.2511,178.5376,96.7172
1661,34,8,0.7509,0.00004377,7.3000,173.7123,102.2131
1662,43,10,0.7507,0.00004377,11.3731,181.7531,126.2497
1663,128,19,0.7506,0.00004376,12.7574,187.8863,140.7535
1664,36,9,0.7504,0.00004376,14.4392,179.2102,111.4797
1665,59,14,0.7502,0.00004376,17.4649,170.5967,81.2897
1666,34,7,0.7501,0.00004375,14.6729,178.1963,155.5991
1667,118,14,0.7500,0.00004375,13.2843,187.1464,96.7259
1668,55,12,0.7498,0.00004375,17.2969,182.3371,98.7033
1669,127,16,0.7496,0.00004374,13.4130,178.5929,76.2918
1670,167,19,0.7495,0.00004374,11.9704,186.5825,112.6634
1671,36,9,0.7493,0.00004373,14.6979,174.9857,119.8357
1672,40,12,0.7492,0.00004373,13.6521,178.6054,142.9189
1673,38,9,0.7490,0.00004373,8.9353,177.4656,126.5262
1674,30,7,0.7489,0.00004372,8.5312,180.3518,143.4009
1675,84,15,0.7488,0.00004372,12.4156,179.1403,75.7511
1676,140,16,0.7486,0.00004372,12.4602,184.5966,113.8188
1677,54,10,0.7484,0.00004371,8.0405,176.6960,140.1792
1678,33,10,0.7483,0.00004371,9.8660,177.3934,114.9174
1679,104,15,0.7481,0.00004370,12.6897,177.4823,145.7291
1680,102,15,0.7480,0.00004370,16.7354,179.1036,103.1676
1681,41,9,0.7478,0.00004370,10.8302,174.3943,130.0911
1682,38,10,0.7477,0.00004369,11.2454,179.0980,182.3621
1683,109,16,0.7475,0.00004369,10.1113,185.3660,190.0719
1684,62,12,0.7474,0.00004368,14.0471,185.8604,232.8445
1685,58,11,0.7472,0.00004368,13.0781,182.9769,162.1302
1686,206,21,0.7471,0.00004368,11.8118,189.2195,135.5168
1687,103,17,0.7470,0.00004367,14.3184,178.9431,121.0343
1688,100,14,0.7468,0.00004367,9.0994,186.6482,72.3593
1689,53,11,0.7467,0.00004367,16.5415,184.4174,87.8456
1690,46,12,0.7465,0.00004366,10.7549,184.4089,92.4297
1691,38,10,0.7464,0.00004366,17.7055,180.7132,88.2412
1692,41,10,0.7462,0.00004366,14.6844,180.0686,114.2529
1693,55,11,0.7460,0.00004365,13.0327,181.7228,159.5626
1694,102,14,0.7459,0.00004365,10.5831,185.2082,78.3196
1695,55,10,0.7458,0.00004364,10.7656,181.3738,124.1446
1696,38,9,0.7456,0.00004364,9.8086,181.6904,149.3413
1697,42,9,0.7454,0.00004364,12.5115,187.1278,122.8581
1698,36,10,0.7453,0.00004363,8.4226,181.9016,103.5171
1699,32,8,0.7451,0.00004363,10.3182,185.0899,87.3074
1700,53,13,0.7450,0.00004363,11.0633,182.3278,149.1396
1701,157,20,0.7449,0.00004362,12.2122,188.3359,115.5908
1702,85,15,0.7447,0.00004362,12.4319,179.7633,86.9646
1703,164,13,0.7446,0.00004361,12.0517,195.4260,95.7573
1704,102,13,0.7444,0.00004361,9.3512,186.5888,111.0408
1705,71,13,0.7442,0.00004361,15.0075,177.4778,143.4764
1706,43,11,0.7441,0.00004360,13.6719,187.1866,102.4764
1707,61,10,0.7440,0.00004360,16.1612,185.4792,84.7020
1708,36,8,0.7438,0.00004360,14.8426,173.3387,100.9676
1709,86,13,0.7436,0.00004359,10.8862,182.9744,87.8091
1710,41,10,0.7435,0.00004359,11.9273,181.2248,95.2515
1711,29,9,0.7433,0.00004358,15.3429,173.5681,72.7092
1712,38,10,0.7432,0.00004358,13.2984,186.8741,66.1210
1713,27,7,0.7430,0.00004358,13.3248,179.4740,126.3706
1714,139,18,0.7429,0.00004357,12.8900,181.5730,189.1367
1715,59,13,0.7428,0.00004357,15.4410,182.0123,70.2328
1716,60,13,0.7426,0.00004357,17.4368,183.9115,89.9341
1717,122,21,0.7425,0.00004356,10.9523,183.7752,82.8050
1718,61,12,0.7423,0.00004356,14.6767,174.5506,100.6867
1719,60,13,0.7422,0.00004355,13.8638,179.7547,96.9962
1720,27,7,0.7420,0.00004355,9.7509,178.4829,97.7622
1721,44,12,0.7419,0.00004355,13.6880,186.4430,105.2224
1722,25,7,0.7417,0.00004354,13.6726,179.2455,114.7972
1723,43,10,0.7415,0.00004354,14.4432,183.7534,129.5499
1724,77,12,0.7414,0.00004354,13.0520,179.1801,70.2380
1725,31,8,0.7412,0.00004353,13.0795,179.4949,195.4221
1726,63,11,0.7411,0.00004353,11.4970,187.8293,185.3318
1727,82,14,0.7409,0.00004352,12.7209,181.6490,218.2028
1728,53,11,0.7408,0.00004352,12.0288,179.9411,173.1443
1729,35,10,0.7407,0.00004352,8.9262,183.4537,166.0855
1730,55,13,0.7405,0.00004351,11.4069,187.0924,140.3337
1731,53,10,0.7404,0.00004351,16.2530,179.5541,113.4106
1732,176,22,0.7402,0.00004351,11.1815,196.7812,123.9836
1733,76,15,0.7400,0.00004350,12.0803,186.0666,140.1781
1734,39,9,0.7399,0.00004350,12.1036,180.0707,64.9162
1735,142,21,0.7397,0.00004349,12.5970,190.0267,68.5463
1736,104,17,0.7396,0.00004349,13.3739,183.3291,103.4177
1737,62,13,0.7394,0.00004349,11.5328,180.8462,109.1995
1738,28,7,0.7393,0.00004348,13.5149,184.8596,48.3237
1739,71,12,0.7391,0.00004348,10.2001,186.0318,80.2883
1740,55,10,0.7390,0.00004347,14.0355,186.8233,98.6511
1741,37,10,0.7389,0.00004347,13.5311,181.7483,74.7666
1742,81,13,0.7387,0.00004347,10.7974,184.1768,90.1343
1743,35,9,0.7386,0.00004346,10.9525,187.4903,96.8693
1744,156,16,0.7384,0.00004346,12.3590,190.2898,122.9341
1745,65,15,0.7383,0.00004346,12.7760,183.6032,132.4404
1746,56,11,0.7381,0.00004345,12.8135,183.4280,152.9862
1747,44,12,0.7379,0.00004345,8.7273,184.5202,108.6263
1748,206,26,0.7378,0.00004345,12.0652,185.6887,122.4387
1749,44,9,0.7377,0.00004344,12.8336,182.2819,69.2252
1750,78,12,0.7375,0.00004344,11.9843,187.6426,119.1730
1751,65,12,0.7373,0.00004343,10.4909,181.0136,101.3319
1752,38,7,0.7372,0.00004343,15.2275,184.4611,91.8859
1753,38,10,0.7370,0.00004343,13.0123,181.9877,117.1215
1754,302,24,0.7369,0.00004342,12.4113,193.8290,141.3778
1755,58,13,0.7368,0.00004342,11.7962,181.7607,125.3449
1756,86,16,0.7366,0.00004342,13.2511,187.3569,101.4704
1757,138,18,0.7365,0.00004341,12.9739,191.1384,88.8303
1758,66,12,0.7363,0.00004341,10.2411,183.2292,92.0912
1759,31,7,0.7361,0.00004340,7.3087,186.4838,72.4990
1760,116,18,0.7360,0.00004340,9.6690,186.1612,93.5961
1761,105,15,0.7359,0.00004340,12.0617,190.5427,119.8337
1762,86,14,0.7357,0.00004339,13.7838,185.8946,97.9221
1763,89,13,0.7355,0.00004339,10.3863,185.6644,295.6721
1764,39,10,0.7354,0.00004339,8.7856,187.8442,81.6217
1765,57,13,0.7352,0.00004338,11.1031,185.8444,87.5272
1766,40,11,0.7351,0.00004338,15.9266,187.7784,145.0325
1767,91,18,0.7349,0.00004337,11.4474,190.6152,160.1191
1768,89,13,0.7348,0.00004337,14.3288,186.2119,114.4340
1769,53,11,0.7347,0.00004337,13.9659,187.0790,61.0222
1770,28,7,0.7345,0.00004336,13.8234,186.2907,97.7566
1771,43,10,0.7343,0.00004336,11.5490,186.7004,141.6658
1772,83,13,0.7342,0.00004336,12.4379,192.1230,140.7014
1773,55,10,0.7340,0.00004335,8.2221,185.8525,72.4063
1774,104,18,0.7339,0.00004335,15.3740,187.0187,99.0058
1775,24,7,0.7338,0.00004334,16.1536,184.9726,55.7166
1776,38,10,0.7336,0.00004334,15.7616,187.6665,76.9256
1777,53,11,0.7334,0.00004334,10.2389,194.8996,79.6669
1778,59,13,0.7333,0.00004333,15.0954,187.4328,76.3565
1779,48,9,0.7331,0.00004333,7.4838,189.7592,200.5829
1780,41,9,0.7330,0.00004333,10.9411,187.7711,189.8490
1781,92,17,0.7329,0.00004332,11.0103,190.3537,84.5733
1782,20,6,0.7327,0.00004332,6.5597,186.4395,75.3683
1783,39,10,0.7326,0.00004331,13.4587,188.1452,121.4031
1784,40,9,0.7324,0.00004331,12.0382,190.1056,115.5555
1785,25,7,0.7323,0.00004331,14.1948,183.8668,55.4489
1786,41,10,0.7321,0.00004330,12.3602,186.1190,109.9302
1787,99,15,0.7319,0.00004330,12.1393,190.1413,111.9630
1788,20,5,0.7318,0.00004330,12.3131,188.3845,90.7217
1789,168,24,0.7316,0.00004329,12.9768,192.0239,89.8556
1790,53,13,0.7315,0.00004329,12.2446,187.6186,173.0448
1791,105,16,0.7313,0.00004328,12.0799,195.4804,182.5081
1792,52,12,0.7312,0.00004328,13.8885,187.0957,97.3471
1793,123,16,0.7310,0.00004328,9.9241,189.9374,89.6449
1794,90,16,0.7309,0.00004327,12.5889,188.6663,68.1662
1795,143,20,0.7308,0.00004327,11.7891,191.4045,101.3078
1796,72,10,0.7306,0.00004326,16.1131,193.2715,96.6526
1797,61,13,0.7305,0.00004326,14.1037,186.5989,130.9814
1798,37,10,0.7303,0.00004326,8.7754,185.0197,50.9393
1799,73,13,0.7301,0.00004325,9.4229,185.2820,90.8730
1800,33,8,0.7300,0.00004325,15.7650,186.7808,150.8027
1801,63,14,0.7298,0.00004325,10.7333,189.4805,128.3054
1802,35,8,0.7297,0.00004324,11.1880,185.0993,91.7370
1803,379,23,0.7295,0.00004324,15.8244,208.1807,136.1997
1804,43,11,0.7294,0.00004324,10.3330,188.8977,231.6171
1805,32,9,0.7292,0.00004323,9.7614,182.9619,75.6148
1806,68,14,0.7291,0.00004323,13.7797,189.0379,110.6273
1807,30,8,0.7289,0.00004322,11.5466,193.6729,98.5773
1808,33,10,0.7288,0.00004322,13.9093,188.1215,90.8811
1809,28,7,0.7287,0.00004322,16.7830,183.5498,113.8611
1810,29,7,0.7285,0.00004321,21.6768,187.2857,125.3475
1811,28,8,0.7284,0.00004321,9.3377,187.6327,73.2533
1812,104,18,0.7282,0.00004321,10.7434,194.6368,143.1567
1813,39,10,0.7281,0.00004320,11.2116,192.2761,167.8797
1814,56,12,0.7279,0.00004320,13.4168,192.0052,105.8369
1815,31,7,0.7278,0.00004319,10.0361,189.1469,88.0473
1816,57,11,0.7276,0.00004319,11.1375,196.2194,135.8174
1817,73,13,0.7274,0.00004319,11.2210,189.2860,99.9633
1818,144,18,0.7273,0.00004318,10.8985,194.6182,78.2635
1819,38,10,0.7271,0.00004318,12.6219,187.4768,109.0738
1820,121,16,0.7270,0.00004317,12.4639,199.6032,104.4989
1821,57,12,0.7268,0.00004317,11.8732,190.1569,105.9538
1822,42,12,0.7267,0.00004317,13.4317,183.2912,154.7214
1823,55,11,0.7266,0.00004316,9.9000,191.0458,98.9340
1824,39,11,0.7264,0.00004316,11.7696,191.4695,161.0908
1825,44,11,0.7263,0.00004316,15.7810,183.5266,79.6958
1826,46,13,0.7261,0.00004315,11.5501,190.5747,79.0886
1827,75,14,0.7259,0.00004315,14.9878,192.5854,119.5616
1828,58,13,0.7258,0.00004315,9.4943,194.5542,155.1098
1829,87,15,0.7256,0.00004314,17.9316,189.6991,169.5934
1830,39,10,0.7255,0.00004314,13.9709,190.9217,105.1731
1831,87,15,0.7253,0.00004313,16.4860,187.9136,123.1312
1832,35,9,0.7252,0.00004313,10.1430,191.5864,115.5986
1833,55,11,0.7250,0.00004313,9.3098,189.3681,100.1786
1834,40,11,0.7249,0.00004312,13.1805,190.2419,106.0526
1835,120,15,0.7248,0.00004312,11.9253,190.5826,162.1890
1836,45,9,0.7246,0.00004312,10.4586,187.9553,123.1153
1837,81,16,0.7245,0.00004311,9.3176,188.8489,162.8078
1838,48,9,0.7243,0.00004311,17.4281,191.7723,189.9309
1839,37,10,0.7242,0.00004310,11.3598,190.5415,78.7176
1840,45,9,0.7240,0.00004310,13.9510,188.5722,136.4140
1841,37,10,0.7238,0.00004310,13.1688,183.4480,117.1775
1842,86,13,0.7237,0.00004309,7.4488,198.2533,164.2109
1843,51,11,0.7236,0.00004309,11.2782,184.4935,159.5141
1844,35,8,0.7234,0.00004308,10.4941,190.6218,68.6193
1845,124,18,0.7232,0.00004308,14.5118,192.5276,102.6341
1846,38,9,0.7231,0.00004308,13.7148,186.3887,100.0822
1847,60,12,0.7229,0.00004307,16.3064,190.9608,241.5300
1848,52,10,0.7228,0.00004307,9.9886,187.0066,126.6545
1849,122,17,0.7227,0.00004307,12.6156,201.6019,76.3843
1850,108,18,0.7225,0.00004306,14.0718,186.1678,110.4575
1851,80,11,0.7224,0.00004306,13.7648,199.6763,66.2363
1852,45,10,0.7222,0.00004306,9.3176,190.7038,81.4293
1853,39,9,0.7220,0.00004305,8.4999,191.0395,89.6975
1854,69,13,0.7219,0.00004305,10.1788,188.8911,126.1735
1855,50,11,0.7218,0.00004304,8.8555,189.7712,91.4507
1856,67,12,0.7216,0.00004304,11.0016,188.7663,88.6676
1857,48,9,0.7214,0.00004304,16.7453,188.4035,117.8147
1858,34,8,0.7213,0.00004303,11.9677,189.3263,76.6973
1859,531,22,0.7211,0.00004303,12.3669,209.8990,127.4972
1860,37,9,0.7210,0.00004303,11.3133,193.8874,143.3210
1861,49,11,0.7208,0.00004302,16.7938,192.5190,122.0538
1862,36,8,0.7207,0.00004302,14.0540,188.5437,73.8201
1863,172,17,0.7206,0.00004301,14.2912,200.6495,159.2409
1864,35,9,0.7204,0.00004301,16.9282,192.2058,126.1882
1865,107,17,0.7203,0.00004301,10.0621,191.3508,101.6565
1866,72,10,0.7201,0.00004300,16.0117,197.2336,78.5697
1867,174,18,0.7200,0.00004300,10.7349,199.4669,120.4255
1868,38,10,0.7198,0.00004300,13.0033,195.7562,159.9051
1869,184,20,0.7197,0.00004299,13.0983,196.6581,102.0778
1870,60,13,0.7195,0.00004299,12.2914,189.7391,114.2091
1871,52,11,0.7193,0.00004298,7.4753,190.3097,66.1327
1872,52,12,0.7192,0.00004298,13.0969,184.2621,103.8454
1873,123,15,0.7190,0.00004298,14.1382,192.0118,187.9571
1874,58,10,0.7189,0.00004297,12.4732,187.1796,174.4817
1875,212,17,0.7188,0.00004297,14.1915,196.7673,134.3586
1876,36,10,0.7186,0.00004296,12.1015,195.1977,125.2088
1877,68,15,0.7185,0.00004296,12.0407,194.3288,134.9710
1878,54,11,0.7183,0.00004296,17.2560,186.4417,84.8531
1879,60,15,0.7182,0.00004295,9.4415,190.5367,70.2037
1880,43,11,0.7180,0.00004295,13.8588,186.9257,156.0055
1881,109,17,0.7178,0.00004295,12.4411,194.9784,97.4382
1882,124,16,0.7177,0.00004294,11.3160,193.8722,93.8053
1883,33,8,0.7175,0.00004294,11.3544,191.6129,128.3792
1884,74,13,0.7174,0.00004294,11.3911,194.9310,145.6218
1885,59,12,0.7172,0.00004293,14.2487,190.8699,68.4353
1886,53,11,0.7171,0.00004293,12.4897,193.7605,172.5677
1887,132,16,0.7169,0.00004292,11.5486,198.9693,169.0088
1888,82,13,0.7168,0.00004292,11.3903,196.4286,122.1800
1889,55,11,0.7167,0.00004292,16.3869,192.9335,90.8411
1890,36,10,0.7165,0.00004291,9.8027,192.2379,93.5597
1891,243,27,0.7164,0.00004291,10.7101,195.3623,99.0817
1892,59,14,0.7162,0.00004291,15.8748,195.2599,160.9101
1893,51,10,0.7160,0.00004290,11.9771,197.0109,153.7679
1894,90,13,0.7159,0.00004290,14.3319,192.1539,114.2536
1895,26,6,0.7157,0.00004289,14.4871,192.0774,79.1289
1896,39,11,0.7156,0.00004289,8.8373,189.6055,107.0513
1897,121,14,0.7155,0.00004289,13.6795,202.3123,119.0704
1898,32,9,0.7153,0.00004288,12.5899,187.8626,103.1403
1899,84,14,0.7151,0.00004288,9.8993,196.5713,81.7293
1900,32,8,0.7150,0.00004287,18.0327,195.3718,204.5613
1901,55,13,0.7148,0.00004287,12.7467,194.7060,137.6980
1902,170,21,0.7147,0.00004287,15.5815,193.9445,88.1358
1903,123,17,0.7146,0.00004286,12.2783,194.1510,120.3449
1904,60,13,0.7144,0.00004286,11.0370,195.9679,148.4566
1905,41,11,0.7143,0.00004286,13.9199,188.7858,172.6091
1906,32,6,0.7141,0.00004285,16.8404,190.5558,89.4048
1907,122,16,0.7139,0.00004285,15.4918,201.2379,78.3864
1908,81,12,0.7138,0.00004285,11.5709,199.2766,111.0085
1909,52,10,0.7137,0.00004284,10.6485,189.5020,87.6661
1910,76,14,0.7135,0.00004284,11.1432,193.1112,97.5612
1911,43,11,0.7133,0.00004283,12.5578,188.9528,95.5098
1912,72,12,0.7132,0.00004283,11.3217,196.9133,123.7438
1913,66,13,0.7130,0.00004283,14.4340,193.2449,98.3157
1914,113,20,0.7129,0.00004282,15.0458,195.9079,102.0925
1915,73,12,0.7127,0.00004282,11.6245,198.5976,94.9455
1916,112,17,0.7126,0.00004282,10.6685,197.2288,118.0583
1917,32,8,0.7125,0.00004281,14.4319,186.0200,176.5980
1918,72,12,0.7123,0.00004281,16.0723,193.0018,84.3386
1919,42,8,0.7121,0.00004280,11.6923,195.7774,100.3196
1920,126,17,0.7120,0.00004280,12.3198,195.7975,88.2695
1921,65,12,0.7118,0.00004280,14.2090,194.2720,88.8132
1922,78,12,0.7117,0.00004279,12.4317,193.0672,112.7146
1923,57,12,0.7115,0.00004279,10.6966,188.0912,120.9639
1924,107,18,0.7114,0.00004279,16.9612,191.4466,108.7472
1925,29,8,0.7112,0.00004278,13.8207,194.2013,163.0052
1926,38,9,0.7111,0.00004278,17.6434,202.1262,149.6417
1927,44,11,0.7109,0.00004277,12.4087,198.8454,94.6504
1928,40,10,0.7108,0.00004277,14.7878,196.4419,98.5525
1929,37,8,0.7107,0.00004277,17.1737,193.6881,133.8239
1930,142,20,0.7105,0.00004276,11.5289,197.3990,106.7757
1931,86,14,0.7104,0.00004276,12.2767,197.4232,119.0148
1932,89,14,0.7102,0.00004275,13.3446,196.8171,125.4063
1933,56,12,0.7101,0.00004275,15.7885,193.2285,135.8918
1934,82,12,0.7099,0.00004275,12.4159,198.2200,80.4772
1935,33,7,0.7097,0.00004274,12.4345,200.3330,93.7492
1936,62,13,0.7096,0.00004274,9.9457,192.0678,103.8363
1937,258,26,0.7094,0.00004274,17.7973,203.1632,180.3566
1938,84,14,0.7093,0.00004273,11.8141,199.7469,59.6388
1939,57,12,0.7091,0.00004273,12.6322,191.0072,112.7023
1940,54,12,0.7090,0.00004273,13.6163,198.1856,99.6886
1941,37,8,0.7088,0.00004272,7.3859,195.5469,128.7774
1942,122,15,0.7087,0.00004272,9.6675,199.0667,88.4424
1943,245,25,0.7086,0.00004271,12.5818,198.7320,127.2622
1944,149,18,0.7084,0.00004271,12.6292,202.4655,98.9480
1945,73,14,0.7083,0.00004271,14.6893,205.1630,93.8840
1946,191,21,0.7081,0.00004270,12.9406,203.4102,93.3711
1947,124,16,0.7079,0.00004270,14.3857,198.6317,94.7591
1948,120,15,0.7078,0.00004270,12.5139,192.0238,97.5187
1949,44,8,0.7077,0.00004269,11.5680,197.2491,126.3028
1950,36,8,0.7075,0.00004269,11.3398,195.6627,157.3963
1951,46,11,0.7073,0.00004268,11.3604,196.2751,116.1844
1952,119,17,0.7072,0.00004268,13.4125,202.6204,111.8381
1953,44,9,0.7070,0.00004268,9.4837,196.7768,134.7683
1954,79,11,0.7069,0.00004267,18.2193,202.2823,80.4178
1955,40,11,0.7067,0.00004267,8.5905,199.6614,71.5671
1956,48,10,0.7066,0.00004266,16.1881,193.2979,157.9692
1957,110,20,0.7065,0.00004266,12.1019,200.8200,126.0534
1958,100,14,0.7063,0.00004266,14.2656,195.8933,121.5885
1959,57,13,0.7062,0.00004265,15.5659,202.8076,147.6183
1960,33,8,0.7060,0.00004265,7.0757,196.6318,129.5954
1961,129,19,0.7059,0.00004265,16.4245,202.4741,111.0167
1962,33,8,0.7057,0.00004264,11.7437,196.4321,72.1234
1963,166,17,0.7056,0.00004264,14.9221,208.3224,203.1904
1964,60,13,0.7054,0.00004264,10.6087,194.7450,74.6757
1965,78,13,0.7052,0.00004263,11.8648,202.0934,111.8745
1966,54,11,0.7051,0.00004263,10.7461,198.6154,90.4254
1967,49,13,0.7049,0.00004262,15.6396,199.3101,121.5241
1968,45,9,0.7048,0.00004262,13.0926,197.1247,127.0847
1969,289,23,0.7046,0.00004262,14.3306,205.4046,101.9249
1970,36,8,0.7045,0.00004261,10.3435,198.2215,110.4785
1971,39,8,0.7044,0.00004261,15.7114,202.9246,93.3152
1972,89,14,0.7042,0.00004261,11.2114,203.1697,133.2078
1973,30,7,0.7041,0.00004260,8.5951,200.4996,181.9498
1974,155,18,0.7039,0.00004260,12.7822,208.0959,92.0983
1975,59,11,0.7037,0.00004259,15.4477,199.9771,114.9613
1976,88,15,0.7036,0.00004259,15.0913,199.3808,140.1195
1977,135,20,0.7034,0.00004259,11.6150,205.8482,140.2429
1978,287,19,0.7033,0.00004258,14.6347,215.9185,110.6379
1979,201,22,0.7031,0.00004258,11.3046,195.7659,95.1444
1980,57,13,0.7030,0.00004258,11.7607,198.7733,82.4586
1981,43,7,0.7028,0.00004257,14.6029,198.4939,94.5272
1982,29,6,0.7027,0.00004257,15.4142,200.0822,148.3234
1983,38,10,0.7026,0.00004256,14.9409,197.5652,76.7535
1984,97,15,0.7024,0.00004256,15.4927,197.7390,102.9355
1985,44,11,0.7023,0.00004256,9.4552,199.9678,94.4859
1986,28,6,0.7021,0.00004255,16.2228,199.0106,59.6898
1987,49,11,0.7020,0.00004255,16.3628,200.8407,120.7275
1988,31,8,0.7018,0.00004255,14.1876,200.5315,125.7596
1989,123,20,0.7016,0.00004254,10.0642,203.0850,111.5965
1990,98,13,0.7015,0.00004254,14.6497,209.1820,113.4238
1991,82,13,0.7014,0.00004253,12.0112,207.6996,108.0142
1992,97,17,0.7012,0.00004253,13.4379,196.3709,104.0756
1993,41,10,0.7010,0.00004253,16.4286,197.1013,81.5655
1994,41,9,0.7009,0.00004252,7.6028,200.0655,102.1406
1995,97,17,0.7007,0.00004252,9.0837,201.3851,94.9710
1996,34,10,0.7006,0.00004252,12.0055,198.2843,98.4271
1997,53,11,0.7005,0.00004251,10.3416,197.9837,162.8937
1998,129,18,0.7003,0.00004251,14.8057,201.6820,127.8720
1999,40,10,0.7002,0.00004250,19.0054,198.0085,188.6485
2000,61,10,0.7000,0.00004250,12.8752,199.1166,93.2552
2001,278,28,0.6998,0.00004250,12.4068,206.5331,121.3666
2002,36,9,0.6997,0.00004249,19.2245,199.9590,139.1412
2003,77,12,0.6996,0.00004249,10.4077,215.0649,112.2521
2004,165,19,0.6994,0.00004249,14.4848,210.4932,101.1110
2005,40,10,0.6992,0.00004248,14.2741,202.1818,107.2437
2006,35,10,0.6991,0.00004248,13.3873,199.8657,86.9710
2007,81,14,0.6989,0.00004247,16.7719,198.0460,113.3133
2008,56,12,0.6988,0.00004247,12.7657,201.7697,148.6408
2009,50,10,0.6986,0.00004247,14.5047,209.1461,93.5314
2010,67,13,0.6985,0.00004246,12.3027,198.5656,89.1705
2011,221,22,0.6984,0.00004246,14.6174,204.9395,90.9506
2012,45,12,0.6982,0.00004245,16.4422,200.0194,131.9056
2013,54,11,0.6980,0.00004245,14.5939,206.2240,78.3242
2014,183,18,0.6979,0.00004245,12.2691,214.2217,70.3002
2015,36,10,0.6977,0.00004244,11.0493,197.2243,110.0119
2016,51,10,0.6976,0.00004244,15.2705,202.5912,140.9174
2017,34,9,0.6975,0.00004244,14.0102,204.7442,141.7319
2018,55,10,0.6973,0.00004243,9.7839,205.2835,122.9203
2019,40,11,0.6971,0.00004243,12.0998,199.8562,106.4370
2020,54,13,0.6970,0.00004243,14.0661,200.4213,149.7431
2021,148,20,0.6968,0.00004242,13.8642,201.5579,96.9313
2022,113,14,0.6967,0.00004242,12.5879,203.1992,204.5142
2023,63,14,0.6966,0.00004241,15.0117,204.5821,131.4581
2024,51,9,0.6964,0.00004241,12.7341,203.1594,107.5994
2025,234,21,0.6963,0.00004241,16.6313,210.0367,153.3426
2026,42,10,0.6961,0.00004240,11.9358,198.2425,169.1127
2027,106,18,0.6960,0.00004240,12.9387,208.7758,95.2174
2028,72,13,0.6958,0.00004240,11.1317,203.0462,128.6670
2029,81,15,0.6956,0.00004239,14.6096,197.9739,145.5238
2030,36,9,0.6955,0.00004239,18.1832,197.4991,91.8861
2031,166,21,0.6953,0.00004238,13.0734,203.9444,116.6056
2032,75,13,0.6952,0.00004238,18.1670,206.2070,103.1196
2033,72,10,0.6950,0.00004238,12.5361,203.9681,111.1406
2034,32,9,0.6949,0.00004237,15.6170,204.0781,86.8605
2035,29,8,0.6947,0.00004237,12.0569,205.8417,135.3780
2036,58,11,0.6946,0.00004237,17.8017,203.1639,132.7392
2037,55,11,0.6945,0.00004236,10.7353,204.5945,139.2118
2038,34,8,0.6943,0.00004236,14.9861,202.8252,189.9871
2039,76,12,0.6942,0.00004235,14.7626,210.2213,117.4456
2040,38,8,0.6940,0.00004235,9.5714,207.3758,102.9286
2041,110,15,0.6938,0.00004235,15.7168,209.1380,161.2797
2042,163,16,0.6937,0.00004234,13.5428,213.2543,146.9053
2043,33,9,0.6935,0.00004234,13.2579,208.2838,129.9359
2044,53,10,0.6934,0.00004234,8.9986,208.0176,82.6759
2045,61,11,0.6932,0.00004233,10.4633,206.7202,102.1099
2046,33,9,0.6931,0.00004233,9.7515,204.1206,113.6320
2047,78,15,0.6929,0.00004232,14.2519,196.7111,176.2051
2048,79,15,0.6928,0.00004232,9.4470,204.7100,132.9694
2049,36,9,0.6926,0.00004232,16.8693,206.8898,72.2668
2050,209,21,0.6925,0.00004231,12.0024,217.6751,106.4560
2051,36,10,0.6924,0.00004231,15.1812,245.7873,174.6445
2052,126,20,0.6922,0.00004231,11.9867,211.5573,119.5804
2053,43,11,0.6921,0.00004230,16.0691,208.9249,114.3403
2054,81,13,0.6919,0.00004230,13.8028,209.1889,139.6209
2055,31,8,0.6917,0.00004229,15.2938,205.9982,122.3498
2056,256,26,0.6916,0.00004229,12.1532,216.7766,143.0788
2057,59,13,0.6915,0.00004229,9.5982,199.8403,122.7953
2058,71,12,0.6913,0.00004228,15.2231,204.3859,92.1640
2059,55,12,0.6911,0.00004228,15.6250,208.9252,157.3241
2060,49,10,0.6910,0.00004228,12.9836,210.5945,104.0998
2061,60,12,0.6908,0.00004227,10.1288,199.7471,98.9663
2062,59,12,0.6907,0.00004227,15.9094,209.9032,149.2103
2063,40,11,0.6905,0.00004226,17.9072,209.8122,168.2533
2064,54,12,0.6904,0.00004226,13.7845,203.9566,164.4349
2065,114,21,0.6903,0.00004226,14.1948,209.4564,113.3567
2066,25,6,0.6901,0.00004225,10.6769,206.3058,97.4583
2067,58,15,0.6900,0.00004225,12.7279,203.9789,105.5073
2068,135,18,0.6898,0.00004224,9.5072,207.1761,114.7224
2069,34,9,0.6896,0.00004224,13.2170,202.9259,88.4329
2070,104,17,0.6895,0.00004224,13.0871,211.2896,81.2606
2071,36,9,0.6893,0.00004223,13.4220,201.9021,102.3222
2072,66,13,0.6892,0.00004223,15.6970,211.0236,87.9874
2073,52,11,0.6890,0.00004223,12.1553,201.4798,65.5087
2074,68,11,0.6889,0.00004222,13.4813,206.4416,131.3548
2075,50,10,0.6887,0.00004222,16.2361,195.7324,157.4426
2076,67,12,0.6886,0.00004222,13.9944,201.8778,162.3883
2077,61,12,0.6885,0.00004221,14.4431,205.9999,148.9030
2078,57,11,0.6883,0.00004221,12.9407,203.1573,127.0455
2079,50,10,0.6882,0.00004220,12.4790,205.2742,129.0558
2080,110,13,0.6880,0.00004220,12.8899,217.1491,227.1348
2081,68,12,0.6879,0.00004220,14.7713,209.0584,158.9379
2082,75,10,0.6877,0.00004219,14.1333,209.8513,122.3706
2083,50,10,0.6875,0.00004219,15.6368,207.3378,161.8153
2084,33,8,0.6874,0.00004219,15.5955,207.7229,214.2647
2085,39,9,0.6873,0.00004218,11.8925,211.9261,239.7046
2086,352,28,0.6871,0.00004218,15.6928,217.6335,118.6496
2087,50,10,0.6869,0.00004217,12.7336,203.9827,96.7959
2088,164,17,0.6868,0.00004217,14.6466,216.0406,128.6061
2089,53,11,0.6866,0.00004217,12.7737,203.9034,188.5747
2090,42,10,0.6865,0.00004216,16.6645,213.6062,87.4979
2091,137,21,0.6864,0.00004216,9.5700,214.1234,96.2556
2092,243,22,0.6862,0.00004216,13.6053,215.1423,115.2167
2093,37,10,0.6861,0.00004215,16.1401,206.2279,115.1694
2094,45,8,0.6859,0.00004215,16.9493,211.8443,214.2917
2095,37,11,0.6857,0.00004214,12.8687,205.3763,135.6702
2096,35,8,0.6856,0.00004214,19.4295,203.8955,120.2928
2097,125,20,0.6855,0.00004214,14.0562,212.0818,120.0441
2098,78,13,0.6853,0.00004213,16.4095,211.2859,107.0293
2099,119,15,0.6851,0.00004213,18.0493,215.6007,86.7697
2100,63,13,0.6850,0.00004213,14.9513,204.6888,109.7058
2101,70,12,0.6848,0.00004212,12.3492,206.6107,88.0479
2102,27,6,0.6847,0.00004212,11.3352,209.3007,177.8983
2103,88,13,0.6845,0.00004211,16.9160,216.0376,135.6224
2104,36,9,0.6844,0.00004211,13.4425,206.5082,78.3714
2105,62,14,0.6843,0.00004211,12.7050,205.6975,78.5242
2106,53,10,0.6841,0.00004210,11.9545,210.8757,94.3981
2107,95,14,0.6840,0.00004210,13.2318,208.5175,176.4774
2108,95,15,0.6838,0.00004210,13.0497,214.4859,98.6856
2109,62,14,0.6837,0.00004209,13.9897,206.4485,128.0433
2110,83,13,0.6835,0.00004209,13.7542,214.1629,122.6528
2111,217,22,0.6834,0.00004208,12.5852,223.6123,154.2574
2112,57,12,0.6832,0.00004208,16.9921,211.2727,184.4828
2113,172,18,0.6830,0.00004208,18.9708,210.0137,132.2503
2114,84,13,0.6829,0.00004207,13.9878,210.0965,96.0632
2115,97,15,0.6827,0.00004207,11.8525,213.2515,124.0248
2116,71,13,0.6826,0.00004206,19.9663,208.4390,110.4305
2117,111,19,0.6825,0.00004206,13.7518,210.9447,237.7302
2118,45,11,0.6823,0.00004206,18.6366,212.8032,167.4533
2119,41,10,0.6822,0.00004205,11.2162,210.3463,128.5331
2120,42,11,0.6820,0.00004205,12.6360,202.3726,127.7669
2121,48,10,0.6819,0.00004205,11.3750,215.4324,127.7418
2122,89,16,0.6817,0.00004204,14.9263,216.9463,117.0602
2123,110,18,0.6815,0.00004204,16.4234,209.9905,178.4210
2124,84,16,0.6814,0.00004203,15.1625,216.2650,150.6991
2125,54,10,0.6812,0.00004203,14.0439,212.2563,92.4990
2126,90,15,0.6811,0.00004203,13.6750,210.4178,91.9387
2127,57,12,0.6809,0.00004202,13.2425,206.6751,145.2953
2128,153,18,0.6808,0.00004202,13.5650,225.0254,100.9202
2129,77,12,0.6806,0.00004202,12.1103,216.0108,137.4087
2130,58,12,0.6805,0.00004201,12.1895,214.6976,128.0785
2131,196,20,0.6804,0.00004201,13.5483,218.4566,184.2184
2132,28,6,0.6802,0.00004201,21.4393,214.8078,98.7190
2133,86,14,0.6801,0.00004200,9.9184,217.3488,115.4127
2134,41,10,0.6799,0.00004200,16.5115,212.5657,89.7940
2135,302,22,0.6797,0.00004199,13.9471,223.6577,119.5373
2136,75,15,0.6796,0.00004199,15.3529,215.0175,82.7480
2137,97,15,0.6794,0.00004199,13.2927,213.8922,125.9932
2138,88,15,0.6793,0.00004198,16.0099,218.1808,144.5045
2139,59,15,0.6792,0.00004198,12.1526,212.5095,134.1734
2140,170,17,0.6790,0.00004198,20.3378,226.3348,113.2424
2141,33,8,0.6788,0.00004197,17.1220,210.9100,108.5881
2142,463,25,0.6787,0.00004197,11.8939,233.9654,126.1352
2143,55,12,0.6785,0.00004196,11.4731,215.0890,70.0818
2144,40,10,0.6784,0.00004196,14.0718,212.0897,146.1312
2145,98,16,0.6783,0.00004196,13.8449,208.6664,145.8726
2146,31,8,0.6781,0.00004195,15.8696,208.8987,184.8143
2147,191,22,0.6780,0.00004195,13.6796,216.9384,111.5770
2148,92,15,0.6778,0.00004195,12.1072,213.7467,96.5773
2149,55,12,0.6776,0.00004194,14.0423,209.1857,82.5026
2150,55,11,0.6775,0.00004194,22.5279,207.0117,120.9967
2151,79,12,0.6774,0.00004193,12.5920,213.8444,135.3072
2152,51,10,0.6772,0.00004193,11.3947,206.3032,82.4980
2153,38,11,0.6770,0.00004193,14.9332,207.9818,76.2651
2154,27,7,0.6769,0.00004192,15.2314,214.9426,185.5750
2155,34,9,0.6767,0.00004192,12.9078,214.4410,92.6604
2156,40,11,0.6766,0.00004192,12.9261,209.6029,156.9773
2157,53,11,0.6764,0.00004191,12.9169,222.3522,101.0431
2158,55,9,0.6763,0.00004191,17.6023,215.7560,128.7850
2159,41,12,0.6762,0.00004190,12.4034,212.5304,131.6951
2160,73,11,0.6760,0.00004190,13.9314,216.3406,183.8392
2161,52,12,0.6758,0.00004190,13.6397,212.8888,177.1338
2162,138,20,0.6757,0.00004189,12.8857,215.1489,128.8320
2163,40,11,0.6755,0.00004189,19.0422,204.0272,177.7687
2164,37,10,0.6754,0.00004189,14.8301,213.5867,96.8581
2165,50,10,0.6752,0.00004188,10.5875,212.4100,111.4848
2166,52,9,0.6751,0.00004188,12.0380,218.6901,124.8091
2167,35,9,0.6749,0.00004187,14.9071,212.4982,106.5623
2168,51,12,0.6748,0.00004187,11.2928,203.2361,106.8881
2169,85,14,0.6746,0.00004187,18.3694,217.0544,132.5682
2170,47,9,0.6745,0.00004186,17.3049,213.3942,119.1857
2171,30,7,0.6744,0.00004186,15.6142,220.1546,139.4175
2172,31,8,0.6742,0.00004185,17.6074,211.4961,114.6581
2173,69,13,0.6741,0.00004185,12.6028,214.1673,172.0247
2174,31,8,0.6739,0.00004185,14.6682,210.6985,122.6047
2175,106,18,0.6738,0.00004184,15.6145,212.0008,134.9725
2176,101,16,0.6736,0.00004184,12.9477,218.3334,98.6061
2177,78,14,0.6734,0.00004184,12.7471,213.8812,132.7217
2178,40,9,0.6733,0.00004183,13.6745,219.7487,213.3132
2179,38,9,0.6731,0.00004183,17.3096,213.0133,199.1562
2180,48,9,0.6730,0.00004183,19.8657,209.7425,122.8719
2181,118,11,0.6728,0.00004182,20.3702,221.8751,116.5226
2182,104,16,0.6727,0.00004182,13.5392,212.6563,124.1200
2183,54,13,0.6725,0.00004181,13.6718,207.5082,138.7514
2184,249,25,0.6724,0.00004181,11.4574,220.8873,99.3612
2185,40,12,0.6723,0.00004181,9.3663,205.6102,108.9289
2186,51,9,0.6721,0.00004180,16.6570,217.3463,132.7028
2187,107,16,0.6720,0.00004180,15.6032,217.9090,104.0827
2188,57,12,0.6718,0.00004180,12.1908,213.2519,172.7542
2189,24,6,0.6716,0.00004179,11.2866,211.5278,108.9663
2190,52,10,0.6715,0.00004179,11.5429,211.8869,100.8362
2191,49,9,0.6714,0.00004178,14.4514,218.3582,108.3365
2192,163,21,0.6712,0.00004178,12.9540,217.7215,165.3788
2193,79,12,0.6710,0.00004178,10.1340,221.2248,145.5270
2194,102,17,0.6709,0.00004177,13.1710,214.9261,153.7756
2195,41,10,0.6707,0.00004177,7.5881,214.2372,121.6342
2196,194,22,0.6706,0.00004177,16.3881,227.3582,113.9782
2197,192,20,0.6704,0.00004176,15.8501,225.7988,96.3934
2198,176,23,0.6703,0.00004176,13.5244,215.0832,123.1069
2199,48,9,0.6702,0.00004175,15.0114,218.9697,154.5373
2200,51,11,0.6700,0.00004175,11.8131,214.8589,119.6043
2201,42,11,0.6699,0.00004175,10.8329,214.2194,108.2947
2202,63,14,0.6697,0.00004174,13.6457,213.6700,114.1495
2203,92,16,0.6696,0.00004174,12.5079,213.3159,98.4420
2204,37,8,0.6694,0.00004173,15.0189,220.1856,101.5767
2205,116,16,0.6693,0.00004173,15.3269,217.3383,171.6988
2206,29,8,0.6691,0.00004173,8.2494,212.9600,138.7802
2207,97,15,0.6689,0.00004172,13.9254,219.3028,123.3211
2208,104,18,0.6688,0.00004172,13.3290,215.0557,99.1392
2209,23,7,0.6686,0.00004172,20.6017,218.3779,290.5189
2210,53,10,0.6685,0.00004171,16.6973,209.2472,232.4378
2211,28,8,0.6683,0.00004171,10.1397,218.0967,106.6823
2212,35,10,0.6682,0.00004171,8.9276,220.0371,102.7777
2213,59,12,0.6681,0.00004170,16.5977,214.6772,131.1407
2214,68,12,0.6679,0.00004170,12.3560,220.7823,64.8550
2215,31,8,0.6678,0.00004169,11.9820,213.6806,135.9163
2216,25,6,0.6676,0.00004169,9.9009,210.1549,115.4608
2217,79,12,0.6674,0.00004169,15.3492,216.8145,131.4432
2218,195,22,0.6673,0.00004168,17.1786,226.2259,116.8195
2219,84,13,0.6671,0.00004168,16.0512,218.0396,106.9024
2220,65,10,0.6670,0.00004168,13.0890,215.0731,120.0973
2221,219,25,0.6668,0.00004167,14.9152,221.2889,115.8147
2222,122,20,0.6667,0.00004167,15.1097,215.2871,163.5969
2223,56,11,0.6665,0.00004166,10.7646,218.5596,124.9635
2224,50,10,0.6664,0.00004166,10.9655,216.9236,240.9837
2225,135,20,0.6663,0.00004166,16.5396,225.0336,96.2840
2226,55,12,0.6661,0.00004165,11.6070,220.3962,86.8204
2227,54,10,0.6660,0.00004165,15.5009,210.4312,112.2326
2228,78,17,0.6658,0.00004164,14.7900,215.7079,78.5189
2229,149,22,0.6657,0.00004164,11.8378,223.7576,117.9564
2230,104,16,0.6655,0.00004164,12.6336,221.5970,124.2369
2231,29,7,0.6653,0.00004163,27.4243,215.6325,152.3759
2232,57,15,0.6652,0.00004163,12.1599,218.8718,125.2806
2233,282,23,0.6651,0.00004163,12.2013,228.6941,146.9469
2234,53,11,0.6649,0.00004162,12.3911,219.1909,150.9635
2235,278,26,0.6647,0.00004162,15.6706,230.1363,112.9685
2236,51,10,0.6646,0.00004162,24.2772,223.9093,103.3278
2237,152,16,0.6644,0.00004161,15.6729,223.7624,90.4884
2238,81,14,0.6643,0.00004161,15.1124,221.1739,99.6627
2239,83,12,0.6642,0.00004160,12.6952,223.6566,108.1410
2240,193,25,0.6640,0.00004160,14.3834,219.3231,106.2761
2241,223,19,0.6639,0.00004160,13.5576,225.0452,89.1353
2242,33,8,0.6637,0.00004159,10.3568,211.6162,139.4872
2243,76,14,0.6635,0.00004159,10.7103,224.8617,121.3023
2244,233,21,0.6634,0.00004159,13.6951,230.9757,98.8993
2245,32,8,0.6633,0.00004158,12.6432,222.4132,75.7911
2246,100,15,0.6631,0.00004158,14.4470,219.0677,119.6806
2247,102,15,0.6629,0.00004157,13.5746,215.8463,96.6162
2248,56,11,0.6628,0.00004157,11.5929,220.1659,49.0116
2249,78,16,0.6626,0.00004157,12.2158,225.3142,112.7881
2250,171,20,0.6625,0.00004156,12.6936,227.0095,109.3790
2251,93,15,0.6623,0.00004156,12.4462,220.5449,94.8705
2252,23,6,0.6622,0.00004156,16.1719,216.6658,105.3870
2253,69,13,0.6621,0.00004155,12.0133,224.6202,113.0420
2254,94,14,0.6619,0.00004155,18.7953,214.6582,162.6257
2255,34,11,0.6617,0.00004154,14.7476,216.1767,115.8103
2256,73,10,0.6616,0.00004154,14.1833,220.7690,93.5540
2257,123,14,0.6614,0.00004154,13.0487,216.9889,150.1473
2258,118,16,0.6613,0.00004153,15.5366,221.2899,133.2593
2259,56,12,0.6612,0.00004153,8.6010,216.6148,126.0875
2260,139,18,0.6610,0.00004153,10.0165,226.7744,222.4630
2261,31,7,0.6608,0.00004152,15.9454,219.7250,214.6114
2262,43,11,0.6607,0.00004152,13.5396,220.0239,156.5585
2263,64,13,0.6605,0.00004151,16.6320,219.4912,115.9027
2264,53,13,0.6604,0.00004151,18.4676,220.3438,129.3213
2265,39,10,0.6603,0.00004151,15.1757,220.3017,105.4740
2266,78,13,0.6601,0.00004150,11.1940,223.4763,129.0641
2267,55,10,0.6600,0.00004150,15.2880,225.0766,131.5327
2268,51,9,0.6598,0.00004150,11.3187,228.6650,170.8471
2269,68,10,0.6597,0.00004149,16.6294,225.6310,199.3612
2270,87,14,0.6595,0.00004149,9.7835,225.0691,188.6941
2271,170,19,0.6593,0.00004148,12.5978,223.7683,152.8622
2272,94,13,0.6592,0.00004148,14.6609,222.0578,131.4923
2273,37,10,0.6590,0.00004148,17.9051,221.7143,151.3273
2274,109,13,0.6589,0.00004147,12.2819,223.7919,105.0964
2275,130,16,0.6587,0.00004147,15.6207,230.2315,123.5764
2276,48,10,0.6586,0.00004147,16.0066,219.3057,157.8666
2277,123,19,0.6584,0.00004146,11.9260,223.4452,145.4201
2278,83,15,0.6583,0.00004146,12.7132,217.4904,123.7680
2279,143,17,0.6582,0.00004145,15.0912,225.3044,115.9318
2280,74,15,0.6580,0.00004145,11.9804,217.3399,82.0766
2281,56,12,0.6579,0.00004145,12.6503,220.9494,77.2129
2282,102,16,0.6577,0.00004144,14.6152,222.9795,92.3893
2283,40,8,0.6575,0.00004144,14.7384,229.4476,117.9969
2284,80,12,0.6574,0.00004143,13.9798,229.5377,99.1770
2285,46,9,0.6572,0.00004143,15.9755,220.1243,131.3496
2286,41,11,0.6571,0.00004143,15.9305,226.7861,101.5091
2287,51,12,0.6569,0.00004142,13.9852,219.4598,160.9025
2288,250,23,0.6568,0.00004142,13.2145,234.9022,119.1288
2289,60,14,0.6566,0.00004142,13.6054,223.8174,161.4764
2290,59,13,0.6565,0.00004141,14.4008,219.6135,125.4145
2291,61,13,0.6563,0.00004141,13.3890,219.1387,104.7882
2292,45,9,0.6562,0.00004141,14.9200,219.0523,155.0061
2293,59,14,0.6561,0.00004140,19.7564,231.0467,142.1815
2294,127,17,0.6559,0.00004140,12.8049,223.4010,107.2984
2295,70,14,0.6558,0.00004139,17.0012,219.5707,124.4909
2296,101,15,0.6556,0.00004139,13.5387,222.7329,201.1699
2297,52,10,0.6554,0.00004139,15.1500,220.0981,176.4023
2298,37,9,0.6553,0.00004138,14.2073,216.8989,96.3075
2299,40,10,0.6552,0.00004138,11.9621,224.7886,153.6558
2300,298,24,0.6550,0.00004138,14.2194,236.2988,136.3620
2301,72,13,0.6548,0.00004137,9.7181,225.3804,176.2095
2302,43,12,0.6547,0.00004137,15.2190,224.6457,94.1785
2303,31,9,0.6545,0.00004136,17.6204,219.4468,111.0236
2304,36,9,0.6544,0.00004136,12.0553,215.5084,131.9215
2305,60,13,0.6542,0.00004136,11.6524,221.8085,138.2869
2306,75,13,0.6541,0.00004135,12.0554,229.5070,153.7575
2307,64,14,0.6540,0.00004135,17.5917,220.7075,102.8484
2308,56,13,0.6538,0.00004135,15.0976,229.3691,136.5510
2309,83,14,0.6536,0.00004134,18.6050,231.3559,115.5963
2310,34,9,0.6535,0.00004134,14.1179,229.8930,133.5701
2311,127,18,0.6533,0.00004133,11.9506,227.6609,203.9985
2312,52,10,0.6532,0.00004133,14.0989,226.9010,102.8219
2313,98,15,0.6530,0.00004133,13.9842,223.2913,121.9387
2314,248,26,0.6529,0.00004132,12.4042,229.3479,188.2340
2315,81,16,0.6527,0.00004132,13.3796,227.2811,139.1321
2316,119,15,0.6526,0.00004131,15.4140,228.4958,135.1460
2317,74,13,0.6524,0.00004131,12.0317,227.6889,167.5635
2318,55,11,0.6523,0.00004131,17.4981,223.5829,87.3862
2319,86,14,0.6522,0.00004130,11.3328,223.9369,116.0057
2320,83,13,0.6520,0.00004130,14.6686,229.2747,163.7917
2321,55,11,0.6519,0.00004130,11.1691,226.4981,102.4110
2322,194,26,0.6517,0.00004129,11.8425,230.6154,139.1494
2323,48,9,0.6516,0.00004129,14.9119,224.0095,89.5792
2324,42,11,0.6514,0.00004129,11.7406,230.3294,127.6604
2325,225,20,0.6512,0.00004128,12.6858,225.8852,128.8317
2326,68,10,0.6511,0.00004128,14.5249,228.6608,124.4447
2327,78,13,0.6510,0.00004127,13.6965,221.5586,119.2182
2328,40,10,0.6508,0.00004127,12.1873,221.6266,111.1749
2329,54,10,0.6506,0.00004127,11.1231,228.9240,125.0492
2330,87,13,0.6505,0.00004126,16.0147,221.5454,155.3187
2331,32,9,0.6503,0.00004126,16.8041,222.9992,123.6428
2332,36,9,0.6502,0.00004126,9.2815,227.9716,130.3717
2333,57,11,0.6501,0.00004125,11.9309,222.3209,196.0652
2334,87,16,0.6499,0.00004125,17.9851,233.5567,130.4539
2335,37,9,0.6498,0.00004124,17.3696,223.4038,148.9997
2336,108,16,0.6496,0.00004124,13.1189,219.7753,131.0586
2337,78,15,0.6494,0.00004124,12.0374,219.9026,111.2546
2338,50,10,0.6493,0.00004123,14.0934,223.7209,170.3384
2339,41,11,0.6492,0.00004123,14.7059,223.0779,93.9948
2340,137,17,0.6490,0.00004122,9.6028,230.3932,95.4206
2341,37,9,0.6488,0.00004122,14.9700,220.5154,143.4658
2342,33,9,0.6487,0.00004122,9.7288,220.9709,137.9640
2343,41,11,0.6485,0.00004121,10.7457,225.0878,124.7151
2344,381,25,0.6484,0.00004121,13.2956,239.2197,182.0755
2345,234,21,0.6482,0.00004121,16.0903,229.2452,137.1831
2346,33,8,0.6481,0.00004120,21.5240,225.6115,95.4738
2347,28,7,0.6480,0.00004120,16.1754,226.2140,180.5220
2348,79,11,0.6478,0.00004120,16.0222,230.7654,175.7412
2349,42,9,0.6477,0.00004119,12.8210,231.0659,159.6364
2350,42,9,0.6475,0.00004119,14.4831,230.4579,118.5345
2351,107,16,0.6474,0.00004118,12.1837,228.7505,170.6392
2352,34,9,0.6472,0.00004118,16.8387,226.1829,109.8737
2353,259,24,0.6471,0.00004118,12.3691,233.6247,102.2950
2354,119,17,0.6469,0.00004117,17.6887,231.2469,112.3759
2355,38,10,0.6467,0.00004117,12.7475,219.3923,104.3970
2356,58,11,0.6466,0.00004117,11.7180,230.8993,134.9531
2357,84,14,0.6464,0.00004116,15.0376,224.4076,114.6899
2358,33,9,0.6463,0.00004116,16.0688,230.9570,164.1747
2359,80,17,0.6462,0.00004115,17.4776,218.0953,125.6772
2360,89,16,0.6460,0.00004115,17.4865,226.5310,123.7899
2361,25,7,0.6459,0.00004115,13.6430,227.1164,100.6087
2362,167,22,0.6457,0.00004114,14.9720,224.6870,122.8544
2363,38,10,0.6456,0.00004114,14.8126,228.9125,176.1572
2364,78,12,0.6454,0.00004114,11.5975,228.6067,127.1600
2365,130,17,0.6452,0.00004113,12.6813,227.0010,142.4751
2366,206,17,0.6451,0.00004113,13.3224,228.4256,134.8219
2367,107,15,0.6449,0.00004112,13.4019,231.5240,167.9056
2368,37,9,0.6448,0.00004112,11.7451,228.5340,67.3984
2369,213,19,0.6446,0.00004112,13.9038,235.2157,109.2938
2370,63,13,0.6445,0.00004111,11.3805,223.3306,120.5511
2371,138,16,0.6443,0.00004111,12.0586,229.6084,161.5669
2372,81,16,0.6442,0.00004111,12.5091,219.5718,146.0401
2373,52,12,0.6441,0.00004110,13.2291,234.0292,113.6285
2374,186,22,0.6439,0.00004110,10.2659,230.0428,117.4389
2375,32,9,0.6438,0.00004109,8.9168,230.4215,107.8894
2376,70,13,0.6436,0.00004109,11.6530,230.7264,165.9585
2377,49,9,0.6434,0.00004109,17.6627,223.1516,176.2702
2378,67,11,0.6433,0.00004108,14.3138,230.0723,125.4133
2379,30,9,0.6431,0.00004108,14.2823,220.4019,124.5905
2380,48,9,0.6430,0.00004108,13.4550,224.2925,119.2155
2381,53,12,0.6429,0.00004107,15.0645,218.5718,171.3541
2382,106,16,0.6427,0.00004107,14.1696,232.9836,141.3236
2383,91,15,0.6425,0.00004106,13.3202,230.6817,171.9644
2384,28,7,0.6424,0.00004106,11.8060,232.1642,102.5199
2385,95,17,0.6422,0.00004106,15.8638,226.4615,125.1963
2386,139,17,0.6421,0.00004105,18.5367,230.0922,156.4858
2387,40,11,0.6420,0.00004105,14.6355,227.8898,157.5669
2388,106,13,0.6418,0.00004104,15.0982,230.7163,154.1167
2389,44,12,0.6417,0.00004104,10.1463,231.9378,106.2671
2390,138,19,0.6415,0.00004104,10.4441,224.2543,190.6280
2391,37,10,0.6413,0.00004103,12.1294,224.2043,145.0954
2392,53,10,0.6412,0.00004103,15.6803,226.4676,118.9002
2393,48,9,0.6411,0.00004103,14.1774,226.8432,182.8928
2394,86,13,0.6409,0.00004102,13.1988,231.7110,108.4615
2395,52,9,0.6407,0.00004102,19.8391,230.1609,127.9299
2396,406,29,0.6406,0.00004101,15.0345,237.7826,164.1943
2397,57,11,0.6404,0.00004101,17.8562,232.2360,152.6592
2398,57,11,0.6403,0.00004101,15.4480,232.1101,121.7528
2399,182,24,0.6401,0.00004100,11.5943,234.8942,102.2462
2400,31,6,0.6400,0.00004100,15.6039,228.4934,98.0161
2401,92,16,0.6399,0.00004100,15.4431,223.1102,130.9914
2402,40,10,0.6397,0.00004099,10.9904,228.4374,157.2168
2403,57,11,0.6395,0.00004099,10.2591,230.0133,123.0513
2404,88,14,0.6394,0.00004099,17.7328,237.5285,128.4176
2405,223,20,0.6392,0.00004098,14.1705,242.4168,131.3993
2406,55,13,0.6391,0.00004098,13.5510,224.5551,100.6484
2407,50,10,0.6389,0.00004097,10.2587,227.6907,101.5640
2408,83,13,0.6388,0.00004097,10.7703,227.2636,95.6412
2409,37,10,0.6386,0.00004097,19.7196,217.8780,136.1165
2410,78,11,0.6385,0.00004096,7.1427,235.3629,128.0305
2411,142,20,0.6383,0.00004096,13.0931,228.3282,168.6387
2412,137,18,0.6382,0.00004096,10.6980,233.5613,121.8919
2413,49,10,0.6381,0.00004095,11.4552,238.5602,96.6692
2414,77,11,0.6379,0.00004095,16.9685,228.6716,124.3121
2415,85,14,0.6378,0.00004094,12.7214,234.3116,149.0380
2416,42,11,0.6376,0.00004094,13.8915,221.6251,174.2903
2417,34,9,0.6375,0.00004094,10.9341,230.1308,151.2337
2418,179,21,0.6373,0.00004093,13.1555,230.6920,183.4949
2419,125,17,0.6371,0.00004093,17.2516,239.4234,204.9851
2420,103,17,0.6370,0.00004093,15.8924,229.8724,112.0343
2421,87,15,0.6368,0.00004092,14.3062,234.2401,192.5847
2422,61,12,0.6367,0.00004092,14.1358,230.1118,155.8854
2423,98,16,0.6365,0.00004091,17.8053,244.1624,180.0254
2424,100,15,0.6364,0.00004091,17.5587,230.4003,154.4386
2425,55,11,0.6362,0.00004091,14.3168,240.0993,155.1167
2426,78,15,0.6361,0.00004090,12.6434,228.0847,166.1344
2427,64,15,0.6360,0.00004090,14.6017,234.9093,111.3285
2428,547,19,0.6358,0.00004090,12.4737,262.5944,183.6341
2429,39,11,0.6357,0.00004089,19.2055,237.3950,129.7805
2430,91,15,0.6355,0.00004089,12.9940,230.9207,235.1097
2431,78,13,0.6353,0.00004088,14.1380,239.2573,133.9753
2432,32,8,0.6352,0.00004088,10.4999,231.9071,121.7932
2433,33,9,0.6350,0.00004088,18.2075,231.2894,148.2071
2434,253,29,0.6349,0.00004087,14.5141,235.0424,123.4197
2435,231,22,0.6347,0.00004087,15.2923,242.3657,141.5140
2436,94,14,0.6346,0.00004087,10.8760,237.0374,164.3911
2437,43,9,0.6344,0.00004086,15.4263,240.6286,170.7025
2438,78,11,0.6343,0.00004086,10.5002,227.9574,111.8013
2439,27,7,0.6341,0.00004085,16.8878,230.9263,127.4602
2440,22,6,0.6340,0.00004085,12.9663,229.0278,138.1814
2441,41,10,0.6339,0.00004085,11.5171,230.9399,105.7195
2442,40,10,0.6337,0.00004084,20.1342,234.6891,116.0119
2443,20,4,0.6336,0.00004084,16.4789,229.1136,105.0296
2444,54,12,0.6334,0.00004083,14.2984,231.6098,115.0661
2445,46,9,0.6333,0.00004083,13.4322,234.0513,122.2599
2446,38,10,0.6331,0.00004083,15.8097,234.4169,87.5334
2447,117,16,0.6330,0.00004082,11.9533,237.8866,132.3673
2448,166,17,0.6328,0.00004082,17.0196,245.4409,214.0790
2449,56,12,0.6326,0.00004082,16.3185,233.4292,293.6935
2450,41,10,0.6325,0.00004081,20.7958,231.7120,130.2063
2451,34,7,0.6323,0.00004081,17.8096,232.9955,168.7123
2452,185,20,0.6322,0.00004080,14.1845,238.8936,205.0122
2453,175,19,0.6321,0.00004080,12.0790,237.1191,196.4776
2454,52,11,0.6319,0.00004080,12.0430,232.8822,152.4574
2455,260,25,0.6318,0.00004079,15.1864,246.9120,157.7160
2456,118,15,0.6316,0.00004079,12.2579,235.2570,201.0484
2457,81,14,0.6315,0.00004079,16.4406,230.9279,117.9919
2458,39,10,0.6313,0.00004078,12.8708,238.9311,96.2512
2459,29,8,0.6311,0.00004078,11.5908,234.7693,158.7173
2460,33,8,0.6310,0.00004078,11.9773,237.4537,71.4490
2461,50,11,0.6308,0.00004077,14.6728,237.2431,111.0488
2462,235,26,0.6307,0.00004077,12.6030,237.7951,136.8382
2463,50,9,0.6305,0.00004076,23.5777,235.1286,166.1343
2464,86,14,0.6304,0.00004076,16.7975,234.1874,143.0720
2465,186,21,0.6302,0.00004076,15.2666,235.8048,103.5265
2466,88,15,0.6301,0.00004075,16.0298,242.3522,150.0398
2467,78,15,0.6300,0.00004075,12.2450,231.8835,133.5334
2468,60,11,0.6298,0.00004075,11.2613,238.1493,131.1736
2469,115,20,0.6297,0.00004074,14.2576,234.2125,148.6503
2470,34,8,0.6295,0.00004074,16.1587,229.7197,140.3276
2471,73,14,0.6294,0.00004073,12.4880,241.5049,186.1482
2472,41,9,0.6292,0.00004073,16.9157,238.4975,95.2418
2473,40,12,0.6290,0.00004073,16.5483,233.1682,79.9864
2474,89,16,0.6289,0.00004072,18.4106,235.2668,82.2565
2475,65,13,0.6288,0.00004072,16.6179,237.3975,118.5163
2476,43,9,0.6286,0.00004071,14.2975,232.1086,114.2433
2477,58,12,0.6284,0.00004071,15.5716,233.0519,125.3474
2478,43,9,0.6283,0.00004071,13.3238,233.5450,147.6069
2479,62,11,0.6281,0.00004070,15.8448,236.4059,121.9952
2480,58,11,0.6280,0.00004070,12.4516,228.0340,109.7728
2481,33,9,0.6279,0.00004070,14.1762,233.7675,162.5364
2482,160,22,0.6277,0.00004069,10.6031,231.5880,145.1061
2483,29,9,0.6276,0.00004069,15.2838,230.1039,99.4561
2484,35,7,0.6274,0.00004069,11.4718,235.0821,196.9111
2485,191,23,0.6272,0.00004068,13.1160,241.3023,128.9415
2486,74,12,0.6271,0.00004068,12.7788,238.3491,238.6727
2487,35,8,0.6270,0.00004067,15.7537,236.4342,154.7093
2488,68,13,0.6268,0.00004067,14.1234,231.3601,155.3375
2489,39,9,0.6266,0.00004067,16.6542,230.3110,96.1450
2490,58,12,0.6265,0.00004066,14.6964,231.0623,126.5638
2491,114,17,0.6263,0.00004066,9.8246,234.8664,126.0869
2492,83,12,0.6262,0.00004066,11.8204,236.7823,130.3219
2493,308,31,0.6260,0.00004065,14.6946,240.3519,197.3248
2494,318,24,0.6259,0.00004065,15.6811,248.8317,172.0124
2495,121,16,0.6258,0.00004064,16.6867,244.4645,136.3696
2496,115,14,0.6256,0.00004064,15.8279,239.7318,128.1048
2497,195,22,0.6254,0.00004064,15.2178,239.5815,129.1727
2498,123,16,0.6253,0.00004063,14.2186,242.3064,143.7435
2499,102,16,0.6251,0.00004063,17.6833,232.0190,141.4021
2500,38,10,0.6250,0.00004062,17.5638,237.3199,174.0830
2501,52,10,0.6249,0.00004062,17.2839,239.4725,143.7506
2502,139,16,0.6247,0.00004062,19.7568,241.0369,107.7777
2503,51,11,0.6245,0.00004061,13.5337,238.0453,213.3865
2504,31,8,0.6244,0.00004061,12.6897,238.1096,113.1831
2505,42,11,0.6242,0.00004061,13.1331,240.0783,114.1209
2506,313,24,0.6241,0.00004060,15.5377,236.2399,124.0142
2507,190,20,0.6240,0.00004060,15.3969,242.3223,161.9929
2508,41,10,0.6238,0.00004060,18.0438,242.5869,77.4909
2509,38,10,0.6237,0.00004059,15.9693,237.2282,110.9727
2510,39,10,0.6235,0.00004059,12.6700,244.1198,118.4880
2511,44,7,0.6234,0.00004058,16.5101,241.1099,153.7048
2512,75,14,0.6232,0.00004058,11.6116,238.5065,152.6477
2513,146,20,0.6230,0.00004058,10.2030,243.5154,141.9149
2514,70,11,0.6229,0.00004057,14.7495,239.2890,150.3879
2515,68,14,0.6227,0.00004057,9.0814,239.6521,112.4791
2516,80,15,0.6226,0.00004057,11.0564,234.9538,132.6338
2517,100,16,0.6224,0.00004056,11.9462,238.1166,134.6904
2518,169,17,0.6223,0.00004056,11.9901,242.8146,162.1339
2519,61,12,0.6221,0.00004055,14.9159,244.8868,102.3719
2520,31,8,0.6220,0.00004055,10.7372,232.6612,90.5625
2521,80,12,0.6219,0.00004055,17.7427,242.6079,120.2845
2522,87,14,0.6217,0.00004054,11.1729,240.5203,141.1090
2523,166,16,0.6216,0.00004054,18.0942,251.5669,163.7155
2524,155,15,0.6214,0.00004054,14.4931,244.0850,176.2086
2525,40,11,0.6212,0.00004053,10.4992,238.8214,133.2372
2526,115,16,0.6211,0.00004053,15.1879,230.9471,152.5043
2527,244,26,0.6209,0.00004052,15.7790,241.3592,170.7324
2528,77,15,0.6208,0.00004052,13.6781,243.5586,215.3954
2529,73,14,0.6206,0.00004052,18.0868,242.1357,195.9477
2530,479,35,0.6205,0.00004051,14.2328,247.2615,181.4717
2531,77,12,0.6203,0.00004051,16.8524,246.5053,106.7607
2532,26,6,0.6202,0.00004051,12.3355,241.4234,151.3062
2533,58,14,0.6200,0.00004050,11.5158,240.5755,163.8077
2534,142,19,0.6199,0.00004050,15.8673,238.6484,164.0969
2535,182,20,0.6198,0.00004049,16.7373,250.7845,128.3624
2536,31,8,0.6196,0.00004049,13.4380,238.7200,92.1232
2537,217,24,0.6195,0.00004049,15.0430,240.5465,115.9527
2538,38,9,0.6193,0.00004048,15.9909,239.0336,237.6424
2539,24,6,0.6191,0.00004048,9.6429,239.6020,153.2315
2540,88,15,0.6190,0.00004048,12.8093,245.5987,196.1666
2541,96,16,0.6189,0.00004047,11.5292,240.4437,115.4005
2542,31,7,0.6187,0.00004047,22.0384,243.4178,194.3612
2543,182,20,0.6185,0.00004046,16.7084,244.9755,137.3355
2544,44,11,0.6184,0.00004046,18.8711,235.8100,115.0632
2545,86,16,0.6182,0.00004046,10.3813,248.1943,113.4756
2546,76,14,0.6181,0.00004045,16.1390,245.9852,147.9274
2547,98,14,0.6179,0.00004045,16.6002,244.1812,152.8937
2548,40,11,0.6178,0.00004045,14.6330,240.3049,132.3939
2549,150,22,0.6177,0.00004044,15.1082,243.5484,132.8224
2550,48,8,0.6175,0.00004044,14.4280,243.1194,138.8289
2551,118,17,0.6173,0.00004043,13.1414,235.6461,90.9833
2552,31,8,0.6172,0.00004043,9.9369,231.4856,152.7564
2553,230,19,0.6170,0.00004043,14.6881,247.7250,99.2082
2554,171,16,0.6169,0.00004042,18.4200,249.5697,114.3539
2555,106,17,0.6167,0.00004042,13.4456,242.2794,142.3981
2556,72,12,0.6166,0.00004041,10.7130,237.8150,116.1136
2557,29,7,0.6164,0.00004041,14.7144,242.2023,126.8096
2558,171,20,0.6163,0.00004041,15.3603,239.7335,163.0863
2559,117,13,0.6161,0.00004040,18.6412,243.8784,151.1456
2560,54,9,0.6160,0.00004040,14.0485,248.9483,132.8430
2561,50,11,0.6159,0.00004040,19.9370,245.9962,103.5546
2562,86,14,0.6157,0.00004039,15.9820,241.7804,205.9994
2563,76,15,0.6156,0.00004039,18.4666,244.2727,191.0594
2564,50,9,0.6154,0.00004039,11.3145,242.4193,152.4318
2565,98,14,0.6153,0.00004038,15.7530,245.6592,98.2229
2566,60,13,0.6151,0.00004038,16.3049,248.8651,129.9671
2567,131,16,0.6149,0.00004037,13.7846,255.5497,186.5564
2568,65,9,0.6148,0.00004037,15.9974,244.9029,182.4977
2569,34,8,0.6147,0.00004037,16.5613,246.7049,152.4016
2570,46,8,0.6145,0.00004036,14.9041,251.6154,133.0618
2571,173,22,0.6143,0.00004036,14.5909,250.7495,115.8616
2572,67,13,0.6142,0.00004036,17.6346,249.1584,107.6922
2573,591,25,0.6140,0.00004035,12.3275,264.6394,143.9463
2574,75,13,0.6139,0.00004035,14.4364,247.7534,122.8859
2575,90,13,0.6138,0.00004034,15.5819,255.4723,144.7200
2576,187,17,0.6136,0.00004034,15.5285,247.9797,121.5806
2577,404,28,0.6135,0.00004034,13.5843,256.9413,231.0070
2578,35,8,0.6133,0.00004033,15.3744,248.8878,171.9626
2579,24,5,0.6131,0.00004033,11.2108,254.3335,82.5622
2580,23,6,0.6130,0.00004033,11.9835,242.1517,123.6503
2581,48,9,0.6129,0.00004032,16.6925,241.8394,216.7283
2582,73,14,0.6127,0.00004032,15.7786,248.9712,180.0135
2583,37,10,0.6125,0.00004031,17.8064,248.2090,133.5285
2584,57,10,0.6124,0.00004031,16.3459,245.1001,122.1837
2585,41,11,0.6122,0.00004031,17.1105,250.5244,121.9377
2586,72,11,0.6121,0.00004030,16.2024,246.5200,111.7692
2587,37,9,0.6119,0.00004030,15.1783,240.5235,167.0080
2588,73,11,0.6118,0.00004029,16.9304,246.5793,84.1200
2589,35,9,0.6117,0.00004029,18.5983,245.2924,141.4030
2590,33,9,0.6115,0.00004029,11.8680,251.9009,178.7131
2591,150,17,0.6114,0.00004028,9.8379,247.3423,219.6998
2592,165,21,0.6112,0.00004028,14.4838,243.2801,134.0702
2593,91,13,0.6111,0.00004028,16.1975,245.3664,107.0158
2594,81,14,0.6109,0.00004027,14.5001,246.6508,206.9935
2595,116,16,0.6108,0.00004027,18.0716,250.8421,137.9043
2596,62,13,0.6106,0.00004027,10.3321,242.7162,145.8880
2597,59,12,0.6104,0.00004026,14.4755,244.6430,102.2673
2598,135,19,0.6103,0.00004026,18.3739,252.3101,153.9338
2599,94,18,0.6101,0.00004025,13.3048,244.1408,115.1941
2600,139,17,0.6100,0.00004025,16.2701,246.0124,200.3132
2601,237,23,0.6099,0.00004025,15.7916,255.4335,134.4577
2602,41,10,0.6097,0.00004024,12.1989,251.9925,173.7288
2603,128,17,0.6096,0.00004024,17.7664,251.0421,134.4947
2604,90,16,0.6094,0.00004024,14.1731,252.1728,137.7683
2605,29,8,0.6093,0.00004023,17.5953,245.5769,123.1007
2606,50,10,0.6091,0.00004023,13.8236,245.5226,91.6941
2607,45,12,0.6089,0.00004022,13.6861,249.9392,112.5719
2608,46,9,0.6088,0.00004022,15.5482,255.8722,203.0405
2609,58,12,0.6086,0.00004022,13.0148,252.9784,176.0060
2610,31,7,0.6085,0.00004021,18.0959,248.7303,137.3153
2611,161,18,0.6083,0.00004021,14.7026,253.0046,95.6512
2612,33,10,0.6082,0.00004020,16.0815,249.6892,270.2722
2613,41,11,0.6080,0.00004020,12.2534,253.9850,127.2218
2614,147,19,0.6079,0.00004020,14.7439,249.6070,173.4142
2615,83,14,0.6078,0.00004019,14.2926,256.7411,103.2019
2616,43,11,0.6076,0.00004019,19.4491,255.5391,148.9894
2617,113,17,0.6075,0.00004019,21.8819,252.1307,203.5137
2618,24,6,0.6073,0.00004018,9.2163,249.2477,206.2458
2619,76,14,0.6071,0.00004018,9.8928,245.8186,109.6949
2620,51,11,0.6070,0.00004018,17.5156,256.5890,109.2433
2621,39,10,0.6069,0.00004017,16.4472,243.9637,94.6621
2622,29,8,0.6067,0.00004017,15.3469,251.3885,111.2280
2623,37,12,0.6066,0.00004016,14.4538,244.1509,175.4688
2624,73,12,0.6064,0.00004016,18.6115,256.5979,202.2267
2625,95,15,0.6062,0.00004016,17.3296,252.0323,172.2336
2626,54,11,0.6061,0.00004015,19.7306,249.0070,126.1024
2627,86,12,0.6059,0.00004015,16.5293,251.7519,127.0114
2628,159,16,0.6058,0.00004015,17.5887,254.3302,109.3522
2629,40,10,0.6057,0.00004014,15.2152,244.0028,227.4525
2630,61,11,0.6055,0.00004014,21.7447,252.9152,181.5306
2631,58,12,0.6054,0.00004013,17.7683,252.7285,110.2748
2632,68,13,0.6052,0.00004013,16.1461,252.1727,153.1735
2633,116,18,0.6050,0.00004013,14.2208,256.9167,108.7873
2634,105,17,0.6049,0.00004012,11.1739,254.5037,152.1088
2635,56,12,0.6048,0.00004012,18.9823,251.2042,124.3423
2636,238,20,0.6046,0.00004012,15.4030,259.0234,106.5634
2637,75,14,0.6044,0.00004011,15.3690,247.3911,109.8556
2638,52,11,0.6043,0.00004011,14.0620,250.5717,108.3957
2639,167,18,0.6041,0.00004010,14.8947,250.8354,176.2429
2640,108,14,0.6040,0.00004010,18.4759,253.7267,106.1601
2641,25,7,0.6038,0.00004010,15.1549,247.3820,100.8941
2642,34,9,0.6037,0.00004009,15.6522,243.8126,100.1870
2643,75,14,0.6036,0.00004009,13.0358,250.9309,111.9761
2644,61,11,0.6034,0.00004008,17.3209,254.0546,83.8806
2645,35,8,0.6032,0.00004008,16.6382,249.0428,149.2474
2646,32,10,0.6031,0.00004008,11.0269,253.1416,204.0735
2647,55,10,0.6029,0.00004007,10.6069,251.8850,98.7697
2648,86,15,0.6028,0.00004007,14.2316,250.4430,141.6756
2649,48,12,0.6026,0.00004007,18.3041,251.5020,204.8215
2650,88,16,0.6025,0.00004006,14.5027,256.9869,179.2676
2651,60,12,0.6023,0.00004006,14.3763,253.8072,166.8886
2652,47,9,0.6022,0.00004006,16.7799,258.4698,155.2645
2653,38,10,0.6020,0.00004005,10.9205,260.3379,94.7825
2654,39,9,0.6019,0.00004005,17.7112,256.4280,187.3049
2655,217,19,0.6018,0.00004004,15.1391,251.0286,154.1937
2656,58,12,0.6016,0.00004004,17.1697,253.2183,140.1083
2657,58,14,0.6015,0.00004004,13.9184,254.9267,100.5469
2658,58,12,0.6013,0.00004003,11.6827,254.1104,107.0332
2659,132,19,0.6012,0.00004003,13.0800,250.5176,145.9046
2660,262,25,0.6010,0.00004002,15.4049,264.8328,214.6555
2661,80,14,0.6008,0.00004002,17.0512,244.2152,286.4993
2662,81,13,0.6007,0.00004002,13.9644,247.7811,206.8474
2663,31,8,0.6005,0.00004001,7.4578,251.8362,85.0870
2664,48,10,0.6004,0.00004001,17.5925,246.7391,113.8151
2665,39,9,0.6002,0.00004001,11.7885,248.5364,123.1327
2666,85,14,0.6001,0.00004000,15.9660,252.6976,142.7366
2667,41,9,0.5999,0.00004000,12.0720,250.8655,98.0625
2668,305,24,0.5998,0.00003999,14.1955,259.2019,130.7679
2669,224,19,0.5997,0.00003999,17.3607,262.9692,152.7281
2670,32,8,0.5995,0.00003999,17.8945,258.3059,134.0095
2671,84,13,0.5994,0.00003998,14.6873,253.7909,112.9671
2672,50,10,0.5992,0.00003998,17.9037,250.6821,191.8330
2673,103,16,0.5990,0.00003998,11.8365,252.3422,127.3080
2674,24,7,0.5989,0.00003997,20.7810,246.1224,180.0925
2675,33,8,0.5987,0.00003997,15.6808,254.5005,107.8774
2676,75,12,0.5986,0.00003997,23.3006,259.0843,128.3775
2677,47,9,0.5984,0.00003996,17.3530,251.7302,101.1895
2678,61,12,0.5983,0.00003996,17.3154,251.2389,149.0366
2679,139,18,0.5981,0.00003995,17.3483,263.5809,219.2049
2680,248,19,0.5980,0.00003995,13.4903,268.3141,212.8117
2681,93,16,0.5978,0.00003995,13.1609,254.0837,156.3177
2682,46,9,0.5977,0.00003994,13.2766,256.8805,150.0136
2683,55,12,0.5976,0.00003994,15.2186,253.3118,183.8266
2684,110,14,0.5974,0.00003994,16.5280,261.7516,186.1155
2685,40,9,0.5973,0.00003993,13.7640,255.3823,150.3124
2686,84,16,0.5971,0.00003993,13.3656,259.4691,181.3193
2687,273,24,0.5969,0.00003992,14.6137,262.8901,196.2309
2688,52,10,0.5968,0.00003992,18.0933,248.1166,273.7978
2689,60,12,0.5967,0.00003992,19.3368,267.4187,157.4758
2690,412,12,0.5965,0.00003991,13.8997,284.1460,127.3422
2691,56,10,0.5963,0.00003991,13.5877,255.5523,103.0307
2692,50,10,0.5962,0.00003991,9.0606,258.4944,146.7168
2693,80,11,0.5960,0.00003990,15.1322,265.0027,116.6333
2694,39,10,0.5959,0.00003990,15.7777,254.9032,112.0822
2695,38,10,0.5958,0.00003989,17.0084,254.1406,106.4736
2696,71,12,0.5956,0.00003989,18.2766,256.1001,154.1162
2697,100,17,0.5955,0.00003989,16.7821,248.9077,166.6708
2698,221,17,0.5953,0.00003988,10.0913,259.5041,139.6897
2699,33,8,0.5952,0.00003988,12.6434,251.8744,97.4217
2700,53,9,0.5950,0.00003988,13.5756,254.1487,95.5910
2701,130,19,0.5948,0.00003987,14.2151,261.3324,104.4601
2702,54,11,0.5947,0.00003987,14.2886,254.0663,144.7155
2703,49,9,0.5945,0.00003986,18.3404,252.2557,129.1657
2704,38,10,0.5944,0.00003986,14.4052,248.3179,115.7984
2705,114,14,0.5942,0.00003986,12.1571,261.2664,164.2905
2706,123,17,0.5941,0.00003985,16.8117,257.7924,153.4558
2707,54,10,0.5939,0.00003985,15.6170,257.8193,149.1743
2708,51,10,0.5938,0.00003985,12.4560,254.6425,109.6427
2709,38,10,0.5937,0.00003984,14.5276,264.3658,128.4232
2710,37,8,0.5935,0.00003984,11.0923,250.0980,140.4787
2711,262,21,0.5934,0.00003983,16.7583,264.5432,127.3487
2712,101,16,0.5932,0.00003983,15.6052,264.2209,189.6298
2713,252,29,0.5931,0.00003983,17.7911,253.7767,203.4816
2714,95,13,0.5929,0.00003982,11.5474,253.2872,173.1666
2715,86,15,0.5927,0.00003982,14.2474,256.7551,134.2944
2716,58,12,0.5926,0.00003982,22.3048,249.7035,166.9257
2717,78,14,0.5925,0.00003981,15.0927,262.7179,183.3553
2718,79,14,0.5923,0.00003981,15.6228,251.6246,140.9710
2719,53,11,0.5921,0.00003980,14.8144,262.4560,169.4027
2720,204,23,0.5920,0.00003980,19.5868,262.8953,181.6901
2721,200,22,0.5918,0.00003980,16.8210,266.1680,135.3865
2722,36,9,0.5917,0.00003979,20.3055,254.6683,165.3212
2723,167,16,0.5916,0.00003979,14.4735,268.6373,112.5937
2724,45,10,0.5914,0.00003978,15.0787,261.0906,121.1257
2725,119,16,0.5913,0.00003978,15.4454,263.7357,116.8121
2726,57,13,0.5911,0.00003978,18.7894,263.6039,71.0873
2727,64,15,0.5909,0.00003977,20.0098,266.3733,184.4113
2728,70,13,0.5908,0.00003977,14.3370,251.0566,176.9787
2729,48,9,0.5907,0.00003977,16.1412,258.6283,140.7179
2730,75,11,0.5905,0.00003976,12.0670,263.5598,224.1498
2731,150,22,0.5903,0.00003976,15.0107,267.3939,164.0128
2732,28,7,0.5902,0.00003976,9.4777,257.0782,116.3418
2733,119,15,0.5900,0.00003975,13.2403,264.8832,148.4076
2734,35,9,0.5899,0.00003975,14.9247,257.1152,139.6801
2735,46,10,0.5897,0.00003974,18.4904,261.5901,86.0437
2736,89,16,0.5896,0.00003974,16.6864,263.4831,109.1142
2737,40,8,0.5895,0.00003974,14.4435,258.2573,139.3142
2738,41,10,0.5893,0.00003973,19.6715,262.0201,149.0354
2739,63,12,0.5891,0.00003973,19.8613,256.1459,123.9098
2740,106,16,0.5890,0.00003973,17.5546,259.7240,89.1522
2741,82,16,0.5888,0.00003972,19.9389,260.4852,111.6085
2742,45,10,0.5887,0.00003972,15.3573,257.8186,95.3682
2743,78,11,0.5886,0.00003971,20.3531,261.9951,125.1039
2744,33,8,0.5884,0.00003971,17.2706,257.2555,107.5193
2745,124,16,0.5882,0.00003971,14.0938,262.9194,158.9349
2746,29,6,0.5881,0.00003970,12.7800,256.0097,142.8881
2747,55,10,0.5879,0.00003970,11.9784,258.9947,104.8554
2748,89,14,0.5878,0.00003970,13.4083,252.2571,123.4995
2749,130,16,0.5877,0.00003969,18.3153,257.0080,139.6202
2750,53,10,0.5875,0.00003969,11.0966,257.6942,122.7469
2751,32,8,0.5874,0.00003968,13.4253,258.2591,199.6379
2752,127,18,0.5872,0.00003968,13.8262,261.9000,122.3801
2753,54,13,0.5871,0.00003968,15.6570,247.1105,141.3693
2754,77,12,0.5869,0.00003967,10.3854,250.8681,142.3558
2755,64,13,0.5867,0.00003967,15.4216,258.0668,271.4542
2756,88,15,0.5866,0.00003967,11.7854,265.6537,182.0410
2757,40,11,0.5864,0.00003966,20.0121,254.1451,124.8734
2758,34,8,0.5863,0.00003966,16.0013,254.9965,151.4384
2759,166,20,0.5861,0.00003965,15.7348,261.3036,126.7631
2760,80,14,0.5860,0.00003965,16.2132,259.8682,206.6553
2761,75,15,0.5858,0.00003965,12.9921,254.7322,95.1552
2762,29,7,0.5857,0.00003964,19.0196,253.2939,133.2497
2763,24,6,0.5856,0.00003964,18.4942,258.6840,170.1420
2764,39,10,0.5854,0.00003964,21.7755,268.4315,124.8035
2765,82,14,0.5853,0.00003963,15.2197,262.7626,104.6228
2766,80,14,0.5851,0.00003963,13.7055,264.3259,127.6245
2767,91,14,0.5849,0.00003962,17.4472,261.0048,127.0697
2768,62,15,0.5848,0.00003962,20.9093,264.2848,184.4380
2769,46,9,0.5846,0.00003962,13.7328,252.3330,164.0121
2770,77,11,0.5845,0.00003961,16.8720,266.1294,104.5324
2771,58,14,0.5843,0.00003961,20.1036,251.9194,142.5178
2772,49,8,0.5842,0.00003960,8.2159,262.1761,72.9819
2773,64,14,0.5840,0.00003960,16.1277,252.1503,155.1276
2774,79,12,0.5839,0.00003960,19.6754,255.3065,195.7942
2775,79,13,0.5837,0.00003959,15.5402,255.5621,239.1803
2776,114,14,0.5836,0.00003959,16.7412,261.9663,158.5028
2777,106,16,0.5835,0.00003959,17.1155,258.0810,175.8499
2778,35,7,0.5833,0.00003958,15.6208,266.6836,96.4173
2779,193,24,0.5832,0.00003958,15.8129,267.7602,115.6100
2780,76,14,0.5830,0.00003957,11.5354,260.9857,150.8939
2781,129,16,0.5828,0.00003957,15.4806,266.3060,111.9892
2782,44,11,0.5827,0.00003957,12.4354,268.4358,186.8034
2783,105,17,0.5826,0.00003956,17.2251,257.0623,125.2573
2784,39,11,0.5824,0.00003956,19.2838,252.4243,129.5728
2785,254,29,0.5822,0.00003956,12.7723,268.9069,176.6692
2786,39,10,0.5821,0.00003955,18.4234,262.6397,124.4720
2787,55,9,0.5819,0.00003955,7.7185,262.7334,236.5526
2788,38,10,0.5818,0.00003955,12.2702,250.6124,203.9447
2789,57,12,0.5817,0.00003954,15.3160,260.2243,155.5470
2790,155,16,0.5815,0.00003954,15.6497,268.2731,152.9339
2791,137,17,0.5814,0.00003953,14.2448,261.5403,115.3564
2792,43,8,0.5812,0.00003953,16.1334,256.5793,119.4556
2793,69,13,0.5810,0.00003953,12.6607,263.7403,219.4486
2794,72,14,0.5809,0.00003952,21.5588,270.8873,309.1907
2795,570,30,0.5807,0.00003952,17.8761,281.7190,192.0813
2796,157,20,0.5806,0.00003952,15.6164,269.3410,112.2682
2797,310,24,0.5804,0.00003951,15.7650,270.4613,123.9557
2798,84,14,0.5803,0.00003951,15.1298,259.9351,128.5221
2799,89,12,0.5801,0.00003950,25.4301,264.6747,110.0459
2800,53,10,0.5800,0.00003950,12.7339,265.8924,117.8089
2801,461,26,0.5798,0.00003950,14.9283,275.5438,137.7983
2802,123,18,0.5797,0.00003949,13.2362,270.3032,259.0944
2803,162,17,0.5796,0.00003949,15.0218,266.8230,135.5370
2804,101,14,0.5794,0.00003949,16.1367,261.3587,185.3957
2805,60,14,0.5793,0.00003948,17.6384,253.9951,133.4317
2806,96,15,0.5791,0.00003948,17.6499,268.8674,159.6569
2807,290,28,0.5790,0.00003947,16.0495,272.6948,162.7485
2808,164,19,0.5788,0.00003947,18.6971,265.2833,133.4721
2809,30,8,0.5786,0.00003947,19.2519,256.4460,104.6476
2810,79,14,0.5785,0.00003946,14.4748,263.7675,138.5235
2811,165,17,0.5783,0.00003946,18.9918,274.5809,162.6143
2812,31,9,0.5782,0.00003946,16.6775,255.3058,181.9455
2813,96,17,0.5780,0.00003945,14.4225,263.5637,138.9588
2814,33,9,0.5779,0.00003945,12.2415,262.5918,149.5871
2815,67,12,0.5777,0.00003944,12.8871,260.5303,145.2036
2816,40,10,0.5776,0.00003944,16.6463,264.2166,110.2281
2817,151,20,0.5775,0.00003944,18.0528,266.3877,163.2835
2818,170,17,0.5773,0.00003943,17.6437,271.4311,132.7664
2819,151,16,0.5772,0.00003943,17.3932,272.4052,132.8875
2820,93,13,0.5770,0.00003943,20.8906,264.4595,148.1515
2821,81,16,0.5768,0.00003942,14.1386,258.5411,142.1743
2822,36,10,0.5767,0.00003942,12.8169,259.1087,185.4809
2823,118,15,0.5766,0.00003941,17.8530,268.1572,126.6261
2824,54,10,0.5764,0.00003941,16.7447,260.5728,183.0280
2825,50,9,0.5762,0.00003941,10.6544,266.3833,234.7629
2826,61,12,0.5761,0.00003940,19.3261,263.9899,172.7765
2827,76,15,0.5759,0.00003940,18.7434,262.8296,118.4593
2828,199,19,0.5758,0.00003939,20.8168,269.2076,129.6795
2829,47,9,0.5756,0.00003939,15.1102,265.8785,224.6624
2830,33,8,0.5755,0.00003939,11.8057,264.2684,194.2028
2831,147,20,0.5754,0.00003938,16.5020,276.6135,161.8233
2832,47,10,0.5752,0.00003938,18.3592,264.3222,188.3539
2833,59,10,0.5751,0.00003938,16.0028,265.2804,222.6615
2834,137,17,0.5749,0.00003937,16.3164,262.8063,254.1298
2835,73,13,0.5748,0.00003937,12.1896,261.1103,183.1168
2836,83,12,0.5746,0.00003937,15.6082,265.8876,163.5265
2837,329,28,0.5745,0.00003936,16.5454,270.6303,152.4420
2838,225,21,0.5743,0.00003936,12.5491,275.3224,127.0706
2839,117,15,0.5741,0.00003935,13.1199,271.1755,123.2771
2840,260,26,0.5740,0.00003935,17.6558,264.4457,118.5016
2841,112,15,0.5738,0.00003935,15.1788,262.5508,134.3528
2842,26,7,0.5737,0.00003934,14.4605,267.2533,182.1561
2843,299,22,0.5736,0.00003934,17.6216,272.3198,127.0443
2844,175,23,0.5734,0.00003934,18.0209,264.4768,127.9661
2845,34,8,0.5733,0.00003933,11.4105,266.9736,157.0869
2846,193,22,0.5731,0.00003933,13.2441,278.7296,119.1567
2847,80,12,0.5730,0.00003932,11.6002,271.5806,114.4420
2848,65,12,0.5728,0.00003932,16.1752,263.0498,132.6845
2849,40,10,0.5726,0.00003932,14.7875,259.7614,107.9797
2850,38,10,0.5725,0.00003931,10.9873,260.7363,178.6907
2851,55,11,0.5723,0.00003931,13.8951,261.6524,230.3458
2852,223,19,0.5722,0.00003931,17.1445,268.7612,120.3673
2853,92,18,0.5720,0.00003930,15.2276,269.6870,240.6906
2854,55,11,0.5719,0.00003930,14.2448,257.9394,108.6345
2855,87,16,0.5717,0.00003929,16.4920,261.7549,124.3374
2856,56,11,0.5716,0.00003929,20.8632,266.9858,199.3082
2857,282,24,0.5715,0.00003929,16.2665,275.0523,191.1833
2858,58,13,0.5713,0.00003928,17.9476,262.1850,143.5004
2859,78,14,0.5712,0.00003928,18.0519,270.3372,126.4141
2860,151,15,0.5710,0.00003927,18.3432,277.1094,165.0021
2861,28,8,0.5708,0.00003927,10.9454,259.6197,170.5442
2862,37,10,0.5707,0.00003927,14.1008,264.6857,133.4774
2863,78,13,0.5706,0.00003926,16.5843,263.9672,192.4376
2864,85,14,0.5704,0.00003926,15.8443,260.0277,198.2671
2865,57,12,0.5703,0.00003926,14.5663,273.0016,154.8235
2866,40,9,0.5701,0.00003925,19.4837,273.3579,128.8764
2867,44,10,0.5699,0.00003925,15.2025,267.7375,92.0171
2868,45,9,0.5698,0.00003925,18.0673,264.8091,153.2547
2869,40,10,0.5696,0.00003924,14.8933,268.9088,125.2692
2870,188,25,0.5695,0.00003924,18.1800,269.9379,129.9567
2871,170,16,0.5694,0.00003923,12.8925,278.1929,190.9849
2872,127,15,0.5692,0.00003923,16.9468,275.4655,265.7303
2873,61,11,0.5691,0.00003923,25.0169,273.5376,165.7632
2874,58,14,0.5689,0.00003922,12.4974,263.9127,169.2386
2875,81,12,0.5687,0.00003922,10.5164,274.7840,247.6349
2876,33,9,0.5686,0.00003922,20.7546,258.5955,273.1327
2877,36,9,0.5685,0.00003921,26.1941,264.8030,313.2127
2878,119,15,0.5683,0.00003921,14.3036,268.3821,151.4082
2879,132,16,0.5681,0.00003920,17.9364,269.0761,176.7595
2880,147,21,0.5680,0.00003920,16.5208,267.1460,263.6385
2881,687,37,0.5678,0.00003920,16.2824,282.4410,210.2039
2882,75,15,0.5677,0.00003919,13.5370,274.4311,175.2443
2883,50,8,0.5675,0.00003919,17.2621,278.2621,163.6602
2884,151,21,0.5674,0.00003918,11.8434,268.1782,188.3747
2885,142,17,0.5673,0.00003918,13.6752,273.2388,155.5995
2886,97,14,0.5671,0.00003918,13.6370,276.3190,121.0634
2887,183,20,0.5669,0.00003917,16.4140,276.9766,128.7177
2888,145,21,0.5668,0.00003917,15.0193,266.7295,167.9852
2889,37,9,0.5666,0.00003917,13.9183,267.5190,154.3822
2890,77,15,0.5665,0.00003916,14.4144,277.4335,166.3324
2891,28,7,0.5663,0.00003916,20.6253,269.3227,109.3927
2892,114,12,0.5662,0.00003916,14.8737,271.9805,149.5042
2893,43,13,0.5660,0.00003915,15.4771,260.1720,130.7004
2894,174,19,0.5659,0.00003915,13.1200,273.5886,190.0511
2895,120,14,0.5657,0.00003914,21.5546,280.8153,171.5105
2896,81,13,0.5656,0.00003914,19.1360,276.2730,133.0629
2897,293,20,0.5655,0.00003914,15.3032,280.0658,123.2204
2898,50,10,0.5653,0.00003913,16.6787,270.9681,136.5617
2899,26,6,0.5652,0.00003913,6.7143,268.5714,273.6294
2900,75,14,0.5650,0.00003913,15.7454,264.5595,225.4331
2901,60,13,0.5649,0.00003912,20.1646,274.0690,112.5457
2902,163,19,0.5647,0.00003912,18.8619,277.6499,150.6767
2903,252,25,0.5645,0.00003911,15.3218,285.8821,124.4491
2904,186,18,0.5644,0.00003911,15.8793,283.9547,123.5768
2905,33,8,0.5642,0.00003911,16.5103,267.6562,100.6540
2906,39,9,0.5641,0.00003910,19.7941,269.2278,99.9970
2907,84,13,0.5639,0.00003910,17.3699,269.2518,126.3101
2908,58,12,0.5638,0.00003910,20.0961,272.3988,187.2148
2909,59,12,0.5636,0.00003909,13.1314,267.6697,106.0231
2910,55,12,0.5635,0.00003909,14.3766,266.1271,123.7775
2911,65,11,0.5634,0.00003908,13.6316,302.5788,201.7826
2912,32,8,0.5632,0.00003908,12.3802,275.7678,213.3036
2913,102,16,0.5631,0.00003908,18.4988,273.1169,176.6512
2914,50,10,0.5629,0.00003907,13.5221,271.1273,121.6922
2915,95,19,0.5627,0.00003907,17.0832,274.1108,211.6197
2916,221,15,0.5626,0.00003906,13.0830,279.4136,284.5290
2917,45,12,0.5624,0.00003906,15.4484,266.9342,186.7827
2918,36,9,0.5623,0.00003906,12.5650,270.0683,145.1306
2919,29,9,0.5621,0.00003905,19.6809,264.6004,96.9686
2920,56,12,0.5620,0.00003905,15.0496,272.1131,116.0933
2921,92,13,0.5618,0.00003905,12.5178,276.9742,164.1251
2922,60,13,0.5617,0.00003904,24.7463,275.8872,197.7348
2923,55,11,0.5615,0.00003904,14.7520,271.6009,120.2296
2924,222,25,0.5614,0.00003904,15.9500,276.2256,180.9936
2925,242,23,0.5613,0.00003903,16.6922,279.6455,187.0425
2926,33,7,0.5611,0.00003903,12.4315,267.7085,132.5151
2927,30,8,0.5610,0.00003902,15.8091,269.8492,163.5085
2928,108,15,0.5608,0.00003902,14.2748,271.8492,201.9362
2929,52,10,0.5606,0.00003902,13.5618,273.8901,220.1663
2930,51,10,0.5605,0.00003901,17.6720,267.8441,134.7143
2931,82,13,0.5604,0.00003901,19.7573,263.6867,182.0519
2932,117,14,0.5602,0.00003901,15.8596,279.2749,200.4983
2933,168,15,0.5600,0.00003900,15.5363,280.7360,170.2586
2934,59,13,0.5599,0.00003900,16.1796,269.1091,144.2142
2935,509,35,0.5597,0.00003899,17.7496,282.4656,146.6774
2936,95,14,0.5596,0.00003899,20.1198,269.0160,163.7595
2937,86,14,0.5595,0.00003899,16.1229,271.5791,180.7091
2938,69,12,0.5593,0.00003898,14.8065,275.5078,127.5951
2939,120,18,0.5592,0.00003898,15.1388,268.7029,143.0403
2940,39,10,0.5590,0.00003897,17.1058,264.8008,177.3389
2941,37,9,0.5589,0.00003897,10.0580,266.8462,216.1824
2942,31,9,0.5587,0.00003897,17.2983,269.6857,165.2569
2943,58,12,0.5585,0.00003896,18.9347,269.5399,136.6393
2944,123,16,0.5584,0.00003896,21.9506,277.0670,163.9361
2945,37,10,0.5582,0.00003896,15.3418,278.7259,160.5372
2946,85,13,0.5581,0.00003895,15.3331,265.8418,122.6099
2947,142,15,0.5579,0.00003895,13.0910,277.7801,82.6757
2948,38,9,0.5578,0.00003895,16.8639,277.7394,134.7783
2949,112,12,0.5576,0.00003894,22.1482,271.0253,177.4862
2950,37,10,0.5575,0.00003894,22.1874,266.2440,130.0859
2951,33,9,0.5574,0.00003893,7.5067,266.1834,213.9212
2952,79,12,0.5572,0.00003893,15.6410,275.7340,177.5694
2953,105,16,0.5571,0.00003893,18.3922,281.7952,147.4131
2954,36,10,0.5569,0.00003892,13.2026,274.8374,113.3929
2955,47,10,0.5568,0.00003892,11.3272,262.5008,179.1648
2956,307,24,0.5566,0.00003892,15.5812,284.2683,126.9726
2957,79,14,0.5565,0.00003891,17.2717,275.2449,122.5023
2958,88,16,0.5563,0.00003891,19.7637,273.4803,139.4620
2959,84,12,0.5562,0.00003890,14.0491,288.1201,138.2223
2960,77,12,0.5560,0.00003890,13.2531,278.6751,283.1637
2961,53,11,0.5558,0.00003890,22.2142,281.9164,151.7500
2962,116,15,0.5557,0.00003889,17.1409,276.0484,177.6278
2963,56,12,0.5555,0.00003889,15.5441,271.0500,130.9692
2964,82,17,0.5554,0.00003889,15.0187,282.2800,117.4571
2965,106,17,0.5553,0.00003888,15.3423,284.1821,137.2175
2966,32,9,0.5551,0.00003888,16.9410,274.6782,161.9023
2967,50,11,0.5550,0.00003887,17.2564,270.7073,185.4242
2968,108,19,0.5548,0.00003887,17.7761,279.4483,225.4112
2969,122,17,0.5546,0.00003887,18.1633,267.6324,192.4346
2970,239,23,0.5545,0.00003886,17.1105,273.8885,167.7857
2971,68,12,0.5544,0.00003886,19.2472,278.1672,151.1238
2972,40,9,0.5542,0.00003885,15.1789,268.1736,171.9975
2973,124,19,0.5540,0.00003885,18.7628,271.9375,129.3981
2974,94,14,0.5539,0.00003885,12.3284,274.7205,154.0669
2975,68,13,0.5537,0.00003884,12.9481,271.4605,172.1880
2976,168,16,0.5536,0.00003884,17.9357,288.7279,140.4760
2977,176,16,0.5534,0.00003884,16.0315,288.6472,109.9443
2978,148,21,0.5533,0.00003883,17.7433,272.8371,145.1765
2979,235,23,0.5532,0.00003883,13.4183,285.7072,136.3066
2980,78,14,0.5530,0.00003883,15.8808,276.8753,140.5367
2981,91,14,0.5528,0.00003882,12.9382,277.9455,220.0574
2982,105,16,0.5527,0.00003882,16.2865,280.3793,172.0094
2983,186,20,0.5525,0.00003881,15.8264,280.8049,156.3316
2984,203,20,0.5524,0.00003881,16.1161,283.1558,157.5836
2985,51,9,0.5523,0.00003881,12.8430,280.8010,173.4474
2986,166,18,0.5521,0.00003880,14.6301,273.4913,155.9113
2987,157,19,0.5519,0.00003880,15.0879,278.8708,157.2550
2988,168,18,0.5518,0.00003880,12.6402,278.5843,138.6031
2989,44,11,0.5516,0.00003879,18.4439,279.4826,186.1854
2990,42,10,0.5515,0.00003879,14.5924,275.5616,147.0360
2991,51,11,0.5514,0.00003878,17.3985,284.8591,151.7654
2992,98,14,0.5512,0.00003878,20.9112,282.3428,149.4482
2993,88,13,0.5511,0.00003878,19.5840,279.1691,124.0908
2994,76,14,0.5509,0.00003877,11.5532,281.1785,139.8337
2995,87,14,0.5508,0.00003877,17.7291,270.2220,95.3212
2996,55,12,0.5506,0.00003876,14.6357,274.3020,177.3968
2997,84,14,0.5504,0.00003876,19.4882,287.5346,165.2191
2998,160,15,0.5503,0.00003876,20.1851,282.7409,189.6615
2999,213,18,0.5501,0.00003875,15.1156,287.7900,322.2064
3000,100,14,0.5500,0.00003875,16.5535,279.9092,239.7519
3001,72,16,0.5498,0.00003875,16.7672,285.2562,281.9017
3002,79,15,0.5497,0.00003874,10.3883,283.5754,179.7102
3003,37,9,0.5495,0.00003874,19.3941,287.9327,94.0661
3004,78,12,0.5494,0.00003874,17.4668,285.8703,127.0603
3005,415,25,0.5493,0.00003873,19.4468,292.4929,138.8667
3006,88,15,0.5491,0.00003873,17.9924,275.9072,118.4035
3007,35,9,0.5490,0.00003872,14.3242,274.9703,211.5970
3008,59,13,0.5488,0.00003872,14.9126,284.5200,158.6661
3009,47,10,0.5487,0.00003872,14.7078,275.3208,122.6470
3010,43,10,0.5485,0.00003871,16.9023,278.6952,207.2286
3011,175,18,0.5483,0.00003871,14.4747,282.0111,163.2656
3012,232,26,0.5482,0.00003871,16.0946,289.4695,164.7185
3013,57,9,0.5480,0.00003870,11.7227,282.4434,138.9296
3014,150,22,0.5479,0.00003870,11.5423,283.2323,174.9341
3015,85,14,0.5477,0.00003869,16.2564,277.0452,176.3605
3016,43,11,0.5476,0.00003869,18.8624,278.1767,169.3832
3017,449,27,0.5474,0.00003869,24.1566,301.6085,162.8707
3018,76,12,0.5473,0.00003868,19.3744,287.3606,213.0669
3019,78,12,0.5472,0.00003868,16.3465,276.1207,138.5288
3020,51,11,0.5470,0.00003868,18.2495,283.8268,157.2809
3021,41,7,0.5469,0.00003867,17.5040,281.1074,198.8852
3022,282,18,0.5467,0.00003867,18.8003,292.9580,176.6802
3023,58,9,0.5465,0.00003866,17.1120,284.4795,152.2104
3024,115,15,0.5464,0.00003866,13.8556,291.5368,156.6758
3025,124,17,0.5463,0.00003866,17.9921,291.3122,132.6317
3026,72,13,0.5461,0.00003865,16.2981,269.4717,107.0494
3027,75,15,0.5460,0.00003865,17.7847,274.6635,119.1991
3028,109,11,0.5458,0.00003865,17.6313,285.8702,115.8079
3029,103,16,0.5456,0.00003864,17.4179,289.0322,112.4356
3030,80,12,0.5455,0.00003864,14.5967,275.7934,185.2057
3031,130,20,0.5454,0.00003863,15.3780,278.9527,117.5468
3032,64,14,0.5452,0.00003863,19.8813,283.3119,121.2394
3033,59,13,0.5451,0.00003863,16.8664,281.3290,133.0199
3034,23,6,0.5449,0.00003862,15.4497,279.3515,85.9474
3035,115,13,0.5447,0.00003862,15.5183,270.1127,133.3338
3036,221,25,0.5446,0.00003862,16.8306,289.4432,155.5713
3037,53,12,0.5444,0.00003861,15.1526,282.9433,129.8229
3038,95,19,0.5443,0.00003861,16.9619,286.6420,185.8214
3039,73,10,0.5442,0.00003860,23.0420,283.4938,130.8909
3040,172,21,0.5440,0.00003860,15.1047,291.3375,209.7628
3041,40,11,0.5438,0.00003860,15.4633,276.7649,215.6604
3042,167,19,0.5437,0.00003859,16.7751,281.6638,121.9326
3043,121,17,0.5435,0.00003859,19.3684,285.5943,173.4545
3044,56,13,0.5434,0.00003859,13.4602,281.0235,123.3010
3045,31,11,0.5433,0.00003858,12.3556,277.2077,96.1827
3046,124,16,0.5431,0.00003858,17.7820,283.4995,126.6044
3047,104,15,0.5430,0.00003857,15.9611,292.0462,184.4514
3048,242,24,0.5428,0.00003857,16.7505,288.5589,158.8669
3049,78,12,0.5427,0.00003857,9.9351,285.9025,133.0379
3050,38,9,0.5425,0.00003856,17.9077,288.4862,133.2052
3051,55,11,0.5424,0.00003856,14.6662,279.3223,95.2965
3052,37,8,0.5422,0.00003855,16.9109,271.5639,149.0395
3053,57,13,0.5420,0.00003855,15.6803,274.5795,117.2222
3054,54,12,0.5419,0.00003855,17.1099,287.1445,135.7385
3055,31,8,0.5417,0.00003854,11.7256,277.6893,125.7566
3056,52,10,0.5416,0.00003854,14.3958,283.5524,173.9160
3057,27,7,0.5414,0.00003854,19.0150,281.8214,91.0898
3058,33,8,0.5413,0.00003853,18.6073,277.9419,138.0042
3059,38,10,0.5412,0.00003853,13.5552,276.4681,189.0143
3060,58,12,0.5410,0.00003853,17.7190,278.3654,132.4640
3061,34,9,0.5409,0.00003852,14.1205,280.1894,198.8074
3062,127,19,0.5407,0.00003852,15.4528,281.2460,186.4839
3063,51,12,0.5406,0.00003851,19.9054,279.1980,193.6522
3064,59,12,0.5404,0.00003851,12.2800,289.0788,112.1576
3065,37,10,0.5402,0.00003851,11.8928,280.8825,155.1796
3066,145,18,0.5401,0.00003850,21.7495,285.2341,142.4167
3067,122,14,0.5399,0.00003850,12.7586,287.0218,122.1339
3068,169,20,0.5398,0.00003850,14.4486,293.6659,144.7704
3069,53,11,0.5396,0.00003849,19.0448,279.5938,149.8884
3070,55,11,0.5395,0.00003849,11.9619,289.2331,108.4926
3071,40,11,0.5393,0.00003848,19.1386,284.7075,119.1754
3072,43,9,0.5392,0.00003848,16.6947,283.9101,159.5204
3073,38,10,0.5391,0.00003848,18.7648,280.7936,110.4535
3074,42,10,0.5389,0.00003847,13.1067,281.5287,189.9646
3075,61,13,0.5388,0.00003847,14.8159,291.7241,232.5148
3076,27,7,0.5386,0.00003846,15.4449,285.8654,269.6363
3077,203,20,0.5384,0.00003846,16.2510,299.5132,118.2327
3078,41,10,0.5383,0.00003846,23.2258,292.4194,134.6986
3079,59,11,0.5382,0.00003845,12.9832,277.0909,196.8249
3080,82,16,0.5380,0.00003845,15.0479,281.5178,138.1842
3081,139,18,0.5379,0.00003845,15.0582,298.8513,187.6830
3082,83,17,0.5377,0.00003844,16.5481,289.3545,142.5111
3083,96,17,0.5375,0.00003844,20.3570,284.2268,175.8818
3084,30,8,0.5374,0.00003844,17.8907,289.0802,148.3636
3085,46,13,0.5373,0.00003843,17.5373,283.1221,206.3511
3086,50,10,0.5371,0.00003843,19.3733,279.8885,241.5774
3087,71,14,0.5370,0.00003842,13.7054,287.4450,209.8705
3088,100,14,0.5368,0.00003842,12.0416,284.1801,152.8353
3089,162,20,0.5366,0.00003842,19.0019,297.7241,148.1083
3090,57,11,0.5365,0.00003841,14.2198,284.1671,128.3259
3091,36,10,0.5363,0.00003841,20.2114,281.0321,138.3961
3092,172,17,0.5362,0.00003841,17.5409,293.3827,143.9169
3093,30,9,0.5361,0.00003840,13.0679,285.4804,232.3889
3094,219,23,0.5359,0.00003840,19.3306,293.6987,210.0445
3095,57,14,0.5357,0.00003839,12.2974,292.3313,266.4196
3096,143,21,0.5356,0.00003839,16.7910,289.3075,164.9598
3097,72,10,0.5354,0.00003839,13.1067,284.4209,135.8112
3098,61,12,0.5353,0.00003838,25.1340,288.5302,163.8193
3099,65,11,0.5352,0.00003838,17.5573,286.9229,120.1818
3100,45,11,0.5350,0.00003837,22.7238,289.4249,105.6633
3101,60,12,0.5348,0.00003837,14.7240,288.4537,143.2729
3102,173,23,0.5347,0.00003837,16.9447,283.5635,204.1561
3103,57,12,0.5345,0.00003836,15.3817,284.0752,106.3701
3104,74,10,0.5344,0.00003836,24.1135,281.4940,159.1796
3105,36,10,0.5343,0.00003836,15.4982,290.5406,175.1819
3106,30,6,0.5341,0.00003835,20.9900,284.7265,128.7633
3107,114,21,0.5339,0.00003835,12.8163,286.6595,150.1124
3108,76,15,0.5338,0.00003834,10.5398,283.2163,202.0721
3109,70,10,0.5336,0.00003834,15.7333,285.6945,230.6594
3110,55,11,0.5335,0.00003834,22.1685,279.3701,266.5762
3111,45,11,0.5333,0.00003833,13.9400,293.5464,180.5460
3112,104,16,0.5332,0.00003833,20.7937,291.7748,238.1889
3113,260,24,0.5331,0.00003833,12.7455,293.2183,255.5345
3114,85,16,0.5329,0.00003832,16.4548,295.1915,149.4016
3115,26,7,0.5328,0.00003832,11.4880,281.1010,263.9049
3116,39,10,0.5326,0.00003832,20.7976,287.4506,146.9494
3117,58,12,0.5325,0.00003831,16.2704,296.6745,214.9228
3118,79,11,0.5323,0.00003831,13.3907,293.6677,126.3940
3119,36,8,0.5321,0.00003830,22.6721,293.2579,143.1291
3120,119,16,0.5320,0.00003830,20.5774,290.9040,150.8032
3121,228,24,0.5318,0.00003830,17.6487,295.9712,136.9496
3122,134,16,0.5317,0.00003829,14.0228,293.0389,269.0865
3123,114,12,0.5315,0.00003829,14.8953,293.0494,201.7862
3124,40,10,0.5314,0.00003829,19.6638,283.5502,180.7299
3125,50,8,0.5312,0.00003828,19.6112,280.7248,103.0284
3126,122,17,0.5311,0.00003828,14.2014,284.8882,139.7435
3127,127,16,0.5310,0.00003827,19.4014,291.1319,234.1873
3128,74,16,0.5308,0.00003827,14.4614,283.6135,229.5272
3129,33,9,0.5307,0.00003827,16.7201,283.7395,112.9933
3130,258,25,0.5305,0.00003826,17.4991,292.8928,137.0095
3131,159,18,0.5303,0.00003826,15.2237,282.7104,144.6130
3132,105,14,0.5302,0.00003825,17.8825,298.0715,162.1684
3133,71,12,0.5300,0.00003825,16.2039,295.1814,148.0173
3134,161,21,0.5299,0.00003825,19.8234,279.8637,249.4782
3135,72,12,0.5297,0.00003824,22.5153,291.3092,208.3501
3136,99,15,0.5296,0.00003824,19.4721,289.8048,176.2326
3137,58,11,0.5294,0.00003824,16.1758,280.1128,149.5474
3138,268,22,0.5293,0.00003823,13.3303,302.1929,102.8121
3139,390,28,0.5292,0.00003823,19.3566,300.3911,115.4448
3140,72,13,0.5290,0.00003823,11.7866,291.9742,207.6059
3141,44,10,0.5289,0.00003822,8.6220,291.0387,138.7745
3142,204,24,0.5287,0.00003822,18.0675,284.5343,149.6489
3143,33,8,0.5285,0.00003821,19.1749,294.4131,121.6795
3144,68,9,0.5284,0.00003821,12.8607,285.2424,142.3416
3145,38,10,0.5282,0.00003821,8.9037,283.6927,122.2346
3146,101,15,0.5281,0.00003820,19.3561,296.0439,188.9628
3147,60,13,0.5280,0.00003820,15.5980,290.0453,167.7811
3148,40,10,0.5278,0.00003820,16.4509,291.0587,127.1054
3149,139,19,0.5276,0.00003819,23.9421,293.8418,160.8610
3150,157,15,0.5275,0.00003819,17.8836,288.5500,186.9972
3151,193,22,0.5273,0.00003818,16.3556,293.1337,104.6048
3152,75,16,0.5272,0.00003818,22.2781,291.0309,112.1174
3153,32,8,0.5271,0.00003818,18.5650,286.2163,178.0923
3154,85,13,0.5269,0.00003817,16.4300,291.4094,212.6179
3155,304,23,0.5267,0.00003817,20.8693,299.8862,126.5890
3156,105,17,0.5266,0.00003816,15.5071,286.5151,130.2383
3157,35,7,0.5264,0.00003816,11.2451,284.1580,141.0956
3158,166,16,0.5263,0.00003816,13.4246,287.2571,138.7246
3159,148,19,0.5262,0.00003815,15.5721,301.5940,87.6005
3160,188,22,0.5260,0.00003815,21.1118,289.9122,144.4350
3161,75,14,0.5258,0.00003815,17.7099,296.5743,218.8391
3162,49,10,0.5257,0.00003814,13.7791,288.2418,225.8637
3163,27,6,0.5255,0.00003814,23.0131,292.6393,197.7992
3164,183,17,0.5254,0.00003813,22.4352,299.3061,189.8630
3165,45,8,0.5252,0.00003813,22.3252,295.2946,147.4345
3166,59,11,0.5251,0.00003813,15.1336,286.2688,200.5792
3167,90,16,0.5250,0.00003812,14.4858,290.6462,156.2408
3168,56,11,0.5248,0.00003812,18.2487,291.1789,115.1549
3169,199,24,0.5247,0.00003812,17.8828,295.3166,114.8070
3170,52,9,0.5245,0.00003811,12.8734,294.5038,154.5092
3171,439,32,0.5244,0.00003811,16.2877,307.2208,112.4747
3172,235,26,0.5242,0.00003811,13.6566,295.8908,136.0396
3173,25,6,0.5240,0.00003810,20.1947,282.9352,88.1441
3174,125,20,0.5239,0.00003810,16.3954,294.4289,147.2581
3175,99,15,0.5237,0.00003809,16.8901,281.2760,129.4566
3176,76,16,0.5236,0.00003809,15.2344,289.8736,212.5401
3177,103,16,0.5234,0.00003809,17.3536,289.1551,168.6413
3178,56,11,0.5233,0.00003808,17.1581,292.0479,193.7686
3179,103,17,0.5232,0.00003808,16.4854,285.1628,247.4217
3180,51,11,0.5230,0.00003808,24.0862,297.5321,154.5428
3181,127,18,0.5229,0.00003807,18.3248,290.9019,148.2408
3182,113,13,0.5227,0.00003807,14.4632,298.3448,134.3547
3183,57,14,0.5226,0.00003806,23.8297,294.4196,174.1027
3184,77,14,0.5224,0.00003806,17.2950,297.5068,202.6382
3185,75,13,0.5222,0.00003806,20.3168,294.3020,307.3765
3186,211,24,0.5221,0.00003805,14.4337,299.0197,159.8591
3187,61,11,0.5219,0.00003805,18.3833,296.3927,180.1373
3188,90,15,0.5218,0.00003805,18.7532,289.9089,131.3237
3189,88,15,0.5216,0.00003804,11.7411,295.3214,232.0806
3190,118,15,0.5215,0.00003804,20.4060,292.3129,253.6103
3191,35,10,0.5213,0.00003803,14.6389,295.4215,209.2996
3192,76,11,0.5212,0.00003803,13.3563,295.2517,200.4695
3193,87,14,0.5211,0.00003803,18.8488,293.7243,153.1503
3194,376,22,0.5209,0.00003802,17.0673,311.9243,162.5457
3195,224,20,0.5208,0.00003802,18.6655,301.3284,144.2011
3196,147,15,0.5206,0.00003802,11.5017,296.9006,132.3394
3197,178,20,0.5204,0.00003801,16.0284,298.7126,130.5604
3198,43,11,0.5203,0.00003801,14.6021,289.4042,110.4032
3199,81,13,0.5202,0.00003800,19.5733,295.8096,224.1109
3200,83,13,0.5200,0.00003800,13.9635,296.6286,232.1282
3201,503,20,0.5199,0.00003800,19.7592,313.3422,113.1830
3202,72,14,0.5197,0.00003799,17.0913,294.2413,189.8281
3203,285,26,0.5195,0.00003799,13.1688,302.1342,198.1349
3204,50,10,0.5194,0.00003799,20.1943,290.5809,135.6094
3205,125,16,0.5192,0.00003798,23.5175,295.1296,113.2433
3206,55,11,0.5191,0.00003798,18.6072,301.9610,179.6926
3207,48,9,0.5190,0.00003797,21.9744,295.6166,87.2735
3208,54,11,0.5188,0.00003797,23.7454,294.5700,164.4268
3209,51,12,0.5186,0.00003797,21.3673,285.2807,132.3372
3210,69,12,0.5185,0.00003796,20.9484,300.0914,143.5590
3211,450,35,0.5183,0.00003796,16.4322,304.1057,180.6315
3212,44,12,0.5182,0.00003795,12.7453,301.6328,170.0933
3213,168,18,0.5181,0.00003795,19.1868,304.4704,100.3777
3214,29,8,0.5179,0.00003795,14.3878,299.2650,138.4397
3215,61,13,0.5177,0.00003794,17.2095,299.6762,88.1683
3216,31,8,0.5176,0.00003794,17.5498,294.7069,161.2510
3217,33,10,0.5174,0.00003794,23.3650,299.7224,193.3854
3218,36,9,0.5173,0.00003793,21.4835,294.2070,145.4097
3219,60,14,0.5171,0.00003793,15.6068,289.2738,269.2196
3220,100,14,0.5170,0.00003793,17.0938,301.3026,116.4447
3221,127,19,0.5168,0.00003792,16.8555,300.2144,134.3975
3222,175,19,0.5167,0.00003792,13.8655,311.2410,170.9039
3223,297,29,0.5165,0.00003791,22.0311,304.4294,119.3778
3224,43,8,0.5164,0.00003791,26.7203,297.1230,132.2628
3225,48,9,0.5162,0.00003791,24.0352,303.0978,129.6163
3226,80,11,0.5161,0.00003790,19.4721,302.7811,133.6895
3227,53,12,0.5159,0.00003790,16.7309,297.1818,147.4895
3228,361,29,0.5158,0.00003790,16.7762,309.1269,140.6898
3229,171,22,0.5156,0.00003789,15.2196,296.6303,221.6130
3230,122,16,0.5155,0.00003789,24.7566,301.1757,207.7609
3231,43,9,0.5153,0.00003788,13.4373,300.0045,137.4740
3232,93,18,0.5152,0.00003788,16.0525,288.4415,167.5806
3233,58,13,0.5151,0.00003788,15.4409,289.4309,126.5746
3234,100,15,0.5149,0.00003787,14.0678,300.9044,155.6137
3235,112,13,0.5148,0.00003787,21.6270,304.7405,157.6651
3236,174,21,0.5146,0.00003787,13.7279,298.0762,322.3904
3237,232,23,0.5145,0.00003786,15.6570,307.5062,297.8201
3238,120,15,0.5143,0.00003786,17.1868,296.9093,150.7621
3239,87,14,0.5141,0.00003785,16.3400,296.3580,137.4824
3240,86,12,0.5140,0.00003785,18.4483,292.4793,187.5414
3241,23,7,0.5138,0.00003785,12.7700,292.2512,140.8927
3242,121,19,0.5137,0.00003784,13.0680,299.0609,195.7919
3243,122,16,0.5135,0.00003784,16.2208,300.0880,191.2694
3244,110,10,0.5134,0.00003784,12.3130,312.1540,180.6637
3245,54,13,0.5132,0.00003783,18.8472,302.7142,247.0428
3246,107,13,0.5131,0.00003783,11.7887,314.3929,226.2873
3247,40,10,0.5130,0.00003782,18.4817,303.4696,165.6540
3248,129,17,0.5128,0.00003782,16.5757,305.6387,250.0517
3249,67,17,0.5127,0.00003782,14.9187,302.0405,214.5100
3250,165,17,0.5125,0.00003781,21.5209,303.8075,130.9423
3251,163,18,0.5124,0.00003781,17.0151,300.2728,181.8687
3252,411,27,0.5122,0.00003781,15.6513,313.3022,190.1056
3253,226,17,0.5120,0.00003780,15.7421,311.8115,140.0044
3254,26,7,0.5119,0.00003780,18.3346,302.0676,137.2755
3255,33,9,0.5117,0.00003779,13.7499,303.4260,204.6378
3256,36,10,0.5116,0.00003779,17.0746,313.3302,265.7932
3257,69,12,0.5114,0.00003779,13.2969,298.9441,211.7115
3258,85,12,0.5113,0.00003778,13.9208,304.4991,244.6381
3259,110,14,0.5111,0.00003778,21.9856,303.1119,193.7459
3260,60,13,0.5110,0.00003778,21.3484,305.7905,164.1393
3261,169,21,0.5109,0.00003777,17.5001,306.0454,194.6373
3262,53,11,0.5107,0.00003777,20.4027,302.4158,195.6903
3263,54,11,0.5106,0.00003776,16.7396,299.3241,147.6479
3264,53,13,0.5104,0.00003776,17.5149,301.3642,129.4703
3265,58,13,0.5102,0.00003776,17.5652,303.3711,181.0997
3266,81,11,0.5101,0.00003775,14.8271,306.2632,170.5915
3267,94,17,0.5100,0.00003775,16.7746,305.8918,142.2146
3268,82,11,0.5098,0.00003774,18.7120,314.7504,75.4526
3269,79,15,0.5097,0.00003774,19.3545,297.9358,110.0406
3270,82,13,0.5095,0.00003774,18.8737,304.9521,124.0794
3271,31,8,0.5093,0.00003773,15.7400,301.5618,94.0573
3272,58,12,0.5092,0.00003773,21.7436,298.6088,149.9676
3273,313,23,0.5091,0.00003773,20.6262,309.2351,179.4269
3274,52,10,0.5089,0.00003772,22.3263,300.0792,185.8451
3275,87,14,0.5088,0.00003772,15.0994,301.1499,194.2179
3276,42,10,0.5086,0.00003772,11.8591,304.9911,108.0171
3277,44,12,0.5084,0.00003771,18.8612,288.7864,224.7018
3278,238,21,0.5083,0.00003771,18.0492,304.2312,171.7293
3279,75,14,0.5081,0.00003770,14.1294,298.4470,162.7825
3280,77,13,0.5080,0.00003770,15.5403,304.4236,193.2817
3281,49,11,0.5079,0.00003770,11.7784,300.0430,204.1112
3282,56,11,0.5077,0.00003769,16.2794,309.9017,299.5989
3283,109,18,0.5075,0.00003769,17.0083,308.9670,198.6998
3284,87,13,0.5074,0.00003769,16.9644,308.6252,139.8359
3285,290,23,0.5072,0.00003768,14.8432,314.8868,144.9610
3286,118,16,0.5071,0.00003768,21.9971,304.1321,210.0137
3287,38,9,0.5070,0.00003767,13.5252,309.8292,199.2643
3288,123,15,0.5068,0.00003767,15.5499,313.6047,147.3433
3289,59,12,0.5067,0.00003767,16.1148,302.5503,139.7347
3290,51,10,0.5065,0.00003766,17.4139,302.1952,162.7074
3291,36,10,0.5064,0.00003766,22.5897,302.6997,180.4208
3292,296,22,0.5062,0.00003766,19.8478,317.8731,239.6169
3293,119,15,0.5061,0.00003765,18.8256,306.0343,142.2754
3294,37,10,0.5059,0.00003765,16.4654,300.9020,146.9546
3295,262,30,0.5057,0.00003764,19.6586,307.6483,261.1689
3296,44,12,0.5056,0.00003764,14.1660,302.3340,208.6234
3297,31,9,0.5054,0.00003764,14.2547,296.3227,265.7393
3298,110,17,0.5053,0.00003763,13.4477,303.3215,221.1672
3299,158,21,0.5051,0.00003763,12.7033,306.9207,120.4246
3300,33,8,0.5050,0.00003762,13.7813,304.5739,121.3385
3301,49,11,0.5049,0.00003762,16.0885,308.5881,108.7047
3302,113,13,0.5047,0.00003762,18.2347,307.4297,117.4554
3303,145,24,0.5046,0.00003761,17.3746,300.8591,162.5222
3304,39,11,0.5044,0.00003761,17.9201,301.3870,124.2081
3305,49,9,0.5043,0.00003761,18.6722,300.5195,223.0639
3306,137,17,0.5041,0.00003760,17.5790,306.1349,242.8039
3307,115,15,0.5039,0.00003760,22.2163,315.8797,234.4285
3308,35,9,0.5038,0.00003760,23.8076,301.1862,244.9028
3309,236,22,0.5036,0.00003759,14.6175,318.8581,237.8218
3310,54,11,0.5035,0.00003759,21.1119,310.1042,148.6514
3311,102,17,0.5033,0.00003758,20.4111,308.8949,225.1158
3312,83,14,0.5032,0.00003758,17.1814,312.1869,193.2638
3313,118,18,0.5030,0.00003758,15.9976,315.4422,136.9329
3314,87,17,0.5029,0.00003757,15.3833,302.9744,118.0203
3315,55,11,0.5028,0.00003757,20.2321,311.4616,117.0358
3316,317,28,0.5026,0.00003757,16.0274,318.4111,208.8592
3317,217,17,0.5025,0.00003756,12.4682,314.9771,172.4250
3318,54,11,0.5023,0.00003756,19.3916,311.2406,161.5390
3319,53,12,0.5021,0.00003755,11.3103,318.4562,146.0459
3320,47,9,0.5020,0.00003755,17.3832,311.7199,139.8631
3321,459,31,0.5019,0.00003755,19.0264,327.0115,152.5205
3322,45,12,0.5017,0.00003754,22.2673,311.6570,179.7560
3323,115,16,0.5016,0.00003754,16.1903,310.9813,175.8591
3324,29,8,0.5014,0.00003753,16.9645,303.3190,108.2888
3325,39,10,0.5012,0.00003753,17.9788,311.5350,140.4839
3326,169,20,0.5011,0.00003753,16.3014,307.2537,139.4210
3327,159,18,0.5010,0.00003752,15.4630,310.5503,142.9961
3328,55,11,0.5008,0.00003752,23.7610,310.6696,105.2911
3329,123,17,0.5007,0.00003752,15.8637,325.5820,159.8157
3330,188,19,0.5005,0.00003751,16.9692,314.7856,235.1847
3331,107,19,0.5003,0.00003751,16.5220,318.0634,178.0380
3332,52,11,0.5002,0.00003751,17.7291,310.0592,140.6678
3333,74,12,0.5000,0.00003750,19.1913,309.7850,198.4040
3334,401,28,0.4999,0.00003750,18.5687,321.8922,264.4166
3335,115,14,0.4998,0.00003749,14.7251,306.8704,181.9739
3336,46,11,0.4996,0.00003749,15.1848,308.9440,172.6679
3337,58,12,0.4994,0.00003749,24.1281,311.8717,118.4915
3338,32,8,0.4993,0.00003748,14.8321,306.6882,182.7643
3339,35,9,0.4991,0.00003748,13.4195,312.5923,115.0091
3340,90,18,0.4990,0.00003748,17.0635,305.7958,190.3118
3341,33,8,0.4989,0.00003747,20.2784,302.7214,136.4561
3342,103,14,0.4987,0.00003747,24.8649,314.5076,180.6151
3343,76,14,0.4985,0.00003746,19.1143,307.8086,154.3939
3344,51,10,0.4984,0.00003746,19.5419,312.6800,167.9221
3345,117,17,0.4982,0.00003746,16.0631,316.1545,150.4626
3346,282,27,0.4981,0.00003745,12.7862,314.0553,164.0628
3347,49,10,0.4980,0.00003745,13.7157,310.4087,144.6932
3348,36,8,0.4978,0.00003744,19.4097,308.4930,170.9569
3349,59,13,0.4976,0.00003744,16.0938,312.6615,326.7021
3350,51,12,0.4975,0.00003744,16.1250,302.2059,233.3852
3351,76,13,0.4973,0.00003743,17.0470,316.0331,237.0002
3352,36,8,0.4972,0.00003743,21.9387,307.7086,347.5747
3353,85,14,0.4970,0.00003743,18.1968,317.9162,168.8176
3354,48,9,0.4969,0.00003742,14.8100,310.8661,205.7141
3355,87,16,0.4967,0.00003742,14.8471,316.5552,230.5460
3356,44,11,0.4966,0.00003742,23.9119,315.3612,243.7619
3357,254,23,0.4964,0.00003741,18.7357,326.6161,176.4026
3358,126,17,0.4963,0.00003741,17.8988,304.2907,133.1891
3359,37,10,0.4961,0.00003740,22.2451,311.2249,165.2350
3360,58,12,0.4960,0.00003740,18.4413,318.1259,123.7617
3361,77,11,0.4958,0.00003740,18.8603,319.0956,142.3084
3362,52,9,0.4957,0.00003739,13.5160,316.4775,154.3186
3363,106,16,0.4955,0.00003739,17.0284,313.6999,118.8680
3364,125,18,0.4954,0.00003739,15.1015,311.7577,143.0666
3365,53,11,0.4952,0.00003738,21.3770,315.4894,313.0323
3366,38,8,0.4951,0.00003738,13.9443,303.0666,288.7182
3367,262,22,0.4950,0.00003737,16.7695,326.1899,214.3536
3368,35,8,0.4948,0.00003737,15.5304,311.6021,212.5619
3369,57,13,0.4947,0.00003737,14.5930,311.4031,112.0317
3370,53,9,0.4945,0.00003736,20.4626,318.2373,185.1943
3371,61,12,0.4944,0.00003736,11.1876,319.3181,138.7944
3372,121,19,0.4942,0.00003735,17.7732,313.2048,222.3534
3373,82,14,0.4940,0.00003735,13.8625,323.6414,158.5915
3374,121,15,0.4939,0.00003735,19.9764,320.8404,178.2213
3375,139,15,0.4938,0.00003734,13.7626,319.0017,150.2274
3376,55,13,0.4936,0.00003734,17.1305,306.1206,158.3866
3377,37,8,0.4935,0.00003734,11.8143,317.8594,152.6215
3378,116,18,0.4933,0.00003733,15.5811,311.3260,175.5203
3379,31,9,0.4931,0.00003733,14.2327,304.5190,137.2860
3380,74,15,0.4930,0.00003732,13.0523,309.6121,168.4836
3381,79,12,0.4929,0.00003732,17.9163,318.3127,256.1888
3382,76,16,0.4927,0.00003732,19.5328,312.6944,233.2157
3383,249,22,0.4926,0.00003731,20.7183,325.8801,147.3922
3384,281,20,0.4924,0.00003731,19.0464,324.7043,176.0401
3385,81,13,0.4922,0.00003731,18.1429,314.9312,264.4754
3386,55,10,0.4921,0.00003730,14.4359,312.2573,197.0071
3387,46,10,0.4919,0.00003730,13.1630,318.6407,281.2893
3388,91,15,0.4918,0.00003730,19.4505,315.7514,172.7131
3389,41,8,0.4917,0.00003729,16.6855,321.6373,292.7289
3390,31,6,0.4915,0.00003729,23.0101,316.0928,169.9045
3391,130,14,0.4913,0.00003728,13.5743,334.5766,230.0493
3392,118,17,0.4912,0.00003728,21.4133,328.7261,149.2787
3393,181,20,0.4910,0.00003728,20.4619,317.3207,205.5636
3394,40,7,0.4909,0.00003727,23.3811,317.9112,353.0232
3395,61,14,0.4908,0.00003727,19.7469,314.9911,128.9611
3396,63,10,0.4906,0.00003727,13.8363,313.6392,139.1434
3397,34,10,0.4904,0.00003726,15.2291,318.0889,229.9728
3398,39,9,0.4903,0.00003726,24.9629,308.9431,134.3597
3399,281,20,0.4901,0.00003725,22.0787,325.1710,124.8741
3400,49,11,0.4900,0.00003725,18.5484,315.0834,174.7518
3401,81,11,0.4899,0.00003725,17.6052,311.6239,260.7868
3402,560,26,0.4897,0.00003724,13.2731,340.4145,225.6401
3403,37,9,0.4895,0.00003724,20.0680,318.6949,222.2939
3404,32,8,0.4894,0.00003724,13.2275,314.2443,290.6236
3405,38,10,0.4892,0.00003723,12.8543,313.3772,385.7615
3406,37,10,0.4891,0.00003723,19.0403,316.6145,287.2991
3407,77,13,0.4889,0.00003722,17.5058,319.0120,136.3640
3408,38,10,0.4888,0.00003722,20.1028,313.0354,173.7283
3409,41,12,0.4886,0.00003722,13.3049,309.0909,190.2337
3410,217,20,0.4885,0.00003721,18.5763,319.4049,180.6537
3411,81,16,0.4883,0.00003721,17.7630,322.6921,101.7400
3412,47,8,0.4882,0.00003721,20.2257,316.4622,141.3725
3413,55,11,0.4880,0.00003720,19.4592,327.2002,203.9432
3414,47,10,0.4879,0.00003720,15.9261,320.5675,195.1531
3415,424,36,0.4877,0.00003719,14.7377,329.7791,181.2411
3416,69,12,0.4876,0.00003719,13.9145,321.5145,226.5487
3417,249,25,0.4874,0.00003719,16.1583,324.9417,161.6629
3418,62,15,0.4873,0.00003718,22.0508,317.5837,187.3763
3419,39,9,0.4871,0.00003718,17.6271,306.6576,162.9983
3420,119,14,0.4870,0.00003718,11.9230,319.2891,207.0194
3421,371,31,0.4868,0.00003717,19.4317,319.3831,175.5581
3422,56,15,0.4867,0.00003717,12.2614,326.9919,185.3600
3423,53,11,0.4865,0.00003716,17.1639,320.0280,105.1206
3424,41,12,0.4864,0.00003716,21.9925,335.7623,143.2534
3425,36,10,0.4862,0.00003716,17.5038,310.2885,117.7585
3426,70,13,0.4861,0.00003715,25.9606,324.3668,210.1388
3427,33,7,0.4859,0.00003715,20.1493,320.1805,243.3463
3428,68,12,0.4858,0.00003714,16.5103,316.4197,132.4222
3429,111,13,0.4857,0.00003714,15.4773,325.0879,176.0033
3430,45,13,0.4855,0.00003714,17.8587,324.3023,336.1149
3431,176,22,0.4854,0.00003713,19.2583,322.5835,201.3598
3432,38,10,0.4852,0.00003713,21.2873,324.4077,122.2489
3433,168,17,0.4850,0.00003713,15.8717,335.8831,216.3928
3434,60,12,0.4849,0.00003712,13.8582,326.9993,237.6271
3435,116,12,0.4848,0.00003712,13.3394,330.2472,150.8967
3436,486,33,0.4846,0.00003711,16.4908,336.2236,135.9592
3437,36,7,0.4845,0.00003711,20.9227,321.3433,246.4495
3438,47,11,0.4843,0.00003711,15.6574,315.9791,110.8681
3439,66,13,0.4841,0.00003710,18.5919,314.2391,109.0078
3440,36,10,0.4840,0.00003710,20.5213,321.4320,123.2861
3441,34,8,0.4839,0.00003710,16.9290,325.8033,138.3375
3442,76,12,0.4837,0.00003709,17.9020,326.6269,178.6216
3443,120,17,0.4836,0.00003709,16.5158,330.2675,157.6843
3444,40,10,0.4834,0.00003709,22.5972,320.1546,197.4353
3445,58,12,0.4832,0.00003708,19.7132,318.7377,227.9795
3446,314,26,0.4831,0.00003708,17.1275,331.9113,243.7886
3447,392,25,0.4829,0.00003707,17.7451,334.3591,299.0262
3448,176,20,0.4828,0.00003707,20.3277,326.1179,183.6012
3449,30,6,0.4827,0.00003707,19.7425,323.1756,310.9079
3450,39,11,0.4825,0.00003706,22.5436,321.4062,214.3905
3451,200,20,0.4823,0.00003706,18.0078,327.3096,161.8467
3452,100,16,0.4822,0.00003706,20.3924,319.0403,199.7210
3453,84,14,0.4820,0.00003705,14.7794,327.0198,173.8451
3454,126,16,0.4819,0.00003705,17.3605,335.7925,255.4760
3455,34,9,0.4818,0.00003704,18.4295,322.0926,276.3597
3456,126,19,0.4816,0.00003704,17.2381,323.8343,182.1054
3457,160,15,0.4814,0.00003704,18.0766,330.7481,221.8477
3458,72,13,0.4813,0.00003703,20.5916,325.8828,295.8325
3459,34,9,0.4811,0.00003703,12.9229,316.1964,114.9617
3460,56,11,0.4810,0.00003703,20.6588,324.0068,130.2445
3461,51,9,0.4808,0.00003702,12.4599,329.1519,173.4253
3462,57,12,0.4807,0.00003702,16.3929,319.7600,117.4115
3463,356,24,0.4805,0.00003701,16.9625,343.0969,177.1350
3464,115,15,0.4804,0.00003701,19.4700,325.3465,173.0266
3465,213,21,0.4802,0.00003701,16.1535,328.5897,182.0882
3466,124,17,0.4801,0.00003700,22.9544,320.4277,202.1336
3467,158,13,0.4799,0.00003700,22.9095,332.8267,286.1648
3468,49,10,0.4798,0.00003700,17.3604,322.8998,285.3075
3469,24,5,0.4796,0.00003699,26.3560,313.5416,168.6699
3470,54,10,0.4795,0.00003699,29.5491,329.2121,199.4135
3471,190,22,0.4793,0.00003698,16.3693,334.8830,165.2899
3472,171,18,0.4792,0.00003698,17.8326,329.4551,190.3546
3473,67,11,0.4790,0.00003698,17.0896,315.9456,120.9126
3474,32,9,0.4789,0.00003697,16.4086,314.7018,156.7222
3475,35,8,0.4787,0.00003697,14.0216,321.0675,189.7190
3476,60,13,0.4786,0.00003697,17.9870,321.7072,208.3875
3477,58,14,0.4784,0.00003696,20.1873,320.3912,200.4114
3478,104,16,0.4783,0.00003696,21.7548,325.4214,169.0326
3479,125,13,0.4781,0.00003695,14.2584,324.3492,158.5574
3480,41,11,0.4780,0.00003695,17.1037,310.0312,244.0741
3481,19,5,0.4778,0.00003695,24.0659,314.5082,137.4386
3482,264,27,0.4777,0.00003694,22.0593,327.8955,183.5292
3483,88,15,0.4775,0.00003694,15.0207,330.4682,115.3948
3484,54,11,0.4774,0.00003693,16.2942,316.3977,229.8664
3485,46,12,0.4772,0.00003693,19.5005,325.1968,183.3277
3486,42,12,0.4771,0.00003693,15.4594,322.1259,327.7308
3487,93,16,0.4769,0.00003692,18.1631,322.1107,146.7709
3488,240,21,0.4768,0.00003692,17.6791,325.1081,151.5406
3489,72,13,0.4767,0.00003692,16.2227,326.4002,170.4280
3490,53,10,0.4765,0.00003691,15.0941,325.2509,297.8011
3491,56,13,0.4764,0.00003691,17.6668,319.0689,192.6627
3492,60,11,0.4762,0.00003690,15.2581,330.8900,122.4696
3493,261,22,0.4760,0.00003690,19.8138,328.4258,197.4970
3494,40,10,0.4759,0.00003690,19.1804,321.3732,275.6674
3495,455,23,0.4758,0.00003689,18.1049,343.6452,206.0664
3496,81,11,0.4756,0.00003689,21.2185,329.6589,284.0453
3497,62,13,0.4755,0.00003689,21.0088,332.4849,223.3843
3498,40,10,0.4753,0.00003688,15.4662,326.5574,259.5530
3499,50,12,0.4751,0.00003688,14.0916,328.2624,185.7077
3500,99,14,0.4750,0.00003688,19.9323,337.0168,183.8761
3501,86,14,0.4748,0.00003687,14.5597,320.5270,187.6614
3502,72,14,0.4747,0.00003687,12.1810,332.4607,170.6393
3503,40,10,0.4746,0.00003686,13.8451,329.2274,130.4388
3504,138,20,0.4744,0.00003686,18.7376,322.9339,185.6753
3505,56,12,0.4743,0.00003686,13.5288,320.8152,249.8210
3506,55,11,0.4741,0.00003685,15.6276,325.2716,181.9833
3507,37,8,0.4739,0.00003685,25.5144,325.4994,183.6292
3508,142,20,0.4738,0.00003685,14.0523,332.3491,184.3793
3509,79,16,0.4737,0.00003684,16.6147,327.9149,158.5614
3510,54,11,0.4735,0.00003684,15.2846,325.7820,130.2346
3511,33,8,0.4734,0.00003683,16.4218,323.0323,134.4069
3512,44,11,0.4732,0.00003683,21.7389,326.9766,181.7533
3513,125,16,0.4730,0.00003683,13.7743,324.2410,161.5236
3514,86,14,0.4729,0.00003682,11.4594,332.6560,164.6750
3515,34,10,0.4728,0.00003682,13.9130,323.6017,129.1115
3516,132,17,0.4726,0.00003682,19.4651,338.2125,150.8403
3517,78,11,0.4725,0.00003681,17.6979,328.7461,150.4668
3518,52,10,0.4723,0.00003681,11.1694,321.4990,211.0675
3519,38,10,0.4721,0.00003680,13.4853,331.3628,279.6622
3520,354,23,0.4720,0.00003680,18.4571,338.2510,301.5405
3521,234,23,0.4718,0.00003680,14.9455,323.3771,194.2403
3522,33,10,0.4717,0.00003679,14.0408,330.5527,208.0636
3523,98,12,0.4716,0.00003679,17.5493,315.5038,102.6429
3524,43,11,0.4714,0.00003679,22.4685,325.0524,209.9267
3525,36,9,0.4712,0.00003678,15.4558,329.2604,326.9945
3526,53,10,0.4711,0.00003678,22.2819,332.5790,176.2886
3527,103,16,0.4709,0.00003677,17.0288,321.0287,145.2735
3528,36,10,0.4708,0.00003677,18.2341,331.6305,140.5693
3529,50,11,0.4707,0.00003677,23.6976,323.4707,174.9489
3530,39,10,0.4705,0.00003676,19.1901,329.1276,147.3984
3531,154,14,0.4703,0.00003676,18.5598,329.1694,182.4784
3532,91,17,0.4702,0.00003676,18.0690,335.5961,258.2640
3533,86,15,0.4700,0.00003675,17.1025,331.6248,291.9148
3534,100,15,0.4699,0.00003675,14.2639,334.0675,158.7478
3535,451,34,0.4698,0.00003674,17.4222,348.0384,173.2727
3536,56,13,0.4696,0.00003674,23.4412,337.5086,193.5121
3537,208,20,0.4694,0.00003674,18.9002,330.9607,212.3140
3538,252,28,0.4693,0.00003673,14.5974,345.0881,179.2286
3539,54,10,0.4691,0.00003673,18.8944,330.4416,151.2399
3540,78,15,0.4690,0.00003672,16.8873,333.2369,185.2616
3541,83,16,0.4688,0.00003672,17.2898,330.5427,233.2840
3542,44,10,0.4687,0.00003672,22.2127,332.2704,210.7665
3543,72,12,0.4685,0.00003671,16.1721,331.6342,162.2919
3544,136,16,0.4684,0.00003671,17.8683,347.3663,143.5561
3545,128,16,0.4682,0.00003671,19.5064,332.6095,181.5858
3546,38,9,0.4681,0.00003670,16.0638,331.9105,207.0433
3547,44,12,0.4679,0.00003670,20.8634,325.1243,161.9058
3548,32,8,0.4678,0.00003670,18.1706,323.2703,229.7503
3549,97,13,0.4677,0.00003669,19.3808,327.7182,166.9479
3550,25,6,0.4675,0.00003669,23.1072,324.1510,114.6720
3551,82,11,0.4674,0.00003668,16.8285,332.7517,154.8984
3552,99,15,0.4672,0.00003668,16.9512,343.0883,150.7337
3553,39,11,0.4671,0.00003668,20.4324,331.9588,252.0653
3554,441,31,0.4669,0.00003667,15.9372,339.9311,169.5419
3555,54,12,0.4667,0.00003667,22.5790,327.0509,233.0397
3556,55,11,0.4666,0.00003667,21.8656,336.5904,197.8859
3557,107,10,0.4665,0.00003666,14.4523,335.1666,222.4520
3558,24,6,0.4663,0.00003666,19.2794,321.6333,125.2100
3559,64,15,0.4662,0.00003665,21.1744,329.2625,195.0238
3560,86,15,0.4660,0.00003665,19.4210,321.3861,167.9079
3561,84,12,0.4658,0.00003665,16.7487,333.4547,188.8636
3562,121,17,0.4657,0.00003664,23.2703,341.0631,230.8901
3563,83,13,0.4656,0.00003664,19.5176,330.4225,158.2849
3564,73,11,0.4654,0.00003664,25.3045,331.5563,176.9481
3565,53,10,0.4653,0.00003663,10.7301,336.0226,247.4192
3566,203,20,0.4651,0.00003663,17.3263,331.2448,209.0799
3567,37,8,0.4649,0.00003662,20.0680,327.1409,176.2852
3568,38,9,0.4648,0.00003662,21.0349,333.4301,215.7199
3569,165,18,0.4647,0.00003662,20.7031,337.4088,347.4894
3570,57,11,0.4645,0.00003661,15.4924,335.0729,248.8013
3571,52,11,0.4644,0.00003661,18.9516,329.1207,308.6519
3572,42,11,0.4642,0.00003660,21.4773,335.1958,186.8640
3573,44,11,0.4640,0.00003660,29.7397,325.7657,185.6295
3574,48,11,0.4639,0.00003660,15.5242,335.1771,100.7931
3575,118,15,0.4637,0.00003659,18.2355,342.2886,271.4506
3576,70,14,0.4636,0.00003659,18.1659,331.8397,300.0031
3577,36,9,0.4635,0.00003659,17.9003,329.7987,217.9331
3578,30,7,0.4633,0.00003658,26.0956,325.2750,339.1565
3579,125,16,0.4631,0.00003658,18.7559,336.1384,342.3318
3580,150,14,0.4630,0.00003658,17.6168,334.3629,213.5170
3581,100,14,0.4628,0.00003657,16.0950,340.7462,199.9446
3582,55,10,0.4627,0.00003657,21.2526,327.3492,182.3061
3583,41,11,0.4626,0.00003656,18.7251,332.1852,179.0730
3584,83,14,0.4624,0.00003656,16.0347,337.7327,197.2769
3585,74,12,0.4622,0.00003656,13.7103,327.8276,149.2279
3586,115,17,0.4621,0.00003655,17.6016,334.0771,155.6962
3587,166,20,0.4619,0.00003655,20.8149,333.9943,224.1101
3588,42,10,0.4618,0.00003655,14.8811,334.4420,170.1253
3589,138,17,0.4617,0.00003654,20.7335,333.4698,195.2248
3590,84,13,0.4615,0.00003654,19.4135,330.3364,153.5043
3591,69,14,0.4613,0.00003653,19.6396,331.6188,148.0189
3592,37,10,0.4612,0.00003653,20.6712,329.4023,211.8046
3593,75,15,0.4610,0.00003653,18.4121,330.8617,252.5963
3594,30,7,0.4609,0.00003652,15.3405,333.4904,162.2978
3595,60,12,0.4607,0.00003652,12.4389,337.9163,143.3878
3596,161,17,0.4606,0.00003651,22.2580,338.0240,253.5244
3597,86,13,0.4604,0.00003651,25.0836,327.1408,206.1646
3598,76,14,0.4603,0.00003651,15.2760,337.3715,156.6436
3599,198,21,0.4601,0.00003650,20.9632,340.6787,201.3885
3600,37,10,0.4600,0.00003650,18.1774,336.0044,299.4262
3601,195,20,0.4598,0.00003650,16.3178,338.1848,209.6463
3602,65,11,0.4597,0.00003649,17.6999,326.9174,207.5934
3603,109,15,0.4595,0.00003649,20.5587,341.0150,234.5809
3604,55,12,0.4594,0.00003649,18.0703,339.3040,181.5657
3605,43,11,0.4592,0.00003648,17.1363,324.9739,141.4153
3606,55,12,0.4591,0.00003648,19.5082,334.1021,266.1857
3607,121,15,0.4589,0.00003647,25.3606,348.9495,153.4069
3608,34,8,0.4588,0.00003647,16.5604,337.5563,285.6326
3609,34,8,0.4587,0.00003647,21.6267,334.9712,239.5189
3610,80,14,0.4585,0.00003646,16.9149,332.5285,202.9475
3611,69,12,0.4584,0.00003646,17.9409,339.4264,146.5183
3612,379,28,0.4582,0.00003646,20.3090,343.3826,241.2372
3613,33,9,0.4581,0.00003645,16.8076,335.1222,211.9544
3614,62,12,0.4579,0.00003645,19.5090,334.5670,227.2654
3615,70,12,0.4577,0.00003644,14.9259,334.2353,274.9142
3616,101,16,0.4576,0.00003644,21.0078,344.1773,207.2064
3617,39,8,0.4575,0.00003644,19.1773,345.6914,227.1698
3618,30,7,0.4573,0.00003643,13.7026,335.9414,240.4037
3619,44,9,0.4572,0.00003643,14.2503,323.9183,172.9543
3620,54,11,0.4570,0.00003643,16.4730,342.9453,116.8906
3621,55,13,0.4568,0.00003642,19.0364,335.9029,175.8071
3622,43,11,0.4567,0.00003642,18.2916,341.2738,208.2997
3623,57,11,0.4566,0.00003641,15.0315,339.2542,169.2368
3624,66,12,0.4564,0.00003641,20.5518,332.0556,138.3457
3625,52,11,0.4563,0.00003641,16.7451,341.1784,139.6712
3626,33,9,0.4561,0.00003640,22.5673,335.5616,169.1782
3627,45,9,0.4559,0.00003640,13.4034,342.3723,104.3700
3628,419,30,0.4558,0.00003639,16.6472,348.1485,219.5487
3629,71,11,0.4556,0.00003639,13.5023,341.0279,259.8261
3630,238,25,0.4555,0.00003639,17.4957,355.5521,224.3190
3631,167,16,0.4554,0.00003638,17.9550,346.1518,224.6999
3632,227,20,0.4552,0.00003638,18.2023,339.2193,173.4953
3633,41,11,0.4550,0.00003638,20.3722,323.1235,306.5006
3634,390,24,0.4549,0.00003637,17.2461,360.4723,215.8091
3635,44,9,0.4547,0.00003637,18.7752,334.2604,159.7619
3636,103,12,0.4546,0.00003637,26.3349,345.4552,118.3847
3637,116,13,0.4545,0.00003636,12.8749,346.0051,159.7611
3638,121,18,0.4543,0.00003636,21.0642,336.3226,268.6246
3639,23,6,0.4541,0.00003635,15.6446,332.4252,198.3054
3640,363,30,0.4540,0.00003635,19.0018,340.8318,244.9965
3641,246,23,0.4538,0.00003635,20.0584,342.3100,195.0973
3642,148,20,0.4537,0.00003634,22.9685,344.9023,279.5830
3643,172,14,0.4536,0.00003634,16.6768,353.4899,174.6566
3644,62,15,0.4534,0.00003634,16.5072,338.2091,171.3973
3645,165,15,0.4532,0.00003633,17.5091,354.4552,209.5546
3646,68,12,0.4531,0.00003633,16.8634,337.4263,133.7466
3647,97,14,0.4529,0.00003632,22.0425,350.5486,163.6769
3648,72,13,0.4528,0.00003632,21.7838,343.8559,206.7419
3649,79,12,0.4526,0.00003632,12.2886,342.8696,147.3463
3650,57,11,0.4525,0.00003631,13.5264,336.4335,263.1291
3651,55,14,0.4523,0.00003631,18.7750,334.0544,259.1424
3652,101,16,0.4522,0.00003630,16.7667,340.9896,163.4398
3653,460,24,0.4520,0.00003630,23.8992,367.4606,177.5312
3654,39,11,0.4519,0.00003630,14.2222,339.3305,172.6233
3655,109,12,0.4517,0.00003629,19.6756,367.4670,133.7597
3656,85,14,0.4516,0.00003629,15.3029,350.4512,153.2016
3657,33,10,0.4514,0.00003629,16.6090,350.5031,226.6792
3658,84,13,0.4513,0.00003628,21.1994,344.1268,242.4286
3659,50,11,0.4511,0.00003628,9.2409,344.1852,292.5727
3660,41,12,0.4510,0.00003628,19.0551,344.1202,317.8941
3661,121,16,0.4508,0.00003627,17.6296,355.5179,128.4969
3662,124,19,0.4507,0.00003627,20.5564,338.6486,266.8547
3663,33,11,0.4505,0.00003626,17.8939,343.3084,237.4707
3664,88,15,0.4504,0.00003626,20.5210,346.8903,170.4293
3665,102,16,0.4502,0.00003626,16.1420,351.7469,170.1113
3666,56,11,0.4501,0.00003625,18.2835,331.7559,189.6259
3667,105,16,0.4499,0.00003625,22.4861,347.7942,176.0463
3668,137,20,0.4498,0.00003625,21.3203,344.4381,186.3226
3669,49,9,0.4496,0.00003624,13.1542,347.8625,193.1089
3670,80,14,0.4495,0.00003624,17.9081,351.6781,196.2855
3671,106,16,0.4494,0.00003623,21.8861,352.9949,150.3149
3672,129,17,0.4492,0.00003623,23.6052,353.0476,124.8209
3673,36,9,0.4491,0.00003623,13.3305,353.4412,204.4919
3674,54,9,0.4489,0.00003622,15.8666,348.2506,141.6575
3675,58,11,0.4487,0.00003622,16.2915,343.1398,211.5124
3676,291,19,0.4486,0.00003622,19.4276,362.9947,125.8612
3677,82,13,0.4485,0.00003621,9.9426,343.7771,283.6950
3678,53,12,0.4483,0.00003621,24.5264,348.5660,212.1185
3679,51,11,0.4482,0.00003620,29.4144,355.4424,192.3441
3680,164,16,0.4480,0.00003620,23.1291,346.6330,176.4649
3681,44,11,0.4478,0.00003620,22.4735,350.7356,241.1757
3682,236,27,0.4477,0.00003619,20.5317,356.0128,134.5711
3683,131,16,0.4476,0.00003619,20.6403,344.9448,209.8119
3684,36,8,0.4474,0.00003618,16.9114,344.4796,169.1953
3685,54,10,0.4473,0.00003618,14.7970,350.9305,179.9940
3686,203,20,0.4471,0.00003618,16.4225,354.1064,186.8936
3687,51,9,0.4469,0.00003617,32.0177,341.3752,196.8868
3688,197,22,0.4468,0.00003617,17.0229,351.5935,222.6254
3689,130,16,0.4466,0.00003617,22.7072,354.4089,181.0474
3690,78,11,0.4465,0.00003616,19.6754,354.0220,216.1166
3691,135,17,0.4464,0.00003616,20.4697,343.6486,141.9131
3692,105,15,0.4462,0.00003616,21.7490,349.1002,149.0448
3693,26,7,0.4460,0.00003615,16.2218,334.6807,148.8505
3694,79,11,0.4459,0.00003615,21.2131,352.9449,204.2507
3695,621,32,0.4457,0.00003614,16.6270,369.4570,169.6241
3696,34,8,0.4456,0.00003614,20.6613,352.2434,146.9414
3697,35,9,0.4455,0.00003614,25.4988,342.9786,177.8396
3698,157,19,0.4453,0.00003613,19.8781,359.0184,221.9400
3699,53,10,0.4451,0.00003613,13.8717,352.7106,264.4841
3700,20,4,0.4450,0.00003612,12.5944,345.3317,102.1485
3701,55,11,0.4448,0.00003612,19.2964,339.3788,192.6928
3702,101,12,0.4447,0.00003612,14.5430,338.0097,135.5700
3703,34,9,0.4446,0.00003611,20.0591,342.2232,171.9360
3704,188,21,0.4444,0.00003611,20.7586,346.1318,168.9071
3705,57,11,0.4442,0.00003611,26.7049,345.0765,158.6327
3706,56,14,0.4441,0.00003610,17.9227,347.8276,248.6319
3707,43,11,0.4439,0.00003610,25.9600,354.2830,154.6180
3708,255,26,0.4438,0.00003609,17.6885,347.3289,256.2593
3709,54,10,0.4436,0.00003609,10.9162,343.5442,188.3907
3710,28,7,0.4435,0.00003609,14.4036,348.1500,221.0994
3711,36,9,0.4433,0.00003608,22.3508,348.7242,192.7762
3712,50,10,0.4432,0.00003608,22.9378,351.3392,140.9637
3713,78,14,0.4430,0.00003608,22.6140,349.2612,210.2249
3714,56,10,0.4429,0.00003607,10.4004,361.1016,286.2499
3715,55,11,0.4427,0.00003607,24.9156,356.4883,378.2505
3716,41,10,0.4426,0.00003607,20.8010,351.6586,345.1830
3717,109,18,0.4424,0.00003606,13.2438,364.5493,203.6183
3718,36,9,0.4423,0.00003606,26.8372,356.3760,195.3260
3719,79,13,0.4421,0.00003605,15.0754,354.6818,162.4840
3720,91,16,0.4420,0.00003605,19.4838,362.1847,213.9076
3721,25,7,0.4418,0.00003605,28.6923,348.9318,97.6620
3722,505,33,0.4417,0.00003604,26.5661,366.6481,154.6694
3723,59,12,0.4415,0.00003604,21.9429,339.8634,183.1727
3724,178,20,0.4414,0.00003604,22.7405,359.1682,167.2636
3725,82,14,0.4412,0.00003603,20.5006,356.7718,197.4397
3726,322,31,0.4411,0.00003603,19.7011,367.3140,254.7029
3727,38,10,0.4409,0.00003602,20.7952,343.9543,284.8568
3728,251,18,0.4408,0.00003602,15.8195,362.5551,158.9037
3729,54,12,0.4406,0.00003602,17.9929,360.7421,144.1786
3730,56,13,0.4405,0.00003601,23.4377,349.4059,288.9047
3731,57,11,0.4404,0.00003601,17.2456,347.7805,168.0074
3732,52,10,0.4402,0.00003601,22.2253,357.3240,313.2130
3733,62,14,0.4401,0.00003600,16.0245,362.6260,202.6355
3734,549,26,0.4399,0.00003600,19.7756,387.7299,217.0139
3735,39,8,0.4397,0.00003599,19.7842,360.2568,254.1209
3736,68,13,0.4396,0.00003599,13.0093,355.3201,211.1899
3737,61,13,0.4395,0.00003599,13.9478,365.6747,246.4236
3738,52,10,0.4393,0.00003598,13.7188,353.4320,180.4334
3739,84,13,0.4392,0.00003598,19.3436,363.4060,238.6989
3740,43,11,0.4390,0.00003598,28.3104,343.7419,187.2937
3741,38,10,0.4388,0.00003597,16.3159,348.6548,205.4024
3742,35,9,0.4387,0.00003597,25.6676,347.8866,128.4435
3743,81,13,0.4385,0.00003596,17.2914,346.1152,189.2504
3744,237,20,0.4384,0.00003596,17.2825,366.7056,136.5826
3745,102,10,0.4383,0.00003596,17.9413,350.5413,190.7772
3746,43,11,0.4381,0.00003595,22.1859,351.1848,148.3572
3747,32,8,0.4379,0.00003595,19.3647,352.0522,207.6763
3748,89,15,0.4378,0.00003595,16.2995,361.1448,229.5431
3749,65,13,0.4376,0.00003594,18.3401,352.9190,253.7340
3750,303,27,0.4375,0.00003594,18.1687,363.4441,332.7871
3751,177,20,0.4374,0.00003593,18.8802,361.1057,350.0478
3752,120,15,0.4372,0.00003593,15.0543,354.4564,217.8302
3753,40,10,0.4371,0.00003593,16.9753,364.8238,268.7046
3754,78,14,0.4369,0.00003592,15.6328,344.9674,387.4920
3755,87,14,0.4367,0.00003592,15.3651,356.0795,216.6816
3756,231,20,0.4366,0.00003591,21.4388,361.2421,223.9232
3757,100,17,0.4365,0.00003591,16.6588,364.9108,172.2650
3758,229,22,0.4363,0.00003591,17.0892,359.8142,224.3656
3759,101,16,0.4362,0.00003590,18.4290,361.3840,235.5114
3760,170,17,0.4360,0.00003590,22.5064,369.1826,137.6779
3761,256,28,0.4358,0.00003590,11.8499,357.7840,180.7784
3762,77,11,0.4357,0.00003589,16.7553,352.8139,170.2666
3763,162,21,0.4355,0.00003589,19.7988,364.5048,212.6844
3764,209,19,0.4354,0.00003588,17.8506,363.7553,274.6518
3765,75,14,0.4353,0.00003588,20.7047,361.0776,191.4900
3766,53,13,0.4351,0.00003588,20.9114,342.7514,192.5633
3767,101,17,0.4349,0.00003587,24.4700,359.3732,256.7243
3768,45,12,0.4348,0.00003587,17.6898,342.3563,188.5065
3769,160,17,0.4346,0.00003587,21.8143,354.5218,281.3770
3770,53,10,0.4345,0.00003586,12.8144,358.4565,182.7679
3771,35,9,0.4344,0.00003586,23.8821,350.1711,284.7428
3772,56,14,0.4342,0.00003586,18.3384,354.1430,262.6703
3773,41,9,0.4340,0.00003585,26.0306,358.3418,152.6729
3774,82,15,0.4339,0.00003585,22.8785,357.7905,330.6411
3775,40,10,0.4337,0.00003584,13.6259,348.8403,140.7241
3776,235,20,0.4336,0.00003584,21.1873,378.4688,222.0502
3777,35,10,0.4335,0.00003584,22.4531,349.6822,232.0275
3778,64,14,0.4333,0.00003583,19.4144,349.7019,172.1126
3779,88,13,0.4331,0.00003583,28.6972,370.2701,196.4915
3780,137,17,0.4330,0.00003583,18.7538,358.4285,164.3797
3781,258,17,0.4328,0.00003582,21.2979,367.8032,114.7568
3782,71,10,0.4327,0.00003582,19.9831,363.2405,152.0699
3783,68,11,0.4325,0.00003581,20.5080,359.9260,431.7649
3784,40,10,0.4324,0.00003581,31.7279,357.4142,333.5824
3785,55,10,0.4322,0.00003581,14.9830,364.4066,231.5618
3786,35,9,0.4321,0.00003580,14.1621,358.2336,169.7395
3787,58,12,0.4319,0.00003580,20.1285,359.3696,173.7801
3788,41,12,0.4318,0.00003580,21.5303,354.9738,184.1495
3789,229,20,0.4316,0.00003579,23.7229,368.6417,235.8714
3790,129,18,0.4315,0.00003579,19.2745,351.4054,182.5946
3791,93,14,0.4314,0.00003578,21.7972,356.2681,160.1051
3792,40,11,0.4312,0.00003578,21.8954,357.7165,255.2890
3793,49,9,0.4311,0.00003578,21.1425,356.8613,301.1519
3794,181,25,0.4309,0.00003577,20.8891,352.6021,176.9736
3795,203,22,0.4308,0.00003577,19.7181,372.0360,284.6343
3796,57,12,0.4306,0.00003577,22.1213,365.4896,162.5226
3797,558,27,0.4304,0.00003576,17.6698,373.8607,123.6370
3798,84,13,0.4303,0.00003576,18.2770,357.1718,162.6446
3799,33,7,0.4302,0.00003575,21.2156,356.9596,112.1772
3800,122,14,0.4300,0.00003575,23.0384,366.7938,167.1863
3801,34,8,0.4299,0.00003575,15.0233,352.6110,246.9526
3802,29,6,0.4297,0.00003574,17.0074,354.6799,452.8653
3803,37,10,0.4295,0.00003574,17.7757,362.8022,225.8091
3804,38,10,0.4294,0.00003574,24.8002,365.7755,192.5685
3805,68,12,0.4293,0.00003573,18.6887,345.2651,182.3528
3806,22,6,0.4291,0.00003573,30.1631,356.5101,193.3213
3807,90,14,0.4290,0.00003572,14.5131,368.0631,324.7146
3808,64,16,0.4288,0.00003572,21.4814,370.3906,281.8146
3809,80,12,0.4286,0.00003572,17.3994,363.5153,228.4992
3810,61,12,0.4285,0.00003571,17.9832,363.8348,156.3886
3811,172,17,0.4284,0.00003571,29.1295,370.1736,233.0617
3812,36,8,0.4282,0.00003571,26.3730,354.1995,162.2985
3813,98,12,0.4281,0.00003570,18.5832,356.2508,189.1554
3814,132,16,0.4279,0.00003570,19.9599,361.9224,183.8622
3815,166,21,0.4277,0.00003569,19.1972,357.9815,267.1818
3816,64,13,0.4276,0.00003569,24.9864,364.3078,161.5723
3817,139,18,0.4274,0.00003569,19.6474,361.3172,202.7009
3818,47,9,0.4273,0.00003568,29.7929,350.1784,177.8726
3819,225,19,0.4272,0.00003568,20.6363,368.8673,191.2797
3820,71,15,0.4270,0.00003567,16.0627,366.1013,230.1807
3821,76,10,0.4268,0.00003567,13.7127,366.7042,305.1553
3822,367,22,0.4267,0.00003567,21.8933,376.8567,226.3459
3823,72,14,0.4265,0.00003566,18.3868,366.7070,206.6631
3824,72,12,0.4264,0.00003566,19.0093,360.8161,196.0409
3825,356,26,0.4263,0.00003566,18.4005,380.1755,170.4977
3826,160,18,0.4261,0.00003565,19.8389,366.0844,166.7000
3827,41,12,0.4259,0.00003565,19.6016,363.8180,197.6649
3828,57,13,0.4258,0.00003565,13.0312,356.5150,139.3828
3829,49,8,0.4256,0.00003564,13.6400,366.6913,84.8948
3830,57,12,0.4255,0.00003564,20.5469,365.3691,132.4406
3831,200,19,0.4254,0.00003563,23.2366,367.9690,172.0645
3832,111,14,0.4252,0.00003563,20.2838,355.7356,187.1935
3833,32,8,0.4250,0.00003563,20.6199,359.3730,242.7662
3834,169,15,0.4249,0.00003562,23.5579,371.8424,141.3255
3835,62,13,0.4247,0.00003562,18.0917,361.7980,227.0048
3836,27,7,0.4246,0.00003562,20.5220,356.6365,244.3987
3837,83,15,0.4244,0.00003561,17.2432,362.3513,145.0574
3838,81,12,0.4243,0.00003561,19.8633,364.6834,179.2999
3839,50,9,0.4241,0.00003560,17.7300,363.0805,154.8201
3840,81,12,0.4240,0.00003560,21.9870,361.3275,194.0997
3841,145,19,0.4238,0.00003560,20.7979,367.1884,275.9488
3842,54,11,0.4237,0.00003559,18.9942,361.3118,228.4965
3843,58,11,0.4235,0.00003559,15.0937,353.6751,246.9649
3844,57,12,0.4234,0.00003558,16.9841,369.2917,250.0880
3845,33,10,0.4232,0.00003558,30.3552,353.1350,208.6279
3846,309,23,0.4231,0.00003558,22.2571,373.2099,223.4183
3847,47,12,0.4229,0.00003557,21.2680,365.3710,177.2883
3848,78,12,0.4228,0.00003557,18.5157,359.4899,200.2944
3849,51,10,0.4226,0.00003557,25.4500,362.6491,289.4023
3850,49,12,0.4225,0.00003556,16.7494,368.5027,208.9474
3851,79,16,0.4224,0.00003556,18.4509,364.3629,205.8866
3852,50,10,0.4222,0.00003556,21.4308,356.9700,245.3466
3853,25,7,0.4221,0.00003555,17.2043,352.8071,248.8614
3854,58,12,0.4219,0.00003555,27.1864,357.5415,132.6754
3855,69,12,0.4218,0.00003554,21.6636,368.7520,210.9289
3856,27,6,0.4216,0.00003554,12.4793,359.8466,195.9012
3857,56,10,0.4214,0.00003554,18.3603,367.5480,220.9542
3858,35,9,0.4213,0.00003553,20.9272,356.1181,95.4208
3859,49,9,0.4212,0.00003553,15.0783,365.0678,303.7970
3860,126,16,0.4210,0.00003553,21.5663,381.2477,277.2102
3861,60,12,0.4209,0.00003552,20.2253,361.1507,170.6449
3862,32,8,0.4207,0.00003552,20.1867,353.6320,119.0289
3863,88,14,0.4205,0.00003551,19.3607,374.7215,207.9238
3864,44,10,0.4204,0.00003551,24.1711,357.1283,132.5935
3865,117,18,0.4203,0.00003551,19.0403,371.4677,188.5754
3866,229,20,0.4201,0.00003550,20.0910,361.5166,348.5743
3867,76,13,0.4200,0.00003550,22.3053,371.8584,184.9098
3868,51,12,0.4198,0.00003549,26.8870,355.0970,230.0805
3869,201,23,0.4196,0.00003549,16.3065,370.8569,195.7981
3870,76,11,0.4195,0.00003549,21.1691,352.5407,242.8332
3871,37,10,0.4194,0.00003548,24.3474,370.5788,127.7883
3872,130,19,0.4192,0.00003548,17.8674,371.1787,157.0308
3873,73,13,0.4191,0.00003548,18.1697,371.1272,247.2371
3874,37,9,0.4189,0.00003547,16.4657,369.0257,298.9208
3875,86,14,0.4187,0.00003547,19.6737,367.9075,364.3053
3876,295,20,0.4186,0.00003547,20.4718,370.2419,214.4367
3877,40,10,0.4184,0.00003546,15.1922,369.7069,163.4068
3878,201,27,0.4183,0.00003546,17.0052,363.9098,169.9364
3879,33,10,0.4182,0.00003545,16.6252,364.7571,219.2293
3880,22,6,0.4180,0.00003545,14.4763,358.3686,178.1641
3881,53,9,0.4178,0.00003545,24.8837,359.8868,195.3410
3882,167,15,0.4177,0.00003544,22.0759,379.9821,231.3299
3883,50,10,0.4175,0.00003544,16.7988,354.6058,233.0789
3884,55,12,0.4174,0.00003544,19.5114,365.9420,203.0425
3885,87,15,0.4173,0.00003543,22.9644,363.8785,160.8936
3886,83,13,0.4171,0.00003543,16.9435,367.0600,191.0418
3887,173,16,0.4169,0.00003542,23.1929,366.6061,234.8840
3888,566,29,0.4168,0.00003542,19.8115,388.3731,170.5189
3889,63,15,0.4166,0.00003542,15.1170,363.7601,280.5887
3890,36,9,0.4165,0.00003541,17.5149,365.1058,197.3314
3891,89,17,0.4163,0.00003541,19.4626,372.9686,179.7819
3892,118,14,0.4162,0.00003541,15.6253,362.9829,207.0304
3893,65,13,0.4160,0.00003540,18.6211,380.6903,272.0408
3894,296,21,0.4159,0.00003540,23.1498,375.1744,378.3961
3895,32,7,0.4157,0.00003539,18.9276,359.7755,274.7497
3896,35,9,0.4156,0.00003539,14.1588,362.4778,234.7001
3897,41,9,0.4154,0.00003539,17.1591,351.5199,147.4174
3898,40,10,0.4153,0.00003538,12.1445,365.4774,153.8845
3899,89,15,0.4151,0.00003538,16.2832,376.4076,197.1397
3900,35,8,0.4150,0.00003537,28.3593,367.3619,164.7045
3901,82,13,0.4148,0.00003537,17.4127,368.5847,233.0683
3902,54,11,0.4147,0.00003537,24.6598,366.8102,143.2740
3903,158,15,0.4145,0.00003536,18.8954,383.3083,140.5728
3904,88,15,0.4144,0.00003536,20.5543,377.0512,192.4088
3905,38,11,0.4142,0.00003536,18.4788,366.0856,153.2476
3906,88,14,0.4141,0.00003535,18.5726,367.4968,234.1151
3907,177,19,0.4139,0.00003535,19.7963,364.4952,126.0647
3908,40,11,0.4138,0.00003535,22.1535,362.3556,110.7171
3909,23,6,0.4136,0.00003534,16.8688,351.7840,123.3124
3910,166,20,0.4135,0.00003534,23.0423,373.4947,122.0749
3911,121,14,0.4133,0.00003533,18.4360,372.7736,155.3202
3912,54,12,0.4132,0.00003533,20.9315,370.7785,156.3033
3913,157,18,0.4131,0.00003533,17.5690,377.1220,214.6791
3914,34,9,0.4129,0.00003532,25.6367,367.6256,325.8644
3915,119,15,0.4128,0.00003532,15.6957,366.6910,315.3051
3916,184,23,0.4126,0.00003532,18.8092,368.0466,144.0105
3917,105,14,0.4124,0.00003531,18.3926,377.3107,196.6926
3918,38,11,0.4123,0.00003531,21.0000,363.5506,233.1278
3919,163,15,0.4122,0.00003530,14.9668,370.3454,197.0916
3920,63,12,0.4120,0.00003530,22.3283,364.3011,191.1364
3921,57,12,0.4119,0.00003530,15.6129,363.4077,269.1906
3922,48,10,0.4117,0.00003529,25.6509,351.9478,225.4832
3923,51,9,0.4115,0.00003529,21.0085,363.7395,200.8498
3924,26,8,0.4114,0.00003528,35.5034,361.4712,229.7662
3925,185,17,0.4113,0.00003528,22.2929,373.5829,237.8871
3926,86,14,0.4111,0.00003528,20.6912,371.0450,138.4206
3927,38,10,0.4110,0.00003527,14.9704,365.4694,282.8058
3928,57,11,0.4108,0.00003527,20.1022,378.0068,278.4134
3929,168,19,0.4106,0.00003527,17.5714,368.5762,194.6554
3930,117,15,0.4105,0.00003526,19.5248,364.2580,138.5131
3931,86,13,0.4103,0.00003526,16.3959,351.8123,236.8276
3932,28,7,0.4102,0.00003526,8.2136,362.2370,309.3561
3933,574,31,0.4101,0.00003525,22.2134,385.6818,231.6800
3934,35,11,0.4099,0.00003525,27.2139,375.6802,213.0269
3935,40,10,0.4097,0.00003524,15.4302,371.3039,97.2459
3936,84,14,0.4096,0.00003524,12.8158,367.5821,170.2544
3937,391,26,0.4094,0.00003524,20.2461,370.3638,166.0850
3938,25,6,0.4093,0.00003523,14.6095,366.8231,231.6417
3939,87,15,0.4092,0.00003523,22.2688,373.9846,250.6065
3940,218,16,0.4090,0.00003523,24.2244,377.4890,174.1852
3941,33,8,0.4088,0.00003522,17.7704,367.8525,169.6040
3942,56,12,0.4087,0.00003522,14.4228,372.3990,180.1849
3943,77,11,0.4085,0.00003521,21.7643,372.5957,201.0555
3944,53,11,0.4084,0.00003521,18.5968,361.5274,133.7328
3945,187,20,0.4083,0.00003521,20.3131,379.6069,208.2333
3946,112,14,0.4081,0.00003520,20.3955,377.6000,176.8319
3947,34,7,0.4079,0.00003520,19.0620,359.9267,203.4163
3948,56,11,0.4078,0.00003520,22.5653,377.0029,192.0292
3949,154,14,0.4076,0.00003519,16.8828,370.4374,153.9481
3950,38,10,0.4075,0.00003519,21.1525,365.9040,216.8603
3951,106,16,0.4073,0.00003518,23.8755,376.9406,215.3494
3952,170,22,0.4072,0.00003518,20.1518,363.6884,213.1744
3953,228,22,0.4070,0.00003518,18.0478,366.0930,167.3393
3954,98,16,0.4069,0.00003517,25.0332,373.8161,212.3275
3955,32,8,0.4067,0.00003517,22.8314,369.0003,168.6482
3956,24,6,0.4066,0.00003516,14.5485,365.1764,232.4786
3957,195,19,0.4064,0.00003516,18.5133,361.2965,165.5534
3958,45,11,0.4063,0.00003516,17.6750,371.6008,80.8435
3959,54,11,0.4061,0.00003515,20.1666,373.9634,203.7431
3960,54,11,0.4060,0.00003515,17.0831,368.7343,226.6147
3961,40,10,0.4058,0.00003515,11.6604,373.1328,173.9847
3962,146,19,0.4057,0.00003514,20.2275,373.6949,128.6701
3963,57,14,0.4055,0.00003514,19.1213,375.7074,138.2693
3964,39,9,0.4054,0.00003514,22.7240,365.5758,255.0174
3965,51,12,0.4052,0.00003513,18.5145,371.3306,207.5334
3966,131,17,0.4051,0.00003513,22.9241,365.0382,218.4051
3967,40,7,0.4049,0.00003512,26.1035,360.4410,168.7096
3968,46,12,0.4048,0.00003512,18.7427,368.1333,126.5108
3969,85,15,0.4046,0.00003512,23.8699,382.6828,189.3043
3970,54,12,0.4045,0.00003511,15.6788,375.7666,318.7756
3971,74,13,0.4043,0.00003511,26.9873,374.4037,240.6831
3972,124,18,0.4042,0.00003510,21.1986,374.8483,206.8845
3973,28,5,0.4041,0.00003510,24.4934,378.0749,160.7228
3974,37,10,0.4039,0.00003510,23.1233,371.8847,137.0364
3975,99,16,0.4038,0.00003509,21.1135,380.9917,181.8092
3976,43,11,0.4036,0.00003509,23.9541,367.1292,230.6602
3977,205,25,0.4034,0.00003509,25.7147,380.1845,162.1004
3978,59,13,0.4033,0.00003508,25.9471,374.0925,265.6752
3979,224,19,0.4032,0.00003508,16.6000,378.5826,284.3330
3980,58,12,0.4030,0.00003507,12.7305,371.8923,213.0789
3981,80,14,0.4029,0.00003507,29.2739,375.2517,206.4120
3982,49,11,0.4027,0.00003507,22.8180,370.9346,284.1088
3983,120,15,0.4025,0.00003506,19.1254,379.1270,225.5005
3984,87,14,0.4024,0.00003506,23.2777,386.5256,245.5482
3985,54,10,0.4022,0.00003506,20.8704,373.2403,212.5568
3986,37,10,0.4021,0.00003505,16.2156,371.1979,155.4375
3987,210,20,0.4020,0.00003505,16.4162,386.1919,154.7848
3988,77,12,0.4018,0.00003505,12.8915,371.1857,186.9858
3989,33,9,0.4016,0.00003504,25.2960,365.6814,177.6317
3990,303,22,0.4015,0.00003504,19.8638,383.6402,172.9364
3991,38,10,0.4013,0.00003503,21.1413,368.0572,274.3846
3992,51,9,0.4012,0.00003503,19.9596,372.9316,164.0216
3993,160,15,0.4011,0.00003503,21.1644,378.0586,321.7383
3994,54,11,0.4009,0.00003502,19.3684,365.6327,218.4308
3995,201,17,0.4007,0.00003502,17.2158,391.6659,172.1105
3996,84,16,0.4006,0.00003502,23.1766,366.0348,182.7053
3997,121,17,0.4004,0.00003501,21.4411,367.8517,241.3564
3998,70,13,0.4003,0.00003501,26.2054,368.9915,200.6137
3999,45,10,0.4002,0.00003500,14.9159,367.7919,158.0174
4000,171,18,0.4000,0.00003500,20.5741,378.1131,205.8887
4001,80,15,0.3999,0.00003500,14.7363,374.7868,180.9740
4002,38,9,0.3997,0.00003499,18.3631,353.6587,150.9237
4003,50,11,0.3995,0.00003499,23.5082,379.0688,196.6142
4004,43,8,0.3994,0.00003499,11.9403,373.4160,229.5226
4005,292,21,0.3992,0.00003498,18.1084,379.7498,201.4819
4006,163,20,0.3991,0.00003498,21.4505,383.1316,261.8532
4007,128,19,0.3990,0.00003497,24.0353,381.7650,245.6669
4008,41,10,0.3988,0.00003497,24.0095,376.4792,218.2403
4009,181,19,0.3986,0.00003497,27.1884,377.0295,215.5901
4010,36,11,0.3985,0.00003496,18.1653,359.6033,206.6923
4011,222,25,0.3983,0.00003496,23.8698,391.0134,194.8424
4012,42,11,0.3982,0.00003495,22.0654,372.0611,167.5968
4013,41,10,0.3981,0.00003495,19.4977,378.0423,146.9798
4014,38,7,0.3979,0.00003495,13.0238,377.5177,181.4867
4015,42,11,0.3977,0.00003494,16.7951,378.6586,158.6843
4016,58,14,0.3976,0.00003494,16.8766,376.3746,148.6392
4017,78,11,0.3974,0.00003494,19.7495,384.2124,200.8720
4018,84,13,0.3973,0.00003493,17.2016,381.9801,155.9644
4019,60,13,0.3972,0.00003493,13.3200,384.9564,170.5457
4020,142,20,0.3970,0.00003493,17.8282,383.5971,235.5773
4021,36,8,0.3968,0.00003492,11.7785,374.0680,170.5539
4022,316,26,0.3967,0.00003492,24.1743,390.1373,154.0644
4023,56,12,0.3965,0.00003491,16.0242,374.8635,172.5611
4024,56,11,0.3964,0.00003491,16.6409,381.8449,112.1663
4025,438,24,0.3962,0.00003491,23.6958,401.9591,215.2639
4026,40,10,0.3961,0.00003490,17.0646,380.6665,159.7349
4027,38,10,0.3959,0.00003490,25.8791,384.1608,94.9966
4028,192,19,0.3958,0.00003490,22.6249,386.0168,215.4357
4029,103,13,0.3956,0.00003489,14.0353,379.0378,296.7842
4030,53,12,0.3955,0.00003489,22.5968,377.5186,281.7762
4031,31,7,0.3953,0.00003488,18.7401,368.0053,183.6799
4032,46,12,0.3952,0.00003488,25.4884,381.3825,236.8593
4033,87,13,0.3951,0.00003488,17.0058,376.0272,155.7955
4034,221,22,0.3949,0.00003487,20.5917,384.8814,196.5189
4035,88,15,0.3948,0.00003487,17.2188,380.1773,169.3014
4036,147,22,0.3946,0.00003486,24.9966,396.0484,270.2842
4037,34,8,0.3945,0.00003486,17.4344,372.7212,157.9787
4038,164,18,0.3943,0.00003486,18.7101,379.9281,208.6103
4039,114,16,0.3942,0.00003485,19.1782,378.0608,161.2347
4040,222,19,0.3940,0.00003485,14.6481,392.3338,144.8529
4041,54,10,0.3939,0.00003485,29.9297,378.6526,307.2670
4042,104,16,0.3937,0.00003484,22.1022,390.4153,215.0670
4043,34,8,0.3936,0.00003484,13.1152,378.2435,137.9779
4044,113,19,0.3934,0.00003484,21.7266,379.6105,202.5409
4045,547,27,0.3932,0.00003483,26.0744,394.0159,233.9096
4046,186,22,0.3931,0.00003483,18.7271,386.0980,226.9849
4047,88,13,0.3930,0.00003482,16.5888,389.7191,211.5343
4048,58,13,0.3928,0.00003482,16.1149,380.2099,175.5630
4049,59,12,0.3927,0.00003482,19.5658,380.5105,235.7795
4050,53,12,0.3925,0.00003481,21.9615,383.1495,283.9309
4051,228,19,0.3923,0.00003481,16.0530,390.3110,211.3932
4052,207,14,0.3922,0.00003481,20.0384,386.9892,261.2294
4053,174,18,0.3921,0.00003480,19.9662,406.3334,204.2743
4054,57,11,0.3919,0.00003480,28.6228,374.1097,238.8092
4055,55,11,0.3918,0.00003479,25.5829,376.6813,206.0297
4056,37,11,0.3916,0.00003479,21.0979,379.4566,280.5199
4057,27,6,0.3914,0.00003479,23.8261,374.0040,261.5476
4058,89,15,0.3913,0.00003478,20.9085,383.6611,169.8032
4059,220,19,0.3911,0.00003478,18.9299,391.7758,246.2522
4060,184,20,0.3910,0.00003478,21.8676,393.4734,207.4494
4061,128,18,0.3909,0.00003477,24.5299,384.8789,165.7764
4062,253,23,0.3907,0.00003477,20.8518,390.1630,234.2176
4063,502,32,0.3905,0.00003476,17.3274,394.8615,229.1103
4064,25,6,0.3904,0.00003476,25.9476,376.7827,269.3078
4065,73,10,0.3902,0.00003476,17.9138,377.6835,232.0975
4066,250,22,0.3901,0.00003475,23.2840,393.0117,175.2283
4067,52,10,0.3900,0.00003475,21.2207,379.6916,182.1253
4068,211,21,0.3898,0.00003475,24.6697,386.9982,263.3049
4069,112,11,0.3896,0.00003474,26.1493,392.9825,299.0455
4070,58,12,0.3895,0.00003474,26.2305,376.5329,265.8257
4071,99,16,0.3893,0.00003473,20.0665,372.7310,141.9211
4072,43,11,0.3892,0.00003473,21.7842,386.6333,222.0036
4073,55,9,0.3891,0.00003473,22.1095,384.4230,162.1360
4074,161,20,0.3889,0.00003472,29.7082,381.6716,325.6389
4075,55,11,0.3887,0.00003472,23.0625,387.5601,251.1939
4076,104,16,0.3886,0.00003472,19.6236,387.8291,199.5231
4077,41,10,0.3884,0.00003471,17.4119,390.6118,309.2646
4078,60,12,0.3883,0.00003471,15.3862,372.4557,359.1120
4079,72,13,0.3881,0.00003470,19.4169,388.7268,187.7934
4080,51,10,0.3880,0.00003470,24.9950,386.7495,292.2450
4081,81,13,0.3878,0.00003470,17.0180,385.1853,180.0501
4082,61,13,0.3877,0.00003469,19.1721,384.2715,182.8092
4083,259,28,0.3875,0.00003469,22.0160,382.1076,151.8777
4084,209,21,0.3874,0.00003468,21.4482,393.9981,201.7838
4085,143,18,0.3872,0.00003468,20.7186,383.9572,156.6458
4086,76,14,0.3871,0.00003468,11.9422,377.4097,245.2506
4087,145,21,0.3869,0.00003467,20.0889,398.3520,205.7381
4088,74,9,0.3868,0.00003467,22.4341,374.4252,349.6577
4089,123,16,0.3866,0.00003467,21.7414,393.5944,239.2498
4090,61,12,0.3865,0.00003466,13.0506,366.4341,145.9597
4091,50,11,0.3863,0.00003466,23.3272,389.7447,244.7645
4092,116,17,0.3862,0.00003465,17.1317,381.5351,195.0696
4093,34,9,0.3861,0.00003465,15.2857,376.9655,353.6746
4094,38,9,0.3859,0.00003465,29.3311,381.6699,386.6161
4095,37,10,0.3858,0.00003464,23.9149,378.2441,135.9940
4096,80,13,0.3856,0.00003464,28.6091,389.9815,239.3857
4097,386,27,0.3855,0.00003464,23.4126,392.0059,181.6523
4098,42,11,0.3853,0.00003463,22.5507,373.9635,156.8113
4099,50,9,0.3851,0.00003463,22.6446,385.5028,182.3663
4100,55,14,0.3850,0.00003463,16.8064,380.2196,189.7581
4101,37,10,0.3849,0.00003462,28.5254,386.2087,159.8497
4102,116,15,0.3847,0.00003462,24.5290,387.4634,145.2034
4103,53,10,0.3846,0.00003461,18.4078,382.9140,350.6088
4104,59,13,0.3844,0.00003461,29.6988,382.6823,263.4227
4105,145,18,0.3842,0.00003461,18.7539,389.2159,171.8516
4106,245,19,0.3841,0.00003460,22.1912,391.8733,176.6365
4107,335,26,0.3840,0.00003460,21.4382,390.9170,234.0577
4108,40,9,0.3838,0.00003460,24.4407,392.0253,190.0066
4109,126,16,0.3837,0.00003459,24.6073,392.0171,303.0456
4110,44,8,0.3835,0.00003459,22.4018,384.0016,315.9227
4111,40,11,0.3833,0.00003458,18.1178,374.8756,238.2686
4112,56,13,0.3832,0.00003458,22.1917,393.4092,177.8885
4113,39,9,0.3831,0.00003458,23.4440,387.3480,199.9396
4114,72,11,0.3829,0.00003457,21.5725,399.5951,185.3190
4115,209,19,0.3828,0.00003457,26.5201,387.8844,245.8796
4116,80,12,0.3826,0.00003456,18.7822,384.6080,245.5383
4117,390,26,0.3824,0.00003456,20.5931,402.8714,210.3457
4118,78,11,0.3823,0.00003456,24.8930,383.0239,202.5557
4119,77,12,0.3821,0.00003455,16.3399,395.4499,183.1133
4120,60,15,0.3820,0.00003455,16.0035,386.0467,171.8363
4121,31,8,0.3819,0.00003455,25.9524,392.4620,195.0226
4122,99,15,0.3817,0.00003454,21.0428,395.1356,196.6689
4123,59,13,0.3815,0.00003454,22.5885,386.6090,172.6473
4124,83,11,0.3814,0.00003454,15.0925,394.9233,212.8134
4125,95,14,0.3812,0.00003453,21.2018,401.1103,171.2288
4126,81,12,0.3811,0.00003453,16.4398,371.8842,157.8445
4127,59,12,0.3810,0.00003452,20.2829,387.4079,338.2600
4128,176,20,0.3808,0.00003452,16.4665,389.9575,193.3411
4129,227,21,0.3806,0.00003452,19.7614,397.3451,301.5120
4130,136,21,0.3805,0.00003451,19.4224,393.4640,171.7073
4131,169,19,0.3803,0.00003451,20.7955,392.7711,137.3027
4132,76,10,0.3802,0.00003451,24.2864,399.6319,174.3185
4133,70,11,0.3800,0.00003450,22.5988,394.3689,266.2588
4134,128,17,0.3799,0.00003450,19.5283,385.2817,345.9258
4135,61,12,0.3797,0.00003449,22.9502,379.6096,196.0699
4136,26,6,0.3796,0.00003449,15.4984,378.3290,238.7574
4137,38,10,0.3794,0.00003449,11.6969,386.1714,130.9190
4138,26,6,0.3793,0.00003448,27.5924,376.3559,126.7244
4139,45,11,0.3791,0.00003448,27.4716,381.5193,129.5011
4140,51,11,0.3790,0.00003447,24.8466,381.7683,153.3951
4141,82,14,0.3788,0.00003447,20.5839,391.2715,155.0432
4142,41,12,0.3787,0.00003447,14.0446,392.3380,136.6302
4143,112,18,0.3785,0.00003446,20.2201,388.4972,184.3791
4144,32,8,0.3784,0.00003446,11.2435,381.4894,245.4708
4145,64,12,0.3782,0.00003446,11.7601,385.9196,269.6663
4146,56,14,0.3781,0.00003445,14.1654,385.9204,174.4089
4147,80,14,0.3779,0.00003445,25.1850,409.1652,388.9637
4148,49,10,0.3778,0.00003444,20.9319,393.9081,412.8780
4149,34,8,0.3776,0.00003444,21.4489,379.9862,230.8961
4150,122,16,0.3775,0.00003444,20.6017,403.5001,294.0051
4151,73,13,0.3773,0.00003443,24.5365,385.1121,153.5783
4152,53,11,0.3772,0.00003443,17.4154,390.8295,240.2639
4153,46,15,0.3770,0.00003443,20.2579,388.9812,209.6568
4154,466,24,0.3769,0.00003442,19.0306,414.9518,165.1668
4155,48,9,0.3768,0.00003442,24.7442,383.8190,180.4216
4156,174,17,0.3766,0.00003442,27.2877,398.3399,178.3898
4157,267,23,0.3765,0.00003441,21.5875,404.1132,260.7126
4158,112,18,0.3763,0.00003441,20.2358,381.9651,172.3606
4159,86,14,0.3761,0.00003440,18.5062,395.5618,254.3659
4160,192,21,0.3760,0.00003440,21.0318,398.1017,211.1490
4161,252,24,0.3759,0.00003440,19.2592,401.4754,294.7332
4162,244,23,0.3757,0.00003439,20.0047,390.4441,297.1985
4163,39,10,0.3756,0.00003439,18.0694,386.0001,327.5679
4164,51,9,0.3754,0.00003439,19.1157,382.1418,222.4381
4165,102,17,0.3752,0.00003438,21.0965,397.9960,212.6147
4166,46,9,0.3751,0.00003438,18.9421,380.1532,226.3445
4167,67,10,0.3750,0.00003437,16.7255,391.2094,336.0066
4168,38,11,0.3748,0.00003437,21.3942,389.5414,409.7064
4169,40,8,0.3747,0.00003437,18.8633,396.2015,241.6186
4170,62,14,0.3745,0.00003436,24.0493,386.6962,314.2940
4171,52,9,0.3743,0.00003436,23.2055,388.3831,193.5937
4172,37,9,0.3742,0.00003436,19.1787,390.6904,182.1248
4173,36,9,0.3740,0.00003435,20.5464,379.1941,228.5002
4174,32,8,0.3739,0.00003435,17.4319,397.3456,172.1708
4175,40,10,0.3738,0.00003434,18.3587,396.1386,226.8806
4176,111,13,0.3736,0.00003434,20.6150,393.8408,155.3499
4177,97,12,0.3734,0.00003434,24.2348,391.8384,226.5656
4178,81,13,0.3733,0.00003433,18.3522,397.2436,213.3307
4179,36,10,0.3731,0.00003433,24.5528,395.4306,268.3808
4180,45,12,0.3730,0.00003433,23.6067,395.4778,117.8409
4181,175,16,0.3729,0.00003432,16.6512,402.2894,219.4605
4182,45,10,0.3727,0.00003432,16.0693,387.2965,295.9309
4183,59,12,0.3725,0.00003431,35.3307,406.2116,182.0939
4184,322,29,0.3724,0.00003431,21.7435,401.6832,262.1244
4185,78,12,0.3722,0.00003431,20.6455,397.1834,322.7620
4186,491,38,0.3721,0.00003430,18.7832,412.5497,203.4459
4187,60,12,0.3720,0.00003430,19.9052,399.2389,234.3596
4188,60,13,0.3718,0.00003430,20.4843,401.1153,258.2785
4189,523,31,0.3716,0.00003429,18.0630,408.8002,197.2112
4190,80,11,0.3715,0.00003429,17.9682,401.9399,289.5378
4191,54,10,0.3713,0.00003428,27.0492,394.8469,274.7646
4192,406,28,0.3712,0.00003428,21.7433,414.0513,198.4049
4193,58,13,0.3710,0.00003428,24.2519,385.9731,170.4815
4194,186,19,0.3709,0.00003427,27.7078,399.3470,167.9811
4195,42,10,0.3707,0.00003427,31.7312,400.1150,205.2880
4196,81,14,0.3706,0.00003426,20.5367,399.7576,188.6318
4197,32,8,0.3704,0.00003426,21.8848,395.5529,151.8357
4198,55,11,0.3703,0.00003426,23.1651,390.9656,161.0872
4199,37,10,0.3701,0.00003425,31.2647,392.9557,198.6962
4200,49,10,0.3700,0.00003425,26.5265,393.3395,446.0609
4201,63,13,0.3698,0.00003425,19.7789,396.0443,186.3349
4202,484,21,0.3697,0.00003424,20.8197,412.8105,330.0807
4203,36,10,0.3695,0.00003424,18.7179,384.2047,193.4230
4204,107,17,0.3694,0.00003424,20.2400,398.0033,213.9028
4205,242,19,0.3692,0.00003423,21.8112,413.2346,253.5143
4206,39,10,0.3691,0.00003423,17.9559,395.5057,174.8236
4207,39,10,0.3689,0.00003422,20.1048,395.7983,167.5036
4208,40,12,0.3688,0.00003422,21.5394,399.1760,156.3543
4209,118,13,0.3686,0.00003422,24.9392,397.9380,193.0196
4210,101,14,0.3685,0.00003421,18.5793,397.2037,177.9593
4211,293,23,0.3683,0.00003421,20.6767,411.3215,183.9411
4212,62,16,0.3682,0.00003421,17.5636,406.1827,273.3192
4213,34,9,0.3680,0.00003420,17.0741,404.2166,198.3286
4214,50,11,0.3679,0.00003420,21.3045,391.0395,177.3481
4215,114,16,0.3678,0.00003419,22.3604,399.8698,188.0993
4216,34,10,0.3676,0.00003419,12.9223,396.3080,290.6570
4217,106,15,0.3675,0.00003419,15.7338,402.4031,264.7019
4218,55,11,0.3673,0.00003418,27.5320,392.9407,175.5967
4219,119,14,0.3671,0.00003418,26.4421,396.6653,213.8603
4220,147,19,0.3670,0.00003418,25.6659,406.2447,294.3141
4221,135,18,0.3669,0.00003417,19.2608,401.4535,185.3670
4222,59,13,0.3667,0.00003417,24.3838,403.6504,344.6054
4223,48,9,0.3666,0.00003416,18.1364,410.5353,205.3753
4224,58,14,0.3664,0.00003416,19.4573,408.9553,199.1003
4225,107,13,0.3662,0.00003416,25.2660,403.7056,285.4898
4226,37,10,0.3661,0.00003415,17.4423,391.9144,354.2433
4227,117,13,0.3659,0.00003415,22.4711,399.0831,295.7238
4228,317,27,0.3658,0.00003415,22.5992,402.7443,234.3091
4229,62,13,0.3657,0.00003414,16.6453,406.9428,149.8350
4230,84,13,0.3655,0.00003414,24.3993,405.4966,227.5735
4231,50,9,0.3653,0.00003413,16.5969,402.7483,99.1640
4232,195,24,0.3652,0.00003413,24.5648,405.0520,162.2967
4233,92,14,0.3650,0.00003413,22.3203,406.1837,171.4201
4234,512,31,0.3649,0.00003412,19.2462,416.7676,217.3308
4235,31,7,0.3648,0.00003412,12.3875,396.3456,253.7462
4236,100,14,0.3646,0.00003412,16.3631,394.8817,215.9638
4237,43,10,0.3644,0.00003411,26.9227,402.2468,153.1935
4238,60,13,0.3643,0.00003411,16.8112,398.0736,173.3005
4239,120,21,0.3641,0.00003410,23.7043,407.9669,213.6036
4240,72,13,0.3640,0.00003410,19.0289,396.6142,228.8056
4241,43,12,0.3639,0.00003410,20.4706,406.2307,235.2227
4242,106,17,0.3637,0.00003409,20.2352,405.9831,216.8116
4243,106,14,0.3635,0.00003409,18.6193,405.7582,237.7054
4244,115,13,0.3634,0.00003408,19.1779,400.7160,171.6797
4245,84,13,0.3632,0.00003408,13.8094,401.5044,232.9260
4246,163,19,0.3631,0.00003408,20.1818,398.9034,194.6108
4247,210,23,0.3629,0.00003407,20.5716,415.0733,197.5484
4248,217,17,0.3628,0.00003407,21.4178,411.8500,169.3265
4249,50,9,0.3626,0.00003407,14.9021,398.8018,254.6653
4250,203,21,0.3625,0.00003406,17.2544,410.2382,306.0960
4251,168,22,0.3623,0.00003406,24.5646,408.5321,254.9664
4252,34,9,0.3622,0.00003405,23.2344,403.5000,200.2315
4253,102,15,0.3620,0.00003405,17.3135,404.2793,209.9681
4254,68,10,0.3619,0.00003405,17.1439,408.6933,258.3335
4255,58,11,0.3618,0.00003404,16.8207,404.8686,204.5815
4256,85,14,0.3616,0.00003404,20.5084,411.2181,253.8944
4257,114,13,0.3614,0.00003404,25.3988,405.8558,218.1749
4258,58,12,0.3613,0.00003403,19.4706,407.2346,282.2730
4259,104,18,0.3611,0.00003403,22.4642,404.7418,233.0842
4260,100,15,0.3610,0.00003403,18.5302,406.7840,226.7124
4261,187,20,0.3609,0.00003402,22.2752,402.5529,164.6705
4262,412,32,0.3607,0.00003402,18.5090,421.3727,192.9273
4263,323,28,0.3605,0.00003401,17.3648,418.0854,191.8611
4264,548,26,0.3604,0.00003401,22.2055,427.7507,196.5165
4265,46,8,0.3602,0.00003401,11.4394,401.4560,386.6918
4266,32,7,0.3601,0.00003400,17.9626,403.0272,230.4639
4267,38,10,0.3599,0.00003400,17.1668,403.1757,282.6459
4268,32,9,0.3598,0.00003400,17.9803,392.3341,255.2483
4269,139,17,0.3596,0.00003399,22.3267,413.7934,186.6228
4270,133,21,0.3595,0.00003399,15.7563,411.8575,177.6918
4271,58,11,0.3593,0.00003398,21.7290,412.1438,136.9481
4272,117,15,0.3592,0.00003398,26.0803,415.4857,196.6917
4273,84,13,0.3590,0.00003398,19.4983,406.1290,200.1158
4274,248,20,0.3589,0.00003397,23.8276,423.6100,188.2922
4275,41,11,0.3588,0.00003397,30.2771,387.8869,281.4842
4276,297,23,0.3586,0.00003397,21.8558,410.4615,278.0464
4277,56,11,0.3585,0.00003396,25.4422,402.6152,188.3936
4278,73,14,0.3583,0.00003396,27.0334,403.4011,160.6210
4279,43,9,0.3582,0.00003395,22.3881,401.0248,139.6753
4280,80,14,0.3580,0.00003395,24.5074,407.5025,182.3870
4281,39,9,0.3579,0.00003395,20.7689,410.3635,166.4344
4282,37,9,0.3577,0.00003394,16.7720,398.7583,164.3395
4283,35,8,0.3576,0.00003394,21.7649,408.6304,182.0280
4284,64,13,0.3574,0.00003394,22.6283,417.4027,284.7704
4285,29,8,0.3573,0.00003393,20.2028,396.9810,253.1987
4286,80,13,0.3571,0.00003393,25.7911,415.8875,299.8986
4287,40,9,0.3569,0.00003392,29.5163,406.3400,107.6611
4288,62,15,0.3568,0.00003392,25.9308,403.8964,160.8834
4289,50,8,0.3567,0.00003392,18.7836,408.5714,243.7970
4290,48,12,0.3565,0.00003391,14.6622,409.0757,175.2986
4291,56,10,0.3564,0.00003391,29.3382,402.5018,218.5493
4292,218,19,0.3562,0.00003391,15.4636,407.6489,202.1465
4293,644,28,0.3560,0.00003390,22.6863,426.0643,342.1669
4294,59,13,0.3559,0.00003390,22.5182,416.7583,187.8022
4295,78,13,0.3558,0.00003389,23.8848,407.6046,168.9879
4296,66,12,0.3556,0.00003389,15.6142,401.9087,179.7545
4297,56,11,0.3555,0.00003389,21.6927,405.1407,230.7848
4298,123,19,0.3553,0.00003388,23.7434,399.8805,259.7786
4299,40,10,0.3551,0.00003388,29.1276,414.6174,212.6056
4300,28,6,0.3550,0.00003387,17.9385,406.7628,143.7488
4301,38,11,0.3548,0.00003387,18.9914,398.2610,193.7913
4302,36,11,0.3547,0.00003387,22.0704,405.6265,172.5599
4303,462,25,0.3546,0.00003386,20.1236,408.9502,267.0081
4304,40,11,0.3544,0.00003386,24.8153,415.2964,314.4391
4305,45,11,0.3542,0.00003386,18.8701,398.7595,265.9498
4306,34,8,0.3541,0.00003385,19.5754,399.9400,221.9716
4307,82,13,0.3539,0.00003385,10.3342,412.4358,245.4432
4308,113,15,0.3538,0.00003384,24.5739,405.7273,221.8100
4309,84,12,0.3537,0.00003384,22.9077,405.1129,203.6196
4310,164,16,0.3535,0.00003384,24.4576,418.3519,287.9339
4311,115,17,0.3533,0.00003383,18.1942,406.1475,256.8479
4312,36,9,0.3532,0.00003383,18.0395,406.3008,296.0122
4313,29,7,0.3530,0.00003383,13.7906,399.7133,288.4545
4314,44,10,0.3529,0.00003382,15.1970,410.4274,90.0412
4315,41,11,0.3528,0.00003382,21.5506,404.1180,161.3936
4316,101,17,0.3526,0.00003382,27.3018,413.4739,213.8787
4317,62,11,0.3524,0.00003381,25.2147,420.0866,218.4980
4318,96,13,0.3523,0.00003381,24.8801,406.7989,285.4304
4319,159,18,0.3521,0.00003380,15.3208,421.1300,195.2619
4320,30,8,0.3520,0.00003380,27.0097,403.7133,143.9929
4321,59,11,0.3518,0.00003380,11.9343,411.6602,169.5586
4322,56,12,0.3517,0.00003379,25.0610,409.9290,169.2578
4323,37,7,0.3515,0.00003379,24.2018,400.2099,319.6427
4324,78,13,0.3514,0.00003379,24.7244,417.5726,249.2259
4325,124,16,0.3512,0.00003378,23.9937,421.0526,343.5783
4326,164,18,0.3511,0.00003378,18.6722,416.6516,169.8415
4327,247,21,0.3509,0.00003377,24.9705,421.9714,174.1155
4328,67,12,0.3508,0.00003377,32.5424,408.3790,211.6397
4329,49,10,0.3506,0.00003377,18.2444,410.9179,315.2948
4330,58,12,0.3505,0.00003376,23.5307,415.7866,210.6452
4331,32,9,0.3503,0.00003376,24.0011,410.6190,242.7549
4332,53,11,0.3502,0.00003376,22.2092,423.7232,270.9872
4333,129,17,0.3500,0.00003375,27.4614,417.9706,251.5943
4334,80,12,0.3499,0.00003375,29.1651,412.9668,188.1914
4335,35,9,0.3498,0.00003374,26.4725,410.0395,237.8355
4336,231,19,0.3496,0.00003374,19.9977,425.6248,184.9729
4337,61,13,0.3495,0.00003374,18.2528,419.1830,291.8926
4338,82,13,0.3493,0.00003373,19.4030,414.2883,254.7305
4339,60,12,0.3492,0.00003373,21.7961,410.7549,225.9978
4340,40,10,0.3490,0.00003372,24.4142,413.6087,165.2476
4341,37,9,0.3488,0.00003372,28.6485,412.1396,294.3360
4342,168,18,0.3487,0.00003372,20.6041,419.3922,167.2898
4343,75,14,0.3486,0.00003371,23.6617,414.2737,286.0411
4344,73,12,0.3484,0.00003371,18.4524,414.1191,171.9087
4345,227,19,0.3483,0.00003371,19.5359,434.0053,226.0067
4346,407,33,0.3481,0.00003370,21.9628,423.3313,212.2297
4347,222,19,0.3479,0.00003370,18.8053,415.2663,233.7950
4348,56,14,0.3478,0.00003370,23.1932,411.9538,151.0137
4349,36,8,0.3477,0.00003369,24.0198,408.6120,167.5206
4350,57,13,0.3475,0.00003369,25.8911,390.3846,350.9988
4351,75,13,0.3474,0.00003368,22.2038,413.3285,296.9405
4352,107,17,0.3472,0.00003368,14.3205,411.1774,349.3883
4353,118,16,0.3470,0.00003368,15.3866,421.4236,209.0791
4354,35,10,0.3469,0.00003367,28.2505,410.6206,143.1192
4355,36,9,0.3468,0.00003367,14.0496,412.5938,194.9614
4356,36,9,0.3466,0.00003366,30.4027,408.2376,178.1485
4357,164,17,0.3465,0.00003366,23.3952,422.9394,188.6520
4358,66,9,0.3463,0.00003366,17.1098,411.2415,252.0693
4359,487,29,0.3461,0.00003365,24.4089,429.7394,355.9330
4360,29,6,0.3460,0.00003365,23.6386,414.6102,249.6473
4361,88,15,0.3458,0.00003365,27.2583,423.3749,211.3457
4362,645,30,0.3457,0.00003364,23.8647,430.2406,261.3202
4363,51,12,0.3456,0.00003364,22.0321,418.6586,212.9084
4364,40,11,0.3454,0.00003363,20.1094,427.9471,223.4096
4365,90,16,0.3452,0.00003363,20.6203,428.0888,248.4030
4366,330,26,0.3451,0.00003363,29.0756,421.1841,193.5716
4367,51,11,0.3449,0.00003362,32.2818,415.4541,322.2102
4368,92,17,0.3448,0.00003362,21.6928,427.0880,255.8960
4369,56,12,0.3447,0.00003362,24.5522,424.2844,232.0248
4370,76,14,0.3445,0.00003361,21.1847,421.7277,311.5970
4371,98,11,0.3443,0.00003361,15.5377,428.4202,217.4039
4372,37,9,0.3442,0.00003361,20.0501,413.0309,217.1263
4373,53,11,0.3440,0.00003360,22.7493,418.5580,159.6710
4374,128,17,0.3439,0.00003360,22.8222,425.9666,207.6117
4375,103,14,0.3438,0.00003359,20.8963,422.4496,232.7499
4376,84,12,0.3436,0.00003359,24.4898,415.8796,215.8470
4377,193,19,0.3434,0.00003359,16.2834,418.4438,235.2703
4378,74,13,0.3433,0.00003358,19.7295,411.6597,221.9022
4379,52,10,0.3431,0.00003358,20.2887,417.1123,403.7127
4380,39,10,0.3430,0.00003358,21.4624,427.0396,365.9877
4381,38,9,0.3428,0.00003357,15.4971,411.4740,201.4140
4382,56,11,0.3427,0.00003357,24.3312,421.2347,225.1858
4383,63,10,0.3425,0.00003356,15.4114,424.4533,245.2661
4384,51,11,0.3424,0.00003356,22.4441,411.3876,159.9169
4385,257,26,0.3422,0.00003356,21.0367,432.3382,198.5657
4386,85,14,0.3421,0.00003355,32.0916,424.1472,244.8384
4387,92,16,0.3419,0.00003355,25.7937,426.6025,209.4315
4388,50,11,0.3418,0.00003355,20.2460,419.4993,216.6489
4389,39,11,0.3416,0.00003354,13.4471,417.6038,228.5028
4390,206,23,0.3415,0.00003354,19.5186,424.9348,178.7958
4391,55,11,0.3413,0.00003353,23.2703,414.6509,231.1762
4392,552,28,0.3412,0.00003353,19.4381,439.2253,160.5287
4393,520,36,0.3410,0.00003353,24.4943,433.2527,285.7374
4394,44,12,0.3409,0.00003352,19.3811,424.4987,164.4546
4395,60,12,0.3407,0.00003352,22.1847,416.5890,233.2476
4396,172,20,0.3406,0.00003352,20.8304,427.8351,172.4909
4397,161,17,0.3405,0.00003351,19.4269,434.9457,172.7575
4398,387,26,0.3403,0.00003351,21.2496,441.1767,252.8124
4399,240,21,0.3402,0.00003350,25.6229,433.8973,333.2195
4400,35,9,0.3400,0.00003350,19.5278,421.9308,157.0542
4401,43,10,0.3398,0.00003350,20.2801,416.4860,222.5271
4402,24,7,0.3397,0.00003349,18.3331,412.5459,170.0489
4403,143,19,0.3396,0.00003349,22.6100,418.2114,196.3080
4404,294,21,0.3394,0.00003349,28.0416,431.9201,198.8192
4405,95,16,0.3393,0.00003348,14.2646,433.6085,179.1610
4406,34,8,0.3391,0.00003348,29.1907,419.6463,168.9738
4407,31,7,0.3389,0.00003347,22.9157,423.4184,157.4465
4408,95,13,0.3388,0.00003347,19.6637,420.1496,339.6363
4409,86,14,0.3387,0.00003347,23.7288,426.7351,355.8532
4410,130,18,0.3385,0.00003346,31.8716,426.1668,254.1545
4411,161,18,0.3384,0.00003346,18.3925,422.2458,268.0221
4412,54,10,0.3382,0.00003346,16.2502,422.7112,211.6785
4413,59,13,0.3380,0.00003345,26.6208,425.8062,175.8053
4414,88,16,0.3379,0.00003345,21.8408,431.2018,214.7165
4415,43,11,0.3377,0.00003344,28.8718,418.2386,216.1083
4416,31,7,0.3376,0.00003344,21.5118,422.1877,242.2400
4417,162,17,0.3375,0.00003344,24.2270,425.6557,264.4705
4418,109,18,0.3373,0.00003343,22.7292,435.4573,232.2650
4419,78,12,0.3371,0.00003343,18.8690,429.5678,222.6810
4420,173,20,0.3370,0.00003342,20.1800,425.9607,266.9864
4421,56,10,0.3368,0.00003342,25.6540,425.9614,185.0897
4422,180,19,0.3367,0.00003342,16.7262,422.1311,274.8995
4423,79,12,0.3366,0.00003341,19.7277,426.3498,396.5335
4424,120,15,0.3364,0.00003341,23.8502,435.2686,297.3799
4425,172,18,0.3362,0.00003341,26.1368,410.1762,253.2589
4426,99,15,0.3361,0.00003340,21.8323,422.0752,303.8628
4427,152,16,0.3359,0.00003340,24.0410,441.3702,251.6558
4428,115,15,0.3358,0.00003340,25.2571,431.6372,185.3901
4429,282,21,0.3357,0.00003339,22.2847,438.1923,321.7611
4430,60,13,0.3355,0.00003339,13.5345,427.8733,193.0194
4431,41,11,0.3353,0.00003338,25.7949,430.6893,140.1561
4432,111,11,0.3352,0.00003338,17.0631,455.0807,184.9621
4433,58,12,0.3350,0.00003338,24.7240,434.2779,208.2538
4434,303,25,0.3349,0.00003337,22.9087,443.9886,208.1724
4435,352,21,0.3347,0.00003337,22.1513,442.9159,217.7113
4436,149,19,0.3346,0.00003337,30.3769,436.5056,264.2827
4437,266,25,0.3344,0.00003336,22.7519,433.3453,234.2488
4438,25,5,0.3343,0.00003336,17.1685,424.7545,292.3247
4439,217,21,0.3341,0.00003335,18.5094,449.1650,232.0109
4440,378,22,0.3340,0.00003335,21.1712,441.6481,213.7392
4441,350,25,0.3338,0.00003335,22.4730,438.1357,162.7192
4442,114,16,0.3337,0.00003334,18.9602,434.0938,240.1792
4443,55,11,0.3335,0.00003334,26.5419,425.8846,305.0292
4444,298,24,0.3334,0.00003334,22.0354,428.8936,170.8637
4445,44,10,0.3332,0.00003333,26.8028,426.4050,253.3725
4446,115,19,0.3331,0.00003333,25.1792,438.9765,131.9252
4447,171,18,0.3329,0.00003332,26.4480,429.2961,271.0810
4448,155,16,0.3328,0.00003332,21.8290,427.6348,229.9324
4449,56,11,0.3326,0.00003332,30.4688,416.8309,273.0728
4450,232,21,0.3325,0.00003331,20.0275,443.1070,216.7530
4451,59,12,0.3323,0.00003331,16.2751,436.3621,310.9721
4452,38,9,0.3322,0.00003331,27.1855,412.0360,268.8923
4453,45,12,0.3320,0.00003330,25.1226,420.5670,267.3074
4454,32,7,0.3319,0.00003330,37.1660,419.4131,161.2007
4455,59,13,0.3317,0.00003329,29.7423,428.5202,236.2992
4456,63,11,0.3316,0.00003329,24.7318,428.4624,162.2689
4457,184,20,0.3315,0.00003329,19.9815,435.3991,218.8283
4458,141,17,0.3313,0.00003328,30.1678,429.1826,344.4490
4459,79,12,0.3312,0.00003328,18.6809,418.0854,261.0773
4460,30,7,0.3310,0.00003328,15.1715,413.6541,153.3552
4461,120,16,0.3308,0.00003327,28.0820,425.9301,190.5601
4462,58,12,0.3307,0.00003327,21.3512,428.5930,171.4814
4463,98,14,0.3306,0.00003326,28.3911,437.7412,311.1365
4464,114,13,0.3304,0.00003326,19.4719,431.8624,185.6310
4465,86,16,0.3303,0.00003326,26.2321,437.0566,233.2283
4466,338,30,0.3301,0.00003325,22.6326,436.3136,286.2140
4467,87,14,0.3299,0.00003325,20.6302,436.3192,309.6264
4468,310,26,0.3298,0.00003324,17.7163,433.4827,260.1619
4469,119,12,0.3296,0.00003324,23.7228,443.3795,270.1446
4470,53,10,0.3295,0.00003324,18.5465,429.6747,163.8677
4471,80,14,0.3294,0.00003323,22.2111,429.2698,310.5145
4472,100,12,0.3292,0.00003323,27.2591,429.1112,150.3611
4473,289,19,0.3290,0.00003323,27.5005,428.9647,296.8854
4474,98,14,0.3289,0.00003322,19.8045,428.8741,323.4950
4475,377,26,0.3287,0.00003322,21.0955,443.9316,243.0093
4476,79,12,0.3286,0.00003321,35.6503,415.7074,176.9283
4477,33,9,0.3285,0.00003321,34.5513,418.2222,233.6770
4478,72,9,0.3283,0.00003321,22.4420,429.1628,231.4125
4479,42,10,0.3281,0.00003320,22.6818,429.2154,190.4418
4480,129,14,0.3280,0.00003320,20.3311,424.0971,157.9454
4481,59,12,0.3278,0.00003320,17.2529,416.2799,185.1286
4482,31,8,0.3277,0.00003319,26.8043,417.7810,213.9339
4483,123,19,0.3276,0.00003319,21.7523,429.1995,271.2630
4484,60,12,0.3274,0.00003319,19.7606,430.1473,268.0241
4485,89,13,0.3272,0.00003318,22.8383,429.2383,193.5328
4486,129,14,0.3271,0.00003318,22.0581,434.1146,181.5297
4487,41,9,0.3269,0.00003317,17.0897,433.5981,216.0125
4488,352,27,0.3268,0.00003317,19.9189,432.5600,182.4977
4489,96,13,0.3266,0.00003317,18.0230,434.4023,244.8168
4490,312,22,0.3265,0.00003316,24.2899,439.6454,203.2741
4491,118,15,0.3263,0.00003316,24.6590,437.6099,249.0846
4492,104,15,0.3262,0.00003316,21.5187,438.3237,387.3986
4493,33,7,0.3260,0.00003315,17.0603,424.5914,231.7389
4494,251,27,0.3259,0.00003315,17.5027,432.7195,254.9390
4495,73,13,0.3257,0.00003314,17.0183,432.3096,273.5282
4496,93,17,0.3256,0.00003314,22.6474,444.9871,201.4980
4497,39,11,0.3254,0.00003314,28.1390,435.2419,233.3152
4498,28,6,0.3253,0.00003313,31.2141,430.3147,146.4842
4499,58,13,0.3251,0.00003313,16.1278,424.9203,236.3696
4500,44,13,0.3250,0.00003313,21.9717,431.7629,208.2639
4501,36,9,0.3248,0.00003312,17.2639,416.6498,126.1345
4502,80,12,0.3247,0.00003312,27.4690,444.4510,241.3114
4503,43,8,0.3246,0.00003311,27.0385,424.2344,145.5606
4504,491,31,0.3244,0.00003311,20.4333,443.3056,193.3650
4505,155,17,0.3242,0.00003311,22.0622,438.3974,178.8110
4506,56,9,0.3241,0.00003310,25.6539,435.5824,200.0771
4507,245,23,0.3239,0.00003310,22.2231,453.5724,207.7807
4508,56,12,0.3238,0.00003310,17.9879,433.5781,173.4726
4509,57,12,0.3236,0.00003309,20.6085,428.6561,154.8035
4510,124,18,0.3235,0.00003309,27.3811,442.2924,317.9651
4511,76,17,0.3233,0.00003308,25.9141,440.2091,204.5096
4512,171,21,0.3232,0.00003308,14.9675,440.1829,214.3043
4513,77,15,0.3230,0.00003308,22.0057,427.3863,140.7190
4514,66,13,0.3229,0.00003307,17.8452,419.4226,152.8777
4515,272,23,0.3227,0.00003307,23.2662,442.7112,270.9856
4516,85,15,0.3226,0.00003306,28.9899,425.2658,198.7574
4517,31,8,0.3225,0.00003306,35.3611,437.9392,171.8312
4518,300,24,0.3223,0.00003306,23.3469,442.8492,280.3817
4519,57,13,0.3222,0.00003305,24.2378,428.8639,274.6384
4520,295,22,0.3220,0.00003305,22.4603,445.6884,286.7837
4521,44,11,0.3219,0.00003305,29.7407,439.9462,187.5585
4522,168,18,0.3217,0.00003304,20.5679,443.0937,195.3365
4523,720,41,0.3216,0.00003304,22.4461,447.8546,273.1384
4524,56,13,0.3214,0.00003303,32.0396,431.6206,266.7667
4525,91,17,0.3213,0.00003303,27.1949,445.7383,302.1197
4526,37,9,0.3211,0.00003303,25.8363,438.8677,118.7091
4527,42,11,0.3210,0.00003302,18.9508,434.4128,218.6943
4528,25,6,0.3208,0.00003302,16.8381,426.6365,241.4984
4529,292,27,0.3206,0.00003302,20.7374,448.7650,241.7874
4530,41,12,0.3205,0.00003301,30.8449,440.5986,348.5124
4531,54,12,0.3204,0.00003301,26.0555,429.6908,266.3613
4532,60,14,0.3202,0.00003300,28.2460,442.0784,208.5607
4533,34,7,0.3201,0.00003300,34.7556,441.3288,196.5021
4534,211,16,0.3199,0.00003300,19.5993,429.9775,228.5730
4535,672,31,0.3197,0.00003299,23.5825,451.7954,229.7434
4536,34,9,0.3196,0.00003299,14.8455,431.7239,232.7990
4537,110,12,0.3195,0.00003299,16.2959,437.8159,196.0213
4538,188,19,0.3193,0.00003298,19.8386,448.8004,248.5089
4539,112,16,0.3192,0.00003298,20.2666,432.3761,214.3013
4540,55,11,0.3190,0.00003298,14.2584,448.1331,339.1544
4541,312,25,0.3188,0.00003297,21.6726,447.0510,228.9519
4542,59,12,0.3187,0.00003297,23.0972,445.7475,191.8097
4543,189,21,0.3185,0.00003296,23.2775,446.5299,361.6897
4544,296,23,0.3184,0.00003296,20.3606,460.7868,176.2731
4545,59,13,0.3183,0.00003296,18.7276,445.6035,335.2603
4546,32,8,0.3181,0.00003295,19.2563,440.1098,261.5155
4547,116,13,0.3179,0.00003295,17.8765,443.5699,261.0608
4548,121,15,0.3178,0.00003295,27.1679,445.0610,234.2798
4549,36,9,0.3176,0.00003294,29.5115,437.4677,225.5581
4550,117,15,0.3175,0.00003294,13.8463,439.7165,242.3699
4551,112,16,0.3174,0.00003293,23.2239,451.0712,196.9850
4552,303,27,0.3172,0.00003293,28.6334,443.6417,309.0407
4553,27,7,0.3170,0.00003293,29.8292,425.4209,243.7707
4554,295,23,0.3169,0.00003292,18.5948,437.8793,240.2782
4555,85,14,0.3167,0.00003292,20.5118,441.9190,247.9245
4556,1153,48,0.3166,0.00003292,26.4076,463.0784,299.4999
4557,71,11,0.3165,0.00003291,30.7062,447.4627,169.4619
4558,34,8,0.3163,0.00003291,32.3543,438.4638,212.9237
4559,257,24,0.3161,0.00003290,24.8817,456.8159,186.6217
4560,51,11,0.3160,0.00003290,22.8098,441.4214,243.5140
4561,102,15,0.3158,0.00003290,23.9463,447.4802,332.6196
4562,55,13,0.3157,0.00003289,23.5248,437.6053,171.2224
4563,35,10,0.3155,0.00003289,17.7383,428.2944,188.5678
4564,37,9,0.3154,0.00003289,23.5028,432.9913,274.3577
4565,118,15,0.3152,0.00003288,19.3291,446.9176,219.1159
4566,36,9,0.3151,0.00003288,15.9935,443.3115,159.1231
4567,134,17,0.3149,0.00003287,23.1578,444.3486,192.0414
4568,70,13,0.3148,0.00003287,24.8701,447.0742,204.8459
4569,53,9,0.3146,0.00003287,13.2978,451.6568,215.4736
4570,42,11,0.3145,0.00003286,20.9558,439.3019,219.6171
4571,124,16,0.3143,0.00003286,29.6946,454.5638,189.0155
4572,27,7,0.3142,0.00003285,27.6495,443.8962,240.8271
4573,126,18,0.3140,0.00003285,22.7849,454.1786,201.7773
4574,174,20,0.3139,0.00003285,20.0798,453.7248,208.1031
4575,61,12,0.3137,0.00003284,22.0896,446.1510,285.7603
4576,216,17,0.3136,0.00003284,21.2696,448.0409,306.1916
4577,78,13,0.3135,0.00003284,22.2563,451.0593,376.1703
4578,40,11,0.3133,0.00003283,18.9883,435.5027,341.2554
4579,21,5,0.3132,0.00003283,28.7955,432.1674,268.6886
4580,53,11,0.3130,0.00003282,23.4727,440.9942,165.6987
4581,36,9,0.3129,0.00003282,13.5647,435.1905,263.5097
4582,77,13,0.3127,0.00003282,14.3082,445.8342,232.5458
4583,36,8,0.3125,0.00003281,21.8095,453.6847,209.7085
4584,175,22,0.3124,0.00003281,21.3322,441.8229,416.0784
4585,91,13,0.3123,0.00003281,28.8984,440.6984,236.1634
4586,64,13,0.3121,0.00003280,16.2662,446.8863,290.0796
4587,474,36,0.3120,0.00003280,22.5168,454.8581,215.4360
4588,90,12,0.3118,0.00003280,36.8892,447.3469,205.6784
4589,26,7,0.3116,0.00003279,17.2176,439.9644,172.6617
4590,920,34,0.3115,0.00003279,21.5781,468.7013,325.7762
4591,27,6,0.3114,0.00003278,32.0478,434.3755,211.0534
4592,239,22,0.3112,0.00003278,19.8883,454.2974,225.6754
4593,39,10,0.3111,0.00003278,26.0404,454.6975,202.5847
4594,124,15,0.3109,0.00003277,35.1107,450.6006,176.4363
4595,77,13,0.3107,0.00003277,31.6359,449.2928,265.7068
4596,226,20,0.3106,0.00003277,23.2889,454.4549,216.8857
4597,50,9,0.3105,0.00003276,24.4848,443.9082,238.7000
4598,97,15,0.3103,0.00003276,31.6283,432.8500,147.3073
4599,86,14,0.3102,0.00003275,18.7819,455.2024,225.7938
4600,215,16,0.3100,0.00003275,22.0196,461.5781,219.9569
4601,97,16,0.3098,0.00003275,23.4456,446.9906,156.7687
4602,41,11,0.3097,0.00003274,17.8103,445.2658,226.6143
4603,57,12,0.3095,0.00003274,17.8032,452.1543,115.6469
4604,54,9,0.3094,0.00003274,18.0381,451.2934,372.3603
4605,129,16,0.3093,0.00003273,32.8202,452.6541,248.3896
4606,121,14,0.3091,0.00003273,26.2415,455.6884,280.6250
4607,158,13,0.3089,0.00003272,16.3648,444.0112,274.8940
4608,271,30,0.3088,0.00003272,25.8557,458.5536,215.7140
4609,118,13,0.3086,0.00003272,14.9154,459.1191,189.7995
4610,290,21,0.3085,0.00003271,20.5767,448.1342,180.7288
4611,106,12,0.3084,0.00003271,29.0159,456.8813,351.5596
4612,105,18,0.3082,0.00003270,18.0690,453.4584,280.8690
4613,124,17,0.3080,0.00003270,17.3577,459.7297,314.4948
4614,78,11,0.3079,0.00003270,30.9115,480.8498,265.9449
4615,81,13,0.3077,0.00003269,23.4661,433.0776,157.6350
4616,58,10,0.3076,0.00003269,19.1327,456.6338,223.4059
4617,116,15,0.3075,0.00003269,26.9238,461.9312,203.7727
4618,102,14,0.3073,0.00003268,20.4526,455.1000,196.5750
4619,421,13,0.3071,0.00003268,31.5153,471.0554,234.0488
4620,40,10,0.3070,0.00003268,22.8049,448.2091,187.0220
4621,87,16,0.3068,0.00003267,19.0134,455.1203,277.0202
4622,137,18,0.3067,0.00003267,20.0374,453.3462,189.5542
4623,54,11,0.3065,0.00003266,15.2705,440.7493,227.0315
4624,122,18,0.3064,0.00003266,21.2254,453.7317,272.1982
4625,43,11,0.3062,0.00003266,27.3599,456.3851,399.9061
4626,43,10,0.3061,0.00003265,20.0146,449.5344,322.3379
4627,87,16,0.3059,0.00003265,28.9795,459.1960,145.4936
4628,77,12,0.3058,0.00003265,23.4806,451.6607,279.9727
4629,92,16,0.3056,0.00003264,23.7483,460.3548,275.9264
4630,90,17,0.3055,0.00003264,21.0560,455.5258,315.2946
4631,38,11,0.3053,0.00003263,20.0213,449.5670,194.1393
4632,169,21,0.3052,0.00003263,29.0375,452.9610,150.9831
4633,63,13,0.3050,0.00003263,20.1715,455.5865,273.9849
4634,325,28,0.3049,0.00003262,25.0077,463.3620,252.2544
4635,762,41,0.3047,0.00003262,23.0045,470.6429,278.2224
4636,171,18,0.3046,0.00003261,23.7467,441.2964,132.9438
4637,335,26,0.3044,0.00003261,21.3532,463.5131,179.0327
4638,117,14,0.3043,0.00003261,24.0267,441.2134,156.2431
4639,156,17,0.3042,0.00003260,22.6977,455.1729,208.4202
4640,105,17,0.3040,0.00003260,25.3493,457.4583,232.7648
4641,50,10,0.3039,0.00003260,27.6240,454.1976,241.7607
4642,221,20,0.3037,0.00003259,20.9489,460.0039,218.4686
4643,76,11,0.3035,0.00003259,17.1201,455.2581,211.2495
4644,85,14,0.3034,0.00003259,18.4387,451.8172,183.6822
4645,365,24,0.3033,0.00003258,26.9231,473.5921,184.6338
4646,35,9,0.3031,0.00003258,27.5234,449.0770,255.2968
4647,37,10,0.3030,0.00003257,16.4113,448.8246,162.9533
4648,132,18,0.3028,0.00003257,19.0079,451.1339,244.1743
4649,41,11,0.3026,0.00003257,20.8132,440.8011,316.6107
4650,40,10,0.3025,0.00003256,29.2118,440.0040,323.8517
4651,448,35,0.3024,0.00003256,20.3541,463.7808,278.2568
4652,165,17,0.3022,0.00003256,21.4321,455.4920,204.8806
4653,55,12,0.3021,0.00003255,24.3258,451.5027,278.5200
4654,174,19,0.3019,0.00003255,27.9400,461.5083,292.6227
4655,37,8,0.3017,0.00003254,22.7619,455.1958,411.5249
4656,59,10,0.3016,0.00003254,21.5099,460.6296,268.3524
4657,783,28,0.3014,0.00003254,15.3565,474.0431,219.7545
4658,176,16,0.3013,0.00003253,26.0050,463.9738,212.0927
4659,112,11,0.3012,0.00003253,27.7838,465.8998,214.0952
4660,54,12,0.3010,0.00003253,23.5656,440.3126,203.8238
4661,28,6,0.3008,0.00003252,28.1582,438.6652,163.4443
4662,35,9,0.3007,0.00003252,22.9903,449.9592,198.9909
4663,211,24,0.3005,0.00003251,24.6286,459.6143,310.6252
4664,176,21,0.3004,0.00003251,23.7597,462.8025,213.4543
4665,31,9,0.3003,0.00003251,34.7830,445.5303,350.1771
4666,135,17,0.3001,0.00003250,25.4202,456.7336,279.3813
4667,31,10,0.2999,0.00003250,23.8172,438.8528,325.2708
4668,62,14,0.2998,0.00003249,22.8474,457.6747,248.1501
4669,458,31,0.2996,0.00003249,27.1906,463.6874,229.1749
4670,296,20,0.2995,0.00003249,21.1024,458.8824,202.6535
4671,315,24,0.2994,0.00003248,20.5094,458.3881,271.5692
4672,55,12,0.2992,0.00003248,21.0015,462.7147,225.9151
4673,75,10,0.2990,0.00003248,24.9891,445.7938,242.4703
4674,361,30,0.2989,0.00003247,22.2730,463.3050,304.1745
4675,142,18,0.2987,0.00003247,23.8946,450.0766,197.2392
4676,104,15,0.2986,0.00003247,29.7108,457.1495,204.0893
4677,56,11,0.2984,0.00003246,30.2274,447.8823,338.0351
4678,118,18,0.2983,0.00003246,25.3439,463.1722,266.3106
4679,166,22,0.2981,0.00003245,24.8024,462.6650,152.4438
4680,118,14,0.2980,0.00003245,21.2425,444.1440,144.6134
4681,115,13,0.2978,0.00003245,24.9688,463.7747,222.7856
4682,42,11,0.2977,0.00003244,18.0223,442.7544,174.8355
4683,105,18,0.2975,0.00003244,20.9204,458.7372,209.9182
4684,31,9,0.2974,0.00003244,26.7924,445.1863,282.5516
4685,160,15,0.2972,0.00003243,20.4611,455.5147,278.1247
4686,65,13,0.2971,0.00003243,30.1614,459.5208,327.1886
4687,52,8,0.2969,0.00003242,16.7302,454.3689,249.7362
4688,47,8,0.2968,0.00003242,24.1120,452.5199,290.5339
4689,190,21,0.2966,0.00003242,22.8698,465.4213,272.5746
4690,226,26,0.2965,0.00003241,23.2060,458.2176,301.8553
4691,201,20,0.2963,0.00003241,25.4803,473.1600,205.6916
4692,60,12,0.2962,0.00003240,33.0893,452.5423,368.5614
4693,35,9,0.2960,0.00003240,26.5863,449.1286,423.5940
4694,228,21,0.2959,0.00003240,25.1436,454.2116,421.9495
4695,173,21,0.2957,0.00003239,32.4063,467.1714,495.6835
4696,174,20,0.2956,0.00003239,21.5214,462.6719,401.3116
4697,77,12,0.2954,0.00003239,30.2663,453.1601,214.4106
4698,54,11,0.2953,0.00003238,38.2690,453.3413,181.6492
4699,111,14,0.2952,0.00003238,22.2528,470.7549,223.5062
4700,59,10,0.2950,0.00003238,23.7471,453.9419,191.8012
4701,116,16,0.2949,0.00003237,24.6517,464.2284,236.0945
4702,41,10,0.2947,0.00003237,19.2444,456.1643,348.7380
4703,84,15,0.2945,0.00003236,23.4860,453.2933,278.4300
4704,41,10,0.2944,0.00003236,23.2216,463.3312,202.5495
4705,39,11,0.2943,0.00003236,16.4299,451.2798,174.0122
4706,69,9,0.2941,0.00003235,31.6562,462.3334,211.9058
4707,194,22,0.2940,0.00003235,17.3472,462.2337,269.5387
4708,59,11,0.2938,0.00003235,27.3981,466.0730,211.3700
4709,62,13,0.2936,0.00003234,29.5711,455.6489,228.8728
4710,60,11,0.2935,0.00003234,22.0162,468.7752,236.0572
4711,228,19,0.2933,0.00003233,21.2180,456.7949,419.6896
4712,243,26,0.2932,0.00003233,28.7926,463.6850,320.9176
4713,37,8,0.2931,0.00003233,20.0260,461.9229,301.1861
4714,79,14,0.2929,0.00003232,25.0236,464.3544,331.3071
4715,164,20,0.2927,0.00003232,19.3785,469.4832,386.8300
4716,104,15,0.2926,0.00003232,22.5227,460.6057,318.3870
4717,51,9,0.2924,0.00003231,30.0608,460.2182,308.4927
4718,181,21,0.2923,0.00003231,30.1770,468.9317,294.3462
4719,123,16,0.2922,0.00003230,24.8685,453.0873,378.5423
4720,234,21,0.2920,0.00003230,21.2778,459.5316,360.1887
4721,208,18,0.2918,0.00003230,24.1543,471.5499,243.0640
4722,34,9,0.2917,0.00003229,25.3106,459.5300,277.2496
4723,22,6,0.2915,0.00003229,13.0934,451.1707,189.1377
4724,30,6,0.2914,0.00003229,29.0862,450.0280,216.5846
4725,135,19,0.2913,0.00003228,24.7160,472.8440,265.4664
4726,109,13,0.2911,0.00003228,31.3794,464.5975,270.3579
4727,41,9,0.2909,0.00003227,34.5022,465.6128,318.3687
4728,168,21,0.2908,0.00003227,27.7490,471.0847,457.8723
4729,96,13,0.2906,0.00003227,25.7414,461.9950,275.6563
4730,36,8,0.2905,0.00003226,30.1507,458.2108,219.0832
4731,122,15,0.2903,0.00003226,21.7557,466.7071,238.2453
4732,376,25,0.2902,0.00003226,25.5618,477.2258,456.2730
4733,90,15,0.2900,0.00003225,22.9237,463.5271,140.6859
4734,40,12,0.2899,0.00003225,24.5469,460.2830,256.2432
4735,36,9,0.2897,0.00003224,20.6494,463.1594,272.1267
4736,169,17,0.2896,0.00003224,28.8444,475.8638,220.5722
4737,116,13,0.2894,0.00003224,25.0606,462.3591,198.2890
4738,32,8,0.2893,0.00003223,29.7411,454.9815,186.4779
4739,50,10,0.2891,0.00003223,28.9681,463.4018,150.7637
4740,51,13,0.2890,0.00003222,17.5501,464.0409,273.4939
4741,67,11,0.2888,0.00003222,23.3510,469.5460,327.8374
4742,75,12,0.2887,0.00003222,30.8341,461.9946,289.3896
4743,131,18,0.2885,0.00003221,21.6502,462.0148,216.7184
4744,333,29,0.2884,0.00003221,23.6722,457.6503,285.4238
4745,89,15,0.2882,0.00003221,27.3782,469.6244,203.3465
4746,237,24,0.2881,0.00003220,24.8163,464.3869,195.0696
4747,231,22,0.2879,0.00003220,28.1080,476.3122,240.4918
4748,122,15,0.2878,0.00003219,21.5142,471.1879,254.4941
4749,87,14,0.2876,0.00003219,21.9332,464.6506,185.2803
4750,81,13,0.2875,0.00003219,31.4462,470.4098,299.3807
4751,87,14,0.2873,0.00003218,22.5405,468.7013,326.9285
4752,57,12,0.2872,0.00003218,28.3867,468.8759,215.5172
4753,39,9,0.2870,0.00003218,36.4028,460.3644,259.1337
4754,361,25,0.2869,0.00003217,20.8698,475.8638,318.1166
4755,297,21,0.2867,0.00003217,23.3515,473.4582,214.8476
4756,50,10,0.2866,0.00003217,31.5664,468.1670,132.9434
4757,360,18,0.2864,0.00003216,21.3403,477.2528,168.9406
4758,37,10,0.2863,0.00003216,29.6291,461.4919,276.9555
4759,46,10,0.2862,0.00003215,26.5561,470.2094,299.3941
4760,49,10,0.2860,0.00003215,28.7142,451.7307,356.7129
4761,43,8,0.2859,0.00003215,29.3640,455.7039,219.7535
4762,169,21,0.2857,0.00003214,19.2831,471.9981,176.7782
4763,50,10,0.2856,0.00003214,28.1082,468.8459,231.8832
4764,291,22,0.2854,0.00003214,23.1347,473.1500,265.9344
4765,57,14,0.2853,0.00003213,19.8202,462.2701,326.1531
4766,37,8,0.2851,0.00003213,12.9665,470.7703,161.6303
4767,52,10,0.2850,0.00003212,29.8022,460.1217,281.3609
4768,140,20,0.2848,0.00003212,21.2533,469.0214,289.6564
4769,35,8,0.2847,0.00003212,24.3802,465.2440,188.1987
4770,170,15,0.2845,0.00003211,24.7414,468.7832,207.0557
4771,35,8,0.2843,0.00003211,28.3506,469.3381,252.7486
4772,119,16,0.2842,0.00003211,30.3277,470.4086,207.5278
4773,38,10,0.2841,0.00003210,14.2712,461.9572,242.1896
4774,94,17,0.2839,0.00003210,16.6894,476.3272,219.9515
4775,117,15,0.2838,0.00003209,27.2946,467.5591,257.1890
4776,100,17,0.2836,0.00003209,28.8483,459.9226,166.7304
4777,85,14,0.2834,0.00003209,23.6312,467.3252,240.6646
4778,143,18,0.2833,0.00003208,31.4357,469.8769,188.2437
4779,202,20,0.2832,0.00003208,20.1543,465.4169,233.0547
4780,30,7,0.2830,0.00003208,27.5512,465.0488,240.4969
4781,143,19,0.2829,0.00003207,30.8360,463.6153,239.4605
4782,303,25,0.2827,0.00003207,25.8415,479.1958,292.0939
4783,221,19,0.2825,0.00003206,23.3331,487.4520,253.6611
4784,55,11,0.2824,0.00003206,21.9657,476.0905,188.6186
4785,120,16,0.2823,0.00003206,23.7080,470.9227,306.1382
4786,127,18,0.2821,0.00003205,27.5430,470.4280,411.2627
4787,34,9,0.2820,0.00003205,32.8694,464.4638,424.1858
4788,37,8,0.2818,0.00003204,20.0333,449.9580,345.9808
4789,89,14,0.2816,0.00003204,27.4021,480.9484,315.6564
4790,95,17,0.2815,0.00003204,25.3199,468.3375,155.7432
4791,110,12,0.2813,0.00003203,22.7515,479.8597,283.9826
4792,76,12,0.2812,0.00003203,19.3977,465.9803,314.1771
4793,246,23,0.2811,0.00003203,19.4547,478.9316,204.0763
4794,118,18,0.2809,0.00003202,21.2807,463.9186,215.4605
4795,83,12,0.2807,0.00003202,22.0083,474.5575,151.5908
4796,124,17,0.2806,0.00003201,23.0834,478.4217,246.0896
4797,121,16,0.2804,0.00003201,26.4445,478.1376,272.1099
4798,44,10,0.2803,0.00003201,22.2738,463.7678,258.6568
4799,141,17,0.2802,0.00003200,24.2128,466.7861,424.3865
4800,54,10,0.2800,0.00003200,24.2000,475.7455,211.4273
4801,916,38,0.2798,0.00003200,23.8617,488.1230,214.6549
4802,660,42,0.2797,0.00003199,22.5838,485.5755,253.7212
4803,66,11,0.2795,0.00003199,29.8621,478.1625,127.3273
4804,120,13,0.2794,0.00003198,25.1770,475.2212,218.6701
4805,121,14,0.2792,0.00003198,19.9860,477.1123,166.0300
4806,120,16,0.2791,0.00003198,29.4351,479.7636,188.8175
4807,62,14,0.2789,0.00003197,18.6648,464.2006,184.3405
4808,89,15,0.2788,0.00003197,34.8790,473.2473,225.6648
4809,381,24,0.2786,0.00003197,21.4097,474.9563,167.8747
4810,113,13,0.2785,0.00003196,19.3904,468.6473,167.9043
4811,141,18,0.2783,0.00003196,19.2496,469.3325,234.8679
4812,221,19,0.2782,0.00003196,22.9464,467.4275,231.3486
4813,251,23,0.2780,0.00003195,27.1657,476.4324,143.4035
4814,204,21,0.2779,0.00003195,21.1024,480.6679,161.7015
4815,156,19,0.2777,0.00003194,32.8726,475.8754,202.7771
4816,44,11,0.2776,0.00003194,12.6511,470.2574,271.2155
4817,373,24,0.2774,0.00003194,20.4842,480.7969,317.2164
4818,47,10,0.2773,0.00003193,14.9474,481.2954,183.2935
4819,302,27,0.2772,0.00003193,20.9438,487.7975,251.6240
4820,40,9,0.2770,0.00003193,24.1324,475.3777,381.2530
4821,85,16,0.2769,0.00003192,19.8814,472.7872,237.3360
4822,37,10,0.2767,0.00003192,27.6029,470.8531,215.4597
4823,79,15,0.2766,0.00003191,27.8458,474.6304,235.1480
4824,90,13,0.2764,0.00003191,25.4922,482.7097,423.2137
4825,102,15,0.2762,0.00003191,27.7507,474.4499,263.6343
4826,94,16,0.2761,0.00003190,25.6928,465.0198,253.2697
4827,58,12,0.2760,0.00003190,29.2618,473.0593,268.9930
4828,104,18,0.2758,0.00003190,24.4358,468.6360,244.2586
4829,88,14,0.2757,0.00003189,24.7034,468.2365,296.4303
4830,321,33,0.2755,0.00003189,22.3266,479.6150,237.3816
4831,86,15,0.2753,0.00003188,14.9739,474.0558,295.8137
4832,97,18,0.2752,0.00003188,24.3361,472.2071,220.6748
4833,85,12,0.2751,0.00003188,17.6318,481.0635,169.1733
4834,77,14,0.2749,0.00003187,24.0770,473.3864,191.9401
4835,69,12,0.2748,0.00003187,22.6297,468.8188,183.1592
4836,80,13,0.2746,0.00003187,23.9155,475.3468,292.1239
4837,33,10,0.2744,0.00003186,28.3502,467.8385,215.5867
4838,35,10,0.2743,0.00003186,28.3014,461.3158,301.7378
4839,310,24,0.2742,0.00003185,23.7322,482.3530,235.2899
4840,165,19,0.2740,0.00003185,28.1499,462.8229,256.2047
4841,296,23,0.2739,0.00003185,27.8882,487.2527,199.9260
4842,42,8,0.2737,0.00003184,34.5562,475.3202,206.7365
4843,170,18,0.2735,0.00003184,24.6489,477.2632,231.0161
4844,38,10,0.2734,0.00003183,25.3603,468.5650,225.2181
4845,32,9,0.2732,0.00003183,25.6254,469.8990,186.5558
4846,105,17,0.2731,0.00003183,32.8321,472.5276,210.4786
4847,228,20,0.2730,0.00003182,29.6567,475.5824,220.6587
4848,189,17,0.2728,0.00003182,21.2078,469.2520,206.2511
4849,229,21,0.2726,0.00003182,32.7922,467.5486,214.3538
4850,141,19,0.2725,0.00003181,22.6378,467.6693,207.3639
4851,80,12,0.2723,0.00003181,22.4067,472.2610,391.8226
4852,86,14,0.2722,0.00003180,26.5122,479.1298,211.8252
4853,122,15,0.2721,0.00003180,21.6969,473.1449,185.7804
4854,229,15,0.2719,0.00003180,23.7251,489.0327,183.2728
4855,87,17,0.2717,0.00003179,23.5908,473.5104,210.4035
4856,139,17,0.2716,0.00003179,26.9330,481.5184,241.6582
4857,58,12,0.2714,0.00003179,26.7098,472.8676,217.7566
4858,152,18,0.2713,0.00003178,23.4296,469.9474,277.9834
4859,99,15,0.2712,0.00003178,32.6814,475.4641,403.5036
4860,39,10,0.2710,0.00003177,24.1501,473.5581,248.4472
4861,253,27,0.2708,0.00003177,24.5019,470.9608,300.1268
4862,121,17,0.2707,0.00003177,22.9424,485.3139,239.4877
4863,57,13,0.2705,0.00003176,19.3661,476.4933,190.1388
4864,55,12,0.2704,0.00003176,29.1163,471.5195,203.4189
4865,162,19,0.2702,0.00003176,23.5067,479.9954,269.9982
4866,57,11,0.2701,0.00003175,33.6389,482.9979,191.4562
4867,216,23,0.2699,0.00003175,27.4982,478.2454,223.6932
4868,88,15,0.2698,0.00003175,29.2665,461.9714,301.8073
4869,57,10,0.2696,0.00003174,23.9210,466.2940,241.7107
4870,101,15,0.2695,0.00003174,20.1524,480.6356,256.2699
4871,273,22,0.2693,0.00003173,23.8303,467.8060,209.9094
4872,44,8,0.2692,0.00003173,23.9723,465.3605,258.5093
4873,45,10,0.2690,0.00003173,15.6912,461.6543,207.6085
4874,74,14,0.2689,0.00003172,16.3367,479.4820,270.3247
4875,57,11,0.2687,0.00003172,17.6238,468.4201,320.8510
4876,32,8,0.2686,0.00003172,24.5828,469.3354,282.5299
4877,33,9,0.2684,0.00003171,20.8727,460.1577,303.4204
4878,39,10,0.2683,0.00003171,31.9728,463.1860,207.0730
4879,183,23,0.2681,0.00003170,25.0219,479.4470,280.4618
4880,250,22,0.2680,0.00003170,25.0856,475.8020,321.3122
4881,308,24,0.2679,0.00003170,15.3654,474.4010,228.6706
4882,161,16,0.2677,0.00003169,24.1672,476.8498,269.0737
4883,166,18,0.2676,0.00003169,26.7453,486.0440,226.0120
4884,94,18,0.2674,0.00003169,25.0196,473.9083,230.7794
4885,566,26,0.2672,0.00003168,23.5597,488.7385,290.7352
4886,53,11,0.2671,0.00003168,17.3948,474.1405,272.5695
4887,103,15,0.2670,0.00003167,27.8446,473.8132,194.0748
4888,50,11,0.2668,0.00003167,17.2624,471.5345,229.5472
4889,136,17,0.2667,0.00003167,23.1350,477.2877,273.5289
4890,148,20,0.2665,0.00003166,29.5321,480.3563,177.0137
4891,85,15,0.2663,0.00003166,20.2570,483.2437,318.4155
4892,87,13,0.2662,0.00003166,21.0536,475.8444,398.6825
4893,115,18,0.2661,0.00003165,25.9957,476.5407,194.6511
4894,246,22,0.2659,0.00003165,29.6109,484.8088,274.4272
4895,214,18,0.2658,0.00003164,28.2812,484.7705,257.6163
4896,174,19,0.2656,0.00003164,26.8884,469.9948,184.5245
4897,33,7,0.2654,0.00003164,23.4482,474.2200,296.4673
4898,550,27,0.2653,0.00003163,21.4721,477.7370,238.5872
4899,388,32,0.2651,0.00003163,26.6954,471.2347,174.1533
4900,275,19,0.2650,0.00003163,26.2560,487.6658,210.1851
4901,304,24,0.2649,0.00003162,25.1407,474.3182,192.7068
4902,46,11,0.2647,0.00003162,18.8777,478.2037,177.7769
4903,330,29,0.2645,0.00003161,18.0377,474.5772,194.0016
4904,67,12,0.2644,0.00003161,33.0319,481.8564,295.5131
4905,40,10,0.2642,0.00003161,22.8681,477.5865,282.3007
4906,129,16,0.2641,0.00003160,20.9762,483.4601,191.8663
4907,61,13,0.2640,0.00003160,39.9807,477.7330,333.8956
4908,58,11,0.2638,0.00003159,24.3370,481.0732,342.7300
4909,36,11,0.2636,0.00003159,19.3424,465.1361,224.4460
4910,165,16,0.2635,0.00003159,28.2237,472.0148,391.0597
4911,47,10,0.2633,0.00003158,27.2245,473.0748,356.0979
4912,39,10,0.2632,0.00003158,22.4116,475.8976,156.1629
4913,117,15,0.2631,0.00003158,18.6401,483.9984,279.7422
4914,81,12,0.2629,0.00003157,21.3347,471.5713,245.3120
4915,117,14,0.2627,0.00003157,22.3093,486.6663,178.0145
4916,49,12,0.2626,0.00003157,30.3190,464.8320,190.4500
4917,308,23,0.2624,0.00003156,26.2776,488.7253,262.4707
4918,83,14,0.2623,0.00003156,26.7550,482.2261,192.2142
4919,58,13,0.2621,0.00003155,35.1136,466.4687,239.0956
4920,81,14,0.2620,0.00003155,26.6946,480.6709,214.9809
4921,31,8,0.2618,0.00003155,37.9288,463.3563,157.8454
4922,57,14,0.2617,0.00003154,21.8109,479.7588,201.1131
4923,49,9,0.2615,0.00003154,26.3879,457.3624,215.8505
4924,85,13,0.2614,0.00003154,24.7492,473.4890,202.0604
4925,56,10,0.2612,0.00003153,33.2794,471.4116,130.6421
4926,48,11,0.2611,0.00003153,28.8646,468.8045,181.6511
4927,79,11,0.2609,0.00003152,22.0894,480.7075,236.4219
4928,52,11,0.2608,0.00003152,29.0406,479.6756,222.4354
4929,30,7,0.2606,0.00003152,27.9007,463.0818,269.1657
4930,126,19,0.2605,0.00003151,25.7577,475.3615,195.8791
4931,368,20,0.2603,0.00003151,22.9908,498.7336,208.7541
4932,166,20,0.2602,0.00003151,23.1540,470.2776,223.3204
4933,32,8,0.2600,0.00003150,23.5129,449.9976,117.1038
4934,140,18,0.2599,0.00003150,26.0316,473.3023,271.2465
4935,294,24,0.2597,0.00003149,22.0160,490.7986,311.1685
4936,166,17,0.2596,0.00003149,22.4401,486.8563,190.4039
4937,56,13,0.2594,0.00003149,27.0161,471.1396,356.9944
4938,51,10,0.2593,0.00003148,23.2788,478.5512,371.1317
4939,37,10,0.2591,0.00003148,27.4483,466.4406,229.8335
4940,35,9,0.2590,0.00003147,19.5989,485.7527,250.7662
4941,103,14,0.2589,0.00003147,28.5140,486.8515,169.1927
4942,66,13,0.2587,0.00003147,18.7087,478.4615,204.1464
4943,60,13,0.2586,0.00003146,15.9548,477.7628,260.7920
4944,224,24,0.2584,0.00003146,19.2491,477.8684,174.7924
4945,66,12,0.2582,0.00003146,22.3560,479.3454,145.1414
4946,88,13,0.2581,0.00003145,20.1500,481.0548,169.0639
4947,298,22,0.2580,0.00003145,28.9914,477.2359,237.6385
4948,461,23,0.2578,0.00003145,21.1685,496.4241,251.7245
4949,119,17,0.2577,0.00003144,22.5169,487.1009,169.1777
4950,71,15,0.2575,0.00003144,26.0087,483.5148,255.7862
4951,72,11,0.2573,0.00003143,24.7152,483.5431,245.5524
4952,692,44,0.2572,0.00003143,26.0922,493.1881,275.9519
4953,375,30,0.2571,0.00003143,18.9789,491.0456,232.9674
4954,31,8,0.2569,0.00003142,18.9301,464.6959,160.2686
4955,132,18,0.2568,0.00003142,32.4344,478.0583,277.2439
4956,319,26,0.2566,0.00003142,16.7067,491.2620,212.1609
4957,55,11,0.2564,0.00003141,22.8000,481.5019,163.8973
4958,495,27,0.2563,0.00003141,23.2589,490.6670,240.3847
4959,167,19,0.2561,0.00003140,20.3383,481.5543,288.5320
4960,71,12,0.2560,0.00003140,20.2437,490.5099,159.5259
4961,33,9,0.2559,0.00003140,35.8434,475.3427,323.0458
4962,179,19,0.2557,0.00003139,30.9800,484.8654,171.9007
4963,85,14,0.2555,0.00003139,22.3377,483.5233,197.0541
4964,125,15,0.2554,0.00003138,35.5034,482.0164,166.0213
4965,90,14,0.2552,0.00003138,21.8593,481.8485,204.5884
4966,35,9,0.2551,0.00003138,27.9356,477.4736,215.6553
4967,393,28,0.2550,0.00003137,25.2143,493.0870,339.3296
4968,54,11,0.2548,0.00003137,26.4562,480.7051,351.6944
4969,124,16,0.2546,0.00003137,20.5664,477.6360,268.4511
4970,90,15,0.2545,0.00003136,26.1570,469.9919,259.4081
4971,51,9,0.2543,0.00003136,34.0615,482.1386,220.1103
4972,55,9,0.2542,0.00003136,22.0652,473.3440,201.5013
4973,88,14,0.2540,0.00003135,23.1136,481.7999,160.0417
4974,57,12,0.2539,0.00003135,25.3408,462.7690,254.8957
4975,63,13,0.2537,0.00003134,27.8873,478.1671,293.3410
4976,314,23,0.2536,0.00003134,26.0525,487.4103,246.2750
4977,84,15,0.2534,0.00003134,21.8922,471.7216,392.3120
4978,68,12,0.2533,0.00003133,23.1147,461.8958,276.4645
4979,54,12,0.2531,0.00003133,25.4491,486.7915,235.7989
4980,80,14,0.2530,0.00003133,25.4181,483.0824,181.7748
4981,52,11,0.2528,0.00003132,14.6281,477.9702,137.8137
4982,525,40,0.2527,0.00003132,22.6284,485.3805,294.6433
4983,31,7,0.2525,0.00003131,33.0948,465.4098,346.0195
4984,71,13,0.2524,0.00003131,20.0060,486.8121,203.7354
4985,153,21,0.2522,0.00003131,21.0876,482.2248,256.7834
4986,376,28,0.2521,0.00003130,26.0977,475.6280,292.9466
4987,75,12,0.2519,0.00003130,17.5828,481.3185,232.8796
4988,596,31,0.2518,0.00003130,25.3204,499.5912,205.4572
4989,170,18,0.2516,0.00003129,28.4697,486.8908,179.2237
4990,33,8,0.2515,0.00003129,22.6873,474.5774,238.2784
4991,88,18,0.2513,0.00003128,24.1776,478.9400,251.9939
4992,86,15,0.2512,0.00003128,24.4038,491.9937,303.8554
4993,86,13,0.2510,0.00003128,22.3382,488.2324,245.2591
4994,72,11,0.2509,0.00003127,31.0797,477.7420,198.8493
4995,54,11,0.2507,0.00003127,26.6010,479.3174,220.0853
4996,86,14,0.2506,0.00003126,25.4408,470.0221,304.5777
4997,109,19,0.2504,0.00003126,24.7294,478.9996,123.1734
4998,76,14,0.2503,0.00003126,28.1223,487.3120,149.7437
4999,289,23,0.2501,0.00003125,29.0978,489.0595,244.7859
5000,54,11,0.2500,0.00003125,31.8755,482.1166,235.3156
5001,82,16,0.2499,0.00003125,23.5021,486.0849,226.4241
5002,255,25,0.2497,0.00003124,31.7154,486.3250,172.1672
5003,126,15,0.2496,0.00003124,17.5980,481.3388,192.7214
5004,54,10,0.2494,0.00003124,25.6276,479.0377,216.7384
5005,31,8,0.2493,0.00003123,18.8943,474.8107,261.4170
5006,85,14,0.2491,0.00003123,18.1273,491.4394,193.4772
5007,36,8,0.2490,0.00003122,42.1506,471.2713,190.3822
5008,38,10,0.2488,0.00003122,22.3663,486.7606,137.5470
5009,405,31,0.2487,0.00003122,22.7050,480.8027,295.1172
5010,35,9,0.2485,0.00003121,34.8809,487.2569,247.7314
5011,165,17,0.2484,0.00003121,14.1873,481.6582,255.0968
5012,35,9,0.2482,0.00003120,27.6791,477.2094,280.0797
5013,526,31,0.2480,0.00003120,28.6081,487.4457,224.8588
5014,53,12,0.2479,0.00003120,17.2988,479.1234,209.2587
5015,154,19,0.2478,0.00003119,30.9511,489.7076,252.5880
5016,169,20,0.2476,0.00003119,24.8069,479.1983,272.2219
5017,40,10,0.2475,0.00003119,16.4118,489.4072,184.5925
5018,35,8,0.2473,0.00003118,14.2552,467.2366,329.1555
5019,131,17,0.2471,0.00003118,27.8333,484.5663,313.3853
5020,85,15,0.2470,0.00003117,14.0925,485.7783,201.9978
5021,114,13,0.2469,0.00003117,24.0994,485.9602,178.3323
5022,418,29,0.2467,0.00003117,27.0865,493.0818,229.6949
5023,453,27,0.2466,0.00003116,28.4128,505.4880,254.4237
5024,239,26,0.2464,0.00003116,24.7231,494.3015,293.1339
5025,71,14,0.2462,0.00003116,26.7505,481.1456,212.6299
5026,34,7,0.2461,0.00003115,28.7169,490.9522,201.0923
5027,24,6,0.2460,0.00003115,18.9390,485.2007,228.4533
5028,92,16,0.2458,0.00003115,28.9624,487.9703,218.9507
5029,491,16,0.2457,0.00003114,21.0062,504.4002,337.5516
5030,32,8,0.2455,0.00003114,26.8395,467.8885,166.5550
5031,40,11,0.2453,0.00003113,27.2139,481.5664,239.4673
5032,185,18,0.2452,0.00003113,28.0604,490.0837,263.5715
5033,253,26,0.2450,0.00003113,28.1288,496.6434,265.8739
5034,358,21,0.2449,0.00003112,22.9753,491.6952,330.9587
5035,56,11,0.2448,0.00003112,33.4230,478.4625,288.9024
5036,132,16,0.2446,0.00003112,20.5475,490.1473,282.3398
5037,51,11,0.2444,0.00003111,33.3723,475.7504,183.4295
5038,124,16,0.2443,0.00003111,30.1440,486.9112,204.0187
5039,349,21,0.2441,0.00003110,28.4294,497.6191,188.8766
5040,41,10,0.2440,0.00003110,22.7160,490.5203,334.1957
5041,37,10,0.2439,0.00003110,20.9673,469.5267,254.4397
5042,91,17,0.2437,0.00003109,25.4275,500.4653,238.7605
5043,205,22,0.2435,0.00003109,20.3046,482.1618,249.4950
5044,123,16,0.2434,0.00003109,26.0066,477.8798,324.7409
5045,122,15,0.2432,0.00003108,19.6819,493.1502,277.5393
5046,85,14,0.2431,0.00003108,30.3792,488.9552,273.1022
5047,172,19,0.2429,0.00003107,29.2521,465.0199,287.8462
5048,166,18,0.2428,0.00003107,23.6222,489.1324,162.1540
5049,45,11,0.2426,0.00003107,18.1190,476.8341,249.7996
5050,126,15,0.2425,0.00003106,19.4951,491.5528,297.2220
5051,185,17,0.2423,0.00003106,23.2496,497.0870,225.7075
5052,57,12,0.2422,0.00003106,28.1421,476.0879,236.3675
5053,454,35,0.2420,0.00003105,23.1304,493.4218,276.9759
5054,212,23,0.2419,0.00003105,24.1457,493.4726,242.2121
5055,101,16,0.2417,0.00003104,23.3025,500.4032,204.2162
5056,118,16,0.2416,0.00003104,20.5307,483.9037,243.7222
5057,75,12,0.2414,0.00003104,30.2548,489.2695,202.9778
5058,184,21,0.2413,0.00003103,28.5188,493.0852,220.1754
5059,56,10,0.2411,0.00003103,28.1597,488.0722,367.9393
5060,174,18,0.2410,0.00003102,22.3913,488.4751,351.1484
5061,54,12,0.2409,0.00003102,30.9616,492.9122,266.7261
5062,116,15,0.2407,0.00003102,28.2947,493.0479,232.7091
5063,61,13,0.2406,0.00003101,26.8581,483.4996,248.3722
5064,52,12,0.2404,0.00003101,26.3462,493.0615,274.7289
5065,126,16,0.2403,0.00003101,24.9254,479.0369,317.3844
5066,121,17,0.2401,0.00003100,26.4130,487.6569,244.8257
5067,122,16,0.2399,0.00003100,30.8216,494.4407,188.7565
5068,78,15,0.2398,0.00003099,26.0424,497.3576,248.7019
5069,93,16,0.2397,0.00003099,14.4343,484.1622,195.7473
5070,89,16,0.2395,0.00003099,20.0374,477.3125,165.6392
5071,118,15,0.2394,0.00003098,22.4557,489.2666,228.0796
5072,212,20,0.2392,0.00003098,20.6059,486.7146,183.4868
5073,172,19,0.2390,0.00003098,25.2440,489.0520,220.4601
5074,39,11,0.2389,0.00003097,30.1870,482.5508,263.1944
5075,122,20,0.2388,0.00003097,23.5899,488.5405,451.2479
5076,105,15,0.2386,0.00003096,30.8451,497.0361,246.0533
5077,793,48,0.2385,0.00003096,23.5768,502.0208,336.5214
5078,81,13,0.2383,0.00003096,31.8855,493.6179,242.9753
5079,102,15,0.2381,0.00003095,31.1743,489.0016,245.5627
5080,57,12,0.2380,0.00003095,22.9372,486.0262,198.7675
5081,62,13,0.2379,0.00003095,21.3830,493.6326,170.1193
5082,71,10,0.2377,0.00003094,26.0823,484.7613,186.4042
5083,66,14,0.2376,0.00003094,26.7707,489.7362,227.0883
5084,30,8,0.2374,0.00003094,28.6972,473.6946,433.7849
5085,281,17,0.2372,0.00003093,25.1659,489.4371,266.0018
5086,375,30,0.2371,0.00003093,24.7244,501.5048,282.4542
5087,82,11,0.2369,0.00003092,25.9684,484.1946,195.2715
5088,160,19,0.2368,0.00003092,24.0002,495.1488,187.5147
5089,101,15,0.2367,0.00003092,28.6486,489.3627,274.8187
5090,58,12,0.2365,0.00003091,21.7156,486.1604,282.3134
5091,102,13,0.2363,0.00003091,22.9932,491.1407,244.8734
5092,547,27,0.2362,0.00003091,23.1333,513.3936,215.7052
5093,49,9,0.2360,0.00003090,32.1228,485.1316,221.5213
5094,117,14,0.2359,0.00003090,25.8187,495.9803,194.7677
5095,144,21,0.2358,0.00003089,20.8024,496.8703,244.1817
5096,126,19,0.2356,0.00003089,25.8151,485.2427,275.6700
5097,35,9,0.2354,0.00003089,29.3983,491.4191,406.7113
5098,56,11,0.2353,0.00003088,25.2973,479.1892,429.9938
5099,122,17,0.2351,0.00003088,31.1204,501.0844,277.3313
5100,609,26,0.2350,0.00003088,26.6475,506.9284,211.7525
5101,50,10,0.2349,0.00003087,26.5173,493.8266,256.6463
5102,31,8,0.2347,0.00003087,20.1923,468.6580,343.8767
5103,45,14,0.2345,0.00003086,22.0860,500.5276,304.6308
5104,106,16,0.2344,0.00003086,26.2181,501.1121,269.9244
5105,127,18,0.2342,0.00003086,22.2155,497.1286,254.4572
5106,52,12,0.2341,0.00003085,19.9943,494.4339,318.8512
5107,63,14,0.2339,0.00003085,31.5146,490.1620,248.9413
5108,110,23,0.2338,0.00003085,32.3917,495.6205,191.8755
5109,215,22,0.2336,0.00003084,34.8414,487.0529,256.6920
5110,142,17,0.2335,0.00003084,24.2128,487.8289,215.1137
5111,124,17,0.2333,0.00003083,24.2565,495.1156,266.5789
5112,39,9,0.2332,0.00003083,31.0763,490.3310,295.7820
5113,285,23,0.2330,0.00003083,21.5323,505.4816,275.1375
5114,371,30,0.2329,0.00003082,26.7525,497.3391,356.3317
5115,80,12,0.2327,0.00003082,20.5329,491.0537,304.8498
5116,215,21,0.2326,0.00003082,26.7068,498.1932,237.9871
5117,117,14,0.2324,0.00003081,22.5380,495.7487,285.1473
5118,32,8,0.2323,0.00003081,23.9812,488.8224,459.7413
5119,34,7,0.2321,0.00003080,21.5607,479.8042,359.9204
5120,476,32,0.2320,0.00003080,22.5265,501.8094,193.6093
5121,170,18,0.2319,0.00003080,21.0012,489.9953,199.8794
5122,581,24,0.2317,0.00003079,23.5703,510.8965,235.8975
5123,223,18,0.2316,0.00003079,23.9043,502.0229,287.4917
5124,157,19,0.2314,0.00003078,22.3793,489.5932,352.9688
5125,87,16,0.2313,0.00003078,25.9174,493.8036,416.1692
5126,132,17,0.2311,0.00003078,23.6561,476.1671,460.0847
5127,44,11,0.2309,0.00003077,20.2151,482.2852,302.5460
5128,317,22,0.2308,0.00003077,24.0866,485.4166,216.1351
5129,77,15,0.2307,0.00003077,29.2257,496.0923,213.0873
5130,36,9,0.2305,0.00003076,21.7953,483.2409,181.7708
5131,219,17,0.2304,0.00003076,22.5006,500.5852,284.7503
5132,109,17,0.2302,0.00003075,26.1966,498.6579,263.8883
5133,83,14,0.2300,0.00003075,26.7877,476.7840,345.4321
5134,187,23,0.2299,0.00003075,23.9337,495.9310,227.5681
5135,75,10,0.2298,0.00003074,23.2262,484.2445,299.5128
5136,61,12,0.2296,0.00003074,21.6278,492.9087,323.7038
5137,48,9,0.2295,0.00003074,25.8622,487.7493,192.4458
5138,109,15,0.2293,0.00003073,35.9357,498.6563,404.0030
5139,208,17,0.2291,0.00003073,19.6658,498.0055,269.6722
5140,35,11,0.2290,0.00003073,21.8509,492.1708,313.0488
5141,102,16,0.2288,0.00003072,18.7331,497.3659,296.4750
5142,44,11,0.2287,0.00003072,28.5844,491.4027,344.0060
5143,137,17,0.2286,0.00003071,20.5534,499.7573,221.9573
5144,56,12,0.2284,0.00003071,30.0120,495.2529,216.5918
5145,126,17,0.2282,0.00003071,27.4200,497.6056,244.6604
5146,556,26,0.2281,0.00003070,24.3451,510.4027,263.5376
5147,111,17,0.2279,0.00003070,21.1055,485.8606,381.9367
5148,41,9,0.2278,0.00003070,27.2592,501.3557,243.8019
5149,188,19,0.2277,0.00003069,23.1341,501.8249,186.5003
5150,77,11,0.2275,0.00003069,19.0090,498.0312,171.4232
5151,43,11,0.2273,0.00003068,23.4191,505.4440,236.5822
5152,220,19,0.2272,0.00003068,20.2189,501.7757,229.9261
5153,114,13,0.2270,0.00003068,22.7941,482.3089,169.8778
5154,33,8,0.2269,0.00003067,33.4226,485.4414,260.4629
5155,35,7,0.2268,0.00003067,31.2211,484.7496,291.4228
5156,79,11,0.2266,0.00003067,27.5932,493.9855,202.6108
5157,302,23,0.2264,0.00003066,23.4392,507.5733,361.3388
5158,59,13,0.2263,0.00003066,17.3949,497.6602,250.2083
5159,56,13,0.2261,0.00003065,30.4795,488.1714,286.0105
5160,28,7,0.2260,0.00003065,21.9150,493.7560,313.2332
5161,238,19,0.2258,0.00003065,28.9678,499.0246,150.0127
5162,54,11,0.2257,0.00003064,25.2466,481.9089,307.2062
5163,62,12,0.2255,0.00003064,27.3140,488.4705,204.9588
5164,254,23,0.2254,0.00003064,29.4265,490.7214,240.7513
5165,85,14,0.2252,0.00003063,29.2499,502.4767,281.7670
5166,153,18,0.2251,0.00003063,21.3234,503.5684,299.1461
5167,118,15,0.2249,0.00003062,19.3542,497.9789,430.4993
5168,39,9,0.2248,0.00003062,18.7661,495.4477,302.4482
5169,40,11,0.2246,0.00003062,22.7975,489.9661,224.8575
5170,170,17,0.2245,0.00003061,28.7553,507.4267,243.9169
5171,180,18,0.2243,0.00003061,22.1338,494.2504,280.9270
5172,78,11,0.2242,0.00003061,28.9803,503.2368,349.7602
5173,31,8,0.2240,0.00003060,18.0906,482.5835,217.0230
5174,396,28,0.2239,0.00003060,21.2548,506.1384,217.3996
5175,125,15,0.2237,0.00003059,22.9278,496.4697,292.2703
5176,609,39,0.2236,0.00003059,23.5817,495.5236,232.8605
5177,43,12,0.2234,0.00003059,22.8075,491.9118,281.7833
5178,998,54,0.2233,0.00003058,21.6228,500.1314,308.0875
5179,41,11,0.2231,0.00003058,30.4861,482.4591,325.3396
5180,94,16,0.2230,0.00003057,26.0476,502.3067,243.9426
5181,42,11,0.2228,0.00003057,27.1072,502.8139,263.0358
5182,249,22,0.2227,0.00003057,26.8951,492.4133,221.3208
5183,119,13,0.2226,0.00003056,24.4221,501.2765,223.9444
5184,40,11,0.2224,0.00003056,28.8066,483.8041,207.0894
5185,103,19,0.2223,0.00003056,33.2262,502.5145,241.2839
5186,43,11,0.2221,0.00003055,36.2050,499.3804,283.8288
5187,35,9,0.2219,0.00003055,28.1748,494.9129,321.7223
5188,43,10,0.2218,0.00003054,14.2286,496.2941,374.8925
5189,70,15,0.2217,0.00003054,30.0307,490.6228,180.0086
5190,34,10,0.2215,0.00003054,30.7640,490.8519,194.4935
5191,217,21,0.2214,0.00003053,21.9679,504.2854,231.7528
5192,42,10,0.2212,0.00003053,16.6879,481.7858,305.6551
5193,85,13,0.2210,0.00003053,28.9480,498.0686,304.4598
5194,59,13,0.2209,0.00003052,20.0500,491.4743,203.7765
5195,793,36,0.2208,0.00003052,24.4545,509.0324,305.3733
5196,155,12,0.2206,0.00003052,22.1604,500.6075,243.6677
5197,140,20,0.2205,0.00003051,24.9388,505.7935,302.5321
5198,286,19,0.2203,0.00003051,20.6867,506.3712,371.7102
5199,302,28,0.2201,0.00003050,22.3429,506.6595,267.7251
5200,162,15,0.2200,0.00003050,25.1405,501.8389,301.6269
5201,38,9,0.2198,0.00003050,24.2617,497.7262,199.9344
5202,180,22,0.2197,0.00003049,25.1803,502.7449,254.5633
5203,72,12,0.2196,0.00003049,22.9047,501.7994,306.9485
5204,56,14,0.2194,0.00003049,27.4094,510.1004,241.6241
5205,82,11,0.2192,0.00003048,32.4035,490.6608,181.4825
5206,54,12,0.2191,0.00003048,21.9350,492.2722,204.6819
5207,95,15,0.2189,0.00003047,25.5785,501.6484,179.3022
5208,34,8,0.2188,0.00003047,15.6467,497.7810,190.0155
5209,269,26,0.2187,0.00003047,26.1097,504.6226,298.4725
5210,44,10,0.2185,0.00003046,23.8137,507.3714,238.7225
5211,78,10,0.2183,0.00003046,24.4457,485.7463,226.8221
5212,55,11,0.2182,0.00003045,26.8410,501.1465,222.6762
5213,41,11,0.2180,0.00003045,22.5857,504.0685,222.4954
5214,58,14,0.2179,0.00003045,23.0284,491.5332,163.2878
5215,166,20,0.2177,0.00003044,19.8339,494.1429,286.2303
5216,335,25,0.2176,0.00003044,25.0241,524.0618,193.2425
5217,111,13,0.2174,0.00003044,22.7688,497.5833,208.4507
5218,306,22,0.2173,0.00003043,25.6669,514.0820,231.4031
5219,216,21,0.2171,0.00003043,24.2423,504.7221,276.5926
5220,435,25,0.2170,0.00003043,25.6043,512.3245,328.3314
5221,120,15,0.2168,0.00003042,38.2394,495.6954,232.0101
5222,201,22,0.2167,0.00003042,26.3926,507.4891,205.3673
5223,80,12,0.2165,0.00003041,28.4258,496.9581,207.4526
5224,318,26,0.2164,0.00003041,18.2134,508.5099,205.0665
5225,278,24,0.2162,0.00003041,22.4948,507.6220,198.9876
5226,55,12,0.2161,0.00003040,31.3980,499.3876,327.3244
5227,79,11,0.2159,0.00003040,15.1060,509.8688,210.2799
5228,110,14,0.2158,0.00003040,21.8247,508.3208,276.1719
5229,83,12,0.2156,0.00003039,22.8819,502.0872,330.8376
5230,128,15,0.2155,0.00003039,18.5975,504.8599,217.3513
5231,145,17,0.2153,0.00003038,23.8997,506.5065,288.4891
5232,216,22,0.2152,0.00003038,31.0803,508.6249,301.9789
5233,238,21,0.2150,0.00003038,27.3559,502.4342,286.2818
5234,115,16,0.2149,0.00003037,28.9568,506.3801,137.3055
5235,40,8,0.2147,0.00003037,34.9745,496.9034,255.6296
5236,159,17,0.2146,0.00003037,30.1326,489.7084,328.5986
5237,303,23,0.2144,0.00003036,28.3711,513.2749,173.9448
5238,88,16,0.2143,0.00003036,31.2772,502.8714,177.7353
5239,161,20,0.2141,0.00003035,17.7704,507.9534,214.9222
5240,494,27,0.2140,0.00003035,18.9827,502.6841,282.8727
5241,38,9,0.2138,0.00003035,27.5510,487.3910,350.7233
5242,131,19,0.2137,0.00003034,21.3478,502.5908,265.1071
5243,108,16,0.2136,0.00003034,13.8834,483.5553,280.4928
5244,159,18,0.2134,0.00003034,25.9174,496.1523,265.0217
5245,41,11,0.2133,0.00003033,26.3005,495.8861,482.7054
5246,37,8,0.2131,0.00003033,29.9548,500.9126,285.4972
5247,90,15,0.2129,0.00003032,29.1861,497.0863,280.4116
5248,174,18,0.2128,0.00003032,24.4199,505.3712,284.1168
5249,55,10,0.2127,0.00003032,18.4377,484.7227,203.5242
5250,137,14,0.2125,0.00003031,18.6017,498.2671,196.4300
5251,87,15,0.2124,0.00003031,31.7477,497.1192,219.4729
5252,82,14,0.2122,0.00003031,14.9918,496.1035,198.2361
5253,271,26,0.2121,0.00003030,19.8534,503.3694,336.6084
5254,675,33,0.2119,0.00003030,25.1096,505.4715,369.0675
5255,117,14,0.2117,0.00003029,29.2232,504.6283,257.5203
5256,230,25,0.2116,0.00003029,23.3343,513.7837,314.4216
5257,167,16,0.2115,0.00003029,29.5432,501.9051,279.0893
5258,49,10,0.2113,0.00003028,21.0968,496.8626,240.5734
5259,455,31,0.2112,0.00003028,24.7916,519.0932,233.3559
5260,472,27,0.2110,0.00003028,29.8981,509.1812,223.5700
5261,242,23,0.2108,0.00003027,29.6026,502.1640,266.7941
5262,73,13,0.2107,0.00003027,22.9011,499.5664,229.3506
5263,455,23,0.2106,0.00003026,25.7589,507.5249,231.8214
5264,161,21,0.2104,0.00003026,24.9735,503.3540,242.0736
5265,81,15,0.2103,0.00003026,28.0552,506.3089,194.6380
5266,126,16,0.2101,0.00003025,30.3522,499.2863,264.1570
5267,69,12,0.2099,0.00003025,21.1582,504.5232,399.8599
5268,225,19,0.2098,0.00003025,32.9465,504.8999,397.4102
5269,110,15,0.2097,0.00003024,19.3449,505.6931,208.0506
5270,51,9,0.2095,0.00003024,20.4030,500.0693,290.1924
5271,31,8,0.2094,0.00003023,19.0947,489.7842,195.7108
5272,41,12,0.2092,0.00003023,15.7958,499.7415,266.2594
5273,123,16,0.2090,0.00003023,30.5445,506.8235,223.5691
5274,246,22,0.2089,0.00003022,18.5236,503.0748,322.3592
5275,59,13,0.2087,0.00003022,26.4533,502.1859,289.4558
5276,59,15,0.2086,0.00003022,27.9057,513.1995,269.4485
5277,112,15,0.2085,0.00003021,29.9755,504.2278,216.7249
5278,158,17,0.2083,0.00003021,18.8003,496.3863,246.5208
5279,126,18,0.2081,0.00003020,30.2664,502.7047,252.3205
5280,51,9,0.2080,0.00003020,18.2226,502.9679,244.1210
5281,204,20,0.2078,0.00003020,27.4238,499.1592,308.6040
5282,165,15,0.2077,0.00003019,26.3444,511.5587,322.8554
5283,123,14,0.2076,0.00003019,22.6381,504.7592,165.4324
5284,75,12,0.2074,0.00003018,33.2785,504.3337,315.9604
5285,40,10,0.2072,0.00003018,25.7206,506.3276,264.2359
5286,59,11,0.2071,0.00003018,23.3953,503.9273,170.5689
5287,36,9,0.2069,0.00003017,13.1998,496.2352,347.6608
5288,289,25,0.2068,0.00003017,28.8564,510.9864,291.4517
5289,58,13,0.2067,0.00003017,24.9329,515.3920,200.6015
5290,56,12,0.2065,0.00003016,24.1193,503.3306,389.3569
5291,98,13,0.2063,0.00003016,31.1798,497.8003,449.9173
5292,53,11,0.2062,0.00003016,22.4715,500.4766,209.7328
5293,74,13,0.2060,0.00003015,28.1605,505.6787,230.7700
5294,38,10,0.2059,0.00003015,22.4370,495.8011,275.9173
5295,52,10,0.2057,0.00003014,24.6128,508.4677,257.8984
5296,539,39,0.2056,0.00003014,25.5229,511.9866,285.7336
5297,114,15,0.2054,0.00003014,21.3670,488.3314,238.5858
5298,87,15,0.2053,0.00003013,24.0021,502.8782,281.8251
5299,545,32,0.2051,0.00003013,25.7351,511.9313,187.7552
5300,23,6,0.2050,0.00003013,28.3252,489.6301,200.4042
5301,145,17,0.2048,0.00003012,28.4420,511.7037,218.9258
5302,83,14,0.2047,0.00003012,21.3061,519.5863,224.9573
5303,80,13,0.2046,0.00003011,25.5432,508.5142,210.6901
5304,169,19,0.2044,0.00003011,19.9176,512.1647,289.0149
5305,79,12,0.2043,0.00003011,24.1845,502.6328,166.1851
5306,118,15,0.2041,0.00003010,22.3356,501.3637,175.9660
5307,47,10,0.2040,0.00003010,25.5014,501.1799,253.8758
5308,226,19,0.2038,0.00003009,27.0843,512.6952,241.9071
5309,57,12,0.2036,0.00003009,27.6587,510.5860,287.2090
5310,274,24,0.2035,0.00003009,30.3079,522.3877,281.2322
5311,37,10,0.2034,0.00003008,18.2215,491.2401,191.2860
5312,60,13,0.2032,0.00003008,16.1811,499.9141,304.2518
5313,53,12,0.2031,0.00003008,22.0827,514.3247,184.3830
5314,54,11,0.2029,0.00003007,37.2986,498.7288,252.0267
5315,219,25,0.2027,0.00003007,21.8328,507.5715,217.5221
5316,166,16,0.2026,0.00003007,29.7104,512.8125,256.2092
5317,88,16,0.2025,0.00003006,25.2660,505.8861,217.3979
5318,306,24,0.2023,0.00003006,18.9409,509.2642,294.3570
5319,48,15,0.2022,0.00003005,28.7993,513.3850,299.2277
5320,317,26,0.2020,0.00003005,26.3134,510.4252,244.6869
5321,111,19,0.2018,0.00003005,26.0734,510.7524,233.0625
5322,137,18,0.2017,0.00003004,26.3690,513.7242,246.4373
5323,95,16,0.2016,0.00003004,20.9601,510.1143,321.4755
5324,44,10,0.2014,0.00003004,13.9641,491.4747,250.6038
5325,90,15,0.2013,0.00003003,26.7574,508.9157,302.4670
5326,84,13,0.2011,0.00003003,28.3951,508.7786,287.3378
5327,245,22,0.2009,0.00003002,28.8197,505.8542,250.6930
5328,50,10,0.2008,0.00003002,32.2600,508.6652,238.7341
5329,61,13,0.2006,0.00003002,22.8197,504.8102,322.4751
5330,138,16,0.2005,0.00003001,22.0239,512.0465,379.4487
5331,173,18,0.2004,0.00003001,25.5889,512.3448,199.1863
5332,54,12,0.2002,0.00003001,23.1320,509.9232,175.5015
5333,60,13,0.2000,0.00003000,32.8909,501.1839,244.5289
5334,60,13,0.1999,0.00003000,23.3448,506.3764,197.4722
5335,56,11,0.1997,0.00002999,23.8051,490.9067,310.2330
5336,75,13,0.1996,0.00002999,29.1248,506.6974,376.9331
5337,289,22,0.1995,0.00002999,28.0958,519.6843,267.2394
5338,78,12,0.1993,0.00002998,21.7198,500.2666,305.6027
5339,301,23,0.1991,0.00002998,26.8302,514.6834,280.7059
5340,276,25,0.1990,0.00002998,26.9192,516.9718,296.8428
5341,79,14,0.1988,0.00002997,28.8944,508.0451,252.8959
5342,63,13,0.1987,0.00002997,33.2816,504.6225,295.9406
5343,148,18,0.1986,0.00002996,19.5592,502.6193,258.8741
5344,313,27,0.1984,0.00002996,23.0458,515.6175,261.4417
5345,37,9,0.1982,0.00002996,17.0136,504.7133,254.2716
5346,55,10,0.1981,0.00002995,17.4724,511.6769,274.9118
5347,39,9,0.1979,0.00002995,22.5619,489.2868,410.1398
5348,50,10,0.1978,0.00002995,22.0178,491.9351,288.7910
5349,110,14,0.1976,0.00002994,25.2070,515.1644,202.4198
5350,223,19,0.1975,0.00002994,32.8792,511.1122,209.3186
5351,141,17,0.1973,0.00002993,20.7357,507.9561,264.0411
5352,651,27,0.1972,0.00002993,25.3214,526.1626,265.5451
5353,1046,45,0.1970,0.00002993,23.4583,531.5159,230.2801
5354,48,10,0.1969,0.00002992,33.7892,501.4457,156.8160
5355,158,14,0.1967,0.00002992,24.6593,519.2873,312.0139
5356,346,25,0.1966,0.00002992,24.0403,511.8871,380.0421
5357,39,9,0.1964,0.00002991,21.4131,498.3172,465.7694
5358,84,12,0.1963,0.00002991,29.6516,499.3092,538.9054
5359,79,11,0.1961,0.00002990,29.5606,510.9499,301.5255
5360,136,17,0.1960,0.00002990,26.6848,509.9341,220.8752
5361,72,11,0.1958,0.00002990,29.1571,504.4319,195.6411
5362,43,11,0.1957,0.00002989,19.8987,509.1070,194.3543
5363,43,9,0.1956,0.00002989,29.6130,501.0807,358.8987
5364,288,18,0.1954,0.00002988,24.8977,520.0958,269.8853
5365,38,9,0.1953,0.00002988,22.7331,497.8595,276.9773
5366,335,26,0.1951,0.00002988,24.2569,518.7468,356.7032
5367,184,19,0.1950,0.00002987,30.2067,516.4194,253.6743
5368,688,33,0.1948,0.00002987,28.5918,531.8967,232.3872
5369,196,21,0.1946,0.00002987,25.8843,513.5067,293.4706
5370,33,8,0.1945,0.00002986,29.0937,502.4127,189.7561
5371,483,35,0.1944,0.00002986,29.0743,506.9869,331.6811
5372,272,23,0.1942,0.00002986,23.8076,517.4635,295.6064
5373,375,25,0.1941,0.00002985,23.6826,520.9494,311.2489
5374,95,18,0.1939,0.00002985,27.1545,512.0338,253.2642
5375,202,21,0.1937,0.00002984,21.6908,521.4273,213.8181
5376,57,13,0.1936,0.00002984,26.4360,489.5454,196.2661
5377,74,14,0.1935,0.00002984,33.8243,514.8901,282.9846
5378,77,15,0.1933,0.00002983,20.3948,518.6951,222.7939
5379,46,11,0.1932,0.00002983,26.1931,514.9816,277.6279
5380,244,24,0.1930,0.00002983,20.7796,517.5834,254.6896
5381,521,33,0.1928,0.00002982,29.7771,524.6256,299.5720
5382,72,12,0.1927,0.00002982,19.5747,510.0687,301.8020
5383,101,12,0.1925,0.00002981,28.0658,515.4389,276.1566
5384,36,9,0.1924,0.00002981,30.5708,520.3439,362.0823
5385,127,16,0.1923,0.00002981,22.3274,514.2712,223.7546
5386,390,26,0.1921,0.00002980,23.9463,516.5159,276.2600
5387,43,9,0.1919,0.00002980,28.0722,499.2795,194.0846
5388,90,15,0.1918,0.00002980,19.9746,522.1611,344.9206
5389,113,14,0.1916,0.00002979,22.0774,510.8494,201.5682
5390,134,16,0.1915,0.00002979,25.0144,521.9500,241.2052
5391,122,14,0.1914,0.00002978,23.6697,514.4479,311.8611
5392,32,8,0.1912,0.00002978,20.0039,496.0868,255.2344
5393,62,14,0.1910,0.00002978,19.7231,512.8672,429.1830
5394,47,9,0.1909,0.00002977,30.2263,505.3649,307.1492
5395,153,14,0.1907,0.00002977,25.6816,504.2331,282.6972
5396,118,15,0.1906,0.00002977,25.4928,518.6484,226.0741
5397,92,17,0.1905,0.00002976,21.1551,509.1088,325.8147
5398,423,33,0.1903,0.00002976,23.3016,517.6300,261.9766
5399,49,9,0.1901,0.00002975,16.7715,512.2898,283.8990
5400,54,10,0.1900,0.00002975,19.0827,514.4584,160.7679
5401,53,11,0.1898,0.00002975,22.5686,504.2400,388.5131
5402,202,19,0.1897,0.00002974,22.9906,516.8401,306.6190
5403,102,16,0.1895,0.00002974,21.3226,519.8268,309.4121
5404,83,16,0.1894,0.00002974,26.7622,523.0446,235.2652
5405,82,14,0.1892,0.00002973,20.3621,513.9181,241.2653
5406,229,20,0.1891,0.00002973,20.8048,518.7434,233.5558
5407,41,10,0.1889,0.00002972,23.0218,503.6470,267.9460
5408,125,14,0.1888,0.00002972,17.9046,514.0664,212.4472
5409,220,16,0.1886,0.00002972,24.6726,520.5004,189.0318
5410,312,24,0.1885,0.00002971,22.1401,529.2016,248.4041
5411,40,9,0.1883,0.00002971,35.0683,500.0250,208.3352
5412,163,18,0.1882,0.00002971,23.3810,514.5602,189.3542
5413,61,13,0.1880,0.00002970,23.3183,513.8344,230.0807
5414,33,8,0.1879,0.00002970,24.9062,494.4483,355.2680
5415,301,23,0.1877,0.00002969,26.7922,508.9329,279.6844
5416,223,18,0.1876,0.00002969,28.6822,527.8560,237.1595
5417,216,20,0.1874,0.00002969,19.7885,515.6262,234.5420
5418,43,12,0.1873,0.00002968,17.7707,515.5065,193.7553
5419,193,20,0.1871,0.00002968,29.3537,516.9674,251.9684
5420,40,13,0.1870,0.00002968,29.0341,524.3614,271.1061
5421,123,15,0.1868,0.00002967,21.3980,507.0393,309.7720
5422,174,19,0.1867,0.00002967,15.2261,517.2801,301.0606
5423,50,11,0.1865,0.00002966,25.8940,511.6054,295.0660
5424,269,22,0.1864,0.00002966,29.6534,523.2934,272.8871
5425,33,8,0.1863,0.00002966,26.2019,509.9929,315.8182
5426,51,10,0.1861,0.00002965,32.2732,517.5719,254.2787
5427,54,12,0.1860,0.00002965,27.0198,513.1793,258.6834
5428,462,27,0.1858,0.00002965,24.8246,527.2992,302.4582
5429,37,8,0.1856,0.00002964,20.0052,519.4585,190.9175
5430,325,25,0.1855,0.00002964,26.6100,528.2990,230.9868
5431,243,23,0.1854,0.00002963,28.1713,527.0379,216.4711
5432,316,24,0.1852,0.00002963,25.7917,531.0969,405.0341
5433,121,15,0.1851,0.00002963,24.4991,514.9833,373.3212
5434,46,11,0.1849,0.00002962,21.0484,506.5734,342.1016
5435,55,10,0.1847,0.00002962,16.8649,519.2625,317.5817
5436,38,8,0.1846,0.00002962,31.9011,507.5836,245.5689
5437,47,12,0.1845,0.00002961,27.8107,502.9636,290.8150
5438,658,32,0.1843,0.00002961,21.8654,524.5725,195.4634
5439,170,20,0.1842,0.00002960,27.5462,516.4532,217.7388
5440,172,18,0.1840,0.00002960,22.2327,523.6047,431.1669
5441,155,15,0.1838,0.00002960,35.2018,517.3580,344.7986
5442,222,23,0.1837,0.00002959,23.9747,517.7162,236.4402
5443,55,11,0.1835,0.00002959,22.2739,519.9551,201.4388
5444,378,30,0.1834,0.00002959,17.9837,510.5546,231.8132
5445,59,12,0.1833,0.00002958,25.7628,528.4626,470.4350
5446,40,8,0.1831,0.00002958,23.6512,508.3847,258.2431
5447,529,33,0.1829,0.00002957,21.8279,531.5116,359.1781
5448,59,12,0.1828,0.00002957,27.3029,515.3157,190.0878
5449,34,9,0.1826,0.00002957,17.7367,516.8434,358.1246
5450,516,29,0.1825,0.00002956,23.0315,523.0169,255.0009
5451,43,9,0.1824,0.00002956,30.1680,519.4172,284.4909
5452,177,19,0.1822,0.00002956,27.2360,515.8507,337.2740
5453,166,24,0.1820,0.00002955,24.5173,506.5121,240.8205
5454,33,8,0.1819,0.00002955,25.3064,509.1003,298.4488
5455,59,10,0.1817,0.00002954,30.3155,518.0064,245.7139
5456,219,22,0.1816,0.00002954,26.5777,519.3900,323.3660
5457,34,9,0.1815,0.00002954,26.2178,515.2681,185.9954
5458,57,13,0.1813,0.00002953,25.9696,510.1708,195.4807
5459,56,12,0.1811,0.00002953,27.5118,516.3977,271.6742
5460,151,19,0.1810,0.00002952,32.3531,522.8876,348.0509
5461,149,17,0.1808,0.00002952,26.8004,526.5211,368.9754
5462,222,26,0.1807,0.00002952,22.9192,518.6931,218.6961
5463,80,13,0.1805,0.00002951,27.3462,521.0366,171.3224
5464,307,27,0.1804,0.00002951,22.7683,517.9047,266.2976
5465,103,15,0.1802,0.00002951,36.3299,512.5125,191.4634
5466,662,27,0.1801,0.00002950,28.9978,540.7584,260.8931
5467,198,23,0.1799,0.00002950,22.9924,524.1997,284.5479
5468,128,16,0.1798,0.00002950,30.6830,510.5839,196.1623
5469,118,16,0.1796,0.00002949,20.9506,512.4141,322.2767
5470,70,12,0.1795,0.00002949,24.1761,517.7666,212.7616
5471,142,19,0.1793,0.00002948,11.3659,527.6205,219.5031
5472,163,16,0.1792,0.00002948,26.6519,521.5263,204.0676
5473,249,21,0.1790,0.00002948,25.7607,516.9363,231.5897
5474,291,28,0.1789,0.00002947,28.1970,526.3053,284.8792
5475,45,10,0.1787,0.00002947,38.4164,514.3840,163.5341
5476,168,20,0.1786,0.00002947,24.2931,524.1988,183.1681
5477,275,25,0.1784,0.00002946,25.8671,524.0009,256.8109
5478,121,18,0.1783,0.00002946,16.7456,520.6250,310.5061
5479,50,10,0.1781,0.00002945,21.9505,518.2025,298.9930
5480,773,48,0.1780,0.00002945,21.1757,528.7830,242.3245
5481,58,13,0.1778,0.00002945,27.7173,522.8384,228.6742
5482,191,21,0.1777,0.00002944,31.0223,522.3276,227.0271
5483,124,20,0.1775,0.00002944,20.1273,518.2140,277.0969
5484,30,8,0.1774,0.00002944,19.9056,510.7025,228.2988
5485,97,15,0.1773,0.00002943,26.7572,522.3361,269.2281
5486,127,16,0.1771,0.00002943,28.2107,527.6692,286.2039
5487,265,24,0.1770,0.00002942,22.4136,518.0690,248.6479
5488,54,11,0.1768,0.00002942,38.3703,518.2899,423.4439
5489,138,17,0.1766,0.00002942,22.4327,518.5899,372.4751
5490,36,10,0.1765,0.00002941,24.4370,515.1307,174.5190
5491,308,26,0.1764,0.00002941,28.7639,531.9187,261.7648
5492,257,24,0.1762,0.00002941,29.5248,521.0080,390.1512
5493,48,9,0.1761,0.00002940,27.9881,490.9036,344.0168
5494,356,21,0.1759,0.00002940,27.1620,522.5177,180.5118
5495,84,14,0.1757,0.00002939,27.2322,533.5136,290.0411
5496,93,15,0.1756,0.00002939,34.1428,517.8156,307.8441
5497,39,10,0.1754,0.00002939,19.7011,531.0792,335.6228
5498,88,14,0.1753,0.00002938,17.9725,531.5697,259.5511
5499,237,21,0.1752,0.00002938,30.7205,523.6565,409.3555
5500,57,12,0.1750,0.00002938,28.5560,507.1828,309.7384
5501,63,15,0.1749,0.00002937,20.3579,510.7168,349.1928
5502,39,11,0.1747,0.00002937,27.5913,517.6805,169.5208
5503,32,8,0.1745,0.00002936,31.3523,505.3906,281.5986
5504,41,9,0.1744,0.00002936,30.7303,499.7927,234.3182
5505,110,16,0.1743,0.00002936,35.1640,526.0004,293.1247
5506,264,28,0.1741,0.00002935,20.5621,524.2968,238.7201
5507,126,16,0.1740,0.00002935,20.7012,518.2261,138.0574
5508,41,7,0.1738,0.00002935,22.8144,515.1840,136.0752
5509,411,30,0.1736,0.00002934,27.5588,529.4840,265.5764
5510,206,21,0.1735,0.00002934,24.8706,517.9064,217.6499
5511,556,28,0.1734,0.00002933,23.0360,533.5796,305.5199
5512,58,10,0.1732,0.00002933,17.1046,517.7149,276.0807
5513,39,10,0.1731,0.00002933,33.6752,515.6100,274.4452
5514,56,10,0.1729,0.00002932,20.8427,521.2335,314.1943
5515,82,16,0.1727,0.00002932,33.0621,521.4779,274.2370
5516,73,13,0.1726,0.00002931,27.0166,522.4555,255.9028
5517,284,25,0.1724,0.00002931,27.1499,520.8901,284.1380
5518,87,15,0.1723,0.00002931,23.0645,526.5952,315.2544
5519,266,15,0.1722,0.00002930,30.1427,538.5015,191.3542
5520,664,28,0.1720,0.00002930,24.8922,535.4848,233.1506
5521,223,18,0.1718,0.00002930,26.6488,530.3674,255.2847
5522,39,9,0.1717,0.00002929,18.9091,501.0197,227.3800
5523,90,17,0.1715,0.00002929,23.1480,521.2130,191.5032
5524,61,12,0.1714,0.00002929,18.2433,512.5934,247.5931
5525,374,23,0.1713,0.00002928,19.1249,538.7069,271.1622
5526,57,11,0.1711,0.00002928,24.7370,524.3262,280.1794
5527,388,29,0.1709,0.00002927,26.9716,533.7195,296.7867
5528,315,25,0.1708,0.00002927,28.6075,530.6466,271.5409
5529,234,20,0.1706,0.00002927,30.3479,531.8984,391.7247
5530,133,18,0.1705,0.00002926,29.5018,526.6832,236.2079
5531,35,8,0.1704,0.00002926,22.7096,517.9509,264.8842
5532,51,11,0.1702,0.00002926,27.7368,522.8600,185.4080
5533,169,17,0.1700,0.00002925,28.7336,528.4185,217.3974
5534,142,18,0.1699,0.00002925,24.3712,523.5308,208.4163
5535,188,21,0.1697,0.00002924,23.9294,521.6489,259.0942
5536,172,25,0.1696,0.00002924,25.6712,527.3356,290.6948
5537,226,21,0.1694,0.00002924,28.1644,525.4667,378.0467
5538,106,15,0.1693,0.00002923,22.6139,522.8260,164.4848
5539,81,16,0.1691,0.00002923,22.9791,528.0118,241.9040
5540,34,8,0.1690,0.00002923,25.7074,510.9606,170.4436
5541,31,8,0.1688,0.00002922,27.6986,516.4894,280.8254
5542,168,17,0.1687,0.00002922,27.8138,523.0021,253.7422
5543,39,9,0.1685,0.00002921,28.0666,521.3787,222.5151
5544,129,16,0.1684,0.00002921,30.4086,525.6552,243.9558
5545,82,11,0.1683,0.00002921,24.6712,531.6143,217.9893
5546,72,12,0.1681,0.00002920,30.7697,530.0964,164.8477
5547,58,14,0.1680,0.00002920,26.3769,532.3785,173.4020
5548,30,6,0.1678,0.00002920,36.8930,519.8255,265.7251
5549,87,15,0.1677,0.00002919,23.4187,516.2955,258.1317
5550,175,22,0.1675,0.00002919,33.0664,525.6884,242.3924
5551,103,15,0.1673,0.00002918,24.7384,522.0662,174.6052
5552,347,21,0.1672,0.00002918,28.3465,538.1099,397.8345
5553,163,13,0.1671,0.00002918,23.7077,535.1121,272.0094
5554,414,34,0.1669,0.00002917,29.2202,524.2628,228.3327
5555,207,23,0.1668,0.00002917,23.4382,523.6215,361.5447
5556,42,10,0.1666,0.00002916,16.2535,515.7226,191.2053
5557,220,18,0.1664,0.00002916,28.4253,531.5954,225.5549
5558,128,17,0.1663,0.00002916,32.6419,536.1316,285.8561
5559,37,10,0.1662,0.00002915,24.7426,527.3121,212.0439
5560,72,15,0.1660,0.00002915,16.2382,529.5408,285.7302
5561,33,10,0.1659,0.00002915,30.5375,522.7475,267.4986
5562,119,15,0.1657,0.00002914,33.3672,533.0532,282.2627
5563,181,20,0.1655,0.00002914,27.0213,534.9632,217.9636
5564,79,15,0.1654,0.00002914,23.1508,524.2042,165.3084
5565,74,15,0.1653,0.00002913,23.9020,522.9468,282.2442
5566,331,22,0.1651,0.00002913,17.3451,534.5067,262.0429
5567,61,12,0.1650,0.00002912,27.4676,529.6969,358.7042
5568,40,10,0.1648,0.00002912,21.7474,525.2388,240.5999
5569,82,13,0.1646,0.00002912,19.0065,524.2040,309.9099
5570,50,10,0.1645,0.00002911,24.7723,529.5073,272.7114
5571,262,24,0.1643,0.00002911,25.6498,531.8304,219.5337
5572,114,14,0.1642,0.00002911,27.3987,531.5228,236.9055
5573,18,5,0.1641,0.00002910,35.8491,514.2637,244.6836
5574,342,29,0.1639,0.00002910,26.4615,532.1193,249.9867
5575,235,19,0.1637,0.00002909,24.7580,532.0267,257.9372
5576,32,7,0.1636,0.00002909,30.4141,523.4387,247.1849
5577,335,23,0.1634,0.00002909,27.6124,527.0172,229.1962
5578,145,19,0.1633,0.00002908,33.7996,527.8756,290.3607
5579,119,14,0.1632,0.00002908,28.7477,532.3973,185.5268
5580,60,12,0.1630,0.00002907,37.8963,534.2976,277.2919
5581,63,13,0.1628,0.00002907,27.8491,525.3810,204.9004
5582,139,20,0.1627,0.00002907,22.5346,524.8462,223.0229
5583,222,19,0.1625,0.00002906,28.0211,536.5879,320.0460
5584,297,21,0.1624,0.00002906,23.2291,533.8549,307.0691
5585,215,20,0.1623,0.00002906,29.1188,530.2965,269.4872
5586,234,24,0.1621,0.00002905,25.2414,528.8487,291.4313
5587,104,13,0.1619,0.00002905,23.3184,524.0437,226.9708
5588,176,18,0.1618,0.00002905,25.8339,535.4582,239.5942
5589,56,11,0.1616,0.00002904,23.0732,527.6293,354.1004
5590,314,27,0.1615,0.00002904,25.1306,529.2000,255.3262
5591,162,17,0.1613,0.00002903,20.9872,530.1490,276.1393
5592,75,10,0.1612,0.00002903,11.9942,531.9152,168.1229
5593,89,14,0.1610,0.00002903,25.3971,539.7364,187.1158
5594,131,19,0.1609,0.00002902,21.3250,519.2383,253.9910
5595,52,10,0.1607,0.00002902,23.1710,519.7729,419.6026
5596,541,26,0.1606,0.00002902,26.4987,536.0533,356.2793
5597,158,22,0.1604,0.00002901,27.2911,536.0946,279.4320
5598,227,18,0.1603,0.00002901,26.3015,534.2939,225.3845
5599,82,13,0.1601,0.00002900,25.3771,525.2438,223.0545
5600,114,14,0.1600,0.00002900,27.0899,533.1558,285.8600
5601,163,20,0.1598,0.00002900,34.9285,520.8815,177.3832
5602,527,30,0.1597,0.00002899,24.8976,554.4652,297.4005
5603,486,38,0.1595,0.00002899,27.6811,534.1486,218.8984
5604,252,20,0.1594,0.00002899,21.6464,521.5202,482.8332
5605,69,10,0.1593,0.00002898,20.3731,522.1587,420.2749
5606,163,22,0.1591,0.00002898,15.5925,523.9219,511.2081
5607,163,16,0.1590,0.00002897,20.1918,527.8354,351.4733
5608,85,14,0.1588,0.00002897,25.0531,519.7693,260.3391
5609,256,26,0.1587,0.00002897,23.2028,527.9153,274.3079
5610,70,11,0.1585,0.00002896,21.8043,525.4073,333.7844
5611,173,20,0.1583,0.00002896,22.6372,529.3947,392.2147
5612,34,10,0.1582,0.00002895,26.7268,526.0877,314.4919
5613,41,11,0.1581,0.00002895,24.3729,524.1028,263.9090
5614,74,10,0.1579,0.00002895,24.7590,524.0196,323.6364
5615,145,20,0.1578,0.00002894,28.1379,531.7066,289.5094
5616,215,18,0.1576,0.00002894,24.3125,525.2120,249.1108
5617,139,17,0.1574,0.00002894,23.4307,537.2938,234.3461
5618,78,13,0.1573,0.00002893,30.7238,528.1025,224.6029
5619,59,12,0.1572,0.00002893,31.4687,533.4411,354.5635
5620,84,12,0.1570,0.00002893,28.8600,530.1270,326.8047
5621,54,10,0.1569,0.00002892,21.2657,531.9257,208.8660
5622,29,7,0.1567,0.00002892,18.0423,513.8924,221.3055
5623,162,17,0.1565,0.00002891,22.0023,526.1271,235.8972
5624,280,20,0.1564,0.00002891,24.0958,539.9512,285.9261
5625,198,23,0.1562,0.00002891,29.9060,533.5197,331.1622
5626,1333,49,0.1561,0.00002890,23.8491,544.0120,225.5156
5627,78,12,0.1560,0.00002890,36.6079,527.4240,189.0308
5628,176,17,0.1558,0.00002890,21.4686,538.5985,215.4368
5629,146,20,0.1556,0.00002889,18.9324,529.7819,221.1922
5630,55,11,0.1555,0.00002889,37.5501,529.2460,210.4916
5631,63,13,0.1553,0.00002888,28.0556,526.0529,281.2599
5632,376,27,0.1552,0.00002888,25.6838,535.5216,206.6699
5633,242,21,0.1551,0.00002888,30.9379,540.0484,313.4557
5634,58,11,0.1549,0.00002887,23.1129,524.4990,243.7890
5635,36,9,0.1547,0.00002887,36.3731,520.1031,366.8400
5636,310,22,0.1546,0.00002886,25.5535,539.4568,290.2083
5637,428,30,0.1544,0.00002886,23.6853,547.8580,265.0367
5638,48,7,0.1543,0.00002886,19.0178,531.9181,309.4770
5639,170,17,0.1542,0.00002885,19.1359,540.4387,398.3566
5640,58,11,0.1540,0.00002885,27.1292,524.5081,260.6066
5641,52,10,0.1538,0.00002885,26.7162,533.7572,385.3719
5642,135,19,0.1537,0.00002884,25.2454,529.2707,175.1224
5643,233,17,0.1535,0.00002884,31.2217,540.1989,226.7363
5644,120,14,0.1534,0.00002884,21.3970,529.6121,179.1643
5645,139,18,0.1532,0.00002883,31.9929,537.9637,311.5513
5646,41,10,0.1531,0.00002883,24.4121,526.9285,297.7564
5647,62,12,0.1529,0.00002882,20.8168,531.9517,272.4563
5648,276,23,0.1528,0.00002882,26.9432,539.5343,253.0364
5649,976,51,0.1526,0.00002882,26.2760,548.8415,236.6549
5650,283,22,0.1525,0.00002881,29.3758,544.9002,232.8211
5651,185,18,0.1523,0.00002881,26.6676,539.1213,261.1901
5652,50,11,0.1522,0.00002881,20.9385,527.4964,265.3871
5653,44,8,0.1520,0.00002880,29.9357,517.1030,218.2462
5654,229,22,0.1519,0.00002880,22.7414,542.5734,198.0917
5655,43,10,0.1517,0.00002879,21.5286,535.6676,98.8840
5656,118,16,0.1516,0.00002879,20.1549,542.5170,378.9216
5657,120,13,0.1514,0.00002879,22.7760,541.2310,400.3973
5658,669,28,0.1513,0.00002878,25.4683,552.8398,319.2499
5659,267,22,0.1511,0.00002878,32.0078,532.6041,186.5672
5660,53,13,0.1510,0.00002878,28.2411,540.4317,208.2088
5661,68,13,0.1508,0.00002877,27.7444,543.6928,297.8864
5662,311,22,0.1507,0.00002877,31.5098,544.0849,328.0590
5663,38,10,0.1505,0.00002876,28.4636,538.1227,388.0163
5664,166,17,0.1504,0.00002876,23.4606,534.9557,199.1132
5665,276,25,0.1502,0.00002876,29.1254,544.7880,229.3392
5666,74,11,0.1501,0.00002875,28.1979,538.5010,278.4845
5667,73,15,0.1500,0.00002875,28.0363,535.0571,189.7404
5668,101,13,0.1498,0.00002875,19.4368,532.1383,217.3300
5669,68,11,0.1497,0.00002874,26.3447,527.4841,253.3602
5670,39,10,0.1495,0.00002874,20.2262,529.9656,341.8365
5671,316,23,0.1493,0.00002873,25.1333,547.5965,285.1124
5672,221,17,0.1492,0.00002873,25.8530,548.4203,209.0844
5673,49,9,0.1491,0.00002873,31.6207,536.5391,215.2464
5674,297,22,0.1489,0.00002872,28.7746,537.2832,233.9537
5675,73,13,0.1488,0.00002872,23.7025,529.3350,302.5470
5676,300,24,0.1486,0.00002872,28.0084,535.4943,236.1947
5677,159,16,0.1484,0.00002871,38.5389,533.6400,406.4119
5678,62,12,0.1483,0.00002871,33.4157,542.4153,301.4287
5679,56,12,0.1482,0.00002870,11.2819,533.0838,200.2800
5680,152,18,0.1480,0.00002870,27.4526,540.9959,310.1857
5681,122,18,0.1479,0.00002870,27.5332,536.3062,198.2311
5682,501,37,0.1477,0.00002869,28.7166,536.7506,277.6569
5683,87,14,0.1475,0.00002869,22.1026,543.6571,325.3477
5684,141,20,0.1474,0.00002869,22.7737,539.8787,305.4330
5685,351,31,0.1472,0.00002868,22.3457,534.4607,289.7019
5686,255,25,0.1471,0.00002868,28.0576,542.7526,317.6670
5687,64,13,0.1470,0.00002867,27.7229,538.8769,235.8383
5688,30,6,0.1468,0.00002867,23.5470,529.1010,242.0164
5689,182,21,0.1466,0.00002867,20.8561,541.7417,212.9710
5690,51,9,0.1465,0.00002866,15.8336,536.2865,134.6589
5691,107,18,0.1463,0.00002866,24.5973,541.8717,362.9083
5692,340,26,0.1462,0.00002866,22.2801,545.5468,302.6450
5693,55,11,0.1461,0.00002865,29.8187,538.9974,284.4620
5694,242,22,0.1459,0.00002865,32.3476,539.8122,297.7459
5695,87,13,0.1457,0.00002864,25.0488,537.4937,229.5231
5696,169,21,0.1456,0.00002864,26.8645,539.2113,274.6907
5697,162,13,0.1454,0.00002864,23.9669,547.2151,264.6112
5698,183,21,0.1453,0.00002863,34.7103,539.3042,329.3326
5699,168,19,0.1452,0.00002863,27.3524,544.4643,270.2722
5700,50,10,0.1450,0.00002863,22.9637,526.8818,343.0383
5701,36,8,0.1448,0.00002862,25.7384,529.5881,196.6131
5702,50,12,0.1447,0.00002862,35.1859,532.4114,159.5393
5703,73,13,0.1445,0.00002861,19.0545,531.2489,255.3321
5704,110,17,0.1444,0.00002861,26.1281,539.6259,353.1672
5705,104,17,0.1442,0.00002861,24.8412,532.9609,185.3287
5706,434,13,0.1441,0.00002860,24.2391,565.4283,247.1929
5707,126,18,0.1439,0.00002860,31.6835,537.6068,256.3390
5708,120,13,0.1438,0.00002859,23.6821,550.5827,279.9025
5709,480,30,0.1436,0.00002859,26.0798,551.3655,286.0398
5710,59,12,0.1435,0.00002859,26.1682,539.4956,348.9055
5711,170,16,0.1433,0.00002858,25.1404,542.3947,244.0950
5712,74,11,0.1432,0.00002858,25.7712,538.9536,327.4521
5713,38,9,0.1430,0.00002858,29.4846,529.4652,220.0959
5714,297,20,0.1429,0.00002857,21.1732,547.6722,449.1730
5715,297,25,0.1427,0.00002857,24.4804,545.5401,301.0742
5716,311,27,0.1426,0.00002857,24.4170,545.9424,265.3973
5717,364,21,0.1424,0.00002856,26.8631,547.9840,210.7371
5718,370,29,0.1423,0.00002856,23.2942,551.4320,281.2633
5719,90,11,0.1421,0.00002855,16.7103,541.3813,189.4602
5720,79,15,0.1420,0.00002855,21.0768,548.6148,213.7547
5721,37,9,0.1418,0.00002855,13.1810,534.7812,141.3899
5722,115,13,0.1417,0.00002854,20.1634,538.6470,221.2742
5723,44,11,0.1415,0.00002854,25.9218,542.8472,298.9467
5724,426,28,0.1414,0.00002854,20.3849,541.5016,306.6037
5725,214,24,0.1412,0.00002853,27.8748,547.1388,230.8792
5726,164,14,0.1411,0.00002853,23.5030,533.5938,232.0401
5727,62,11,0.1410,0.00002852,22.8357,541.0948,297.2204
5728,57,11,0.1408,0.00002852,30.9198,535.8596,449.4597
5729,129,15,0.1407,0.00002852,29.8240,546.5664,259.0414
5730,85,14,0.1405,0.00002851,24.2247,536.2113,236.9247
5731,131,21,0.1403,0.00002851,25.4590,544.6242,277.8041
5732,113,12,0.1402,0.00002850,25.9301,548.7180,283.8017
5733,121,16,0.1401,0.00002850,19.2343,543.3324,249.1201
5734,411,27,0.1399,0.00002850,23.6403,550.4166,260.9174
5735,468,27,0.1398,0.00002849,22.9260,549.0445,292.5470
5736,227,19,0.1396,0.00002849,26.9741,549.6020,222.7235
5737,202,21,0.1394,0.00002849,33.4286,558.8854,210.3534
5738,170,20,0.1393,0.00002848,24.6928,543.0100,391.8018
5739,102,13,0.1391,0.00002848,20.1577,543.1168,476.1735
5740,290,21,0.1390,0.00002848,26.5234,548.3072,267.0567
5741,142,21,0.1389,0.00002847,20.3308,545.4364,176.3804
5742,82,13,0.1387,0.00002847,23.5617,542.8875,176.8358
5743,460,28,0.1385,0.00002846,33.6346,555.1804,317.4943
5744,159,16,0.1384,0.00002846,29.9376,537.7658,328.9102
5745,366,22,0.1382,0.00002846,24.4766,551.7668,277.1822
5746,87,13,0.1381,0.00002845,22.5528,548.5416,230.6151
5747,105,16,0.1380,0.00002845,24.6935,553.1641,253.1727
5748,32,8,0.1378,0.00002845,32.4727,537.2211,204.5970
5749,46,12,0.1376,0.00002844,35.9269,550.3340,432.1494
5750,34,8,0.1375,0.00002844,23.8166,546.5220,251.0950
5751,43,9,0.1373,0.00002843,21.5786,538.7196,292.0773
5752,55,11,0.1372,0.00002843,24.1191,543.3083,241.3370
5753,56,12,0.1371,0.00002843,23.4118,533.1799,304.3165
5754,100,15,0.1369,0.00002842,27.6327,538.1733,225.8552
5755,46,9,0.1368,0.00002842,30.9284,539.6537,319.2377
5756,290,21,0.1366,0.00002842,26.1940,545.5056,210.0103
5757,417,27,0.1364,0.00002841,22.2208,555.0726,309.5373
5758,175,19,0.1363,0.00002841,22.4697,546.8855,210.4322
5759,44,10,0.1361,0.00002840,21.7707,538.7361,202.4834
5760,520,32,0.1360,0.00002840,24.8085,556.8728,234.7490
5761,75,15,0.1359,0.00002840,25.5325,544.6646,254.9401
5762,116,15,0.1357,0.00002839,31.0941,536.6837,295.7533
5763,553,29,0.1355,0.00002839,26.6734,558.4579,277.2935
5764,77,10,0.1354,0.00002839,26.9243,550.9415,274.8495
5765,75,14,0.1352,0.00002838,23.6268,551.0060,193.4558
5766,55,10,0.1351,0.00002838,34.2125,542.0948,218.2690
5767,205,22,0.1350,0.00002837,22.0768,549.5046,301.4135
5768,559,28,0.1348,0.00002837,20.1209,557.0228,205.8043
5769,392,24,0.1346,0.00002837,27.3766,538.5096,279.5457
5770,124,17,0.1345,0.00002836,23.2965,547.5411,215.6618
5771,297,22,0.1343,0.00002836,24.2888,538.7001,207.8916
5772,56,12,0.1342,0.00002836,34.3208,547.4982,243.6599
5773,557,37,0.1341,0.00002835,24.0524,554.2615,273.0156
5774,82,15,0.1339,0.00002835,29.5867,543.3398,361.4479
5775,35,9,0.1337,0.00002834,32.2750,527.6645,312.8327
5776,230,21,0.1336,0.00002834,25.7983,544.8938,230.2150
5777,51,10,0.1334,0.00002834,25.1232,526.3980,151.5792
5778,44,12,0.1333,0.00002833,26.2512,534.1197,260.8063
5779,37,8,0.1331,0.00002833,30.6701,531.4668,219.0183
5780,168,18,0.1330,0.00002833,27.8271,555.1729,277.1697
5781,589,35,0.1328,0.00002832,24.5277,551.0844,210.3107
5782,57,12,0.1327,0.00002832,25.2197,540.3318,240.2827
5783,83,13,0.1325,0.00002831,24.6300,537.6456,191.6699
5784,37,10,0.1324,0.00002831,20.1675,547.2855,114.2620
5785,72,12,0.1322,0.00002831,14.3522,550.5509,287.0394
5786,142,19,0.1321,0.00002830,22.1575,540.7020,245.3686
5787,71,12,0.1320,0.00002830,29.8750,544.4103,351.7484
5788,753,44,0.1318,0.00002829,24.3654,555.0604,223.4685
5789,312,23,0.1317,0.00002829,27.9145,538.8985,314.0132
5790,94,13,0.1315,0.00002829,33.7505,533.1624,238.5895
5791,62,12,0.1314,0.00002828,19.5477,533.4004,250.2332
5792,119,13,0.1312,0.00002828,30.2334,532.8054,406.1475
5793,129,18,0.1310,0.00002828,23.9796,551.8189,273.4015
5794,167,15,0.1309,0.00002827,21.9129,555.3013,218.9338
5795,122,14,0.1308,0.00002827,20.0970,551.1369,255.4229
5796,49,9,0.1306,0.00002827,25.6096,532.6054,235.9456
5797,368,24,0.1305,0.00002826,24.5029,552.3716,268.7679
5798,874,40,0.1303,0.00002826,30.6529,559.9591,243.5347
5799,40,10,0.1301,0.00002825,32.2451,550.8508,218.1073
5800,166,14,0.1300,0.00002825,26.1589,555.1396,248.5193
5801,44,11,0.1299,0.00002825,34.3467,550.3201,184.3881
5802,90,17,0.1297,0.00002824,19.8884,539.9694,318.4841
5803,89,15,0.1296,0.00002824,24.3266,542.3037,223.2458
5804,288,20,0.1294,0.00002823,24.0764,551.0899,311.5357
5805,176,18,0.1292,0.00002823,30.1380,544.6362,298.9325
5806,75,13,0.1291,0.00002823,30.1173,536.4563,269.6475
5807,42,11,0.1290,0.00002822,27.2186,549.1776,206.4555
5808,111,18,0.1288,0.00002822,23.5678,542.8961,220.6339
5809,171,18,0.1287,0.00002822,20.7248,543.8039,263.7934
5810,55,11,0.1285,0.00002821,20.4566,545.9570,208.8931
5811,241,21,0.1283,0.00002821,33.1672,557.0390,239.5378
5812,56,11,0.1282,0.00002821,38.2033,535.9610,189.9540
5813,443,29,0.1280,0.00002820,26.3734,556.8793,321.8571
5814,165,18,0.1279,0.00002820,18.6762,547.4629,244.9304
5815,38,9,0.1278,0.00002819,26.3788,533.4725,302.4057
5816,347,24,0.1276,0.00002819,30.8785,546.3578,237.8711
5817,58,12,0.1274,0.00002819,16.0216,541.0809,346.0874
5818,97,14,0.1273,0.00002818,25.4056,548.2935,249.7864
5819,1037,32,0.1271,0.00002818,24.5146,560.7973,232.5442
5820,211,18,0.1270,0.00002818,22.8350,547.3092,312.5592
5821,216,15,0.1269,0.00002817,28.3368,548.9378,325.7929
5822,83,12,0.1267,0.00002817,29.5216,549.3738,245.4491
5823,55,12,0.1265,0.00002816,25.2592,542.3282,246.1553
5824,59,10,0.1264,0.00002816,28.0104,545.5723,409.1444
5825,313,31,0.1262,0.00002816,21.6310,554.3551,205.0194
5826,433,22,0.1261,0.00002815,29.0514,556.9257,183.4439
5827,37,9,0.1260,0.00002815,14.4143,549.2514,207.7294
5828,114,13,0.1258,0.00002814,27.8289,543.9938,245.5413
5829,91,13,0.1256,0.00002814,32.4792,543.1893,241.0732
5830,83,13,0.1255,0.00002814,30.2544,551.2820,267.9879
5831,165,17,0.1253,0.00002813,28.5238,553.3735,199.7526
5832,84,13,0.1252,0.00002813,19.3369,539.2246,163.2035
5833,77,12,0.1250,0.00002813,18.0087,545.1123,243.1021
5834,140,17,0.1249,0.00002812,20.0454,545.6157,292.5852
5835,253,27,0.1247,0.00002812,23.6153,548.2384,342.3719
5836,763,37,0.1246,0.00002812,31.5283,563.0438,232.9762
5837,69,14,0.1244,0.00002811,26.2860,542.9841,270.0998
5838,142,18,0.1243,0.00002811,22.9079,551.3544,421.4445
5839,174,19,0.1241,0.00002810,26.2078,545.3448,236.5509
5840,85,14,0.1240,0.00002810,21.4026,545.9976,174.5769
5841,233,21,0.1238,0.00002810,22.3170,553.1675,260.4539
5842,203,16,0.1237,0.00002809,29.4097,537.5742,311.2837
5843,105,17,0.1235,0.00002809,31.2508,547.1653,197.4644
5844,36,8,0.1234,0.00002809,18.1153,543.8978,309.3809
5845,231,19,0.1232,0.00002808,29.6844,557.3289,296.5258
5846,99,16,0.1231,0.00002808,23.1212,556.1741,314.5605
5847,39,10,0.1230,0.00002807,22.3287,540.4699,331.5975
5848,40,11,0.1228,0.00002807,31.4301,548.0703,259.7182
5849,124,17,0.1227,0.00002807,22.5906,552.0374,352.0146
5850,298,21,0.1225,0.00002806,20.4496,551.0749,413.2183
5851,99,14,0.1224,0.00002806,29.0939,551.3283,340.0560
5852,170,17,0.1222,0.00002805,21.8956,550.7929,328.0153
5853,49,10,0.1220,0.00002805,24.3954,553.7717,282.0959
5854,55,11,0.1219,0.00002805,31.5582,550.7216,223.5922
5855,112,15,0.1218,0.00002804,22.1502,555.9703,301.5882
5856,59,11,0.1216,0.00002804,28.8486,552.1197,282.9136
5857,79,14,0.1215,0.00002804,22.3533,553.3409,210.6608
5858,163,19,0.1213,0.00002803,26.4454,548.7223,272.2952
5859,40,10,0.1211,0.00002803,32.4452,534.6139,173.9928
5860,79,13,0.1210,0.00002803,22.8253,559.8609,237.3383
5861,82,15,0.1209,0.00002802,19.7708,549.0141,226.6077
5862,39,9,0.1207,0.00002802,17.2859,542.6785,266.1569
5863,204,20,0.1206,0.00002801,27.1168,558.7985,316.9194
5864,57,12,0.1204,0.00002801,18.2425,546.9749,288.4529
5865,43,11,0.1202,0.00002801,31.4782,539.8501,244.4135
5866,89,16,0.1201,0.00002800,25.2846,541.2626,414.6282
5867,397,31,0.1200,0.00002800,20.5764,559.8243,200.7454
5868,210,22,0.1198,0.00002800,29.0310,554.5477,222.5969
5869,48,12,0.1197,0.00002799,27.3630,549.6471,358.6671
5870,295,21,0.1195,0.00002799,20.7761,557.7601,249.2677
5871,175,19,0.1193,0.00002798,27.7417,551.9258,278.6173
5872,168,17,0.1192,0.00002798,25.3083,539.4194,198.9174
5873,48,11,0.1190,0.00002798,27.1848,536.7777,269.0065
5874,310,28,0.1189,0.00002797,29.8156,563.0793,315.8257
5875,149,16,0.1188,0.00002797,32.9660,559.5031,277.0185
5876,42,10,0.1186,0.00002797,41.3054,551.3499,152.1335
5877,118,15,0.1184,0.00002796,36.2397,554.9940,296.4682
5878,51,10,0.1183,0.00002796,23.6927,546.1011,268.3630
5879,113,14,0.1181,0.00002795,22.5408,542.4824,236.8421
5880,33,8,0.1180,0.00002795,33.0871,527.9120,459.5215
5881,86,13,0.1179,0.00002795,30.1530,541.7008,284.4593
5882,172,19,0.1177,0.00002794,24.4216,554.5859,182.0357
5883,53,12,0.1175,0.00002794,24.5041,549.9627,175.5136
5884,38,10,0.1174,0.00002793,28.6112,546.8165,148.8016
5885,37,9,0.1172,0.00002793,22.9373,542.6906,156.3876
5886,242,25,0.1171,0.00002793,21.2005,558.4747,256.0829
5887,134,19,0.1169,0.00002792,35.6065,557.8924,168.5553
5888,50,11,0.1168,0.00002792,39.2772,543.8061,259.6157
5889,267,22,0.1166,0.00002792,21.9218,555.8873,211.5314
5890,82,13,0.1165,0.00002791,25.8947,553.2661,298.0843
5891,58,12,0.1163,0.00002791,32.6293,549.2694,330.9828
5892,167,16,0.1162,0.00002791,23.7669,549.2270,218.8243
5893,78,16,0.1160,0.00002790,25.2106,553.3781,329.8855
5894,169,21,0.1159,0.00002790,24.6896,558.9706,308.8387
5895,32,7,0.1157,0.00002789,30.1333,540.6665,353.3570
5896,171,17,0.1156,0.00002789,33.5858,561.8589,275.3554
5897,185,21,0.1154,0.00002789,21.3069,561.8507,248.1254
5898,37,11,0.1153,0.00002788,15.8244,551.0842,315.1121
5899,48,10,0.1151,0.00002788,20.9191,543.9931,360.8844
5900,631,37,0.1150,0.00002788,23.2837,558.4428,280.9517
5901,352,29,0.1148,0.00002787,24.3918,560.6765,275.6535
5902,123,14,0.1147,0.00002787,29.0760,564.3018,316.6549
5903,27,8,0.1145,0.00002786,22.0458,536.0758,406.2778
5904,360,24,0.1144,0.00002786,26.0627,562.2619,313.0248
5905,110,15,0.1142,0.00002786,31.5281,553.4535,222.9157
5906,53,11,0.1141,0.00002785,36.4244,546.9534,387.9213
5907,81,13,0.1139,0.00002785,35.0456,544.4100,297.3234
5908,122,15,0.1138,0.00002785,23.7879,557.1572,292.9695
5909,261,27,0.1137,0.00002784,27.7524,554.4971,251.6477
5910,136,18,0.1135,0.00002784,22.3517,558.8798,308.6140
5911,27,6,0.1134,0.00002783,28.2456,546.2473,220.6153
5912,71,12,0.1132,0.00002783,23.9374,549.8401,226.4178
5913,142,17,0.1130,0.00002783,28.8472,554.5689,333.0004
5914,37,10,0.1129,0.00002782,23.8900,552.6890,195.2634
5915,54,10,0.1128,0.00002782,25.5469,549.3386,267.5233
5916,40,10,0.1126,0.00002782,32.6572,541.7653,318.4405
5917,80,17,0.1125,0.00002781,32.8265,556.3585,360.9955
5918,641,42,0.1123,0.00002781,24.1970,563.7867,274.3244
5919,179,17,0.1121,0.00002780,28.8955,557.8641,454.0806
5920,152,17,0.1120,0.00002780,23.6144,556.7203,335.8100
5921,967,50,0.1119,0.00002780,27.0726,565.2586,301.7903
5922,154,22,0.1117,0.00002779,29.1464,569.5561,229.8989
5923,193,21,0.1116,0.00002779,29.1905,556.1263,220.8948
5924,61,11,0.1114,0.00002779,25.5384,555.6776,182.8996
5925,52,9,0.1112,0.00002778,27.4103,559.0050,205.4295
5926,35,9,0.1111,0.00002778,33.8016,551.9849,161.6027
5927,120,17,0.1109,0.00002777,21.3568,557.5818,244.9399
5928,109,17,0.1108,0.00002777,29.5019,552.9490,263.4254
5929,102,15,0.1107,0.00002777,22.7344,548.7495,357.7506
5930,77,12,0.1105,0.00002776,35.1947,545.6507,347.4304
5931,31,8,0.1103,0.00002776,24.8532,549.6999,298.9299
5932,238,19,0.1102,0.00002776,33.1701,560.7988,301.1962
5933,51,12,0.1100,0.00002775,30.0404,560.4115,401.0322
5934,183,21,0.1099,0.00002775,21.2284,559.5590,477.4790
5935,43,7,0.1098,0.00002774,19.8856,542.7489,445.9492
5936,162,19,0.1096,0.00002774,28.4872,562.0042,273.8098
5937,96,14,0.1094,0.00002774,30.5860,558.8884,240.9538
5938,35,9,0.1093,0.00002773,20.7863,543.2073,237.6171
5939,33,8,0.1091,0.00002773,15.1360,542.2777,397.4136
5940,55,10,0.1090,0.00002772,36.1880,548.6550,239.7943
5941,45,11,0.1089,0.00002772,34.3373,558.4062,259.0358
5942,378,29,0.1087,0.00002772,28.4984,558.7476,308.2847
5943,300,25,0.1085,0.00002771,27.5286,555.7204,275.0877
5944,77,12,0.1084,0.00002771,28.1495,550.6434,195.3677
5945,94,17,0.1082,0.00002771,23.3074,558.1308,260.5519
5946,178,16,0.1081,0.00002770,36.6465,568.6730,256.9581
5947,32,9,0.1079,0.00002770,30.6215,557.5253,215.0689
5948,78,15,0.1078,0.00002770,32.6820,561.5873,217.4444
5949,127,20,0.1076,0.00002769,19.5043,562.6205,248.6859
5950,27,6,0.1075,0.00002769,31.0796,559.3871,214.0243
5951,377,24,0.1073,0.00002768,25.6383,570.0914,244.1772
5952,184,18,0.1072,0.00002768,27.2432,556.3134,274.0835
5953,63,10,0.1070,0.00002768,21.6104,556.4217,138.5551
5954,89,14,0.1069,0.00002767,17.1791,564.2598,176.4480
5955,129,17,0.1067,0.00002767,19.6969,561.0884,363.8502
5956,153,19,0.1066,0.00002767,22.7481,561.3418,231.9134
5957,73,10,0.1064,0.00002766,23.9074,556.5139,267.7199
5958,58,13,0.1063,0.00002766,19.8923,561.2237,235.7069
5959,80,14,0.1061,0.00002765,27.3801,557.7309,263.3776
5960,208,23,0.1060,0.00002765,27.0352,565.4103,337.5316
5961,162,18,0.1058,0.00002765,20.8295,566.7795,259.8719
5962,158,17,0.1057,0.00002764,25.2863,556.4373,281.4048
5963,359,20,0.1055,0.00002764,29.7535,563.4154,234.2451
5964,509,39,0.1054,0.00002764,23.7744,569.5484,251.7786
5965,72,12,0.1052,0.00002763,27.4335,550.8906,340.0576
5966,39,11,0.1051,0.00002763,18.6911,548.5460,228.4530
5967,783,33,0.1049,0.00002762,26.1975,570.0576,300.9801
5968,85,15,0.1048,0.00002762,24.5312,543.2572,242.4974
5969,28,6,0.1047,0.00002762,23.8998,551.0848,189.8177
5970,84,13,0.1045,0.00002761,29.0210,562.2747,198.6187
5971,331,31,0.1044,0.00002761,21.4669,548.8090,323.0578
5972,56,11,0.1042,0.00002761,24.1126,558.0699,274.0579
5973,46,12,0.1040,0.00002760,25.3434,550.9716,324.1045
5974,56,13,0.1039,0.00002760,20.3709,558.9895,158.1044
5975,50,10,0.1038,0.00002759,37.9963,557.9428,301.5737
5976,237,20,0.1036,0.00002759,27.4394,559.3311,318.9353
5977,62,12,0.1035,0.00002759,36.9779,568.0515,234.7403
5978,173,19,0.1033,0.00002758,30.1827,567.9555,222.3567
5979,36,10,0.1031,0.00002758,24.1820,554.7292,254.3875
5980,227,19,0.1030,0.00002757,21.2368,570.6520,231.9662
5981,116,14,0.1028,0.00002757,26.3886,565.0893,279.3351
5982,50,11,0.1027,0.00002757,28.0140,560.5539,268.5312
5983,270,22,0.1026,0.00002756,29.1750,559.2093,264.7253
5984,232,19,0.1024,0.00002756,20.1291,559.7344,271.0758
5985,543,30,0.1022,0.00002756,31.3270,575.4200,233.4351
5986,57,11,0.1021,0.00002755,32.8876,556.2101,226.8114
5987,126,15,0.1019,0.00002755,16.0000,565.3510,280.0770
5988,86,10,0.1018,0.00002755,17.3793,563.6881,284.2105
5989,150,17,0.1017,0.00002754,37.9863,567.5673,170.8022
5990,385,30,0.1015,0.00002754,20.5106,570.7419,229.4230
5991,44,11,0.1013,0.00002753,25.7945,564.5029,255.3535
5992,373,25,0.1012,0.00002753,27.8720,573.4527,259.6381
5993,135,21,0.1010,0.00002753,26.9069,572.3893,246.8429
5994,444,22,0.1009,0.00002752,34.5701,575.6795,391.2803
5995,317,29,0.1008,0.00002752,26.7939,570.8701,280.1467
5996,85,14,0.1006,0.00002752,39.8758,564.3626,283.3888
5997,98,15,0.1004,0.00002751,20.4649,563.3125,223.0647
5998,47,10,0.1003,0.00002751,29.4417,563.2582,414.1626
5999,81,12,0.1001,0.00002750,34.8100,563.9775,333.5614
6000,170,19,0.1000,0.00002750,27.3818,573.1450,375.7500
6001,38,10,0.1000,0.00002750,28.7373,557.2181,381.8630
6002,160,19,0.1000,0.00002749,31.5804,572.4916,317.9890
6003,228,19,0.1000,0.00002749,28.8917,572.0147,189.4419
6004,36,10,0.1000,0.00002749,32.8118,552.7944,326.6528
6005,179,19,0.1000,0.00002748,28.9509,577.2533,290.9728
6006,90,13,0.1000,0.00002748,33.9846,573.2480,389.1270
6007,107,19,0.1000,0.00002747,26.8290,565.0573,253.3695
6008,1019,37,0.1000,0.00002747,28.0093,577.4827,249.7863
6009,82,13,0.1000,0.00002747,24.2281,567.6774,243.7783
6010,441,21,0.1000,0.00002746,24.5995,576.0744,216.7689
6011,234,20,0.1000,0.00002746,28.5014,571.0957,291.1358
6012,217,16,0.1000,0.00002746,26.3605,577.7992,243.6344
6013,59,14,0.1000,0.00002745,23.0754,569.0902,236.4684
6014,252,25,0.1000,0.00002745,24.1795,568.0194,220.8077
6015,207,22,0.1000,0.00002744,27.7245,570.1974,335.7999
6016,125,16,0.1000,0.00002744,28.3234,562.7891,233.0080
6017,297,23,0.1000,0.00002744,27.8924,574.8089,266.7123
6018,70,12,0.1000,0.00002743,28.5082,569.2831,272.4282
6019,36,9,0.1000,0.00002743,27.0902,561.6124,151.8166
6020,101,16,0.1000,0.00002742,30.6583,568.6158,340.9810
6021,152,16,0.1000,0.00002742,26.9056,575.2352,274.0125
6022,484,16,0.1000,0.00002742,19.9669,589.9665,273.3102
6023,374,23,0.1000,0.00002741,25.6783,574.5745,417.9890
6024,39,10,0.1000,0.00002741,28.1716,554.7977,204.5509
6025,336,27,0.1000,0.00002741,25.0408,575.0990,253.9510
6026,170,22,0.1000,0.00002740,27.6239,564.2514,332.4050
6027,460,24,0.1000,0.00002740,30.4376,574.8344,320.9786
6028,433,12,0.1000,0.00002740,27.3828,592.3252,225.8871
6029,163,15,0.1000,0.00002739,41.6773,566.7307,249.9777
6030,80,12,0.1000,0.00002739,33.4653,550.5935,226.8226
6031,59,12,0.1000,0.00002738,33.7864,564.6017,264.2459
6032,169,19,0.1000,0.00002738,32.0020,574.4760,323.9452
6033,42,12,0.1000,0.00002738,29.2562,556.0701,245.0190
6034,314,24,0.1000,0.00002737,24.9450,569.2959,414.4259
6035,163,22,0.1000,0.00002737,26.2169,571.2119,175.2128
6036,109,13,0.1000,0.00002736,29.0222,568.1025,364.0996
6037,123,15,0.1000,0.00002736,23.5440,562.6164,410.1547
6038,186,19,0.1000,0.00002736,19.3917,573.7328,286.6529
6039,317,25,0.1000,0.00002735,26.2840,566.9474,224.5429
6040,209,25,0.1000,0.00002735,27.9603,570.8793,239.8349
6041,88,17,0.1000,0.00002735,22.4915,573.7599,272.7800
6042,132,18,0.1000,0.00002734,26.6650,572.6194,402.4899
6043,54,11,0.1000,0.00002734,14.3525,559.9656,207.4963
6044,114,14,0.1000,0.00002733,31.8727,570.8246,251.4296
6045,724,40,0.1000,0.00002733,26.5715,576.0375,290.1680
6046,110,13,0.1000,0.00002733,29.0219,567.0559,381.6172
6047,140,17,0.1000,0.00002732,22.5163,569.0841,277.0008
6048,38,10,0.1000,0.00002732,26.2666,565.5954,167.0311
6049,78,10,0.1000,0.00002732,28.0057,569.5071,241.0865
6050,41,9,0.1000,0.00002731,33.7730,557.0495,272.1844
6051,326,29,0.1000,0.00002731,31.8923,571.6556,407.7879
6052,119,13,0.1000,0.00002731,27.5465,566.9965,213.7977
6053,48,9,0.1000,0.00002730,22.0229,561.9168,416.1092
6054,241,23,0.1000,0.00002730,26.0925,561.7030,266.0444
6055,456,26,0.1000,0.00002729,24.0528,585.7767,252.2763
6056,108,15,0.1000,0.00002729,27.5570,567.7916,266.4740
6057,456,17,0.1000,0.00002729,29.2694,578.4266,298.4224
6058,480,33,0.1000,0.00002728,23.3766,573.2028,319.5501
6059,37,10,0.1000,0.00002728,26.7674,563.4589,354.3555
6060,38,10,0.1000,0.00002728,32.1338,561.9867,252.6612
6061,88,15,0.1000,0.00002727,17.8008,563.5457,262.1501
6062,72,14,0.1000,0.00002727,25.5689,559.2160,287.8437
6063,132,17,0.1000,0.00002726,33.5126,569.9456,220.8296
6064,218,22,0.1000,0.00002726,27.2506,577.1885,267.9067
6065,116,14,0.1000,0.00002726,32.5303,572.4836,185.9592
6066,213,16,0.1000,0.00002725,21.8518,576.2958,228.8419
6067,52,11,0.1000,0.00002725,24.7363,566.0929,147.8656
6068,35,9,0.1000,0.00002724,26.2637,537.9706,258.2902
6069,85,14,0.1000,0.00002724,27.0273,567.2645,311.8926
6070,291,20,0.1000,0.00002724,25.5126,566.5797,352.8074
6071,378,29,0.1000,0.00002723,30.6525,566.8213,273.3432
6072,228,20,0.1000,0.00002723,26.3258,564.3705,201.0907
6073,48,9,0.1000,0.00002723,32.3353,566.6511,284.3618
6074,213,21,0.1000,0.00002722,24.3189,563.5484,232.4314
6075,113,15,0.1000,0.00002722,25.8968,565.7532,236.8432
6076,285,21,0.1000,0.00002722,21.6549,575.6179,263.2516
6077,45,11,0.1000,0.00002721,22.8437,560.3527,432.9697
6078,688,36,0.1000,0.00002721,26.5738,584.6514,249.8721
6079,357,22,0.1000,0.00002720,29.1033,580.7552,250.8469
6080,208,24,0.1000,0.00002720,24.3997,581.3239,240.8487
6081,52,11,0.1000,0.00002720,33.3598,561.2969,192.2500
6082,158,16,0.1000,0.00002719,21.8844,572.4577,315.7294
6083,268,22,0.1000,0.00002719,27.4375,579.2640,253.8202
6084,91,17,0.1000,0.00002719,32.4913,564.2322,174.9618
6085,98,15,0.1000,0.00002718,22.3820,565.1871,211.2989
6086,372,22,0.1000,0.00002718,26.0053,584.5960,338.4961
6087,213,15,0.1000,0.00002717,22.4874,581.4445,185.1410
6088,263,25,0.1000,0.00002717,34.7494,567.4058,284.3429
6089,224,19,0.1000,0.00002717,28.7645,567.9413,238.3514
6090,401,31,0.1000,0.00002716,25.5940,581.8743,337.4264
6091,51,10,0.1000,0.00002716,16.2508,565.7683,267.1160
6092,188,21,0.1000,0.00002716,21.0730,579.5745,183.9657
6093,615,40,0.1000,0.00002715,27.9512,582.6579,278.6120
6094,121,16,0.1000,0.00002715,37.9233,575.3236,278.4628
6095,88,14,0.1000,0.00002714,26.3913,574.5018,414.7825
6096,73,11,0.1000,0.00002714,17.9768,576.8047,381.2279
6097,181,18,0.1000,0.00002714,34.5207,573.7341,308.4671
6098,91,14,0.1000,0.00002713,29.8865,569.4148,238.4011
6099,276,22,0.1000,0.00002713,28.4722,572.7407,368.6046
6100,129,16,0.1000,0.00002713,30.9003,578.0382,395.9321
6101,81,14,0.1000,0.00002712,30.9486,561.6276,312.5672
6102,141,15,0.1000,0.00002712,24.8038,572.1976,282.8450
6103,41,10,0.1000,0.00002711,19.1230,575.4764,389.0529
6104,37,10,0.1000,0.00002711,32.7039,557.7837,221.3691
6105,270,24,0.1000,0.00002711,28.5980,579.3601,287.7478
6106,246,22,0.1000,0.00002710,25.7119,573.0977,319.5291
6107,55,10,0.1000,0.00002710,30.5650,571.1365,466.9949
6108,58,14,0.1000,0.00002710,30.6751,568.9097,310.4651
6109,421,35,0.1000,0.00002709,29.4328,568.8301,224.0263
6110,372,22,0.1000,0.00002709,30.7659,585.2789,205.5102
6111,159,18,0.1000,0.00002708,31.3738,557.0572,157.6222
6112,223,24,0.1000,0.00002708,24.7855,577.0515,282.4465
6113,51,11,0.1000,0.00002708,31.2046,571.8975,328.6535
6114,109,17,0.1000,0.00002707,25.3360,574.8145,327.4428
6115,355,28,0.1000,0.00002707,25.0144,575.5046,281.4668
6116,40,8,0.1000,0.00002706,22.3168,558.9688,312.2968
6117,57,12,0.1000,0.00002706,34.6453,579.9062,405.1734
6118,597,34,0.1000,0.00002706,25.0286,586.8784,276.9911
6119,83,15,0.1000,0.00002705,18.6536,576.9603,224.9267
6120,61,12,0.1000,0.00002705,44.4764,571.9425,337.5735
6121,96,15,0.1000,0.00002705,16.4889,580.7401,429.9718
6122,142,19,0.1000,0.00002704,21.3427,581.8529,260.4617
6123,58,13,0.1000,0.00002704,24.9506,564.2873,277.9678
6124,254,24,0.1000,0.00002704,24.6774,581.8014,237.0004
6125,667,25,0.1000,0.00002703,29.9008,590.4011,288.7127
6126,30,7,0.1000,0.00002703,25.2387,570.9043,306.3189
6127,176,15,0.1000,0.00002702,25.9236,580.0517,277.7901
6128,130,17,0.1000,0.00002702,35.0471,565.2626,298.8220
6129,170,17,0.1000,0.00002702,21.4260,571.1066,210.2584
6130,43,9,0.1000,0.00002701,18.9333,566.3013,269.9657
6131,51,9,0.1000,0.00002701,31.8025,574.0769,256.1141
6132,62,13,0.1000,0.00002700,17.0998,568.4545,311.5841
6133,37,8,0.1000,0.00002700,27.2499,579.6964,395.7513
6134,51,11,0.1000,0.00002700,30.3736,572.1692,481.9182
6135,463,27,0.1000,0.00002699,30.1035,577.3137,416.7777
6136,30,9,0.1000,0.00002699,18.2696,571.3468,237.1720
6137,34,11,0.1000,0.00002699,29.8303,572.7431,232.9340
6138,45,12,0.1000,0.00002698,28.5439,566.9130,380.8218
6139,55,12,0.1000,0.00002698,25.8284,576.4197,401.3853
6140,113,14,0.1000,0.00002697,27.2315,573.6724,284.3362
6141,80,15,0.1000,0.00002697,19.8604,574.4634,197.7739
6142,162,14,0.1000,0.00002697,21.8767,581.0709,191.5561
6143,241,19,0.1000,0.00002696,27.6393,575.2548,282.1089
6144,164,14,0.1000,0.00002696,28.7912,577.4893,286.0957
6145,294,20,0.1000,0.00002696,19.3124,582.2993,400.9108
6146,496,35,0.1000,0.00002695,30.6389,590.5795,324.1944
6147,357,23,0.1000,0.00002695,26.5133,584.8092,225.7607
6148,54,11,0.1000,0.00002695,38.2290,578.5873,381.4157
6149,75,16,0.1000,0.00002694,30.5228,577.9263,273.8595
6150,123,17,0.1000,0.00002694,35.1503,585.2559,255.3134
6151,109,17,0.1000,0.00002693,38.0367,577.5102,303.6029
6152,348,28,0.1000,0.00002693,31.0098,582.6941,373.5692
6153,107,20,0.1000,0.00002693,17.7748,578.0711,391.0455
6154,217,17,0.1000,0.00002692,20.6903,574.2174,226.3976
6155,529,32,0.1000,0.00002692,28.3996,591.8883,276.9258
6156,52,9,0.1000,0.00002691,20.6487,577.1140,258.6990
6157,33,9,0.1000,0.00002691,20.2877,566.8778,357.5980
6158,117,14,0.1000,0.00002691,26.0085,583.8230,307.7361
6159,144,18,0.1000,0.00002690,30.0824,583.5376,173.2239
6160,299,29,0.1000,0.00002690,19.7676,591.3909,214.6992
6161,118,17,0.1000,0.00002690,30.2202,573.5025,239.7246
6162,137,17,0.1000,0.00002689,26.4650,576.9208,370.9231
6163,366,18,0.1000,0.00002689,25.0779,586.5924,473.6750
6164,118,14,0.1000,0.00002688,26.9294,581.6827,248.6174
6165,186,21,0.1000,0.00002688,25.7981,581.4284,301.7992
6166,251,24,0.1000,0.00002688,29.9911,584.4499,203.4596
6167,498,35,0.1000,0.00002687,31.8478,589.9111,335.1508
6168,166,18,0.1000,0.00002687,27.2428,584.2550,232.4223
6169,63,13,0.1000,0.00002687,18.8389,575.1291,188.5553
6170,46,8,0.1000,0.00002686,41.7345,569.0663,253.2714
6171,50,11,0.1000,0.00002686,29.1572,565.2655,230.0430
6172,135,15,0.1000,0.00002686,25.1575,574.1325,351.8691
6173,385,26,0.1000,0.00002685,30.0395,593.9591,409.6289
6174,139,19,0.1000,0.00002685,26.4095,574.9765,321.1610
6175,120,15,0.1000,0.00002684,28.9406,575.8540,321.0195
6176,182,18,0.1000,0.00002684,24.0627,581.8468,253.8651
6177,86,15,0.1000,0.00002684,32.2562,583.6948,249.1235
6178,130,18,0.1000,0.00002683,23.7903,589.5486,263.6132
6179,374,32,0.1000,0.00002683,29.3996,601.9039,244.8348
6180,445,34,0.1000,0.00002683,32.6530,576.1156,244.8270
6181,124,20,0.1000,0.00002682,35.1924,585.5390,215.8223
6182,42,9,0.1000,0.00002682,25.4401,576.6604,248.2109
6183,40,11,0.1000,0.00002681,21.8754,579.6283,232.9082
6184,273,23,0.1000,0.00002681,33.2008,587.6750,238.3028
6185,188,22,0.1000,0.00002681,31.2620,581.6351,210.4849
6186,224,18,0.1000,0.00002680,23.6020,588.5803,287.0291
6187,46,10,0.1000,0.00002680,33.2908,572.7782,350.2629
6188,48,10,0.1000,0.00002680,26.1116,578.2236,428.8711
6189,217,21,0.1000,0.00002679,29.5706,590.6102,359.2122
6190,206,23,0.1000,0.00002679,32.5485,591.1606,398.6579
6191,81,16,0.1000,0.00002678,19.1166,589.5441,274.5472
6192,43,10,0.1000,0.00002678,33.0420,573.5145,363.9836
6193,122,16,0.1000,0.00002678,25.4703,590.3014,285.0232
6194,851,37,0.1000,0.00002677,24.2924,597.4987,265.2114
6195,88,15,0.1000,0.00002677,30.3100,582.9773,286.7212
6196,305,24,0.1000,0.00002677,26.1662,590.3643,249.9110
6197,138,18,0.1000,0.00002676,25.1168,569.6734,333.3210
6198,57,10,0.1000,0.00002676,21.2741,585.2814,232.7962
6199,257,21,0.1000,0.00002675,23.7790,578.6648,320.8503
6200,179,19,0.1000,0.00002675,32.1746,577.1358,298.2055
6201,195,19,0.1000,0.00002675,29.2904,583.4294,257.5473
6202,302,24,0.1000,0.00002674,29.3310,597.3573,306.2541
6203,40,10,0.1000,0.00002674,31.8298,577.7348,276.4174
6204,88,15,0.1000,0.00002674,27.9807,590.9901,244.3277
6205,167,21,0.1000,0.00002673,27.9724,580.3064,267.8180
6206,229,22,0.1000,0.00002673,32.4471,569.3074,269.9170
6207,58,11,0.1000,0.00002672,37.1350,583.5571,298.5651
6208,172,20,0.1000,0.00002672,22.4632,585.6969,453.2229
6209,292,19,0.1000,0.00002672,27.8805,582.8301,299.7611
6210,129,19,0.1000,0.00002671,31.5196,588.7878,370.1732
6211,66,13,0.1000,0.00002671,29.4111,573.2887,389.9125
6212,75,12,0.1000,0.00002670,30.3509,582.6462,364.4581
6213,143,17,0.1000,0.00002670,24.8471,577.2793,231.8275
6214,383,24,0.1000,0.00002670,24.5471,579.0602,310.5487
6215,119,15,0.1000,0.00002669,25.1606,583.8504,338.9248
6216,293,20,0.1000,0.00002669,23.5592,589.9232,185.6171
6217,82,14,0.1000,0.00002669,35.6935,585.9294,368.1380
6218,40,11,0.1000,0.00002668,40.4143,582.0492,233.6128
6219,297,20,0.1000,0.00002668,22.3013,582.4449,323.9661
6220,253,24,0.1000,0.00002668,26.6748,590.7142,235.1406
6221,124,20,0.1000,0.00002667,30.2733,583.7043,258.1365
6222,38,10,0.1000,0.00002667,32.2262,567.1696,398.6493
6223,242,21,0.1000,0.00002666,27.6788,582.7650,308.2123
6224,188,22,0.1000,0.00002666,28.5509,585.8835,391.5411
6225,941,43,0.1000,0.00002666,24.7552,593.7994,343.9858
6226,595,30,0.1000,0.00002665,32.1243,598.5923,237.5198
6227,57,12,0.1000,0.00002665,37.6440,577.8028,273.0596
6228,100,13,0.1000,0.00002664,27.1229,598.1402,283.8941
6229,97,15,0.1000,0.00002664,33.9154,591.0494,299.5935
6230,294,21,0.1000,0.00002664,33.8078,601.5653,315.1752
6231,100,16,0.1000,0.00002663,24.3845,590.8853,216.0291
6232,168,19,0.1000,0.00002663,26.4281,597.2099,308.0537
6233,331,28,0.1000,0.00002663,31.0600,589.3133,339.9754
6234,40,10,0.1000,0.00002662,21.3890,587.6388,225.5800
6235,84,14,0.1000,0.00002662,23.0233,578.2939,250.4281
6236,167,17,0.1000,0.00002661,27.1845,592.0895,267.8549
6237,79,13,0.1000,0.00002661,29.7299,575.2237,215.9436
6238,38,8,0.1000,0.00002661,27.7175,569.5571,365.3695
6239,207,24,0.1000,0.00002660,24.5255,584.3189,278.9504
6240,54,12,0.1000,0.00002660,31.7597,581.0547,221.8364
6241,82,12,0.1000,0.00002660,21.3558,590.4693,233.9101
6242,32,9,0.1000,0.00002659,31.9523,575.8928,358.2096
6243,382,25,0.1000,0.00002659,24.6796,596.9031,293.1394
6244,208,20,0.1000,0.00002659,29.3870,590.5905,273.3983
6245,514,32,0.1000,0.00002658,28.7967,597.8737,240.7263
6246,57,12,0.1000,0.00002658,20.3178,585.3039,263.5964
6247,541,38,0.1000,0.00002657,21.9924,597.4252,359.6568
6248,418,27,0.1000,0.00002657,29.6646,589.8545,239.8059
6249,248,22,0.1000,0.00002657,32.3415,595.3181,232.9507
6250,122,16,0.1000,0.00002656,28.7370,593.2912,283.8464
6251,100,15,0.1000,0.00002656,29.1648,584.3811,505.6897
6252,58,13,0.1000,0.00002655,27.6498,587.7686,393.9973
6253,288,24,0.1000,0.00002655,31.4696,596.1745,332.5542
6254,209,17,0.1000,0.00002655,30.6729,593.6863,294.3417
6255,102,15,0.1000,0.00002654,24.7084,583.8141,166.9486
6256,39,9,0.1000,0.00002654,25.6348,579.1951,211.4379
6257,46,11,0.1000,0.00002654,21.5344,590.0046,360.7644
6258,116,13,0.1000,0.00002653,20.8638,592.5208,298.9733
6259,95,14,0.1000,0.00002653,22.8032,593.1871,234.7781
6260,89,16,0.1000,0.00002653,27.9422,594.5902,267.5871
6261,357,21,0.1000,0.00002652,23.5965,606.8052,361.1175
6262,935,36,0.1000,0.00002652,30.4068,613.4522,329.5883
6263,22,6,0.1000,0.00002651,19.3687,567.4189,271.5293
6264,459,31,0.1000,0.00002651,24.7113,605.2018,327.8180
6265,71,14,0.1000,0.00002651,23.8215,592.7823,362.7609
6266,330,21,0.1000,0.00002650,21.7606,592.5173,273.0626
6267,34,9,0.1000,0.00002650,18.8919,574.1831,212.3266
6268,528,39,0.1000,0.00002650,28.6271,597.0778,266.8831
6269,29,8,0.1000,0.00002649,27.0378,581.7031,273.9008
6270,303,23,0.1000,0.00002649,30.9706,603.1840,331.4963
6271,282,21,0.1000,0.00002648,20.2875,602.3569,304.5890
6272,41,10,0.1000,0.00002648,34.5161,595.5254,285.5767
6273,897,45,0.1000,0.00002648,29.2481,604.0264,237.4885
6274,74,15,0.1000,0.00002647,30.8441,594.4123,349.6596
6275,76,13,0.1000,0.00002647,26.9401,586.0925,423.1256
6276,226,25,0.1000,0.00002647,25.7286,591.4432,327.3049
6277,357,29,0.1000,0.00002646,29.5135,599.0991,293.0897
6278,176,20,0.1000,0.00002646,33.8472,599.4723,226.4439
6279,36,9,0.1000,0.00002645,31.1284,595.4700,479.3827
6280,76,16,0.1000,0.00002645,27.5363,593.4301,430.3563
6281,91,16,0.1000,0.00002645,32.8320,592.2084,364.7488
6282,52,9,0.1000,0.00002644,24.7134,594.2984,214.5242
6283,544,26,0.1000,0.00002644,24.1127,598.8063,332.4535
6284,36,10,0.1000,0.00002644,22.2828,587.0942,311.4731
6285,289,23,0.1000,0.00002643,19.1395,601.6614,379.4339
6286,59,13,0.1000,0.00002643,36.6128,579.1563,471.4718
6287,127,16,0.1000,0.00002642,28.0293,593.0944,404.1184
6288,246,25,0.1000,0.00002642,33.7000,598.1553,276.7940
6289,298,22,0.1000,0.00002642,32.2740,607.0599,294.8256
6290,85,14,0.1000,0.00002641,28.9713,593.6136,280.4402
6291,54,12,0.1000,0.00002641,28.3111,591.7748,324.9883
6292,139,17,0.1000,0.00002641,24.4055,595.5026,205.0450
6293,293,27,0.1000,0.00002640,30.2012,603.9467,263.0894
6294,102,14,0.1000,0.00002640,41.8170,600.7126,232.8760
6295,49,9,0.1000,0.00002639,27.9252,595.6375,447.5944
6296,35,9,0.1000,0.00002639,21.8195,597.3821,292.1892
6297,48,10,0.1000,0.00002639,28.7251,594.6273,318.6739
6298,52,9,0.1000,0.00002638,20.1306,585.5124,530.4557
6299,194,21,0.1000,0.00002638,26.4538,594.0880,422.3374
6300,120,16,0.1000,0.00002638,34.5761,590.4411,296.4954
6301,615,27,0.1000,0.00002637,22.9791,613.5006,272.4898
6302,169,17,0.1000,0.00002637,25.4602,602.0368,250.6607
6303,247,21,0.1000,0.00002636,35.2521,600.1208,248.1380
6304,117,12,0.1000,0.00002636,29.4052,586.6964,223.3555
6305,204,24,0.1000,0.00002636,27.0213,595.5749,255.8823
6306,85,15,0.1000,0.00002635,28.8094,587.9502,386.2884
6307,119,15,0.1000,0.00002635,35.9366,596.3050,321.5176
6308,70,10,0.1000,0.00002635,33.0196,597.7775,280.2297
6309,127,15,0.1000,0.00002634,35.5013,596.6152,287.9676
6310,228,24,0.1000,0.00002634,30.6138,608.8103,282.3207
6311,133,19,0.1000,0.00002633,34.6926,582.1718,473.3366
6312,625,33,0.1000,0.00002633,25.5644,621.0288,323.1755
6313,209,27,0.1000,0.00002633,27.2778,612.5175,297.2030
6314,185,19,0.1000,0.00002632,27.0952,595.1180,281.0548
6315,39,10,0.1000,0.00002632,27.0397,593.3049,418.5897
6316,125,17,0.1000,0.00002632,22.3874,593.2354,396.0837
6317,294,21,0.1000,0.00002631,23.2625,607.5468,244.4813
6318,54,10,0.1000,0.00002631,28.1214,590.1052,330.5447
6319,34,8,0.1000,0.00002630,25.9753,591.8515,349.3303
6320,207,25,0.1000,0.00002630,26.9008,594.4457,397.2889
6321,130,17,0.1000,0.00002630,25.5067,605.3127,335.9369
6322,74,12,0.1000,0.00002629,17.4615,592.6337,211.2338
6323,175,19,0.1000,0.00002629,33.8128,602.7646,345.7713
6324,94,14,0.1000,0.00002628,32.6694,600.3460,412.5921
6325,173,18,0.1000,0.00002628,33.3890,600.3357,265.8154
6326,56,11,0.1000,0.00002628,28.8130,601.5408,384.0403
6327,120,14,0.1000,0.00002627,26.7952,593.5406,484.8806
6328,52,12,0.1000,0.00002627,28.8167,590.2032,301.3542
6329,51,10,0.1000,0.00002627,38.7011,592.9329,253.9556
6330,164,16,0.1000,0.00002626,17.8379,586.5018,254.3970
6331,39,10,0.1000,0.00002626,19.1735,599.2365,334.5592
6332,277,25,0.1000,0.00002626,26.8453,613.6882,297.4444
6333,372,25,0.1000,0.00002625,18.7443,610.8398,262.5637
6334,34,8,0.1000,0.00002625,33.3549,595.0648,280.9838
6335,300,22,0.1000,0.00002624,26.9739,607.2033,215.1786
6336,36,8,0.1000,0.00002624,35.4715,594.4299,297.4492
6337,265,21,0.1000,0.00002624,26.6220,600.6474,373.0138
6338,199,22,0.1000,0.00002623,21.2827,604.6848,236.8813
6339,38,10,0.1000,0.00002623,27.6060,591.6906,373.4255
6340,286,20,0.1000,0.00002623,35.0524,595.7763,323.5380
6341,44,11,0.1000,0.00002622,34.2493,595.4306,271.6961
6342,54,11,0.1000,0.00002622,31.3486,601.3002,371.1143
6343,114,16,0.1000,0.00002621,24.5928,590.2517,323.4235
6344,199,17,0.1000,0.00002621,29.4601,604.9051,261.8402
6345,57,12,0.1000,0.00002621,30.8121,605.6569,240.3136
6346,190,20,0.1000,0.00002620,32.1848,600.8556,278.3908
6347,570,31,0.1000,0.00002620,27.4254,609.2975,313.6096
6348,51,13,0.1000,0.00002619,33.9928,598.2360,362.7782
6349,100,14,0.1000,0.00002619,29.5916,598.0321,373.4994
6350,37,8,0.1000,0.00002619,30.0043,608.6180,203.3471
6351,61,13,0.1000,0.00002618,27.4899,609.8704,272.0025
6352,184,20,0.1000,0.00002618,24.8886,600.5504,339.1657
6353,118,15,0.1000,0.00002618,27.7647,605.0825,295.7064
6354,87,13,0.1000,0.00002617,27.7871,591.6907,257.3426
6355,246,21,0.1000,0.00002617,30.8644,611.5467,250.2632
6356,291,22,0.1000,0.00002617,25.0595,606.4627,307.6953
6357,132,18,0.1000,0.00002616,25.5898,589.0768,247.0166
6358,81,13,0.1000,0.00002616,27.4776,601.1323,264.7910
6359,27,7,0.1000,0.00002615,20.7043,576.7724,252.6061
6360,82,11,0.1000,0.00002615,26.8989,604.6830,207.4721
6361,229,22,0.1000,0.00002615,22.9238,610.1503,344.9977
6362,319,27,0.1000,0.00002614,27.5184,618.3011,382.1983
6363,46,12,0.1000,0.00002614,28.5419,589.6720,291.1813
6364,36,8,0.1000,0.00002614,30.2563,600.8451,218.6974
6365,77,11,0.1000,0.00002613,29.6198,590.8421,352.7026
6366,93,15,0.1000,0.00002613,23.1439,598.3228,257.6293
6367,214,25,0.1000,0.00002612,32.0847,607.4515,267.1145
6368,115,13,0.1000,0.00002612,23.3896,597.1682,285.9349
6369,45,11,0.1000,0.00002612,29.9927,598.2628,493.4129
6370,101,13,0.1000,0.00002611,20.4215,612.5629,349.9722
6371,176,13,0.1000,0.00002611,13.9135,606.1665,191.5147
6372,51,10,0.1000,0.00002610,27.4716,602.5562,235.8141
6373,38,8,0.1000,0.00002610,18.9679,597.5207,188.5918
6374,172,23,0.1000,0.00002610,34.8431,611.5800,205.8487
6375,130,15,0.1000,0.00002609,27.4606,606.4252,208.3146
6376,80,12,0.1000,0.00002609,21.2252,595.8206,293.7752
6377,177,23,0.1000,0.00002609,22.3111,604.1219,343.2162
6378,382,29,0.1000,0.00002608,29.7257,613.2204,440.5536
6379,126,15,0.1000,0.00002608,22.0687,612.2421,253.8137
6380,37,9,0.1000,0.00002608,21.3385,592.4641,294.5953
6381,551,32,0.1000,0.00002607,30.0671,618.3497,274.2173
6382,244,24,0.1000,0.00002607,23.6756,615.9902,344.9411
6383,581,30,0.1000,0.00002606,27.8095,616.7906,249.9962
6384,35,9,0.1000,0.00002606,29.8170,592.7340,300.8362
6385,48,9,0.1000,0.00002606,32.1651,596.8951,251.2944
6386,29,8,0.1000,0.00002605,25.5671,597.4176,205.6590
6387,64,8,0.1000,0.00002605,28.4531,607.5627,285.2786
6388,300,24,0.1000,0.00002605,25.7108,605.3314,284.0734
6389,57,11,0.1000,0.00002604,18.9500,589.6255,205.5366
6390,180,16,0.1000,0.00002604,37.8523,601.5316,254.2823
6391,220,16,0.1000,0.00002603,25.9839,595.2468,375.8324
6392,122,16,0.1000,0.00002603,22.0209,593.6633,392.6941
6393,436,38,0.1000,0.00002603,24.5330,614.1837,334.7285
6394,177,18,0.1000,0.00002602,29.6440,611.5976,291.4340
6395,119,14,0.1000,0.00002602,43.4682,611.2478,275.1496
6396,148,15,0.1000,0.00002602,31.7794,599.8831,330.3120
6397,55,12,0.1000,0.00002601,28.6630,600.4211,277.0761
6398,72,13,0.1000,0.00002601,19.7728,596.6433,313.0190
6399,41,11,0.1000,0.00002600,23.2914,607.1497,158.5779
6400,34,8,0.1000,0.00002600,28.4586,591.5971,249.0059
6401,172,23,0.1000,0.00002600,31.4587,615.8911,259.2225
6402,319,25,0.1000,0.00002599,22.0658,614.4692,247.9795
6403,304,19,0.1000,0.00002599,21.6677,613.6266,278.6312
6404,232,20,0.1000,0.00002599,29.1827,605.8651,226.3953
6405,189,20,0.1000,0.00002598,27.8314,612.5129,370.0799
6406,136,19,0.1000,0.00002598,27.0493,617.8315,295.4155
6407,467,28,0.1000,0.00002597,31.9801,613.4676,319.7614
6408,775,36,0.1000,0.00002597,29.8590,615.6219,246.5886
6409,182,21,0.1000,0.00002597,34.2094,612.0599,438.3477
6410,252,22,0.1000,0.00002596,25.7832,602.7518,288.4263
6411,142,20,0.1000,0.00002596,24.7067,615.3442,322.6440
6412,658,48,0.1000,0.00002596,28.8230,619.3033,288.3977
6413,53,9,0.1000,0.00002595,38.5627,601.6565,243.7840
6414,104,14,0.1000,0.00002595,28.1769,614.0199,275.0832
6415,454,25,0.1000,0.00002594,31.1125,623.9061,319.7859
6416,153,16,0.1000,0.00002594,23.6078,610.9004,297.2244
6417,193,20,0.1000,0.00002594,29.5098,611.2441,407.8851
6418,377,25,0.1000,0.00002593,29.4639,619.7686,323.3661
6419,48,8,0.1000,0.00002593,35.8398,606.3445,258.1457
6420,376,24,0.1000,0.00002592,30.1520,612.3479,286.7596
6421,101,13,0.1000,0.00002592,22.2908,612.1859,198.6739
6422,161,17,0.1000,0.00002592,30.8507,609.9181,272.3390
6423,121,20,0.1000,0.00002591,30.8030,601.8940,287.7763
6424,52,9,0.1000,0.00002591,26.8605,611.4703,536.0958
6425,325,25,0.1000,0.00002591,28.7522,612.2160,261.1107
6426,78,10,0.1000,0.00002590,35.4303,592.8890,234.7798
6427,160,17,0.1000,0.00002590,26.3447,600.3113,209.5864
6428,378,28,0.1000,0.00002590,31.2450,613.1440,324.3974
6429,324,26,0.1000,0.00002589,24.3512,625.3923,405.5013
6430,51,10,0.1000,0.00002589,32.0767,600.4959,329.7681
6431,108,15,0.1000,0.00002588,38.3038,608.6453,366.4895
6432,1218,43,0.1000,0.00002588,26.6952,633.4343,336.1656
6433,290,26,0.1000,0.00002588,22.9086,615.3428,324.2201
6434,35,9,0.1000,0.00002587,23.9258,604.7714,219.0167
6435,246,25,0.1000,0.00002587,27.4910,613.9417,374.1030
6436,72,12,0.1000,0.00002587,19.2956,600.9548,299.1895
6437,48,10,0.1000,0.00002586,32.7168,598.2083,324.4150
6438,53,11,0.1000,0.00002586,31.5509,606.1515,217.4241
6439,559,25,0.1000,0.00002585,28.7263,621.8880,292.1189
6440,125,17,0.1000,0.00002585,35.3196,607.2322,355.4142
6441,166,20,0.1000,0.00002585,28.0022,602.5077,265.7973
6442,369,19,0.1000,0.00002584,25.1324,609.6841,330.1753
6443,40,11,0.1000,0.00002584,20.9095,607.8981,298.3972
6444,28,6,0.1000,0.00002583,29.3276,600.4423,219.0368
6445,327,22,0.1000,0.00002583,21.2614,605.7308,290.5353
6446,305,26,0.1000,0.00002583,27.3245,621.9388,272.2911
6447,41,8,0.1000,0.00002582,26.9443,603.4484,390.9900
6448,203,24,0.1000,0.00002582,32.3738,612.3445,255.5334
6449,43,9,0.1000,0.00002582,27.5933,602.9022,396.5152
6450,559,27,0.1000,0.00002581,23.3148,619.3336,266.2688
6451,166,16,0.1000,0.00002581,32.2304,603.8752,321.5547
6452,151,15,0.1000,0.00002581,25.1523,615.8596,336.3773
6453,101,17,0.1000,0.00002580,35.0710,619.3667,214.9193
6454,76,15,0.1000,0.00002580,25.9286,601.9005,314.4853
6455,757,38,0.1000,0.00002579,29.2434,618.9405,385.8830
6456,187,20,0.1000,0.00002579,25.4809,618.0060,290.7230
6457,78,10,0.1000,0.00002579,28.2910,603.6621,391.4658
6458,40,10,0.1000,0.00002578,21.6073,613.7983,330.5710
6459,32,8,0.1000,0.00002578,25.8995,604.4970,142.1558
6460,45,9,0.1000,0.00002577,17.6141,610.4908,285.8632
6461,121,15,0.1000,0.00002577,22.0576,616.1441,274.3295
6462,42,12,0.1000,0.00002577,29.7983,609.6371,208.7085
6463,80,13,0.1000,0.00002576,26.4388,614.7312,272.2509
6464,651,34,0.1000,0.00002576,22.8906,623.8049,297.1723
6465,375,26,0.1000,0.00002576,27.4585,617.8618,381.4766
6466,177,17,0.1000,0.00002575,27.7938,616.2454,332.0910
6467,58,13,0.1000,0.00002575,23.4131,615.4287,221.3144
6468,80,15,0.1000,0.00002574,28.1142,599.3005,323.1405
6469,76,16,0.1000,0.00002574,28.5859,608.1312,392.1909
6470,306,23,0.1000,0.00002574,25.3056,617.2079,426.6641
6471,101,11,0.1000,0.00002573,24.6182,609.7972,207.2985
6472,81,14,0.1000,0.00002573,33.4100,608.2195,308.5938
6473,287,17,0.1000,0.00002573,31.1365,617.3229,374.8213
6474,488,32,0.1000,0.00002572,30.2121,612.3312,329.3465
6475,286,22,0.1000,0.00002572,39.3388,610.6506,289.8445
6476,53,11,0.1000,0.00002572,34.4305,615.5970,291.9206
6477,52,11,0.1000,0.00002571,31.8796,616.7967,229.6993
6478,82,13,0.1000,0.00002571,19.3457,602.1697,501.9240
6479,195,24,0.1000,0.00002570,30.3232,619.5206,315.7553
6480,62,13,0.1000,0.00002570,29.3747,603.4475,334.6943
6481,100,17,0.1000,0.00002570,30.9568,618.1375,287.5392
6482,56,10,0.1000,0.00002569,26.0331,612.2911,314.5144
6483,290,18,0.1000,0.00002569,32.9446,621.5198,330.7771
6484,168,17,0.1000,0.00002569,26.9363,610.1252,238.0935
6485,124,16,0.1000,0.00002568,22.9964,611.7488,258.0812
6486,79,14,0.1000,0.00002568,34.9831,611.8267,298.8331
6487,233,20,0.1000,0.00002567,33.4795,620.5044,348.9754
6488,102,16,0.1000,0.00002567,27.6434,606.6945,279.4863
6489,60,14,0.1000,0.00002567,26.0993,607.1674,218.2760
6490,306,24,0.1000,0.00002566,27.1975,614.2320,342.0684
6491,83,12,0.1000,0.00002566,30.7084,610.9896,213.3020
6492,99,15,0.1000,0.00002566,39.2323,612.1941,267.6533
6493,211,24,0.1000,0.00002565,31.2129,622.8041,204.3118
6494,55,12,0.1000,0.00002565,24.0882,619.4731,370.4522
6495,285,19,0.1000,0.00002564,25.9154,615.1435,310.5530
6496,69,12,0.1000,0.00002564,31.7419,601.9503,386.4311
6497,37,8,0.1000,0.00002564,21.6510,614.3002,183.8807
6498,79,11,0.1000,0.00002563,18.1567,621.7155,251.5413
6499,50,10,0.1000,0.00002563,28.8920,605.6358,229.9588
6500,38,10,0.1000,0.00002563,25.1850,612.1500,230.6822
6501,30,6,0.1000,0.00002562,38.5583,595.2239,175.1789
6502,77,15,0.1000,0.00002562,34.2412,615.0270,314.1019
6503,310,31,0.1000,0.00002561,31.7275,624.2417,250.8463
6504,187,19,0.1000,0.00002561,31.2251,616.8257,393.0362
6505,32,9,0.1000,0.00002561,43.4774,600.2465,157.7015
6506,36,9,0.1000,0.00002560,18.2221,605.3146,234.2164
6507,248,23,0.1000,0.00002560,22.1808,627.4450,335.8836
6508,187,19,0.1000,0.00002560,27.3390,612.9133,365.3315
6509,306,25,0.1000,0.00002559,31.3232,618.8186,444.9694
6510,92,15,0.1000,0.00002559,39.1666,620.5146,308.3189
6511,45,11,0.1000,0.00002558,26.5453,615.4304,246.1160
6512,494,38,0.1000,0.00002558,20.1620,620.9979,250.8419
6513,302,29,0.1000,0.00002558,25.4533,617.9168,301.6905
6514,38,11,0.1000,0.00002557,21.1203,614.6234,298.2299
6515,288,27,0.1000,0.00002557,37.6601,618.5936,270.2175
6516,242,21,0.1000,0.00002557,22.4658,624.4319,376.0691
6517,1118,46,0.1000,0.00002556,30.7758,632.8465,305.6623
6518,75,12,0.1000,0.00002556,33.4825,619.2044,336.5247
6519,84,11,0.1000,0.00002555,21.2845,629.4862,456.1853
6520,157,16,0.1000,0.00002555,33.4879,626.6736,237.1806
6521,366,24,0.1000,0.00002555,26.6628,634.8169,312.5006
6522,31,8,0.1000,0.00002554,33.6997,614.6032,351.9147
6523,153,19,0.1000,0.00002554,34.4919,625.8538,266.1221
6524,160,17,0.1000,0.00002554,29.8741,612.0708,376.8478
6525,60,12,0.1000,0.00002553,35.5458,616.2974,232.8924
6526,57,12,0.1000,0.00002553,34.6064,614.0339,306.9531
6527,168,17,0.1000,0.00002552,25.8622,627.0161,347.7430
6528,78,13,0.1000,0.00002552,30.2252,618.9368,288.8736
6529,64,14,0.1000,0.00002552,24.8349,626.9909,212.0384
6530,210,25,0.1000,0.00002551,24.7846,630.6368,350.3146
6531,34,8,0.1000,0.00002551,48.0634,618.8853,272.1604
6532,226,18,0.1000,0.00002551,28.0524,628.3775,186.8253
6533,28,6,0.1000,0.00002550,45.6070,619.4941,316.0687
6534,154,19,0.1000,0.00002550,32.0492,606.4072,295.3115
6535,167,16,0.1000,0.00002549,29.4796,619.5710,208.8121
6536,342,26,0.1000,0.00002549,21.2859,619.0746,328.8573
6537,54,11,0.1000,0.00002549,25.5564,614.8540,300.8483
6538,280,17,0.1000,0.00002548,27.8108,628.6259,222.1188
6539,291,23,0.1000,0.00002548,26.7925,633.5579,331.3144
6540,236,24,0.1000,0.00002547,27.5480,617.6085,375.0333
6541,782,38,0.1000,0.00002547,24.7844,617.6885,211.4938
6542,82,15,0.1000,0.00002547,19.7588,621.4617,195.1417
6543,143,20,0.1000,0.00002546,34.4553,623.5181,277.7980
6544,214,15,0.1000,0.00002546,33.9873,623.8867,336.0583
6545,171,19,0.1000,0.00002546,28.8163,633.8060,475.7445
6546,51,11,0.1000,0.00002545,30.0155,609.0089,313.3949
6547,51,12,0.1000,0.00002545,38.8468,625.7497,338.0622
6548,79,14,0.1000,0.00002545,33.9430,622.5947,237.6544
6549,166,15,0.1000,0.00002544,31.5853,627.7913,337.8007
6550,354,24,0.1000,0.00002544,26.9808,623.0102,464.7972
6551,38,10,0.1000,0.00002543,20.5448,614.8571,354.6502
6552,75,15,0.1000,0.00002543,20.9721,629.6194,415.7928
6553,76,12,0.1000,0.00002543,20.4812,624.8748,305.9440
6554,370,29,0.1000,0.00002542,24.3072,641.4252,303.1426
6555,315,24,0.1000,0.00002542,31.9433,632.5823,305.0140
6556,91,15,0.1000,0.00002541,25.4633,623.3783,206.2082
6557,138,18,0.1000,0.00002541,20.6150,621.2317,274.6628
6558,372,25,0.1000,0.00002541,27.0645,637.2238,312.6442
6559,55,9,0.1000,0.00002540,22.1675,624.4351,262.7709
6560,128,14,0.1000,0.00002540,31.0746,618.8581,261.6494
6561,182,18,0.1000,0.00002540,25.3901,627.9999,293.5634
6562,122,16,0.1000,0.00002539,22.6285,614.9202,237.5672
6563,61,13,0.1000,0.00002539,24.7916,609.9601,290.8944
6564,222,17,0.1000,0.00002538,29.0640,627.2920,166.0976
6565,338,25,0.1000,0.00002538,23.3418,637.1555,385.6719
6566,222,21,0.1000,0.00002538,32.7088,624.0907,244.3677
6567,52,12,0.1000,0.00002537,26.7596,623.0521,343.9855
6568,226,18,0.1000,0.00002537,34.8517,627.9633,246.3149
6569,380,28,0.1000,0.00002537,30.2848,629.8991,372.5702
6570,89,15,0.1000,0.00002536,21.7489,631.5609,331.8451
6571,172,23,0.1000,0.00002536,32.2338,632.4241,359.4873
6572,59,13,0.1000,0.00002536,26.4389,614.3163,217.1726
6573,168,21,0.1000,0.00002535,27.9789,632.3429,235.8843
6574,207,18,0.1000,0.00002535,28.5532,630.9491,245.3594
6575,528,17,0.1000,0.00002534,23.4017,636.6750,347.6200
6576,304,27,0.1000,0.00002534,28.9278,634.2491,271.4392
6577,292,23,0.1000,0.00002534,21.5466,625.0520,308.0194
6578,216,20,0.1000,0.00002533,27.6274,638.3348,320.6930
6579,292,26,0.1000,0.00002533,23.6903,628.5007,356.5960
6580,101,15,0.1000,0.00002532,22.7909,634.8795,177.6905
6581,114,15,0.1000,0.00002532,34.9392,621.3737,313.2845
6582,35,9,0.1000,0.00002532,16.4291,618.6283,389.2174
6583,188,20,0.1000,0.00002531,29.1952,641.4700,278.2332
6584,627,24,0.1000,0.00002531,23.7743,645.1041,253.4563
6585,415,31,0.1000,0.00002531,32.6013,642.3872,292.3474
6586,226,18,0.1000,0.00002530,31.5375,631.3385,191.4514
6587,180,16,0.1000,0.00002530,36.1249,624.9355,244.1762
6588,907,41,0.1000,0.00002529,32.9670,640.4927,321.8625
6589,58,12,0.1000,0.00002529,33.8995,618.8790,269.1124
6590,55,10,0.1000,0.00002529,26.1766,621.8181,228.2777
6591,29,9,0.1000,0.00002528,23.9399,625.3901,322.6746
6592,56,13,0.1000,0.00002528,24.4852,629.4528,434.3256
6593,41,8,0.1000,0.00002528,18.7741,618.0552,266.8029
6594,300,18,0.1000,0.00002527,21.4465,636.3363,373.6283
6595,331,29,0.1000,0.00002527,27.0747,634.1989,307.1123
6596,120,15,0.1000,0.00002527,24.6375,639.2035,344.8570
6597,111,15,0.1000,0.00002526,27.5708,626.1830,276.5496
6598,51,9,0.1000,0.00002526,29.3149,613.3768,339.3254
6599,581,35,0.1000,0.00002525,23.9675,644.1077,255.3664
6600,163,16,0.1000,0.00002525,40.0093,632.7156,277.0305
6601,145,19,0.1000,0.00002525,33.7952,629.6378,437.2594
6602,85,12,0.1000,0.00002524,16.7231,627.3903,373.8300
6603,121,14,0.1000,0.00002524,26.2405,640.1868,376.6022
6604,104,12,0.1000,0.00002524,29.3361,618.3775,316.5254
6605,117,14,0.1000,0.00002523,32.9985,625.6779,362.2525
6606,57,11,0.1000,0.00002523,33.0423,628.5549,304.8363
6607,427,34,0.1000,0.00002522,26.3709,633.6757,224.1731
6608,35,7,0.1000,0.00002522,20.0463,625.1949,325.8157
6609,357,29,0.1000,0.00002522,35.1644,634.7607,341.6301
6610,68,12,0.1000,0.00002521,33.8602,627.5030,237.6344
6611,33,7,0.1000,0.00002521,38.0209,628.5112,138.7326
6612,63,13,0.1000,0.00002521,30.8632,624.9319,302.8336
6613,57,12,0.1000,0.00002520,23.9034,621.2347,207.7287
6614,60,13,0.1000,0.00002520,27.8940,621.8189,234.7032
6615,57,12,0.1000,0.00002519,22.8468,633.6407,415.7582
6616,435,25,0.1000,0.00002519,28.2409,640.5044,438.8201
6617,94,17,0.1000,0.00002519,34.4155,625.6587,357.2258
6618,78,11,0.1000,0.00002518,28.3908,636.6712,260.2957
6619,76,15,0.1000,0.00002518,36.5195,624.1482,226.6077
6620,216,17,0.1000,0.00002518,21.6945,643.4893,423.6333
6621,45,10,0.1000,0.00002517,31.1308,623.2030,505.3960
6622,125,15,0.1000,0.00002517,23.4440,627.2207,429.1999
6623,251,23,0.1000,0.00002516,26.5041,632.7327,323.8246
6624,70,11,0.1000,0.00002516,20.4053,627.9335,272.1776
6625,206,21,0.1000,0.00002516,22.7663,626.4231,255.4296
6626,159,18,0.1000,0.00002515,22.0719,642.9705,306.4150
6627,115,14,0.1000,0.00002515,27.3388,621.4873,284.1822
6628,84,13,0.1000,0.00002515,25.5485,631.1708,338.1959
6629,72,12,0.1000,0.00002514,29.3588,625.9527,420.9813
6630,76,14,0.1000,0.00002514,30.0768,630.2633,383.9686
6631,84,14,0.1000,0.00002513,25.0039,635.4514,467.8452
6632,205,15,0.1000,0.00002513,30.9841,622.7814,354.0087
6633,367,23,0.1000,0.00002513,29.5365,629.9408,451.3552
6634,162,16,0.1000,0.00002512,27.7484,626.9602,379.1101
6635,82,15,0.1000,0.00002512,29.9084,633.3710,377.9821
6636,175,20,0.1000,0.00002511,30.8980,629.8151,281.6130
6637,55,13,0.1000,0.00002511,35.1895,622.9444,470.3744
6638,212,24,0.1000,0.00002511,30.9877,635.8756,281.6116
6639,456,26,0.1000,0.00002510,24.4220,635.0215,391.0229
6640,155,15,0.1000,0.00002510,24.2257,632.7410,316.2393
6641,175,19,0.1000,0.00002510,38.8860,633.7443,294.6469
6642,42,11,0.1000,0.00002509,28.9061,631.8047,341.5868
6643,137,16,0.1000,0.00002509,33.4522,638.7521,358.0052
6644,107,11,0.1000,0.00002509,20.1326,627.5031,344.1936
6645,231,19,0.1000,0.00002508,29.4799,627.4046,268.0492
6646,56,10,0.1000,0.00002508,37.9894,623.1803,365.3696
6647,145,19,0.1000,0.00002507,28.6304,634.8813,373.0880
6648,55,10,0.1000,0.00002507,34.9897,609.4132,328.9571
6649,167,17,0.1000,0.00002507,32.9087,631.9152,330.6263
6650,49,9,0.1000,0.00002506,26.9159,630.7106,364.7725
6651,83,14,0.1000,0.00002506,20.8206,629.7574,325.8926
6652,288,18,0.1000,0.00002505,23.7681,626.6872,279.5596
6653,56,13,0.1000,0.00002505,23.0641,629.0189,475.3639
6654,34,8,0.1000,0.00002505,15.5527,628.8545,284.1482
6655,277,23,0.1000,0.00002504,33.2042,637.6776,337.5489
6656,153,15,0.1000,0.00002504,23.1515,628.1526,200.1873
6657,129,18,0.1000,0.00002504,28.2071,624.2306,290.8809
6658,242,21,0.1000,0.00002503,34.3486,615.5865,360.3375
6659,165,15,0.1000,0.00002503,27.1969,637.0637,367.4775
6660,162,18,0.1000,0.00002502,36.2752,624.7772,245.7177
6661,281,20,0.1000,0.00002502,33.0504,635.0487,286.5085
6662,346,30,0.1000,0.00002502,27.1850,636.4581,471.3798
6663,233,21,0.1000,0.00002501,38.0539,627.9099,328.7424
6664,75,15,0.1000,0.00002501,29.3509,633.0809,361.5170
6665,216,17,0.1000,0.00002501,30.3584,640.7314,372.6735
6666,45,12,0.1000,0.00002500,34.2118,635.0417,241.9762
6667,305,21,0.1000,0.00002500,27.6064,631.9857,447.3464
6668,52,10,0.1000,0.00002500,20.9557,611.3397,305.2823
6669,411,27,0.1000,0.00002499,26.9022,628.1939,217.8730
6670,466,29,0.1000,0.00002499,36.6203,641.9007,290.7645
6671,50,10,0.1000,0.00002498,22.1992,623.0613,281.1475
6672,147,19,0.1000,0.00002498,30.5323,636.1772,406.2772
6673,63,14,0.1000,0.00002498,38.5853,631.4921,427.2591
6674,166,20,0.1000,0.00002497,31.2238,630.6782,334.4245
6675,113,15,0.1000,0.00002497,36.7755,630.0222,359.8395
6676,101,13,0.1000,0.00002496,38.1540,632.4818,296.7490
6677,53,10,0.1000,0.00002496,27.5886,626.3777,213.3225
6678,52,10,0.1000,0.00002496,35.6764,620.4773,242.1550
6679,34,8,0.1000,0.00002495,27.7463,626.4939,377.1754
6680,191,20,0.1000,0.00002495,17.5667,629.1131,263.3692
6681,439,33,0.1000,0.00002495,29.1051,625.0290,328.9202
6682,53,12,0.1000,0.00002494,28.1467,625.8727,475.9570
6683,450,26,0.1000,0.00002494,28.5777,636.0916,307.6899
6684,39,10,0.1000,0.00002493,29.5083,632.0080,356.3273
6685,99,15,0.1000,0.00002493,20.4158,631.1111,454.0971
6686,88,14,0.1000,0.00002493,27.3400,625.3229,257.1366
6687,168,15,0.1000,0.00002492,27.0843,638.5672,414.3212
6688,73,11,0.1000,0.00002492,33.2072,631.9966,221.4871
6689,667,47,0.1000,0.00002492,24.7625,630.8294,276.3389
6690,519,40,0.1000,0.00002491,25.0620,643.8152,244.0289
6691,120,17,0.1000,0.00002491,42.1427,641.1587,327.2261
6692,250,21,0.1000,0.00002491,32.2822,630.7107,436.3809
6693,143,16,0.1000,0.00002490,35.5247,630.9532,247.3655
6694,53,13,0.1000,0.00002490,26.4658,620.1378,338.4569
6695,623,35,0.1000,0.00002489,21.1898,644.8336,272.4123
6696,81,13,0.1000,0.00002489,33.4457,627.5232,341.5590
6697,123,17,0.1000,0.00002489,27.7493,630.3380,345.7203
6698,292,19,0.1000,0.00002488,33.7434,628.9983,346.6926
6699,189,18,0.1000,0.00002488,26.1618,634.2640,374.3831
6700,46,9,0.1000,0.00002488,36.3330,629.7628,356.6693
6701,311,27,0.1000,0.00002487,26.1732,638.1647,279.8912
6702,82,12,0.1000,0.00002487,29.5500,631.2735,369.3405
6703,57,11,0.1000,0.00002486,33.7655,625.7167,435.8225
6704,273,25,0.1000,0.00002486,31.4618,630.9619,333.4883
6705,34,9,0.1000,0.00002486,22.2352,623.7680,211.6401
6706,152,21,0.1000,0.00002485,32.2487,630.8917,247.7566
6707,290,25,0.1000,0.00002485,32.0856,637.1731,323.4430
6708,243,22,0.1000,0.00002485,36.1909,629.8185,343.4154
6709,71,12,0.1000,0.00002484,25.5001,631.5897,243.6927
6710,123,15,0.1000,0.00002484,37.1051,628.4588,274.4234
6711,58,11,0.1000,0.00002483,25.1602,629.8337,204.1025
6712,169,16,0.1000,0.00002483,32.3559,632.5267,320.2990
6713,43,11,0.1000,0.00002483,30.3643,623.0045,199.2472
6714,85,14,0.1000,0.00002482,31.5561,621.9904,247.1321
6715,163,18,0.1000,0.00002482,40.8418,629.8044,240.0168
6716,460,30,0.1000,0.00002482,35.1958,627.7351,344.7798
6717,315,29,0.1000,0.00002481,30.3853,636.6610,321.8414
6718,1313,50,0.1000,0.00002481,33.0955,642.6497,352.9747
6719,294,21,0.1000,0.00002480,29.3985,634.3874,502.7512
6720,116,15,0.1000,0.00002480,38.1162,636.2056,281.2350
6721,31,7,0.1000,0.00002480,32.7627,629.0321,360.8679
6722,140,18,0.1000,0.00002479,28.8889,629.5710,405.8991
6723,274,23,0.1000,0.00002479,27.6407,634.8126,307.9714
6724,47,11,0.1000,0.00002479,34.7775,621.6969,250.6820
6725,81,13,0.1000,0.00002478,24.1620,632.7339,290.0396
6726,121,16,0.1000,0.00002478,30.2322,622.1174,208.3776
6727,95,16,0.1000,0.00002477,31.7961,637.5157,251.4926
6728,545,34,0.1000,0.00002477,31.5605,641.9741,303.7048
6729,96,14,0.1000,0.00002477,25.3857,629.2694,386.7997
6730,51,13,0.1000,0.00002476,36.0693,620.7803,336.3141
6731,549,36,0.1000,0.00002476,31.3611,633.7957,319.7200
6732,37,8,0.1000,0.00002475,23.3968,623.8461,497.9340
6733,349,26,0.1000,0.00002475,36.5388,636.8152,278.7492
6734,44,12,0.1000,0.00002475,30.3280,631.2289,268.6384
6735,78,15,0.1000,0.00002474,28.5653,640.8126,216.9456
6736,203,19,0.1000,0.00002474,31.9886,630.1326,280.6682
6737,370,23,0.1000,0.00002474,24.0926,629.7940,257.3664
6738,175,19,0.1000,0.00002473,22.6626,623.8737,298.6452
6739,39,9,0.1000,0.00002473,33.2326,625.1164,296.4376
6740,82,14,0.1000,0.00002473,27.9099,633.1240,284.0322
6741,89,14,0.1000,0.00002472,24.7266,632.5654,261.9328
6742,164,15,0.1000,0.00002472,35.4609,623.9265,273.9057
6743,100,16,0.1000,0.00002471,36.4979,626.4815,246.1473
6744,38,10,0.1000,0.00002471,40.4560,633.4415,423.7745
6745,54,11,0.1000,0.00002471,29.9118,627.1237,362.4061
6746,42,12,0.1000,0.00002470,35.9970,634.5353,350.2673
6747,66,11,0.1000,0.00002470,36.3135,633.9450,204.3754
6748,163,18,0.1000,0.00002469,34.5075,633.6125,275.6741
6749,699,34,0.1000,0.00002469,32.3555,641.8241,296.0097
6750,58,13,0.1000,0.00002469,23.5261,639.5890,541.8278
6751,91,16,0.1000,0.00002468,32.4374,624.5953,438.4187
6752,266,27,0.1000,0.00002468,34.1268,633.0985,468.3436
6753,121,17,0.1000,0.00002468,30.5263,629.4765,310.7289
6754,84,13,0.1000,0.00002467,35.6174,628.3659,336.4870
6755,290,25,0.1000,0.00002467,21.3441,625.6896,338.4774
6756,114,13,0.1000,0.00002467,33.6546,639.7214,261.3171
6757,57,12,0.1000,0.00002466,26.6314,637.1004,469.4140
6758,255,25,0.1000,0.00002466,27.1404,635.1338,289.3971
6759,202,22,0.1000,0.00002465,28.1426,618.6467,298.6657
6760,77,11,0.1000,0.00002465,23.1987,634.3625,356.9586
6761,132,18,0.1000,0.00002465,36.4207,638.2941,312.5762
6762,159,20,0.1000,0.00002464,20.3204,638.2067,407.8338
6763,33,8,0.1000,0.00002464,36.6015,631.8833,397.4428
6764,675,33,0.1000,0.00002464,31.2731,638.3925,363.8830
6765,72,11,0.1000,0.00002463,26.2710,631.9860,317.4289
6766,453,24,0.1000,0.00002463,32.7774,648.9686,428.5217
6767,77,15,0.1000,0.00002462,36.1151,638.6910,252.4567
6768,540,34,0.1000,0.00002462,35.9543,635.6060,276.5555
6769,299,23,0.1000,0.00002462,24.8820,632.0125,288.6420
6770,74,13,0.1000,0.00002461,34.6513,624.8658,248.8592
6771,138,19,0.1000,0.00002461,25.3647,629.6199,368.1993
6772,2962,53,0.1000,0.00002460,27.4599,676.9312,333.6697
6773,342,23,0.1000,0.00002460,40.1926,637.1566,349.6510
6774,153,23,0.1000,0.00002460,27.7024,638.3590,298.4450
6775,307,23,0.1000,0.00002459,28.8192,640.6882,238.9627
6776,96,13,0.1000,0.00002459,31.9804,629.8582,232.5514
6777,77,14,0.1000,0.00002459,26.6514,631.6924,524.9893
6778,370,33,0.1000,0.00002458,30.5955,634.6847,379.2293
6779,161,21,0.1000,0.00002458,31.0968,636.4256,408.1901
6780,356,32,0.1000,0.00002458,30.7619,645.6614,360.2563
6781,51,11,0.1000,0.00002457,23.1518,632.8373,455.1197
6782,78,11,0.1000,0.00002457,37.7343,632.4704,418.9387
6783,33,7,0.1000,0.00002456,39.4406,623.8818,410.0639
6784,319,28,0.1000,0.00002456,23.2431,640.7756,357.9051
6785,55,11,0.1000,0.00002456,38.5397,622.4164,327.3881
6786,53,10,0.1000,0.00002455,28.2663,640.0823,271.8172
6787,128,16,0.1000,0.00002455,22.4504,639.6659,272.2013
6788,130,17,0.1000,0.00002455,23.7586,639.1080,371.6294
6789,126,18,0.1000,0.00002454,26.2670,641.9449,229.5145
6790,419,27,0.1000,0.00002454,33.8115,647.0945,300.8692
6791,48,13,0.1000,0.00002453,31.6428,638.8733,365.0925
6792,42,10,0.1000,0.00002453,19.2651,629.3719,359.4907
6793,57,12,0.1000,0.00002453,27.5084,626.6850,397.8395
6794,100,16,0.1000,0.00002452,20.9314,631.1727,326.2699
6795,109,12,0.1000,0.00002452,27.4430,638.4426,250.0629
6796,96,15,0.1000,0.00002451,29.3789,627.4322,353.4542
6797,85,12,0.1000,0.00002451,29.5603,636.0792,428.1514
6798,376,25,0.1000,0.00002451,29.9797,659.6003,325.0758
6799,673,32,0.1000,0.00002450,32.2491,652.4110,263.9698
6800,114,12,0.1000,0.00002450,28.6686,633.5499,278.6059
6801,231,22,0.1000,0.00002450,30.7636,638.5220,279.6540
6802,52,10,0.1000,0.00002449,21.8559,636.9341,339.2810
6803,38,8,0.1000,0.00002449,43.0566,633.2497,338.1435
6804,98,16,0.1000,0.00002449,25.7058,630.8872,455.7990
6805,231,28,0.1000,0.00002448,29.8890,640.9726,294.4796
6806,71,13,0.1000,0.00002448,20.0022,643.2986,386.2508
6807,234,20,0.1000,0.00002447,27.9023,643.7019,373.3588
6808,115,16,0.1000,0.00002447,28.5288,642.6931,258.5905
6809,51,10,0.1000,0.00002447,28.3483,634.4481,256.5464
6810,116,14,0.1000,0.00002446,28.3990,631.1660,228.3602
6811,123,15,0.1000,0.00002446,45.6261,646.7599,226.9059
6812,455,24,0.1000,0.00002446,35.0689,650.5796,252.5669
6813,31,8,0.1000,0.00002445,35.6845,632.7914,270.3837
6814,140,18,0.1000,0.00002445,23.2411,632.6914,295.3801
6815,120,14,0.1000,0.00002444,26.6298,631.4920,278.8399
6816,230,25,0.1000,0.00002444,29.5879,645.7362,312.0663
6817,197,23,0.1000,0.00002444,32.1522,640.9228,393.3834
6818,400,27,0.1000,0.00002443,35.1101,640.7085,346.2582
6819,34,8,0.1000,0.00002443,32.7962,626.7863,470.0192
6820,378,26,0.1000,0.00002443,24.6892,642.5667,412.7272
6821,104,16,0.1000,0.00002442,28.1755,620.2397,236.7313
6822,106,16,0.1000,0.00002442,28.3530,640.3912,242.6597
6823,109,14,0.1000,0.00002441,20.0394,642.6969,240.2297
6824,204,24,0.1000,0.00002441,32.7117,639.9159,354.1468
6825,294,22,0.1000,0.00002441,21.0988,647.6478,248.4353
6826,91,14,0.1000,0.00002440,35.2027,634.7656,326.3001
6827,80,12,0.1000,0.00002440,29.7066,630.4250,254.3413
6828,38,11,0.1000,0.00002440,17.9096,642.4913,253.8492
6829,93,13,0.1000,0.00002439,24.0666,638.4599,217.5421
6830,464,26,0.1000,0.00002439,28.1327,650.4591,271.9812
6831,455,29,0.1000,0.00002438,23.3110,649.0460,284.5372
6832,133,16,0.1000,0.00002438,22.6146,646.1917,417.5929
6833,79,14,0.1000,0.00002438,24.7286,641.5588,382.6937
6834,299,27,0.1000,0.00002437,31.4873,642.2377,450.6643
6835,119,15,0.1000,0.00002437,23.5603,642.4863,247.8924
6836,299,23,0.1000,0.00002437,20.0318,641.4284,317.2657
6837,93,13,0.1000,0.00002436,24.3092,635.5040,290.9844
6838,361,19,0.1000,0.00002436,32.3463,635.0244,292.0512
6839,226,15,0.1000,0.00002435,30.0624,640.1605,360.5290
6840,329,28,0.1000,0.00002435,32.2305,649.9737,316.4354
6841,179,19,0.1000,0.00002435,23.7498,645.3563,285.5247
6842,133,17,0.1000,0.00002434,24.7892,632.6347,308.5851
6843,169,18,0.1000,0.00002434,23.6744,645.6352,265.8630
6844,725,35,0.1000,0.00002433,27.0228,650.5746,253.8581
6845,189,22,0.1000,0.00002433,30.0240,643.2839,251.0103
6846,106,10,0.1000,0.00002433,24.3912,650.9652,338.2980
6847,251,23,0.1000,0.00002432,29.1104,639.5062,384.2536
6848,148,18,0.1000,0.00002432,48.7091,632.4459,319.4315
6849,36,8,0.1000,0.00002432,29.9989,623.9599,320.9311
6850,593,30,0.1000,0.00002431,33.8717,650.0504,349.0053
6851,55,11,0.1000,0.00002431,29.1019,628.4738,418.8448
6852,208,18,0.1000,0.00002431,23.4486,641.5434,336.8889
6853,52,11,0.1000,0.00002430,41.0458,637.3473,292.9153
6854,224,17,0.1000,0.00002430,21.1845,642.2560,238.7070
6855,31,8,0.1000,0.00002429,40.6855,631.4928,247.2515
6856,347,31,0.1000,0.00002429,28.0221,649.4644,350.3053
6857,182,22,0.1000,0.00002429,26.2366,648.8825,354.3873
6858,89,16,0.1000,0.00002428,32.7734,651.3627,232.0454
6859,295,19,0.1000,0.00002428,25.5664,650.0367,305.9180
6860,125,15,0.1000,0.00002428,33.6604,644.0766,204.7501
6861,184,22,0.1000,0.00002427,20.9258,646.1335,246.6478
6862,300,21,0.1000,0.00002427,27.2706,647.5597,334.1647
6863,52,12,0.1000,0.00002426,32.8650,630.1743,340.0934
6864,246,22,0.1000,0.00002426,34.5576,645.7570,366.7246
6865,38,10,0.1000,0.00002426,30.5453,630.6516,197.9015
6866,127,17,0.1000,0.00002425,35.0105,643.2808,239.6582
6867,141,18,0.1000,0.00002425,36.1103,652.3859,338.7753
6868,97,13,0.1000,0.00002424,27.7154,638.3733,368.1695
6869,145,21,0.1000,0.00002424,26.9644,640.5992,338.9769
6870,83,14,0.1000,0.00002424,29.4414,634.8901,381.6653
6871,219,23,0.1000,0.00002423,30.0645,634.7303,387.1886
6872,95,14,0.1000,0.00002423,31.4933,630.8258,390.6563
6873,74,12,0.1000,0.00002423,26.0075,647.4595,417.3452
6874,57,12,0.1000,0.00002422,27.2998,644.3920,268.6823
6875,55,11,0.1000,0.00002422,16.8549,637.4452,351.0476
6876,170,17,0.1000,0.00002422,31.2690,637.4323,334.8673
6877,56,11,0.1000,0.00002421,16.7107,636.2479,315.2409
6878,43,11,0.1000,0.00002421,29.9199,644.0117,237.8724
6879,178,19,0.1000,0.00002420,24.9454,646.6485,264.7180
6880,627,34,0.1000,0.00002420,33.5080,649.5952,253.9630
6881,55,11,0.1000,0.00002420,30.6278,641.9094,273.6128
6882,54,12,0.1000,0.00002419,16.9830,628.7408,339.1739
6883,286,28,0.1000,0.00002419,33.0587,646.3225,399.7201
6884,263,25,0.1000,0.00002418,25.0955,651.0789,400.4818
6885,494,33,0.1000,0.00002418,38.8157,636.6355,305.9715
6886,84,14,0.1000,0.00002418,26.1750,638.3914,261.6921
6887,250,25,0.1000,0.00002417,32.4900,639.4712,235.3680
6888,59,13,0.1000,0.00002417,26.2690,646.3493,236.0420
6889,461,24,0.1000,0.00002417,28.9067,656.5294,338.2096
6890,172,18,0.1000,0.00002416,30.1034,648.1831,224.2429
6891,54,11,0.1000,0.00002416,35.0917,639.1953,382.3870
6892,177,19,0.1000,0.00002415,23.9596,640.0204,288.9122
6893,410,27,0.1000,0.00002415,24.8489,646.0121,366.3618
6894,265,24,0.1000,0.00002415,31.2678,632.5958,205.7613
6895,591,30,0.1000,0.00002414,31.3362,650.6681,415.1831
6896,44,11,0.1000,0.00002414,19.8651,638.8990,277.9715
6897,37,9,0.1000,0.00002414,18.6042,627.2298,286.0289
6898,52,11,0.1000,0.00002413,35.4961,640.9744,254.1092
6899,43,10,0.1000,0.00002413,17.0861,635.4837,201.3284
6900,465,24,0.1000,0.00002413,28.9382,656.4064,322.5148
6901,202,20,0.1000,0.00002412,27.8175,641.4144,345.9696
6902,190,17,0.1000,0.00002412,30.6080,641.1247,410.3685
6903,264,26,0.1000,0.00002411,28.8600,641.1235,416.3022
6904,56,11,0.1000,0.00002411,30.5871,639.2916,467.2233
6905,45,11,0.1000,0.00002411,19.6305,638.8534,294.6354
6906,106,17,0.1000,0.00002410,27.5998,633.2075,232.4987
6907,379,24,0.1000,0.00002410,30.6238,661.8040,381.4612
6908,123,16,0.1000,0.00002410,30.2138,651.2391,353.4762
6909,246,21,0.1000,0.00002409,35.3074,641.5809,311.8683
6910,58,13,0.1000,0.00002409,26.9862,641.1792,259.4693
6911,104,15,0.1000,0.00002408,29.1354,639.3295,329.2212
6912,652,39,0.1000,0.00002408,29.5581,650.4678,326.1133
6913,80,15,0.1000,0.00002408,36.8400,637.3284,360.0988
6914,254,25,0.1000,0.00002407,35.4658,648.7118,317.7935
6915,40,12,0.1000,0.00002407,22.6665,639.9757,321.4833
6916,168,18,0.1000,0.00002407,25.5623,638.9344,296.7821
6917,47,7,0.1000,0.00002406,36.0213,636.8179,307.8558
6918,52,10,0.1000,0.00002406,25.0380,641.9509,283.7128
6919,32,8,0.1000,0.00002405,24.4308,632.0272,234.5766
6920,37,10,0.1000,0.00002405,22.1541,640.3411,281.0626
6921,55,11,0.1000,0.00002405,26.2217,634.0738,247.6567
6922,136,16,0.1000,0.00002404,40.4507,642.3132,229.1099
6923,63,10,0.1000,0.00002404,28.5481,645.0537,384.2082
6924,85,16,0.1000,0.00002404,31.9490,646.1567,443.7243
6925,39,10,0.1000,0.00002403,21.3106,625.7125,364.9936
6926,91,12,0.1000,0.00002403,27.9926,638.8111,286.3363
6927,182,16,0.1000,0.00002402,34.0705,640.4117,397.1747
6928,1325,58,0.1000,0.00002402,30.2727,660.1808,342.4462
6929,54,12,0.1000,0.00002402,21.3134,638.8216,262.8619
6930,588,34,0.1000,0.00002401,30.2124,657.6762,280.4485
6931,54,13,0.1000,0.00002401,26.8586,648.3342,311.6264
6932,517,37,0.1000,0.00002401,27.1387,647.2332,341.4250
6933,64,14,0.1000,0.00002400,33.2458,639.1039,305.0903
6934,323,25,0.1000,0.00002400,27.6263,636.6523,257.4105
6935,140,20,0.1000,0.00002399,22.2738,641.0080,398.6581
6936,236,25,0.1000,0.00002399,29.3023,649.5325,267.9767
6937,96,14,0.1000,0.00002399,31.4349,639.5124,279.9140
6938,99,14,0.1000,0.00002398,39.4306,645.9156,401.9690
6939,149,18,0.1000,0.00002398,34.9820,651.7333,384.3505
6940,293,27,0.1000,0.00002398,32.0756,645.6249,312.2223
6941,428,37,0.1000,0.00002397,39.7000,641.6165,309.6196
6942,47,10,0.1000,0.00002397,30.6202,636.6376,288.9102
6943,160,15,0.1000,0.00002396,41.1895,645.0978,272.8780
6944,362,24,0.1000,0.00002396,29.2766,660.0121,287.3543
6945,104,15,0.1000,0.00002396,28.3155,640.6096,394.9812
6946,123,15,0.1000,0.00002395,34.2004,643.1468,169.5340
6947,792,38,0.1000,0.00002395,27.8895,655.0058,297.6915
6948,119,14,0.1000,0.00002395,32.0575,643.0308,278.5333
6949,45,9,0.1000,0.00002394,30.1550,630.3640,284.2305
6950,252,24,0.1000,0.00002394,25.9723,644.7959,266.3241
6951,98,13,0.1000,0.00002393,25.7558,649.4699,351.0557
6952,139,18,0.1000,0.00002393,36.8091,629.6425,437.3441
6953,233,21,0.1000,0.00002393,26.2989,643.6060,291.1118
6954,105,18,0.1000,0.00002392,26.9164,650.6544,294.9899
6955,207,24,0.1000,0.00002392,40.5640,647.7617,299.5564
6956,54,11,0.1000,0.00002392,28.0479,630.4804,274.9514
6957,38,10,0.1000,0.00002391,29.6529,639.4087,460.0529
6958,239,23,0.1000,0.00002391,29.9175,646.9107,345.6171
6959,270,24,0.1000,0.00002390,28.5756,646.3022,345.1972
6960,167,18,0.1000,0.00002390,26.1844,644.3555,344.7072
6961,54,11,0.1000,0.00002390,51.5457,631.2827,267.7666
6962,198,23,0.1000,0.00002389,25.9712,650.1179,334.2926
6963,123,18,0.1000,0.00002389,27.5106,642.8419,301.3086
6964,186,19,0.1000,0.00002388,26.6516,647.2971,290.0035
6965,135,15,0.1000,0.00002388,28.5567,641.0448,364.0825
6966,95,14,0.1000,0.00002388,27.9949,645.2850,397.0243
6967,116,16,0.1000,0.00002387,24.2248,659.9307,225.3141
6968,27,7,0.1000,0.00002387,26.4972,641.1122,212.9579
6969,335,25,0.1000,0.00002387,31.1037,648.9760,227.5896
6970,221,22,0.1000,0.00002386,32.9768,656.9639,343.5649
6971,33,8,0.1000,0.00002386,23.3336,642.7021,455.6900
6972,181,17,0.1000,0.00002386,29.8153,641.5906,382.2516
6973,61,13,0.1000,0.00002385,28.6242,645.2437,344.9461
6974,216,19,0.1000,0.00002385,37.0410,652.7046,284.8761
6975,161,20,0.1000,0.00002384,30.6894,646.6363,259.8868
6976,512,31,0.1000,0.00002384,28.5799,656.1891,291.3691
6977,95,14,0.1000,0.00002384,23.5198,652.1188,373.9514
6978,732,45,0.1000,0.00002383,29.1233,646.4215,287.3521
6979,224,20,0.1000,0.00002383,21.9258,647.5814,367.3197
6980,137,18,0.1000,0.00002382,28.4501,646.6877,254.9233
6981,41,10,0.1000,0.00002382,30.1224,656.3799,349.4408
6982,226,24,0.1000,0.00002382,31.7589,652.2482,322.2281
6983,137,16,0.1000,0.00002381,15.5816,646.1074,399.0850
6984,33,10,0.1000,0.00002381,19.4792,635.4251,446.2000
6985,39,10,0.1000,0.00002381,30.0251,642.2806,270.4574
6986,618,31,0.1000,0.00002380,26.9733,655.8296,370.6056
6987,38,6,0.1000,0.00002380,20.8213,639.4101,356.7364
6988,221,19,0.1000,0.00002379,27.9147,640.8236,307.3302
6989,132,16,0.1000,0.00002379,26.5635,651.6077,276.7353
6990,54,10,0.1000,0.00002379,32.2121,637.3178,337.4562
6991,247,20,0.1000,0.00002378,24.7948,663.3456,312.9595
6992,178,20,0.1000,0.00002378,36.4361,654.7082,351.5989
6993,156,16,0.1000,0.00002378,37.1019,652.6204,294.4822
6994,489,28,0.1000,0.00002377,28.5836,658.8254,317.2649
6995,415,12,0.1000,0.00002377,29.6016,670.4766,301.1467
6996,161,21,0.1000,0.00002377,28.1745,641.9420,239.5202
6997,159,16,0.1000,0.00002376,27.9329,656.7017,255.3880
6998,122,15,0.1000,0.00002376,27.9466,649.3349,379.9259
6999,40,10,0.1000,0.00002375,40.8906,644.1454,330.7326
7000,98,14,0.1000,0.00002375,26.3980,653.2148,390.5352
7001,144,21,0.1000,0.00002375,31.4531,641.3817,429.5405
7002,268,23,0.1000,0.00002374,32.3634,662.2079,234.2637
7003,379,23,0.1000,0.00002374,26.1505,653.0670,277.6445
7004,321,27,0.1000,0.00002374,18.9790,649.3296,327.7013
7005,247,21,0.1000,0.00002373,28.1661,663.7342,298.5243
7006,217,23,0.1000,0.00002373,26.9984,644.7338,294.5817
7007,428,30,0.1000,0.00002372,30.9502,649.2651,341.5744
7008,375,25,0.1000,0.00002372,28.7668,652.2269,396.4346
7009,62,14,0.1000,0.00002372,37.9858,647.6378,315.2318
7010,40,10,0.1000,0.00002371,23.7802,649.5375,255.7820
7011,91,15,0.1000,0.00002371,32.8795,638.9980,249.6433
7012,46,8,0.1000,0.00002370,53.7637,638.8222,292.3301
7013,43,11,0.1000,0.00002370,31.5931,643.3710,373.8454
7014,590,36,0.1000,0.00002370,30.0521,659.6818,265.4024
7015,96,15,0.1000,0.00002369,34.0374,642.3247,224.5818
7016,467,36,0.1000,0.00002369,28.0976,659.2404,368.0781
7017,87,14,0.1000,0.00002369,27.3085,637.5251,426.5242
7018,20,5,0.1000,0.00002368,19.9786,629.9021,185.7836
7019,215,14,0.1000,0.00002368,33.4293,653.2100,201.3735
7020,175,16,0.1000,0.00002368,30.6421,639.8505,262.5000
7021,84,15,0.1000,0.00002367,35.3140,644.9595,323.7513
7022,460,26,0.1000,0.00002367,35.5828,660.8773,355.1390
7023,76,15,0.1000,0.00002366,42.9718,652.9415,342.7324
7024,374,31,0.1000,0.00002366,26.5149,653.2862,341.0160
7025,580,30,0.1000,0.00002366,23.0812,662.3510,358.6593
7026,76,15,0.1000,0.00002365,20.4513,644.1742,406.3662
7027,36,9,0.1000,0.00002365,32.7281,638.6966,324.6587
7028,539,41,0.1000,0.00002365,26.8654,649.2935,305.6583
7029,44,10,0.1000,0.00002364,20.2673,646.4665,354.7569
7030,189,19,0.1000,0.00002364,25.1574,652.9047,430.5952
7031,52,11,0.1000,0.00002363,28.8318,645.2352,238.6298
7032,121,15,0.1000,0.00002363,29.7770,647.0285,357.8605
7033,354,29,0.1000,0.00002363,28.0076,647.7277,329.3962
7034,81,13,0.1000,0.00002362,21.5172,639.6501,297.8354
7035,79,14,0.1000,0.00002362,30.1404,641.4492,365.2779
7036,614,46,0.1000,0.00002362,32.8341,656.7296,264.3483
7037,48,9,0.1000,0.00002361,33.3438,650.2475,323.0993
7038,54,11,0.1000,0.00002361,26.1433,647.4817,307.6852
7039,42,10,0.1000,0.00002360,22.2922,641.2269,286.4670
7040,165,18,0.1000,0.00002360,27.1747,643.2163,264.5665
7041,50,10,0.1000,0.00002360,21.7978,640.2074,331.9175
7042,45,7,0.1000,0.00002359,38.3485,644.1717,326.4901
7043,67,12,0.1000,0.00002359,28.3128,642.9158,327.5182
7044,332,24,0.1000,0.00002359,31.6666,645.5519,264.3767
7045,93,14,0.1000,0.00002358,26.9093,645.3368,323.9790
7046,768,41,0.1000,0.00002358,30.3143,660.9743,287.4045
7047,368,29,0.1000,0.00002357,27.1272,657.9731,395.1184
7048,219,18,0.1000,0.00002357,24.4634,658.1375,275.5651
7049,55,13,0.1000,0.00002357,24.7085,654.1078,175.5503
7050,219,19,0.1000,0.00002356,23.1585,644.8445,282.2424
7051,59,11,0.1000,0.00002356,22.1866,652.4373,264.0248
7052,287,22,0.1000,0.00002356,31.7826,652.6776,325.8919
7053,300,25,0.1000,0.00002355,22.8522,654.7770,305.9843
7054,114,15,0.1000,0.00002355,28.2076,638.1730,315.6226
7055,850,56,0.1000,0.00002354,25.8795,649.6732,400.4086
7056,82,13,0.1000,0.00002354,33.4109,644.1276,322.6516
7057,223,18,0.1000,0.00002354,31.5082,657.3555,326.1496
7058,104,15,0.1000,0.00002353,29.6031,647.7429,373.1581
7059,48,13,0.1000,0.00002353,38.3598,644.3473,228.8570
7060,88,14,0.1000,0.00002352,27.6311,649.1448,224.9292
7061,309,21,0.1000,0.00002352,30.9166,656.8761,265.1095
7062,330,27,0.1000,0.00002352,22.6183,653.4295,288.7404
7063,914,52,0.1000,0.00002351,28.4728,660.0106,367.6296
7064,92,16,0.1000,0.00002351,28.0225,649.4082,258.8027
7065,231,19,0.1000,0.00002351,32.0683,654.8717,244.3397
7066,67,13,0.1000,0.00002350,30.7103,655.2821,285.1994
7067,251,24,0.1000,0.00002350,26.3284,642.0018,403.3123
7068,171,17,0.1000,0.00002350,26.7675,661.2685,287.8969
7069,58,11,0.1000,0.00002349,20.7031,653.8638,247.2796
7070,581,29,0.1000,0.00002349,28.8206,668.1811,379.9818
7071,140,18,0.1000,0.00002348,29.9649,654.9794,412.4973
7072,372,22,0.1000,0.00002348,29.1225,647.5651,362.4166
7073,175,16,0.1000,0.00002348,23.1437,647.6059,366.6577
7074,98,14,0.1000,0.00002347,26.0927,644.8723,354.0655
7075,50,9,0.1000,0.00002347,29.2606,652.9438,290.5341
7076,275,21,0.1000,0.00002346,26.6868,656.4693,205.7697
7077,192,24,0.1000,0.00002346,37.6991,643.2806,284.7507
7078,194,24,0.1000,0.00002346,25.7457,654.4922,233.8715
7079,104,17,0.1000,0.00002345,30.2584,656.1226,247.5692
7080,75,13,0.1000,0.00002345,22.9279,642.3528,197.4868
7081,117,17,0.1000,0.00002345,30.2149,662.1661,248.0898
7082,123,15,0.1000,0.00002344,29.0673,652.9928,287.8447
7083,103,17,0.1000,0.00002344,29.4349,652.8086,244.1579
7084,74,13,0.1000,0.00002343,31.5719,646.8281,333.3113
7085,35,9,0.1000,0.00002343,32.4696,634.2013,230.3428
7086,550,35,0.1000,0.00002343,31.4799,662.1603,303.0790
7087,55,11,0.1000,0.00002342,27.7897,649.7450,278.9275
7088,42,12,0.1000,0.00002342,29.4670,644.8008,249.4330
7089,221,18,0.1000,0.00002342,27.6866,658.6270,398.7874
7090,23,5,0.1000,0.00002341,19.8725,648.7680,250.3341
7091,448,37,0.1000,0.00002341,28.9018,657.7803,382.9840
7092,93,15,0.1000,0.00002341,34.4840,661.2478,254.1755
7093,34,9,0.1000,0.00002340,36.4821,643.9916,271.1496
7094,60,14,0.1000,0.00002340,35.0776,654.2728,314.1488
7095,484,30,0.1000,0.00002339,25.5160,660.0681,298.1448
7096,225,19,0.1000,0.00002339,24.9476,646.5642,427.5972
7097,82,13,0.1000,0.00002339,39.9476,655.5827,259.9672
7098,64,12,0.1000,0.00002338,35.3154,652.0650,277.2515
7099,99,15,0.1000,0.00002338,25.6944,652.5711,330.8649
7100,246,23,0.1000,0.00002337,31.9542,645.7158,299.6835
7101,83,13,0.1000,0.00002337,20.6958,653.1968,314.8727
7102,120,14,0.1000,0.00002337,27.2529,657.4554,319.6925
7103,161,16,0.1000,0.00002336,28.8203,665.7780,277.1989
7104,61,13,0.1000,0.00002336,24.9700,642.5895,243.8320
7105,63,14,0.1000,0.00002336,26.6758,645.0187,285.9436
7106,43,11,0.1000,0.00002335,32.2635,646.5290,306.0712
7107,481,30,0.1000,0.00002335,34.3154,660.6025,372.4460
7108,72,15,0.1000,0.00002334,24.9149,653.0767,298.2105
7109,270,27,0.1000,0.00002334,33.1286,661.1166,399.0126
7110,102,14,0.1000,0.00002334,32.9642,661.8121,337.2331
7111,24,6,0.1000,0.00002333,13.0377,637.5868,501.8507
7112,109,11,0.1000,0.00002333,37.8447,651.4531,358.5170
7113,91,15,0.1000,0.00002333,28.3992,648.9093,387.2070
7114,510,33,0.1000,0.00002332,30.3548,658.8889,268.7581
7115,50,11,0.1000,0.00002332,27.8508,654.2485,253.5437
7116,129,18,0.1000,0.00002332,32.1126,648.4103,299.2387
7117,35,8,0.1000,0.00002331,44.1669,648.9827,258.7598
7118,39,10,0.1000,0.00002331,32.5505,652.2751,230.0386
7119,268,23,0.1000,0.00002330,34.7397,653.5568,452.8058
7120,95,16,0.1000,0.00002330,28.4595,656.3212,381.3772
7121,79,13,0.1000,0.00002330,48.1810,662.3246,378.3479
7122,52,11,0.1000,0.00002329,27.7884,654.9610,232.7280
7123,83,15,0.1000,0.00002329,19.7516,661.0359,470.4129
7124,438,27,0.1000,0.00002329,27.2392,661.3696,288.7428
7125,244,26,0.1000,0.00002328,37.1435,649.4184,287.7758
7126,274,25,0.1000,0.00002328,28.2177,668.4304,449.7586
7127,123,15,0.1000,0.00002327,35.3434,660.0711,458.9113
7128,356,27,0.1000,0.00002327,34.5256,661.4994,239.1215
7129,45,9,0.1000,0.00002327,14.3900,649.7883,291.7612
7130,96,13,0.1000,0.00002326,27.3279,658.1890,347.0087
7131,371,22,0.1000,0.00002326,37.9152,656.9710,330.0785
7132,250,21,0.1000,0.00002326,35.8346,665.0884,254.7090
7133,83,13,0.1000,0.00002325,34.6496,655.7233,324.0312
7134,56,11,0.1000,0.00002325,23.3967,657.7274,382.1939
7135,82,12,0.1000,0.00002324,42.4260,657.3446,413.1413
7136,41,10,0.1000,0.00002324,23.6122,657.0633,380.5589
7137,94,14,0.1000,0.00002324,30.1833,659.7518,281.5948
7138,87,14,0.1000,0.00002323,35.5870,648.8829,241.5343
7139,40,12,0.1000,0.00002323,28.2834,660.5648,302.4901
7140,166,16,0.1000,0.00002323,23.9177,653.1089,317.6277
7141,40,8,0.1000,0.00002322,35.2806,658.0486,353.3866
7142,171,15,0.1000,0.00002322,34.6658,663.2600,282.0976
7143,130,17,0.1000,0.00002321,23.5483,660.9395,445.9833
7144,30,8,0.1000,0.00002321,17.3500,649.0622,462.6949
7145,679,30,0.1000,0.00002321,36.9885,668.4692,399.0305
7146,45,11,0.1000,0.00002320,26.1754,655.1915,261.7542
7147,291,21,0.1000,0.00002320,31.0482,670.8692,304.2803
7148,54,10,0.1000,0.00002320,24.7168,662.0387,323.5643
7149,42,11,0.1000,0.00002319,30.7637,657.2792,383.0360
7150,52,11,0.1000,0.00002319,31.3831,660.0534,340.6263
7151,75,14,0.1000,0.00002318,31.9476,648.9363,246.8108
7152,251,23,0.1000,0.00002318,27.3239,662.3963,352.6190
7153,146,18,0.1000,0.00002318,34.3629,659.4650,385.3719
7154,155,20,0.1000,0.00002317,22.2393,657.4553,308.8488
7155,193,21,0.1000,0.00002317,26.0754,654.6437,283.3992
7156,148,19,0.1000,0.00002316,31.7815,661.3503,390.5724
7157,76,14,0.1000,0.00002316,37.5306,665.2070,215.3063
7158,642,43,0.1000,0.00002316,36.7292,670.6254,375.1449
7159,58,12,0.1000,0.00002315,37.9547,662.2809,276.8638
7160,143,16,0.1000,0.00002315,26.9970,660.0159,318.5365
7161,299,25,0.1000,0.00002315,33.5619,678.8554,257.2948
7162,99,16,0.1000,0.00002314,33.7524,659.1358,315.0325
7163,200,21,0.1000,0.00002314,37.4583,667.5866,432.8923
7164,411,26,0.1000,0.00002314,25.0627,668.8160,305.5175
7165,106,19,0.1000,0.00002313,21.5284,662.6014,241.8465
7166,381,31,0.1000,0.00002313,27.2662,667.3363,304.8826
7167,58,12,0.1000,0.00002312,21.5927,663.7595,244.6133
7168,105,17,0.1000,0.00002312,29.4633,665.5188,309.2508
7169,99,16,0.1000,0.00002312,27.9871,655.1704,196.3344
7170,220,22,0.1000,0.00002311,26.1432,664.6177,388.2704
7171,421,28,0.1000,0.00002311,30.4182,668.2652,496.3603
7172,332,22,0.1000,0.00002310,24.5596,662.7410,280.7338
7173,651,41,0.1000,0.00002310,32.1115,674.5399,272.1432
7174,439,23,0.1000,0.00002310,27.0226,671.8132,410.9858
7175,243,22,0.1000,0.00002309,21.2098,661.2427,336.8809
7176,165,16,0.1000,0.00002309,25.9119,662.6915,224.9147
7177,144,20,0.1000,0.00002309,20.4765,665.4966,578.6565
7178,434,30,0.1000,0.00002308,37.0690,663.7003,402.0193
7179,185,16,0.1000,0.00002308,25.3491,665.1206,393.7702
7180,1194,38,0.1000,0.00002307,30.4410,692.9669,350.7046
7181,227,19,0.1000,0.00002307,32.7719,668.2542,311.5159
7182,90,14,0.1000,0.00002307,30.1856,653.7505,357.5725
7183,31,8,0.1000,0.00002306,27.6404,653.2400,355.8731
7184,39,10,0.1000,0.00002306,27.2998,658.1941,257.0319
7185,52,11,0.1000,0.00002306,26.4447,667.1263,242.7671
7186,172,17,0.1000,0.00002305,24.9837,661.7935,258.3798
7187,70,12,0.1000,0.00002305,39.7433,661.6312,411.6675
7188,62,9,0.1000,0.00002305,31.2320,658.2869,214.3185
7189,44,10,0.1000,0.00002304,26.4511,659.9932,263.5316
7190,75,17,0.1000,0.00002304,31.3479,665.9942,195.7868
7191,107,17,0.1000,0.00002303,25.2488,652.9207,423.4383
7192,94,10,0.1000,0.00002303,26.5341,659.2201,245.6650
7193,53,13,0.1000,0.00002303,38.6701,660.8581,389.4590
7194,55,11,0.1000,0.00002302,25.4823,659.1679,223.1530
7195,635,34,0.1000,0.00002302,32.8203,682.4212,286.8855
7196,383,34,0.1000,0.00002301,30.5609,663.5936,275.9205
7197,336,24,0.1000,0.00002301,33.3166,660.1386,261.1731
7198,232,20,0.1000,0.00002301,29.0738,666.2632,273.2640
7199,168,19,0.1000,0.00002300,36.5055,668.2003,227.6182
7200,160,16,0.1000,0.00002300,24.8278,672.9060,270.3282
7201,204,21,0.1000,0.00002300,27.3535,673.4917,328.0758
7202,73,9,0.1000,0.00002299,29.7857,665.4575,391.1580
7203,137,15,0.1000,0.00002299,32.8797,665.1679,350.5185
7204,260,21,0.1000,0.00002298,22.8386,661.3676,438.8657
7205,225,19,0.1000,0.00002298,30.1748,660.1293,400.8463
7206,296,20,0.1000,0.00002298,29.8563,662.0688,395.3445
7207,592,37,0.1000,0.00002297,34.6889,669.6819,262.9691
7208,66,11,0.1000,0.00002297,28.6673,642.6352,524.1101
7209,370,20,0.1000,0.00002297,32.2881,669.1183,304.3198
7210,217,22,0.1000,0.00002296,35.2738,666.4252,350.2100
7211,224,23,0.1000,0.00002296,24.2811,662.4236,289.3280
7212,122,17,0.1000,0.00002296,30.8617,653.2222,297.8132
7213,39,11,0.1000,0.00002295,34.5685,660.3006,409.6878
7214,91,15,0.1000,0.00002295,35.6284,660.7329,345.2946
7215,109,15,0.1000,0.00002294,27.1325,654.1591,250.6115
7216,301,25,0.1000,0.00002294,28.4114,658.9039,253.8694
7217,45,10,0.1000,0.00002294,15.6506,663.5786,365.3370
7218,50,11,0.1000,0.00002293,27.4253,661.6208,253.0246
7219,41,12,0.1000,0.00002293,22.4371,654.8973,331.0607
7220,47,10,0.1000,0.00002293,28.8438,652.3444,285.6179
7221,215,24,0.1000,0.00002292,25.6389,672.3282,257.2423
7222,111,13,0.1000,0.00002292,30.6208,657.4977,290.5453
7223,188,22,0.1000,0.00002291,33.3666,664.9792,261.6869
7224,224,19,0.1000,0.00002291,25.4890,663.8070,256.5621
7225,113,13,0.1000,0.00002291,26.6714,659.2012,328.2722
7226,165,17,0.1000,0.00002290,23.7040,667.4006,372.6179
7227,318,24,0.1000,0.00002290,31.2139,667.7756,272.9810
7228,197,25,0.1000,0.00002289,35.1659,673.3172,305.8177
7229,56,11,0.1000,0.00002289,30.9622,664.9239,266.4743
7230,75,12,0.1000,0.00002289,25.2253,661.4089,309.8627
7231,95,12,0.1000,0.00002288,30.0752,656.4759,280.3836
7232,53,9,0.1000,0.00002288,34.3172,661.2393,369.8705
7233,54,10,0.1000,0.00002288,24.4102,663.3608,260.5505
7234,117,14,0.1000,0.00002287,30.2548,658.4985,265.9323
7235,278,26,0.1000,0.00002287,27.1646,672.4909,296.1185
7236,251,24,0.1000,0.00002287,28.2668,666.6121,306.9517
7237,44,12,0.1000,0.00002286,22.0412,656.8528,244.8320
7238,131,19,0.1000,0.00002286,33.7671,666.4358,231.2363
7239,138,17,0.1000,0.00002285,23.3326,659.8718,249.3543
7240,169,17,0.1000,0.00002285,28.8472,660.7674,373.6741
7241,34,10,0.1000,0.00002285,26.8292,658.3784,329.0645
7242,137,17,0.1000,0.00002284,25.2998,658.5291,398.1035
7243,101,14,0.1000,0.00002284,21.8473,666.5135,389.6684
7244,498,30,0.1000,0.00002284,30.7208,654.8471,347.9624
7245,59,13,0.1000,0.00002283,30.5899,657.2004,309.5538
7246,190,20,0.1000,0.00002283,31.9650,664.2870,281.3287
7247,85,13,0.1000,0.00002282,29.8523,656.7223,288.0060
7248,171,16,0.1000,0.00002282,26.8954,666.0939,323.7862
7249,55,11,0.1000,0.00002282,37.8080,658.7108,343.1935
7250,60,9,0.1000,0.00002281,28.2423,649.0722,400.2512
7251,173,19,0.1000,0.00002281,29.7742,673.9780,259.4394
7252,130,17,0.1000,0.00002281,36.1502,672.2692,350.4513
7253,115,14,0.1000,0.00002280,37.6199,662.6054,275.8240
7254,140,17,0.1000,0.00002280,26.9724,671.0037,253.4824
7255,61,12,0.1000,0.00002279,32.1423,655.9780,253.1365
7256,74,11,0.1000,0.00002279,28.8514,666.1521,335.4577
7257,304,25,0.1000,0.00002279,26.3715,676.5365,315.7297
7258,171,21,0.1000,0.00002278,28.8843,663.9166,267.4743
7259,137,18,0.1000,0.00002278,34.2540,661.6676,386.2777
7260,228,22,0.1000,0.00002278,36.9533,666.1939,341.7167
7261,171,22,0.1000,0.00002277,31.1578,673.0903,299.6852
7262,251,22,0.1000,0.00002277,29.8838,665.1698,315.6488
7263,45,11,0.1000,0.00002276,29.0124,660.5175,279.6999
7264,59,12,0.1000,0.00002276,35.7191,663.6149,335.8583
7265,437,29,0.1000,0.00002276,26.4661,668.9054,309.5850
7266,159,17,0.1000,0.00002275,32.0751,661.1620,295.8542
7267,144,19,0.1000,0.00002275,33.8346,665.3110,258.9919
7268,306,23,0.1000,0.00002274,40.1720,672.9100,316.4194
7269,44,11,0.1000,0.00002274,23.1521,651.8252,220.4204
7270,54,12,0.1000,0.00002274,26.1704,661.4261,276.0645
7271,28,7,0.1000,0.00002273,25.5206,658.8919,289.6694
7272,157,21,0.1000,0.00002273,31.1167,657.5611,287.5426
7273,498,33,0.1000,0.00002273,31.0359,660.5783,344.9814
7274,90,14,0.1000,0.00002272,34.7007,660.1409,272.9234
7275,37,9,0.1000,0.00002272,27.2154,647.3649,371.9216
7276,83,12,0.1000,0.00002272,28.2959,659.1283,297.2080
7277,96,18,0.1000,0.00002271,26.3572,672.2376,283.0907
7278,80,15,0.1000,0.00002271,23.5964,650.8529,267.4201
7279,213,14,0.1000,0.00002270,22.8093,670.2430,384.7806
7280,124,17,0.1000,0.00002270,25.7493,672.4097,251.9987
7281,71,12,0.1000,0.00002270,19.9833,654.0361,239.1872
7282,228,27,0.1000,0.00002269,33.2435,664.5994,317.4157
7283,493,36,0.1000,0.00002269,30.3614,668.8384,291.5085
7284,24,6,0.1000,0.00002269,29.1514,648.6280,223.6667
7285,125,15,0.1000,0.00002268,37.8757,662.4905,415.1153
7286,157,14,0.1000,0.00002268,25.3637,660.2171,281.0780
7287,226,19,0.1000,0.00002267,28.3835,652.9730,338.9233
7288,609,34,0.1000,0.00002267,28.3296,670.7190,243.0009
7289,60,13,0.1000,0.00002267,22.2577,656.8216,206.0025
7290,58,13,0.1000,0.00002266,27.4137,667.1275,338.5065
7291,40,12,0.1000,0.00002266,23.3888,665.6335,346.7845
7292,134,15,0.1000,0.00002265,24.8619,655.4422,295.7734
7293,160,14,0.1000,0.00002265,26.9482,677.4390,253.6961
7294,175,22,0.1000,0.00002265,39.5394,674.6746,359.7263
7295,208,22,0.1000,0.00002264,22.1605,665.0990,335.4321
7296,323,24,0.1000,0.00002264,26.4275,672.5040,254.8693
7297,460,26,0.1000,0.00002264,32.8713,678.7580,257.2542
7298,53,10,0.1000,0.00002263,22.8023,665.5205,484.9842
7299,135,16,0.1000,0.00002263,35.4778,672.4005,309.7754
7300,185,20,0.1000,0.00002263,25.7264,676.4581,280.3231
7301,107,17,0.1000,0.00002262,33.5673,660.2434,362.4851
7302,125,17,0.1000,0.00002262,39.0145,672.5006,241.8317
7303,178,19,0.1000,0.00002261,33.2501,659.7813,355.7563
7304,869,40,0.1000,0.00002261,33.3859,671.4410,307.1299
7305,46,8,0.1000,0.00002261,23.0416,659.0012,200.1921
7306,185,22,0.1000,0.00002260,32.6149,665.3820,397.6289
7307,68,12,0.1000,0.00002260,31.1086,658.3858,339.8335
7308,441,20,0.1000,0.00002259,22.0131,675.8526,289.6691
7309,186,18,0.1000,0.00002259,26.9760,669.3302,290.0549
7310,55,12,0.1000,0.00002259,23.6590,654.2058,326.1622
7311,191,24,0.1000,0.00002258,31.6973,673.9770,287.7218
7312,491,27,0.1000,0.00002258,39.2640,678.2096,296.6552
7313,265,25,0.1000,0.00002258,34.6575,657.0229,316.0819
7314,37,11,0.1000,0.00002257,23.1961,662.3130,209.6980
7315,304,30,0.1000,0.00002257,27.8084,668.2977,355.1939
7316,582,30,0.1000,0.00002256,29.0525,678.0013,217.4376
7317,46,11,0.1000,0.00002256,37.2583,662.8950,516.6176
7318,54,11,0.1000,0.00002256,33.1348,663.3715,311.0393
7319,696,43,0.1000,0.00002255,28.8106,676.0496,375.1715
7320,160,19,0.1000,0.00002255,24.0070,672.1369,283.6041
7321,90,13,0.1000,0.00002255,17.2103,654.3324,264.6751
7322,163,18,0.1000,0.00002254,30.3969,666.1131,258.9967
7323,105,11,0.1000,0.00002254,26.8049,676.1880,271.9119
7324,50,11,0.1000,0.00002254,28.4342,669.4603,255.2088
7325,81,13,0.1000,0.00002253,35.3748,661.3490,340.3127
7326,86,17,0.1000,0.00002253,35.2621,664.2554,237.3650
7327,84,15,0.1000,0.00002252,30.7014,660.3204,278.3016
7328,508,35,0.1000,0.00002252,34.2179,668.2879,341.5344
7329,941,37,0.1000,0.00002252,33.0502,680.7575,336.5538
7330,50,10,0.1000,0.00002251,42.3863,661.0502,335.0053
7331,242,22,0.1000,0.00002251,27.9938,658.6162,294.1338
7332,53,9,0.1000,0.00002251,33.3822,666.4131,318.4335
7333,111,19,0.1000,0.00002250,32.2423,672.6181,293.5149
7334,60,13,0.1000,0.00002250,31.4495,658.3089,388.0260
7335,174,19,0.1000,0.00002249,28.5570,673.8811,203.6824
7336,88,11,0.1000,0.00002249,39.9065,661.6561,235.9804
7337,50,11,0.1000,0.00002249,34.8284,663.8186,321.1524
7338,118,14,0.1000,0.00002248,34.5912,670.5426,269.1903
7339,98,14,0.1000,0.00002248,31.6441,677.6176,204.6063
7340,725,45,0.1000,0.00002248,29.1135,673.0436,304.9877
7341,124,16,0.1000,0.00002247,35.7027,671.7221,235.8976
7342,106,15,0.1000,0.00002247,23.9246,672.2409,232.2185
7343,162,18,0.1000,0.00002246,28.8236,658.2761,514.2642
7344,95,15,0.1000,0.00002246,24.8232,669.7837,522.9183
7345,455,24,0.1000,0.00002246,27.0799,681.7263,322.3116
7346,87,15,0.1000,0.00002245,21.1287,661.7654,303.7843
7347,41,10,0.1000,0.00002245,25.8088,670.1653,345.5921
7348,167,16,0.1000,0.00002245,22.5392,664.3108,454.3924
7349,309,28,0.1000,0.00002244,26.5248,673.3560,286.8334
7350,39,10,0.1000,0.00002244,33.5711,665.8535,256.9566
7351,96,14,0.1000,0.00002243,23.0085,667.0381,289.5127
7352,209,24,0.1000,0.00002243,32.6579,660.4048,394.9180
7353,400,29,0.1000,0.00002243,27.2298,670.1221,236.6987
7354,128,18,0.1000,0.00002242,30.1888,665.5687,269.3336
7355,122,18,0.1000,0.00002242,23.1901,668.8375,287.5284
7356,159,17,0.1000,0.00002242,31.7650,673.3250,358.5832
7357,208,16,0.1000,0.00002241,32.0364,668.2734,286.1769
7358,58,12,0.1000,0.00002241,13.6177,661.9508,360.2880
7359,122,18,0.1000,0.00002240,30.1869,672.5096,301.6268
7360,391,27,0.1000,0.00002240,33.5827,682.1895,258.1136
7361,74,15,0.1000,0.00002240,26.4059,654.6970,352.0726
7362,179,16,0.1000,0.00002239,22.0888,675.9246,273.4425
7363,158,20,0.1000,0.00002239,23.8320,673.9068,283.7828
7364,129,16,0.1000,0.00002238,28.8865,655.3006,361.9432
7365,371,22,0.1000,0.00002238,33.8754,676.6860,294.8062
7366,31,9,0.1000,0.00002238,38.3820,666.6180,200.2921
7367,71,12,0.1000,0.00002237,29.2427,658.2271,280.2958
7368,56,13,0.1000,0.00002237,30.4000,660.5471,300.1914
7369,268,26,0.1000,0.00002237,30.8923,669.4674,322.5434
7370,371,22,0.1000,0.00002236,29.3046,674.2919,454.1082
7371,310,28,0.1000,0.00002236,28.1029,666.9911,362.9447
7372,56,13,0.1000,0.00002236,28.3997,659.6487,222.4445
7373,309,30,0.1000,0.00002235,29.0825,670.6248,314.6004
7374,121,16,0.1000,0.00002235,27.7002,665.9058,217.5004
7375,446,26,0.1000,0.00002234,18.7124,677.7487,251.4548
7376,49,11,0.1000,0.00002234,30.7061,671.0790,290.3825
7377,175,18,0.1000,0.00002234,22.2585,674.6920,238.0895
7378,122,16,0.1000,0.00002233,29.3824,666.4585,376.3968
7379,89,15,0.1000,0.00002233,29.5092,662.6695,426.6912
7380,37,9,0.1000,0.00002233,26.6057,656.0932,327.6325
7381,98,16,0.1000,0.00002232,29.8680,667.2675,368.7534
7382,53,11,0.1000,0.00002232,27.0116,674.7048,375.1776
7383,60,12,0.1000,0.00002231,23.9674,662.8082,232.6672
7384,688,36,0.1000,0.00002231,32.3117,673.9017,234.5238
7385,116,15,0.1000,0.00002231,22.8251,670.8709,231.0556
7386,233,21,0.1000,0.00002230,31.5244,678.7863,383.6829
7387,172,19,0.1000,0.00002230,26.5638,676.0914,327.0791
7388,102,15,0.1000,0.00002229,35.1439,673.3160,266.6776
7389,126,17,0.1000,0.00002229,29.3209,668.3120,250.4283
7390,71,13,0.1000,0.00002229,36.3117,671.0628,298.1996
7391,50,10,0.1000,0.00002228,30.5352,663.7460,369.9558
7392,478,35,0.1000,0.00002228,33.8928,683.5372,385.9593
7393,278,24,0.1000,0.00002228,30.7724,677.7969,346.2570
7394,225,20,0.1000,0.00002227,21.7025,673.5212,298.1673
7395,128,18,0.1000,0.00002227,26.4838,671.7418,424.1643
7396,82,13,0.1000,0.00002227,27.0607,661.9302,354.5271
7397,319,26,0.1000,0.00002226,28.0903,669.5304,274.8768
7398,128,18,0.1000,0.00002226,26.7934,682.5766,261.3438
7399,76,11,0.1000,0.00002225,26.8795,665.6145,511.8995
7400,137,18,0.1000,0.00002225,32.7597,675.9500,336.4961
7401,69,13,0.1000,0.00002225,30.8282,671.3854,256.6497
7402,88,15,0.1000,0.00002224,26.2176,674.2716,207.2616
7403,143,19,0.1000,0.00002224,33.7309,675.2241,306.7367
7404,37,9,0.1000,0.00002223,19.9218,668.5164,172.7231
7405,56,12,0.1000,0.00002223,32.5723,667.7739,375.9045
7406,48,10,0.1000,0.00002223,25.1216,662.8779,325.5937
7407,77,12,0.1000,0.00002222,25.6117,668.3875,292.2269
7408,144,20,0.1000,0.00002222,22.7547,673.2150,414.4620
7409,224,18,0.1000,0.00002222,30.7995,675.4247,245.3353
7410,717,52,0.1000,0.00002221,31.4330,676.8550,330.2306
7411,223,22,0.1000,0.00002221,23.1488,671.2263,306.7430
7412,192,21,0.1000,0.00002220,22.0300,692.3474,352.2596
7413,214,26,0.1000,0.00002220,38.1559,675.0597,234.0999
7414,96,15,0.1000,0.00002220,32.7137,667.8586,355.0483
7415,292,19,0.1000,0.00002219,28.6804,678.2098,334.6635
7416,53,12,0.1000,0.00002219,33.2475,683.0463,223.2474
7417,166,21,0.1000,0.00002219,28.5120,678.5544,292.2606
7418,370,22,0.1000,0.00002218,31.2058,674.5079,369.1433
7419,60,12,0.1000,0.00002218,29.2935,671.7118,341.6837
7420,38,10,0.1000,0.00002218,26.4630,672.2267,417.0500
7421,697,37,0.1000,0.00002217,27.9243,681.9402,422.2071
7422,142,17,0.1000,0.00002217,30.4266,678.0606,309.0632
7423,132,18,0.1000,0.00002216,30.4010,678.0388,281.8401
7424,103,16,0.1000,0.00002216,23.7391,676.9065,314.7183
7425,176,20,0.1000,0.00002216,22.2571,684.5095,276.8869
7426,38,9,0.1000,0.00002215,26.7124,667.6607,288.8130
7427,364,23,0.1000,0.00002215,38.0376,686.8572,244.2570
7428,97,15,0.1000,0.00002215,34.0762,674.5668,336.5683
7429,55,10,0.1000,0.00002214,34.7842,659.4296,476.6380
7430,226,17,0.1000,0.00002214,25.3753,672.8324,236.7737
7431,39,11,0.1000,0.00002213,25.5150,669.9159,331.2646
7432,41,11,0.1000,0.00002213,31.9359,674.4315,390.9592
7433,99,15,0.1000,0.00002213,34.8756,666.2265,409.7754
7434,57,10,0.1000,0.00002212,20.6505,661.6699,288.8867
7435,232,21,0.1000,0.00002212,33.0565,687.5715,396.7560
7436,172,18,0.1000,0.00002212,26.3501,681.9831,245.5490
7437,54,10,0.1000,0.00002211,28.6914,651.9225,357.3191
7438,59,12,0.1000,0.00002211,38.6068,678.6013,367.8249
7439,39,9,0.1000,0.00002210,23.9598,671.7155,305.5234
7440,49,9,0.1000,0.00002210,21.3677,670.6907,233.0753
7441,52,10,0.1000,0.00002210,40.3200,672.1926,258.6776
7442,45,11,0.1000,0.00002209,35.9888,675.1376,311.1978
7443,60,13,0.1000,0.00002209,24.6078,666.1903,341.8356
7444,124,21,0.1000,0.00002209,28.9278,677.9317,493.4176
7445,220,15,0.1000,0.00002208,20.4060,685.9754,476.6130
7446,130,19,0.1000,0.00002208,35.4913,677.1547,627.2864
7447,190,19,0.1000,0.00002207,26.2011,680.3694,310.9917
7448,124,15,0.1000,0.00002207,35.3751,677.6408,325.4597
7449,158,13,0.1000,0.00002207,23.5216,681.1848,303.3002
7450,495,31,0.1000,0.00002206,32.1964,682.1489,315.2011
7451,138,19,0.1000,0.00002206,28.8108,681.8204,322.4273
7452,295,20,0.1000,0.00002206,31.4671,669.9482,537.6511
7453,121,14,0.1000,0.00002205,32.2146,678.5046,306.0084
7454,121,17,0.1000,0.00002205,34.0076,683.5856,264.0858
7455,76,14,0.1000,0.00002204,25.4729,672.4732,277.7297
7456,280,23,0.1000,0.00002204,29.7464,678.2088,337.6825
7457,36,9,0.1000,0.00002204,29.2277,668.8231,366.9846
7458,54,11,0.1000,0.00002203,32.3853,677.8996,229.8338
7459,51,11,0.1000,0.00002203,27.1563,669.3574,309.4926
7460,275,20,0.1000,0.00002203,27.5219,682.8179,344.3071
7461,36,9,0.1000,0.00002202,41.1612,667.0939,166.0451
7462,606,40,0.1000,0.00002202,34.9491,681.0899,278.8515
7463,27,7,0.1000,0.00002201,48.7525,666.6051,387.4666
7464,265,30,0.1000,0.00002201,37.5406,679.0709,315.3371
7465,52,11,0.1000,0.00002201,29.5639,671.3207,270.4124
7466,419,31,0.1000,0.00002200,24.7453,677.8495,274.6086
7467,86,13,0.1000,0.00002200,28.6578,676.5749,357.9088
7468,100,13,0.1000,0.00002200,24.7592,676.9876,198.9670
7469,138,21,0.1000,0.00002199,25.5565,677.1175,278.9588
7470,55,13,0.1000,0.00002199,27.1864,667.0217,255.7716
7471,113,16,0.1000,0.00002198,25.7651,680.2214,376.8694
7472,119,15,0.1000,0.00002198,32.9410,674.0963,295.8564
7473,35,9,0.1000,0.00002198,38.9356,674.0282,313.2943
7474,83,12,0.1000,0.00002197,24.7487,671.8419,287.2381
7475,54,10,0.1000,0.00002197,32.9028,681.6063,294.4170
7476,76,10,0.1000,0.00002197,39.1719,680.7737,299.9411
7477,95,14,0.1000,0.00002196,19.9258,674.0514,347.7046
7478,922,36,0.1000,0.00002196,30.1824,704.4572,322.4086
7479,154,20,0.1000,0.00002195,25.4179,676.9396,386.3236
7480,426,31,0.1000,0.00002195,30.8245,690.4419,379.5961
7481,32,8,0.1000,0.00002195,34.5771,664.1563,285.8412
7482,55,12,0.1000,0.00002194,32.9878,675.4005,247.2287
7483,111,12,0.1000,0.00002194,34.7335,668.1177,297.7825
7484,84,14,0.1000,0.00002193,35.8431,659.1833,280.2915
7485,61,13,0.1000,0.00002193,34.4053,678.9359,358.5052
7486,85,13,0.1000,0.00002193,35.5098,684.3103,275.7842
7487,115,12,0.1000,0.00002192,31.8215,678.5834,413.6389
7488,397,32,0.1000,0.00002192,26.7038,682.2085,310.3740
7489,61,13,0.1000,0.00002192,25.9061,667.9646,364.1180
7490,119,18,0.1000,0.00002191,39.8561,686.7968,326.9230
7491,301,22,0.1000,0.00002191,36.4120,678.9645,392.3679
7492,244,21,0.1000,0.00002191,27.3262,671.4280,402.2299
7493,358,25,0.1000,0.00002190,29.4052,679.7090,396.4410
7494,469,29,0.1000,0.00002190,32.6310,677.8172,355.9165
7495,179,20,0.1000,0.00002189,23.9578,681.2370,276.0790
7496,75,11,0.1000,0.00002189,25.1997,664.4276,287.7145
7497,609,39,0.1000,0.00002189,29.9502,684.4839,458.7669
7498,73,14,0.1000,0.00002188,24.6651,675.8741,412.2105
7499,121,15,0.1000,0.00002188,25.9572,680.7544,211.3723
7500,60,13,0.1000,0.00002187,37.6229,676.4546,374.2903
7501,163,17,0.1000,0.00002187,22.7033,679.8589,296.9486
7502,172,17,0.1000,0.00002187,32.0851,683.1526,306.0762
7503,574,33,0.1000,0.00002186,32.5682,698.5800,306.2571
7504,36,8,0.1000,0.00002186,23.6970,677.8143,241.5010
7505,332,27,0.1000,0.00002186,33.7126,677.8577,326.4204
7506,214,19,0.1000,0.00002185,33.5047,683.9017,376.7001
7507,166,17,0.1000,0.00002185,29.1268,684.8951,255.1267
7508,469,29,0.1000,0.00002184,30.5301,696.8794,393.2330
7509,171,16,0.1000,0.00002184,30.8950,683.9519,378.1260
7510,166,14,0.1000,0.00002184,26.7891,687.2030,327.5521
7511,156,19,0.1000,0.00002183,34.5638,684.2943,282.8730
7512,45,11,0.1000,0.00002183,22.1917,668.0148,286.0490
7513,172,21,0.1000,0.00002183,34.6548,682.5685,199.3463
7514,41,10,0.1000,0.00002182,29.6418,675.0375,382.0627
7515,106,16,0.1000,0.00002182,37.7796,689.6654,229.0942
7516,56,12,0.1000,0.00002182,38.4811,676.5724,318.0608
7517,42,11,0.1000,0.00002181,32.4808,677.4614,345.1387
7518,51,11,0.1000,0.00002181,25.0574,661.6848,261.9770
7519,259,22,0.1000,0.00002180,31.7397,682.9626,279.6165
7520,217,21,0.1000,0.00002180,33.2404,685.5038,423.3463
7521,216,17,0.1000,0.00002180,25.9240,679.3633,241.2822
7522,48,12,0.1000,0.00002179,30.9792,675.6032,355.0731
7523,59,12,0.1000,0.00002179,32.0372,670.9590,459.8073
7524,84,18,0.1000,0.00002178,30.8878,682.6695,414.3250
7525,55,10,0.1000,0.00002178,27.8233,671.5996,321.7788
7526,47,8,0.1000,0.00002178,23.2464,668.7097,384.6423
7527,245,23,0.1000,0.00002177,30.1017,679.3307,368.9479
7528,173,19,0.1000,0.00002177,37.7579,690.8280,269.1047
7529,81,13,0.1000,0.00002177,40.0553,683.4836,427.9119
7530,74,14,0.1000,0.00002176,32.1992,675.0254,391.2608
7531,28,7,0.1000,0.00002176,22.7238,667.3634,358.0709
7532,106,18,0.1000,0.00002175,28.2780,687.6189,302.0734
7533,159,17,0.1000,0.00002175,29.4027,689.6672,327.0692
7534,1038,57,0.1000,0.00002175,29.5530,692.8485,362.7937
7535,167,18,0.1000,0.00002174,31.5758,677.2112,327.0897
7536,135,15,0.1000,0.00002174,25.4639,678.8913,239.6058
7537,37,8,0.1000,0.00002174,29.7488,676.5913,235.3663
7538,55,11,0.1000,0.00002173,34.8709,672.1098,272.4346
7539,61,13,0.1000,0.00002173,34.1621,672.1344,267.0814
7540,169,18,0.1000,0.00002173,25.8897,673.2112,270.6768
7541,365,23,0.1000,0.00002172,23.9259,684.9967,356.6329
7542,79,12,0.1000,0.00002172,25.2647,677.0344,291.6142
7543,200,18,0.1000,0.00002171,31.5003,685.4464,315.0273
7544,88,13,0.1000,0.00002171,40.2617,673.5444,493.2879
7545,244,22,0.1000,0.00002171,28.8976,667.2861,408.0742
7546,41,11,0.1000,0.00002170,23.6396,672.7294,509.1812
7547,57,10,0.1000,0.00002170,24.6784,678.6846,234.8536
7548,468,34,0.1000,0.00002170,35.3221,676.7445,329.0284
7549,165,16,0.1000,0.00002169,30.3553,683.6283,325.4556
7550,40,10,0.1000,0.00002169,30.4875,677.4783,302.1518
7551,205,18,0.1000,0.00002168,37.5024,678.5636,436.4241
7552,241,24,0.1000,0.00002168,28.8084,689.0511,442.7052
7553,71,12,0.1000,0.00002168,36.1110,672.5568,293.8824
7554,31,8,0.1000,0.00002167,42.5551,672.7602,175.7573
7555,78,11,0.1000,0.00002167,31.5932,681.3582,235.0185
7556,157,18,0.1000,0.00002167,30.3408,681.8287,292.2883
7557,76,11,0.1000,0.00002166,26.6961,674.2180,289.7600
7558,90,15,0.1000,0.00002166,23.6209,686.8110,303.8160
7559,223,17,0.1000,0.00002165,28.5863,684.2452,260.4681
7560,233,20,0.1000,0.00002165,37.6568,686.7980,348.1350
7561,38,8,0.1000,0.00002165,23.8881,674.4642,243.4777
7562,182,17,0.1000,0.00002164,35.1717,694.6912,285.8365
7563,118,16,0.1000,0.00002164,33.1627,682.2260,264.1304
7564,78,13,0.1000,0.00002164,40.1768,673.8669,318.8271
7565,79,14,0.1000,0.00002163,28.0497,675.0229,191.1023
7566,21,5,0.1000,0.00002163,24.1139,665.2070,298.7638
7567,123,17,0.1000,0.00002162,30.2479,674.4621,381.5068
7568,187,18,0.1000,0.00002162,31.9583,687.7547,511.0567
7569,171,19,0.1000,0.00002162,32.1911,686.3279,242.8184
7570,41,10,0.1000,0.00002161,28.8822,672.3293,323.4025
7571,298,22,0.1000,0.00002161,30.5705,691.9279,273.7121
7572,259,23,0.1000,0.00002161,35.5259,686.8801,360.6280
7573,79,12,0.1000,0.00002160,47.4861,690.2505,510.9857
7574,101,16,0.1000,0.00002160,28.4022,679.9739,293.0961
7575,210,17,0.1000,0.00002159,27.9676,680.7254,282.0279
7576,153,15,0.1000,0.00002159,22.9191,681.2338,205.9487
7577,84,14,0.1000,0.00002159,28.8026,678.7520,282.1107
7578,40,10,0.1000,0.00002158,25.9295,680.4667,247.6137
7579,211,23,0.1000,0.00002158,29.1322,684.7122,421.3719
7580,51,9,0.1000,0.00002157,35.3503,683.1322,239.6335
7581,125,16,0.1000,0.00002157,27.3584,668.2660,415.6721
7582,55,11,0.1000,0.00002157,21.1703,670.7561,427.8064
7583,394,25,0.1000,0.00002156,32.7152,687.0384,353.9201
7584,378,23,0.1000,0.00002156,20.5998,684.9691,444.1500
7585,92,14,0.1000,0.00002156,29.2662,692.0609,276.4410
7586,213,21,0.1000,0.00002155,31.1018,693.4511,415.9719
7587,135,19,0.1000,0.00002155,31.8032,685.2028,370.9547
7588,60,11,0.1000,0.00002155,41.8515,669.9521,309.2276
7589,126,17,0.1000,0.00002154,25.4651,687.8471,285.5071
7590,297,23,0.1000,0.00002154,26.6417,698.0996,435.9152
7591,56,11,0.1000,0.00002153,21.2084,681.1303,222.7835
7592,144,19,0.1000,0.00002153,38.2960,683.9194,265.2934
7593,302,25,0.1000,0.00002153,25.8328,685.0487,334.5677
7594,361,20,0.1000,0.00002152,30.7336,700.3997,352.5447
7595,50,11,0.1000,0.00002152,27.4582,680.8209,252.7226
7596,397,26,0.1000,0.00002151,25.0695,694.7417,279.1339
7597,70,9,0.1000,0.00002151,24.5384,666.6629,302.5396
7598,59,12,0.1000,0.00002151,19.8157,690.0439,325.7743
7599,480,33,0.1000,0.00002150,29.3982,690.9877,298.6712
7600,60,11,0.1000,0.00002150,21.6698,685.6714,403.2454
7601,888,42,0.1000,0.00002150,28.5179,691.9696,303.6763
7602,181,24,0.1000,0.00002149,31.3021,685.8321,457.4301
7603,107,15,0.1000,0.00002149,13.8447,691.0175,364.0560
7604,181,20,0.1000,0.00002148,30.4566,684.2423,301.4374
7605,102,14,0.1000,0.00002148,32.2957,676.1620,273.1016
7606,78,16,0.1000,0.00002148,39.0991,684.3216,389.1796
7607,239,20,0.1000,0.00002147,29.4871,684.1991,309.9925
7608,367,21,0.1000,0.00002147,29.4929,694.5250,327.9428
7609,38,9,0.1000,0.00002147,24.2737,678.6967,303.7636
7610,79,11,0.1000,0.00002146,25.8736,697.5368,353.6366
7611,61,13,0.1000,0.00002146,27.7120,686.1379,287.6827
7612,227,20,0.1000,0.00002146,26.6995,691.0814,314.3433
7613,234,21,0.1000,0.00002145,28.4276,688.5802,323.0591
7614,38,9,0.1000,0.00002145,26.7427,681.4334,374.3043
7615,54,11,0.1000,0.00002144,22.7665,680.6557,407.8368
7616,127,18,0.1000,0.00002144,29.6613,699.8640,306.5100
7617,198,14,0.1000,0.00002144,25.8402,685.0932,324.6317
7618,155,16,0.1000,0.00002143,27.9784,682.5550,198.8809
7619,40,9,0.1000,0.00002143,22.7764,680.0039,388.4337
7620,41,10,0.1000,0.00002142,40.6808,680.2776,263.4183
7621,101,14,0.1000,0.00002142,30.2162,676.5722,243.2058
7622,83,14,0.1000,0.00002142,34.6788,684.2422,378.7853
7623,357,29,0.1000,0.00002141,28.9075,698.4033,322.0786
7624,188,19,0.1000,0.00002141,22.4159,696.7474,364.7258
7625,52,8,0.1000,0.00002141,37.4848,674.6528,295.0447
7626,101,14,0.1000,0.00002140,26.1476,683.2257,233.4947
7627,244,24,0.1000,0.00002140,24.0346,687.9027,338.5616
7628,101,15,0.1000,0.00002139,35.3049,689.9446,373.2778
7629,152,18,0.1000,0.00002139,30.4964,681.8499,276.1933
7630,287,20,0.1000,0.00002139,29.3132,692.8735,224.9062
7631,49,11,0.1000,0.00002138,20.6144,682.2999,287.6519
7632,108,13,0.1000,0.00002138,36.5371,681.9953,288.7532
7633,287,19,0.1000,0.00002138,24.9482,684.4281,438.0446
7634,40,10,0.1000,0.00002137,41.2754,683.6464,519.1866
7635,166,19,0.1000,0.00002137,26.4625,695.9127,223.0272
7636,171,17,0.1000,0.00002137,31.1296,676.6087,302.4194
7637,172,15,0.1000,0.00002136,28.5300,693.7333,284.0696
7638,187,19,0.1000,0.00002136,25.3343,689.9937,244.5517
7639,39,10,0.1000,0.00002135,29.4740,674.3495,288.9984
7640,80,12,0.1000,0.00002135,30.4922,687.5058,255.8523
7641,170,18,0.1000,0.00002135,23.8474,689.5397,312.2197
7642,121,14,0.1000,0.00002134,27.4379,688.0062,491.5884
7643,169,18,0.1000,0.00002134,35.5543,690.4710,238.1659
7644,75,11,0.1000,0.00002134,31.2709,691.7698,347.0092
7645,41,8,0.1000,0.00002133,31.8715,679.9483,441.6997
7646,241,22,0.1000,0.00002133,30.3831,702.4464,370.5918
7647,164,19,0.1000,0.00002132,30.6294,701.1912,337.3313
7648,102,16,0.1000,0.00002132,32.7857,693.0919,254.4980
7649,50,10,0.1000,0.00002132,34.2115,683.9600,325.9842
7650,85,14,0.1000,0.00002131,32.8205,693.8132,399.6156
7651,58,11,0.1000,0.00002131,30.8439,690.1603,563.3389
7652,356,29,0.1000,0.00002130,32.0058,700.9780,399.6161
7653,69,12,0.1000,0.00002130,36.7592,688.1395,400.9224
7654,645,37,0.1000,0.00002130,32.8185,703.4132,283.9242
7655,166,18,0.1000,0.00002129,28.9666,688.0649,279.7209
7656,57,13,0.1000,0.00002129,30.6145,696.5704,269.9279
7657,362,21,0.1000,0.00002129,26.8852,703.1846,250.0733
7658,38,8,0.1000,0.00002128,30.1439,682.5567,195.8564
7659,447,36,0.1000,0.00002128,34.6678,687.2242,325.4404
7660,138,16,0.1000,0.00002128,32.6708,692.5311,283.5267
7661,197,21,0.1000,0.00002127,29.6192,681.7049,317.7323
7662,531,31,0.1000,0.00002127,31.5244,697.0674,316.5581
7663,30,8,0.1000,0.00002126,32.6949,684.3446,404.4598
7664,80,16,0.1000,0.00002126,34.0182,694.8112,311.2295
7665,173,19,0.1000,0.00002126,18.8839,685.6567,269.8672
7666,291,19,0.1000,0.00002125,31.7151,694.4107,322.4146
7667,74,11,0.1000,0.00002125,41.2693,681.4166,223.2818
7668,1039,36,0.1000,0.00002125,29.9126,706.0741,362.0048
7669,75,15,0.1000,0.00002124,20.0980,697.4722,448.7352
7670,102,18,0.1000,0.00002124,22.2311,695.4806,260.1257
7671,118,13,0.1000,0.00002123,37.7472,688.6158,286.9925
7672,57,12,0.1000,0.00002123,24.4407,684.0705,405.8115
7673,57,17,0.1000,0.00002123,34.8667,690.6952,429.8558
7674,166,16,0.1000,0.00002122,35.9989,689.9999,259.5734
7675,37,8,0.1000,0.00002122,23.8233,670.2921,344.8206
7676,43,10,0.1000,0.00002121,34.4886,684.8664,402.1658
7677,1404,53,0.1000,0.00002121,28.2280,708.2299,431.4138
7678,35,10,0.1000,0.00002121,23.7092,680.8106,470.7957
7679,213,17,0.1000,0.00002120,27.4707,681.9435,375.3737
7680,88,16,0.1000,0.00002120,28.3213,698.0882,351.1850
7681,280,22,0.1000,0.00002120,24.1025,684.8208,283.4785
7682,289,22,0.1000,0.00002119,33.6888,689.7173,380.9692
7683,191,23,0.1000,0.00002119,26.5844,699.8179,448.5546
7684,115,13,0.1000,0.00002119,29.5644,688.4820,269.2610
7685,248,23,0.1000,0.00002118,27.7767,695.8277,443.3689
7686,693,38,0.1000,0.00002118,34.9946,697.3706,290.0104
7687,78,12,0.1000,0.00002117,39.4552,693.3696,332.2957
7688,228,19,0.1000,0.00002117,29.0449,698.3638,493.0176
7689,188,21,0.1000,0.00002117,28.2867,686.5498,213.2066
7690,84,13,0.1000,0.00002116,22.6438,687.7431,380.4365
7691,104,17,0.1000,0.00002116,30.9609,694.4023,374.9547
7692,303,30,0.1000,0.00002115,25.3790,702.9820,266.3363
7693,80,12,0.1000,0.00002115,36.1642,679.5463,261.6754
7694,65,13,0.1000,0.00002115,24.7750,692.0618,359.8508
7695,111,12,0.1000,0.00002114,32.4832,685.9258,453.8399
7696,148,14,0.1000,0.00002114,34.0056,700.3100,284.8483
7697,228,19,0.1000,0.00002114,36.2282,689.1253,259.8482
7698,161,19,0.1000,0.00002113,27.0449,695.6034,441.1129
7699,176,20,0.1000,0.00002113,34.4553,701.4638,257.6433
7700,112,16,0.1000,0.00002112,23.7130,699.9965,290.3353
7701,167,16,0.1000,0.00002112,33.1568,691.6656,240.6736
7702,72,14,0.1000,0.00002112,37.7296,694.6282,263.4936
7703,103,15,0.1000,0.00002111,32.6053,700.7958,283.6594
7704,239,22,0.1000,0.00002111,30.8121,711.4330,333.8675
7705,44,7,0.1000,0.00002111,26.1668,692.0828,176.8405
7706,355,31,0.1000,0.00002110,27.8608,694.4650,292.9464
7707,123,15,0.1000,0.00002110,36.6807,699.3132,322.8433
7708,232,22,0.1000,0.00002110,30.6732,704.5245,369.2054
7709,722,36,0.1000,0.00002109,26.7732,700.1869,333.0691
7710,141,18,0.1000,0.00002109,32.1285,697.6326,315.4385
7711,55,11,0.1000,0.00002108,20.7796,678.1219,322.5613
7712,100,16,0.1000,0.00002108,35.5610,680.5663,219.8564
7713,101,15,0.1000,0.00002108,33.3065,686.1986,328.8127
7714,96,14,0.1000,0.00002107,25.7152,692.5767,467.8071
7715,351,26,0.1000,0.00002107,24.0362,701.0406,315.4601
7716,64,13,0.1000,0.00002106,24.4018,692.2853,432.4538
7717,123,17,0.1000,0.00002106,42.3193,696.9635,233.0716
7718,996,59,0.1000,0.00002106,24.8941,702.7279,262.0453
7719,37,9,0.1000,0.00002105,20.9977,682.9631,335.6748
7720,125,15,0.1000,0.00002105,26.7117,694.1995,405.4063
7721,301,23,0.1000,0.00002105,28.7631,700.7020,365.7108
7722,333,25,0.1000,0.00002104,36.2745,699.7167,383.2891
7723,113,13,0.1000,0.00002104,26.9020,697.5457,255.2031
7724,751,36,0.1000,0.00002103,29.9707,720.3948,269.3041
7725,173,18,0.1000,0.00002103,33.1752,699.4944,401.1242
7726,44,11,0.1000,0.00002103,26.6899,696.8558,287.9563
7727,293,23,0.1000,0.00002102,30.9890,702.7380,273.3775
7728,153,20,0.1000,0.00002102,29.4751,702.4669,244.3372
7729,474,30,0.1000,0.00002102,28.2257,701.1380,374.7443
7730,60,13,0.1000,0.00002101,24.7615,691.0004,370.5157
7731,48,9,0.1000,0.00002101,17.6901,685.3500,296.8320
7732,393,29,0.1000,0.00002101,36.1954,700.1778,272.8775
7733,46,8,0.1000,0.00002100,32.7458,697.5097,297.5343
7734,171,18,0.1000,0.00002100,37.6933,697.3962,281.9031
7735,616,40,0.1000,0.00002099,32.2471,707.0157,320.0139
7736,100,15,0.1000,0.00002099,33.8623,700.5089,279.0251
7737,26,7,0.1000,0.00002099,34.9382,679.5943,293.6037
7738,87,15,0.1000,0.00002098,28.7087,704.5560,217.3229
7739,53,11,0.1000,0.00002098,41.5593,687.2146,342.2365
7740,83,13,0.1000,0.00002097,23.4762,689.5027,362.7230
7741,44,12,0.1000,0.00002097,29.8233,698.8579,353.9958
7742,361,27,0.1000,0.00002097,28.2746,690.2901,405.9387
7743,79,13,0.1000,0.00002096,22.4296,693.3277,265.5997
7744,169,19,0.1000,0.00002096,27.7641,696.9237,262.1378
7745,53,8,0.1000,0.00002096,38.5295,697.8596,266.8190
7746,269,21,0.1000,0.00002095,30.3354,707.4489,374.6120
7747,465,25,0.1000,0.00002095,25.5395,710.3337,400.8157
7748,264,24,0.1000,0.00002094,28.4452,698.5809,252.4297
7749,621,41,0.1000,0.00002094,31.3453,701.6666,356.1611
7750,239,20,0.1000,0.00002094,39.5066,695.3198,276.3597
7751,230,20,0.1000,0.00002093,34.3665,703.0170,371.9425
7752,576,31,0.1000,0.00002093,27.7977,708.9574,415.4255
7753,56,10,0.1000,0.00002093,30.0074,692.2458,258.5559
7754,74,13,0.1000,0.00002092,30.7535,700.0409,364.0639
7755,219,20,0.1000,0.00002092,36.5696,708.7671,235.4625
7756,66,12,0.1000,0.00002092,33.9796,697.1187,357.6659
7757,100,15,0.1000,0.00002091,31.7605,690.0583,302.9866
7758,97,13,0.1000,0.00002091,25.2492,705.6518,295.5376
7759,160,14,0.1000,0.00002090,39.0393,700.9316,240.1070
7760,173,20,0.1000,0.00002090,23.3271,695.8494,235.6368
7761,108,16,0.1000,0.00002090,26.0376,704.0685,262.4103
7762,56,12,0.1000,0.00002089,31.6773,697.1807,438.8107
7763,82,13,0.1000,0.00002089,24.1995,698.5135,466.1992
7764,96,15,0.1000,0.00002089,26.8659,694.6542,335.6277
7765,369,27,0.1000,0.00002088,25.3663,698.3019,349.8189
7766,92,16,0.1000,0.00002088,34.4608,704.7466,298.1877
7767,86,16,0.1000,0.00002087,23.1258,693.4220,440.3226
7768,332,25,0.1000,0.00002087,34.4244,690.5078,493.3442
7769,73,10,0.1000,0.00002087,23.5994,687.5437,365.5202
7770,104,15,0.1000,0.00002086,27.9466,700.0106,230.3521
7771,57,14,0.1000,0.00002086,43.1445,689.1013,367.1737
7772,291,24,0.1000,0.00002086,27.2812,703.1946,380.3703
7773,86,14,0.1000,0.00002085,40.0892,697.6892,493.2565
7774,63,15,0.1000,0.00002085,34.6951,687.8287,400.2126
7775,508,37,0.1000,0.00002084,32.1356,698.5515,329.6088
7776,164,18,0.1000,0.00002084,34.5935,691.5595,303.7529
7777,96,16,0.1000,0.00002084,24.8379,685.8452,311.0223
7778,55,11,0.1000,0.00002083,30.8704,703.6233,223.2133
7779,247,20,0.1000,0.00002083,32.4352,700.4571,317.3456
7780,39,10,0.1000,0.00002083,29.4621,689.3162,236.5739
7781,230,20,0.1000,0.00002082,26.1231,694.3444,437.4696
7782,42,12,0.1000,0.00002082,36.7238,694.9849,470.0175
7783,129,17,0.1000,0.00002081,26.3008,694.5340,430.3149
7784,300,29,0.1000,0.00002081,27.3310,710.4725,528.0342
7785,45,9,0.1000,0.00002081,39.1299,706.6340,321.9715
7786,121,18,0.1000,0.00002080,27.3900,700.9008,377.0320
7787,75,9,0.1000,0.00002080,27.8231,686.8214,476.0845
7788,243,21,0.1000,0.00002079,33.9165,706.8452,267.2406
7789,40,10,0.1000,0.00002079,31.1119,693.1577,429.3669
7790,214,20,0.1000,0.00002079,36.5549,708.4933,470.2442
7791,174,17,0.1000,0.00002078,44.4856,700.6969,472.7316
7792,29,7,0.1000,0.00002078,32.5828,687.1192,352.4183
7793,49,10,0.1000,0.00002078,25.8718,690.3887,515.9386
7794,75,16,0.1000,0.00002077,37.3705,698.9716,520.9566
7795,241,18,0.1000,0.00002077,30.1260,711.1580,530.4867
7796,126,17,0.1000,0.00002077,17.6573,695.8805,462.8466
7797,136,16,0.1000,0.00002076,27.9505,703.3687,337.0062
7798,101,15,0.1000,0.00002076,37.5837,698.6890,316.7603
7799,71,11,0.1000,0.00002075,34.0188,692.9716,341.4482
7800,141,18,0.1000,0.00002075,32.4943,708.4708,312.0362
7801,700,31,0.1000,0.00002075,28.8765,704.5344,429.8325
7802,158,21,0.1000,0.00002074,31.0948,698.3948,306.2787
7803,254,23,0.1000,0.00002074,25.8538,703.5576,219.8092
7804,172,18,0.1000,0.00002074,26.4252,694.6047,290.4962
7805,31,8,0.1000,0.00002073,35.0734,683.4761,338.3643
7806,125,15,0.1000,0.00002073,46.7815,701.7832,367.9508
7807,80,16,0.1000,0.00002072,22.9817,693.7753,271.2018
7808,161,14,0.1000,0.00002072,38.5134,697.3181,281.8957
7809,80,12,0.1000,0.00002072,35.6017,702.8773,347.2001
7810,101,15,0.1000,0.00002071,33.0265,698.2340,327.3014
7811,130,18,0.1000,0.00002071,36.1684,697.9548,366.3557
7812,431,31,0.1000,0.00002070,30.5766,706.4089,310.2447
7813,156,15,0.1000,0.00002070,32.3710,689.6726,408.8661
7814,73,11,0.1000,0.00002070,40.5714,697.5519,270.2411
7815,78,15,0.1000,0.00002069,27.1787,699.6686,295.5446
7816,60,14,0.1000,0.00002069,25.2881,693.2024,274.8281
7817,64,11,0.1000,0.00002069,36.6463,698.6071,522.5157
7818,426,30,0.1000,0.00002068,31.3036,707.1666,261.7979
7819,330,25,0.1000,0.00002068,34.6977,708.2714,316.0949
7820,149,21,0.1000,0.00002068,34.7058,700.0466,280.7166
7821,308,23,0.1000,0.00002067,31.4585,708.6229,297.6581
7822,54,11,0.1000,0.00002067,22.3528,693.2271,272.6976
7823,243,21,0.1000,0.00002066,40.6070,695.7478,337.7994
7824,156,14,0.1000,0.00002066,26.1175,699.1229,369.5529
7825,166,21,0.1000,0.00002066,24.1707,700.7426,323.9355
7826,1275,44,0.1000,0.00002065,34.0698,716.8265,308.3167
7827,173,17,0.1000,0.00002065,35.3005,710.5412,325.2999
7828,262,22,0.1000,0.00002064,29.7757,706.0341,450.7471
7829,53,12,0.1000,0.00002064,20.5663,681.5164,403.1536
7830,555,37,0.1000,0.00002064,31.3350,689.5569,272.4592
7831,101,18,0.1000,0.00002063,34.8002,697.2807,260.3215
7832,23,7,0.1000,0.00002063,27.7789,684.8975,259.0149
7833,166,17,0.1000,0.00002063,24.4348,699.9537,343.1060
7834,227,24,0.1000,0.00002062,27.9922,691.6961,378.6057
7835,832,36,0.1000,0.00002062,22.9074,714.0190,343.4172
7836,82,14,0.1000,0.00002061,46.2246,696.0226,320.0354
7837,59,11,0.1000,0.00002061,23.8721,698.1674,307.4799
7838,358,28,0.1000,0.00002061,25.3231,707.9504,374.6688
7839,51,10,0.1000,0.00002060,26.8799,684.2148,873.3131
7840,127,17,0.1000,0.00002060,29.2159,704.1334,406.4164
7841,224,18,0.1000,0.00002060,29.5942,703.2840,245.7018
7842,85,15,0.1000,0.00002059,34.1932,698.3249,234.9222
7843,39,10,0.1000,0.00002059,34.0029,697.9825,477.4313
7844,48,9,0.1000,0.00002059,20.4311,691.7008,270.5009
7845,220,18,0.1000,0.00002058,27.2876,698.7929,274.4127
7846,160,16,0.1000,0.00002058,29.7607,706.9235,363.0987
7847,100,15,0.1000,0.00002057,36.1972,702.4440,278.9509
7848,95,14,0.1000,0.00002057,26.3918,685.0549,286.4485
7849,175,18,0.1000,0.00002057,33.4477,704.1359,326.8531
7850,192,23,0.1000,0.00002056,32.6236,692.3531,327.9066
7851,71,14,0.1000,0.00002056,44.4589,700.9091,440.3540
7852,110,11,0.1000,0.00002056,29.5466,700.3118,311.8965
7853,586,40,0.1000,0.00002055,30.9070,710.1126,421.6804
7854,64,13,0.1000,0.00002055,24.2505,706.6008,296.4247
7855,333,25,0.1000,0.00002054,34.8449,704.4162,293.0247
7856,120,15,0.1000,0.00002054,27.1411,700.7704,357.5004
7857,377,24,0.1000,0.00002054,34.2339,716.8839,316.6014
7858,132,16,0.1000,0.00002053,30.7713,708.5836,262.4324
7859,394,32,0.1000,0.00002053,28.5235,710.6307,363.1554
7860,41,10,0.1000,0.00002053,29.6700,702.3633,288.0923
7861,57,12,0.1000,0.00002052,30.5118,700.6041,320.5895
7862,212,20,0.1000,0.00002052,29.4859,708.1235,365.3339
7863,176,20,0.1000,0.00002051,32.1356,702.1753,459.0644
7864,129,18,0.1000,0.00002051,24.2677,696.3657,428.4531
7865,50,10,0.1000,0.00002051,27.5660,701.8496,407.8031
7866,36,10,0.1000,0.00002050,25.8410,688.1872,163.5009
7867,35,9,0.1000,0.00002050,19.5142,690.3204,201.5320
7868,215,17,0.1000,0.00002050,31.2747,687.4595,237.1293
7869,183,18,0.1000,0.00002049,29.7366,696.3576,408.0753
7870,42,12,0.1000,0.00002049,26.8211,695.5655,381.1231
7871,44,10,0.1000,0.00002048,27.2059,692.9545,365.5850
7872,38,10,0.1000,0.00002048,18.9925,689.8935,318.6846
7873,124,16,0.1000,0.00002048,29.4141,691.1720,307.8952
7874,40,11,0.1000,0.00002047,39.5428,702.4276,373.2311
7875,123,16,0.1000,0.00002047,28.6087,703.0791,262.9216
7876,60,12,0.1000,0.00002047,33.1754,696.9243,307.8158
7877,585,29,0.1000,0.00002046,29.4026,726.5197,291.9577
7878,129,16,0.1000,0.00002046,29.3164,708.9279,407.1617
7879,139,20,0.1000,0.00002045,30.8012,707.6851,304.7180
7880,281,30,0.1000,0.00002045,34.7351,704.7322,357.3709
7881,161,20,0.1000,0.00002045,37.5649,701.4800,350.1281
7882,456,30,0.1000,0.00002044,32.9120,707.8299,321.9137
7883,289,23,0.1000,0.00002044,44.7914,711.7402,264.8921
7884,118,14,0.1000,0.00002044,35.4728,711.2337,284.2328
7885,315,24,0.1000,0.00002043,24.7605,716.1573,327.9967
7886,310,23,0.1000,0.00002043,30.8246,719.8252,246.4839
7887,125,17,0.1000,0.00002042,22.2861,706.4092,367.2317
7888,253,22,0.1000,0.00002042,27.4890,707.7640,381.5038
7889,267,19,0.1000,0.00002042,29.5491,709.9958,288.2862
7890,39,10,0.1000,0.00002041,40.8274,680.9302,332.9378
7891,547,30,0.1000,0.00002041,20.7267,719.6734,299.0346
7892,159,20,0.1000,0.00002041,21.7348,709.0826,398.8086
7893,50,9,0.1000,0.00002040,24.4808,704.8627,222.0654
7894,469,17,0.1000,0.00002040,28.3919,710.0305,295.4907
7895,74,11,0.1000,0.00002039,34.8406,710.8096,425.2648
7896,88,14,0.1000,0.00002039,29.0409,702.7307,259.6435
7897,123,18,0.1000,0.00002039,32.4497,708.5370,340.4767
7898,225,21,0.1000,0.00002038,30.7476,713.4572,388.1827
7899,185,20,0.1000,0.00002038,33.6967,704.4805,322.1171
7900,36,9,0.1000,0.00002038,27.3989,694.9468,346.0881
7901,693,39,0.1000,0.00002037,29.5926,708.4750,364.5389
7902,84,14,0.1000,0.00002037,38.6787,703.8223,235.5563
7903,67,11,0.1000,0.00002036,38.2041,690.8318,371.9956
7904,45,11,0.1000,0.00002036,22.1280,706.5597,574.3342
7905,235,20,0.1000,0.00002036,21.6289,714.6967,307.7555
7906,115,15,0.1000,0.00002035,33.4759,705.3216,434.1878
7907,120,16,0.1000,0.00002035,34.7733,707.5543,331.0117
7908,76,14,0.1000,0.00002034,15.2698,702.0974,380.3500
7909,198,22,0.1000,0.00002034,34.7972,701.2850,239.6787
7910,53,12,0.1000,0.00002034,29.7636,708.0781,241.6827
7911,35,8,0.1000,0.00002033,29.3357,691.1228,351.2065
7912,187,19,0.1000,0.00002033,28.9245,708.1958,210.4371
7913,452,24,0.1000,0.00002033,32.5900,708.5172,419.5286
7914,507,32,0.1000,0.00002032,32.9829,715.1134,380.9154
7915,147,19,0.1000,0.00002032,25.8364,700.1368,299.8981
7916,175,20,0.1000,0.00002032,30.7855,702.1959,364.7263
7917,1709,34,0.1000,0.00002031,27.1633,768.5457,357.2781
7918,486,29,0.1000,0.00002031,21.6417,700.2737,371.5709
7919,59,12,0.1000,0.00002030,29.8754,695.5276,424.0216
7920,31,8,0.1000,0.00002030,27.5925,699.5697,306.9723
7921,37,10,0.1000,0.00002030,23.0210,706.9207,339.2417
7922,225,19,0.1000,0.00002029,32.8040,703.8947,342.4642
7923,218,24,0.1000,0.00002029,32.4245,707.0102,301.2415
7924,509,33,0.1000,0.00002028,34.1762,708.8222,406.2559
7925,199,21,0.1000,0.00002028,27.4418,710.3875,476.3657
7926,140,21,0.1000,0.00002028,29.2507,703.0831,377.1967
7927,132,15,0.1000,0.00002027,38.0313,705.2310,229.8852
7928,383,24,0.1000,0.00002027,35.8420,716.8933,324.7320
7929,47,9,0.1000,0.00002027,25.2593,697.4519,400.9413
7930,85,15,0.1000,0.00002026,25.3301,712.5684,316.1491
7931,35,9,0.1000,0.00002026,30.7766,697.8394,444.7013
7932,104,15,0.1000,0.00002025,35.4531,708.0468,555.0523
7933,66,13,0.1000,0.00002025,26.0386,706.9266,277.4053
7934,75,13,0.1000,0.00002025,32.0128,707.3325,336.8129
7935,281,24,0.1000,0.00002024,28.8250,724.7512,272.5392
7936,109,12,0.1000,0.00002024,24.0735,696.8751,270.6998
7937,73,14,0.1000,0.00002024,33.4715,698.9421,231.5229
7938,55,12,0.1000,0.00002023,32.5725,706.9466,280.7640
7939,365,28,0.1000,0.00002023,26.3259,714.3995,348.6771
7940,59,12,0.1000,0.00002023,24.8147,709.0501,470.5689
7941,55,12,0.1000,0.00002022,26.7983,695.6460,247.9961
7942,674,31,0.1000,0.00002022,28.6735,728.6214,412.8145
7943,113,15,0.1000,0.00002021,41.3598,706.6368,402.3855
7944,42,12,0.1000,0.00002021,30.2013,712.9582,339.6881
7945,237,19,0.1000,0.00002021,35.2603,709.7387,330.8524
7946,133,15,0.1000,0.00002020,22.4587,708.7054,285.8300
7947,118,16,0.1000,0.00002020,25.2081,706.5046,325.7964
7948,228,19,0.1000,0.00002020,31.1629,710.0375,335.9898
7949,43,11,0.1000,0.00002019,28.3488,704.5810,220.7833
7950,125,16,0.1000,0.00002019,31.4486,708.4005,343.3384
7951,112,12,0.1000,0.00002018,29.6278,701.4786,319.6364
7952,43,8,0.1000,0.00002018,35.7836,697.9071,291.7346
7953,135,17,0.1000,0.00002018,32.5708,704.5647,290.6080
7954,242,21,0.1000,0.00002017,35.0007,719.6298,384.8073
7955,107,13,0.1000,0.00002017,38.5224,707.8080,316.1927
7956,166,17,0.1000,0.00002016,27.0929,710.4123,336.2789
7957,30,9,0.1000,0.00002016,41.0543,687.4403,270.4247
7958,126,14,0.1000,0.00002016,32.0700,708.3302,380.7726
7959,27,7,0.1000,0.00002015,49.1985,686.8290,227.8827
7960,167,20,0.1000,0.00002015,29.1957,702.6245,471.1140
7961,95,14,0.1000,0.00002015,28.7188,698.1363,398.8517
7962,72,11,0.1000,0.00002014,40.3304,709.1029,315.0608
7963,202,22,0.1000,0.00002014,32.2272,707.6717,302.6255
7964,250,22,0.1000,0.00002014,31.4493,707.7545,327.3443
7965,77,11,0.1000,0.00002013,25.4574,698.6941,493.6732
7966,827,27,0.1000,0.00002013,33.0748,729.7790,272.1556
7967,498,29,0.1000,0.00002012,35.2269,717.1732,278.3677
7968,162,15,0.1000,0.00002012,33.0149,705.1361,289.1656
7969,96,13,0.1000,0.00002012,27.9834,697.9295,323.3941
7970,107,12,0.1000,0.00002011,48.0405,706.0307,513.8854
7971,142,19,0.1000,0.00002011,19.8170,702.1849,320.4496
7972,36,9,0.1000,0.00002011,31.0316,697.9934,330.8667
7973,160,17,0.1000,0.00002010,25.9327,702.7574,309.6312
7974,32,6,0.1000,0.00002010,28.4902,683.9889,199.3970
7975,143,20,0.1000,0.00002009,31.2724,716.4331,259.6533
7976,186,19,0.1000,0.00002009,30.0627,710.6663,334.6170
7977,125,16,0.1000,0.00002009,28.0873,701.1246,327.2106
7978,85,14,0.1000,0.00002008,28.0323,707.6227,337.5455
7979,55,10,0.1000,0.00002008,33.4036,688.6606,503.7271
7980,378,25,0.1000,0.00002008,28.0053,709.4915,378.8134
7981,139,20,0.1000,0.00002007,26.0980,717.4709,518.9285
7982,36,9,0.1000,0.00002007,18.5631,697.0956,240.5890
7983,54,11,0.1000,0.00002006,18.5968,701.9047,453.4687
7984,233,26,0.1000,0.00002006,25.5293,723.9366,392.9649
7985,170,20,0.1000,0.00002006,25.7225,713.4138,321.3048
7986,38,10,0.1000,0.00002005,18.7140,714.1256,392.6532
7987,456,27,0.1000,0.00002005,30.7758,705.0613,347.7930
7988,101,17,0.1000,0.00002005,30.2293,706.4165,418.4493
7989,44,12,0.1000,0.00002004,35.6232,708.3012,278.0731
7990,57,13,0.1000,0.00002004,23.6692,707.0112,364.1004
7991,81,16,0.1000,0.00002003,28.6110,702.1471,237.9024
7992,366,23,0.1000,0.00002003,38.6026,719.3476,340.7788
7993,38,10,0.1000,0.00002003,28.3905,710.9041,328.2897
7994,392,26,0.1000,0.00002002,25.8242,721.0510,335.2841
7995,182,18,0.1000,0.00002002,27.9075,703.1420,284.2142
7996,60,13,0.1000,0.00002002,28.8783,720.3493,311.1154
7997,69,14,0.1000,0.00002001,26.9398,702.4813,363.7164
7998,48,8,0.1000,0.00002001,23.6910,684.3751,265.7524
7999,118,15,0.1000,0.00002000,22.4278,708.9504,246.0642
8000,178,17,0.1000,0.00002000,24.9841,710.9829,300.6652
8001,162,18,0.1000,0.00002000,44.1587,703.1772,349.7110
8002,79,11,0.1000,0.00001999,29.9507,699.3862,316.1632
8003,258,23,0.1000,0.00001999,32.0032,714.8143,323.6359
8004,680,41,0.1000,0.00001998,31.2859,714.8662,366.7363
8005,106,17,0.1000,0.00001998,31.2509,714.0317,370.3702
8006,542,40,0.1000,0.00001998,29.5685,716.8457,376.7906
8007,36,10,0.1000,0.00001997,27.4425,699.3980,275.2940
8008,293,20,0.1000,0.00001997,29.7890,710.0901,454.2461
8009,44,10,0.1000,0.00001997,18.9545,709.3271,401.1722
8010,115,14,0.1000,0.00001996,38.2482,714.7703,452.3568
8011,393,26,0.1000,0.00001996,19.9250,725.7218,374.4375
8012,57,12,0.1000,0.00001996,33.8802,705.6953,330.9290
8013,31,8,0.1000,0.00001995,28.9087,695.1165,183.7839
8014,59,12,0.1000,0.00001995,20.8877,718.5975,517.9314
8015,122,15,0.1000,0.00001994,31.3594,722.5594,623.1163
8016,793,35,0.1000,0.00001994,29.5451,727.8204,398.6641
8017,80,13,0.1000,0.00001994,44.3343,713.4693,336.6773
8018,166,18,0.1000,0.00001993,33.4306,708.6765,310.3812
8019,269,24,0.1000,0.00001993,37.9206,704.9661,468.5377
8020,37,8,0.1000,0.00001992,22.1759,706.0902,522.0811
8021,35,8,0.1000,0.00001992,36.3671,711.9225,290.8260
8022,1872,45,0.1000,0.00001992,34.3575,735.4154,293.2214
8023,57,10,0.1000,0.00001991,37.0820,710.1254,429.7023
8024,35,8,0.1000,0.00001991,32.0146,700.1554,198.4859
8025,118,14,0.1000,0.00001991,26.9631,716.6765,386.0017
8026,41,8,0.1000,0.00001990,24.4631,710.5090,331.7250
8027,38,10,0.1000,0.00001990,33.2815,703.2656,439.4415
8028,121,14,0.1000,0.00001989,32.1326,711.3065,310.1929
8029,51,11,0.1000,0.00001989,19.4432,706.6694,203.0183
8030,29,7,0.1000,0.00001989,32.7663,705.0440,237.9932
8031,141,19,0.1000,0.00001988,27.0000,716.7824,311.3641
8032,162,14,0.1000,0.00001988,34.1500,718.8210,357.6957
8033,113,18,0.1000,0.00001988,37.9416,716.5372,302.0508
8034,233,23,0.1000,0.00001987,35.0391,719.2421,329.5637
8035,409,28,0.1000,0.00001987,30.3532,720.2291,409.0482
8036,165,22,0.1000,0.00001987,31.3464,715.9522,312.5173
8037,31,8,0.1000,0.00001986,23.7595,700.5659,363.2258
8038,29,8,0.1000,0.00001986,19.2238,705.3900,490.4682
8039,82,12,0.1000,0.00001985,33.0651,700.0699,487.0496
8040,117,17,0.1000,0.00001985,41.3298,711.7021,393.1819
8041,355,24,0.1000,0.00001985,22.2021,718.7877,451.5871
8042,53,11,0.1000,0.00001984,21.6663,704.0481,353.8650
8043,414,26,0.1000,0.00001984,30.7666,723.3994,357.8290
8044,169,19,0.1000,0.00001983,34.3223,713.5424,225.9715
8045,219,23,0.1000,0.00001983,26.1718,719.8569,254.2217
8046,50,12,0.1000,0.00001983,30.9253,709.1159,601.1182
8047,94,15,0.1000,0.00001982,30.0713,711.7340,264.8629
8048,34,8,0.1000,0.00001982,41.1362,696.0007,303.1531
8049,59,13,0.1000,0.00001982,22.9456,703.6171,264.2520
8050,55,9,0.1000,0.00001981,20.7802,696.2632,308.5803
8051,177,18,0.1000,0.00001981,29.1738,712.3246,359.5869
8052,332,26,0.1000,0.00001980,27.9378,717.1253,411.7769
8053,207,23,0.1000,0.00001980,33.8206,712.2321,334.6079
8054,568,28,0.1000,0.00001980,23.9475,729.0290,282.1249
8055,303,22,0.1000,0.00001979,38.7566,710.6464,349.3308
8056,194,19,0.1000,0.00001979,30.3648,714.4033,233.7947
8057,192,19,0.1000,0.00001979,30.4246,717.2394,395.0563
8058,81,13,0.1000,0.00001978,28.9623,713.8707,317.7880
8059,101,15,0.1000,0.00001978,22.1422,701.9101,346.5718
8060,72,12,0.1000,0.00001978,38.7679,701.7081,202.2083
8061,33,8,0.1000,0.00001977,30.5271,713.3029,303.5210
8062,781,29,0.1000,0.00001977,29.6642,728.0252,354.1500
8063,44,10,0.1000,0.00001976,37.4037,708.4121,444.3274
8064,129,18,0.1000,0.00001976,39.0058,714.5118,328.2372
8065,129,17,0.1000,0.00001976,20.8854,701.9109,379.9636
8066,489,37,0.1000,0.00001975,33.8790,712.6274,346.4665
8067,218,16,0.1000,0.00001975,32.0937,719.3419,348.9186
8068,324,23,0.1000,0.00001975,35.5360,728.5849,423.4019
8069,191,20,0.1000,0.00001974,24.3520,725.2079,204.7522
8070,73,12,0.1000,0.00001974,30.4536,716.0529,338.8753
8071,172,21,0.1000,0.00001973,27.0120,711.2122,310.0265
8072,50,10,0.1000,0.00001973,24.2424,710.9703,308.4119
8073,168,21,0.1000,0.00001973,38.9077,716.3400,310.7433
8074,402,38,0.1000,0.00001972,23.6519,713.9435,370.0556
8075,75,15,0.1000,0.00001972,24.5860,713.5218,385.8522
8076,79,15,0.1000,0.00001972,27.1171,714.3178,286.8590
8077,60,13,0.1000,0.00001971,37.1587,700.7920,260.7786
8078,213,15,0.1000,0.00001971,37.1316,709.9845,316.7215
8079,87,14,0.1000,0.00001970,26.0950,705.7722,245.3482
8080,118,17,0.1000,0.00001970,40.5472,722.6579,255.1473
8081,138,16,0.1000,0.00001970,32.7189,732.0012,305.0383
8082,46,13,0.1000,0.00001969,30.2387,715.4224,265.2020
8083,38,8,0.1000,0.00001969,24.5902,699.9534,341.3037
8084,120,15,0.1000,0.00001969,30.5160,716.7083,330.4130
8085,55,11,0.1000,0.00001968,30.6413,714.9530,359.9192
8086,76,13,0.1000,0.00001968,37.8328,714.1129,354.8074
8087,35,11,0.1000,0.00001967,21.3568,709.8128,301.3272
8088,96,12,0.1000,0.00001967,38.4073,705.3900,207.5187
8089,283,27,0.1000,0.00001967,30.2516,727.4260,366.6268
8090,493,34,0.1000,0.00001966,31.7254,724.9562,307.3777
8091,815,43,0.1000,0.00001966,35.7908,726.1860,339.9114
8092,1050,43,0.1000,0.00001966,29.3454,738.7958,343.3608
8093,63,14,0.1000,0.00001965,32.1713,707.2099,276.8978
8094,198,20,0.1000,0.00001965,30.0145,721.4956,358.5846
8095,122,12,0.1000,0.00001964,34.5594,714.5000,454.8464
8096,222,17,0.1000,0.00001964,27.6434,713.9376,276.9522
8097,120,15,0.1000,0.00001964,29.7778,709.2403,371.4301
8098,120,17,0.1000,0.00001963,17.8116,717.4957,400.2840
8099,58,11,0.1000,0.00001963,38.1736,707.6091,536.7348
8100,140,19,0.1000,0.00001962,21.7199,711.3155,339.0181
8101,34,9,0.1000,0.00001962,25.3600,714.2796,357.4801
8102,35,9,0.1000,0.00001962,23.5653,714.0039,452.8568
8103,82,11,0.1000,0.00001961,32.0964,716.6462,336.4702
8104,189,20,0.1000,0.00001961,35.5387,716.4591,337.0025
8105,286,20,0.1000,0.00001961,24.7644,723.4866,382.3489
8106,56,11,0.1000,0.00001960,32.5578,718.4617,328.8671
8107,172,19,0.1000,0.00001960,31.9731,720.2606,450.2176
8108,98,12,0.1000,0.00001960,45.5624,715.9115,359.8302
8109,513,31,0.1000,0.00001959,31.1445,731.1731,366.8603
8110,224,19,0.1000,0.00001959,22.8784,726.7021,257.8431
8111,86,15,0.1000,0.00001958,26.6827,708.4593,326.0465
8112,141,17,0.1000,0.00001958,28.3536,724.5293,358.8760
8113,77,14,0.1000,0.00001958,28.0991,725.2350,325.4952
8114,228,19,0.1000,0.00001957,38.0238,730.7440,285.9971
8115,68,12,0.1000,0.00001957,36.8894,710.6931,456.9452
8116,82,11,0.1000,0.00001956,36.5851,715.4297,341.4503
8117,255,24,0.1000,0.00001956,29.5560,726.6203,365.3133
8118,57,13,0.1000,0.00001956,27.6834,718.3130,356.1842
8119,141,20,0.1000,0.00001955,39.1288,728.1673,332.3924
8120,53,10,0.1000,0.00001955,18.9206,703.9895,280.5642
8121,76,11,0.1000,0.00001955,45.0541,718.9548,279.9994
8122,869,40,0.1000,0.00001954,28.2069,732.6910,301.4207
8123,167,16,0.1000,0.00001954,24.4600,712.1758,272.5642
8124,134,16,0.1000,0.00001953,22.5614,711.2810,343.2836
8125,36,10,0.1000,0.00001953,18.6216,694.2848,467.0887
8126,122,15,0.1000,0.00001953,23.2675,723.8382,254.8662
8127,35,9,0.1000,0.00001952,28.0079,703.7762,267.4327
8128,138,17,0.1000,0.00001952,27.8779,725.4816,336.0513
8129,383,23,0.1000,0.00001952,29.1295,723.6095,324.5839
8130,342,28,0.1000,0.00001951,28.4884,717.8246,271.5220
8131,184,18,0.1000,0.00001951,29.0989,719.7761,263.3430
8132,296,20,0.1000,0.00001951,24.5790,730.6667,422.1581
8133,31,8,0.1000,0.00001950,44.3221,708.7466,375.3529
8134,441,31,0.1000,0.00001950,30.3467,724.6330,443.6366
8135,160,15,0.1000,0.00001949,41.0699,721.1930,477.1558
8136,184,20,0.1000,0.00001949,28.2980,720.4958,305.6449
8137,193,24,0.1000,0.00001949,24.7250,718.9543,301.2234
8138,80,14,0.1000,0.00001948,39.9598,704.3126,313.0660
8139,68,12,0.1000,0.00001948,21.1793,714.6113,446.3477
8140,202,20,0.1000,0.00001947,22.2503,693.8083,504.2694
8141,684,31,0.1000,0.00001947,33.0447,725.4006,390.0934
8142,181,17,0.1000,0.00001947,31.5137,721.1715,325.0745
8143,221,18,0.1000,0.00001946,34.5886,717.1360,315.1426
8144,88,14,0.1000,0.00001946,31.0660,721.1970,273.9338
8145,28,7,0.1000,0.00001946,30.4629,707.1525,189.6757
8146,39,8,0.1000,0.00001945,36.7483,716.5807,343.8131
8147,80,14,0.1000,0.00001945,28.9133,717.4264,564.8214
8148,184,26,0.1000,0.00001945,19.9627,727.8226,401.9770
8149,55,12,0.1000,0.00001944,29.0363,717.9245,343.6647
8150,84,13,0.1000,0.00001944,37.1923,717.3763,262.8067
8151,50,10,0.1000,0.00001943,31.9660,713.3474,269.8253
8152,625,34,0.1000,0.00001943,32.2406,725.7922,333.3283
8153,37,10,0.1000,0.00001943,23.1506,713.8886,416.0660
8154,84,14,0.1000,0.00001942,28.5444,714.2490,458.3120
8155,216,21,0.1000,0.00001942,26.7027,731.5062,287.2434
8156,69,12,0.1000,0.00001942,23.0622,714.8708,432.2514
8157,81,13,0.1000,0.00001941,31.2859,721.2285,274.8551
8158,81,14,0.1000,0.00001941,25.4431,715.4907,336.8778
8159,85,14,0.1000,0.00001940,37.3711,719.5932,551.5410
8160,127,14,0.1000,0.00001940,40.7771,727.6695,384.3638
8161,163,20,0.1000,0.00001940,24.7166,727.6230,335.6507
8162,39,10,0.1000,0.00001939,38.0689,710.0079,270.5045
8163,32,9,0.1000,0.00001939,37.4766,716.5959,332.0419
8164,55,11,0.1000,0.00001938,21.6450,730.8690,399.9337
8165,112,11,0.1000,0.00001938,30.8629,716.7843,273.8899
8166,114,12,0.1000,0.00001938,31.0013,724.1305,291.7554
8167,232,24,0.1000,0.00001937,31.3451,714.7503,334.0639
8168,347,24,0.1000,0.00001937,32.9719,737.5272,341.6430
8169,1078,42,0.1000,0.00001937,31.0863,743.7636,386.8785
8170,847,46,0.1000,0.00001936,30.0269,736.5777,326.4466
8171,210,16,0.1000,0.00001936,26.5261,728.0649,415.2629
8172,384,29,0.1000,0.00001936,28.5850,719.3629,300.7480
8173,91,13,0.1000,0.00001935,33.3952,724.7287,504.9251
8174,125,17,0.1000,0.00001935,38.7147,721.9418,297.9910
8175,55,11,0.1000,0.00001934,35.5156,724.9280,362.2088
8176,424,31,0.1000,0.00001934,31.7797,728.3056,355.7179
8177,56,11,0.1000,0.00001934,15.6575,714.8426,332.5092
8178,279,25,0.1000,0.00001933,32.1454,726.9211,268.9228
8179,186,17,0.1000,0.00001933,29.4748,729.8400,310.5056
8180,214,25,0.1000,0.00001933,31.0508,721.6519,305.3211
8181,194,22,0.1000,0.00001932,25.9465,722.6005,273.5451
8182,302,22,0.1000,0.00001932,33.6580,726.9855,369.3207
8183,424,33,0.1000,0.00001931,22.5659,737.2883,248.8940
8184,370,23,0.1000,0.00001931,31.4333,748.2245,371.5136
8185,1337,46,0.1000,0.00001931,29.1131,739.1901,337.1629
8186,56,14,0.1000,0.00001930,28.4260,718.5378,263.1803
8187,83,12,0.1000,0.00001930,31.4906,720.5095,298.0223
8188,79,13,0.1000,0.00001929,23.3839,709.3449,362.8706
8189,175,19,0.1000,0.00001929,27.2167,725.0355,326.8029
8190,77,14,0.1000,0.00001929,24.6160,717.2200,316.4071
8191,256,25,0.1000,0.00001928,28.6807,734.8334,341.7343
8192,316,24,0.1000,0.00001928,31.7946,728.0235,352.0482
8193,118,14,0.1000,0.00001928,32.8072,717.2385,327.5604
8194,121,17,0.1000,0.00001927,27.3280,726.7625,312.7868
8195,92,13,0.1000,0.00001927,23.9599,707.0224,373.9347
8196,434,32,0.1000,0.00001926,32.4125,734.3795,328.5419
8197,60,14,0.1000,0.00001926,26.3176,730.6970,508.0983
8198,120,15,0.1000,0.00001926,26.0061,720.4928,485.0652
8199,369,25,0.1000,0.00001925,29.8274,741.2458,325.9232
8200,324,25,0.1000,0.00001925,30.8346,724.9126,330.2393
8201,42,12,0.1000,0.00001925,21.1012,725.8012,245.8590
8202,71,10,0.1000,0.00001924,28.7677,714.6643,386.5595
8203,408,31,0.1000,0.00001924,27.4093,732.0316,345.6404
8204,778,28,0.1000,0.00001924,26.7376,745.3005,455.2508
8205,54,11,0.1000,0.00001923,34.7582,738.1966,301.0034
8206,422,30,0.1000,0.00001923,32.2881,742.5775,321.9222
8207,165,23,0.1000,0.00001922,25.7282,740.2323,353.8416
8208,42,8,0.1000,0.00001922,45.7169,728.7446,222.5513
8209,182,19,0.1000,0.00001922,35.7748,725.8952,278.1335
8210,565,32,0.1000,0.00001921,25.7773,736.2711,309.4136
8211,233,24,0.1000,0.00001921,31.7972,736.5467,419.0602
8212,164,16,0.1000,0.00001920,35.1495,730.6790,305.4485
8213,89,15,0.1000,0.00001920,40.8379,731.9074,397.3449
8214,145,22,0.1000,0.00001920,35.9190,722.1899,403.8360
8215,70,12,0.1000,0.00001919,38.7850,724.6794,359.8017
8216,28,8,0.1000,0.00001919,40.5538,721.9053,518.6324
8217,254,22,0.1000,0.00001919,34.2788,735.0932,281.7108
8218,124,15,0.1000,0.00001918,33.2457,720.7213,290.7518
8219,54,11,0.1000,0.00001918,33.6082,727.6082,309.4603
8220,435,14,0.1000,0.00001917,30.0793,739.2523,234.2154
8221,219,17,0.1000,0.00001917,27.2918,717.3680,358.8567
8222,88,13,0.1000,0.00001917,26.0612,717.7755,577.0724
8223,168,19,0.1000,0.00001916,36.7763,732.6371,232.7460
8224,80,14,0.1000,0.00001916,28.1994,737.6722,295.5960
8225,147,20,0.1000,0.00001916,29.2448,730.1715,278.8624
8226,34,8,0.1000,0.00001915,28.6195,716.9628,422.7742
8227,50,10,0.1000,0.00001915,25.5258,710.1690,340.5883
8228,121,16,0.1000,0.00001915,25.2654,732.4140,331.9032
8229,594,29,0.1000,0.00001914,32.9723,747.8254,312.4920
8230,55,11,0.1000,0.00001914,16.5100,730.0851,476.2183
8231,90,16,0.1000,0.00001913,26.7014,735.3986,337.8251
8232,72,13,0.1000,0.00001913,30.7499,715.9673,313.2115
8233,776,30,0.1000,0.00001913,31.1511,740.5164,363.3550
8234,898,31,0.1000,0.00001912,31.6172,751.8097,323.1383
8235,73,13,0.1000,0.00001912,28.0677,732.5803,251.0341
8236,45,11,0.1000,0.00001912,33.7843,716.0714,496.8863
8237,235,25,0.1000,0.00001911,37.8002,725.7228,368.4132
8238,140,19,0.1000,0.00001911,31.5922,730.4515,537.0656
8239,101,16,0.1000,0.00001910,31.5787,741.7552,338.4853
8240,83,14,0.1000,0.00001910,32.6400,727.2950,267.8761
8241,372,20,0.1000,0.00001910,32.3633,737.9765,342.5965
8242,163,19,0.1000,0.00001909,22.9852,734.7448,390.1539
8243,123,16,0.1000,0.00001909,37.0984,737.8557,275.6004
8244,461,24,0.1000,0.00001908,30.7853,744.0767,342.3792
8245,234,22,0.1000,0.00001908,33.9317,737.4694,334.4203
8246,49,9,0.1000,0.00001908,35.1265,724.0914,394.9522
8247,1048,36,0.1000,0.00001907,30.5192,747.9266,394.5889
8248,243,22,0.1000,0.00001907,36.4285,731.0863,316.0261
8249,465,27,0.1000,0.00001907,31.1562,744.3508,437.9417
8250,115,15,0.1000,0.00001906,38.2192,732.5111,334.0677
8251,119,16,0.1000,0.00001906,29.4697,731.1459,361.6909
8252,275,24,0.1000,0.00001905,31.1055,737.8843,452.2497
8253,62,12,0.1000,0.00001905,31.0985,730.0783,445.6307
8254,44,11,0.1000,0.00001905,38.0264,728.4495,362.2180
8255,164,15,0.1000,0.00001904,22.3576,743.5636,293.6048
8256,39,10,0.1000,0.00001904,33.3275,722.8874,387.2521
8257,191,20,0.1000,0.00001904,30.5626,743.7605,297.1187
8258,270,23,0.1000,0.00001903,27.9052,746.9993,300.5306
8259,62,11,0.1000,0.00001903,30.3291,722.8046,505.7738
8260,67,14,0.1000,0.00001903,26.7599,736.4023,384.6009
8261,38,9,0.1000,0.00001902,19.7683,730.7176,323.6169
8262,43,11,0.1000,0.00001902,28.8521,740.9237,381.7513
8263,97,12,0.1000,0.00001901,33.2342,730.5904,214.7372
8264,183,23,0.1000,0.00001901,32.6452,743.7495,410.1407
8265,87,16,0.1000,0.00001901,31.3426,743.1779,346.7238
8266,115,15,0.1000,0.00001900,26.3937,730.8051,469.3895
8267,173,18,0.1000,0.00001900,39.0677,742.1230,409.5872
8268,233,19,0.1000,0.00001900,37.4981,737.6146,431.6473
8269,286,20,0.1000,0.00001899,22.5987,746.2424,435.6487
8270,328,28,0.1000,0.00001899,31.9332,744.7289,624.0775
8271,60,13,0.1000,0.00001898,28.6331,734.4543,309.0076
8272,116,15,0.1000,0.00001898,30.3187,739.5596,335.6194
8273,52,12,0.1000,0.00001898,37.1894,733.6442,335.3608
8274,638,42,0.1000,0.00001897,35.0932,754.2316,385.5585
8275,51,11,0.1000,0.00001897,30.9170,722.8819,181.8508
8276,42,9,0.1000,0.00001896,22.8727,736.0229,375.8734
8277,43,9,0.1000,0.00001896,28.3719,735.5489,353.6376
8278,321,25,0.1000,0.00001896,30.5081,750.8121,382.4482
8279,448,22,0.1000,0.00001895,29.8853,735.4675,346.8189
8280,58,11,0.1000,0.00001895,29.1037,727.6542,301.2206
8281,141,20,0.1000,0.00001895,35.6004,740.1036,316.3817
8282,321,26,0.1000,0.00001894,33.0648,743.7344,319.5942
8283,52,11,0.1000,0.00001894,32.4778,728.4945,266.0120
8284,48,9,0.1000,0.00001894,26.1113,718.5377,358.1744
8285,285,20,0.1000,0.00001893,27.8964,732.1209,258.4389
8286,213,22,0.1000,0.00001893,22.8542,746.1499,299.1634
8287,57,13,0.1000,0.00001892,35.1977,721.6188,348.3397
8288,170,17,0.1000,0.00001892,37.5206,727.6001,255.2261
8289,53,11,0.1000,0.00001892,24.6679,727.1702,359.8264
8290,74,13,0.1000,0.00001891,36.4939,739.6360,391.3096
8291,35,10,0.1000,0.00001891,36.4402,711.8753,249.2264
8292,116,15,0.1000,0.00001891,27.5104,732.4998,356.5888
8293,55,11,0.1000,0.00001890,30.4993,726.0722,398.5828
8294,79,12,0.1000,0.00001890,23.6042,738.9709,330.3279
8295,189,18,0.1000,0.00001889,23.6870,745.1945,207.9385
8296,375,24,0.1000,0.00001889,39.2501,752.1852,308.7285
8297,373,23,0.1000,0.00001889,38.9796,748.8931,350.2016
8298,177,18,0.1000,0.00001888,23.3415,740.5616,442.1710
8299,160,16,0.1000,0.00001888,22.0925,735.1122,232.8429
8300,172,17,0.1000,0.00001887,30.6925,736.1744,233.2055
8301,329,25,0.1000,0.00001887,39.2542,744.8297,231.7239
8302,839,54,0.1000,0.00001887,26.0441,748.5412,504.0162
8303,215,16,0.1000,0.00001886,35.4370,737.3674,381.2996
8304,368,22,0.1000,0.00001886,33.2062,745.3040,299.3279
8305,136,17,0.1000,0.00001886,32.4014,731.4897,305.5922
8306,60,13,0.1000,0.00001885,29.3395,732.3785,315.0410
8307,174,21,0.1000,0.00001885,26.8214,742.2266,320.5539
8308,108,19,0.1000,0.00001884,27.1096,731.7367,322.2492
8309,75,13,0.1000,0.00001884,31.1183,729.5950,315.1600
8310,53,11,0.1000,0.00001884,26.9762,737.5594,566.5597
8311,396,25,0.1000,0.00001883,34.1329,742.3476,404.1505
8312,110,15,0.1000,0.00001883,23.2670,732.3312,390.1534
8313,228,17,0.1000,0.00001883,31.1857,733.1365,369.8541
8314,80,13,0.1000,0.00001882,33.5477,728.3927,346.3846
8315,103,17,0.1000,0.00001882,24.7348,737.7365,305.5636
8316,51,11,0.1000,0.00001882,25.1201,739.0396,305.5439
8317,36,7,0.1000,0.00001881,29.6395,728.6396,312.1063
8318,482,27,0.1000,0.00001881,27.5581,755.3005,477.7329
8319,721,33,0.1000,0.00001880,37.1789,751.7970,274.7076
8320,327,24,0.1000,0.00001880,34.1138,753.8033,290.8334
8321,107,18,0.1000,0.00001880,37.3445,745.1683,225.3845
8322,474,28,0.1000,0.00001879,27.9967,741.5892,304.6531
8323,145,20,0.1000,0.00001879,28.1291,744.9786,406.3031
8324,144,18,0.1000,0.00001879,34.4013,750.9801,435.8235
8325,291,25,0.1000,0.00001878,29.0346,747.5938,377.1775
8326,249,26,0.1000,0.00001878,35.4643,749.7442,283.6814
8327,771,41,0.1000,0.00001877,31.3399,745.9730,343.8393
8328,559,26,0.1000,0.00001877,40.8835,752.6525,308.4168
8329,59,15,0.1000,0.00001877,34.1255,734.3387,295.4124
8330,233,25,0.1000,0.00001876,34.8563,746.0118,263.3574
8331,59,11,0.1000,0.00001876,37.7462,750.8352,421.9117
8332,94,15,0.1000,0.00001875,32.7680,739.4705,385.1439
8333,43,11,0.1000,0.00001875,17.8192,730.4093,350.8851
8334,100,14,0.1000,0.00001875,37.9525,748.0562,470.9825
8335,48,13,0.1000,0.00001874,30.0367,743.1197,336.5783
8336,56,11,0.1000,0.00001874,25.8933,734.7388,497.4283
8337,88,14,0.1000,0.00001874,36.8418,744.0582,306.1299
8338,113,12,0.1000,0.00001873,26.4337,734.6145,302.5863
8339,76,12,0.1000,0.00001873,35.2105,739.8498,203.9007
8340,622,33,0.1000,0.00001873,23.0855,748.3092,344.8780
8341,102,17,0.1000,0.00001872,35.5244,736.9623,380.5780
8342,642,37,0.1000,0.00001872,26.4678,761.6405,357.4247
8343,54,11,0.1000,0.00001871,34.1909,741.2048,581.1206
8344,53,11,0.1000,0.00001871,22.7115,735.2457,433.2964
8345,174,21,0.1000,0.00001871,30.6341,757.0097,378.2700
8346,52,9,0.1000,0.00001870,26.3954,743.0919,400.9344
8347,90,15,0.1000,0.00001870,14.1402,739.5055,274.6586
8348,160,15,0.1000,0.00001870,34.8818,739.5366,227.3816
8349,174,19,0.1000,0.00001869,35.2977,748.7830,269.2868
8350,130,16,0.1000,0.00001869,32.0374,739.4985,469.3458
8351,74,10,0.1000,0.00001868,29.0113,737.9388,516.4896
8352,94,16,0.1000,0.00001868,33.4752,742.4345,392.9181
8353,70,12,0.1000,0.00001868,15.1021,747.4684,419.9240
8354,212,23,0.1000,0.00001867,32.2837,747.0564,497.2925
8355,548,39,0.1000,0.00001867,29.6406,747.2461,364.6951
8356,57,10,0.1000,0.00001866,24.0182,740.7639,415.0057
8357,314,24,0.1000,0.00001866,25.8893,753.7783,316.9898
8358,79,16,0.1000,0.00001866,31.8119,743.4956,432.8052
8359,174,19,0.1000,0.00001865,30.9762,748.9937,410.4499
8360,45,9,0.1000,0.00001865,28.0940,743.4232,265.2552
8361,86,14,0.1000,0.00001865,33.0445,730.5735,282.4364
8362,48,10,0.1000,0.00001864,19.1515,728.8814,312.4390
8363,103,15,0.1000,0.00001864,17.2919,734.0807,295.2674
8364,283,20,0.1000,0.00001864,31.3004,757.5913,319.5844
8365,104,14,0.1000,0.00001863,23.8509,730.3386,234.1894
8366,137,22,0.1000,0.00001863,28.2936,753.3038,341.6828
8367,61,13,0.1000,0.00001862,20.0437,740.6959,362.8081
8368,135,16,0.1000,0.00001862,34.4566,739.5159,509.1735
8369,117,17,0.1000,0.00001862,28.9684,752.2318,256.7712
8370,71,12,0.1000,0.00001861,20.1561,746.3337,231.5669
8371,38,10,0.1000,0.00001861,32.0493,722.1585,361.6069
8372,170,15,0.1000,0.00001861,21.9585,747.7372,348.6990
8373,76,10,0.1000,0.00001860,26.4999,731.1851,335.7441
8374,122,16,0.1000,0.00001860,35.1718,746.9399,345.5369
8375,348,20,0.1000,0.00001859,28.6425,757.7812,384.0492
8376,182,17,0.1000,0.00001859,22.8012,749.9021,360.0961
8377,232,20,0.1000,0.00001859,36.4542,753.8357,306.7510
8378,134,17,0.1000,0.00001858,32.9644,741.7050,416.9658
8379,249,24,0.1000,0.00001858,30.7016,751.0107,301.9918
8380,219,23,0.1000,0.00001857,33.9980,754.3122,336.9165
8381,88,15,0.1000,0.00001857,25.1732,745.7954,288.5570
8382,458,31,0.1000,0.00001857,34.0834,744.3235,396.4375
8383,393,31,0.1000,0.00001856,39.1075,750.1333,332.2702
8384,36,11,0.1000,0.00001856,23.0308,741.9140,349.7639
8385,379,22,0.1000,0.00001856,30.3859,747.1010,393.5991
8386,400,30,0.1000,0.00001855,22.0674,742.9463,330.8406
8387,80,12,0.1000,0.00001855,17.1133,740.9727,289.0435
8388,243,29,0.1000,0.00001854,27.5199,753.1830,348.2128
8389,620,34,0.1000,0.00001854,33.6895,761.2381,289.8682
8390,75,12,0.1000,0.00001854,26.8866,738.3671,395.1795
8391,338,30,0.1000,0.00001853,33.6949,743.9604,295.1575
8392,395,27,0.1000,0.00001853,32.6968,754.6019,318.7642
8393,259,22,0.1000,0.00001853,31.5918,755.6384,397.2782
8394,58,13,0.1000,0.00001852,28.4318,742.9784,367.7454
8395,253,27,0.1000,0.00001852,26.2938,755.0048,289.2207
8396,86,14,0.1000,0.00001852,21.7957,743.6186,400.1081
8397,83,12,0.1000,0.00001851,23.4990,742.5535,209.6532
8398,451,25,0.1000,0.00001851,33.0317,746.6744,272.6205
8399,114,16,0.1000,0.00001850,33.4093,754.1558,329.3901
8400,271,16,0.1000,0.00001850,35.5531,751.6958,473.1244
8401,30,9,0.1000,0.00001850,34.2359,741.8720,316.2998
8402,39,10,0.1000,0.00001849,25.0383,742.4081,256.9966
8403,116,14,0.1000,0.00001849,28.6008,763.3071,508.0749
8404,89,15,0.1000,0.00001848,33.0968,745.4444,309.5998
8405,204,21,0.1000,0.00001848,32.2045,768.5425,288.8106
8406,88,14,0.1000,0.00001848,23.9118,755.8804,287.2631
8407,71,13,0.1000,0.00001847,43.9116,742.0693,287.0553
8408,415,31,0.1000,0.00001847,25.5503,759.5177,366.5888
8409,166,20,0.1000,0.00001847,29.1063,761.4679,352.4726
8410,101,16,0.1000,0.00001846,37.5384,745.3713,376.9792
8411,70,13,0.1000,0.00001846,28.1341,752.7677,275.6955
8412,55,11,0.1000,0.00001846,24.4934,737.3243,284.2886
8413,58,12,0.1000,0.00001845,41.6863,739.7738,291.4400
8414,43,10,0.1000,0.00001845,29.0066,737.4420,301.5731
8415,276,26,0.1000,0.00001844,27.7188,754.2997,329.1354
8416,81,12,0.1000,0.00001844,34.6158,742.7378,317.3594
8417,30,8,0.1000,0.00001844,31.9045,736.0648,293.9126
8418,268,24,0.1000,0.00001843,23.0626,740.4577,310.4768
8419,295,22,0.1000,0.00001843,30.5326,760.8662,422.8779
8420,661,43,0.1000,0.00001843,31.8353,761.1571,350.4413
8421,189,19,0.1000,0.00001842,34.4261,750.4696,382.3544
8422,88,15,0.1000,0.00001842,37.9977,740.1475,333.6522
8423,26,7,0.1000,0.00001841,24.9916,733.9998,276.8929
8424,384,21,0.1000,0.00001841,35.9456,762.1465,462.8758
8425,264,25,0.1000,0.00001841,28.7315,750.5815,344.2585
8426,102,17,0.1000,0.00001840,36.9831,752.7989,342.0695
8427,46,9,0.1000,0.00001840,31.3504,736.6989,455.2503
8428,295,26,0.1000,0.00001839,29.6903,750.7825,271.4736
8429,224,18,0.1000,0.00001839,32.8301,761.3738,309.3580
8430,233,20,0.1000,0.00001839,30.8238,757.0784,336.8803
8431,73,13,0.1000,0.00001838,33.4281,749.6401,350.1450
8432,239,25,0.1000,0.00001838,29.5740,759.0935,514.1006
8433,211,18,0.1000,0.00001838,40.5188,752.6533,346.6465
8434,197,19,0.1000,0.00001837,22.4381,748.3303,284.5225
8435,219,19,0.1000,0.00001837,34.0568,760.0045,297.7981
8436,70,11,0.1000,0.00001837,26.2210,745.7789,221.8578
8437,290,21,0.1000,0.00001836,22.5084,746.9216,281.1153
8438,216,25,0.1000,0.00001836,41.9344,761.7514,349.0925
8439,125,15,0.1000,0.00001835,25.9693,754.7357,414.0361
8440,75,9,0.1000,0.00001835,24.9326,741.0483,318.4159
8441,567,34,0.1000,0.00001835,32.5177,766.6540,361.6128
8442,419,29,0.1000,0.00001834,33.4685,751.0541,305.0421
8443,454,24,0.1000,0.00001834,27.5739,765.2135,461.1047
8444,54,12,0.1000,0.00001833,25.8028,742.3524,386.4050
8445,342,27,0.1000,0.00001833,21.9094,751.1454,409.3146
8446,60,12,0.1000,0.00001833,29.6393,756.1310,393.8793
8447,79,17,0.1000,0.00001832,40.4274,756.8369,359.4994
8448,123,16,0.1000,0.00001832,34.9640,758.4755,487.2906
8449,44,9,0.1000,0.00001832,30.4694,739.9301,146.8331
8450,79,13,0.1000,0.00001831,36.0690,743.9475,367.2208
8451,35,10,0.1000,0.00001831,36.2200,739.6798,509.6115
8452,227,18,0.1000,0.00001831,30.5481,757.5621,370.4264
8453,1257,56,0.1000,0.00001830,31.8312,758.7406,299.9588
8454,293,24,0.1000,0.00001830,22.3667,760.8113,452.0750
8455,553,36,0.1000,0.00001829,33.5479,766.3562,342.1044
8456,131,17,0.1000,0.00001829,27.5983,754.4288,261.8661
8457,521,31,0.1000,0.00001829,36.1699,769.2341,424.7429
8458,79,13,0.1000,0.00001828,29.8286,745.3840,241.8187
8459,72,11,0.1000,0.00001828,30.8751,756.8977,262.0545
8460,1179,37,0.1000,0.00001828,35.3588,772.3425,368.4561
8461,123,18,0.1000,0.00001827,28.4298,753.5075,299.2003
8462,391,26,0.1000,0.00001827,27.9688,764.9905,284.9739
8463,157,16,0.1000,0.00001826,34.2294,742.5596,366.1689
8464,103,18,0.1000,0.00001826,31.1628,745.7522,408.4966
8465,100,16,0.1000,0.00001826,34.8615,749.2679,288.9189
8466,39,9,0.1000,0.00001825,28.6007,736.2480,266.1530
8467,369,25,0.1000,0.00001825,34.3262,755.8386,501.8006
8468,254,24,0.1000,0.00001824,38.3005,746.6093,386.9972
8469,291,21,0.1000,0.00001824,24.3344,755.1735,242.9748
8470,38,10,0.1000,0.00001824,27.0575,753.5904,389.3996
8471,230,21,0.1000,0.00001823,32.7159,754.9762,428.9426
8472,88,15,0.1000,0.00001823,40.2293,750.6304,404.9978
8473,247,20,0.1000,0.00001823,38.4325,765.0733,198.1087
8474,594,37,0.1000,0.00001822,32.3444,750.4256,371.5443
8475,24,7,0.1000,0.00001822,24.8123,748.7103,480.1166
8476,63,12,0.1000,0.00001822,39.8133,747.6082,395.6548
8477,124,18,0.1000,0.00001821,36.6377,757.0967,431.9274
8478,123,15,0.1000,0.00001821,20.4401,753.3068,466.8358
8479,54,8,0.1000,0.00001820,40.5339,754.8443,458.4397
8480,47,12,0.1000,0.00001820,21.7378,745.2628,493.8010
8481,166,15,0.1000,0.00001820,23.8237,749.3935,302.0191
8482,56,13,0.1000,0.00001819,25.5730,747.0902,296.7082
8483,311,24,0.1000,0.00001819,35.0552,754.3987,318.1334
8484,230,27,0.1000,0.00001819,22.7272,762.2797,347.3592
8485,115,15,0.1000,0.00001818,33.0725,746.9854,326.5884
8486,1834,71,0.1000,0.00001818,30.5142,767.7991,366.7004
8487,160,15,0.1000,0.00001817,31.3694,757.4020,432.9791
8488,332,27,0.1000,0.00001817,26.0094,749.5167,356.4395
8489,96,14,0.1000,0.00001817,28.0976,752.7277,344.4983
8490,85,15,0.1000,0.00001816,39.3990,749.1444,349.1417
8491,154,18,0.1000,0.00001816,29.2027,750.1812,421.5340
8492,124,17,0.1000,0.00001815,37.6075,752.5236,349.0947
8493,366,24,0.1000,0.00001815,32.8522,754.5973,373.1839
8494,51,10,0.1000,0.00001815,33.8653,732.0302,451.5969
8495,522,29,0.1000,0.00001814,27.4109,774.3923,393.6276
8496,38,10,0.1000,0.00001814,26.3102,744.9581,268.9033
8497,40,12,0.1000,0.00001814,27.6986,740.4967,344.1372
8498,756,39,0.1000,0.00001813,29.7967,760.7354,324.0524
8499,61,14,0.1000,0.00001813,33.3617,746.2181,369.0589
8500,77,15,0.1000,0.00001813,30.0055,742.1033,210.9846
8501,231,19,0.1000,0.00001812,32.6989,761.1697,419.2765
8502,537,27,0.1000,0.00001812,28.8603,764.5106,345.6382
8503,461,36,0.1000,0.00001811,32.6931,763.9960,291.6279
8504,42,12,0.1000,0.00001811,32.3807,760.0304,193.3458
8505,75,10,0.1000,0.00001811,34.3326,759.2137,334.0838
8506,335,22,0.1000,0.00001810,34.2389,765.4079,356.9099
8507,112,19,0.1000,0.00001810,26.3829,756.0551,577.5820
8508,47,12,0.1000,0.00001810,25.7753,756.2164,543.4683
8509,264,21,0.1000,0.00001809,33.2023,760.6208,362.5457
8510,158,16,0.1000,0.00001809,34.6735,761.4423,411.9036
8511,512,25,0.1000,0.00001808,23.7015,768.3407,364.1933
8512,662,29,0.1000,0.00001808,31.1824,761.1246,314.3875
8513,75,15,0.1000,0.00001808,35.4166,743.6680,198.8156
8514,108,18,0.1000,0.00001807,13.8861,762.8353,339.4907
8515,93,15,0.1000,0.00001807,31.7323,761.2948,324.0545
8516,124,16,0.1000,0.00001806,34.4762,756.3308,396.5355
8517,93,17,0.1000,0.00001806,32.7901,743.8805,391.7034
8518,523,37,0.1000,0.00001806,31.1333,766.0223,313.3338
8519,479,27,0.1000,0.00001805,33.3895,763.0323,325.7023
8520,270,35,0.1000,0.00001805,33.3449,762.8550,277.9090
8521,119,15,0.1000,0.00001805,38.1021,751.7527,326.8149
8522,286,21,0.1000,0.00001804,26.9462,771.1257,286.5285
8523,153,16,0.1000,0.00001804,28.0108,756.3639,299.7306
8524,190,19,0.1000,0.00001803,30.1191,759.9384,422.4674
8525,311,25,0.1000,0.00001803,36.1236,765.0488,339.0229
8526,182,16,0.1000,0.00001803,32.3513,762.3514,282.7248
8527,86,14,0.1000,0.00001802,33.0905,751.2490,337.5738
8528,395,30,0.1000,0.00001802,30.4204,754.7107,393.4502
8529,124,15,0.1000,0.00001802,28.3032,754.0326,299.5567
8530,171,20,0.1000,0.00001801,26.1404,766.6225,244.7481
8531,174,22,0.1000,0.00001801,28.1689,756.9870,506.5149
8532,817,35,0.1000,0.00001801,39.8879,767.2822,318.9396
8533,222,19,0.1000,0.00001800,33.1712,758.1333,328.8281
8534,153,15,0.1000,0.00001800,25.0321,753.9872,270.7865
8535,297,22,0.1000,0.00001799,29.3237,757.9481,292.2066
8536,38,10,0.1000,0.00001799,34.5086,760.9506,426.1865
8537,205,22,0.1000,0.00001799,34.8414,759.2758,432.3544
8538,288,24,0.1000,0.00001798,22.0898,771.3144,371.0573
8539,82,12,0.1000,0.00001798,23.2145,760.8901,377.8544
8540,802,60,0.1000,0.00001798,31.3022,776.1463,321.6086
8541,530,38,0.1000,0.00001797,31.5908,764.8224,389.1346
8542,46,10,0.1000,0.00001797,33.2582,744.5742,481.9843
8543,147,19,0.1000,0.00001796,26.5340,758.9860,228.0368
8544,387,38,0.1000,0.00001796,32.2346,765.2469,370.6066
8545,262,25,0.1000,0.00001796,27.5226,762.0650,305.0199
8546,155,15,0.1000,0.00001795,26.9335,764.4118,392.8645
8547,49,11,0.1000,0.00001795,27.5913,748.8084,555.2767
8548,34,9,0.1000,0.00001794,35.6671,750.2525,321.4399
8549,140,18,0.1000,0.00001794,36.0202,754.6374,302.3977
8550,269,22,0.1000,0.00001794,25.2270,776.1915,574.4045
8551,38,10,0.1000,0.00001793,29.2634,756.2230,331.8750
8552,85,14,0.1000,0.00001793,26.8190,763.8912,311.4168
8553,359,29,0.1000,0.00001793,30.9649,759.7524,294.8821
8554,54,10,0.1000,0.00001792,34.7612,767.6731,345.6638
8555,212,21,0.1000,0.00001792,27.9205,767.5640,474.4532
8556,253,25,0.1000,0.00001792,28.8225,769.5577,406.2874
8557,142,16,0.1000,0.00001791,24.6976,762.4428,331.7944
8558,227,20,0.1000,0.00001791,41.1984,770.5745,348.1301
8559,49,10,0.1000,0.00001790,29.9470,753.4430,329.7977
8560,547,24,0.1000,0.00001790,23.5278,767.9659,302.4274
8561,918,50,0.1000,0.00001790,29.4103,770.9680,308.9866
8562,319,26,0.1000,0.00001789,37.4515,767.7782,301.1385
8563,32,8,0.1000,0.00001789,40.8658,752.7182,324.3228
8564,74,10,0.1000,0.00001789,32.1144,757.1696,339.9313
8565,728,35,0.1000,0.00001788,34.5101,770.0083,411.0291
8566,326,31,0.1000,0.00001788,35.7910,771.0954,391.8483
8567,54,12,0.1000,0.00001787,32.1705,754.3589,316.7567
8568,185,19,0.1000,0.00001787,25.9471,759.9381,305.7961
8569,55,11,0.1000,0.00001787,50.7819,747.2637,269.3654
8570,92,11,0.1000,0.00001786,35.1053,757.0445,270.9903
8571,217,18,0.1000,0.00001786,38.6859,759.4325,303.4311
8572,118,14,0.1000,0.00001785,29.3076,756.3424,309.3719
8573,112,10,0.1000,0.00001785,41.0095,759.2113,334.4473
8574,147,21,0.1000,0.00001785,27.6251,756.6644,308.5568
8575,178,17,0.1000,0.00001784,26.0375,776.5577,398.2424
8576,160,18,0.1000,0.00001784,32.9956,757.6215,344.3726
8577,77,13,0.1000,0.00001784,32.5948,760.8681,263.9994
8578,121,16,0.1000,0.00001783,32.4268,769.2259,258.7793
8579,40,10,0.1000,0.00001783,42.3650,747.2887,323.5822
8580,79,12,0.1000,0.00001782,41.4202,760.1428,527.3028
8581,116,13,0.1000,0.00001782,36.1400,753.7045,398.0798
8582,37,9,0.1000,0.00001782,20.8697,754.6315,446.6833
8583,289,20,0.1000,0.00001781,22.2745,768.1141,244.7160
8584,27,7,0.1000,0.00001781,29.0140,748.4062,586.8277
8585,607,31,0.1000,0.00001781,24.7819,778.4965,405.9988
8586,224,20,0.1000,0.00001780,33.4958,764.6258,357.5552
8587,31,7,0.1000,0.00001780,24.4392,741.1615,487.9757
8588,55,12,0.1000,0.00001780,31.3089,759.6016,247.1838
8589,133,15,0.1000,0.00001779,26.3716,765.9912,476.6683
8590,34,9,0.1000,0.00001779,21.2021,749.1964,406.8096
8591,30,8,0.1000,0.00001778,48.2166,754.3740,383.6456
8592,62,13,0.1000,0.00001778,23.1390,761.3593,404.6317
8593,291,25,0.1000,0.00001778,37.5910,770.1149,402.5343
8594,364,23,0.1000,0.00001777,21.0236,776.2445,301.7305
8595,89,16,0.1000,0.00001777,33.3891,766.3127,426.8481
8596,782,41,0.1000,0.00001776,30.7745,767.9415,389.5816
8597,85,12,0.1000,0.00001776,47.7365,763.1856,491.0195
8598,388,26,0.1000,0.00001776,25.7860,773.2362,430.5411
8599,156,19,0.1000,0.00001775,23.3748,771.6239,562.6309
8600,46,12,0.1000,0.00001775,30.4443,748.9190,290.5552
8601,59,12,0.1000,0.00001775,31.2214,759.0862,403.2020
8602,76,14,0.1000,0.00001774,26.1098,762.9427,299.9908
8603,85,13,0.1000,0.00001774,26.1232,752.3602,332.8347
8604,104,12,0.1000,0.00001773,30.1045,757.1108,311.2630
8605,256,25,0.1000,0.00001773,34.6790,758.5623,454.2510
8606,51,12,0.1000,0.00001773,30.8010,752.6605,603.4833
8607,127,15,0.1000,0.00001772,19.3477,761.2109,323.7931
8608,256,21,0.1000,0.00001772,27.0877,757.8615,348.5521
8609,34,9,0.1000,0.00001772,20.6494,762.9091,409.6459
8610,61,14,0.1000,0.00001771,27.5968,772.9245,342.2625
8611,61,14,0.1000,0.00001771,34.1275,768.6699,413.3595
8612,65,12,0.1000,0.00001771,22.1745,769.1036,317.5203
8613,50,10,0.1000,0.00001770,29.4201,763.4880,220.0016
8614,239,20,0.1000,0.00001770,40.4513,762.3756,415.3875
8615,119,13,0.1000,0.00001769,27.7036,767.0429,330.7393
8616,71,13,0.1000,0.00001769,37.3839,758.7128,333.1376
8617,292,21,0.1000,0.00001769,29.6539,773.8374,273.8150
8618,354,32,0.1000,0.00001768,36.1978,768.6693,372.0327
8619,79,13,0.1000,0.00001768,29.1191,760.6697,258.7213
8620,55,12,0.1000,0.00001767,46.9057,770.3120,423.2455
8621,410,31,0.1000,0.00001767,29.4921,772.7774,327.5739
8622,307,20,0.1000,0.00001767,30.0354,772.2958,285.6876
8623,75,12,0.1000,0.00001766,29.7206,754.7508,327.5880
8624,54,12,0.1000,0.00001766,33.5991,767.5200,315.1968
8625,233,22,0.1000,0.00001766,40.5390,767.8461,351.0986
8626,204,21,0.1000,0.00001765,31.5903,767.0540,397.6191
8627,42,8,0.1000,0.00001765,26.2566,755.9822,506.5881
8628,108,13,0.1000,0.00001765,26.2006,769.0296,281.2835
8629,121,14,0.1000,0.00001764,44.1142,763.2375,326.9595
8630,190,25,0.1000,0.00001764,29.3762,766.8754,456.6606
8631,92,15,0.1000,0.00001763,36.6211,754.1152,464.4432
8632,37,10,0.1000,0.00001763,35.1637,757.4734,361.5199
8633,37,10,0.1000,0.00001763,27.0754,754.5830,255.7335
8634,219,17,0.1000,0.00001762,30.6809,770.6239,399.2075
8635,73,15,0.1000,0.00001762,36.7018,753.4239,306.1633
8636,284,25,0.1000,0.00001761,35.9555,766.3758,317.0289
8637,34,8,0.1000,0.00001761,38.8844,760.8945,297.9896
8638,43,8,0.1000,0.00001761,30.3797,752.5875,360.0777
8639,263,26,0.1000,0.00001760,37.2618,767.5130,448.3304
8640,54,11,0.1000,0.00001760,30.3175,765.3553,442.3261
8641,960,51,0.1000,0.00001760,32.2619,780.5519,314.6614
8642,88,16,0.1000,0.00001759,21.0980,758.7151,285.7014
8643,235,19,0.1000,0.00001759,33.4743,774.6097,371.3492
8644,116,13,0.1000,0.00001758,26.3290,758.3912,335.8241
8645,86,12,0.1000,0.00001758,39.3663,771.2561,442.6094
8646,252,21,0.1000,0.00001758,25.1013,781.3980,377.2592
8647,131,18,0.1000,0.00001757,35.6426,761.2326,527.2211
8648,267,23,0.1000,0.00001757,40.2807,763.5682,354.3675
8649,235,23,0.1000,0.00001757,26.9395,758.2340,347.3097
8650,38,11,0.1000,0.00001756,26.1659,762.7763,312.1916
8651,227,21,0.1000,0.00001756,21.3101,779.5216,275.6723
8652,391,34,0.1000,0.00001756,25.9158,779.7412,353.6990
8653,200,20,0.1000,0.00001755,37.1588,768.2856,318.1987
8654,108,13,0.1000,0.00001755,29.6060,765.9502,278.4064
8655,175,17,0.1000,0.00001754,27.6380,768.4982,296.7080
8656,160,15,0.1000,0.00001754,34.9621,760.2461,412.1961
8657,333,31,0.1000,0.00001754,26.6389,767.2410,362.5393
8658,129,16,0.1000,0.00001753,22.6894,754.3845,374.8694
8659,58,13,0.1000,0.00001753,34.7380,763.2264,276.7980
8660,633,40,0.1000,0.00001752,21.9822,782.1440,438.6858
8661,397,37,0.1000,0.00001752,33.3272,772.7711,373.5318
8662,316,27,0.1000,0.00001752,35.9069,765.5562,515.6720
8663,115,14,0.1000,0.00001751,26.4385,762.8537,278.6643
8664,473,29,0.1000,0.00001751,28.3961,776.2800,317.2015
8665,81,13,0.1000,0.00001751,41.4971,766.9671,284.8095
8666,297,26,0.1000,0.00001750,25.5473,779.8273,388.5130
8667,40,7,0.1000,0.00001750,24.9517,749.1636,162.9418
8668,65,10,0.1000,0.00001750,37.1949,769.2283,317.0539
8669,34,9,0.1000,0.00001749,35.8313,751.2188,325.6571
8670,34,8,0.1000,0.00001749,42.0543,756.4505,310.9224
8671,206,18,0.1000,0.00001748,31.8099,769.6027,291.9460
8672,79,13,0.1000,0.00001748,31.8538,765.9394,321.6891
8673,191,22,0.1000,0.00001748,36.4908,765.6386,361.5150
8674,54,10,0.1000,0.00001747,35.0356,756.1709,443.6510
8675,80,13,0.1000,0.00001747,43.4197,773.7448,416.8002
8676,226,17,0.1000,0.00001747,26.4389,780.5509,279.4970
8677,38,9,0.1000,0.00001746,35.7668,753.0519,342.4756
8678,303,21,0.1000,0.00001746,19.0225,769.6284,479.7475
8679,1027,33,0.1000,0.00001745,23.8182,797.1763,374.8187
8680,268,22,0.1000,0.00001745,30.5173,780.9716,292.4685
8681,35,9,0.1000,0.00001745,33.5627,755.4597,318.4768
8682,226,17,0.1000,0.00001744,33.8280,771.0399,319.3049
8683,138,17,0.1000,0.00001744,32.1805,757.5379,383.1812
8684,54,11,0.1000,0.00001743,25.6509,769.1040,349.7670
8685,219,19,0.1000,0.00001743,28.8772,765.1557,304.4938
8686,172,19,0.1000,0.00001743,32.0624,772.2164,384.9692
8687,104,17,0.1000,0.00001742,20.0243,772.2638,356.7844
8688,122,16,0.1000,0.00001742,17.0960,772.9152,307.6073
8689,82,13,0.1000,0.00001742,24.5817,766.1976,270.1166
8690,88,15,0.1000,0.00001741,47.1524,779.7474,276.6776
8691,250,26,0.1000,0.00001741,28.5307,774.7224,436.6775
8692,223,18,0.1000,0.00001741,30.3756,777.7887,503.5471
8693,446,24,0.1000,0.00001740,37.1512,789.9334,332.2319
8694,162,17,0.1000,0.00001740,34.6138,767.2331,339.4048
8695,294,23,0.1000,0.00001739,28.9774,775.0080,343.7223
8696,116,13,0.1000,0.00001739,36.7200,777.2265,273.2134
8697,57,13,0.1000,0.00001739,21.2765,768.9307,479.5918
8698,222,21,0.1000,0.00001738,42.4794,784.6092,232.3643
8699,41,10,0.1000,0.00001738,21.2314,764.4544,235.1398
8700,277,21,0.1000,0.00001738,26.1598,781.4008,356.9013
8701,341,23,0.1000,0.00001737,27.2825,782.1707,296.9642
8702,54,12,0.1000,0.00001737,28.5963,772.2157,458.3478
8703,59,10,0.1000,0.00001736,27.0374,776.6316,337.4011
8704,210,17,0.1000,0.00001736,34.9111,785.8791,352.6161
8705,76,13,0.1000,0.00001736,35.0035,765.9077,459.3586
8706,142,16,0.1000,0.00001735,29.7749,778.5083,381.3148
8707,125,16,0.1000,0.00001735,24.8494,774.9440,387.1388
8708,77,12,0.1000,0.00001734,30.9483,782.9820,418.3674
8709,793,32,0.1000,0.00001734,27.1836,795.2155,327.1420
8710,44,9,0.1000,0.00001734,18.1807,763.7467,464.7845
8711,48,9,0.1000,0.00001733,21.8473,766.1062,718.1534
8712,39,10,0.1000,0.00001733,34.4207,772.7008,425.7179
8713,456,35,0.1000,0.00001733,35.7327,787.3496,345.1849
8714,226,22,0.1000,0.00001732,22.6452,767.0170,337.3394
8715,97,15,0.1000,0.00001732,22.7291,767.1433,427.3813
8716,757,44,0.1000,0.00001731,34.3711,790.6336,355.5827
8717,187,20,0.1000,0.00001731,31.5288,770.1611,276.1996
8718,196,20,0.1000,0.00001731,23.3572,773.9077,379.7231
8719,35,10,0.1000,0.00001730,35.6579,771.4494,206.4806
8720,225,19,0.1000,0.00001730,35.7609,780.9662,327.4979
8721,81,11,0.1000,0.00001730,24.7097,772.3041,364.8972
8722,29,7,0.1000,0.00001729,31.9489,758.1194,434.7857
8723,129,17,0.1000,0.00001729,28.3467,780.5126,434.2201
8724,65,11,0.1000,0.00001729,29.8898,779.9123,500.4057
8725,277,18,0.1000,0.00001728,24.0296,776.4598,387.2669
8726,360,23,0.1000,0.00001728,26.6038,788.2955,376.4014
8727,136,19,0.1000,0.00001727,35.6843,772.6743,341.9106
8728,33,9,0.1000,0.00001727,27.5751,773.7796,394.2203
8729,52,10,0.1000,0.00001727,19.3259,772.4751,566.3852
8730,293,28,0.1000,0.00001726,29.0404,777.3185,307.2348
8731,77,11,0.1000,0.00001726,23.8951,772.4101,309.2886
8732,100,15,0.1000,0.00001725,14.8114,776.4920,331.8458
8733,127,17,0.1000,0.00001725,30.9479,772.7193,268.9906
8734,75,11,0.1000,0.00001725,46.3003,766.2179,217.9645
8735,67,12,0.1000,0.00001724,26.2957,762.5610,282.6762
8736,209,22,0.1000,0.00001724,28.2618,781.3715,386.8097
8737,170,18,0.1000,0.00001724,30.5200,780.7734,310.5396
8738,41,11,0.1000,0.00001723,32.0005,777.0534,358.6117
8739,81,12,0.1000,0.00001723,31.3526,770.4453,280.5041
8740,44,11,0.1000,0.00001722,36.0415,770.2362,355.7964
8741,29,7,0.1000,0.00001722,33.0788,761.2990,366.6101
8742,207,23,0.1000,0.00001722,31.7992,781.0931,334.2033
8743,71,11,0.1000,0.00001721,25.2382,766.9364,285.2361
8744,240,23,0.1000,0.00001721,32.2640,775.5141,339.5977
8745,77,12,0.1000,0.00001721,31.9533,772.3111,348.7969
8746,53,11,0.1000,0.00001720,30.1248,777.3506,293.7015
8747,51,10,0.1000,0.00001720,38.0911,779.4896,463.4438
8748,307,28,0.1000,0.00001720,28.9431,778.1023,309.4991
8749,120,15,0.1000,0.00001719,36.6751,782.7139,380.4159
8750,54,12,0.1000,0.00001719,28.8702,772.4625,490.1851
8751,69,12,0.1000,0.00001718,32.6105,775.7346,295.2786
8752,86,16,0.1000,0.00001718,37.4733,777.5199,394.9463
8753,160,15,0.1000,0.00001718,31.1702,775.9138,515.3928
8754,46,10,0.1000,0.00001717,37.2758,775.2048,415.0872
8755,242,21,0.1000,0.00001717,19.4142,780.1843,263.7586
8756,59,9,0.1000,0.00001717,40.7931,771.9923,412.4811
8757,238,23,0.1000,0.00001716,29.6100,773.0376,355.1735
8758,342,26,0.1000,0.00001716,33.6921,781.6252,411.7545
8759,232,21,0.1000,0.00001715,35.3256,781.9867,287.9831
8760,109,12,0.1000,0.00001715,15.1936,774.8914,399.5203
8761,557,27,0.1000,0.00001715,36.7862,792.0265,404.1563
8762,55,11,0.1000,0.00001714,46.3972,770.7683,364.9214
8763,163,18,0.1000,0.00001714,39.1447,783.1692,424.3262
8764,54,11,0.1000,0.00001714,32.2110,777.5739,362.0052
8765,95,15,0.1000,0.00001713,30.6575,770.7365,275.0151
8766,237,24,0.1000,0.00001713,26.9136,777.4947,576.3173
8767,54,11,0.1000,0.00001712,30.4207,763.3380,292.9588
8768,370,22,0.1000,0.00001712,28.3616,784.5008,292.0194
8769,473,34,0.1000,0.00001712,25.6107,791.4602,370.9145
8770,87,13,0.1000,0.00001711,31.4991,777.8089,517.9531
8771,127,19,0.1000,0.00001711,28.9150,772.3733,321.7986
8772,125,21,0.1000,0.00001710,34.8472,784.6878,310.1306
8773,76,13,0.1000,0.00001710,21.0678,771.6489,308.2794
8774,25,7,0.1000,0.00001710,44.9805,757.5958,372.3621
8775,168,18,0.1000,0.00001709,22.6670,775.5769,418.3092
8776,43,11,0.1000,0.00001709,25.3379,774.6068,247.5985
8777,79,11,0.1000,0.00001709,36.8982,775.8305,350.1484
8778,39,9,0.1000,0.00001708,30.1431,761.9760,281.3385
8779,301,22,0.1000,0.00001708,30.0850,789.3754,317.5677
8780,252,19,0.1000,0.00001708,28.1389,782.8736,486.7386
8781,58,12,0.1000,0.00001707,26.4054,772.4582,317.2193
8782,158,14,0.1000,0.00001707,38.0600,786.6693,270.2417
8783,309,30,0.1000,0.00001706,31.7723,789.8536,303.6828
8784,42,11,0.1000,0.00001706,28.8346,780.4099,372.4843
8785,260,22,0.1000,0.00001706,34.5752,788.8958,305.1282
8786,460,27,0.1000,0.00001705,31.2949,795.2822,315.8864
8787,49,11,0.1000,0.00001705,30.6473,770.6217,456.4009
8788,125,15,0.1000,0.00001705,19.8777,789.3316,246.1790
8789,74,13,0.1000,0.00001704,37.2248,782.9178,237.5890
8790,285,19,0.1000,0.00001704,26.6973,789.7338,311.5900
8791,28,7,0.1000,0.00001703,36.8644,775.9955,274.3420
8792,56,11,0.1000,0.00001703,34.5675,777.2046,486.9389
8793,166,17,0.1000,0.00001703,28.2721,775.5950,396.4933
8794,37,8,0.1000,0.00001702,23.2979,766.7609,444.2095
8795,381,26,0.1000,0.00001702,31.4414,781.5274,401.9056
8796,64,11,0.1000,0.00001701,26.0164,773.6778,250.8337
8797,299,20,0.1000,0.00001701,31.2242,793.3289,326.3928
8798,36,10,0.1000,0.00001701,19.8333,769.0107,218.2559
8799,162,22,0.1000,0.00001700,33.8088,780.9425,348.2069
8800,401,28,0.1000,0.00001700,34.6925,790.2475,411.0374
8801,56,12,0.1000,0.00001700,26.3837,771.6526,258.0498
8802,35,10,0.1000,0.00001699,29.7652,772.5852,435.5360
8803,39,9,0.1000,0.00001699,22.4900,773.6530,418.3461
8804,88,15,0.1000,0.00001699,27.3798,785.2025,369.0778
8805,206,23,0.1000,0.00001698,31.6082,773.4076,471.8430
8806,652,37,0.1000,0.00001698,29.9958,794.9376,366.7502
8807,344,26,0.1000,0.00001697,32.7939,784.1232,302.8423
8808,37,10,0.1000,0.00001697,24.6393,774.5265,211.7266
8809,201,24,0.1000,0.00001697,26.8505,790.9856,289.8213
8810,140,18,0.1000,0.00001696,35.4069,780.1225,348.3062
8811,451,32,0.1000,0.00001696,21.1561,794.6348,437.4259
8812,204,24,0.1000,0.00001696,32.8991,788.6577,423.2613
8813,299,22,0.1000,0.00001695,44.0824,790.5734,324.5974
8814,120,18,0.1000,0.00001695,33.0577,784.9851,254.2699
8815,57,11,0.1000,0.00001694,38.3345,783.6849,323.7538
8816,39,8,0.1000,0.00001694,27.2270,771.0411,393.2827
8817,53,11,0.1000,0.00001694,45.1999,779.8823,549.5993
8818,81,13,0.1000,0.00001693,19.3498,784.7050,461.5774
8819,29,7,0.1000,0.00001693,24.6173,763.0020,643.7122
8820,80,13,0.1000,0.00001692,34.9773,777.0279,315.1327
8821,138,18,0.1000,0.00001692,38.0821,783.4847,294.6170
8822,110,10,0.1000,0.00001692,33.8697,781.1859,440.7583
8823,564,34,0.1000,0.00001691,33.3419,793.1408,436.8725
8824,215,20,0.1000,0.00001691,28.5799,788.9497,431.6631
8825,84,13,0.1000,0.00001691,42.3689,785.6437,304.7318
8826,43,11,0.1000,0.00001690,32.8078,788.1437,382.5882
8827,387,31,0.1000,0.00001690,35.0090,796.8739,431.3363
8828,183,18,0.1000,0.00001690,22.6486,793.6516,380.0929
8829,114,18,0.1000,0.00001689,33.5395,787.5739,438.4406
8830,179,20,0.1000,0.00001689,32.4817,798.7300,478.2135
8831,564,35,0.1000,0.00001688,24.9449,793.6409,347.6699
8832,137,17,0.1000,0.00001688,24.2994,789.3837,308.4350
8833,122,17,0.1000,0.00001688,26.6285,780.4149,338.5791
8834,180,19,0.1000,0.00001687,28.8853,779.2269,339.6252
8835,54,13,0.1000,0.00001687,27.8608,786.8584,311.6955
8836,79,12,0.1000,0.00001687,19.8097,782.5202,250.2086
8837,34,9,0.1000,0.00001686,23.9767,778.5177,524.4530
8838,83,14,0.1000,0.00001686,35.4729,778.0009,336.8247
8839,38,9,0.1000,0.00001685,30.8880,777.2112,320.7513
8840,78,12,0.1000,0.00001685,30.3357,771.0839,202.9098
8841,83,13,0.1000,0.00001685,42.7690,775.9537,388.6251
8842,232,22,0.1000,0.00001684,29.5538,789.6329,260.1286
8843,348,19,0.1000,0.00001684,27.1462,788.8877,408.9946
8844,250,22,0.1000,0.00001684,23.6134,790.0196,387.9960
8845,130,16,0.1000,0.00001683,35.0266,796.0615,349.0669
8846,373,25,0.1000,0.00001683,31.7707,795.5131,328.9919
8847,463,33,0.1000,0.00001682,25.1987,789.1027,353.3758
8848,198,26,0.1000,0.00001682,26.9943,793.6079,330.0148
8849,172,20,0.1000,0.00001682,19.3577,785.3849,284.3087
8850,116,15,0.1000,0.00001681,28.3536,791.3743,334.4930
8851,222,18,0.1000,0.00001681,39.3422,783.4361,473.1319
8852,209,21,0.1000,0.00001680,30.4975,793.9293,498.5895
8853,37,10,0.1000,0.00001680,36.5417,774.6909,212.3366
8854,298,19,0.1000,0.00001680,34.6477,794.8113,298.4763
8855,163,19,0.1000,0.00001679,30.8001,794.6994,361.5174
8856,27,7,0.1000,0.00001679,24.8889,765.1650,415.5737
8857,530,33,0.1000,0.00001679,33.8312,795.6274,463.3818
8858,791,39,0.1000,0.00001678,33.4746,789.3576,404.9160
8859,126,16,0.1000,0.00001678,30.2667,784.6387,514.4366
8860,120,15,0.1000,0.00001678,43.2547,785.5416,382.0484
8861,119,13,0.1000,0.00001677,36.7311,786.2006,199.0567
8862,80,12,0.1000,0.00001677,28.5684,784.8492,368.0088
8863,35,9,0.1000,0.00001676,20.6602,768.0729,328.5934
8864,528,37,0.1000,0.00001676,35.0123,791.8769,394.3821
8865,157,16,0.1000,0.00001676,27.3427,780.6805,447.7416
8866,117,14,0.1000,0.00001675,33.3913,779.2307,420.8257
8867,345,27,0.1000,0.00001675,29.6803,792.7309,366.2327
8868,32,9,0.1000,0.00001675,24.7266,776.2713,526.5753
8869,141,19,0.1000,0.00001674,37.2916,785.1292,359.9564
8870,100,16,0.1000,0.00001674,30.0718,777.4887,224.7699
8871,48,10,0.1000,0.00001673,35.4612,770.9223,195.4970
8872,48,12,0.1000,0.00001673,30.9094,785.1760,381.5759
8873,54,12,0.1000,0.00001673,33.5630,789.0597,417.0088
8874,104,14,0.1000,0.00001672,40.9454,777.1729,379.9899
8875,467,27,0.1000,0.00001672,26.2243,800.2699,396.5917
8876,260,26,0.1000,0.00001671,33.7061,795.7986,258.5440
8877,685,33,0.1000,0.00001671,33.0632,796.0394,307.9549
8878,199,21,0.1000,0.00001671,27.2981,791.2212,353.2529
8879,46,10,0.1000,0.00001670,21.7768,773.0193,191.1397
8880,292,28,0.1000,0.00001670,27.0146,792.4352,504.6924
8881,144,16,0.1000,0.00001670,34.7438,790.5870,426.5383
8882,469,33,0.1000,0.00001669,37.1860,794.7391,363.9837
8883,77,13,0.1000,0.00001669,20.8430,793.0708,275.1410
8884,453,24,0.1000,0.00001669,33.7632,790.8600,338.1813
8885,156,19,0.1000,0.00001668,41.2372,789.9072,361.3607
8886,462,24,0.1000,0.00001668,23.1037,788.7960,340.9955
8887,36,8,0.1000,0.00001667,29.3643,774.6502,349.9836
8888,166,19,0.1000,0.00001667,31.1096,791.1288,271.6813
8889,70,14,0.1000,0.00001667,38.2162,785.3520,482.8622
8890,58,13,0.1000,0.00001666,34.8845,774.2437,362.1734
8891,81,14,0.1000,0.00001666,25.3025,780.5473,319.0997
8892,79,15,0.1000,0.00001666,25.0415,776.4605,391.9127
8893,96,13,0.1000,0.00001665,34.7017,780.0185,388.6916
8894,214,23,0.1000,0.00001665,33.1196,799.4877,352.5128
8895,83,13,0.1000,0.00001664,30.6088,773.9032,400.6034
8896,40,9,0.1000,0.00001664,36.3753,789.0621,792.1785
8897,580,29,0.1000,0.00001664,35.1780,793.5292,411.1657
8898,41,8,0.1000,0.00001663,26.3924,772.6125,384.0213
8899,87,13,0.1000,0.00001663,31.7651,787.4131,368.1121
8900,71,12,0.1000,0.00001662,35.8728,783.6593,442.8102
8901,674,31,0.1000,0.00001662,38.4180,806.8891,310.9903
8902,169,15,0.1000,0.00001662,19.8138,783.6370,260.9260
8903,52,11,0.1000,0.00001661,26.4574,773.7414,231.7731
8904,54,12,0.1000,0.00001661,45.8678,786.9053,375.7310
8905,34,7,0.1000,0.00001661,39.9148,776.8583,406.9421
8906,44,8,0.1000,0.00001660,32.5555,787.3266,347.3937
8907,73,13,0.1000,0.00001660,25.9610,786.4057,335.7266
8908,273,24,0.1000,0.00001659,29.7002,794.6349,300.0422
8909,1177,39,0.1000,0.00001659,23.4899,804.0095,403.8889
8910,229,20,0.1000,0.00001659,39.1936,794.7263,312.8336
8911,80,13,0.1000,0.00001658,30.2015,779.1510,376.8119
8912,408,31,0.1000,0.00001658,34.7630,798.7228,331.6924
8913,91,15,0.1000,0.00001658,34.4588,777.8042,413.9451
8914,160,15,0.1000,0.00001657,19.7238,783.1174,527.5960
8915,170,22,0.1000,0.00001657,33.4319,791.0802,526.0864
8916,170,18,0.1000,0.00001657,25.9160,778.8038,263.1702
8917,74,11,0.1000,0.00001656,37.4312,785.0056,335.7916
8918,166,17,0.1000,0.00001656,25.6727,789.4185,411.0616
8919,38,9,0.1000,0.00001655,30.2546,781.0074,468.2431
8920,42,12,0.1000,0.00001655,22.2227,788.4064,347.5848
8921,626,37,0.1000,0.00001655,23.9412,798.4180,355.8347
8922,666,31,0.1000,0.00001654,26.5831,804.1221,414.6241
8923,27,6,0.1000,0.00001654,29.2053,774.9153,208.1155
8924,132,18,0.1000,0.00001653,30.9906,796.2880,343.0616
8925,36,7,0.1000,0.00001653,30.4831,781.7961,281.6907
8926,53,12,0.1000,0.00001653,38.9395,791.0682,510.6660
8927,135,19,0.1000,0.00001652,35.1403,784.7942,408.3932
8928,437,31,0.1000,0.00001652,29.0761,798.2583,291.7906
8929,89,16,0.1000,0.00001652,28.9895,785.4195,438.3880
8930,36,10,0.1000,0.00001651,36.7956,781.5213,425.0337
8931,553,26,0.1000,0.00001651,30.7914,811.5574,326.1353
8932,255,20,0.1000,0.00001651,27.4272,795.5093,485.8518
8933,412,26,0.1000,0.00001650,24.5378,791.0110,411.4923
8934,334,30,0.1000,0.00001650,29.4697,787.5820,346.2533
8935,33,9,0.1000,0.00001649,13.1092,771.2163,309.5666
8936,287,27,0.1000,0.00001649,37.1807,796.5261,315.4245
8937,138,16,0.1000,0.00001649,26.0671,796.7930,343.4776
8938,58,13,0.1000,0.00001648,21.3860,789.1736,387.5928
8939,36,9,0.1000,0.00001648,39.1451,777.2720,462.8563
8940,291,22,0.1000,0.00001648,29.6169,800.2534,326.7984
8941,55,11,0.1000,0.00001647,27.2168,789.7488,475.1293
8942,400,25,0.1000,0.00001647,22.8077,789.2161,334.2582
8943,53,11,0.1000,0.00001646,25.7303,785.9859,452.0855
8944,35,8,0.1000,0.00001646,23.0137,780.1343,330.1948
8945,82,14,0.1000,0.00001646,29.7775,779.4923,255.5914
8946,564,29,0.1000,0.00001645,31.8207,808.8957,347.5759
8947,85,12,0.1000,0.00001645,39.0546,790.1929,432.6828
8948,181,22,0.1000,0.00001644,23.1508,794.8921,386.5233
8949,450,27,0.1000,0.00001644,24.3405,802.1248,350.2224
8950,160,18,0.1000,0.00001644,30.1919,802.2779,461.5446
8951,121,17,0.1000,0.00001643,36.3690,795.6453,368.4568
8952,117,13,0.1000,0.00001643,25.3347,800.2873,239.9879
8953,159,17,0.1000,0.00001643,43.0267,796.1448,434.8247
8954,61,12,0.1000,0.00001642,30.3802,784.5314,360.6095
8955,138,16,0.1000,0.00001642,38.0843,798.2990,376.0072
8956,128,16,0.1000,0.00001642,41.3159,792.6742,364.5074
8957,58,12,0.1000,0.00001641,39.7230,788.5589,368.0740
8958,29,9,0.1000,0.00001641,32.7110,774.3262,285.5542
8959,374,23,0.1000,0.00001640,24.6348,808.2990,363.6094
8960,31,8,0.1000,0.00001640,26.2933,778.7747,379.4414
8961,184,18,0.1000,0.00001640,32.8678,799.4664,361.7730
8962,75,14,0.1000,0.00001639,27.5032,794.1024,349.6299
8963,3734,59,0.1000,0.00001639,27.7979,849.7831,389.0645
8964,31,8,0.1000,0.00001638,32.9995,777.7718,340.4394
8965,49,12,0.1000,0.00001638,41.2790,790.0198,262.1862
8966,233,19,0.1000,0.00001638,31.3217,794.5897,326.9170
8967,174,16,0.1000,0.00001637,32.9956,799.0976,260.1349
8968,54,12,0.1000,0.00001637,37.4236,790.1970,408.7784
8969,42,11,0.1000,0.00001637,43.7846,785.3655,236.3380
8970,288,19,0.1000,0.00001636,26.2161,807.9656,295.8005
8971,922,48,0.1000,0.00001636,25.4400,798.0617,380.6310
8972,40,7,0.1000,0.00001636,34.9716,780.4469,338.9391
8973,1394,58,0.1000,0.00001635,31.4654,809.9578,407.9735
8974,57,12,0.1000,0.00001635,27.1960,781.6415,581.1544
8975,383,23,0.1000,0.00001634,30.0360,809.0748,283.5626
8976,41,11,0.1000,0.00001634,31.3885,788.1090,269.9546
8977,163,18,0.1000,0.00001634,33.5465,793.3708,338.8370
8978,223,17,0.1000,0.00001633,42.0144,809.1966,432.7435
8979,768,38,0.1000,0.00001633,33.3513,819.3798,460.9393
8980,118,16,0.1000,0.00001633,31.5918,797.7362,484.4695
8981,26,6,0.1000,0.00001632,23.6930,779.8961,556.6537
8982,86,14,0.1000,0.00001632,31.8810,796.3022,399.1121
8983,381,31,0.1000,0.00001631,38.2769,803.8262,267.3454
8984,242,18,0.1000,0.00001631,34.8631,788.9841,545.5237
8985,54,10,0.1000,0.00001631,32.1190,793.6937,411.2773
8986,230,19,0.1000,0.00001630,31.5127,794.6911,348.2763
8987,31,8,0.1000,0.00001630,33.0175,791.7845,252.7792
8988,62,13,0.1000,0.00001629,32.3669,783.6599,353.1166
8989,234,22,0.1000,0.00001629,25.9763,794.7658,330.3501
8990,39,9,0.1000,0.00001629,20.0408,788.5562,197.8473
8991,37,9,0.1000,0.00001628,35.8894,789.2733,343.6951
8992,494,26,0.1000,0.00001628,29.6296,809.1683,393.8869
8993,1180,34,0.1000,0.00001628,37.0167,827.8938,388.8107
8994,17,5,0.1000,0.00001627,12.6266,781.5256,324.7781
8995,57,12,0.1000,0.00001627,21.9987,780.7181,225.1831
8996,370,22,0.1000,0.00001627,32.1933,802.5577,306.5299
8997,77,11,0.1000,0.00001626,28.2462,787.7108,341.2508
8998,284,16,0.1000,0.00001626,32.9486,800.0050,266.8049
8999,175,18,0.1000,0.00001625,27.3535,802.3817,362.7770
9000,37,9,0.1000,0.00001625,30.5346,791.2395,490.6784
9001,81,12,0.1000,0.00001625,25.2726,798.1577,556.0731
9002,188,20,0.1000,0.00001624,36.1990,797.1468,348.3333
9003,26,7,0.1000,0.00001624,54.9226,779.1090,336.9094
9004,115,16,0.1000,0.00001624,34.6568,795.5629,324.2233
9005,76,13,0.1000,0.00001623,31.2353,799.5004,273.2090
9006,179,22,0.1000,0.00001623,29.3436,796.4348,338.6265
9007,101,15,0.1000,0.00001622,33.9119,783.3841,425.6966
9008,101,17,0.1000,0.00001622,33.7056,796.9965,322.7382
9009,258,22,0.1000,0.00001622,30.0866,801.0381,355.8360
9010,92,11,0.1000,0.00001621,28.6679,795.8869,400.2143
9011,83,13,0.1000,0.00001621,31.4570,793.5283,306.3130
9012,76,13,0.1000,0.00001620,32.4075,788.0556,340.6237
9013,128,16,0.1000,0.00001620,32.0339,787.7995,560.2865
9014,745,36,0.1000,0.00001620,35.5007,804.6414,313.5269
9015,101,16,0.1000,0.00001619,39.2191,795.0247,316.3675
9016,178,17,0.1000,0.00001619,36.1766,812.2698,459.2695
9017,112,17,0.1000,0.00001619,40.8741,797.9928,359.7778
9018,183,19,0.1000,0.00001618,28.6298,802.1668,393.9333
9019,129,15,0.1000,0.00001618,35.1998,804.2032,361.8836
9020,990,61,0.1000,0.00001618,32.9151,809.4375,303.7569
9021,335,26,0.1000,0.00001617,39.6553,800.6725,443.4334
9022,452,21,0.1000,0.00001617,25.1596,815.9700,264.2807
9023,122,16,0.1000,0.00001616,23.7185,800.8145,262.2793
9024,241,20,0.1000,0.00001616,29.6136,799.3216,437.7144
9025,183,20,0.1000,0.00001616,32.4991,806.6891,446.6599
9026,172,21,0.1000,0.00001615,37.2748,806.2250,403.8876
9027,59,13,0.1000,0.00001615,34.4933,791.1278,443.9406
9028,430,36,0.1000,0.00001615,29.1360,816.5867,410.2009
9029,133,17,0.1000,0.00001614,29.0947,798.0716,464.4067
9030,90,14,0.1000,0.00001614,44.4237,795.9149,417.7190
9031,126,17,0.1000,0.00001613,28.2823,799.6577,366.6515
9032,221,20,0.1000,0.00001613,28.8323,797.6114,409.2566
9033,173,16,0.1000,0.00001613,35.8244,804.6555,315.1212
9034,62,14,0.1000,0.00001612,21.8635,801.8372,322.5341
9035,124,13,0.1000,0.00001612,25.8747,810.2617,318.1093
9036,215,18,0.1000,0.00001611,42.5904,811.6280,295.6272
9037,1336,50,0.1000,0.00001611,35.0545,838.0497,488.1658
9038,82,14,0.1000,0.00001611,34.1683,795.0366,502.6466
9039,453,24,0.1000,0.00001610,30.7382,796.7547,473.4489
9040,53,12,0.1000,0.00001610,24.7703,796.1608,466.4834
9041,20,5,0.1000,0.00001610,24.5901,771.8418,390.2869
9042,373,24,0.1000,0.00001609,25.9015,806.0772,257.8858
9043,270,19,0.1000,0.00001609,38.0813,801.9076,386.3358
9044,417,30,0.1000,0.00001608,34.2849,820.1723,319.1441
9045,65,13,0.1000,0.00001608,23.5723,801.7084,433.8850
9046,27,9,0.1000,0.00001608,21.6743,797.3534,400.4597
9047,664,25,0.1000,0.00001607,28.2738,816.8537,411.3478
9048,49,8,0.1000,0.00001607,36.7744,799.3152,269.0465
9049,36,10,0.1000,0.00001607,33.9040,782.2274,249.5288
9050,243,19,0.1000,0.00001606,25.2667,815.8453,302.9239
9051,38,10,0.1000,0.00001606,35.9380,785.7374,423.2150
9052,105,14,0.1000,0.00001606,39.0840,798.8583,430.5324
9053,426,28,0.1000,0.00001605,37.9928,810.6478,388.5407
9054,100,16,0.1000,0.00001605,37.1706,798.8009,325.7270
9055,24,7,0.1000,0.00001604,22.6286,783.4484,366.5319
9056,304,26,0.1000,0.00001604,41.4009,808.3678,302.5618
9057,137,17,0.1000,0.00001604,27.8927,802.2686,443.2396
9058,458,26,0.1000,0.00001603,27.3862,806.8685,405.9709
9059,53,12,0.1000,0.00001603,26.5412,794.0637,420.0215
9060,58,11,0.1000,0.00001603,32.3936,794.3515,355.8555
9061,65,9,0.1000,0.00001602,27.5674,801.3003,267.0871
9062,168,19,0.1000,0.00001602,33.9937,810.9111,390.9353
9063,84,15,0.1000,0.00001601,38.5703,800.9223,258.6931
9064,171,20,0.1000,0.00001601,30.6835,810.6457,359.1432
9065,164,16,0.1000,0.00001601,49.9008,809.3958,399.3656
9066,55,11,0.1000,0.00001600,40.7215,800.3469,495.6995
9067,113,15,0.1000,0.00001600,22.9269,798.4253,306.2229
9068,448,25,0.1000,0.00001599,31.0421,811.0430,326.8269
9069,217,19,0.1000,0.00001599,32.5464,807.3000,432.9529
9070,119,13,0.1000,0.00001599,33.0639,794.0577,505.0048
9071,81,14,0.1000,0.00001598,29.2012,802.7076,343.8191
9072,42,12,0.1000,0.00001598,27.3974,800.6241,245.3191
9073,469,28,0.1000,0.00001598,27.2949,806.1312,344.5388
9074,81,14,0.1000,0.00001597,32.8239,803.3657,314.1013
9075,115,15,0.1000,0.00001597,43.9259,801.4397,304.7184
9076,59,12,0.1000,0.00001597,37.8252,799.8628,354.5501
9077,24,6,0.1000,0.00001596,24.1635,783.9942,350.5136
9078,60,13,0.1000,0.00001596,33.0452,798.3338,449.5370
9079,791,34,0.1000,0.00001595,30.9905,831.2105,336.2027
9080,88,16,0.1000,0.00001595,31.3389,805.4758,290.6144
9081,136,18,0.1000,0.00001595,42.8786,804.4235,332.5862
9082,98,14,0.1000,0.00001594,35.8579,792.7984,276.1522
9083,32,8,0.1000,0.00001594,40.4206,788.1389,368.8568
9084,124,17,0.1000,0.00001594,28.9225,798.9879,360.5423
9085,317,24,0.1000,0.00001593,34.8915,808.8882,362.8922
9086,56,12,0.1000,0.00001593,20.6706,802.9615,314.7322
9087,137,16,0.1000,0.00001592,34.8504,808.7986,317.4048
9088,122,16,0.1000,0.00001592,41.0342,806.5176,310.3656
9089,76,16,0.1000,0.00001592,27.6686,798.9033,477.4116
9090,50,10,0.1000,0.00001591,34.6688,804.4491,674.5549
9091,165,16,0.1000,0.00001591,37.4456,800.9518,662.2040
9092,129,16,0.1000,0.00001590,33.7473,808.9751,534.2680
9093,224,18,0.1000,0.00001590,32.4251,812.7631,417.1377
9094,55,13,0.1000,0.00001590,21.1270,801.5375,406.0949
9095,287,19,0.1000,0.00001589,31.2179,815.2923,212.1993
9096,73,11,0.1000,0.00001589,33.9834,803.2948,333.0689
9097,129,16,0.1000,0.00001589,34.1426,804.6613,435.1661
9098,169,19,0.1000,0.00001588,35.8158,812.9219,313.3977
9099,498,16,0.1000,0.00001588,24.4730,824.6427,473.4089
9100,423,33,0.1000,0.00001587,22.4291,818.1983,315.7687
9101,54,11,0.1000,0.00001587,45.9691,799.3703,327.0711
9102,137,16,0.1000,0.00001587,34.8461,799.7155,323.6406
9103,54,10,0.1000,0.00001586,19.2337,801.3614,252.7798
9104,42,10,0.1000,0.00001586,30.5270,795.1681,266.6097
9105,48,10,0.1000,0.00001586,33.7928,797.2762,208.5481
9106,173,18,0.1000,0.00001585,30.7845,809.0453,359.1753
9107,51,11,0.1000,0.00001585,37.6664,796.1415,280.8759
9108,73,13,0.1000,0.00001585,37.9553,804.3052,331.1066
9109,215,22,0.1000,0.00001584,29.0985,821.2698,390.4703
9110,168,17,0.1000,0.00001584,38.3965,809.5807,350.8461
9111,83,11,0.1000,0.00001583,53.9686,809.5579,216.2412
9112,52,11,0.1000,0.00001583,34.6649,787.2151,358.8063
9113,101,19,0.1000,0.00001583,36.1826,809.7956,297.1288
9114,64,11,0.1000,0.00001582,26.3973,798.5749,409.4579
9115,288,26,0.1000,0.00001582,38.2409,811.6528,426.1567
9116,50,10,0.1000,0.00001581,40.2875,788.5401,307.9537
9117,206,13,0.1000,0.00001581,31.5089,810.8810,373.6551
9118,88,14,0.1000,0.00001581,35.1493,806.2643,268.8521
9119,174,22,0.1000,0.00001580,27.1553,817.6594,342.4159
9120,291,20,0.1000,0.00001580,27.4010,807.5492,449.6265
9121,125,16,0.1000,0.00001580,24.5753,808.8519,447.1262
9122,34,8,0.1000,0.00001579,33.6095,806.2084,305.0585
9123,117,14,0.1000,0.00001579,35.3852,802.8102,420.1535
9124,85,17,0.1000,0.00001578,26.8564,807.6989,351.0881
9125,93,18,0.1000,0.00001578,21.7479,812.0980,313.4627
9126,125,17,0.1000,0.00001578,30.5531,818.1613,382.4740
9127,166,16,0.1000,0.00001577,28.1884,819.6952,272.5679
9128,75,15,0.1000,0.00001577,21.6900,818.8910,317.6028
9129,125,17,0.1000,0.00001577,26.6741,807.6634,255.5481
9130,34,8,0.1000,0.00001576,36.9078,797.5956,327.1671
9131,124,14,0.1000,0.00001576,29.0773,809.6311,397.4878
9132,369,23,0.1000,0.00001576,36.0768,826.0294,476.1380
9133,234,22,0.1000,0.00001575,32.0277,803.4065,423.5023
9134,222,21,0.1000,0.00001575,38.0649,807.5656,446.3432
9135,38,9,0.1000,0.00001574,24.2160,810.7604,330.6349
9136,81,13,0.1000,0.00001574,44.7131,804.6759,264.7225
9137,245,21,0.1000,0.00001574,28.2444,819.0432,371.7140
9138,169,15,0.1000,0.00001573,33.6749,815.4081,283.4044
9139,80,12,0.1000,0.00001573,31.5724,807.8558,265.0025
9140,141,20,0.1000,0.00001572,39.9439,818.0620,453.5757
9141,70,12,0.1000,0.00001572,37.6256,800.8848,300.4281
9142,35,10,0.1000,0.00001572,28.5468,790.9507,278.6685
9143,358,28,0.1000,0.00001571,32.8526,813.9372,587.6180
9144,160,16,0.1000,0.00001571,26.0776,818.7756,436.9938
9145,119,14,0.1000,0.00001571,34.0406,813.2172,321.7101
9146,769,29,0.1000,0.00001570,28.0317,821.1125,437.2664
9147,33,8,0.1000,0.00001570,52.6623,793.3299,297.7895
9148,596,34,0.1000,0.00001570,29.6743,817.3934,419.9188
9149,795,43,0.1000,0.00001569,30.4516,827.2345,389.6975
9150,208,23,0.1000,0.00001569,28.9778,821.2178,420.2971
9151,52,9,0.1000,0.00001568,40.8743,795.2910,377.1217
9152,607,40,0.1000,0.00001568,33.0707,821.2634,569.6972
9153,138,17,0.1000,0.00001568,31.3245,816.2649,322.5348
9154,551,40,0.1000,0.00001567,28.2977,812.5174,420.7504
9155,311,25,0.1000,0.00001567,38.3780,826.6711,280.5919
9156,41,11,0.1000,0.00001566,38.6646,804.8505,497.8993
9157,47,11,0.1000,0.00001566,18.9307,799.6020,465.7444
9158,106,20,0.1000,0.00001566,42.7279,814.6623,355.8898
9159,229,21,0.1000,0.00001565,33.0033,815.0519,415.3428
9160,52,10,0.1000,0.00001565,17.5202,810.8770,468.2790
9161,185,24,0.1000,0.00001565,23.5757,819.6648,298.0718
9162,459,25,0.1000,0.00001564,25.6813,828.1968,268.2461
9163,243,21,0.1000,0.00001564,31.2817,812.1181,514.9530
9164,36,10,0.1000,0.00001563,31.9068,804.8862,632.5856
9165,295,21,0.1000,0.00001563,46.0740,817.3421,456.3092
9166,48,9,0.1000,0.00001563,33.3146,795.9319,297.5676
9167,350,27,0.1000,0.00001562,29.3748,823.4200,282.3704
9168,55,11,0.1000,0.00001562,31.8768,802.5077,502.3057
9169,700,31,0.1000,0.00001562,37.5330,812.7617,383.9337
9170,117,15,0.1000,0.00001561,30.1308,811.4555,317.5044
9171,27,7,0.1000,0.00001561,44.7065,790.0193,499.9103
9172,291,22,0.1000,0.00001561,37.9835,811.3583,400.0271
9173,1895,46,0.1000,0.00001560,36.6578,841.5481,538.1621
9174,60,11,0.1000,0.00001560,37.9043,800.2457,295.4382
9175,38,11,0.1000,0.00001559,27.9329,802.0596,309.6873
9176,240,21,0.1000,0.00001559,32.4150,802.6191,375.4322
9177,350,26,0.1000,0.00001559,29.8708,805.2208,420.6927
9178,52,10,0.1000,0.00001558,26.0549,794.3356,444.5310
9179,127,17,0.1000,0.00001558,35.8230,812.2139,383.2248
9180,293,21,0.1000,0.00001557,27.4373,813.3425,322.4928
9181,597,35,0.1000,0.00001557,29.1623,820.2451,320.7313
9182,866,36,0.1000,0.00001557,35.3168,816.9643,309.6164
9183,94,13,0.1000,0.00001556,25.8725,811.4029,305.2955
9184,51,11,0.1000,0.00001556,40.6055,811.6504,411.5347
9185,219,19,0.1000,0.00001556,28.9814,815.2327,337.2653
9186,83,14,0.1000,0.00001555,27.2586,803.6373,361.3213
9187,32,8,0.1000,0.00001555,42.8783,798.1732,347.2460
9188,41,9,0.1000,0.00001555,32.0248,804.6105,340.9051
9189,648,40,0.1000,0.00001554,39.6354,826.9834,360.9681
9190,166,18,0.1000,0.00001554,38.9674,811.5557,422.2471
9191,229,19,0.1000,0.00001553,27.3519,816.8916,438.2150
9192,243,21,0.1000,0.00001553,31.5992,812.6264,651.0353
9193,247,22,0.1000,0.00001553,48.6020,812.8537,351.4165
9194,33,10,0.1000,0.00001552,34.5206,790.3753,249.9406
9195,244,21,0.1000,0.00001552,32.0127,828.8297,325.2066
9196,35,9,0.1000,0.00001552,39.6243,796.2883,277.7065
9197,558,26,0.1000,0.00001551,21.1282,826.6438,336.8153
9198,40,10,0.1000,0.00001551,48.8370,812.4712,322.4764
9199,72,11,0.1000,0.00001550,28.2260,804.5265,258.9617
9200,35,9,0.1000,0.00001550,25.2423,808.8647,362.4208
9201,80,12,0.1000,0.00001550,29.7325,811.9860,407.3666
9202,296,21,0.1000,0.00001549,28.6307,811.9989,426.9272
9203,1192,46,0.1000,0.00001549,26.9170,823.4836,380.6091
9204,32,8,0.1000,0.00001548,39.3009,800.4170,322.8699
9205,38,9,0.1000,0.00001548,27.6434,804.3544,394.9789
9206,303,24,0.1000,0.00001548,26.5464,815.1844,410.8963
9207,83,12,0.1000,0.00001547,18.7685,807.5311,376.8910
9208,301,24,0.1000,0.00001547,34.7338,825.1606,313.4679
9209,323,22,0.1000,0.00001547,29.8387,817.9284,366.5170
9210,21,5,0.1000,0.00001546,34.3670,791.5715,410.8500
9211,54,11,0.1000,0.00001546,29.7065,805.6690,312.1399
9212,224,20,0.1000,0.00001546,31.2819,807.6162,239.0702
9213,54,12,0.1000,0.00001545,42.7458,799.3932,287.6003
9214,62,12,0.1000,0.00001545,28.8879,801.5940,267.4557
9215,254,26,0.1000,0.00001544,34.7124,813.0240,355.8417
9216,86,12,0.1000,0.00001544,27.6553,822.0294,521.5291
9217,353,27,0.1000,0.00001544,38.5107,820.6653,490.1668
9218,81,14,0.1000,0.00001543,25.6394,802.2826,296.7224
9219,84,14,0.1000,0.00001543,41.4003,795.8223,395.3173
9220,315,23,0.1000,0.00001543,31.3091,817.9933,281.8988
9221,35,8,0.1000,0.00001542,31.4828,796.8749,414.2076
9222,39,11,0.1000,0.00001542,36.7351,794.7565,216.7959
9223,29,7,0.1000,0.00001541,33.1976,789.7180,230.2837
9224,68,10,0.1000,0.00001541,44.5659,812.5418,395.4157
9225,203,20,0.1000,0.00001541,24.3629,825.2208,384.5643
9226,300,28,0.1000,0.00001540,28.9319,825.0066,318.9484
9227,397,28,0.1000,0.00001540,24.1724,813.2293,406.9339
9228,553,38,0.1000,0.00001539,26.6732,821.2811,381.7031
9229,31,7,0.1000,0.00001539,18.3116,794.1869,488.0553
9230,469,28,0.1000,0.00001539,30.5272,817.2620,285.5941
9231,171,21,0.1000,0.00001538,43.6791,805.8753,323.2045
9232,78,17,0.1000,0.00001538,31.8059,800.4896,384.5531
9233,303,24,0.1000,0.00001538,31.1931,813.6767,385.1717
9234,135,16,0.1000,0.00001537,33.6132,819.5218,302.1549
9235,37,10,0.1000,0.00001537,35.4865,806.0118,359.6671
9236,59,13,0.1000,0.00001536,27.4862,819.7714,464.5682
9237,566,28,0.1000,0.00001536,28.7559,821.6852,443.8981
9238,110,19,0.1000,0.00001536,41.6922,806.5793,404.8939
9239,105,17,0.1000,0.00001535,36.0996,806.4506,446.2043
9240,48,10,0.1000,0.00001535,31.4190,805.0336,605.6413
9241,59,12,0.1000,0.00001535,26.8086,811.2840,400.6244
9242,126,15,0.1000,0.00001534,24.8321,816.2203,373.9695
9243,87,16,0.1000,0.00001534,38.7596,813.7272,635.5339
9244,463,27,0.1000,0.00001534,25.4187,805.4390,373.5749
9245,567,40,0.1000,0.00001533,35.5934,823.4200,365.5821
9246,866,46,0.1000,0.00001533,31.2472,828.9649,325.5286
9247,20,6,0.1000,0.00001532,24.4663,777.8637,354.8040
9248,53,11,0.1000,0.00001532,26.8106,806.9602,345.7046
9249,379,29,0.1000,0.00001532,28.3505,814.9691,369.6480
9250,78,15,0.1000,0.00001531,29.7138,805.6474,250.2953
9251,796,53,0.1000,0.00001531,29.4541,823.1666,489.5378
9252,77,10,0.1000,0.00001530,34.6968,789.9560,475.7733
9253,175,20,0.1000,0.00001530,32.3324,804.9167,352.5592
9254,52,11,0.1000,0.00001530,34.1149,800.8105,399.8071
9255,52,10,0.1000,0.00001529,30.0334,801.3681,355.9143
9256,132,16,0.1000,0.00001529,32.2442,815.0693,423.0032
9257,187,17,0.1000,0.00001529,39.9480,809.2324,244.1045
9258,118,15,0.1000,0.00001528,29.4080,812.3123,343.5224
9259,80,15,0.1000,0.00001528,30.2066,819.3681,232.2723
9260,38,10,0.1000,0.00001528,30.1466,802.8954,338.2252
9261,59,13,0.1000,0.00001527,23.6971,822.6228,388.4725
9262,27,7,0.1000,0.00001527,38.0963,803.9677,279.5744
9263,85,12,0.1000,0.00001526,17.2290,803.0866,287.9057
9264,88,16,0.1000,0.00001526,38.9498,812.1752,443.7683
9265,890,44,0.1000,0.00001526,32.9629,825.4810,303.5587
9266,474,29,0.1000,0.00001525,29.4006,828.3340,351.8558
9267,40,12,0.1000,0.00001525,36.7085,810.3484,412.8836
9268,114,13,0.1000,0.00001525,35.8885,810.3690,344.5393
9269,248,22,0.1000,0.00001524,23.1645,818.3123,536.6249
9270,95,17,0.1000,0.00001524,31.4090,811.8173,329.2222
9271,34,8,0.1000,0.00001523,36.9496,799.7869,374.4682
9272,667,29,0.1000,0.00001523,26.2518,830.0493,427.0719
9273,168,20,0.1000,0.00001523,25.5127,809.1359,405.8903
9274,40,9,0.1000,0.00001522,33.4109,801.1829,679.2094
9275,165,18,0.1000,0.00001522,34.2759,816.1476,561.3298
9276,123,15,0.1000,0.00001522,32.3852,815.4595,443.2782
9277,34,9,0.1000,0.00001521,31.6390,797.4338,623.2509
9278,288,21,0.1000,0.00001521,28.6012,824.1540,588.6136
9279,128,17,0.1000,0.00001520,38.2627,805.9390,309.1017
9280,243,22,0.1000,0.00001520,30.1453,821.6614,392.6756
9281,319,25,0.1000,0.00001520,43.9886,812.0075,324.8975
9282,127,17,0.1000,0.00001519,35.8622,811.8886,295.2966
9283,179,19,0.1000,0.00001519,30.9413,807.5618,361.8980
9284,121,16,0.1000,0.00001519,34.2232,814.9332,407.9218
9285,44,9,0.1000,0.00001518,22.0672,797.3289,388.9639
9286,91,14,0.1000,0.00001518,34.4345,796.1017,472.7804
9287,239,22,0.1000,0.00001517,34.8168,816.4548,388.9934
9288,75,10,0.1000,0.00001517,22.8832,799.1183,503.7999
9289,229,20,0.1000,0.00001517,40.2213,811.4576,286.7723
9290,41,11,0.1000,0.00001516,24.8841,796.0676,407.4963
9291,715,43,0.1000,0.00001516,29.3330,829.3851,338.9981
9292,86,13,0.1000,0.00001515,39.8600,813.3340,395.5025
9293,361,30,0.1000,0.00001515,38.9817,822.9266,424.6725
9294,33,8,0.1000,0.00001515,33.9837,797.5156,556.7279
9295,30,9,0.1000,0.00001514,28.7413,798.8644,308.5966
9296,282,23,0.1000,0.00001514,39.9815,823.6732,382.0877
9297,257,24,0.1000,0.00001514,35.2805,818.4868,210.3119
9298,329,25,0.1000,0.00001513,33.2776,824.2759,418.9878
9299,579,32,0.1000,0.00001513,36.8521,822.8457,307.1398
9300,474,28,0.1000,0.00001513,37.5866,820.9077,397.4203
9301,41,9,0.1000,0.00001512,25.0285,805.9657,423.6233
9302,41,9,0.1000,0.00001512,19.0943,811.5368,539.6162
9303,500,16,0.1000,0.00001511,29.0842,825.7911,284.2533
9304,175,20,0.1000,0.00001511,35.0823,814.4100,287.3508
9305,44,13,0.1000,0.00001511,32.9288,807.9705,422.8672
9306,234,21,0.1000,0.00001510,35.3347,823.0829,392.6308
9307,43,9,0.1000,0.00001510,23.7774,802.4415,227.0800
9308,54,11,0.1000,0.00001510,39.0113,806.3614,461.9917
9309,85,13,0.1000,0.00001509,37.6263,814.4613,351.3600
9310,565,30,0.1000,0.00001509,25.7802,820.6254,330.8057
9311,170,17,0.1000,0.00001508,29.6009,822.7090,395.2848
9312,359,27,0.1000,0.00001508,30.2817,826.5830,351.1735
9313,463,24,0.1000,0.00001508,30.8190,817.0080,353.5041
9314,574,31,0.1000,0.00001507,26.5432,830.7512,312.0429
9315,204,22,0.1000,0.00001507,26.9679,813.7059,399.6694
9316,672,37,0.1000,0.00001506,24.9875,821.1776,367.5013
9317,132,19,0.1000,0.00001506,28.5450,816.3859,348.6204
9318,663,41,0.1000,0.00001506,28.6035,825.4979,359.4653
9319,365,27,0.1000,0.00001505,29.9808,812.1517,293.0731
9320,46,8,0.1000,0.00001505,33.3014,802.2213,415.3285
9321,41,10,0.1000,0.00001505,25.7319,810.4646,277.2147
9322,38,9,0.1000,0.00001504,38.7336,806.1476,312.1760
9323,95,11,0.1000,0.00001504,35.8211,810.9835,375.2100
9324,110,14,0.1000,0.00001504,34.0383,816.3694,514.9665
9325,85,15,0.1000,0.00001503,25.8404,812.0509,410.1922
9326,57,10,0.1000,0.00001503,23.1102,813.0760,491.2176
9327,56,13,0.1000,0.00001502,33.8587,813.7400,306.1373
9328,58,12,0.1000,0.00001502,39.8640,804.3054,272.2434
9329,304,26,0.1000,0.00001502,27.4223,824.6168,385.7732
9330,78,14,0.1000,0.00001501,37.8822,810.7492,400.0148
9331,59,12,0.1000,0.00001501,29.3736,801.2999,463.0662
9332,113,14,0.1000,0.00001501,30.9916,810.8584,621.6940
9333,169,19,0.1000,0.00001500,34.5882,808.0284,439.0324
9334,370,23,0.1000,0.00001500,29.5003,820.1986,354.2572
9335,216,24,0.1000,0.00001499,36.8568,817.9160,406.9261
9336,55,12,0.1000,0.00001499,32.1931,810.2076,378.4819
9337,39,10,0.1000,0.00001499,26.8973,809.3776,297.0151
9338,37,10,0.1000,0.00001498,20.3263,814.3749,282.0975
9339,223,22,0.1000,0.00001498,32.2203,823.3206,421.7265
9340,88,14,0.1000,0.00001497,37.8134,819.1395,352.6139
9341,1043,42,0.1000,0.00001497,36.1692,827.9946,355.6553
9342,96,14,0.1000,0.00001497,21.8898,808.3172,313.4421
9343,380,24,0.1000,0.00001496,24.3414,821.8937,394.9846
9344,158,20,0.1000,0.00001496,32.6093,823.6887,297.6040
9345,582,38,0.1000,0.00001496,29.0471,834.0129,368.6815
9346,29,8,0.1000,0.00001495,27.3585,805.1723,366.8176
9347,29,7,0.1000,0.00001495,24.8622,802.6113,396.7480
9348,113,14,0.1000,0.00001495,27.0243,808.3140,578.0688
9349,111,11,0.1000,0.00001494,37.5063,820.6177,479.3901
9350,542,29,0.1000,0.00001494,36.1564,831.0181,343.5363
9351,62,14,0.1000,0.00001493,41.5360,817.8284,290.0031
9352,213,22,0.1000,0.00001493,37.4914,809.0536,455.9399
9353,236,23,0.1000,0.00001493,26.7765,828.4661,346.6761
9354,183,18,0.1000,0.00001492,33.2955,812.7536,457.7759
9355,211,24,0.1000,0.00001492,24.0360,809.2698,350.4310
9356,47,8,0.1000,0.00001492,40.3970,805.6046,242.9211
9357,292,21,0.1000,0.00001491,24.9183,820.9045,460.0800
9358,80,16,0.1000,0.00001491,25.7047,812.2949,236.0935
9359,30,7,0.1000,0.00001490,27.8192,808.8199,325.7583
9360,415,27,0.1000,0.00001490,30.6171,817.6556,324.8585
9361,155,14,0.1000,0.00001490,31.2053,817.4811,451.6069
9362,55,10,0.1000,0.00001489,31.3803,810.4233,487.6778
9363,322,32,0.1000,0.00001489,32.2640,825.9105,307.5238
9364,81,13,0.1000,0.00001489,23.2830,809.0130,299.4706
9365,24,6,0.1000,0.00001488,33.9673,792.1570,388.6805
9366,77,11,0.1000,0.00001488,49.0103,814.8576,401.5479
9367,123,18,0.1000,0.00001487,32.1608,816.8377,419.9649
9368,71,13,0.1000,0.00001487,30.0843,811.1922,363.6984
9369,277,25,0.1000,0.00001487,33.7973,821.7204,348.6398
9370,293,22,0.1000,0.00001486,32.5921,811.7874,407.5540
9371,214,17,0.1000,0.00001486,35.6787,827.0173,291.8955
9372,234,23,0.1000,0.00001485,30.6681,820.4505,332.5965
9373,42,10,0.1000,0.00001485,23.6939,817.8123,476.0503
9374,164,18,0.1000,0.00001485,37.5554,820.1011,372.4879
9375,181,18,0.1000,0.00001484,29.2188,822.7916,427.0459
9376,40,11,0.1000,0.00001484,29.4015,819.5473,325.5544
9377,28,6,0.1000,0.00001484,38.3701,804.7307,473.9391
9378,39,9,0.1000,0.00001483,35.3346,806.0927,428.7810
9379,204,24,0.1000,0.00001483,30.4584,834.0840,312.6738
9380,161,17,0.1000,0.00001483,21.3218,817.4322,314.0516
9381,34,9,0.1000,0.00001482,35.0163,807.6807,260.6938
9382,268,19,0.1000,0.00001482,33.5807,818.8999,223.3934
9383,103,15,0.1000,0.00001481,28.6420,815.5500,316.9777
9384,223,18,0.1000,0.00001481,32.0042,812.9903,287.4641
9385,384,25,0.1000,0.00001481,26.2442,832.4927,342.9074
9386,57,11,0.1000,0.00001480,28.0151,801.0949,282.3728
9387,159,14,0.1000,0.00001480,29.2099,824.9143,372.6780
9388,173,20,0.1000,0.00001480,32.0196,829.6006,305.2502
9389,89,16,0.1000,0.00001479,31.9570,810.4727,422.5299
9390,139,18,0.1000,0.00001479,22.6495,830.5421,516.3536
9391,33,9,0.1000,0.00001478,42.7313,805.0061,389.5948
9392,460,25,0.1000,0.00001478,32.7119,828.0960,402.5123
9393,58,12,0.1000,0.00001478,36.3247,818.8576,402.4193
9394,71,11,0.1000,0.00001477,47.4986,806.4080,385.7719
9395,183,19,0.1000,0.00001477,24.7923,824.4895,418.1390
9396,165,16,0.1000,0.00001476,29.3742,822.8675,271.9753
9397,161,15,0.1000,0.00001476,30.5074,818.0437,256.4735
9398,84,15,0.1000,0.00001476,28.3262,810.5230,377.1173
9399,180,20,0.1000,0.00001475,28.8476,830.8696,453.1588
9400,99,15,0.1000,0.00001475,43.5855,824.5398,317.0866
9401,630,37,0.1000,0.00001475,31.4004,830.7036,323.0641
9402,168,19,0.1000,0.00001474,30.3470,817.2854,342.2234
9403,62,10,0.1000,0.00001474,44.7348,819.2022,639.2008
9404,50,10,0.1000,0.00001474,34.3824,812.3171,294.3679
9405,30,8,0.1000,0.00001473,28.7059,816.8363,343.3443
9406,154,15,0.1000,0.00001473,37.3611,824.6692,418.1515
9407,457,22,0.1000,0.00001472,25.0869,817.1258,337.7064
9408,447,31,0.1000,0.00001472,28.3325,826.5928,288.1736
9409,286,22,0.1000,0.00001472,36.0425,827.1115,335.5942
9410,303,20,0.1000,0.00001471,36.5284,819.3548,324.6381
9411,35,8,0.1000,0.00001471,26.1848,807.4424,303.9742
9412,162,20,0.1000,0.00001471,27.3147,822.8592,350.9068
9413,28,7,0.1000,0.00001470,27.5665,819.0212,307.9528
9414,806,34,0.1000,0.00001470,34.4910,847.7175,428.7798
9415,41,10,0.1000,0.00001469,22.8191,817.8640,325.9585
9416,175,18,0.1000,0.00001469,28.2767,813.1843,322.1860
9417,222,22,0.1000,0.00001469,34.7353,819.4225,336.2199
9418,160,16,0.1000,0.00001468,42.8172,831.8275,333.8914
9419,57,11,0.1000,0.00001468,47.9709,822.9642,375.1575
9420,121,15,0.1000,0.00001467,40.3339,827.7942,514.1817
9421,34,9,0.1000,0.00001467,39.7073,804.6711,335.3411
9422,493,30,0.1000,0.00001467,27.3018,841.3895,277.4372
9423,86,15,0.1000,0.00001466,44.6760,808.1579,508.9461
9424,27,7,0.1000,0.00001466,22.3297,797.8887,365.8228
9425,52,10,0.1000,0.00001466,35.9825,816.9698,333.7696
9426,39,10,0.1000,0.00001465,31.5721,811.1303,279.7383
9427,290,23,0.1000,0.00001465,38.6319,831.3297,285.6139
9428,127,17,0.1000,0.00001464,41.6380,831.3590,324.8858
9429,103,18,0.1000,0.00001464,26.0750,830.2482,318.3794
9430,214,16,0.1000,0.00001464,37.7372,827.6643,349.3470
9431,116,13,0.1000,0.00001463,21.4892,819.4881,335.2209
9432,189,18,0.1000,0.00001463,27.8837,836.0237,569.9536
9433,234,21,0.1000,0.00001463,41.3932,825.6772,478.3366
9434,388,25,0.1000,0.00001462,30.1736,832.9818,366.5222
9435,127,15,0.1000,0.00001462,40.3618,829.5109,380.9160
9436,40,9,0.1000,0.00001462,36.7856,820.5387,403.7086
9437,31,8,0.1000,0.00001461,33.7620,807.1817,357.0467
9438,182,17,0.1000,0.00001461,31.9210,826.1725,315.3158
9439,482,33,0.1000,0.00001460,32.3915,830.3555,325.5183
9440,277,30,0.1000,0.00001460,36.1018,834.3997,393.0397
9441,376,25,0.1000,0.00001460,40.2939,839.0895,335.2097
9442,1048,35,0.1000,0.00001459,28.5041,853.0111,380.7231
9443,77,12,0.1000,0.00001459,25.4819,822.5886,344.9499
9444,308,26,0.1000,0.00001458,40.0442,831.0572,286.6394
9445,123,14,0.1000,0.00001458,28.2141,826.4159,354.7797
9446,34,9,0.1000,0.00001458,24.7009,806.6444,347.8840
9447,363,23,0.1000,0.00001457,40.6443,821.1699,471.2076
9448,57,12,0.1000,0.00001457,16.4509,829.3964,342.4112
9449,355,26,0.1000,0.00001457,32.7060,836.0061,359.5636
9450,162,20,0.1000,0.00001456,21.7358,827.4279,429.8030
9451,1054,38,0.1000,0.00001456,36.4693,842.2433,455.7674
9452,73,10,0.1000,0.00001455,23.4954,830.7676,326.5173
9453,155,14,0.1000,0.00001455,27.9039,829.1892,377.4048
9454,153,16,0.1000,0.00001455,28.5978,832.3780,291.7979
9455,62,12,0.1000,0.00001454,42.5946,824.6060,491.6458
9456,84,15,0.1000,0.00001454,35.6467,824.7704,253.8665
9457,81,13,0.1000,0.00001454,25.6333,816.9559,351.4901
9458,62,13,0.1000,0.00001453,25.9061,822.9922,390.7198
9459,54,10,0.1000,0.00001453,32.1035,820.9967,388.4476
9460,42,11,0.1000,0.00001453,46.5307,819.5394,275.2090
9461,88,15,0.1000,0.00001452,28.6589,826.4362,346.4650
9462,167,17,0.1000,0.00001452,35.6110,832.3854,400.8901
9463,83,11,0.1000,0.00001451,19.0259,816.3734,244.0551
9464,74,12,0.1000,0.00001451,26.0277,837.8313,328.2633
9465,96,14,0.1000,0.00001451,29.5968,824.9234,370.3023
9466,336,26,0.1000,0.00001450,28.2682,837.5344,435.0958
9467,32,9,0.1000,0.00001450,34.1056,811.9540,214.0748
9468,41,10,0.1000,0.00001449,41.7181,819.9173,400.8840
9469,124,16,0.1000,0.00001449,39.8956,829.0647,339.4307
9470,545,28,0.1000,0.00001449,26.9709,827.9797,417.7303
9471,85,13,0.1000,0.00001448,25.4243,818.6235,275.4721
9472,105,13,0.1000,0.00001448,28.8162,830.5786,323.4634
9473,529,36,0.1000,0.00001448,24.5535,837.4818,420.6015
9474,47,10,0.1000,0.00001447,36.8585,821.3553,360.8086
9475,98,15,0.1000,0.00001447,34.2370,829.9095,253.3151
9476,220,19,0.1000,0.00001447,36.6648,828.8598,313.3316
9477,171,18,0.1000,0.00001446,31.9776,835.9410,300.2602
9478,297,23,0.1000,0.00001446,35.1117,836.8907,338.4038
9479,90,16,0.1000,0.00001445,30.7340,826.0225,366.4894
9480,77,13,0.1000,0.00001445,41.1456,826.0988,338.8746
9481,51,12,0.1000,0.00001445,28.4572,815.7445,347.5637
9482,448,28,0.1000,0.00001444,30.8461,834.6854,403.7414
9483,83,13,0.1000,0.00001444,31.4622,823.6523,382.4969
9484,56,12,0.1000,0.00001443,23.3208,819.0339,470.9680
9485,31,7,0.1000,0.00001443,23.2612,801.7747,351.3969
9486,28,7,0.1000,0.00001443,34.7175,808.8816,382.5053
9487,80,12,0.1000,0.00001442,30.6094,834.5225,501.8431
9488,166,14,0.1000,0.00001442,32.8570,829.0507,359.8351
9489,116,12,0.1000,0.00001442,32.5577,826.3065,306.5719
9490,44,7,0.1000,0.00001441,26.1148,808.5215,310.3851
9491,37,9,0.1000,0.00001441,31.5193,812.5034,252.7399
9492,59,12,0.1000,0.00001441,21.2675,816.7974,339.0115
9493,315,27,0.1000,0.00001440,30.8897,832.4066,383.9008
9494,36,10,0.1000,0.00001440,53.5889,815.7322,422.3835
9495,158,13,0.1000,0.00001439,45.4116,834.0545,374.3758
9496,25,7,0.1000,0.00001439,43.9667,810.2493,429.1886
9497,300,24,0.1000,0.00001439,31.2406,823.9499,370.2729
9498,38,9,0.1000,0.00001438,37.3604,805.4283,344.2143
9499,430,31,0.1000,0.00001438,24.8460,829.0783,424.6878
9500,281,20,0.1000,0.00001438,33.9482,829.5039,336.4601
9501,30,8,0.1000,0.00001437,45.0170,822.7485,289.8943
9502,36,10,0.1000,0.00001437,35.7889,822.6779,310.9699
9503,189,23,0.1000,0.00001436,30.7372,835.0238,459.2756
9504,35,8,0.1000,0.00001436,23.4058,821.6856,261.8400
9505,188,20,0.1000,0.00001436,33.5162,818.1976,301.1765
9506,245,21,0.1000,0.00001435,29.5160,837.1660,364.3903
9507,123,15,0.1000,0.00001435,22.9199,820.4516,413.8131
9508,1026,45,0.1000,0.00001434,23.9326,850.9297,364.4033
9509,72,10,0.1000,0.00001434,21.8026,817.6996,477.2856
9510,41,10,0.1000,0.00001434,26.4395,822.4216,430.2711
9511,56,11,0.1000,0.00001433,22.2231,818.5436,378.9120
9512,61,12,0.1000,0.00001433,29.1252,825.0681,249.6964
9513,241,23,0.1000,0.00001433,25.5269,832.7571,377.1981
9514,422,28,0.1000,0.00001432,23.3980,832.1795,314.4642
9515,53,10,0.1000,0.00001432,13.7080,822.0387,333.6331
9516,125,15,0.1000,0.00001432,30.3847,840.6864,426.2995
9517,410,30,0.1000,0.00001431,40.6488,836.9345,470.9247
9518,51,10,0.1000,0.00001431,21.0194,823.1074,290.4575
9519,184,16,0.1000,0.00001430,41.0189,826.7655,363.7761
9520,30,7,0.1000,0.00001430,31.0178,812.0376,303.8273
9521,87,13,0.1000,0.00001430,37.5807,826.5964,402.5327
9522,71,12,0.1000,0.00001429,32.6421,823.4219,388.2001
9523,992,51,0.1000,0.00001429,34.4233,842.6162,384.3922
9524,88,15,0.1000,0.00001429,47.8043,821.1699,289.8594
9525,50,11,0.1000,0.00001428,34.6736,818.1023,298.0553
9526,61,13,0.1000,0.00001428,29.5919,828.1314,308.9970
9527,51,11,0.1000,0.00001427,34.0068,824.4937,398.6787
9528,46,9,0.1000,0.00001427,37.1715,816.7670,361.8120
9529,170,20,0.1000,0.00001427,27.3604,830.6900,344.7048
9530,561,27,0.1000,0.00001426,29.4576,843.0791,420.6551
9531,565,37,0.1000,0.00001426,26.2410,837.4217,472.7393
9532,168,18,0.1000,0.00001425,24.6700,834.9341,307.6355
9533,318,26,0.1000,0.00001425,35.5852,835.5211,393.4045
9534,1209,39,0.1000,0.00001425,33.3872,835.8339,405.9923
9535,122,15,0.1000,0.00001424,33.5295,820.9865,324.4202
9536,166,20,0.1000,0.00001424,32.6142,838.5406,371.7609
9537,58,13,0.1000,0.00001424,30.7365,826.3398,393.7884
9538,410,29,0.1000,0.00001423,29.4270,834.3518,272.4806
9539,57,12,0.1000,0.00001423,25.1833,827.1972,384.5943
9540,122,17,0.1000,0.00001423,28.5386,833.8673,375.7471
9541,164,18,0.1000,0.00001422,33.3310,837.3193,352.6860
9542,47,10,0.1000,0.00001422,23.0275,825.2293,300.7299
9543,305,24,0.1000,0.00001421,33.0825,823.5532,302.0173
9544,372,25,0.1000,0.00001421,30.7543,842.6148,386.5056
9545,72,11,0.1000,0.00001421,21.2194,826.4589,324.6823
9546,41,10,0.1000,0.00001420,36.6118,826.5557,283.5130
9547,160,15,0.1000,0.00001420,38.6830,821.7966,282.7595
9548,137,17,0.1000,0.00001420,26.7370,832.7570,309.6881
9549,116,15,0.1000,0.00001419,28.5147,840.8744,334.2200
9550,29,8,0.1000,0.00001419,28.8747,810.4469,334.9654
9551,209,21,0.1000,0.00001418,30.3895,824.9841,286.2538
9552,80,12,0.1000,0.00001418,30.2290,823.0454,309.6648
9553,693,36,0.1000,0.00001418,35.2837,839.5729,363.1251
9554,104,18,0.1000,0.00001417,27.8479,828.8989,395.3380
9555,222,21,0.1000,0.00001417,26.5467,831.9370,325.9841
9556,55,11,0.1000,0.00001416,40.3435,823.5132,353.5720
9557,173,18,0.1000,0.00001416,34.7375,828.4243,303.7533
9558,27,5,0.1000,0.00001416,34.2814,817.8730,456.0444
9559,24,6,0.1000,0.00001415,30.0003,808.6008,358.3437
9560,202,21,0.1000,0.00001415,36.7024,838.9724,419.4015
9561,130,17,0.1000,0.00001415,32.2827,835.1246,319.0163
9562,217,23,0.1000,0.00001414,28.9012,830.9204,363.2310
9563,311,22,0.1000,0.00001414,27.7156,835.4181,290.5415
9564,51,11,0.1000,0.00001413,28.9565,821.2871,305.8113
9565,180,21,0.1000,0.00001413,27.3469,820.4066,507.6700
9566,338,23,0.1000,0.00001413,37.9008,839.3973,368.1100
9567,232,19,0.1000,0.00001412,29.0605,825.9956,384.2836
9568,279,25,0.1000,0.00001412,29.8261,838.8006,476.7085
9569,259,28,0.1000,0.00001412,25.5695,831.9272,455.6164
9570,29,9,0.1000,0.00001411,34.0863,823.8826,374.7047
9571,429,33,0.1000,0.00001411,37.4710,833.3568,357.7174
9572,152,22,0.1000,0.00001411,30.7105,835.9657,318.1797
9573,298,22,0.1000,0.00001410,33.3939,849.2843,282.6712
9574,121,15,0.1000,0.00001410,24.0879,832.4058,519.7725
9575,84,13,0.1000,0.00001409,41.1899,832.6794,352.6889
9576,81,12,0.1000,0.00001409,23.0230,829.6145,388.8510
9577,135,15,0.1000,0.00001409,39.6526,831.6750,457.7597
9578,416,28,0.1000,0.00001408,28.5503,843.1320,366.3405
9579,40,10,0.1000,0.00001408,23.9242,828.8276,395.3903
9580,72,12,0.1000,0.00001407,23.3100,832.5419,253.3427
9581,37,8,0.1000,0.00001407,29.3436,824.8113,363.4830
9582,43,12,0.1000,0.00001407,24.2233,821.2892,566.3697
9583,346,29,0.1000,0.00001406,30.6891,842.4361,351.0266
9584,90,16,0.1000,0.00001406,26.4367,831.0724,265.3343
9585,103,16,0.1000,0.00001406,25.6340,836.3388,375.5889
9586,83,13,0.1000,0.00001405,32.8472,822.4451,252.8693
9587,53,11,0.1000,0.00001405,25.6904,823.2068,305.9890
9588,499,26,0.1000,0.00001404,23.8306,853.4620,302.2007
9589,25,6,0.1000,0.00001404,18.7329,815.7546,297.6833
9590,226,19,0.1000,0.00001404,30.1271,840.0516,373.7333
9591,289,20,0.1000,0.00001403,26.4875,835.5806,349.9002
9592,102,16,0.1000,0.00001403,28.4018,841.4751,384.5694
9593,79,13,0.1000,0.00001403,39.0337,836.0674,266.7627
9594,37,8,0.1000,0.00001402,25.4792,822.1432,396.8382
9595,49,10,0.1000,0.00001402,35.3960,822.9896,339.2816
9596,56,11,0.1000,0.00001402,29.2601,834.9728,406.7494
9597,1332,46,0.1000,0.00001401,39.2958,864.8407,335.2570
9598,36,10,0.1000,0.00001401,19.0369,819.8575,302.7388
9599,84,13,0.1000,0.00001400,25.8517,833.0015,397.1865
9600,54,10,0.1000,0.00001400,27.0201,830.1727,368.5380
9601,32,7,0.1000,0.00001400,43.0460,813.2008,405.0567
9602,41,9,0.1000,0.00001399,20.5521,830.9575,489.7007
9603,78,13,0.1000,0.00001399,26.9030,836.7273,412.1686
9604,141,20,0.1000,0.00001399,34.3055,838.1822,317.6665
9605,374,21,0.1000,0.00001398,37.0661,841.0561,468.9461
9606,232,20,0.1000,0.00001398,26.0910,834.4336,374.1464
9607,263,25,0.1000,0.00001397,29.4112,851.7439,362.7710
9608,239,22,0.1000,0.00001397,38.7750,826.2033,325.2713
9609,164,17,0.1000,0.00001397,22.8736,830.7115,404.1406
9610,31,7,0.1000,0.00001396,26.2168,820.5925,222.2616
9611,143,19,0.1000,0.00001396,32.7504,840.0608,239.6749
9612,39,10,0.1000,0.00001395,33.9745,826.6074,342.7887
9613,395,28,0.1000,0.00001395,36.9033,838.8388,426.3281
9614,479,36,0.1000,0.00001395,29.2883,836.5555,368.3333
9615,159,18,0.1000,0.00001394,25.8407,837.7187,267.7546
9616,59,12,0.1000,0.00001394,26.4512,832.6056,434.4522
9617,77,13,0.1000,0.00001394,30.2258,822.8450,495.4743
9618,129,18,0.1000,0.00001393,30.5768,847.1955,512.1733
9619,34,9,0.1000,0.00001393,35.9992,823.1983,346.6785
9620,292,24,0.1000,0.00001392,31.5297,841.2798,279.6670
9621,126,16,0.1000,0.00001392,21.0801,849.6472,306.6842
9622,296,20,0.1000,0.00001392,27.9636,850.6593,333.9984
9623,221,18,0.1000,0.00001391,28.0382,840.0071,290.8604
9624,137,17,0.1000,0.00001391,30.8945,835.1211,304.8039
9625,175,21,0.1000,0.00001391,28.8524,836.1990,291.2165
9626,194,23,0.1000,0.00001390,28.8242,848.2700,480.8883
9627,172,21,0.1000,0.00001390,32.2950,837.3360,265.9442
9628,163,16,0.1000,0.00001390,39.5448,834.5611,418.5849
9629,669,29,0.1000,0.00001389,36.0918,847.7179,451.5351
9630,395,27,0.1000,0.00001389,30.9746,842.3881,375.4729
9631,163,18,0.1000,0.00001388,23.7795,842.7788,289.5347
9632,176,18,0.1000,0.00001388,27.2167,837.4190,365.7674
9633,160,19,0.1000,0.00001388,29.9423,847.2870,230.2965
9634,97,14,0.1000,0.00001387,33.6071,845.6750,294.6495
9635,42,10,0.1000,0.00001387,23.1115,830.0807,222.7450
9636,96,15,0.1000,0.00001386,38.0240,836.2586,406.8997
9637,83,15,0.1000,0.00001386,39.9313,835.8909,280.1161
9638,58,12,0.1000,0.00001386,30.5888,831.9816,296.0278
9639,53,10,0.1000,0.00001385,24.4776,837.1826,446.4078
9640,278,27,0.1000,0.00001385,29.4326,848.5270,292.4157
9641,38,9,0.1000,0.00001385,26.1860,832.8519,448.2141
9642,100,16,0.1000,0.00001384,33.7601,838.3045,422.9757
9643,341,27,0.1000,0.00001384,38.0820,839.1265,290.4894
9644,26,6,0.1000,0.00001383,37.9228,823.9319,235.1432
9645,183,19,0.1000,0.00001383,29.4526,834.5784,590.1087
9646,222,18,0.1000,0.00001383,36.9151,823.4190,407.8164
9647,149,19,0.1000,0.00001382,35.5207,838.4393,302.0394
9648,49,10,0.1000,0.00001382,21.0664,828.7614,728.9816
9649,42,7,0.1000,0.00001382,34.7042,823.6703,582.5619
9650,161,15,0.1000,0.00001381,33.2929,824.2644,384.9795
9651,52,12,0.1000,0.00001381,37.1569,827.0579,380.4230
9652,301,22,0.1000,0.00001381,37.4499,840.2312,319.0596
9653,128,18,0.1000,0.00001380,21.9522,841.2788,352.5992
9654,29,8,0.1000,0.00001380,51.2815,826.6606,370.9946
9655,39,10,0.1000,0.00001379,25.7348,812.4816,335.8356
9656,518,34,0.1000,0.00001379,31.6133,860.2084,368.2952
9657,41,9,0.1000,0.00001379,31.0539,823.9207,348.4985
9658,51,11,0.1000,0.00001378,34.3717,828.7201,317.9551
9659,60,14,0.1000,0.00001378,33.2283,843.4148,282.6073
9660,371,23,0.1000,0.00001377,32.4510,853.2240,333.5330
9661,39,10,0.1000,0.00001377,23.6710,821.4695,443.2709
9662,27,7,0.1000,0.00001377,33.7486,823.1792,293.5572
9663,30,8,0.1000,0.00001376,21.8048,832.2133,410.7380
9664,37,10,0.1000,0.00001376,31.0830,831.7799,448.7895
9665,593,31,0.1000,0.00001376,22.5388,852.9023,482.5879
9666,35,8,0.1000,0.00001375,30.7914,832.2103,380.0780
9667,79,11,0.1000,0.00001375,19.7692,843.5426,395.0807
9668,84,14,0.1000,0.00001374,25.1878,832.7568,475.4030
9669,654,37,0.1000,0.00001374,29.3448,857.6146,386.1332
9670,85,12,0.1000,0.00001374,26.3872,830.4465,308.5697
9671,30,7,0.1000,0.00001373,22.6520,835.7903,569.6345
9672,390,27,0.1000,0.00001373,29.2682,837.3970,392.3986
9673,30,8,0.1000,0.00001373,31.4837,823.9344,443.2782
9674,212,18,0.1000,0.00001372,31.4767,860.6162,425.3995
9675,302,25,0.1000,0.00001372,28.2541,837.1300,337.1505
9676,78,11,0.1000,0.00001371,32.5730,844.2638,377.4157
9677,557,36,0.1000,0.00001371,33.0832,856.3209,270.6090
9678,117,15,0.1000,0.00001371,37.9899,835.0547,404.1144
9679,844,54,0.1000,0.00001370,26.2981,862.2461,379.6947
9680,82,14,0.1000,0.00001370,26.8426,842.3825,284.0011
9681,218,18,0.1000,0.00001370,27.1490,838.5254,494.5482
9682,106,17,0.1000,0.00001369,42.8462,844.3635,416.1276
9683,187,21,0.1000,0.00001369,23.3971,835.0092,346.0105
9684,23,5,0.1000,0.00001368,29.0709,817.5936,499.4702
9685,35,8,0.1000,0.00001368,33.9745,825.3936,294.6734
9686,221,27,0.1000,0.00001368,37.4405,846.8211,414.1661
9687,81,12,0.1000,0.00001367,44.1300,840.8551,572.8850
9688,30,6,0.1000,0.00001367,47.5898,820.2502,605.5142
9689,87,14,0.1000,0.00001367,39.1283,840.8714,276.9791
9690,182,19,0.1000,0.00001366,30.7613,837.5753,420.0939
9691,580,31,0.1000,0.00001366,26.1621,858.3335,413.2067
9692,42,11,0.1000,0.00001366,24.5872,838.9639,353.7703
9693,293,18,0.1000,0.00001365,42.1507,847.4861,338.3181
9694,93,16,0.1000,0.00001365,31.0105,843.4484,382.9989
9695,222,18,0.1000,0.00001364,36.5625,853.8037,354.7955
9696,385,31,0.1000,0.00001364,22.0944,853.4968,283.4304
9697,127,16,0.1000,0.00001364,25.8180,845.6325,336.6924
9698,290,19,0.1000,0.00001363,35.5257,853.9918,401.2954
9699,219,20,0.1000,0.00001363,34.5818,841.2344,303.1335
9700,109,12,0.1000,0.00001362,26.1458,835.3020,357.3187
9701,39,10,0.1000,0.00001362,25.5943,831.7323,369.1481
9702,32,8,0.1000,0.00001362,28.0013,826.4314,449.2375
9703,172,18,0.1000,0.00001361,21.7761,848.8304,418.1750
9704,309,23,0.1000,0.00001361,29.1141,840.8082,367.5900
9705,193,22,0.1000,0.00001361,45.5478,850.1864,390.0289
9706,107,14,0.1000,0.00001360,39.2294,851.5483,330.9316
9707,418,29,0.1000,0.00001360,31.3433,855.6718,350.4297
9708,39,9,0.1000,0.00001360,25.9695,820.3696,512.3798
9709,56,11,0.1000,0.00001359,25.2505,843.9612,296.0726
9710,347,28,0.1000,0.00001359,31.2087,854.4675,343.3364
9711,75,11,0.1000,0.00001358,22.0260,829.6257,405.2377
9712,550,24,0.1000,0.00001358,34.0977,857.4732,416.6253
9713,433,31,0.1000,0.00001358,24.8625,849.3911,336.6994
9714,129,18,0.1000,0.00001357,29.1774,842.4318,375.5099
9715,363,21,0.1000,0.00001357,41.5378,839.6034,308.1134
9716,32,6,0.1000,0.00001357,43.2890,837.6743,385.4712
9717,298,21,0.1000,0.00001356,27.1933,860.7740,273.1627
9718,117,13,0.1000,0.00001356,24.9945,831.5987,506.4367
9719,295,21,0.1000,0.00001355,23.0654,855.0156,392.5106
9720,53,10,0.1000,0.00001355,38.8123,853.3164,374.2156
9721,40,10,0.1000,0.00001355,27.4499,838.1317,345.2937
9722,46,9,0.1000,0.00001354,25.3909,834.4601,354.4804
9723,220,18,0.1000,0.00001354,22.9973,846.6252,302.7797
9724,230,20,0.1000,0.00001353,31.8352,844.1214,407.1960
9725,158,16,0.1000,0.00001353,20.5012,846.1598,268.5996
9726,465,35,0.1000,0.00001353,30.5528,852.3807,327.5543
9727,588,40,0.1000,0.00001352,32.1109,856.7344,402.4557
9728,114,17,0.1000,0.00001352,29.8134,846.7604,289.4926
9729,244,27,0.1000,0.00001352,29.7417,850.0969,404.3947
9730,358,22,0.1000,0.00001351,29.5517,852.5606,431.3097
9731,33,9,0.1000,0.00001351,32.0219,833.0657,484.6952
9732,33,10,0.1000,0.00001351,37.4937,835.8609,345.0248
9733,1056,46,0.1000,0.00001350,30.2796,864.0918,334.9054
9734,167,22,0.1000,0.00001350,32.8816,846.7420,374.7957
9735,244,23,0.1000,0.00001349,31.9905,849.3547,295.9671
9736,74,11,0.1000,0.00001349,39.8276,844.0146,308.1260
9737,72,12,0.1000,0.00001349,39.1116,840.1311,375.2535
9738,54,11,0.1000,0.00001348,37.8400,842.1825,544.7404
9739,225,21,0.1000,0.00001348,21.4417,840.7601,298.1383
9740,62,14,0.1000,0.00001348,29.5612,844.2006,451.8775
9741,178,19,0.1000,0.00001347,31.9422,853.7240,530.7507
9742,73,12,0.1000,0.00001347,29.7217,834.0598,578.9360
9743,35,9,0.1000,0.00001346,34.6656,832.5303,295.9877
9744,171,19,0.1000,0.00001346,34.3067,840.5132,438.6448
9745,178,21,0.1000,0.00001346,31.7239,854.6919,441.5023
9746,36,10,0.1000,0.00001345,34.1491,836.2528,307.4605
9747,124,16,0.1000,0.00001345,26.8766,853.8874,449.6341
9748,75,15,0.1000,0.00001344,37.8424,846.1451,366.1220
9749,41,12,0.1000,0.00001344,22.8097,846.1095,368.8977
9750,60,13,0.1000,0.00001344,31.2036,850.0212,291.7872
9751,31,8,0.1000,0.00001343,32.2140,827.4744,264.6029
9752,115,17,0.1000,0.00001343,33.8072,850.7305,571.3019
9753,29,8,0.1000,0.00001343,25.2212,839.0818,324.5110
9754,47,10,0.1000,0.00001342,14.9549,842.2473,450.3764
9755,48,10,0.1000,0.00001342,35.9730,841.4607,254.4520
9756,33,9,0.1000,0.00001341,34.4904,840.4508,290.2379
9757,203,20,0.1000,0.00001341,36.8714,859.8454,428.2415
9758,232,19,0.1000,0.00001341,31.2396,867.5451,362.5313
9759,1198,38,0.1000,0.00001340,27.1899,866.0860,324.1040
9760,51,10,0.1000,0.00001340,35.4557,834.4104,270.5626
9761,125,16,0.1000,0.00001340,27.8199,847.9939,337.0943
9762,76,14,0.1000,0.00001339,44.0214,842.5443,219.0259
9763,41,10,0.1000,0.00001339,37.9477,837.1397,395.9000
9764,309,28,0.1000,0.00001339,30.4185,844.5284,295.0910
9765,48,10,0.1000,0.00001338,24.4910,845.3881,279.8246
9766,40,10,0.1000,0.00001338,45.0777,847.8341,401.9627
9767,393,31,0.1000,0.00001337,26.3757,853.5714,384.6608
9768,41,8,0.1000,0.00001337,31.0099,839.0770,239.6183
9769,35,9,0.1000,0.00001337,29.3617,848.0574,291.0633
9770,372,20,0.1000,0.00001336,30.3747,865.8690,514.1892
9771,100,14,0.1000,0.00001336,31.6269,847.5659,480.9272
9772,29,7,0.1000,0.00001335,32.4647,838.8691,353.9757
9773,890,42,0.1000,0.00001335,33.2202,860.7512,387.3099
9774,46,11,0.1000,0.00001335,41.5436,841.7380,365.6490
9775,35,10,0.1000,0.00001334,29.2298,838.1850,327.4854
9776,34,9,0.1000,0.00001334,18.9165,834.0298,494.3153
9777,27,6,0.1000,0.00001334,39.4682,828.3476,413.7457
9778,78,13,0.1000,0.00001333,27.9522,849.1332,422.6004
9779,66,13,0.1000,0.00001333,30.3586,840.6865,369.4122
9780,369,24,0.1000,0.00001333,31.0418,850.6504,368.2983
9781,365,24,0.1000,0.00001332,31.5341,859.3253,453.7463
9782,34,8,0.1000,0.00001332,30.6050,836.8596,467.7633
9783,42,10,0.1000,0.00001331,33.0750,845.8691,316.9981
9784,219,20,0.1000,0.00001331,36.0498,856.3645,312.7667
9785,26,6,0.1000,0.00001331,50.2508,836.8632,300.2378
9786,81,14,0.1000,0.00001330,29.2499,850.4709,253.6349
9787,621,29,0.1000,0.00001330,31.7707,867.3495,365.9401
9788,221,18,0.1000,0.00001330,28.9146,854.7212,331.8032
9789,298,26,0.1000,0.00001329,37.3042,849.4345,399.8108
9790,377,26,0.1000,0.00001329,34.5589,858.0806,395.4445
9791,303,20,0.1000,0.00001328,38.4543,866.1200,394.8596
9792,32,10,0.1000,0.00001328,21.0125,844.2667,275.8935
9793,100,15,0.1000,0.00001328,27.9373,840.5475,445.9658
9794,80,14,0.1000,0.00001327,33.9835,857.2537,393.6050
9795,41,10,0.1000,0.00001327,40.2413,846.5209,297.9882
9796,217,16,0.1000,0.00001326,49.2905,848.8785,322.2948
9797,116,15,0.1000,0.00001326,24.6690,841.1071,403.3562
9798,131,22,0.1000,0.00001326,33.5210,854.7637,383.0013
9799,311,23,0.1000,0.00001325,29.9836,867.1685,376.6810
9800,440,29,0.1000,0.00001325,21.9130,855.5076,351.3136
9801,564,34,0.1000,0.00001325,31.3373,855.7952,388.7315
9802,61,11,0.1000,0.00001324,29.8390,849.2704,248.9679
9803,104,13,0.1000,0.00001324,40.9778,845.2623,314.5974
9804,53,11,0.1000,0.00001324,32.9959,840.9072,222.2015
9805,76,14,0.1000,0.00001323,26.9113,846.4907,394.2243
9806,330,26,0.1000,0.00001323,32.7846,854.7889,322.4735
9807,61,13,0.1000,0.00001322,29.0444,842.1003,389.3614
9808,35,9,0.1000,0.00001322,31.1846,843.8959,299.7327
9809,54,11,0.1000,0.00001322,27.0595,856.0187,302.2349
9810,61,12,0.1000,0.00001321,32.6930,845.8320,300.9068
9811,288,23,0.1000,0.00001321,35.7930,862.7458,393.4011
9812,48,8,0.1000,0.00001320,35.8970,842.1281,395.1964
9813,28,7,0.1000,0.00001320,19.1357,833.3624,463.5534
9814,81,13,0.1000,0.00001320,28.4592,845.4621,305.0081
9815,87,13,0.1000,0.00001319,38.5667,861.4472,320.3517
9816,106,13,0.1000,0.00001319,28.2333,857.6022,398.4261
9817,52,11,0.1000,0.00001319,22.2878,843.9110,266.3504
9818,34,8,0.1000,0.00001318,14.3507,846.8115,326.5108
9819,232,20,0.1000,0.00001318,40.3894,854.7500,355.1022
9820,45,9,0.1000,0.00001318,38.5882,853.5626,494.8459
9821,39,10,0.1000,0.00001317,22.3504,850.0822,459.0026
9822,86,13,0.1000,0.00001317,23.3417,852.6938,368.3620
9823,122,17,0.1000,0.00001316,36.3930,846.1853,373.2708
9824,36,8,0.1000,0.00001316,35.5753,845.5804,383.6037
9825,219,27,0.1000,0.00001316,26.6296,859.2354,260.6041
9826,37,8,0.1000,0.00001315,41.1855,843.3156,346.5144
9827,120,16,0.1000,0.00001315,31.6399,855.6570,464.2840
9828,335,29,0.1000,0.00001315,35.2697,867.2256,379.7481
9829,80,13,0.1000,0.00001314,22.6539,845.4677,379.5951
9830,115,16,0.1000,0.00001314,34.7282,867.2141,297.4317
9831,119,15,0.1000,0.00001313,47.4954,865.5844,314.9214
9832,107,17,0.1000,0.00001313,36.5244,842.3020,477.9315
9833,147,20,0.1000,0.00001313,29.7320,865.6180,313.3928
9834,61,14,0.1000,0.00001312,41.4882,856.1238,303.9648
9835,86,15,0.1000,0.00001312,17.6455,852.8923,422.2533
9836,240,21,0.1000,0.00001311,25.3784,851.4849,415.4375
9837,81,13,0.1000,0.00001311,20.4736,858.7795,502.1929
9838,87,17,0.1000,0.00001311,38.6625,853.4159,341.2885
9839,312,22,0.1000,0.00001310,30.7089,874.8354,460.3145
9840,37,9,0.1000,0.00001310,27.5562,846.2007,359.5426
9841,54,11,0.1000,0.00001310,30.7758,846.8820,445.2436
9842,33,8,0.1000,0.00001309,24.9799,837.9038,455.7141
9843,216,22,0.1000,0.00001309,30.0114,853.2846,353.4800
9844,449,32,0.1000,0.00001309,28.3509,870.6002,464.4409
9845,37,9,0.1000,0.00001308,19.4161,845.2191,381.4059
9846,56,9,0.1000,0.00001308,22.5539,859.7204,367.4847
9847,38,9,0.1000,0.00001307,32.6146,838.2398,306.5685
9848,55,13,0.1000,0.00001307,23.5103,849.2310,399.6443
9849,85,13,0.1000,0.00001307,19.6343,865.2844,288.3330
9850,243,20,0.1000,0.00001306,41.2536,855.5176,271.1837
9851,311,30,0.1000,0.00001306,35.4848,859.5846,372.9649
9852,84,14,0.1000,0.00001306,28.4490,848.8971,253.9400
9853,236,21,0.1000,0.00001305,29.9089,855.0843,449.2034
9854,223,17,0.1000,0.00001305,38.7355,855.9692,314.9019
9855,172,20,0.1000,0.00001304,25.9267,862.1670,355.1184
9856,127,17,0.1000,0.00001304,23.3233,851.6772,392.2393
9857,249,24,0.1000,0.00001304,28.8797,866.2036,331.8514
9858,264,23,0.1000,0.00001303,28.8838,854.9599,367.1793
9859,157,20,0.1000,0.00001303,32.6958,852.8277,355.8397
9860,105,17,0.1000,0.00001302,22.3312,855.5869,515.9396
9861,172,19,0.1000,0.00001302,46.4409,857.2865,379.9430
9862,45,13,0.1000,0.00001302,23.1557,855.4062,427.0233
9863,111,14,0.1000,0.00001301,27.6253,856.1076,619.3406
9864,86,14,0.1000,0.00001301,31.3792,851.5461,454.0984
9865,36,9,0.1000,0.00001301,46.0347,842.1546,407.1313
9866,296,21,0.1000,0.00001300,30.4851,868.4217,323.9854
9867,93,17,0.1000,0.00001300,30.1853,852.3106,333.8111
9868,96,14,0.1000,0.00001300,32.8644,854.2370,399.2173
9869,160,15,0.1000,0.00001299,22.7853,844.2723,485.5684
9870,83,14,0.1000,0.00001299,33.2215,856.4897,490.2049
9871,546,31,0.1000,0.00001298,23.5994,876.2176,290.7702
9872,92,14,0.1000,0.00001298,19.9584,860.5078,338.8591
9873,63,15,0.1000,0.00001298,33.1979,857.7636,483.4851
9874,157,13,0.1000,0.00001297,31.4168,855.4749,481.2514
9875,70,14,0.1000,0.00001297,25.5088,854.4926,313.1021
9876,203,18,0.1000,0.00001297,29.8371,862.7753,574.1670
9877,245,21,0.1000,0.00001296,45.0513,866.6543,407.1527
9878,303,21,0.1000,0.00001296,29.3639,863.1250,374.6932
9879,144,19,0.1000,0.00001295,41.5451,859.8079,473.1932
9880,350,29,0.1000,0.00001295,34.0716,877.7444,445.6262
9881,51,9,0.1000,0.00001295,40.5227,853.4578,484.9074
9882,52,10,0.1000,0.00001294,38.1419,855.5280,360.8950
9883,75,13,0.1000,0.00001294,25.8095,847.2340,372.8198
9884,130,16,0.1000,0.00001293,38.3881,850.1770,409.1532
9885,163,15,0.1000,0.00001293,33.3756,855.3011,316.0303
9886,54,11,0.1000,0.00001293,33.7202,859.9638,303.5759
9887,49,10,0.1000,0.00001292,23.4907,852.1746,431.6563
9888,90,16,0.1000,0.00001292,36.1672,855.4923,387.4315
9889,240,27,0.1000,0.00001292,36.9216,873.4608,294.1544
9890,298,21,0.1000,0.00001291,45.5242,862.6805,354.6228
9891,609,42,0.1000,0.00001291,33.0477,876.3019,448.9698
9892,736,42,0.1000,0.00001290,31.0769,869.1906,484.3590
9893,40,10,0.1000,0.00001290,28.1641,849.9105,307.5526
9894,38,10,0.1000,0.00001290,28.4715,835.6929,578.2705
9895,35,10,0.1000,0.00001289,22.3250,850.3044,369.4935
9896,289,23,0.1000,0.00001289,29.7245,864.4278,532.2826
9897,36,9,0.1000,0.00001289,26.5542,847.7743,286.5887
9898,296,21,0.1000,0.00001288,25.1876,874.3830,402.4713
9899,179,17,0.1000,0.00001288,27.5689,871.4824,365.0321
9900,61,13,0.1000,0.00001288,21.0902,853.3360,407.3830
9901,536,39,0.1000,0.00001287,32.6698,874.2388,463.9734
9902,46,11,0.1000,0.00001287,37.6083,862.1399,228.5131
9903,103,14,0.1000,0.00001286,30.0544,863.2803,361.5229
9904,55,11,0.1000,0.00001286,44.1974,861.5799,343.9099
9905,81,15,0.1000,0.00001286,15.3843,852.4765,443.9743
9906,195,22,0.1000,0.00001285,24.0807,881.0300,241.2543
9907,127,17,0.1000,0.00001285,17.9173,864.6451,262.3037
9908,36,9,0.1000,0.00001285,44.8963,851.0398,519.0665
9909,167,20,0.1000,0.00001284,35.1095,855.6476,357.0917
9910,275,20,0.1000,0.00001284,22.8526,862.9795,409.1497
9911,43,12,0.1000,0.00001283,22.7003,861.6248,378.8495
9912,63,13,0.1000,0.00001283,24.4938,867.1400,377.9097
9913,351,25,0.1000,0.00001283,31.4419,858.7410,376.7051
9914,80,12,0.1000,0.00001282,36.7025,852.1537,356.2468
9915,81,12,0.1000,0.00001282,45.8127,872.1492,377.4640
9916,74,15,0.1000,0.00001281,43.4590,870.9711,342.3077
9917,34,8,0.1000,0.00001281,27.7765,854.7764,431.7086
9918,56,12,0.1000,0.00001281,24.6751,849.9452,370.8329
9919,215,22,0.1000,0.00001280,36.0498,872.6963,431.8338
9920,299,22,0.1000,0.00001280,32.5556,867.9146,517.0387
9921,37,10,0.1000,0.00001280,21.3012,857.9795,562.3807
9922,367,23,0.1000,0.00001279,30.0191,873.8061,448.0696
9923,56,12,0.1000,0.00001279,35.9244,864.1501,396.1722
9924,34,9,0.1000,0.00001279,25.5538,849.5676,395.7419
9925,294,28,0.1000,0.00001278,38.3015,865.3187,411.9895
9926,78,13,0.1000,0.00001278,32.3332,855.2660,428.0149
9927,36,10,0.1000,0.00001277,41.7549,858.5545,316.8181
9928,36,9,0.1000,0.00001277,38.5208,856.4762,476.9098
9929,37,9,0.1000,0.00001277,17.9434,851.3590,603.7866
9930,291,22,0.1000,0.00001276,41.9818,877.1651,457.6680
9931,33,8,0.1000,0.00001276,24.4750,854.1804,331.7315
9932,70,12,0.1000,0.00001276,33.3172,866.5029,423.4879
9933,209,24,0.1000,0.00001275,29.2501,875.0865,341.5911
9934,44,12,0.1000,0.00001275,28.5830,855.4351,494.7037
9935,35,9,0.1000,0.00001274,38.9148,853.2853,503.7195
9936,27,6,0.1000,0.00001274,34.8505,848.5900,357.3136
9937,87,14,0.1000,0.00001274,32.6433,871.0671,423.2276
9938,291,22,0.1000,0.00001273,30.0866,870.6055,338.7919
9939,30,8,0.1000,0.00001273,42.0402,849.7102,305.5186
9940,85,12,0.1000,0.00001272,21.6278,860.3581,373.6727
9941,74,10,0.1000,0.00001272,39.4810,860.8844,372.1007
9942,121,15,0.1000,0.00001272,27.6086,874.2382,414.8613
9943,86,14,0.1000,0.00001271,37.3313,860.5103,392.9774
9944,37,10,0.1000,0.00001271,13.0673,855.1837,392.7893
9945,199,23,0.1000,0.00001271,35.5716,865.4421,383.5011
9946,292,26,0.1000,0.00001270,24.9090,882.5616,279.2834
9947,375,27,0.1000,0.00001270,31.2052,876.6744,356.6235
9948,367,22,0.1000,0.00001269,27.5727,880.1397,338.1229
9949,247,23,0.1000,0.00001269,40.4350,873.2237,390.0764
9950,167,16,0.1000,0.00001269,27.4624,871.3664,572.3730
9951,165,17,0.1000,0.00001268,40.6844,874.6841,352.6968
9952,72,13,0.1000,0.00001268,38.2264,867.8743,374.5316
9953,40,10,0.1000,0.00001268,31.4269,853.1165,482.2360
9954,30,7,0.1000,0.00001267,21.1589,856.3097,513.7392
9955,317,29,0.1000,0.00001267,31.9976,878.6005,320.9611
9956,72,12,0.1000,0.00001267,22.7041,868.2276,357.6900
9957,57,11,0.1000,0.00001266,32.3901,851.4149,414.6094
9958,39,9,0.1000,0.00001266,29.9810,867.9992,242.3779
9959,41,13,0.1000,0.00001265,40.4827,865.5171,319.1465
9960,84,15,0.1000,0.00001265,25.3211,863.3723,518.0789
9961,26,8,0.1000,0.00001265,27.3965,856.8417,403.6822
9962,50,10,0.1000,0.00001264,26.0390,856.6243,342.5754
9963,247,23,0.1000,0.00001264,28.0784,870.9544,583.5583
9964,829,36,0.1000,0.00001263,32.5880,881.3316,388.7388
9965,108,19,0.1000,0.00001263,35.1743,863.8045,377.6718
9966,104,14,0.1000,0.00001263,23.8453,878.7028,344.4441
9967,34,9,0.1000,0.00001262,42.0707,849.7127,314.2327
9968,28,8,0.1000,0.00001262,21.0415,858.8136,498.2220
9969,35,9,0.1000,0.00001262,20.6984,865.2179,413.1092
9970,30,8,0.1000,0.00001261,32.4291,858.0952,314.7619
9971,80,17,0.1000,0.00001261,26.9527,873.3756,405.3953
9972,168,20,0.1000,0.00001260,26.9071,871.7846,470.2415
9973,667,21,0.1000,0.00001260,24.4850,892.5997,379.1078
9974,86,15,0.1000,0.00001260,28.5378,867.5487,401.9099
9975,58,12,0.1000,0.00001259,35.5454,869.9013,396.1428
9976,249,23,0.1000,0.00001259,43.8313,877.0768,287.2947
9977,519,36,0.1000,0.00001259,34.5252,880.6632,384.7810
9978,231,20,0.1000,0.00001258,30.5758,872.4987,317.7796
9979,318,27,0.1000,0.00001258,33.6076,860.5557,345.7625
9980,38,10,0.1000,0.00001258,47.7110,859.3028,296.3507
9981,36,9,0.1000,0.00001257,26.6041,855.2705,355.0775
9982,89,16,0.1000,0.00001257,30.9226,860.5058,349.4439
9983,840,52,0.1000,0.00001256,32.0933,878.8262,380.5377
9984,37,9,0.1000,0.00001256,27.0903,856.6255,398.5938
9985,557,27,0.1000,0.00001256,32.0101,884.9729,358.0975
9986,208,22,0.1000,0.00001255,26.8215,881.1848,376.2158
9987,125,17,0.1000,0.00001255,22.8078,861.7254,244.4217
9988,119,13,0.1000,0.00001254,29.4282,872.7926,360.9437
9989,37,10,0.1000,0.00001254,33.7456,866.6413,395.6331
9990,24,5,0.1000,0.00001254,59.2575,841.3393,645.0136
9991,34,9,0.1000,0.00001253,25.6452,861.1428,236.0744
9992,601,35,0.1000,0.00001253,39.4766,890.4081,361.7814
9993,545,29,0.1000,0.00001253,31.2620,888.7393,362.0326
9994,124,15,0.1000,0.00001252,35.7898,876.3883,324.4137
9995,51,10,0.1000,0.00001252,53.1337,867.8179,498.7365
9996,488,31,0.1000,0.00001252,32.6988,888.0487,401.1099
9997,29,9,0.1000,0.00001251,38.7493,861.3552,300.0361
9998,73,14,0.1000,0.00001251,31.2928,866.6599,334.4564
9999,92,17,0.1000,0.00001250,32.1699,879.3696,554.4684
10000,44,11,0.1000,0.00001250,39.5616,860.8226,357.7985
10001,82,13,0.1000,0.00001250,39.3772,865.8273,421.0850
10002,83,14,0.1000,0.00001249,33.9215,866.6859,337.4405
10003,43,10,0.1000,0.00001249,31.2102,870.0487,441.6362
10004,236,22,0.1000,0.00001248,25.2982,866.0642,418.9481
10005,38,10,0.1000,0.00001248,27.6572,860.5289,347.9379
10006,61,11,0.1000,0.00001248,20.2805,856.4121,470.4748
10007,372,24,0.1000,0.00001247,31.2923,885.3608,376.9593
10008,35,9,0.1000,0.00001247,17.3847,857.8842,497.7169
10009,38,10,0.1000,0.00001247,57.6088,855.0888,347.7661
10010,224,19,0.1000,0.00001246,32.1851,868.8442,353.0450
10011,76,13,0.1000,0.00001246,29.6165,866.3200,247.8605
10012,55,12,0.1000,0.00001245,42.3405,863.7257,293.7340
10013,77,13,0.1000,0.00001245,34.1523,873.1885,260.4391
10014,115,12,0.1000,0.00001245,30.9728,867.0245,334.6362
10015,276,21,0.1000,0.00001244,27.6315,882.8684,422.5802
10016,104,16,0.1000,0.00001244,34.4337,874.8126,594.7925
10017,226,17,0.1000,0.00001244,27.4248,873.7745,364.7768
10018,42,11,0.1000,0.00001243,35.5475,859.5342,461.5624
10019,390,33,0.1000,0.00001243,32.1503,883.1489,375.0721
10020,155,15,0.1000,0.00001243,25.1794,871.9968,335.7820
10021,472,31,0.1000,0.00001242,33.7699,885.7746,354.9038
10022,108,13,0.1000,0.00001242,25.0644,874.5002,375.7370
10023,45,12,0.1000,0.00001241,45.4200,870.1381,508.4612
10024,172,18,0.1000,0.00001241,27.7217,873.3004,489.9439
10025,93,12,0.1000,0.00001241,37.4362,873.5601,323.1176
10026,39,10,0.1000,0.00001240,32.4005,864.1954,399.1753
10027,906,31,0.1000,0.00001240,34.2672,885.6038,427.3134
10028,35,10,0.1000,0.00001239,34.9542,866.6161,315.0329
10029,41,10,0.1000,0.00001239,41.8475,864.5261,310.1650
10030,40,8,0.1000,0.00001239,32.7631,865.9181,366.0628
10031,710,35,0.1000,0.00001238,28.9585,890.0078,337.5400
10032,60,13,0.1000,0.00001238,19.8570,877.4998,383.0796
10033,37,9,0.1000,0.00001238,39.0049,871.5663,518.2253
10034,64,13,0.1000,0.00001237,27.6759,866.8493,603.6680
10035,167,18,0.1000,0.00001237,32.5050,880.2043,377.4563
10036,105,15,0.1000,0.00001237,26.3054,879.4139,367.8813
10037,55,10,0.1000,0.00001236,29.8252,868.8174,281.2817
10038,421,32,0.1000,0.00001236,36.9873,885.3484,269.2511
10039,217,18,0.1000,0.00001235,19.8925,878.0449,507.7601
10040,37,11,0.1000,0.00001235,29.7106,866.7965,391.0509
10041,306,27,0.1000,0.00001235,36.1897,877.8427,443.1692
10042,56,12,0.1000,0.00001234,40.6842,867.5487,311.8388
10043,34,10,0.1000,0.00001234,27.4651,864.6035,421.6365
10044,42,10,0.1000,0.00001234,41.5908,865.3414,486.5185
10045,166,16,0.1000,0.00001233,23.6217,871.1109,588.9252
10046,249,23,0.1000,0.00001233,21.8273,882.4468,545.2149
10047,38,12,0.1000,0.00001232,26.0100,862.7869,435.6478
10048,42,11,0.1000,0.00001232,38.0461,862.1994,292.2832
10049,27,7,0.1000,0.00001232,43.3306,858.6393,332.3014
10050,210,19,0.1000,0.00001231,27.1609,882.4342,315.8129
10051,138,19,0.1000,0.00001231,37.0169,880.1657,397.5855
10052,53,11,0.1000,0.00001230,25.5116,872.0752,411.7003
10053,32,8,0.1000,0.00001230,32.2886,858.1112,407.3300
10054,83,13,0.1000,0.00001230,31.5231,868.3850,398.4800
10055,38,8,0.1000,0.00001229,35.8199,860.4174,313.8916
10056,208,23,0.1000,0.00001229,29.1912,876.8863,412.7624
10057,248,22,0.1000,0.00001229,30.5009,893.2211,387.8088
10058,37,7,0.1000,0.00001228,20.2538,874.3884,474.1685
10059,221,17,0.1000,0.00001228,32.3101,879.4270,339.7990
10060,171,17,0.1000,0.00001228,28.6207,873.8035,394.9569
10061,48,11,0.1000,0.00001227,35.4795,864.2723,340.8686
10062,219,17,0.1000,0.00001227,36.6800,867.7245,434.7037
10063,40,10,0.1000,0.00001226,19.1186,863.5419,452.0104
10064,49,11,0.1000,0.00001226,17.5463,867.8767,355.5010
10065,40,11,0.1000,0.00001226,43.7637,869.7986,650.5477
10066,202,17,0.1000,0.00001225,27.9769,873.3029,439.2896
10067,46,9,0.1000,0.00001225,30.3221,860.2054,563.1946
10068,65,12,0.1000,0.00001225,32.9096,875.8234,434.3241
10069,37,10,0.1000,0.00001224,41.6162,859.7827,408.7911
10070,584,31,0.1000,0.00001224,36.5139,890.2075,331.4515
10071,56,12,0.1000,0.00001223,26.8387,867.1623,514.1533
10072,51,10,0.1000,0.00001223,38.9569,865.7087,275.0182
10073,100,13,0.1000,0.00001223,27.1869,876.8781,297.5842
10074,223,26,0.1000,0.00001222,29.7967,889.7288,391.1338
10075,119,14,0.1000,0.00001222,37.5163,864.8601,392.5395
10076,306,22,0.1000,0.00001221,37.0179,880.8016,429.8152
10077,643,26,0.1000,0.00001221,35.9276,899.1937,517.4626
10078,163,13,0.1000,0.00001221,31.8490,880.0543,346.0514
10079,34,8,0.1000,0.00001220,35.9225,870.4372,310.1202
10080,115,15,0.1000,0.00001220,26.2530,879.2292,341.5889
10081,862,46,0.1000,0.00001220,31.0210,891.5295,415.6823
10082,52,11,0.1000,0.00001219,35.4406,869.1488,451.8632
10083,53,12,0.1000,0.00001219,39.2941,874.5389,317.2617
10084,299,26,0.1000,0.00001218,37.6216,886.6682,383.2594
10085,42,12,0.1000,0.00001218,31.0646,871.0724,387.7663
10086,82,12,0.1000,0.00001218,29.5145,872.9055,475.4443
10087,56,13,0.1000,0.00001217,26.7298,871.7214,563.4342
10088,121,16,0.1000,0.00001217,34.4720,874.7442,369.2415
10089,111,16,0.1000,0.00001217,26.1817,881.4285,411.8061
10090,272,18,0.1000,0.00001216,26.5053,883.0367,300.3997
10091,32,9,0.1000,0.00001216,30.0819,865.6773,375.6958
10092,134,16,0.1000,0.00001216,27.4372,876.1453,313.4651
10093,111,15,0.1000,0.00001215,29.6504,876.6885,278.8658
10094,716,36,0.1000,0.00001215,36.5003,891.5103,372.3229
10095,41,11,0.1000,0.00001214,31.4809,862.0166,556.0444
10096,74,14,0.1000,0.00001214,36.9557,882.7787,383.9298
10097,381,24,0.1000,0.00001214,26.4453,880.1954,424.6041
10098,118,13,0.1000,0.00001213,33.3774,876.5974,383.4473
10099,73,14,0.1000,0.00001213,36.9703,875.4169,310.1894
10100,37,11,0.1000,0.00001212,22.2681,866.4847,254.7109
10101,37,9,0.1000,0.00001212,36.1999,866.8062,211.8203
10102,269,26,0.1000,0.00001212,43.6442,892.6484,346.6684
10103,83,12,0.1000,0.00001211,30.5968,881.2839,637.2867
10104,310,21,0.1000,0.00001211,20.1406,900.3578,360.0684
10105,334,30,0.1000,0.00001211,31.1641,889.3399,277.7673
10106,54,11,0.1000,0.00001210,44.7721,871.9261,308.3541
10107,193,22,0.1000,0.00001210,26.9443,882.5614,375.5924
10108,389,22,0.1000,0.00001209,31.3252,889.5644,417.9330
10109,82,14,0.1000,0.00001209,40.3472,888.3467,291.2801
10110,212,25,0.1000,0.00001209,25.9234,892.8134,322.1175
10111,51,10,0.1000,0.00001208,33.5245,878.0408,281.1354
10112,493,20,0.1000,0.00001208,35.6011,893.7699,453.3251
10113,62,13,0.1000,0.00001208,41.7745,870.9710,635.1234
10114,52,11,0.1000,0.00001207,30.1846,886.0804,363.9831
10115,38,10,0.1000,0.00001207,41.5035,872.7564,396.7907
10116,37,9,0.1000,0.00001207,52.0374,865.2034,344.0864
10117,41,9,0.1000,0.00001206,36.1382,881.3929,328.9347
10118,43,11,0.1000,0.00001206,24.3330,873.5774,435.8324
10119,83,13,0.1000,0.00001205,39.8364,882.0940,313.8906
10120,51,9,0.1000,0.00001205,19.8349,874.3508,206.0930
10121,59,12,0.1000,0.00001205,28.1582,878.3082,306.1577
10122,85,15,0.1000,0.00001204,33.0263,877.6574,409.4529
10123,33,8,0.1000,0.00001204,39.7379,873.2408,416.2131
10124,286,27,0.1000,0.00001204,28.4083,881.6953,371.4922
10125,41,9,0.1000,0.00001203,41.4457,879.0338,338.5602
10126,32,9,0.1000,0.00001203,36.4435,869.2930,425.4935
10127,22,5,0.1000,0.00001202,6.6954,860.4252,161.3244
10128,406,31,0.1000,0.00001202,38.5487,883.3181,351.8241
10129,478,28,0.1000,0.00001202,33.4448,895.1345,407.7449
10130,214,25,0.1000,0.00001201,26.9126,887.1697,340.4808
10131,39,11,0.1000,0.00001201,40.5686,855.5460,331.4376
10132,40,10,0.1000,0.00001200,24.4713,868.2372,309.1854
10133,35,8,0.1000,0.00001200,44.5068,871.5928,570.3904
10134,31,8,0.1000,0.00001200,32.4174,855.8221,561.7281
10135,44,8,0.1000,0.00001199,34.7134,860.1691,355.5113
10136,39,9,0.1000,0.00001199,23.3816,873.7125,363.7843
10137,112,13,0.1000,0.00001199,19.5880,877.5403,369.7011
10138,37,9,0.1000,0.00001198,40.1321,859.8201,327.6154
10139,330,30,0.1000,0.00001198,23.8784,877.4422,420.0810
10140,39,10,0.1000,0.00001197,25.1188,868.3118,269.4452
10141,76,11,0.1000,0.00001197,25.5234,877.2039,293.1501
10142,353,18,0.1000,0.00001197,30.9628,894.1174,334.0310
10143,41,10,0.1000,0.00001196,46.2920,858.5114,316.9683
10144,460,25,0.1000,0.00001196,40.1699,902.7624,290.6924
10145,45,11,0.1000,0.00001196,25.7088,878.9547,415.3103
10146,37,10,0.1000,0.00001195,38.9048,868.3078,475.2676
10147,497,30,0.1000,0.00001195,35.9658,888.5291,353.1039
10148,213,17,0.1000,0.00001195,26.3172,869.0867,384.8761
10149,218,21,0.1000,0.00001194,28.2311,885.5931,329.2328
10150,29,7,0.1000,0.00001194,57.1382,861.3107,290.6791
10151,147,20,0.1000,0.00001193,33.4220,885.3356,286.8438
10152,58,14,0.1000,0.00001193,25.0884,885.6674,313.5756
10153,41,10,0.1000,0.00001193,35.8388,877.6078,292.7634
10154,43,9,0.1000,0.00001192,39.1940,873.3670,370.5632
10155,87,15,0.1000,0.00001192,41.6497,879.9916,467.9639
10156,58,13,0.1000,0.00001191,30.4197,881.3388,304.4743
10157,47,11,0.1000,0.00001191,28.9658,869.7840,374.9287
10158,35,8,0.1000,0.00001191,36.4609,871.1580,420.5848
10159,252,23,0.1000,0.00001190,32.0653,885.3560,370.7629
10160,48,10,0.1000,0.00001190,23.7762,879.3544,360.3572
10161,535,24,0.1000,0.00001190,30.3203,897.0193,282.0430
10162,128,17,0.1000,0.00001189,34.2613,886.0422,209.3207
10163,45,11,0.1000,0.00001189,36.0459,875.5353,322.6440
10164,72,12,0.1000,0.00001188,24.9018,873.7676,371.2296
10165,58,13,0.1000,0.00001188,32.5363,873.7234,349.6669
10166,149,16,0.1000,0.00001188,21.8154,877.6557,413.2425
10167,779,43,0.1000,0.00001187,32.5314,892.1004,336.4495
10168,85,13,0.1000,0.00001187,31.5212,883.1486,405.9414
10169,229,17,0.1000,0.00001187,32.8193,905.8956,480.2968
10170,51,12,0.1000,0.00001186,31.1753,880.4456,387.8229
10171,375,25,0.1000,0.00001186,36.5523,897.4652,401.0532
10172,414,27,0.1000,0.00001186,31.7259,891.2988,357.1282
10173,54,12,0.1000,0.00001185,33.5040,883.3247,358.4105
10174,362,27,0.1000,0.00001185,29.3366,886.1823,443.9960
10175,414,27,0.1000,0.00001184,38.4885,889.4428,316.3570
10176,209,17,0.1000,0.00001184,34.3382,868.7689,462.1356
10177,36,9,0.1000,0.00001184,33.6120,882.4827,452.3245
10178,364,23,0.1000,0.00001183,35.7433,892.7668,366.0146
10179,37,9,0.1000,0.00001183,37.5275,861.8417,400.4966
10180,372,24,0.1000,0.00001182,26.2867,869.7472,350.8270
10181,62,9,0.1000,0.00001182,30.8332,881.5264,382.7704
10182,32,10,0.1000,0.00001182,30.3051,874.5169,398.0513
10183,552,32,0.1000,0.00001181,28.9792,899.0376,421.4847
10184,36,8,0.1000,0.00001181,26.0132,883.5809,351.6470
10185,286,20,0.1000,0.00001181,27.6657,883.2997,358.0728
10186,114,17,0.1000,0.00001180,32.8837,882.3830,401.1641
10187,79,11,0.1000,0.00001180,25.6372,896.3756,234.1342
10188,264,25,0.1000,0.00001179,36.8613,906.5970,450.2275
10189,113,15,0.1000,0.00001179,33.1146,887.0676,446.5122
10190,172,16,0.1000,0.00001179,24.5909,894.3580,403.4288
10191,32,7,0.1000,0.00001178,43.3333,871.0039,345.3805
10192,166,17,0.1000,0.00001178,25.9871,880.2221,270.3503
10193,42,8,0.1000,0.00001178,29.7899,878.0128,484.6565
10194,170,21,0.1000,0.00001177,30.5486,892.1623,473.5454
10195,53,11,0.1000,0.00001177,40.5386,876.4018,389.5554
10196,40,11,0.1000,0.00001177,32.4798,879.7715,261.6435
10197,32,8,0.1000,0.00001176,24.7316,876.6909,437.8738
10198,1317,47,0.1000,0.00001176,35.8904,914.0127,419.2396
10199,370,28,0.1000,0.00001175,35.1265,899.9531,410.6718
10200,227,19,0.1000,0.00001175,25.7462,886.1719,336.4007
10201,495,33,0.1000,0.00001175,35.5640,896.5245,404.1429
10202,457,14,0.1000,0.00001174,28.1374,892.7711,524.8449
10203,341,27,0.1000,0.00001174,32.7059,894.4728,622.4409
10204,29,7,0.1000,0.00001173,43.5620,858.4596,335.9821
10205,331,28,0.1000,0.00001173,22.1624,890.8920,446.3436
10206,509,34,0.1000,0.00001173,29.2245,894.0974,708.1749
10207,241,23,0.1000,0.00001172,37.7834,882.6848,420.7082
10208,66,11,0.1000,0.00001172,29.1016,877.6508,318.8661
10209,66,11,0.1000,0.00001172,43.7348,886.6744,380.1435
10210,804,32,0.1000,0.00001171,30.3302,897.1443,415.2119
10211,55,11,0.1000,0.00001171,33.8697,880.7519,511.3317
10212,121,12,0.1000,0.00001171,27.1226,895.5186,273.3402
10213,26,5,0.1000,0.00001170,29.9756,869.1435,316.6434
10214,27,7,0.1000,0.00001170,35.9036,869.8432,571.0095
10215,38,6,0.1000,0.00001169,36.1567,872.0822,299.8352
10216,38,9,0.1000,0.00001169,23.5865,866.2144,371.0380
10217,664,26,0.1000,0.00001169,23.9472,907.1834,382.2236
10218,101,16,0.1000,0.00001168,28.7882,892.2827,327.3385
10219,101,12,0.1000,0.00001168,26.9067,881.4710,364.0617
10220,553,33,0.1000,0.00001167,30.4359,897.3678,369.6498
10221,83,16,0.1000,0.00001167,37.5776,893.5120,423.0930
10222,171,18,0.1000,0.00001167,29.0861,866.6555,327.1231
10223,245,22,0.1000,0.00001166,28.3851,891.4439,356.3127
10224,160,18,0.1000,0.00001166,31.2813,897.4775,483.0126
10225,165,16,0.1000,0.00001166,33.0046,870.8517,378.6097
10226,41,11,0.1000,0.00001165,36.4754,876.1288,327.0807
10227,212,20,0.1000,0.00001165,38.1414,896.0185,243.7357
10228,100,15,0.1000,0.00001164,21.3413,888.5693,376.5523
10229,64,14,0.1000,0.00001164,36.6749,891.2509,304.6581
10230,51,10,0.1000,0.00001164,31.5445,873.6654,232.1003
10231,171,19,0.1000,0.00001163,29.6832,897.1823,302.7466
10232,31,8,0.1000,0.00001163,27.6294,872.4602,308.8424
10233,56,12,0.1000,0.00001163,35.6640,875.7314,296.3878
10234,40,10,0.1000,0.00001162,25.6902,881.9817,365.7773
10235,260,24,0.1000,0.00001162,20.6555,888.8016,363.9718
10236,78,12,0.1000,0.00001162,34.8342,877.5466,486.7678
10237,367,26,0.1000,0.00001161,33.0229,888.1470,366.2609
10238,43,11,0.1000,0.00001161,33.3037,864.5053,340.7347
10239,30,8,0.1000,0.00001160,23.1546,868.8292,311.0506
10240,416,29,0.1000,0.00001160,26.0300,889.6510,546.5588
10241,75,10,0.1000,0.00001160,37.8286,888.9938,408.3292
10242,205,22,0.1000,0.00001159,37.3119,895.9373,383.8776
10243,82,11,0.1000,0.00001159,30.7357,886.0570,228.1872
10244,76,12,0.1000,0.00001158,50.9101,886.2074,482.5787
10245,90,17,0.1000,0.00001158,24.0375,888.6483,531.7100
10246,30,7,0.1000,0.00001158,32.6861,869.0221,309.2389
10247,243,25,0.1000,0.00001157,31.6209,899.3673,243.1335
10248,172,22,0.1000,0.00001157,23.4690,899.0826,445.3343
10249,37,9,0.1000,0.00001157,49.9528,876.4380,461.7949
10250,1552,49,0.1000,0.00001156,27.5696,916.3784,361.2985
10251,43,11,0.1000,0.00001156,38.2089,882.5225,266.2784
10252,186,20,0.1000,0.00001156,33.7385,885.7199,380.5960
10253,35,9,0.1000,0.00001155,33.5475,879.3145,574.8509
10254,1588,68,0.1000,0.00001155,32.5349,906.1769,355.0689
10255,612,43,0.1000,0.00001154,31.9072,907.9184,345.0024
10256,45,9,0.1000,0.00001154,19.9407,879.8363,532.4303
10257,364,29,0.1000,0.00001154,43.7562,892.8450,304.2540
10258,110,17,0.1000,0.00001153,25.3606,892.2974,305.4641
10259,148,19,0.1000,0.00001153,36.6961,893.5187,314.4270
10260,35,11,0.1000,0.00001153,41.9832,876.3304,337.5682
10261,74,11,0.1000,0.00001152,28.0496,895.0528,309.6745
10262,42,10,0.1000,0.00001152,25.0593,883.9523,370.1188
10263,595,37,0.1000,0.00001151,33.4627,900.9374,302.0942
10264,306,27,0.1000,0.00001151,32.6787,893.9938,370.9623
10265,195,23,0.1000,0.00001151,29.5150,894.2351,401.4594
10266,83,14,0.1000,0.00001150,34.0580,887.6558,418.3188
10267,59,12,0.1000,0.00001150,28.4467,891.6985,271.9897
10268,125,15,0.1000,0.00001149,28.0346,900.9597,383.7546
10269,300,22,0.1000,0.00001149,28.2120,898.8812,344.6912
10270,57,10,0.1000,0.00001149,29.6781,892.9126,421.0986
10271,118,19,0.1000,0.00001148,33.4027,895.7343,413.5367
10272,32,9,0.1000,0.00001148,42.6389,879.0625,324.0379
10273,968,54,0.1000,0.00001148,39.3838,895.4565,334.3938
10274,70,10,0.1000,0.00001147,27.9812,892.9453,427.1138
10275,51,12,0.1000,0.00001147,55.2737,889.2231,327.6268
10276,37,9,0.1000,0.00001146,43.4869,878.7074,504.0919
10277,75,11,0.1000,0.00001146,20.2226,878.0148,306.5749
10278,100,15,0.1000,0.00001146,36.7949,879.9336,543.3269
10279,220,23,0.1000,0.00001145,31.8763,906.3063,367.3129
10280,1583,72,0.1000,0.00001145,36.2436,908.1882,380.1283
10281,54,12,0.1000,0.00001145,32.0717,891.7327,332.8337
10282,900,55,0.1000,0.00001144,27.0433,902.7481,405.1683
10283,423,31,0.1000,0.00001144,35.4832,885.2464,290.5180
10284,81,14,0.1000,0.00001144,39.5280,898.3001,339.1621
10285,68,13,0.1000,0.00001143,44.7365,874.8110,407.1965
10286,41,11,0.1000,0.00001143,23.0290,892.5154,464.1570
10287,42,12,0.1000,0.00001142,15.0211,883.8400,363.1285
10288,335,26,0.1000,0.00001142,30.3336,892.6177,406.0900
10289,33,9,0.1000,0.00001142,26.1618,883.6385,299.5737
10290,40,10,0.1000,0.00001141,59.0294,886.3073,276.0781
10291,382,28,0.1000,0.00001141,29.4425,900.9249,416.5204
10292,129,16,0.1000,0.00001140,34.6620,890.1018,343.7586
10293,389,29,0.1000,0.00001140,26.6623,899.1947,379.2709
10294,86,14,0.1000,0.00001140,44.4236,900.3447,505.9274
10295,110,12,0.1000,0.00001139,41.9893,886.3340,328.3023
10296,539,28,0.1000,0.00001139,48.6359,899.8821,472.0981
10297,239,21,0.1000,0.00001139,28.5733,896.0841,358.7624
10298,38,10,0.1000,0.00001138,35.8636,885.0325,360.4336
10299,209,22,0.1000,0.00001138,27.7866,899.7346,349.6867
10300,57,13,0.1000,0.00001138,47.4352,892.5758,284.0185
10301,1022,43,0.1000,0.00001137,22.8123,906.2719,412.9835
10302,50,10,0.1000,0.00001137,36.6149,891.3770,275.7179
10303,458,31,0.1000,0.00001136,26.2697,898.9023,436.9488
10304,104,14,0.1000,0.00001136,42.4474,894.4101,292.7549
10305,560,31,0.1000,0.00001136,32.1607,922.8589,462.9860
10306,172,17,0.1000,0.00001135,30.1601,898.1942,545.6940
10307,86,13,0.1000,0.00001135,40.9741,898.1681,416.7550
10308,83,13,0.1000,0.00001135,27.9433,892.2289,526.9903
10309,24,6,0.1000,0.00001134,33.5537,877.9268,433.8905
10310,45,12,0.1000,0.00001134,24.2028,882.6873,448.1905
10311,33,9,0.1000,0.00001133,45.2458,885.1479,202.5088
10312,54,12,0.1000,0.00001133,33.4312,895.2763,370.4228
10313,157,21,0.1000,0.00001133,44.0822,902.2880,389.4168
10314,43,13,0.1000,0.00001132,29.6371,890.6243,440.7158
10315,307,21,0.1000,0.00001132,32.3521,898.7696,394.1352
10316,54,12,0.1000,0.00001131,24.7678,894.3801,484.7556
10317,116,14,0.1000,0.00001131,38.5145,894.4449,283.2475
10318,38,8,0.1000,0.00001131,29.3979,891.3129,314.2043
10319,289,19,0.1000,0.00001130,38.7717,888.6043,393.3966
10320,662,39,0.1000,0.00001130,25.9541,911.2192,394.9539
10321,210,18,0.1000,0.00001130,34.0960,906.7768,323.6923
10322,214,17,0.1000,0.00001129,25.2439,901.1067,344.8518
10323,164,18,0.1000,0.00001129,35.4261,911.1547,483.2790
10324,453,31,0.1000,0.00001129,32.7397,918.1817,484.4187
10325,37,9,0.1000,0.00001128,33.9392,891.9362,490.9948
10326,158,15,0.1000,0.00001128,33.3210,896.7515,328.9402
10327,59,12,0.1000,0.00001127,42.6820,890.8713,354.0617
10328,470,31,0.1000,0.00001127,25.6068,910.7860,401.2107
10329,90,14,0.1000,0.00001127,38.9943,904.6234,298.5692
10330,215,17,0.1000,0.00001126,34.4363,912.0065,283.7813
10331,663,30,0.1000,0.00001126,39.3940,910.3141,422.5148
10332,33,8,0.1000,0.00001125,24.7320,888.4825,433.4401
10333,256,24,0.1000,0.00001125,29.4048,890.0146,399.1935
10334,102,14,0.1000,0.00001125,45.8654,901.6832,412.7305
10335,168,16,0.1000,0.00001124,23.7250,898.0780,485.3093
10336,165,16,0.1000,0.00001124,40.4505,903.9234,402.1610
10337,384,34,0.1000,0.00001124,35.1925,900.3968,418.1009
10338,476,16,0.1000,0.00001123,27.6118,918.4256,359.7221
10339,30,8,0.1000,0.00001123,37.2406,883.4178,385.2531
10340,39,8,0.1000,0.00001123,26.2284,888.1194,391.8169
10341,91,14,0.1000,0.00001122,22.8388,892.5374,494.7394
10342,1114,43,0.1000,0.00001122,28.4949,913.3982,481.5927
10343,215,18,0.1000,0.00001121,30.7739,904.4603,600.3697
10344,938,45,0.1000,0.00001121,29.0275,907.9834,384.7143
10345,36,9,0.1000,0.00001121,38.1363,902.2932,329.5734
10346,26,7,0.1000,0.00001120,49.1136,882.8960,160.3691
10347,34,8,0.1000,0.00001120,26.3175,896.7850,420.3976
10348,34,9,0.1000,0.00001120,36.6821,894.8309,382.6026
10349,160,15,0.1000,0.00001119,30.4019,902.4961,332.4135
10350,55,10,0.1000,0.00001119,31.5357,897.5374,427.5897
10351,227,19,0.1000,0.00001118,37.1830,893.3271,357.9203
10352,43,11,0.1000,0.00001118,33.5382,886.8202,311.2273
10353,129,17,0.1000,0.00001118,26.8918,909.5923,440.4902
10354,461,34,0.1000,0.00001117,32.4341,910.1736,372.6922
10355,82,14,0.1000,0.00001117,28.1699,903.4747,440.5792
10356,35,11,0.1000,0.00001116,28.7913,892.4891,446.7969
10357,53,12,0.1000,0.00001116,29.2967,894.3417,392.1496
10358,51,12,0.1000,0.00001116,27.5087,901.3047,356.4670
10359,55,9,0.1000,0.00001115,39.3059,894.0667,470.1451
10360,57,12,0.1000,0.00001115,33.6793,892.4238,451.4683
10361,34,10,0.1000,0.00001115,18.9221,889.5001,225.4478
10362,116,14,0.1000,0.00001114,30.3048,907.3327,479.2067
10363,50,10,0.1000,0.00001114,28.0746,893.3476,495.0919
10364,123,16,0.1000,0.00001114,25.5070,890.1067,487.8736
10365,338,31,0.1000,0.00001113,34.0951,916.4561,412.2386
10366,36,9,0.1000,0.00001113,48.3591,885.8041,413.6458
10367,32,8,0.1000,0.00001112,29.8313,894.1993,395.0121
10368,52,11,0.1000,0.00001112,21.4360,898.6236,419.8790
10369,30,8,0.1000,0.00001112,26.6378,886.0911,567.2664
10370,191,20,0.1000,0.00001111,29.6649,902.9173,385.2827
10371,947,39,0.1000,0.00001111,33.0669,908.2629,469.2156
10372,50,11,0.1000,0.00001111,31.2163,901.0723,325.6874
10373,39,10,0.1000,0.00001110,39.4393,892.3159,317.8147
10374,373,29,0.1000,0.00001110,29.5607,912.2511,555.5271
10375,202,19,0.1000,0.00001109,36.5256,899.4040,444.2068
10376,167,15,0.1000,0.00001109,42.0574,909.8258,346.9052
10377,123,14,0.1000,0.00001109,22.1065,900.2225,289.7697
10378,161,17,0.1000,0.00001108,22.0765,908.1971,413.9187
10379,223,18,0.1000,0.00001108,28.8982,908.7012,468.7445
10380,33,8,0.1000,0.00001107,33.9353,892.0513,521.3815
10381,373,26,0.1000,0.00001107,30.5914,909.7846,434.0624
10382,386,25,0.1000,0.00001107,31.1667,905.5768,449.5434
10383,43,12,0.1000,0.00001106,22.2168,897.9204,378.0565
10384,365,23,0.1000,0.00001106,33.6502,922.4481,414.5666
10385,232,18,0.1000,0.00001106,20.0329,914.9652,444.5316
10386,47,13,0.1000,0.00001105,25.5689,908.8137,338.8577
10387,170,15,0.1000,0.00001105,31.4975,929.9123,343.0454
10388,314,24,0.1000,0.00001105,40.7129,916.9301,296.2906
10389,168,18,0.1000,0.00001104,36.7831,895.8930,508.2963
10390,116,14,0.1000,0.00001104,30.4188,914.6829,372.1984
10391,371,32,0.1000,0.00001103,33.4101,915.4807,400.2980
10392,45,7,0.1000,0.00001103,16.1365,896.0167,386.2006
10393,40,9,0.1000,0.00001103,30.2252,893.3240,385.0425
10394,155,18,0.1000,0.00001102,28.6806,905.0522,280.4450
10395,54,10,0.1000,0.00001102,36.8307,899.0636,409.1048
10396,154,16,0.1000,0.00001102,25.0830,914.1918,420.0279
10397,101,15,0.1000,0.00001101,26.8968,901.8522,386.6382
10398,177,18,0.1000,0.00001101,29.8898,902.5214,276.7419
10399,277,20,0.1000,0.00001100,37.9532,905.2424,400.0587
10400,156,18,0.1000,0.00001100,34.0648,913.1345,565.8029
10401,279,20,0.1000,0.00001100,37.7540,914.4467,639.4677
10402,122,14,0.1000,0.00001099,35.0339,918.3412,503.5052
10403,50,10,0.1000,0.00001099,41.5918,904.6639,314.1807
10404,32,7,0.1000,0.00001098,28.6617,891.7168,293.7654
10405,35,9,0.1000,0.00001098,26.5136,887.8206,398.1161
10406,29,7,0.1000,0.00001098,33.0362,888.4587,235.0505
10407,167,16,0.1000,0.00001097,31.7767,919.4038,435.5352
10408,270,20,0.1000,0.00001097,24.1543,917.6227,357.6442
10409,381,25,0.1000,0.00001097,38.1262,924.1863,288.8296
10410,30,7,0.1000,0.00001096,23.1992,888.4337,292.3273
10411,218,17,0.1000,0.00001096,44.8900,905.0574,384.0459
10412,177,20,0.1000,0.00001095,41.9477,910.2108,363.3189
10413,65,12,0.1000,0.00001095,32.1496,901.8046,262.4486
10414,30,7,0.1000,0.00001095,45.8557,892.1575,594.0033
10415,33,7,0.1000,0.00001094,23.8752,897.0562,500.8662
10416,1406,51,0.1000,0.00001094,28.1874,928.1818,364.8031
10417,479,30,0.1000,0.00001094,37.1983,921.9388,360.5605
10418,686,40,0.1000,0.00001093,35.0531,923.2503,445.6123
10419,140,16,0.1000,0.00001093,38.4526,917.0033,312.8521
10420,164,15,0.1000,0.00001093,27.6765,914.5793,345.2208
10421,84,12,0.1000,0.00001092,40.1979,906.2542,369.0503
10422,232,21,0.1000,0.00001092,29.9183,914.4021,387.5102
10423,383,30,0.1000,0.00001091,36.2674,906.4156,370.3521
10424,491,28,0.1000,0.00001091,34.7363,923.3553,424.4639
10425,663,37,0.1000,0.00001091,36.1128,915.9385,316.9046
10426,237,22,0.1000,0.00001090,29.8163,914.9601,322.4885
10427,63,14,0.1000,0.00001090,28.4179,907.7291,364.7665
10428,301,27,0.1000,0.00001090,37.5023,918.7287,336.9599
10429,498,38,0.1000,0.00001089,41.8436,908.6415,440.5058
10430,723,42,0.1000,0.00001089,33.4354,918.3810,418.4819
10431,48,9,0.1000,0.00001088,48.6401,901.8717,277.3155
10432,75,13,0.1000,0.00001088,34.5695,908.8054,360.7518
10433,188,19,0.1000,0.00001088,31.0356,908.6203,366.0639
10434,348,28,0.1000,0.00001087,23.2011,920.5240,562.8243
10435,60,12,0.1000,0.00001087,28.3670,904.8656,632.9595
10436,88,14,0.1000,0.00001086,30.9141,903.8486,639.6362
10437,305,24,0.1000,0.00001086,23.6729,910.6981,282.9746
10438,943,44,0.1000,0.00001086,31.0400,922.5796,365.9187
10439,120,18,0.1000,0.00001085,36.3915,905.2600,323.2938
10440,215,15,0.1000,0.00001085,31.4195,910.4086,455.9126
10441,56,12,0.1000,0.00001085,28.3140,907.3820,379.5334
10442,47,9,0.1000,0.00001084,20.8429,890.5569,399.0324
10443,59,12,0.1000,0.00001084,44.4628,910.1833,697.1257
10444,38,11,0.1000,0.00001084,26.4903,903.5390,494.5960
10445,113,12,0.1000,0.00001083,34.6870,915.7180,291.1715
10446,117,15,0.1000,0.00001083,37.8454,905.7223,465.7167
10447,48,9,0.1000,0.00001082,41.0124,895.6623,466.4326
10448,46,9,0.1000,0.00001082,33.0189,899.7133,383.7756
10449,216,22,0.1000,0.00001082,28.5350,904.0419,331.4510
10450,112,17,0.1000,0.00001081,24.5046,915.9342,383.7296
10451,96,18,0.1000,0.00001081,24.8595,909.2030,328.6345
10452,86,12,0.1000,0.00001081,29.7499,916.2045,275.0155
10453,219,20,0.1000,0.00001080,44.8944,908.7658,301.7328
10454,222,17,0.1000,0.00001080,35.1272,910.5732,344.2549
10455,1444,44,0.1000,0.00001079,30.4651,937.2989,443.0642
10456,33,6,0.1000,0.00001079,21.5657,899.4791,253.8639
10457,83,13,0.1000,0.00001079,27.5668,906.7171,374.1253
10458,81,15,0.1000,0.00001078,22.8905,919.9446,350.9613
10459,2202,60,0.1000,0.00001078,30.7145,935.6266,401.0598
10460,50,10,0.1000,0.00001077,33.9066,901.8075,485.7354
10461,44,9,0.1000,0.00001077,16.9235,897.2226,450.0865
10462,99,14,0.1000,0.00001077,26.1610,906.3636,332.4451
10463,42,10,0.1000,0.00001076,23.5822,909.3983,325.4159
10464,46,10,0.1000,0.00001076,29.2964,907.8465,350.4893
10465,204,20,0.1000,0.00001076,45.7958,915.0404,396.8015
10466,670,36,0.1000,0.00001075,43.1779,915.2551,385.8354
10467,124,16,0.1000,0.00001075,27.0174,911.5940,310.7275
10468,76,11,0.1000,0.00001074,39.3379,904.4701,317.9570
10469,220,22,0.1000,0.00001074,33.3068,917.7830,365.2865
10470,329,24,0.1000,0.00001074,36.4763,927.0471,552.5331
10471,27,8,0.1000,0.00001073,30.9328,890.8976,518.8791
10472,416,32,0.1000,0.00001073,41.4786,911.8377,432.2960
10473,130,19,0.1000,0.00001073,36.9776,915.5542,513.2677
10474,70,9,0.1000,0.00001072,21.4905,914.8642,486.4294
10475,368,28,0.1000,0.00001072,34.6028,903.5145,442.0181
10476,1526,42,0.1000,0.00001072,29.1968,940.0980,390.6269
10477,218,17,0.1000,0.00001071,40.5401,909.6395,336.1970
10478,31,8,0.1000,0.00001071,39.3211,905.3488,232.3575
10479,42,9,0.1000,0.00001070,35.9025,912.8555,425.5974
10480,290,20,0.1000,0.00001070,34.8688,917.0188,354.4227
10481,207,21,0.1000,0.00001070,31.0244,906.3243,472.2087
10482,74,14,0.1000,0.00001069,28.3730,908.3796,449.8453
10483,107,13,0.1000,0.00001069,38.8724,915.1863,332.8048
10484,160,16,0.1000,0.00001068,40.9883,921.3258,442.0705
10485,162,16,0.1000,0.00001068,30.9470,909.4358,384.7924
10486,375,33,0.1000,0.00001068,30.6704,913.9989,342.2298
10487,60,12,0.1000,0.00001067,29.8454,908.8412,344.8893
10488,285,19,0.1000,0.00001067,32.4690,917.6558,495.2240
10489,25,6,0.1000,0.00001067,48.5162,894.1835,335.2684
10490,187,21,0.1000,0.00001066,37.9314,913.2365,351.3013
10491,32,8,0.1000,0.00001066,37.6656,902.8521,404.2421
10492,285,31,0.1000,0.00001065,38.7675,914.8697,364.8731
10493,60,13,0.1000,0.00001065,43.7528,901.7321,421.8020
10494,40,10,0.1000,0.00001065,39.9928,894.5945,400.0448
10495,363,30,0.1000,0.00001064,22.3000,920.3924,521.6416
10496,84,13,0.1000,0.00001064,42.0996,908.7520,492.2241
10497,60,12,0.1000,0.00001064,32.6505,907.0149,346.9974
10498,32,7,0.1000,0.00001063,26.0648,896.2811,377.8364
10499,36,10,0.1000,0.00001063,46.6030,903.8488,471.5434
10500,515,35,0.1000,0.00001063,33.0439,925.7621,414.5810
10501,37,9,0.1000,0.00001062,32.0253,899.1995,258.5170
10502,761,40,0.1000,0.00001062,36.4032,928.4541,356.7174
10503,764,47,0.1000,0.00001061,30.4682,925.3532,425.6279
10504,303,24,0.1000,0.00001061,31.8925,921.1141,374.0729
10505,59,13,0.1000,0.00001061,30.6322,903.9085,439.3828
10506,82,14,0.1000,0.00001060,45.1023,907.6265,618.6117
10507,304,23,0.1000,0.00001060,25.4273,922.0048,427.2877
10508,292,18,0.1000,0.00001059,35.8251,915.7177,339.7387
10509,168,18,0.1000,0.00001059,49.7486,909.8245,399.5623
10510,182,22,0.1000,0.00001059,42.7788,917.2054,461.9279
10511,351,30,0.1000,0.00001058,38.3041,923.1920,380.8592
10512,80,13,0.1000,0.00001058,31.7337,904.9002,622.8758
10513,100,15,0.1000,0.00001058,37.1320,910.0100,341.5995
10514,52,11,0.1000,0.00001057,28.3157,910.0778,343.3372
10515,54,10,0.1000,0.00001057,52.6284,911.7348,381.3691
10516,22,5,0.1000,0.00001057,37.2103,889.3079,313.5399
10517,128,16,0.1000,0.00001056,22.2632,922.0882,276.7969
10518,87,17,0.1000,0.00001056,36.1189,911.5220,425.8395
10519,720,38,0.1000,0.00001055,37.1258,924.7943,376.9830
10520,35,10,0.1000,0.00001055,34.6053,909.6355,373.8338
10521,127,17,0.1000,0.00001055,28.2946,910.0830,495.2313
10522,380,26,0.1000,0.00001054,25.0000,924.9528,391.5684
10523,2059,77,0.1000,0.00001054,31.7488,935.4151,520.7478
10524,37,8,0.1000,0.00001053,37.2119,909.5061,383.2897
10525,215,15,0.1000,0.00001053,34.6606,922.6170,402.8952
10526,80,12,0.1000,0.00001053,37.0770,912.5589,565.8049
10527,167,18,0.1000,0.00001052,29.4976,908.0282,405.9673
10528,72,15,0.1000,0.00001052,32.8073,916.3344,333.9893
10529,224,19,0.1000,0.00001052,28.1687,910.7259,326.9246
10530,127,16,0.1000,0.00001051,25.7943,908.3907,412.1202
10531,177,19,0.1000,0.00001051,31.0707,910.9383,477.0330
10532,114,14,0.1000,0.00001050,35.6046,912.6917,385.4775
10533,80,12,0.1000,0.00001050,35.4840,920.2848,425.5223
10534,825,39,0.1000,0.00001050,33.0249,940.0211,438.8914
10535,54,9,0.1000,0.00001049,27.2975,910.6141,468.6628
10536,157,16,0.1000,0.00001049,28.4717,923.2651,342.1408
10537,34,7,0.1000,0.00001049,20.3889,912.8079,364.3816
10538,121,16,0.1000,0.00001048,40.1909,911.5023,435.6462
10539,36,8,0.1000,0.00001048,26.4885,918.8007,339.5111
10540,59,12,0.1000,0.00001048,42.1883,915.9216,449.5250
10541,79,17,0.1000,0.00001047,28.3345,920.9384,406.1169
10542,69,13,0.1000,0.00001047,25.5285,918.2758,450.4110
10543,33,8,0.1000,0.00001046,35.7750,912.7905,364.9725
10544,77,12,0.1000,0.00001046,25.6374,911.9155,236.9294
10545,302,24,0.1000,0.00001046,34.6825,937.0768,249.1782
10546,390,33,0.1000,0.00001045,29.1345,927.5697,344.3424
10547,55,10,0.1000,0.00001045,37.1376,939.2703,200.4814
10548,29,7,0.1000,0.00001044,32.2983,904.7351,345.7516
10549,48,11,0.1000,0.00001044,34.4094,909.9061,404.4486
10550,31,7,0.1000,0.00001044,32.6340,903.6744,471.0917
10551,58,12,0.1000,0.00001043,21.0233,912.8984,331.5399
10552,351,28,0.1000,0.00001043,25.4815,923.3651,369.2411
10553,369,20,0.1000,0.00001043,46.2178,931.3631,309.8825
10554,49,9,0.1000,0.00001042,24.7845,914.0655,395.7475
10555,34,9,0.1000,0.00001042,50.9326,910.0865,443.6919
10556,60,12,0.1000,0.00001042,40.1564,919.6938,285.5259
10557,404,28,0.1000,0.00001041,38.3849,918.4617,357.3280
10558,77,13,0.1000,0.00001041,39.3018,919.5415,281.5875
10559,40,10,0.1000,0.00001040,34.1082,904.4292,545.7143
10560,412,28,0.1000,0.00001040,32.5649,916.8909,503.1649
10561,406,28,0.1000,0.00001040,30.0053,932.0475,431.7436
10562,228,21,0.1000,0.00001039,34.6700,921.7626,565.6860
10563,48,12,0.1000,0.00001039,27.0566,918.6443,275.3815
10564,123,16,0.1000,0.00001039,42.7400,919.1360,543.7129
10565,52,11,0.1000,0.00001038,21.4494,916.7981,530.8459
10566,431,36,0.1000,0.00001038,27.7310,927.0291,385.4961
10567,116,14,0.1000,0.00001037,20.3562,928.6790,414.2475
10568,315,26,0.1000,0.00001037,32.9788,927.4800,432.8188
10569,89,15,0.1000,0.00001037,32.7921,918.0242,387.9658
10570,43,11,0.1000,0.00001036,29.2081,911.6334,264.1700
10571,293,21,0.1000,0.00001036,27.2080,929.9382,349.6507
10572,105,15,0.1000,0.00001035,35.0280,919.9103,431.8073
10573,85,14,0.1000,0.00001035,27.7876,924.1501,485.4477
10574,253,28,0.1000,0.00001035,37.9447,915.2274,356.9588
10575,544,24,0.1000,0.00001034,37.1583,930.5966,340.8334
10576,124,15,0.1000,0.00001034,29.3237,912.1651,271.0556
10577,130,16,0.1000,0.00001034,28.7246,910.0230,360.7852
10578,592,28,0.1000,0.00001033,34.4075,926.7358,424.5813
10579,540,32,0.1000,0.00001033,33.8838,934.5992,410.9711
10580,1037,31,0.1000,0.00001033,33.1643,963.1841,493.7360
10581,56,13,0.1000,0.00001032,36.1149,912.2128,472.8043
10582,310,29,0.1000,0.00001032,27.7741,924.1365,304.7140
10583,315,26,0.1000,0.00001031,23.9857,923.5811,460.8159
10584,50,12,0.1000,0.00001031,27.5503,920.4541,585.4175
10585,123,17,0.1000,0.00001031,31.2590,917.9246,617.9078
10586,273,28,0.1000,0.00001030,31.6577,922.5270,467.2027
10587,58,12,0.1000,0.00001030,38.8584,921.6346,376.2232
10588,209,21,0.1000,0.00001030,28.9146,923.9439,344.1794
10589,386,33,0.1000,0.00001029,32.6524,926.3664,454.3353
10590,560,25,0.1000,0.00001029,41.3653,935.7379,555.2631
10591,35,9,0.1000,0.00001028,38.6403,910.3517,367.0524
10592,86,14,0.1000,0.00001028,26.3893,911.3069,351.4339
10593,129,16,0.1000,0.00001028,31.8915,917.9646,383.1413
10594,39,11,0.1000,0.00001027,26.0193,915.6379,272.9407
10595,33,9,0.1000,0.00001027,27.6203,907.5474,333.7931
10596,38,10,0.1000,0.00001026,29.6958,907.0891,444.4863
10597,36,9,0.1000,0.00001026,18.2962,911.6820,555.9964
10598,34,7,0.1000,0.00001026,37.8507,906.3271,299.2562
10599,725,37,0.1000,0.00001025,31.9034,932.5035,275.4625
10600,1156,53,0.1000,0.00001025,34.5594,937.9983,447.0855
10601,551,31,0.1000,0.00001025,34.0048,928.9995,480.5256
10602,218,19,0.1000,0.00001024,30.6604,921.1015,524.1906
10603,295,21,0.1000,0.00001024,27.7350,929.5212,252.7553
10604,48,8,0.1000,0.00001023,44.8334,919.8395,315.1896
10605,87,15,0.1000,0.00001023,28.5027,917.3982,408.4101
10606,229,20,0.1000,0.00001023,34.8303,920.4887,334.0444
10607,225,22,0.1000,0.00001022,32.5940,922.6781,363.7062
10608,222,17,0.1000,0.00001022,23.4155,917.3576,286.2123
10609,110,14,0.1000,0.00001022,35.3315,913.9310,434.3384
10610,219,22,0.1000,0.00001021,25.8323,922.7601,471.1713
10611,39,10,0.1000,0.00001021,42.8541,910.7697,334.5781
10612,78,11,0.1000,0.00001021,37.5910,928.3941,340.8618
10613,763,31,0.1000,0.00001020,34.8387,953.5982,401.5835
10614,24,6,0.1000,0.00001020,21.9419,903.0892,313.4666
10615,35,9,0.1000,0.00001019,17.0330,911.0611,356.7338
10616,85,14,0.1000,0.00001019,21.6214,930.2661,440.3708
10617,80,12,0.1000,0.00001019,33.4240,922.5489,436.2681
10618,101,16,0.1000,0.00001018,29.9945,917.3609,345.6978
10619,361,37,0.1000,0.00001018,31.7313,930.0293,390.0453
10620,191,23,0.1000,0.00001017,28.2629,922.6307,389.4027
10621,42,10,0.1000,0.00001017,30.6719,919.4776,361.1993
10622,41,10,0.1000,0.00001017,43.4937,911.1970,524.9483
10623,123,16,0.1000,0.00001016,42.8856,915.5138,467.9618
10624,567,35,0.1000,0.00001016,31.7372,944.5120,416.0521
10625,376,25,0.1000,0.00001016,33.4739,923.8899,444.1833
10626,34,9,0.1000,0.00001015,26.7007,906.1778,261.7262
10627,773,34,0.1000,0.00001015,30.3845,931.2609,376.6800
10628,464,26,0.1000,0.00001014,34.2855,938.7904,365.7995
10629,424,29,0.1000,0.00001014,38.5961,926.6766,493.4740
10630,194,22,0.1000,0.00001014,32.3822,917.5267,380.5773
10631,41,8,0.1000,0.00001013,17.7161,907.7698,368.5292
10632,993,45,0.1000,0.00001013,36.0123,927.5802,400.9752
10633,41,10,0.1000,0.00001013,22.7089,898.4381,377.0385
10634,124,19,0.1000,0.00001012,30.4597,923.0095,351.1259
10635,122,15,0.1000,0.00001012,31.6197,923.3025,254.1374
10636,87,14,0.1000,0.00001012,25.8941,912.4206,438.5905
10637,509,28,0.1000,0.00001011,35.4834,930.2035,481.9377
10638,55,9,0.1000,0.00001011,31.5046,913.7343,805.0832
10639,28,7,0.1000,0.00001010,28.7855,904.8288,290.1063
10640,37,9,0.1000,0.00001010,47.9064,916.4900,258.7605
10641,139,17,0.1000,0.00001010,48.5186,928.6988,348.5901
10642,275,23,0.1000,0.00001009,28.3792,929.9849,304.2797
10643,253,27,0.1000,0.00001009,21.0780,924.0584,354.5899
10644,122,15,0.1000,0.00001009,37.1563,910.3893,328.9068
10645,99,13,0.1000,0.00001008,24.7079,920.0489,377.1871
10646,99,15,0.1000,0.00001008,43.8803,926.5515,380.1518
10647,48,6,0.1000,0.00001007,36.3235,930.1066,330.8381
10648,26,7,0.1000,0.00001007,40.8110,910.2550,347.1147
10649,46,10,0.1000,0.00001007,31.7367,909.7288,413.1936
10650,44,12,0.1000,0.00001006,20.6139,919.4783,263.7245
10651,57,12,0.1000,0.00001006,28.1658,911.8862,334.5377
10652,158,16,0.1000,0.00001005,28.5143,921.8308,276.5544
10653,246,22,0.1000,0.00001005,32.5197,933.5158,422.6016
10654,378,25,0.1000,0.00001005,35.6117,923.7385,618.7795
10655,58,11,0.1000,0.00001004,47.7698,924.8383,477.0040
10656,94,17,0.1000,0.00001004,30.6122,934.0994,393.4297
10657,867,47,0.1000,0.00001004,32.4290,935.6725,389.1875
10658,75,11,0.1000,0.00001003,21.1311,939.5429,466.4400
10659,467,29,0.1000,0.00001003,22.7586,933.8365,367.0836
10660,141,19,0.1000,0.00001002,31.6107,928.0441,427.9122
10661,48,10,0.1000,0.00001002,24.6839,910.6087,276.5799
10662,71,10,0.1000,0.00001002,28.6254,917.3299,398.6049
10663,155,15,0.1000,0.00001001,30.9489,914.8460,399.7732
10664,113,13,0.1000,0.00001001,28.7319,930.7253,390.7106
10665,46,11,0.1000,0.00001001,38.8948,927.2138,282.6751
10666,289,25,0.1000,0.00001000,34.7116,922.5480,431.9924
10667,57,10,0.1000,0.00001000,23.0737,915.6108,353.4228
10668,119,14,0.1000,0.00001000,28.8596,921.2776,400.3788
10669,224,23,0.1000,0.00000999,29.1139,921.5398,311.8495
10670,630,33,0.1000,0.00000999,30.6149,943.6540,343.1881
10671,675,32,0.1000,0.00000998,33.6192,934.8102,438.7182
10672,104,17,0.1000,0.00000998,25.9147,918.4138,363.9416
10673,40,8,0.1000,0.00000998,29.6664,904.2290,251.7486
10674,80,12,0.1000,0.00000997,30.7231,916.8376,310.8172
10675,35,8,0.1000,0.00000997,29.3818,911.2050,314.2498
10676,42,12,0.1000,0.00000996,15.9304,926.7139,389.9117
10677,38,9,0.1000,0.00000996,29.2110,918.5044,427.5041
10678,81,11,0.1000,0.00000996,35.2039,928.8129,298.2627
10679,553,34,0.1000,0.00000995,31.0900,932.6976,381.1748
10680,293,20,0.1000,0.00000995,27.7800,930.5302,405.6110
10681,159,17,0.1000,0.00000995,35.1559,922.3185,355.9035
10682,91,17,0.1000,0.00000994,31.7938,921.6672,304.9127
10683,226,22,0.1000,0.00000994,32.0909,919.3679,404.1219
10684,75,14,0.1000,0.00000993,33.8167,916.6283,499.0987
10685,217,23,0.1000,0.00000993,26.6211,928.1446,314.7451
10686,56,11,0.1000,0.00000993,28.2754,916.8644,420.1464
10687,101,15,0.1000,0.00000992,31.5396,924.2182,325.5204
10688,38,9,0.1000,0.00000992,41.0433,915.0185,367.4444
10689,57,12,0.1000,0.00000992,45.8709,917.3740,582.9443
10690,175,18,0.1000,0.00000991,29.1470,923.5576,328.3153
10691,73,12,0.1000,0.00000991,22.9429,921.8144,415.3271
10692,30,7,0.1000,0.00000991,28.9374,906.3466,649.0571
10693,123,15,0.1000,0.00000990,30.4042,921.2561,460.3973
10694,45,10,0.1000,0.00000990,57.8244,919.6189,612.4219
10695,479,28,0.1000,0.00000989,28.6751,933.3925,504.0626
10696,42,11,0.1000,0.00000989,36.8028,920.6075,330.0980
10697,264,22,0.1000,0.00000989,39.0574,932.7704,418.7951
10698,303,22,0.1000,0.00000988,34.6951,926.0726,342.3583
10699,49,13,0.1000,0.00000988,28.3981,919.8796,391.0439
10700,54,9,0.1000,0.00000987,40.2698,917.5568,394.6520
10701,101,16,0.1000,0.00000987,27.2849,923.6502,400.4879
10702,554,24,0.1000,0.00000987,41.7822,942.7585,425.0356
10703,202,20,0.1000,0.00000986,32.1930,931.1293,359.3376
10704,165,17,0.1000,0.00000986,32.4874,914.3139,342.9660
10705,331,28,0.1000,0.00000986,36.9966,923.9293,362.3518
10706,50,10,0.1000,0.00000985,23.1053,918.7756,467.2444
10707,222,17,0.1000,0.00000985,35.0291,935.1918,347.8994
10708,236,23,0.1000,0.00000984,27.2171,929.3126,304.8333
10709,168,19,0.1000,0.00000984,24.8284,916.0192,511.8397
10710,27,7,0.1000,0.00000984,37.0310,913.7927,490.1896
10711,123,17,0.1000,0.00000983,25.7513,924.9908,504.3524
10712,128,19,0.1000,0.00000983,32.5666,930.7339,484.8106
10713,358,25,0.1000,0.00000983,42.6920,934.7125,345.7548
10714,55,11,0.1000,0.00000982,29.3883,918.5669,452.0507
10715,69,13,0.1000,0.00000982,32.7858,902.0709,447.4163
10716,106,14,0.1000,0.00000982,29.1924,922.7438,448.2368
10717,58,12,0.1000,0.00000981,34.7653,908.8547,401.2304
10718,29,7,0.1000,0.00000981,19.2746,910.1383,329.5778
10719,85,13,0.1000,0.00000980,44.2659,922.2557,426.1491
10720,78,12,0.1000,0.00000980,42.2435,923.7189,261.9181
10721,38,10,0.1000,0.00000980,31.8955,915.3278,234.2314
10722,32,9,0.1000,0.00000979,33.8442,913.5665,408.6333
10723,52,11,0.1000,0.00000979,31.1798,907.1235,361.4760
10724,562,27,0.1000,0.00000978,30.4710,934.0658,444.1082
10725,545,30,0.1000,0.00000978,28.4643,935.5648,421.9452
10726,315,26,0.1000,0.00000978,29.4115,927.2769,373.0275
10727,209,19,0.1000,0.00000977,34.1052,932.5473,320.4013
10728,38,9,0.1000,0.00000977,46.1876,936.1388,491.8369
10729,912,39,0.1000,0.00000977,30.9696,941.4487,423.7329
10730,530,23,0.1000,0.00000976,39.5143,934.7006,376.8500
10731,257,23,0.1000,0.00000976,31.0441,938.1749,405.2637
10732,23,5,0.1000,0.00000976,30.6577,907.2941,260.5704
10733,660,40,0.1000,0.00000975,29.2180,936.5388,291.8701
10734,250,25,0.1000,0.00000975,24.7408,929.3013,280.9510
10735,37,11,0.1000,0.00000974,35.5096,921.7451,390.8249
10736,64,11,0.1000,0.00000974,26.1045,926.1583,397.5708
10737,125,17,0.1000,0.00000974,36.8866,924.7149,358.2269
10738,713,44,0.1000,0.00000973,33.6422,919.4674,466.4387
10739,1582,72,0.1000,0.00000973,32.7595,939.0634,358.3189
10740,28,7,0.1000,0.00000972,33.6844,904.8554,305.3805
10741,38,10,0.1000,0.00000972,29.9097,913.0084,366.2830
10742,38,10,0.1000,0.00000972,36.2691,920.3332,338.3431
10743,57,13,0.1000,0.00000971,19.0569,928.7824,315.6855
10744,454,34,0.1000,0.00000971,28.6622,931.8232,330.8601
10745,164,17,0.1000,0.00000971,31.9847,921.6877,448.0445
10746,769,27,0.1000,0.00000970,38.1102,949.0155,470.5615
10747,74,9,0.1000,0.00000970,46.0729,922.0572,407.8089
10748,247,20,0.1000,0.00000969,30.7609,929.8639,376.7927
10749,1685,59,0.1000,0.00000969,31.2326,948.9689,414.6130
10750,183,21,0.1000,0.00000969,41.1521,919.1961,322.4792
10751,53,11,0.1000,0.00000968,40.8197,917.9658,430.0557
10752,998,52,0.1000,0.00000968,33.9184,928.4615,422.3302
10753,449,33,0.1000,0.00000968,30.4378,926.9114,431.3909
10754,164,18,0.1000,0.00000967,30.8684,929.2655,431.2109
10755,289,20,0.1000,0.00000967,35.2496,933.1284,455.3287
10756,585,41,0.1000,0.00000967,29.1471,926.5611,323.4008
10757,346,31,0.1000,0.00000966,38.7700,935.4607,349.1065
10758,115,14,0.1000,0.00000966,31.5047,930.3261,353.7603
10759,374,24,0.1000,0.00000965,30.1045,934.7265,340.2768
10760,232,23,0.1000,0.00000965,34.1743,933.9793,306.0988
10761,61,11,0.1000,0.00000965,42.4150,935.9783,389.4188
10762,265,23,0.1000,0.00000964,31.5741,928.0896,378.9578
10763,34,8,0.1000,0.00000964,42.1059,919.8288,328.4344
10764,134,18,0.1000,0.00000963,29.1874,930.3938,344.2338
10765,38,10,0.1000,0.00000963,37.5520,916.8454,288.7066
10766,35,10,0.1000,0.00000963,50.2889,916.2192,644.7032
10767,316,28,0.1000,0.00000962,30.6590,933.7815,478.7002
10768,606,38,0.1000,0.00000962,39.7620,938.0296,492.0557
10769,296,21,0.1000,0.00000962,41.7521,935.9402,375.7254
10770,1039,51,0.1000,0.00000961,36.1714,937.0700,346.9834
10771,56,10,0.1000,0.00000961,28.2392,920.3572,375.7991
10772,371,25,0.1000,0.00000961,32.2556,936.4136,316.2177
10773,240,23,0.1000,0.00000960,39.9353,934.0563,483.0289
10774,313,23,0.1000,0.00000960,29.2528,928.1620,432.4794
10775,107,16,0.1000,0.00000959,42.9062,923.7527,356.4655
10776,371,23,0.1000,0.00000959,33.7795,940.3951,418.8142
10777,751,41,0.1000,0.00000959,38.6736,934.9712,347.1589
10778,118,15,0.1000,0.00000958,23.6897,927.3783,419.8063
10779,161,14,0.1000,0.00000958,41.6319,930.2070,390.7096
10780,667,40,0.1000,0.00000958,36.8082,941.0392,339.7627
10781,53,11,0.1000,0.00000957,46.2855,913.1412,368.5029
10782,39,11,0.1000,0.00000957,20.7880,926.2980,502.5694
10783,376,23,0.1000,0.00000956,32.1136,942.5237,450.1703
10784,84,16,0.1000,0.00000956,27.5427,929.5517,521.8930
10785,117,14,0.1000,0.00000956,33.3882,922.0936,295.2185
10786,40,11,0.1000,0.00000955,31.6570,924.7077,350.7184
10787,124,15,0.1000,0.00000955,33.1678,937.3792,414.4722
10788,43,10,0.1000,0.00000954,25.0587,932.3134,359.7938
10789,75,14,0.1000,0.00000954,27.4006,924.6794,367.1784
10790,79,13,0.1000,0.00000954,28.0175,933.3569,246.0551
10791,40,10,0.1000,0.00000953,41.4616,916.1554,268.1744
10792,173,18,0.1000,0.00000953,25.7951,930.3808,377.7816
10793,52,11,0.1000,0.00000953,37.6557,918.5996,335.9481
10794,59,13,0.1000,0.00000952,30.6345,933.5011,309.0040
10795,293,25,0.1000,0.00000952,30.5533,936.4867,336.6497
10796,234,25,0.1000,0.00000951,32.4553,931.6101,467.6065
10797,96,11,0.1000,0.00000951,34.7438,916.9654,379.5082
10798,191,21,0.1000,0.00000951,28.3715,939.0786,382.6193
10799,91,16,0.1000,0.00000950,40.2380,933.8409,368.5290
10800,136,17,0.1000,0.00000950,32.9089,935.7753,370.4445
10801,163,15,0.1000,0.00000950,25.8845,930.8440,364.1129
10802,116,14,0.1000,0.00000949,28.3608,935.6020,354.7178
10803,64,15,0.1000,0.00000949,43.9402,917.6830,490.6107
10804,157,16,0.1000,0.00000949,19.9861,934.9971,354.9202
10805,113,15,0.1000,0.00000948,35.7634,928.9131,356.7565
10806,43,10,0.1000,0.00000948,32.5647,935.5582,419.2271
10807,417,28,0.1000,0.00000947,30.9620,934.6025,464.1605
10808,48,11,0.1000,0.00000947,17.7538,929.6473,293.8964
10809,63,11,0.1000,0.00000947,44.7574,937.1233,230.0754
10810,65,10,0.1000,0.00000946,35.7166,933.1937,309.8941
10811,76,10,0.1000,0.00000946,55.3217,934.8186,225.9298
10812,297,21,0.1000,0.00000945,38.5906,937.8457,368.9433
10813,50,10,0.1000,0.00000945,27.4731,921.0416,450.7023
10814,217,15,0.1000,0.00000945,37.3259,925.4718,350.1532
10815,29,7,0.1000,0.00000944,17.0394,910.4007,517.4657
10816,118,13,0.1000,0.00000944,32.8903,936.1378,247.0009
10817,535,35,0.1000,0.00000944,31.2510,934.9500,374.2300
10818,1394,58,0.1000,0.00000943,35.8387,944.2525,397.8235
10819,59,14,0.1000,0.00000943,37.3597,924.8166,318.1909
10820,140,14,0.1000,0.00000943,45.5916,939.1393,290.7992
10821,122,19,0.1000,0.00000942,38.4044,929.8351,374.3500
10822,225,21,0.1000,0.00000942,40.0259,939.8269,296.7479
10823,41,10,0.1000,0.00000941,22.6864,932.9610,467.6552
10824,765,44,0.1000,0.00000941,35.0326,944.7259,378.5443
10825,30,7,0.1000,0.00000941,28.3408,922.7228,399.0850
10826,657,30,0.1000,0.00000940,36.8484,930.4606,395.9274
10827,27,7,0.1000,0.00000940,43.1150,914.2100,566.1365
10828,456,37,0.1000,0.00000940,35.5829,941.2698,339.8144
10829,73,11,0.1000,0.00000939,46.7320,925.3698,357.8372
10830,172,17,0.1000,0.00000939,34.3286,937.6641,454.7363
10831,525,36,0.1000,0.00000938,24.4105,936.1840,366.9097
10832,228,22,0.1000,0.00000938,33.8679,933.3297,339.0040
10833,37,9,0.1000,0.00000938,42.4737,920.5161,374.7209
10834,209,18,0.1000,0.00000937,27.6347,935.9278,515.3933
10835,38,10,0.1000,0.00000937,26.9515,923.7133,277.9430
10836,168,21,0.1000,0.00000936,25.2842,935.5817,515.8909
10837,680,36,0.1000,0.00000936,30.4444,945.9080,382.0132
10838,615,35,0.1000,0.00000936,32.3577,940.2801,312.4414
10839,52,10,0.1000,0.00000935,31.8116,927.3501,366.7003
10840,116,16,0.1000,0.00000935,38.2178,930.1033,374.4443
10841,363,29,0.1000,0.00000935,40.0914,933.7640,408.4588
10842,93,16,0.1000,0.00000934,26.8007,929.6215,338.0330
10843,120,16,0.1000,0.00000934,24.9685,927.0795,364.6795
10844,80,14,0.1000,0.00000934,36.0182,927.7809,285.5925
10845,114,14,0.1000,0.00000933,16.2231,927.1253,453.0402
10846,70,14,0.1000,0.00000933,27.1221,919.2567,426.5914
10847,121,16,0.1000,0.00000932,42.4453,930.8994,356.7510
10848,220,20,0.1000,0.00000932,35.0375,920.0778,381.4949
10849,109,13,0.1000,0.00000932,30.1429,932.0776,261.9868
10850,204,23,0.1000,0.00000931,36.2152,934.2466,358.4669
10851,30,8,0.1000,0.00000931,37.1311,921.2949,424.0415
10852,37,10,0.1000,0.00000930,31.8068,924.5479,563.6643
10853,40,10,0.1000,0.00000930,35.7545,933.9086,284.8506
10854,29,7,0.1000,0.00000930,42.2547,921.0575,415.3852
10855,306,21,0.1000,0.00000929,33.1944,927.7546,382.4340
10856,55,11,0.1000,0.00000929,23.0803,925.9665,413.3830
10857,60,10,0.1000,0.00000929,44.7591,931.0346,573.8336
10858,53,9,0.1000,0.00000928,42.0677,932.2282,287.6938
10859,171,18,0.1000,0.00000928,27.0614,924.8455,312.4383
10860,38,10,0.1000,0.00000928,26.1345,921.0173,448.4834
10861,161,15,0.1000,0.00000927,42.0843,926.4086,378.6977
10862,429,29,0.1000,0.00000927,28.7652,937.4132,408.4337
10863,224,19,0.1000,0.00000926,33.3784,942.5109,355.3417
10864,169,16,0.1000,0.00000926,26.7890,929.0200,398.4913
10865,56,12,0.1000,0.00000926,35.1331,922.8920,349.9178
10866,185,20,0.1000,0.00000925,35.4922,941.8963,336.6928
10867,79,13,0.1000,0.00000925,36.2344,939.3083,411.6761
10868,112,14,0.1000,0.00000925,34.2030,933.4035,494.2265
10869,768,30,0.1000,0.00000924,39.3236,949.1659,347.9152
10870,175,19,0.1000,0.00000924,28.7209,929.5246,485.1187
10871,284,24,0.1000,0.00000923,30.2550,938.2278,271.5744
10872,39,11,0.1000,0.00000923,30.3432,936.6144,451.1057
10873,38,9,0.1000,0.00000923,25.3338,926.4657,285.8922
10874,578,33,0.1000,0.00000922,36.4447,941.4035,413.3887
10875,138,17,0.1000,0.00000922,21.4007,931.0948,330.8693
10876,32,9,0.1000,0.00000921,40.9466,917.3958,482.3744
10877,247,19,0.1000,0.00000921,24.5183,946.6422,375.7343
10878,222,17,0.1000,0.00000921,29.2820,940.0403,359.0540
10879,908,35,0.1000,0.00000920,36.5625,945.0510,389.7265
10880,431,30,0.1000,0.00000920,27.8246,936.5114,371.6413
10881,330,36,0.1000,0.00000920,30.5415,939.0892,565.9897
10882,166,16,0.1000,0.00000919,39.5857,933.2227,379.9702
10883,301,24,0.1000,0.00000919,24.8012,952.8897,422.7502
10884,228,20,0.1000,0.00000919,35.2406,935.2489,453.9756
10885,193,17,0.1000,0.00000918,27.4450,936.0963,314.3803
10886,39,9,0.1000,0.00000918,48.0276,930.5343,439.3971
10887,117,14,0.1000,0.00000917,38.6493,932.5288,337.7801
10888,379,25,0.1000,0.00000917,35.1452,942.6240,391.7771
10889,28,7,0.1000,0.00000917,50.6553,923.4214,134.3922
10890,35,8,0.1000,0.00000916,53.2843,929.2481,412.2702
10891,42,10,0.1000,0.00000916,47.1042,924.8686,294.5170
10892,583,33,0.1000,0.00000916,29.0343,940.0985,385.0262
10893,289,20,0.1000,0.00000915,24.8041,951.7984,278.3573
10894,207,18,0.1000,0.00000915,35.9909,935.6910,323.1893
10895,300,22,0.1000,0.00000914,38.6457,941.3521,299.4534
10896,106,14,0.1000,0.00000914,31.9564,932.7492,441.8639
10897,56,11,0.1000,0.00000914,29.9853,930.8939,270.9120
10898,129,16,0.1000,0.00000913,36.5855,942.5774,316.4536
10899,60,13,0.1000,0.00000913,36.4040,933.9893,297.7415
10900,49,9,0.1000,0.00000912,24.8569,931.2063,308.3972
10901,1799,57,0.1000,0.00000912,31.5573,962.0993,411.5402
10902,30,7,0.1000,0.00000912,42.9071,924.2557,377.4753
10903,2133,62,0.1000,0.00000911,42.6877,966.3459,396.1000
10904,344,25,0.1000,0.00000911,26.1699,948.6922,286.5156
10905,77,13,0.1000,0.00000911,41.3244,932.6318,420.3745
10906,224,21,0.1000,0.00000910,30.5252,934.4741,371.5841
10907,364,28,0.1000,0.00000910,38.7475,940.8189,273.0257
10908,40,9,0.1000,0.00000910,44.9109,929.9992,394.2522
10909,163,15,0.1000,0.00000909,26.0774,937.7308,445.3570
10910,297,22,0.1000,0.00000909,34.1030,946.7071,380.8970
10911,656,28,0.1000,0.00000908,23.0227,952.3532,336.3181
10912,59,12,0.1000,0.00000908,31.2159,928.3407,497.9669
10913,244,22,0.1000,0.00000908,28.0266,946.8486,485.2007
10914,29,8,0.1000,0.00000907,31.1894,924.3423,369.2046
10915,542,38,0.1000,0.00000907,36.6852,945.9238,358.4810
10916,330,29,0.1000,0.00000907,41.1225,937.6012,464.8883
10917,121,17,0.1000,0.00000906,29.6411,933.6671,453.2796
10918,76,12,0.1000,0.00000906,40.5953,930.9285,461.4107
10919,172,18,0.1000,0.00000905,29.2333,936.7086,343.7165
10920,56,12,0.1000,0.00000905,34.6981,931.5857,512.2655
10921,38,9,0.1000,0.00000905,31.4966,938.8031,179.5516
10922,171,17,0.1000,0.00000904,32.5136,950.8298,443.2051
10923,204,21,0.1000,0.00000904,35.1665,944.7550,423.1530
10924,324,28,0.1000,0.00000903,31.1870,948.4918,396.8438
10925,85,10,0.1000,0.00000903,45.3919,940.1477,317.2982
10926,429,31,0.1000,0.00000903,32.5483,938.6272,484.9800
10927,87,13,0.1000,0.00000902,29.6846,943.3442,360.4532
10928,410,26,0.1000,0.00000902,37.4687,947.0210,425.9167
10929,635,34,0.1000,0.00000902,30.1555,953.9986,482.5113
10930,213,19,0.1000,0.00000901,45.3264,942.1661,468.5431
10931,28,6,0.1000,0.00000901,38.7386,931.5729,434.2095
10932,45,9,0.1000,0.00000900,35.4909,924.7980,426.0300
10933,197,21,0.1000,0.00000900,30.4828,935.2477,538.5062
10934,412,30,0.1000,0.00000900,32.5749,950.2444,401.1737
10935,21,5,0.1000,0.00000899,12.9513,910.1739,353.3498
10936,41,9,0.1000,0.00000899,45.7056,934.6035,450.6503
10937,637,41,0.1000,0.00000899,30.4266,957.1401,370.1735
10938,211,20,0.1000,0.00000898,33.6826,942.1338,513.4139
10939,356,22,0.1000,0.00000898,38.1413,954.0066,321.0536
10940,28,6,0.1000,0.00000898,18.1511,928.8992,344.6849
10941,452,26,0.1000,0.00000897,33.7993,940.8252,409.0632
10942,32,8,0.1000,0.00000897,33.4196,930.0585,351.0220
10943,113,16,0.1000,0.00000896,27.6286,938.6239,416.0756
10944,128,17,0.1000,0.00000896,27.4280,952.1941,305.5077
10945,161,16,0.1000,0.00000896,35.8675,931.0926,311.0426
10946,1082,44,0.1000,0.00000895,32.6789,966.4392,348.2225
10947,40,10,0.1000,0.00000895,23.0569,944.4423,308.5165
10948,81,16,0.1000,0.00000895,35.2516,946.2805,355.3097
10949,86,15,0.1000,0.00000894,25.8087,941.1291,430.1635
10950,644,18,0.1000,0.00000894,41.4994,970.2883,488.6489
10951,214,21,0.1000,0.00000893,39.2364,935.7322,500.9123
10952,73,11,0.1000,0.00000893,22.1329,938.4004,524.0517
10953,77,13,0.1000,0.00000893,42.5449,944.0698,529.9394
10954,1715,47,0.1000,0.00000892,27.7781,987.0664,442.3213
10955,161,17,0.1000,0.00000892,32.0793,942.4231,332.5789
10956,1090,38,0.1000,0.00000891,27.7905,959.7753,418.5285
10957,175,19,0.1000,0.00000891,29.5249,935.8104,531.3476
10958,125,18,0.1000,0.00000891,37.5758,943.0846,339.3684
10959,532,32,0.1000,0.00000890,28.3963,957.0110,279.3049
10960,88,13,0.1000,0.00000890,45.6767,936.7307,318.4204
10961,122,14,0.1000,0.00000890,49.6872,935.7576,364.4689
10962,37,9,0.1000,0.00000889,18.0710,934.9636,462.2749
10963,36,10,0.1000,0.00000889,48.6841,931.7992,473.1508
10964,1355,38,0.1000,0.00000889,30.9350,967.8531,467.1479
10965,448,26,0.1000,0.00000888,41.2654,949.0841,439.4519
10966,220,23,0.1000,0.00000888,33.1010,948.3661,397.3690
10967,22,5,0.1000,0.00000887,13.8148,928.4999,239.4050
10968,649,37,0.1000,0.00000887,33.4486,946.5457,410.9704
10969,268,23,0.1000,0.00000887,17.1864,955.4287,356.2383
10970,353,20,0.1000,0.00000886,39.5363,955.1709,324.4019
10971,34,9,0.1000,0.00000886,21.9332,935.3494,438.6003
10972,52,10,0.1000,0.00000886,22.8774,932.8752,345.6783
10973,51,10,0.1000,0.00000885,35.2496,945.3970,350.5082
10974,79,12,0.1000,0.00000885,31.2470,941.2547,463.8390
10975,59,14,0.1000,0.00000884,36.0699,936.1805,480.9761
10976,193,23,0.1000,0.00000884,43.5074,940.5552,357.1084
10977,211,19,0.1000,0.00000884,33.0196,950.7418,305.0235
10978,499,36,0.1000,0.00000883,33.9707,952.5262,382.9585
10979,50,11,0.1000,0.00000883,35.2462,937.0535,384.9012
10980,48,10,0.1000,0.00000882,41.0273,935.5184,373.7803
10981,333,28,0.1000,0.00000882,32.3016,950.5399,398.9874
10982,30,8,0.1000,0.00000882,37.3691,928.0916,307.0772
10983,77,11,0.1000,0.00000881,22.5792,943.1369,422.4970
10984,63,14,0.1000,0.00000881,31.6994,941.2174,364.3168
10985,58,12,0.1000,0.00000881,40.6983,953.8502,397.2947
10986,70,10,0.1000,0.00000880,41.9320,942.9555,600.9531
10987,166,16,0.1000,0.00000880,35.0271,948.0282,448.3915
10988,348,26,0.1000,0.00000879,29.7397,947.0144,444.7758
10989,21,5,0.1000,0.00000879,32.3669,940.1506,259.8339
10990,336,28,0.1000,0.00000879,36.7709,943.5483,396.0948
10991,83,11,0.1000,0.00000878,28.6084,947.1219,342.3500
10992,81,12,0.1000,0.00000878,30.0518,937.7424,526.6379
10993,127,17,0.1000,0.00000878,41.9122,943.3153,463.0834
10994,54,11,0.1000,0.00000877,40.6213,928.9840,324.9267
10995,168,18,0.1000,0.00000877,40.2318,941.7919,291.7510
10996,312,23,0.1000,0.00000877,36.2699,946.5060,293.5718
10997,46,10,0.1000,0.00000876,29.7739,942.1507,484.6892
10998,205,20,0.1000,0.00000876,34.5330,946.2930,485.0940
10999,51,10,0.1000,0.00000875,30.1080,935.3222,335.3729
11000,499,33,0.1000,0.00000875,33.4868,952.7381,288.9952
11001,77,14,0.1000,0.00000875,39.8860,944.0597,338.6044
11002,40,10,0.1000,0.00000874,44.0699,947.5580,404.6437
11003,36,9,0.1000,0.00000874,50.8442,937.1406,544.7089
11004,78,12,0.1000,0.00000873,37.7234,949.8982,414.7887
11005,224,24,0.1000,0.00000873,30.4284,944.6629,342.5365
11006,293,21,0.1000,0.00000873,28.7853,936.7276,465.2434
11007,55,11,0.1000,0.00000872,49.0168,952.9729,517.6287
11008,528,31,0.1000,0.00000872,39.3491,965.5850,589.1423
11009,1335,67,0.1000,0.00000872,32.7445,964.8099,395.3412
11010,43,11,0.1000,0.00000871,50.0563,945.5696,403.1577
11011,35,8,0.1000,0.00000871,34.5101,950.0866,337.4636
11012,119,14,0.1000,0.00000870,36.2309,946.9938,422.6957
11013,83,15,0.1000,0.00000870,28.8575,942.6510,440.7011
11014,32,7,0.1000,0.00000870,28.6954,941.3439,300.3952
11015,52,11,0.1000,0.00000869,41.2233,955.3678,425.5768
11016,55,10,0.1000,0.00000869,49.7539,940.6777,309.4030
11017,284,23,0.1000,0.00000869,27.2990,944.3486,416.6629
11018,52,11,0.1000,0.00000868,27.5546,944.6921,476.2153
11019,54,11,0.1000,0.00000868,31.7326,937.1446,389.1095
11020,113,16,0.1000,0.00000868,35.8085,947.3903,448.9866
11021,27,7,0.1000,0.00000867,33.9653,928.2370,537.5986
11022,231,20,0.1000,0.00000867,37.0796,951.1557,484.2454
11023,56,11,0.1000,0.00000866,36.3352,949.1634,536.7290
11024,86,14,0.1000,0.00000866,41.1013,949.0016,338.0015
11025,118,14,0.1000,0.00000866,43.1716,946.3956,379.8557
11026,191,24,0.1000,0.00000865,40.2147,948.2337,547.6263
11027,451,20,0.1000,0.00000865,32.5263,957.4817,318.6013
11028,54,11,0.1000,0.00000864,33.1067,939.7203,434.7916
11029,56,10,0.1000,0.00000864,32.1633,940.5988,365.8725
11030,57,12,0.1000,0.00000864,33.2200,937.8055,454.9927
11031,419,36,0.1000,0.00000863,33.5893,949.8824,389.2953
11032,283,19,0.1000,0.00000863,37.7399,957.7315,447.0487
11033,64,14,0.1000,0.00000863,42.0392,944.0408,503.8027
11034,581,32,0.1000,0.00000862,24.5859,965.7550,485.2822
11035,102,15,0.1000,0.00000862,26.4857,948.5306,422.8817
11036,333,24,0.1000,0.00000861,29.6911,946.5036,337.3595
11037,46,10,0.1000,0.00000861,41.4334,932.8891,303.1825
11038,1109,43,0.1000,0.00000861,31.5237,963.6737,319.0034
11039,59,13,0.1000,0.00000860,21.9045,945.5886,414.8296
11040,234,23,0.1000,0.00000860,30.2288,941.5425,372.9847
11041,301,22,0.1000,0.00000860,34.9904,956.4592,335.5143
11042,84,12,0.1000,0.00000859,35.9453,955.7789,253.3606
11043,360,19,0.1000,0.00000859,36.0043,959.3515,327.4519
11044,117,15,0.1000,0.00000858,23.5737,947.8900,424.5224
11045,355,28,0.1000,0.00000858,24.3559,958.4248,460.9563
11046,173,18,0.1000,0.00000858,28.2749,951.8064,449.6958
11047,219,22,0.1000,0.00000857,30.1528,952.2255,333.3085
11048,78,14,0.1000,0.00000857,40.6549,940.1425,446.4135
11049,1158,32,0.1000,0.00000857,34.3681,980.6188,301.2804
11050,123,15,0.1000,0.00000856,42.6541,946.8811,333.8347
11051,58,11,0.1000,0.00000856,24.1598,947.0207,402.1436
11052,294,19,0.1000,0.00000855,27.0187,959.5430,398.1814
11053,59,11,0.1000,0.00000855,41.5959,936.8923,778.2190
11054,62,9,0.1000,0.00000855,27.6106,946.8916,436.7823
11055,41,9,0.1000,0.00000854,41.5311,946.1430,475.8350
11056,994,41,0.1000,0.00000854,29.1522,956.3166,379.7346
11057,421,28,0.1000,0.00000854,33.7988,949.2902,363.5167
11058,41,11,0.1000,0.00000853,35.2878,943.9445,491.3652
11059,290,23,0.1000,0.00000853,27.8385,960.9785,434.7065
11060,31,8,0.1000,0.00000853,33.7647,934.3707,466.0117
11061,122,16,0.1000,0.00000852,46.5067,948.5950,310.8420
11062,37,9,0.1000,0.00000852,48.8706,945.1560,370.1448
11063,301,24,0.1000,0.00000851,38.5630,956.3647,418.3136
11064,140,18,0.1000,0.00000851,35.9940,951.8136,404.0470
11065,57,13,0.1000,0.00000851,36.5984,944.2158,348.0131
11066,77,14,0.1000,0.00000850,23.2497,949.5254,377.5538
11067,297,23,0.1000,0.00000850,32.8515,953.1516,289.1160
11068,905,45,0.1000,0.00000849,40.1499,956.9013,424.7438
11069,737,34,0.1000,0.00000849,33.2384,965.1533,364.1352
11070,133,17,0.1000,0.00000849,29.5496,950.8285,376.7381
11071,303,21,0.1000,0.00000848,35.6207,961.4308,390.4631
11072,54,11,0.1000,0.00000848,35.9813,939.8366,284.9201
11073,36,8,0.1000,0.00000848,32.4189,946.7959,341.7963
11074,56,11,0.1000,0.00000847,33.0346,945.1795,396.8909
11075,41,11,0.1000,0.00000847,22.7533,942.4344,497.4837
11076,47,10,0.1000,0.00000847,29.1859,935.0124,520.3292
11077,87,14,0.1000,0.00000846,38.7652,954.2088,358.2597
11078,298,23,0.1000,0.00000846,19.5383,962.2960,390.3430
11079,240,20,0.1000,0.00000845,28.5271,950.5988,373.9745
11080,371,31,0.1000,0.00000845,31.2467,941.7359,323.7947
11081,98,16,0.1000,0.00000845,33.2658,952.8837,418.1633
11082,564,35,0.1000,0.00000844,28.5901,970.1425,369.4402
11083,818,38,0.1000,0.00000844,38.0755,965.2125,412.6396
11084,81,14,0.1000,0.00000844,29.5947,953.5052,570.9050
11085,115,13,0.1000,0.00000843,23.1548,950.8301,654.2561
11086,59,13,0.1000,0.00000843,23.9864,953.0366,465.6830
11087,77,13,0.1000,0.00000842,21.9303,945.3819,439.5936
11088,52,12,0.1000,0.00000842,24.4466,955.5327,350.1087
11089,222,24,0.1000,0.00000842,36.3443,954.3219,449.3473
11090,53,10,0.1000,0.00000841,31.1060,952.0652,634.1333
11091,39,11,0.1000,0.00000841,32.3427,941.1684,298.0774
11092,584,43,0.1000,0.00000840,36.4050,958.0751,377.9824
11093,56,10,0.1000,0.00000840,31.2919,939.7326,325.5890
11094,183,17,0.1000,0.00000840,30.0995,956.8680,346.5928
11095,65,11,0.1000,0.00000839,36.0696,949.7674,285.9494
11096,54,11,0.1000,0.00000839,32.6904,948.1371,496.9419
11097,225,19,0.1000,0.00000839,28.6120,959.4298,409.1768
11098,28,6,0.1000,0.00000838,22.4440,951.3604,226.1831
11099,79,13,0.1000,0.00000838,23.9709,950.5940,313.1651
11100,301,23,0.1000,0.00000838,30.7125,955.0576,496.2337
11101,32,9,0.1000,0.00000837,25.0680,943.3992,488.8371
11102,271,15,0.1000,0.00000837,30.6298,951.3554,344.6054
11103,352,21,0.1000,0.00000836,22.7132,966.0913,365.4257
11104,77,11,0.1000,0.00000836,25.5075,941.1783,788.3421
11105,112,11,0.1000,0.00000836,36.3789,969.4690,316.9007
11106,53,9,0.1000,0.00000835,35.4573,965.8951,351.6923
11107,123,15,0.1000,0.00000835,23.7418,956.9298,307.0453
11108,556,27,0.1000,0.00000835,31.6659,965.6577,363.8771
11109,37,10,0.1000,0.00000834,53.5446,948.0730,529.4827
11110,551,24,0.1000,0.00000834,25.6455,981.8044,358.1311
11111,226,19,0.1000,0.00000833,30.6587,952.1526,479.4007
11112,498,30,0.1000,0.00000833,35.0886,964.5464,244.3453
11113,1040,47,0.1000,0.00000833,33.7917,975.7237,399.5015
11114,478,27,0.1000,0.00000832,34.3515,973.8711,418.5870
11115,80,13,0.1000,0.00000832,41.9558,954.5274,342.5822
11116,51,11,0.1000,0.00000831,27.8319,945.0040,373.4904
11117,613,33,0.1000,0.00000831,34.9530,967.7070,291.6391
11118,2826,61,0.1000,0.00000831,32.0929,992.7585,344.8242
11119,170,21,0.1000,0.00000830,35.3946,959.9432,373.1759
11120,167,17,0.1000,0.00000830,35.1200,961.1202,362.9550
11121,39,10,0.1000,0.00000830,39.8654,949.2846,572.6940
11122,268,24,0.1000,0.00000829,39.0904,965.2690,406.6622
11123,209,20,0.1000,0.00000829,39.6191,970.9349,440.0994
11124,59,12,0.1000,0.00000828,43.5677,960.0212,339.4451
11125,126,17,0.1000,0.00000828,32.9728,961.0260,375.0592
11126,25,6,0.1000,0.00000828,22.5850,933.5289,446.2829
11127,113,14,0.1000,0.00000827,36.0566,954.6461,454.8898
11128,23,6,0.1000,0.00000827,44.7351,937.5878,450.1247
11129,216,17,0.1000,0.00000827,38.5635,962.7128,348.0573
11130,660,41,0.1000,0.00000826,29.4890,965.1126,447.5467
11131,39,10,0.1000,0.00000826,23.2209,953.3473,372.7026
11132,262,25,0.1000,0.00000826,33.4724,967.5480,433.5315
11133,38,9,0.1000,0.00000825,41.5875,944.6497,535.7305
11134,325,25,0.1000,0.00000825,39.3994,974.1114,389.0823
11135,290,19,0.1000,0.00000824,27.3894,959.3084,535.5452
11136,174,18,0.1000,0.00000824,29.5730,962.5567,514.0102
11137,111,15,0.1000,0.00000824,34.5449,954.0834,346.7671
11138,258,24,0.1000,0.00000823,34.0004,963.9835,371.5990
11139,78,12,0.1000,0.00000823,35.7333,957.3645,432.9601
11140,72,14,0.1000,0.00000822,24.7176,958.5461,446.0753
11141,224,18,0.1000,0.00000822,41.9427,962.6691,548.7986
11142,103,15,0.1000,0.00000822,40.8703,952.3714,470.4260
11143,232,21,0.1000,0.00000821,31.5894,966.5123,441.6583
11144,201,21,0.1000,0.00000821,42.2211,957.4137,483.4830
11145,105,17,0.1000,0.00000821,46.0724,945.4089,390.3960
11146,961,55,0.1000,0.00000820,33.0247,966.3146,405.2677
11147,26,6,0.1000,0.00000820,32.9742,944.9060,434.8330
11148,346,23,0.1000,0.00000819,39.9655,970.7437,322.9461
11149,130,18,0.1000,0.00000819,42.6130,956.4708,473.2827
11150,25,6,0.1000,0.00000819,38.7826,941.2735,693.7702
11151,531,31,0.1000,0.00000818,39.9395,972.9318,410.1866
11152,27,6,0.1000,0.00000818,34.5249,944.0559,532.0099
11153,273,22,0.1000,0.00000818,39.1593,960.4525,328.0949
11154,37,10,0.1000,0.00000817,36.9224,958.3994,396.3929
11155,300,22,0.1000,0.00000817,39.7122,960.6320,476.8161
11156,514,36,0.1000,0.00000817,31.4390,966.5165,376.8138
11157,241,25,0.1000,0.00000816,31.7815,972.0247,558.6970
11158,47,11,0.1000,0.00000816,36.5852,957.0965,446.1462
11159,44,10,0.1000,0.00000815,27.0814,967.3476,389.9900
11160,28,8,0.1000,0.00000815,51.7198,949.8063,540.9024
11161,82,11,0.1000,0.00000815,27.7176,966.0681,530.8377
11162,272,26,0.1000,0.00000814,30.2945,972.0194,527.7230
11163,452,25,0.1000,0.00000814,35.5302,971.6579,468.2327
11164,163,20,0.1000,0.00000814,32.3694,970.4338,458.9931
11165,183,20,0.1000,0.00000813,31.7520,977.9947,389.1809
11166,39,9,0.1000,0.00000813,21.3919,955.2598,465.7844
11167,563,30,0.1000,0.00000812,30.1247,976.3590,436.5931
11168,361,22,0.1000,0.00000812,35.6526,974.9343,346.6823
11169,34,8,0.1000,0.00000812,46.3913,954.5434,398.0237
11170,76,12,0.1000,0.00000811,38.1274,958.3071,472.4660
11171,216,20,0.1000,0.00000811,30.8268,961.0243,424.7952
11172,426,32,0.1000,0.00000810,31.6389,977.5386,355.4760
11173,45,12,0.1000,0.00000810,33.4732,961.4097,358.2292
11174,37,12,0.1000,0.00000810,24.6869,947.0358,321.4620
11175,35,9,0.1000,0.00000809,30.7888,946.5491,275.8770
11176,136,18,0.1000,0.00000809,25.8995,968.5804,476.9475
11177,906,58,0.1000,0.00000809,37.1098,976.2668,441.9238
11178,113,12,0.1000,0.00000808,25.0881,964.3781,385.3293
11179,206,18,0.1000,0.00000808,37.2597,963.7525,407.7395
11180,57,11,0.1000,0.00000807,21.8679,946.9275,266.7280
11181,300,23,0.1000,0.00000807,31.1689,961.7363,432.9035
11182,27,8,0.1000,0.00000807,49.8502,951.5555,448.4649
11183,358,21,0.1000,0.00000806,34.1723,980.4491,487.3449
11184,55,11,0.1000,0.00000806,22.5799,969.2081,500.2313
11185,298,19,0.1000,0.00000806,34.7338,969.6947,519.8259
11186,116,13,0.1000,0.00000805,17.8545,972.6980,346.3557
11187,124,15,0.1000,0.00000805,42.3330,974.1432,296.3662
11188,272,26,0.1000,0.00000805,28.2241,966.2877,454.6137
11189,271,22,0.1000,0.00000804,37.2166,968.2765,361.1030
11190,452,26,0.1000,0.00000804,25.5077,977.8423,466.1648
11191,289,22,0.1000,0.00000803,24.0143,979.3048,328.7235
11192,494,29,0.1000,0.00000803,31.5064,969.9876,278.6631
11193,116,15,0.1000,0.00000803,28.7942,971.1888,350.5570
11194,1191,54,0.1000,0.00000802,32.9799,981.5344,327.3680
11195,206,21,0.1000,0.00000802,35.4027,975.8236,371.8718
11196,141,17,0.1000,0.00000801,18.5172,969.5531,327.3787
11197,183,19,0.1000,0.00000801,41.0508,962.7410,282.0008
11198,34,8,0.1000,0.00000801,22.9323,939.1643,292.2496
11199,36,9,0.1000,0.00000800,35.4808,960.3318,469.7058
11200,46,10,0.1000,0.00000800,39.2842,977.9517,401.3350
11201,33,9,0.1000,0.00000800,28.1079,956.0743,284.7608
11202,122,15,0.1000,0.00000799,33.8091,964.7280,497.8445
11203,52,11,0.1000,0.00000799,26.7232,960.1717,410.0753
11204,64,14,0.1000,0.00000798,24.7620,957.4203,424.2636
11205,42,11,0.1000,0.00000798,32.3634,952.1851,303.1293
11206,362,21,0.1000,0.00000798,29.3013,988.7051,396.6108
11207,63,13,0.1000,0.00000797,26.4440,958.9444,376.4523
11208,216,19,0.1000,0.00000797,28.0955,976.6966,406.7158
11209,194,23,0.1000,0.00000797,34.5630,970.6451,438.4206
11210,273,18,0.1000,0.00000796,44.0987,973.0070,396.9412
11211,574,39,0.1000,0.00000796,33.3500,962.7506,320.3029
11212,44,10,0.1000,0.00000796,33.4701,962.0918,335.7490
11213,603,36,0.1000,0.00000795,30.7863,974.9511,359.5247
11214,266,22,0.1000,0.00000795,24.1168,965.9942,400.0049
11215,56,14,0.1000,0.00000794,46.9380,959.7997,351.2058
11216,35,8,0.1000,0.00000794,20.5262,953.5503,329.4701
11217,555,25,0.1000,0.00000794,37.5283,993.3745,410.3799
11218,62,13,0.1000,0.00000793,20.3448,963.6037,422.8046
11219,359,22,0.1000,0.00000793,29.3036,970.6267,427.8589
11220,56,12,0.1000,0.00000792,49.6903,958.0679,370.5563
11221,177,20,0.1000,0.00000792,30.9560,969.3965,319.0485
11222,53,12,0.1000,0.00000792,26.7263,956.5080,438.5616
11223,223,20,0.1000,0.00000791,35.8996,966.8767,404.8301
11224,36,11,0.1000,0.00000791,48.8220,960.7196,439.4223
11225,99,16,0.1000,0.00000791,27.0933,962.3734,436.2398
11226,219,21,0.1000,0.00000790,37.6137,961.2293,514.4452
11227,298,29,0.1000,0.00000790,27.8341,971.9361,349.0957
11228,205,22,0.1000,0.00000789,39.5325,974.1779,414.5157
11229,124,17,0.1000,0.00000789,43.0437,963.1858,392.2366
11230,138,18,0.1000,0.00000789,32.1972,958.5391,371.8912
11231,344,29,0.1000,0.00000788,32.8524,969.5244,364.5627
11232,41,10,0.1000,0.00000788,26.2089,963.5744,363.2830
11233,35,9,0.1000,0.00000788,56.5142,957.6447,429.1316
11234,838,59,0.1000,0.00000787,28.6790,975.6472,449.5865
11235,62,14,0.1000,0.00000787,32.8102,956.6084,594.5326
11236,57,12,0.1000,0.00000787,40.3755,974.5552,371.8534
11237,116,15,0.1000,0.00000786,28.3490,974.3935,327.0940
11238,39,9,0.1000,0.00000786,13.3279,964.8036,294.6557
11239,386,26,0.1000,0.00000785,30.6251,984.4481,405.1575
11240,371,22,0.1000,0.00000785,20.4675,971.0604,551.9428
11241,469,29,0.1000,0.00000785,38.2496,983.0637,414.7905
11242,195,25,0.1000,0.00000784,31.9084,970.1810,407.7427
11243,248,23,0.1000,0.00000784,41.8821,966.2653,373.0953
11244,39,9,0.1000,0.00000783,23.4358,969.5836,425.8621
11245,33,8,0.1000,0.00000783,32.9675,961.6541,373.9345
11246,489,32,0.1000,0.00000783,29.8331,972.1026,362.5220
11247,97,14,0.1000,0.00000782,31.1391,964.7966,529.5660
11248,82,14,0.1000,0.00000782,34.2260,962.5098,429.5611
11249,75,11,0.1000,0.00000782,30.2780,970.7505,343.4539
11250,121,14,0.1000,0.00000781,29.5964,969.5819,424.6786
11251,26,7,0.1000,0.00000781,52.5272,947.8569,444.9723
11252,84,14,0.1000,0.00000780,43.7655,969.5325,362.8751
11253,104,15,0.1000,0.00000780,41.1726,966.1536,354.0189
11254,36,9,0.1000,0.00000780,47.4519,951.1474,411.4172
11255,361,22,0.1000,0.00000779,27.6313,985.2038,522.2724
11256,181,20,0.1000,0.00000779,31.4654,969.2615,474.9733
11257,35,9,0.1000,0.00000779,28.9731,960.4951,417.6388
11258,152,14,0.1000,0.00000778,41.4875,967.1780,361.8779
11259,108,12,0.1000,0.00000778,31.3622,962.2041,419.9424
11260,36,9,0.1000,0.00000777,30.8669,956.4318,460.0299
11261,135,19,0.1000,0.00000777,39.4937,969.6398,569.8047
11262,83,14,0.1000,0.00000777,36.6522,965.2296,523.0962
11263,72,14,0.1000,0.00000776,18.3529,966.9252,389.6914
11264,98,12,0.1000,0.00000776,38.5077,962.9632,481.8813
11265,650,36,0.1000,0.00000776,33.7289,979.9956,423.5934
11266,370,26,0.1000,0.00000775,40.6944,983.8930,342.0006
11267,144,19,0.1000,0.00000775,23.5390,970.7162,345.4261
11268,54,12,0.1000,0.00000775,28.3105,971.6612,414.9541
11269,86,13,0.1000,0.00000774,24.8179,982.2639,595.3292
11270,114,15,0.1000,0.00000774,38.1529,973.0222,409.9193
11271,127,19,0.1000,0.00000773,36.5885,964.5021,322.3127
11272,61,7,0.1000,0.00000773,44.6453,968.5630,375.4791
11273,71,11,0.1000,0.00000773,36.4926,968.0269,427.7223
11274,512,33,0.1000,0.00000772,31.0736,980.3043,353.9632
11275,188,21,0.1000,0.00000772,30.2040,968.6904,339.5333
11276,120,14,0.1000,0.00000772,41.4387,972.7180,392.8665
11277,128,19,0.1000,0.00000771,27.3543,968.5730,337.9192
11278,56,10,0.1000,0.00000771,23.0424,960.6567,379.8014
11279,35,9,0.1000,0.00000770,28.4644,960.6356,443.9205
11280,466,26,0.1000,0.00000770,21.9563,978.2594,392.7193
11281,133,15,0.1000,0.00000770,29.6921,969.3671,452.1818
11282,29,7,0.1000,0.00000769,33.6097,952.4124,323.4571
11283,35,9,0.1000,0.00000769,35.0812,954.1438,355.2315
11284,234,25,0.1000,0.00000768,35.8269,985.5596,424.3974
11285,18,4,0.1000,0.00000768,22.8088,950.1522,424.3304
11286,193,22,0.1000,0.00000768,34.6447,976.9509,560.6651
11287,1465,61,0.1000,0.00000767,32.2251,989.7874,372.7137
11288,224,18,0.1000,0.00000767,26.2399,983.7777,188.0943
11289,469,30,0.1000,0.00000767,44.0356,981.6622,357.5290
11290,366,27,0.1000,0.00000766,34.9975,976.7422,394.3772
11291,120,17,0.1000,0.00000766,33.5313,975.9350,310.5696
11292,36,10,0.1000,0.00000766,27.7749,970.2353,277.5077
11293,212,23,0.1000,0.00000765,33.5996,979.7709,302.1558
11294,113,11,0.1000,0.00000765,19.5327,992.7574,326.2054
11295,112,14,0.1000,0.00000764,46.6057,966.3054,329.5713
11296,39,11,0.1000,0.00000764,49.2662,970.5377,255.9581
11297,456,27,0.1000,0.00000764,16.7610,984.4877,411.5033
11298,122,16,0.1000,0.00000763,41.2909,973.3477,453.2145
11299,854,41,0.1000,0.00000763,27.7020,993.3090,363.3618
11300,131,17,0.1000,0.00000763,25.6539,982.8176,303.7590
11301,49,10,0.1000,0.00000762,38.7722,968.6996,247.2303
11302,246,27,0.1000,0.00000762,24.8402,982.6777,361.6763
11303,151,21,0.1000,0.00000761,20.8918,978.0099,343.4874
11304,156,14,0.1000,0.00000761,39.1538,969.1141,524.2160
11305,137,14,0.1000,0.00000761,42.0566,970.1603,329.4333
11306,303,26,0.1000,0.00000760,36.1444,969.3877,334.9726
11307,1446,56,0.1000,0.00000760,35.0815,999.1476,435.6109
11308,458,26,0.1000,0.00000759,35.3596,975.1093,480.8308
11309,33,9,0.1000,0.00000759,19.7836,954.3155,351.8310
11310,303,24,0.1000,0.00000759,38.6244,973.8826,346.4162
11311,235,19,0.1000,0.00000758,39.5792,977.1843,414.4218
11312,301,24,0.1000,0.00000758,33.4304,986.6795,325.7227
11313,32,8,0.1000,0.00000758,19.4398,964.1063,424.5875
11314,314,27,0.1000,0.00000757,31.4962,980.1025,392.9630
11315,846,38,0.1000,0.00000757,32.2828,992.3978,462.5328
11316,154,12,0.1000,0.00000756,41.8697,970.4219,337.8438
11317,41,9,0.1000,0.00000756,45.7653,967.7808,344.3056
11318,123,16,0.1000,0.00000756,26.6295,968.6704,335.1933
11319,127,19,0.1000,0.00000755,32.5787,970.7938,354.5325
11320,466,23,0.1000,0.00000755,28.4251,985.7192,522.1023
11321,295,21,0.1000,0.00000755,38.4682,979.0595,477.5605
11322,54,12,0.1000,0.00000754,36.5479,972.7431,309.4995
11323,80,12,0.1000,0.00000754,30.0067,965.4457,408.7384
11324,166,18,0.1000,0.00000754,27.1561,965.9554,402.0650
11325,114,16,0.1000,0.00000753,40.1145,983.5036,563.4516
11326,40,9,0.1000,0.00000753,37.1493,974.2343,483.7602
11327,70,12,0.1000,0.00000752,36.8863,962.0009,418.8658
11328,170,20,0.1000,0.00000752,37.9594,986.9559,348.0981
11329,46,10,0.1000,0.00000752,19.9008,981.2300,363.2590
11330,508,34,0.1000,0.00000751,35.2889,986.6883,349.8516
11331,47,9,0.1000,0.00000751,28.8826,961.3661,398.0684
11332,56,12,0.1000,0.00000750,25.7414,975.9740,449.8191
11333,536,41,0.1000,0.00000750,32.9358,978.3767,396.6724
11334,38,8,0.1000,0.00000750,19.6234,972.7963,429.8584
11335,153,20,0.1000,0.00000749,39.0552,985.7039,392.8673
11336,1053,47,0.1000,0.00000749,33.0144,991.0824,384.0108
11337,56,12,0.1000,0.00000749,26.3498,974.1566,370.3629
11338,160,19,0.1000,0.00000748,38.2573,977.9929,400.2709
11339,47,9,0.1000,0.00000748,40.2369,968.2408,327.3131
11340,77,12,0.1000,0.00000747,41.9083,963.7190,462.2523
11341,106,14,0.1000,0.00000747,26.3195,983.4863,455.6619
11342,95,14,0.1000,0.00000747,25.8850,970.7443,341.3610
11343,115,15,0.1000,0.00000746,23.2087,972.9926,306.0509
11344,39,9,0.1000,0.00000746,25.4900,958.4671,438.0840
11345,526,35,0.1000,0.00000746,24.3262,984.5351,406.4401
11346,102,17,0.1000,0.00000745,25.0539,977.0932,493.0928
11347,918,25,0.1000,0.00000745,33.7071,1004.1089,459.8660
11348,163,17,0.1000,0.00000745,40.1532,962.2442,426.2426
11349,116,14,0.1000,0.00000744,17.5790,973.3792,447.6859
11350,804,43,0.1000,0.00000744,44.1392,997.3112,383.3846
11351,210,22,0.1000,0.00000743,44.4811,980.7652,466.6684
11352,118,15,0.1000,0.00000743,45.8322,976.6165,367.2235
11353,43,9,0.1000,0.00000743,38.6883,974.7255,294.1387
11354,72,14,0.1000,0.00000742,41.0730,973.7791,281.8414
11355,219,23,0.1000,0.00000742,27.8033,975.8832,349.2429
11356,98,17,0.1000,0.00000741,32.1599,977.5824,271.1697
11357,432,33,0.1000,0.00000741,34.3770,990.5432,400.6797
11358,85,13,0.1000,0.00000741,31.9317,983.7618,344.9165
11359,47,10,0.1000,0.00000740,36.2364,965.6452,382.6882
11360,37,10,0.1000,0.00000740,36.6821,969.6908,338.2319
11361,37,9,0.1000,0.00000740,38.5036,959.1276,414.4956
11362,358,25,0.1000,0.00000739,29.5049,984.8659,424.7807
11363,809,45,0.1000,0.00000739,35.2395,986.3877,375.1178
11364,381,25,0.1000,0.00000739,32.3428,986.6928,436.9687
11365,1331,87,0.1000,0.00000738,32.7716,987.8696,415.8045
11366,39,10,0.1000,0.00000738,32.9317,972.7933,429.8106
11367,103,16,0.1000,0.00000737,26.0695,972.7880,497.7379
11368,322,21,0.1000,0.00000737,39.2219,985.7638,464.5940
11369,632,30,0.1000,0.00000737,38.5434,983.1516,507.7674
11370,43,10,0.1000,0.00000736,28.3758,980.3108,515.1422
11371,243,27,0.1000,0.00000736,21.7438,985.6787,381.7685
11372,57,11,0.1000,0.00000735,31.5298,970.6530,385.5001
11373,71,9,0.1000,0.00000735,39.5876,973.9281,335.9741
11374,84,13,0.1000,0.00000735,44.1909,976.4647,357.0364
11375,87,14,0.1000,0.00000734,35.8411,983.6221,318.8743
11376,38,10,0.1000,0.00000734,20.3831,970.4361,474.5213
11377,34,8,0.1000,0.00000734,61.6951,977.5462,359.7169
11378,426,30,0.1000,0.00000733,24.0726,985.9270,450.5519
11379,58,12,0.1000,0.00000733,29.5021,970.7629,549.8354
11380,47,11,0.1000,0.00000732,24.4533,972.7659,438.0083
11381,49,10,0.1000,0.00000732,35.3408,975.0166,595.1920
11382,148,14,0.1000,0.00000732,28.1291,979.3137,449.6301
11383,225,16,0.1000,0.00000731,39.4859,984.8480,416.8204
11384,732,41,0.1000,0.00000731,28.7912,990.0611,368.1265
11385,461,25,0.1000,0.00000731,36.1121,992.0091,411.8828
11386,42,9,0.1000,0.00000730,18.5223,975.8764,581.7075
11387,125,19,0.1000,0.00000730,30.0771,988.8477,393.1073
11388,583,33,0.1000,0.00000730,36.7534,986.6943,393.7939
11389,296,20,0.1000,0.00000729,34.6153,996.2641,391.0610
11390,972,46,0.1000,0.00000729,38.3139,994.0704,416.2704
11391,160,17,0.1000,0.00000728,29.2491,976.5741,387.8045
11392,61,14,0.1000,0.00000728,28.6920,975.2839,405.5950
11393,152,20,0.1000,0.00000728,35.6477,991.0175,374.1999
11394,39,10,0.1000,0.00000727,23.4159,966.6920,283.2364
11395,60,13,0.1000,0.00000727,33.3670,973.5857,394.9979
11396,909,34,0.1000,0.00000726,32.0167,994.4824,342.8942
11397,35,10,0.1000,0.00000726,33.5120,966.1235,388.7541
11398,372,22,0.1000,0.00000726,31.0864,991.7245,362.7297
11399,44,10,0.1000,0.00000725,48.8925,972.2462,327.9509
11400,124,16,0.1000,0.00000725,26.3028,988.4529,321.3432
11401,582,38,0.1000,0.00000725,30.3317,989.8557,362.0211
11402,156,17,0.1000,0.00000724,26.6438,976.9207,366.7129
11403,140,20,0.1000,0.00000724,29.9375,989.2070,432.8396
11404,336,35,0.1000,0.00000724,38.3416,980.7375,380.9717
11405,237,21,0.1000,0.00000723,35.3036,981.4491,428.1087
11406,29,6,0.1000,0.00000723,24.3214,966.1231,517.9622
11407,622,35,0.1000,0.00000722,39.6990,993.3453,491.6153
11408,170,18,0.1000,0.00000722,43.4172,981.4132,429.5145
11409,142,20,0.1000,0.00000722,33.3287,985.1254,520.8837
11410,308,20,0.1000,0.00000721,24.6479,989.2673,380.2841
11411,117,13,0.1000,0.00000721,19.9048,982.2072,514.3974
11412,168,18,0.1000,0.00000721,39.0352,981.9523,445.6427
11413,236,20,0.1000,0.00000720,35.0078,993.4149,437.2075
11414,370,22,0.1000,0.00000720,31.4612,990.7606,345.2300
11415,713,38,0.1000,0.00000719,39.2583,994.2474,345.8787
11416,31,8,0.1000,0.00000719,34.4506,963.8586,445.0750
11417,273,23,0.1000,0.00000719,43.1198,981.8951,399.8344
11418,250,25,0.1000,0.00000718,40.9265,991.7538,386.1015
11419,315,25,0.1000,0.00000718,31.4413,992.2564,406.1237
11420,60,14,0.1000,0.00000717,21.9994,970.5231,302.2278
11421,290,20,0.1000,0.00000717,35.6382,997.0687,299.8181
11422,1317,61,0.1000,0.00000717,38.2053,995.1065,443.2789
11423,164,19,0.1000,0.00000716,43.7867,984.1320,541.8285
11424,294,20,0.1000,0.00000716,35.5547,979.2588,445.5185
11425,257,22,0.1000,0.00000716,42.8224,987.2547,380.6722
11426,205,17,0.1000,0.00000715,47.6384,981.6987,469.3022
11427,484,28,0.1000,0.00000715,41.5978,986.0262,370.8504
11428,145,21,0.1000,0.00000715,41.3814,987.6964,412.1822
11429,323,27,0.1000,0.00000714,39.1433,995.1269,339.9308
11430,246,23,0.1000,0.00000714,38.0881,987.3648,576.8017
11431,389,34,0.1000,0.00000713,38.5935,992.8461,610.0966
11432,126,17,0.1000,0.00000713,42.2127,990.3165,401.0985
11433,367,30,0.1000,0.00000713,32.2541,984.3445,506.6055
11434,196,19,0.1000,0.00000712,41.6977,1000.9418,367.8284
11435,939,55,0.1000,0.00000712,31.9155,998.6695,351.6963
11436,56,12,0.1000,0.00000712,45.7272,979.8562,437.5972
11437,43,12,0.1000,0.00000711,40.3942,986.1282,333.4905
11438,113,13,0.1000,0.00000711,34.3446,978.6210,430.9650
11439,185,19,0.1000,0.00000710,26.8903,993.5064,432.1510
11440,163,16,0.1000,0.00000710,33.5784,982.7927,400.5526
11441,38,9,0.1000,0.00000710,32.2023,976.5656,385.9098
11442,603,37,0.1000,0.00000709,41.5415,1006.1435,413.2739
11443,137,17,0.1000,0.00000709,29.8055,985.0709,306.6095
11444,172,21,0.1000,0.00000708,45.9503,990.8970,406.6405
11445,242,25,0.1000,0.00000708,45.6711,991.9766,426.6954
11446,464,26,0.1000,0.00000708,24.8740,988.5156,451.6334
11447,194,24,0.1000,0.00000707,30.2323,984.8727,362.3494
11448,70,12,0.1000,0.00000707,29.2870,970.5410,427.3072
11449,153,14,0.1000,0.00000707,38.1167,981.1262,412.4894
11450,49,8,0.1000,0.00000706,48.6278,978.6395,403.7358
11451,411,33,0.1000,0.00000706,35.3567,991.0928,326.4600
11452,1075,37,0.1000,0.00000705,40.7216,1006.5605,443.4195
11453,42,8,0.1000,0.00000705,39.1413,980.4495,477.8074
11454,164,16,0.1000,0.00000705,39.2687,992.8085,438.8216
11455,36,8,0.1000,0.00000704,56.4410,969.1530,514.8373
11456,531,30,0.1000,0.00000704,33.4941,996.0966,387.5427
11457,41,10,0.1000,0.00000704,17.0888,970.7394,416.4709
11458,31,8,0.1000,0.00000703,28.7932,975.9282,502.7936
11459,79,12,0.1000,0.00000703,33.9685,979.2453,430.4692
11460,78,13,0.1000,0.00000703,37.8264,978.0446,348.1753
11461,47,10,0.1000,0.00000702,52.2786,977.9169,372.5257
11462,31,8,0.1000,0.00000702,43.9022,972.8226,386.6771
11463,311,29,0.1000,0.00000701,32.1957,1011.1822,416.6638
11464,35,9,0.1000,0.00000701,36.2373,971.1878,362.0688
11465,141,17,0.1000,0.00000701,30.4123,983.2857,459.0458
11466,86,15,0.1000,0.00000700,23.1207,982.6682,340.0613
11467,123,15,0.1000,0.00000700,36.2828,995.7086,418.6196
11468,163,22,0.1000,0.00000699,23.4846,993.5713,418.5829
11469,84,13,0.1000,0.00000699,34.4237,982.3188,369.9935
11470,37,9,0.1000,0.00000699,43.5512,980.4844,341.4672
11471,75,12,0.1000,0.00000698,41.6219,974.6877,425.8174
11472,53,10,0.1000,0.00000698,22.7002,991.4596,331.8202
11473,32,8,0.1000,0.00000698,39.4233,965.8069,503.6256
11474,395,35,0.1000,0.00000697,40.0409,1002.1968,365.2253
11475,559,28,0.1000,0.00000697,33.5277,1008.0130,389.0710
11476,166,16,0.1000,0.00000696,23.6331,985.6658,336.3713
11477,774,29,0.1000,0.00000696,31.4694,998.2784,302.6700
11478,352,32,0.1000,0.00000696,35.3481,992.4598,327.9258
11479,32,8,0.1000,0.00000695,38.7437,978.8537,224.1403
11480,80,12,0.1000,0.00000695,37.4877,981.9639,478.0447
11481,488,32,0.1000,0.00000695,36.6678,992.1146,317.2971
11482,119,16,0.1000,0.00000694,36.3532,988.5100,305.2320
11483,36,8,0.1000,0.00000694,47.2512,982.3338,261.1921
11484,46,12,0.1000,0.00000694,27.2761,972.9450,431.4721
11485,35,9,0.1000,0.00000693,40.1288,973.6756,278.0780
11486,338,26,0.1000,0.00000693,32.8307,992.4955,413.6055
11487,119,14,0.1000,0.00000692,37.2097,985.2212,537.0623
11488,51,9,0.1000,0.00000692,28.3071,985.7863,344.6739
11489,231,20,0.1000,0.00000692,24.4530,986.8455,428.3175
11490,658,30,0.1000,0.00000691,31.3137,1000.5542,425.7867
11491,322,26,0.1000,0.00000691,39.3124,990.6636,402.2498
11492,38,10,0.1000,0.00000691,40.8914,991.0703,384.6689
11493,211,17,0.1000,0.00000690,39.6667,986.4845,408.7301
11494,37,10,0.1000,0.00000690,36.6685,976.7593,253.3492
11495,123,15,0.1000,0.00000689,40.2601,983.4239,296.4280
11496,172,18,0.1000,0.00000689,40.9392,992.2456,406.3574
11497,88,15,0.1000,0.00000689,30.8192,991.2172,444.4268
11498,99,16,0.1000,0.00000688,25.1810,980.0501,395.9617
11499,56,10,0.1000,0.00000688,38.7622,982.5510,456.3146
11500,53,10,0.1000,0.00000687,26.5400,981.5067,302.2296
11501,216,24,0.1000,0.00000687,32.5056,991.7624,322.5446
11502,276,22,0.1000,0.00000687,25.9299,987.8078,501.4055
11503,206,20,0.1000,0.00000686,28.7701,988.9158,395.7615
11504,38,9,0.1000,0.00000686,36.8748,980.0638,321.8594
11505,1345,37,0.1000,0.00000686,36.5329,1015.4275,418.3198
11506,777,40,0.1000,0.00000685,33.5408,998.6531,366.2121
11507,794,36,0.1000,0.00000685,32.0406,1014.5334,469.0288
11508,384,32,0.1000,0.00000684,32.2274,984.2595,483.5048
11509,155,18,0.1000,0.00000684,27.9788,985.3137,347.1639
11510,172,17,0.1000,0.00000684,24.0171,992.0507,275.4650
11511,128,19,0.1000,0.00000683,30.2205,993.0922,414.3656
11512,203,19,0.1000,0.00000683,29.3798,990.3562,344.9372
11513,212,20,0.1000,0.00000683,28.5381,982.2131,374.5665
11514,434,25,0.1000,0.00000682,34.0513,992.4964,356.9494
11515,247,19,0.1000,0.00000682,34.2251,1001.8390,487.9165
11516,59,10,0.1000,0.00000682,41.1322,980.7950,403.8620
11517,171,22,0.1000,0.00000681,26.3874,994.3570,346.8584
11518,144,17,0.1000,0.00000681,43.4097,987.0447,271.3890
11519,34,7,0.1000,0.00000680,30.5745,971.3137,632.3236
11520,373,23,0.1000,0.00000680,19.5175,986.2746,402.1789
11521,56,12,0.1000,0.00000680,26.4235,985.1972,316.3266
11522,468,27,0.1000,0.00000679,36.1197,1005.2481,407.7894
11523,252,24,0.1000,0.00000679,30.1601,992.1842,341.9077
11524,139,19,0.1000,0.00000678,33.2401,994.2404,334.2827
11525,47,9,0.1000,0.00000678,39.1036,977.1933,777.8199
11526,53,12,0.1000,0.00000678,31.2438,984.3252,550.6305
11527,44,9,0.1000,0.00000677,57.0258,968.7980,287.6093
11528,35,9,0.1000,0.00000677,43.7316,983.8874,300.9231
11529,274,19,0.1000,0.00000677,30.7979,998.9632,411.0944
11530,124,16,0.1000,0.00000676,36.6314,991.9579,401.4673
11531,592,32,0.1000,0.00000676,30.8392,999.0457,376.7976
11532,44,11,0.1000,0.00000675,29.3388,985.2613,294.6847
11533,36,7,0.1000,0.00000675,20.1108,988.4389,365.0273
11534,600,38,0.1000,0.00000675,30.6287,991.2388,405.1317
11535,125,16,0.1000,0.00000674,35.5006,1009.5301,470.3977
11536,40,11,0.1000,0.00000674,28.3920,981.3645,302.9756
11537,38,9,0.1000,0.00000674,40.8687,983.7620,321.6666
11538,109,18,0.1000,0.00000673,31.5805,997.6807,503.6949
11539,103,16,0.1000,0.00000673,36.9210,991.1217,300.1759
11540,113,14,0.1000,0.00000673,37.8664,988.0137,454.8566
11541,572,29,0.1000,0.00000672,37.5965,1009.2388,450.8059
11542,42,10,0.1000,0.00000672,37.7195,986.5376,471.3087
11543,52,10,0.1000,0.00000671,33.3892,986.6715,262.2600
11544,52,12,0.1000,0.00000671,33.1941,979.1459,290.2179
11545,136,17,0.1000,0.00000671,30.8578,998.0113,392.8257
11546,59,11,0.1000,0.00000670,36.4254,993.1124,234.0979
11547,352,20,0.1000,0.00000670,30.5008,997.7288,349.8348
11548,35,8,0.1000,0.00000669,26.9243,975.8518,413.7782
11549,504,33,0.1000,0.00000669,31.8861,1000.6012,399.5684
11550,67,13,0.1000,0.00000669,22.6240,990.1467,639.7081
11551,45,12,0.1000,0.00000668,29.0480,981.3983,246.5864
11552,74,10,0.1000,0.00000668,36.6490,987.6637,443.2103
11553,124,15,0.1000,0.00000668,33.1763,991.8704,484.8265
11554,169,18,0.1000,0.00000667,33.1385,992.3547,463.9406
11555,53,11,0.1000,0.00000667,29.8433,979.2597,267.3174
11556,234,29,0.1000,0.00000666,27.4246,996.3013,405.7898
11557,245,22,0.1000,0.00000666,43.4071,997.6226,505.8945
11558,42,9,0.1000,0.00000666,26.1194,986.3712,340.2543
11559,82,12,0.1000,0.00000665,37.0459,981.7626,399.7431
11560,85,14,0.1000,0.00000665,31.1043,986.9665,355.5519
11561,692,39,0.1000,0.00000665,31.4375,999.7389,494.4920
11562,508,30,0.1000,0.00000664,36.7674,1002.4466,336.7330
11563,72,13,0.1000,0.00000664,24.0100,986.1608,320.0981
11564,718,33,0.1000,0.00000664,26.6889,1007.1614,419.0457
11565,226,20,0.1000,0.00000663,43.0173,991.5393,361.7050
11566,166,15,0.1000,0.00000663,30.9558,1000.4746,394.0907
11567,295,22,0.1000,0.00000662,24.6385,995.8589,363.3256
11568,582,34,0.1000,0.00000662,41.6487,1002.1088,378.9523
11569,675,31,0.1000,0.00000662,39.7205,1003.4870,290.8824
11570,41,10,0.1000,0.00000661,34.6771,979.8529,427.6623
11571,41,11,0.1000,0.00000661,36.9809,990.7780,446.9039
11572,23,5,0.1000,0.00000660,59.1036,978.8644,505.3698
11573,332,25,0.1000,0.00000660,27.9478,998.8169,352.4666
11574,58,13,0.1000,0.00000660,22.9737,977.7828,364.1351
11575,29,8,0.1000,0.00000659,43.9234,976.0408,330.2037
11576,29,7,0.1000,0.00000659,36.1315,970.6208,554.8201
11577,278,25,0.1000,0.00000659,26.0162,990.0085,441.5065
11578,239,21,0.1000,0.00000658,29.1391,996.6130,356.0281
11579,31,8,0.1000,0.00000658,31.5334,982.3584,352.3453
11580,52,10,0.1000,0.00000658,49.6460,983.0370,479.0598
11581,412,28,0.1000,0.00000657,39.0090,998.6256,339.4633
11582,59,11,0.1000,0.00000657,32.9009,989.6445,450.5735
11583,1189,36,0.1000,0.00000656,31.4597,1017.6956,370.5525
11584,85,14,0.1000,0.00000656,17.2121,1001.2221,263.3997
11585,79,12,0.1000,0.00000656,30.0931,1003.6975,367.4796
11586,455,27,0.1000,0.00000655,38.8841,994.5558,325.2669
11587,312,23,0.1000,0.00000655,32.0901,1001.0350,420.5887
11588,51,12,0.1000,0.00000654,25.7126,996.5529,377.7295
11589,373,23,0.1000,0.00000654,21.4569,995.5008,433.5579
11590,743,41,0.1000,0.00000654,23.5170,1008.9623,368.5644
11591,56,11,0.1000,0.00000653,40.5085,990.5472,403.5912
11592,38,9,0.1000,0.00000653,22.8990,981.2136,340.8786
11593,270,26,0.1000,0.00000653,30.9173,1005.1073,407.0404
11594,448,32,0.1000,0.00000652,27.8141,1008.1015,419.4006
11595,35,9,0.1000,0.00000652,40.2253,995.6231,543.9688
11596,637,37,0.1000,0.00000651,32.3306,1013.8094,382.0862
11597,208,23,0.1000,0.00000651,34.3311,1000.2695,321.8325
11598,554,35,0.1000,0.00000651,38.5307,1016.4539,409.3082
11599,64,12,0.1000,0.00000650,37.4627,973.9065,349.8310
11600,84,16,0.1000,0.00000650,35.4919,997.8168,307.0990
11601,154,21,0.1000,0.00000650,26.4518,1006.3870,472.7301
11602,81,13,0.1000,0.00000649,35.8927,997.8140,443.4036
11603,271,22,0.1000,0.00000649,31.7814,1009.0922,484.5338
11604,1345,39,0.1000,0.00000649,36.9986,1019.4233,419.8812
11605,37,9,0.1000,0.00000648,43.8629,989.0313,561.3346
11606,43,11,0.1000,0.00000648,12.5901,993.2574,338.8257
11607,117,14,0.1000,0.00000647,50.7755,992.5852,312.6512
11608,35,9,0.1000,0.00000647,32.6136,1000.0498,408.3499
11609,30,9,0.1000,0.00000647,59.0779,986.7446,238.1037
11610,36,9,0.1000,0.00000646,28.6372,986.3025,426.3223
11611,31,9,0.1000,0.00000646,36.3148,982.5026,571.1412
11612,110,15,0.1000,0.00000645,41.1484,991.1340,309.9191
11613,83,11,0.1000,0.00000645,31.5668,1002.1645,588.5689
11614,170,18,0.1000,0.00000645,43.5765,996.2648,356.6846
11615,78,15,0.1000,0.00000644,31.8105,986.7841,576.5828
11616,346,27,0.1000,0.00000644,32.2387,987.1560,366.8607
11617,93,14,0.1000,0.00000644,19.1279,995.2567,325.6356
11618,52,12,0.1000,0.00000643,29.4628,993.2845,612.4877
11619,73,10,0.1000,0.00000643,31.5766,978.7813,333.7874
11620,178,16,0.1000,0.00000643,31.2533,999.2245,375.2764
11621,68,11,0.1000,0.00000642,34.1946,999.2806,388.1967
11622,316,26,0.1000,0.00000642,36.9335,1003.7006,544.8401
11623,203,23,0.1000,0.00000641,35.9041,987.2853,388.2629
11624,47,9,0.1000,0.00000641,35.9032,988.8663,301.8958
11625,297,26,0.1000,0.00000641,32.6197,1000.5326,341.1498
11626,51,10,0.1000,0.00000640,26.9763,992.1403,296.9259
11627,124,18,0.1000,0.00000640,40.9216,999.4327,467.2752
11628,623,35,0.1000,0.00000640,33.5276,1013.9862,456.5528
11629,303,29,0.1000,0.00000639,24.9218,1006.7726,361.0145
11630,247,24,0.1000,0.00000639,33.6422,996.8768,453.4912
11631,51,10,0.1000,0.00000638,40.3858,1002.0808,412.0615
11632,197,22,0.1000,0.00000638,32.1906,1007.9166,376.6335
11633,285,21,0.1000,0.00000638,49.1379,1000.8321,531.0547
11634,668,39,0.1000,0.00000637,36.1903,1018.5244,466.0089
11635,538,31,0.1000,0.00000637,29.1684,1008.9791,493.6667
11636,604,37,0.1000,0.00000636,34.9017,1008.2939,402.0552
11637,389,27,0.1000,0.00000636,34.1276,1006.0912,367.6908
11638,396,25,0.1000,0.00000636,25.7841,1004.8171,458.1218
11639,122,19,0.1000,0.00000635,36.3450,997.8703,375.5396
11640,34,10,0.1000,0.00000635,39.9531,980.3345,500.0484
11641,45,8,0.1000,0.00000635,15.1914,982.2884,581.0226
11642,400,27,0.1000,0.00000634,30.4782,1011.5748,323.0112
11643,55,8,0.1000,0.00000634,39.7356,995.3626,354.6986
11644,168,17,0.1000,0.00000633,38.3055,996.9257,417.4520
11645,60,13,0.1000,0.00000633,32.0339,999.2490,418.1041
11646,363,19,0.1000,0.00000633,42.3228,1003.8749,312.9645
11647,28,7,0.1000,0.00000632,25.9490,992.9083,516.9640
11648,42,11,0.1000,0.00000632,37.3171,980.1340,402.5713
11649,296,22,0.1000,0.00000632,36.6851,1009.2958,491.3080
11650,2116,72,0.1000,0.00000631,35.2370,1029.0282,405.1064
11651,173,20,0.1000,0.00000631,44.9446,998.3250,449.8014
11652,37,11,0.1000,0.00000631,31.1409,991.6268,351.2832
11653,42,8,0.1000,0.00000630,44.8227,990.6233,497.3681
11654,44,11,0.1000,0.00000630,31.7108,990.2575,581.2486
11655,453,23,0.1000,0.00000629,25.4954,998.6052,376.5515
11656,242,20,0.1000,0.00000629,38.0332,999.9847,455.7729
11657,164,19,0.1000,0.00000629,38.2027,1001.5934,361.4373
11658,114,14,0.1000,0.00000628,36.3656,981.2038,393.2625
11659,188,20,0.1000,0.00000628,35.9287,995.7505,390.0961
11660,24,7,0.1000,0.00000627,26.0974,977.1367,485.3341
11661,563,38,0.1000,0.00000627,36.8649,1012.8177,335.0915
11662,166,16,0.1000,0.00000627,29.1290,997.2991,363.6615
11663,40,10,0.1000,0.00000626,21.5822,998.5384,192.6087
11664,752,29,0.1000,0.00000626,38.8079,1016.4397,380.8343
11665,234,26,0.1000,0.00000626,40.4607,1007.0906,443.3332
11666,356,22,0.1000,0.00000625,22.9181,1024.9172,318.9413
11667,29,7,0.1000,0.00000625,39.5915,983.4915,308.2579
11668,38,9,0.1000,0.00000624,23.1580,986.5612,537.0272
11669,38,11,0.1000,0.00000624,24.4234,988.1758,342.1153
11670,50,9,0.1000,0.00000624,43.5853,1000.6961,647.0268
11671,109,13,0.1000,0.00000623,24.0998,995.3326,609.1628
11672,144,18,0.1000,0.00000623,39.7064,1004.2679,366.6422
11673,130,19,0.1000,0.00000623,31.0630,995.5949,444.6877
11674,368,25,0.1000,0.00000622,53.1387,1003.2663,307.2110
11675,35,9,0.1000,0.00000622,22.2649,992.1054,383.2495
11676,37,10,0.1000,0.00000622,56.5598,987.0036,419.7846
11677,165,18,0.1000,0.00000621,33.8594,996.7155,453.1558
11678,347,26,0.1000,0.00000621,30.8979,1000.3549,519.3224
11679,304,26,0.1000,0.00000620,27.1647,1010.8199,448.7110
11680,39,8,0.1000,0.00000620,32.5969,996.1248,465.5903
11681,273,22,0.1000,0.00000620,48.8060,999.2153,402.3159
11682,975,51,0.1000,0.00000619,39.0870,1011.1946,389.7440
11683,86,15,0.1000,0.00000619,24.6749,1003.7223,449.0490
11684,350,21,0.1000,0.00000618,34.7238,1014.9539,372.2904
11685,584,46,0.1000,0.00000618,36.2883,1014.2084,420.5161
11686,327,26,0.1000,0.00000618,45.6082,1011.1217,530.7014
11687,36,10,0.1000,0.00000617,37.3070,994.6217,362.2344
11688,50,10,0.1000,0.00000617,44.0252,994.9644,471.9990
11689,123,14,0.1000,0.00000617,38.8379,1002.2819,571.0752
11690,389,27,0.1000,0.00000616,33.1956,999.7468,506.1162
11691,72,14,0.1000,0.00000616,28.2644,990.7042,311.9889
11692,243,23,0.1000,0.00000615,29.0506,1001.5336,369.8974
11693,169,18,0.1000,0.00000615,38.7667,991.9089,434.0086
11694,462,23,0.1000,0.00000615,41.0356,1013.3376,456.6619
11695,236,23,0.1000,0.00000614,35.7400,1006.3867,519.6770
11696,76,13,0.1000,0.00000614,40.2021,993.2911,346.3006
11697,31,8,0.1000,0.00000614,52.3089,990.0820,385.6450
11698,741,36,0.1000,0.00000613,37.8035,1013.2155,344.7649
11699,39,10,0.1000,0.00000613,36.6108,993.2685,199.7323
11700,386,28,0.1000,0.00000612,29.2158,1004.8852,321.7525
11701,118,18,0.1000,0.00000612,22.3032,988.2624,360.7304
11702,200,25,0.1000,0.00000612,23.0561,1010.1223,421.8580
11703,71,12,0.1000,0.00000611,35.1685,991.9883,410.5798
11704,50,10,0.1000,0.00000611,37.7386,985.7044,350.9634
11705,420,27,0.1000,0.00000611,37.7390,993.7920,477.6227
11706,36,10,0.1000,0.00000610,32.2627,986.3083,395.3828
11707,55,12,0.1000,0.00000610,29.5385,998.5850,387.5937
11708,254,25,0.1000,0.00000610,35.2663,1005.2147,529.6232
11709,40,10,0.1000,0.00000609,47.0269,994.3869,291.1376
11710,111,18,0.1000,0.00000609,32.8712,1000.2859,390.3048
11711,50,9,0.1000,0.00000608,28.2111,996.3056,363.3830
11712,276,23,0.1000,0.00000608,31.6357,1012.9401,363.8208
11713,189,21,0.1000,0.00000608,29.2973,1004.7768,403.6015
11714,45,12,0.1000,0.00000607,39.2133,993.6102,308.9309
11715,41,10,0.1000,0.00000607,34.2882,998.3326,459.8760
11716,248,23,0.1000,0.00000606,33.4940,1000.8556,379.0749
11717,161,19,0.1000,0.00000606,47.6850,1002.7633,354.5677
11718,37,9,0.1000,0.00000606,33.4078,992.7186,570.0322
11719,63,14,0.1000,0.00000605,30.6658,1001.7116,446.2776
11720,32,7,0.1000,0.00000605,45.9371,986.3647,545.0443
11721,37,10,0.1000,0.00000605,36.6240,993.8526,374.6413
11722,395,28,0.1000,0.00000604,32.8528,1011.3211,525.4020
11723,159,14,0.1000,0.00000604,32.2333,1007.0667,470.8018
11724,216,20,0.1000,0.00000603,23.3753,1004.4012,301.0907
11725,26,6,0.1000,0.00000603,24.2789,980.2543,421.4402
11726,39,10,0.1000,0.00000603,36.6330,999.5230,395.0970
11727,64,14,0.1000,0.00000602,30.7794,1005.6876,326.0677
11728,188,18,0.1000,0.00000602,46.4898,997.1852,367.1106
11729,36,9,0.1000,0.00000602,29.2629,988.3430,326.1655
11730,182,19,0.1000,0.00000601,25.7566,1010.5118,327.2412
11731,114,14,0.1000,0.00000601,33.6485,981.9513,287.1223
11732,42,9,0.1000,0.00000601,14.9882,1012.5460,297.8474
11733,55,14,0.1000,0.00000600,40.8275,994.7200,386.0524
11734,449,25,0.1000,0.00000600,28.3683,1010.2987,467.2607
11735,181,21,0.1000,0.00000599,37.2331,1003.4420,316.2236
11736,534,36,0.1000,0.00000599,32.9248,1013.6568,397.3443
11737,23,6,0.1000,0.00000599,24.2923,990.6484,381.3926
11738,76,15,0.1000,0.00000598,32.3898,1003.6861,482.8025
11739,37,9,0.1000,0.00000598,38.4700,988.8814,303.0153
11740,423,14,0.1000,0.00000597,34.9352,1013.5918,389.1781
11741,43,8,0.1000,0.00000597,41.2831,993.5365,360.3393
11742,38,8,0.1000,0.00000597,20.0022,1003.7724,390.8802
11743,69,11,0.1000,0.00000596,39.9419,999.9694,301.9368
11744,125,17,0.1000,0.00000596,42.2870,1005.2093,492.1192
11745,57,13,0.1000,0.00000596,32.9004,990.3015,379.4174
11746,213,16,0.1000,0.00000595,30.0751,997.1130,391.4987
11747,389,25,0.1000,0.00000595,32.5219,1007.7918,376.7965
11748,258,26,0.1000,0.00000594,43.8942,1012.3712,360.8637
11749,115,17,0.1000,0.00000594,32.5355,1009.3345,425.2092
11750,378,25,0.1000,0.00000594,32.6944,1005.1677,434.7252
11751,51,11,0.1000,0.00000593,36.7181,997.5148,475.5378
11752,162,21,0.1000,0.00000593,31.6223,997.7600,583.0800
11753,639,45,0.1000,0.00000593,38.2597,1005.1670,371.8646
11754,62,14,0.1000,0.00000592,32.7750,987.9475,544.8403
11755,36,10,0.1000,0.00000592,20.7482,984.6038,433.7688
11756,378,32,0.1000,0.00000592,43.3019,1006.9764,400.7199
11757,3387,72,0.1000,0.00000591,29.5953,1036.8947,439.5387
11758,448,22,0.1000,0.00000591,25.9190,1011.9671,392.2952
11759,370,22,0.1000,0.00000590,37.3276,1011.7001,328.7659
11760,54,11,0.1000,0.00000590,23.0884,991.9454,425.7678
11761,55,13,0.1000,0.00000590,41.5337,992.9235,364.7509
11762,52,10,0.1000,0.00000589,53.3561,990.4597,460.0786
11763,50,11,0.1000,0.00000589,43.9533,999.5066,323.0364
11764,166,16,0.1000,0.00000589,33.6545,999.5346,444.2249
11765,40,10,0.1000,0.00000588,27.9518,991.0770,547.7206
11766,247,25,0.1000,0.00000588,23.9959,999.2419,483.9251
11767,454,16,0.1000,0.00000587,40.5078,1031.3807,303.2332
11768,69,12,0.1000,0.00000587,23.8062,1003.0413,336.7819
11769,78,10,0.1000,0.00000587,33.6517,1000.8181,487.6370
11770,144,21,0.1000,0.00000586,37.3132,1008.3024,503.6537
11771,334,26,0.1000,0.00000586,34.5029,1006.5153,358.9606
11772,37,9,0.1000,0.00000585,32.6163,991.6147,234.8911
11773,365,22,0.1000,0.00000585,42.3310,1012.2050,351.2986
11774,869,36,0.1000,0.00000585,34.1323,1019.6541,392.2559
11775,166,18,0.1000,0.00000584,36.5256,1001.5774,459.8607
11776,44,8,0.1000,0.00000584,19.9622,995.8968,453.8748
11777,58,11,0.1000,0.00000584,38.4415,1003.6410,306.1553
11778,44,11,0.1000,0.00000583,46.5282,999.3545,483.0026
11779,32,8,0.1000,0.00000583,30.9949,984.7216,287.5432
11780,233,19,0.1000,0.00000582,40.5865,1009.7536,319.7213
11781,136,17,0.1000,0.00000582,48.3816,996.1519,480.5438
11782,35,9,0.1000,0.00000582,39.3749,991.4451,412.2773
11783,167,17,0.1000,0.00000581,35.7435,996.4010,452.9769
11784,50,10,0.1000,0.00000581,29.9319,996.1423,437.2488
11785,253,24,0.1000,0.00000581,43.6293,1005.4836,433.3883
11786,56,13,0.1000,0.00000580,32.2341,996.1474,390.0503
11787,451,21,0.1000,0.00000580,31.6302,1015.1374,392.2242
11788,43,11,0.1000,0.00000580,39.6056,996.9627,496.8025
11789,40,10,0.1000,0.00000579,19.9578,994.7473,298.8061
11790,363,20,0.1000,0.00000579,43.2150,1017.5017,469.6077
11791,38,10,0.1000,0.00000578,36.5766,995.9101,337.1433
11792,59,12,0.1000,0.00000578,21.3134,1002.0871,352.1846
11793,30,7,0.1000,0.00000578,31.4689,995.3560,498.2725
11794,196,21,0.1000,0.00000577,52.3980,1018.3642,458.6027
11795,445,22,0.1000,0.00000577,42.6938,1017.2947,328.6193
11796,778,31,0.1000,0.00000577,25.6645,1029.4006,363.1550
11797,727,40,0.1000,0.00000576,42.0921,1019.8736,390.5388
11798,83,15,0.1000,0.00000576,40.6600,987.4492,485.8328
11799,39,10,0.1000,0.00000575,38.7134,990.3976,324.1123
11800,71,13,0.1000,0.00000575,38.8508,1002.3206,427.3481
11801,169,17,0.1000,0.00000575,25.9925,999.1306,280.3611
11802,78,12,0.1000,0.00000574,39.9845,994.5066,264.3155
11803,27,7,0.1000,0.00000574,41.4237,983.5273,450.6608
11804,100,17,0.1000,0.00000573,32.2419,1013.8147,348.3265
11805,168,20,0.1000,0.00000573,44.7458,1000.0803,412.9209
11806,431,34,0.1000,0.00000573,37.3404,1002.9948,477.3636
11807,83,14,0.1000,0.00000572,21.7755,1002.4325,656.8482
11808,39,8,0.1000,0.00000572,24.5596,1006.1607,450.5082
11809,87,13,0.1000,0.00000572,29.6023,1004.8931,501.7413
11810,443,27,0.1000,0.00000571,26.5665,1006.7555,447.4942
11811,240,22,0.1000,0.00000571,31.1687,1013.1665,398.3136
11812,362,29,0.1000,0.00000571,35.3805,1009.7248,362.0620
11813,85,13,0.1000,0.00000570,48.3356,1003.1941,458.1818
11814,575,27,0.1000,0.00000570,34.9049,1014.0064,349.8193
11815,165,18,0.1000,0.00000569,34.7225,999.3580,403.8955
11816,61,14,0.1000,0.00000569,41.9332,1000.3477,289.4975
11817,92,16,0.1000,0.00000569,46.8239,1008.0817,319.6191
11818,41,10,0.1000,0.00000568,51.8709,999.0224,384.3530
11819,450,38,0.1000,0.00000568,39.2190,1001.4100,402.9287
11820,839,54,0.1000,0.00000568,35.2065,1016.7361,374.4016
11821,482,26,0.1000,0.00000567,37.6052,1013.2234,432.1379
11822,241,25,0.1000,0.00000567,32.2724,1006.6831,375.7621
11823,120,13,0.1000,0.00000566,33.2413,1018.7689,376.6137
11824,43,12,0.1000,0.00000566,31.4752,1002.8538,347.8477
11825,171,19,0.1000,0.00000566,31.7540,1012.0759,390.9921
11826,468,23,0.1000,0.00000565,33.4317,1016.4469,378.3780
11827,40,9,0.1000,0.00000565,51.4139,994.5217,388.5994
11828,810,42,0.1000,0.00000564,40.6379,1013.8513,406.7264
11829,457,32,0.1000,0.00000564,29.1451,1014.8306,451.6396
11830,698,39,0.1000,0.00000564,41.4351,1015.2088,315.1649
11831,395,27,0.1000,0.00000563,31.8476,1010.0731,396.1008
11832,81,13,0.1000,0.00000563,40.3747,1002.4778,262.3180
11833,373,24,0.1000,0.00000563,44.7356,1011.8820,391.9508
11834,156,16,0.1000,0.00000562,40.3386,999.6176,364.9532
11835,51,10,0.1000,0.00000562,20.9156,994.8440,559.4853
11836,83,13,0.1000,0.00000561,40.2720,1004.9221,376.1693
11837,151,16,0.1000,0.00000561,44.0866,1006.4116,389.9829
11838,337,24,0.1000,0.00000561,35.1093,1015.7543,412.9045
11839,125,16,0.1000,0.00000560,30.0708,1019.0640,402.0996
11840,639,32,0.1000,0.00000560,32.1085,1026.8005,389.1966
11841,388,27,0.1000,0.00000560,34.7432,1009.1917,380.1453
11842,53,11,0.1000,0.00000559,36.6118,1003.3003,398.2003
11843,54,11,0.1000,0.00000559,18.7388,996.7622,279.1366
11844,76,9,0.1000,0.00000559,47.1507,1010.1613,380.4658
11845,81,13,0.1000,0.00000558,50.3012,988.4246,268.4667
11846,124,16,0.1000,0.00000558,33.6862,1014.2075,358.3891
11847,374,23,0.1000,0.00000557,28.7731,1017.8812,473.4020
11848,49,9,0.1000,0.00000557,32.7866,993.1945,388.2654
11849,30,8,0.1000,0.00000557,36.7221,988.0990,530.0853
11850,90,15,0.1000,0.00000556,27.1879,1000.5278,614.7225
11851,41,6,0.1000,0.00000556,33.8282,1002.7019,365.7814
11852,545,35,0.1000,0.00000555,25.0067,1016.8770,458.1474
11853,51,10,0.1000,0.00000555,48.1830,998.3037,338.5708
11854,420,32,0.1000,0.00000555,35.7822,1017.2427,515.9337
11855,111,17,0.1000,0.00000554,31.0315,1003.4581,339.4616
11856,782,32,0.1000,0.00000554,35.0682,1026.2744,567.7331
11857,42,10,0.1000,0.00000554,33.1992,1002.4106,378.5295
11858,39,11,0.1000,0.00000553,49.7873,990.2000,337.7358
11859,29,8,0.1000,0.00000553,24.3599,994.9792,429.8355
11860,50,11,0.1000,0.00000552,36.7914,998.5061,287.2291
11861,29,8,0.1000,0.00000552,28.1156,985.1358,380.7599
11862,30,7,0.1000,0.00000552,35.6350,987.4064,187.4344
11863,292,21,0.1000,0.00000551,45.2246,1016.4235,469.9349
11864,54,11,0.1000,0.00000551,52.0726,994.8515,332.2410
11865,85,13,0.1000,0.00000551,34.9747,996.1042,535.4016
11866,372,22,0.1000,0.00000550,43.0275,1015.6173,355.3527
11867,140,18,0.1000,0.00000550,32.5230,1013.6599,353.3342
11868,165,16,0.1000,0.00000550,22.1121,1010.3875,405.9613
11869,85,14,0.1000,0.00000549,42.6258,999.0505,296.0922
11870,165,16,0.1000,0.00000549,31.7527,1002.8499,383.5429
11871,30,6,0.1000,0.00000548,45.6415,1002.9752,436.7637
11872,226,20,0.1000,0.00000548,29.0695,1008.2422,456.1075
11873,694,50,0.1000,0.00000548,40.2768,1012.6579,364.1471
11874,142,21,0.1000,0.00000547,32.4793,998.9432,562.9752
11875,1954,65,0.1000,0.00000547,41.1028,1034.0941,394.3244
11876,867,43,0.1000,0.00000546,37.4707,1022.0293,428.9579
11877,30,8,0.1000,0.00000546,35.8639,1001.2570,460.3198
11878,902,43,0.1000,0.00000546,36.7555,1023.2330,329.4232
11879,1125,40,0.1000,0.00000545,47.0046,1028.5873,394.8869
11880,655,27,0.1000,0.00000545,34.8789,1026.0223,381.6512
11881,129,19,0.1000,0.00000545,35.8063,1017.5633,591.2549
11882,56,12,0.1000,0.00000544,13.0163,1005.6771,419.9578
11883,188,20,0.1000,0.00000544,32.5372,1020.9328,479.5511
11884,169,17,0.1000,0.00000544,32.1675,1007.2886,432.5315
11885,385,29,0.1000,0.00000543,30.8764,1019.3939,323.7518
11886,748,42,0.1000,0.00000543,35.4513,1020.5186,321.4454
11887,43,12,0.1000,0.00000542,44.0944,1001.1626,520.4929
11888,115,15,0.1000,0.00000542,32.0438,1005.6236,445.1792
11889,29,7,0.1000,0.00000542,31.4424,988.6460,351.9099
11890,72,11,0.1000,0.00000541,32.6014,998.9456,493.4605
11891,33,10,0.1000,0.00000541,31.5109,994.9685,447.9860
11892,313,24,0.1000,0.00000540,27.9824,1016.2654,425.2592
11893,296,20,0.1000,0.00000540,39.7332,1019.3565,457.2090
11894,43,11,0.1000,0.00000540,43.7464,1005.2522,414.4287
11895,940,47,0.1000,0.00000539,26.1270,1031.7049,366.1674
11896,40,10,0.1000,0.00000539,67.9081,1000.2854,437.0228
11897,57,11,0.1000,0.00000539,28.5383,1010.1416,466.7887
11898,164,15,0.1000,0.00000538,33.1773,1003.1004,520.4704
11899,221,22,0.1000,0.00000538,45.3720,1010.1376,437.9636
11900,86,15,0.1000,0.00000537,41.2063,1001.5575,361.1530
11901,392,28,0.1000,0.00000537,25.1548,1012.0067,426.6874
11902,93,17,0.1000,0.00000537,45.2032,997.5420,424.4612
11903,86,14,0.1000,0.00000536,42.2031,1012.3074,398.4570
11904,1342,38,0.1000,0.00000536,35.7595,1026.6286,543.4290
11905,353,30,0.1000,0.00000536,39.0129,1015.1958,435.7363
11906,120,15,0.1000,0.00000535,46.6905,1008.2132,387.9801
11907,172,17,0.1000,0.00000535,31.8088,1014.2326,323.8280
11908,56,11,0.1000,0.00000535,31.2232,1003.1634,247.2428
11909,221,16,0.1000,0.00000534,35.6731,1016.2632,453.9330
11910,32,9,0.1000,0.00000534,47.1797,997.5543,507.7484
11911,33,9,0.1000,0.00000533,21.7588,998.0258,458.9242
11912,577,30,0.1000,0.00000533,30.7666,1021.9057,355.7447
11913,160,15,0.1000,0.00000533,46.2524,1008.7738,346.7118
11914,32,9,0.1000,0.00000532,28.6916,992.3823,537.9026
11915,54,13,0.1000,0.00000532,49.2176,1002.1250,390.3709
11916,273,18,0.1000,0.00000531,41.4052,1014.9254,493.0732
11917,530,36,0.1000,0.00000531,37.7100,1005.9636,441.9643
11918,298,21,0.1000,0.00000531,39.4129,1020.5872,476.9792
11919,66,10,0.1000,0.00000530,20.2882,1008.2717,587.2224
11920,81,16,0.1000,0.00000530,32.0845,1019.5057,456.3698
11921,82,14,0.1000,0.00000530,38.9736,1009.6868,381.4431
11922,106,15,0.1000,0.00000529,25.0005,1020.0931,451.7898
11923,128,16,0.1000,0.00000529,32.6211,1011.2803,332.7801
11924,86,11,0.1000,0.00000529,38.5336,1017.4545,339.2551
11925,36,11,0.1000,0.00000528,26.4375,1012.0765,453.8171
11926,551,27,0.1000,0.00000528,28.0140,1025.1539,326.6280
11927,118,13,0.1000,0.00000527,23.5119,1012.0710,312.6302
11928,143,16,0.1000,0.00000527,39.5364,1016.1368,440.3237
11929,39,10,0.1000,0.00000527,44.4608,1006.0945,438.9812
11930,177,22,0.1000,0.00000526,40.6362,1021.6975,418.6133
11931,61,12,0.1000,0.00000526,33.1861,1007.1235,311.8919
11932,349,31,0.1000,0.00000526,22.7534,1011.7918,427.4509
11933,252,22,0.1000,0.00000525,39.1734,1019.5899,430.7924
11934,275,23,0.1000,0.00000525,33.7045,1017.7579,331.5589
11935,367,20,0.1000,0.00000524,36.7473,1026.5108,458.9244
11936,244,22,0.1000,0.00000524,42.9015,1011.7884,331.1611
11937,34,9,0.1000,0.00000524,25.6093,999.0762,444.0812
11938,85,14,0.1000,0.00000523,27.8167,1008.4682,452.8475
11939,37,10,0.1000,0.00000523,41.6214,1002.5872,420.0422
11940,387,23,0.1000,0.00000522,33.6202,1021.2370,448.7168
11941,116,14,0.1000,0.00000522,33.9883,1018.9324,364.3093
11942,27,7,0.1000,0.00000522,39.5133,993.8040,424.4634
11943,42,11,0.1000,0.00000521,19.2741,1002.4937,404.1805
11944,84,14,0.1000,0.00000521,40.1373,1012.1845,449.0200
11945,34,9,0.1000,0.00000521,36.2353,1009.5957,511.3897
11946,186,19,0.1000,0.00000520,30.5393,1007.9592,399.4351
11947,197,25,0.1000,0.00000520,34.0933,1020.7619,414.5843
11948,226,19,0.1000,0.00000520,37.1508,1016.8459,465.5718
11949,160,18,0.1000,0.00000519,38.3835,1023.6566,422.0372
11950,1523,63,0.1000,0.00000519,35.0377,1027.9433,403.8882
11951,29,7,0.1000,0.00000518,23.4413,987.1524,347.7883
11952,453,33,0.1000,0.00000518,29.6528,1022.3347,385.7469
11953,299,22,0.1000,0.00000518,28.9581,1012.9328,394.8207
11954,124,15,0.1000,0.00000517,34.4094,1016.5061,404.4356
11955,297,24,0.1000,0.00000517,37.3768,1019.5238,491.4962
11956,24,7,0.1000,0.00000517,12.4540,999.4765,217.1135
11957,183,20,0.1000,0.00000516,37.2896,1019.9583,264.2313
11958,53,11,0.1000,0.00000516,30.5613,1003.2785,349.8114
11959,249,21,0.1000,0.00000515,32.4687,1014.8984,364.3639
11960,366,26,0.1000,0.00000515,25.9519,1025.6843,407.8066
11961,71,10,0.1000,0.00000515,42.2124,999.5622,572.4674
11962,163,15,0.1000,0.00000514,23.6227,1012.5624,438.8641
11963,210,22,0.1000,0.00000514,29.9954,1026.8007,462.9959
11964,105,16,0.1000,0.00000513,37.8074,1009.8999,392.0781
11965,112,15,0.1000,0.00000513,30.5584,998.4940,426.2710
11966,162,15,0.1000,0.00000513,34.4722,1002.4149,398.6458
11967,42,12,0.1000,0.00000512,37.9041,999.1798,416.8420
11968,1176,46,0.1000,0.00000512,39.8111,1037.2516,377.6675
11969,186,21,0.1000,0.00000512,37.1199,1018.8172,385.3621
11970,112,13,0.1000,0.00000511,34.5593,1013.1733,432.9091
11971,34,7,0.1000,0.00000511,50.3171,1010.5481,319.2513
11972,251,25,0.1000,0.00000510,32.0130,1021.6419,419.3866
11973,815,37,0.1000,0.00000510,29.2987,1028.8912,406.5381
11974,42,12,0.1000,0.00000510,46.6464,1003.5425,375.7092
11975,286,22,0.1000,0.00000509,33.0382,1010.6812,457.4082
11976,313,25,0.1000,0.00000509,43.2268,1021.9435,368.1961
11977,376,23,0.1000,0.00000509,26.6113,1025.8479,345.6822
11978,305,23,0.1000,0.00000508,27.7933,1020.1630,412.2555
11979,37,9,0.1000,0.00000508,29.0343,1005.9819,410.1942
11980,215,19,0.1000,0.00000508,33.3758,1018.8363,556.7650
11981,177,17,0.1000,0.00000507,36.6218,1012.5165,438.6755
11982,74,8,0.1000,0.00000507,34.8698,1030.5482,260.5679
11983,413,27,0.1000,0.00000506,35.4790,1016.3163,393.4206
11984,89,14,0.1000,0.00000506,31.9554,1014.6774,507.1051
11985,493,33,0.1000,0.00000506,28.7017,1039.4561,517.7708
11986,55,12,0.1000,0.00000505,29.0355,1009.2238,376.4365
11987,56,10,0.1000,0.00000505,22.4390,1014.4617,443.1814
11988,59,10,0.1000,0.00000504,18.3029,1017.4354,451.0837
11989,57,11,0.1000,0.00000504,19.6433,1009.6200,356.0270
11990,473,30,0.1000,0.00000504,36.0253,1032.7336,497.0632
11991,245,21,0.1000,0.00000503,35.9626,1012.8369,435.8502
11992,364,19,0.1000,0.00000503,28.5575,1026.6849,369.5424
11993,66,9,0.1000,0.00000503,33.3519,997.0805,513.6763
11994,25,6,0.1000,0.00000502,47.7900,992.9377,364.8909
11995,46,9,0.1000,0.00000502,33.4986,993.5414,283.5089
11996,390,26,0.1000,0.00000501,41.1849,1027.5862,468.4926
11997,1067,34,0.1000,0.00000501,34.1286,1039.1570,517.7971
11998,319,29,0.1000,0.00000501,36.0935,1017.9920,318.4955
11999,457,24,0.1000,0.00000500,28.5026,1023.9778,345.4670
12000,83,14,0.1000,0.00000500,45.6261,1008.3693,387.6859
