episode,score,steps,epsilon,lr,loss,avg_v,grad_norm
1,93,18,0.9999,0.00005000,0.0000,10.0967,0.0000
2,43,11,0.9997,0.00005000,0.0000,5.6579,0.0000
3,38,10,0.9996,0.00005000,5.7738,3.7789,1.2083
4,34,8,0.9994,0.00005000,5.4581,6.8768,1.5299
5,126,16,0.9992,0.00005000,5.9032,15.2871,2.8223
6,38,10,0.9991,0.00005000,5.7307,7.0039,5.6685
7,34,9,0.9990,0.00005000,4.1380,5.7915,7.9443
8,42,11,0.9988,0.00005000,3.6922,9.0405,7.2300
9,36,9,0.9987,0.00005000,2.7794,9.8341,4.1091
10,27,6,0.9985,0.00005000,3.1598,10.8074,6.0072
11,43,9,0.9983,0.00005000,2.6768,10.4913,3.7344
12,39,11,0.9982,0.00005000,3.3569,8.7332,3.6240
13,91,15,0.9980,0.00005000,2.7190,12.5463,3.0035
14,95,20,0.9979,0.00005000,3.0334,15.0971,2.4335
15,71,13,0.9978,0.00005000,3.4093,9.6399,2.1514
16,38,10,0.9976,0.00005000,2.8961,9.1007,2.0085
17,59,9,0.9974,0.00005000,3.6593,13.0934,1.8671
18,37,10,0.9973,0.00005000,2.8766,10.0612,2.4756
19,83,14,0.9971,0.00005000,3.0821,11.4024,2.3005
20,37,10,0.9970,0.00005000,4.1130,7.7043,1.9373
21,58,13,0.9969,0.00005000,3.7219,9.2660,2.5771
22,30,8,0.9967,0.00005000,4.1494,10.6918,2.1643
23,40,11,0.9966,0.00005000,3.1824,9.7229,1.9761
24,85,14,0.9964,0.00005000,3.7192,13.1134,1.7529
25,76,14,0.9962,0.00005000,3.6551,10.4177,2.2708
26,87,16,0.9961,0.00005000,3.8735,11.3972,3.2674
27,44,12,0.9960,0.00005000,3.0493,8.5361,3.0505
28,41,10,0.9958,0.00005000,2.9942,9.3622,2.8241
29,283,24,0.9957,0.00005000,3.2843,20.9426,2.7331
30,33,9,0.9955,0.00005000,4.0069,9.8501,1.9624
31,193,19,0.9953,0.00005000,4.0294,15.2880,2.4108
32,70,8,0.9952,0.00005000,2.5067,13.2985,2.0167
33,93,16,0.9950,0.00005000,3.3424,15.3601,2.5345
34,28,7,0.9949,0.00005000,3.4307,8.5244,2.0495
35,26,8,0.9948,0.00005000,2.5901,7.9715,2.2501
36,129,18,0.9946,0.00005000,3.7344,11.6042,2.4470
37,35,8,0.9944,0.00005000,4.1444,10.6430,1.9761
38,42,11,0.9943,0.00005000,4.3763,10.0438,2.0446
39,57,12,0.9941,0.00005000,4.1253,11.4611,2.3656
40,172,20,0.9940,0.00005000,3.2349,19.0882,1.7219
41,43,11,0.9939,0.00005000,4.0565,8.5163,2.5959
42,61,13,0.9937,0.00005000,4.3974,9.2973,2.0776
43,70,15,0.9936,0.00005000,3.3142,11.5731,1.9073
44,31,8,0.9934,0.00005000,3.7260,8.1782,8.3109
45,41,9,0.9932,0.00005000,7.3143,9.8597,19.0420
46,61,14,0.9931,0.00005000,4.7293,14.5137,20.5694
47,28,7,0.9929,0.00005000,5.4282,12.4257,9.3930
48,43,10,0.9928,0.00005000,4.4184,12.3677,7.3750
49,40,10,0.9927,0.00005000,4.1998,12.5930,5.0058
50,64,13,0.9925,0.00005000,4.1120,16.0329,5.9167
51,155,19,0.9923,0.00005000,3.9269,17.4494,4.9487
52,31,6,0.9922,0.00005000,3.1258,15.6065,4.8400
53,31,6,0.9920,0.00005000,3.3023,13.8319,4.7399
54,59,12,0.9919,0.00005000,3.8655,14.2451,6.3424
55,115,19,0.9918,0.00005000,3.9379,16.1907,4.0286
56,44,11,0.9916,0.00005000,4.3695,12.9773,4.4400
57,56,12,0.9915,0.00005000,4.6161,12.8608,4.5007
58,51,11,0.9913,0.00005000,4.8766,13.5000,3.7826
59,35,9,0.9911,0.00005000,3.3056,12.6059,3.0260
60,74,13,0.9910,0.00005000,3.8566,14.7949,3.9025
61,39,11,0.9909,0.00005000,4.7187,11.7766,3.7822
62,53,10,0.9907,0.00005000,3.1242,15.9838,5.5177
63,193,21,0.9906,0.00005000,4.1589,24.0364,4.2643
64,61,13,0.9904,0.00005000,3.2614,18.4136,4.2192
65,48,10,0.9902,0.00005000,3.3460,15.3317,4.0886
66,50,10,0.9901,0.00005000,2.7626,12.9946,3.9966
67,83,13,0.9899,0.00005000,4.5872,15.3810,3.4467
68,41,9,0.9898,0.00005000,3.9457,12.9962,4.3415
69,131,19,0.9897,0.00005000,4.0926,16.6072,5.5479
70,85,15,0.9895,0.00005000,3.6270,14.3621,4.4421
71,31,8,0.9893,0.00005000,3.8920,14.1560,4.9053
72,288,25,0.9892,0.00005000,3.2956,25.3376,6.3002
73,33,8,0.9890,0.00005000,4.1542,15.6543,5.6316
74,40,9,0.9889,0.00005000,6.0158,16.3114,4.5668
75,36,10,0.9888,0.00005000,4.0600,12.5308,4.1027
76,115,13,0.9886,0.00005000,4.0502,19.4799,3.9621
77,58,11,0.9885,0.00005000,4.4588,15.4231,5.8747
78,38,11,0.9883,0.00005000,4.0195,12.3381,3.8704
79,36,10,0.9881,0.00005000,3.7664,11.7870,4.7577
80,71,13,0.9880,0.00005000,4.3962,16.0037,5.5986
81,40,10,0.9879,0.00005000,3.7492,11.5638,4.5134
82,30,8,0.9877,0.00005000,3.1200,12.2429,4.8833
83,73,13,0.9876,0.00005000,4.7281,19.8356,4.4414
84,79,14,0.9874,0.00005000,4.2742,13.0452,4.7724
85,120,16,0.9872,0.00005000,4.2028,21.6411,3.0310
86,53,12,0.9871,0.00005000,6.3137,13.2874,18.2395
87,45,11,0.9869,0.00005000,5.5608,15.2030,34.9761
88,29,7,0.9868,0.00005000,4.7252,16.6722,21.0677
89,38,10,0.9867,0.00005000,4.3017,17.2080,19.0293
90,93,16,0.9865,0.00005000,3.6151,21.2922,12.1325
91,30,7,0.9863,0.00005000,4.4177,17.4069,6.9520
92,38,10,0.9862,0.00005000,3.6052,17.0218,10.3701
93,63,14,0.9860,0.00005000,4.3392,22.4554,5.1867
94,78,13,0.9859,0.00005000,4.3268,18.8189,5.6894
95,43,10,0.9858,0.00005000,3.9388,17.3292,8.1140
96,24,6,0.9856,0.00005000,5.1166,17.2679,7.3284
97,39,11,0.9855,0.00005000,5.5259,20.3116,9.0979
98,35,9,0.9853,0.00005000,4.3433,18.4483,7.1935
99,41,12,0.9851,0.00005000,3.7235,16.8552,4.9617
100,106,16,0.9850,0.00005000,3.1356,21.3384,5.5083
101,70,12,0.9849,0.00005000,4.3727,17.6789,6.7257
102,27,6,0.9847,0.00005000,1.8705,18.0103,9.5142
103,75,13,0.9846,0.00005000,4.4138,22.7760,7.7533
104,130,19,0.9844,0.00005000,4.7962,22.3541,7.4036
105,40,10,0.9842,0.00005000,3.9088,17.6496,9.2021
106,110,15,0.9841,0.00005000,3.9993,20.0147,8.8253
107,32,8,0.9839,0.00005000,4.9503,18.4269,7.3584
108,173,20,0.9838,0.00005000,4.2848,25.0323,8.4564
109,42,11,0.9837,0.00005000,5.2322,20.0420,5.7785
110,265,18,0.9835,0.00005000,4.0416,28.1969,6.5132
111,35,8,0.9833,0.00005000,3.4877,18.3564,5.8561
112,55,11,0.9832,0.00005000,3.8152,18.6148,7.4921
113,32,8,0.9830,0.00005000,3.7021,18.4563,6.6175
114,28,8,0.9829,0.00005000,4.6837,17.8738,7.4436
115,26,7,0.9828,0.00005000,2.9665,17.1741,10.1239
116,39,11,0.9826,0.00005000,4.4730,18.4427,6.2506
117,58,12,0.9825,0.00005000,3.4974,19.1435,4.8632
118,62,14,0.9823,0.00005000,3.2781,18.2234,7.5245
119,43,12,0.9821,0.00005000,3.7710,15.3725,6.1853
120,37,10,0.9820,0.00005000,3.8680,16.1083,6.4733
121,33,8,0.9819,0.00005000,3.3702,23.1123,4.7265
122,35,8,0.9817,0.00005000,3.7233,16.9917,7.1105
123,166,20,0.9816,0.00005000,3.7331,23.7484,6.9398
124,26,6,0.9814,0.00005000,3.8145,18.6596,7.6371
125,120,17,0.9812,0.00005000,4.1418,22.4658,5.9653
126,41,11,0.9811,0.00005000,3.5092,16.7834,12.6477
127,33,9,0.9809,0.00005000,5.2070,16.0917,11.6060
128,163,18,0.9808,0.00005000,4.7873,22.2082,6.6409
129,33,8,0.9807,0.00005000,6.5946,17.1135,8.8063
130,52,9,0.9805,0.00005000,7.5965,21.7726,27.9134
131,89,15,0.9804,0.00005000,5.3213,21.3379,32.8548
132,86,13,0.9802,0.00005000,4.9954,26.5610,17.3787
133,30,6,0.9800,0.00005000,4.4002,24.8889,14.2997
134,29,6,0.9799,0.00005000,3.1373,24.9018,8.2258
135,46,12,0.9798,0.00005000,3.4948,23.5355,8.6277
136,39,10,0.9796,0.00005000,3.9148,19.4065,9.8821
137,79,12,0.9795,0.00005000,4.4936,23.4038,11.0367
138,28,7,0.9793,0.00005000,4.2717,21.5274,9.1706
139,40,10,0.9791,0.00005000,2.7689,22.0897,14.0605
140,57,10,0.9790,0.00005000,4.6223,27.6359,19.8981
141,85,15,0.9788,0.00005000,4.0128,23.8061,13.5631
142,25,7,0.9787,0.00005000,2.9560,22.7061,7.5247
143,53,10,0.9786,0.00005000,4.1166,25.9871,8.3065
144,67,12,0.9784,0.00005000,4.3279,24.3747,8.3184
145,31,7,0.9782,0.00005000,3.8727,21.8620,6.8829
146,58,12,0.9781,0.00005000,6.3809,23.0664,9.6365
147,85,15,0.9779,0.00005000,5.6911,21.5893,10.8550
148,57,12,0.9778,0.00005000,4.2831,21.9075,7.4741
149,42,10,0.9777,0.00005000,4.6950,24.1257,11.0593
150,33,8,0.9775,0.00005000,3.9761,20.9725,8.5997
151,62,12,0.9774,0.00005000,3.6599,25.9018,11.5648
152,27,7,0.9772,0.00005000,4.3626,21.7906,12.7383
153,63,14,0.9770,0.00005000,3.6248,25.5331,10.1814
154,36,9,0.9769,0.00005000,4.5989,21.0829,13.6403
155,43,11,0.9768,0.00005000,5.5220,24.4094,11.4401
156,58,12,0.9766,0.00005000,4.6225,22.5241,10.1969
157,37,7,0.9765,0.00005000,3.7465,25.6495,11.0892
158,29,6,0.9763,0.00005000,3.3788,22.9109,20.1381
159,58,12,0.9761,0.00005000,3.3839,24.5495,9.1562
160,71,11,0.9760,0.00005000,3.9254,25.8106,7.8394
161,86,13,0.9758,0.00005000,4.8466,26.3810,11.0574
162,55,12,0.9757,0.00005000,4.1519,22.1620,8.4160
163,64,9,0.9756,0.00005000,4.4113,28.3209,10.2891
164,43,11,0.9754,0.00005000,5.5023,21.7849,8.3405
165,103,19,0.9752,0.00005000,3.9630,26.4304,7.9087
166,37,9,0.9751,0.00005000,5.2987,21.6350,11.9627
167,44,12,0.9749,0.00005000,4.4531,21.9734,6.3589
168,45,11,0.9748,0.00005000,3.8395,25.9357,10.1404
169,36,11,0.9747,0.00005000,3.3996,20.7637,7.1797
170,108,14,0.9745,0.00005000,4.2624,28.1550,7.7643
171,82,15,0.9744,0.00005000,3.8696,23.3119,6.4081
172,30,8,0.9742,0.00005000,4.7169,21.1496,8.7024
173,38,10,0.9740,0.00005000,4.2948,21.2696,10.1008
174,48,9,0.9739,0.00005000,4.8356,23.5367,16.0059
175,61,13,0.9738,0.00005000,4.2085,22.3273,14.5835
176,83,13,0.9736,0.00005000,4.7494,25.2038,25.1739
177,39,11,0.9735,0.00005000,6.7194,25.6513,57.2926
178,148,14,0.9733,0.00005000,4.3326,36.4688,36.0476
179,129,19,0.9731,0.00005000,4.6660,31.5777,19.6021
180,41,13,0.9730,0.00005000,4.1972,25.9935,17.3063
181,40,10,0.9728,0.00005000,5.2451,27.5356,11.9567
182,91,16,0.9727,0.00005000,4.1291,28.8326,15.4544
183,42,11,0.9726,0.00005000,3.2444,26.1167,12.4740
184,128,19,0.9724,0.00005000,4.4948,30.9636,18.0888
185,91,16,0.9722,0.00005000,4.3337,29.3497,14.1038
186,45,11,0.9721,0.00005000,4.2100,27.8872,18.7223
187,40,10,0.9719,0.00005000,3.9628,29.5917,13.7890
188,31,8,0.9718,0.00005000,2.5987,25.7251,14.0567
189,156,17,0.9717,0.00005000,5.0646,38.2918,11.3101
190,27,7,0.9715,0.00005000,6.2823,26.0778,15.4772
191,57,10,0.9714,0.00005000,4.1438,31.8200,17.8222
192,26,7,0.9712,0.00005000,3.8227,26.5110,18.2336
193,39,10,0.9710,0.00005000,3.7345,27.6577,19.0476
194,53,8,0.9709,0.00005000,4.3942,35.5562,10.9147
195,48,9,0.9708,0.00005000,4.9947,27.1649,5.3358
196,39,10,0.9706,0.00005000,4.1141,25.4804,10.0770
197,55,12,0.9705,0.00005000,5.1445,29.7332,8.3597
198,78,16,0.9703,0.00005000,3.5453,29.6002,12.1758
199,59,13,0.9701,0.00005000,3.5191,27.2803,11.7097
200,33,8,0.9700,0.00005000,3.0972,28.9773,18.5037
201,32,8,0.9698,0.00005000,4.5979,28.5353,24.6546
202,159,17,0.9697,0.00005000,4.7072,34.3019,20.4215
203,124,16,0.9696,0.00005000,4.3702,33.7533,12.7097
204,62,11,0.9694,0.00005000,4.5843,29.6296,13.3869
205,46,10,0.9692,0.00005000,5.0319,27.8839,8.4385
206,57,11,0.9691,0.00005000,4.9174,29.3297,19.1863
207,112,14,0.9689,0.00005000,3.3661,37.1359,18.1802
208,46,9,0.9688,0.00005000,4.5479,27.9044,19.2579
209,43,11,0.9687,0.00005000,4.4542,29.2431,11.3486
210,72,13,0.9685,0.00005000,4.4626,30.1023,6.9068
211,29,8,0.9684,0.00005000,5.2013,27.8245,15.8058
212,34,9,0.9682,0.00005000,4.8547,25.2613,14.8456
213,34,7,0.9680,0.00005000,4.1662,32.6391,19.2933
214,26,6,0.9679,0.00005000,2.7392,26.7255,13.0657
215,133,18,0.9677,0.00005000,4.4153,31.2067,10.9462
216,29,8,0.9676,0.00005000,4.7566,25.2143,10.8300
217,36,8,0.9675,0.00005000,4.1283,27.5658,19.7659
218,24,7,0.9673,0.00005000,5.1449,24.9136,14.9079
219,34,7,0.9671,0.00005000,5.7329,27.0642,10.5879
220,54,11,0.9670,0.00005000,5.1599,28.7719,14.7324
221,87,17,0.9668,0.00005000,6.8984,28.9158,59.6888
222,61,12,0.9667,0.00005000,5.6067,35.4124,39.4029
223,44,11,0.9666,0.00005000,5.5851,29.6313,36.9841
224,54,11,0.9664,0.00005000,4.3712,34.4163,20.3389
225,39,9,0.9663,0.00005000,4.3594,33.9119,9.6601
226,42,11,0.9661,0.00005000,4.5691,30.7758,12.3392
227,53,13,0.9659,0.00005000,5.1683,30.9878,19.0003
228,52,10,0.9658,0.00005000,5.3768,35.9581,21.5709
229,42,11,0.9657,0.00005000,6.1057,28.9870,15.3360
230,41,10,0.9655,0.00005000,5.2424,34.4651,15.3921
231,56,11,0.9654,0.00005000,5.3079,32.0143,21.0534
232,54,12,0.9652,0.00005000,5.4316,31.9662,16.2455
233,58,15,0.9650,0.00005000,5.9781,31.3740,15.8928
234,62,13,0.9649,0.00005000,4.6113,34.7253,18.8968
235,79,13,0.9647,0.00005000,5.2902,33.6335,17.4071
236,45,11,0.9646,0.00005000,4.5762,33.0584,15.5344
237,87,17,0.9645,0.00005000,4.2136,31.2223,9.1175
238,33,9,0.9643,0.00005000,6.3433,29.0798,20.0054
239,30,8,0.9641,0.00005000,4.2142,30.5347,15.7403
240,29,7,0.9640,0.00005000,5.9911,31.2129,15.9530
241,45,8,0.9638,0.00005000,4.3922,36.9640,16.3876
242,77,14,0.9637,0.00005000,4.9633,33.3588,15.7362
243,30,8,0.9636,0.00005000,4.7103,29.8360,13.0645
244,33,9,0.9634,0.00005000,5.6640,30.9435,11.6692
245,86,13,0.9633,0.00005000,4.7451,37.2806,10.2201
246,60,13,0.9631,0.00005000,4.5586,34.4152,13.3966
247,90,15,0.9629,0.00005000,5.5430,37.9892,14.9806
248,60,12,0.9628,0.00005000,3.8154,35.3195,10.9719
249,60,13,0.9627,0.00005000,4.1671,34.0739,10.2315
250,33,9,0.9625,0.00005000,5.5860,30.9593,12.5688
251,41,8,0.9624,0.00005000,4.8387,32.4154,16.2169
252,59,14,0.9622,0.00005000,3.2500,32.2442,16.6512
253,120,16,0.9620,0.00005000,4.6895,36.1116,15.4748
254,91,13,0.9619,0.00005000,4.4246,38.0279,14.5185
255,200,18,0.9617,0.00005000,5.4691,37.9342,15.0824
256,44,14,0.9616,0.00005000,5.1702,30.8458,11.6218
257,39,10,0.9615,0.00005000,5.4823,29.9690,11.0712
258,41,11,0.9613,0.00005000,5.0942,32.1754,22.3895
259,35,9,0.9611,0.00005000,5.2225,30.1525,14.1937
260,58,11,0.9610,0.00005000,4.4637,33.1283,14.8331
261,36,10,0.9608,0.00005000,4.5520,30.7490,13.1594
262,81,11,0.9607,0.00005000,5.0854,35.4720,18.3658
263,47,9,0.9606,0.00005000,3.3807,31.1442,15.2619
264,55,12,0.9604,0.00005000,7.1841,34.4703,68.8350
265,34,9,0.9603,0.00005000,6.4625,33.1491,48.8703
266,35,9,0.9601,0.00005000,5.8421,37.7691,54.5839
267,28,6,0.9599,0.00005000,6.3506,36.3770,32.2539
268,42,10,0.9598,0.00005000,5.1455,37.2036,19.5375
269,55,11,0.9597,0.00005000,5.2898,37.1528,20.9352
270,33,9,0.9595,0.00005000,6.0859,34.9049,21.4611
271,112,16,0.9594,0.00005000,4.3653,41.1221,14.9357
272,86,12,0.9592,0.00005000,5.4183,46.6573,20.0939
273,26,6,0.9590,0.00005000,6.3532,37.4981,19.3980
274,55,10,0.9589,0.00005000,4.5219,43.2847,22.2991
275,38,10,0.9587,0.00005000,4.6910,38.6666,13.0921
276,49,10,0.9586,0.00005000,5.5179,38.0850,15.0136
277,37,11,0.9585,0.00005000,5.4388,33.7792,23.9077
278,39,11,0.9583,0.00005000,4.4775,36.5134,16.1670
279,44,11,0.9582,0.00005000,4.1716,35.8220,12.7777
280,30,7,0.9580,0.00005000,3.6482,36.9973,15.4163
281,30,8,0.9578,0.00005000,3.5907,36.5409,16.4130
282,37,9,0.9577,0.00005000,5.2399,38.7581,17.0917
283,48,8,0.9576,0.00005000,3.7392,40.4430,34.0368
284,61,13,0.9574,0.00005000,6.8440,38.0813,28.1422
285,87,13,0.9573,0.00005000,3.9622,47.0001,21.6559
286,29,6,0.9571,0.00005000,4.9401,40.6755,15.7059
287,75,13,0.9569,0.00005000,4.6296,43.3068,16.1095
288,74,14,0.9568,0.00005000,5.2570,41.8966,19.6731
289,40,11,0.9567,0.00005000,5.9774,36.3892,22.1900
290,72,13,0.9565,0.00005000,5.3899,40.1381,15.1309
291,80,17,0.9564,0.00005000,4.0397,36.2778,16.1761
292,66,13,0.9562,0.00005000,4.7718,39.6154,16.9921
293,35,8,0.9560,0.00005000,4.4713,38.6843,25.2261
294,38,7,0.9559,0.00005000,4.6298,42.6115,15.2245
295,60,14,0.9557,0.00005000,5.2521,38.1769,23.3029
296,33,9,0.9556,0.00005000,6.1328,35.1950,13.9660
297,55,12,0.9555,0.00005000,5.3170,41.0002,14.5203
298,40,9,0.9553,0.00005000,5.4367,36.3414,14.5003
299,127,15,0.9551,0.00005000,4.5103,40.4157,18.9088
300,39,11,0.9550,0.00005000,6.4345,36.0189,19.4932
301,38,10,0.9548,0.00005000,5.3905,37.5204,19.6510
302,170,18,0.9547,0.00005000,4.7028,43.6735,14.5125
303,62,13,0.9546,0.00005000,4.3033,41.1832,15.3417
304,35,10,0.9544,0.00005000,4.5427,35.3078,20.6688
305,30,8,0.9543,0.00005000,7.6664,37.1575,14.2680
306,33,9,0.9541,0.00005000,6.4771,35.1652,16.9218
307,39,6,0.9539,0.00005000,4.9056,39.6946,15.4068
308,57,11,0.9538,0.00005000,5.7595,40.1524,21.5317
309,28,8,0.9536,0.00005000,5.1431,37.1015,22.2395
310,49,9,0.9535,0.00005000,4.9151,39.6316,17.6055
311,41,9,0.9534,0.00005000,6.7424,40.5480,26.9191
312,155,15,0.9532,0.00005000,7.2811,53.1471,68.5069
313,33,8,0.9530,0.00005000,6.6095,41.4341,33.9595
314,43,11,0.9529,0.00005000,6.9258,40.8618,25.6786
315,38,10,0.9527,0.00005000,4.0644,38.3925,40.3426
316,35,9,0.9526,0.00005000,4.7451,37.7830,16.9236
317,106,13,0.9525,0.00005000,5.5550,48.8956,9.9414
318,53,12,0.9523,0.00005000,4.2757,45.2564,17.9986
319,43,10,0.9522,0.00005000,7.0002,41.4878,16.2463
320,42,11,0.9520,0.00005000,6.5849,43.9313,18.7373
321,31,9,0.9518,0.00005000,4.7723,40.3657,25.0938
322,62,11,0.9517,0.00005000,4.6296,43.5988,36.9911
323,38,10,0.9516,0.00005000,7.0949,42.7801,26.4992
324,44,13,0.9514,0.00005000,6.0482,39.4237,13.1921
325,120,20,0.9513,0.00005000,4.1969,47.9951,24.0590
326,37,9,0.9511,0.00005000,5.7713,39.8227,25.6287
327,53,11,0.9509,0.00005000,4.5116,44.5569,23.5129
328,28,8,0.9508,0.00005000,7.4001,39.4857,24.2651
329,40,10,0.9506,0.00005000,5.3537,38.6958,23.4118
330,72,12,0.9505,0.00005000,6.6688,42.9529,22.2380
331,117,15,0.9504,0.00005000,5.0185,45.5494,22.5218
332,79,15,0.9502,0.00005000,4.3713,44.1090,17.5407
333,90,16,0.9500,0.00005000,6.4649,43.5842,25.3972
334,91,16,0.9499,0.00005000,5.8816,43.6731,17.4912
335,207,23,0.9497,0.00005000,5.4641,49.1227,18.1254
336,33,9,0.9496,0.00005000,5.4470,40.4732,21.3444
337,37,10,0.9495,0.00005000,5.3061,39.6907,22.4188
338,58,12,0.9493,0.00005000,5.4542,41.9474,19.1234
339,37,9,0.9492,0.00005000,4.8779,39.9119,22.2143
340,39,10,0.9490,0.00005000,4.9795,42.6188,27.2562
341,50,10,0.9488,0.00005000,3.7866,40.0970,24.7674
342,82,13,0.9487,0.00005000,6.1085,41.2757,22.5300
343,53,10,0.9486,0.00005000,2.8597,41.9368,16.3602
344,51,11,0.9484,0.00005000,4.2657,41.4927,20.0177
345,56,12,0.9483,0.00005000,5.7288,43.0852,36.9448
346,43,12,0.9481,0.00005000,4.4276,44.0370,22.1454
347,56,12,0.9479,0.00005000,5.0606,44.1720,21.8387
348,42,10,0.9478,0.00005000,5.2408,40.6636,14.9968
349,44,11,0.9476,0.00005000,4.4634,43.6346,38.4055
350,96,16,0.9475,0.00005000,5.8946,43.2582,37.3517
351,121,17,0.9474,0.00005000,4.6607,44.4931,26.9903
352,60,12,0.9472,0.00005000,4.6563,43.5539,21.7167
353,85,13,0.9470,0.00005000,6.1248,49.4106,67.2472
354,54,11,0.9469,0.00005000,5.6060,49.7362,48.5835
355,36,10,0.9467,0.00005000,4.6077,41.2399,37.1644
356,85,15,0.9466,0.00005000,5.5960,48.6218,27.3620
357,45,7,0.9465,0.00005000,6.3185,50.2682,41.4600
358,109,18,0.9463,0.00005000,4.4451,49.0089,27.1261
359,56,11,0.9462,0.00005000,3.9954,47.7536,26.6660
360,141,19,0.9460,0.00005000,5.7686,48.2388,25.0787
361,40,10,0.9458,0.00005000,6.5471,49.3176,14.6741
362,153,15,0.9457,0.00005000,6.0676,52.7475,21.8758
363,51,10,0.9456,0.00005000,5.6196,44.4851,23.6085
364,38,10,0.9454,0.00005000,4.6878,44.8418,12.2484
365,55,12,0.9453,0.00005000,6.1482,44.1356,24.2356
366,40,9,0.9451,0.00005000,6.0425,46.2720,28.1650
367,56,11,0.9449,0.00005000,5.8125,48.2634,21.1318
368,40,9,0.9448,0.00005000,4.9464,45.7597,23.0992
369,84,15,0.9446,0.00005000,5.6582,48.1577,16.8389
370,30,8,0.9445,0.00005000,7.0017,45.3480,29.4082
371,37,9,0.9444,0.00005000,5.4605,47.0904,30.3197
372,32,7,0.9442,0.00005000,2.7508,44.5340,34.0270
373,116,14,0.9441,0.00005000,6.4554,52.9633,20.3698
374,37,11,0.9439,0.00005000,5.2672,45.4936,18.9706
375,22,7,0.9437,0.00005000,6.3768,43.1073,25.7815
376,115,14,0.9436,0.00005000,4.7095,54.5871,24.4070
377,51,8,0.9435,0.00005000,5.4394,49.5753,17.8452
378,101,14,0.9433,0.00005000,5.0846,53.3612,23.4099
379,80,17,0.9432,0.00005000,6.0551,45.6637,27.9661
380,141,18,0.9430,0.00005000,5.4146,54.3994,30.6953
381,37,9,0.9428,0.00005000,6.1200,43.8247,19.6833
382,28,6,0.9427,0.00005000,3.6006,49.5373,31.2310
383,71,14,0.9425,0.00005000,5.9065,48.8753,15.0223
384,56,12,0.9424,0.00005000,5.6523,47.2535,22.1839
385,80,12,0.9423,0.00005000,4.2432,53.3008,34.1633
386,36,8,0.9421,0.00005000,5.3748,53.3599,23.2179
387,54,12,0.9419,0.00005000,6.6746,45.6619,26.8105
388,54,10,0.9418,0.00005000,6.9155,46.5045,26.9159
389,50,10,0.9416,0.00005000,5.6168,47.4816,24.3399
390,89,16,0.9415,0.00005000,5.6655,46.3059,23.9899
391,51,11,0.9414,0.00005000,6.4636,45.5574,20.9908
392,45,8,0.9412,0.00005000,4.7861,48.9754,23.0832
393,45,11,0.9410,0.00005000,5.0006,46.8680,20.2020
394,198,20,0.9409,0.00005000,4.6926,55.9657,16.6687
395,54,13,0.9407,0.00005000,6.2366,44.4584,39.2096
396,36,10,0.9406,0.00005000,7.1649,45.0153,83.5025
397,43,12,0.9405,0.00005000,5.6094,53.0244,89.2578
398,37,9,0.9403,0.00005000,4.9636,46.9074,28.8795
399,88,16,0.9402,0.00005000,7.4039,50.3990,27.3381
400,57,12,0.9400,0.00005000,4.2646,50.8580,32.0530
401,124,16,0.9398,0.00005000,8.4261,52.9433,36.4364
402,90,13,0.9397,0.00005000,5.3770,55.1513,24.2367
403,25,6,0.9395,0.00005000,4.4502,49.4464,27.1072
404,34,9,0.9394,0.00005000,6.2715,50.7293,28.5320
405,96,15,0.9393,0.00005000,5.3894,51.1002,24.1108
406,72,14,0.9391,0.00005000,6.5195,53.5905,27.7873
407,61,14,0.9389,0.00005000,5.7310,49.7893,37.2319
408,75,13,0.9388,0.00005000,6.2615,57.2494,28.6432
409,125,17,0.9386,0.00005000,6.1340,56.6200,21.0943
410,42,11,0.9385,0.00005000,6.8518,49.9021,29.0749
411,38,9,0.9384,0.00005000,4.2345,48.4490,19.9400
412,58,11,0.9382,0.00005000,6.2916,50.8270,27.7579
413,30,7,0.9381,0.00005000,4.5195,48.5716,15.2978
414,75,13,0.9379,0.00005000,6.0596,55.4608,16.3506
415,44,10,0.9377,0.00005000,4.7763,52.5219,17.3763
416,37,10,0.9376,0.00005000,6.7366,49.5158,25.7536
417,83,14,0.9375,0.00005000,5.5597,52.3895,22.3269
418,53,12,0.9373,0.00005000,6.3108,47.5813,26.3988
419,62,12,0.9372,0.00005000,4.1542,50.4471,31.2374
420,69,11,0.9370,0.00005000,8.4127,53.0762,41.2310
421,40,9,0.9368,0.00005000,7.2912,54.3406,34.3700
422,56,11,0.9367,0.00005000,7.7701,54.8156,30.0166
423,102,11,0.9365,0.00005000,4.5602,56.2535,28.7480
424,32,11,0.9364,0.00005000,5.5171,48.0647,27.5065
425,39,11,0.9363,0.00005000,5.4629,47.3521,25.9709
426,214,16,0.9361,0.00005000,6.4462,57.1631,20.1470
427,121,15,0.9359,0.00005000,6.3648,55.3412,32.5541
428,64,14,0.9358,0.00005000,4.6577,50.7823,32.8907
429,59,12,0.9356,0.00005000,5.8229,49.7795,17.5522
430,75,13,0.9355,0.00005000,7.0187,50.9302,22.0109
431,30,8,0.9354,0.00005000,7.5238,48.1100,26.5865
432,24,6,0.9352,0.00005000,7.4308,49.9626,35.5872
433,35,9,0.9350,0.00005000,6.9826,46.5146,30.6332
434,56,12,0.9349,0.00005000,5.5066,50.4676,18.7650
435,122,14,0.9347,0.00005000,6.5692,58.7725,32.3321
436,55,11,0.9346,0.00005000,5.9633,52.8328,19.7923
437,26,7,0.9345,0.00005000,5.5126,49.7219,21.1744
438,30,7,0.9343,0.00005000,6.3643,49.7490,22.2811
439,31,9,0.9342,0.00005000,6.1853,48.0472,19.6820
440,42,8,0.9340,0.00005000,7.0807,53.8457,113.5349
441,76,9,0.9338,0.00005000,6.1315,58.6405,58.8745
442,47,12,0.9337,0.00005000,7.5627,54.5162,33.8788
443,100,16,0.9335,0.00005000,5.8562,58.2160,29.4199
444,38,8,0.9334,0.00005000,5.7998,54.9298,30.1358
445,60,13,0.9333,0.00005000,6.1602,53.7159,29.0351
446,93,15,0.9331,0.00005000,6.6377,55.1039,23.7292
447,33,8,0.9329,0.00005000,6.3728,54.7379,30.2776
448,56,12,0.9328,0.00005000,5.5159,57.1361,30.8041
449,43,10,0.9326,0.00005000,3.7681,53.2854,35.6343
450,115,17,0.9325,0.00005000,5.4541,57.8424,27.1851
451,30,6,0.9324,0.00005000,4.9244,55.3757,41.4600
452,56,13,0.9322,0.00005000,6.4004,53.2088,53.8006
453,41,11,0.9321,0.00005000,6.5703,54.0512,59.2125
454,48,8,0.9319,0.00005000,4.6267,57.3835,25.8197
455,84,14,0.9317,0.00005000,4.4734,58.7647,35.4441
456,42,11,0.9316,0.00005000,5.3530,55.3090,27.4993
457,68,13,0.9315,0.00005000,7.3134,55.1219,23.7157
458,67,12,0.9313,0.00005000,6.7585,54.9106,48.8120
459,37,10,0.9312,0.00005000,5.8967,55.9972,41.2598
460,55,11,0.9310,0.00005000,6.5922,54.5443,46.5684
461,35,9,0.9308,0.00005000,6.7303,52.6054,32.8303
462,53,11,0.9307,0.00005000,8.1194,56.0536,26.3981
463,60,13,0.9305,0.00005000,3.8816,53.7535,29.9814
464,37,9,0.9304,0.00005000,5.7865,56.6321,27.4757
465,62,14,0.9303,0.00005000,5.8490,54.4839,26.5319
466,79,12,0.9301,0.00005000,6.0272,54.9131,33.7697
467,86,16,0.9300,0.00005000,4.7452,57.0344,22.9153
468,284,20,0.9298,0.00005000,5.6378,65.8979,42.5050
469,28,7,0.9296,0.00005000,7.0810,53.5648,49.0442
470,36,8,0.9295,0.00005000,5.6035,54.3647,23.3463
471,83,15,0.9294,0.00005000,7.7165,57.9113,46.4250
472,41,12,0.9292,0.00005000,6.5519,54.2857,46.2889
473,50,11,0.9290,0.00005000,6.2501,52.7166,34.5098
474,46,9,0.9289,0.00005000,6.7428,51.9984,23.6651
475,40,9,0.9287,0.00005000,4.6026,55.0120,19.5379
476,340,34,0.9286,0.00005000,5.9498,67.8808,31.3481
477,80,12,0.9284,0.00005000,5.1022,58.6198,25.5307
478,60,12,0.9283,0.00005000,5.2987,53.9083,16.0798
479,219,20,0.9282,0.00005000,6.1751,61.9132,25.0763
480,36,9,0.9280,0.00005000,3.3569,54.4269,27.4141
481,29,8,0.9278,0.00005000,7.9063,58.3227,117.7564
482,35,9,0.9277,0.00005000,6.2367,61.1129,78.1978
483,120,18,0.9275,0.00005000,6.2152,65.1878,40.5231
484,30,8,0.9274,0.00005000,6.8111,57.1486,33.9154
485,41,9,0.9273,0.00005000,7.7292,61.0711,36.9840
486,58,12,0.9271,0.00005000,6.3833,57.0842,31.3556
487,132,16,0.9269,0.00005000,6.2347,64.2819,35.8314
488,60,13,0.9268,0.00005000,5.1151,59.3576,28.9638
489,36,11,0.9266,0.00005000,5.6069,55.9431,33.7912
490,74,15,0.9265,0.00005000,6.0397,62.0733,34.6211
491,35,9,0.9264,0.00005000,6.0171,55.1257,40.5731
492,32,9,0.9262,0.00005000,8.0846,59.8630,30.0977
493,33,9,0.9261,0.00005000,5.4276,56.1866,24.0128
494,39,10,0.9259,0.00005000,5.7432,60.1451,40.8462
495,41,10,0.9257,0.00005000,6.5258,58.4646,48.6788
496,27,7,0.9256,0.00005000,7.4864,57.4208,43.6204
497,24,6,0.9254,0.00005000,5.4740,56.6250,25.0010
498,37,8,0.9253,0.00005000,10.4287,57.7964,21.9766
499,34,9,0.9252,0.00005000,5.8332,57.1641,25.5939
500,212,20,0.9250,0.00005000,5.9127,70.0292,47.2638
501,161,16,0.9248,0.00005000,5.5278,68.7376,24.5097
502,45,11,0.9247,0.00005000,6.3378,59.2697,25.7046
503,59,12,0.9245,0.00005000,6.1413,60.8220,32.3063
504,43,11,0.9244,0.00005000,7.4457,58.8394,32.4295
505,36,9,0.9243,0.00005000,6.4655,61.3841,39.6086
506,29,8,0.9241,0.00005000,9.5625,57.9911,37.1095
507,57,11,0.9240,0.00005000,6.3283,59.5416,48.9815
508,55,12,0.9238,0.00005000,7.1590,66.5611,35.0011
509,32,8,0.9236,0.00005000,6.6766,61.3408,26.3289
510,30,7,0.9235,0.00005000,9.0493,60.2820,24.1653
511,76,14,0.9234,0.00005000,7.2392,60.4580,24.7101
512,120,16,0.9232,0.00005000,6.9146,64.4718,33.3771
513,60,12,0.9231,0.00005000,7.7423,62.0127,25.6208
514,38,10,0.9229,0.00005000,4.9735,56.2882,29.2773
515,213,15,0.9227,0.00005000,5.3799,66.0191,23.9468
516,150,14,0.9226,0.00005000,5.4602,72.7227,16.9074
517,40,10,0.9224,0.00005000,6.5159,58.5836,37.1869
518,54,11,0.9223,0.00005000,6.5256,61.2697,26.2854
519,69,14,0.9222,0.00005000,7.3751,60.5772,26.0274
520,60,12,0.9220,0.00005000,7.3633,63.3220,25.2843
521,30,9,0.9219,0.00005000,5.9182,57.5370,25.7724
522,33,8,0.9217,0.00005000,6.3467,60.0447,21.1686
523,30,9,0.9215,0.00005000,7.2567,58.6768,23.8954
524,130,18,0.9214,0.00005000,5.6548,64.9545,33.8992
525,85,13,0.9213,0.00005000,7.1891,65.8187,77.8977
526,33,8,0.9211,0.00005000,3.7129,61.3177,89.1216
527,52,11,0.9210,0.00005000,8.0654,70.6104,87.3499
528,52,9,0.9208,0.00005000,6.1396,68.5383,54.7159
529,55,11,0.9206,0.00005000,6.1534,63.5839,33.1601
530,215,22,0.9205,0.00005000,6.0543,78.9995,46.6193
531,37,8,0.9204,0.00005000,6.2199,65.6579,40.7611
532,60,14,0.9202,0.00005000,8.6335,63.8131,29.9659
533,56,10,0.9201,0.00005000,6.0128,63.7150,23.8706
534,44,11,0.9199,0.00005000,7.0355,64.8722,28.7603
535,44,12,0.9197,0.00005000,7.0200,64.1573,26.1055
536,60,13,0.9196,0.00005000,9.2946,62.9235,28.0168
537,56,13,0.9194,0.00005000,7.5528,60.9368,37.7277
538,54,11,0.9193,0.00005000,8.8014,66.5112,44.8624
539,35,7,0.9192,0.00005000,6.0000,63.6931,53.1510
540,31,8,0.9190,0.00005000,7.4766,62.1703,41.2615
541,48,10,0.9188,0.00005000,8.0893,65.8191,49.3481
542,56,10,0.9187,0.00005000,6.2586,66.0148,46.9516
543,40,10,0.9185,0.00005000,6.3279,61.7059,21.6415
544,45,10,0.9184,0.00005000,6.2348,64.1817,32.7393
545,46,9,0.9183,0.00005000,6.4177,61.8707,32.0424
546,32,9,0.9181,0.00005000,6.6763,62.5445,25.2443
547,36,10,0.9180,0.00005000,4.9297,65.3235,58.9545
548,41,10,0.9178,0.00005000,6.1807,63.8590,50.8802
549,226,19,0.9176,0.00005000,8.2430,71.5690,47.4526
550,40,10,0.9175,0.00005000,7.0272,63.3664,45.6914
551,48,11,0.9173,0.00005000,7.5657,63.0041,63.0037
552,41,11,0.9172,0.00005000,5.1547,62.9330,90.0946
553,42,10,0.9171,0.00005000,6.3706,63.5240,56.3765
554,164,19,0.9169,0.00005000,5.9137,72.3307,40.6366
555,31,7,0.9167,0.00005000,6.1220,64.3550,57.7392
556,37,8,0.9166,0.00005000,6.2472,65.3254,44.3120
557,58,13,0.9164,0.00005000,7.3862,68.4794,31.8560
558,103,16,0.9163,0.00005000,6.1942,69.7465,40.7392
559,42,9,0.9162,0.00005000,6.0748,65.0852,37.4633
560,57,11,0.9160,0.00005000,6.0667,64.7608,55.8351
561,99,19,0.9159,0.00005000,6.3815,59.9682,42.7408
562,75,14,0.9157,0.00005000,5.9219,62.7533,31.5260
563,52,10,0.9155,0.00005000,9.0453,65.3277,74.8511
564,56,11,0.9154,0.00005000,7.4832,67.6795,61.1793
565,53,10,0.9153,0.00005000,6.1298,63.6889,55.3993
566,36,9,0.9151,0.00005000,6.1397,62.5005,43.1895
567,64,12,0.9150,0.00005000,7.7119,66.7409,26.9636
568,69,13,0.9148,0.00005000,7.8150,65.4608,23.6081
569,31,8,0.9146,0.00005000,8.1342,62.3083,52.6672
570,156,18,0.9145,0.00005000,7.9042,70.9083,117.2181
571,60,12,0.9143,0.00005000,7.3007,68.7291,60.2067
572,88,13,0.9142,0.00005000,7.7926,72.2120,24.4073
573,69,13,0.9141,0.00005000,5.3298,68.7044,47.1645
574,38,9,0.9139,0.00005000,6.4250,66.4651,48.6903
575,74,15,0.9137,0.00005000,7.6794,66.1872,38.1115
576,40,9,0.9136,0.00005000,6.0963,67.3299,29.0022
577,37,9,0.9134,0.00005000,5.6348,71.2416,28.6666
578,32,8,0.9133,0.00005000,6.6975,69.2308,52.0689
579,28,7,0.9132,0.00005000,6.9755,69.7734,43.3102
580,151,14,0.9130,0.00005000,7.0028,75.3641,30.4526
581,52,11,0.9129,0.00005000,7.1757,69.1757,58.3131
582,41,11,0.9127,0.00005000,6.1999,67.2821,45.1212
583,117,18,0.9125,0.00005000,6.8203,66.2210,35.6174
584,52,9,0.9124,0.00005000,5.9941,67.8178,43.3329
585,34,8,0.9123,0.00005000,4.9112,66.1137,36.1128
586,275,22,0.9121,0.00005000,6.3455,81.3250,32.1544
587,44,12,0.9120,0.00005000,5.7752,68.6753,30.7124
588,28,7,0.9118,0.00005000,5.0979,66.2783,26.1512
589,36,9,0.9116,0.00005000,7.7258,65.2619,39.8241
590,29,7,0.9115,0.00005000,7.4082,67.3340,34.6756
591,58,12,0.9113,0.00005000,5.0383,66.0701,46.2878
592,40,10,0.9112,0.00005000,6.9260,68.5895,41.1414
593,33,9,0.9111,0.00005000,6.7251,67.6173,52.6484
594,38,10,0.9109,0.00005000,6.8682,66.4893,48.8262
595,41,11,0.9107,0.00005000,6.1159,65.8875,37.3616
596,32,7,0.9106,0.00005000,10.6578,68.5486,23.6038
597,47,9,0.9104,0.00005000,7.8699,66.6417,58.2541
598,31,8,0.9103,0.00005000,4.2843,64.6156,54.9450
599,109,18,0.9102,0.00005000,6.2217,72.8591,43.8644
600,37,8,0.9100,0.00005000,5.3535,71.5060,46.8956
601,106,17,0.9099,0.00005000,6.7718,74.2647,30.6926
602,41,10,0.9097,0.00005000,6.1524,65.1935,41.5103
603,41,10,0.9095,0.00005000,7.4044,70.4841,52.8608
604,61,12,0.9094,0.00005000,6.5756,70.8808,31.5486
605,49,10,0.9093,0.00005000,6.4572,66.8102,81.6721
606,54,12,0.9091,0.00005000,6.6673,68.5593,63.3149
607,39,9,0.9090,0.00005000,8.0524,69.4848,28.4975
608,49,10,0.9088,0.00005000,5.6989,65.5837,40.1979
609,51,9,0.9086,0.00005000,4.9557,70.3783,44.0867
610,42,11,0.9085,0.00005000,7.4964,66.5181,37.6729
611,62,14,0.9083,0.00005000,8.3434,69.2358,23.7072
612,32,7,0.9082,0.00005000,6.8003,71.2944,28.6028
613,39,9,0.9081,0.00005000,8.4585,68.8915,23.9117
614,85,13,0.9079,0.00005000,6.6685,72.5836,43.5806
615,34,9,0.9078,0.00005000,8.7129,66.9923,122.2800
616,77,14,0.9076,0.00005000,7.5401,76.7648,125.3973
617,51,11,0.9074,0.00005000,7.2822,71.3512,76.4554
618,38,11,0.9073,0.00005000,6.5636,69.7811,53.7999
619,38,9,0.9072,0.00005000,9.5375,70.9603,50.4094
620,86,15,0.9070,0.00005000,6.2095,71.3208,50.3667
621,131,18,0.9069,0.00005000,8.4704,75.2042,65.8562
622,28,7,0.9067,0.00005000,5.1084,69.0779,60.4197
623,34,10,0.9065,0.00005000,9.3323,68.4528,41.0695
624,32,7,0.9064,0.00005000,8.0552,75.5963,34.1028
625,55,11,0.9062,0.00005000,7.5542,77.1150,32.4098
626,34,10,0.9061,0.00005000,7.1994,69.3565,30.8096
627,100,16,0.9060,0.00005000,6.9005,77.4411,41.5585
628,23,7,0.9058,0.00005000,4.4355,67.4806,68.1020
629,158,22,0.9056,0.00005000,6.2959,76.9001,50.5094
630,79,16,0.9055,0.00005000,6.9006,73.3971,40.2343
631,56,13,0.9053,0.00005000,6.6642,73.8983,57.9068
632,70,11,0.9052,0.00005000,8.3215,79.9074,63.0546
633,31,8,0.9051,0.00005000,4.5203,72.0457,35.6253
634,38,9,0.9049,0.00005000,7.4301,69.7998,28.5942
635,38,11,0.9047,0.00005000,4.2836,69.3960,26.5053
636,60,9,0.9046,0.00005000,6.1639,79.1453,55.0329
637,62,15,0.9044,0.00005000,8.6357,73.9759,54.6474
638,53,12,0.9043,0.00005000,5.3748,71.5306,46.4868
639,37,7,0.9042,0.00005000,6.9100,75.0769,54.3490
640,39,9,0.9040,0.00005000,5.9240,73.8907,46.4991
641,83,13,0.9039,0.00005000,8.0353,73.6743,33.6921
642,54,9,0.9037,0.00005000,9.1630,74.2516,35.2501
643,53,11,0.9035,0.00005000,5.7254,72.4560,38.6367
644,34,8,0.9034,0.00005000,7.9377,72.4524,31.9663
645,37,10,0.9032,0.00005000,4.5807,72.4494,46.3428
646,44,11,0.9031,0.00005000,5.6803,68.8503,40.7051
647,57,12,0.9030,0.00005000,6.7579,69.8276,40.0491
648,57,12,0.9028,0.00005000,5.6489,70.0209,39.5212
649,46,12,0.9026,0.00005000,6.1732,71.0270,36.5130
650,54,10,0.9025,0.00005000,6.4467,72.5797,45.5076
651,83,15,0.9023,0.00005000,7.4196,72.4259,37.5879
652,39,9,0.9022,0.00005000,7.0514,71.8976,48.9722
653,52,11,0.9021,0.00005000,6.0656,73.2046,40.1318
654,62,14,0.9019,0.00005000,7.0174,71.8997,38.4110
655,52,9,0.9018,0.00005000,4.3611,71.3799,29.3960
656,96,16,0.9016,0.00005000,5.7587,74.7726,53.5105
657,31,7,0.9014,0.00005000,9.4753,72.4832,33.0605
658,39,10,0.9013,0.00005000,7.8120,69.8398,50.4068
659,41,8,0.9012,0.00005000,5.1659,74.8590,59.1839
660,30,8,0.9010,0.00005000,9.7886,70.4515,168.5230
661,32,8,0.9009,0.00005000,8.2081,77.8389,80.9968
662,232,20,0.9007,0.00005000,7.5378,85.0278,56.6247
663,43,8,0.9005,0.00005000,8.1021,75.4084,40.9794
664,37,11,0.9004,0.00005000,6.2814,75.1798,37.0469
665,99,18,0.9002,0.00005000,6.4695,80.7611,46.4869
666,85,13,0.9001,0.00005000,6.3800,73.9263,73.0023
667,33,9,0.9000,0.00005000,7.6666,75.4382,46.2154
668,26,6,0.8998,0.00005000,7.9480,74.1978,30.6673
669,182,19,0.8996,0.00005000,7.3680,88.0203,55.7910
670,193,23,0.8995,0.00005000,8.7547,85.7405,34.1050
671,57,11,0.8993,0.00005000,8.0005,78.4440,30.8946
672,33,9,0.8992,0.00005000,6.5148,73.8129,28.1245
673,107,12,0.8991,0.00005000,8.5263,79.6977,36.6670
674,75,15,0.8989,0.00005000,8.3304,75.6445,45.3294
675,40,11,0.8987,0.00005000,5.5405,72.3342,41.1721
676,31,7,0.8986,0.00005000,6.8332,77.4799,45.1517
677,33,8,0.8984,0.00005000,8.2661,72.9438,29.7546
678,34,8,0.8983,0.00005000,5.5334,77.1005,34.6754
679,330,22,0.8982,0.00005000,5.6621,91.3299,37.9210
680,51,10,0.8980,0.00005000,9.5890,75.9731,46.4819
681,90,14,0.8979,0.00005000,5.9883,76.5986,34.1723
682,28,7,0.8977,0.00005000,10.2179,73.3407,33.4323
683,83,18,0.8975,0.00005000,5.6877,78.2623,48.3000
684,26,7,0.8974,0.00005000,6.4631,74.3032,58.4302
685,53,10,0.8972,0.00005000,6.0334,73.2839,32.5294
686,116,15,0.8971,0.00005000,7.6244,80.3560,36.0478
687,100,12,0.8970,0.00005000,6.7025,83.3287,50.1687
688,40,8,0.8968,0.00005000,6.5427,75.9747,42.8642
689,166,20,0.8966,0.00005000,7.9335,80.9473,39.1581
690,171,21,0.8965,0.00005000,8.0838,84.5041,37.5772
691,32,8,0.8963,0.00005000,8.6810,74.0010,50.6721
692,88,16,0.8962,0.00005000,7.4489,75.4213,43.7685
693,54,11,0.8961,0.00005000,7.6376,76.8217,29.0471
694,62,13,0.8959,0.00005000,6.9832,78.8931,32.8795
695,71,13,0.8958,0.00005000,8.3090,77.1156,36.4913
696,21,6,0.8956,0.00005000,7.3918,75.3194,49.0633
697,102,14,0.8954,0.00005000,8.8447,79.2396,88.8204
698,85,13,0.8953,0.00005000,6.4771,76.9445,35.0408
699,85,13,0.8952,0.00005000,8.1077,80.0167,43.3310
700,56,12,0.8950,0.00005000,8.9845,76.7915,112.0073
701,56,12,0.8949,0.00005000,7.0747,78.1606,73.3082
702,50,9,0.8947,0.00005000,5.9796,81.9845,46.1636
703,79,12,0.8945,0.00005000,6.4978,81.9126,50.2217
704,57,12,0.8944,0.00005000,6.7342,79.7016,48.6731
705,60,12,0.8942,0.00005000,7.2679,79.5591,49.5335
706,210,17,0.8941,0.00005000,7.5088,93.2391,32.8742
707,42,11,0.8940,0.00005000,4.4757,78.4900,29.2312
708,43,10,0.8938,0.00005000,6.9152,79.6361,38.4054
709,35,9,0.8937,0.00005000,7.3231,78.5435,41.9019
710,89,15,0.8935,0.00005000,7.5878,76.8673,66.5095
711,53,11,0.8933,0.00005000,9.6973,79.8759,53.6785
712,42,11,0.8932,0.00005000,6.2969,76.5026,47.4868
713,38,10,0.8931,0.00005000,5.8001,79.8540,50.8734
714,31,7,0.8929,0.00005000,6.8330,78.4515,35.1758
715,174,19,0.8927,0.00005000,8.8081,90.7650,31.5966
716,73,12,0.8926,0.00005000,8.9014,82.2406,48.9729
717,54,10,0.8924,0.00005000,9.3064,81.4401,44.3619
718,59,13,0.8923,0.00005000,8.2734,78.1867,33.5231
719,52,10,0.8921,0.00005000,6.8307,79.2357,47.3425
720,192,16,0.8920,0.00005000,6.5123,87.3865,36.2443
721,22,6,0.8919,0.00005000,5.8368,76.5562,48.4729
722,225,19,0.8917,0.00005000,5.9165,83.8435,52.8117
723,43,10,0.8915,0.00005000,5.2778,78.8686,75.8074
724,80,17,0.8914,0.00005000,8.0895,76.1816,43.0277
725,40,9,0.8912,0.00005000,7.7399,79.5200,42.8662
726,79,13,0.8911,0.00005000,5.3402,83.3984,61.0285
727,37,9,0.8910,0.00005000,10.0244,80.0717,77.2833
728,35,8,0.8908,0.00005000,8.4895,81.4393,53.8107
729,54,9,0.8906,0.00005000,7.2306,85.0703,65.9827
730,250,24,0.8905,0.00005000,7.8841,90.3792,81.0134
731,57,10,0.8903,0.00005000,5.0406,80.6515,57.5720
732,53,10,0.8902,0.00005000,6.9405,83.9372,31.7857
733,62,14,0.8901,0.00005000,5.5671,78.8454,41.5472
734,38,9,0.8899,0.00005000,6.9258,81.2765,35.1386
735,84,13,0.8898,0.00005000,8.4739,83.6691,46.9685
736,63,14,0.8896,0.00005000,6.5482,76.0402,35.1485
737,98,12,0.8894,0.00005000,6.3434,89.4706,50.3909
738,53,10,0.8893,0.00005000,7.6794,85.9626,72.3489
739,111,13,0.8891,0.00005000,8.8379,84.4974,88.4446
740,73,13,0.8890,0.00005000,8.2162,80.7998,50.6707
741,90,15,0.8889,0.00005000,8.3704,82.0497,87.9808
742,46,12,0.8887,0.00005000,9.0016,80.6329,146.7277
743,53,11,0.8885,0.00005000,7.6548,85.2353,106.7481
744,68,13,0.8884,0.00005000,8.0395,85.2373,66.7313
745,38,10,0.8882,0.00005000,5.0411,82.4335,67.6226
746,56,9,0.8881,0.00005000,9.3510,87.9942,30.7869
747,52,10,0.8880,0.00005000,6.2880,87.6598,53.7639
748,78,18,0.8878,0.00005000,6.4096,81.9792,48.5609
749,41,10,0.8877,0.00005000,6.0007,80.9209,61.7685
750,103,18,0.8875,0.00005000,7.0343,86.4762,40.9048
751,57,11,0.8873,0.00005000,9.1904,86.7605,45.5243
752,81,12,0.8872,0.00005000,6.2269,86.9841,62.9451
753,188,20,0.8871,0.00005000,6.9991,87.3818,54.5084
754,261,22,0.8869,0.00005000,7.5026,94.3879,42.9075
755,54,13,0.8868,0.00005000,6.4300,85.5553,43.1504
756,64,14,0.8866,0.00005000,6.8026,84.1780,56.8183
757,225,21,0.8864,0.00005000,6.6990,86.3431,33.6741
758,85,14,0.8863,0.00005000,7.3822,85.2650,40.9246
759,36,10,0.8861,0.00005000,8.4978,77.1755,45.7544
760,49,10,0.8860,0.00005000,7.1558,82.0858,43.8938
761,51,10,0.8859,0.00005000,9.1939,85.2672,54.3557
762,60,14,0.8857,0.00005000,8.5049,109.6331,31.3344
763,40,8,0.8855,0.00005000,7.1118,84.3619,34.7191
764,44,10,0.8854,0.00005000,5.9180,81.0076,41.2126
765,77,10,0.8852,0.00005000,7.7052,85.0577,47.5466
766,39,10,0.8851,0.00005000,9.0323,80.5290,46.6646
767,52,10,0.8850,0.00005000,8.6424,84.2609,58.8302
768,55,13,0.8848,0.00005000,7.3843,80.2612,31.1150
769,52,9,0.8846,0.00005000,8.3255,87.1549,63.4414
770,46,9,0.8845,0.00005000,8.4884,85.4660,43.0310
771,36,9,0.8843,0.00005000,12.3480,81.2983,50.6453
772,65,13,0.8842,0.00005000,7.6838,83.2408,40.4791
773,76,14,0.8841,0.00005000,8.3276,84.0829,50.3227
774,28,6,0.8839,0.00005000,7.2426,84.5773,43.8569
775,35,9,0.8838,0.00005000,7.5325,79.2160,46.3765
776,78,14,0.8836,0.00005000,8.5584,82.5283,44.4384
777,37,9,0.8834,0.00005000,8.5129,80.5390,30.8447
778,32,7,0.8833,0.00005000,4.8566,85.6531,44.5433
779,53,11,0.8831,0.00005000,5.6390,87.9341,46.9135
780,49,10,0.8830,0.00005000,8.9495,89.2521,47.6101
781,30,9,0.8829,0.00005000,7.6261,80.7557,50.8882
782,135,18,0.8827,0.00005000,8.0233,86.1616,57.3608
783,59,11,0.8825,0.00005000,9.8371,85.9835,135.6567
784,108,17,0.8824,0.00005000,10.3650,89.2759,108.8006
785,34,9,0.8822,0.00005000,5.4163,88.0542,67.0416
786,51,11,0.8821,0.00005000,8.4919,91.4584,34.6446
787,38,12,0.8820,0.00005000,5.5477,83.9923,38.4440
788,54,10,0.8818,0.00005000,4.5485,87.6105,30.0274
789,35,8,0.8817,0.00005000,8.5283,87.6894,43.6292
790,39,10,0.8815,0.00005000,10.7620,85.0681,46.7035
791,47,10,0.8813,0.00005000,5.5168,83.7558,45.4054
792,167,16,0.8812,0.00005000,9.3429,98.7055,55.4642
793,192,23,0.8810,0.00005000,8.5465,94.4934,45.8423
794,35,10,0.8809,0.00005000,4.7904,88.4883,42.3017
795,64,14,0.8808,0.00005000,5.9652,91.0431,62.7192
796,22,5,0.8806,0.00005000,9.6403,86.3543,66.6697
797,92,13,0.8804,0.00005000,7.4581,95.1812,76.9136
798,58,11,0.8803,0.00005000,9.1844,84.9332,50.1024
799,89,14,0.8801,0.00005000,8.4329,89.4955,54.4166
800,87,14,0.8800,0.00005000,8.5910,88.5360,38.9736
801,54,12,0.8799,0.00005000,8.9071,86.2635,39.1998
802,43,11,0.8797,0.00005000,7.6246,87.5939,43.6387
803,55,9,0.8796,0.00005000,6.3649,91.5218,45.0908
804,40,11,0.8794,0.00005000,4.9466,88.5461,42.7986
805,223,19,0.8792,0.00005000,7.8679,97.0153,37.3671
806,113,17,0.8791,0.00005000,7.0664,90.2779,60.9345
807,83,14,0.8790,0.00005000,9.2986,92.4995,56.3852
808,180,18,0.8788,0.00005000,6.6179,95.5754,40.6541
809,78,17,0.8787,0.00005000,7.8374,88.9896,57.7776
810,33,8,0.8785,0.00005000,7.7921,89.2755,30.9999
811,46,9,0.8783,0.00005000,7.0933,85.1375,66.4713
812,35,8,0.8782,0.00005000,7.4638,88.1564,34.2364
813,75,14,0.8780,0.00005000,5.1180,92.8803,36.5924
814,31,8,0.8779,0.00005000,7.2698,86.9874,89.0496
815,59,11,0.8778,0.00005000,9.8904,89.0121,32.8179
816,51,10,0.8776,0.00005000,7.8342,87.9467,48.3843
817,59,13,0.8775,0.00005000,5.7654,87.5341,42.3339
818,39,10,0.8773,0.00005000,7.3335,86.4288,56.4129
819,30,7,0.8771,0.00005000,11.3735,86.3061,87.0404
820,49,11,0.8770,0.00005000,7.7130,86.7891,72.5926
821,56,14,0.8769,0.00005000,5.8479,87.4133,34.4972
822,83,13,0.8767,0.00005000,7.1768,88.3575,46.5051
823,52,11,0.8766,0.00005000,9.0181,87.7252,39.9540
824,49,11,0.8764,0.00005000,7.0859,88.3457,48.0254
825,42,10,0.8762,0.00005000,8.2068,86.3298,138.9018
826,60,11,0.8761,0.00005000,7.3139,98.3194,86.7370
827,35,9,0.8760,0.00005000,11.7469,91.8560,68.9799
828,60,14,0.8758,0.00005000,7.6009,92.3826,38.2106
829,37,10,0.8757,0.00005000,10.4394,91.6528,58.7180
830,112,15,0.8755,0.00005000,10.1446,94.8533,61.7409
831,69,8,0.8753,0.00005000,10.1548,97.8659,62.0906
832,59,11,0.8752,0.00005000,7.3952,93.8303,57.4584
833,51,10,0.8750,0.00005000,5.1862,92.4389,64.7476
834,37,10,0.8749,0.00005000,5.8356,92.0440,78.8932
835,34,9,0.8748,0.00005000,5.4623,89.1546,71.7780
836,50,10,0.8746,0.00005000,10.5703,90.1798,91.7105
837,49,10,0.8744,0.00005000,8.6953,93.1637,39.4661
838,93,16,0.8743,0.00005000,7.5455,90.9201,58.9704
839,57,11,0.8741,0.00005000,7.9861,92.4910,77.0167
840,29,7,0.8740,0.00005000,7.7278,92.1901,72.2259
841,61,12,0.8739,0.00005000,9.0873,91.6252,65.9861
842,30,8,0.8737,0.00005000,7.5792,89.7530,53.9937
843,78,15,0.8736,0.00005000,5.6567,92.1966,47.2753
844,84,13,0.8734,0.00005000,8.2990,92.7532,55.6657
845,46,10,0.8732,0.00005000,7.3674,92.4885,51.7553
846,94,17,0.8731,0.00005000,8.1260,97.6531,57.7944
847,61,11,0.8730,0.00005000,9.0742,96.2171,47.5674
848,19,5,0.8728,0.00005000,6.4756,92.2391,26.7734
849,86,14,0.8727,0.00005000,6.5802,98.0629,42.1659
850,135,15,0.8725,0.00005000,9.1299,97.5350,75.1896
851,44,11,0.8723,0.00005000,8.1903,92.1793,40.6740
852,56,12,0.8722,0.00005000,6.9910,90.1611,42.9748
853,57,13,0.8720,0.00005000,9.2913,92.1111,48.1663
854,38,11,0.8719,0.00005000,9.0520,91.9104,61.1301
855,58,13,0.8718,0.00005000,9.5813,92.8163,52.1076
856,19,6,0.8716,0.00005000,4.3227,86.9213,66.7465
857,38,10,0.8715,0.00005000,6.9917,92.4013,56.2183
858,109,15,0.8713,0.00005000,6.7939,96.8493,39.6255
859,44,9,0.8711,0.00005000,7.6928,92.2232,72.6200
860,107,17,0.8710,0.00005000,9.6234,93.5883,65.9726
861,54,11,0.8709,0.00005000,6.0630,94.8247,59.6950
862,170,19,0.8707,0.00005000,6.1302,96.7240,71.4473
863,39,10,0.8705,0.00005000,4.3654,90.1370,47.7781
864,27,7,0.8704,0.00005000,8.0205,90.3194,46.8792
865,37,11,0.8702,0.00005000,6.0090,88.1582,90.0704
866,40,10,0.8701,0.00005000,6.9296,93.4757,79.6426
867,126,20,0.8700,0.00005000,7.7385,93.6612,77.4591
868,61,14,0.8698,0.00005000,7.4595,93.4100,156.9819
869,32,8,0.8697,0.00005000,10.1132,94.7706,149.9688
870,76,14,0.8695,0.00005000,9.3585,97.8147,65.0572
871,42,13,0.8693,0.00005000,8.2253,94.3455,80.7711
872,101,16,0.8692,0.00005000,5.6688,99.3683,94.2588
873,78,15,0.8690,0.00005000,8.0685,97.4286,67.1614
874,57,13,0.8689,0.00005000,10.3608,95.0584,95.7221
875,33,8,0.8688,0.00005000,10.5030,94.2270,71.9755
876,123,16,0.8686,0.00005000,9.4932,100.9656,44.1883
877,41,11,0.8684,0.00005000,7.9227,97.0889,53.8869
878,81,12,0.8683,0.00005000,9.4785,99.7215,52.7575
879,35,9,0.8681,0.00005000,9.4201,94.8186,40.8331
880,36,9,0.8680,0.00005000,13.0216,98.4053,61.3647
881,70,13,0.8679,0.00005000,5.6703,97.9439,71.1985
882,32,8,0.8677,0.00005000,8.0769,100.4595,29.6754
883,61,12,0.8676,0.00005000,9.0913,97.7610,42.1391
884,56,11,0.8674,0.00005000,6.5938,95.3909,42.7749
885,38,8,0.8672,0.00005000,7.7422,97.5471,82.1080
886,126,17,0.8671,0.00005000,9.6355,101.4680,48.0665
887,180,19,0.8669,0.00005000,8.9227,99.0465,50.0020
888,38,9,0.8668,0.00005000,9.4048,100.4783,36.8115
889,50,10,0.8667,0.00005000,6.3918,95.8988,51.5411
890,42,11,0.8665,0.00005000,11.3968,98.7704,31.9620
891,73,13,0.8663,0.00005000,6.7549,102.2189,70.3227
892,73,13,0.8662,0.00005000,7.9394,97.6917,67.4778
893,115,13,0.8660,0.00005000,7.6535,103.1582,87.7686
894,94,16,0.8659,0.00005000,8.9318,98.7788,41.9876
895,172,19,0.8658,0.00005000,7.1573,104.7196,46.5346
896,116,18,0.8656,0.00005000,8.0936,103.6633,46.4939
897,77,16,0.8655,0.00005000,5.3962,94.5642,75.6921
898,66,12,0.8653,0.00005000,6.6563,102.6504,59.3665
899,42,11,0.8651,0.00005000,8.5470,96.2218,55.8078
900,29,7,0.8650,0.00005000,9.3969,92.7671,58.6322
901,54,11,0.8649,0.00005000,9.6458,95.9056,44.6276
902,59,13,0.8647,0.00005000,7.4272,97.0230,47.2291
903,58,12,0.8646,0.00005000,8.2895,96.8331,61.1136
904,68,13,0.8644,0.00005000,9.6436,102.9053,65.0496
905,62,14,0.8642,0.00005000,7.5446,94.6785,43.6183
906,41,11,0.8641,0.00005000,7.3803,98.9538,65.5344
907,135,17,0.8639,0.00005000,7.9175,106.0477,58.2549
908,56,10,0.8638,0.00005000,10.5836,99.9610,161.7220
909,34,9,0.8637,0.00005000,8.0134,102.1047,116.0469
910,52,10,0.8635,0.00005000,8.8976,100.8558,67.3250
911,78,13,0.8634,0.00005000,11.1186,105.6824,70.0015
912,33,8,0.8632,0.00005000,7.9155,103.8839,73.9959
913,59,12,0.8630,0.00005000,6.3288,103.5448,136.0782
914,74,15,0.8629,0.00005000,9.5559,102.3900,63.1719
915,38,9,0.8628,0.00005000,8.7647,101.4257,42.2619
916,35,8,0.8626,0.00005000,9.5329,100.2610,65.9859
917,72,13,0.8624,0.00005000,8.4478,102.4911,47.7805
918,35,8,0.8623,0.00005000,9.5839,104.8461,24.7311
919,79,15,0.8621,0.00005000,7.8630,104.0072,53.8681
920,79,13,0.8620,0.00005000,9.0342,102.9168,41.2220
921,57,11,0.8619,0.00005000,11.3133,106.3054,53.1714
922,44,10,0.8617,0.00005000,5.5619,100.3076,62.5343
923,41,9,0.8616,0.00005000,8.1207,100.9317,55.7660
924,52,10,0.8614,0.00005000,8.3180,98.6167,86.2696
925,119,17,0.8612,0.00005000,8.1500,103.4359,67.3600
926,47,7,0.8611,0.00005000,7.4759,106.4674,62.4275
927,63,10,0.8609,0.00005000,9.0701,108.4197,55.9868
928,89,15,0.8608,0.00005000,9.8894,98.3097,69.7439
929,53,12,0.8607,0.00005000,9.5267,101.5307,48.3505
930,124,16,0.8605,0.00005000,9.2177,106.7968,49.2485
931,51,9,0.8603,0.00005000,8.0656,104.9033,86.8670
932,48,13,0.8602,0.00005000,8.2888,103.8176,77.5497
933,50,9,0.8600,0.00005000,6.6654,104.4305,36.4216
934,102,13,0.8599,0.00005000,7.2622,100.3781,79.3457
935,74,14,0.8598,0.00005000,7.7584,100.5404,77.1549
936,76,14,0.8596,0.00005000,6.9925,99.7594,65.1216
937,61,13,0.8595,0.00005000,10.0033,101.4433,77.2325
938,28,8,0.8593,0.00005000,6.3338,95.7961,58.8470
939,55,11,0.8591,0.00005000,9.7644,102.3525,54.7198
940,41,10,0.8590,0.00005000,11.1777,98.4991,35.1845
941,131,16,0.8589,0.00005000,8.8182,104.1722,72.3468
942,36,9,0.8587,0.00005000,9.5221,100.0733,62.9697
943,41,10,0.8585,0.00005000,7.1495,97.5914,61.5916
944,87,15,0.8584,0.00005000,10.0777,105.1688,57.3440
945,646,30,0.8582,0.00005000,9.0325,119.9689,70.0554
946,24,6,0.8581,0.00005000,8.5581,98.4681,72.0058
947,59,11,0.8579,0.00005000,5.0869,103.1593,57.9991
948,87,14,0.8578,0.00005000,8.2261,102.0537,73.2873
949,34,9,0.8577,0.00005000,9.9646,96.1254,87.4838
950,58,13,0.8575,0.00005000,7.5463,100.7142,160.3430
951,46,9,0.8574,0.00005000,9.9528,106.2656,146.0095
952,99,18,0.8572,0.00005000,9.3529,103.8494,131.3215
953,48,10,0.8570,0.00005000,9.3550,104.4290,82.6629
954,39,9,0.8569,0.00005000,8.5526,106.9723,67.3440
955,101,15,0.8568,0.00005000,9.1903,104.2942,93.0402
956,48,9,0.8566,0.00005000,9.7764,108.9340,54.3961
957,35,8,0.8564,0.00005000,7.7586,104.5299,31.3726
958,56,12,0.8563,0.00005000,5.8184,105.9766,53.9113
959,36,7,0.8561,0.00005000,10.6289,108.6054,71.6872
960,35,10,0.8560,0.00005000,8.8882,106.7666,70.1070
961,61,14,0.8558,0.00005000,8.1098,106.2390,54.5167
962,125,17,0.8557,0.00005000,10.8933,109.1351,63.0855
963,88,15,0.8556,0.00005000,7.1587,109.2867,48.9077
964,43,11,0.8554,0.00005000,8.2787,108.4829,50.7638
965,31,8,0.8553,0.00005000,9.1072,105.9711,46.8618
966,41,9,0.8551,0.00005000,8.1369,106.2283,74.9313
967,89,16,0.8549,0.00005000,7.8497,110.1495,57.4551
968,126,17,0.8548,0.00005000,8.4296,115.8836,105.3942
969,38,9,0.8547,0.00005000,8.6996,109.1264,41.3298
970,61,13,0.8545,0.00005000,8.0202,109.9114,80.4739
971,54,11,0.8543,0.00005000,9.4068,104.3268,54.0302
972,38,9,0.8542,0.00005000,7.4971,104.5547,73.3098
973,55,10,0.8540,0.00005000,8.5174,110.0871,52.4617
974,34,9,0.8539,0.00005000,6.2632,105.8337,45.3329
975,102,15,0.8538,0.00005000,11.5443,112.6023,67.5474
976,68,11,0.8536,0.00005000,9.1058,109.9278,85.7677
977,78,13,0.8535,0.00005000,7.6689,107.4031,96.7884
978,54,10,0.8533,0.00005000,7.3465,105.5457,68.7967
979,43,9,0.8532,0.00005000,8.3959,107.9280,67.4103
980,127,17,0.8530,0.00005000,7.5248,116.2939,69.9221
981,26,6,0.8528,0.00005000,10.1932,105.1628,64.5676
982,26,6,0.8527,0.00005000,8.5064,103.5189,48.0194
983,100,18,0.8526,0.00005000,9.5931,112.0988,75.3505
984,106,13,0.8524,0.00005000,9.2997,109.1506,56.6507
985,60,13,0.8522,0.00005000,8.5126,109.4408,45.9033
986,47,9,0.8521,0.00005000,8.4266,110.9290,67.2532
987,48,13,0.8519,0.00005000,9.4083,104.8545,91.7236
988,70,13,0.8518,0.00005000,8.1853,108.1622,87.3601
989,43,9,0.8517,0.00005000,6.4332,108.8918,44.0153
990,89,17,0.8515,0.00005000,7.5602,112.0016,59.4103
991,27,7,0.8514,0.00005000,6.1836,105.6926,51.0543
992,55,10,0.8512,0.00005000,11.2161,111.1520,66.7009
993,32,8,0.8510,0.00005000,5.2902,108.3168,50.1106
994,136,17,0.8509,0.00005000,9.3976,110.3494,154.5684
995,43,9,0.8508,0.00005000,11.8338,114.6408,72.3483
996,25,6,0.8506,0.00005000,9.7180,111.4611,56.0490
997,61,14,0.8505,0.00005000,8.5541,107.7292,65.2918
998,83,14,0.8503,0.00005000,9.2158,111.2047,64.9301
999,58,13,0.8501,0.00005000,9.8425,112.7203,77.6862
1000,60,11,0.8500,0.00005000,6.1503,115.2928,77.9759
1001,74,16,0.8498,0.00005000,8.4128,112.7659,56.8561
1002,140,19,0.8497,0.00005000,10.8601,116.5405,54.7664
1003,51,9,0.8496,0.00005000,9.7086,109.1948,41.3570
1004,58,12,0.8494,0.00005000,7.7134,109.1823,110.2980
1005,40,10,0.8492,0.00005000,7.3811,114.7176,112.7018
1006,52,12,0.8491,0.00005000,8.5692,110.7642,81.2935
1007,241,23,0.8489,0.00005000,9.5188,118.0020,94.9286
1008,36,9,0.8488,0.00005000,11.0314,111.2938,50.7498
1009,49,9,0.8487,0.00005000,12.6683,108.0382,66.8131
1010,107,14,0.8485,0.00005000,9.5442,113.1655,72.6017
1011,54,9,0.8483,0.00005000,10.4213,114.2857,70.3044
1012,30,7,0.8482,0.00005000,12.3795,112.5257,55.8371
1013,61,14,0.8480,0.00005000,9.8170,113.3517,34.6445
1014,56,10,0.8479,0.00005000,8.4057,112.4469,52.9513
1015,35,9,0.8478,0.00005000,8.9399,110.2617,70.0443
1016,36,9,0.8476,0.00005000,9.0289,113.6323,44.9555
1017,87,14,0.8475,0.00005000,8.4914,117.2616,61.4783
1018,72,14,0.8473,0.00005000,9.0871,112.9289,53.1192
1019,43,11,0.8471,0.00005000,10.9557,109.7861,83.6333
1020,255,26,0.8470,0.00005000,6.7172,119.3515,79.3467
1021,77,15,0.8468,0.00005000,7.4126,112.1851,80.6117
1022,39,9,0.8467,0.00005000,10.0763,112.3615,72.7545
1023,66,8,0.8466,0.00005000,6.1736,112.7660,88.5639
1024,29,7,0.8464,0.00005000,8.6731,107.7389,102.5679
1025,42,9,0.8462,0.00005000,7.6609,111.5691,51.3071
1026,32,7,0.8461,0.00005000,11.2769,113.3040,60.3066
1027,61,13,0.8459,0.00005000,9.1198,108.1946,89.9254
1028,30,10,0.8458,0.00005000,8.3058,107.8785,57.2621
1029,26,7,0.8457,0.00005000,9.2123,108.0506,51.7295
1030,32,8,0.8455,0.00005000,11.6856,110.6900,70.4470
1031,32,8,0.8454,0.00005000,8.8178,111.9833,63.9266
1032,114,16,0.8452,0.00005000,7.9604,114.2691,54.5232
1033,63,14,0.8450,0.00005000,10.7375,112.5016,87.9270
1034,80,13,0.8449,0.00005000,12.5238,118.6240,80.2972
1035,36,10,0.8448,0.00005000,13.8773,108.9229,54.1338
1036,128,15,0.8446,0.00005000,9.0154,118.2945,129.1090
1037,83,12,0.8444,0.00005000,12.5821,121.6969,190.5913
1038,48,12,0.8443,0.00005000,11.2225,109.2192,112.3845
1039,37,11,0.8441,0.00005000,9.2185,111.2790,79.6908
1040,75,12,0.8440,0.00005000,11.0926,124.4296,50.1140
1041,36,9,0.8438,0.00005000,7.4213,112.8963,61.1772
1042,112,13,0.8437,0.00005000,7.6972,125.5320,59.0888
1043,62,13,0.8436,0.00005000,9.9727,116.0817,61.8742
1044,33,8,0.8434,0.00005000,8.8319,114.5872,68.0334
1045,28,5,0.8433,0.00005000,8.8965,119.2423,49.3449
1046,44,9,0.8431,0.00005000,8.4369,116.4475,58.4609
1047,221,19,0.8429,0.00005000,8.3093,122.3410,60.4779
1048,60,13,0.8428,0.00005000,6.2544,115.7207,95.7969
1049,32,10,0.8427,0.00005000,12.5151,114.0791,126.8166
1050,79,14,0.8425,0.00005000,10.3485,115.2093,124.0932
1051,45,9,0.8423,0.00005000,8.7496,110.5312,144.5652
1052,32,9,0.8422,0.00005000,8.1171,110.9743,82.1027
1053,137,15,0.8420,0.00005000,9.4365,119.4872,97.3299
1054,46,8,0.8419,0.00005000,10.5483,118.4983,52.8132
1055,61,14,0.8417,0.00005000,5.3269,120.5570,91.6297
1056,50,11,0.8416,0.00005000,10.3153,119.7318,48.6989
1057,30,8,0.8415,0.00005000,10.9897,112.9341,78.8025
1058,86,13,0.8413,0.00005000,9.3027,121.1278,78.6351
1059,86,16,0.8412,0.00005000,10.0587,116.4036,80.0651
1060,82,14,0.8410,0.00005000,12.3520,115.5743,60.6757
1061,55,12,0.8408,0.00005000,10.1518,114.9500,34.5384
1062,30,8,0.8407,0.00005000,10.4369,114.3357,37.5048
1063,39,10,0.8406,0.00005000,9.7109,115.1592,108.4800
1064,41,10,0.8404,0.00005000,6.3886,111.4947,65.2225
1065,214,16,0.8402,0.00005000,9.9455,129.1576,64.7376
1066,41,9,0.8401,0.00005000,9.2430,113.8654,77.8297
1067,48,9,0.8399,0.00005000,6.4244,113.4448,30.6830
1068,59,14,0.8398,0.00005000,9.2719,119.9578,58.3643
1069,41,9,0.8397,0.00005000,6.7376,117.0062,95.4315
1070,48,8,0.8395,0.00005000,9.4962,115.7528,88.6726
1071,35,8,0.8394,0.00005000,12.2151,116.3594,69.6244
1072,43,11,0.8392,0.00005000,8.9076,112.3657,83.4331
1073,34,9,0.8390,0.00005000,10.3694,113.7067,141.7630
1074,36,8,0.8389,0.00005000,5.4593,118.2823,99.0189
1075,28,7,0.8387,0.00005000,8.3427,111.8966,51.7682
1076,36,8,0.8386,0.00005000,8.5595,114.0645,89.7147
1077,55,12,0.8385,0.00005000,10.4234,115.1785,36.7615
1078,49,10,0.8383,0.00005000,8.7429,115.0238,49.1261
1079,83,12,0.8381,0.00005000,8.9059,119.1068,45.7414
1080,39,10,0.8380,0.00005000,9.0838,112.7741,84.6129
1081,46,14,0.8378,0.00005000,6.9801,115.9664,68.8873
1082,63,13,0.8377,0.00005000,10.0848,123.0551,198.0500
1083,173,15,0.8376,0.00005000,11.5533,124.6212,140.1525
1084,157,13,0.8374,0.00005000,10.8301,129.6362,77.1714
1085,59,14,0.8373,0.00005000,8.3057,119.8821,74.9714
1086,80,16,0.8371,0.00005000,9.9987,122.4420,87.8632
1087,55,10,0.8369,0.00005000,9.1765,116.7608,119.5998
1088,49,10,0.8368,0.00005000,11.3285,114.3785,39.9426
1089,27,7,0.8367,0.00005000,8.8567,118.7270,66.9199
1090,62,12,0.8365,0.00005000,10.0232,116.9547,114.8079
1091,28,6,0.8363,0.00005000,8.4349,119.7983,64.7815
1092,36,9,0.8362,0.00005000,11.7360,115.7323,65.2250
1093,53,10,0.8360,0.00005000,8.2234,119.8626,65.4756
1094,54,12,0.8359,0.00005000,12.1747,122.0276,73.8429
1095,34,7,0.8357,0.00005000,9.2076,121.6167,60.7739
1096,40,11,0.8356,0.00005000,8.7252,119.8444,87.6051
1097,51,10,0.8355,0.00005000,11.1075,121.4559,59.0443
1098,73,14,0.8353,0.00005000,10.8648,119.3041,81.9372
1099,40,7,0.8352,0.00005000,9.1462,124.3548,117.5090
1100,63,15,0.8350,0.00005000,10.4789,117.6194,76.1960
1101,65,10,0.8348,0.00005000,8.0947,122.6758,45.3576
1102,127,16,0.8347,0.00005000,9.1963,119.4852,76.8709
1103,99,15,0.8346,0.00005000,10.7367,123.8027,68.5490
1104,123,16,0.8344,0.00005000,7.4406,123.0310,70.6014
1105,84,15,0.8342,0.00005000,7.1767,122.2345,62.6374
1106,117,18,0.8341,0.00005000,8.7294,119.6433,84.1764
1107,41,11,0.8339,0.00005000,11.4651,119.3447,81.1262
1108,33,8,0.8338,0.00005000,9.5280,120.1381,75.4903
1109,173,20,0.8337,0.00005000,10.6511,128.4054,68.5602
1110,129,19,0.8335,0.00005000,7.6801,127.0834,69.9752
1111,124,18,0.8334,0.00005000,8.9665,121.5326,66.8472
1112,40,9,0.8332,0.00005000,9.3496,122.3448,77.1959
1113,59,13,0.8330,0.00005000,10.0814,120.7289,107.2876
1114,44,12,0.8329,0.00005000,7.8600,123.9399,61.0222
1115,58,13,0.8327,0.00005000,11.9309,122.6502,52.4708
1116,38,10,0.8326,0.00005000,12.3154,118.5274,93.1778
1117,32,8,0.8325,0.00005000,10.2129,116.9670,57.3159
1118,43,10,0.8323,0.00005000,9.2549,120.4342,98.0522
1119,33,8,0.8321,0.00005000,7.2486,118.1840,58.6242
1120,28,7,0.8320,0.00005000,8.4039,120.2308,70.2419
1121,60,12,0.8318,0.00005000,10.7500,126.1157,38.8048
1122,73,14,0.8317,0.00005000,10.3170,125.5728,42.3251
1123,52,11,0.8316,0.00005000,10.8530,120.6121,80.8291
1124,78,13,0.8314,0.00005000,12.7128,120.5338,195.7042
1125,167,18,0.8313,0.00005000,11.4599,126.8044,95.5058
1126,56,13,0.8311,0.00005000,7.8481,122.0974,65.5699
1127,60,14,0.8309,0.00005000,6.0189,126.3639,57.5215
1128,165,18,0.8308,0.00005000,8.8772,134.2108,145.6679
1129,81,12,0.8306,0.00005000,9.6578,131.7439,84.9539
1130,112,15,0.8305,0.00005000,6.4448,130.3210,108.7154
1131,56,11,0.8304,0.00005000,9.7348,122.1804,116.8553
1132,79,13,0.8302,0.00005000,9.6433,126.1457,65.3392
1133,75,14,0.8300,0.00005000,9.8511,121.9114,56.4236
1134,119,14,0.8299,0.00005000,7.7315,122.8488,57.2140
1135,50,11,0.8297,0.00005000,10.5262,122.7898,63.5828
1136,30,8,0.8296,0.00005000,10.3827,123.0211,61.1801
1137,295,27,0.8295,0.00005000,8.2358,136.8249,71.5412
1138,43,10,0.8293,0.00005000,7.8482,126.4590,73.3833
1139,85,15,0.8292,0.00005000,13.3319,124.7948,71.8564
1140,53,10,0.8290,0.00005000,13.2316,121.5285,65.8012
1141,91,15,0.8288,0.00005000,10.8067,123.8190,83.6297
1142,81,10,0.8287,0.00005000,8.2752,131.6656,34.3995
1143,52,9,0.8286,0.00005000,10.3234,124.3055,48.9168
1144,58,12,0.8284,0.00005000,8.1727,122.5137,52.1336
1145,30,9,0.8283,0.00005000,8.7761,117.1242,118.0739
1146,25,6,0.8281,0.00005000,9.1925,122.8878,43.0390
1147,92,15,0.8279,0.00005000,6.7074,122.3290,90.7087
1148,193,25,0.8278,0.00005000,8.5838,131.8495,55.7838
1149,45,11,0.8276,0.00005000,10.2068,122.1936,54.2983
1150,36,9,0.8275,0.00005000,6.6469,122.2648,58.0112
1151,52,11,0.8274,0.00005000,9.8230,122.0205,60.3421
1152,42,11,0.8272,0.00005000,9.4423,127.2921,82.6972
1153,62,14,0.8270,0.00005000,10.5850,121.3112,106.7873
1154,180,22,0.8269,0.00005000,6.7525,130.9247,108.8048
1155,59,12,0.8267,0.00005000,12.9726,123.4344,90.0223
1156,65,15,0.8266,0.00005000,10.3752,123.7454,72.5943
1157,60,12,0.8265,0.00005000,9.1257,123.3957,58.9358
1158,77,11,0.8263,0.00005000,11.5246,123.6094,58.9496
1159,264,25,0.8261,0.00005000,10.9299,129.8978,60.9411
1160,38,9,0.8260,0.00005000,8.2556,120.2141,71.3132
1161,57,12,0.8258,0.00005000,14.7242,128.7373,202.6538
1162,46,12,0.8257,0.00005000,9.6384,129.8844,191.2248
1163,32,8,0.8256,0.00005000,9.2666,128.2258,90.8497
1164,102,17,0.8254,0.00005000,8.0135,135.9997,86.5974
1165,80,13,0.8253,0.00005000,7.6245,133.2803,102.4997
1166,55,12,0.8251,0.00005000,7.3491,125.5238,112.8156
1167,78,16,0.8249,0.00005000,9.4077,131.2596,54.4113
1168,79,15,0.8248,0.00005000,9.9282,128.8095,69.5393
1169,116,14,0.8246,0.00005000,8.2820,140.6502,78.8968
1170,86,13,0.8245,0.00005000,7.3817,133.1806,60.0247
1171,75,14,0.8244,0.00005000,10.0150,128.1805,72.5247
1172,56,12,0.8242,0.00005000,12.2617,124.6450,85.4503
1173,163,19,0.8240,0.00005000,7.8324,141.8369,87.4642
1174,189,20,0.8239,0.00005000,12.6919,135.1895,78.3016
1175,52,11,0.8237,0.00005000,9.7145,128.1279,81.8655
1176,86,14,0.8236,0.00005000,9.8518,131.4586,103.1542
1177,54,12,0.8235,0.00005000,10.1169,122.8584,64.1225
1178,97,14,0.8233,0.00005000,10.2329,133.7843,103.1125
1179,71,13,0.8232,0.00005000,9.2366,126.7803,119.3044
1180,33,8,0.8230,0.00005000,5.2930,130.2329,100.3913
1181,110,18,0.8228,0.00005000,8.7930,131.9224,78.6210
1182,31,8,0.8227,0.00005000,11.3780,126.9632,50.4771
1183,82,12,0.8226,0.00005000,9.8722,134.2569,57.9437
1184,121,15,0.8224,0.00005000,10.3778,127.5696,80.8144
1185,90,15,0.8222,0.00005000,12.3940,133.8786,70.8709
1186,54,10,0.8221,0.00005000,8.1136,125.3231,44.2264
1187,67,13,0.8219,0.00005000,9.2365,129.2478,76.6337
1188,44,14,0.8218,0.00005000,11.6119,126.0435,87.1116
1189,56,13,0.8216,0.00005000,12.1486,128.4079,75.0380
1190,43,8,0.8215,0.00005000,6.9904,128.3822,37.3755
1191,49,10,0.8214,0.00005000,5.2941,128.1152,74.2864
1192,55,10,0.8212,0.00005000,9.6003,125.1960,49.1506
1193,60,13,0.8211,0.00005000,12.3542,127.2620,116.8698
1194,42,10,0.8209,0.00005000,8.0463,124.9643,63.3686
1195,53,10,0.8207,0.00005000,10.2378,130.2735,65.5598
1196,106,13,0.8206,0.00005000,7.2329,127.3880,64.5764
1197,31,8,0.8205,0.00005000,5.9932,125.7239,122.4477
1198,84,15,0.8203,0.00005000,10.6216,125.9545,69.6491
1199,82,15,0.8201,0.00005000,11.6098,128.7511,91.3951
1200,40,10,0.8200,0.00005000,11.3827,131.4669,181.2181
1201,82,15,0.8198,0.00005000,10.6212,134.0733,168.5962
1202,57,11,0.8197,0.00005000,12.3694,133.0480,129.0677
1203,101,15,0.8196,0.00005000,8.5447,132.8619,134.9007
1204,78,16,0.8194,0.00005000,12.1456,128.2785,60.3922
1205,28,7,0.8193,0.00005000,11.3967,128.1162,94.2339
1206,95,14,0.8191,0.00005000,9.1651,134.2848,80.3830
1207,49,9,0.8190,0.00005000,10.8617,131.1060,62.1274
1208,51,9,0.8188,0.00005000,9.9496,131.2333,58.0995
1209,107,17,0.8186,0.00005000,8.4062,133.7719,48.1543
1210,51,10,0.8185,0.00005000,12.0714,128.9781,82.7549
1211,98,16,0.8184,0.00005000,12.6452,135.3645,96.8912
1212,42,10,0.8182,0.00005000,9.4324,132.3815,83.7447
1213,32,9,0.8180,0.00005000,7.9160,124.1552,38.5338
1214,30,7,0.8179,0.00005000,10.8578,127.2815,74.7016
1215,50,10,0.8177,0.00005000,9.2021,135.5102,84.2166
1216,31,8,0.8176,0.00005000,10.3426,127.2088,139.1676
1217,36,9,0.8175,0.00005000,10.9589,129.7336,110.1457
1218,67,11,0.8173,0.00005000,10.3661,133.9904,80.7807
1219,51,9,0.8172,0.00005000,5.4004,136.5585,62.0346
1220,40,11,0.8170,0.00005000,9.9303,132.5272,70.3260
1221,59,14,0.8169,0.00005000,12.3389,123.6747,112.0183
1222,77,16,0.8167,0.00005000,8.8445,132.0278,87.1439
1223,47,10,0.8165,0.00005000,7.7749,133.6950,48.6905
1224,86,15,0.8164,0.00005000,10.7222,131.2274,63.3628
1225,41,9,0.8163,0.00005000,10.5189,131.6145,110.3185
1226,40,9,0.8161,0.00005000,11.2177,135.5870,151.5258
1227,105,16,0.8159,0.00005000,8.1332,139.3010,107.1486
1228,41,10,0.8158,0.00005000,10.0169,132.3569,78.6475
1229,97,14,0.8156,0.00005000,8.9963,135.9282,61.9558
1230,122,15,0.8155,0.00005000,8.4553,140.1727,51.6922
1231,88,15,0.8154,0.00005000,7.6870,134.0429,63.0176
1232,102,16,0.8152,0.00005000,7.8875,128.9494,43.9722
1233,58,14,0.8151,0.00005000,9.0806,131.0313,89.7882
1234,168,16,0.8149,0.00005000,8.7296,166.5671,53.2977
1235,33,8,0.8147,0.00005000,8.3302,131.4817,53.7882
1236,71,13,0.8146,0.00005000,10.9626,129.3923,94.7150
1237,38,12,0.8145,0.00005000,10.2053,129.3659,78.2380
1238,173,21,0.8143,0.00005000,9.5396,133.6932,71.0501
1239,34,9,0.8142,0.00005000,8.8081,127.0742,60.2251
1240,64,12,0.8140,0.00005000,6.9450,130.2300,60.0109
1241,40,8,0.8138,0.00005000,10.8370,132.4719,186.9489
1242,61,12,0.8137,0.00005000,13.1993,133.9946,176.1823
1243,31,8,0.8135,0.00005000,9.5547,136.7875,95.9863
1244,26,7,0.8134,0.00005000,7.5702,130.6987,70.0130
1245,57,11,0.8133,0.00005000,5.9200,138.3581,131.6152
1246,55,11,0.8131,0.00005000,8.1667,128.3468,71.5326
1247,91,16,0.8129,0.00005000,8.6946,143.0059,69.8831
1248,21,6,0.8128,0.00005000,11.3672,133.3348,83.9532
1249,183,17,0.8126,0.00005000,8.5705,146.5998,73.8287
1250,57,13,0.8125,0.00005000,11.4581,131.3688,84.0955
1251,57,14,0.8124,0.00005000,10.3741,134.2492,134.8890
1252,113,17,0.8122,0.00005000,8.1258,140.3121,118.3133
1253,55,11,0.8120,0.00005000,11.4417,134.8866,187.4643
1254,38,10,0.8119,0.00005000,10.7973,131.9404,111.9815
1255,144,19,0.8117,0.00005000,9.8659,133.7103,92.1965
1256,54,12,0.8116,0.00005000,9.7707,136.0761,47.7682
1257,39,10,0.8115,0.00005000,8.3290,136.9606,62.3849
1258,60,13,0.8113,0.00005000,11.5582,137.2497,81.4605
1259,35,9,0.8112,0.00005000,11.1410,134.3236,59.9817
1260,121,15,0.8110,0.00005000,10.0786,143.9780,134.7846
1261,104,17,0.8108,0.00005000,10.1097,139.1618,96.5906
1262,54,11,0.8107,0.00005000,8.3502,132.0769,111.9829
1263,89,15,0.8105,0.00005000,10.2807,136.8327,91.9206
1264,98,11,0.8104,0.00005000,9.4155,145.6987,81.2513
1265,54,12,0.8103,0.00005000,6.4706,132.3331,82.6625
1266,41,11,0.8101,0.00005000,9.6821,130.1343,95.0912
1267,82,14,0.8099,0.00005000,8.0076,136.6681,93.2149
1268,86,15,0.8098,0.00005000,8.1024,138.0257,93.8706
1269,25,6,0.8096,0.00005000,10.3387,131.3444,85.2116
1270,54,13,0.8095,0.00005000,14.9119,132.5762,65.8707
1271,88,13,0.8094,0.00005000,9.0874,138.7957,83.5686
1272,54,11,0.8092,0.00005000,9.7405,134.2877,119.5690
1273,40,9,0.8091,0.00005000,9.1667,136.8128,59.3659
1274,43,10,0.8089,0.00005000,14.5818,135.6508,89.1194
1275,29,8,0.8087,0.00005000,9.3548,131.9652,74.3258
1276,40,9,0.8086,0.00005000,9.1599,127.6203,63.1772
1277,31,7,0.8085,0.00005000,11.4869,133.3196,82.4951
1278,28,8,0.8083,0.00005000,11.9554,133.4914,80.7860
1279,38,10,0.8081,0.00005000,6.3539,135.6021,86.9034
1280,45,10,0.8080,0.00005000,10.6197,132.8344,78.3972
1281,79,12,0.8078,0.00005000,9.1045,139.4990,63.1072
1282,33,9,0.8077,0.00005000,8.8564,130.3341,97.5516
1283,38,9,0.8075,0.00005000,9.4868,127.8342,58.1304
1284,241,21,0.8074,0.00005000,9.7476,142.9376,104.7017
1285,100,16,0.8073,0.00005000,8.9690,142.7660,156.2720
1286,46,12,0.8071,0.00005000,12.1529,133.8151,149.8655
1287,49,13,0.8070,0.00005000,8.0577,135.7418,137.7194
1288,32,8,0.8068,0.00005000,8.5145,134.5552,171.7283
1289,94,17,0.8066,0.00005000,14.5383,145.2196,149.7125
1290,37,9,0.8065,0.00005000,10.3068,139.8626,46.3825
1291,73,11,0.8064,0.00005000,9.4269,141.8503,49.4322
1292,103,16,0.8062,0.00005000,8.9592,141.6604,74.4661
1293,26,6,0.8060,0.00005000,13.0713,135.5623,118.4689
1294,91,16,0.8059,0.00005000,7.2935,137.4360,118.7802
1295,166,15,0.8057,0.00005000,13.3422,147.0914,156.3974
1296,104,14,0.8056,0.00005000,11.5071,143.6481,63.2259
1297,36,8,0.8054,0.00005000,8.8954,144.0949,86.8071
1298,63,13,0.8053,0.00005000,13.8110,140.8500,75.6734
1299,33,9,0.8052,0.00005000,10.9297,139.7729,65.0084
1300,76,13,0.8050,0.00005000,11.1704,142.0101,73.9383
1301,106,13,0.8049,0.00005000,9.6025,147.3183,48.5196
1302,23,5,0.8047,0.00005000,11.6900,142.6686,100.7881
1303,105,17,0.8045,0.00005000,11.0063,140.2637,91.3040
1304,38,9,0.8044,0.00005000,7.1538,138.5874,55.7183
1305,76,14,0.8043,0.00005000,11.1019,145.8915,103.8167
1306,54,11,0.8041,0.00005000,13.9158,145.0719,105.4683
1307,41,9,0.8039,0.00005000,11.6665,138.5741,108.8303
1308,59,11,0.8038,0.00005000,9.9680,141.5616,73.1283
1309,35,11,0.8036,0.00005000,8.5779,134.5427,83.2343
1310,77,13,0.8035,0.00005000,13.4887,139.6156,104.2827
1311,70,12,0.8034,0.00005000,10.7858,137.5091,64.7779
1312,60,13,0.8032,0.00005000,9.9177,142.4505,70.5055
1313,72,11,0.8031,0.00005000,12.5013,145.8905,63.4973
1314,90,16,0.8029,0.00005000,10.9345,143.5661,144.6602
1315,54,10,0.8027,0.00005000,5.8523,142.5209,92.5827
1316,44,11,0.8026,0.00005000,11.2481,139.7481,84.9473
1317,87,14,0.8024,0.00005000,9.6881,141.0319,88.3971
1318,147,18,0.8023,0.00005000,8.5626,139.1477,85.6689
1319,40,10,0.8022,0.00005000,12.8214,137.1384,127.5333
1320,34,8,0.8020,0.00005000,12.5273,141.6313,70.6428
1321,51,11,0.8018,0.00005000,10.0521,139.0102,87.8873
1322,32,8,0.8017,0.00005000,9.9567,142.1635,51.2351
1323,39,10,0.8015,0.00005000,10.5061,135.0990,76.7577
1324,52,11,0.8014,0.00005000,11.6577,145.3300,100.9482
1325,37,10,0.8013,0.00005000,10.9988,139.7003,123.0389
1326,41,11,0.8011,0.00005000,14.4937,139.8036,118.5598
1327,112,13,0.8010,0.00005000,13.7156,142.0876,208.5507
1328,34,9,0.8008,0.00005000,12.7194,143.1371,110.9162
1329,184,17,0.8006,0.00005000,10.7930,151.3044,94.3573
1330,35,8,0.8005,0.00005000,11.8763,147.5756,138.1874
1331,409,9,0.8004,0.00005000,10.0915,185.8339,69.3250
1332,55,11,0.8002,0.00005000,13.1314,146.3763,108.0100
1333,86,13,0.8000,0.00005000,7.8827,150.1718,86.6354
1334,51,11,0.7999,0.00005000,8.9429,143.7724,62.0071
1335,189,20,0.7997,0.00005000,12.3153,149.5065,71.0389
1336,214,23,0.7996,0.00005000,7.4998,152.8875,81.2542
1337,39,9,0.7994,0.00005000,9.4364,141.7003,106.6207
1338,50,10,0.7993,0.00005000,8.5875,145.7274,114.8279
1339,59,14,0.7992,0.00005000,10.5662,143.8976,154.5667
1340,32,8,0.7990,0.00005000,7.4421,139.0241,108.2983
1341,104,17,0.7989,0.00005000,9.2811,144.6541,99.0285
1342,39,11,0.7987,0.00005000,12.0257,142.5448,66.0033
1343,102,17,0.7985,0.00005000,12.9273,148.1567,68.9916
1344,86,14,0.7984,0.00005000,11.6051,142.4999,86.7174
1345,31,6,0.7983,0.00005000,6.5319,148.3166,57.2612
1346,59,13,0.7981,0.00005000,11.1792,147.6515,68.0505
1347,26,6,0.7979,0.00005000,12.8019,147.5589,97.5574
1348,41,11,0.7978,0.00005000,11.8586,145.9496,85.2023
1349,32,9,0.7976,0.00005000,9.7377,138.6136,62.6258
1350,72,15,0.7975,0.00005000,10.7827,140.4457,113.8693
1351,131,17,0.7974,0.00005000,13.1667,150.1582,118.0427
1352,87,14,0.7972,0.00005000,9.7737,154.5783,105.7509
1353,41,10,0.7971,0.00005000,12.5775,145.2942,95.3103
1354,56,12,0.7969,0.00005000,13.2853,145.9460,69.4127
1355,33,8,0.7967,0.00005000,9.1407,147.3969,45.8426
1356,54,12,0.7966,0.00005000,10.1763,140.7892,56.5658
1357,40,11,0.7964,0.00005000,11.6186,143.2058,71.3786
1358,71,12,0.7963,0.00005000,13.4268,144.0319,69.2757
1359,37,10,0.7962,0.00005000,10.9794,145.5639,58.4832
1360,62,11,0.7960,0.00005000,8.9955,147.8121,70.6561
1361,47,9,0.7958,0.00005000,9.6815,147.2372,128.0321
1362,55,12,0.7957,0.00005000,10.6155,138.3405,54.7547
1363,161,21,0.7955,0.00005000,10.2148,145.9249,64.8517
1364,41,11,0.7954,0.00005000,7.6182,146.7280,122.5182
1365,56,12,0.7953,0.00005000,11.9805,138.0118,101.9746
1366,48,13,0.7951,0.00005000,10.1781,141.6884,81.2188
1367,116,18,0.7950,0.00005000,10.7996,145.7905,171.1947
1368,55,11,0.7948,0.00005000,11.2610,149.6161,164.1016
1369,72,12,0.7946,0.00005000,11.5417,151.4006,132.8724
1370,54,12,0.7945,0.00005000,11.5126,149.4310,76.0758
1371,52,10,0.7944,0.00005000,12.6828,149.2494,69.2629
1372,59,12,0.7942,0.00005000,13.2301,150.4715,94.9296
1373,144,18,0.7941,0.00005000,9.1276,156.3478,129.6601
1374,37,10,0.7939,0.00005000,12.7461,145.3575,147.6711
1375,70,14,0.7937,0.00005000,9.8679,151.1693,111.0190
1376,39,9,0.7936,0.00005000,9.9631,147.1615,52.4674
1377,54,11,0.7934,0.00005000,17.2206,142.5634,73.7781
1378,30,8,0.7933,0.00005000,10.4644,144.0726,91.9942
1379,56,11,0.7932,0.00005000,9.2031,152.4283,121.2810
1380,84,14,0.7930,0.00005000,10.7437,152.7984,82.0052
1381,117,12,0.7929,0.00005000,11.9031,150.0336,59.0063
1382,100,16,0.7927,0.00005000,11.9450,150.6989,90.2956
1383,33,8,0.7925,0.00005000,14.1930,149.4190,132.7797
1384,32,8,0.7924,0.00005000,11.1338,150.6573,91.8679
1385,174,19,0.7923,0.00005000,9.3973,155.8239,63.9212
1386,87,13,0.7921,0.00005000,11.4508,149.7319,125.2453
1387,24,7,0.7920,0.00005000,15.0507,141.4077,125.3282
1388,49,8,0.7918,0.00005000,9.2429,149.5894,97.3590
1389,53,11,0.7916,0.00005000,8.7043,149.2018,73.4169
1390,49,8,0.7915,0.00005000,8.1303,156.2480,40.7961
1391,38,12,0.7913,0.00005000,10.9509,144.0136,71.8838
1392,88,16,0.7912,0.00005000,10.0618,155.2779,115.0724
1393,61,13,0.7911,0.00005000,9.4344,154.1763,87.3033
1394,38,11,0.7909,0.00005000,13.7501,149.6036,81.6255
1395,43,11,0.7907,0.00005000,10.5673,151.3635,75.8409
1396,443,28,0.7906,0.00005000,10.7138,167.7239,93.6473
1397,37,10,0.7904,0.00005000,9.1328,147.8973,152.0619
1398,31,8,0.7903,0.00005000,11.2450,143.4517,53.5567
1399,98,16,0.7902,0.00005000,12.2145,147.9195,115.6467
1400,32,9,0.7900,0.00005000,10.2279,143.1643,124.9874
1401,36,9,0.7898,0.00005000,10.6348,148.2096,200.9098
1402,36,7,0.7897,0.00005000,12.6904,144.2367,159.2833
1403,128,21,0.7895,0.00005000,9.5473,150.5049,114.1725
1404,42,12,0.7894,0.00005000,8.1555,147.5985,101.1879
1405,28,8,0.7893,0.00005000,12.7456,148.0158,75.6491
1406,48,8,0.7891,0.00005000,9.8406,151.7172,74.0304
1407,52,11,0.7890,0.00005000,8.7552,151.3265,106.3062
1408,56,12,0.7888,0.00005000,11.7272,146.4771,115.4024
1409,58,13,0.7886,0.00005000,14.0974,150.6790,146.9408
1410,47,10,0.7885,0.00005000,9.9624,152.7317,138.6285
1411,48,9,0.7883,0.00005000,10.7073,150.4468,105.3722
1412,38,9,0.7882,0.00005000,8.9908,151.4739,101.7760
1413,38,8,0.7881,0.00005000,14.9091,155.9145,117.6823
1414,39,10,0.7879,0.00005000,9.6307,151.2305,94.5763
1415,73,15,0.7877,0.00005000,10.4567,151.8980,90.7880
1416,32,8,0.7876,0.00005000,14.9755,149.8933,168.3530
1417,57,11,0.7874,0.00005000,10.3167,155.5679,162.1464
1418,46,11,0.7873,0.00005000,11.9614,161.7446,136.3300
1419,34,10,0.7872,0.00005000,7.4046,151.3617,84.1104
1420,28,7,0.7870,0.00005000,8.9360,153.4168,107.4899
1421,39,8,0.7869,0.00005000,14.6917,153.4678,61.7994
1422,41,13,0.7867,0.00005000,10.8933,141.0125,83.2185
1423,58,12,0.7865,0.00005000,13.8337,151.2386,92.0484
1424,113,18,0.7864,0.00005000,9.8828,155.4217,97.4271
1425,39,10,0.7863,0.00005000,14.2803,144.8247,88.2411
1426,42,11,0.7861,0.00005000,11.3456,148.2876,115.7901
1427,55,9,0.7859,0.00005000,17.2931,147.2056,75.3171
1428,39,10,0.7858,0.00005000,10.0265,146.1155,73.7852
1429,40,10,0.7856,0.00005000,13.9022,147.7204,62.3527
1430,36,10,0.7855,0.00005000,11.5221,153.7555,96.1939
1431,159,20,0.7853,0.00005000,11.0393,156.3717,114.6335
1432,120,15,0.7852,0.00005000,11.3929,155.7183,95.0818
1433,85,14,0.7851,0.00005000,9.9961,158.8973,108.7280
1434,125,17,0.7849,0.00005000,13.8247,152.8979,88.2456
1435,94,16,0.7848,0.00005000,10.2506,152.1728,83.3364
1436,74,14,0.7846,0.00005000,10.6167,152.2234,107.3704
1437,46,11,0.7844,0.00005000,9.6569,143.2418,116.6521
1438,73,12,0.7843,0.00005000,11.2105,148.7453,91.4743
1439,50,11,0.7842,0.00005000,10.2186,148.8546,122.8652
1440,56,13,0.7840,0.00005000,6.8992,150.1085,102.3588
1441,35,8,0.7838,0.00005000,9.6848,152.6064,97.4548
1442,63,17,0.7837,0.00005000,9.6529,152.6147,76.6573
1443,103,15,0.7835,0.00005000,8.1442,150.7051,82.5828
1444,39,9,0.7834,0.00005000,12.4528,150.0359,62.4513
1445,79,13,0.7833,0.00005000,13.2928,153.4108,79.3502
1446,80,14,0.7831,0.00005000,9.4986,152.5753,74.4006
1447,218,18,0.7830,0.00005000,13.7873,160.3535,67.7277
1448,54,11,0.7828,0.00005000,10.8378,152.8736,39.3858
1449,92,17,0.7827,0.00005000,10.7971,151.0100,94.5886
1450,34,8,0.7825,0.00005000,10.5248,154.2521,163.4171
1451,158,17,0.7823,0.00005000,8.7736,156.3312,145.8889
1452,41,10,0.7822,0.00005000,13.5858,160.3077,124.2393
1453,36,10,0.7821,0.00005000,13.2258,152.1027,145.5526
1454,120,17,0.7819,0.00005000,10.9560,161.5689,133.5864
1455,42,12,0.7817,0.00005000,17.8093,155.3231,108.6064
1456,98,15,0.7816,0.00005000,11.4760,153.4105,79.3646
1457,54,9,0.7814,0.00005000,7.0343,157.9618,84.2922
1458,62,14,0.7813,0.00005000,11.0453,156.8963,104.0406
1459,39,10,0.7812,0.00005000,11.2114,153.9762,77.0697
1460,62,11,0.7810,0.00005000,12.6703,155.8238,96.3000
1461,125,14,0.7809,0.00005000,8.7695,161.1887,63.4111
1462,54,11,0.7807,0.00005000,11.5494,153.3658,125.1097
1463,154,15,0.7805,0.00005000,11.7804,159.7801,117.6540
1464,58,13,0.7804,0.00005000,11.9318,156.9672,173.8542
1465,54,11,0.7802,0.00005000,12.0117,153.0409,94.1503
1466,176,20,0.7801,0.00005000,13.2320,158.7793,131.2870
1467,61,13,0.7800,0.00005000,9.2477,155.6470,85.3128
1468,44,8,0.7798,0.00005000,10.1448,154.1362,80.9322
1469,140,17,0.7796,0.00005000,13.3821,154.7593,101.0248
1470,39,9,0.7795,0.00005000,13.5677,158.2451,95.8150
1471,39,11,0.7793,0.00005000,13.2867,151.6156,130.6395
1472,76,13,0.7792,0.00005000,11.5943,155.6666,67.1695
1473,27,7,0.7791,0.00005000,5.6635,153.3134,58.5581
1474,58,11,0.7789,0.00005000,11.8488,154.0219,83.0447
1475,21,5,0.7788,0.00005000,9.2596,156.3664,97.7415
1476,64,14,0.7786,0.00005000,9.8713,154.8895,92.0908
1477,43,11,0.7784,0.00005000,9.0224,149.1946,108.0988
1478,108,16,0.7783,0.00005000,10.3925,165.7398,117.1942
1479,33,7,0.7782,0.00005000,15.8160,147.1078,89.0411
1480,30,7,0.7780,0.00005000,11.6478,152.5267,116.5741
1481,37,8,0.7779,0.00005000,12.2702,156.9766,121.1437
1482,36,10,0.7777,0.00005000,11.1061,150.9567,110.7046
1483,35,10,0.7775,0.00005000,14.2846,151.0955,88.1812
1484,149,19,0.7774,0.00005000,7.0977,165.9905,79.2016
1485,30,8,0.7772,0.00005000,11.7985,151.1016,138.4674
1486,167,17,0.7771,0.00005000,13.3277,164.1836,102.6099
1487,239,22,0.7770,0.00005000,10.1088,161.3336,110.7474
1488,113,17,0.7768,0.00005000,14.0680,154.2068,109.7069
1489,42,11,0.7766,0.00005000,11.9576,153.5924,107.7123
1490,30,8,0.7765,0.00005000,8.2845,154.9591,75.2994
1491,59,13,0.7763,0.00005000,11.1739,158.9902,73.4278
1492,160,21,0.7762,0.00005000,14.6220,164.8844,172.1272
1493,58,11,0.7761,0.00005000,12.7350,159.7348,203.1425
1494,206,22,0.7759,0.00005000,12.8868,165.1506,148.2826
1495,36,8,0.7757,0.00005000,12.5446,156.7283,132.4069
1496,36,8,0.7756,0.00005000,9.2295,160.6322,124.5794
1497,81,13,0.7754,0.00005000,8.7485,157.1609,107.3491
1498,54,12,0.7753,0.00005000,13.4040,156.4559,135.9431
1499,48,9,0.7752,0.00005000,9.7760,160.1317,93.0106
1500,36,11,0.7750,0.00005000,6.9032,155.3028,83.2915
1501,28,6,0.7749,0.00005000,17.2425,156.1198,60.1633
1502,73,14,0.7747,0.00005000,9.3763,165.2351,140.2991
1503,86,13,0.7745,0.00005000,8.5255,161.3728,123.3659
1504,40,10,0.7744,0.00005000,16.7160,155.8697,116.5305
1505,242,24,0.7742,0.00005000,11.7598,163.2736,182.5343
1506,101,13,0.7741,0.00005000,10.0956,160.9585,121.7240
1507,34,9,0.7740,0.00005000,12.5553,159.8679,70.1211
1508,96,14,0.7738,0.00005000,12.3328,155.4823,87.1723
1509,88,15,0.7736,0.00005000,9.7147,161.8446,124.1705
1510,20,5,0.7735,0.00005000,14.8235,158.3509,103.1198
1511,42,12,0.7733,0.00005000,14.6039,162.4108,90.6321
1512,37,10,0.7732,0.00005000,11.1420,156.3408,107.3486
1513,53,9,0.7731,0.00005000,11.4808,168.0067,121.7876
1514,240,26,0.7729,0.00005000,12.8361,165.4602,162.2069
1515,100,15,0.7728,0.00005000,12.1198,166.8665,125.1830
1516,31,7,0.7726,0.00005000,11.6125,156.8211,135.0615
1517,119,19,0.7724,0.00005000,11.7273,163.7383,119.5312
1518,83,14,0.7723,0.00005000,12.2042,160.6849,135.9625
1519,115,17,0.7722,0.00005000,11.2856,161.3121,85.9351
1520,40,8,0.7720,0.00005000,12.5608,160.2466,55.4753
1521,40,9,0.7718,0.00005000,11.6759,159.8455,149.9985
1522,32,8,0.7717,0.00005000,11.3039,162.1890,83.1960
1523,82,14,0.7715,0.00005000,11.6992,154.9981,121.4665
1524,56,12,0.7714,0.00005000,12.7131,155.1026,147.4560
1525,103,16,0.7712,0.00005000,10.4878,161.7541,133.1835
1526,56,13,0.7711,0.00005000,12.6373,158.8514,160.4035
1527,56,11,0.7710,0.00005000,11.7912,159.7374,138.3466
1528,54,10,0.7708,0.00005000,14.6074,158.1113,141.2791
1529,224,14,0.7706,0.00005000,10.6927,171.0087,172.9665
1530,57,13,0.7705,0.00005000,13.8946,149.8630,124.9063
1531,38,8,0.7703,0.00005000,13.4161,160.9788,120.7942
1532,59,11,0.7702,0.00005000,10.7348,165.5214,230.7266
1533,44,11,0.7701,0.00005000,13.1332,158.6575,94.8742
1534,30,7,0.7699,0.00005000,11.7361,160.4617,95.0273
1535,35,9,0.7697,0.00005000,13.3638,157.6270,121.8480
1536,71,13,0.7696,0.00005000,11.7653,165.9090,64.8511
1537,40,10,0.7694,0.00005000,11.5841,157.8524,110.5203
1538,109,11,0.7693,0.00005000,12.2150,166.7200,86.0291
1539,85,14,0.7692,0.00005000,13.2022,160.6138,87.7367
1540,50,11,0.7690,0.00005000,10.3265,159.8557,127.8078
1541,69,12,0.7689,0.00005000,8.1126,164.4575,113.8007
1542,84,12,0.7687,0.00005000,14.3462,162.7642,130.2581
1543,51,10,0.7686,0.00005000,11.3978,162.1175,133.1700
1544,38,9,0.7684,0.00005000,12.0108,155.4496,102.5752
1545,54,11,0.7682,0.00005000,9.9586,166.3148,108.3727
1546,32,8,0.7681,0.00005000,11.0394,163.2623,134.6533
1547,252,25,0.7679,0.00005000,10.0701,170.0800,120.3945
1548,79,15,0.7678,0.00005000,11.2790,159.6539,73.9161
1549,80,13,0.7676,0.00005000,11.6238,166.8020,67.8720
1550,68,13,0.7675,0.00005000,12.3847,160.0902,68.9377
1551,58,13,0.7673,0.00005000,12.5594,165.1290,94.7883
1552,41,10,0.7672,0.00005000,11.0634,160.2290,149.7064
1553,44,11,0.7671,0.00005000,11.7238,162.3569,142.7106
1554,39,9,0.7669,0.00005000,7.5713,161.3638,201.1111
1555,97,14,0.7668,0.00005000,11.1190,165.2397,174.3976
1556,37,9,0.7666,0.00005000,11.3404,157.6607,194.2587
1557,37,10,0.7664,0.00005000,9.2143,162.9172,180.3888
1558,224,17,0.7663,0.00005000,15.0269,168.4492,77.1345
1559,73,14,0.7661,0.00005000,9.4073,160.4566,117.1162
1560,70,13,0.7660,0.00005000,8.7918,162.6128,105.5538
1561,36,10,0.7659,0.00005000,13.1429,157.6393,154.8637
1562,106,17,0.7657,0.00005000,10.1659,166.5474,157.1843
1563,39,13,0.7655,0.00005000,18.9010,157.2847,167.6724
1564,76,10,0.7654,0.00005000,8.9337,161.8931,115.7110
1565,58,13,0.7652,0.00005000,7.1936,161.5000,86.5203
1566,185,18,0.7651,0.00005000,10.8754,165.8392,68.6848
1567,169,18,0.7650,0.00005000,10.3320,165.6730,128.3750
1568,34,8,0.7648,0.00005000,10.6971,155.4343,75.3255
1569,124,16,0.7647,0.00005000,12.2486,172.5379,96.7241
1570,60,13,0.7645,0.00005000,12.3384,167.6984,117.5940
1571,54,10,0.7644,0.00005000,10.5440,164.3150,98.3169
1572,167,14,0.7642,0.00005000,14.6192,167.4236,149.8413
1573,28,8,0.7641,0.00005000,9.2475,160.9360,132.3874
1574,49,10,0.7639,0.00005000,10.7074,160.9377,55.7370
1575,36,8,0.7637,0.00005000,13.3230,162.6766,59.8153
1576,55,11,0.7636,0.00005000,12.6546,164.5795,91.7604
1577,79,13,0.7634,0.00005000,9.6006,166.6782,71.1334
1578,81,12,0.7633,0.00005000,10.0380,170.4331,115.7397
1579,52,9,0.7631,0.00005000,14.7071,168.9055,108.2026
1580,60,13,0.7630,0.00005000,11.6932,170.6171,139.1217
1581,52,10,0.7629,0.00005000,14.6492,170.2772,101.0261
1582,55,13,0.7627,0.00005000,10.2978,165.5822,148.3236
1583,56,12,0.7626,0.00005000,13.8141,167.0657,99.7279
1584,38,8,0.7624,0.00005000,12.1444,160.2679,136.3839
1585,168,16,0.7622,0.00005000,10.1927,170.3694,96.1029
1586,55,10,0.7621,0.00005000,10.6135,167.9090,86.2122
1587,65,12,0.7620,0.00005000,8.8293,165.4700,99.0425
1588,42,11,0.7618,0.00005000,11.8001,165.1677,107.7620
1589,37,9,0.7617,0.00005000,11.4149,163.6277,77.7057
1590,33,8,0.7615,0.00005000,17.5726,167.9574,85.3432
1591,230,20,0.7613,0.00005000,11.7414,170.3037,112.8966
1592,57,12,0.7612,0.00005000,13.2292,165.0877,111.2949
1593,51,11,0.7611,0.00005000,8.8758,160.6502,105.9083
1594,88,15,0.7609,0.00005000,13.6130,163.4443,59.9384
1595,50,12,0.7608,0.00005000,9.4659,166.0201,93.5918
1596,32,8,0.7606,0.00005000,7.0988,169.1919,86.9238
1597,104,16,0.7604,0.00005000,8.2670,171.1104,97.2403
1598,77,12,0.7603,0.00005000,12.6526,163.9758,69.2204
1599,124,18,0.7601,0.00005000,15.4205,169.3374,85.9077
1600,54,13,0.7600,0.00005000,9.5177,162.5483,109.1770
1601,75,15,0.7599,0.00005000,10.5686,160.6759,68.8590
1602,56,11,0.7597,0.00005000,12.8897,167.0430,84.2632
1603,33,8,0.7595,0.00005000,9.8271,160.9028,101.5672
1604,159,15,0.7594,0.00005000,11.8451,173.9314,72.7598
1605,54,12,0.7592,0.00005000,14.3120,164.7167,81.6371
1606,51,12,0.7591,0.00005000,8.9155,162.7993,98.4994
1607,30,8,0.7590,0.00005000,12.2363,165.9468,144.9944
1608,32,9,0.7588,0.00005000,10.5718,164.6006,105.0384
1609,282,18,0.7587,0.00005000,15.3352,183.7749,174.5398
1610,32,9,0.7585,0.00005000,14.3679,160.3597,128.3294
1611,35,9,0.7583,0.00005000,13.0554,167.4049,56.2136
1612,57,11,0.7582,0.00005000,10.9332,166.5419,96.0394
1613,212,20,0.7581,0.00005000,13.2684,171.6856,100.3451
1614,33,10,0.7579,0.00005000,13.3030,164.3650,132.7904
1615,34,10,0.7578,0.00005000,11.7332,171.6018,224.4774
1616,45,11,0.7576,0.00005000,9.1439,172.8009,170.6411
1617,31,8,0.7574,0.00005000,10.3115,168.7420,134.9450
1618,80,15,0.7573,0.00005000,13.7076,168.6015,180.6552
1619,201,22,0.7571,0.00005000,15.9316,173.4554,105.6576
1620,72,13,0.7570,0.00005000,10.7814,171.4039,73.2725
1621,59,10,0.7569,0.00005000,11.4647,165.1064,89.4317
1622,26,6,0.7567,0.00005000,17.0457,169.7597,70.9242
1623,40,10,0.7565,0.00005000,9.3499,172.8370,82.6766
1624,78,16,0.7564,0.00005000,7.3851,173.0928,95.8682
1625,60,13,0.7562,0.00005000,9.6242,170.5342,97.2101
1626,58,10,0.7561,0.00005000,12.7275,176.0237,70.0814
1627,32,8,0.7560,0.00005000,10.4085,172.3875,73.3377
1628,35,8,0.7558,0.00005000,12.7650,173.0575,99.5401
1629,40,14,0.7556,0.00005000,13.5296,163.4604,148.4704
1630,42,12,0.7555,0.00005000,13.5812,167.8701,119.9637
1631,36,10,0.7553,0.00005000,11.8472,166.8551,86.6478
1632,31,9,0.7552,0.00005000,11.6667,168.2547,81.2456
1633,44,13,0.7550,0.00005000,12.8595,177.1823,106.8689
1634,36,9,0.7549,0.00005000,9.3082,162.3454,63.7723
1635,80,13,0.7548,0.00005000,10.9703,172.8622,101.4220
1636,83,13,0.7546,0.00005000,9.4926,171.6110,93.5123
1637,208,26,0.7545,0.00005000,10.3371,173.1579,87.2488
1638,161,17,0.7543,0.00005000,8.8470,173.4300,87.9162
1639,57,11,0.7541,0.00005000,8.3615,175.3452,117.6785
1640,33,9,0.7540,0.00005000,7.5779,165.7944,134.2298
1641,120,16,0.7538,0.00005000,13.5397,166.4295,94.9570
1642,56,13,0.7537,0.00005000,11.1553,170.7484,166.8249
1643,58,12,0.7535,0.00005000,11.7330,167.0175,140.4362
1644,56,13,0.7534,0.00005000,12.2396,169.0827,91.4886
1645,56,10,0.7532,0.00005000,11.5913,173.9305,69.4830
1646,38,10,0.7531,0.00005000,9.8045,167.6404,92.6896
1647,143,19,0.7530,0.00005000,11.1038,175.9481,97.8337
1648,25,6,0.7528,0.00005000,12.3120,167.6813,85.2908
1649,73,13,0.7527,0.00005000,9.9649,171.5454,121.5605
1650,33,8,0.7525,0.00005000,13.1966,168.8126,112.2777
1651,242,20,0.7523,0.00005000,15.3885,174.4422,97.7162
1652,83,17,0.7522,0.00005000,11.1324,171.3289,147.9416
1653,89,13,0.7520,0.00005000,10.5779,178.4425,113.1465
1654,29,8,0.7519,0.00005000,9.1080,166.4722,89.0922
1655,37,8,0.7518,0.00005000,8.4376,170.1342,229.5554
1656,40,11,0.7516,0.00005000,13.5635,178.9916,120.3360
1657,40,11,0.7514,0.00005000,12.6761,174.9937,230.1583
1658,90,16,0.7513,0.00005000,15.2923,183.7440,139.5315
1659,59,13,0.7511,0.00005000,15.0116,178.8369,111.9526
1660,54,10,0.7510,0.00005000,10.0715,173.6564,82.5738
1661,68,12,0.7509,0.00005000,10.7741,179.2759,116.3550
1662,38,11,0.7507,0.00005000,10.7611,174.3274,80.1680
1663,53,10,0.7506,0.00005000,11.3644,177.7610,69.4342
1664,120,16,0.7504,0.00005000,12.6697,181.5647,106.5818
1665,34,10,0.7502,0.00005000,13.8301,173.1918,58.4419
1666,59,12,0.7501,0.00005000,12.6130,177.2534,97.0842
1667,79,18,0.7500,0.00005000,11.7198,179.2594,74.2109
1668,40,11,0.7498,0.00005000,10.2757,173.1405,70.7816
1669,44,11,0.7496,0.00005000,10.5985,176.7000,81.2326
1670,75,11,0.7495,0.00005000,11.4362,175.6570,114.3978
1671,77,15,0.7493,0.00005000,10.0601,176.9271,64.7609
1672,78,15,0.7492,0.00005000,11.8018,179.2162,81.1829
1673,158,21,0.7490,0.00005000,12.5792,180.0274,155.9304
1674,54,10,0.7489,0.00005000,12.0265,179.3611,76.3317
1675,99,15,0.7488,0.00005000,16.3426,176.6068,79.3924
1676,54,12,0.7486,0.00005000,10.8651,176.0000,116.4746
1677,43,12,0.7484,0.00005000,12.4421,174.1748,94.3352
1678,33,10,0.7483,0.00005000,12.0185,172.6149,80.3722
1679,340,25,0.7481,0.00005000,13.0510,185.1782,129.2552
1680,43,8,0.7480,0.00005000,11.1391,180.4849,79.4362
1681,80,12,0.7478,0.00005000,14.1494,182.3269,103.1612
1682,222,17,0.7477,0.00005000,13.5486,185.5927,122.6197
1683,79,13,0.7475,0.00005000,7.5960,177.9829,122.4483
1684,59,14,0.7474,0.00005000,8.9541,176.4679,149.7193
1685,27,7,0.7472,0.00005000,12.9917,171.8893,124.5862
1686,68,13,0.7471,0.00005000,12.8853,176.0891,69.0292
1687,29,9,0.7470,0.00005000,12.1449,172.9384,91.5440
1688,78,13,0.7468,0.00005000,15.7793,174.5169,133.7879
1689,58,12,0.7467,0.00005000,13.4772,173.2286,106.9875
1690,88,15,0.7465,0.00005000,15.0475,176.3347,134.2970
1691,40,12,0.7464,0.00005000,12.1990,171.9732,106.1530
1692,120,15,0.7462,0.00005000,12.3517,178.0081,109.3735
1693,41,11,0.7460,0.00005000,14.3925,170.8032,120.0368
1694,60,13,0.7459,0.00005000,10.9319,178.6113,194.6382
1695,83,12,0.7458,0.00005000,13.2171,183.0741,145.2110
1696,70,11,0.7456,0.00005000,10.9143,178.7152,131.5154
1697,53,10,0.7454,0.00005000,11.4169,181.0813,159.4166
1698,45,11,0.7453,0.00005000,12.7443,181.5067,163.8137
1699,58,12,0.7451,0.00005000,14.8260,177.3075,167.6125
1700,87,16,0.7450,0.00005000,10.0927,184.4442,95.4951
1701,27,6,0.7449,0.00005000,6.3319,175.7743,155.5198
1702,46,10,0.7447,0.00005000,10.9588,175.1528,169.7027
1703,75,14,0.7446,0.00005000,8.8828,180.4651,148.1118
1704,36,9,0.7444,0.00005000,14.0472,178.8179,93.0388
1705,30,8,0.7442,0.00005000,16.2551,178.4915,238.6889
1706,214,23,0.7441,0.00005000,14.1499,184.3846,132.2057
1707,59,11,0.7440,0.00005000,17.1641,183.8743,108.5474
1708,74,12,0.7438,0.00005000,16.5661,182.9804,137.2094
1709,38,9,0.7436,0.00005000,10.7488,183.2419,178.7173
1710,33,7,0.7435,0.00005000,14.0460,177.7347,94.6450
1711,107,18,0.7433,0.00005000,9.3576,182.5102,169.4722
1712,75,14,0.7432,0.00005000,12.0995,189.0498,120.0139
1713,39,7,0.7430,0.00005000,9.4657,180.6811,77.4754
1714,32,10,0.7429,0.00005000,11.5969,177.8084,115.7058
1715,85,13,0.7428,0.00005000,9.1033,181.1517,83.9583
1716,126,16,0.7426,0.00005000,9.9973,186.3536,112.8906
1717,41,8,0.7425,0.00005000,10.7371,181.1439,93.0208
1718,41,6,0.7423,0.00005000,9.7187,176.5170,142.6819
1719,81,13,0.7422,0.00005000,11.5846,179.5273,97.1310
1720,85,14,0.7420,0.00005000,12.1939,177.7002,93.7367
1721,41,9,0.7419,0.00005000,13.1171,184.3128,101.8605
1722,33,8,0.7417,0.00005000,10.7724,177.7293,81.6432
1723,24,7,0.7415,0.00005000,13.4270,179.5655,104.0443
1724,78,12,0.7414,0.00005000,13.0181,182.1450,100.7266
1725,29,9,0.7412,0.00005000,11.3813,178.0720,76.1979
1726,122,19,0.7411,0.00005000,11.0078,178.9722,93.9888
1727,34,9,0.7409,0.00005000,10.9432,174.2466,159.7049
1728,35,9,0.7408,0.00005000,11.0602,181.9709,176.3971
1729,42,11,0.7407,0.00005000,10.8272,184.9467,140.2600
1730,49,10,0.7405,0.00005000,12.6114,184.2967,82.0173
1731,61,14,0.7404,0.00005000,12.9255,184.5974,114.6013
1732,54,12,0.7402,0.00005000,17.8811,178.6548,174.3965
1733,192,22,0.7400,0.00005000,10.6813,186.1419,123.0458
1734,30,8,0.7399,0.00005000,11.9713,173.1027,156.2215
1735,105,17,0.7397,0.00005000,10.2728,184.8655,103.5477
1736,44,8,0.7396,0.00005000,10.9914,181.6864,117.8476
1737,53,10,0.7394,0.00005000,15.2272,182.3931,182.3949
1738,52,11,0.7393,0.00005000,10.0998,178.7480,248.0070
1739,30,8,0.7391,0.00005000,9.9704,177.6713,76.1546
1740,85,14,0.7390,0.00005000,11.8591,189.5489,112.0185
1741,110,16,0.7389,0.00005000,14.9771,181.3261,87.0183
1742,34,9,0.7387,0.00005000,11.8943,183.3630,128.0426
1743,24,7,0.7386,0.00005000,8.7831,185.4679,127.8969
1744,65,16,0.7384,0.00005000,10.8264,178.8631,92.7881
1745,42,7,0.7383,0.00005000,11.9387,180.8924,93.5588
1746,42,11,0.7381,0.00005000,6.8662,183.5067,106.1430
1747,101,15,0.7379,0.00005000,7.7862,189.4105,155.9170
1748,48,10,0.7378,0.00005000,13.2452,178.3597,76.0815
1749,35,8,0.7377,0.00005000,16.4663,182.2232,87.4878
1750,73,14,0.7375,0.00005000,9.2485,188.0507,86.3592
1751,92,17,0.7373,0.00005000,12.6728,187.1080,129.7539
1752,74,14,0.7372,0.00005000,12.7313,183.4734,84.3024
1753,58,12,0.7370,0.00005000,13.4861,181.2510,118.5930
1754,205,20,0.7369,0.00005000,12.5053,187.9540,187.2583
1755,55,10,0.7368,0.00005000,12.7008,183.7606,102.8612
1756,37,10,0.7366,0.00005000,9.5778,187.2430,104.5754
1757,35,9,0.7365,0.00005000,10.4241,181.9927,116.3740
1758,185,19,0.7363,0.00005000,13.3286,188.7888,87.9959
1759,46,12,0.7361,0.00005000,12.9208,186.7375,63.8193
1760,33,9,0.7360,0.00005000,10.3765,182.2985,87.1086
1761,29,7,0.7359,0.00005000,10.7302,178.7905,171.2747
1762,64,13,0.7357,0.00005000,10.4675,183.5666,159.1805
1763,127,21,0.7355,0.00005000,10.5598,185.9254,118.4062
1764,51,11,0.7354,0.00005000,10.8797,178.8983,133.0051
1765,76,13,0.7352,0.00005000,13.5891,182.8746,130.1322
1766,38,9,0.7351,0.00005000,10.7830,178.8641,165.3517
1767,57,11,0.7349,0.00005000,9.9413,182.5634,97.5887
1768,167,14,0.7348,0.00005000,13.3657,202.8297,70.3852
1769,30,8,0.7347,0.00005000,14.5915,184.4235,83.5744
1770,166,18,0.7345,0.00005000,9.0046,195.4912,122.8073
1771,34,9,0.7343,0.00005000,10.0920,182.8861,200.0842
1772,76,15,0.7342,0.00005000,13.0214,187.1854,96.3182
1773,122,16,0.7340,0.00005000,12.3412,189.3994,113.1081
1774,31,8,0.7339,0.00005000,11.2900,179.8961,130.8798
1775,132,19,0.7338,0.00005000,16.1802,182.7674,143.1393
1776,121,16,0.7336,0.00005000,8.7193,191.0955,100.1744
1777,70,11,0.7334,0.00005000,11.9435,187.5229,99.4448
1778,79,12,0.7333,0.00005000,12.2442,185.4978,212.7796
1779,78,13,0.7331,0.00005000,13.4380,184.7201,219.0077
1780,78,13,0.7330,0.00005000,13.5179,189.0178,129.1716
1781,38,7,0.7329,0.00005000,13.6770,180.6255,99.3843
1782,67,13,0.7327,0.00005000,10.5390,187.1922,134.3774
1783,80,17,0.7326,0.00005000,13.1427,181.8444,101.4803
1784,209,28,0.7324,0.00005000,12.3726,187.9757,123.0976
1785,53,11,0.7323,0.00005000,9.7796,192.0070,72.8647
1786,28,7,0.7321,0.00005000,10.0213,182.7658,126.5117
1787,31,7,0.7319,0.00005000,9.1374,187.2783,145.0981
1788,84,14,0.7318,0.00005000,16.2210,192.3805,124.1775
1789,56,10,0.7316,0.00005000,12.7477,186.1784,105.2009
1790,119,16,0.7315,0.00005000,11.5902,192.1637,108.6141
1791,82,13,0.7313,0.00005000,10.9066,189.3701,142.7113
1792,165,19,0.7312,0.00005000,10.0625,195.7944,94.9030
1793,58,13,0.7310,0.00005000,16.0104,186.2490,110.0054
1794,179,17,0.7309,0.00005000,7.3950,198.2956,85.2301
1795,40,9,0.7308,0.00005000,12.5658,188.3883,83.3770
1796,57,13,0.7306,0.00005000,10.9981,195.7306,107.6103
1797,58,12,0.7305,0.00005000,8.2061,186.0329,142.2208
1798,38,9,0.7303,0.00005000,12.7327,185.5131,164.3093
1799,53,11,0.7301,0.00005000,11.0576,185.2554,119.0313
1800,30,9,0.7300,0.00005000,12.5964,184.3310,83.2389
1801,120,15,0.7298,0.00005000,11.2538,183.4822,129.6517
1802,68,11,0.7297,0.00005000,15.6543,186.0831,124.4814
1803,36,10,0.7295,0.00005000,10.9976,187.1058,108.1801
1804,39,11,0.7294,0.00005000,11.4306,181.3246,90.1652
1805,43,13,0.7292,0.00005000,13.6911,186.8671,112.9772
1806,125,16,0.7291,0.00005000,12.5823,195.2119,107.5254
1807,48,11,0.7289,0.00005000,10.5966,182.5726,92.4358
1808,59,11,0.7288,0.00005000,12.2817,187.5457,91.8828
1809,55,12,0.7287,0.00005000,14.3765,187.6884,128.9294
1810,49,10,0.7285,0.00005000,11.8088,192.3453,135.2627
1811,103,20,0.7284,0.00005000,16.5492,188.1412,112.1030
1812,102,10,0.7282,0.00005000,9.3054,196.8028,96.7646
1813,120,18,0.7281,0.00005000,11.3212,184.5645,122.1305
1814,38,9,0.7279,0.00005000,16.2197,185.2553,81.1715
1815,55,11,0.7278,0.00005000,13.7195,187.4268,112.7779
1816,80,15,0.7276,0.00005000,14.5238,189.4458,142.1409
1817,121,15,0.7274,0.00005000,11.2389,187.8398,212.9460
1818,39,11,0.7273,0.00005000,12.1749,193.6346,129.2667
1819,40,10,0.7271,0.00005000,14.3270,187.2317,115.1758
1820,78,12,0.7270,0.00005000,19.2761,185.0471,89.1390
1821,36,7,0.7268,0.00005000,14.6215,192.2260,162.9319
1822,43,11,0.7267,0.00005000,12.6998,194.2352,97.0271
1823,66,13,0.7266,0.00005000,13.6211,191.0789,85.4426
1824,47,10,0.7264,0.00005000,16.1692,188.2750,187.9894
1825,39,10,0.7263,0.00005000,13.2182,189.8541,90.3355
1826,77,13,0.7261,0.00005000,17.7229,187.2607,201.0140
1827,59,14,0.7259,0.00005000,14.3084,183.5538,134.2801
1828,28,7,0.7258,0.00005000,18.2300,187.5792,125.2369
1829,56,12,0.7256,0.00005000,15.2359,186.5205,94.9891
1830,84,12,0.7255,0.00005000,10.8852,188.9964,118.4323
1831,33,8,0.7253,0.00005000,15.9847,187.7722,100.4059
1832,161,15,0.7252,0.00005000,7.7012,195.8735,142.1265
1833,59,12,0.7250,0.00005000,10.4308,182.9337,142.6168
1834,38,10,0.7249,0.00005000,11.6916,186.0153,159.6620
1835,39,10,0.7248,0.00005000,11.3659,193.5246,116.2041
1836,53,11,0.7246,0.00005000,12.3981,189.0826,113.3761
1837,42,9,0.7245,0.00005000,13.7985,186.5195,140.8546
1838,31,9,0.7243,0.00005000,12.0486,184.1236,127.3562
1839,97,14,0.7242,0.00005000,14.4058,191.9062,118.0487
1840,58,13,0.7240,0.00005000,12.3237,183.9043,111.0674
1841,36,9,0.7238,0.00005000,8.1553,188.7866,112.1787
1842,42,12,0.7237,0.00005000,9.7697,185.1787,126.1895
1843,62,14,0.7236,0.00005000,14.2381,181.4608,184.6382
1844,60,12,0.7234,0.00005000,11.2429,192.8407,154.5357
1845,146,19,0.7232,0.00005000,12.0683,192.0143,66.6870
1846,95,17,0.7231,0.00005000,12.4352,188.0956,77.9079
1847,44,10,0.7229,0.00005000,16.5873,185.0561,80.9358
1848,58,12,0.7228,0.00005000,12.5707,189.8664,65.4521
1849,40,11,0.7227,0.00005000,13.9248,187.1595,121.2206
1850,39,10,0.7225,0.00005000,9.3439,180.0254,124.2954
1851,41,11,0.7224,0.00005000,11.1702,187.4898,85.3560
1852,122,15,0.7222,0.00005000,11.9976,191.1001,175.7408
1853,54,11,0.7220,0.00005000,14.5740,193.3312,152.7203
1854,61,13,0.7219,0.00005000,12.4944,191.0894,173.8911
1855,75,13,0.7218,0.00005000,14.3756,189.7354,120.9360
1856,42,9,0.7216,0.00005000,8.2516,187.6324,136.2695
1857,75,11,0.7214,0.00005000,18.7854,188.2047,115.5219
1858,119,14,0.7213,0.00005000,12.1570,190.9406,90.1692
1859,30,7,0.7211,0.00005000,8.4056,187.5982,74.6350
1860,178,21,0.7210,0.00005000,13.5580,188.1123,186.7177
1861,58,12,0.7208,0.00005000,11.5213,193.4618,151.2771
1862,32,8,0.7207,0.00005000,17.1633,189.5481,113.9385
1863,42,10,0.7206,0.00005000,12.8129,191.8497,119.5679
1864,59,14,0.7204,0.00005000,9.4317,194.0097,98.6174
1865,126,20,0.7203,0.00005000,12.0226,191.8720,108.4115
1866,84,12,0.7201,0.00005000,17.0643,193.9293,112.3063
1867,39,11,0.7200,0.00005000,7.8251,184.5248,152.1926
1868,309,25,0.7198,0.00005000,13.8439,200.7470,115.6178
1869,73,14,0.7197,0.00005000,13.7525,190.8844,139.1711
1870,58,12,0.7195,0.00005000,13.4923,194.0764,141.1523
1871,131,16,0.7193,0.00005000,16.5748,203.1321,162.5414
1872,58,13,0.7192,0.00005000,9.6215,223.6888,191.1675
1873,32,9,0.7190,0.00005000,12.2160,190.1864,111.6948
1874,37,9,0.7189,0.00005000,8.2677,187.0108,132.0722
1875,55,13,0.7188,0.00005000,16.4619,192.8080,108.6976
1876,24,5,0.7186,0.00005000,9.7135,193.1767,76.8028
1877,55,11,0.7185,0.00005000,12.8208,197.4745,147.9472
1878,27,7,0.7183,0.00005000,18.5329,193.8803,202.3617
1879,144,17,0.7182,0.00005000,13.6737,203.2708,129.6596
1880,37,9,0.7180,0.00005000,12.0986,193.8845,132.4343
1881,36,9,0.7178,0.00005000,11.4002,189.4194,92.3989
1882,109,14,0.7177,0.00005000,14.1772,200.4883,100.9940
1883,77,12,0.7175,0.00005000,13.6342,195.4970,108.4274
1884,39,9,0.7174,0.00005000,10.3493,193.4425,119.9088
1885,71,13,0.7172,0.00005000,9.1087,198.2088,139.5776
1886,136,17,0.7171,0.00005000,13.3154,207.5559,103.0976
1887,26,8,0.7169,0.00005000,17.8742,191.1565,141.5100
1888,55,12,0.7168,0.00005000,9.0828,193.9988,110.8075
1889,32,7,0.7167,0.00005000,9.7508,192.4769,70.1036
1890,58,10,0.7165,0.00005000,10.8090,194.6561,152.1640
1891,79,12,0.7164,0.00005000,14.5642,195.9626,213.7057
1892,83,17,0.7162,0.00005000,11.6264,197.7050,124.6492
1893,40,10,0.7160,0.00005000,10.8768,195.2152,213.8839
1894,40,9,0.7159,0.00005000,11.5849,192.5218,171.8749
1895,109,17,0.7157,0.00005000,9.5096,198.1075,96.0027
1896,50,11,0.7156,0.00005000,15.2876,192.2991,131.2967
1897,59,13,0.7155,0.00005000,13.6369,194.4078,117.4565
1898,140,17,0.7153,0.00005000,14.9351,201.2027,105.0601
1899,57,12,0.7151,0.00005000,12.5704,195.1481,139.8422
1900,50,10,0.7150,0.00005000,15.1495,195.7676,97.4505
1901,102,15,0.7148,0.00005000,9.9755,199.7210,148.1544
1902,34,9,0.7147,0.00005000,8.8783,199.5910,145.6983
1903,102,16,0.7146,0.00005000,15.0757,195.1275,99.9534
1904,39,9,0.7144,0.00005000,12.3725,197.8090,141.6295
1905,57,12,0.7143,0.00005000,13.6005,191.2186,152.5688
1906,119,16,0.7141,0.00005000,12.1030,198.6223,134.6317
1907,59,12,0.7139,0.00005000,9.2892,198.8525,121.4278
1908,53,12,0.7138,0.00005000,17.8559,198.5943,98.7318
1909,124,18,0.7137,0.00005000,13.8141,200.3077,185.4176
1910,56,10,0.7135,0.00005000,10.7366,198.4550,189.9889
1911,36,9,0.7133,0.00005000,11.4632,194.4002,104.3910
1912,92,17,0.7132,0.00005000,13.7671,192.8210,113.2191
1913,33,8,0.7130,0.00005000,13.4261,197.8533,177.7227
1914,58,14,0.7129,0.00005000,13.2663,197.9717,133.0961
1915,165,16,0.7127,0.00005000,12.4796,194.7930,203.7360
1916,77,16,0.7126,0.00005000,16.5857,196.8936,141.7401
1917,171,19,0.7125,0.00005000,12.2322,202.0905,148.3632
1918,120,19,0.7123,0.00005000,15.2559,198.6607,145.8300
1919,168,18,0.7121,0.00005000,12.8710,204.9976,176.6146
1920,40,9,0.7120,0.00005000,12.1571,196.7509,222.3805
1921,39,9,0.7118,0.00005000,9.5773,199.3528,148.8858
1922,42,11,0.7117,0.00005000,12.3966,196.6850,100.4095
1923,47,9,0.7115,0.00005000,15.0149,195.0958,203.7427
1924,36,9,0.7114,0.00005000,13.9250,201.4715,126.5379
1925,116,14,0.7112,0.00005000,11.5409,200.5087,96.2566
1926,35,9,0.7111,0.00005000,11.5627,200.8362,146.5368
1927,130,16,0.7109,0.00005000,12.3242,205.7619,112.6673
1928,41,12,0.7108,0.00005000,16.5545,198.3495,103.9265
1929,37,10,0.7107,0.00005000,13.9476,199.5932,142.8687
1930,47,14,0.7105,0.00005000,12.6474,195.9841,116.5367
1931,60,12,0.7104,0.00005000,12.5824,196.9862,231.7146
1932,40,11,0.7102,0.00005000,13.5530,200.6808,143.3182
1933,42,11,0.7101,0.00005000,15.1693,196.9936,118.9741
1934,87,13,0.7099,0.00005000,15.1888,193.9934,169.9040
1935,122,16,0.7097,0.00005000,15.1314,206.4124,187.8294
1936,77,15,0.7096,0.00005000,9.8179,194.7388,110.9208
1937,33,8,0.7094,0.00005000,15.3531,197.6797,165.0374
1938,47,9,0.7093,0.00005000,9.6261,199.0620,70.3044
1939,68,14,0.7091,0.00005000,11.0413,202.1611,184.6780
1940,77,12,0.7090,0.00005000,13.9175,198.2058,192.2350
1941,37,10,0.7088,0.00005000,8.3782,205.2308,301.1838
1942,140,16,0.7087,0.00005000,14.3883,199.7712,166.0664
1943,42,11,0.7086,0.00005000,13.9572,198.5682,94.2149
1944,34,7,0.7084,0.00005000,13.2870,203.2843,83.6900
1945,54,11,0.7083,0.00005000,9.6182,196.4632,109.5174
1946,65,11,0.7081,0.00005000,14.3361,197.9586,93.5765
1947,325,20,0.7079,0.00005000,13.5086,213.8921,116.0806
1948,30,8,0.7078,0.00005000,13.1629,194.6466,151.2943
1949,57,10,0.7077,0.00005000,9.8935,200.5406,96.4680
1950,228,19,0.7075,0.00005000,10.8663,214.8464,114.6699
1951,375,24,0.7073,0.00005000,16.0332,220.0616,106.2147
1952,141,19,0.7072,0.00005000,12.5398,205.3208,201.8271
1953,761,29,0.7070,0.00005000,12.0302,228.2542,132.3954
1954,64,15,0.7069,0.00005000,19.0154,205.0949,113.2572
1955,29,7,0.7067,0.00005000,11.6081,199.6762,123.9981
1956,31,8,0.7066,0.00005000,16.6441,204.3000,109.9380
1957,73,14,0.7065,0.00005000,18.6159,203.9705,136.9997
1958,85,14,0.7063,0.00005000,14.1358,207.5012,104.7637
1959,32,8,0.7062,0.00005000,12.2863,203.6272,210.0273
1960,46,11,0.7060,0.00005000,12.2986,205.2721,133.9862
1961,31,7,0.7059,0.00005000,9.4756,203.1477,111.2972
1962,50,10,0.7057,0.00005000,17.0898,203.7543,112.2382
1963,51,11,0.7056,0.00005000,10.9357,200.1297,154.4947
1964,81,13,0.7054,0.00005000,16.6257,208.5077,175.8927
1965,30,8,0.7052,0.00005000,12.1204,200.8375,170.1483
1966,112,13,0.7051,0.00005000,10.3763,203.7453,249.2005
1967,61,13,0.7049,0.00005000,20.9959,200.8386,195.7268
1968,36,8,0.7048,0.00005000,15.5605,202.9040,106.0872
1969,36,11,0.7046,0.00005000,11.3610,200.7625,127.5308
1970,87,14,0.7045,0.00005000,12.2564,201.9271,101.9651
1971,56,12,0.7044,0.00005000,15.9622,194.6377,92.0816
1972,36,9,0.7042,0.00005000,11.5755,199.1103,62.7193
1973,162,22,0.7041,0.00005000,16.1571,210.4617,151.5610
1974,33,10,0.7039,0.00005000,15.7726,191.9926,145.0937
1975,37,10,0.7037,0.00005000,10.2087,202.2174,179.3400
1976,42,10,0.7036,0.00005000,13.3218,199.6673,113.6704
1977,104,17,0.7034,0.00005000,15.0611,200.8226,111.3518
1978,42,10,0.7033,0.00005000,12.8449,199.0895,239.9848
1979,37,12,0.7031,0.00005000,17.0331,198.7259,197.9081
1980,29,7,0.7030,0.00005000,12.3331,200.7384,217.4231
1981,31,7,0.7028,0.00005000,11.5287,205.1354,220.1267
1982,47,11,0.7027,0.00005000,14.1781,198.2055,120.7606
1983,55,12,0.7026,0.00005000,7.8301,203.5193,96.0099
1984,292,30,0.7024,0.00005000,13.7703,202.7806,154.6316
1985,36,9,0.7023,0.00005000,17.6943,199.1081,121.8094
1986,124,16,0.7021,0.00005000,9.8125,211.5894,144.2633
1987,127,15,0.7020,0.00005000,15.2341,208.8946,116.7964
1988,77,11,0.7018,0.00005000,15.8511,209.3416,99.9010
1989,37,8,0.7016,0.00005000,14.1368,205.2387,131.6578
1990,35,9,0.7015,0.00005000,20.3554,203.6115,114.8189
1991,183,18,0.7014,0.00005000,16.2583,206.3805,175.7871
1992,59,11,0.7012,0.00005000,12.7082,211.5967,199.6775
1993,60,14,0.7010,0.00005000,11.9637,203.2400,103.2251
1994,80,13,0.7009,0.00005000,14.8556,211.4330,173.8832
1995,50,11,0.7007,0.00005000,14.3871,211.1821,209.6052
1996,33,8,0.7006,0.00005000,12.6197,209.5257,101.4725
1997,45,10,0.7005,0.00005000,12.8924,202.9207,102.6328
1998,38,9,0.7003,0.00005000,8.0914,202.6382,208.8026
1999,82,13,0.7002,0.00005000,13.8828,210.4240,185.5716
2000,41,11,0.7000,0.00005000,17.1269,202.0453,223.2565
2001,24,6,0.6998,0.00005000,17.5092,203.1296,206.8131
2002,98,13,0.6997,0.00005000,9.4724,208.7845,237.0959
2003,49,11,0.6996,0.00005000,12.8419,208.9766,142.0040
2004,86,15,0.6994,0.00005000,12.9715,197.1969,148.5560
2005,49,10,0.6992,0.00005000,14.2410,207.2663,154.3544
2006,161,18,0.6991,0.00005000,12.9481,214.4545,136.1080
2007,134,17,0.6989,0.00005000,15.7235,208.5531,126.5709
2008,74,13,0.6988,0.00005000,8.7821,206.0210,157.2643
2009,58,11,0.6986,0.00005000,12.9251,207.2541,105.3013
2010,31,8,0.6985,0.00005000,12.4289,208.0870,158.3436
2011,209,23,0.6984,0.00005000,15.0444,217.2788,163.4704
2012,118,13,0.6982,0.00005000,10.6120,217.8602,159.5590
2013,51,10,0.6980,0.00005000,12.5575,209.7827,120.2924
2014,165,18,0.6979,0.00005000,13.2576,211.0879,92.5675
2015,154,19,0.6977,0.00005000,17.0988,209.7933,109.1370
2016,74,14,0.6976,0.00005000,10.0383,201.0933,138.6168
2017,52,11,0.6975,0.00005000,11.1050,208.6256,110.9803
2018,54,10,0.6973,0.00005000,9.9787,204.6108,134.4931
2019,216,19,0.6971,0.00005000,17.6095,222.4895,210.6605
2020,139,17,0.6970,0.00005000,13.7414,210.6121,248.6117
2021,227,20,0.6968,0.00005000,12.0530,217.4854,128.0715
2022,40,10,0.6967,0.00005000,12.3706,210.0026,149.1471
2023,36,10,0.6966,0.00005000,15.4404,201.7082,138.3474
2024,57,13,0.6964,0.00005000,21.0116,204.5241,106.2316
2025,123,17,0.6963,0.00005000,12.2608,210.3987,112.7041
2026,174,19,0.6961,0.00005000,13.7882,219.4787,93.6489
2027,108,18,0.6960,0.00005000,14.2812,206.1936,126.5607
2028,81,17,0.6958,0.00005000,12.9390,211.9639,176.2097
2029,40,10,0.6956,0.00005000,12.5275,210.4370,140.0020
2030,86,14,0.6955,0.00005000,12.6429,208.3147,190.8909
2031,38,9,0.6953,0.00005000,11.5447,207.7077,81.9705
2032,115,17,0.6952,0.00005000,11.5537,208.9361,115.7942
2033,119,16,0.6950,0.00005000,13.7459,206.2017,131.4117
2034,44,9,0.6949,0.00005000,16.5858,206.2770,118.8671
2035,38,8,0.6947,0.00005000,10.7596,206.0961,119.3873
2036,53,12,0.6946,0.00005000,13.1846,206.5746,120.3518
2037,71,15,0.6945,0.00005000,11.3987,204.9023,163.5162
2038,196,22,0.6943,0.00005000,15.9307,222.9409,131.7628
2039,39,8,0.6942,0.00005000,13.2969,213.8862,118.8277
2040,52,11,0.6940,0.00005000,11.4927,207.5013,142.7658
2041,43,10,0.6938,0.00005000,15.7999,209.5646,96.7682
2042,71,13,0.6937,0.00005000,13.7016,210.5404,143.3031
2043,27,7,0.6935,0.00005000,14.0221,205.4077,94.8904
2044,50,9,0.6934,0.00005000,9.9805,213.8490,135.5475
2045,51,11,0.6932,0.00005000,14.5885,211.2794,77.4862
2046,118,14,0.6931,0.00005000,16.6339,239.7860,118.4051
2047,101,16,0.6929,0.00005000,15.9511,210.0585,88.9189
2048,43,11,0.6928,0.00005000,11.7370,207.6157,171.4828
2049,52,10,0.6926,0.00005000,12.2957,209.1282,96.6491
2050,30,7,0.6925,0.00005000,16.3101,204.9105,153.0504
2051,98,16,0.6924,0.00005000,12.8327,211.1176,133.9901
2052,41,12,0.6922,0.00005000,10.1827,200.4488,116.5364
2053,144,18,0.6921,0.00005000,15.3318,219.8125,144.6323
2054,55,11,0.6919,0.00005000,11.1190,213.1020,220.2124
2055,32,8,0.6917,0.00005000,16.3413,208.6921,150.8689
2056,75,11,0.6916,0.00005000,11.1931,212.0658,186.3611
2057,90,15,0.6915,0.00005000,11.9757,218.0542,170.5317
2058,73,11,0.6913,0.00005000,13.4458,207.8463,254.0882
2059,32,7,0.6911,0.00005000,11.6421,214.2085,86.1477
2060,34,9,0.6910,0.00005000,18.7178,215.0088,110.7222
2061,37,8,0.6908,0.00005000,10.2268,220.1461,94.4076
2062,545,25,0.6907,0.00005000,11.0550,235.1870,126.3976
2063,36,7,0.6905,0.00005000,17.5869,215.1282,102.1312
2064,37,10,0.6904,0.00005000,19.9987,206.4012,152.8002
2065,32,8,0.6903,0.00005000,8.9534,211.0764,110.4484
2066,92,16,0.6901,0.00005000,11.4552,225.5270,112.4890
2067,56,12,0.6900,0.00005000,10.0682,215.2866,118.4651
2068,30,8,0.6898,0.00005000,12.6171,211.9826,154.6077
2069,37,10,0.6896,0.00005000,16.0581,209.0063,218.8654
2070,74,15,0.6895,0.00005000,15.9847,209.2763,133.6738
2071,129,22,0.6893,0.00005000,14.1556,231.9266,134.9182
2072,55,11,0.6892,0.00005000,15.4161,218.8378,101.3731
2073,91,16,0.6890,0.00005000,11.8675,216.5763,134.0613
2074,41,10,0.6889,0.00005000,15.6382,220.3560,150.4054
2075,38,9,0.6887,0.00005000,14.8597,215.7287,143.7369
2076,34,9,0.6886,0.00005000,11.7317,213.6720,162.3071
2077,120,17,0.6885,0.00005000,15.1167,216.0165,117.8852
2078,74,14,0.6883,0.00005000,16.3430,216.4179,93.1679
2079,44,12,0.6882,0.00005000,16.1205,214.3458,116.9249
2080,66,11,0.6880,0.00005000,11.3577,214.0851,139.7948
2081,36,8,0.6879,0.00005000,12.8227,212.7324,152.8024
2082,35,9,0.6877,0.00005000,11.8855,211.2430,143.6446
2083,56,11,0.6875,0.00005000,12.9562,216.9141,215.9290
2084,36,10,0.6874,0.00005000,11.4466,215.2811,214.8963
2085,74,12,0.6873,0.00005000,13.9985,213.6886,114.6157
2086,32,10,0.6871,0.00005000,9.7672,211.0553,157.9643
2087,70,13,0.6869,0.00005000,9.6860,209.3666,208.1993
2088,63,11,0.6868,0.00005000,11.4933,215.0528,143.6165
2089,39,11,0.6866,0.00005000,14.9119,213.0557,69.2718
2090,29,7,0.6865,0.00005000,9.8810,211.9747,157.0087
2091,97,14,0.6864,0.00005000,14.8370,217.1444,194.3760
2092,40,11,0.6862,0.00005000,13.8282,213.6683,222.1325
2093,113,14,0.6861,0.00005000,11.0523,216.7481,116.7484
2094,191,21,0.6859,0.00005000,15.0558,224.2553,188.8817
2095,161,18,0.6857,0.00005000,14.5868,219.9626,200.7737
2096,39,10,0.6856,0.00005000,16.4333,212.3146,252.5416
2097,57,12,0.6855,0.00005000,14.2758,217.8289,133.6562
2098,92,14,0.6853,0.00005000,12.4674,216.1629,178.3872
2099,33,8,0.6851,0.00005000,10.5788,216.2119,159.5985
2100,38,9,0.6850,0.00005000,15.3359,219.1664,256.1975
2101,53,12,0.6848,0.00005000,12.9376,216.2580,140.4706
2102,133,16,0.6847,0.00005000,11.4210,231.2345,178.8627
2103,44,9,0.6845,0.00005000,12.9006,216.3710,164.7199
2104,108,16,0.6844,0.00005000,11.6321,221.9015,202.8467
2105,227,18,0.6843,0.00005000,16.1915,226.6705,121.4969
2106,39,10,0.6841,0.00005000,13.2382,221.9021,148.5254
2107,121,15,0.6840,0.00005000,14.0693,224.6377,91.8525
2108,64,11,0.6838,0.00005000,14.5340,216.3627,106.5611
2109,53,12,0.6837,0.00005000,15.0805,215.2218,127.1356
2110,39,9,0.6835,0.00005000,10.5994,214.3192,93.7957
2111,25,5,0.6834,0.00005000,12.3780,220.3226,169.5346
2112,99,16,0.6832,0.00005000,17.0102,219.8910,144.7215
2113,38,10,0.6830,0.00005000,15.5370,215.6161,81.7521
2114,89,17,0.6829,0.00005000,17.4004,208.7553,136.4338
2115,118,18,0.6827,0.00005000,16.6740,221.0907,144.6719
2116,63,13,0.6826,0.00005000,17.3646,214.0532,141.5609
2117,43,9,0.6825,0.00005000,15.5722,216.3012,188.0863
2118,293,24,0.6823,0.00005000,13.4086,235.8506,121.9713
2119,79,12,0.6822,0.00005000,12.2259,219.4132,145.4886
2120,103,17,0.6820,0.00005000,13.2319,223.5526,165.5759
2121,62,13,0.6819,0.00005000,12.7510,209.5929,129.0512
2122,36,9,0.6817,0.00005000,16.5354,208.3445,205.9878
2123,87,13,0.6815,0.00005000,14.2046,220.2974,208.0803
2124,57,11,0.6814,0.00005000,11.2681,216.9927,105.4900
2125,34,8,0.6812,0.00005000,10.1582,217.6164,111.5535
2126,53,12,0.6811,0.00005000,13.6006,215.0721,142.1305
2127,57,11,0.6809,0.00005000,9.4536,220.0930,109.2672
2128,58,12,0.6808,0.00005000,13.1816,218.1757,140.7350
2129,47,10,0.6806,0.00005000,13.9868,218.9566,112.6561
2130,35,9,0.6805,0.00005000,17.3952,219.5410,143.7068
2131,173,19,0.6804,0.00005000,16.9939,220.2541,129.7729
2132,54,11,0.6802,0.00005000,11.8669,218.1545,114.9054
2133,52,11,0.6801,0.00005000,11.6302,215.2768,124.9544
2134,46,11,0.6799,0.00005000,18.3540,220.0218,111.2833
2135,36,10,0.6797,0.00005000,13.2683,216.0304,74.0805
2136,73,13,0.6796,0.00005000,12.9892,221.1425,112.9128
2137,164,18,0.6794,0.00005000,10.5737,222.5261,191.6043
2138,102,16,0.6793,0.00005000,17.5727,217.2446,189.4517
2139,79,13,0.6792,0.00005000,10.7780,221.6096,253.3475
2140,55,12,0.6790,0.00005000,13.5601,245.5379,150.7827
2141,69,12,0.6788,0.00005000,14.8810,215.6191,184.0529
2142,43,11,0.6787,0.00005000,15.9107,214.1132,200.7440
2143,143,19,0.6785,0.00005000,12.5719,225.9580,234.4330
2144,33,9,0.6784,0.00005000,10.7710,218.4770,120.3446
2145,225,19,0.6783,0.00005000,15.6789,224.2171,190.1186
2146,122,19,0.6781,0.00005000,15.9887,223.9116,152.6558
2147,149,19,0.6780,0.00005000,9.7119,218.1488,215.2079
2148,41,11,0.6778,0.00005000,16.1661,214.6457,60.2208
2149,34,9,0.6776,0.00005000,12.6619,217.1455,133.3566
2150,36,7,0.6775,0.00005000,16.0551,219.7586,137.1774
2151,35,9,0.6774,0.00005000,11.8604,220.2993,144.4753
2152,271,28,0.6772,0.00005000,18.0362,226.2561,168.1106
2153,38,7,0.6770,0.00005000,15.0352,218.8247,126.4637
2154,55,11,0.6769,0.00005000,16.2429,220.0580,164.7363
2155,90,14,0.6767,0.00005000,17.2012,223.4761,161.6027
2156,127,17,0.6766,0.00005000,14.2289,220.4029,172.1722
2157,94,14,0.6764,0.00005000,15.3257,221.5275,84.0133
2158,83,13,0.6763,0.00005000,11.3397,223.8798,161.0965
2159,146,21,0.6762,0.00005000,12.6041,231.1411,158.5139
2160,62,13,0.6760,0.00005000,16.2541,221.3964,281.6980
2161,39,10,0.6758,0.00005000,13.8514,221.6842,229.4468
2162,60,14,0.6757,0.00005000,16.3393,223.5365,237.3609
2163,34,9,0.6755,0.00005000,15.8957,212.5468,104.7464
2164,65,13,0.6754,0.00005000,11.3595,224.0588,161.5721
2165,47,10,0.6752,0.00005000,11.9607,221.6782,167.6027
2166,31,8,0.6751,0.00005000,14.8459,217.8125,128.5002
2167,36,9,0.6749,0.00005000,10.2599,216.0862,256.8422
2168,306,25,0.6748,0.00005000,18.8740,226.1206,176.8142
2169,58,13,0.6746,0.00005000,13.9627,221.1077,131.0612
2170,36,9,0.6745,0.00005000,16.9488,224.3703,133.0851
2171,173,20,0.6744,0.00005000,13.4747,224.1225,118.5104
2172,33,9,0.6742,0.00005000,6.7446,217.4379,174.3674
2173,47,13,0.6741,0.00005000,6.9447,216.2463,219.4317
2174,56,12,0.6739,0.00005000,18.2960,216.0478,204.7184
2175,93,15,0.6738,0.00005000,20.4883,217.6094,221.7335
2176,38,9,0.6736,0.00005000,19.0340,212.7226,234.1267
2177,62,14,0.6734,0.00005000,12.0049,229.5246,275.4224
2178,37,10,0.6733,0.00005000,14.3344,212.7534,265.6721
2179,43,12,0.6731,0.00005000,12.3344,222.9809,127.8898
2180,60,13,0.6730,0.00005000,18.7860,217.7667,108.4558
2181,41,9,0.6728,0.00005000,12.5990,219.5717,112.4046
2182,233,20,0.6727,0.00005000,20.9953,230.6810,102.5319
2183,100,15,0.6725,0.00005000,13.3391,222.9311,109.6845
2184,85,14,0.6724,0.00005000,15.2686,226.4090,79.9878
2185,112,16,0.6723,0.00005000,20.1749,224.3352,166.6452
2186,121,16,0.6721,0.00005000,13.7016,228.2597,118.5239
2187,40,10,0.6720,0.00005000,8.8105,216.6199,111.6172
2188,52,9,0.6718,0.00005000,18.3444,225.7136,95.6865
2189,45,9,0.6716,0.00005000,16.8736,220.4167,101.1267
2190,33,10,0.6715,0.00005000,18.3313,217.8940,165.1599
2191,142,18,0.6714,0.00005000,12.9171,230.4459,112.0444
2192,161,15,0.6712,0.00005000,11.4561,233.3762,190.5315
2193,31,8,0.6710,0.00005000,12.8432,219.6904,193.7860
2194,40,10,0.6709,0.00005000,12.4369,222.7858,221.6345
2195,30,9,0.6707,0.00005000,15.6673,220.1395,164.6119
2196,67,13,0.6706,0.00005000,12.0203,223.3288,109.2489
2197,39,10,0.6704,0.00005000,10.1553,222.7388,111.9445
2198,32,9,0.6703,0.00005000,14.2774,222.6769,121.3587
2199,34,8,0.6702,0.00005000,13.5091,223.7136,72.7305
2200,36,9,0.6700,0.00005000,14.2907,220.3024,173.7146
2201,71,11,0.6699,0.00005000,14.6989,222.0950,191.5488
2202,37,9,0.6697,0.00005000,15.3959,219.7379,160.9394
2203,26,6,0.6696,0.00005000,16.2814,216.5370,140.0365
2204,39,9,0.6694,0.00005000,15.1017,220.0018,135.6472
2205,41,11,0.6693,0.00005000,16.1128,213.4899,134.0127
2206,88,16,0.6691,0.00005000,14.6917,224.5175,129.8587
2207,24,5,0.6689,0.00005000,11.9868,222.4221,184.5285
2208,366,39,0.6688,0.00005000,13.3981,231.5402,149.7034
2209,67,14,0.6686,0.00005000,15.2531,222.7330,139.7733
2210,50,10,0.6685,0.00005000,11.8646,219.5334,241.6077
2211,35,10,0.6683,0.00005000,15.5275,216.7865,92.9334
2212,79,12,0.6682,0.00005000,14.5562,223.1873,118.9305
2213,31,8,0.6681,0.00005000,19.2829,224.3295,126.1552
2214,51,10,0.6679,0.00005000,14.3917,215.5796,115.2094
2215,84,14,0.6678,0.00005000,13.5152,226.1771,152.8030
2216,55,11,0.6676,0.00005000,11.9021,218.6023,181.0794
2217,34,8,0.6674,0.00005000,18.2205,220.4837,113.8497
2218,185,20,0.6673,0.00005000,12.4639,225.3866,149.7155
2219,51,10,0.6671,0.00005000,15.1008,229.1576,203.4467
2220,55,11,0.6670,0.00005000,15.6031,218.8888,123.6115
2221,38,11,0.6668,0.00005000,13.8146,221.3350,104.6012
2222,57,11,0.6667,0.00005000,15.0496,221.0279,181.7125
2223,60,13,0.6665,0.00005000,14.2006,226.4368,160.0988
2224,83,15,0.6664,0.00005000,16.4185,228.9093,188.0207
2225,54,12,0.6663,0.00005000,17.0103,219.5040,192.7390
2226,172,19,0.6661,0.00005000,12.7094,235.6150,174.2324
2227,68,13,0.6660,0.00005000,15.8249,222.8888,139.0700
2228,53,11,0.6658,0.00005000,16.4418,213.0602,113.2361
2229,127,17,0.6657,0.00005000,14.0130,222.4120,100.7238
2230,37,10,0.6655,0.00005000,12.3914,225.1384,120.8037
2231,39,11,0.6653,0.00005000,14.2756,226.0843,122.5277
2232,57,12,0.6652,0.00005000,12.2576,218.1615,127.7380
2233,90,17,0.6651,0.00005000,13.6126,228.1148,115.3750
2234,35,10,0.6649,0.00005000,12.4565,221.5389,155.4791
2235,110,18,0.6647,0.00005000,15.6090,223.6847,149.9276
2236,125,18,0.6646,0.00005000,17.2913,229.5274,143.2807
2237,62,14,0.6644,0.00005000,18.1849,219.9300,168.8322
2238,38,9,0.6643,0.00005000,14.3006,222.7912,225.3214
2239,38,9,0.6642,0.00005000,17.2502,221.6591,98.3559
2240,64,13,0.6640,0.00005000,14.4327,227.9713,124.6589
2241,35,9,0.6639,0.00005000,16.0553,215.5704,105.8555
2242,25,7,0.6637,0.00005000,11.7616,220.9714,131.7087
2243,87,15,0.6635,0.00005000,14.1706,211.7212,114.2459
2244,55,10,0.6634,0.00005000,14.0528,221.4953,117.1706
2245,54,11,0.6633,0.00005000,11.1876,222.1655,126.4503
2246,367,25,0.6631,0.00005000,13.0601,229.3999,112.0912
2247,48,10,0.6629,0.00005000,11.9175,223.3967,108.3343
2248,201,16,0.6628,0.00005000,14.9851,223.4880,103.8619
2249,54,11,0.6626,0.00005000,12.5737,223.9364,86.8745
2250,85,15,0.6625,0.00005000,15.5752,221.0299,113.6734
2251,36,9,0.6623,0.00005000,14.4328,227.1028,170.6952
2252,53,10,0.6622,0.00005000,18.4390,227.9303,89.1654
2253,57,14,0.6621,0.00005000,11.0447,220.8880,149.1597
2254,28,8,0.6619,0.00005000,10.5779,223.2526,142.8739
2255,103,18,0.6617,0.00005000,9.8034,228.6867,146.4214
2256,53,11,0.6616,0.00005000,14.2301,223.6096,135.0483
2257,41,10,0.6614,0.00005000,20.8662,223.9254,182.3612
2258,37,12,0.6613,0.00005000,11.6927,225.1759,107.4442
2259,192,19,0.6612,0.00005000,8.5012,234.1651,168.0008
2260,83,13,0.6610,0.00005000,15.0125,229.5956,185.8870
2261,82,15,0.6608,0.00005000,15.9651,223.7424,153.7765
2262,61,13,0.6607,0.00005000,10.9524,234.0182,130.0383
2263,38,8,0.6605,0.00005000,14.8021,221.1872,107.1053
2264,51,11,0.6604,0.00005000,9.1652,231.4665,112.2618
2265,174,20,0.6603,0.00005000,14.5495,224.6677,143.3934
2266,75,13,0.6601,0.00005000,15.7769,218.2086,136.3913
2267,37,10,0.6600,0.00005000,18.8404,221.0234,102.7835
2268,39,10,0.6598,0.00005000,17.8960,226.6895,119.4451
2269,76,13,0.6597,0.00005000,12.6741,226.7114,93.5869
2270,72,13,0.6595,0.00005000,17.5653,223.5532,82.7643
2271,172,18,0.6593,0.00005000,13.2563,230.6028,101.6645
2272,119,15,0.6592,0.00005000,12.1972,226.7695,166.3096
2273,62,13,0.6590,0.00005000,10.5988,229.8611,197.7994
2274,45,13,0.6589,0.00005000,11.0910,225.6912,153.9742
2275,79,12,0.6587,0.00005000,16.9133,223.7169,143.8834
2276,74,13,0.6586,0.00005000,16.4723,228.2317,119.8709
2277,31,10,0.6584,0.00005000,15.7129,223.9303,189.9421
2278,468,26,0.6583,0.00005000,13.1911,244.6566,174.4996
2279,58,12,0.6582,0.00005000,14.0946,224.3375,121.3762
2280,40,9,0.6580,0.00005000,11.3205,226.7980,164.4140
2281,77,16,0.6579,0.00005000,18.4927,222.9002,139.7527
2282,39,9,0.6577,0.00005000,15.2726,227.6653,146.1793
2283,133,18,0.6575,0.00005000,15.3412,231.3407,104.6149
2284,56,10,0.6574,0.00005000,12.9555,225.8921,108.5210
2285,38,11,0.6572,0.00005000,12.4965,226.0705,165.1864
2286,363,21,0.6571,0.00005000,13.0348,241.8828,122.7871
2287,161,16,0.6569,0.00005000,13.9510,235.5367,165.5211
2288,42,10,0.6568,0.00005000,10.0182,224.2958,309.3123
2289,60,13,0.6566,0.00005000,14.5155,224.7141,205.3032
2290,36,11,0.6565,0.00005000,10.8620,232.1581,134.9401
2291,43,13,0.6563,0.00005000,13.7631,220.6739,184.8482
2292,169,17,0.6562,0.00005000,13.9341,230.7100,155.9210
2293,52,10,0.6561,0.00005000,12.8923,228.6267,170.5563
2294,64,10,0.6559,0.00005000,12.7843,227.2715,114.8240
2295,29,7,0.6558,0.00005000,11.1768,221.3713,224.8727
2296,33,7,0.6556,0.00005000,18.3743,232.0943,258.2153
2297,38,8,0.6554,0.00005000,11.2151,234.6379,170.5660
2298,122,20,0.6553,0.00005000,14.5347,225.4295,161.5108
2299,44,8,0.6552,0.00005000,18.6593,232.2808,162.1849
2300,33,8,0.6550,0.00005000,16.5063,222.9705,132.7416
2301,38,9,0.6548,0.00005000,15.7387,233.5944,75.8141
2302,55,12,0.6547,0.00005000,14.9793,221.2365,159.6222
2303,47,10,0.6545,0.00005000,11.3390,232.3045,113.5795
2304,81,13,0.6544,0.00005000,12.8611,235.2633,122.1457
2305,45,11,0.6542,0.00005000,17.2201,227.8422,166.7298
2306,73,14,0.6541,0.00005000,11.4952,229.9290,152.2737
2307,74,16,0.6540,0.00005000,17.6620,229.4761,105.8601
2308,37,9,0.6538,0.00005000,14.3101,228.0158,124.4781
2309,124,17,0.6536,0.00005000,13.8605,232.3674,164.8256
2310,36,9,0.6535,0.00005000,18.8042,230.4924,149.1545
2311,80,16,0.6533,0.00005000,14.9667,223.3960,178.9981
2312,74,13,0.6532,0.00005000,12.7884,233.2319,163.1141
2313,70,12,0.6530,0.00005000,19.5795,232.9740,139.3739
2314,169,15,0.6529,0.00005000,11.2458,237.4510,89.9658
2315,41,11,0.6527,0.00005000,11.2827,230.5508,94.9141
2316,51,12,0.6526,0.00005000,12.9892,226.5806,79.6762
2317,127,17,0.6524,0.00005000,11.6337,237.8094,110.9256
2318,80,13,0.6523,0.00005000,11.5050,222.9429,105.6603
2319,80,17,0.6522,0.00005000,18.0331,231.6410,91.6581
2320,46,9,0.6520,0.00005000,22.9880,220.4850,203.2235
2321,54,12,0.6519,0.00005000,12.1679,231.8882,124.9022
2322,136,18,0.6517,0.00005000,17.6615,231.2214,134.3229
2323,53,11,0.6516,0.00005000,12.0968,231.8354,175.3826
2324,126,17,0.6514,0.00005000,16.3497,229.8254,168.0120
2325,53,11,0.6512,0.00005000,14.8835,233.2098,208.6195
2326,88,13,0.6511,0.00005000,18.9756,232.5566,232.2882
2327,92,14,0.6510,0.00005000,16.9654,227.9388,264.5481
2328,165,22,0.6508,0.00005000,19.0508,231.1867,192.2345
2329,41,12,0.6506,0.00005000,14.4135,232.9594,160.3839
2330,58,12,0.6505,0.00005000,14.9165,224.6329,162.8151
2331,53,12,0.6503,0.00005000,12.4281,227.8867,127.7114
2332,31,9,0.6502,0.00005000,14.6602,222.0352,138.1244
2333,36,9,0.6501,0.00005000,12.0025,225.6488,119.1570
2334,56,12,0.6499,0.00005000,12.7289,230.5541,136.5547
2335,142,20,0.6498,0.00005000,14.1184,233.1241,125.0690
2336,38,10,0.6496,0.00005000,11.7986,237.4601,215.3946
2337,223,26,0.6494,0.00005000,16.2109,242.3694,118.8537
2338,131,18,0.6493,0.00005000,12.6529,244.6990,158.6320
2339,87,14,0.6492,0.00005000,17.6733,228.5136,184.6988
2340,392,30,0.6490,0.00005000,14.6740,238.2088,163.8488
2341,89,16,0.6488,0.00005000,15.6638,232.0832,111.7495
2342,80,15,0.6487,0.00005000,17.0917,229.2347,143.8916
2343,49,10,0.6485,0.00005000,13.9164,230.4859,157.0874
2344,23,6,0.6484,0.00005000,15.5722,229.2329,160.9146
2345,30,9,0.6482,0.00005000,12.1720,224.1518,145.6262
2346,122,15,0.6481,0.00005000,16.7934,233.8238,151.0959
2347,38,10,0.6480,0.00005000,13.1858,228.7861,163.0603
2348,73,13,0.6478,0.00005000,11.7125,235.5614,92.3664
2349,165,16,0.6477,0.00005000,11.7293,233.2486,173.7873
2350,45,10,0.6475,0.00005000,19.9777,232.0421,115.2660
2351,105,17,0.6474,0.00005000,11.4395,236.1644,139.5716
2352,101,16,0.6472,0.00005000,14.5067,226.9357,137.4106
2353,164,19,0.6471,0.00005000,15.1181,233.0534,110.0869
2354,87,14,0.6469,0.00005000,11.7504,241.6828,136.0883
2355,26,7,0.6467,0.00005000,16.7789,233.4551,93.1167
2356,45,9,0.6466,0.00005000,15.9461,224.6482,80.4681
2357,40,7,0.6464,0.00005000,14.2019,232.0797,86.4060
2358,29,7,0.6463,0.00005000,12.9035,229.0800,67.3962
2359,170,17,0.6462,0.00005000,19.6956,233.4637,111.9028
2360,293,20,0.6460,0.00005000,14.9661,249.9754,147.3157
2361,163,20,0.6459,0.00005000,16.2597,241.2891,245.7376
2362,44,11,0.6457,0.00005000,10.6809,231.6021,193.0429
2363,55,11,0.6456,0.00005000,8.9181,238.7193,162.6359
2364,57,12,0.6454,0.00005000,14.7675,237.6323,142.3181
2365,54,12,0.6452,0.00005000,6.7796,232.1207,94.1877
2366,57,12,0.6451,0.00005000,13.4949,216.9781,195.8026
2367,32,9,0.6449,0.00005000,9.7577,226.6989,234.8936
2368,89,15,0.6448,0.00005000,16.9634,235.4046,149.5380
2369,32,9,0.6446,0.00005000,18.8195,227.8844,167.3528
2370,139,19,0.6445,0.00005000,13.2672,237.1707,106.5025
2371,35,10,0.6443,0.00005000,17.4975,230.7765,196.4514
2372,130,17,0.6442,0.00005000,16.1788,243.7252,176.2089
2373,113,16,0.6441,0.00005000,12.0474,237.5361,125.7801
2374,38,9,0.6439,0.00005000,19.2527,234.3218,199.5712
2375,210,22,0.6438,0.00005000,13.9607,243.5557,133.4747
2376,52,10,0.6436,0.00005000,16.3163,236.8972,120.4039
2377,36,8,0.6434,0.00005000,16.4669,235.0914,106.8210
2378,35,9,0.6433,0.00005000,18.5375,232.5564,121.5770
2379,58,12,0.6431,0.00005000,17.7745,235.3609,145.4939
2380,56,12,0.6430,0.00005000,11.1740,238.5181,133.0538
2381,75,10,0.6429,0.00005000,11.6276,241.9115,198.4132
2382,29,7,0.6427,0.00005000,14.8848,242.8798,214.2559
2383,83,14,0.6425,0.00005000,10.6113,231.1987,89.5931
2384,39,8,0.6424,0.00005000,15.7448,236.4404,180.1709
2385,37,9,0.6422,0.00005000,15.6950,237.1248,141.1895
2386,77,16,0.6421,0.00005000,11.9592,230.1093,153.9818
2387,209,24,0.6420,0.00005000,15.5315,240.9393,146.6503
2388,58,13,0.6418,0.00005000,17.2088,240.7848,231.3988
2389,146,20,0.6417,0.00005000,14.1013,236.9149,146.2618
2390,50,11,0.6415,0.00005000,14.1671,233.1792,214.3707
2391,26,8,0.6413,0.00005000,11.6426,236.5582,252.0461
2392,38,10,0.6412,0.00005000,16.2925,237.2604,268.2915
2393,288,18,0.6411,0.00005000,13.6568,240.1276,258.8550
2394,83,13,0.6409,0.00005000,18.7526,232.6688,142.5210
2395,32,7,0.6407,0.00005000,9.5781,233.7676,130.1160
2396,50,12,0.6406,0.00005000,11.7629,234.6644,211.8840
2397,201,18,0.6404,0.00005000,13.1271,240.8086,215.1438
2398,73,14,0.6403,0.00005000,18.2213,229.4077,159.2355
2399,113,13,0.6401,0.00005000,14.3731,240.0708,160.7920
2400,99,14,0.6400,0.00005000,13.8725,236.6672,141.0155
2401,101,16,0.6399,0.00005000,13.6891,235.5699,201.1380
2402,56,13,0.6397,0.00005000,18.4770,232.7590,236.7166
2403,118,17,0.6395,0.00005000,12.8649,238.7128,165.3719
2404,208,15,0.6394,0.00005000,11.4629,245.4313,90.9184
2405,80,13,0.6392,0.00005000,15.3028,230.2546,91.2682
2406,49,9,0.6391,0.00005000,13.8313,232.7835,151.0994
2407,34,8,0.6389,0.00005000,13.9513,237.0043,156.3342
2408,54,12,0.6388,0.00005000,16.7069,237.9711,210.4546
2409,164,18,0.6386,0.00005000,10.6798,237.3153,165.2457
2410,57,12,0.6385,0.00005000,21.1404,242.7219,168.5765
2411,45,8,0.6383,0.00005000,11.8787,236.5172,212.2270
2412,37,9,0.6382,0.00005000,16.4866,228.7135,138.9517
2413,60,12,0.6381,0.00005000,16.9397,235.9202,195.0788
2414,166,20,0.6379,0.00005000,13.3830,247.3246,144.1583
2415,55,11,0.6378,0.00005000,11.0505,240.0520,206.4679
2416,78,15,0.6376,0.00005000,13.2612,225.2825,196.3881
2417,43,10,0.6375,0.00005000,13.1188,238.3078,136.6640
2418,169,21,0.6373,0.00005000,13.8879,242.3856,115.1850
2419,80,15,0.6371,0.00005000,9.4144,237.9650,280.7497
2420,41,11,0.6370,0.00005000,15.7964,238.0787,156.5610
2421,38,9,0.6368,0.00005000,21.2120,234.8815,98.6634
2422,57,11,0.6367,0.00005000,18.3006,233.6745,156.9952
2423,46,10,0.6365,0.00005000,16.6646,235.9390,158.3825
2424,81,15,0.6364,0.00005000,17.5928,223.1930,146.5521
2425,59,15,0.6362,0.00005000,11.8799,238.1348,226.3616
2426,30,7,0.6361,0.00005000,12.3002,232.9383,96.6055
2427,55,11,0.6360,0.00005000,14.6512,235.5494,102.6646
2428,30,8,0.6358,0.00005000,17.8771,237.2247,121.6501
2429,29,7,0.6357,0.00005000,15.1438,229.7435,113.4757
2430,97,18,0.6355,0.00005000,12.0235,235.6599,115.9310
2431,166,18,0.6353,0.00005000,16.3185,240.3489,142.8822
2432,50,10,0.6352,0.00005000,13.6997,241.1886,116.0365
2433,47,9,0.6350,0.00005000,11.0183,235.4274,240.2278
2434,395,28,0.6349,0.00005000,11.5981,248.2173,121.4059
2435,149,19,0.6347,0.00005000,15.9844,243.7763,146.1053
2436,40,10,0.6346,0.00005000,14.8814,239.5615,115.9198
2437,49,10,0.6344,0.00005000,12.8722,231.0913,287.8314
2438,28,7,0.6343,0.00005000,18.1007,232.3308,245.1614
2439,33,8,0.6341,0.00005000,11.8874,237.6623,249.7337
2440,34,8,0.6340,0.00005000,10.4584,242.1173,182.1862
2441,219,22,0.6339,0.00005000,14.2160,240.9809,177.7557
2442,64,12,0.6337,0.00005000,19.9548,238.8263,178.9043
2443,38,10,0.6336,0.00005000,24.0763,236.2111,169.3223
2444,37,8,0.6334,0.00005000,16.7208,235.0805,165.2753
2445,61,12,0.6333,0.00005000,11.1201,241.9367,193.9737
2446,84,14,0.6331,0.00005000,15.6604,243.1904,206.9033
2447,67,12,0.6330,0.00005000,12.4699,234.5125,220.6307
2448,189,21,0.6328,0.00005000,15.6950,241.4900,192.3272
2449,30,8,0.6326,0.00005000,13.7742,234.8939,210.6687
2450,54,11,0.6325,0.00005000,16.7562,241.7024,163.4417
2451,46,14,0.6323,0.00005000,14.3803,232.6381,230.7389
2452,54,12,0.6322,0.00005000,17.7434,233.3766,157.6468
2453,118,16,0.6321,0.00005000,13.8223,239.2654,155.6503
2454,50,11,0.6319,0.00005000,15.9416,238.8106,192.0595
2455,29,8,0.6318,0.00005000,12.7145,233.4148,140.6620
2456,17,5,0.6316,0.00005000,16.3579,242.2591,158.3187
2457,80,16,0.6315,0.00005000,15.5572,238.0254,167.2168
2458,409,28,0.6313,0.00005000,14.3629,249.5763,176.5615
2459,122,15,0.6311,0.00005000,13.8261,246.1962,151.0758
2460,34,10,0.6310,0.00005000,16.1243,236.4479,134.4065
2461,45,12,0.6308,0.00005000,11.1852,228.5048,136.9357
2462,55,11,0.6307,0.00005000,13.7253,242.3126,115.5580
2463,48,10,0.6305,0.00005000,11.2627,240.1653,251.1389
2464,72,10,0.6304,0.00005000,13.8103,238.9113,181.2533
2465,218,24,0.6302,0.00005000,15.9452,247.5588,157.5429
2466,166,19,0.6301,0.00005000,13.8721,247.3328,143.8928
2467,34,10,0.6300,0.00005000,12.9617,243.4738,169.7261
2468,43,12,0.6298,0.00005000,20.9965,236.2567,132.0368
2469,32,8,0.6297,0.00005000,12.7540,241.3497,175.9740
2470,53,9,0.6295,0.00005000,7.9229,244.8742,185.4519
2471,40,9,0.6294,0.00005000,12.2623,238.5850,87.4677
2472,146,18,0.6292,0.00005000,12.8136,244.7698,221.7263
2473,200,22,0.6290,0.00005000,20.3950,246.6761,111.9510
2474,89,14,0.6289,0.00005000,13.5063,233.9795,152.4627
2475,80,12,0.6288,0.00005000,14.2095,234.8550,173.5748
2476,48,10,0.6286,0.00005000,14.4114,238.2192,123.6758
2477,117,16,0.6284,0.00005000,16.0621,238.7732,92.8293
2478,122,16,0.6283,0.00005000,13.1324,242.8819,119.3874
2479,217,20,0.6281,0.00005000,13.4233,244.7573,148.1713
2480,29,7,0.6280,0.00005000,15.4051,237.8314,84.5260
2481,53,8,0.6279,0.00005000,17.2746,246.5907,101.4706
2482,122,15,0.6277,0.00005000,15.8523,245.3702,210.0022
2483,50,10,0.6276,0.00005000,15.8327,239.0614,156.3543
2484,41,10,0.6274,0.00005000,14.9624,233.2171,186.5711
2485,48,10,0.6272,0.00005000,16.1410,234.2341,144.1202
2486,57,13,0.6271,0.00005000,19.6506,233.5195,96.9203
2487,30,7,0.6270,0.00005000,10.6176,239.6818,87.3768
2488,98,15,0.6268,0.00005000,19.0973,244.1184,151.2406
2489,39,11,0.6266,0.00005000,10.7565,239.6037,218.3236
2490,80,15,0.6265,0.00005000,12.6074,228.5033,201.0063
2491,30,8,0.6263,0.00005000,11.9290,241.2916,244.0954
2492,216,22,0.6262,0.00005000,14.4101,243.3506,244.8087
2493,76,17,0.6260,0.00005000,12.4542,231.9020,239.1236
2494,89,13,0.6259,0.00005000,16.3517,248.2046,108.9995
2495,213,21,0.6258,0.00005000,13.5104,249.3575,252.4015
2496,88,13,0.6256,0.00005000,13.0525,242.5885,153.2588
2497,140,21,0.6254,0.00005000,14.1946,250.4266,138.9111
2498,53,11,0.6253,0.00005000,10.8875,242.4225,89.2298
2499,303,25,0.6251,0.00005000,14.9496,257.1997,133.6537
2500,42,11,0.6250,0.00005000,10.4592,242.0138,231.0013
2501,311,22,0.6249,0.00005000,16.5583,252.5075,228.5393
2502,41,12,0.6247,0.00005000,15.4798,242.9863,87.4679
2503,85,15,0.6245,0.00005000,14.1744,244.8561,168.2413
2504,19,5,0.6244,0.00005000,17.7022,241.9047,224.6949
2505,57,11,0.6242,0.00005000,15.6736,240.1072,205.2082
2506,68,10,0.6241,0.00005000,19.0673,237.1386,114.6045
2507,49,10,0.6240,0.00005000,12.7313,247.3343,116.0616
2508,52,12,0.6238,0.00005000,19.8497,237.1168,198.8214
2509,213,15,0.6237,0.00005000,11.7576,261.1346,223.8669
2510,73,14,0.6235,0.00005000,17.9965,240.2100,192.4577
2511,30,8,0.6234,0.00005000,13.8270,242.2827,127.0968
2512,85,15,0.6232,0.00005000,15.1970,239.2110,159.3608
2513,52,12,0.6230,0.00005000,18.4019,243.9269,159.7540
2514,365,32,0.6229,0.00005000,16.6127,255.0283,124.6789
2515,36,8,0.6227,0.00005000,17.4805,241.3659,170.0236
2516,49,10,0.6226,0.00005000,9.6460,245.1711,109.8478
2517,54,12,0.6224,0.00005000,11.5687,243.1623,253.2384
2518,97,14,0.6223,0.00005000,8.6814,244.6022,152.0264
2519,77,14,0.6221,0.00005000,15.3837,243.9233,236.3449
2520,55,12,0.6220,0.00005000,15.9419,243.9386,222.2922
2521,53,10,0.6219,0.00005000,14.1377,246.1712,157.1244
2522,81,14,0.6217,0.00005000,16.0151,235.5032,98.4685
2523,120,21,0.6216,0.00005000,21.5917,241.9239,158.7236
2524,37,9,0.6214,0.00005000,8.6222,247.2552,167.6904
2525,190,20,0.6212,0.00005000,14.8709,253.2738,171.4702
2526,118,15,0.6211,0.00005000,16.2298,247.6165,104.3697
2527,121,16,0.6209,0.00005000,19.7457,245.5815,172.9111
2528,83,15,0.6208,0.00005000,16.0712,252.5495,172.9244
2529,32,8,0.6206,0.00005000,14.4993,253.4099,138.7434
2530,65,11,0.6205,0.00005000,14.5123,247.5731,79.9481
2531,57,12,0.6203,0.00005000,16.8145,249.2712,133.7820
2532,32,8,0.6202,0.00005000,11.6966,240.4568,125.2083
2533,52,10,0.6200,0.00005000,16.1111,248.6796,212.2686
2534,105,15,0.6199,0.00005000,19.0730,237.6765,206.0709
2535,37,10,0.6198,0.00005000,12.8085,241.4989,182.8532
2536,158,17,0.6196,0.00005000,12.8885,254.5750,141.8314
2537,34,10,0.6195,0.00005000,15.6774,236.3971,107.3858
2538,213,18,0.6193,0.00005000,13.0204,258.1861,139.3913
2539,72,14,0.6191,0.00005000,17.4805,243.2864,166.5102
2540,37,9,0.6190,0.00005000,15.9852,251.7180,83.0601
2541,60,11,0.6189,0.00005000,17.8633,251.0052,143.4853
2542,57,12,0.6187,0.00005000,18.5843,239.9371,124.4814
2543,246,19,0.6185,0.00005000,12.1006,254.9128,113.6054
2544,55,11,0.6184,0.00005000,14.4598,251.5761,188.1686
2545,81,14,0.6182,0.00005000,18.2831,243.7381,123.3382
2546,28,7,0.6181,0.00005000,14.8502,247.4084,115.4738
2547,62,15,0.6179,0.00005000,18.8760,239.9818,174.6413
2548,20,6,0.6178,0.00005000,21.0725,239.8681,89.8562
2549,249,23,0.6177,0.00005000,16.2935,259.6783,135.1887
2550,164,18,0.6175,0.00005000,16.0036,257.9534,166.1148
2551,37,8,0.6173,0.00005000,14.8105,243.9480,203.1758
2552,45,11,0.6172,0.00005000,20.5805,244.5640,274.5543
2553,115,13,0.6170,0.00005000,18.7264,249.0299,249.7064
2554,87,14,0.6169,0.00005000,11.6392,241.4524,168.1966
2555,59,12,0.6167,0.00005000,16.1493,244.0939,82.2205
2556,34,8,0.6166,0.00005000,17.7160,246.5249,185.4157
2557,146,19,0.6164,0.00005000,17.6783,244.2649,172.8259
2558,220,26,0.6163,0.00005000,14.4912,256.7484,106.4429
2559,39,11,0.6161,0.00005000,16.8866,237.9771,177.9248
2560,115,14,0.6160,0.00005000,18.4629,252.8801,187.6116
2561,76,12,0.6159,0.00005000,11.4419,245.1269,239.9194
2562,87,15,0.6157,0.00005000,12.5269,251.2566,171.5250
2563,64,9,0.6156,0.00005000,13.3645,256.5062,212.3612
2564,137,19,0.6154,0.00005000,13.2135,257.2029,169.0809
2565,117,14,0.6153,0.00005000,11.7125,249.8974,172.7417
2566,51,10,0.6151,0.00005000,9.2493,249.8525,195.7934
2567,362,23,0.6149,0.00005000,18.9703,263.8296,229.4314
2568,73,13,0.6148,0.00005000,12.4779,254.2337,177.7675
2569,33,9,0.6147,0.00005000,16.0286,250.9094,120.7551
2570,52,11,0.6145,0.00005000,17.6826,250.2529,111.7860
2571,116,16,0.6143,0.00005000,10.2831,256.9663,89.9275
2572,34,7,0.6142,0.00005000,13.6086,253.9083,140.6704
2573,60,13,0.6140,0.00005000,14.7339,246.5556,208.8700
2574,35,8,0.6139,0.00005000,9.1890,253.1335,217.0736
2575,40,11,0.6138,0.00005000,14.6880,248.4650,180.8460
2576,90,12,0.6136,0.00005000,20.1405,255.0715,133.3689
2577,36,9,0.6135,0.00005000,10.9036,255.1233,169.5649
2578,172,20,0.6133,0.00005000,14.5697,251.2734,105.8503
2579,40,10,0.6131,0.00005000,14.9513,251.4146,228.9454
2580,166,21,0.6130,0.00005000,16.2790,255.9363,236.2340
2581,64,12,0.6129,0.00005000,17.6231,256.1337,143.4831
2582,71,13,0.6127,0.00005000,22.7611,255.5953,188.8748
2583,73,12,0.6125,0.00005000,22.0972,243.3573,112.4361
2584,37,11,0.6124,0.00005000,16.3229,251.1500,165.2487
2585,104,16,0.6122,0.00005000,17.4084,257.4431,223.9423
2586,171,20,0.6121,0.00005000,14.7753,254.8966,117.3390
2587,135,16,0.6119,0.00005000,17.8172,257.5992,127.9262
2588,82,13,0.6118,0.00005000,18.2088,255.9717,190.0992
2589,52,10,0.6117,0.00005000,18.9336,242.6938,200.9577
2590,81,13,0.6115,0.00005000,11.5091,254.2706,234.9013
2591,84,13,0.6114,0.00005000,14.4435,244.8845,279.3385
2592,56,12,0.6112,0.00005000,14.7943,254.6599,129.0214
2593,109,13,0.6111,0.00005000,10.8239,255.1244,105.2443
2594,84,12,0.6109,0.00005000,17.2514,255.6621,103.3333
2595,50,8,0.6108,0.00005000,14.5534,252.1304,162.2355
2596,40,11,0.6106,0.00005000,16.5856,252.1491,159.2479
2597,37,9,0.6104,0.00005000,11.2241,250.9075,134.3216
2598,271,24,0.6103,0.00005000,18.4276,261.4599,136.2484
2599,222,16,0.6101,0.00005000,16.9745,260.2874,237.9047
2600,40,11,0.6100,0.00005000,12.4333,246.4613,174.7621
2601,217,24,0.6099,0.00005000,17.3244,260.6832,141.2712
2602,22,6,0.6097,0.00005000,9.5233,254.9665,168.7748
2603,40,9,0.6096,0.00005000,15.0418,248.6936,104.4731
2604,34,8,0.6094,0.00005000,16.8984,252.0614,175.5543
2605,116,17,0.6093,0.00005000,15.6975,260.0327,139.4438
2606,77,16,0.6091,0.00005000,17.3800,252.8162,122.6232
2607,28,7,0.6089,0.00005000,16.3020,247.1548,143.5212
2608,72,14,0.6088,0.00005000,15.3381,251.9051,229.3815
2609,231,18,0.6086,0.00005000,18.0422,262.5066,158.8066
2610,38,8,0.6085,0.00005000,14.4721,254.4066,153.5047
2611,57,10,0.6083,0.00005000,19.0888,258.1153,168.4358
2612,53,10,0.6082,0.00005000,13.1573,251.9464,187.8688
2613,123,16,0.6080,0.00005000,18.8345,265.9007,172.0164
2614,50,10,0.6079,0.00005000,11.6154,254.7554,210.1644
2615,53,10,0.6078,0.00005000,17.2394,259.5625,139.5085
2616,23,6,0.6076,0.00005000,18.6494,256.5630,195.5922
2617,53,10,0.6075,0.00005000,18.5158,252.8462,253.0044
2618,68,13,0.6073,0.00005000,14.9803,254.3575,117.5542
2619,33,9,0.6071,0.00005000,12.1694,252.0755,93.1457
2620,39,8,0.6070,0.00005000,17.7095,254.4644,184.7955
2621,77,16,0.6069,0.00005000,16.9983,260.6192,152.4621
2622,33,8,0.6067,0.00005000,15.9486,248.7645,186.2042
2623,93,13,0.6066,0.00005000,15.7176,248.9060,195.0400
2624,49,8,0.6064,0.00005000,5.0996,254.9160,146.6322
2625,58,12,0.6062,0.00005000,19.1779,251.4739,113.8296
2626,32,8,0.6061,0.00005000,21.6990,249.1841,103.1789
2627,34,10,0.6059,0.00005000,18.2264,254.0686,222.2776
2628,31,8,0.6058,0.00005000,10.5329,256.8324,224.6608
2629,128,18,0.6057,0.00005000,12.8430,254.4067,151.8800
2630,173,16,0.6055,0.00005000,18.9427,257.5769,179.7453
2631,89,17,0.6054,0.00005000,16.0272,252.1061,160.5157
2632,56,11,0.6052,0.00005000,14.9372,251.8311,163.6157
2633,194,20,0.6050,0.00005000,13.7987,259.8071,117.1314
2634,60,14,0.6049,0.00005000,14.8815,258.5798,91.4499
2635,41,13,0.6048,0.00005000,9.3314,255.3693,135.0740
2636,288,27,0.6046,0.00005000,10.9762,265.0917,166.0400
2637,33,9,0.6044,0.00005000,18.0637,247.1372,284.7787
2638,55,13,0.6043,0.00005000,18.9131,254.1756,226.9756
2639,129,17,0.6041,0.00005000,20.8548,251.2959,205.3358
2640,76,14,0.6040,0.00005000,14.0009,258.8176,146.9121
2641,77,15,0.6038,0.00005000,16.3157,253.1586,114.1300
2642,60,13,0.6037,0.00005000,15.8019,250.1783,145.8917
2643,57,12,0.6036,0.00005000,13.8708,261.2187,178.5855
2644,28,7,0.6034,0.00005000,18.6774,253.3165,80.5815
2645,312,22,0.6032,0.00005000,19.2076,268.8054,123.7804
2646,24,7,0.6031,0.00005000,6.5974,259.1038,116.3273
2647,57,11,0.6029,0.00005000,17.0297,252.3935,203.1219
2648,123,17,0.6028,0.00005000,15.1225,248.8176,143.1511
2649,115,14,0.6026,0.00005000,18.1766,262.2156,161.8451
2650,85,16,0.6025,0.00005000,14.4478,242.8919,138.1327
2651,33,9,0.6023,0.00005000,11.9427,254.3318,123.9494
2652,34,9,0.6022,0.00005000,12.9326,255.0192,150.1749
2653,219,21,0.6020,0.00005000,13.4971,265.4323,139.3153
2654,93,14,0.6019,0.00005000,18.3226,255.3131,109.0048
2655,59,12,0.6018,0.00005000,11.7577,252.6684,140.8343
2656,29,8,0.6016,0.00005000,15.4562,253.9649,70.8578
2657,95,14,0.6015,0.00005000,16.3339,255.4216,166.4071
2658,138,20,0.6013,0.00005000,17.1601,264.4526,216.0761
2659,42,8,0.6012,0.00005000,10.3042,248.4297,184.8879
2660,39,9,0.6010,0.00005000,14.1056,252.6419,176.7606
2661,57,11,0.6008,0.00005000,17.9835,250.6167,154.3599
2662,37,9,0.6007,0.00005000,24.1991,252.2126,116.5137
2663,232,19,0.6005,0.00005000,11.5712,273.2879,178.6332
2664,56,11,0.6004,0.00005000,18.4372,255.8754,263.1653
2665,55,12,0.6002,0.00005000,16.2642,260.9645,111.7871
2666,59,13,0.6001,0.00005000,16.0114,258.3041,145.4867
2667,102,17,0.5999,0.00005000,17.8475,260.7618,164.7023
2668,87,14,0.5998,0.00005000,12.2960,254.5379,164.2470
2669,60,10,0.5997,0.00005000,14.5098,259.0305,197.1740
2670,54,12,0.5995,0.00005000,11.5742,254.3913,101.2832
2671,45,12,0.5994,0.00005000,14.7488,251.2448,148.5758
2672,37,6,0.5992,0.00005000,15.9903,255.0030,146.4454
2673,50,10,0.5990,0.00005000,23.7546,254.1498,134.1188
2674,89,15,0.5989,0.00005000,17.8343,248.4031,153.7317
2675,52,11,0.5987,0.00005000,17.4760,257.8486,134.2895
2676,35,8,0.5986,0.00005000,19.3053,249.1912,151.6991
2677,245,20,0.5984,0.00005000,16.8919,265.6017,226.5196
2678,76,13,0.5983,0.00005000,14.1451,261.5655,123.6888
2679,38,10,0.5981,0.00005000,17.0220,259.5095,222.3993
2680,65,14,0.5980,0.00005000,19.7533,264.3316,169.3411
2681,32,9,0.5978,0.00005000,19.0238,257.7848,130.8886
2682,55,11,0.5977,0.00005000,15.2793,252.9762,96.9727
2683,52,12,0.5976,0.00005000,16.8722,253.5903,94.1328
2684,47,12,0.5974,0.00005000,14.7831,256.7839,98.6802
2685,386,23,0.5973,0.00005000,14.6828,269.9939,122.5073
2686,55,12,0.5971,0.00005000,11.2121,254.0191,175.3915
2687,85,14,0.5969,0.00005000,13.2894,255.7638,140.3373
2688,45,8,0.5968,0.00005000,19.5989,257.4300,266.3126
2689,121,17,0.5967,0.00005000,16.7606,262.9533,208.8701
2690,93,15,0.5965,0.00005000,15.7399,262.0866,148.9422
2691,219,23,0.5963,0.00005000,14.2943,265.0257,137.8987
2692,184,20,0.5962,0.00005000,15.9622,265.5009,214.5273
2693,270,22,0.5960,0.00005000,14.6079,270.0618,259.8195
2694,39,11,0.5959,0.00005000,14.5660,257.6288,103.0561
2695,52,12,0.5958,0.00005000,16.9326,263.7124,121.1065
2696,39,10,0.5956,0.00005000,17.2195,261.5328,220.8762
2697,79,16,0.5955,0.00005000,12.5344,265.7220,146.8144
2698,85,13,0.5953,0.00005000,15.4979,258.9840,104.3238
2699,171,18,0.5952,0.00005000,15.5564,261.9318,117.3924
2700,26,6,0.5950,0.00005000,14.1241,254.6385,197.6168
2701,99,15,0.5948,0.00005000,21.3620,256.9907,135.8021
2702,56,12,0.5947,0.00005000,15.4762,261.7135,252.3567
2703,123,16,0.5945,0.00005000,16.5684,265.4232,218.9839
2704,189,20,0.5944,0.00005000,15.9146,278.5135,240.5172
2705,217,17,0.5942,0.00005000,12.8610,271.3976,175.4689
2706,59,12,0.5941,0.00005000,13.2167,261.6719,145.4285
2707,55,12,0.5939,0.00005000,10.3683,260.9373,147.8884
2708,31,8,0.5938,0.00005000,22.3165,256.9275,233.5855
2709,24,7,0.5937,0.00005000,14.9361,258.6965,222.3243
2710,47,12,0.5935,0.00005000,16.6856,259.0432,209.2839
2711,44,10,0.5934,0.00005000,18.1156,261.3973,143.6432
2712,24,6,0.5932,0.00005000,20.1716,251.4915,118.0782
2713,38,10,0.5931,0.00005000,20.7754,265.8977,102.4060
2714,93,17,0.5929,0.00005000,15.7179,257.9059,124.4761
2715,74,13,0.5927,0.00005000,15.0821,258.2982,118.5848
2716,82,11,0.5926,0.00005000,9.3903,270.7910,191.0989
2717,56,13,0.5925,0.00005000,15.4255,271.8272,181.3882
2718,60,12,0.5923,0.00005000,14.8388,263.4161,189.8443
2719,94,17,0.5921,0.00005000,20.6751,256.0474,170.5567
2720,80,15,0.5920,0.00005000,15.0409,253.2104,169.2352
2721,53,9,0.5918,0.00005000,13.5156,261.0800,119.3218
2722,54,13,0.5917,0.00005000,16.5410,257.3576,177.7376
2723,23,7,0.5916,0.00005000,20.1664,255.9122,204.1610
2724,56,12,0.5914,0.00005000,18.0150,249.1059,123.4275
2725,61,12,0.5913,0.00005000,14.7127,261.1110,240.9156
2726,229,28,0.5911,0.00005000,14.2204,265.9493,236.8093
2727,32,7,0.5909,0.00005000,17.3305,264.0209,274.9295
2728,83,13,0.5908,0.00005000,13.2678,270.1981,116.6696
2729,30,7,0.5907,0.00005000,16.1902,314.7035,203.0244
2730,60,13,0.5905,0.00005000,14.8998,266.7330,233.6168
2731,84,14,0.5903,0.00005000,18.4055,266.8313,175.6549
2732,29,7,0.5902,0.00005000,13.7143,268.8780,191.6006
2733,57,14,0.5900,0.00005000,20.2027,259.2512,209.2114
2734,37,9,0.5899,0.00005000,22.3884,262.9704,123.3124
2735,33,8,0.5897,0.00005000,16.2338,261.1975,251.8792
2736,69,12,0.5896,0.00005000,16.5643,266.1804,192.5923
2737,55,11,0.5895,0.00005000,18.7232,264.0989,116.3051
2738,119,16,0.5893,0.00005000,15.1754,260.9335,164.0821
2739,52,10,0.5891,0.00005000,23.0847,259.9776,138.8087
2740,88,14,0.5890,0.00005000,12.0578,265.5736,117.0671
2741,39,10,0.5888,0.00005000,10.5423,257.1087,164.1995
2742,32,8,0.5887,0.00005000,16.2497,257.0295,156.2500
2743,227,18,0.5886,0.00005000,20.9784,274.5950,233.8311
2744,84,14,0.5884,0.00005000,17.4887,259.4880,148.2025
2745,37,10,0.5882,0.00005000,18.4123,259.3995,150.3947
2746,28,7,0.5881,0.00005000,15.5438,258.4399,260.8648
2747,28,6,0.5879,0.00005000,23.3292,256.9324,218.3961
2748,178,18,0.5878,0.00005000,13.6476,266.5763,147.5422
2749,38,10,0.5877,0.00005000,13.7793,254.0942,91.6361
2750,71,12,0.5875,0.00005000,13.3083,270.0448,140.9326
2751,37,10,0.5874,0.00005000,13.3873,262.9768,201.8078
2752,44,10,0.5872,0.00005000,21.9581,255.3864,243.4549
2753,25,5,0.5871,0.00005000,12.1394,259.1703,129.2885
2754,79,16,0.5869,0.00005000,15.4021,264.6687,98.7846
2755,118,16,0.5867,0.00005000,16.6879,260.6082,180.3332
2756,48,9,0.5866,0.00005000,10.9185,260.5745,209.1341
2757,166,19,0.5864,0.00005000,16.3665,261.0170,127.9906
2758,58,12,0.5863,0.00005000,24.8907,261.5098,170.7633
2759,43,11,0.5861,0.00005000,14.3441,264.1545,198.1111
2760,22,8,0.5860,0.00005000,17.0474,268.3178,106.8672
2761,68,12,0.5858,0.00005000,20.0006,272.4959,192.6494
2762,30,7,0.5857,0.00005000,19.8175,261.8751,261.0977
2763,36,9,0.5856,0.00005000,17.9142,266.6434,183.6837
2764,69,12,0.5854,0.00005000,16.2000,262.9466,128.6107
2765,37,9,0.5853,0.00005000,13.3222,263.1161,165.8981
2766,55,11,0.5851,0.00005000,17.0960,256.9033,195.4604
2767,165,17,0.5849,0.00005000,16.3959,277.3137,192.8334
2768,84,14,0.5848,0.00005000,17.0921,256.9239,292.9149
2769,32,10,0.5846,0.00005000,13.1440,266.8406,236.8134
2770,57,12,0.5845,0.00005000,12.2205,268.8682,246.0656
2771,93,16,0.5843,0.00005000,22.1094,260.7235,202.6586
2772,73,14,0.5842,0.00005000,18.5310,265.5067,113.8125
2773,47,10,0.5840,0.00005000,14.0818,258.9313,265.0815
2774,37,8,0.5839,0.00005000,17.1527,265.1976,138.2418
2775,57,12,0.5837,0.00005000,16.6358,269.2475,225.2045
2776,79,12,0.5836,0.00005000,19.1936,263.6055,177.4768
2777,36,10,0.5835,0.00005000,13.2497,263.6799,115.6821
2778,59,14,0.5833,0.00005000,12.0942,258.0049,181.7020
2779,60,10,0.5832,0.00005000,22.5716,268.6372,140.8819
2780,31,8,0.5830,0.00005000,6.2549,264.1206,184.9020
2781,60,12,0.5828,0.00005000,12.5887,267.5380,215.2772
2782,139,15,0.5827,0.00005000,18.1606,264.7486,160.1481
2783,60,13,0.5826,0.00005000,11.7670,257.1007,151.7628
2784,25,6,0.5824,0.00005000,18.7163,264.7288,119.6583
2785,289,18,0.5822,0.00005000,16.1413,292.3086,146.9017
2786,61,12,0.5821,0.00005000,17.7416,263.5851,236.0675
2787,81,15,0.5819,0.00005000,20.9521,263.6796,206.0744
2788,179,20,0.5818,0.00005000,15.2574,262.0121,155.0829
2789,34,9,0.5817,0.00005000,15.5976,256.6213,238.7128
2790,104,17,0.5815,0.00005000,19.1985,265.5067,185.6089
2791,168,18,0.5814,0.00005000,14.0649,271.5647,153.5980
2792,83,17,0.5812,0.00005000,16.0394,265.0458,220.7328
2793,105,18,0.5810,0.00005000,14.5306,263.5263,234.1537
2794,84,14,0.5809,0.00005000,14.6985,265.6195,142.7267
2795,90,16,0.5807,0.00005000,16.4188,270.9524,192.9069
2796,242,23,0.5806,0.00005000,15.8473,272.7834,140.5492
2797,100,15,0.5804,0.00005000,19.2729,266.6189,161.5389
2798,79,13,0.5803,0.00005000,13.5807,260.8069,192.6146
2799,41,11,0.5801,0.00005000,21.1757,269.6704,147.7006
2800,53,12,0.5800,0.00005000,14.4629,259.1316,195.4680
2801,29,7,0.5798,0.00005000,13.0460,265.7017,286.0394
2802,167,19,0.5797,0.00005000,13.8953,269.2411,124.1991
2803,41,11,0.5796,0.00005000,13.9095,272.2124,75.2233
2804,42,10,0.5794,0.00005000,22.4725,268.8976,177.0435
2805,46,8,0.5793,0.00005000,13.9284,275.0787,157.4288
2806,18,4,0.5791,0.00005000,8.1039,263.6633,137.5652
2807,53,12,0.5790,0.00005000,16.8252,260.7246,69.6251
2808,84,13,0.5788,0.00005000,19.5828,273.8054,139.8899
2809,35,8,0.5786,0.00005000,12.8239,263.5458,122.2160
2810,26,6,0.5785,0.00005000,17.8085,264.6574,136.4877
2811,40,12,0.5783,0.00005000,15.4884,269.3691,145.8888
2812,437,20,0.5782,0.00005000,12.9597,293.1191,168.7190
2813,40,10,0.5780,0.00005000,17.5226,268.2742,111.4843
2814,128,17,0.5779,0.00005000,16.0713,273.0013,157.0030
2815,31,8,0.5777,0.00005000,18.4904,270.0974,116.6547
2816,52,11,0.5776,0.00005000,17.2940,272.8580,162.3516
2817,37,9,0.5775,0.00005000,22.3170,269.0076,212.2934
2818,24,5,0.5773,0.00005000,16.0001,272.6223,116.2147
2819,54,12,0.5772,0.00005000,14.7649,268.6421,223.8571
2820,56,9,0.5770,0.00005000,19.1449,267.6031,251.4834
2821,51,10,0.5768,0.00005000,20.9072,269.0303,217.7962
2822,57,11,0.5767,0.00005000,17.6816,261.9009,295.9931
2823,51,10,0.5766,0.00005000,17.6567,271.6779,248.2957
2824,113,13,0.5764,0.00005000,20.1546,275.9017,151.9294
2825,52,12,0.5762,0.00005000,21.8515,266.0241,200.8526
2826,122,17,0.5761,0.00005000,14.8789,263.2749,184.1229
2827,192,26,0.5759,0.00005000,16.3752,276.4286,168.4839
2828,78,14,0.5758,0.00005000,20.8762,264.9771,109.5554
2829,168,18,0.5756,0.00005000,15.3406,264.9011,152.6377
2830,33,8,0.5755,0.00005000,20.7884,266.5305,250.6803
2831,32,10,0.5754,0.00005000,16.1158,253.0587,184.6560
2832,46,9,0.5752,0.00005000,12.4105,265.1384,297.3555
2833,127,17,0.5751,0.00005000,16.6055,272.8721,163.3777
2834,29,7,0.5749,0.00005000,22.2398,268.8568,224.0907
2835,69,13,0.5748,0.00005000,22.3492,271.9873,212.4867
2836,118,18,0.5746,0.00005000,19.8860,276.9577,165.5682
2837,37,11,0.5745,0.00005000,14.9380,261.7500,152.9077
2838,128,15,0.5743,0.00005000,14.3267,278.2856,160.1936
2839,53,13,0.5741,0.00005000,16.7444,270.8052,135.0396
2840,77,11,0.5740,0.00005000,17.5148,268.9286,172.1649
2841,37,11,0.5738,0.00005000,16.4538,272.9117,149.8229
2842,59,11,0.5737,0.00005000,17.1665,276.7144,178.1721
2843,73,14,0.5736,0.00005000,12.9302,263.0939,160.8539
2844,42,7,0.5734,0.00005000,19.3931,266.0949,134.3288
2845,44,9,0.5733,0.00005000,11.9919,272.3788,277.1847
2846,87,15,0.5731,0.00005000,15.4003,274.1002,169.2376
2847,32,8,0.5730,0.00005000,19.5840,265.9268,118.9856
2848,86,14,0.5728,0.00005000,19.9086,275.9222,99.5861
2849,159,17,0.5726,0.00005000,12.6881,282.5647,218.5386
2850,33,8,0.5725,0.00005000,24.1007,272.2509,266.6749
2851,21,5,0.5723,0.00005000,20.1222,271.7852,384.1294
2852,56,12,0.5722,0.00005000,13.0860,268.6956,240.2079
2853,58,11,0.5720,0.00005000,9.3240,271.4230,102.1639
2854,55,12,0.5719,0.00005000,15.6317,271.5745,153.9937
2855,53,13,0.5717,0.00005000,17.3855,269.8067,268.5874
2856,55,12,0.5716,0.00005000,23.0465,267.6783,307.7732
2857,98,16,0.5715,0.00005000,16.5752,266.7840,208.3116
2858,30,8,0.5713,0.00005000,20.2100,264.7420,164.7689
2859,31,9,0.5712,0.00005000,15.3112,267.3456,89.7592
2860,58,12,0.5710,0.00005000,17.8837,270.1672,183.8458
2861,64,14,0.5708,0.00005000,13.4261,276.9820,233.4362
2862,81,15,0.5707,0.00005000,18.5067,274.8016,146.2776
2863,60,13,0.5706,0.00005000,12.1851,272.8718,152.2468
2864,57,12,0.5704,0.00005000,24.5888,272.0770,128.7351
2865,83,12,0.5703,0.00005000,14.6293,279.4812,168.6658
2866,93,15,0.5701,0.00005000,14.5777,264.6363,169.6451
2867,36,9,0.5699,0.00005000,17.3009,271.5279,105.6341
2868,46,9,0.5698,0.00005000,20.6459,273.8715,191.1853
2869,153,15,0.5696,0.00005000,14.0517,281.4744,169.6574
2870,52,10,0.5695,0.00005000,11.3521,276.9487,167.2779
2871,57,12,0.5694,0.00005000,12.5489,265.4838,159.8391
2872,44,12,0.5692,0.00005000,15.6270,269.3950,130.0688
2873,33,9,0.5691,0.00005000,12.7892,265.5101,106.1500
2874,49,8,0.5689,0.00005000,17.2334,272.6317,118.4002
2875,60,12,0.5687,0.00005000,16.4415,269.8693,235.7036
2876,48,9,0.5686,0.00005000,10.4598,270.9892,300.4539
2877,413,11,0.5685,0.00005000,15.5006,303.8120,240.2707
2878,73,12,0.5683,0.00005000,15.3877,275.2355,235.2262
2879,79,15,0.5681,0.00005000,19.8223,264.6671,172.0605
2880,121,15,0.5680,0.00005000,15.8122,261.4025,224.6712
2881,27,6,0.5678,0.00005000,16.1751,269.1108,182.6659
2882,43,10,0.5677,0.00005000,16.6220,276.1338,241.4037
2883,57,12,0.5675,0.00005000,23.7524,273.8727,180.8708
2884,60,8,0.5674,0.00005000,12.7988,270.4892,175.2819
2885,90,15,0.5673,0.00005000,18.8446,266.7295,246.3857
2886,86,16,0.5671,0.00005000,14.4671,271.6105,166.3306
2887,36,8,0.5669,0.00005000,16.3729,269.8047,214.3361
2888,32,8,0.5668,0.00005000,17.0034,265.5855,234.1852
2889,177,17,0.5666,0.00005000,16.4251,267.3644,156.5212
2890,64,13,0.5665,0.00005000,16.8954,269.8241,239.3190
2891,25,7,0.5663,0.00005000,14.3102,265.0460,349.3355
2892,102,17,0.5662,0.00005000,18.1278,276.0611,218.5459
2893,116,18,0.5660,0.00005000,16.4449,268.1315,120.1797
2894,36,9,0.5659,0.00005000,20.3927,268.7334,122.4747
2895,106,18,0.5657,0.00005000,13.9932,270.8200,175.3408
2896,35,8,0.5656,0.00005000,22.3307,265.6874,209.8032
2897,73,13,0.5655,0.00005000,12.8247,269.5662,103.9451
2898,53,11,0.5653,0.00005000,16.6099,266.4521,257.1224
2899,94,17,0.5652,0.00005000,13.0984,266.4335,89.0095
2900,35,10,0.5650,0.00005000,11.6480,258.3446,134.2134
2901,34,9,0.5649,0.00005000,25.0724,270.5126,242.3204
2902,186,17,0.5647,0.00005000,15.7346,283.9528,248.0165
2903,116,14,0.5645,0.00005000,12.8950,272.9936,222.2617
2904,59,13,0.5644,0.00005000,10.8518,269.2904,294.0338
2905,45,12,0.5642,0.00005000,17.3628,255.6953,253.5714
2906,39,10,0.5641,0.00005000,15.0504,273.4543,180.5061
2907,100,16,0.5639,0.00005000,19.8555,270.4005,135.0101
2908,346,30,0.5638,0.00005000,14.0138,280.3387,142.8090
2909,29,7,0.5636,0.00005000,12.4094,271.3477,151.1569
2910,36,10,0.5635,0.00005000,17.6602,270.6382,173.9196
2911,300,26,0.5634,0.00005000,18.9123,267.0765,169.1347
2912,68,12,0.5632,0.00005000,19.1338,266.6840,178.7930
2913,83,14,0.5631,0.00005000,20.6533,267.6960,219.0532
2914,68,14,0.5629,0.00005000,18.0081,273.5541,151.7989
2915,58,12,0.5627,0.00005000,18.8203,279.7415,173.7454
2916,55,11,0.5626,0.00005000,20.0242,267.6171,103.5804
2917,47,10,0.5624,0.00005000,14.7819,267.3604,189.4063
2918,58,13,0.5623,0.00005000,17.9269,264.0411,248.3425
2919,57,12,0.5621,0.00005000,16.8035,264.8663,244.3270
2920,119,15,0.5620,0.00005000,14.6821,265.4342,133.5870
2921,58,11,0.5618,0.00005000,23.4843,262.3789,146.7438
2922,42,11,0.5617,0.00005000,21.6135,255.1701,152.6251
2923,25,6,0.5615,0.00005000,28.8504,275.8755,191.0689
2924,58,12,0.5614,0.00005000,17.0615,266.4314,139.9932
2925,59,14,0.5613,0.00005000,16.7680,265.9570,169.9976
2926,100,15,0.5611,0.00005000,17.1723,280.6968,180.9190
2927,59,12,0.5610,0.00005000,14.1134,270.4175,169.4725
2928,72,13,0.5608,0.00005000,12.1778,268.9932,230.2674
2929,43,8,0.5606,0.00005000,20.5891,272.8334,118.1570
2930,83,15,0.5605,0.00005000,12.4970,268.7425,130.0355
2931,33,9,0.5604,0.00005000,12.7035,258.9442,94.2021
2932,33,9,0.5602,0.00005000,18.5407,272.9260,183.8912
2933,78,12,0.5600,0.00005000,21.1155,272.1616,206.6045
2934,45,10,0.5599,0.00005000,19.5550,268.1023,133.6330
2935,43,10,0.5597,0.00005000,18.4242,265.0192,144.7597
2936,124,18,0.5596,0.00005000,18.6633,279.6005,122.3352
2937,58,12,0.5595,0.00005000,19.4755,276.7997,133.0148
2938,103,20,0.5593,0.00005000,13.6255,272.0943,180.5874
2939,173,17,0.5592,0.00005000,11.3283,275.0283,225.4698
2940,72,15,0.5590,0.00005000,17.5643,266.4697,293.1589
2941,86,12,0.5589,0.00005000,17.8244,271.4736,141.4888
2942,156,16,0.5587,0.00005000,15.3043,274.0247,155.7105
2943,71,12,0.5585,0.00005000,12.0188,270.0733,122.4732
2944,83,13,0.5584,0.00005000,16.5822,265.6429,170.0902
2945,35,10,0.5582,0.00005000,16.4133,271.5825,252.8873
2946,95,14,0.5581,0.00005000,11.5705,274.9805,175.7777
2947,80,18,0.5579,0.00005000,19.1435,277.2549,159.2186
2948,55,13,0.5578,0.00005000,14.6637,271.7250,251.7459
2949,234,21,0.5576,0.00005000,18.0963,275.7162,297.8671
2950,70,11,0.5575,0.00005000,14.1469,271.3379,100.4708
2951,31,10,0.5574,0.00005000,11.3116,265.7787,121.2037
2952,57,12,0.5572,0.00005000,19.6337,265.6503,116.9421
2953,90,15,0.5571,0.00005000,17.7344,273.2191,164.1256
2954,33,9,0.5569,0.00005000,16.9916,271.0874,66.8472
2955,118,15,0.5568,0.00005000,14.9728,269.3059,212.9170
2956,105,16,0.5566,0.00005000,18.4937,272.1738,173.9269
2957,57,10,0.5565,0.00005000,18.5537,272.4771,120.5771
2958,89,15,0.5563,0.00005000,16.2848,275.2799,153.8379
2959,56,12,0.5562,0.00005000,10.8674,264.1455,212.1301
2960,39,10,0.5560,0.00005000,8.4175,273.6045,152.2696
2961,38,10,0.5558,0.00005000,14.8752,276.0217,156.4587
2962,230,22,0.5557,0.00005000,14.9915,268.7633,201.8478
2963,82,12,0.5555,0.00005000,13.1865,262.6761,283.7563
2964,136,16,0.5554,0.00005000,14.5936,267.0866,161.2107
2965,26,6,0.5553,0.00005000,14.1120,266.5418,116.4666
2966,104,13,0.5551,0.00005000,14.2300,274.5035,202.0808
2967,58,12,0.5550,0.00005000,19.0643,265.8319,258.9002
2968,55,11,0.5548,0.00005000,14.9430,269.3767,132.1294
2969,74,14,0.5546,0.00005000,16.0841,264.8644,113.3270
2970,90,14,0.5545,0.00005000,16.5432,268.4540,196.2851
2971,32,8,0.5544,0.00005000,22.6846,270.5036,257.9473
2972,47,9,0.5542,0.00005000,15.6973,272.3302,136.3515
2973,35,10,0.5540,0.00005000,14.1829,266.0274,149.0799
2974,317,26,0.5539,0.00005000,20.0173,275.1403,208.4986
2975,57,10,0.5537,0.00005000,14.8081,259.3557,127.5238
2976,71,13,0.5536,0.00005000,18.3896,269.8872,165.1767
2977,34,9,0.5534,0.00005000,13.7087,265.1055,130.6911
2978,208,25,0.5533,0.00005000,17.2234,276.0987,179.3499
2979,157,19,0.5532,0.00005000,16.7774,274.6075,199.8914
2980,80,13,0.5530,0.00005000,19.2695,266.1058,211.8484
2981,75,11,0.5528,0.00005000,14.6957,275.8836,142.9746
2982,79,15,0.5527,0.00005000,20.4700,264.3264,100.9311
2983,27,8,0.5525,0.00005000,13.7791,268.7918,215.0001
2984,58,13,0.5524,0.00005000,21.9416,265.9577,205.6117
2985,45,10,0.5523,0.00005000,23.4103,266.6531,213.5375
2986,75,14,0.5521,0.00005000,20.1108,269.0481,165.1589
2987,36,9,0.5519,0.00005000,18.6885,273.8677,323.1281
2988,36,8,0.5518,0.00005000,15.0654,273.5079,342.1799
2989,33,9,0.5516,0.00005000,21.3959,274.6205,264.6564
2990,126,16,0.5515,0.00005000,20.0005,281.7372,309.3609
2991,59,12,0.5514,0.00005000,19.4573,266.3104,181.2718
2992,62,13,0.5512,0.00005000,14.0426,268.8950,104.2181
2993,36,8,0.5511,0.00005000,19.3123,265.4656,183.3672
2994,90,16,0.5509,0.00005000,19.7100,267.8864,128.9400
2995,139,19,0.5508,0.00005000,15.8100,269.8575,111.1457
2996,41,11,0.5506,0.00005000,12.6343,266.9401,159.5214
2997,35,9,0.5504,0.00005000,12.8033,265.9680,170.8176
2998,36,8,0.5503,0.00005000,11.2738,267.5121,171.8950
2999,74,14,0.5501,0.00005000,11.2117,275.1964,189.6510
3000,25,6,0.5500,0.00005000,19.3161,275.2280,187.5662
3001,36,9,0.5498,0.00005000,11.4003,261.5477,150.8491
3002,25,7,0.5497,0.00005000,18.4665,273.9596,108.8581
3003,99,15,0.5495,0.00005000,19.1361,264.6638,108.5972
3004,72,14,0.5494,0.00005000,15.1424,268.3832,155.3198
3005,44,8,0.5493,0.00005000,13.0894,269.0357,156.5203
3006,453,34,0.5491,0.00005000,14.8111,283.8735,161.8330
3007,66,12,0.5490,0.00005000,15.1816,271.3325,167.3617
3008,55,10,0.5488,0.00005000,17.5726,272.6110,218.5155
3009,82,11,0.5487,0.00005000,15.8492,277.9221,205.6544
3010,101,15,0.5485,0.00005000,11.1694,266.4015,170.8884
3011,56,13,0.5483,0.00005000,16.4719,276.2093,110.1569
3012,37,10,0.5482,0.00005000,18.3424,272.2919,131.3293
3013,57,12,0.5480,0.00005000,17.2929,279.8535,153.1881
3014,44,11,0.5479,0.00005000,22.3050,266.9708,117.1473
3015,30,7,0.5477,0.00005000,22.8267,277.7855,161.9314
3016,75,12,0.5476,0.00005000,16.4448,278.1127,146.1081
3017,80,15,0.5474,0.00005000,15.6987,278.7807,147.1890
3018,86,14,0.5473,0.00005000,13.8776,277.1206,138.6258
3019,45,11,0.5472,0.00005000,16.3877,275.2697,184.8168
3020,84,17,0.5470,0.00005000,17.1535,263.0492,178.6299
3021,41,10,0.5469,0.00005000,13.1377,268.6364,172.1807
3022,719,46,0.5467,0.00005000,14.6248,281.0889,223.1392
3023,70,13,0.5465,0.00005000,22.3196,268.4727,127.7909
3024,117,15,0.5464,0.00005000,16.6208,262.3112,95.4844
3025,96,16,0.5463,0.00005000,15.2042,277.1640,143.2932
3026,57,13,0.5461,0.00005000,23.2462,273.3350,194.0736
3027,189,19,0.5460,0.00005000,15.9323,275.0243,157.9572
3028,39,12,0.5458,0.00005000,18.3965,270.7994,123.6771
3029,87,16,0.5456,0.00005000,16.0949,278.0540,166.9006
3030,47,10,0.5455,0.00005000,10.9594,273.7222,91.0774
3031,34,9,0.5454,0.00005000,13.0108,271.7930,259.2491
3032,35,9,0.5452,0.00005000,12.4587,270.1248,264.6396
3033,51,9,0.5451,0.00005000,14.9286,261.8725,120.2598
3034,86,15,0.5449,0.00005000,15.5946,274.9233,102.0855
3035,52,12,0.5447,0.00005000,19.3992,269.0590,127.5140
3036,254,23,0.5446,0.00005000,17.7629,275.8395,146.7736
3037,71,12,0.5444,0.00005000,19.4592,275.4534,150.8492
3038,24,6,0.5443,0.00005000,17.3609,270.7657,255.8362
3039,599,32,0.5442,0.00005000,14.5930,285.8647,189.8077
3040,44,11,0.5440,0.00005000,12.9617,273.0332,148.4909
3041,81,12,0.5438,0.00005000,17.5627,274.2975,136.8587
3042,58,12,0.5437,0.00005000,14.0823,260.3922,181.7549
3043,59,11,0.5435,0.00005000,17.6809,264.6090,152.5597
3044,91,15,0.5434,0.00005000,14.4895,280.2332,230.6710
3045,166,20,0.5433,0.00005000,17.4892,281.7286,195.7559
3046,153,20,0.5431,0.00005000,16.6313,276.9181,163.4714
3047,41,9,0.5430,0.00005000,19.7599,274.5396,237.9652
3048,33,9,0.5428,0.00005000,19.9350,262.2652,152.2713
3049,92,15,0.5427,0.00005000,13.0013,275.4641,125.6821
3050,68,13,0.5425,0.00005000,18.9895,273.2748,286.8111
3051,60,14,0.5424,0.00005000,17.1943,283.5735,323.1118
3052,60,13,0.5422,0.00005000,18.7519,269.3287,225.6857
3053,118,13,0.5420,0.00005000,15.8943,281.4081,136.8630
3054,29,8,0.5419,0.00005000,17.2019,271.0574,127.7875
3055,76,11,0.5417,0.00005000,21.0834,276.7448,161.7745
3056,55,11,0.5416,0.00005000,20.2631,270.2387,145.1312
3057,34,8,0.5414,0.00005000,15.5093,269.2909,270.2161
3058,32,8,0.5413,0.00005000,21.1992,278.5802,259.1692
3059,54,11,0.5412,0.00005000,13.5082,272.9056,100.1426
3060,39,10,0.5410,0.00005000,16.4279,265.4225,205.2350
3061,74,13,0.5409,0.00005000,14.9748,274.5174,225.6073
3062,32,9,0.5407,0.00005000,14.4564,270.1348,121.7893
3063,69,13,0.5406,0.00005000,16.3909,271.9351,152.9504
3064,103,15,0.5404,0.00005000,15.2645,276.7831,259.2826
3065,78,14,0.5402,0.00005000,11.4457,267.4177,164.0530
3066,269,27,0.5401,0.00005000,14.6105,270.5236,211.3250
3067,35,9,0.5399,0.00005000,21.4659,273.6935,209.9733
3068,32,7,0.5398,0.00005000,21.5944,270.0748,251.6987
3069,78,12,0.5396,0.00005000,14.8245,264.6102,128.3159
3070,128,16,0.5395,0.00005000,12.8122,277.4939,145.9528
3071,97,15,0.5393,0.00005000,14.5551,272.0997,105.7618
3072,54,12,0.5392,0.00005000,12.7942,260.6946,288.3732
3073,107,18,0.5391,0.00005000,18.6639,276.7297,200.2278
3074,117,19,0.5389,0.00005000,17.7273,275.4567,165.2723
3075,71,12,0.5388,0.00005000,16.4988,265.1195,105.6761
3076,40,9,0.5386,0.00005000,11.3938,268.2835,139.1358
3077,522,35,0.5384,0.00005000,12.4724,280.7837,163.5531
3078,52,11,0.5383,0.00005000,21.4775,279.2108,208.6329
3079,56,13,0.5382,0.00005000,13.1846,279.2385,156.4162
3080,121,15,0.5380,0.00005000,16.5487,275.4950,127.7561
3081,280,30,0.5379,0.00005000,17.6087,266.1468,183.5031
3082,286,25,0.5377,0.00005000,13.3789,275.5641,199.7524
3083,125,17,0.5375,0.00005000,14.6459,273.2766,218.4543
3084,39,9,0.5374,0.00005000,21.0293,268.2646,217.1995
3085,120,15,0.5373,0.00005000,20.6667,268.4440,241.2843
3086,35,7,0.5371,0.00005000,27.0489,276.4526,108.1835
3087,106,16,0.5370,0.00005000,19.7375,272.5842,147.5318
3088,54,11,0.5368,0.00005000,14.6140,275.4326,141.3538
3089,54,12,0.5366,0.00005000,15.2078,280.3243,250.6094
3090,359,24,0.5365,0.00005000,19.0649,278.4830,160.4674
3091,300,26,0.5363,0.00005000,15.5708,279.2448,89.5069
3092,41,11,0.5362,0.00005000,11.4021,273.7056,92.6174
3093,107,18,0.5361,0.00005000,18.9297,278.3222,116.3278
3094,140,18,0.5359,0.00005000,13.3339,280.3143,185.0596
3095,78,15,0.5357,0.00005000,17.9989,274.2705,172.9713
3096,183,18,0.5356,0.00005000,17.7313,275.6423,103.4360
3097,147,21,0.5354,0.00005000,19.2184,272.9082,222.3903
3098,75,15,0.5353,0.00005000,11.3941,278.0354,238.8366
3099,39,12,0.5352,0.00005000,16.2276,281.1615,236.0801
3100,81,13,0.5350,0.00005000,22.0516,279.2330,169.9489
3101,119,14,0.5348,0.00005000,16.6139,279.2293,120.6459
3102,33,9,0.5347,0.00005000,15.0506,274.7365,157.5545
3103,144,19,0.5345,0.00005000,16.3788,282.3516,127.3279
3104,128,17,0.5344,0.00005000,15.1692,274.4740,209.2983
3105,48,11,0.5343,0.00005000,18.8464,275.4736,193.0414
3106,105,20,0.5341,0.00005000,21.3639,275.3866,281.2859
3107,48,11,0.5339,0.00005000,15.4562,282.8916,312.2498
3108,64,13,0.5338,0.00005000,14.7924,268.9242,272.0087
3109,80,12,0.5336,0.00005000,16.4703,280.5477,199.6328
3110,102,16,0.5335,0.00005000,14.4909,279.6104,159.5731
3111,31,8,0.5333,0.00005000,23.3025,278.8781,229.1826
3112,155,16,0.5332,0.00005000,17.5116,283.7701,186.3765
3113,31,7,0.5331,0.00005000,14.4527,272.8190,141.9632
3114,50,10,0.5329,0.00005000,18.4670,277.8155,210.8057
3115,292,25,0.5328,0.00005000,17.9041,287.3116,183.6904
3116,57,13,0.5326,0.00005000,15.9236,282.2686,175.5074
3117,38,9,0.5325,0.00005000,12.3724,276.5457,205.5578
3118,78,14,0.5323,0.00005000,19.1947,279.1902,252.3730
3119,38,9,0.5321,0.00005000,13.4936,284.5095,158.1088
3120,104,17,0.5320,0.00005000,19.8139,275.3506,216.9337
3121,35,9,0.5318,0.00005000,19.5957,283.9120,114.2307
3122,121,15,0.5317,0.00005000,16.2476,280.4022,173.1455
3123,43,11,0.5315,0.00005000,13.8969,280.6873,95.8841
3124,63,12,0.5314,0.00005000,21.8529,271.7182,166.5556
3125,41,10,0.5312,0.00005000,15.6486,278.7839,119.6159
3126,120,15,0.5311,0.00005000,15.4779,272.0513,142.1737
3127,229,20,0.5310,0.00005000,16.9760,263.4452,183.4804
3128,128,16,0.5308,0.00005000,10.8412,273.1583,195.5585
3129,58,13,0.5307,0.00005000,22.2909,278.7657,244.1760
3130,33,8,0.5305,0.00005000,13.9183,278.4958,124.6731
3131,50,10,0.5303,0.00005000,15.0513,275.9680,265.7349
3132,36,10,0.5302,0.00005000,18.8555,269.2412,262.5188
3133,33,9,0.5300,0.00005000,17.5113,276.7913,124.8098
3134,177,18,0.5299,0.00005000,18.8318,276.5805,252.5335
3135,45,10,0.5297,0.00005000,17.5346,271.6003,184.7248
3136,91,13,0.5296,0.00005000,19.4636,284.1619,156.0346
3137,41,10,0.5294,0.00005000,10.0497,279.5940,261.5041
3138,56,11,0.5293,0.00005000,16.2675,275.6487,205.6303
3139,109,13,0.5292,0.00005000,15.1200,279.9019,203.9299
3140,56,11,0.5290,0.00005000,15.6107,283.7820,132.0288
3141,128,19,0.5289,0.00005000,15.6286,266.6272,191.4909
3142,164,17,0.5287,0.00005000,12.7845,276.4232,170.4989
3143,57,13,0.5285,0.00005000,12.6913,281.0900,217.9756
3144,256,26,0.5284,0.00005000,15.2187,284.5627,161.8504
3145,79,14,0.5282,0.00005000,18.6529,278.5576,220.2116
3146,71,14,0.5281,0.00005000,16.8238,262.9184,155.8107
3147,376,23,0.5280,0.00005000,16.0224,292.1040,101.2126
3148,37,9,0.5278,0.00005000,12.2961,276.1683,109.7228
3149,61,13,0.5276,0.00005000,20.8500,276.3658,214.5982
3150,98,15,0.5275,0.00005000,16.2355,281.2497,152.8230
3151,366,27,0.5273,0.00005000,15.5460,291.8785,139.2203
3152,60,13,0.5272,0.00005000,14.9607,268.9184,153.6621
3153,228,22,0.5271,0.00005000,19.9179,284.8161,164.6763
3154,88,16,0.5269,0.00005000,14.1426,274.9747,183.7527
3155,54,12,0.5267,0.00005000,16.5277,279.9825,122.2957
3156,49,10,0.5266,0.00005000,17.9154,274.5584,121.0887
3157,37,10,0.5264,0.00005000,16.2002,268.7114,174.8060
3158,38,8,0.5263,0.00005000,20.2927,278.1171,239.0523
3159,79,15,0.5262,0.00005000,16.1450,279.2129,121.1279
3160,676,34,0.5260,0.00005000,18.5244,285.6929,173.0458
3161,24,6,0.5258,0.00005000,12.5651,274.9276,247.3979
3162,24,6,0.5257,0.00005000,15.9324,277.9298,139.0837
3163,82,16,0.5255,0.00005000,18.2353,270.3954,135.6847
3164,77,11,0.5254,0.00005000,13.5014,276.9193,251.4966
3165,182,24,0.5252,0.00005000,16.3842,283.8879,142.3506
3166,271,19,0.5251,0.00005000,16.1381,297.9868,184.0293
3167,33,8,0.5250,0.00005000,19.3962,279.3385,230.2860
3168,35,9,0.5248,0.00005000,14.7089,283.2699,162.9028
3169,58,11,0.5247,0.00005000,14.1902,271.9328,145.1668
3170,38,10,0.5245,0.00005000,23.5079,276.7083,135.9396
3171,109,15,0.5244,0.00005000,18.0430,270.1735,155.4072
3172,106,19,0.5242,0.00005000,18.0246,284.3444,243.3044
3173,38,10,0.5240,0.00005000,15.1951,265.4005,99.8719
3174,49,10,0.5239,0.00005000,14.3412,283.5105,115.2673
3175,53,11,0.5237,0.00005000,22.1151,286.3019,210.6444
3176,121,14,0.5236,0.00005000,17.7878,269.8092,159.5264
3177,36,8,0.5234,0.00005000,10.9994,279.6345,181.5440
3178,39,10,0.5233,0.00005000,17.0590,281.7722,185.1581
3179,59,13,0.5232,0.00005000,14.5637,284.2743,179.4387
3180,233,27,0.5230,0.00005000,12.9620,277.6015,277.1945
3181,76,11,0.5229,0.00005000,17.8077,278.0753,163.7726
3182,449,23,0.5227,0.00005000,14.0700,289.3592,163.4850
3183,34,8,0.5226,0.00005000,18.3976,281.4573,182.5709
3184,35,10,0.5224,0.00005000,11.8631,276.7456,112.6926
3185,35,8,0.5222,0.00005000,15.9863,278.6999,185.8886
3186,54,11,0.5221,0.00005000,15.0840,267.9612,198.3916
3187,60,15,0.5219,0.00005000,16.1362,282.9897,140.1958
3188,33,9,0.5218,0.00005000,16.9382,283.7771,136.4369
3189,360,29,0.5216,0.00005000,12.6702,281.5048,169.9466
3190,68,12,0.5215,0.00005000,18.8156,279.4691,222.4564
3191,269,20,0.5213,0.00005000,20.3653,284.5574,256.0159
3192,54,11,0.5212,0.00005000,9.5735,281.4239,207.5815
3193,294,24,0.5211,0.00005000,19.1575,277.3668,117.9292
3194,48,9,0.5209,0.00005000,16.9351,276.6172,134.1963
3195,219,25,0.5208,0.00005000,17.1218,272.8944,167.6041
3196,56,11,0.5206,0.00005000,14.9538,283.1790,145.5299
3197,168,16,0.5204,0.00005000,13.2730,293.5819,110.9018
3198,291,31,0.5203,0.00005000,17.2535,286.3514,247.4578
3199,82,13,0.5202,0.00005000,13.4145,285.4503,143.7643
3200,75,9,0.5200,0.00005000,14.1176,279.2807,89.4377
3201,156,22,0.5199,0.00005000,14.6277,283.1090,212.9607
3202,86,14,0.5197,0.00005000,21.9205,287.4575,305.1226
3203,68,9,0.5195,0.00005000,14.3442,282.4175,95.4368
3204,123,17,0.5194,0.00005000,13.5410,274.9637,186.7944
3205,126,16,0.5192,0.00005000,19.2202,286.2928,132.1232
3206,32,8,0.5191,0.00005000,12.1061,287.4196,227.1852
3207,58,12,0.5190,0.00005000,16.6117,286.5290,190.6444
3208,28,9,0.5188,0.00005000,18.6682,275.0130,148.0085
3209,56,11,0.5186,0.00005000,14.9492,280.0635,176.7691
3210,194,22,0.5185,0.00005000,19.2954,288.6460,255.1411
3211,108,19,0.5183,0.00005000,15.5083,281.7949,194.6727
3212,41,10,0.5182,0.00005000,17.2502,277.3657,146.4424
3213,96,14,0.5181,0.00005000,24.6717,281.2374,171.9444
3214,67,14,0.5179,0.00005000,19.1356,282.1707,161.6739
3215,40,7,0.5177,0.00005000,21.7888,287.2267,268.0150
3216,120,17,0.5176,0.00005000,17.4153,285.8906,184.7486
3217,389,31,0.5174,0.00005000,18.8229,279.9345,118.8293
3218,52,10,0.5173,0.00005000,20.4571,274.3199,156.1050
3219,62,14,0.5171,0.00005000,17.1078,278.9179,102.5548
3220,36,10,0.5170,0.00005000,16.1760,279.2012,184.6143
3221,59,13,0.5168,0.00005000,15.9715,272.1094,165.0845
3222,71,13,0.5167,0.00005000,18.2781,279.6626,165.2223
3223,29,6,0.5165,0.00005000,13.4323,284.5695,140.1208
3224,35,9,0.5164,0.00005000,12.0862,287.6804,109.9439
3225,83,12,0.5162,0.00005000,15.2570,278.9269,167.4893
3226,40,11,0.5161,0.00005000,12.8889,277.5474,161.8849
3227,238,24,0.5159,0.00005000,17.7592,294.5780,142.0413
3228,659,29,0.5158,0.00005000,17.3564,302.7605,142.6087
3229,78,16,0.5156,0.00005000,16.4992,280.3021,161.7051
3230,132,16,0.5155,0.00005000,12.3311,286.6636,153.2541
3231,217,19,0.5153,0.00005000,12.6601,279.7133,188.1037
3232,54,11,0.5152,0.00005000,12.4818,287.1646,174.1457
3233,175,18,0.5151,0.00005000,16.7995,282.3423,151.0757
3234,42,11,0.5149,0.00005000,14.8800,280.6413,91.9914
3235,52,11,0.5148,0.00005000,20.5367,273.2350,182.7315
3236,116,16,0.5146,0.00005000,19.4750,278.7638,143.0504
3237,153,16,0.5145,0.00005000,14.4689,291.6704,135.5767
3238,51,10,0.5143,0.00005000,16.7324,285.2172,150.1846
3239,121,20,0.5141,0.00005000,19.1250,286.0405,162.1932
3240,36,9,0.5140,0.00005000,18.9698,277.9459,107.8325
3241,49,10,0.5138,0.00005000,17.4728,281.8044,120.3723
3242,27,8,0.5137,0.00005000,19.6536,279.5781,87.7232
3243,41,10,0.5135,0.00005000,11.1135,277.1747,310.8094
3244,48,11,0.5134,0.00005000,12.6625,274.0000,242.0905
3245,27,7,0.5132,0.00005000,18.3884,283.3378,164.6730
3246,86,14,0.5131,0.00005000,10.6557,284.9963,101.0365
3247,65,11,0.5130,0.00005000,15.3160,281.8587,143.0886
3248,104,18,0.5128,0.00005000,17.8962,282.1494,202.9137
3249,44,8,0.5127,0.00005000,19.2213,289.0558,101.9986
3250,45,9,0.5125,0.00005000,21.9903,273.1127,178.3214
3251,138,18,0.5124,0.00005000,16.8724,267.6889,186.1922
3252,115,16,0.5122,0.00005000,16.5487,283.6933,151.0863
3253,85,14,0.5120,0.00005000,14.6066,281.3802,119.9768
3254,36,9,0.5119,0.00005000,23.6787,276.9445,93.8036
3255,32,7,0.5117,0.00005000,11.5228,283.0928,163.0784
3256,77,15,0.5116,0.00005000,15.0400,285.4185,97.4349
3257,77,10,0.5114,0.00005000,18.8538,292.6904,149.4940
3258,139,18,0.5113,0.00005000,15.5156,290.8729,173.7269
3259,57,12,0.5111,0.00005000,19.1720,280.7464,97.8216
3260,36,7,0.5110,0.00005000,15.1252,286.4458,123.2134
3261,31,8,0.5109,0.00005000,22.2822,287.5382,138.0029
3262,91,16,0.5107,0.00005000,14.5148,271.9343,130.7807
3263,88,15,0.5106,0.00005000,22.2274,288.0884,178.0146
3264,72,13,0.5104,0.00005000,16.1425,281.0867,107.3686
3265,37,9,0.5102,0.00005000,18.6927,280.6330,87.8088
3266,295,26,0.5101,0.00005000,12.6525,287.9293,132.4294
3267,26,5,0.5100,0.00005000,13.5669,286.2604,204.0529
3268,57,13,0.5098,0.00005000,11.8000,285.4494,290.6081
3269,32,9,0.5097,0.00005000,16.0668,291.4024,208.1956
3270,63,13,0.5095,0.00005000,15.2649,283.0284,171.0569
3271,36,10,0.5093,0.00005000,14.6654,282.7332,232.0606
3272,376,24,0.5092,0.00005000,14.9606,294.0186,185.4190
3273,293,22,0.5091,0.00005000,18.7418,293.2063,175.0687
3274,39,10,0.5089,0.00005000,23.3311,281.0516,175.8552
3275,111,14,0.5088,0.00005000,12.7716,278.7284,136.0332
3276,88,17,0.5086,0.00005000,13.2167,276.6766,174.6538
3277,98,15,0.5084,0.00005000,16.1511,275.2488,156.8944
3278,54,11,0.5083,0.00005000,15.3904,285.9818,136.5118
3279,439,21,0.5081,0.00005000,16.8701,300.3426,146.4908
3280,42,12,0.5080,0.00005000,13.6373,277.5442,151.9976
3281,95,15,0.5079,0.00005000,16.7630,283.0087,104.0906
3282,74,15,0.5077,0.00005000,13.2212,284.3661,158.1958
3283,124,16,0.5075,0.00005000,16.2313,288.7387,137.6643
3284,38,8,0.5074,0.00005000,11.5081,273.3382,132.3898
3285,43,13,0.5072,0.00005000,18.0697,287.7268,104.4100
3286,53,10,0.5071,0.00005000,14.6051,280.9474,99.1665
3287,84,15,0.5070,0.00005000,12.3935,279.4963,121.7577
3288,82,14,0.5068,0.00005000,12.8004,288.8558,132.2918
3289,82,13,0.5067,0.00005000,16.8687,288.9862,192.0703
3290,38,9,0.5065,0.00005000,17.4716,287.5251,304.7239
3291,147,18,0.5064,0.00005000,15.6283,284.7146,106.4036
3292,29,7,0.5062,0.00005000,15.0521,281.9046,164.1334
3293,103,15,0.5061,0.00005000,15.0833,282.3957,132.8163
3294,44,11,0.5059,0.00005000,20.2234,278.1393,143.3801
3295,86,15,0.5057,0.00005000,11.9354,277.7885,160.3589
3296,154,19,0.5056,0.00005000,18.8036,289.5327,177.0116
3297,146,21,0.5054,0.00005000,18.1725,279.0868,206.6190
3298,67,16,0.5053,0.00005000,19.3214,290.6839,261.6603
3299,304,23,0.5051,0.00005000,18.9315,282.9472,211.6424
3300,62,13,0.5050,0.00005000,11.3953,291.1097,160.2500
3301,208,22,0.5049,0.00005000,18.6008,283.1144,132.2316
3302,156,24,0.5047,0.00005000,19.9855,285.6270,222.0435
3303,238,21,0.5046,0.00005000,19.3235,298.7822,139.6610
3304,77,12,0.5044,0.00005000,13.7967,284.8389,177.2601
3305,79,13,0.5043,0.00005000,16.7448,281.8616,178.5140
3306,209,25,0.5041,0.00005000,19.0585,285.9762,136.8593
3307,114,14,0.5039,0.00005000,15.7755,290.0509,120.8575
3308,34,7,0.5038,0.00005000,17.4538,277.8097,142.1526
3309,54,13,0.5036,0.00005000,15.8066,283.5404,180.1757
3310,58,11,0.5035,0.00005000,17.2586,289.2082,126.8050
3311,51,10,0.5033,0.00005000,18.5043,277.3840,181.0142
3312,80,15,0.5032,0.00005000,14.4798,288.1418,126.7104
3313,25,7,0.5030,0.00005000,14.6921,276.6430,127.5192
3314,161,22,0.5029,0.00005000,19.1943,281.4072,221.8595
3315,45,11,0.5028,0.00005000,15.0752,285.6859,273.7830
3316,217,19,0.5026,0.00005000,16.8704,284.3608,271.2196
3317,85,15,0.5025,0.00005000,17.9242,284.6180,190.0779
3318,62,11,0.5023,0.00005000,16.6760,284.4593,119.0157
3319,45,11,0.5021,0.00005000,21.8660,288.8226,166.8694
3320,26,7,0.5020,0.00005000,13.9378,285.0537,125.5594
3321,33,9,0.5019,0.00005000,10.0621,289.4735,182.9074
3322,40,11,0.5017,0.00005000,13.1113,275.9534,157.4364
3323,129,17,0.5016,0.00005000,19.4259,282.5779,162.3285
3324,49,8,0.5014,0.00005000,13.4496,285.5579,95.7776
3325,61,11,0.5012,0.00005000,13.4391,281.7209,145.8785
3326,38,9,0.5011,0.00005000,19.2316,285.1508,85.3937
3327,40,12,0.5010,0.00005000,15.1041,282.1993,200.2202
3328,35,9,0.5008,0.00005000,21.5915,287.8899,99.0472
3329,48,11,0.5007,0.00005000,12.0784,277.6599,161.0729
3330,87,14,0.5005,0.00005000,17.1951,294.5934,149.3212
3331,56,13,0.5003,0.00005000,20.7876,271.4339,202.4954
3332,118,18,0.5002,0.00005000,18.8057,285.3605,253.4448
3333,125,16,0.5000,0.00005000,19.2021,284.9273,191.2384
3334,29,8,0.4999,0.00005000,18.9685,283.0976,254.8580
3335,41,9,0.4998,0.00005000,13.8455,288.0196,196.0157
3336,99,15,0.4996,0.00005000,15.2545,293.2254,172.8969
3337,159,17,0.4994,0.00005000,12.1063,293.9355,128.1218
3338,274,25,0.4993,0.00005000,20.7605,291.0303,204.3938
3339,65,13,0.4991,0.00005000,16.7052,286.3232,207.9110
3340,53,9,0.4990,0.00005000,13.2449,290.4392,140.4462
3341,53,11,0.4989,0.00005000,14.4103,289.5040,203.0515
3342,38,9,0.4987,0.00005000,15.6581,279.3972,126.4005
3343,143,19,0.4985,0.00005000,17.7482,288.3252,195.6197
3344,35,9,0.4984,0.00005000,24.2180,286.0520,205.5552
3345,56,11,0.4982,0.00005000,21.2512,290.3082,236.0062
3346,39,10,0.4981,0.00005000,16.7325,283.8158,228.7979
3347,136,18,0.4980,0.00005000,21.9168,290.4469,147.9752
3348,271,25,0.4978,0.00005000,19.3993,291.3156,169.7721
3349,33,9,0.4976,0.00005000,15.9588,275.6072,117.1823
3350,26,6,0.4975,0.00005000,22.5171,285.5495,153.6596
3351,83,14,0.4973,0.00005000,17.6159,291.1375,131.1173
3352,80,12,0.4972,0.00005000,18.4493,296.7532,254.2835
3353,124,18,0.4970,0.00005000,19.2104,297.8396,154.5275
3354,57,11,0.4969,0.00005000,15.1562,287.3806,117.1513
3355,201,19,0.4967,0.00005000,17.0982,292.2665,157.5906
3356,33,9,0.4966,0.00005000,18.9179,272.4739,126.0299
3357,225,20,0.4964,0.00005000,19.8641,284.6244,225.6418
3358,31,8,0.4963,0.00005000,16.5398,288.4595,235.6934
3359,58,12,0.4961,0.00005000,18.1658,290.3683,121.0123
3360,416,30,0.4960,0.00005000,21.2721,289.6310,170.5300
3361,191,21,0.4958,0.00005000,19.3457,282.4270,171.9676
3362,84,14,0.4957,0.00005000,17.0980,292.2977,147.5439
3363,81,14,0.4955,0.00005000,14.6358,289.6159,238.8543
3364,32,9,0.4954,0.00005000,23.1066,282.8682,166.8125
3365,81,13,0.4952,0.00005000,16.1409,279.2658,138.0178
3366,42,12,0.4951,0.00005000,18.2878,285.2657,175.2564
3367,35,9,0.4950,0.00005000,19.4457,283.8864,181.6416
3368,51,10,0.4948,0.00005000,22.7131,282.1743,237.4189
3369,42,11,0.4947,0.00005000,17.8037,286.7056,105.5306
3370,75,12,0.4945,0.00005000,14.9797,280.6899,126.3049
3371,97,16,0.4944,0.00005000,19.2992,290.4926,146.4898
3372,108,14,0.4942,0.00005000,11.3514,298.1633,191.3935
3373,160,16,0.4940,0.00005000,19.8577,289.0749,131.6253
3374,79,13,0.4939,0.00005000,9.7117,289.2556,203.0678
3375,242,21,0.4938,0.00005000,18.4675,292.1166,149.8847
3376,38,10,0.4936,0.00005000,18.2426,287.8333,160.7448
3377,174,19,0.4935,0.00005000,14.7551,294.8776,249.8874
3378,81,14,0.4933,0.00005000,15.3713,286.1268,125.5161
3379,40,10,0.4931,0.00005000,10.5559,289.7119,146.2388
3380,29,8,0.4930,0.00005000,17.2929,280.2901,97.4257
3381,34,9,0.4929,0.00005000,17.5520,286.3075,132.2357
3382,212,26,0.4927,0.00005000,17.3980,287.8735,128.6042
3383,182,20,0.4926,0.00005000,16.2670,288.7343,148.6486
3384,35,11,0.4924,0.00005000,13.7805,288.4101,167.7697
3385,40,10,0.4922,0.00005000,17.6330,283.3706,187.8077
3386,81,13,0.4921,0.00005000,15.7962,289.7368,150.7907
3387,54,11,0.4919,0.00005000,15.0349,278.9066,98.8955
3388,116,15,0.4918,0.00005000,20.9834,294.0254,200.0893
3389,124,13,0.4917,0.00005000,20.4462,303.3256,164.0762
3390,48,13,0.4915,0.00005000,15.0925,292.4851,196.6496
3391,33,10,0.4913,0.00005000,21.9375,281.4944,125.2753
3392,59,13,0.4912,0.00005000,15.3689,293.7350,201.1189
3393,37,9,0.4910,0.00005000,13.4545,291.3538,109.3466
3394,76,14,0.4909,0.00005000,17.3363,289.9439,115.6444
3395,35,9,0.4908,0.00005000,15.8441,289.2052,91.0798
3396,86,14,0.4906,0.00005000,15.6564,291.9419,153.1170
3397,232,19,0.4904,0.00005000,14.1174,302.7126,164.3744
3398,43,11,0.4903,0.00005000,17.8853,290.7266,162.3422
3399,298,25,0.4901,0.00005000,14.5290,296.8167,193.0281
3400,62,13,0.4900,0.00005000,18.0678,285.4406,272.6998
3401,23,6,0.4899,0.00005000,12.6628,283.3629,187.7646
3402,38,10,0.4897,0.00005000,16.5968,286.4965,183.2193
3403,96,14,0.4895,0.00005000,13.9725,288.9840,133.2997
3404,59,11,0.4894,0.00005000,16.2141,283.5490,199.7018
3405,238,22,0.4892,0.00005000,17.7833,298.3437,227.2467
3406,29,7,0.4891,0.00005000,11.4880,289.0602,248.7176
3407,48,10,0.4889,0.00005000,14.7109,291.1802,153.9106
3408,113,14,0.4888,0.00005000,16.3048,302.4201,129.6637
3409,49,10,0.4886,0.00005000,14.5548,287.9306,159.0044
3410,29,8,0.4885,0.00005000,14.4082,288.5812,103.4846
3411,55,11,0.4883,0.00005000,17.3593,287.0716,160.9454
3412,52,12,0.4882,0.00005000,16.8638,286.5696,162.6293
3413,58,14,0.4880,0.00005000,15.0294,292.1770,198.5528
3414,38,10,0.4879,0.00005000,14.9300,276.4878,210.6660
3415,207,19,0.4877,0.00005000,17.4656,284.1092,278.9837
3416,37,9,0.4876,0.00005000,20.0581,290.8957,273.3957
3417,43,11,0.4874,0.00005000,14.3801,287.9462,166.8059
3418,55,12,0.4873,0.00005000,18.9995,289.9256,188.1629
3419,141,18,0.4871,0.00005000,15.0190,302.7781,108.6620
3420,49,10,0.4870,0.00005000,17.9969,290.7401,146.5300
3421,46,8,0.4868,0.00005000,11.3700,281.8161,228.1369
3422,63,14,0.4867,0.00005000,12.7522,285.3223,97.3107
3423,51,12,0.4865,0.00005000,11.0940,288.9872,188.1441
3424,74,15,0.4864,0.00005000,23.0538,290.0193,150.3099
3425,287,19,0.4862,0.00005000,15.5053,302.2637,179.4088
3426,132,18,0.4861,0.00005000,15.8644,293.9416,151.0957
3427,113,15,0.4859,0.00005000,19.2523,294.9079,117.1805
3428,35,9,0.4858,0.00005000,8.7816,293.2553,168.0919
3429,33,8,0.4857,0.00005000,13.9703,289.9628,267.7584
3430,35,9,0.4855,0.00005000,13.1561,295.8781,200.5252
3431,314,24,0.4854,0.00005000,15.2908,287.6857,173.5174
3432,384,23,0.4852,0.00005000,16.4432,298.6699,218.0083
3433,104,12,0.4850,0.00005000,14.3960,289.9959,151.0338
3434,60,13,0.4849,0.00005000,23.3092,293.1734,201.7695
3435,80,14,0.4848,0.00005000,16.3132,288.7001,163.9428
3436,74,14,0.4846,0.00005000,23.6890,292.6229,119.8478
3437,44,8,0.4845,0.00005000,18.1447,299.1976,180.5953
3438,155,18,0.4843,0.00005000,20.5663,299.5899,179.5966
3439,33,8,0.4841,0.00005000,18.3485,287.4387,209.4012
3440,146,22,0.4840,0.00005000,18.2479,281.4354,205.1843
3441,195,18,0.4839,0.00005000,19.3911,295.4988,238.9601
3442,74,13,0.4837,0.00005000,19.5546,294.0423,256.7037
3443,72,12,0.4836,0.00005000,17.7912,295.6540,159.5912
3444,30,8,0.4834,0.00005000,14.1986,295.1007,160.3824
3445,161,15,0.4832,0.00005000,14.5890,293.2867,127.4434
3446,42,11,0.4831,0.00005000,17.7111,290.8970,120.9326
3447,154,20,0.4829,0.00005000,14.4974,291.3908,173.2631
3448,93,15,0.4828,0.00005000,16.6920,300.9192,186.2005
3449,41,11,0.4827,0.00005000,17.0770,288.7959,230.7421
3450,41,9,0.4825,0.00005000,18.3862,288.9631,110.9178
3451,84,15,0.4823,0.00005000,17.0370,297.5214,146.4829
3452,40,10,0.4822,0.00005000,13.4216,283.3859,140.7776
3453,119,14,0.4820,0.00005000,13.6069,298.2341,141.9328
3454,76,15,0.4819,0.00005000,15.2782,290.0407,166.4816
3455,52,10,0.4818,0.00005000,14.7020,295.1493,255.4029
3456,89,16,0.4816,0.00005000,21.6009,303.2942,189.5440
3457,89,15,0.4814,0.00005000,20.1663,282.9759,173.7416
3458,101,14,0.4813,0.00005000,19.6861,286.1521,145.9286
3459,129,19,0.4811,0.00005000,20.0490,292.3542,155.2957
3460,52,9,0.4810,0.00005000,16.2849,301.4884,127.8664
3461,25,6,0.4808,0.00005000,10.6782,287.2884,75.2000
3462,34,7,0.4807,0.00005000,14.4413,294.1164,151.5130
3463,80,11,0.4805,0.00005000,18.4571,293.0640,214.4024
3464,108,17,0.4804,0.00005000,21.4048,292.6682,186.6999
3465,100,16,0.4802,0.00005000,17.0705,287.6954,136.4292
3466,27,5,0.4801,0.00005000,23.5997,289.2025,164.7717
3467,118,16,0.4799,0.00005000,17.9710,290.9524,176.8069
3468,53,10,0.4798,0.00005000,15.4692,292.9415,161.8274
3469,34,10,0.4796,0.00005000,20.8307,274.2152,184.5387
3470,101,15,0.4795,0.00005000,20.7821,295.7403,154.8404
3471,61,13,0.4793,0.00005000,10.8265,292.7086,192.5745
3472,112,14,0.4792,0.00005000,22.2965,295.8345,158.3967
3473,43,7,0.4790,0.00005000,27.7201,286.1603,244.9337
3474,54,10,0.4789,0.00005000,16.6663,293.2012,239.5320
3475,50,9,0.4787,0.00005000,16.6800,292.4835,240.7327
3476,49,10,0.4786,0.00005000,15.6905,288.4043,133.1891
3477,37,9,0.4784,0.00005000,29.0023,287.1476,127.5224
3478,63,15,0.4783,0.00005000,16.7330,289.8140,139.9260
3479,176,20,0.4781,0.00005000,17.6101,292.9567,166.6765
3480,48,10,0.4780,0.00005000,14.3356,283.7482,158.3262
3481,111,18,0.4778,0.00005000,21.1135,294.0980,162.1829
3482,33,9,0.4777,0.00005000,12.0445,301.7064,149.5510
3483,125,17,0.4775,0.00005000,18.5332,295.3701,226.0975
3484,52,10,0.4774,0.00005000,12.4567,292.0594,145.6445
3485,26,6,0.4772,0.00005000,17.6396,286.7273,116.5238
3486,773,30,0.4771,0.00005000,18.9999,324.2541,148.3006
3487,31,9,0.4769,0.00005000,14.8951,295.6111,117.0134
3488,367,21,0.4768,0.00005000,13.9555,311.5407,207.3368
3489,38,10,0.4767,0.00005000,14.3861,294.8388,152.1804
3490,35,9,0.4765,0.00005000,13.2328,294.0131,112.2991
3491,57,11,0.4764,0.00005000,18.7833,294.4693,269.7443
3492,56,14,0.4762,0.00005000,15.8818,301.1749,200.3535
3493,84,13,0.4760,0.00005000,18.8038,295.7801,133.4230
3494,52,10,0.4759,0.00005000,15.9706,301.4807,178.8367
3495,101,17,0.4758,0.00005000,16.5070,294.4404,235.1200
3496,50,12,0.4756,0.00005000,17.9625,284.4537,144.0159
3497,74,16,0.4755,0.00005000,16.5827,296.4094,147.2121
3498,31,8,0.4753,0.00005000,18.3597,290.9422,198.6364
3499,300,22,0.4751,0.00005000,17.7789,311.9210,295.0687
3500,95,14,0.4750,0.00005000,22.4834,298.0868,213.4548
3501,169,16,0.4748,0.00005000,12.2078,296.7313,94.6197
3502,57,12,0.4747,0.00005000,15.1239,288.9786,191.2645
3503,61,12,0.4746,0.00005000,17.9953,292.8208,132.7913
3504,224,28,0.4744,0.00005000,14.8333,294.6574,178.4063
3505,163,16,0.4743,0.00005000,15.6301,301.8537,137.5225
3506,52,11,0.4741,0.00005000,18.9216,279.0272,177.3463
3507,114,16,0.4739,0.00005000,17.0419,295.2858,213.2263
3508,63,12,0.4738,0.00005000,16.5824,294.7527,201.0164
3509,129,19,0.4737,0.00005000,20.1089,296.2810,148.4779
3510,78,12,0.4735,0.00005000,19.2142,294.7993,201.0669
3511,35,8,0.4734,0.00005000,16.8488,296.6337,138.9162
3512,52,12,0.4732,0.00005000,21.4004,289.2418,152.9440
3513,164,17,0.4730,0.00005000,15.8995,295.4667,220.8360
3514,126,15,0.4729,0.00005000,16.4410,289.2008,223.4438
3515,23,6,0.4728,0.00005000,18.5652,288.6733,145.1326
3516,154,20,0.4726,0.00005000,20.9158,281.9359,150.3509
3517,27,7,0.4725,0.00005000,17.3068,285.6215,161.4419
3518,40,10,0.4723,0.00005000,17.8115,296.2170,148.6510
3519,64,13,0.4721,0.00005000,20.2886,300.6039,153.2975
3520,101,15,0.4720,0.00005000,15.8840,306.8029,160.9279
3521,73,13,0.4718,0.00005000,13.7198,300.7330,206.2645
3522,83,13,0.4717,0.00005000,14.7657,293.9648,165.3072
3523,165,18,0.4716,0.00005000,17.0613,293.8884,139.1388
3524,290,20,0.4714,0.00005000,17.8986,302.3309,177.8362
3525,218,25,0.4712,0.00005000,18.3917,291.3903,144.0475
3526,119,15,0.4711,0.00005000,20.7856,295.0950,169.4356
3527,253,23,0.4709,0.00005000,11.2588,302.2030,248.1303
3528,170,17,0.4708,0.00005000,15.5206,298.0088,169.9608
3529,50,11,0.4707,0.00005000,22.1971,287.7117,148.9777
3530,117,13,0.4705,0.00005000,22.0369,304.8564,166.8613
3531,164,16,0.4703,0.00005000,21.2884,298.6002,272.8493
3532,59,12,0.4702,0.00005000,16.6006,298.1342,208.3062
3533,48,9,0.4700,0.00005000,20.2783,292.4254,279.1424
3534,54,11,0.4699,0.00005000,13.5662,292.6125,124.7258
3535,55,11,0.4698,0.00005000,17.9642,286.1418,116.0467
3536,87,12,0.4696,0.00005000,22.8216,297.9916,140.4315
3537,88,13,0.4694,0.00005000,19.5280,292.2756,91.0508
3538,35,10,0.4693,0.00005000,14.1110,297.1421,144.7929
3539,404,25,0.4691,0.00005000,18.6005,298.2390,211.5370
3540,168,18,0.4690,0.00005000,18.1811,296.3005,143.1849
3541,147,17,0.4688,0.00005000,18.6903,304.6923,144.0884
3542,30,7,0.4687,0.00005000,15.0089,277.4245,344.4775
3543,69,7,0.4685,0.00005000,14.7914,297.8061,308.1969
3544,237,24,0.4684,0.00005000,16.8692,289.9525,161.0765
3545,99,15,0.4682,0.00005000,9.0873,290.5891,182.5672
3546,59,12,0.4681,0.00005000,14.3339,287.9990,122.5487
3547,372,21,0.4679,0.00005000,19.7984,306.7280,147.1298
3548,51,11,0.4678,0.00005000,19.0310,289.0124,161.0228
3549,60,14,0.4677,0.00005000,14.0135,293.6709,193.3780
3550,73,12,0.4675,0.00005000,11.3777,290.9060,186.1215
3551,50,10,0.4674,0.00005000,16.2802,298.1408,135.5921
3552,176,21,0.4672,0.00005000,18.4106,300.8387,183.6872
3553,41,10,0.4671,0.00005000,9.1732,291.0151,154.0528
3554,40,10,0.4669,0.00005000,22.0845,284.3488,168.0345
3555,38,11,0.4667,0.00005000,17.6948,290.7628,134.3395
3556,31,9,0.4666,0.00005000,14.0980,298.2631,152.4853
3557,58,11,0.4665,0.00005000,10.6966,297.6773,193.3058
3558,104,17,0.4663,0.00005000,14.4154,298.8920,175.8523
3559,42,12,0.4662,0.00005000,14.3505,296.5233,149.5046
3560,32,9,0.4660,0.00005000,15.2190,277.9764,287.3113
3561,26,6,0.4658,0.00005000,16.2348,290.0092,277.8824
3562,57,11,0.4657,0.00005000,20.1618,299.8706,379.7097
3563,105,15,0.4656,0.00005000,19.3926,292.1525,230.3982
3564,111,15,0.4654,0.00005000,17.3202,302.0464,170.6802
3565,130,19,0.4653,0.00005000,17.0953,283.0076,186.0580
3566,51,9,0.4651,0.00005000,19.5612,294.7831,116.7079
3567,72,11,0.4649,0.00005000,12.5136,304.5704,190.8691
3568,124,16,0.4648,0.00005000,21.8471,290.0264,157.9377
3569,77,14,0.4647,0.00005000,20.6330,288.6195,135.6553
3570,39,9,0.4645,0.00005000,14.2752,286.8343,256.8055
3571,180,18,0.4644,0.00005000,16.3325,298.5767,153.9872
3572,29,8,0.4642,0.00005000,22.7125,296.0609,161.6088
3573,136,21,0.4640,0.00005000,11.9714,302.6087,239.4361
3574,47,9,0.4639,0.00005000,20.2367,297.3978,289.4586
3575,248,22,0.4637,0.00005000,20.6349,307.9719,192.3656
3576,85,12,0.4636,0.00005000,17.9137,284.8709,170.5469
3577,103,16,0.4635,0.00005000,15.3505,288.0026,172.0700
3578,185,19,0.4633,0.00005000,15.8131,304.4614,190.7886
3579,118,17,0.4631,0.00005000,16.5716,304.1473,265.6473
3580,27,7,0.4630,0.00005000,14.8816,287.4312,225.3797
3581,132,17,0.4628,0.00005000,16.0334,304.8505,235.7718
3582,52,12,0.4627,0.00005000,19.6375,292.9176,198.3284
3583,37,9,0.4626,0.00005000,12.4112,291.1947,197.4464
3584,74,13,0.4624,0.00005000,14.9833,301.3364,294.1760
3585,57,11,0.4622,0.00005000,11.5867,298.5009,216.6099
3586,73,13,0.4621,0.00005000,11.9757,304.1364,118.7548
3587,290,22,0.4619,0.00005000,16.0064,303.0931,161.8409
3588,315,22,0.4618,0.00005000,16.3028,309.9709,142.2301
3589,73,10,0.4617,0.00005000,13.3300,287.3663,201.7936
3590,124,16,0.4615,0.00005000,20.9117,292.9097,223.9831
3591,54,10,0.4613,0.00005000,11.8678,293.9578,116.5304
3592,43,11,0.4612,0.00005000,18.1877,299.4246,149.5108
3593,122,15,0.4610,0.00005000,18.4689,309.5134,179.8191
3594,131,20,0.4609,0.00005000,17.3301,295.7262,221.3806
3595,85,13,0.4607,0.00005000,16.5911,295.5637,106.2096
3596,52,11,0.4606,0.00005000,21.8245,296.8051,176.6997
3597,86,14,0.4604,0.00005000,19.8600,305.5473,213.2827
3598,57,10,0.4603,0.00005000,9.5526,293.8106,194.1276
3599,48,10,0.4601,0.00005000,13.1542,291.0663,121.3123
3600,471,32,0.4600,0.00005000,18.2599,299.4123,147.5273
3601,59,11,0.4598,0.00005000,25.6956,293.0745,220.6239
3602,39,10,0.4597,0.00005000,13.3844,294.6106,158.5682
3603,39,11,0.4595,0.00005000,18.5821,296.0347,86.8237
3604,97,17,0.4594,0.00005000,15.4913,300.0309,204.7391
3605,52,11,0.4592,0.00005000,13.0230,289.7706,216.8123
3606,80,12,0.4591,0.00005000,17.9361,296.1962,131.1758
3607,67,8,0.4589,0.00005000,18.6745,306.7248,183.4960
3608,45,12,0.4588,0.00005000,17.0219,289.2463,192.9710
3609,38,9,0.4587,0.00005000,18.6734,293.0920,240.2156
3610,31,7,0.4585,0.00005000,18.3156,293.3906,143.5306
3611,288,29,0.4584,0.00005000,18.5006,287.7218,170.6907
3612,104,18,0.4582,0.00005000,14.3535,297.7065,155.7641
3613,34,8,0.4581,0.00005000,16.0812,296.8728,184.0557
3614,53,11,0.4579,0.00005000,22.6515,292.6108,146.1107
3615,107,18,0.4577,0.00005000,20.1874,290.7603,138.1288
3616,106,15,0.4576,0.00005000,16.0266,306.0966,191.4282
3617,50,9,0.4575,0.00005000,18.9268,297.4149,216.3114
3618,136,16,0.4573,0.00005000,20.1042,297.3574,216.6125
3619,99,14,0.4572,0.00005000,19.8961,295.7824,172.1747
3620,46,10,0.4570,0.00005000,13.6825,304.5695,105.5888
3621,48,10,0.4568,0.00005000,15.2644,292.3565,169.3106
3622,100,15,0.4567,0.00005000,18.6212,295.8778,210.4179
3623,49,10,0.4566,0.00005000,22.2755,300.8108,167.8552
3624,96,12,0.4564,0.00005000,18.9284,298.3556,152.6231
3625,166,18,0.4563,0.00005000,21.0797,296.4087,159.8005
3626,37,10,0.4561,0.00005000,20.0248,294.1464,161.5854
3627,50,10,0.4559,0.00005000,22.0311,299.3525,264.4013
3628,185,19,0.4558,0.00005000,24.0240,303.3989,227.8223
3629,44,9,0.4556,0.00005000,16.4012,303.4884,311.3551
3630,33,8,0.4555,0.00005000,20.8897,298.2397,290.7146
3631,67,11,0.4554,0.00005000,19.0309,295.1133,277.5965
3632,29,7,0.4552,0.00005000,9.4355,293.1254,141.1628
3633,470,37,0.4550,0.00005000,18.7713,300.0670,175.3465
3634,55,11,0.4549,0.00005000,22.2734,302.1053,232.8326
3635,171,20,0.4547,0.00005000,19.9871,300.3354,124.0545
3636,30,8,0.4546,0.00005000,14.2192,294.4806,132.9601
3637,221,23,0.4545,0.00005000,20.3211,299.7213,181.0351
3638,73,10,0.4543,0.00005000,17.5145,294.6118,97.4448
3639,207,21,0.4541,0.00005000,19.6236,295.7224,171.0137
3640,172,19,0.4540,0.00005000,13.4975,298.3722,229.6348
3641,74,14,0.4538,0.00005000,25.0805,300.7164,128.0914
3642,137,16,0.4537,0.00005000,19.6046,300.2722,113.8747
3643,97,18,0.4536,0.00005000,20.0652,296.3885,121.3111
3644,77,14,0.4534,0.00005000,21.7669,305.0221,153.5275
3645,178,21,0.4532,0.00005000,15.8302,300.0411,148.5649
3646,56,13,0.4531,0.00005000,10.6904,298.7467,118.0146
3647,33,8,0.4529,0.00005000,14.1507,295.5375,178.4102
3648,165,15,0.4528,0.00005000,18.4753,307.4326,177.7894
3649,117,14,0.4526,0.00005000,20.9672,307.0460,176.5271
3650,70,14,0.4525,0.00005000,16.2951,307.3318,170.4355
3651,51,9,0.4523,0.00005000,20.2116,303.0934,122.0910
3652,75,11,0.4522,0.00005000,19.1976,304.2065,97.9037
3653,142,19,0.4520,0.00005000,17.1673,304.0650,155.7186
3654,35,9,0.4519,0.00005000,22.4462,297.1083,175.3523
3655,146,17,0.4517,0.00005000,21.1950,296.8557,180.2827
3656,70,14,0.4516,0.00005000,21.9781,299.1599,189.5807
3657,55,13,0.4514,0.00005000,17.6000,298.6691,167.7546
3658,34,8,0.4513,0.00005000,10.9534,301.2613,130.8452
3659,59,12,0.4511,0.00005000,17.6923,298.6013,160.5854
3660,65,14,0.4510,0.00005000,15.3611,297.7871,133.8401
3661,77,13,0.4508,0.00005000,15.7822,312.7517,119.5393
3662,45,13,0.4507,0.00005000,14.2579,298.4015,114.9696
3663,119,21,0.4505,0.00005000,14.9276,312.5713,171.6176
3664,45,8,0.4504,0.00005000,19.7816,308.1188,135.1775
3665,60,12,0.4502,0.00005000,20.9424,298.7544,112.9632
3666,127,16,0.4501,0.00005000,18.4766,309.8549,134.9747
3667,173,17,0.4499,0.00005000,18.8902,297.3554,194.4531
3668,201,24,0.4498,0.00005000,17.6690,304.0684,195.0685
3669,56,13,0.4496,0.00005000,18.7490,295.7938,161.4178
3670,50,11,0.4495,0.00005000,19.2583,293.2096,170.0841
3671,149,16,0.4494,0.00005000,15.2958,300.1538,165.7140
3672,162,15,0.4492,0.00005000,14.5205,318.4832,121.1060
3673,43,11,0.4491,0.00005000,17.8453,282.0531,170.0365
3674,93,17,0.4489,0.00005000,18.1872,298.2647,141.5938
3675,124,17,0.4487,0.00005000,15.6356,303.3944,184.0154
3676,56,12,0.4486,0.00005000,18.4713,294.0245,222.3199
3677,74,12,0.4485,0.00005000,11.9073,301.1332,193.5966
3678,61,12,0.4483,0.00005000,15.5639,301.1911,121.5172
3679,76,15,0.4482,0.00005000,15.4180,299.8079,181.9314
3680,84,13,0.4480,0.00005000,18.8913,301.5885,263.5840
3681,76,12,0.4478,0.00005000,16.7182,304.2679,167.5461
3682,106,15,0.4477,0.00005000,18.7301,303.0812,113.7574
3683,54,10,0.4476,0.00005000,19.9961,294.1205,188.9590
3684,30,8,0.4474,0.00005000,15.5588,291.2676,190.6149
3685,45,10,0.4473,0.00005000,16.9363,300.9330,158.1358
3686,90,17,0.4471,0.00005000,15.5357,303.1502,168.4773
3687,37,8,0.4469,0.00005000,24.7587,302.8163,167.1122
3688,55,11,0.4468,0.00005000,21.1177,301.8533,166.7675
3689,128,17,0.4466,0.00005000,22.1776,297.5781,282.2382
3690,55,13,0.4465,0.00005000,22.0543,297.7110,100.5125
3691,111,13,0.4464,0.00005000,17.5402,304.2357,134.2257
3692,110,18,0.4462,0.00005000,18.9124,293.3534,150.3952
3693,32,8,0.4460,0.00005000,14.5473,300.2222,153.9081
3694,42,11,0.4459,0.00005000,19.5688,300.4078,132.8306
3695,619,38,0.4457,0.00005000,18.0824,306.7048,165.6238
3696,86,13,0.4456,0.00005000,21.8124,307.4041,218.8218
3697,35,8,0.4455,0.00005000,16.8557,288.1267,289.4687
3698,200,23,0.4453,0.00005000,20.2756,301.2500,207.7628
3699,194,18,0.4451,0.00005000,15.6065,299.7669,175.4089
3700,104,17,0.4450,0.00005000,20.7403,292.1848,161.7173
3701,112,14,0.4448,0.00005000,17.7967,310.4376,134.7409
3702,171,17,0.4447,0.00005000,20.0015,299.8648,152.4253
3703,76,13,0.4446,0.00005000,19.4056,284.5852,143.3651
3704,108,10,0.4444,0.00005000,17.5145,307.8465,167.4760
3705,107,14,0.4442,0.00005000,19.1698,305.4948,164.0016
3706,293,21,0.4441,0.00005000,20.9996,306.7204,209.3832
3707,310,20,0.4439,0.00005000,17.3749,309.4589,235.9554
3708,118,15,0.4438,0.00005000,16.8286,312.3341,253.5020
3709,173,19,0.4436,0.00005000,21.3230,312.3512,195.8832
3710,118,16,0.4435,0.00005000,17.6795,307.2662,194.3490
3711,33,8,0.4433,0.00005000,15.3412,295.6395,138.6202
3712,76,11,0.4432,0.00005000,14.2477,308.3532,115.5647
3713,256,24,0.4430,0.00005000,22.7465,307.1244,134.3232
3714,181,19,0.4429,0.00005000,18.3708,310.1868,206.0962
3715,52,10,0.4427,0.00005000,23.2269,295.2930,272.4558
3716,54,11,0.4426,0.00005000,18.2278,307.8251,169.0298
3717,452,23,0.4424,0.00005000,18.4017,309.7805,153.4633
3718,77,15,0.4423,0.00005000,16.3991,303.2506,123.1124
3719,61,14,0.4421,0.00005000,19.8235,289.5514,141.0020
3720,232,22,0.4420,0.00005000,17.1295,306.0280,146.0095
3721,50,9,0.4418,0.00005000,15.5769,299.0159,183.7073
3722,35,9,0.4417,0.00005000,12.9780,299.7653,87.6378
3723,39,11,0.4415,0.00005000,21.9203,293.4478,137.1650
3724,59,12,0.4414,0.00005000,15.1173,305.2331,126.3379
3725,28,7,0.4412,0.00005000,7.7515,305.3841,148.7963
3726,101,17,0.4411,0.00005000,11.4608,306.0938,192.1921
3727,134,19,0.4409,0.00005000,16.5271,308.0968,155.8983
3728,61,14,0.4408,0.00005000,22.5285,308.0968,176.1137
3729,47,10,0.4406,0.00005000,20.6049,301.3247,152.5677
3730,56,12,0.4405,0.00005000,17.4665,305.7263,124.7284
3731,103,19,0.4404,0.00005000,19.2106,302.4480,135.6870
3732,34,10,0.4402,0.00005000,13.1122,302.4641,148.3062
3733,53,12,0.4401,0.00005000,16.3758,308.6087,184.2279
3734,31,9,0.4399,0.00005000,21.8150,304.5554,193.1865
3735,327,29,0.4397,0.00005000,13.6158,313.9075,265.1987
3736,304,28,0.4396,0.00005000,18.9562,315.1318,199.1837
3737,165,19,0.4395,0.00005000,15.0873,312.8654,158.0070
3738,81,12,0.4393,0.00005000,20.4624,300.2202,286.0850
3739,192,21,0.4392,0.00005000,21.3963,313.5196,190.4712
3740,32,8,0.4390,0.00005000,20.5993,305.9684,134.1690
3741,60,11,0.4388,0.00005000,19.4335,307.9202,181.8241
3742,51,10,0.4387,0.00005000,21.9497,299.4056,139.3139
3743,50,9,0.4385,0.00005000,21.5757,311.2419,195.1962
3744,72,10,0.4384,0.00005000,19.7425,302.7301,236.1000
3745,82,13,0.4383,0.00005000,24.1557,294.2724,159.1580
3746,53,12,0.4381,0.00005000,16.9592,296.5362,164.4975
3747,27,8,0.4379,0.00005000,26.4573,306.0883,219.9845
3748,66,12,0.4378,0.00005000,19.2935,308.1237,173.2576
3749,41,11,0.4376,0.00005000,17.3109,306.7870,221.3462
3750,262,29,0.4375,0.00005000,20.2438,308.8236,212.6446
3751,50,9,0.4374,0.00005000,19.6500,304.7744,147.3178
3752,38,10,0.4372,0.00005000,13.4559,293.7905,118.4428
3753,78,14,0.4371,0.00005000,18.0434,309.2094,239.5277
3754,49,7,0.4369,0.00005000,26.1660,296.2397,180.5017
3755,114,13,0.4367,0.00005000,18.8639,313.1174,247.4754
3756,36,8,0.4366,0.00005000,15.4558,304.5042,232.6797
3757,50,9,0.4365,0.00005000,8.6148,310.9779,179.3273
3758,202,21,0.4363,0.00005000,15.4773,311.9408,210.8651
3759,33,10,0.4362,0.00005000,16.3260,297.6419,222.3778
3760,32,8,0.4360,0.00005000,17.0787,305.4283,197.9550
3761,29,7,0.4358,0.00005000,12.5568,310.1463,108.8847
3762,35,9,0.4357,0.00005000,20.0308,293.9385,247.8841
3763,79,11,0.4355,0.00005000,19.1244,313.9732,173.8995
3764,89,16,0.4354,0.00005000,18.3428,302.8893,162.1171
3765,36,8,0.4353,0.00005000,18.1514,309.2235,236.9740
3766,43,10,0.4351,0.00005000,19.5345,312.3639,174.6516
3767,25,6,0.4349,0.00005000,23.2556,312.2475,231.8015
3768,94,16,0.4348,0.00005000,16.4192,305.2398,190.9495
3769,35,9,0.4346,0.00005000,13.2253,313.8486,140.3904
3770,82,14,0.4345,0.00005000,19.5908,298.0259,203.9587
3771,481,21,0.4344,0.00005000,20.1883,330.0312,277.1156
3772,220,19,0.4342,0.00005000,16.4133,306.6110,133.1206
3773,94,14,0.4340,0.00005000,15.4576,303.7860,168.8023
3774,300,27,0.4339,0.00005000,17.6031,313.1719,158.8263
3775,44,9,0.4337,0.00005000,16.7693,297.9272,224.3755
3776,64,16,0.4336,0.00005000,19.9838,314.5646,283.5121
3777,57,12,0.4335,0.00005000,21.5042,302.3901,161.3897
3778,100,17,0.4333,0.00005000,10.3677,297.4110,178.5929
3779,55,10,0.4331,0.00005000,14.7636,301.4066,134.8610
3780,37,9,0.4330,0.00005000,15.5550,302.7168,162.8536
3781,36,9,0.4328,0.00005000,16.3064,305.0589,145.6606
3782,45,11,0.4327,0.00005000,23.6754,310.5148,154.9641
3783,64,13,0.4325,0.00005000,17.0644,308.5897,153.0905
3784,76,10,0.4324,0.00005000,14.6684,312.9996,129.2971
3785,80,12,0.4322,0.00005000,15.8748,304.4935,110.6550
3786,71,10,0.4321,0.00005000,20.6872,303.2290,277.6888
3787,90,16,0.4319,0.00005000,19.1689,309.1182,299.3559
3788,41,10,0.4318,0.00005000,18.3981,300.5644,273.5619
3789,59,13,0.4316,0.00005000,16.9907,305.5468,139.7422
3790,284,25,0.4315,0.00005000,19.8803,312.9173,142.8362
3791,55,12,0.4314,0.00005000,14.8285,307.1257,159.9367
3792,51,10,0.4312,0.00005000,10.6834,310.3872,157.2102
3793,126,16,0.4311,0.00005000,17.0220,295.4224,275.8156
3794,159,20,0.4309,0.00005000,13.3000,320.4726,190.3209
3795,78,13,0.4308,0.00005000,20.8012,309.7052,266.5161
3796,373,26,0.4306,0.00005000,20.3595,313.6564,246.7855
3797,90,15,0.4304,0.00005000,17.4856,308.7655,131.8679
3798,36,9,0.4303,0.00005000,14.5557,317.7764,226.1822
3799,29,7,0.4302,0.00005000,20.9259,314.5519,215.0422
3800,87,14,0.4300,0.00005000,12.4879,310.4099,327.9480
3801,168,21,0.4299,0.00005000,14.4547,319.6611,177.9501
3802,43,8,0.4297,0.00005000,21.9221,310.3015,305.5275
3803,215,24,0.4295,0.00005000,17.5630,313.6490,142.1346
3804,82,12,0.4294,0.00005000,14.4517,314.5631,152.0694
3805,84,13,0.4293,0.00005000,22.8805,316.4499,191.0808
3806,182,18,0.4291,0.00005000,17.4580,319.6681,201.6437
3807,55,11,0.4290,0.00005000,16.1465,307.2900,155.1128
3808,36,9,0.4288,0.00005000,16.4684,312.7870,148.4792
3809,78,13,0.4286,0.00005000,16.0141,319.5532,191.9068
3810,51,10,0.4285,0.00005000,19.1436,308.8946,296.1149
3811,56,13,0.4284,0.00005000,14.4493,317.1831,185.6703
3812,173,19,0.4282,0.00005000,20.2892,313.6620,183.6508
3813,99,14,0.4281,0.00005000,24.9722,313.3918,251.4151
3814,40,11,0.4279,0.00005000,17.4983,315.3773,266.3274
3815,52,10,0.4277,0.00005000,19.1223,315.2278,309.8917
3816,53,11,0.4276,0.00005000,11.6488,309.3514,170.6591
3817,50,10,0.4274,0.00005000,24.6026,309.2881,121.9102
3818,218,19,0.4273,0.00005000,23.4930,311.4217,206.4420
3819,42,10,0.4272,0.00005000,19.7436,319.9251,216.8832
3820,35,9,0.4270,0.00005000,14.2051,310.3848,86.0013
3821,53,12,0.4268,0.00005000,16.8454,316.1320,148.8048
3822,52,11,0.4267,0.00005000,20.7350,312.5246,119.7503
3823,30,8,0.4265,0.00005000,18.1520,314.5392,264.3499
3824,83,13,0.4264,0.00005000,16.8261,303.4607,268.2131
3825,35,9,0.4263,0.00005000,16.3233,309.4460,306.8750
3826,86,16,0.4261,0.00005000,17.8149,311.2763,208.3586
3827,105,16,0.4259,0.00005000,17.2132,311.5267,189.9596
3828,33,8,0.4258,0.00005000,21.0112,310.9819,156.1977
3829,80,12,0.4256,0.00005000,22.8008,321.3830,100.1788
3830,38,12,0.4255,0.00005000,21.3171,311.6856,189.0155
3831,56,13,0.4254,0.00005000,15.6281,317.0313,172.0631
3832,57,14,0.4252,0.00005000,13.8440,324.1075,144.2819
3833,36,9,0.4250,0.00005000,17.8806,313.5479,149.8732
3834,32,7,0.4249,0.00005000,22.2215,316.4938,156.0264
3835,24,6,0.4247,0.00005000,16.3599,307.7420,189.3383
3836,44,12,0.4246,0.00005000,22.5600,318.7067,221.0152
3837,28,7,0.4244,0.00005000,20.6606,313.5430,189.5814
3838,64,13,0.4243,0.00005000,18.7163,327.0561,210.2179
3839,213,24,0.4241,0.00005000,23.1380,321.5602,249.6362
3840,48,10,0.4240,0.00005000,13.9426,309.4576,124.1472
3841,167,20,0.4238,0.00005000,19.1870,323.5421,142.1968
3842,63,13,0.4237,0.00005000,21.2125,324.1090,173.6423
3843,40,11,0.4235,0.00005000,20.8100,317.0580,166.1978
3844,53,12,0.4234,0.00005000,12.4049,316.0823,143.7143
3845,83,14,0.4232,0.00005000,19.5267,313.0408,163.5346
3846,58,12,0.4231,0.00005000,21.3998,320.7548,155.4164
3847,51,10,0.4229,0.00005000,18.4944,313.2563,156.7197
3848,164,20,0.4228,0.00005000,17.4363,311.2493,179.8465
3849,285,24,0.4226,0.00005000,15.8932,319.1111,240.1256
3850,172,20,0.4225,0.00005000,18.4135,316.2289,202.2525
3851,909,32,0.4224,0.00005000,18.5458,335.9442,190.4944
3852,53,11,0.4222,0.00005000,19.8699,319.0611,141.5516
3853,59,11,0.4221,0.00005000,16.2708,315.6447,228.7402
3854,59,12,0.4219,0.00005000,21.3004,321.7228,181.2736
3855,40,8,0.4218,0.00005000,16.9350,311.9349,159.5975
3856,75,11,0.4216,0.00005000,16.0637,317.8124,210.4457
3857,110,15,0.4214,0.00005000,16.9946,311.4710,143.3563
3858,221,19,0.4213,0.00005000,17.5917,321.2013,165.4128
3859,36,9,0.4212,0.00005000,18.4494,315.9164,161.7916
3860,235,21,0.4210,0.00005000,17.6044,317.9861,194.3707
3861,81,14,0.4209,0.00005000,23.0987,319.1302,235.9788
3862,128,17,0.4207,0.00005000,15.3241,307.9485,200.7149
3863,68,9,0.4205,0.00005000,16.9787,325.2272,160.2329
3864,90,16,0.4204,0.00005000,19.6736,319.8437,122.9400
3865,93,12,0.4203,0.00005000,16.0259,315.5899,168.9232
3866,36,10,0.4201,0.00005000,19.4181,306.9173,127.4920
3867,53,10,0.4200,0.00005000,16.4182,324.5265,184.0633
3868,148,19,0.4198,0.00005000,18.2800,313.2344,220.3707
3869,233,22,0.4196,0.00005000,19.4656,325.9213,113.3423
3870,169,16,0.4195,0.00005000,18.4396,332.5880,317.4908
3871,135,20,0.4194,0.00005000,17.6212,323.1926,164.2953
3872,50,9,0.4192,0.00005000,20.4667,314.1454,152.6980
3873,53,10,0.4191,0.00005000,25.6220,322.8142,163.8269
3874,83,12,0.4189,0.00005000,13.4788,319.8481,103.2579
3875,44,10,0.4187,0.00005000,16.5770,323.8943,211.9162
3876,31,7,0.4186,0.00005000,18.6280,311.7941,185.0752
3877,186,22,0.4184,0.00005000,14.4874,330.6750,170.2574
3878,34,8,0.4183,0.00005000,17.4112,326.8387,240.3075
3879,23,6,0.4182,0.00005000,31.3002,311.4694,230.8996
3880,131,16,0.4180,0.00005000,20.9489,323.0867,285.5294
3881,41,11,0.4178,0.00005000,12.5744,311.2104,177.0069
3882,53,12,0.4177,0.00005000,16.6463,311.7080,195.8005
3883,48,9,0.4175,0.00005000,19.0073,312.9399,174.9944
3884,154,15,0.4174,0.00005000,18.3317,318.5962,178.2921
3885,75,14,0.4173,0.00005000,17.6922,317.2738,167.8260
3886,36,8,0.4171,0.00005000,18.7487,318.2187,216.8815
3887,71,9,0.4169,0.00005000,19.1635,304.6715,292.4481
3888,38,9,0.4168,0.00005000,18.1643,327.4416,124.8430
3889,42,10,0.4166,0.00005000,17.5658,304.6338,157.0556
3890,51,12,0.4165,0.00005000,18.2798,312.6450,136.5190
3891,47,12,0.4163,0.00005000,18.3308,325.2838,219.2913
3892,86,14,0.4162,0.00005000,18.3976,328.2311,181.4105
3893,53,11,0.4160,0.00005000,18.9464,313.7351,163.0149
3894,59,12,0.4159,0.00005000,14.1983,327.2319,166.8544
3895,163,16,0.4157,0.00005000,12.8173,311.9391,184.4167
3896,103,18,0.4156,0.00005000,14.2341,309.0856,221.8139
3897,34,7,0.4154,0.00005000,15.2604,311.1420,215.0359
3898,40,9,0.4153,0.00005000,24.3509,320.0478,170.7192
3899,57,12,0.4151,0.00005000,19.4976,320.9453,254.4192
3900,38,11,0.4150,0.00005000,16.4166,310.6843,162.3138
3901,42,10,0.4148,0.00005000,16.8920,304.8647,226.4786
3902,127,17,0.4147,0.00005000,24.5093,308.0208,148.8516
3903,52,10,0.4145,0.00005000,13.6520,302.6358,194.8451
3904,32,8,0.4144,0.00005000,17.1452,319.8083,159.3970
3905,100,17,0.4142,0.00005000,17.5319,319.8696,231.1487
3906,187,24,0.4141,0.00005000,18.1350,336.7450,116.5806
3907,94,14,0.4139,0.00005000,22.1953,328.6713,174.9624
3908,214,20,0.4138,0.00005000,19.1691,319.9378,168.3453
3909,99,14,0.4136,0.00005000,14.8511,327.0020,274.7622
3910,56,11,0.4135,0.00005000,18.8133,322.7040,101.3766
3911,36,7,0.4133,0.00005000,20.9755,309.1472,288.4457
3912,34,8,0.4132,0.00005000,21.7575,324.0074,252.9564
3913,115,14,0.4131,0.00005000,14.4950,324.4421,220.8351
3914,47,10,0.4129,0.00005000,24.8414,320.9371,159.5992
3915,291,20,0.4128,0.00005000,17.4630,328.1021,146.4770
3916,65,9,0.4126,0.00005000,19.5176,319.9583,150.7469
3917,35,8,0.4124,0.00005000,14.7817,312.6910,139.3020
3918,29,6,0.4123,0.00005000,12.7592,326.0836,180.2147
3919,26,6,0.4122,0.00005000,19.7058,309.6870,123.6201
3920,234,21,0.4120,0.00005000,16.5045,327.5394,111.9554
3921,59,12,0.4119,0.00005000,15.0987,323.3736,208.3109
3922,129,17,0.4117,0.00005000,18.9910,311.1547,178.4719
3923,82,13,0.4115,0.00005000,14.3260,318.3965,186.4518
3924,126,17,0.4114,0.00005000,12.3144,318.8876,223.6357
3925,286,25,0.4113,0.00005000,17.5843,332.6371,233.7064
3926,119,14,0.4111,0.00005000,18.7040,327.2484,299.0182
3927,58,12,0.4110,0.00005000,18.2982,319.6442,246.0763
3928,316,28,0.4108,0.00005000,17.0158,332.8153,244.0010
3929,103,16,0.4106,0.00005000,15.9827,319.0451,153.1994
3930,58,12,0.4105,0.00005000,18.4203,315.1094,267.7410
3931,114,13,0.4103,0.00005000,22.9005,325.3090,346.7625
3932,53,11,0.4102,0.00005000,19.3460,319.9561,168.2825
3933,257,23,0.4101,0.00005000,14.7445,320.8104,169.1901
3934,348,25,0.4099,0.00005000,17.5857,334.5585,195.7453
3935,81,13,0.4097,0.00005000,17.0021,328.7374,224.8499
3936,84,14,0.4096,0.00005000,15.2169,324.7603,187.7390
3937,54,11,0.4094,0.00005000,18.8601,311.6975,289.7641
3938,58,15,0.4093,0.00005000,18.4165,322.5639,109.1457
3939,31,7,0.4092,0.00005000,21.9715,321.1574,145.6748
3940,51,10,0.4090,0.00005000,17.5683,324.2526,153.0008
3941,137,19,0.4088,0.00005000,16.4465,311.4481,170.3954
3942,86,15,0.4087,0.00005000,10.4839,319.3563,165.5681
3943,77,14,0.4085,0.00005000,16.7429,311.2526,114.7153
3944,67,12,0.4084,0.00005000,19.3192,323.6221,151.7536
3945,53,10,0.4083,0.00005000,24.0269,324.7176,157.1279
3946,25,5,0.4081,0.00005000,11.4737,306.2923,311.4506
3947,221,25,0.4079,0.00005000,21.2548,336.5029,210.9058
3948,54,10,0.4078,0.00005000,19.3575,318.6952,172.7385
3949,183,19,0.4076,0.00005000,15.4086,309.3709,106.1869
3950,117,13,0.4075,0.00005000,16.7714,337.1557,95.1955
3951,83,13,0.4073,0.00005000,21.5669,326.2451,149.7702
3952,51,10,0.4072,0.00005000,20.5082,312.9262,151.7112
3953,84,17,0.4070,0.00005000,17.2414,313.5447,254.1935
3954,38,11,0.4069,0.00005000,14.8685,319.3650,192.3855
3955,52,12,0.4067,0.00005000,19.5851,324.6866,147.1895
3956,53,9,0.4066,0.00005000,20.1009,326.5553,198.9787
3957,58,11,0.4064,0.00005000,21.8900,319.1351,142.5646
3958,60,11,0.4063,0.00005000,18.9788,318.5572,211.8077
3959,54,11,0.4061,0.00005000,14.4846,324.2132,249.9606
3960,57,12,0.4060,0.00005000,18.4841,324.1496,211.4262
3961,52,11,0.4058,0.00005000,17.1323,323.8474,274.8029
3962,64,11,0.4057,0.00005000,16.9657,323.1666,157.8791
3963,46,9,0.4055,0.00005000,12.6992,323.3944,119.6367
3964,559,33,0.4054,0.00005000,21.5557,339.0482,188.0866
3965,29,7,0.4052,0.00005000,16.7880,325.6658,137.1003
3966,52,11,0.4051,0.00005000,20.9113,322.6881,140.3915
3967,46,9,0.4049,0.00005000,13.4054,320.7351,119.8370
3968,89,17,0.4048,0.00005000,24.4422,322.7735,148.9450
3969,177,18,0.4046,0.00005000,18.5715,329.6635,229.7121
3970,167,17,0.4045,0.00005000,19.7902,322.1207,247.5352
3971,40,10,0.4043,0.00005000,13.7572,311.9595,193.7530
3972,33,7,0.4042,0.00005000,16.4075,313.3341,171.6924
3973,39,10,0.4041,0.00005000,18.5428,325.1435,143.6672
3974,24,6,0.4039,0.00005000,21.5384,313.2945,187.0994
3975,335,25,0.4038,0.00005000,22.0679,324.8617,158.8191
3976,39,10,0.4036,0.00005000,20.0038,312.9391,132.5724
3977,38,8,0.4034,0.00005000,18.0675,312.4131,227.1272
3978,93,13,0.4033,0.00005000,18.0421,329.2767,195.2343
3979,122,19,0.4032,0.00005000,15.1369,325.6144,165.5323
3980,78,15,0.4030,0.00005000,19.8084,316.5100,198.8932
3981,136,18,0.4029,0.00005000,20.1078,326.9496,227.3454
3982,87,13,0.4027,0.00005000,18.8243,348.8508,229.0919
3983,99,15,0.4025,0.00005000,19.0672,324.9413,206.3963
3984,40,11,0.4024,0.00005000,23.6963,332.3288,181.9783
3985,228,20,0.4022,0.00005000,22.4780,338.6970,218.4162
3986,37,9,0.4021,0.00005000,18.0824,318.8726,170.3780
3987,35,8,0.4020,0.00005000,14.6718,327.3544,132.9974
3988,87,15,0.4018,0.00005000,15.9696,320.3476,117.9141
3989,51,10,0.4016,0.00005000,18.7684,319.3753,124.3399
3990,51,10,0.4015,0.00005000,16.3972,325.5188,190.9884
3991,123,16,0.4013,0.00005000,17.4742,314.9364,142.3022
3992,127,18,0.4012,0.00005000,17.2154,332.8107,143.4121
3993,42,11,0.4011,0.00005000,25.1446,320.7753,173.1135
3994,48,9,0.4009,0.00005000,18.4617,332.9792,174.6769
3995,73,15,0.4007,0.00005000,13.7449,324.0155,192.1687
3996,111,12,0.4006,0.00005000,21.7357,323.6516,143.8797
3997,20,5,0.4004,0.00005000,19.2335,322.9860,123.7467
3998,305,23,0.4003,0.00005000,16.6476,339.6736,153.8471
3999,105,14,0.4002,0.00005000,20.7240,331.9292,220.1354
4000,57,11,0.4000,0.00005000,21.8540,324.6390,197.7871
4001,52,11,0.3999,0.00005000,18.9329,325.4224,184.9777
4002,130,18,0.3997,0.00005000,12.9572,328.8634,236.3279
4003,162,22,0.3995,0.00005000,15.6160,324.5214,161.8816
4004,33,11,0.3994,0.00005000,20.8266,322.8899,97.5226
4005,121,15,0.3992,0.00005000,23.3214,308.4660,163.8938
4006,170,18,0.3991,0.00005000,18.7442,327.3009,174.3621
4007,82,14,0.3990,0.00005000,17.0530,324.6030,231.0060
4008,112,13,0.3988,0.00005000,14.4836,335.0474,145.0503
4009,121,15,0.3986,0.00005000,14.9498,337.3207,164.5726
4010,69,14,0.3985,0.00005000,15.2164,323.9838,170.1678
4011,34,9,0.3983,0.00005000,22.0248,328.4456,208.7532
4012,58,12,0.3982,0.00005000,16.7787,324.5602,111.5233
4013,103,17,0.3981,0.00005000,18.5850,329.5276,206.7399
4014,122,15,0.3979,0.00005000,21.3412,316.1356,185.2898
4015,73,14,0.3977,0.00005000,24.5895,322.6483,171.4635
4016,38,7,0.3976,0.00005000,13.5734,325.6570,201.6012
4017,49,10,0.3974,0.00005000,11.4628,319.1366,171.6705
4018,42,10,0.3973,0.00005000,12.6202,316.0226,203.2682
4019,83,15,0.3972,0.00005000,16.6545,335.1365,147.5177
4020,62,13,0.3970,0.00005000,18.2049,325.2517,132.5558
4021,42,11,0.3968,0.00005000,16.3280,330.8659,203.4493
4022,39,10,0.3967,0.00005000,15.2736,319.0507,263.3579
4023,72,14,0.3965,0.00005000,18.3812,325.6284,255.5550
4024,75,12,0.3964,0.00005000,20.0324,336.6088,168.6171
4025,298,24,0.3962,0.00005000,20.3623,329.0843,221.4195
4026,106,15,0.3961,0.00005000,20.6763,319.7652,107.1966
4027,27,7,0.3959,0.00005000,16.3689,319.2473,243.4397
4028,361,29,0.3958,0.00005000,19.3001,335.5044,176.6894
4029,31,11,0.3956,0.00005000,19.6457,318.3280,256.9897
4030,207,20,0.3955,0.00005000,21.2900,332.8557,204.4993
4031,59,12,0.3953,0.00005000,21.4339,330.1010,154.5407
4032,39,9,0.3952,0.00005000,18.2001,312.6412,222.3635
4033,53,11,0.3951,0.00005000,26.5940,333.4981,126.3688
4034,59,12,0.3949,0.00005000,20.2913,321.8549,143.2217
4035,61,13,0.3948,0.00005000,16.8187,322.8488,196.0886
4036,31,9,0.3946,0.00005000,20.0034,321.9252,190.3088
4037,86,13,0.3945,0.00005000,22.3181,324.5996,170.2299
4038,238,25,0.3943,0.00005000,18.8050,323.8127,226.8498
4039,468,27,0.3942,0.00005000,16.4936,343.6992,212.8438
4040,31,8,0.3940,0.00005000,24.1414,319.4834,121.3562
4041,96,13,0.3939,0.00005000,24.1088,330.9524,95.6505
4042,30,8,0.3937,0.00005000,18.1826,330.8821,193.6412
4043,60,13,0.3936,0.00005000,20.3366,325.9369,215.0211
4044,59,13,0.3934,0.00005000,25.7501,326.2433,160.6148
4045,86,15,0.3932,0.00005000,17.7262,323.8987,217.9665
4046,223,23,0.3931,0.00005000,18.9022,333.4360,167.1563
4047,27,6,0.3930,0.00005000,21.3396,333.2481,153.8411
4048,37,10,0.3928,0.00005000,23.3450,327.3719,151.8806
4049,79,13,0.3927,0.00005000,17.7476,319.3928,213.4449
4050,80,15,0.3925,0.00005000,17.6026,333.5130,162.4159
4051,141,19,0.3923,0.00005000,18.6022,313.5414,185.1379
4052,287,23,0.3922,0.00005000,22.5837,341.5804,223.5330
4053,57,12,0.3921,0.00005000,18.4581,323.5221,179.5810
4054,143,18,0.3919,0.00005000,18.4014,320.8653,253.8743
4055,489,31,0.3918,0.00005000,20.6682,352.3395,218.8147
4056,109,15,0.3916,0.00005000,22.0030,321.9387,177.6206
4057,118,13,0.3914,0.00005000,20.5488,338.4441,181.7680
4058,81,13,0.3913,0.00005000,26.4316,339.7041,139.3365
4059,52,9,0.3911,0.00005000,18.6487,324.1367,124.6960
4060,86,14,0.3910,0.00005000,18.7096,325.7103,196.0542
4061,73,14,0.3909,0.00005000,20.5495,319.1251,302.5695
4062,74,12,0.3907,0.00005000,18.4350,341.8287,376.3172
4063,73,13,0.3905,0.00005000,17.1726,326.2962,262.2078
4064,33,8,0.3904,0.00005000,29.0361,315.9648,206.9039
4065,55,10,0.3902,0.00005000,22.9688,333.0026,225.4194
4066,183,21,0.3901,0.00005000,23.8758,340.2050,222.9543
4067,252,19,0.3900,0.00005000,21.5896,339.9828,152.4282
4068,50,10,0.3898,0.00005000,19.2256,330.6770,221.0778
4069,53,11,0.3896,0.00005000,21.4224,335.2674,180.4728
4070,121,20,0.3895,0.00005000,20.7131,340.0381,190.4281
4071,53,11,0.3893,0.00005000,23.1565,316.4082,106.8290
4072,120,15,0.3892,0.00005000,24.5761,329.5023,237.9953
4073,32,8,0.3891,0.00005000,21.8859,332.1525,196.1419
4074,715,33,0.3889,0.00005000,20.8667,342.6865,177.6912
4075,123,16,0.3887,0.00005000,13.9843,341.8668,234.9713
4076,220,18,0.3886,0.00005000,21.0020,326.8372,192.2678
4077,57,11,0.3884,0.00005000,22.6145,327.4077,183.2353
4078,45,11,0.3883,0.00005000,14.3036,332.2381,202.1418
4079,86,17,0.3881,0.00005000,19.5992,337.5609,140.5599
4080,50,9,0.3880,0.00005000,20.5986,331.8804,190.2832
4081,52,10,0.3878,0.00005000,26.0261,324.4139,189.3685
4082,197,25,0.3877,0.00005000,18.2109,331.6590,195.2058
4083,361,22,0.3875,0.00005000,19.3963,339.3526,220.7318
4084,52,11,0.3874,0.00005000,27.2159,331.3131,197.3400
4085,32,8,0.3872,0.00005000,16.3534,326.5809,183.2396
4086,247,20,0.3871,0.00005000,19.5058,339.5800,138.3394
4087,101,17,0.3869,0.00005000,15.5093,342.7929,189.8119
4088,58,11,0.3868,0.00005000,21.5288,348.0451,220.1714
4089,114,13,0.3866,0.00005000,22.0610,328.4480,165.0683
4090,37,10,0.3865,0.00005000,20.9300,323.3563,214.4605
4091,418,30,0.3863,0.00005000,16.6788,330.4452,245.4475
4092,58,13,0.3862,0.00005000,17.3036,332.0554,127.0255
4093,41,12,0.3861,0.00005000,16.5229,338.4265,166.9065
4094,120,16,0.3859,0.00005000,15.8284,342.5796,190.8176
4095,24,6,0.3858,0.00005000,19.1020,327.4638,129.7909
4096,50,10,0.3856,0.00005000,20.3661,337.6224,216.6131
4097,38,9,0.3855,0.00005000,11.5625,344.1536,114.1350
4098,27,7,0.3853,0.00005000,26.7304,316.1773,274.3540
4099,161,16,0.3851,0.00005000,17.0914,354.0161,194.9086
4100,121,14,0.3850,0.00005000,21.0931,332.3422,151.4485
4101,73,11,0.3849,0.00005000,19.0661,328.9169,273.2433
4102,75,15,0.3847,0.00005000,17.3522,341.5248,157.8340
4103,52,10,0.3846,0.00005000,19.9573,349.0823,275.3841
4104,56,12,0.3844,0.00005000,23.7232,340.7992,213.9997
4105,161,14,0.3842,0.00005000,20.1722,341.0788,180.7147
4106,34,9,0.3841,0.00005000,18.3330,325.5935,230.9749
4107,71,10,0.3840,0.00005000,19.1721,335.0444,151.7723
4108,80,13,0.3838,0.00005000,13.4082,339.6065,184.9909
4109,41,12,0.3837,0.00005000,20.0203,344.4189,126.1508
4110,230,20,0.3835,0.00005000,19.6164,340.1085,192.3767
4111,50,10,0.3833,0.00005000,20.2881,324.7708,188.2713
4112,35,9,0.3832,0.00005000,19.3211,325.3550,230.1287
4113,42,10,0.3831,0.00005000,13.6098,332.4930,184.8813
4114,74,15,0.3829,0.00005000,15.7703,327.2258,162.6207
4115,86,12,0.3828,0.00005000,22.3353,336.0974,157.8477
4116,238,19,0.3826,0.00005000,15.5001,342.5391,249.9373
4117,145,18,0.3824,0.00005000,22.8382,329.2065,236.0702
4118,82,15,0.3823,0.00005000,16.4520,343.2330,201.0186
4119,225,18,0.3821,0.00005000,22.0064,344.4579,221.4575
4120,370,23,0.3820,0.00005000,19.0288,342.1040,157.9816
4121,32,7,0.3819,0.00005000,18.3682,341.7982,189.3994
4122,251,24,0.3817,0.00005000,16.8741,346.1137,162.1198
4123,42,11,0.3815,0.00005000,19.9068,339.0395,179.7697
4124,39,10,0.3814,0.00005000,24.6758,327.6884,181.8351
4125,59,11,0.3812,0.00005000,19.2659,342.9830,219.0514
4126,44,12,0.3811,0.00005000,20.8693,331.5190,154.1259
4127,30,8,0.3810,0.00005000,23.7335,335.4018,207.1247
4128,33,7,0.3808,0.00005000,15.5283,331.3608,123.7399
4129,34,9,0.3806,0.00005000,17.5815,337.2509,139.4015
4130,191,17,0.3805,0.00005000,22.7507,347.4355,250.9623
4131,165,22,0.3803,0.00005000,19.7383,333.9821,226.3175
4132,72,13,0.3802,0.00005000,17.5945,333.1508,180.6512
4133,194,20,0.3800,0.00005000,20.5027,339.0336,149.6526
4134,104,18,0.3799,0.00005000,18.5069,335.6742,250.5734
4135,49,10,0.3797,0.00005000,19.5281,339.0089,282.0481
4136,93,14,0.3796,0.00005000,20.9714,326.5378,176.9519
4137,81,12,0.3794,0.00005000,16.4593,335.0110,241.5839
4138,171,17,0.3793,0.00005000,14.0359,335.1945,150.0135
4139,158,20,0.3791,0.00005000,19.4719,322.5124,199.5529
4140,80,12,0.3790,0.00005000,19.0064,328.1511,226.5225
4141,81,12,0.3788,0.00005000,23.2927,326.8114,271.8360
4142,59,11,0.3787,0.00005000,20.9959,337.7477,152.5795
4143,116,14,0.3785,0.00005000,19.6045,334.1054,274.7651
4144,182,18,0.3784,0.00005000,20.3053,346.6448,318.0275
4145,56,9,0.3782,0.00005000,22.9682,322.9031,330.1350
4146,69,9,0.3781,0.00005000,18.4782,347.8823,456.2381
4147,162,18,0.3779,0.00005000,19.2782,340.9337,199.9474
4148,29,6,0.3778,0.00005000,10.8793,332.4536,158.3488
4149,120,16,0.3776,0.00005000,20.9377,336.7417,294.3320
4150,101,16,0.3775,0.00005000,27.7255,337.9481,306.3016
4151,64,13,0.3773,0.00005000,19.4869,319.7423,216.0998
4152,233,19,0.3772,0.00005000,16.0604,345.3076,245.1664
4153,33,8,0.3770,0.00005000,27.0948,337.3529,139.7479
4154,41,11,0.3769,0.00005000,12.7445,327.2180,162.3176
4155,39,7,0.3768,0.00005000,25.0380,331.0347,105.3721
4156,82,12,0.3766,0.00005000,13.0677,333.9888,133.1878
4157,42,10,0.3765,0.00005000,14.7435,321.6223,240.8938
4158,42,11,0.3763,0.00005000,27.5905,341.3100,228.7820
4159,53,11,0.3761,0.00005000,24.7964,323.2749,338.1727
4160,41,13,0.3760,0.00005000,24.3837,341.0861,189.6173
4161,247,23,0.3759,0.00005000,14.6258,337.6073,162.4261
4162,35,8,0.3757,0.00005000,16.2075,340.5118,166.7693
4163,111,15,0.3756,0.00005000,20.9318,338.7709,178.2671
4164,40,11,0.3754,0.00005000,16.4357,336.1227,108.3007
4165,116,14,0.3752,0.00005000,19.1167,325.9507,274.9158
4166,90,14,0.3751,0.00005000,19.8764,333.1394,163.2639
4167,62,14,0.3750,0.00005000,26.5750,350.8922,199.8801
4168,278,23,0.3748,0.00005000,18.6885,352.9038,167.0303
4169,50,10,0.3747,0.00005000,19.0987,331.0407,262.0820
4170,70,14,0.3745,0.00005000,18.5738,341.3154,174.0043
4171,274,27,0.3743,0.00005000,22.3029,341.7563,149.7351
4172,342,26,0.3742,0.00005000,19.4852,343.7344,211.8709
4173,205,22,0.3740,0.00005000,21.6327,348.6949,277.9215
4174,29,7,0.3739,0.00005000,19.3355,328.1437,173.6375
4175,55,10,0.3738,0.00005000,19.0596,328.2539,176.6803
4176,34,9,0.3736,0.00005000,20.6362,332.5899,244.2088
4177,27,6,0.3734,0.00005000,25.7292,336.1758,276.6521
4178,59,15,0.3733,0.00005000,18.5909,344.5254,177.6420
4179,36,9,0.3731,0.00005000,25.2482,343.2229,201.6276
4180,104,12,0.3730,0.00005000,25.2411,340.1687,182.9834
4181,88,14,0.3729,0.00005000,19.2377,325.9467,117.4454
4182,29,8,0.3727,0.00005000,19.3679,338.2891,245.6360
4183,309,24,0.3725,0.00005000,23.2792,348.8823,177.0532
4184,58,12,0.3724,0.00005000,15.5290,333.1880,194.4190
4185,40,7,0.3722,0.00005000,17.7394,343.5812,171.1076
4186,162,16,0.3721,0.00005000,18.1650,351.5514,153.3651
4187,214,16,0.3720,0.00005000,16.5439,347.2152,215.9631
4188,115,14,0.3718,0.00005000,20.7787,350.0315,211.5806
4189,34,8,0.3716,0.00005000,13.3528,331.7627,216.3806
4190,300,25,0.3715,0.00005000,21.1498,349.7067,205.7907
4191,54,10,0.3713,0.00005000,18.0585,330.2045,103.7723
4192,54,9,0.3712,0.00005000,23.9949,333.6158,127.9481
4193,87,16,0.3710,0.00005000,22.1358,334.5179,180.4539
4194,35,8,0.3709,0.00005000,29.1418,329.9553,229.6399
4195,56,13,0.3707,0.00005000,21.7604,329.4916,240.5429
4196,33,9,0.3706,0.00005000,14.1582,336.9183,220.1123
4197,29,8,0.3704,0.00005000,13.9256,342.5100,196.5679
4198,36,8,0.3703,0.00005000,14.5170,334.0190,200.3259
4199,48,10,0.3701,0.00005000,17.9785,337.6781,218.9959
4200,169,21,0.3700,0.00005000,22.3166,343.4274,166.1461
4201,158,14,0.3698,0.00005000,20.6118,342.9633,112.7481
4202,35,9,0.3697,0.00005000,16.4134,324.3320,232.3294
4203,97,15,0.3695,0.00005000,21.5578,341.3559,166.0507
4204,55,9,0.3694,0.00005000,15.7461,340.5400,241.2473
4205,71,11,0.3692,0.00005000,15.4664,347.5842,167.4447
4206,61,12,0.3691,0.00005000,16.7359,331.4169,139.9154
4207,41,10,0.3689,0.00005000,18.5236,339.1392,219.1946
4208,153,22,0.3688,0.00005000,20.2169,338.3003,164.1886
4209,46,9,0.3686,0.00005000,19.4934,340.9671,168.1263
4210,190,23,0.3685,0.00005000,23.8106,344.4113,177.9594
4211,140,21,0.3683,0.00005000,23.4685,337.9734,239.8421
4212,120,15,0.3682,0.00005000,21.8588,346.8320,156.4125
4213,35,7,0.3680,0.00005000,24.4693,343.8102,71.0919
4214,67,10,0.3679,0.00005000,11.2248,330.1145,209.0691
4215,171,21,0.3678,0.00005000,19.6172,340.3329,169.3469
4216,37,9,0.3676,0.00005000,16.0019,332.2199,251.4423
4217,48,10,0.3675,0.00005000,13.7889,346.8667,145.1516
4218,26,6,0.3673,0.00005000,16.3977,323.2296,141.8411
4219,115,17,0.3671,0.00005000,20.1235,325.9379,192.7923
4220,122,15,0.3670,0.00005000,24.7409,343.0176,187.0770
4221,97,16,0.3669,0.00005000,24.5921,337.7434,209.7246
4222,106,19,0.3667,0.00005000,22.5473,332.7917,246.2803
4223,42,10,0.3666,0.00005000,22.4456,336.4350,146.4168
4224,46,10,0.3664,0.00005000,30.3210,338.1816,114.8481
4225,74,16,0.3662,0.00005000,19.6299,335.7794,140.8049
4226,51,9,0.3661,0.00005000,24.9481,325.7200,210.3552
4227,39,10,0.3659,0.00005000,27.0437,344.7199,230.4170
4228,87,14,0.3658,0.00005000,25.6010,340.2670,227.4112
4229,177,22,0.3657,0.00005000,20.2478,345.5486,132.9480
4230,278,30,0.3655,0.00005000,15.5486,347.6840,224.1994
4231,50,9,0.3653,0.00005000,22.9204,320.1661,172.2886
4232,42,10,0.3652,0.00005000,15.8575,340.0686,209.2617
4233,73,13,0.3650,0.00005000,19.9342,327.2043,200.2726
4234,81,11,0.3649,0.00005000,19.4042,342.9556,171.9088
4235,223,21,0.3648,0.00005000,23.0884,353.8720,159.6323
4236,84,13,0.3646,0.00005000,23.0916,333.8309,210.3283
4237,168,18,0.3644,0.00005000,19.1718,345.8559,247.9318
4238,229,18,0.3643,0.00005000,15.5371,340.9517,212.5545
4239,86,14,0.3641,0.00005000,17.1090,339.9054,117.1400
4240,227,20,0.3640,0.00005000,15.9301,355.0038,144.6437
4241,74,15,0.3639,0.00005000,19.0056,343.6884,193.4892
4242,121,16,0.3637,0.00005000,19.2828,357.5023,218.8862
4243,71,9,0.3635,0.00005000,16.4175,342.6714,166.7779
4244,163,23,0.3634,0.00005000,17.5367,343.2930,204.0781
4245,46,10,0.3632,0.00005000,20.5889,336.1571,162.5816
4246,72,11,0.3631,0.00005000,16.2517,319.2466,151.8552
4247,29,8,0.3629,0.00005000,20.3870,338.7403,102.5893
4248,55,8,0.3628,0.00005000,15.4466,325.3461,221.9868
4249,49,11,0.3626,0.00005000,20.3225,343.0973,145.8708
4250,32,7,0.3625,0.00005000,28.0270,329.3637,154.5004
4251,56,12,0.3623,0.00005000,17.5133,336.9468,214.0275
4252,113,14,0.3622,0.00005000,21.2024,334.9996,232.0511
4253,88,14,0.3620,0.00005000,16.6427,350.3963,246.7864
4254,39,10,0.3619,0.00005000,12.4058,336.2404,274.6890
4255,122,13,0.3618,0.00005000,21.9137,343.1864,239.1382
4256,120,16,0.3616,0.00005000,23.6856,344.5199,222.6348
4257,249,27,0.3614,0.00005000,18.6666,335.1907,179.1272
4258,34,7,0.3613,0.00005000,32.4877,335.1988,238.0611
4259,42,10,0.3611,0.00005000,11.4199,343.7205,270.1346
4260,413,31,0.3610,0.00005000,18.5857,349.5653,218.2719
4261,167,20,0.3609,0.00005000,25.9807,344.6516,216.6931
4262,48,12,0.3607,0.00005000,20.7007,320.2020,213.4035
4263,160,20,0.3605,0.00005000,24.4462,325.4086,141.0298
4264,59,12,0.3604,0.00005000,24.3531,345.7086,191.4015
4265,74,11,0.3602,0.00005000,16.7666,345.6774,126.7861
4266,89,15,0.3601,0.00005000,12.9184,342.0201,198.2794
4267,42,10,0.3599,0.00005000,19.4264,321.3052,162.7174
4268,110,13,0.3598,0.00005000,15.8292,340.5590,147.9186
4269,41,11,0.3596,0.00005000,17.5728,335.2081,229.1024
4270,23,5,0.3595,0.00005000,30.8148,334.3896,132.4765
4271,299,21,0.3593,0.00005000,16.9121,356.7684,141.2943
4272,139,18,0.3592,0.00005000,23.8676,350.6558,196.2654
4273,691,36,0.3590,0.00005000,18.8159,350.7049,214.7371
4274,33,8,0.3589,0.00005000,21.9543,334.4562,179.2426
4275,171,19,0.3588,0.00005000,27.4554,349.3350,130.8423
4276,219,22,0.3586,0.00005000,18.8336,340.0889,177.3258
4277,37,9,0.3585,0.00005000,21.7203,333.7315,153.7585
4278,27,7,0.3583,0.00005000,18.3329,328.0451,180.2848
4279,95,15,0.3582,0.00005000,25.0224,341.6001,144.9038
4280,35,9,0.3580,0.00005000,25.8404,341.0100,174.9504
4281,126,19,0.3579,0.00005000,19.0099,347.3865,271.5389
4282,229,19,0.3577,0.00005000,19.6036,345.7482,162.3230
4283,39,10,0.3576,0.00005000,30.5043,346.7464,129.0820
4284,39,10,0.3574,0.00005000,21.5692,337.8442,194.8653
4285,89,16,0.3573,0.00005000,20.3524,355.6676,121.1545
4286,36,9,0.3571,0.00005000,23.5325,354.8643,223.9750
4287,364,22,0.3569,0.00005000,20.6815,357.5311,193.3435
4288,51,9,0.3568,0.00005000,28.8945,350.5158,132.4819
4289,87,14,0.3567,0.00005000,26.6226,341.0539,192.6701
4290,62,16,0.3565,0.00005000,17.9924,344.3239,154.0482
4291,136,17,0.3564,0.00005000,18.1077,341.1653,203.4375
4292,42,10,0.3562,0.00005000,25.5781,330.2857,191.9235
4293,47,10,0.3560,0.00005000,19.7947,334.7709,357.6328
4294,127,18,0.3559,0.00005000,20.6556,348.7071,255.3318
4295,88,14,0.3558,0.00005000,28.1142,336.6021,161.0895
4296,124,15,0.3556,0.00005000,25.3238,347.9382,166.4858
4297,243,23,0.3555,0.00005000,18.0331,349.9368,146.4545
4298,36,10,0.3553,0.00005000,14.8497,328.3519,284.8493
4299,43,10,0.3551,0.00005000,20.8325,339.9331,165.2836
4300,355,21,0.3550,0.00005000,18.4986,356.2030,147.3649
4301,68,14,0.3548,0.00005000,18.3731,329.3644,230.2788
4302,127,13,0.3547,0.00005000,17.3193,340.0959,194.5336
4303,157,17,0.3546,0.00005000,19.3994,355.5889,155.2978
4304,30,7,0.3544,0.00005000,23.0466,334.5909,196.7826
4305,163,20,0.3542,0.00005000,19.0873,342.1805,228.2025
4306,24,7,0.3541,0.00005000,19.4648,341.6275,120.0966
4307,56,12,0.3539,0.00005000,17.3644,357.5664,144.3356
4308,114,13,0.3538,0.00005000,17.0111,348.4877,190.6841
4309,395,33,0.3537,0.00005000,17.1396,345.1557,183.7551
4310,52,9,0.3535,0.00005000,23.5500,345.2602,151.6892
4311,54,11,0.3533,0.00005000,19.6266,356.0342,181.4919
4312,34,7,0.3532,0.00005000,22.0285,326.8502,220.2069
4313,127,18,0.3530,0.00005000,21.6937,344.2631,195.3789
4314,40,8,0.3529,0.00005000,17.9625,345.9715,138.9586
4315,43,10,0.3528,0.00005000,20.2297,347.1055,168.6393
4316,33,10,0.3526,0.00005000,20.1409,331.8931,153.2500
4317,66,12,0.3524,0.00005000,22.0931,345.2268,216.9785
4318,115,20,0.3523,0.00005000,17.7281,348.0001,218.4568
4319,34,9,0.3521,0.00005000,11.8722,328.9371,161.9406
4320,174,20,0.3520,0.00005000,23.9652,342.2082,129.8571
4321,31,8,0.3518,0.00005000,24.9059,335.9551,210.8583
4322,123,16,0.3517,0.00005000,21.7653,327.0060,204.1751
4323,37,9,0.3515,0.00005000,19.8816,342.9267,152.1541
4324,101,15,0.3514,0.00005000,21.2558,340.6648,125.2832
4325,47,10,0.3512,0.00005000,13.5250,344.6739,165.9420
4326,48,10,0.3511,0.00005000,24.7996,347.8232,199.4131
4327,41,11,0.3509,0.00005000,16.0730,337.1606,152.5813
4328,141,18,0.3508,0.00005000,15.5830,358.2938,163.3248
4329,57,10,0.3506,0.00005000,22.6192,345.5280,140.1669
4330,27,7,0.3505,0.00005000,21.3629,349.6181,135.6447
4331,216,24,0.3503,0.00005000,15.4648,339.7711,127.7360
4332,32,7,0.3502,0.00005000,16.2333,341.2508,171.3342
4333,55,13,0.3500,0.00005000,15.9116,349.9025,177.4389
4334,34,9,0.3499,0.00005000,21.3467,345.0794,180.8868
4335,36,8,0.3498,0.00005000,19.2056,351.3035,151.4105
4336,103,17,0.3496,0.00005000,16.9282,343.4650,156.7815
4337,434,29,0.3495,0.00005000,23.0660,357.0491,185.2819
4338,84,13,0.3493,0.00005000,27.3827,346.6707,181.8703
4339,90,15,0.3492,0.00005000,26.2522,351.8800,294.7380
4340,124,18,0.3490,0.00005000,15.5497,347.1623,167.0655
4341,110,18,0.3488,0.00005000,23.2059,345.4668,181.3156
4342,68,16,0.3487,0.00005000,24.4970,340.3831,151.5749
4343,112,16,0.3486,0.00005000,18.4787,350.4478,161.7877
4344,51,13,0.3484,0.00005000,18.7778,345.3320,152.5416
4345,38,10,0.3483,0.00005000,18.9728,349.0115,264.6479
4346,40,10,0.3481,0.00005000,21.8865,345.6517,166.3902
4347,52,12,0.3479,0.00005000,19.6319,354.1214,221.5019
4348,70,12,0.3478,0.00005000,20.3403,349.9914,169.5002
4349,27,7,0.3477,0.00005000,20.3801,330.1528,220.7116
4350,47,8,0.3475,0.00005000,17.7143,349.2455,148.7471
4351,86,14,0.3474,0.00005000,16.0594,352.9217,209.0860
4352,149,15,0.3472,0.00005000,24.4830,323.7009,225.5408
4353,101,17,0.3470,0.00005000,20.0705,358.3317,228.1286
4354,344,26,0.3469,0.00005000,15.9578,361.7447,168.4886
4355,97,15,0.3468,0.00005000,17.6645,342.9007,235.0439
4356,140,17,0.3466,0.00005000,18.3927,346.8272,180.7766
4357,31,8,0.3465,0.00005000,16.3450,323.9440,209.2059
4358,41,9,0.3463,0.00005000,26.8368,351.5170,254.5810
4359,66,12,0.3461,0.00005000,17.0394,351.0866,141.9917
4360,92,17,0.3460,0.00005000,17.9146,354.0524,184.2702
4361,534,25,0.3458,0.00005000,22.5758,375.5059,161.6376
4362,117,13,0.3457,0.00005000,22.0102,366.9132,350.7020
4363,55,13,0.3456,0.00005000,17.6614,348.3355,250.6845
4364,301,22,0.3454,0.00005000,21.2356,364.2417,204.5191
4365,89,13,0.3452,0.00005000,10.9941,355.1397,178.9224
4366,44,12,0.3451,0.00005000,16.1526,342.5423,170.6790
4367,120,15,0.3449,0.00005000,25.1467,352.6342,141.3550
4368,183,19,0.3448,0.00005000,16.2237,351.7418,249.2617
4369,32,7,0.3447,0.00005000,15.5761,340.6149,171.6423
4370,83,11,0.3445,0.00005000,24.8720,347.5251,375.4922
4371,42,11,0.3443,0.00005000,25.2738,337.3347,247.2518
4372,34,7,0.3442,0.00005000,17.5992,358.7954,295.8361
4373,395,26,0.3440,0.00005000,19.9726,355.9159,204.4090
4374,49,10,0.3439,0.00005000,16.6881,340.6261,129.9283
4375,221,26,0.3438,0.00005000,14.6892,338.0160,200.4885
4376,116,15,0.3436,0.00005000,16.9039,348.9624,160.7150
4377,33,9,0.3434,0.00005000,17.5554,341.3780,169.1045
4378,155,16,0.3433,0.00005000,20.3383,350.2154,171.2012
4379,136,17,0.3431,0.00005000,22.6274,343.9087,191.9064
4380,197,15,0.3430,0.00005000,25.6219,352.0840,164.0438
4381,38,11,0.3428,0.00005000,18.6336,348.0639,264.2093
4382,110,15,0.3427,0.00005000,15.9665,347.2889,366.4014
4383,37,10,0.3425,0.00005000,19.9155,356.4086,315.3491
4384,274,28,0.3424,0.00005000,21.3480,344.6639,160.5400
4385,187,16,0.3422,0.00005000,25.8157,353.0180,191.5281
4386,126,17,0.3421,0.00005000,18.5467,353.1458,144.7200
4387,101,15,0.3419,0.00005000,19.0466,344.6662,180.8545
4388,31,8,0.3418,0.00005000,20.0234,351.1774,196.7985
4389,102,16,0.3416,0.00005000,21.9368,355.6838,162.2493
4390,65,14,0.3415,0.00005000,27.8736,341.4872,165.5622
4391,36,9,0.3413,0.00005000,22.1749,350.0578,117.5298
4392,76,11,0.3412,0.00005000,18.6007,348.6603,151.9599
4393,196,22,0.3410,0.00005000,22.6198,342.8340,192.6640
4394,76,15,0.3409,0.00005000,25.8548,342.6385,154.9378
4395,83,12,0.3407,0.00005000,22.2164,352.5596,150.4366
4396,102,15,0.3406,0.00005000,20.5973,361.3116,202.0356
4397,55,11,0.3405,0.00005000,17.7552,352.8405,222.8911
4398,62,13,0.3403,0.00005000,23.0658,336.6090,177.4382
4399,59,11,0.3402,0.00005000,21.6321,336.5423,153.5041
4400,119,16,0.3400,0.00005000,22.9117,336.1526,126.2636
4401,58,13,0.3398,0.00005000,19.7738,350.2549,178.9641
4402,55,11,0.3397,0.00005000,21.3979,347.7897,219.2793
4403,72,11,0.3396,0.00005000,22.5842,347.8603,120.9148
4404,130,19,0.3394,0.00005000,24.2944,348.9552,149.7541
4405,114,13,0.3393,0.00005000,17.7103,349.9789,189.6090
4406,131,15,0.3391,0.00005000,21.4730,347.0027,273.6425
4407,49,10,0.3389,0.00005000,14.3047,331.3681,247.5035
4408,72,13,0.3388,0.00005000,17.6690,355.3698,226.7730
4409,177,21,0.3387,0.00005000,20.0500,354.6485,271.9216
4410,37,10,0.3385,0.00005000,22.5021,347.9350,122.8477
4411,58,11,0.3384,0.00005000,23.5993,358.3514,230.2057
4412,30,7,0.3382,0.00005000,22.2563,345.6849,301.3552
4413,223,18,0.3380,0.00005000,20.6558,347.0968,171.0724
4414,37,9,0.3379,0.00005000,23.9551,350.7897,144.4585
4415,338,30,0.3377,0.00005000,22.8478,346.1967,147.4800
4416,33,8,0.3376,0.00005000,14.9725,336.1975,226.8159
4417,156,19,0.3375,0.00005000,20.6557,337.3228,155.6046
4418,45,8,0.3373,0.00005000,22.4911,344.2279,139.2436
4419,124,15,0.3371,0.00005000,21.5091,355.5163,137.5466
4420,166,21,0.3370,0.00005000,18.8272,350.9529,168.7299
4421,110,14,0.3368,0.00005000,19.4383,350.5367,315.5428
4422,34,9,0.3367,0.00005000,29.3464,339.3248,234.9698
4423,141,19,0.3366,0.00005000,23.6088,342.4194,193.1132
4424,354,28,0.3364,0.00005000,18.3205,358.5440,183.4144
4425,52,11,0.3362,0.00005000,19.2923,350.0972,185.4751
4426,51,12,0.3361,0.00005000,21.8148,343.2712,206.4451
4427,99,16,0.3359,0.00005000,17.6639,347.2456,206.2556
4428,195,21,0.3358,0.00005000,18.0073,356.9572,140.5857
4429,60,14,0.3357,0.00005000,21.2100,337.9866,165.6906
4430,1221,50,0.3355,0.00005000,22.4533,367.8500,170.6694
4431,84,13,0.3353,0.00005000,24.2076,341.9891,160.4215
4432,55,10,0.3352,0.00005000,15.3849,336.4541,132.7777
4433,128,16,0.3350,0.00005000,21.9902,351.5836,262.4509
4434,74,12,0.3349,0.00005000,17.8381,351.8624,340.4743
4435,88,14,0.3347,0.00005000,24.5894,353.8664,212.5219
4436,83,13,0.3346,0.00005000,22.0456,357.6520,186.9070
4437,83,14,0.3344,0.00005000,19.4691,338.8575,116.8801
4438,195,22,0.3343,0.00005000,23.8808,357.6286,162.5918
4439,50,11,0.3341,0.00005000,25.4125,339.1294,138.4659
4440,54,12,0.3340,0.00005000,23.3659,343.8515,209.1791
4441,131,18,0.3338,0.00005000,19.1911,352.9647,198.1285
4442,337,24,0.3337,0.00005000,21.8040,372.1889,157.6633
4443,235,23,0.3335,0.00005000,21.7917,344.0483,222.6031
4444,129,18,0.3334,0.00005000,24.0327,329.2974,277.1451
4445,161,14,0.3332,0.00005000,17.6375,352.3183,236.6610
4446,165,15,0.3331,0.00005000,19.0493,347.8293,195.6480
4447,291,26,0.3329,0.00005000,22.2119,360.6365,225.5635
4448,226,17,0.3328,0.00005000,19.8455,351.1990,198.3924
4449,19,5,0.3326,0.00005000,22.5168,348.8594,150.1949
4450,189,18,0.3325,0.00005000,22.1015,343.9239,280.3517
4451,60,12,0.3323,0.00005000,16.5918,342.1269,162.6705
4452,296,21,0.3322,0.00005000,21.8099,365.6660,208.2739
4453,48,9,0.3320,0.00005000,29.9781,353.6047,161.8570
4454,80,12,0.3319,0.00005000,17.5905,360.3335,143.5971
4455,53,10,0.3317,0.00005000,14.8725,362.8712,271.3258
4456,28,8,0.3316,0.00005000,18.8274,353.7651,330.0734
4457,187,23,0.3315,0.00005000,24.0799,343.9120,149.1939
4458,142,18,0.3313,0.00005000,23.6107,357.4177,257.2464
4459,55,12,0.3312,0.00005000,19.2048,348.8250,214.5012
4460,194,23,0.3310,0.00005000,22.4010,359.3296,282.0563
4461,589,42,0.3308,0.00005000,17.3588,368.6908,182.4534
4462,230,20,0.3307,0.00005000,19.4811,357.3125,230.3688
4463,37,10,0.3306,0.00005000,29.6694,329.9724,227.5475
4464,163,22,0.3304,0.00005000,18.4286,360.6799,212.2571
4465,174,19,0.3303,0.00005000,19.6428,350.0393,193.1019
4466,84,14,0.3301,0.00005000,17.1696,350.1507,257.6921
4467,49,10,0.3299,0.00005000,16.2166,357.1456,228.3821
4468,52,11,0.3298,0.00005000,25.1152,350.5032,145.6475
4469,116,16,0.3296,0.00005000,17.2951,351.0295,191.0627
4470,189,21,0.3295,0.00005000,23.1093,354.7445,243.9188
4471,216,18,0.3294,0.00005000,24.9894,351.6045,213.4194
4472,86,14,0.3292,0.00005000,22.4212,343.3827,216.3255
4473,453,22,0.3290,0.00005000,18.9351,362.0169,180.7346
4474,71,14,0.3289,0.00005000,22.5638,346.8021,274.7311
4475,34,9,0.3287,0.00005000,13.4259,336.6335,205.3956
4476,93,13,0.3286,0.00005000,21.0844,355.7382,199.5673
4477,183,22,0.3285,0.00005000,20.1307,363.0669,258.0229
4478,204,15,0.3283,0.00005000,23.2130,340.9277,211.6816
4479,68,8,0.3281,0.00005000,23.2423,356.7098,242.3189
4480,38,11,0.3280,0.00005000,25.6160,333.7968,284.9732
4481,77,14,0.3278,0.00005000,21.9839,362.3519,188.5157
4482,26,7,0.3277,0.00005000,25.2271,352.9527,232.1170
4483,32,9,0.3276,0.00005000,20.0290,360.1408,95.6359
4484,28,7,0.3274,0.00005000,22.8867,360.6701,303.0494
4485,49,10,0.3272,0.00005000,26.1256,346.1650,181.3104
4486,748,36,0.3271,0.00005000,18.1663,373.3894,250.4056
4487,35,8,0.3269,0.00005000,23.0045,345.4940,129.4170
4488,167,18,0.3268,0.00005000,19.8060,364.4658,199.3478
4489,60,12,0.3266,0.00005000,18.2692,360.7545,249.4996
4490,163,16,0.3265,0.00005000,22.6005,362.7844,327.6001
4491,230,22,0.3263,0.00005000,19.9110,356.4624,162.0910
4492,23,5,0.3262,0.00005000,19.7711,350.4154,199.6437
4493,32,7,0.3260,0.00005000,19.5398,354.2202,93.3655
4494,124,18,0.3259,0.00005000,19.9327,357.8601,221.6285
4495,90,16,0.3257,0.00005000,16.9807,369.6005,175.6051
4496,247,21,0.3256,0.00005000,20.2945,360.0245,174.3106
4497,31,8,0.3254,0.00005000,24.6226,357.6770,217.1151
4498,56,12,0.3253,0.00005000,19.6397,348.9252,113.4352
4499,49,9,0.3251,0.00005000,16.0802,317.9025,170.6622
4500,55,11,0.3250,0.00005000,26.3728,351.5427,186.8812
4501,73,12,0.3248,0.00005000,16.5872,361.0287,167.7544
4502,88,13,0.3247,0.00005000,20.8696,345.6175,189.1128
4503,119,17,0.3246,0.00005000,19.3116,348.4784,304.5286
4504,263,24,0.3244,0.00005000,19.7802,364.6641,289.8614
4505,30,6,0.3242,0.00005000,20.2845,363.9333,306.4775
4506,83,15,0.3241,0.00005000,18.2395,364.4727,217.7091
4507,144,20,0.3239,0.00005000,21.1467,357.3473,161.3523
4508,141,18,0.3238,0.00005000,18.1200,337.0317,145.7070
4509,339,29,0.3236,0.00005000,20.2039,362.5669,188.5053
4510,174,17,0.3235,0.00005000,19.8922,373.9570,194.3644
4511,25,5,0.3233,0.00005000,23.9379,369.6007,148.4948
4512,36,7,0.3232,0.00005000,26.0043,372.1144,141.4262
4513,59,13,0.3230,0.00005000,22.5405,329.0620,162.3760
4514,32,7,0.3229,0.00005000,17.7827,356.3097,296.5408
4515,103,15,0.3227,0.00005000,18.2822,367.4488,294.6230
4516,200,12,0.3226,0.00005000,23.4035,366.5668,290.0309
4517,140,20,0.3225,0.00005000,18.6602,363.4998,296.1871
4518,32,9,0.3223,0.00005000,17.3383,354.8648,202.6358
4519,211,21,0.3222,0.00005000,17.4347,366.1650,222.9774
4520,79,13,0.3220,0.00005000,30.5495,351.8418,137.5772
4521,262,26,0.3219,0.00005000,21.1616,371.0405,144.6297
4522,116,14,0.3217,0.00005000,21.7083,361.6136,182.9124
4523,57,12,0.3216,0.00005000,30.1221,344.8374,321.1822
4524,669,27,0.3214,0.00005000,23.3922,377.7121,207.0210
4525,172,18,0.3213,0.00005000,21.8485,361.2041,231.4544
4526,228,18,0.3211,0.00005000,20.3982,365.4806,250.0241
4527,120,18,0.3210,0.00005000,24.6372,359.8899,221.8708
4528,291,21,0.3208,0.00005000,14.4339,366.6917,175.0029
4529,219,20,0.3206,0.00005000,16.5706,360.0523,136.0794
4530,48,9,0.3205,0.00005000,16.3294,345.3725,155.3318
4531,75,11,0.3204,0.00005000,21.6282,366.8955,150.3859
4532,69,12,0.3202,0.00005000,18.8872,357.1329,254.6150
4533,30,7,0.3201,0.00005000,17.9892,351.9832,211.0299
4534,90,16,0.3199,0.00005000,18.7771,357.2797,192.3915
4535,122,18,0.3197,0.00005000,22.2778,349.1245,208.9296
4536,106,11,0.3196,0.00005000,17.0158,351.2930,158.6744
4537,49,10,0.3195,0.00005000,23.1078,366.4412,155.5726
4538,41,10,0.3193,0.00005000,15.9688,360.1639,114.6746
4539,138,22,0.3192,0.00005000,21.7846,346.3657,233.8339
4540,55,12,0.3190,0.00005000,22.0227,365.3496,182.7215
4541,169,17,0.3188,0.00005000,27.8313,340.8765,261.5372
4542,230,24,0.3187,0.00005000,20.8511,347.9807,166.9967
4543,302,22,0.3185,0.00005000,18.1177,369.0039,225.1864
4544,79,16,0.3184,0.00005000,26.7894,346.6611,138.6499
4545,173,14,0.3183,0.00005000,26.8205,361.9385,259.1521
4546,62,13,0.3181,0.00005000,16.7429,357.6959,224.5706
4547,105,16,0.3179,0.00005000,21.9057,361.1109,201.0742
4548,53,9,0.3178,0.00005000,19.2026,349.6192,155.8272
4549,54,12,0.3176,0.00005000,20.2886,362.0554,201.3647
4550,27,7,0.3175,0.00005000,18.0544,350.3216,215.6849
4551,140,20,0.3174,0.00005000,15.1295,362.4304,183.1735
4552,221,21,0.3172,0.00005000,22.2701,357.2757,161.2650
4553,124,16,0.3170,0.00005000,24.9213,362.9541,165.8896
4554,121,15,0.3169,0.00005000,20.8116,339.3372,184.0853
4555,153,19,0.3167,0.00005000,14.4970,355.1961,199.3605
4556,95,14,0.3166,0.00005000,17.3862,367.0353,278.9231
4557,35,8,0.3165,0.00005000,18.4101,354.5896,257.1293
4558,81,11,0.3163,0.00005000,22.4940,348.7367,144.0153
4559,143,17,0.3161,0.00005000,24.8173,364.1498,152.8965
4560,67,11,0.3160,0.00005000,20.9312,365.9168,220.7114
4561,55,11,0.3158,0.00005000,19.3605,339.4610,176.3497
4562,55,11,0.3157,0.00005000,24.3594,350.5461,201.4392
4563,79,15,0.3155,0.00005000,26.4709,339.9646,253.2894
4564,498,28,0.3154,0.00005000,21.4043,361.0200,178.9520
4565,59,12,0.3152,0.00005000,21.4409,356.5356,87.2276
4566,82,12,0.3151,0.00005000,22.8582,361.4951,175.8421
4567,501,29,0.3149,0.00005000,20.8379,355.9498,165.5572
4568,100,13,0.3148,0.00005000,25.4011,365.1548,173.5848
4569,42,12,0.3146,0.00005000,19.8833,355.9620,263.0608
4570,54,12,0.3145,0.00005000,18.5680,348.1379,160.5006
4571,308,24,0.3143,0.00005000,17.1621,351.2519,192.2249
4572,1543,48,0.3142,0.00005000,23.3460,374.2585,239.9839
4573,156,20,0.3140,0.00005000,19.2175,363.5749,200.4744
4574,46,14,0.3139,0.00005000,19.6808,354.4524,202.3750
4575,60,13,0.3137,0.00005000,22.6549,345.6845,238.8993
4576,167,14,0.3136,0.00005000,21.7210,363.1451,274.8811
4577,109,17,0.3135,0.00005000,20.3415,351.1083,243.1262
4578,32,8,0.3133,0.00005000,19.1771,348.2979,167.1253
4579,457,33,0.3132,0.00005000,20.4184,360.2525,152.8646
4580,156,24,0.3130,0.00005000,17.8801,351.3242,229.5212
4581,54,12,0.3129,0.00005000,18.9808,364.4233,309.9876
4582,312,26,0.3127,0.00005000,21.6565,371.8760,143.0445
4583,95,15,0.3125,0.00005000,22.1326,361.3531,126.7232
4584,49,8,0.3124,0.00005000,25.7994,354.1731,114.6964
4585,72,11,0.3123,0.00005000,22.9480,359.4883,233.1086
4586,54,13,0.3121,0.00005000,22.8712,363.7322,159.0085
4587,37,8,0.3120,0.00005000,19.8035,359.7581,194.5546
4588,36,10,0.3118,0.00005000,19.5823,359.6295,193.9904
4589,72,14,0.3116,0.00005000,18.1035,354.7530,238.2410
4590,41,11,0.3115,0.00005000,25.6680,356.7920,256.3341
4591,155,17,0.3114,0.00005000,18.4182,366.3915,173.8856
4592,662,27,0.3112,0.00005000,19.7184,380.7155,200.4026
4593,51,12,0.3111,0.00005000,20.0798,354.0642,252.6749
4594,18,4,0.3109,0.00005000,12.5138,343.0035,425.4440
4595,30,8,0.3107,0.00005000,19.1155,357.8079,274.2524
4596,175,23,0.3106,0.00005000,17.4003,349.4454,196.1260
4597,86,15,0.3105,0.00005000,23.8984,347.0439,177.1539
4598,87,16,0.3103,0.00005000,16.1228,347.9319,277.7647
4599,143,19,0.3102,0.00005000,18.2959,354.5269,319.6716
4600,98,14,0.3100,0.00005000,25.4721,364.7809,161.8069
4601,176,20,0.3098,0.00005000,22.4311,352.7464,223.2753
4602,129,19,0.3097,0.00005000,20.9209,356.5242,275.2484
4603,54,12,0.3095,0.00005000,22.2772,363.4400,168.9263
4604,118,16,0.3094,0.00005000,22.8038,352.6424,286.1320
4605,192,20,0.3093,0.00005000,19.4794,356.9007,210.5124
4606,34,7,0.3091,0.00005000,19.2862,352.2793,137.3724
4607,34,8,0.3089,0.00005000,26.4308,351.9546,240.4272
4608,77,14,0.3088,0.00005000,23.6235,354.6646,151.8883
4609,185,19,0.3086,0.00005000,22.4330,350.8807,141.0381
4610,29,6,0.3085,0.00005000,14.7502,370.4685,98.8825
4611,127,16,0.3084,0.00005000,22.2816,350.6295,166.8705
4612,54,10,0.3082,0.00005000,17.1663,343.4877,161.7623
4613,35,10,0.3080,0.00005000,20.7876,363.4439,322.7358
4614,206,22,0.3079,0.00005000,19.0233,368.0761,263.3987
4615,48,10,0.3077,0.00005000,22.7176,362.9185,252.2966
4616,79,12,0.3076,0.00005000,25.9839,365.8374,182.5324
4617,60,13,0.3075,0.00005000,21.2627,360.9608,247.9721
4618,34,8,0.3073,0.00005000,24.4501,348.3862,244.7187
4619,131,16,0.3071,0.00005000,19.4441,360.9326,182.8273
4620,140,19,0.3070,0.00005000,22.6429,367.0167,282.0060
4621,28,7,0.3068,0.00005000,21.8673,351.5924,152.9103
4622,77,12,0.3067,0.00005000,18.7499,350.2972,277.1175
4623,62,13,0.3065,0.00005000,21.9661,339.6227,143.7925
4624,218,20,0.3064,0.00005000,18.4035,375.4684,177.4258
4625,32,9,0.3062,0.00005000,24.9547,350.2932,119.5992
4626,34,9,0.3061,0.00005000,28.2418,341.0423,194.6572
4627,172,22,0.3059,0.00005000,19.3022,366.7766,189.9048
4628,94,16,0.3058,0.00005000,19.5721,361.5819,129.5650
4629,225,22,0.3056,0.00005000,20.7980,360.3588,136.3265
4630,120,15,0.3055,0.00005000,21.4860,356.8816,329.9157
4631,261,25,0.3053,0.00005000,21.9247,369.3355,263.8265
4632,49,10,0.3052,0.00005000,20.7652,344.3889,197.5645
4633,37,7,0.3050,0.00005000,21.3099,364.6296,165.9441
4634,45,12,0.3049,0.00005000,26.9016,358.6697,236.5029
4635,39,9,0.3047,0.00005000,17.8211,362.3716,249.1451
4636,66,11,0.3046,0.00005000,21.9158,356.7985,229.2882
4637,142,18,0.3044,0.00005000,22.7485,356.5950,183.9256
4638,24,6,0.3043,0.00005000,19.7762,350.6495,273.8421
4639,56,12,0.3042,0.00005000,23.8967,359.0980,145.5718
4640,56,14,0.3040,0.00005000,22.2226,350.0828,241.5423
4641,51,10,0.3039,0.00005000,20.5877,347.8678,213.8540
4642,24,7,0.3037,0.00005000,18.0331,361.7081,247.1755
4643,40,9,0.3035,0.00005000,25.6408,366.9503,180.2662
4644,123,15,0.3034,0.00005000,18.7381,347.4157,177.2607
4645,31,8,0.3033,0.00005000,22.1683,353.2646,103.6025
4646,33,9,0.3031,0.00005000,16.5984,358.4470,129.3665
4647,57,11,0.3030,0.00005000,23.0136,338.4162,233.5840
4648,73,9,0.3028,0.00005000,22.8315,365.6342,177.2977
4649,115,14,0.3026,0.00005000,23.4144,359.5820,184.9573
4650,119,15,0.3025,0.00005000,21.8646,363.7743,163.4296
4651,142,18,0.3024,0.00005000,21.8472,352.2493,150.3932
4652,82,12,0.3022,0.00005000,27.0977,362.7899,191.5301
4653,49,10,0.3021,0.00005000,20.2983,362.3712,163.7666
4654,49,10,0.3019,0.00005000,24.1341,365.0873,94.9882
4655,35,9,0.3017,0.00005000,26.7581,364.4134,158.5218
4656,114,11,0.3016,0.00005000,24.1351,363.5196,291.2918
4657,65,13,0.3014,0.00005000,20.9728,344.3753,173.6066
4658,81,13,0.3013,0.00005000,23.3410,352.7558,219.2077
4659,415,32,0.3012,0.00005000,20.8204,350.3560,186.8800
4660,44,9,0.3010,0.00005000,19.5397,360.5647,222.6362
4661,158,17,0.3008,0.00005000,17.8394,363.3284,122.0761
4662,28,8,0.3007,0.00005000,21.0621,347.7931,246.2087
4663,48,8,0.3005,0.00005000,18.5899,351.0443,177.7714
4664,34,9,0.3004,0.00005000,18.5450,346.9162,196.9581
4665,90,16,0.3003,0.00005000,21.0128,353.4919,230.2204
4666,210,25,0.3001,0.00005000,19.5183,352.1304,170.5024
4667,132,15,0.2999,0.00005000,23.7008,368.2664,189.0257
4668,169,17,0.2998,0.00005000,17.4566,372.2257,340.9700
4669,191,22,0.2996,0.00005000,21.9987,365.9599,294.3195
4670,106,16,0.2995,0.00005000,17.7581,366.4117,144.6350
4671,53,10,0.2994,0.00005000,19.1946,359.0171,174.2643
4672,121,16,0.2992,0.00005000,17.4960,355.6044,156.4346
4673,46,9,0.2990,0.00005000,22.7949,347.9909,135.8789
4674,194,19,0.2989,0.00005000,22.8733,361.4150,208.2075
4675,132,19,0.2987,0.00005000,20.9777,358.9174,213.2371
4676,224,17,0.2986,0.00005000,20.1407,378.0638,245.5937
4677,176,20,0.2984,0.00005000,19.2476,364.8591,251.2291
4678,51,8,0.2983,0.00005000,17.5587,364.1170,191.2133
4679,105,15,0.2981,0.00005000,22.5380,359.6173,235.3006
4680,57,13,0.2980,0.00005000,17.9405,368.9992,303.2500
4681,59,13,0.2978,0.00005000,18.9343,350.5096,257.6060
4682,82,14,0.2977,0.00005000,19.4147,359.4809,128.8956
4683,38,8,0.2975,0.00005000,20.8984,338.6960,181.1648
4684,99,16,0.2974,0.00005000,20.5301,356.3757,176.8392
4685,136,15,0.2972,0.00005000,23.7027,360.8589,222.1513
4686,59,10,0.2971,0.00005000,17.1505,363.5108,140.2231
4687,449,27,0.2969,0.00005000,20.9792,351.1513,140.1734
4688,49,10,0.2968,0.00005000,26.1080,368.6180,171.7548
4689,813,34,0.2966,0.00005000,21.5536,365.0498,212.4071
4690,41,6,0.2965,0.00005000,12.7886,354.1781,182.4439
4691,99,17,0.2963,0.00005000,22.3444,364.7994,188.3806
4692,41,11,0.2962,0.00005000,23.9113,350.1496,169.9871
4693,31,8,0.2960,0.00005000,18.1198,368.6308,180.7871
4694,412,10,0.2959,0.00005000,23.1049,396.4206,197.5771
4695,47,12,0.2957,0.00005000,23.8347,359.4140,185.5048
4696,58,10,0.2956,0.00005000,17.5140,362.3660,195.1753
4697,35,10,0.2954,0.00005000,22.7619,359.7173,195.8754
4698,188,16,0.2953,0.00005000,19.9637,371.1107,217.1558
4699,105,16,0.2952,0.00005000,20.8976,366.2858,127.8888
4700,278,29,0.2950,0.00005000,22.7528,347.0616,177.7006
4701,167,18,0.2949,0.00005000,24.3225,370.0242,240.7935
4702,70,13,0.2947,0.00005000,22.9656,349.4253,213.4219
4703,163,22,0.2945,0.00005000,27.3844,341.9079,246.4052
4704,48,10,0.2944,0.00005000,16.6029,366.0490,148.9099
4705,231,22,0.2943,0.00005000,22.0223,356.0145,195.8697
4706,57,12,0.2941,0.00005000,25.3690,364.5121,222.8336
4707,276,26,0.2940,0.00005000,20.8668,364.6077,189.8540
4708,171,22,0.2938,0.00005000,20.5806,353.1228,246.2480
4709,175,23,0.2936,0.00005000,22.1197,357.6162,246.6927
4710,67,12,0.2935,0.00005000,14.8087,365.0076,184.6707
4711,87,14,0.2933,0.00005000,18.4100,362.6224,123.7071
4712,71,13,0.2932,0.00005000,24.2201,360.8687,149.3894
4713,203,19,0.2931,0.00005000,23.0979,370.7652,221.8889
4714,33,9,0.2929,0.00005000,17.6320,363.0671,247.8434
4715,127,17,0.2927,0.00005000,21.2922,342.2173,228.6733
4716,96,15,0.2926,0.00005000,20.6084,360.3353,313.8949
4717,282,16,0.2924,0.00005000,31.7401,375.5808,270.5331
4718,78,12,0.2923,0.00005000,25.1884,368.3462,270.0940
4719,89,13,0.2922,0.00005000,22.2666,359.0449,302.8206
4720,71,13,0.2920,0.00005000,20.9481,354.5449,196.5245
4721,51,10,0.2918,0.00005000,20.5621,367.4566,135.4384
4722,137,17,0.2917,0.00005000,20.7029,364.4175,108.3774
4723,43,8,0.2915,0.00005000,17.1793,363.5082,197.4324
4724,160,14,0.2914,0.00005000,20.2478,359.5986,165.3756
4725,72,11,0.2913,0.00005000,22.3548,362.9275,182.8466
4726,88,14,0.2911,0.00005000,21.8576,349.1548,355.2707
4727,38,10,0.2909,0.00005000,25.6072,361.7244,273.5654
4728,198,23,0.2908,0.00005000,21.3178,370.6054,167.8660
4729,123,16,0.2906,0.00005000,19.4259,372.1472,152.8979
4730,100,16,0.2905,0.00005000,21.7589,369.3189,200.6505
4731,86,14,0.2903,0.00005000,21.6656,349.5514,147.1978
4732,208,24,0.2902,0.00005000,22.5410,356.7810,282.6527
4733,289,20,0.2900,0.00005000,15.4883,372.6181,226.4427
4734,83,14,0.2899,0.00005000,16.7724,367.2717,233.7332
4735,60,12,0.2897,0.00005000,23.4833,359.1282,227.8331
4736,89,13,0.2896,0.00005000,22.9854,376.5624,244.2413
4737,42,7,0.2894,0.00005000,16.8799,352.3205,214.7944
4738,56,11,0.2893,0.00005000,20.1083,353.5173,201.2748
4739,59,12,0.2891,0.00005000,20.1333,359.9798,329.3391
4740,100,14,0.2890,0.00005000,20.1803,364.8812,254.1760
4741,48,8,0.2888,0.00005000,20.6034,361.2978,364.1906
4742,47,8,0.2887,0.00005000,19.5521,373.5756,290.8711
4743,61,13,0.2885,0.00005000,18.5347,353.8341,178.2338
4744,34,9,0.2884,0.00005000,22.8597,371.3500,162.9931
4745,35,9,0.2882,0.00005000,17.9851,362.5078,201.6762
4746,38,8,0.2881,0.00005000,23.2485,375.1343,310.1240
4747,114,14,0.2879,0.00005000,17.9092,368.7458,134.7410
4748,293,23,0.2878,0.00005000,23.5260,373.8625,241.0829
4749,98,16,0.2876,0.00005000,19.6532,362.0034,187.7382
4750,81,14,0.2875,0.00005000,17.7295,349.8783,183.5156
4751,31,10,0.2873,0.00005000,24.7166,366.0369,270.5739
4752,669,40,0.2872,0.00005000,22.2606,374.0845,229.1233
4753,81,12,0.2870,0.00005000,22.3043,365.7255,162.3308
4754,40,10,0.2869,0.00005000,26.8978,352.0126,133.8254
4755,156,17,0.2867,0.00005000,19.6758,380.4569,187.8603
4756,65,8,0.2866,0.00005000,34.6634,356.1054,177.4266
4757,51,11,0.2864,0.00005000,24.4853,372.7171,229.4932
4758,161,13,0.2863,0.00005000,19.7168,343.1887,225.8549
4759,561,30,0.2862,0.00005000,20.7562,356.7927,228.5142
4760,293,21,0.2860,0.00005000,22.0263,383.7655,132.9777
4761,105,16,0.2859,0.00005000,20.6233,378.7031,179.6294
4762,84,13,0.2857,0.00005000,20.6503,360.8657,196.7060
4763,218,19,0.2856,0.00005000,13.7561,367.4184,188.7095
4764,20,6,0.2854,0.00005000,20.3377,367.5205,254.7935
4765,457,23,0.2853,0.00005000,18.2610,379.6746,226.5186
4766,345,26,0.2851,0.00005000,21.7629,376.8259,210.8337
4767,67,16,0.2850,0.00005000,17.9280,365.5801,154.4793
4768,483,30,0.2848,0.00005000,21.3177,371.2108,192.3396
4769,152,15,0.2847,0.00005000,23.4720,357.5834,275.9790
4770,33,7,0.2845,0.00005000,21.6576,356.9111,208.2398
4771,116,16,0.2843,0.00005000,21.3901,373.1456,145.3396
4772,149,21,0.2842,0.00005000,17.4744,356.2169,171.5254
4773,189,18,0.2841,0.00005000,25.9306,376.1866,207.2482
4774,157,15,0.2839,0.00005000,18.2927,372.4704,152.9387
4775,91,15,0.2838,0.00005000,21.6428,373.3633,248.3463
4776,38,10,0.2836,0.00005000,24.3197,363.6110,200.5529
4777,35,9,0.2834,0.00005000,21.5550,367.4429,151.1420
4778,273,24,0.2833,0.00005000,18.6366,385.3827,165.4201
4779,100,16,0.2832,0.00005000,18.9930,361.1652,168.9847
4780,62,11,0.2830,0.00005000,21.9067,370.7361,154.9724
4781,57,11,0.2829,0.00005000,24.7617,370.3532,218.4988
4782,446,23,0.2827,0.00005000,30.0905,353.6547,221.5144
4783,45,8,0.2825,0.00005000,26.4711,368.9846,100.1862
4784,142,17,0.2824,0.00005000,22.4027,375.6028,169.1308
4785,74,13,0.2823,0.00005000,22.0201,352.0714,188.6120
4786,40,12,0.2821,0.00005000,17.9610,367.7387,220.9844
4787,402,26,0.2820,0.00005000,22.5505,391.5917,190.9367
4788,54,10,0.2818,0.00005000,15.8855,370.1036,161.1079
4789,115,15,0.2816,0.00005000,18.0043,356.0136,167.0429
4790,119,13,0.2815,0.00005000,17.0585,375.7162,246.7595
4791,170,18,0.2813,0.00005000,20.9463,361.3063,207.7781
4792,83,14,0.2812,0.00005000,19.5229,378.8666,152.1096
4793,37,9,0.2811,0.00005000,15.1749,349.6023,169.0496
4794,34,6,0.2809,0.00005000,17.3579,356.1558,107.7551
4795,88,15,0.2807,0.00005000,25.8027,366.6118,129.7896
4796,60,11,0.2806,0.00005000,21.8726,372.4296,254.3817
4797,40,10,0.2804,0.00005000,25.9518,369.1485,176.3331
4798,85,15,0.2803,0.00005000,22.4822,378.1029,149.1163
4799,33,7,0.2802,0.00005000,31.2430,365.5522,211.4640
4800,46,12,0.2800,0.00005000,14.9386,362.8833,188.2619
4801,59,12,0.2798,0.00005000,24.6439,364.3061,191.8124
4802,88,18,0.2797,0.00005000,22.1658,366.7643,279.0982
4803,120,18,0.2795,0.00005000,24.9505,350.8646,182.8510
4804,780,30,0.2794,0.00005000,22.5634,383.2864,262.9171
4805,112,14,0.2792,0.00005000,26.3362,376.0602,201.1292
4806,55,12,0.2791,0.00005000,21.6628,374.4785,151.2427
4807,158,16,0.2789,0.00005000,26.2473,375.3791,222.2891
4808,71,13,0.2788,0.00005000,19.0551,374.5944,300.1097
4809,80,13,0.2786,0.00005000,20.5581,366.8401,212.8254
4810,246,23,0.2785,0.00005000,17.6506,368.3719,201.3363
4811,60,11,0.2783,0.00005000,20.4071,380.1080,239.5391
4812,222,19,0.2782,0.00005000,21.9697,371.9654,185.1899
4813,230,20,0.2780,0.00005000,15.2589,360.4176,220.3407
4814,40,11,0.2779,0.00005000,24.0109,371.8306,238.3580
4815,105,17,0.2777,0.00005000,19.2431,364.0321,196.0572
4816,34,9,0.2776,0.00005000,18.5251,371.2147,160.8989
4817,59,14,0.2774,0.00005000,18.4988,367.0363,207.8598
4818,163,18,0.2773,0.00005000,25.6996,371.9968,218.9690
4819,34,8,0.2772,0.00005000,17.1836,377.4612,159.6143
4820,81,12,0.2770,0.00005000,19.8112,376.7075,169.2230
4821,32,8,0.2769,0.00005000,19.0185,357.8680,200.0418
4822,40,10,0.2767,0.00005000,20.3055,369.0312,326.3202
4823,61,13,0.2766,0.00005000,27.6963,379.7702,310.9176
4824,67,11,0.2764,0.00005000,17.5932,372.0360,272.3769
4825,172,18,0.2762,0.00005000,18.6563,374.4176,232.0574
4826,106,15,0.2761,0.00005000,18.4323,365.8806,232.4711
4827,169,22,0.2760,0.00005000,19.4204,359.0637,283.6870
4828,81,12,0.2758,0.00005000,20.9277,371.8691,268.5313
4829,107,16,0.2757,0.00005000,22.1296,363.0080,179.9169
4830,51,12,0.2755,0.00005000,19.8608,369.9314,244.2048
4831,308,26,0.2753,0.00005000,22.3510,367.7633,183.7062
4832,107,16,0.2752,0.00005000,18.2340,381.0399,186.8836
4833,19,5,0.2751,0.00005000,20.1250,369.0742,268.3925
4834,106,18,0.2749,0.00005000,26.8246,373.5254,236.3885
4835,1522,42,0.2748,0.00005000,21.0994,386.5880,177.8958
4836,39,9,0.2746,0.00005000,24.8160,366.5134,156.4237
4837,30,7,0.2744,0.00005000,27.1483,360.7187,175.4054
4838,57,11,0.2743,0.00005000,21.1316,378.3498,187.1820
4839,171,18,0.2742,0.00005000,22.0698,363.3457,168.0664
4840,37,9,0.2740,0.00005000,34.6358,366.3751,171.5889
4841,226,16,0.2739,0.00005000,21.7651,378.0007,186.6885
4842,95,14,0.2737,0.00005000,19.1254,376.1228,167.1962
4843,79,12,0.2735,0.00005000,15.0552,371.5620,306.7351
4844,43,8,0.2734,0.00005000,21.6808,368.3666,308.2313
4845,36,8,0.2732,0.00005000,17.9490,368.0886,132.1765
4846,255,26,0.2731,0.00005000,22.1574,364.1865,152.7713
4847,233,23,0.2730,0.00005000,19.9058,372.8420,176.9527
4848,226,22,0.2728,0.00005000,19.8808,384.2756,275.7890
4849,58,12,0.2726,0.00005000,26.4852,363.6030,194.2505
4850,373,26,0.2725,0.00005000,16.4438,379.0521,220.0403
4851,56,10,0.2723,0.00005000,21.3220,364.8747,179.7897
4852,75,13,0.2722,0.00005000,20.9917,365.2751,139.9502
4853,76,14,0.2721,0.00005000,20.7755,367.4342,151.5014
4854,167,18,0.2719,0.00005000,22.9327,368.9943,130.3360
4855,29,9,0.2717,0.00005000,22.3587,377.4174,158.3030
4856,45,12,0.2716,0.00005000,22.6061,364.9645,197.9418
4857,133,16,0.2714,0.00005000,20.1791,365.6914,140.1346
4858,32,7,0.2713,0.00005000,14.7257,354.6928,128.2567
4859,79,15,0.2712,0.00005000,27.2585,369.1713,169.1070
4860,293,20,0.2710,0.00005000,25.1954,358.6913,243.5193
4861,83,14,0.2708,0.00005000,27.6972,368.4208,221.6905
4862,367,20,0.2707,0.00005000,20.5972,373.1404,164.7047
4863,37,11,0.2705,0.00005000,24.9072,369.7283,251.1325
4864,37,9,0.2704,0.00005000,13.9693,377.6855,194.5121
4865,38,9,0.2702,0.00005000,26.4411,369.0723,131.8828
4866,44,12,0.2701,0.00005000,20.6398,366.7165,203.8944
4867,220,22,0.2699,0.00005000,20.7118,365.2174,160.7246
4868,174,20,0.2698,0.00005000,17.7827,373.3904,162.3440
4869,229,26,0.2696,0.00005000,23.7767,368.6423,260.2960
4870,56,11,0.2695,0.00005000,19.4335,357.8139,156.8940
4871,102,14,0.2693,0.00005000,18.0963,364.6115,138.1223
4872,35,10,0.2692,0.00005000,26.9605,379.8723,198.2862
4873,110,12,0.2690,0.00005000,20.9950,376.2774,161.5141
4874,56,12,0.2689,0.00005000,20.3565,371.8500,176.1241
4875,237,20,0.2687,0.00005000,23.6768,376.3255,195.3173
4876,496,31,0.2686,0.00005000,22.6499,362.3309,256.3125
4877,33,7,0.2684,0.00005000,18.8049,389.9768,185.4011
4878,121,17,0.2683,0.00005000,23.8822,376.0098,294.6750
4879,116,15,0.2681,0.00005000,24.1234,364.5030,259.0314
4880,39,9,0.2680,0.00005000,18.9164,376.8223,165.6812
4881,125,16,0.2679,0.00005000,18.5668,375.0746,117.0364
4882,56,10,0.2677,0.00005000,24.3174,376.4842,264.2020
4883,56,10,0.2676,0.00005000,27.0864,369.7319,193.2297
4884,145,19,0.2674,0.00005000,26.3627,363.8308,167.9909
4885,55,9,0.2672,0.00005000,19.8993,366.5244,192.0602
4886,85,14,0.2671,0.00005000,23.4442,376.9452,148.5594
4887,47,10,0.2670,0.00005000,21.1421,379.1789,252.8936
4888,117,14,0.2668,0.00005000,25.8767,381.7645,150.8275
4889,20,5,0.2667,0.00005000,23.0158,351.3319,131.9544
4890,81,11,0.2665,0.00005000,19.1970,373.4168,140.1212
4891,31,7,0.2663,0.00005000,16.2204,371.2840,94.0256
4892,34,8,0.2662,0.00005000,17.2606,362.3504,268.4548
4893,83,14,0.2661,0.00005000,23.2416,372.1772,273.7736
4894,58,13,0.2659,0.00005000,20.4274,366.1816,173.0441
4895,142,18,0.2658,0.00005000,20.0124,358.8079,214.4667
4896,81,13,0.2656,0.00005000,18.1704,358.7902,267.8496
4897,458,25,0.2654,0.00005000,22.3789,381.7888,213.2253
4898,31,8,0.2653,0.00005000,16.1652,380.3841,260.2309
4899,142,19,0.2651,0.00005000,29.3257,374.3820,316.5785
4900,73,11,0.2650,0.00005000,24.9546,369.2217,184.6949
4901,28,7,0.2649,0.00005000,16.7456,372.4435,133.2310
4902,123,16,0.2647,0.00005000,23.1373,364.2523,179.7417
4903,58,13,0.2645,0.00005000,16.1432,368.2137,155.0744
4904,89,15,0.2644,0.00005000,23.5442,368.2747,294.4677
4905,85,13,0.2642,0.00005000,22.9740,374.6008,180.7776
4906,39,9,0.2641,0.00005000,16.6926,373.1213,233.2117
4907,69,13,0.2640,0.00005000,22.1143,358.7784,179.3453
4908,44,12,0.2638,0.00005000,25.6356,371.4863,240.3991
4909,95,15,0.2636,0.00005000,22.8100,376.1497,255.3861
4910,95,15,0.2635,0.00005000,21.9417,380.5573,195.5963
4911,117,16,0.2633,0.00005000,21.0114,363.7857,218.0823
4912,53,13,0.2632,0.00005000,20.4446,377.6114,117.4705
4913,365,28,0.2631,0.00005000,23.3663,380.5482,277.5926
4914,146,17,0.2629,0.00005000,24.8187,368.6497,178.2003
4915,54,10,0.2627,0.00005000,22.7958,369.6589,158.7057
4916,57,12,0.2626,0.00005000,15.5366,375.3682,295.4893
4917,128,16,0.2624,0.00005000,20.7576,375.6631,219.2682
4918,33,9,0.2623,0.00005000,19.2481,359.5165,191.7830
4919,35,10,0.2621,0.00005000,18.3769,376.1336,124.4619
4920,227,19,0.2620,0.00005000,25.3296,379.1144,178.3902
4921,125,17,0.2618,0.00005000,17.8906,389.1938,151.7651
4922,157,18,0.2617,0.00005000,17.5552,384.9120,174.9540
4923,39,9,0.2615,0.00005000,16.3152,372.1148,149.8914
4924,36,10,0.2614,0.00005000,29.6479,372.2222,202.3864
4925,34,7,0.2612,0.00005000,31.5509,360.0954,137.4827
4926,85,14,0.2611,0.00005000,24.2495,378.8233,210.6500
4927,139,17,0.2609,0.00005000,26.9097,377.8101,157.4966
4928,85,13,0.2608,0.00005000,20.6309,386.8803,154.0971
4929,434,30,0.2606,0.00005000,21.4502,390.3530,187.2659
4930,71,13,0.2605,0.00005000,19.4148,370.2634,243.1908
4931,314,29,0.2603,0.00005000,26.0285,386.7233,222.5402
4932,662,29,0.2602,0.00005000,23.5860,388.7531,185.9303
4933,115,17,0.2600,0.00005000,21.2730,382.8066,219.0237
4934,372,24,0.2599,0.00005000,20.2213,386.7536,152.6684
4935,24,6,0.2597,0.00005000,27.4435,361.4171,190.7314
4936,121,15,0.2596,0.00005000,21.5332,365.3187,202.4530
4937,62,14,0.2594,0.00005000,22.3791,383.1745,166.2926
4938,312,22,0.2593,0.00005000,21.4663,395.2441,222.0082
4939,54,12,0.2591,0.00005000,18.9582,376.0952,147.1125
4940,33,9,0.2590,0.00005000,26.9842,369.0132,305.9873
4941,80,14,0.2589,0.00005000,24.9865,382.5309,232.7203
4942,475,29,0.2587,0.00005000,23.9170,382.9108,281.0297
4943,163,15,0.2586,0.00005000,18.6595,394.2070,239.5725
4944,462,34,0.2584,0.00005000,20.7223,394.0222,235.4921
4945,121,13,0.2582,0.00005000,20.7091,383.9345,163.5501
4946,49,10,0.2581,0.00005000,23.9115,363.6606,187.9607
4947,31,6,0.2580,0.00005000,33.2700,372.2482,283.8555
4948,54,11,0.2578,0.00005000,19.2072,374.0923,167.7787
4949,39,10,0.2577,0.00005000,16.3950,372.4213,182.6498
4950,105,14,0.2575,0.00005000,19.9759,388.1561,157.6605
4951,88,15,0.2573,0.00005000,21.6554,389.0685,192.0009
4952,562,36,0.2572,0.00005000,22.3175,368.9798,191.6546
4953,119,16,0.2571,0.00005000,28.8940,386.4354,156.4763
4954,188,20,0.2569,0.00005000,18.7408,362.7472,151.9835
4955,33,8,0.2568,0.00005000,14.8635,377.9959,170.5696
4956,55,11,0.2566,0.00005000,18.6656,390.4343,201.8656
4957,138,19,0.2564,0.00005000,25.3833,372.6616,165.3257
4958,84,14,0.2563,0.00005000,21.2352,372.4671,171.6831
4959,51,10,0.2561,0.00005000,15.2283,382.1582,215.9506
4960,22,6,0.2560,0.00005000,26.2090,369.6894,159.2529
4961,165,15,0.2559,0.00005000,23.8685,383.9265,152.9446
4962,101,16,0.2557,0.00005000,20.9700,383.1330,332.0464
4963,60,12,0.2555,0.00005000,21.2359,372.0297,275.6142
4964,374,22,0.2554,0.00005000,21.4993,399.8895,202.6085
4965,83,12,0.2552,0.00005000,18.0601,378.7314,243.9276
4966,79,12,0.2551,0.00005000,20.1392,385.8170,313.3502
4967,50,13,0.2550,0.00005000,24.6390,366.6444,210.1135
4968,411,26,0.2548,0.00005000,23.8231,388.8057,221.8671
4969,88,16,0.2546,0.00005000,19.7465,370.3654,283.4177
4970,296,21,0.2545,0.00005000,21.2257,376.2576,258.4136
4971,82,14,0.2543,0.00005000,20.7815,374.0799,157.7465
4972,28,7,0.2542,0.00005000,28.2354,383.8582,230.4206
4973,130,15,0.2540,0.00005000,18.9100,384.1795,173.1116
4974,53,13,0.2539,0.00005000,18.0972,386.3377,232.6825
4975,31,7,0.2537,0.00005000,21.0551,376.0866,141.9805
4976,62,12,0.2536,0.00005000,24.0419,382.0907,149.5901
4977,44,12,0.2534,0.00005000,20.2487,377.9596,167.6578
4978,137,19,0.2533,0.00005000,21.1050,379.4901,202.8477
4979,288,22,0.2531,0.00005000,20.8384,398.9151,203.6974
4980,56,12,0.2530,0.00005000,19.4229,380.5471,211.5402
4981,158,18,0.2528,0.00005000,18.1833,383.6580,142.1691
4982,198,20,0.2527,0.00005000,24.6954,387.1774,176.8164
4983,417,28,0.2525,0.00005000,23.5339,382.5382,198.7184
4984,42,11,0.2524,0.00005000,17.2985,371.2688,323.6102
4985,36,8,0.2522,0.00005000,26.3942,380.4091,146.7385
4986,81,12,0.2521,0.00005000,20.2885,363.2180,192.6892
4987,119,14,0.2519,0.00005000,18.8520,365.7519,180.3714
4988,32,9,0.2518,0.00005000,30.4568,376.1884,222.7621
4989,33,7,0.2516,0.00005000,20.8409,383.6833,183.1390
4990,164,18,0.2515,0.00005000,19.4975,386.6439,228.8666
4991,85,13,0.2513,0.00005000,22.9706,374.6152,192.7669
4992,140,17,0.2512,0.00005000,21.8055,384.5051,160.6074
4993,33,9,0.2510,0.00005000,22.6794,371.8245,178.2881
4994,27,7,0.2509,0.00005000,14.9825,372.6767,154.7997
4995,70,13,0.2507,0.00005000,24.4031,399.3978,267.6604
4996,35,9,0.2506,0.00005000,28.2388,381.0087,231.0981
4997,195,20,0.2504,0.00005000,24.8648,388.6155,171.3242
4998,184,20,0.2503,0.00005000,29.9598,382.6765,260.2343
4999,268,28,0.2501,0.00005000,21.3318,385.0716,280.9557
5000,109,12,0.2500,0.00005000,20.0490,381.1044,169.4230
5001,99,15,0.2499,0.00005000,23.2425,380.0056,138.5993
5002,37,10,0.2497,0.00005000,22.1098,391.8150,164.9335
5003,55,12,0.2496,0.00005000,22.4650,390.5436,155.8536
5004,471,25,0.2494,0.00005000,20.6986,371.2527,161.0156
5005,44,11,0.2493,0.00005000,16.8858,369.1796,278.2084
5006,135,19,0.2491,0.00005000,20.2101,376.5194,187.7186
5007,276,25,0.2490,0.00005000,19.2639,388.4907,238.6651
5008,536,32,0.2488,0.00005000,23.5855,401.4489,255.3427
5009,33,9,0.2487,0.00005000,23.5489,371.7821,138.2423
5010,77,15,0.2485,0.00005000,18.6774,387.8609,207.9376
5011,37,10,0.2484,0.00005000,20.3909,386.6281,127.0262
5012,81,14,0.2482,0.00005000,22.2010,385.5721,153.2274
5013,132,19,0.2480,0.00005000,20.6910,390.8406,179.5225
5014,87,14,0.2479,0.00005000,22.1582,374.3458,168.0206
5015,111,14,0.2478,0.00005000,23.0816,369.4876,207.5205
5016,56,10,0.2476,0.00005000,20.5830,389.8129,133.6161
5017,78,11,0.2475,0.00005000,18.3375,381.5765,169.9118
5018,54,10,0.2473,0.00005000,21.7772,395.6890,195.5847
5019,74,14,0.2471,0.00005000,22.2416,386.5331,175.1040
5020,162,19,0.2470,0.00005000,19.3100,397.6565,203.9285
5021,104,12,0.2469,0.00005000,18.7331,374.4985,217.4558
5022,53,11,0.2467,0.00005000,22.6673,382.6545,192.1843
5023,117,15,0.2466,0.00005000,18.1605,378.6215,153.3136
5024,39,9,0.2464,0.00005000,21.9285,386.8106,140.4944
5025,35,9,0.2462,0.00005000,21.4677,382.4526,150.6045
5026,70,10,0.2461,0.00005000,22.7820,373.9194,152.0778
5027,164,20,0.2460,0.00005000,19.4813,373.2990,188.3671
5028,102,11,0.2458,0.00005000,17.6816,354.4401,143.6043
5029,294,23,0.2457,0.00005000,18.0608,405.5584,154.9697
5030,28,8,0.2455,0.00005000,25.9737,368.0706,241.6708
5031,41,11,0.2453,0.00005000,14.4552,387.4568,211.7248
5032,86,14,0.2452,0.00005000,22.8671,386.3575,166.1198
5033,294,19,0.2450,0.00005000,23.3243,398.8653,147.3820
5034,68,12,0.2449,0.00005000,22.0717,384.3659,209.2324
5035,30,7,0.2448,0.00005000,23.5493,392.4805,168.4133
5036,149,20,0.2446,0.00005000,25.4221,355.1162,186.6818
5037,127,18,0.2444,0.00005000,22.1265,402.6775,154.4250
5038,84,12,0.2443,0.00005000,25.0439,391.9401,170.6313
5039,42,8,0.2441,0.00005000,28.7985,384.6347,124.3253
5040,85,14,0.2440,0.00005000,24.9655,388.3179,253.5066
5041,42,10,0.2439,0.00005000,12.8960,398.8165,198.3496
5042,320,25,0.2437,0.00005000,25.8937,374.4932,304.0312
5043,72,15,0.2435,0.00005000,17.1855,386.2351,159.4611
5044,60,13,0.2434,0.00005000,28.0839,373.5463,199.2899
5045,39,9,0.2432,0.00005000,20.3645,389.2225,216.9191
5046,58,11,0.2431,0.00005000,20.5452,392.7050,170.0787
5047,60,12,0.2429,0.00005000,26.3800,379.8792,165.4211
5048,74,11,0.2428,0.00005000,21.5378,400.0883,165.2809
5049,251,27,0.2426,0.00005000,21.9587,392.5153,213.9595
5050,57,11,0.2425,0.00005000,23.7056,384.0936,223.0799
5051,118,14,0.2423,0.00005000,17.2761,375.5707,181.1214
5052,126,18,0.2422,0.00005000,20.5888,392.8024,155.6154
5053,25,6,0.2420,0.00005000,21.8974,360.9043,144.4724
5054,167,21,0.2419,0.00005000,24.0586,392.7080,174.6968
5055,105,14,0.2417,0.00005000,16.1686,383.7534,218.2144
5056,123,16,0.2416,0.00005000,30.3584,393.3221,196.0590
5057,34,8,0.2414,0.00005000,19.3822,378.1555,172.9035
5058,129,18,0.2413,0.00005000,22.8552,383.9037,169.3068
5059,54,10,0.2411,0.00005000,28.5608,389.2233,199.2619
5060,444,25,0.2410,0.00005000,22.4788,384.6904,184.0630
5061,39,9,0.2409,0.00005000,15.3641,382.9244,164.4625
5062,195,17,0.2407,0.00005000,19.2603,393.2518,157.2900
5063,73,11,0.2406,0.00005000,25.4181,393.6958,210.5484
5064,57,12,0.2404,0.00005000,21.4733,389.8230,170.3682
5065,78,13,0.2403,0.00005000,23.0544,385.7156,159.5085
5066,54,11,0.2401,0.00005000,19.1696,387.6639,164.5826
5067,164,16,0.2399,0.00005000,17.5181,391.9561,182.4403
5068,51,10,0.2398,0.00005000,28.1536,404.6079,129.4436
5069,32,8,0.2397,0.00005000,17.4675,394.0133,175.6347
5070,25,6,0.2395,0.00005000,22.2753,366.9949,164.5151
5071,324,26,0.2394,0.00005000,20.8405,390.1457,190.6588
5072,67,12,0.2392,0.00005000,19.1189,363.5530,135.2429
5073,32,8,0.2390,0.00005000,22.1741,360.3952,162.3455
5074,144,18,0.2389,0.00005000,23.2134,394.2367,165.2808
5075,53,11,0.2388,0.00005000,18.2802,387.4351,204.3821
5076,228,21,0.2386,0.00005000,19.9598,409.6643,203.0283
5077,371,22,0.2385,0.00005000,24.9394,398.8157,197.7353
5078,84,14,0.2383,0.00005000,22.7486,380.6984,183.9021
5079,247,22,0.2381,0.00005000,23.2986,382.4203,227.4583
5080,398,28,0.2380,0.00005000,23.9115,406.7144,248.1038
5081,249,23,0.2379,0.00005000,23.8420,389.1445,212.4463
5082,198,22,0.2377,0.00005000,25.5876,374.6328,212.7595
5083,69,13,0.2376,0.00005000,28.8144,393.1747,150.2107
5084,267,27,0.2374,0.00005000,21.5250,374.4109,286.6881
5085,34,9,0.2372,0.00005000,24.1492,379.1539,279.0153
5086,276,17,0.2371,0.00005000,25.5755,397.6351,205.5172
5087,116,15,0.2369,0.00005000,19.3366,394.0344,145.9590
5088,63,9,0.2368,0.00005000,16.1065,381.3778,176.5338
5089,229,23,0.2367,0.00005000,28.1089,397.9764,326.4898
5090,315,24,0.2365,0.00005000,23.9467,392.9770,224.1365
5091,166,19,0.2363,0.00005000,21.4944,394.8575,176.7906
5092,46,11,0.2362,0.00005000,22.3308,390.5554,250.1362
5093,173,19,0.2360,0.00005000,16.5714,388.4360,170.2793
5094,80,16,0.2359,0.00005000,21.3927,380.0509,171.7016
5095,119,15,0.2358,0.00005000,28.0827,397.2819,237.3201
5096,53,10,0.2356,0.00005000,17.7164,387.9968,281.3717
5097,87,15,0.2354,0.00005000,21.0883,365.0588,195.9634
5098,83,13,0.2353,0.00005000,16.4373,394.4979,148.5385
5099,146,18,0.2351,0.00005000,21.9203,374.0732,205.6610
5100,99,14,0.2350,0.00005000,23.5263,397.8009,216.8732
5101,52,10,0.2349,0.00005000,26.9784,388.6815,156.9109
5102,106,14,0.2347,0.00005000,24.3321,385.7145,141.8435
5103,43,11,0.2345,0.00005000,23.8257,385.1887,168.0028
5104,27,7,0.2344,0.00005000,26.0531,366.4200,96.7589
5105,71,13,0.2342,0.00005000,23.8630,389.0543,159.3524
5106,168,18,0.2341,0.00005000,23.6039,386.3112,231.6349
5107,52,10,0.2339,0.00005000,25.4801,386.3896,268.4882
5108,78,14,0.2338,0.00005000,25.3365,362.1734,182.0529
5109,76,15,0.2336,0.00005000,15.8294,370.7811,196.7322
5110,34,9,0.2335,0.00005000,25.1891,399.9339,233.4910
5111,67,12,0.2333,0.00005000,14.8936,385.6793,186.4962
5112,186,19,0.2332,0.00005000,26.1778,398.8590,184.4790
5113,124,18,0.2330,0.00005000,20.0821,388.8458,239.0446
5114,54,10,0.2329,0.00005000,24.6272,398.8048,348.2820
5115,26,7,0.2327,0.00005000,27.2193,377.9732,393.6103
5116,100,14,0.2326,0.00005000,20.5237,385.6541,230.2447
5117,37,9,0.2324,0.00005000,19.9417,393.0437,202.8911
5118,53,9,0.2323,0.00005000,18.3744,391.0763,172.8971
5119,310,24,0.2321,0.00005000,27.0674,392.1525,203.4120
5120,75,11,0.2320,0.00005000,24.2366,381.1268,179.5649
5121,160,15,0.2319,0.00005000,20.8514,390.2712,184.8587
5122,55,12,0.2317,0.00005000,30.7370,402.5691,152.6242
5123,86,15,0.2316,0.00005000,20.8080,397.9680,185.9836
5124,43,11,0.2314,0.00005000,17.1178,393.6409,143.8618
5125,40,11,0.2313,0.00005000,21.6655,398.3667,210.5867
5126,374,25,0.2311,0.00005000,22.1753,400.1275,190.7610
5127,31,7,0.2309,0.00005000,26.1759,391.9669,138.9418
5128,51,10,0.2308,0.00005000,26.8683,380.8114,180.9258
5129,167,17,0.2307,0.00005000,20.6761,379.4537,160.2680
5130,211,16,0.2305,0.00005000,22.7325,421.6041,193.4321
5131,32,8,0.2304,0.00005000,28.5839,386.6416,171.4207
5132,112,14,0.2302,0.00005000,28.0553,406.1168,167.0161
5133,464,25,0.2300,0.00005000,21.4595,394.7659,193.2571
5134,134,18,0.2299,0.00005000,19.9200,397.7282,199.2865
5135,312,23,0.2298,0.00005000,24.9604,394.5010,195.9253
5136,44,11,0.2296,0.00005000,25.7941,367.6558,148.3146
5137,231,22,0.2295,0.00005000,24.3236,405.3432,177.1463
5138,135,15,0.2293,0.00005000,23.7918,406.9637,186.2902
5139,38,9,0.2291,0.00005000,16.2390,377.3482,164.4792
5140,55,11,0.2290,0.00005000,21.3232,401.3043,157.3384
5141,43,11,0.2288,0.00005000,22.4950,387.3014,199.7813
5142,166,16,0.2287,0.00005000,24.4359,395.6546,191.1848
5143,54,12,0.2286,0.00005000,29.0730,386.6140,232.9667
5144,166,17,0.2284,0.00005000,21.9866,407.1564,222.7829
5145,103,17,0.2282,0.00005000,20.5403,395.0775,176.9463
5146,78,12,0.2281,0.00005000,22.5889,386.8541,180.9192
5147,113,18,0.2279,0.00005000,23.6636,393.6409,203.1939
5148,83,12,0.2278,0.00005000,25.9417,382.2849,203.4971
5149,87,15,0.2277,0.00005000,22.6528,395.2845,244.3695
5150,246,24,0.2275,0.00005000,21.4130,397.7581,204.9885
5151,171,15,0.2273,0.00005000,21.2916,399.8614,127.8324
5152,42,8,0.2272,0.00005000,24.7729,358.1589,121.8175
5153,115,17,0.2270,0.00005000,26.4935,398.9076,166.6292
5154,102,17,0.2269,0.00005000,22.6164,402.2354,171.5409
5155,97,15,0.2268,0.00005000,22.8886,393.7417,167.3690
5156,56,12,0.2266,0.00005000,22.0837,404.6722,189.7328
5157,68,12,0.2264,0.00005000,25.4277,392.1816,184.0115
5158,54,13,0.2263,0.00005000,21.3562,383.9083,175.9697
5159,71,14,0.2261,0.00005000,24.6047,389.1935,135.2946
5160,104,10,0.2260,0.00005000,15.7822,401.1160,125.6883
5161,555,29,0.2258,0.00005000,22.5511,413.8225,133.9599
5162,32,8,0.2257,0.00005000,21.9341,401.6153,178.8661
5163,125,14,0.2255,0.00005000,25.4637,371.6511,187.9738
5164,38,9,0.2254,0.00005000,23.6655,384.0779,153.7566
5165,124,20,0.2252,0.00005000,21.4072,396.7586,191.7773
5166,38,9,0.2251,0.00005000,21.3895,397.2619,277.2213
5167,37,10,0.2249,0.00005000,18.5416,390.3744,255.1340
5168,103,17,0.2248,0.00005000,26.4654,396.0578,182.4710
5169,67,12,0.2246,0.00005000,19.9647,399.6429,209.7019
5170,131,17,0.2245,0.00005000,23.8462,396.5973,175.4340
5171,351,26,0.2243,0.00005000,22.9284,400.9487,159.2042
5172,290,25,0.2242,0.00005000,16.8822,392.3905,177.1583
5173,121,19,0.2240,0.00005000,17.4859,402.5415,174.6343
5174,89,15,0.2239,0.00005000,27.7255,370.5703,173.7364
5175,39,10,0.2237,0.00005000,21.4870,378.0969,138.1788
5176,55,12,0.2236,0.00005000,21.0464,392.6594,156.8391
5177,76,11,0.2234,0.00005000,22.3024,381.9006,240.5719
5178,74,12,0.2233,0.00005000,24.0625,392.5283,152.6234
5179,54,13,0.2231,0.00005000,23.7724,405.9148,200.3969
5180,54,10,0.2230,0.00005000,21.1353,398.8820,249.2648
5181,207,21,0.2228,0.00005000,22.6839,397.2115,216.5266
5182,31,8,0.2227,0.00005000,27.3803,378.8197,150.5565
5183,38,11,0.2226,0.00005000,28.3928,394.3805,210.7615
5184,62,12,0.2224,0.00005000,17.2620,384.3845,189.5041
5185,71,13,0.2223,0.00005000,19.7182,385.4109,140.4268
5186,86,14,0.2221,0.00005000,20.7931,387.0862,164.8244
5187,178,21,0.2219,0.00005000,21.2575,391.6718,183.5087
5188,288,19,0.2218,0.00005000,23.1920,402.9170,205.2120
5189,170,18,0.2217,0.00005000,25.5750,397.9983,193.0832
5190,40,10,0.2215,0.00005000,29.5960,400.2531,255.4458
5191,453,22,0.2214,0.00005000,29.3830,401.6265,154.5221
5192,154,15,0.2212,0.00005000,21.0631,402.0033,226.1128
5193,32,6,0.2210,0.00005000,19.7211,397.2602,291.6291
5194,40,11,0.2209,0.00005000,26.6498,402.9822,252.5527
5195,399,25,0.2208,0.00005000,25.2292,388.4791,192.4445
5196,139,20,0.2206,0.00005000,26.6904,416.4557,250.7365
5197,181,19,0.2205,0.00005000,19.7315,397.5300,181.8355
5198,33,8,0.2203,0.00005000,22.2749,371.1043,217.2478
5199,122,16,0.2201,0.00005000,26.7438,388.0455,165.6091
5200,242,22,0.2200,0.00005000,27.3972,395.5826,144.1288
5201,170,20,0.2198,0.00005000,22.0227,416.6364,187.3784
5202,83,16,0.2197,0.00005000,17.5125,393.0976,192.0078
5203,76,12,0.2196,0.00005000,24.5017,403.8374,174.4306
5204,46,11,0.2194,0.00005000,18.1169,367.2137,211.9095
5205,184,21,0.2192,0.00005000,18.1272,387.7620,217.0340
5206,63,15,0.2191,0.00005000,24.9351,399.8915,238.7278
5207,174,19,0.2189,0.00005000,20.3570,401.6284,240.4408
5208,93,17,0.2188,0.00005000,26.1687,386.6177,180.0255
5209,37,9,0.2187,0.00005000,27.4252,410.1077,261.2959
5210,222,24,0.2185,0.00005000,24.7998,403.9032,209.4645
5211,126,18,0.2183,0.00005000,17.2678,411.6575,257.2765
5212,135,23,0.2182,0.00005000,19.7008,394.4604,170.2611
5213,27,9,0.2180,0.00005000,17.2348,412.6720,263.9809
5214,187,19,0.2179,0.00005000,23.0465,414.8097,158.9722
5215,67,12,0.2177,0.00005000,25.0110,400.9663,88.2096
5216,85,15,0.2176,0.00005000,22.3494,400.9096,201.8700
5217,115,12,0.2174,0.00005000,22.9445,381.4094,251.6679
5218,40,10,0.2173,0.00005000,22.5538,379.9001,179.6897
5219,47,11,0.2171,0.00005000,21.1702,380.3906,214.1540
5220,55,11,0.2170,0.00005000,20.7459,379.1573,186.8921
5221,36,9,0.2168,0.00005000,19.1802,400.3166,191.8827
5222,37,10,0.2167,0.00005000,23.3476,397.3982,218.7040
5223,41,7,0.2165,0.00005000,26.2134,389.8489,170.3950
5224,118,15,0.2164,0.00005000,24.7568,405.9551,219.6581
5225,53,9,0.2162,0.00005000,28.8790,390.3823,159.2654
5226,73,13,0.2161,0.00005000,20.1776,385.1980,138.5977
5227,109,12,0.2159,0.00005000,21.5265,404.0309,208.1216
5228,74,12,0.2158,0.00005000,30.4631,390.0233,274.1176
5229,229,20,0.2156,0.00005000,25.7012,400.3638,311.1826
5230,106,16,0.2155,0.00005000,17.9322,409.7392,232.5690
5231,431,14,0.2153,0.00005000,29.5424,403.3324,148.4651
5232,81,13,0.2152,0.00005000,23.7727,389.7272,224.1229
5233,60,14,0.2150,0.00005000,20.8926,401.8494,247.1868
5234,51,10,0.2149,0.00005000,19.0754,376.5460,231.3149
5235,74,13,0.2147,0.00005000,27.6781,397.7934,144.7291
5236,32,10,0.2146,0.00005000,17.8650,400.6224,147.5659
5237,289,19,0.2144,0.00005000,24.1811,407.2172,195.1777
5238,81,13,0.2143,0.00005000,21.3934,401.7448,268.6331
5239,51,9,0.2141,0.00005000,22.4187,404.2325,163.6213
5240,56,11,0.2140,0.00005000,28.0654,416.9702,214.9142
5241,222,18,0.2138,0.00005000,20.1134,391.9186,178.9653
5242,74,13,0.2137,0.00005000,17.9757,404.2591,181.3291
5243,741,41,0.2136,0.00005000,22.5323,414.2831,209.3014
5244,101,18,0.2134,0.00005000,24.2718,409.9538,224.1960
5245,40,9,0.2133,0.00005000,17.0770,407.7245,153.0434
5246,115,12,0.2131,0.00005000,29.1836,398.2674,144.9067
5247,50,10,0.2129,0.00005000,23.0311,398.3345,146.0661
5248,77,11,0.2128,0.00005000,14.7809,398.0623,170.7739
5249,55,12,0.2127,0.00005000,21.2079,412.9144,236.3989
5250,72,11,0.2125,0.00005000,21.3655,396.1487,233.7234
5251,187,21,0.2124,0.00005000,21.3938,378.0051,284.4398
5252,57,11,0.2122,0.00005000,14.9967,413.7927,129.0903
5253,61,14,0.2121,0.00005000,22.8729,396.5104,167.0589
5254,226,20,0.2119,0.00005000,26.9988,391.2040,175.9422
5255,42,11,0.2117,0.00005000,19.2171,396.2838,186.5647
5256,59,12,0.2116,0.00005000,29.1175,399.0345,223.5375
5257,33,8,0.2115,0.00005000,15.7570,407.6566,126.9455
5258,257,24,0.2113,0.00005000,22.0491,409.4924,205.2570
5259,129,15,0.2112,0.00005000,15.0406,387.5061,193.4708
5260,117,15,0.2110,0.00005000,22.9782,395.9493,181.0797
5261,77,11,0.2108,0.00005000,24.0006,394.1848,184.4794
5262,316,24,0.2107,0.00005000,22.3482,405.3082,186.3057
5263,212,15,0.2106,0.00005000,27.7027,413.1002,192.1243
5264,60,12,0.2104,0.00005000,25.3669,401.3789,170.1892
5265,30,6,0.2103,0.00005000,16.6069,388.8538,146.0829
5266,69,14,0.2101,0.00005000,22.9060,392.3862,171.5957
5267,376,27,0.2099,0.00005000,25.2620,396.6827,136.6269
5268,50,11,0.2098,0.00005000,15.8457,390.2654,233.1032
5269,296,22,0.2097,0.00005000,22.0570,401.9331,191.9347
5270,50,9,0.2095,0.00005000,20.4333,385.4644,260.5075
5271,54,11,0.2094,0.00005000,20.8503,380.1760,281.7184
5272,451,21,0.2092,0.00005000,19.1548,400.9715,366.6659
5273,34,9,0.2090,0.00005000,20.1693,386.5918,316.2712
5274,60,13,0.2089,0.00005000,25.5384,407.3285,278.4817
5275,56,10,0.2087,0.00005000,18.5390,389.0348,226.2870
5276,57,11,0.2086,0.00005000,23.5657,404.0326,219.0364
5277,181,20,0.2085,0.00005000,25.2078,407.4214,195.2484
5278,36,8,0.2083,0.00005000,33.5199,410.3189,94.0917
5279,126,15,0.2081,0.00005000,24.8505,413.3826,120.7692
5280,53,11,0.2080,0.00005000,23.6128,405.1884,193.8727
5281,52,10,0.2078,0.00005000,23.3376,404.2218,212.2325
5282,121,13,0.2077,0.00005000,20.3438,405.3714,196.3969
5283,98,14,0.2076,0.00005000,17.3807,383.7620,180.0188
5284,94,16,0.2074,0.00005000,19.7898,409.3012,204.8069
5285,198,23,0.2072,0.00005000,21.0650,397.5866,220.8292
5286,170,16,0.2071,0.00005000,23.4122,405.6423,314.4786
5287,854,51,0.2069,0.00005000,22.2550,397.6710,182.7165
5288,86,13,0.2068,0.00005000,17.8767,370.5972,141.4447
5289,108,19,0.2067,0.00005000,25.2045,396.1089,152.5207
5290,115,15,0.2065,0.00005000,22.8530,402.4955,164.5545
5291,78,13,0.2063,0.00005000,24.0313,401.1011,132.8629
5292,391,26,0.2062,0.00005000,23.5901,410.9108,170.4336
5293,79,13,0.2060,0.00005000,22.8638,404.2324,190.9449
5294,75,10,0.2059,0.00005000,21.1111,402.3484,117.8770
5295,107,17,0.2057,0.00005000,25.6903,398.6964,238.7278
5296,274,27,0.2056,0.00005000,24.3311,409.3823,225.2839
5297,174,19,0.2054,0.00005000,26.7322,403.0030,255.0139
5298,145,21,0.2053,0.00005000,27.8141,419.0523,243.8636
5299,44,10,0.2051,0.00005000,21.6300,409.8507,225.1974
5300,74,11,0.2050,0.00005000,24.4935,393.2851,187.5109
5301,122,15,0.2048,0.00005000,20.4307,409.3474,142.7909
5302,98,14,0.2047,0.00005000,14.8272,405.9141,209.2919
5303,34,8,0.2046,0.00005000,23.7346,402.5821,192.5125
5304,84,15,0.2044,0.00005000,22.2487,403.2109,161.6721
5305,56,12,0.2043,0.00005000,22.7343,398.8843,275.5773
5306,48,9,0.2041,0.00005000,25.9332,409.5136,299.0712
5307,83,13,0.2040,0.00005000,20.4287,410.4434,240.5041
5308,68,10,0.2038,0.00005000,23.2544,408.0294,142.9918
5309,41,13,0.2036,0.00005000,18.4676,406.1516,218.2035
5310,31,8,0.2035,0.00005000,20.4258,407.5645,221.6097
5311,50,10,0.2034,0.00005000,21.0301,393.6010,306.6593
5312,71,11,0.2032,0.00005000,25.3200,406.4818,154.2698
5313,175,21,0.2031,0.00005000,22.1186,407.6951,155.7662
5314,153,17,0.2029,0.00005000,18.4992,414.4171,179.1656
5315,652,29,0.2027,0.00005000,22.4562,416.1333,193.2799
5316,167,16,0.2026,0.00005000,26.1457,402.1236,243.0472
5317,39,12,0.2025,0.00005000,24.2325,402.5049,255.0014
5318,50,8,0.2023,0.00005000,34.0161,366.7528,192.0670
5319,40,11,0.2022,0.00005000,23.6438,391.8725,191.3163
5320,33,8,0.2020,0.00005000,20.8500,404.7206,184.2659
5321,164,15,0.2018,0.00005000,23.7241,408.0060,230.1497
5322,44,10,0.2017,0.00005000,24.6652,406.9454,229.2035
5323,81,16,0.2016,0.00005000,23.0735,413.5637,209.9937
5324,54,10,0.2014,0.00005000,39.5859,407.0593,191.9688
5325,31,5,0.2013,0.00005000,22.7182,383.7339,150.8999
5326,271,26,0.2011,0.00005000,20.6241,396.9676,203.1788
5327,39,10,0.2009,0.00005000,25.3672,406.9646,153.8626
5328,109,19,0.2008,0.00005000,24.4340,408.2687,225.8201
5329,127,16,0.2006,0.00005000,29.2599,400.3118,178.6520
5330,59,12,0.2005,0.00005000,30.4872,391.1412,181.4812
5331,57,12,0.2004,0.00005000,23.3581,418.0333,221.9137
5332,206,22,0.2002,0.00005000,23.0239,418.7839,162.0008
5333,84,13,0.2000,0.00005000,24.0975,414.0525,105.0644
5334,80,13,0.1999,0.00005000,22.6832,385.0144,179.0148
5335,55,11,0.1997,0.00005000,18.2463,422.1222,163.2602
5336,76,12,0.1996,0.00005000,28.5488,422.2594,159.1606
5337,36,9,0.1995,0.00005000,15.6334,413.6034,235.7202
5338,162,20,0.1993,0.00005000,19.0980,424.4724,237.4175
5339,175,18,0.1991,0.00005000,22.6841,397.7745,287.1852
5340,76,13,0.1990,0.00005000,26.5826,397.7359,242.2676
5341,56,12,0.1988,0.00005000,18.9136,413.4526,180.6875
5342,56,11,0.1987,0.00005000,29.1680,400.0718,131.7630
5343,187,18,0.1986,0.00005000,24.2638,424.3927,173.7579
5344,42,10,0.1984,0.00005000,18.4587,395.4038,163.6188
5345,50,8,0.1982,0.00005000,28.2567,384.4133,284.1030
5346,164,17,0.1981,0.00005000,22.6881,405.1128,259.3450
5347,46,8,0.1979,0.00005000,28.0371,401.1137,154.4853
5348,71,10,0.1978,0.00005000,22.8211,406.4494,219.3742
5349,315,23,0.1976,0.00005000,24.6772,392.2376,158.6032
5350,95,14,0.1975,0.00005000,25.5578,405.4154,221.8982
5351,90,16,0.1973,0.00005000,26.4117,406.7678,297.8556
5352,111,13,0.1972,0.00005000,31.0864,415.7332,225.9232
5353,120,15,0.1970,0.00005000,28.2709,414.1071,200.7334
5354,57,11,0.1969,0.00005000,22.6813,389.6540,133.5673
5355,370,23,0.1967,0.00005000,20.1785,397.7040,136.1252
5356,50,11,0.1966,0.00005000,20.6387,415.3952,223.7444
5357,78,16,0.1964,0.00005000,17.1528,373.6306,190.8333
5358,191,20,0.1963,0.00005000,22.6559,418.6922,203.2016
5359,52,9,0.1961,0.00005000,15.8807,377.7356,135.4354
5360,186,19,0.1960,0.00005000,26.2359,410.0209,233.6708
5361,281,21,0.1958,0.00005000,26.2451,414.2573,210.9799
5362,43,10,0.1957,0.00005000,21.2814,402.0435,196.7284
5363,56,11,0.1956,0.00005000,19.6531,414.4012,146.6188
5364,36,11,0.1954,0.00005000,16.5120,422.6213,158.5719
5365,80,15,0.1953,0.00005000,19.7364,408.5392,231.1186
5366,171,17,0.1951,0.00005000,21.4683,394.3209,189.3014
5367,38,10,0.1950,0.00005000,28.1117,428.1000,132.5004
5368,196,21,0.1948,0.00005000,25.1067,408.6142,263.5929
5369,40,9,0.1946,0.00005000,22.2600,392.4219,234.4165
5370,48,11,0.1945,0.00005000,25.9009,393.4110,179.8679
5371,392,27,0.1944,0.00005000,20.2371,395.7471,185.1426
5372,81,12,0.1942,0.00005000,21.7813,409.4632,162.8098
5373,149,17,0.1941,0.00005000,18.3927,392.8864,160.0648
5374,50,11,0.1939,0.00005000,25.0893,432.3684,148.2469
5375,61,13,0.1937,0.00005000,15.2758,417.6183,138.6535
5376,164,16,0.1936,0.00005000,22.4439,403.1658,169.4802
5377,117,20,0.1935,0.00005000,21.6573,404.7719,142.6601
5378,47,12,0.1933,0.00005000,25.2956,415.0074,185.3969
5379,51,10,0.1932,0.00005000,25.2163,409.9817,250.1855
5380,49,10,0.1930,0.00005000,24.9752,413.9985,261.9094
5381,47,9,0.1928,0.00005000,14.1975,396.2568,168.6042
5382,101,16,0.1927,0.00005000,24.9226,424.1679,158.3925
5383,103,13,0.1925,0.00005000,26.5079,409.8349,225.4381
5384,109,15,0.1924,0.00005000,18.6098,396.8916,229.0138
5385,59,12,0.1923,0.00005000,30.7599,413.6947,147.9244
5386,99,14,0.1921,0.00005000,25.3491,399.1807,179.2591
5387,48,11,0.1919,0.00005000,18.8455,401.8968,215.1175
5388,24,6,0.1918,0.00005000,22.2649,384.5523,158.6444
5389,53,9,0.1916,0.00005000,21.4486,401.4005,171.9520
5390,48,11,0.1915,0.00005000,20.6633,412.2456,139.0354
5391,188,24,0.1914,0.00005000,24.3855,418.1907,279.5101
5392,300,23,0.1912,0.00005000,20.8117,432.8875,177.1803
5393,32,8,0.1910,0.00005000,28.1849,407.8576,213.4108
5394,218,21,0.1909,0.00005000,18.0990,425.2284,195.9967
5395,152,18,0.1907,0.00005000,25.0587,405.8019,246.1060
5396,30,6,0.1906,0.00005000,29.7805,401.8796,128.4229
5397,38,10,0.1905,0.00005000,29.6006,415.7650,375.4314
5398,30,9,0.1903,0.00005000,27.4006,385.8097,336.3716
5399,42,11,0.1901,0.00005000,28.4206,408.9951,314.3063
5400,96,16,0.1900,0.00005000,24.8258,416.0802,170.7622
5401,53,10,0.1898,0.00005000,32.3285,393.6153,176.5939
5402,106,17,0.1897,0.00005000,25.9609,418.6086,134.4380
5403,40,13,0.1895,0.00005000,27.9455,406.2661,154.5215
5404,72,15,0.1894,0.00005000,28.1212,407.3826,163.6396
5405,490,32,0.1892,0.00005000,20.5384,432.9149,180.1250
5406,49,10,0.1891,0.00005000,29.8282,407.6493,278.6446
5407,77,12,0.1889,0.00005000,28.5098,410.9398,299.7595
5408,87,15,0.1888,0.00005000,22.4660,410.1513,184.4600
5409,681,25,0.1886,0.00005000,24.2177,407.7057,223.0506
5410,41,11,0.1885,0.00005000,27.3041,399.0298,178.0024
5411,88,14,0.1883,0.00005000,25.7744,421.2264,152.2956
5412,35,8,0.1882,0.00005000,14.1918,407.1545,189.2293
5413,136,16,0.1880,0.00005000,22.9625,404.1337,210.0373
5414,64,9,0.1879,0.00005000,18.7768,403.3746,191.4235
5415,172,22,0.1877,0.00005000,19.9488,391.6279,252.9445
5416,57,12,0.1876,0.00005000,23.7069,410.8016,241.4777
5417,45,8,0.1874,0.00005000,16.2314,401.9428,231.8023
5418,75,13,0.1873,0.00005000,24.4092,417.3506,152.8061
5419,41,10,0.1871,0.00005000,27.6480,401.4430,231.1134
5420,58,10,0.1870,0.00005000,18.2856,403.8395,287.1697
5421,40,10,0.1868,0.00005000,27.1753,419.5721,237.0651
5422,79,13,0.1867,0.00005000,23.6069,420.5585,225.7773
5423,273,27,0.1865,0.00005000,23.3910,411.7741,203.6268
5424,83,14,0.1864,0.00005000,22.2180,416.8788,169.1089
5425,43,11,0.1863,0.00005000,22.1664,415.3084,159.6088
5426,56,12,0.1861,0.00005000,25.9834,400.2734,199.6091
5427,172,21,0.1860,0.00005000,29.4535,402.5734,158.9344
5428,41,8,0.1858,0.00005000,29.3455,407.6209,245.5913
5429,39,10,0.1856,0.00005000,27.1935,416.3571,252.8090
5430,365,29,0.1855,0.00005000,22.8341,414.2170,202.3648
5431,39,10,0.1854,0.00005000,14.4579,421.6733,201.5427
5432,184,23,0.1852,0.00005000,27.2756,417.7186,158.2467
5433,166,21,0.1851,0.00005000,23.1537,422.1300,246.8615
5434,125,17,0.1849,0.00005000,26.9639,413.7585,217.6644
5435,32,7,0.1847,0.00005000,17.0143,410.9917,295.2797
5436,57,12,0.1846,0.00005000,31.2579,414.6407,151.1221
5437,39,10,0.1845,0.00005000,27.3912,408.7235,152.7701
5438,36,8,0.1843,0.00005000,16.8652,403.5031,182.4712
5439,75,13,0.1842,0.00005000,28.2229,409.2972,187.7557
5440,162,16,0.1840,0.00005000,31.3513,415.6890,135.0210
5441,81,16,0.1838,0.00005000,20.8774,418.6347,190.6435
5442,33,9,0.1837,0.00005000,21.0491,404.6051,162.3126
5443,86,14,0.1835,0.00005000,25.9597,415.6453,186.4912
5444,120,16,0.1834,0.00005000,21.9746,432.9141,177.6875
5445,53,12,0.1833,0.00005000,29.1785,424.6163,125.6074
5446,30,7,0.1831,0.00005000,17.0991,417.1244,136.0646
5447,26,8,0.1829,0.00005000,18.7240,405.1195,159.9646
5448,35,9,0.1828,0.00005000,27.4218,405.5871,171.0667
5449,131,18,0.1826,0.00005000,26.0870,412.2652,208.4316
5450,114,17,0.1825,0.00005000,19.8446,414.0005,220.5304
5451,126,18,0.1824,0.00005000,25.6416,414.1982,121.1824
5452,78,16,0.1822,0.00005000,21.8032,431.2560,177.2079
5453,48,10,0.1820,0.00005000,26.2265,391.9313,216.9241
5454,60,12,0.1819,0.00005000,21.1904,433.5569,190.5732
5455,122,15,0.1817,0.00005000,22.5826,405.0433,182.8488
5456,50,12,0.1816,0.00005000,25.0751,408.1503,205.1516
5457,91,14,0.1815,0.00005000,20.5176,420.1863,187.6009
5458,77,13,0.1813,0.00005000,21.3086,416.2642,159.4247
5459,113,14,0.1811,0.00005000,33.0721,419.2667,179.8246
5460,61,13,0.1810,0.00005000,28.6479,419.5401,189.9420
5461,50,10,0.1808,0.00005000,26.9280,421.0670,144.1506
5462,61,13,0.1807,0.00005000,31.2315,407.7439,189.8935
5463,27,7,0.1805,0.00005000,22.1571,414.6238,236.0317
5464,49,10,0.1804,0.00005000,24.1948,413.5585,283.9058
5465,55,11,0.1802,0.00005000,22.6840,424.1604,297.5178
5466,582,37,0.1801,0.00005000,29.6171,427.3228,162.8549
5467,41,11,0.1799,0.00005000,21.4476,434.4009,217.6332
5468,76,11,0.1798,0.00005000,16.4044,425.0862,184.4938
5469,25,8,0.1796,0.00005000,32.3750,402.6553,164.9361
5470,110,13,0.1795,0.00005000,29.7539,404.3642,242.7779
5471,373,26,0.1793,0.00005000,29.8082,408.8200,246.5433
5472,273,26,0.1792,0.00005000,20.4492,433.9252,221.7531
5473,267,20,0.1790,0.00005000,25.6378,429.1576,144.4187
5474,163,20,0.1789,0.00005000,29.1516,437.3373,230.3919
5475,67,14,0.1787,0.00005000,21.8292,420.3507,219.1525
5476,128,18,0.1786,0.00005000,22.6997,392.2424,215.5683
5477,120,15,0.1784,0.00005000,29.6546,404.8385,173.9829
5478,34,9,0.1783,0.00005000,21.4637,408.3079,165.5708
5479,164,16,0.1781,0.00005000,26.3719,417.3903,194.0788
5480,49,9,0.1780,0.00005000,28.0805,424.6929,134.7028
5481,54,11,0.1778,0.00005000,22.5200,416.3314,196.8086
5482,73,14,0.1777,0.00005000,23.2957,402.3415,214.1890
5483,185,20,0.1775,0.00005000,24.4780,431.6232,150.5773
5484,57,12,0.1774,0.00005000,23.7646,426.8869,143.9264
5485,77,12,0.1773,0.00005000,20.3210,412.8708,200.4588
5486,34,9,0.1771,0.00005000,26.8187,410.0409,195.0577
5487,80,12,0.1770,0.00005000,20.3583,412.6596,220.4477
5488,119,18,0.1768,0.00005000,24.4167,421.9841,170.7500
5489,33,9,0.1766,0.00005000,18.4092,432.1128,157.8725
5490,35,9,0.1765,0.00005000,21.5746,407.5340,175.3959
5491,158,20,0.1764,0.00005000,33.5973,425.7903,241.6341
5492,47,8,0.1762,0.00005000,21.4380,419.1443,114.9821
5493,34,8,0.1761,0.00005000,37.9266,403.8718,136.0389
5494,135,19,0.1759,0.00005000,22.7026,422.8545,175.4621
5495,119,13,0.1757,0.00005000,27.6083,401.4001,168.4911
5496,37,9,0.1756,0.00005000,16.6531,420.4479,237.3432
5497,27,7,0.1754,0.00005000,24.9636,411.2663,201.8652
5498,49,11,0.1753,0.00005000,25.3773,409.7207,198.7175
5499,464,22,0.1752,0.00005000,25.7639,429.6410,179.6850
5500,42,9,0.1750,0.00005000,23.7876,414.1350,184.2550
5501,51,10,0.1749,0.00005000,27.4440,409.5820,346.6787
5502,63,13,0.1747,0.00005000,26.8793,416.3923,241.2026
5503,91,15,0.1745,0.00005000,21.3632,407.5698,321.2491
5504,192,22,0.1744,0.00005000,27.9202,416.5169,241.6239
5505,55,12,0.1743,0.00005000,19.3990,427.4017,243.3458
5506,44,11,0.1741,0.00005000,24.4264,419.9540,367.6504
5507,94,17,0.1740,0.00005000,18.3123,416.2408,184.8937
5508,112,14,0.1738,0.00005000,30.8586,409.5220,203.1106
5509,235,21,0.1736,0.00005000,23.3629,419.7763,183.1755
5510,118,16,0.1735,0.00005000,23.1093,429.7487,203.0445
5511,125,17,0.1734,0.00005000,23.5294,419.4956,161.6596
5512,108,17,0.1732,0.00005000,25.8237,412.2849,232.8294
5513,57,13,0.1731,0.00005000,29.2714,429.6006,199.7512
5514,42,11,0.1729,0.00005000,19.7863,387.1233,103.2124
5515,49,11,0.1727,0.00005000,25.5750,408.3106,162.7824
5516,144,19,0.1726,0.00005000,20.4686,430.4159,187.3493
5517,36,10,0.1724,0.00005000,22.4077,422.3425,151.4336
5518,86,14,0.1723,0.00005000,26.8633,414.6361,157.2173
5519,41,10,0.1722,0.00005000,29.1772,403.8920,138.4031
5520,68,12,0.1720,0.00005000,24.4467,405.1296,148.1172
5521,39,11,0.1718,0.00005000,18.5521,400.8673,252.0389
5522,42,10,0.1717,0.00005000,30.2031,427.3032,149.8331
5523,56,13,0.1715,0.00005000,23.3441,438.4884,178.3464
5524,162,16,0.1714,0.00005000,24.2041,427.3631,164.2277
5525,34,10,0.1713,0.00005000,22.2275,428.4625,217.3168
5526,169,21,0.1711,0.00005000,25.3263,422.5080,191.5303
5527,171,19,0.1709,0.00005000,25.0363,421.2050,271.2763
5528,171,19,0.1708,0.00005000,22.4943,408.7446,230.7751
5529,42,11,0.1706,0.00005000,25.6716,403.8381,160.7303
5530,71,13,0.1705,0.00005000,27.5712,414.5222,224.8832
5531,28,8,0.1704,0.00005000,20.5951,400.4807,145.1902
5532,60,12,0.1702,0.00005000,31.9501,427.1381,165.4434
5533,85,14,0.1700,0.00005000,24.0739,405.9198,206.9862
5534,53,11,0.1699,0.00005000,31.1794,422.1513,166.0350
5535,36,9,0.1697,0.00005000,19.0126,427.2746,210.1555
5536,62,12,0.1696,0.00005000,35.0087,428.7260,116.9289
5537,163,14,0.1694,0.00005000,27.9417,393.9599,178.2391
5538,268,24,0.1693,0.00005000,28.8473,433.7229,276.4691
5539,209,20,0.1691,0.00005000,23.1020,434.9129,213.7786
5540,595,32,0.1690,0.00005000,27.9062,443.2175,202.6783
5541,56,11,0.1688,0.00005000,27.7827,424.5211,276.8126
5542,113,18,0.1687,0.00005000,22.6682,446.7438,213.8248
5543,59,11,0.1685,0.00005000,24.2453,410.6593,176.2813
5544,98,11,0.1684,0.00005000,24.5759,404.7422,130.1676
5545,35,8,0.1683,0.00005000,17.3894,409.4905,188.1995
5546,52,10,0.1681,0.00005000,24.1498,407.2775,172.1897
5547,97,16,0.1680,0.00005000,26.9703,428.6402,194.9851
5548,61,12,0.1678,0.00005000,22.9527,426.1779,282.5704
5549,100,21,0.1677,0.00005000,20.7657,427.6215,161.6340
5550,62,11,0.1675,0.00005000,16.4316,430.1321,229.7306
5551,52,10,0.1673,0.00005000,34.8486,395.2883,181.5436
5552,659,27,0.1672,0.00005000,29.3794,434.8668,179.5995
5553,28,7,0.1671,0.00005000,21.6731,426.4271,219.8309
5554,216,16,0.1669,0.00005000,22.2785,426.9410,234.9328
5555,39,11,0.1668,0.00005000,22.6627,426.5525,167.9639
5556,34,9,0.1666,0.00005000,25.3910,442.3596,172.5624
5557,40,9,0.1664,0.00005000,27.9661,433.5094,237.9196
5558,36,8,0.1663,0.00005000,25.6286,406.5592,159.9701
5559,42,9,0.1662,0.00005000,29.0922,417.2777,191.6660
5560,40,10,0.1660,0.00005000,19.0442,404.9357,144.8599
5561,226,17,0.1659,0.00005000,27.0397,417.3037,302.9219
5562,84,15,0.1657,0.00005000,25.1733,404.7114,169.3055
5563,159,15,0.1655,0.00005000,23.8983,428.5369,184.6705
5564,173,18,0.1654,0.00005000,31.1450,420.9111,219.7782
5565,219,23,0.1653,0.00005000,30.9715,439.7412,282.2950
5566,159,14,0.1651,0.00005000,29.2753,416.8436,223.7686
5567,127,19,0.1650,0.00005000,23.6281,424.9160,176.9811
5568,50,11,0.1648,0.00005000,31.9515,427.8268,223.6937
5569,38,10,0.1646,0.00005000,18.8044,417.1992,216.3747
5570,67,12,0.1645,0.00005000,26.1932,422.5290,194.9591
5571,163,16,0.1643,0.00005000,27.1179,435.5017,201.4911
5572,48,10,0.1642,0.00005000,22.9096,430.6606,235.5205
5573,733,37,0.1641,0.00005000,28.2702,420.2413,170.1352
5574,100,16,0.1639,0.00005000,26.7258,442.7742,296.5393
5575,296,19,0.1637,0.00005000,21.9902,427.9725,172.0362
5576,42,10,0.1636,0.00005000,26.6864,421.7538,185.7842
5577,62,10,0.1634,0.00005000,28.3956,408.0318,206.0903
5578,39,11,0.1633,0.00005000,31.0113,433.8261,145.0823
5579,69,13,0.1632,0.00005000,26.1806,422.3202,183.1784
5580,59,13,0.1630,0.00005000,27.6210,428.6073,187.9091
5581,37,9,0.1628,0.00005000,25.2163,432.3614,127.1839
5582,79,12,0.1627,0.00005000,21.4265,445.8373,199.2012
5583,34,8,0.1625,0.00005000,14.6994,404.6727,176.7762
5584,367,20,0.1624,0.00005000,25.3366,449.6329,339.9329
5585,74,13,0.1623,0.00005000,29.7172,424.2928,284.1371
5586,270,26,0.1621,0.00005000,25.4538,439.9374,315.5424
5587,173,19,0.1619,0.00005000,23.0529,445.1266,223.7596
5588,39,11,0.1618,0.00005000,23.4450,444.6601,186.3811
5589,119,15,0.1616,0.00005000,27.4475,441.7078,165.7043
5590,115,15,0.1615,0.00005000,23.0306,430.7164,164.8424
5591,39,10,0.1613,0.00005000,26.2187,443.6717,183.3411
5592,92,14,0.1612,0.00005000,26.1659,415.8927,182.9116
5593,100,16,0.1610,0.00005000,22.1611,423.9657,176.7024
5594,52,11,0.1609,0.00005000,24.7728,416.3178,224.5619
5595,54,12,0.1607,0.00005000,28.8159,439.8402,315.4423
5596,33,9,0.1606,0.00005000,26.0421,419.6596,303.8425
5597,227,23,0.1604,0.00005000,33.4772,415.9902,297.7402
5598,80,13,0.1603,0.00005000,29.4437,402.9904,219.9786
5599,49,9,0.1601,0.00005000,22.5352,437.4417,192.3560
5600,53,12,0.1600,0.00005000,27.2652,419.4127,212.9828
5601,54,10,0.1598,0.00005000,27.9450,412.2057,311.2406
5602,62,13,0.1597,0.00005000,33.5089,427.7862,178.6843
5603,92,12,0.1595,0.00005000,24.4015,438.3909,237.8282
5604,112,15,0.1594,0.00005000,25.8202,429.6078,257.8570
5605,34,8,0.1593,0.00005000,16.2787,411.5934,202.0265
5606,233,26,0.1591,0.00005000,22.6341,430.2475,202.0513
5607,43,8,0.1590,0.00005000,24.9384,404.2289,260.1298
5608,135,15,0.1588,0.00005000,25.5384,421.5346,276.8948
5609,36,10,0.1587,0.00005000,29.8035,429.1813,205.9931
5610,54,11,0.1585,0.00005000,33.8469,426.0101,181.4670
5611,179,19,0.1583,0.00005000,23.2856,438.5103,192.0952
5612,31,8,0.1582,0.00005000,24.4193,424.1654,187.4469
5613,103,15,0.1581,0.00005000,19.8108,425.3411,203.7816
5614,59,11,0.1579,0.00005000,26.6668,435.8994,197.0951
5615,150,15,0.1578,0.00005000,23.5674,442.5050,249.2711
5616,159,23,0.1576,0.00005000,25.9106,430.3654,210.9878
5617,60,13,0.1574,0.00005000,23.6283,444.3951,167.5946
5618,277,27,0.1573,0.00005000,26.4178,424.9476,206.8748
5619,108,14,0.1572,0.00005000,33.6037,423.8344,150.6301
5620,135,14,0.1570,0.00005000,30.7178,443.9919,146.4711
5621,172,18,0.1569,0.00005000,25.6391,439.6814,208.2252
5622,129,18,0.1567,0.00005000,21.4022,420.4880,181.9493
5623,70,12,0.1565,0.00005000,19.6888,426.2583,230.7907
5624,98,16,0.1564,0.00005000,23.5255,449.1078,254.1625
5625,293,28,0.1562,0.00005000,25.1679,431.7616,195.1312
5626,34,8,0.1561,0.00005000,28.6186,428.6300,163.2596
5627,28,7,0.1560,0.00005000,25.3205,414.9822,267.5327
5628,101,15,0.1558,0.00005000,30.3146,416.2845,176.0006
5629,123,15,0.1556,0.00005000,25.1155,441.4618,262.9768
5630,26,6,0.1555,0.00005000,22.1021,410.4181,203.3549
5631,30,9,0.1553,0.00005000,20.0906,422.2630,179.2813
5632,54,9,0.1552,0.00005000,28.5294,434.3934,197.0277
5633,29,7,0.1551,0.00005000,18.8415,411.4101,99.5724
5634,43,12,0.1549,0.00005000,28.8195,440.1849,187.8807
5635,38,9,0.1547,0.00005000,35.1182,411.2644,268.3791
5636,97,16,0.1546,0.00005000,25.4100,436.1617,269.5898
5637,75,14,0.1544,0.00005000,24.2643,402.3524,282.2783
5638,56,10,0.1543,0.00005000,31.6414,433.2336,294.4244
5639,117,14,0.1542,0.00005000,26.2804,426.1032,259.2532
5640,51,13,0.1540,0.00005000,31.2025,450.6020,218.8691
5641,274,25,0.1538,0.00005000,24.6975,430.5511,222.3061
5642,332,29,0.1537,0.00005000,22.2134,396.1065,234.0182
5643,27,8,0.1535,0.00005000,17.2546,425.5998,433.7248
5644,124,17,0.1534,0.00005000,24.4232,432.5799,221.4399
5645,79,13,0.1532,0.00005000,30.4660,434.1546,229.3103
5646,114,17,0.1531,0.00005000,25.8017,407.5479,182.3912
5647,65,11,0.1529,0.00005000,28.1263,430.6892,176.9278
5648,540,35,0.1528,0.00005000,21.8891,389.3178,161.5511
5649,125,16,0.1526,0.00005000,18.9530,440.9340,157.5138
5650,57,13,0.1525,0.00005000,25.6673,440.7609,161.8129
5651,60,15,0.1523,0.00005000,20.2901,447.3099,239.7606
5652,56,13,0.1522,0.00005000,28.5720,426.1635,158.4706
5653,35,9,0.1520,0.00005000,30.6658,425.0822,129.2362
5654,116,14,0.1519,0.00005000,21.9160,425.4306,207.8194
5655,106,16,0.1517,0.00005000,23.9570,435.9616,224.8702
5656,1068,39,0.1516,0.00005000,24.0340,452.1343,199.8553
5657,103,16,0.1514,0.00005000,21.3753,409.1879,181.9248
5658,112,15,0.1513,0.00005000,23.8950,433.3396,239.2989
5659,120,18,0.1511,0.00005000,25.7174,432.8559,202.1966
5660,85,14,0.1510,0.00005000,28.7253,416.8409,312.4709
5661,59,14,0.1508,0.00005000,26.8336,440.1803,205.1216
5662,66,10,0.1507,0.00005000,28.5004,400.7003,194.7689
5663,58,11,0.1505,0.00005000,28.4088,432.0770,167.0693
5664,114,12,0.1504,0.00005000,27.8549,407.9509,256.5485
5665,43,12,0.1502,0.00005000,26.4986,431.4131,191.7585
5666,36,11,0.1501,0.00005000,19.7028,423.0903,165.9272
5667,77,12,0.1500,0.00005000,27.4876,418.3736,236.7705
5668,76,14,0.1498,0.00005000,25.3890,401.0215,153.4185
5669,54,10,0.1497,0.00005000,24.0338,442.6042,179.0623
5670,119,15,0.1495,0.00005000,23.6064,445.1504,180.1204
5671,168,18,0.1493,0.00005000,23.5210,431.0836,183.8712
5672,80,13,0.1492,0.00005000,23.7161,433.2943,210.4820
5673,178,22,0.1491,0.00005000,19.8681,441.4783,167.0526
5674,117,17,0.1489,0.00005000,30.0293,437.0675,178.7812
5675,207,21,0.1488,0.00005000,26.9346,414.3874,164.0845
5676,572,27,0.1486,0.00005000,25.5960,415.2908,211.5041
5677,361,27,0.1484,0.00005000,25.5211,437.0920,210.7568
5678,158,18,0.1483,0.00005000,22.6549,434.2896,174.6254
5679,46,9,0.1482,0.00005000,22.5340,436.0051,145.4743
5680,123,15,0.1480,0.00005000,22.2356,429.2471,227.3460
5681,35,10,0.1479,0.00005000,20.7663,442.9118,159.5784
5682,34,8,0.1477,0.00005000,24.8299,423.6421,228.2033
5683,83,13,0.1475,0.00005000,29.2838,432.9656,295.0475
5684,124,15,0.1474,0.00005000,25.0012,429.3790,265.1515
5685,244,23,0.1472,0.00005000,22.1660,430.8165,166.4131
5686,229,20,0.1471,0.00005000,24.5848,430.1712,192.0350
5687,85,13,0.1470,0.00005000,27.0624,436.9147,190.0907
5688,41,10,0.1468,0.00005000,27.9890,427.1105,208.8116
5689,274,26,0.1466,0.00005000,29.6603,446.9634,223.3867
5690,104,16,0.1465,0.00005000,26.2318,441.2157,303.8545
5691,77,13,0.1463,0.00005000,19.1840,446.2605,148.2195
5692,116,15,0.1462,0.00005000,29.4393,414.4524,184.1863
5693,67,12,0.1461,0.00005000,23.5966,434.1236,180.0213
5694,57,11,0.1459,0.00005000,33.1616,436.7448,230.5737
5695,37,10,0.1457,0.00005000,30.3131,412.7970,146.2068
5696,35,9,0.1456,0.00005000,25.1154,432.2189,247.6056
5697,42,9,0.1454,0.00005000,23.7225,442.0627,223.2280
5698,360,28,0.1453,0.00005000,21.9642,434.3928,163.5468
5699,204,25,0.1452,0.00005000,23.8929,433.0699,192.4178
5700,364,24,0.1450,0.00005000,19.4398,435.3625,182.4346
5701,212,23,0.1448,0.00005000,24.4773,423.9189,221.9389
5702,222,21,0.1447,0.00005000,25.0966,436.4323,165.8622
5703,86,14,0.1445,0.00005000,31.6277,431.4671,207.2103
5704,169,17,0.1444,0.00005000,24.3273,442.3573,217.5000
5705,40,9,0.1442,0.00005000,35.4640,396.5425,169.8121
5706,162,14,0.1441,0.00005000,27.5801,424.3542,200.8856
5707,92,11,0.1439,0.00005000,25.3601,425.0725,159.2868
5708,374,32,0.1438,0.00005000,22.7733,424.1530,177.8234
5709,216,24,0.1436,0.00005000,31.0267,438.5727,151.1669
5710,460,26,0.1435,0.00005000,23.5370,473.1678,240.2532
5711,250,24,0.1433,0.00005000,26.0077,445.5947,211.7018
5712,91,13,0.1432,0.00005000,30.2064,439.0626,192.6291
5713,19,5,0.1430,0.00005000,15.6124,409.5483,279.4285
5714,446,30,0.1429,0.00005000,23.8359,424.1154,177.8702
5715,779,41,0.1427,0.00005000,25.4936,459.2311,290.1225
5716,58,13,0.1426,0.00005000,23.9803,451.2802,322.7489
5717,44,9,0.1424,0.00005000,23.1598,445.6817,214.0371
5718,79,13,0.1423,0.00005000,21.7943,414.0967,212.8072
5719,37,9,0.1421,0.00005000,30.5715,445.2440,195.2411
5720,59,14,0.1420,0.00005000,26.7480,449.8055,179.6411
5721,33,10,0.1418,0.00005000,24.9863,431.0960,151.4096
5722,35,9,0.1417,0.00005000,26.3509,443.5341,167.6102
5723,120,18,0.1415,0.00005000,28.0257,448.1562,172.9130
5724,351,32,0.1414,0.00005000,28.2467,443.9351,198.2646
5725,38,10,0.1412,0.00005000,28.0680,424.8880,321.8509
5726,63,13,0.1411,0.00005000,26.3877,424.2846,172.3319
5727,55,10,0.1410,0.00005000,23.3277,417.2530,190.8691
5728,92,14,0.1408,0.00005000,29.4297,455.5256,208.9463
5729,195,20,0.1407,0.00005000,23.2833,433.1180,164.8909
5730,110,18,0.1405,0.00005000,25.9301,451.4282,212.0164
5731,29,7,0.1403,0.00005000,29.6540,425.5424,187.0530
5732,59,13,0.1402,0.00005000,26.2816,430.9690,153.8907
5733,98,14,0.1401,0.00005000,26.7715,403.6776,243.9903
5734,228,18,0.1399,0.00005000,28.3354,434.2132,226.7666
5735,126,16,0.1398,0.00005000,25.3218,440.0993,140.8359
5736,39,10,0.1396,0.00005000,29.7348,451.8501,169.8616
5737,32,7,0.1394,0.00005000,25.1691,432.4651,162.9019
5738,58,12,0.1393,0.00005000,29.6537,422.6246,332.2502
5739,33,8,0.1391,0.00005000,27.6043,419.7449,291.2343
5740,84,14,0.1390,0.00005000,24.6039,452.5377,212.2566
5741,120,14,0.1389,0.00005000,27.6077,394.6395,122.9928
5742,192,20,0.1387,0.00005000,24.8351,428.3290,166.4377
5743,59,12,0.1385,0.00005000,30.5913,429.3433,239.2398
5744,1230,46,0.1384,0.00005000,26.7552,440.7519,189.3514
5745,223,25,0.1382,0.00005000,27.9021,424.4986,212.9199
5746,34,8,0.1381,0.00005000,29.5307,451.9115,249.4212
5747,248,22,0.1380,0.00005000,28.5809,438.7816,155.4239
5748,92,13,0.1378,0.00005000,25.1634,436.1684,143.7742
5749,207,22,0.1376,0.00005000,27.2041,439.4135,202.0333
5750,35,8,0.1375,0.00005000,29.5849,438.0391,245.3038
5751,33,8,0.1373,0.00005000,19.8754,429.3742,239.4944
5752,38,9,0.1372,0.00005000,20.9952,424.1551,249.4920
5753,32,8,0.1371,0.00005000,25.4035,418.2411,145.5698
5754,141,19,0.1369,0.00005000,27.8412,430.2469,202.1617
5755,102,13,0.1368,0.00005000,19.6555,438.8768,168.5414
5756,142,17,0.1366,0.00005000,23.7479,436.7395,198.8656
5757,85,15,0.1364,0.00005000,23.5083,451.2984,162.4000
5758,82,12,0.1363,0.00005000,20.8130,444.5131,159.3191
5759,61,13,0.1361,0.00005000,26.7690,451.0503,204.2349
5760,57,12,0.1360,0.00005000,28.4849,445.5008,158.6733
5761,168,19,0.1359,0.00005000,28.1836,461.6492,315.5121
5762,297,21,0.1357,0.00005000,22.3110,452.1424,184.5442
5763,62,13,0.1355,0.00005000,28.3692,446.5903,189.2310
5764,55,10,0.1354,0.00005000,23.8242,419.1372,152.7910
5765,65,13,0.1352,0.00005000,26.4827,441.7640,147.2550
5766,80,13,0.1351,0.00005000,23.9048,433.7834,238.1097
5767,161,18,0.1350,0.00005000,23.8811,433.2972,168.3871
5768,45,11,0.1348,0.00005000,30.0438,432.5277,310.2389
5769,218,29,0.1346,0.00005000,24.6168,436.3783,144.2854
5770,56,10,0.1345,0.00005000,29.9397,417.1163,203.9491
5771,135,16,0.1343,0.00005000,23.2389,429.9639,210.4658
5772,62,14,0.1342,0.00005000,26.2582,448.7027,187.3113
5773,56,12,0.1341,0.00005000,23.9162,428.3025,183.4768
5774,73,14,0.1339,0.00005000,29.3793,439.9547,235.4480
5775,72,13,0.1337,0.00005000,20.2822,457.7322,163.3085
5776,99,15,0.1336,0.00005000,23.3883,422.1662,230.8824
5777,87,14,0.1334,0.00005000,23.4234,436.3323,262.2153
5778,92,13,0.1333,0.00005000,28.5514,439.9425,164.0823
5779,384,33,0.1331,0.00005000,28.4164,443.9181,236.8140
5780,131,18,0.1330,0.00005000,25.8441,450.9814,205.3912
5781,98,16,0.1328,0.00005000,23.8558,446.9750,197.3555
5782,34,9,0.1327,0.00005000,29.8261,429.8626,175.9910
5783,38,10,0.1325,0.00005000,28.7266,439.9936,204.9344
5784,37,10,0.1324,0.00005000,20.4850,439.0848,206.9203
5785,47,9,0.1322,0.00005000,21.8133,415.5283,229.1383
5786,116,14,0.1321,0.00005000,28.0878,433.6870,234.3563
5787,297,20,0.1320,0.00005000,30.7059,434.1636,111.9291
5788,76,12,0.1318,0.00005000,20.3076,430.4105,244.9833
5789,104,15,0.1317,0.00005000,29.6589,447.6289,217.4578
5790,230,18,0.1315,0.00005000,21.0428,440.7561,229.0300
5791,289,20,0.1314,0.00005000,27.8061,437.5623,252.7388
5792,34,8,0.1312,0.00005000,29.5972,420.3710,195.1723
5793,163,19,0.1310,0.00005000,22.1908,439.0646,197.6182
5794,61,14,0.1309,0.00005000,30.0216,439.6749,221.3461
5795,113,12,0.1308,0.00005000,21.6963,422.3423,270.1340
5796,40,10,0.1306,0.00005000,20.6533,430.1249,165.7880
5797,32,8,0.1305,0.00005000,27.3312,427.8981,155.1209
5798,59,11,0.1303,0.00005000,26.5747,435.9387,196.4643
5799,54,12,0.1301,0.00005000,25.3152,455.1114,300.9969
5800,39,10,0.1300,0.00005000,25.6378,428.8095,300.6856
5801,169,17,0.1299,0.00005000,24.4848,456.8136,198.7493
5802,437,21,0.1297,0.00005000,24.7539,441.9229,144.7517
5803,45,11,0.1296,0.00005000,35.2114,440.8520,160.9161
5804,33,9,0.1294,0.00005000,20.5547,449.9985,257.7830
5805,54,10,0.1292,0.00005000,28.1904,431.4486,156.0358
5806,127,14,0.1291,0.00005000,23.9695,426.9043,234.2122
5807,124,16,0.1290,0.00005000,24.7274,410.0063,228.9873
5808,189,18,0.1288,0.00005000,23.6327,433.4048,165.2180
5809,79,13,0.1287,0.00005000,22.5884,428.6224,136.6781
5810,69,9,0.1285,0.00005000,17.9826,407.2298,162.7706
5811,195,21,0.1283,0.00005000,22.3056,437.7487,158.0921
5812,145,17,0.1282,0.00005000,24.4444,424.7648,167.7735
5813,278,28,0.1280,0.00005000,26.1185,443.6451,162.7777
5814,26,5,0.1279,0.00005000,29.8073,431.0766,211.9540
5815,74,10,0.1278,0.00005000,25.3131,422.8506,116.8547
5816,100,15,0.1276,0.00005000,25.3449,436.8597,148.9137
5817,47,11,0.1274,0.00005000,29.9450,429.3815,211.4811
5818,38,9,0.1273,0.00005000,25.1546,429.1573,225.9858
5819,76,12,0.1271,0.00005000,21.1931,449.4073,163.3510
5820,56,12,0.1270,0.00005000,24.1486,441.3646,152.9682
5821,35,8,0.1269,0.00005000,24.1585,420.6511,174.1941
5822,98,14,0.1267,0.00005000,21.8719,394.4035,290.9959
5823,243,22,0.1265,0.00005000,28.8154,441.7612,220.2270
5824,29,6,0.1264,0.00005000,34.7124,414.1598,141.6738
5825,57,13,0.1262,0.00005000,33.4477,444.6342,172.3859
5826,48,8,0.1261,0.00005000,16.5311,442.0614,153.9974
5827,105,16,0.1260,0.00005000,28.4776,451.8206,140.1340
5828,349,20,0.1258,0.00005000,21.9087,443.3884,168.4406
5829,37,9,0.1256,0.00005000,20.5482,450.1757,144.9639
5830,163,18,0.1255,0.00005000,26.8018,441.7193,256.9410
5831,88,15,0.1253,0.00005000,26.0979,448.5996,167.6458
5832,378,22,0.1252,0.00005000,22.9026,445.6566,254.8943
5833,112,12,0.1250,0.00005000,23.7706,444.0341,173.5599
5834,154,18,0.1249,0.00005000,26.2713,472.8173,173.1648
5835,88,14,0.1247,0.00005000,26.8738,423.7321,173.2816
5836,74,16,0.1246,0.00005000,16.8733,432.1153,181.9279
5837,118,14,0.1244,0.00005000,25.2583,450.3615,220.4438
5838,173,18,0.1243,0.00005000,28.9372,428.2926,172.4723
5839,142,18,0.1241,0.00005000,25.9098,430.9592,196.4818
5840,164,14,0.1240,0.00005000,27.7471,431.1598,273.9502
5841,35,11,0.1238,0.00005000,31.1183,420.1591,280.4037
5842,105,15,0.1237,0.00005000,17.4610,441.2340,228.9489
5843,62,13,0.1235,0.00005000,26.0088,431.6286,177.0657
5844,285,19,0.1234,0.00005000,32.0179,438.6418,201.9603
5845,52,10,0.1232,0.00005000,21.5501,454.3337,256.9974
5846,134,17,0.1231,0.00005000,30.8323,447.3069,245.5176
5847,99,14,0.1230,0.00005000,28.9775,443.2665,236.7880
5848,125,15,0.1228,0.00005000,25.1868,449.6292,168.8842
5849,50,11,0.1227,0.00005000,20.0334,451.2430,160.6095
5850,118,13,0.1225,0.00005000,22.3138,459.7174,214.0157
5851,138,17,0.1224,0.00005000,21.0441,440.1473,175.3656
5852,39,10,0.1222,0.00005000,21.8838,454.8267,270.0923
5853,102,17,0.1220,0.00005000,18.8430,454.6296,203.2029
5854,71,13,0.1219,0.00005000,26.1457,414.7337,289.8821
5855,86,14,0.1218,0.00005000,30.9162,444.4800,177.7293
5856,117,14,0.1216,0.00005000,30.1247,456.4063,231.9906
5857,104,16,0.1215,0.00005000,21.3771,460.0224,168.5232
5858,105,17,0.1213,0.00005000,27.9631,449.8706,217.8252
5859,65,14,0.1211,0.00005000,20.7271,441.9194,182.8907
5860,173,19,0.1210,0.00005000,27.2472,441.8438,184.1968
5861,456,26,0.1209,0.00005000,26.4355,475.6141,208.4655
5862,166,16,0.1207,0.00005000,20.7575,437.6986,174.1310
5863,55,10,0.1206,0.00005000,26.5080,445.1257,189.9648
5864,289,29,0.1204,0.00005000,24.1894,438.5618,230.2374
5865,79,11,0.1202,0.00005000,28.5679,451.4427,199.1765
5866,57,12,0.1201,0.00005000,27.3033,424.7322,223.9953
5867,29,7,0.1200,0.00005000,27.0353,424.5684,217.5218
5868,65,11,0.1198,0.00005000,30.3364,430.8159,192.9901
5869,36,8,0.1197,0.00005000,24.1252,402.4439,214.5310
5870,59,12,0.1195,0.00005000,29.7993,458.0989,171.0377
5871,125,15,0.1193,0.00005000,21.3598,451.0311,264.3292
5872,93,16,0.1192,0.00005000,22.7430,440.8336,135.5234
5873,191,21,0.1190,0.00005000,28.4880,435.9034,166.2822
5874,57,11,0.1189,0.00005000,24.9418,449.0196,188.5863
5875,76,15,0.1188,0.00005000,27.3830,446.4436,199.9187
5876,74,11,0.1186,0.00005000,20.9605,432.1655,182.9570
5877,665,30,0.1184,0.00005000,22.8546,458.0355,202.8528
5878,714,32,0.1183,0.00005000,28.1780,446.6281,177.3596
5879,56,12,0.1181,0.00005000,29.8345,434.2115,127.7642
5880,117,18,0.1180,0.00005000,25.8175,470.9589,157.4321
5881,31,8,0.1179,0.00005000,20.8549,439.8344,167.2673
5882,223,25,0.1177,0.00005000,25.8933,459.5798,218.5206
5883,57,12,0.1175,0.00005000,29.6209,459.0641,161.2796
5884,155,19,0.1174,0.00005000,24.2566,445.0930,187.0342
5885,35,9,0.1172,0.00005000,16.8831,394.8411,138.6572
5886,156,14,0.1171,0.00005000,31.7607,446.7930,224.5488
5887,54,13,0.1169,0.00005000,20.8004,464.6185,230.8054
5888,297,20,0.1168,0.00005000,26.9082,466.4722,240.5523
5889,88,14,0.1166,0.00005000,24.8343,458.7294,234.4993
5890,295,22,0.1165,0.00005000,30.8057,458.7511,230.9068
5891,77,12,0.1163,0.00005000,26.7103,448.4397,184.2672
5892,95,13,0.1162,0.00005000,24.0597,432.0253,170.7590
5893,174,20,0.1160,0.00005000,23.6207,469.6558,233.8447
5894,73,11,0.1159,0.00005000,25.6341,453.7018,204.8433
5895,39,9,0.1157,0.00005000,21.7208,436.1273,193.2117
5896,126,18,0.1156,0.00005000,22.3594,468.1146,231.6127
5897,165,23,0.1154,0.00005000,23.4143,452.8423,149.4791
5898,387,25,0.1153,0.00005000,24.8879,448.1935,180.4853
5899,26,6,0.1151,0.00005000,20.0593,437.5508,172.1146
5900,47,9,0.1150,0.00005000,21.8440,441.5448,184.9737
5901,30,8,0.1148,0.00005000,17.3305,444.8126,351.1503
5902,35,7,0.1147,0.00005000,23.0141,438.9257,205.4285
5903,62,13,0.1145,0.00005000,28.6764,452.6372,203.7475
5904,82,14,0.1144,0.00005000,22.9245,449.6283,204.2502
5905,77,12,0.1142,0.00005000,22.9973,447.5598,198.0931
5906,101,14,0.1141,0.00005000,26.0544,466.3968,225.4415
5907,227,19,0.1139,0.00005000,25.4594,430.5165,224.9727
5908,247,21,0.1138,0.00005000,24.5772,445.4070,196.7215
5909,41,13,0.1137,0.00005000,30.1952,459.0839,184.6805
5910,154,14,0.1135,0.00005000,29.0813,427.0636,149.0818
5911,52,11,0.1134,0.00005000,34.7365,440.7334,209.3031
5912,57,11,0.1132,0.00005000,23.6579,454.9768,288.1051
5913,108,17,0.1130,0.00005000,27.5888,445.7152,224.3922
5914,61,13,0.1129,0.00005000,29.5952,403.8421,194.5303
5915,171,21,0.1128,0.00005000,28.1732,456.1507,184.1899
5916,34,8,0.1126,0.00005000,30.7358,440.0827,185.8144
5917,162,20,0.1125,0.00005000,29.2296,448.7199,196.1325
5918,49,8,0.1123,0.00005000,35.5254,446.5797,321.9977
5919,53,11,0.1121,0.00005000,28.3693,427.5295,234.7148
5920,133,19,0.1120,0.00005000,29.6658,448.8038,220.6018
5921,55,10,0.1119,0.00005000,26.1486,451.6009,199.5200
5922,53,12,0.1117,0.00005000,28.5999,438.2697,276.7269
5923,39,9,0.1116,0.00005000,23.4495,445.3205,248.1491
5924,130,17,0.1114,0.00005000,27.9467,452.7588,301.4325
5925,118,15,0.1112,0.00005000,30.5032,446.4984,316.9818
5926,50,10,0.1111,0.00005000,24.6935,446.9663,250.7696
5927,43,10,0.1109,0.00005000,26.6048,457.0262,190.7222
5928,103,16,0.1108,0.00005000,26.3469,459.0368,235.7842
5929,23,6,0.1107,0.00005000,16.2102,433.5045,349.7558
5930,135,17,0.1105,0.00005000,29.4821,450.6340,259.4629
5931,53,11,0.1103,0.00005000,20.9398,439.1857,240.9524
5932,71,12,0.1102,0.00005000,27.1913,440.0435,301.8816
5933,60,13,0.1100,0.00005000,26.5754,437.5952,260.1989
5934,80,12,0.1099,0.00005000,21.6386,468.8375,178.5446
5935,30,8,0.1098,0.00005000,33.3926,412.7968,215.0474
5936,83,13,0.1096,0.00005000,33.8128,437.6294,209.0529
5937,38,10,0.1094,0.00005000,25.8944,450.0824,287.1484
5938,30,7,0.1093,0.00005000,28.6015,440.6559,197.5984
5939,29,7,0.1091,0.00005000,22.5558,437.9346,287.1854
5940,123,16,0.1090,0.00005000,21.6021,447.1879,263.6602
5941,363,20,0.1089,0.00005000,25.8216,463.4490,196.5731
5942,176,18,0.1087,0.00005000,26.8881,461.1165,177.3169
5943,34,8,0.1085,0.00005000,16.7534,455.3179,192.8236
5944,87,15,0.1084,0.00005000,27.7896,462.6741,199.1214
5945,80,13,0.1082,0.00005000,21.5936,462.8708,216.5285
5946,112,12,0.1081,0.00005000,24.6490,457.3266,156.5411
5947,296,22,0.1079,0.00005000,29.4744,427.4819,188.0183
5948,160,17,0.1078,0.00005000,29.2646,467.5074,280.6463
5949,33,9,0.1076,0.00005000,24.8171,464.5400,185.5181
5950,42,11,0.1075,0.00005000,24.8367,457.2503,245.6908
5951,117,14,0.1073,0.00005000,25.0290,476.7503,236.8637
5952,37,9,0.1072,0.00005000,43.3962,440.8993,228.5386
5953,32,8,0.1070,0.00005000,32.4814,445.9885,145.1647
5954,26,7,0.1069,0.00005000,29.5615,455.5553,136.2062
5955,161,22,0.1067,0.00005000,30.8193,460.4576,160.6789
5956,42,11,0.1066,0.00005000,26.0261,466.4000,232.3112
5957,31,8,0.1064,0.00005000,32.1184,465.8209,141.1857
5958,169,21,0.1063,0.00005000,32.0657,458.4759,200.5196
5959,548,23,0.1061,0.00005000,27.9023,469.9516,244.4867
5960,116,14,0.1060,0.00005000,26.4666,452.9204,217.6812
5961,115,16,0.1058,0.00005000,28.2483,458.6911,249.8468
5962,479,28,0.1057,0.00005000,27.4621,467.0717,252.6969
5963,49,10,0.1055,0.00005000,25.8053,457.4520,224.2921
5964,59,11,0.1054,0.00005000,31.1698,446.8695,161.4462
5965,59,12,0.1052,0.00005000,28.8137,451.3438,115.2671
5966,191,21,0.1051,0.00005000,25.4611,439.8586,180.4684
5967,30,7,0.1049,0.00005000,22.3466,447.1160,150.5266
5968,96,15,0.1048,0.00005000,29.4301,444.1187,249.4285
5969,41,7,0.1047,0.00005000,27.7499,450.5549,194.0559
5970,352,31,0.1045,0.00005000,24.0120,476.8619,192.2073
5971,227,20,0.1044,0.00005000,28.0241,452.5671,164.3084
5972,79,12,0.1042,0.00005000,26.2101,400.4407,226.6382
5973,287,21,0.1040,0.00005000,23.0312,448.2827,233.0953
5974,58,12,0.1039,0.00005000,24.6460,427.1561,216.6739
5975,144,18,0.1038,0.00005000,24.8695,464.7632,206.7398
5976,82,14,0.1036,0.00005000,27.1213,472.4032,337.5774
5977,157,13,0.1035,0.00005000,31.3116,449.7144,336.3838
5978,112,16,0.1033,0.00005000,24.1997,458.1965,207.2538
5979,52,10,0.1031,0.00005000,32.4457,448.9092,175.5979
5980,42,10,0.1030,0.00005000,23.5215,439.9313,206.9254
5981,35,9,0.1028,0.00005000,27.6255,466.1401,227.8983
5982,37,10,0.1027,0.00005000,27.8035,440.2359,235.2989
5983,56,11,0.1026,0.00005000,22.2030,472.4926,223.8505
5984,51,9,0.1024,0.00005000,22.1644,456.5628,135.4425
5985,86,15,0.1022,0.00005000,30.7837,461.4851,174.8542
5986,77,13,0.1021,0.00005000,26.9577,461.0008,193.8588
5987,106,17,0.1019,0.00005000,31.5102,453.3991,227.4054
5988,53,11,0.1018,0.00005000,21.4381,439.3557,181.7566
5989,130,17,0.1017,0.00005000,29.7030,463.9088,138.8924
5990,61,13,0.1015,0.00005000,28.4704,460.8426,156.8807
5991,160,17,0.1013,0.00005000,31.6664,421.4134,170.4652
5992,65,9,0.1012,0.00005000,28.2602,427.6566,261.1196
5993,35,8,0.1010,0.00005000,18.5867,434.2959,254.5781
5994,31,8,0.1009,0.00005000,19.3765,455.9068,172.2476
5995,84,14,0.1008,0.00005000,22.8538,417.7399,152.7247
5996,89,13,0.1006,0.00005000,23.4055,438.3351,131.6217
5997,37,9,0.1004,0.00005000,30.2556,435.2686,242.4758
5998,100,14,0.1003,0.00005000,25.0408,458.2752,186.6042
5999,37,8,0.1001,0.00005000,26.1590,429.1975,179.8559
6000,120,15,0.1000,0.00005000,28.6043,460.3535,137.7321
6001,223,25,0.1000,0.00005000,27.6911,450.8390,279.5567
6002,40,10,0.1000,0.00005000,22.0342,445.4178,182.4266
6003,165,16,0.1000,0.00005000,22.5150,464.9884,214.1105
6004,32,7,0.1000,0.00005000,25.7805,446.5140,195.0490
6005,42,8,0.1000,0.00005000,24.3288,450.9216,209.5151
6006,45,10,0.1000,0.00005000,30.0694,442.3830,123.4548
6007,174,21,0.1000,0.00005000,25.1862,469.6413,213.2394
6008,358,26,0.1000,0.00005000,28.5250,463.7663,227.1465
6009,34,8,0.1000,0.00005000,25.5280,454.2656,221.8342
6010,61,12,0.1000,0.00005000,25.2324,422.3193,232.7893
6011,119,14,0.1000,0.00005000,25.1648,426.7727,243.7876
6012,58,12,0.1000,0.00005000,27.1991,441.0082,198.7794
6013,141,18,0.1000,0.00005000,35.6780,447.1521,254.6796
6014,89,15,0.1000,0.00005000,24.7754,443.6076,210.6595
6015,77,14,0.1000,0.00005000,33.8116,428.5299,191.6028
6016,65,15,0.1000,0.00005000,26.5159,463.5287,233.4096
6017,296,22,0.1000,0.00005000,22.7273,475.8534,151.1583
6018,114,13,0.1000,0.00005000,27.5718,457.6074,171.9045
6019,163,19,0.1000,0.00005000,33.5153,456.5775,168.8415
6020,174,17,0.1000,0.00005000,22.5794,436.8009,230.3358
6021,292,18,0.1000,0.00005000,26.0510,427.6910,153.3451
6022,190,20,0.1000,0.00005000,24.7040,467.9372,185.5520
6023,136,18,0.1000,0.00005000,30.5935,442.6343,200.7772
6024,77,12,0.1000,0.00005000,25.0327,446.4794,157.6988
6025,56,11,0.1000,0.00005000,30.1517,457.9686,142.6175
6026,79,11,0.1000,0.00005000,24.3464,455.9459,221.2236
6027,96,14,0.1000,0.00005000,27.8119,442.1743,172.0760
6028,21,5,0.1000,0.00005000,25.7842,436.6339,169.7270
6029,121,14,0.1000,0.00005000,35.8411,459.4158,164.2468
6030,267,21,0.1000,0.00005000,27.5304,453.9517,209.9398
6031,44,9,0.1000,0.00005000,30.7630,464.7759,249.0327
6032,53,12,0.1000,0.00005000,34.0006,478.4908,176.6847
6033,223,18,0.1000,0.00005000,22.0592,467.5211,193.7341
6034,60,12,0.1000,0.00005000,27.0263,457.0452,119.6757
6035,32,9,0.1000,0.00005000,31.7219,453.3491,212.5694
6036,43,12,0.1000,0.00005000,21.6528,474.8927,183.2283
6037,128,17,0.1000,0.00005000,28.8471,433.6657,256.4697
6038,30,7,0.1000,0.00005000,29.0820,442.0545,167.6561
6039,76,14,0.1000,0.00005000,24.5819,469.7657,238.6602
6040,75,11,0.1000,0.00005000,22.6385,482.6949,183.8673
6041,49,9,0.1000,0.00005000,25.3602,455.6381,172.5633
6042,46,11,0.1000,0.00005000,26.7255,445.5023,179.9263
6043,162,15,0.1000,0.00005000,30.0118,440.8302,208.0335
6044,156,19,0.1000,0.00005000,25.6725,431.7395,175.7661
6045,74,12,0.1000,0.00005000,21.7237,421.4896,207.2786
6046,953,37,0.1000,0.00005000,24.3947,453.2970,240.7311
6047,170,19,0.1000,0.00005000,28.6766,427.6077,310.3541
6048,33,8,0.1000,0.00005000,26.3535,447.7380,254.5928
6049,639,36,0.1000,0.00005000,24.5205,441.9697,185.8038
6050,114,14,0.1000,0.00005000,34.3859,430.5414,250.7921
6051,36,9,0.1000,0.00005000,28.5063,448.0780,154.5517
6052,39,8,0.1000,0.00005000,27.2811,433.9269,215.4213
6053,79,14,0.1000,0.00005000,26.1380,439.1768,178.4378
6054,72,11,0.1000,0.00005000,30.3869,455.4532,198.1871
6055,398,24,0.1000,0.00005000,27.9807,465.8616,186.7879
6056,142,19,0.1000,0.00005000,27.8073,442.9662,134.0089
6057,49,10,0.1000,0.00005000,28.6862,445.4221,210.5531
6058,296,24,0.1000,0.00005000,21.9180,460.2372,213.7263
6059,169,16,0.1000,0.00005000,27.3018,467.6157,211.5168
6060,62,13,0.1000,0.00005000,26.8017,466.1798,235.8250
6061,217,16,0.1000,0.00005000,25.0089,446.7410,255.4649
6062,43,11,0.1000,0.00005000,21.0948,457.9953,179.7078
6063,518,36,0.1000,0.00005000,24.0504,473.0221,194.6655
6064,144,17,0.1000,0.00005000,25.8265,466.6997,191.1260
6065,97,13,0.1000,0.00005000,25.1415,443.2307,209.5801
6066,28,8,0.1000,0.00005000,30.8586,456.7886,172.5993
6067,104,15,0.1000,0.00005000,27.3336,470.7666,295.8199
6068,123,14,0.1000,0.00005000,23.6076,464.9558,197.0616
6069,301,22,0.1000,0.00005000,24.3559,457.1572,199.1613
6070,40,8,0.1000,0.00005000,28.8999,402.9918,247.7001
6071,42,11,0.1000,0.00005000,21.2306,474.1085,240.7899
6072,194,18,0.1000,0.00005000,33.1591,463.1489,277.9807
6073,39,10,0.1000,0.00005000,18.6804,441.5488,178.8200
6074,62,14,0.1000,0.00005000,28.7603,460.2956,188.4725
6075,50,8,0.1000,0.00005000,31.5070,436.5789,191.2284
6076,43,8,0.1000,0.00005000,28.5065,454.0220,352.2286
6077,56,13,0.1000,0.00005000,19.6014,461.1595,164.1781
6078,30,7,0.1000,0.00005000,29.2811,418.5746,290.9482
6079,120,15,0.1000,0.00005000,27.3902,457.3003,275.9084
6080,48,12,0.1000,0.00005000,33.5886,432.1516,294.0422
6081,548,32,0.1000,0.00005000,25.8313,467.8301,230.7585
6082,45,10,0.1000,0.00005000,27.5067,445.1561,139.8283
6083,273,23,0.1000,0.00005000,32.3974,456.8637,157.6732
6084,41,9,0.1000,0.00005000,27.2283,436.9402,176.5089
6085,29,7,0.1000,0.00005000,25.6188,431.6342,165.8950
6086,34,9,0.1000,0.00005000,28.1312,445.0591,121.8541
6087,43,9,0.1000,0.00005000,26.1704,457.0805,123.9284
6088,28,7,0.1000,0.00005000,24.4442,454.8439,193.1133
6089,38,9,0.1000,0.00005000,24.5595,434.2251,158.2317
6090,75,9,0.1000,0.00005000,21.5930,444.3396,174.5078
6091,93,16,0.1000,0.00005000,34.6745,464.4606,140.4473
6092,34,9,0.1000,0.00005000,28.0623,460.0687,267.4877
6093,55,11,0.1000,0.00005000,29.8849,438.8071,198.4905
6094,43,10,0.1000,0.00005000,27.6442,460.7103,195.3599
6095,68,10,0.1000,0.00005000,34.0112,445.6773,186.8485
6096,39,9,0.1000,0.00005000,38.4751,461.7424,150.3301
6097,105,17,0.1000,0.00005000,30.5052,454.5229,161.2068
6098,84,14,0.1000,0.00005000,28.5356,450.7189,205.2269
6099,34,7,0.1000,0.00005000,25.9918,439.5632,136.4347
6100,84,14,0.1000,0.00005000,32.2315,461.5514,260.5506
6101,63,14,0.1000,0.00005000,32.7113,464.2007,166.3625
6102,115,16,0.1000,0.00005000,26.2219,466.1619,174.8368
6103,41,11,0.1000,0.00005000,29.2282,460.5502,184.0584
6104,144,19,0.1000,0.00005000,26.7267,462.1213,229.7529
6105,33,9,0.1000,0.00005000,35.1794,467.2170,172.1781
6106,231,19,0.1000,0.00005000,27.9615,466.7831,262.6321
6107,88,14,0.1000,0.00005000,25.2914,470.9177,168.5469
6108,118,16,0.1000,0.00005000,31.5285,470.0854,137.2335
6109,56,13,0.1000,0.00005000,28.5990,470.3560,149.5956
6110,75,13,0.1000,0.00005000,33.0528,473.8439,183.4966
6111,47,8,0.1000,0.00005000,24.5081,442.7637,188.3798
6112,121,16,0.1000,0.00005000,21.5743,457.7861,175.2540
6113,80,15,0.1000,0.00005000,20.0063,452.0200,221.3288
6114,53,12,0.1000,0.00005000,28.1911,455.7750,164.3541
6115,39,9,0.1000,0.00005000,27.6475,472.6315,127.9795
6116,43,11,0.1000,0.00005000,44.8669,460.3234,233.1068
6117,92,16,0.1000,0.00005000,23.6222,471.2990,187.4181
6118,160,16,0.1000,0.00005000,33.8404,428.7665,248.3165
6119,160,17,0.1000,0.00005000,31.3336,478.0379,265.7267
6120,83,14,0.1000,0.00005000,32.0580,465.6965,241.6857
6121,43,11,0.1000,0.00005000,27.5809,456.0866,222.7043
6122,60,15,0.1000,0.00005000,19.3370,464.5124,204.4812
6123,31,7,0.1000,0.00005000,32.9250,446.7491,183.8647
6124,57,10,0.1000,0.00005000,31.9709,451.9258,209.7249
6125,57,11,0.1000,0.00005000,33.7069,457.8479,275.8246
6126,137,17,0.1000,0.00005000,28.1036,476.3259,299.9007
6127,55,11,0.1000,0.00005000,32.7265,443.3282,233.6256
6128,51,10,0.1000,0.00005000,32.3111,463.1474,167.0119
6129,118,17,0.1000,0.00005000,29.3766,456.7884,203.4618
6130,56,11,0.1000,0.00005000,33.5269,434.0613,197.8479
6131,130,16,0.1000,0.00005000,26.4240,481.5491,141.7481
6132,119,14,0.1000,0.00005000,20.6278,476.8913,248.2879
6133,75,13,0.1000,0.00005000,27.1552,451.1534,262.7956
6134,123,19,0.1000,0.00005000,25.1144,487.6895,156.8595
6135,163,14,0.1000,0.00005000,28.0332,453.7157,161.8457
6136,109,20,0.1000,0.00005000,25.8397,457.4335,203.4041
6137,263,19,0.1000,0.00005000,25.1814,476.4591,226.1049
6138,125,17,0.1000,0.00005000,26.4144,464.4729,191.2808
6139,244,21,0.1000,0.00005000,24.2705,455.3872,193.2912
6140,42,11,0.1000,0.00005000,27.7285,450.4442,213.9241
6141,38,11,0.1000,0.00005000,27.5559,472.1032,231.5683
6142,78,15,0.1000,0.00005000,29.1044,453.9318,214.7112
6143,36,10,0.1000,0.00005000,22.1198,454.4931,143.7385
6144,79,15,0.1000,0.00005000,22.2254,463.0180,141.3352
6145,101,17,0.1000,0.00005000,27.3748,476.3426,181.9032
6146,55,10,0.1000,0.00005000,31.3396,456.0830,175.1204
6147,241,25,0.1000,0.00005000,25.7579,465.7969,280.4067
6148,74,12,0.1000,0.00005000,26.9772,460.8516,206.6603
6149,577,40,0.1000,0.00005000,27.6089,464.9495,196.4976
6150,54,11,0.1000,0.00005000,22.9939,446.5801,181.5350
6151,84,13,0.1000,0.00005000,33.8365,446.5935,244.8597
6152,40,10,0.1000,0.00005000,35.6321,479.6979,380.2129
6153,83,12,0.1000,0.00005000,27.6759,463.2500,256.8377
6154,37,10,0.1000,0.00005000,27.5221,471.0817,357.8291
6155,168,18,0.1000,0.00005000,27.0232,436.6326,163.4651
6156,135,19,0.1000,0.00005000,29.7420,459.7839,220.5900
6157,39,7,0.1000,0.00005000,24.6477,442.0633,218.2649
6158,334,26,0.1000,0.00005000,28.2601,444.5493,217.3386
6159,34,9,0.1000,0.00005000,21.3702,468.0991,183.5403
6160,35,9,0.1000,0.00005000,37.2722,447.3975,196.6481
6161,121,15,0.1000,0.00005000,24.1148,483.9621,244.6418
6162,631,32,0.1000,0.00005000,25.2438,465.8480,249.0682
6163,60,13,0.1000,0.00005000,29.5277,457.7814,162.6366
6164,46,12,0.1000,0.00005000,26.6383,457.6272,206.3468
6165,27,7,0.1000,0.00005000,23.4387,448.4880,179.4557
6166,82,13,0.1000,0.00005000,28.4931,438.6793,150.5058
6167,62,14,0.1000,0.00005000,28.5443,465.3916,222.9377
6168,76,13,0.1000,0.00005000,29.7595,463.6429,142.9734
6169,115,14,0.1000,0.00005000,24.8019,459.5979,245.7076
6170,74,14,0.1000,0.00005000,31.0345,457.1165,250.7369
6171,58,12,0.1000,0.00005000,27.0834,476.7105,194.3663
6172,85,13,0.1000,0.00005000,27.4766,461.6298,156.1577
6173,34,7,0.1000,0.00005000,28.7610,430.9186,266.7186
6174,308,30,0.1000,0.00005000,28.8201,442.1465,174.4900
6175,35,9,0.1000,0.00005000,18.2344,427.3391,206.2155
6176,30,7,0.1000,0.00005000,31.5340,436.8834,208.9520
6177,58,11,0.1000,0.00005000,28.3281,449.5817,158.8801
6178,360,28,0.1000,0.00005000,32.8506,468.4200,225.4722
6179,249,22,0.1000,0.00005000,27.1106,441.1437,210.2854
6180,140,18,0.1000,0.00005000,26.2156,449.1599,212.7624
6181,51,13,0.1000,0.00005000,32.2743,445.8253,159.6593
6182,103,15,0.1000,0.00005000,28.8214,452.0565,180.0185
6183,302,28,0.1000,0.00005000,28.8587,456.1812,171.5531
6184,35,9,0.1000,0.00005000,30.0941,449.5215,216.6397
6185,73,12,0.1000,0.00005000,24.3638,425.1343,142.9673
6186,50,10,0.1000,0.00005000,24.0763,439.1076,202.2705
6187,41,11,0.1000,0.00005000,23.9877,436.8684,248.2077
6188,77,16,0.1000,0.00005000,27.8729,449.4002,252.5230
6189,137,18,0.1000,0.00005000,25.9261,455.9097,348.2375
6190,58,13,0.1000,0.00005000,23.4284,456.1509,339.7712
6191,55,11,0.1000,0.00005000,24.8058,445.1846,329.0811
6192,477,28,0.1000,0.00005000,25.1498,466.1978,206.8774
6193,54,12,0.1000,0.00005000,22.5833,452.3149,254.4296
6194,170,16,0.1000,0.00005000,25.2655,456.9971,175.3568
6195,75,12,0.1000,0.00005000,29.7836,451.9013,162.5809
6196,210,25,0.1000,0.00005000,28.3235,488.4892,238.7319
6197,56,11,0.1000,0.00005000,27.0595,442.7032,287.5959
6198,213,23,0.1000,0.00005000,28.7832,451.2599,217.8021
6199,27,7,0.1000,0.00005000,31.5929,441.7946,273.9610
6200,114,15,0.1000,0.00005000,32.3274,432.3175,224.6501
6201,129,16,0.1000,0.00005000,23.5118,447.0813,153.0599
6202,37,9,0.1000,0.00005000,22.9067,459.4156,196.2933
6203,133,20,0.1000,0.00005000,32.9854,457.9183,174.8854
6204,163,18,0.1000,0.00005000,22.7956,467.4119,130.8915
6205,75,11,0.1000,0.00005000,29.2367,445.3919,191.8820
6206,38,11,0.1000,0.00005000,31.1127,438.9949,281.0710
6207,69,11,0.1000,0.00005000,20.3104,462.1292,172.8728
6208,294,20,0.1000,0.00005000,24.2811,444.4284,234.0241
6209,35,9,0.1000,0.00005000,33.0201,473.7564,183.1385
6210,117,14,0.1000,0.00005000,39.7458,452.4647,258.2045
6211,58,12,0.1000,0.00005000,26.3763,456.2999,136.0631
6212,56,11,0.1000,0.00005000,24.2511,459.1254,158.9610
6213,255,20,0.1000,0.00005000,31.3817,462.3031,192.6317
6214,133,14,0.1000,0.00005000,25.0748,436.2561,212.4898
6215,780,43,0.1000,0.00005000,24.3745,475.1434,161.9524
6216,53,11,0.1000,0.00005000,33.5648,457.3004,152.5151
6217,584,41,0.1000,0.00005000,26.3331,455.6837,227.4684
6218,99,16,0.1000,0.00005000,28.9340,466.0541,321.8653
6219,79,16,0.1000,0.00005000,19.6067,453.6360,211.9430
6220,44,10,0.1000,0.00005000,19.6108,446.1084,231.5997
6221,49,11,0.1000,0.00005000,26.9619,459.1928,306.7728
6222,121,17,0.1000,0.00005000,29.7626,468.7995,294.3083
6223,498,34,0.1000,0.00005000,27.1197,483.8813,272.1698
6224,124,15,0.1000,0.00005000,29.5962,457.5760,170.4302
6225,77,15,0.1000,0.00005000,33.0267,479.9724,220.2966
6226,52,11,0.1000,0.00005000,25.7547,447.4006,196.8605
6227,456,32,0.1000,0.00005000,28.1195,450.2253,227.0284
6228,38,10,0.1000,0.00005000,32.6894,466.4331,282.9639
6229,371,21,0.1000,0.00005000,31.7271,468.2212,234.7730
6230,120,16,0.1000,0.00005000,25.9795,466.0396,323.5275
6231,243,23,0.1000,0.00005000,23.3687,451.9917,246.1383
6232,237,22,0.1000,0.00005000,19.2289,437.6139,272.3525
6233,39,10,0.1000,0.00005000,39.3532,462.0995,226.3781
6234,59,12,0.1000,0.00005000,26.7032,454.2250,188.6872
6235,48,10,0.1000,0.00005000,30.3080,448.5986,157.8119
6236,36,8,0.1000,0.00005000,28.6200,479.2930,132.9263
6237,178,20,0.1000,0.00005000,28.0086,458.1590,184.5321
6238,55,9,0.1000,0.00005000,30.7596,454.8897,199.6634
6239,52,10,0.1000,0.00005000,29.5483,443.3609,199.1093
6240,170,20,0.1000,0.00005000,26.7200,443.0627,192.9978
6241,72,14,0.1000,0.00005000,26.5335,447.0295,215.5090
6242,114,17,0.1000,0.00005000,24.5413,450.0471,182.5703
6243,173,19,0.1000,0.00005000,21.6871,435.4128,273.7847
6244,125,17,0.1000,0.00005000,23.8984,452.8079,269.3037
6245,539,33,0.1000,0.00005000,26.4196,459.6855,228.3840
6246,101,15,0.1000,0.00005000,29.1504,446.4930,289.5901
6247,84,14,0.1000,0.00005000,24.8948,448.2038,131.2561
6248,35,9,0.1000,0.00005000,24.0866,462.5600,189.4271
6249,62,13,0.1000,0.00005000,34.0475,447.4419,212.5918
6250,102,16,0.1000,0.00005000,27.8930,478.9718,176.9745
6251,45,11,0.1000,0.00005000,32.0952,464.7135,147.3625
6252,34,9,0.1000,0.00005000,31.5154,440.0342,160.0594
6253,130,16,0.1000,0.00005000,28.3745,481.2278,282.4692
6254,51,11,0.1000,0.00005000,25.8415,454.4286,201.3780
6255,51,12,0.1000,0.00005000,28.3563,467.5556,279.8769
6256,643,32,0.1000,0.00005000,27.0901,460.5445,183.5771
6257,61,12,0.1000,0.00005000,31.2972,429.4300,105.3926
6258,26,6,0.1000,0.00005000,24.7110,439.2727,195.7974
6259,36,8,0.1000,0.00005000,33.1277,449.7929,188.9895
6260,67,12,0.1000,0.00005000,36.1332,463.4307,140.1224
6261,61,14,0.1000,0.00005000,25.9158,457.9084,165.7188
6262,53,12,0.1000,0.00005000,25.8501,457.2869,226.3655
6263,155,19,0.1000,0.00005000,23.6096,466.2832,309.3309
6264,176,22,0.1000,0.00005000,27.2028,455.1633,296.2501
6265,316,28,0.1000,0.00005000,22.2091,492.1342,243.1692
6266,27,7,0.1000,0.00005000,30.4773,434.2188,155.2093
6267,33,8,0.1000,0.00005000,22.1565,465.7811,231.9932
6268,132,18,0.1000,0.00005000,25.1211,459.9312,177.0032
6269,37,9,0.1000,0.00005000,29.4011,465.5835,221.3175
6270,34,8,0.1000,0.00005000,28.9676,426.5994,220.8697
6271,61,14,0.1000,0.00005000,26.3382,476.2156,128.2291
6272,87,17,0.1000,0.00005000,34.0552,456.6238,208.8506
6273,129,19,0.1000,0.00005000,31.1347,462.1839,183.2329
6274,44,11,0.1000,0.00005000,26.1393,458.1723,188.2168
6275,57,12,0.1000,0.00005000,27.1957,461.6434,315.0509
6276,27,8,0.1000,0.00005000,26.4700,468.4339,271.1711
6277,126,17,0.1000,0.00005000,27.9929,473.4620,276.2944
6278,57,12,0.1000,0.00005000,28.7924,485.6566,227.9468
6279,44,9,0.1000,0.00005000,33.3283,453.1802,208.5464
6280,82,14,0.1000,0.00005000,28.4765,469.7376,239.9231
6281,160,13,0.1000,0.00005000,26.2271,448.4072,128.6445
6282,220,17,0.1000,0.00005000,26.6248,456.0422,207.0549
6283,48,10,0.1000,0.00005000,26.0265,457.6852,175.9296
6284,108,10,0.1000,0.00005000,33.0250,445.3655,175.0267
6285,51,9,0.1000,0.00005000,25.7196,454.0085,176.7550
6286,37,9,0.1000,0.00005000,25.6284,448.4835,193.4991
6287,229,25,0.1000,0.00005000,27.6498,424.9132,223.6151
6288,42,10,0.1000,0.00005000,31.0781,446.9848,142.9584
6289,179,19,0.1000,0.00005000,21.6171,450.9214,203.9203
6290,53,11,0.1000,0.00005000,26.2287,473.1285,333.0058
6291,60,14,0.1000,0.00005000,24.6720,443.6119,187.8036
6292,59,12,0.1000,0.00005000,29.5514,472.9229,144.4648
6293,27,7,0.1000,0.00005000,32.8432,410.1611,129.0559
6294,34,9,0.1000,0.00005000,27.3932,449.1040,182.2390
6295,86,15,0.1000,0.00005000,25.5976,483.7785,193.2124
6296,29,7,0.1000,0.00005000,23.4884,417.8541,288.3816
6297,146,21,0.1000,0.00005000,34.0534,453.6995,202.9203
6298,168,17,0.1000,0.00005000,22.3852,485.4834,218.3781
6299,365,30,0.1000,0.00005000,23.9244,467.2759,236.6247
6300,102,17,0.1000,0.00005000,24.7393,473.8895,238.9184
6301,31,8,0.1000,0.00005000,34.2692,429.0953,171.2176
6302,141,17,0.1000,0.00005000,27.8366,455.0788,157.8278
6303,191,18,0.1000,0.00005000,24.4473,477.2042,277.9364
6304,42,10,0.1000,0.00005000,25.1709,461.0423,135.3759
6305,30,8,0.1000,0.00005000,29.3304,435.2830,213.3544
6306,472,26,0.1000,0.00005000,25.1983,479.2427,206.7855
6307,38,9,0.1000,0.00005000,28.4595,460.8896,259.6040
6308,30,8,0.1000,0.00005000,26.8601,455.9791,277.8529
6309,56,11,0.1000,0.00005000,29.3692,474.5860,246.9197
6310,56,12,0.1000,0.00005000,24.7539,465.4025,297.8734
6311,42,9,0.1000,0.00005000,23.3792,474.1647,256.3610
6312,52,11,0.1000,0.00005000,25.0735,465.4921,223.8449
6313,57,11,0.1000,0.00005000,25.0233,446.6376,169.5960
6314,49,11,0.1000,0.00005000,23.2264,431.2560,158.8824
6315,43,10,0.1000,0.00005000,28.5236,442.1566,140.4811
6316,59,11,0.1000,0.00005000,27.9394,452.9018,240.9405
6317,54,11,0.1000,0.00005000,23.4021,448.1155,185.6793
6318,171,17,0.1000,0.00005000,35.8432,470.1911,169.4899
6319,39,10,0.1000,0.00005000,20.5123,472.0394,271.8490
6320,158,24,0.1000,0.00005000,29.9123,470.9876,183.6536
6321,59,13,0.1000,0.00005000,22.0774,440.0430,214.0460
6322,335,28,0.1000,0.00005000,26.6458,467.4685,188.3689
6323,40,10,0.1000,0.00005000,30.0871,467.1521,188.9215
6324,286,19,0.1000,0.00005000,31.2396,457.9213,211.1633
6325,92,16,0.1000,0.00005000,22.3645,463.6784,174.0554
6326,48,10,0.1000,0.00005000,27.5676,455.9169,271.9682
6327,107,12,0.1000,0.00005000,27.3640,451.4976,199.3599
6328,60,14,0.1000,0.00005000,26.2970,466.1696,184.7855
6329,96,15,0.1000,0.00005000,25.0882,459.2854,299.4131
6330,30,8,0.1000,0.00005000,26.0075,468.4009,229.9662
6331,53,10,0.1000,0.00005000,28.1936,446.2318,228.9202
6332,103,15,0.1000,0.00005000,34.8972,451.2782,178.6287
6333,63,11,0.1000,0.00005000,31.0836,471.5325,193.3014
6334,33,8,0.1000,0.00005000,21.2044,471.2120,197.8493
6335,38,10,0.1000,0.00005000,27.6254,443.9278,157.4861
6336,91,17,0.1000,0.00005000,19.5197,461.0939,209.9104
6337,57,13,0.1000,0.00005000,31.4573,465.9412,142.5565
6338,57,12,0.1000,0.00005000,26.5963,466.8409,210.9433
6339,31,8,0.1000,0.00005000,26.7473,451.4208,291.4547
6340,37,9,0.1000,0.00005000,23.7909,459.8188,194.9186
6341,55,12,0.1000,0.00005000,30.1045,442.0976,265.9638
6342,119,17,0.1000,0.00005000,37.6974,454.6849,227.4638
6343,129,19,0.1000,0.00005000,25.3097,452.3346,174.7089
6344,131,16,0.1000,0.00005000,26.9599,458.8085,205.1090
6345,422,30,0.1000,0.00005000,26.3817,464.8126,286.4535
6346,65,13,0.1000,0.00005000,18.9730,455.6743,175.9668
6347,168,17,0.1000,0.00005000,27.6434,473.2141,196.4142
6348,128,15,0.1000,0.00005000,21.3251,465.2643,227.0198
6349,173,18,0.1000,0.00005000,24.7894,486.6363,204.5495
6350,219,19,0.1000,0.00005000,23.2365,453.4135,226.6309
6351,32,8,0.1000,0.00005000,32.6796,431.4149,234.3769
6352,35,8,0.1000,0.00005000,32.3358,471.4471,242.1525
6353,36,8,0.1000,0.00005000,26.8593,429.5953,361.2760
6354,91,13,0.1000,0.00005000,25.1869,461.2719,199.7622
6355,49,10,0.1000,0.00005000,25.4800,452.0071,190.5425
6356,633,38,0.1000,0.00005000,27.4855,463.2706,208.1141
6357,110,19,0.1000,0.00005000,27.4906,484.7500,247.9274
6358,362,25,0.1000,0.00005000,31.5550,479.6910,203.3885
6359,42,13,0.1000,0.00005000,29.8220,436.6934,254.1492
6360,88,14,0.1000,0.00005000,25.5562,476.3284,157.4103
6361,100,15,0.1000,0.00005000,33.6835,462.7272,161.0305
6362,321,29,0.1000,0.00005000,33.3333,467.7093,189.8454
6363,39,10,0.1000,0.00005000,21.4194,448.1928,164.6912
6364,77,13,0.1000,0.00005000,25.6063,465.7590,161.7477
6365,128,18,0.1000,0.00005000,27.8471,431.7022,176.4431
6366,105,17,0.1000,0.00005000,26.8345,464.8322,221.7674
6367,27,6,0.1000,0.00005000,25.3011,459.2580,144.7950
6368,107,12,0.1000,0.00005000,27.7268,466.7824,135.3469
6369,34,7,0.1000,0.00005000,26.3556,465.9222,250.8206
6370,575,36,0.1000,0.00005000,30.2745,475.2848,212.8642
6371,27,6,0.1000,0.00005000,30.5510,456.8146,232.0477
6372,37,9,0.1000,0.00005000,25.8145,460.0777,240.1089
6373,58,13,0.1000,0.00005000,20.0754,456.3665,202.5200
6374,37,9,0.1000,0.00005000,24.6366,468.2646,163.0404
6375,64,15,0.1000,0.00005000,22.2161,473.5800,139.0527
6376,78,11,0.1000,0.00005000,22.2862,451.5407,180.7732
6377,207,22,0.1000,0.00005000,27.0194,451.9810,164.0097
6378,455,20,0.1000,0.00005000,27.6265,489.1445,205.5100
6379,40,9,0.1000,0.00005000,31.0699,459.7426,281.0681
6380,56,10,0.1000,0.00005000,29.3180,441.8418,237.2536
6381,60,11,0.1000,0.00005000,36.8513,410.0376,172.8278
6382,51,10,0.1000,0.00005000,26.0035,457.7704,240.4189
6383,81,12,0.1000,0.00005000,33.9021,408.3615,189.6331
6384,85,15,0.1000,0.00005000,24.1227,462.5877,320.6517
6385,61,9,0.1000,0.00005000,25.9603,434.0226,189.2776
6386,143,18,0.1000,0.00005000,24.3347,464.9430,151.3384
6387,228,25,0.1000,0.00005000,34.2066,483.0315,216.0435
6388,41,11,0.1000,0.00005000,35.9203,455.6972,214.6481
6389,460,28,0.1000,0.00005000,30.5651,477.9240,210.8440
6390,140,17,0.1000,0.00005000,31.3329,464.3893,224.9933
6391,47,10,0.1000,0.00005000,28.7172,474.2413,250.5089
6392,83,14,0.1000,0.00005000,30.9789,467.4787,167.0149
6393,85,16,0.1000,0.00005000,33.2940,473.7358,260.8303
6394,162,14,0.1000,0.00005000,31.2211,466.7760,192.9568
6395,67,13,0.1000,0.00005000,26.9135,457.3381,177.8679
6396,28,7,0.1000,0.00005000,29.8167,457.0336,158.9133
6397,91,13,0.1000,0.00005000,30.1927,473.4226,312.2252
6398,40,10,0.1000,0.00005000,28.6065,459.7738,218.5246
6399,58,11,0.1000,0.00005000,26.5973,461.3374,208.2505
6400,117,18,0.1000,0.00005000,27.9577,464.4878,225.9674
6401,57,12,0.1000,0.00005000,26.2436,452.7180,220.6866
6402,157,18,0.1000,0.00005000,27.0180,459.7161,170.3338
6403,42,11,0.1000,0.00005000,24.1342,477.8730,195.6084
6404,31,9,0.1000,0.00005000,40.2843,456.3482,196.0141
6405,55,11,0.1000,0.00005000,27.9856,456.1908,256.2934
6406,51,11,0.1000,0.00005000,28.1839,460.8373,255.8623
6407,35,9,0.1000,0.00005000,37.9031,474.0423,268.3807
6408,63,13,0.1000,0.00005000,34.9841,443.8279,320.6487
6409,27,8,0.1000,0.00005000,34.8120,435.2426,278.1729
6410,114,19,0.1000,0.00005000,24.6168,470.4820,236.3576
6411,51,12,0.1000,0.00005000,38.2011,477.7166,290.3800
6412,56,11,0.1000,0.00005000,36.0762,444.7690,202.3234
6413,39,8,0.1000,0.00005000,37.6040,451.3846,219.3225
6414,97,16,0.1000,0.00005000,25.5874,482.0480,183.9877
6415,68,11,0.1000,0.00005000,26.9252,466.1016,201.0015
6416,42,11,0.1000,0.00005000,34.4259,481.4953,189.4001
6417,56,10,0.1000,0.00005000,32.8926,439.2193,130.0695
6418,55,12,0.1000,0.00005000,35.1804,483.7286,144.0305
6419,49,9,0.1000,0.00005000,29.3288,450.8251,157.9903
6420,192,22,0.1000,0.00005000,25.8651,482.2757,231.3672
6421,49,11,0.1000,0.00005000,36.0082,440.2776,249.0706
6422,254,24,0.1000,0.00005000,34.3079,487.6330,354.8324
6423,59,11,0.1000,0.00005000,24.2437,453.3519,205.6431
6424,654,24,0.1000,0.00005000,29.3249,473.1687,177.5818
6425,224,18,0.1000,0.00005000,21.8635,469.2382,180.5020
6426,98,15,0.1000,0.00005000,34.3379,478.8829,215.2029
6427,81,12,0.1000,0.00005000,30.9028,453.0157,166.1473
6428,41,11,0.1000,0.00005000,22.1031,467.3077,190.6941
6429,204,23,0.1000,0.00005000,37.6812,472.1699,237.2596
6430,60,14,0.1000,0.00005000,30.0667,460.8889,187.2624
6431,101,15,0.1000,0.00005000,34.0902,467.5416,130.4288
6432,78,11,0.1000,0.00005000,26.7607,465.8164,131.4931
6433,207,21,0.1000,0.00005000,25.2202,477.9809,182.6787
6434,55,10,0.1000,0.00005000,27.5499,432.4789,178.2344
6435,39,10,0.1000,0.00005000,28.9977,470.4054,170.9972
6436,260,24,0.1000,0.00005000,28.5919,491.1071,208.3243
6437,50,8,0.1000,0.00005000,20.2791,457.2196,245.4328
6438,37,9,0.1000,0.00005000,26.7041,453.5943,178.6898
6439,145,14,0.1000,0.00005000,30.8331,474.7559,228.4424
6440,351,30,0.1000,0.00005000,26.0664,478.4305,172.5543
6441,95,14,0.1000,0.00005000,32.6476,448.6130,219.2643
6442,40,10,0.1000,0.00005000,28.4647,456.3581,233.9029
6443,92,17,0.1000,0.00005000,24.1505,461.8462,210.3993
6444,41,10,0.1000,0.00005000,38.0021,447.7817,157.0860
6445,50,10,0.1000,0.00005000,28.5473,462.2361,194.3256
6446,30,8,0.1000,0.00005000,36.6214,481.5468,191.8608
6447,53,12,0.1000,0.00005000,32.0223,450.3048,240.0254
6448,56,11,0.1000,0.00005000,23.4662,463.0068,176.9177
6449,310,21,0.1000,0.00005000,29.6181,449.5234,187.6423
6450,156,19,0.1000,0.00005000,31.3946,474.7922,172.2675
6451,98,16,0.1000,0.00005000,31.1719,451.4561,209.7092
6452,35,8,0.1000,0.00005000,26.4185,466.5275,320.7721
6453,268,22,0.1000,0.00005000,28.2371,467.6319,187.1657
6454,57,12,0.1000,0.00005000,31.0675,462.3902,156.9074
6455,129,16,0.1000,0.00005000,26.5968,440.5400,213.8329
6456,172,22,0.1000,0.00005000,29.7128,466.8649,239.4534
6457,35,9,0.1000,0.00005000,28.0189,466.2656,243.5620
6458,124,17,0.1000,0.00005000,28.0822,488.7245,196.0007
6459,79,12,0.1000,0.00005000,31.3329,464.1431,223.9679
6460,80,13,0.1000,0.00005000,38.0822,482.3076,174.5158
6461,88,13,0.1000,0.00005000,25.8454,449.2896,199.3008
6462,120,16,0.1000,0.00005000,24.5579,479.1528,210.2956
6463,39,9,0.1000,0.00005000,30.7419,456.3459,302.4205
6464,34,9,0.1000,0.00005000,34.1714,463.6951,158.1007
6465,76,14,0.1000,0.00005000,26.8964,453.2296,191.7968
6466,166,18,0.1000,0.00005000,24.3261,477.6403,206.9286
6467,123,16,0.1000,0.00005000,30.1243,480.5800,269.4944
6468,97,14,0.1000,0.00005000,24.6422,458.6035,228.8810
6469,296,22,0.1000,0.00005000,30.3465,473.3725,169.4906
6470,88,16,0.1000,0.00005000,25.5273,457.5439,231.2664
6471,38,10,0.1000,0.00005000,25.2755,443.9617,248.7886
6472,307,29,0.1000,0.00005000,26.7343,475.6187,239.7513
6473,31,7,0.1000,0.00005000,16.6559,448.0810,240.2393
6474,297,32,0.1000,0.00005000,26.5684,449.5408,184.9201
6475,99,17,0.1000,0.00005000,28.7566,477.2679,128.5685
6476,296,24,0.1000,0.00005000,31.1488,477.3062,182.3317
6477,188,19,0.1000,0.00005000,30.2266,464.4147,205.2183
6478,98,13,0.1000,0.00005000,26.0434,457.4373,266.3277
6479,84,13,0.1000,0.00005000,24.9404,462.8358,162.8895
6480,209,27,0.1000,0.00005000,28.2267,474.7546,272.0769
6481,58,12,0.1000,0.00005000,21.2159,477.2571,249.5236
6482,232,22,0.1000,0.00005000,24.4675,478.7726,165.3440
6483,134,14,0.1000,0.00005000,30.3683,448.2461,169.9229
6484,56,11,0.1000,0.00005000,23.9987,469.3230,224.6221
6485,49,10,0.1000,0.00005000,22.5454,465.6574,152.9080
6486,55,12,0.1000,0.00005000,33.2915,459.5504,204.2423
6487,434,30,0.1000,0.00005000,32.2533,466.4356,157.2991
6488,43,10,0.1000,0.00005000,26.0962,456.7668,314.8647
6489,79,15,0.1000,0.00005000,23.2602,456.6251,201.2252
6490,34,10,0.1000,0.00005000,30.7050,464.2636,146.7342
6491,317,28,0.1000,0.00005000,26.6480,476.4826,220.0227
6492,43,8,0.1000,0.00005000,23.9075,472.2668,315.2817
6493,168,18,0.1000,0.00005000,28.7385,452.5353,248.4510
6494,38,9,0.1000,0.00005000,25.8316,455.6840,169.0387
6495,172,18,0.1000,0.00005000,32.5504,470.4469,230.0249
6496,155,15,0.1000,0.00005000,26.9659,464.0417,289.9600
6497,77,15,0.1000,0.00005000,26.3118,473.4612,177.4623
6498,40,11,0.1000,0.00005000,32.5784,451.7436,232.8194
6499,131,18,0.1000,0.00005000,28.5310,457.0260,263.8815
6500,30,8,0.1000,0.00005000,27.1376,441.4093,195.3992
6501,39,9,0.1000,0.00005000,25.8185,420.4139,159.9451
6502,54,10,0.1000,0.00005000,29.8114,449.6961,143.0813
6503,33,9,0.1000,0.00005000,26.9193,457.1636,177.3597
6504,43,10,0.1000,0.00005000,32.1181,454.8198,179.7822
6505,78,12,0.1000,0.00005000,16.4713,464.8701,196.3987
6506,120,16,0.1000,0.00005000,29.7626,487.5041,188.1286
6507,90,17,0.1000,0.00005000,28.8455,483.2228,168.5480
6508,49,8,0.1000,0.00005000,25.0772,455.0081,300.3132
6509,55,13,0.1000,0.00005000,30.4726,450.2475,173.6146
6510,111,15,0.1000,0.00005000,28.3905,455.0634,193.7138
6511,456,30,0.1000,0.00005000,30.0081,472.4772,161.0454
6512,562,27,0.1000,0.00005000,31.3398,501.8155,182.4277
6513,42,12,0.1000,0.00005000,32.8007,461.6641,251.6651
6514,291,22,0.1000,0.00005000,23.8561,472.2675,209.2495
6515,41,10,0.1000,0.00005000,25.2386,436.3060,190.1572
6516,371,21,0.1000,0.00005000,26.0281,427.6728,147.9475
6517,72,13,0.1000,0.00005000,25.7948,474.3030,238.8825
6518,34,8,0.1000,0.00005000,34.1704,437.7258,225.2789
6519,634,33,0.1000,0.00005000,28.9272,473.4928,156.8787
6520,119,15,0.1000,0.00005000,25.4713,476.3404,170.1097
6521,32,7,0.1000,0.00005000,34.4957,448.9838,248.6946
6522,570,30,0.1000,0.00005000,26.3160,478.2785,223.1527
6523,31,8,0.1000,0.00005000,24.2072,481.8940,201.2180
6524,94,12,0.1000,0.00005000,29.1841,481.8312,159.8896
6525,43,10,0.1000,0.00005000,27.1881,468.7057,201.3612
6526,267,25,0.1000,0.00005000,34.8339,453.5384,180.9617
6527,53,11,0.1000,0.00005000,24.1763,461.9680,169.3205
6528,56,12,0.1000,0.00005000,27.4228,455.6606,236.7878
6529,265,25,0.1000,0.00005000,27.1703,462.7353,167.2029
6530,41,10,0.1000,0.00005000,27.5474,445.7262,216.6397
6531,104,15,0.1000,0.00005000,30.0667,478.1479,176.7813
6532,465,25,0.1000,0.00005000,29.7150,444.3045,203.8608
6533,39,9,0.1000,0.00005000,27.2755,472.1582,238.6445
6534,56,13,0.1000,0.00005000,28.5667,453.7172,207.9268
6535,292,20,0.1000,0.00005000,27.9572,475.1022,334.2352
6536,169,17,0.1000,0.00005000,34.6023,477.6405,153.4108
6537,169,17,0.1000,0.00005000,25.1942,467.5981,212.6389
6538,36,9,0.1000,0.00005000,27.2908,438.9183,286.4829
6539,34,9,0.1000,0.00005000,29.3035,484.3339,176.1197
6540,174,18,0.1000,0.00005000,26.5637,468.6984,289.9160
6541,53,12,0.1000,0.00005000,24.2655,457.7588,198.2266
6542,37,10,0.1000,0.00005000,22.6070,474.8900,212.4210
6543,33,9,0.1000,0.00005000,22.0048,434.5689,221.3463
6544,81,15,0.1000,0.00005000,24.9479,473.3667,286.6458
6545,39,9,0.1000,0.00005000,28.8700,461.2401,220.5694
6546,29,7,0.1000,0.00005000,37.2762,463.6693,214.5014
6547,298,23,0.1000,0.00005000,29.7885,476.4614,171.9713
6548,29,9,0.1000,0.00005000,22.4520,458.7684,145.1143
6549,36,10,0.1000,0.00005000,26.9129,447.2085,140.1625
6550,62,14,0.1000,0.00005000,33.6457,454.2628,185.6398
6551,57,12,0.1000,0.00005000,27.6251,470.8375,205.0642
6552,42,10,0.1000,0.00005000,25.1261,437.5770,143.0894
6553,56,14,0.1000,0.00005000,32.1382,478.7927,162.9583
6554,93,18,0.1000,0.00005000,27.2629,464.2661,202.3649
6555,35,8,0.1000,0.00005000,23.6628,482.2451,209.6769
6556,197,24,0.1000,0.00005000,29.6734,486.7667,152.9190
6557,76,15,0.1000,0.00005000,34.4524,452.2518,214.8420
6558,56,13,0.1000,0.00005000,30.4473,489.7294,163.8168
6559,33,8,0.1000,0.00005000,25.2291,455.2732,208.8368
6560,59,12,0.1000,0.00005000,22.6657,463.3140,206.5691
6561,94,15,0.1000,0.00005000,32.7530,453.7749,267.3140
6562,371,32,0.1000,0.00005000,27.0999,464.5131,206.3839
6563,97,14,0.1000,0.00005000,24.2803,470.2336,198.4087
6564,36,9,0.1000,0.00005000,26.7509,449.4202,181.1904
6565,191,24,0.1000,0.00005000,30.9260,488.8375,152.0519
6566,82,14,0.1000,0.00005000,28.1795,463.4850,286.5771
6567,82,12,0.1000,0.00005000,23.8208,470.7285,171.7980
6568,129,17,0.1000,0.00005000,29.7684,467.3991,144.4701
6569,119,16,0.1000,0.00005000,37.5216,472.5541,178.9820
6570,170,21,0.1000,0.00005000,29.4561,471.2805,208.8190
6571,92,16,0.1000,0.00005000,23.0709,446.5340,219.0396
6572,77,13,0.1000,0.00005000,31.9364,466.0629,157.1378
6573,37,10,0.1000,0.00005000,30.8064,467.5625,286.9422
6574,32,11,0.1000,0.00005000,25.4870,467.6190,233.2518
6575,251,22,0.1000,0.00005000,29.2462,491.6340,171.3483
6576,240,26,0.1000,0.00005000,28.8992,450.6672,170.7232
6577,76,13,0.1000,0.00005000,24.1912,484.9858,185.4269
6578,33,8,0.1000,0.00005000,30.5180,451.8440,222.0082
6579,38,9,0.1000,0.00005000,26.3417,471.6989,145.2755
6580,113,15,0.1000,0.00005000,31.7329,468.0981,158.7317
6581,233,19,0.1000,0.00005000,23.5607,487.4092,182.9190
6582,123,14,0.1000,0.00005000,36.1214,448.3211,215.9784
6583,28,7,0.1000,0.00005000,38.3560,454.2165,231.9079
6584,105,15,0.1000,0.00005000,27.3930,466.6215,180.9736
6585,33,9,0.1000,0.00005000,32.2239,478.2532,304.3048
6586,78,15,0.1000,0.00005000,27.6429,469.2968,203.1563
6587,380,26,0.1000,0.00005000,24.4010,478.6262,159.0031
6588,97,14,0.1000,0.00005000,29.1144,487.1675,203.7248
6589,96,14,0.1000,0.00005000,21.9100,442.1113,193.4675
6590,100,15,0.1000,0.00005000,29.7281,482.2488,163.0180
6591,38,10,0.1000,0.00005000,26.7664,461.3337,280.2417
6592,28,6,0.1000,0.00005000,30.8193,481.8091,281.5458
6593,96,17,0.1000,0.00005000,29.9054,471.3446,136.6784
6594,553,39,0.1000,0.00005000,28.6079,491.2161,260.5239
6595,49,11,0.1000,0.00005000,31.1270,462.7940,194.3712
6596,319,24,0.1000,0.00005000,27.0047,477.4202,230.3777
6597,56,11,0.1000,0.00005000,36.7416,487.3552,239.2566
6598,57,12,0.1000,0.00005000,28.9446,463.4302,174.9092
6599,23,5,0.1000,0.00005000,37.5682,472.6424,197.2641
6600,57,14,0.1000,0.00005000,28.1240,481.8116,242.1138
6601,74,10,0.1000,0.00005000,32.0871,475.3043,203.9102
6602,170,18,0.1000,0.00005000,26.0333,440.8237,170.8174
6603,102,17,0.1000,0.00005000,29.0526,450.0630,210.7501
6604,52,11,0.1000,0.00005000,30.9869,445.7428,198.7666
6605,337,27,0.1000,0.00005000,27.7344,483.7184,220.1416
6606,76,14,0.1000,0.00005000,26.2421,464.3449,212.9226
6607,53,10,0.1000,0.00005000,25.4295,478.3424,216.1518
6608,33,8,0.1000,0.00005000,25.2133,463.2075,165.9327
6609,158,14,0.1000,0.00005000,20.9875,482.0317,262.2937
6610,56,10,0.1000,0.00005000,23.0123,450.2965,181.5862
6611,185,18,0.1000,0.00005000,27.3724,482.2273,202.5653
6612,224,22,0.1000,0.00005000,33.5918,500.2958,223.6683
6613,576,33,0.1000,0.00005000,30.4080,454.3906,236.1923
6614,141,18,0.1000,0.00005000,35.4669,477.3681,248.9711
6615,37,9,0.1000,0.00005000,28.5748,469.9604,225.3416
6616,159,16,0.1000,0.00005000,23.9164,470.7211,182.2002
6617,118,16,0.1000,0.00005000,27.8091,465.5497,195.2246
6618,121,17,0.1000,0.00005000,23.2397,478.4415,230.8931
6619,52,9,0.1000,0.00005000,31.8332,458.1444,163.2187
6620,119,17,0.1000,0.00005000,28.9360,465.1744,263.6165
6621,49,11,0.1000,0.00005000,35.0795,478.9978,314.7490
6622,60,13,0.1000,0.00005000,27.1065,443.5174,239.0546
6623,23,6,0.1000,0.00005000,29.3391,450.8701,152.1419
6624,91,15,0.1000,0.00005000,29.3071,481.4251,183.5456
6625,46,8,0.1000,0.00005000,22.4752,479.0576,246.7670
6626,131,17,0.1000,0.00005000,30.1933,474.1687,210.0144
6627,73,14,0.1000,0.00005000,25.6403,451.9346,214.5343
6628,37,7,0.1000,0.00005000,28.2505,487.1707,235.1039
6629,82,11,0.1000,0.00005000,24.5213,465.3630,196.0060
6630,143,19,0.1000,0.00005000,24.8579,499.2814,171.7411
6631,56,13,0.1000,0.00005000,29.9222,482.0832,216.2296
6632,223,18,0.1000,0.00005000,30.0559,483.4031,175.1337
6633,200,23,0.1000,0.00005000,33.8043,470.5929,213.0138
6634,293,23,0.1000,0.00005000,29.2527,513.1944,215.6595
6635,213,20,0.1000,0.00005000,25.1997,457.7158,213.7406
6636,120,15,0.1000,0.00005000,28.2578,484.5323,206.6115
6637,59,12,0.1000,0.00005000,26.0308,467.7690,136.6738
6638,592,34,0.1000,0.00005000,29.1068,498.0326,195.0229
6639,62,16,0.1000,0.00005000,27.2850,486.3271,234.3764
6640,48,10,0.1000,0.00005000,34.9820,473.1927,167.6473
6641,79,11,0.1000,0.00005000,33.2745,479.2627,256.5410
6642,223,20,0.1000,0.00005000,27.5705,479.0060,275.8730
6643,48,10,0.1000,0.00005000,35.2154,473.4674,198.4072
6644,226,19,0.1000,0.00005000,28.5205,481.8272,223.6006
6645,43,10,0.1000,0.00005000,34.1474,477.0544,263.3315
6646,216,21,0.1000,0.00005000,29.6488,475.3515,224.0331
6647,251,22,0.1000,0.00005000,30.6068,492.6345,223.7877
6648,61,13,0.1000,0.00005000,31.3920,471.0803,219.2520
6649,133,18,0.1000,0.00005000,32.2260,485.5586,226.0333
6650,125,15,0.1000,0.00005000,31.2681,470.5073,219.1592
6651,202,22,0.1000,0.00005000,25.8749,470.5597,192.4184
6652,515,30,0.1000,0.00005000,23.3770,493.7623,157.6170
6653,70,13,0.1000,0.00005000,31.2272,486.4307,213.3723
6654,46,8,0.1000,0.00005000,32.4910,476.2384,177.9568
6655,39,9,0.1000,0.00005000,29.9656,488.9003,192.2931
6656,85,13,0.1000,0.00005000,33.4573,492.9087,200.2523
6657,60,14,0.1000,0.00005000,29.8354,493.5632,210.4145
6658,34,9,0.1000,0.00005000,33.6895,474.7397,130.6823
6659,458,23,0.1000,0.00005000,28.7549,479.7071,312.9732
6660,216,18,0.1000,0.00005000,29.4540,483.1776,255.9381
6661,440,22,0.1000,0.00005000,27.7210,485.6317,286.9052
6662,52,10,0.1000,0.00005000,21.6673,473.0738,175.8372
6663,123,17,0.1000,0.00005000,35.7543,497.5679,199.4557
6664,55,11,0.1000,0.00005000,27.0459,478.2334,148.8942
6665,44,10,0.1000,0.00005000,29.9131,470.4452,211.7732
6666,60,12,0.1000,0.00005000,26.9723,448.4785,165.1119
6667,48,10,0.1000,0.00005000,33.7878,502.2620,193.2633
6668,57,12,0.1000,0.00005000,28.7163,485.8463,154.3523
6669,38,9,0.1000,0.00005000,33.0687,468.2672,346.1765
6670,57,14,0.1000,0.00005000,23.9310,501.2534,261.5243
6671,112,14,0.1000,0.00005000,34.8661,484.8917,246.2706
6672,101,15,0.1000,0.00005000,22.4273,468.5435,342.7370
6673,106,16,0.1000,0.00005000,33.3052,450.6003,338.7731
6674,646,42,0.1000,0.00005000,27.2094,493.8494,188.2410
6675,216,18,0.1000,0.00005000,27.3693,488.6315,353.4374
6676,75,13,0.1000,0.00005000,32.4557,472.3713,287.1795
6677,158,16,0.1000,0.00005000,33.3203,487.9503,242.1970
6678,36,9,0.1000,0.00005000,29.4863,469.0093,308.8265
6679,42,9,0.1000,0.00005000,32.2133,449.6143,314.8133
6680,35,11,0.1000,0.00005000,31.5350,471.8833,227.4950
6681,34,8,0.1000,0.00005000,39.1015,460.9451,376.6832
6682,115,12,0.1000,0.00005000,28.9892,484.5982,250.1313
6683,56,11,0.1000,0.00005000,23.1277,473.0052,264.0849
6684,57,12,0.1000,0.00005000,30.7223,476.0000,163.7447
6685,84,14,0.1000,0.00005000,33.8299,479.5764,169.6354
6686,559,34,0.1000,0.00005000,36.3940,493.9256,179.3876
6687,55,12,0.1000,0.00005000,29.3276,433.6162,190.9200
6688,107,17,0.1000,0.00005000,23.5494,494.0585,169.5354
6689,79,11,0.1000,0.00005000,27.6881,444.4180,173.9378
6690,218,17,0.1000,0.00005000,28.6739,472.5504,209.6750
6691,55,12,0.1000,0.00005000,30.1365,486.7629,213.3954
6692,102,15,0.1000,0.00005000,28.4970,472.0425,183.8111
6693,158,17,0.1000,0.00005000,24.0461,476.3982,219.8290
6694,36,11,0.1000,0.00005000,37.0429,475.6332,182.3401
6695,120,16,0.1000,0.00005000,27.7282,472.0467,166.2586
6696,223,18,0.1000,0.00005000,23.5826,480.5676,155.3629
6697,294,19,0.1000,0.00005000,25.7738,466.8517,201.5388
6698,55,11,0.1000,0.00005000,32.3426,463.0138,308.1114
6699,102,13,0.1000,0.00005000,32.1834,499.1241,265.2415
6700,309,30,0.1000,0.00005000,22.7147,502.1279,203.7397
6701,46,9,0.1000,0.00005000,30.6865,483.8997,211.0283
6702,187,21,0.1000,0.00005000,33.0706,476.3165,172.7195
6703,81,12,0.1000,0.00005000,30.0962,466.8449,192.1076
6704,52,12,0.1000,0.00005000,30.5407,492.2101,201.0186
6705,346,27,0.1000,0.00005000,28.7855,476.6819,187.6179
6706,546,27,0.1000,0.00005000,28.3247,481.6746,210.0082
6707,256,25,0.1000,0.00005000,36.3576,510.5249,242.6130
6708,33,9,0.1000,0.00005000,32.9471,488.8531,210.0407
6709,226,25,0.1000,0.00005000,29.2212,497.3418,213.7506
6710,178,18,0.1000,0.00005000,32.2022,474.6086,238.6494
6711,167,18,0.1000,0.00005000,29.1488,467.6253,201.8754
6712,611,31,0.1000,0.00005000,27.2800,500.6588,234.8649
6713,39,9,0.1000,0.00005000,24.8798,475.2468,185.0033
6714,153,20,0.1000,0.00005000,34.1916,492.6449,166.4714
6715,56,12,0.1000,0.00005000,27.9523,494.3837,260.7025
6716,140,15,0.1000,0.00005000,29.0492,495.2068,246.7544
6717,74,12,0.1000,0.00005000,23.9442,472.3714,338.0061
6718,71,13,0.1000,0.00005000,23.3471,474.5767,253.4094
6719,490,31,0.1000,0.00005000,29.9148,486.1651,232.0297
6720,129,16,0.1000,0.00005000,28.3754,480.7023,254.2596
6721,85,13,0.1000,0.00005000,30.1509,495.1049,149.8997
6722,54,10,0.1000,0.00005000,27.6382,497.5451,265.4468
6723,120,12,0.1000,0.00005000,32.4577,475.4835,228.2671
6724,55,11,0.1000,0.00005000,27.3364,505.8736,224.9798
6725,32,8,0.1000,0.00005000,28.5504,470.6675,250.4818
6726,69,13,0.1000,0.00005000,31.3105,480.2483,204.1982
6727,93,15,0.1000,0.00005000,30.8859,482.2767,152.2708
6728,103,17,0.1000,0.00005000,25.8526,493.8137,295.6349
6729,51,10,0.1000,0.00005000,26.3072,467.1108,199.2949
6730,65,11,0.1000,0.00005000,30.8452,474.3369,216.6686
6731,323,28,0.1000,0.00005000,33.3512,495.9607,225.3108
6732,28,8,0.1000,0.00005000,40.4329,495.6932,119.6324
6733,62,15,0.1000,0.00005000,31.5646,483.1558,176.2988
6734,137,18,0.1000,0.00005000,28.7963,480.3283,175.8823
6735,45,9,0.1000,0.00005000,26.2050,476.6444,209.0368
6736,35,9,0.1000,0.00005000,26.2861,487.3437,212.2915
6737,71,13,0.1000,0.00005000,25.8220,498.3914,116.5065
6738,489,28,0.1000,0.00005000,31.6735,489.8417,233.2442
6739,73,13,0.1000,0.00005000,33.2054,515.8868,259.9975
6740,45,10,0.1000,0.00005000,31.7603,460.0314,345.0870
6741,75,14,0.1000,0.00005000,29.6693,460.3205,317.2729
6742,42,11,0.1000,0.00005000,30.9790,467.6054,322.1693
6743,244,22,0.1000,0.00005000,26.2071,487.1058,353.0193
6744,33,7,0.1000,0.00005000,28.6037,424.7518,249.7277
6745,48,8,0.1000,0.00005000,44.6961,469.3385,197.2610
6746,31,9,0.1000,0.00005000,31.9560,471.1189,280.3028
6747,51,8,0.1000,0.00005000,33.0778,474.9040,292.1006
6748,32,9,0.1000,0.00005000,23.0574,489.7128,150.9247
6749,278,25,0.1000,0.00005000,30.9644,478.8898,203.2662
6750,125,18,0.1000,0.00005000,31.0204,491.3056,244.0011
6751,263,24,0.1000,0.00005000,30.0871,478.2064,218.6694
6752,83,12,0.1000,0.00005000,21.1623,492.0955,255.5276
6753,116,13,0.1000,0.00005000,31.4807,490.0351,260.4372
6754,59,13,0.1000,0.00005000,26.6606,505.9880,252.2667
6755,955,43,0.1000,0.00005000,23.5078,489.2002,233.5423
6756,52,11,0.1000,0.00005000,26.8386,487.3418,170.2008
6757,43,9,0.1000,0.00005000,30.5832,484.1157,232.6978
6758,334,28,0.1000,0.00005000,32.9266,484.4956,173.0006
6759,279,19,0.1000,0.00005000,28.1356,494.8089,280.5779
6760,119,15,0.1000,0.00005000,28.3511,487.2995,250.6766
6761,143,18,0.1000,0.00005000,28.6107,489.6120,234.7506
6762,29,7,0.1000,0.00005000,21.1852,482.7100,193.5230
6763,56,9,0.1000,0.00005000,29.0582,464.0461,284.1857
6764,62,14,0.1000,0.00005000,30.2517,491.7248,275.7790
6765,84,14,0.1000,0.00005000,30.9939,502.5018,246.0592
6766,35,10,0.1000,0.00005000,36.7326,499.1274,230.6053
6767,297,22,0.1000,0.00005000,26.5691,498.4430,188.2280
6768,80,16,0.1000,0.00005000,27.2209,492.5871,148.5619
6769,223,19,0.1000,0.00005000,36.0063,493.7923,174.2493
6770,124,15,0.1000,0.00005000,29.0831,474.2134,149.2744
6771,37,10,0.1000,0.00005000,34.1979,494.1112,227.2992
6772,48,10,0.1000,0.00005000,27.3747,486.2178,237.4087
6773,159,22,0.1000,0.00005000,33.8966,485.0555,203.9923
6774,166,14,0.1000,0.00005000,23.0997,501.8409,151.2168
6775,106,17,0.1000,0.00005000,24.4050,504.2375,203.6061
6776,31,6,0.1000,0.00005000,31.2398,472.9358,258.5197
6777,34,10,0.1000,0.00005000,29.6793,498.1880,155.5497
6778,32,7,0.1000,0.00005000,32.8531,454.9110,165.2149
6779,32,8,0.1000,0.00005000,27.5116,490.8548,248.4444
6780,61,13,0.1000,0.00005000,26.2575,482.9117,212.2725
6781,39,12,0.1000,0.00005000,32.0862,473.3280,219.0758
6782,119,15,0.1000,0.00005000,25.9355,496.7749,235.7697
6783,235,24,0.1000,0.00005000,27.1681,492.9446,186.6984
6784,55,10,0.1000,0.00005000,33.0078,479.0508,180.4137
6785,42,11,0.1000,0.00005000,25.0647,469.8573,323.8906
6786,262,24,0.1000,0.00005000,22.3660,487.0417,213.0944
6787,40,10,0.1000,0.00005000,39.4389,470.0252,234.2742
6788,80,15,0.1000,0.00005000,23.2272,508.9214,140.7554
6789,56,10,0.1000,0.00005000,23.2413,488.4900,211.9749
6790,59,12,0.1000,0.00005000,32.2051,486.2255,262.2714
6791,71,10,0.1000,0.00005000,31.4485,482.0726,152.4087
6792,32,8,0.1000,0.00005000,36.5600,498.9960,257.3000
6793,220,17,0.1000,0.00005000,27.4613,502.1653,210.2239
6794,78,12,0.1000,0.00005000,33.3665,489.8706,161.9030
6795,77,10,0.1000,0.00005000,41.3414,488.3363,228.1379
6796,554,43,0.1000,0.00005000,28.7562,498.1215,220.5921
6797,32,8,0.1000,0.00005000,35.5162,478.3852,183.0570
6798,159,15,0.1000,0.00005000,27.1123,497.5036,253.7000
6799,387,23,0.1000,0.00005000,29.4007,505.9567,184.9472
6800,217,24,0.1000,0.00005000,30.0000,500.3911,211.5123
6801,51,10,0.1000,0.00005000,35.7443,464.3812,214.3660
6802,69,13,0.1000,0.00005000,31.4185,497.6281,198.3729
6803,34,9,0.1000,0.00005000,33.5158,484.2318,214.8435
6804,46,11,0.1000,0.00005000,24.2213,483.2550,203.1970
6805,34,8,0.1000,0.00005000,31.2427,480.9003,256.4601
6806,121,14,0.1000,0.00005000,35.3858,474.7582,159.0582
6807,37,8,0.1000,0.00005000,27.9782,465.6845,152.4121
6808,54,10,0.1000,0.00005000,25.8794,477.8123,213.1915
6809,52,11,0.1000,0.00005000,37.3977,496.5238,194.5552
6810,72,11,0.1000,0.00005000,29.9694,493.6229,244.8907
6811,28,8,0.1000,0.00005000,33.1394,500.0548,307.9032
6812,77,15,0.1000,0.00005000,26.7674,502.8336,238.1834
6813,62,12,0.1000,0.00005000,32.2934,507.5441,197.6350
6814,62,12,0.1000,0.00005000,36.8171,493.8381,307.6186
6815,82,15,0.1000,0.00005000,23.6435,504.1629,245.4783
6816,59,12,0.1000,0.00005000,25.9043,476.0848,167.9698
6817,368,23,0.1000,0.00005000,25.0147,509.7331,182.0423
6818,167,19,0.1000,0.00005000,28.9611,477.2432,219.5743
6819,117,15,0.1000,0.00005000,24.7897,497.9102,212.4333
6820,168,17,0.1000,0.00005000,28.2054,483.4156,184.6476
6821,120,13,0.1000,0.00005000,30.6615,477.8823,217.5417
6822,72,13,0.1000,0.00005000,33.9637,502.0327,206.7373
6823,210,25,0.1000,0.00005000,27.5218,507.2480,163.5240
6824,57,11,0.1000,0.00005000,39.3759,485.4405,270.0106
6825,163,20,0.1000,0.00005000,35.5538,462.8159,208.3614
6826,77,13,0.1000,0.00005000,33.5782,482.2353,246.6157
6827,29,8,0.1000,0.00005000,32.1174,470.5096,195.1264
6828,27,7,0.1000,0.00005000,30.1940,506.4943,197.9928
6829,84,15,0.1000,0.00005000,23.9315,478.9253,226.3850
6830,75,11,0.1000,0.00005000,42.6260,486.3447,213.2207
6831,36,8,0.1000,0.00005000,36.4491,477.8830,239.0151
6832,121,16,0.1000,0.00005000,32.5209,478.8098,254.1229
6833,148,19,0.1000,0.00005000,33.7082,485.0713,199.8259
6834,161,15,0.1000,0.00005000,31.8431,509.5633,308.5422
6835,45,7,0.1000,0.00005000,35.9031,493.1709,174.0408
6836,152,13,0.1000,0.00005000,30.7902,495.2173,212.8803
6837,127,16,0.1000,0.00005000,28.9489,505.5695,244.6182
6838,64,15,0.1000,0.00005000,30.8065,489.3892,210.8657
6839,42,11,0.1000,0.00005000,23.7205,500.6116,191.7994
6840,25,6,0.1000,0.00005000,34.4917,435.8643,253.7424
6841,48,10,0.1000,0.00005000,31.6081,476.0939,318.6368
6842,56,11,0.1000,0.00005000,26.2559,483.1060,290.3293
6843,138,16,0.1000,0.00005000,31.9549,509.4827,265.3506
6844,35,9,0.1000,0.00005000,32.5453,495.6370,343.9108
6845,168,17,0.1000,0.00005000,26.9987,473.7207,179.8370
6846,320,23,0.1000,0.00005000,29.1018,507.4363,165.7963
6847,127,19,0.1000,0.00005000,28.2675,513.4771,253.2002
6848,172,18,0.1000,0.00005000,26.6657,535.9064,303.2498
6849,22,6,0.1000,0.00005000,30.7185,500.5385,229.2771
6850,123,14,0.1000,0.00005000,33.0203,489.3378,303.3998
6851,73,10,0.1000,0.00005000,25.2217,500.2945,339.8780
6852,1061,37,0.1000,0.00005000,31.5427,490.7281,219.1615
6853,141,19,0.1000,0.00005000,22.3259,499.9594,241.1307
6854,121,15,0.1000,0.00005000,32.1929,482.9102,204.3147
6855,643,37,0.1000,0.00005000,28.8962,487.5401,189.9526
6856,39,10,0.1000,0.00005000,35.3671,440.4352,251.4215
6857,227,19,0.1000,0.00005000,32.0371,508.7428,254.0617
6858,53,10,0.1000,0.00005000,23.4795,504.2757,306.7602
6859,101,17,0.1000,0.00005000,26.8647,506.0990,236.0876
6860,26,8,0.1000,0.00005000,32.3832,500.3279,226.0833
6861,54,11,0.1000,0.00005000,34.8212,488.1420,223.9190
6862,120,17,0.1000,0.00005000,31.8898,502.3821,216.3559
6863,37,8,0.1000,0.00005000,21.7446,489.9989,251.6642
6864,22,6,0.1000,0.00005000,21.9309,507.8495,196.2890
6865,48,11,0.1000,0.00005000,29.0392,489.8276,244.3817
6866,187,20,0.1000,0.00005000,24.3289,501.9508,157.6826
6867,71,12,0.1000,0.00005000,23.4822,518.1159,110.3192
6868,61,12,0.1000,0.00005000,23.5157,490.5741,215.2604
6869,44,10,0.1000,0.00005000,26.5204,480.1311,154.7754
6870,24,6,0.1000,0.00005000,22.8037,468.3772,240.8482
6871,27,7,0.1000,0.00005000,42.2246,482.2417,200.2273
6872,80,12,0.1000,0.00005000,27.1943,504.8852,229.4052
6873,99,15,0.1000,0.00005000,28.9900,497.4320,259.0411
6874,47,10,0.1000,0.00005000,31.4580,497.2526,164.2809
6875,66,12,0.1000,0.00005000,20.6288,495.5730,187.9922
6876,184,22,0.1000,0.00005000,31.7343,495.8797,238.2881
6877,84,12,0.1000,0.00005000,26.8424,475.4892,216.6071
6878,713,44,0.1000,0.00005000,29.4886,502.4002,189.4737
6879,131,19,0.1000,0.00005000,29.7869,515.1166,235.5542
6880,48,10,0.1000,0.00005000,31.7569,453.7874,275.7937
6881,79,13,0.1000,0.00005000,33.0646,483.4273,241.4610
6882,352,25,0.1000,0.00005000,27.4692,473.4249,171.3302
6883,54,10,0.1000,0.00005000,37.9275,447.8383,226.4903
6884,69,13,0.1000,0.00005000,32.5199,505.0242,214.3755
6885,103,16,0.1000,0.00005000,28.1155,485.2496,279.9458
6886,44,10,0.1000,0.00005000,35.9013,512.6721,213.5054
6887,43,11,0.1000,0.00005000,25.6554,503.2777,184.5391
6888,194,19,0.1000,0.00005000,26.4389,488.3817,216.6384
6889,53,12,0.1000,0.00005000,27.2270,513.4700,235.6717
6890,80,13,0.1000,0.00005000,35.9526,475.0199,259.2089
6891,109,16,0.1000,0.00005000,31.2405,505.9873,304.9108
6892,227,17,0.1000,0.00005000,32.1652,506.1103,274.4489
6893,365,22,0.1000,0.00005000,33.1550,500.8359,325.9151
6894,31,8,0.1000,0.00005000,37.0925,442.8166,234.9954
6895,258,27,0.1000,0.00005000,32.5748,488.0465,255.2276
6896,77,15,0.1000,0.00005000,31.5677,492.7570,167.8255
6897,182,22,0.1000,0.00005000,34.0467,503.1191,228.6267
6898,33,8,0.1000,0.00005000,30.6538,501.7340,162.9886
6899,40,8,0.1000,0.00005000,32.9457,515.3181,141.7998
6900,236,19,0.1000,0.00005000,21.8782,501.1291,210.7557
6901,98,13,0.1000,0.00005000,33.8356,475.8705,253.5886
6902,89,15,0.1000,0.00005000,30.2445,498.3354,180.9609
6903,229,20,0.1000,0.00005000,27.8432,503.9200,187.7641
6904,172,19,0.1000,0.00005000,34.1197,509.8323,200.4238
6905,35,8,0.1000,0.00005000,27.0178,491.5784,214.6358
6906,830,36,0.1000,0.00005000,29.7025,500.0599,200.9834
6907,52,10,0.1000,0.00005000,33.5903,480.9414,190.2640
6908,306,24,0.1000,0.00005000,31.4026,514.7946,214.2398
6909,69,12,0.1000,0.00005000,39.7735,487.5612,208.5495
6910,59,12,0.1000,0.00005000,29.7562,479.5222,210.5843
6911,121,15,0.1000,0.00005000,33.8448,501.0978,217.0182
6912,114,19,0.1000,0.00005000,29.2928,519.3285,239.3241
6913,99,15,0.1000,0.00005000,31.7655,464.6836,213.6163
6914,163,19,0.1000,0.00005000,29.5711,506.9601,233.6131
6915,165,16,0.1000,0.00005000,37.3090,479.6822,245.9141
6916,76,11,0.1000,0.00005000,34.1716,474.2841,242.3946
6917,118,15,0.1000,0.00005000,28.6038,517.6168,347.5960
6918,51,10,0.1000,0.00005000,33.1902,493.4760,235.5543
6919,140,18,0.1000,0.00005000,25.4520,493.2713,146.0391
6920,233,22,0.1000,0.00005000,32.9498,484.4199,238.5916
6921,210,16,0.1000,0.00005000,26.8641,470.4800,219.5849
6922,268,29,0.1000,0.00005000,30.4101,493.5456,185.6810
6923,172,20,0.1000,0.00005000,28.9496,497.5802,224.4894
6924,35,9,0.1000,0.00005000,31.1788,525.1655,228.1652
6925,84,12,0.1000,0.00005000,28.2693,495.9492,275.6630
6926,64,13,0.1000,0.00005000,28.2326,484.9121,176.9963
6927,122,17,0.1000,0.00005000,34.5131,506.3532,247.9967
6928,223,20,0.1000,0.00005000,29.5633,513.9797,278.6247
6929,71,9,0.1000,0.00005000,36.6939,478.1346,170.0663
6930,62,14,0.1000,0.00005000,31.4363,469.9405,211.4214
6931,126,15,0.1000,0.00005000,24.3691,483.5933,236.1810
6932,175,16,0.1000,0.00005000,27.7687,501.4879,285.6401
6933,398,29,0.1000,0.00005000,30.2313,518.0636,225.5389
6934,107,16,0.1000,0.00005000,24.4687,505.0946,223.6105
6935,141,20,0.1000,0.00005000,32.4703,493.7965,285.4031
6936,74,9,0.1000,0.00005000,28.5924,514.8802,204.1781
6937,88,17,0.1000,0.00005000,26.3156,473.1929,210.4025
6938,49,10,0.1000,0.00005000,33.4973,512.5753,241.1428
6939,57,12,0.1000,0.00005000,21.2654,480.9393,221.9768
6940,254,26,0.1000,0.00005000,33.1059,488.4351,308.7580
6941,84,14,0.1000,0.00005000,31.1451,493.1486,272.3182
6942,113,14,0.1000,0.00005000,32.2191,472.6956,427.2616
6943,81,15,0.1000,0.00005000,37.0736,508.6787,209.1910
6944,72,14,0.1000,0.00005000,28.1897,472.3502,201.1417
6945,272,28,0.1000,0.00005000,33.9599,500.6700,194.3677
6946,409,30,0.1000,0.00005000,30.7858,508.7933,176.2159
6947,99,16,0.1000,0.00005000,29.2410,505.9495,196.7515
6948,331,25,0.1000,0.00005000,28.9923,501.7073,222.5830
6949,366,21,0.1000,0.00005000,30.2461,504.0036,193.4966
6950,169,18,0.1000,0.00005000,29.8624,472.5907,250.2398
6951,121,15,0.1000,0.00005000,26.7063,506.4902,177.5461
6952,22,6,0.1000,0.00005000,23.7814,451.4943,162.1937
6953,85,14,0.1000,0.00005000,27.7507,469.3485,205.4820
6954,112,15,0.1000,0.00005000,27.1734,493.2376,234.5076
6955,31,9,0.1000,0.00005000,28.1826,496.2881,178.8713
6956,61,13,0.1000,0.00005000,28.4824,515.3995,220.3247
6957,94,14,0.1000,0.00005000,28.2137,495.7246,226.9201
6958,59,11,0.1000,0.00005000,31.2590,499.2599,276.3560
6959,83,12,0.1000,0.00005000,32.9093,475.9983,203.9833
6960,57,12,0.1000,0.00005000,28.3266,484.2709,284.5098
6961,54,11,0.1000,0.00005000,33.8985,484.6531,219.5377
6962,135,21,0.1000,0.00005000,31.3721,516.1849,144.5560
6963,142,17,0.1000,0.00005000,26.2321,485.0095,216.7692
6964,226,20,0.1000,0.00005000,24.6965,519.6158,311.3718
6965,235,25,0.1000,0.00005000,31.2203,475.1150,203.3872
6966,81,12,0.1000,0.00005000,29.1841,464.9608,317.2648
6967,56,12,0.1000,0.00005000,27.3825,524.4252,319.1311
6968,33,9,0.1000,0.00005000,35.2427,504.1462,227.9640
6969,74,14,0.1000,0.00005000,23.5624,461.9526,250.5024
6970,159,15,0.1000,0.00005000,26.6189,485.2527,213.2982
6971,119,14,0.1000,0.00005000,34.5463,484.2497,227.3805
6972,91,14,0.1000,0.00005000,31.1880,497.0961,291.1866
6973,48,13,0.1000,0.00005000,32.4016,482.9666,198.4065
6974,53,10,0.1000,0.00005000,24.4684,466.6961,245.4106
6975,167,16,0.1000,0.00005000,29.7001,484.9986,224.1255
6976,51,11,0.1000,0.00005000,27.2428,508.8307,192.9624
6977,35,8,0.1000,0.00005000,25.1919,508.2388,229.8496
6978,167,17,0.1000,0.00005000,29.5646,505.8632,198.4102
6979,49,9,0.1000,0.00005000,20.4010,493.3317,188.5375
6980,83,14,0.1000,0.00005000,33.7830,465.5479,235.5470
6981,168,18,0.1000,0.00005000,29.9089,496.8713,235.7266
6982,182,21,0.1000,0.00005000,31.4666,491.0982,219.0248
6983,79,12,0.1000,0.00005000,32.6102,489.7947,170.6182
6984,79,12,0.1000,0.00005000,24.2278,473.1258,218.4737
6985,46,9,0.1000,0.00005000,30.3435,486.4503,177.4276
6986,81,13,0.1000,0.00005000,39.3671,510.6232,182.9720
6987,237,18,0.1000,0.00005000,29.1557,499.2086,239.2070
6988,79,13,0.1000,0.00005000,21.8666,503.7483,243.3276
6989,64,11,0.1000,0.00005000,26.5178,463.6155,223.5568
6990,22,5,0.1000,0.00005000,29.9239,494.2279,193.5566
6991,55,12,0.1000,0.00005000,38.1871,513.0054,171.5531
6992,75,12,0.1000,0.00005000,36.5554,484.2253,183.4283
6993,466,18,0.1000,0.00005000,32.5213,503.6100,211.5656
6994,552,29,0.1000,0.00005000,28.1043,514.2267,227.8198
6995,236,28,0.1000,0.00005000,32.0689,511.4703,266.7288
6996,216,17,0.1000,0.00005000,32.0567,492.1351,254.8072
6997,25,8,0.1000,0.00005000,36.9355,505.0425,377.1052
6998,369,22,0.1000,0.00005000,34.7783,524.2679,187.5106
6999,84,12,0.1000,0.00005000,27.9248,464.9068,262.0587
7000,30,7,0.1000,0.00005000,29.4828,495.7931,240.8586
7001,364,25,0.1000,0.00005000,36.5196,503.6642,195.3258
7002,181,21,0.1000,0.00005000,24.0696,494.6713,165.0190
7003,37,10,0.1000,0.00005000,41.3328,488.7143,242.4610
7004,111,12,0.1000,0.00005000,25.1408,476.0875,312.3643
7005,133,16,0.1000,0.00005000,34.1934,525.1021,296.3613
7006,296,23,0.1000,0.00005000,29.1152,499.0901,286.9302
7007,78,16,0.1000,0.00005000,30.0977,489.9522,229.3737
7008,40,9,0.1000,0.00005000,31.2683,471.0162,275.3370
7009,59,12,0.1000,0.00005000,30.5301,495.1593,217.2200
7010,104,13,0.1000,0.00005000,30.3359,504.3749,275.2933
7011,38,9,0.1000,0.00005000,38.7567,475.1629,167.0381
7012,33,9,0.1000,0.00005000,24.3311,500.0686,187.4765
7013,32,7,0.1000,0.00005000,32.4444,486.8302,218.5286
7014,312,24,0.1000,0.00005000,30.3666,498.0026,181.4235
7015,59,13,0.1000,0.00005000,26.4946,518.4092,187.4290
7016,93,16,0.1000,0.00005000,31.1427,492.2984,246.6598
7017,72,11,0.1000,0.00005000,32.7047,496.4467,151.9086
7018,43,10,0.1000,0.00005000,28.6605,465.8393,221.2837
7019,59,12,0.1000,0.00005000,28.5682,494.4750,207.9212
7020,208,20,0.1000,0.00005000,33.1762,511.2122,228.5912
7021,162,16,0.1000,0.00005000,32.7063,474.8111,226.8199
7022,82,12,0.1000,0.00005000,32.0214,508.6520,200.4062
7023,181,21,0.1000,0.00005000,32.5280,498.5281,223.8127
7024,637,36,0.1000,0.00005000,29.2532,526.4095,227.9912
7025,275,20,0.1000,0.00005000,36.8883,469.3073,294.7363
7026,97,14,0.1000,0.00005000,31.2288,487.1792,237.4030
7027,48,9,0.1000,0.00005000,33.7783,493.9729,199.6510
7028,35,8,0.1000,0.00005000,24.7179,462.1029,147.5055
7029,48,11,0.1000,0.00005000,36.7028,515.9976,209.4191
7030,80,14,0.1000,0.00005000,38.9563,504.0059,295.1934
7031,53,13,0.1000,0.00005000,26.8682,502.0728,216.0535
7032,130,18,0.1000,0.00005000,28.0992,535.4943,283.6843
7033,70,13,0.1000,0.00005000,32.8668,533.0453,196.6050
7034,146,21,0.1000,0.00005000,25.9301,524.5219,215.5634
7035,45,9,0.1000,0.00005000,28.1389,492.9402,245.0495
7036,95,14,0.1000,0.00005000,30.7492,474.7865,292.1556
7037,39,9,0.1000,0.00005000,27.2220,472.0858,213.3265
7038,85,12,0.1000,0.00005000,34.4387,505.8531,230.5938
7039,82,12,0.1000,0.00005000,31.0143,487.5054,372.8939
7040,161,20,0.1000,0.00005000,28.5331,510.0246,248.8112
7041,227,18,0.1000,0.00005000,32.7725,498.4817,197.6857
7042,490,29,0.1000,0.00005000,28.1290,481.8024,180.6041
7043,81,14,0.1000,0.00005000,31.3076,491.8945,205.2143
7044,78,12,0.1000,0.00005000,33.7691,515.8730,215.8366
7045,51,10,0.1000,0.00005000,31.7508,489.2856,211.2136
7046,87,14,0.1000,0.00005000,32.5446,505.4940,205.9575
7047,69,10,0.1000,0.00005000,24.6307,493.3642,155.1333
7048,222,19,0.1000,0.00005000,29.6354,497.7515,152.7645
7049,34,9,0.1000,0.00005000,37.1154,480.3479,182.9920
7050,106,12,0.1000,0.00005000,37.6384,522.7483,236.1733
7051,555,26,0.1000,0.00005000,30.3577,468.1950,237.9376
7052,30,7,0.1000,0.00005000,21.2309,484.0861,372.0084
7053,32,8,0.1000,0.00005000,38.1384,494.0782,254.5812
7054,81,13,0.1000,0.00005000,26.0581,484.2936,239.6366
7055,52,9,0.1000,0.00005000,31.2829,490.0149,340.3786
7056,172,20,0.1000,0.00005000,31.6133,510.5915,239.8633
7057,27,7,0.1000,0.00005000,27.0206,504.6450,191.8626
7058,131,19,0.1000,0.00005000,32.2292,482.9100,191.7661
7059,160,20,0.1000,0.00005000,27.3912,509.4982,176.2079
7060,59,12,0.1000,0.00005000,27.0438,496.4579,185.7821
7061,371,23,0.1000,0.00005000,33.7053,506.6291,208.0843
7062,276,17,0.1000,0.00005000,29.2497,479.9293,310.8498
7063,80,13,0.1000,0.00005000,32.7400,501.2743,270.6953
7064,22,6,0.1000,0.00005000,33.3498,498.1045,297.6442
7065,103,17,0.1000,0.00005000,38.0311,503.3792,218.8282
7066,427,29,0.1000,0.00005000,28.4060,503.5035,216.6249
7067,224,20,0.1000,0.00005000,24.2056,529.1569,230.1027
7068,89,16,0.1000,0.00005000,32.5743,510.3973,221.6039
7069,37,10,0.1000,0.00005000,37.9154,491.0498,158.2299
7070,149,20,0.1000,0.00005000,29.1199,486.9202,244.9119
7071,672,33,0.1000,0.00005000,28.8673,485.9142,195.2509
7072,93,15,0.1000,0.00005000,34.5041,493.9728,166.8390
7073,149,20,0.1000,0.00005000,28.3230,478.9458,222.8142
7074,180,17,0.1000,0.00005000,27.7820,504.2400,249.7278
7075,73,15,0.1000,0.00005000,30.5067,499.7496,178.5269
7076,108,15,0.1000,0.00005000,29.1345,516.6384,223.2104
7077,36,10,0.1000,0.00005000,26.9706,472.2923,244.5775
7078,46,10,0.1000,0.00005000,27.0975,500.8818,195.0390
7079,78,15,0.1000,0.00005000,35.5939,465.2179,137.6309
7080,92,16,0.1000,0.00005000,30.8019,488.3714,217.3499
7081,437,29,0.1000,0.00005000,28.8137,510.9447,216.2836
7082,71,12,0.1000,0.00005000,28.9572,474.6323,189.6332
7083,216,24,0.1000,0.00005000,35.9203,494.7731,277.9373
7084,33,8,0.1000,0.00005000,31.9752,483.9012,190.8638
7085,78,14,0.1000,0.00005000,32.4305,526.6959,227.4297
7086,37,9,0.1000,0.00005000,27.7833,478.8833,197.0884
7087,182,17,0.1000,0.00005000,29.8798,504.5980,187.5939
7088,74,14,0.1000,0.00005000,33.3116,492.0862,240.5804
7089,33,9,0.1000,0.00005000,32.1876,499.2351,198.3117
7090,116,14,0.1000,0.00005000,26.6166,491.0130,241.6958
7091,133,18,0.1000,0.00005000,32.4004,519.8363,276.9889
7092,357,26,0.1000,0.00005000,34.9467,506.1579,287.7930
7093,60,14,0.1000,0.00005000,30.9799,509.8334,197.3979
7094,48,9,0.1000,0.00005000,25.4196,487.4331,162.7324
7095,192,20,0.1000,0.00005000,30.2669,504.8960,259.2437
7096,40,12,0.1000,0.00005000,31.1270,475.2235,233.5689
7097,157,19,0.1000,0.00005000,31.0932,496.7854,237.6322
7098,128,20,0.1000,0.00005000,29.8810,487.9492,198.3983
7099,114,13,0.1000,0.00005000,37.7433,499.9630,222.0152
7100,58,12,0.1000,0.00005000,26.2117,492.9132,165.1692
7101,80,16,0.1000,0.00005000,29.0911,499.0766,173.2165
7102,38,9,0.1000,0.00005000,27.2139,505.7605,144.3569
7103,113,13,0.1000,0.00005000,27.4390,503.0214,194.1649
7104,23,6,0.1000,0.00005000,28.5796,502.3770,179.0879
7105,436,31,0.1000,0.00005000,30.3078,505.2291,189.5190
7106,131,17,0.1000,0.00005000,31.0182,518.7157,209.0928
7107,76,13,0.1000,0.00005000,29.8523,493.4999,190.0835
7108,162,19,0.1000,0.00005000,30.1901,505.7016,232.4964
7109,100,15,0.1000,0.00005000,35.6025,500.2909,166.5240
7110,229,21,0.1000,0.00005000,34.6650,497.3040,319.4684
7111,476,26,0.1000,0.00005000,36.0819,503.4301,263.7372
7112,32,6,0.1000,0.00005000,33.5505,486.9942,251.0619
7113,118,15,0.1000,0.00005000,31.8688,489.6954,208.8457
7114,156,19,0.1000,0.00005000,28.3092,518.2420,227.5824
7115,114,12,0.1000,0.00005000,28.8937,493.7744,240.2953
7116,52,11,0.1000,0.00005000,31.1127,485.5213,191.1589
7117,237,19,0.1000,0.00005000,28.1475,481.6205,289.4273
7118,54,12,0.1000,0.00005000,36.9325,497.2901,337.9486
7119,814,35,0.1000,0.00005000,34.3418,515.0498,202.3542
7120,118,15,0.1000,0.00005000,28.5460,495.6295,155.1419
7121,85,14,0.1000,0.00005000,25.8038,482.8527,239.7452
7122,89,15,0.1000,0.00005000,36.5696,497.4272,265.2696
7123,28,7,0.1000,0.00005000,26.9252,493.0786,201.5395
7124,154,14,0.1000,0.00005000,31.1323,484.2113,259.4441
7125,163,18,0.1000,0.00005000,36.6378,467.7828,249.9264
7126,310,26,0.1000,0.00005000,30.9835,512.2538,237.4371
7127,88,13,0.1000,0.00005000,27.3756,501.1478,205.3494
7128,164,25,0.1000,0.00005000,31.5013,480.2658,220.1931
7129,132,20,0.1000,0.00005000,27.3135,514.8205,194.6611
7130,85,14,0.1000,0.00005000,32.1990,517.0406,182.4930
7131,90,16,0.1000,0.00005000,31.0881,505.4049,248.6065
7132,165,22,0.1000,0.00005000,34.1105,498.3487,189.1071
7133,487,29,0.1000,0.00005000,30.3086,501.7324,226.6810
7134,116,13,0.1000,0.00005000,35.8930,501.3543,276.5651
7135,35,9,0.1000,0.00005000,27.2924,475.5030,276.9900
7136,268,23,0.1000,0.00005000,26.5262,508.0278,228.0247
7137,26,7,0.1000,0.00005000,26.0140,463.8915,191.0350
7138,82,13,0.1000,0.00005000,25.8524,491.8764,168.9123
7139,79,11,0.1000,0.00005000,28.2470,463.4436,214.6910
7140,187,20,0.1000,0.00005000,33.9116,487.3359,224.2380
7141,45,9,0.1000,0.00005000,35.6380,499.9525,223.8023
7142,96,17,0.1000,0.00005000,34.2936,484.2524,171.6673
7143,48,9,0.1000,0.00005000,38.3347,469.3932,209.5438
7144,129,18,0.1000,0.00005000,39.1319,493.6725,198.0774
7145,63,14,0.1000,0.00005000,26.8020,509.0600,225.6051
7146,470,29,0.1000,0.00005000,28.2724,501.6101,253.1002
7147,174,18,0.1000,0.00005000,34.6556,474.5293,222.1269
7148,48,10,0.1000,0.00005000,28.4510,498.5531,260.4103
7149,657,37,0.1000,0.00005000,35.9455,509.9786,197.0099
7150,104,17,0.1000,0.00005000,32.6790,514.5674,208.4319
7151,49,11,0.1000,0.00005000,30.4864,494.5102,251.3655
7152,36,8,0.1000,0.00005000,30.9092,475.9165,153.6246
7153,166,20,0.1000,0.00005000,30.7127,485.2938,207.2758
7154,93,15,0.1000,0.00005000,38.5550,475.0950,248.0273
7155,742,36,0.1000,0.00005000,29.7843,523.2066,199.3002
7156,556,34,0.1000,0.00005000,34.6674,521.7154,184.9173
7157,129,16,0.1000,0.00005000,33.8913,465.2792,260.4232
7158,34,10,0.1000,0.00005000,31.3059,485.8224,242.8981
7159,89,14,0.1000,0.00005000,31.9417,489.8712,248.2780
7160,316,25,0.1000,0.00005000,36.3356,494.8326,192.8499
7161,192,21,0.1000,0.00005000,32.2140,473.2623,210.8461
7162,82,13,0.1000,0.00005000,28.9693,497.2192,230.1772
7163,58,12,0.1000,0.00005000,33.2614,483.2992,201.8236
7164,81,13,0.1000,0.00005000,28.0259,495.7985,260.5296
7165,174,18,0.1000,0.00005000,28.3686,487.3871,221.4131
7166,254,26,0.1000,0.00005000,29.6979,488.8749,164.7096
7167,104,17,0.1000,0.00005000,37.9081,494.1935,220.3595
7168,221,19,0.1000,0.00005000,31.8881,536.4644,275.9260
7169,120,15,0.1000,0.00005000,31.9177,494.5477,233.7622
7170,581,37,0.1000,0.00005000,32.2291,529.5865,198.8950
7171,32,9,0.1000,0.00005000,30.2543,503.9097,201.7751
7172,72,12,0.1000,0.00005000,26.2668,449.8015,308.6882
7173,48,8,0.1000,0.00005000,26.6556,494.5329,183.3390
7174,55,12,0.1000,0.00005000,32.3485,500.2784,175.8808
7175,81,14,0.1000,0.00005000,29.2646,518.8202,216.5224
7176,70,13,0.1000,0.00005000,33.9703,488.6760,237.9951
7177,31,8,0.1000,0.00005000,23.7328,476.2863,206.6508
7178,131,16,0.1000,0.00005000,32.9580,457.6558,253.9275
7179,426,32,0.1000,0.00005000,31.2065,493.4862,243.8613
7180,55,12,0.1000,0.00005000,30.3369,498.2226,283.4701
7181,140,17,0.1000,0.00005000,37.4221,523.9948,194.5157
7182,57,10,0.1000,0.00005000,36.0407,484.4629,212.4879
7183,273,23,0.1000,0.00005000,28.9977,489.0472,205.9553
7184,31,8,0.1000,0.00005000,43.7975,469.6875,187.2638
7185,33,7,0.1000,0.00005000,20.3797,484.4341,150.1672
7186,68,11,0.1000,0.00005000,35.8217,490.8950,229.0762
7187,521,24,0.1000,0.00005000,31.4547,484.0634,194.3780
7188,32,8,0.1000,0.00005000,28.2178,480.6992,282.2554
7189,46,9,0.1000,0.00005000,33.9321,491.0725,199.2610
7190,666,30,0.1000,0.00005000,29.2936,487.1244,208.8750
7191,279,19,0.1000,0.00005000,24.4640,484.1465,181.7817
7192,35,7,0.1000,0.00005000,24.8439,477.5829,158.3169
7193,292,21,0.1000,0.00005000,24.8225,514.1836,196.3945
7194,124,16,0.1000,0.00005000,30.1876,526.5955,153.9597
7195,29,7,0.1000,0.00005000,30.4234,497.9291,223.3897
7196,57,11,0.1000,0.00005000,32.7327,478.6867,225.6685
7197,312,24,0.1000,0.00005000,35.8734,506.3675,245.7373
7198,83,16,0.1000,0.00005000,30.0928,498.5308,209.1354
7199,56,10,0.1000,0.00005000,30.1314,460.2028,219.9881
7200,39,10,0.1000,0.00005000,38.7159,492.4075,162.1817
7201,49,11,0.1000,0.00005000,30.1232,477.8657,246.3395
7202,84,16,0.1000,0.00005000,31.6152,455.7479,188.9158
7203,91,14,0.1000,0.00005000,27.7756,497.2749,227.2621
7204,35,9,0.1000,0.00005000,29.0392,475.6024,274.9387
7205,168,19,0.1000,0.00005000,26.1921,518.3488,235.2966
7206,59,12,0.1000,0.00005000,33.4425,462.2429,189.4519
7207,56,11,0.1000,0.00005000,36.0429,489.4650,254.0014
7208,69,10,0.1000,0.00005000,29.5372,479.8116,255.3360
7209,45,9,0.1000,0.00005000,30.9951,500.1190,210.2353
7210,55,11,0.1000,0.00005000,32.0442,482.0861,247.1200
7211,82,11,0.1000,0.00005000,28.4175,457.9762,247.0209
7212,113,12,0.1000,0.00005000,26.8543,519.6082,254.7789
7213,169,16,0.1000,0.00005000,33.2991,511.4703,265.1670
7214,79,12,0.1000,0.00005000,34.3184,477.5650,151.3992
7215,108,14,0.1000,0.00005000,27.5983,471.8031,192.8044
7216,98,17,0.1000,0.00005000,33.2693,493.9350,202.3548
7217,88,17,0.1000,0.00005000,30.5704,490.4094,207.3141
7218,113,12,0.1000,0.00005000,36.9341,475.0962,231.8017
7219,82,13,0.1000,0.00005000,41.1446,494.2480,164.9425
7220,85,13,0.1000,0.00005000,31.0912,493.9698,179.9434
7221,129,16,0.1000,0.00005000,29.2276,446.3757,199.5065
7222,48,10,0.1000,0.00005000,34.9367,490.4432,197.6232
7223,54,12,0.1000,0.00005000,26.6038,504.4833,220.7296
7224,379,33,0.1000,0.00005000,31.4064,452.2017,235.7914
7225,165,17,0.1000,0.00005000,29.7997,508.4072,216.9366
7226,216,25,0.1000,0.00005000,29.1624,515.6828,210.1032
7227,377,23,0.1000,0.00005000,32.6092,517.8056,184.2414
7228,47,11,0.1000,0.00005000,32.6800,496.1617,227.8689
7229,148,13,0.1000,0.00005000,29.6078,509.7798,208.8245
7230,91,17,0.1000,0.00005000,30.8734,499.9696,222.7548
7231,73,14,0.1000,0.00005000,31.1418,497.1042,209.7417
7232,227,20,0.1000,0.00005000,33.7870,488.6601,219.0580
7233,59,12,0.1000,0.00005000,29.1907,505.9490,241.5590
7234,319,25,0.1000,0.00005000,30.7315,499.4961,253.8996
7235,55,11,0.1000,0.00005000,31.4903,461.7741,213.0391
7236,52,11,0.1000,0.00005000,31.4711,493.4310,220.5819
7237,160,19,0.1000,0.00005000,26.2101,492.2937,180.8702
7238,184,20,0.1000,0.00005000,27.4519,500.2703,228.5952
7239,119,17,0.1000,0.00005000,38.0201,487.9469,160.0021
7240,234,22,0.1000,0.00005000,31.1015,504.4442,241.9243
7241,33,8,0.1000,0.00005000,38.0355,490.1417,356.1394
7242,214,21,0.1000,0.00005000,29.5908,487.2137,211.8032
7243,98,15,0.1000,0.00005000,32.6653,493.2939,249.9924
7244,246,20,0.1000,0.00005000,33.1084,505.5935,205.7268
7245,149,23,0.1000,0.00005000,31.6271,514.9223,213.2149
7246,63,14,0.1000,0.00005000,32.8817,475.6748,141.7115
7247,97,12,0.1000,0.00005000,30.5906,485.4969,135.2132
7248,198,22,0.1000,0.00005000,39.9338,494.9971,202.6836
7249,40,10,0.1000,0.00005000,34.7495,486.6025,285.2726
7250,71,14,0.1000,0.00005000,29.4861,482.1407,287.7658
7251,68,12,0.1000,0.00005000,33.7704,508.1702,171.3127
7252,174,22,0.1000,0.00005000,27.0538,494.2212,220.2464
7253,86,14,0.1000,0.00005000,35.7831,527.7497,179.0876
7254,82,13,0.1000,0.00005000,38.8456,478.8310,190.8497
7255,53,11,0.1000,0.00005000,27.3304,460.3458,255.3545
7256,82,13,0.1000,0.00005000,30.1888,494.3191,269.4093
7257,118,20,0.1000,0.00005000,36.3557,515.5905,242.7899
7258,234,21,0.1000,0.00005000,32.6039,499.3154,197.1709
7259,108,13,0.1000,0.00005000,36.3915,485.4777,219.2249
7260,59,13,0.1000,0.00005000,38.9146,512.6722,347.6903
7261,164,19,0.1000,0.00005000,30.2733,515.8918,293.7945
7262,52,10,0.1000,0.00005000,30.9592,510.4617,152.7660
7263,52,11,0.1000,0.00005000,33.2319,490.2044,180.9723
7264,37,9,0.1000,0.00005000,33.3422,513.7648,221.0123
7265,53,10,0.1000,0.00005000,28.4636,482.2268,207.3542
7266,45,9,0.1000,0.00005000,32.5463,499.1101,216.0129
7267,305,23,0.1000,0.00005000,27.6743,506.2306,169.0093
7268,57,11,0.1000,0.00005000,28.8189,516.7739,161.8473
7269,58,11,0.1000,0.00005000,24.3972,488.3218,192.2911
7270,126,19,0.1000,0.00005000,30.8978,509.6761,197.8401
7271,36,9,0.1000,0.00005000,21.1196,484.8118,274.0878
7272,79,12,0.1000,0.00005000,25.8669,479.9891,122.6301
7273,54,11,0.1000,0.00005000,36.0919,469.1965,216.8043
7274,146,17,0.1000,0.00005000,33.5050,497.1265,218.0506
7275,57,10,0.1000,0.00005000,42.0598,505.5436,194.5370
7276,187,19,0.1000,0.00005000,33.7564,502.7560,141.0471
7277,169,18,0.1000,0.00005000,34.4563,494.6883,230.7259
7278,36,9,0.1000,0.00005000,37.3315,508.9754,268.3655
7279,37,9,0.1000,0.00005000,24.6101,509.6314,242.3196
7280,31,7,0.1000,0.00005000,26.3525,449.6146,259.7934
7281,227,19,0.1000,0.00005000,30.6741,516.6339,181.9474
7282,79,11,0.1000,0.00005000,32.2269,479.8378,233.4704
7283,102,16,0.1000,0.00005000,28.7139,508.9001,143.8575
7284,80,12,0.1000,0.00005000,25.5885,506.4602,219.5687
7285,57,13,0.1000,0.00005000,35.2606,501.3516,286.2799
7286,136,18,0.1000,0.00005000,28.2693,508.7982,195.2230
7287,294,21,0.1000,0.00005000,33.3343,494.7085,194.1398
7288,188,16,0.1000,0.00005000,30.8914,460.2276,189.2261
7289,77,15,0.1000,0.00005000,23.3901,497.2309,188.0415
7290,56,12,0.1000,0.00005000,23.3071,481.6173,230.3108
7291,69,13,0.1000,0.00005000,28.4200,498.8921,190.7033
7292,84,10,0.1000,0.00005000,32.7427,477.2822,234.9326
7293,119,16,0.1000,0.00005000,33.1386,507.5384,227.2796
7294,35,9,0.1000,0.00005000,36.9510,480.7775,165.6860
7295,33,8,0.1000,0.00005000,33.5580,496.7980,230.0274
7296,50,8,0.1000,0.00005000,33.5864,525.7540,182.1885
7297,282,16,0.1000,0.00005000,33.7538,474.8234,164.1591
7298,140,18,0.1000,0.00005000,29.4105,506.5136,207.9815
7299,595,33,0.1000,0.00005000,30.5633,510.3658,192.7288
7300,35,8,0.1000,0.00005000,24.4612,469.6742,252.1993
7301,55,12,0.1000,0.00005000,35.1540,512.6310,181.9005
7302,79,16,0.1000,0.00005000,36.1133,485.0416,210.4040
7303,373,26,0.1000,0.00005000,30.2025,506.1149,174.0025
7304,420,28,0.1000,0.00005000,30.8303,485.9818,222.5574
7305,74,11,0.1000,0.00005000,37.6510,498.9418,235.5486
7306,129,17,0.1000,0.00005000,38.1705,491.5169,220.8788
7307,56,11,0.1000,0.00005000,35.1221,490.7929,222.3696
7308,129,17,0.1000,0.00005000,33.2794,456.7273,275.9300
7309,364,24,0.1000,0.00005000,29.2356,517.1607,211.3952
7310,67,11,0.1000,0.00005000,31.1903,466.7763,181.7577
7311,86,14,0.1000,0.00005000,28.0053,496.2968,171.6116
7312,76,12,0.1000,0.00005000,30.2995,501.3495,233.5593
7313,114,14,0.1000,0.00005000,33.9038,496.6474,280.0749
7314,306,23,0.1000,0.00005000,33.0940,522.0995,195.6518
7315,58,11,0.1000,0.00005000,38.4759,504.6193,132.0880
7316,103,17,0.1000,0.00005000,26.2051,502.4973,253.8588
7317,297,25,0.1000,0.00005000,29.9234,492.3168,163.9749
7318,39,9,0.1000,0.00005000,32.5871,506.9772,205.0440
7319,35,9,0.1000,0.00005000,22.9150,464.2282,290.9669
7320,47,11,0.1000,0.00005000,28.5284,507.9577,212.0281
7321,81,12,0.1000,0.00005000,36.4990,498.3268,307.1053
7322,252,22,0.1000,0.00005000,29.3832,509.7467,209.0688
7323,60,12,0.1000,0.00005000,26.5687,491.3493,173.0889
7324,290,22,0.1000,0.00005000,35.2713,508.4950,195.3730
7325,34,8,0.1000,0.00005000,36.1600,494.7815,228.2729
7326,33,8,0.1000,0.00005000,41.3855,461.7629,174.7526
7327,478,26,0.1000,0.00005000,33.1179,492.3836,254.6095
7328,369,25,0.1000,0.00005000,33.4504,489.6591,182.4815
7329,58,11,0.1000,0.00005000,31.2931,494.7227,249.4921
7330,178,19,0.1000,0.00005000,29.8396,512.2367,169.1756
7331,35,8,0.1000,0.00005000,30.1977,484.3081,153.5258
7332,147,22,0.1000,0.00005000,31.9931,494.4965,196.5334
7333,293,21,0.1000,0.00005000,33.5954,501.3452,293.4768
7334,478,27,0.1000,0.00005000,30.2881,489.1180,206.3467
7335,32,8,0.1000,0.00005000,26.6917,457.8009,183.5508
7336,274,25,0.1000,0.00005000,31.0050,497.1672,224.4691
7337,137,18,0.1000,0.00005000,35.4469,496.5813,219.8928
7338,69,14,0.1000,0.00005000,27.0337,496.2217,315.0098
7339,54,9,0.1000,0.00005000,25.8503,524.6119,208.7695
7340,36,9,0.1000,0.00005000,32.0255,492.8780,251.4991
7341,263,26,0.1000,0.00005000,31.0537,506.7745,305.8434
7342,289,19,0.1000,0.00005000,32.2622,488.6893,185.3014
7343,56,11,0.1000,0.00005000,37.1214,495.5287,245.2018
7344,77,11,0.1000,0.00005000,31.9159,509.9248,282.2986
7345,166,15,0.1000,0.00005000,29.5318,512.2695,174.1693
7346,188,19,0.1000,0.00005000,34.7552,518.1225,206.9772
7347,355,20,0.1000,0.00005000,33.3325,517.4862,203.0820
7348,64,13,0.1000,0.00005000,30.0723,496.4386,245.3600
7349,101,17,0.1000,0.00005000,33.7981,507.2298,236.0962
7350,33,8,0.1000,0.00005000,33.2882,497.5259,204.0513
7351,109,15,0.1000,0.00005000,31.9255,506.7982,270.4267
7352,456,34,0.1000,0.00005000,33.6611,461.0109,175.5528
7353,64,12,0.1000,0.00005000,22.5082,475.5466,209.8048
7354,39,10,0.1000,0.00005000,32.2098,483.1402,173.1543
7355,299,24,0.1000,0.00005000,30.2190,496.5433,214.6202
7356,58,11,0.1000,0.00005000,27.4891,479.7064,230.3493
7357,28,8,0.1000,0.00005000,25.6772,505.1860,249.0136
7358,109,17,0.1000,0.00005000,32.4090,488.8471,181.9798
7359,171,18,0.1000,0.00005000,25.1937,514.2080,181.0067
7360,55,12,0.1000,0.00005000,36.6973,476.7465,185.2444
7361,82,14,0.1000,0.00005000,31.0210,511.3472,180.4434
7362,245,22,0.1000,0.00005000,25.8379,498.2896,303.5504
7363,42,10,0.1000,0.00005000,28.9390,499.4683,265.9526
7364,58,11,0.1000,0.00005000,30.6503,485.5578,272.6090
7365,123,17,0.1000,0.00005000,34.9309,479.1180,204.5332
7366,231,20,0.1000,0.00005000,44.2237,496.2830,224.6315
7367,59,13,0.1000,0.00005000,37.1844,489.2282,209.1024
7368,45,9,0.1000,0.00005000,30.3255,492.7234,141.2451
7369,79,14,0.1000,0.00005000,27.5411,434.8626,175.7743
7370,235,20,0.1000,0.00005000,31.6608,504.4477,174.2411
7371,122,16,0.1000,0.00005000,33.0782,494.4441,237.6400
7372,75,9,0.1000,0.00005000,33.1158,488.0652,192.4091
7373,74,12,0.1000,0.00005000,35.2120,465.7025,189.2223
7374,72,12,0.1000,0.00005000,25.3455,454.5716,222.1062
7375,309,21,0.1000,0.00005000,35.9676,502.6015,218.2550
7376,33,9,0.1000,0.00005000,35.7066,495.4671,151.5224
7377,105,15,0.1000,0.00005000,30.2744,486.6326,141.3340
7378,29,8,0.1000,0.00005000,33.9166,490.0440,177.3588
7379,51,10,0.1000,0.00005000,24.6766,503.0000,264.1938
7380,87,15,0.1000,0.00005000,32.3606,498.1192,215.2256
7381,140,18,0.1000,0.00005000,33.5585,488.9599,161.6910
7382,99,16,0.1000,0.00005000,27.2295,514.5614,195.1362
7383,52,10,0.1000,0.00005000,27.6816,455.7405,377.6019
7384,74,14,0.1000,0.00005000,31.3115,470.1152,213.0493
7385,170,17,0.1000,0.00005000,34.4812,500.1523,177.5273
7386,224,19,0.1000,0.00005000,34.7250,496.9852,206.1069
7387,65,12,0.1000,0.00005000,35.4920,518.4439,197.8263
7388,32,9,0.1000,0.00005000,25.2511,482.9933,132.7252
7389,112,12,0.1000,0.00005000,34.3907,498.5916,205.5671
7390,118,15,0.1000,0.00005000,23.8124,446.4874,206.6543
7391,82,14,0.1000,0.00005000,31.5390,512.7844,198.7461
7392,56,13,0.1000,0.00005000,19.6297,492.9739,208.2560
7393,40,9,0.1000,0.00005000,31.0059,482.3363,199.7306
7394,243,22,0.1000,0.00005000,31.8405,511.6714,186.6123
7395,318,28,0.1000,0.00005000,25.3719,496.2757,193.6702
7396,49,9,0.1000,0.00005000,35.8293,489.5643,177.3227
7397,24,6,0.1000,0.00005000,23.8334,488.7126,258.8924
7398,81,15,0.1000,0.00005000,35.1652,508.4375,179.2666
7399,32,8,0.1000,0.00005000,17.6906,499.2889,145.3310
7400,190,20,0.1000,0.00005000,34.6858,487.4808,193.4397
7401,123,15,0.1000,0.00005000,36.6580,452.4014,196.6480
7402,39,10,0.1000,0.00005000,28.1325,490.0286,208.8856
7403,114,14,0.1000,0.00005000,30.4839,494.1607,298.3179
7404,539,29,0.1000,0.00005000,30.9493,514.8784,259.7703
7405,37,9,0.1000,0.00005000,29.6735,478.2400,303.5805
7406,378,34,0.1000,0.00005000,33.9232,503.1514,365.8299
7407,72,10,0.1000,0.00005000,30.7759,513.9961,201.0562
7408,53,11,0.1000,0.00005000,30.5183,515.1369,184.0274
7409,299,19,0.1000,0.00005000,30.8001,517.9355,237.0794
7410,51,10,0.1000,0.00005000,39.2351,470.0931,297.5860
7411,84,15,0.1000,0.00005000,31.5023,474.2827,189.6714
7412,34,10,0.1000,0.00005000,36.7159,480.4212,266.9216
7413,77,14,0.1000,0.00005000,38.2347,494.2571,177.9485
7414,81,14,0.1000,0.00005000,35.1708,507.5171,193.5559
7415,120,15,0.1000,0.00005000,25.3043,500.3907,237.8006
7416,84,14,0.1000,0.00005000,29.3815,487.1167,194.3330
7417,30,7,0.1000,0.00005000,28.3701,488.9460,113.3113
7418,94,14,0.1000,0.00005000,21.6394,483.6264,181.3504
7419,54,12,0.1000,0.00005000,29.8237,478.0572,309.0065
7420,366,31,0.1000,0.00005000,34.1471,517.1067,228.4380
7421,86,14,0.1000,0.00005000,33.7563,510.8524,139.7382
7422,155,20,0.1000,0.00005000,33.2012,504.1921,144.9580
7423,38,9,0.1000,0.00005000,35.1446,475.0540,163.3451
7424,36,9,0.1000,0.00005000,29.5384,502.1845,241.4936
7425,127,17,0.1000,0.00005000,27.5467,485.8052,235.5652
7426,34,8,0.1000,0.00005000,31.1438,512.8713,183.2562
7427,53,10,0.1000,0.00005000,30.3540,455.2158,191.3796
7428,47,11,0.1000,0.00005000,35.9257,526.4826,212.1757
7429,74,15,0.1000,0.00005000,33.4746,492.2286,222.0311
7430,87,14,0.1000,0.00005000,32.7484,476.1273,231.7476
7431,198,20,0.1000,0.00005000,30.2535,484.5818,209.8122
7432,59,14,0.1000,0.00005000,25.6286,503.5243,226.6926
7433,415,31,0.1000,0.00005000,31.8432,506.2248,225.1417
7434,88,12,0.1000,0.00005000,23.7060,495.2903,225.9957
7435,294,20,0.1000,0.00005000,28.8108,495.4200,163.3147
7436,586,29,0.1000,0.00005000,31.5288,495.6812,218.5195
7437,34,7,0.1000,0.00005000,38.7578,495.4739,229.8167
7438,43,9,0.1000,0.00005000,26.9950,507.7341,194.2841
7439,164,15,0.1000,0.00005000,32.2258,501.5059,247.2689
7440,404,26,0.1000,0.00005000,29.7249,492.8649,214.2878
7441,68,12,0.1000,0.00005000,37.1127,503.9766,151.8139
7442,34,9,0.1000,0.00005000,26.4048,506.2711,181.9806
7443,54,12,0.1000,0.00005000,32.9334,497.6423,208.0947
7444,252,26,0.1000,0.00005000,29.0803,492.7898,240.6829
7445,26,6,0.1000,0.00005000,34.1551,506.1981,166.5210
7446,209,25,0.1000,0.00005000,32.2039,505.3290,252.4603
7447,36,8,0.1000,0.00005000,36.1484,491.5518,293.6852
7448,49,10,0.1000,0.00005000,28.2547,486.2269,294.6892
7449,229,19,0.1000,0.00005000,32.7503,503.4207,312.6291
7450,36,9,0.1000,0.00005000,39.3558,506.9578,329.8553
7451,32,9,0.1000,0.00005000,34.4283,509.5328,322.3568
7452,85,16,0.1000,0.00005000,23.6730,481.3452,369.1046
7453,84,15,0.1000,0.00005000,31.1273,504.6312,332.6200
7454,174,19,0.1000,0.00005000,22.0597,469.8726,311.8567
7455,78,13,0.1000,0.00005000,26.5296,508.7307,215.7459
7456,35,9,0.1000,0.00005000,26.1350,441.2757,182.6202
7457,32,8,0.1000,0.00005000,21.8990,514.3061,195.2608
7458,82,13,0.1000,0.00005000,37.4708,510.2976,220.7511
7459,55,11,0.1000,0.00005000,31.3870,501.0795,201.5907
7460,73,11,0.1000,0.00005000,31.7248,497.1326,262.1366
7461,84,14,0.1000,0.00005000,34.6456,488.0105,182.9436
7462,93,14,0.1000,0.00005000,39.2369,520.4186,183.2223
7463,176,18,0.1000,0.00005000,30.7838,491.8085,181.1303
7464,85,14,0.1000,0.00005000,33.9647,491.8796,224.3905
7465,56,10,0.1000,0.00005000,24.4900,480.7249,203.9577
7466,69,15,0.1000,0.00005000,29.6869,516.6734,230.1486
7467,119,13,0.1000,0.00005000,38.8215,506.4247,233.1743
7468,68,9,0.1000,0.00005000,30.4254,499.5161,257.2608
7469,154,24,0.1000,0.00005000,25.8812,525.0591,257.2975
7470,31,8,0.1000,0.00005000,31.1740,496.3395,134.8011
7471,166,17,0.1000,0.00005000,33.9226,484.6309,264.9377
7472,583,28,0.1000,0.00005000,34.1060,503.0861,254.3879
7473,99,17,0.1000,0.00005000,33.1041,495.2159,165.9999
7474,38,9,0.1000,0.00005000,32.4063,487.0099,146.2482
7475,227,17,0.1000,0.00005000,30.6961,504.0588,232.9355
7476,64,13,0.1000,0.00005000,27.7822,507.2346,245.5018
7477,78,11,0.1000,0.00005000,23.4617,512.9366,291.5164
7478,152,20,0.1000,0.00005000,29.5227,512.7396,185.6160
7479,51,11,0.1000,0.00005000,30.3707,519.4896,251.9236
7480,176,15,0.1000,0.00005000,42.0470,494.8699,240.9750
7481,56,11,0.1000,0.00005000,30.9775,497.1969,234.9759
7482,142,15,0.1000,0.00005000,34.3376,492.3165,185.9837
7483,56,10,0.1000,0.00005000,26.2991,511.0531,362.6261
7484,28,6,0.1000,0.00005000,27.8453,487.1357,200.5493
7485,66,12,0.1000,0.00005000,32.3212,510.6523,172.6658
7486,470,27,0.1000,0.00005000,37.2665,489.1912,198.9070
7487,273,31,0.1000,0.00005000,27.4495,499.4177,229.0611
7488,61,14,0.1000,0.00005000,31.9098,502.9753,213.7093
7489,44,11,0.1000,0.00005000,31.6937,493.8893,138.2464
7490,126,18,0.1000,0.00005000,29.2665,524.5984,173.2514
7491,119,15,0.1000,0.00005000,28.7719,502.6733,177.1735
7492,61,13,0.1000,0.00005000,27.3327,490.5478,221.5168
7493,73,13,0.1000,0.00005000,27.8203,498.3816,172.4912
7494,305,21,0.1000,0.00005000,25.7192,488.4806,208.4074
7495,304,25,0.1000,0.00005000,27.1543,477.9860,220.0304
7496,476,27,0.1000,0.00005000,26.2382,507.2620,190.2150
7497,117,14,0.1000,0.00005000,35.4744,507.5396,275.0629
7498,66,11,0.1000,0.00005000,33.9600,490.1578,151.1541
7499,276,26,0.1000,0.00005000,27.6263,510.9127,190.9297
7500,163,19,0.1000,0.00005000,39.4024,491.3710,252.0663
7501,177,22,0.1000,0.00005000,32.5724,475.0722,230.6209
7502,56,13,0.1000,0.00005000,29.5400,480.4251,239.8897
7503,188,21,0.1000,0.00005000,26.3169,506.2781,169.0428
7504,84,13,0.1000,0.00005000,36.3130,499.5142,203.8338
7505,40,10,0.1000,0.00005000,26.7952,498.3963,232.7696
7506,43,11,0.1000,0.00005000,27.9286,481.4446,224.0058
7507,83,12,0.1000,0.00005000,29.8914,489.3438,201.5782
7508,50,12,0.1000,0.00005000,31.5404,507.7455,156.1637
7509,148,16,0.1000,0.00005000,25.1873,493.7918,170.8637
7510,39,11,0.1000,0.00005000,34.4558,515.5855,124.6739
7511,93,13,0.1000,0.00005000,26.5794,490.3330,186.3079
7512,120,14,0.1000,0.00005000,26.9754,509.5990,268.3240
7513,107,17,0.1000,0.00005000,28.1822,505.9868,167.2621
7514,51,11,0.1000,0.00005000,33.9008,500.2688,220.6496
7515,54,12,0.1000,0.00005000,33.7669,504.8171,152.2438
7516,69,13,0.1000,0.00005000,26.8402,503.8440,178.2887
7517,70,12,0.1000,0.00005000,34.0749,486.4358,157.3913
7518,342,32,0.1000,0.00005000,30.8282,503.5470,189.9363
7519,381,35,0.1000,0.00005000,32.4967,493.6732,205.0998
7520,107,16,0.1000,0.00005000,29.7900,480.4428,174.9305
7521,83,11,0.1000,0.00005000,26.7181,492.4455,217.0749
7522,93,12,0.1000,0.00005000,31.9449,504.4309,271.5644
7523,72,15,0.1000,0.00005000,30.4161,476.6028,247.5044
7524,56,12,0.1000,0.00005000,32.2546,499.4387,189.0707
7525,184,20,0.1000,0.00005000,32.7644,505.0635,222.1402
7526,24,7,0.1000,0.00005000,17.5605,503.8791,158.8345
7527,36,9,0.1000,0.00005000,30.8709,483.4887,210.8008
7528,80,12,0.1000,0.00005000,23.9411,491.9010,169.3124
7529,266,27,0.1000,0.00005000,35.4262,481.8937,147.1429
7530,57,14,0.1000,0.00005000,32.6635,502.9094,206.6156
7531,581,30,0.1000,0.00005000,30.2169,505.7583,207.6811
7532,135,18,0.1000,0.00005000,34.1923,502.1029,198.3231
7533,102,16,0.1000,0.00005000,30.4228,465.1726,201.8137
7534,68,12,0.1000,0.00005000,33.3268,523.6457,208.1187
7535,174,22,0.1000,0.00005000,30.4348,511.1645,234.6814
7536,121,17,0.1000,0.00005000,32.3457,499.4868,146.2906
7537,39,9,0.1000,0.00005000,37.2862,471.1095,281.6883
7538,313,25,0.1000,0.00005000,33.0029,490.7480,168.2173
7539,616,32,0.1000,0.00005000,28.4006,507.3995,211.4003
7540,22,6,0.1000,0.00005000,27.9156,495.3371,165.9535
7541,81,13,0.1000,0.00005000,32.5761,481.0610,196.6362
7542,312,24,0.1000,0.00005000,34.2515,488.7509,190.6152
7543,255,21,0.1000,0.00005000,28.3500,525.5191,175.6245
7544,69,13,0.1000,0.00005000,28.0695,492.9368,214.9380
7545,55,10,0.1000,0.00005000,29.8223,483.7207,116.9088
7546,89,13,0.1000,0.00005000,24.7471,495.6596,216.6106
7547,39,8,0.1000,0.00005000,37.7119,502.4181,198.8507
7548,298,26,0.1000,0.00005000,26.6993,519.4098,236.5910
7549,206,16,0.1000,0.00005000,33.4560,512.4777,178.2564
7550,75,11,0.1000,0.00005000,34.0733,470.7653,178.0502
7551,95,12,0.1000,0.00005000,30.9851,487.5050,183.5800
7552,31,8,0.1000,0.00005000,29.7342,457.6216,207.8930
7553,53,11,0.1000,0.00005000,33.8172,480.2860,241.7887
7554,124,16,0.1000,0.00005000,29.2869,498.8512,157.5011
7555,132,17,0.1000,0.00005000,31.8098,518.9868,199.4322
7556,51,8,0.1000,0.00005000,33.9788,480.0191,279.2922
7557,49,11,0.1000,0.00005000,36.3998,510.3424,357.1353
7558,110,14,0.1000,0.00005000,28.7824,506.8209,252.9142
7559,53,10,0.1000,0.00005000,31.4788,462.4291,248.3256
7560,250,24,0.1000,0.00005000,27.3985,502.2245,179.8106
7561,238,27,0.1000,0.00005000,30.5148,519.6090,231.2070
7562,225,21,0.1000,0.00005000,38.4440,485.6667,188.7506
7563,121,15,0.1000,0.00005000,29.4697,505.5421,241.2045
7564,128,19,0.1000,0.00005000,25.4954,490.5832,216.9093
7565,78,12,0.1000,0.00005000,32.4563,503.2883,213.6559
7566,226,19,0.1000,0.00005000,30.7618,501.5225,145.7593
7567,54,11,0.1000,0.00005000,29.5323,490.9437,171.4033
7568,136,16,0.1000,0.00005000,30.1732,497.3753,209.9660
7569,36,9,0.1000,0.00005000,27.1185,496.3006,216.1263
7570,79,13,0.1000,0.00005000,31.7337,503.1018,146.2246
7571,37,10,0.1000,0.00005000,29.3636,486.5455,233.3399
7572,42,11,0.1000,0.00005000,35.7727,427.9833,203.5295
7573,109,16,0.1000,0.00005000,30.8659,493.5795,211.2494
7574,95,16,0.1000,0.00005000,29.0066,518.1411,241.7846
7575,89,16,0.1000,0.00005000,31.5205,508.4620,200.7127
7576,41,8,0.1000,0.00005000,23.1424,495.5559,160.0316
7577,143,19,0.1000,0.00005000,22.3739,500.9719,161.7326
7578,474,35,0.1000,0.00005000,29.8673,494.9980,188.4590
7579,56,12,0.1000,0.00005000,29.9130,509.7773,188.0716
7580,236,25,0.1000,0.00005000,26.8067,509.9169,235.5963
7581,74,11,0.1000,0.00005000,24.5611,509.3260,196.2691
7582,135,17,0.1000,0.00005000,33.9949,498.6484,193.8439
7583,84,15,0.1000,0.00005000,33.7925,475.9612,270.9937
7584,32,8,0.1000,0.00005000,32.9667,500.1967,207.6923
7585,212,18,0.1000,0.00005000,28.2545,490.8102,165.1117
7586,168,18,0.1000,0.00005000,31.6327,505.1405,183.5862
7587,51,12,0.1000,0.00005000,26.9403,520.0302,171.7590
7588,106,14,0.1000,0.00005000,30.4915,489.3895,120.1888
7589,136,16,0.1000,0.00005000,27.7940,482.8114,185.9343
7590,78,13,0.1000,0.00005000,38.2154,510.8019,190.9710
7591,41,9,0.1000,0.00005000,30.1648,499.9889,176.1166
7592,209,23,0.1000,0.00005000,32.3221,493.7553,155.4855
7593,215,25,0.1000,0.00005000,25.2363,498.7041,181.6019
7594,94,14,0.1000,0.00005000,28.8560,446.7660,164.5797
7595,103,16,0.1000,0.00005000,30.7293,514.1216,241.6945
7596,124,16,0.1000,0.00005000,39.5614,526.9252,218.6056
7597,36,9,0.1000,0.00005000,28.0211,486.5638,214.2893
7598,66,10,0.1000,0.00005000,32.4645,484.4907,168.5410
7599,63,13,0.1000,0.00005000,24.2813,501.7090,211.9764
7600,120,15,0.1000,0.00005000,30.4743,496.2596,217.6310
7601,102,12,0.1000,0.00005000,24.0923,473.3298,162.0250
7602,224,19,0.1000,0.00005000,29.6689,504.4506,172.8093
7603,58,11,0.1000,0.00005000,32.4301,490.4094,248.1882
7604,41,8,0.1000,0.00005000,39.6553,478.5628,299.2629
7605,120,16,0.1000,0.00005000,28.5687,456.7261,273.1550
7606,56,11,0.1000,0.00005000,24.7968,470.2503,306.4506
7607,80,11,0.1000,0.00005000,27.7784,483.2403,214.8574
7608,251,21,0.1000,0.00005000,33.4842,497.7824,218.3773
7609,119,13,0.1000,0.00005000,27.6717,503.1421,188.8457
7610,115,17,0.1000,0.00005000,32.5585,503.2381,264.0362
7611,56,13,0.1000,0.00005000,32.1630,518.6311,179.7421
7612,58,11,0.1000,0.00005000,32.3993,461.5260,308.4290
7613,181,18,0.1000,0.00005000,27.3880,496.6590,203.6526
7614,44,8,0.1000,0.00005000,34.4628,491.0181,206.7399
7615,171,19,0.1000,0.00005000,34.3008,495.3987,172.9460
7616,74,15,0.1000,0.00005000,29.8903,511.5945,173.4566
7617,59,14,0.1000,0.00005000,27.8679,519.9413,197.0018
7618,86,16,0.1000,0.00005000,30.7518,508.6246,233.6354
7619,60,12,0.1000,0.00005000,31.0118,471.1043,188.7350
7620,70,14,0.1000,0.00005000,25.7094,493.1723,137.2094
7621,224,18,0.1000,0.00005000,29.8886,460.2812,188.6887
7622,116,16,0.1000,0.00005000,30.7990,490.5280,254.6210
7623,451,26,0.1000,0.00005000,33.4281,516.4418,198.4260
7624,230,19,0.1000,0.00005000,34.4354,500.3456,181.9740
7625,370,22,0.1000,0.00005000,30.9271,472.0035,213.5298
7626,113,11,0.1000,0.00005000,34.0529,506.0323,230.3065
7627,38,9,0.1000,0.00005000,36.7153,480.2306,167.5942
7628,551,26,0.1000,0.00005000,31.8284,496.3417,216.0797
7629,74,12,0.1000,0.00005000,30.3757,514.2185,157.8085
7630,205,28,0.1000,0.00005000,28.1239,503.4088,247.9663
7631,36,9,0.1000,0.00005000,29.4603,510.5666,170.3648
7632,86,12,0.1000,0.00005000,29.1322,490.4673,343.0846
7633,43,11,0.1000,0.00005000,29.2595,473.8940,229.4878
7634,119,15,0.1000,0.00005000,22.5451,500.0224,204.5421
7635,146,17,0.1000,0.00005000,31.3730,506.5770,178.7677
7636,131,17,0.1000,0.00005000,36.0717,494.7457,260.8108
7637,404,26,0.1000,0.00005000,32.4014,497.0660,241.3003
7638,58,12,0.1000,0.00005000,32.2756,485.9709,168.1743
7639,281,26,0.1000,0.00005000,31.8974,488.0826,223.6489
7640,315,26,0.1000,0.00005000,35.0939,484.5543,197.4791
7641,56,12,0.1000,0.00005000,33.9536,489.1128,239.8344
7642,367,22,0.1000,0.00005000,29.4630,521.1473,165.9418
7643,33,8,0.1000,0.00005000,23.1392,490.6413,196.5527
7644,55,12,0.1000,0.00005000,30.1683,512.7863,292.4378
7645,74,16,0.1000,0.00005000,30.9203,535.7713,292.1478
7646,32,7,0.1000,0.00005000,23.5551,484.0185,269.0668
7647,161,23,0.1000,0.00005000,33.7742,520.7382,289.9562
7648,277,25,0.1000,0.00005000,30.1852,525.6129,255.5733
7649,217,22,0.1000,0.00005000,31.3002,508.0522,210.2313
7650,60,12,0.1000,0.00005000,29.3577,467.9055,197.9676
7651,51,11,0.1000,0.00005000,24.7651,513.5184,194.7085
7652,98,14,0.1000,0.00005000,36.0305,493.4147,223.7182
7653,141,19,0.1000,0.00005000,29.3467,510.9613,186.0389
7654,94,14,0.1000,0.00005000,34.6625,486.4544,264.4741
7655,38,8,0.1000,0.00005000,30.5207,521.8176,167.8534
7656,230,17,0.1000,0.00005000,43.6407,481.7117,209.5638
7657,657,35,0.1000,0.00005000,39.0901,513.7478,209.7240
7658,178,21,0.1000,0.00005000,30.1249,487.5545,177.3161
7659,100,16,0.1000,0.00005000,24.1959,504.6571,226.7014
7660,53,12,0.1000,0.00005000,37.6031,505.5671,247.5354
7661,74,14,0.1000,0.00005000,30.2949,493.1230,184.6635
7662,128,19,0.1000,0.00005000,25.0594,486.8492,193.4174
7663,31,8,0.1000,0.00005000,24.4128,482.7363,230.1085
7664,57,11,0.1000,0.00005000,28.9007,453.3788,210.2781
7665,86,16,0.1000,0.00005000,33.5934,514.3881,196.9128
7666,92,16,0.1000,0.00005000,29.0594,482.2844,174.1658
7667,176,20,0.1000,0.00005000,30.0681,484.6661,177.7048
7668,55,12,0.1000,0.00005000,36.1275,518.1826,231.6417
7669,52,11,0.1000,0.00005000,36.9150,488.7735,189.0264
7670,55,12,0.1000,0.00005000,25.6129,487.8003,208.1140
7671,36,8,0.1000,0.00005000,24.6084,495.5154,217.9505
7672,35,8,0.1000,0.00005000,31.2155,486.0361,182.1882
7673,227,18,0.1000,0.00005000,28.9962,480.9738,301.2126
7674,72,13,0.1000,0.00005000,27.4295,488.8395,195.1118
7675,41,10,0.1000,0.00005000,35.3935,473.5625,203.6677
7676,40,9,0.1000,0.00005000,37.9815,479.7915,221.7034
7677,76,12,0.1000,0.00005000,31.8151,502.4997,230.2651
7678,110,13,0.1000,0.00005000,29.2272,480.2206,346.6603
7679,54,10,0.1000,0.00005000,33.1588,488.1487,179.7042
7680,51,11,0.1000,0.00005000,32.7197,485.5457,191.4132
7681,59,12,0.1000,0.00005000,35.4823,492.5401,191.7311
7682,87,12,0.1000,0.00005000,34.4131,487.7311,167.1615
7683,149,14,0.1000,0.00005000,30.7522,492.1112,158.8749
7684,102,17,0.1000,0.00005000,30.0944,467.7680,213.5534
7685,168,21,0.1000,0.00005000,36.2392,498.9960,197.6233
7686,34,8,0.1000,0.00005000,27.1833,512.8418,178.0785
7687,167,18,0.1000,0.00005000,31.4576,518.1302,320.8042
7688,208,22,0.1000,0.00005000,34.5505,495.1146,203.0510
7689,227,21,0.1000,0.00005000,33.7222,527.1801,187.4909
7690,147,21,0.1000,0.00005000,32.5415,494.2121,217.9976
7691,54,13,0.1000,0.00005000,37.7325,498.8802,174.3770
7692,129,18,0.1000,0.00005000,27.7688,455.9953,206.7643
7693,32,8,0.1000,0.00005000,39.9801,492.1707,337.7546
7694,301,20,0.1000,0.00005000,33.5003,500.0979,294.2046
7695,141,18,0.1000,0.00005000,30.5119,500.8826,261.0653
7696,38,9,0.1000,0.00005000,34.1129,493.3376,237.3987
7697,38,10,0.1000,0.00005000,31.5949,519.7493,484.9625
7698,58,11,0.1000,0.00005000,29.1706,467.8297,202.7166
7699,39,10,0.1000,0.00005000,34.2941,488.5529,262.6082
7700,121,18,0.1000,0.00005000,30.4725,515.5364,183.6316
7701,1075,48,0.1000,0.00005000,31.8552,517.7646,237.9094
7702,258,26,0.1000,0.00005000,28.9850,506.6070,250.0755
7703,72,13,0.1000,0.00005000,31.6697,486.7944,181.5190
7704,2159,59,0.1000,0.00005000,31.1885,535.4981,209.4838
7705,215,23,0.1000,0.00005000,33.4322,498.1067,190.5396
7706,139,19,0.1000,0.00005000,27.2377,494.3195,153.3010
7707,55,12,0.1000,0.00005000,27.0442,515.3471,179.0976
7708,47,9,0.1000,0.00005000,31.7192,450.4816,184.2282
7709,267,26,0.1000,0.00005000,36.0161,482.8868,254.3089
7710,70,12,0.1000,0.00005000,31.3602,502.7685,201.9338
7711,87,13,0.1000,0.00005000,33.2753,472.9975,271.8005
7712,85,13,0.1000,0.00005000,31.4706,497.9311,335.0605
7713,121,15,0.1000,0.00005000,38.2300,488.7803,232.7785
7714,38,10,0.1000,0.00005000,31.1859,450.3369,250.7177
7715,101,17,0.1000,0.00005000,29.3578,528.6999,242.9068
7716,172,18,0.1000,0.00005000,36.4605,500.1991,195.6923
7717,49,10,0.1000,0.00005000,35.5188,510.7339,167.8815
7718,208,26,0.1000,0.00005000,31.6899,516.1181,223.9832
7719,142,13,0.1000,0.00005000,30.1869,510.5348,168.7616
7720,56,10,0.1000,0.00005000,31.8203,519.7763,219.2856
7721,765,40,0.1000,0.00005000,33.7741,484.7490,226.8760
7722,72,12,0.1000,0.00005000,27.8242,486.5078,171.7990
7723,182,20,0.1000,0.00005000,31.8466,497.7859,174.7418
7724,478,28,0.1000,0.00005000,33.1518,506.2531,229.9659
7725,229,19,0.1000,0.00005000,31.8203,496.8597,161.5437
7726,61,12,0.1000,0.00005000,35.4099,482.5978,237.5535
7727,91,15,0.1000,0.00005000,30.1830,512.4241,297.4514
7728,79,14,0.1000,0.00005000,28.4686,496.6020,164.2028
7729,475,27,0.1000,0.00005000,32.5519,528.5347,238.8944
7730,37,7,0.1000,0.00005000,37.9114,494.4663,262.3692
7731,51,12,0.1000,0.00005000,32.9651,477.9042,215.1703
7732,299,22,0.1000,0.00005000,27.8724,521.8721,203.8954
7733,55,9,0.1000,0.00005000,36.0029,498.7454,278.4891
7734,588,39,0.1000,0.00005000,33.9132,524.6141,218.8279
7735,100,14,0.1000,0.00005000,25.6508,482.0092,242.1438
7736,38,9,0.1000,0.00005000,33.6793,492.4431,262.9321
7737,359,29,0.1000,0.00005000,25.5941,489.1338,234.1135
7738,140,18,0.1000,0.00005000,26.0458,504.5916,230.8419
7739,196,21,0.1000,0.00005000,31.1143,495.3215,261.2221
7740,107,11,0.1000,0.00005000,29.6666,495.7246,253.9837
7741,386,33,0.1000,0.00005000,34.6274,489.3270,265.5395
7742,380,31,0.1000,0.00005000,35.2901,504.5797,204.0772
7743,55,11,0.1000,0.00005000,29.0410,492.5719,240.1408
7744,133,16,0.1000,0.00005000,34.8014,513.6321,216.5324
7745,566,36,0.1000,0.00005000,31.1378,512.5100,263.3837
7746,117,20,0.1000,0.00005000,32.5979,497.2104,253.2798
7747,115,15,0.1000,0.00005000,30.6445,508.4322,244.2314
7748,104,15,0.1000,0.00005000,39.6747,490.6048,158.7499
7749,105,16,0.1000,0.00005000,37.3980,470.5063,214.9721
7750,94,13,0.1000,0.00005000,31.5303,501.8781,311.8949
7751,197,21,0.1000,0.00005000,35.5929,530.6627,156.6423
7752,53,11,0.1000,0.00005000,33.8193,508.1949,211.3380
7753,77,15,0.1000,0.00005000,31.0983,498.2182,279.6138
7754,446,25,0.1000,0.00005000,26.7868,516.6274,224.6651
7755,27,8,0.1000,0.00005000,30.8683,511.2284,389.3372
7756,35,9,0.1000,0.00005000,31.8388,503.5514,251.6692
7757,55,12,0.1000,0.00005000,30.2957,480.3585,279.1670
7758,67,10,0.1000,0.00005000,32.8561,494.1469,201.1548
7759,210,16,0.1000,0.00005000,31.2488,469.1299,184.0180
7760,40,10,0.1000,0.00005000,26.7777,490.3656,227.2525
7761,148,19,0.1000,0.00005000,30.6872,488.4734,266.8552
7762,41,9,0.1000,0.00005000,29.4748,470.6625,190.6269
7763,91,16,0.1000,0.00005000,39.0353,479.5579,188.1525
7764,105,17,0.1000,0.00005000,28.8261,503.0662,179.6794
7765,170,21,0.1000,0.00005000,32.9424,513.1872,190.5844
7766,58,11,0.1000,0.00005000,31.1671,466.0145,160.4327
7767,118,16,0.1000,0.00005000,32.6789,506.6746,233.6688
7768,393,24,0.1000,0.00005000,35.1691,489.8257,222.3194
7769,266,25,0.1000,0.00005000,30.2141,515.1234,254.8373
7770,41,10,0.1000,0.00005000,19.8690,498.4398,190.7459
7771,147,20,0.1000,0.00005000,29.5803,511.7586,174.9352
7772,30,5,0.1000,0.00005000,33.9145,468.6806,161.0168
7773,58,13,0.1000,0.00005000,32.8515,489.0016,264.0806
7774,88,15,0.1000,0.00005000,34.6406,505.0007,238.0520
7775,284,24,0.1000,0.00005000,33.7750,480.8256,176.4489
7776,85,15,0.1000,0.00005000,26.8770,499.1519,227.4390
7777,397,28,0.1000,0.00005000,30.0541,508.8997,259.7844
7778,102,15,0.1000,0.00005000,32.1713,456.0355,200.3485
7779,55,11,0.1000,0.00005000,30.5255,494.9021,318.7896
7780,34,9,0.1000,0.00005000,29.1451,487.2460,383.4777
7781,144,19,0.1000,0.00005000,29.2374,473.0891,174.5762
7782,116,14,0.1000,0.00005000,29.7617,503.3372,268.7804
7783,39,9,0.1000,0.00005000,33.9734,483.0782,252.3035
7784,31,8,0.1000,0.00005000,30.3040,479.5217,324.2790
7785,86,14,0.1000,0.00005000,34.6188,498.1791,251.9153
7786,128,19,0.1000,0.00005000,29.9948,518.6954,213.9775
7787,46,11,0.1000,0.00005000,31.6254,510.8938,239.1354
7788,355,33,0.1000,0.00005000,35.0108,491.4726,279.7171
7789,124,16,0.1000,0.00005000,27.6162,464.4493,205.8047
7790,69,9,0.1000,0.00005000,32.5340,483.6126,225.7483
7791,349,28,0.1000,0.00005000,29.0108,498.7149,187.8531
7792,207,20,0.1000,0.00005000,34.0791,510.5379,253.0702
7793,87,14,0.1000,0.00005000,34.9171,475.4032,229.4014
7794,84,15,0.1000,0.00005000,36.2725,514.4245,193.4975
7795,294,20,0.1000,0.00005000,28.2078,505.2926,204.0109
7796,223,19,0.1000,0.00005000,29.7655,510.9209,248.7084
7797,233,22,0.1000,0.00005000,28.8646,488.9219,211.6738
7798,167,17,0.1000,0.00005000,31.9985,495.9314,153.1879
7799,32,8,0.1000,0.00005000,38.0832,502.3621,197.8353
7800,52,10,0.1000,0.00005000,42.2942,474.5334,246.4131
7801,571,31,0.1000,0.00005000,30.5807,510.7282,208.0130
7802,53,11,0.1000,0.00005000,24.8852,502.9764,156.1474
7803,230,19,0.1000,0.00005000,31.3432,486.0437,165.4300
7804,359,27,0.1000,0.00005000,28.2893,530.4877,227.9600
7805,282,21,0.1000,0.00005000,36.3951,530.1827,218.0538
7806,429,14,0.1000,0.00005000,35.7282,522.4626,258.0590
7807,31,9,0.1000,0.00005000,33.1804,493.3215,223.1153
7808,77,15,0.1000,0.00005000,35.9590,492.7972,227.9090
7809,25,7,0.1000,0.00005000,28.5593,510.2527,196.5218
7810,158,18,0.1000,0.00005000,35.7074,526.4763,220.0605
7811,46,8,0.1000,0.00005000,33.7869,519.8213,247.0642
7812,135,16,0.1000,0.00005000,35.7958,503.9802,271.5159
7813,75,14,0.1000,0.00005000,33.4716,517.7822,176.2678
7814,229,23,0.1000,0.00005000,32.0598,504.5154,243.8970
7815,194,22,0.1000,0.00005000,27.5732,503.9596,270.5103
7816,89,15,0.1000,0.00005000,26.7577,509.7746,254.9933
7817,125,18,0.1000,0.00005000,31.0340,497.4496,246.0171
7818,310,29,0.1000,0.00005000,32.7565,486.8213,245.4593
7819,65,13,0.1000,0.00005000,26.0901,507.3350,219.6885
7820,194,25,0.1000,0.00005000,30.3011,514.2578,205.5597
7821,163,22,0.1000,0.00005000,36.2720,500.7431,250.3088
7822,85,13,0.1000,0.00005000,30.6997,482.8230,242.6715
7823,133,15,0.1000,0.00005000,29.9321,525.6535,247.5792
7824,134,16,0.1000,0.00005000,26.8594,471.1546,265.2132
7825,85,13,0.1000,0.00005000,28.8697,496.8637,178.6776
7826,296,29,0.1000,0.00005000,30.7882,516.1971,373.8016
7827,271,19,0.1000,0.00005000,31.3540,498.9857,226.9531
7828,170,19,0.1000,0.00005000,38.4716,498.7048,308.8380
7829,333,27,0.1000,0.00005000,32.4050,510.7989,184.9977
7830,78,12,0.1000,0.00005000,31.4331,492.6946,164.6537
7831,94,16,0.1000,0.00005000,28.3161,521.5341,189.2610
7832,109,18,0.1000,0.00005000,28.5579,506.7951,274.3513
7833,59,13,0.1000,0.00005000,31.8242,516.3524,189.8559
7834,142,18,0.1000,0.00005000,36.7987,460.0708,207.2101
7835,245,23,0.1000,0.00005000,33.3400,504.7579,233.5803
7836,355,34,0.1000,0.00005000,31.1646,492.0319,238.2356
7837,32,8,0.1000,0.00005000,33.2063,481.8819,213.1706
7838,115,14,0.1000,0.00005000,34.3105,481.1101,199.6528
7839,90,13,0.1000,0.00005000,26.4823,529.5668,177.4042
7840,95,14,0.1000,0.00005000,30.8491,462.6626,213.0212
7841,82,17,0.1000,0.00005000,26.7263,486.0617,176.9397
7842,81,12,0.1000,0.00005000,24.0987,497.7616,213.1559
7843,123,16,0.1000,0.00005000,36.6464,518.8709,211.1239
7844,223,25,0.1000,0.00005000,33.0142,512.8178,207.1497
7845,51,10,0.1000,0.00005000,26.9015,508.2084,178.9093
7846,195,28,0.1000,0.00005000,35.2006,525.6549,223.6204
7847,317,24,0.1000,0.00005000,34.9047,504.9400,231.0417
7848,85,15,0.1000,0.00005000,29.9820,507.4734,314.5419
7849,56,12,0.1000,0.00005000,30.9428,501.0462,288.0632
7850,289,20,0.1000,0.00005000,36.5843,509.8405,211.7993
7851,306,21,0.1000,0.00005000,32.4486,506.5077,340.3834
7852,101,16,0.1000,0.00005000,32.6371,488.1429,301.1995
7853,364,29,0.1000,0.00005000,29.5303,526.1010,213.2213
7854,610,32,0.1000,0.00005000,34.7038,495.5606,212.8072
7855,155,19,0.1000,0.00005000,35.6051,518.7949,213.0184
7856,48,10,0.1000,0.00005000,32.4428,479.5548,228.3392
7857,123,15,0.1000,0.00005000,35.3662,497.1559,209.7920
7858,59,12,0.1000,0.00005000,31.5786,491.6661,276.6661
7859,216,22,0.1000,0.00005000,36.9748,511.0167,217.2209
7860,45,12,0.1000,0.00005000,30.7788,491.0745,200.1421
7861,56,12,0.1000,0.00005000,27.6879,484.9893,206.4606
7862,478,26,0.1000,0.00005000,28.3472,516.0412,264.1128
7863,168,20,0.1000,0.00005000,29.4012,505.8450,216.5203
7864,59,11,0.1000,0.00005000,35.2653,499.1530,271.4582
7865,56,10,0.1000,0.00005000,32.3715,491.2504,302.5997
7866,213,23,0.1000,0.00005000,30.5890,497.9230,216.6659
7867,371,22,0.1000,0.00005000,35.2710,487.3736,261.9045
7868,76,13,0.1000,0.00005000,34.9754,496.4032,199.1260
7869,36,9,0.1000,0.00005000,27.0534,487.2911,201.6325
7870,181,23,0.1000,0.00005000,37.6474,514.0329,243.8179
7871,801,36,0.1000,0.00005000,32.2295,488.1279,212.4317
7872,51,11,0.1000,0.00005000,37.5015,498.0586,264.3527
7873,169,16,0.1000,0.00005000,36.6693,505.7960,238.7495
7874,121,16,0.1000,0.00005000,33.1699,509.8051,286.8363
7875,50,12,0.1000,0.00005000,41.5971,505.3983,168.6944
7876,62,14,0.1000,0.00005000,33.5649,504.8567,180.4974
7877,359,27,0.1000,0.00005000,33.6032,502.0169,207.3166
7878,51,11,0.1000,0.00005000,34.1552,513.7838,248.3895
7879,117,14,0.1000,0.00005000,28.5806,495.1561,158.2136
7880,55,11,0.1000,0.00005000,32.8716,497.0107,180.2876
7881,297,20,0.1000,0.00005000,30.8261,515.1983,267.2522
7882,76,11,0.1000,0.00005000,29.8627,502.9439,294.3352
7883,79,14,0.1000,0.00005000,37.1280,524.2154,357.5848
7884,315,23,0.1000,0.00005000,26.7726,466.6289,171.8134
7885,83,12,0.1000,0.00005000,35.8204,514.6470,234.2983
7886,46,12,0.1000,0.00005000,29.3290,490.5563,185.8945
7887,175,17,0.1000,0.00005000,29.5230,497.0377,283.4991
7888,337,25,0.1000,0.00005000,35.9614,494.4099,249.0478
7889,226,20,0.1000,0.00005000,31.7000,506.9484,258.0885
7890,35,9,0.1000,0.00005000,38.1655,474.2698,222.3684
7891,52,10,0.1000,0.00005000,36.4780,487.5909,167.5468
7892,69,12,0.1000,0.00005000,31.6071,490.7764,164.8964
7893,497,30,0.1000,0.00005000,35.3187,498.9389,263.3896
7894,500,31,0.1000,0.00005000,33.5996,513.0308,193.8005
7895,61,12,0.1000,0.00005000,32.5682,501.2054,178.6438
7896,59,14,0.1000,0.00005000,36.8632,485.5853,178.2400
7897,83,15,0.1000,0.00005000,34.3151,496.5529,157.0789
7898,33,7,0.1000,0.00005000,28.3805,494.5949,288.3039
7899,92,12,0.1000,0.00005000,34.8328,514.4232,223.8036
7900,158,16,0.1000,0.00005000,35.7265,497.2725,260.1948
7901,44,11,0.1000,0.00005000,25.5243,502.1228,250.1806
7902,49,9,0.1000,0.00005000,27.8264,528.6313,173.8513
7903,50,9,0.1000,0.00005000,27.4705,496.1220,275.0518
7904,45,11,0.1000,0.00005000,27.2009,496.8981,245.1587
7905,142,19,0.1000,0.00005000,29.3811,509.7411,294.2508
7906,365,32,0.1000,0.00005000,31.8931,487.2410,217.4929
7907,290,20,0.1000,0.00005000,31.5608,484.4800,191.9970
7908,53,10,0.1000,0.00005000,29.8517,505.8839,248.1295
7909,122,12,0.1000,0.00005000,31.8295,499.0786,349.3601
7910,60,11,0.1000,0.00005000,25.7304,511.3453,225.7050
7911,295,27,0.1000,0.00005000,25.2695,482.9737,217.0765
7912,65,14,0.1000,0.00005000,34.0463,484.5377,182.1489
7913,169,20,0.1000,0.00005000,32.1208,495.8821,171.4247
7914,96,15,0.1000,0.00005000,34.2229,513.0944,166.7964
7915,60,13,0.1000,0.00005000,28.0190,487.7149,161.4026
7916,59,12,0.1000,0.00005000,38.0487,504.8635,366.0134
7917,122,18,0.1000,0.00005000,29.9659,482.3364,231.2597
7918,154,18,0.1000,0.00005000,29.6678,502.1007,199.0718
7919,92,16,0.1000,0.00005000,33.6145,492.9349,178.1750
7920,110,14,0.1000,0.00005000,33.3554,480.4950,296.6182
7921,93,14,0.1000,0.00005000,36.6908,485.6831,232.8012
7922,162,23,0.1000,0.00005000,29.3193,508.4743,298.7803
7923,85,13,0.1000,0.00005000,29.8814,480.8509,194.5093
7924,51,10,0.1000,0.00005000,36.7816,515.2498,232.4880
7925,68,13,0.1000,0.00005000,38.6895,529.5162,276.1685
7926,38,10,0.1000,0.00005000,32.4899,517.1344,267.0801
7927,419,28,0.1000,0.00005000,29.7705,490.3728,253.0073
7928,166,16,0.1000,0.00005000,30.6244,528.3964,251.9363
7929,272,22,0.1000,0.00005000,28.3284,536.2308,225.1129
7930,190,18,0.1000,0.00005000,30.2202,518.9745,192.1597
7931,38,9,0.1000,0.00005000,26.6748,515.1507,210.9063
7932,288,25,0.1000,0.00005000,28.7514,504.1101,217.9315
7933,119,16,0.1000,0.00005000,33.0312,519.5836,218.9927
7934,36,9,0.1000,0.00005000,35.7638,503.2073,138.9007
7935,523,36,0.1000,0.00005000,36.5317,492.1077,205.9415
7936,113,17,0.1000,0.00005000,33.7621,508.0653,280.2478
7937,60,13,0.1000,0.00005000,29.7760,491.0344,277.3488
7938,40,7,0.1000,0.00005000,33.6961,504.2511,172.2401
7939,286,18,0.1000,0.00005000,27.3839,508.6214,191.7852
7940,298,26,0.1000,0.00005000,34.1307,503.3072,286.9897
7941,53,9,0.1000,0.00005000,36.0535,526.2345,160.8818
7942,483,30,0.1000,0.00005000,27.7091,516.8874,281.7200
7943,54,11,0.1000,0.00005000,36.9296,493.8133,300.1464
7944,37,9,0.1000,0.00005000,39.6144,476.4534,329.8022
7945,175,20,0.1000,0.00005000,34.1291,500.3868,233.0593
7946,223,20,0.1000,0.00005000,30.0345,546.5821,256.1163
7947,133,14,0.1000,0.00005000,41.5171,515.8141,248.4100
7948,47,10,0.1000,0.00005000,29.3248,520.9486,153.9911
7949,392,26,0.1000,0.00005000,30.3571,501.8531,202.5497
7950,632,31,0.1000,0.00005000,32.5550,536.1394,300.9873
7951,353,30,0.1000,0.00005000,36.5324,482.6154,254.3242
7952,56,12,0.1000,0.00005000,25.2160,509.5353,193.5633
7953,52,11,0.1000,0.00005000,42.7146,487.9348,221.6763
7954,51,11,0.1000,0.00005000,29.8338,500.4809,164.5444
7955,315,28,0.1000,0.00005000,33.0441,515.5265,225.5600
7956,76,15,0.1000,0.00005000,32.6345,495.6729,246.7173
7957,171,18,0.1000,0.00005000,39.1741,500.1949,199.4318
7958,59,12,0.1000,0.00005000,27.7300,492.5790,178.5318
7959,756,38,0.1000,0.00005000,29.2859,506.8903,191.8806
7960,35,8,0.1000,0.00005000,30.2459,497.9851,106.8041
7961,40,8,0.1000,0.00005000,37.3047,497.4584,264.0783
7962,43,8,0.1000,0.00005000,27.4231,493.7705,253.8140
7963,69,12,0.1000,0.00005000,34.4543,500.4219,181.2221
7964,39,12,0.1000,0.00005000,33.0418,532.6904,191.1085
7965,50,10,0.1000,0.00005000,37.5933,506.7036,164.8609
7966,74,14,0.1000,0.00005000,37.1669,508.6176,235.1830
7967,632,33,0.1000,0.00005000,29.3018,510.1689,198.0290
7968,1177,55,0.1000,0.00005000,34.7060,532.9790,196.0913
7969,207,23,0.1000,0.00005000,28.1147,513.4262,283.5829
7970,94,17,0.1000,0.00005000,24.9516,504.9880,262.2928
7971,424,26,0.1000,0.00005000,34.6178,505.1332,234.8657
7972,334,29,0.1000,0.00005000,27.3957,495.3493,233.4922
7973,35,9,0.1000,0.00005000,35.2995,510.5490,200.6368
7974,125,14,0.1000,0.00005000,35.9949,514.9678,193.2277
7975,83,14,0.1000,0.00005000,33.0639,515.5738,254.3460
7976,88,14,0.1000,0.00005000,36.2326,513.2554,197.3955
7977,239,22,0.1000,0.00005000,30.5240,512.0528,225.8278
7978,372,30,0.1000,0.00005000,31.6407,475.1794,250.3679
7979,75,14,0.1000,0.00005000,30.1655,512.6695,158.1805
7980,53,9,0.1000,0.00005000,28.6112,502.6636,177.3517
7981,207,23,0.1000,0.00005000,27.2172,521.0555,199.5234
7982,289,22,0.1000,0.00005000,31.3646,514.7615,306.6679
7983,220,18,0.1000,0.00005000,30.6692,507.3841,326.5217
7984,395,26,0.1000,0.00005000,33.5243,515.4025,243.5226
7985,80,12,0.1000,0.00005000,31.4834,501.8163,257.2553
7986,54,11,0.1000,0.00005000,27.8164,492.9439,306.1606
7987,107,14,0.1000,0.00005000,28.5239,516.5517,219.2978
7988,98,14,0.1000,0.00005000,28.6953,483.7289,321.6010
7989,667,29,0.1000,0.00005000,37.5639,508.9744,238.9686
7990,76,14,0.1000,0.00005000,40.8248,487.7576,280.8419
7991,222,16,0.1000,0.00005000,31.7123,521.3307,207.4447
7992,57,11,0.1000,0.00005000,34.0885,487.4873,256.4939
7993,84,13,0.1000,0.00005000,33.2158,493.0884,240.5064
7994,1041,44,0.1000,0.00005000,33.8678,525.9591,222.3062
7995,387,29,0.1000,0.00005000,31.1327,492.9869,213.4073
7996,459,26,0.1000,0.00005000,36.3156,534.8279,222.9929
7997,136,17,0.1000,0.00005000,34.2908,500.1381,239.7183
7998,183,19,0.1000,0.00005000,33.3468,532.3662,186.3468
7999,96,15,0.1000,0.00005000,34.5816,494.5667,221.9340
8000,98,13,0.1000,0.00005000,36.2433,494.3107,192.0072
8001,53,10,0.1000,0.00005000,37.2462,520.0608,289.2806
8002,171,20,0.1000,0.00005000,33.2167,499.6043,260.6953
8003,71,13,0.1000,0.00005000,29.5836,500.3789,169.8628
8004,58,12,0.1000,0.00005000,31.8280,486.1433,166.2766
8005,55,11,0.1000,0.00005000,28.8385,474.9091,235.6469
8006,93,15,0.1000,0.00005000,27.2012,492.3927,219.4927
8007,229,20,0.1000,0.00005000,29.5963,539.1596,338.0270
8008,224,25,0.1000,0.00005000,32.8402,519.2549,238.2368
8009,114,12,0.1000,0.00005000,28.2738,511.2349,321.6081
8010,286,21,0.1000,0.00005000,33.8504,486.9643,252.3557
8011,169,19,0.1000,0.00005000,33.2248,513.3898,256.2601
8012,80,13,0.1000,0.00005000,26.3794,498.0069,182.8110
8013,34,9,0.1000,0.00005000,38.0254,493.8195,202.2554
8014,227,18,0.1000,0.00005000,24.8448,483.5840,182.4936
8015,160,15,0.1000,0.00005000,27.7680,509.4145,158.1246
8016,73,13,0.1000,0.00005000,34.1135,495.5392,364.3214
8017,57,12,0.1000,0.00005000,27.9951,538.0468,191.3905
8018,640,35,0.1000,0.00005000,29.6901,516.2942,232.4061
8019,167,22,0.1000,0.00005000,33.8556,503.8539,202.1058
8020,164,16,0.1000,0.00005000,29.6627,463.6430,183.7928
8021,40,9,0.1000,0.00005000,30.5433,505.8835,156.9794
8022,39,10,0.1000,0.00005000,36.1524,488.6942,206.9300
8023,148,15,0.1000,0.00005000,32.3541,506.1931,203.4069
8024,69,14,0.1000,0.00005000,37.1340,529.2022,241.5961
8025,55,12,0.1000,0.00005000,34.2228,508.2707,225.9509
8026,156,15,0.1000,0.00005000,34.3876,523.6569,328.0562
8027,56,11,0.1000,0.00005000,33.3258,500.3308,368.2498
8028,27,6,0.1000,0.00005000,31.0045,488.3233,203.6786
8029,53,11,0.1000,0.00005000,32.9597,509.3661,334.2843
8030,143,18,0.1000,0.00005000,34.5106,515.9950,223.6461
8031,35,10,0.1000,0.00005000,28.9808,509.2649,207.8943
8032,24,6,0.1000,0.00005000,38.1019,497.2259,321.1167
8033,79,11,0.1000,0.00005000,38.9979,498.7685,178.5460
8034,67,11,0.1000,0.00005000,36.5352,519.5837,304.4091
8035,51,11,0.1000,0.00005000,35.2840,518.7646,341.4169
8036,395,29,0.1000,0.00005000,33.4612,515.5421,213.9747
8037,95,18,0.1000,0.00005000,34.4415,500.6305,262.1184
8038,135,18,0.1000,0.00005000,29.6406,479.7910,282.2631
8039,59,12,0.1000,0.00005000,34.3636,502.6251,270.7813
8040,31,8,0.1000,0.00005000,24.6944,491.5368,251.6744
8041,137,18,0.1000,0.00005000,31.7169,520.1578,237.8205
8042,56,10,0.1000,0.00005000,33.2437,492.8479,171.3070
8043,58,10,0.1000,0.00005000,36.1620,489.8434,165.1185
8044,96,17,0.1000,0.00005000,31.4764,507.4026,186.2070
8045,52,10,0.1000,0.00005000,25.3304,482.2675,240.6376
8046,69,11,0.1000,0.00005000,31.9819,497.7415,242.0179
8047,136,17,0.1000,0.00005000,34.2405,526.5048,251.4908
8048,216,24,0.1000,0.00005000,34.5963,523.5266,247.8659
8049,99,15,0.1000,0.00005000,32.4546,521.3230,275.9264
8050,83,12,0.1000,0.00005000,32.3229,501.4001,233.5148
8051,43,12,0.1000,0.00005000,25.8377,493.0607,294.3068
8052,127,16,0.1000,0.00005000,32.3056,513.8422,280.7817
8053,222,17,0.1000,0.00005000,26.3525,522.9301,275.2615
8054,38,7,0.1000,0.00005000,37.1908,507.6409,237.8446
8055,303,22,0.1000,0.00005000,32.8231,496.3342,215.5999
8056,51,10,0.1000,0.00005000,31.9493,516.5134,179.6461
8057,180,17,0.1000,0.00005000,31.5608,493.0892,219.6470
8058,161,23,0.1000,0.00005000,38.8348,519.3862,331.2978
8059,211,18,0.1000,0.00005000,36.6077,523.0922,254.5128
8060,33,8,0.1000,0.00005000,29.7472,537.5433,210.6413
8061,77,12,0.1000,0.00005000,31.6489,514.0324,257.1835
8062,90,14,0.1000,0.00005000,33.1094,523.9242,211.7788
8063,433,31,0.1000,0.00005000,30.5811,518.8582,211.8559
8064,228,20,0.1000,0.00005000,35.1917,492.9485,217.6480
8065,130,18,0.1000,0.00005000,35.3658,500.5870,320.4394
8066,172,18,0.1000,0.00005000,27.0874,507.1226,191.3217
8067,173,17,0.1000,0.00005000,29.2495,515.8223,177.2429
8068,39,10,0.1000,0.00005000,26.8518,504.7349,214.5376
8069,61,12,0.1000,0.00005000,30.0475,512.5261,184.8142
8070,377,25,0.1000,0.00005000,30.6674,535.7917,197.6626
8071,73,13,0.1000,0.00005000,35.8691,496.8056,209.7295
8072,240,18,0.1000,0.00005000,31.7850,505.0813,232.9615
8073,60,13,0.1000,0.00005000,28.8598,507.9768,218.5029
8074,84,13,0.1000,0.00005000,35.9676,496.2973,172.8125
8075,246,22,0.1000,0.00005000,32.8537,495.9517,201.6793
8076,81,13,0.1000,0.00005000,26.1759,525.6735,259.5725
8077,708,34,0.1000,0.00005000,32.4684,502.4098,244.5179
8078,53,10,0.1000,0.00005000,35.3891,521.4899,228.2796
8079,231,22,0.1000,0.00005000,34.0501,538.4688,165.7400
8080,505,35,0.1000,0.00005000,33.5872,520.5020,243.6890
8081,56,11,0.1000,0.00005000,38.6395,490.5756,220.4704
8082,103,16,0.1000,0.00005000,36.7170,517.7826,176.0987
8083,143,17,0.1000,0.00005000,36.5167,518.7454,223.6697
8084,70,15,0.1000,0.00005000,34.1572,543.4550,195.0695
8085,222,24,0.1000,0.00005000,35.1327,517.5236,213.6339
8086,126,17,0.1000,0.00005000,34.6007,513.6439,258.8573
8087,82,13,0.1000,0.00005000,36.6150,509.4483,156.8159
8088,34,9,0.1000,0.00005000,28.6278,522.9800,274.5716
8089,38,9,0.1000,0.00005000,29.5600,489.4807,104.0856
8090,96,16,0.1000,0.00005000,32.7667,527.9463,210.5940
8091,74,14,0.1000,0.00005000,29.3537,481.1246,219.3008
8092,52,9,0.1000,0.00005000,29.3243,507.8575,138.9327
8093,115,17,0.1000,0.00005000,25.1570,519.3544,229.0424
8094,55,12,0.1000,0.00005000,30.3390,533.3244,212.3305
8095,84,13,0.1000,0.00005000,28.9722,522.4399,278.4423
8096,53,11,0.1000,0.00005000,30.8302,540.4566,216.9708
8097,177,18,0.1000,0.00005000,37.6253,520.8280,265.4204
8098,119,12,0.1000,0.00005000,25.1229,491.3662,235.4065
8099,288,25,0.1000,0.00005000,32.5191,525.9895,264.0703
8100,69,13,0.1000,0.00005000,26.3136,514.5188,289.3511
8101,71,13,0.1000,0.00005000,33.3973,508.9216,227.5703
8102,59,12,0.1000,0.00005000,29.5947,511.6293,254.2693
8103,26,7,0.1000,0.00005000,44.0427,502.8741,160.9889
8104,37,9,0.1000,0.00005000,37.0889,486.5679,301.0162
8105,56,11,0.1000,0.00005000,27.0385,485.5131,135.4365
8106,148,21,0.1000,0.00005000,24.7294,499.9910,237.7490
8107,850,45,0.1000,0.00005000,33.3539,524.6641,233.1750
8108,75,10,0.1000,0.00005000,24.7972,536.6771,266.2702
8109,164,16,0.1000,0.00005000,36.6668,519.2444,279.3595
8110,189,24,0.1000,0.00005000,35.4298,548.3666,164.1948
8111,199,20,0.1000,0.00005000,35.1534,506.1334,215.6782
8112,456,31,0.1000,0.00005000,32.7872,499.3404,193.7535
8113,250,25,0.1000,0.00005000,34.9924,530.0141,241.7417
8114,154,18,0.1000,0.00005000,30.5590,492.9913,206.9302
8115,503,29,0.1000,0.00005000,33.1766,510.6849,226.3250
8116,223,18,0.1000,0.00005000,32.3596,507.9134,274.6114
8117,341,25,0.1000,0.00005000,34.2086,523.2921,287.8715
8118,96,17,0.1000,0.00005000,32.9682,522.1073,185.0363
8119,102,14,0.1000,0.00005000,39.1800,490.0474,228.6029
8120,53,11,0.1000,0.00005000,32.0295,501.8799,169.9397
8121,141,19,0.1000,0.00005000,28.9454,511.7644,248.7611
8122,263,20,0.1000,0.00005000,37.2123,479.3645,275.9542
8123,100,16,0.1000,0.00005000,39.3302,528.5620,219.5655
8124,36,9,0.1000,0.00005000,34.4827,519.7231,263.2404
8125,87,14,0.1000,0.00005000,32.5661,530.6471,240.9567
8126,123,16,0.1000,0.00005000,25.9342,490.5455,196.0731
8127,126,17,0.1000,0.00005000,25.7445,537.0907,174.8521
8128,302,26,0.1000,0.00005000,34.1394,493.6550,196.4742
8129,335,28,0.1000,0.00005000,30.6245,542.4851,204.0150
8130,37,9,0.1000,0.00005000,32.2217,481.4696,251.6422
8131,253,20,0.1000,0.00005000,31.6715,508.5822,300.3969
8132,91,12,0.1000,0.00005000,32.0980,530.3163,227.4534
8133,42,10,0.1000,0.00005000,27.9209,495.7868,254.4156
8134,276,22,0.1000,0.00005000,31.8255,526.4373,259.6038
8135,195,26,0.1000,0.00005000,34.3331,489.0168,274.6781
8136,106,14,0.1000,0.00005000,26.2323,515.7316,210.7970
8137,321,28,0.1000,0.00005000,31.8900,479.1025,246.1790
8138,164,15,0.1000,0.00005000,30.8251,513.0069,219.7419
8139,46,8,0.1000,0.00005000,35.0146,512.8428,284.8768
8140,126,18,0.1000,0.00005000,33.7985,492.2837,172.5749
8141,154,16,0.1000,0.00005000,30.9289,517.3368,235.1891
8142,141,16,0.1000,0.00005000,28.3716,507.6387,288.5853
8143,134,16,0.1000,0.00005000,31.5626,511.1492,215.8587
8144,71,10,0.1000,0.00005000,28.0678,499.2878,204.9827
8145,54,11,0.1000,0.00005000,30.3494,495.6458,206.2643
8146,150,19,0.1000,0.00005000,36.4881,503.0912,252.2801
8147,200,21,0.1000,0.00005000,35.5151,509.7857,231.0800
8148,187,19,0.1000,0.00005000,32.7796,509.1210,241.0399
8149,163,15,0.1000,0.00005000,28.1066,517.3896,251.4457
8150,513,34,0.1000,0.00005000,30.7893,502.6014,211.0576
8151,66,11,0.1000,0.00005000,29.4516,505.5701,207.6206
8152,503,32,0.1000,0.00005000,31.4809,480.4370,168.7861
8153,798,29,0.1000,0.00005000,32.3611,555.3739,223.0951
8154,72,12,0.1000,0.00005000,32.0810,530.7000,184.1973
8155,154,20,0.1000,0.00005000,29.2229,497.8759,281.8871
8156,48,10,0.1000,0.00005000,34.8783,489.5722,272.5486
8157,286,27,0.1000,0.00005000,31.6606,483.1062,210.1896
8158,45,9,0.1000,0.00005000,31.4342,496.7614,131.1606
8159,54,9,0.1000,0.00005000,30.4722,519.2113,226.4226
8160,112,14,0.1000,0.00005000,34.0118,497.9252,215.4518
8161,180,15,0.1000,0.00005000,34.8302,503.5966,199.8338
8162,126,18,0.1000,0.00005000,38.0624,487.5508,139.8554
8163,32,7,0.1000,0.00005000,37.5553,506.5504,194.8180
8164,42,10,0.1000,0.00005000,29.4759,503.5949,213.1908
8165,117,15,0.1000,0.00005000,28.2035,532.5523,255.3513
8166,79,12,0.1000,0.00005000,37.7555,491.0818,195.7653
8167,140,17,0.1000,0.00005000,24.9498,509.3427,298.4688
8168,168,22,0.1000,0.00005000,31.5474,519.2424,277.7373
8169,189,21,0.1000,0.00005000,29.5437,513.9380,203.0346
8170,197,23,0.1000,0.00005000,28.7128,537.0506,254.2458
8171,50,12,0.1000,0.00005000,27.0094,539.8692,182.4119
8172,191,20,0.1000,0.00005000,29.5126,512.4358,184.9262
8173,225,20,0.1000,0.00005000,29.6621,516.9958,235.1433
8174,156,16,0.1000,0.00005000,39.5323,518.6342,315.5744
8175,899,31,0.1000,0.00005000,31.5781,522.6036,195.0603
8176,103,16,0.1000,0.00005000,32.7895,474.5446,206.0220
8177,81,14,0.1000,0.00005000,34.0648,521.5575,198.7767
8178,389,28,0.1000,0.00005000,34.8737,520.9981,246.8727
8179,333,28,0.1000,0.00005000,33.9946,501.6592,276.5051
8180,368,25,0.1000,0.00005000,27.4638,496.6933,229.3875
8181,412,30,0.1000,0.00005000,33.2027,516.7845,259.5121
8182,158,17,0.1000,0.00005000,33.4327,514.5561,196.7853
8183,62,13,0.1000,0.00005000,37.6121,505.2599,324.8650
8184,48,8,0.1000,0.00005000,40.2184,491.1809,168.0217
8185,1324,51,0.1000,0.00005000,32.7683,527.1014,216.5191
8186,204,24,0.1000,0.00005000,33.0645,494.5824,156.3361
8187,159,15,0.1000,0.00005000,30.5240,497.7904,278.4476
8188,185,23,0.1000,0.00005000,32.2572,518.7401,253.7212
8189,117,15,0.1000,0.00005000,36.0116,517.8823,195.2009
8190,228,25,0.1000,0.00005000,32.4765,510.0691,230.3321
8191,73,13,0.1000,0.00005000,35.6327,537.9411,381.2579
8192,112,13,0.1000,0.00005000,31.6653,491.3286,268.0686
8193,399,28,0.1000,0.00005000,31.8533,533.7038,339.1185
8194,267,29,0.1000,0.00005000,28.3334,502.8139,264.0142
8195,93,15,0.1000,0.00005000,28.7210,503.9806,219.6814
8196,186,19,0.1000,0.00005000,31.4432,524.6500,252.8853
8197,251,23,0.1000,0.00005000,32.9776,522.7008,257.4924
8198,460,25,0.1000,0.00005000,34.6664,540.2603,168.9682
8199,215,24,0.1000,0.00005000,30.7763,483.4988,228.8009
8200,659,46,0.1000,0.00005000,36.6364,520.9844,289.5639
8201,39,10,0.1000,0.00005000,22.9296,523.1196,190.9691
8202,316,27,0.1000,0.00005000,34.0159,531.1824,237.0547
8203,29,8,0.1000,0.00005000,30.7721,517.7265,341.6738
8204,36,9,0.1000,0.00005000,24.8438,493.6165,201.0306
8205,281,17,0.1000,0.00005000,38.5515,525.8303,247.2487
8206,453,32,0.1000,0.00005000,35.0542,502.0184,185.1535
8207,283,18,0.1000,0.00005000,29.6682,532.8416,219.5805
8208,207,22,0.1000,0.00005000,29.9924,496.6955,179.6456
8209,55,12,0.1000,0.00005000,32.4141,506.2875,221.3703
8210,169,17,0.1000,0.00005000,33.4922,498.4729,205.0794
8211,36,10,0.1000,0.00005000,27.9661,490.7839,356.2750
8212,139,20,0.1000,0.00005000,31.3892,510.9117,264.9361
8213,169,16,0.1000,0.00005000,30.5986,491.4259,291.1892
8214,221,17,0.1000,0.00005000,28.0236,486.5176,210.2749
8215,417,25,0.1000,0.00005000,32.7028,504.3955,188.2190
8216,298,21,0.1000,0.00005000,37.1342,518.7632,302.2850
8217,111,20,0.1000,0.00005000,33.7949,514.6683,253.2944
8218,84,13,0.1000,0.00005000,36.6942,499.7934,241.6800
8219,400,29,0.1000,0.00005000,38.9689,477.3883,258.0198
8220,428,30,0.1000,0.00005000,28.3853,487.4431,249.4223
8221,65,9,0.1000,0.00005000,28.4343,514.3242,225.1851
8222,83,14,0.1000,0.00005000,35.2639,527.4407,231.4228
8223,197,19,0.1000,0.00005000,37.6401,505.5099,280.4314
8224,54,11,0.1000,0.00005000,36.5005,511.7482,218.3828
8225,117,11,0.1000,0.00005000,26.5660,542.5424,222.0801
8226,60,13,0.1000,0.00005000,29.4601,475.0976,198.4764
8227,75,11,0.1000,0.00005000,28.7038,498.3151,222.6599
8228,154,23,0.1000,0.00005000,34.4591,438.7649,241.6946
8229,125,15,0.1000,0.00005000,30.8449,505.6358,259.3693
8230,654,34,0.1000,0.00005000,30.5009,522.0189,213.9023
8231,117,13,0.1000,0.00005000,39.9832,518.9093,243.3314
8232,141,17,0.1000,0.00005000,30.1399,516.7240,205.6774
8233,123,15,0.1000,0.00005000,31.0968,510.0874,229.0436
8234,52,9,0.1000,0.00005000,26.2188,516.5721,297.2587
8235,92,16,0.1000,0.00005000,30.4135,509.9038,170.8043
8236,61,12,0.1000,0.00005000,32.3665,486.8538,352.2854
8237,114,15,0.1000,0.00005000,34.6495,497.9423,274.8578
8238,35,9,0.1000,0.00005000,28.3073,545.2338,238.5707
8239,63,13,0.1000,0.00005000,32.5630,511.3480,263.6178
8240,59,13,0.1000,0.00005000,32.5325,500.7543,190.9954
8241,88,14,0.1000,0.00005000,34.0392,519.6926,310.5204
8242,506,37,0.1000,0.00005000,31.1970,508.7622,259.6504
8243,150,16,0.1000,0.00005000,34.1938,503.7533,189.1178
8244,128,15,0.1000,0.00005000,29.5624,494.6965,173.6513
8245,230,20,0.1000,0.00005000,30.7967,526.7890,205.5705
8246,60,12,0.1000,0.00005000,28.6145,517.0418,266.7668
8247,117,16,0.1000,0.00005000,25.8665,538.7630,201.4435
8248,77,10,0.1000,0.00005000,40.1606,533.7094,276.4285
8249,275,23,0.1000,0.00005000,34.2021,509.9523,232.3695
8250,706,44,0.1000,0.00005000,35.5301,498.0994,217.8684
8251,168,15,0.1000,0.00005000,32.4143,501.7940,195.5057
8252,706,37,0.1000,0.00005000,31.8986,536.8884,258.8999
8253,97,16,0.1000,0.00005000,30.3560,527.2894,259.4528
8254,51,11,0.1000,0.00005000,37.3651,467.0213,254.7419
8255,85,13,0.1000,0.00005000,33.9033,487.0421,244.7945
8256,49,9,0.1000,0.00005000,31.9171,496.2323,247.3414
8257,814,44,0.1000,0.00005000,28.9454,515.3686,224.4779
8258,166,21,0.1000,0.00005000,33.3926,524.7279,207.0047
8259,151,17,0.1000,0.00005000,28.9269,515.7155,223.4615
8260,54,12,0.1000,0.00005000,31.3464,521.7769,173.6574
8261,86,14,0.1000,0.00005000,38.0940,517.3625,149.4137
8262,94,12,0.1000,0.00005000,37.4502,502.7300,244.1602
8263,39,9,0.1000,0.00005000,29.3438,509.4643,329.5984
8264,37,9,0.1000,0.00005000,33.1322,513.3789,260.1921
8265,36,10,0.1000,0.00005000,28.1330,512.4163,241.2136
8266,55,10,0.1000,0.00005000,27.8071,522.6952,220.7998
8267,103,16,0.1000,0.00005000,38.2951,517.3225,369.5592
8268,216,18,0.1000,0.00005000,29.6330,540.4078,229.8724
8269,151,19,0.1000,0.00005000,34.5406,521.4861,335.8638
8270,174,22,0.1000,0.00005000,31.8317,491.9613,240.9063
8271,44,7,0.1000,0.00005000,33.5495,483.1171,203.7387
8272,205,19,0.1000,0.00005000,29.2478,516.0389,193.4968
8273,78,14,0.1000,0.00005000,29.2548,521.1656,273.2963
8274,83,13,0.1000,0.00005000,26.9962,501.5071,163.1103
8275,242,20,0.1000,0.00005000,35.2798,497.8819,237.0126
8276,440,36,0.1000,0.00005000,28.7670,516.7962,263.2783
8277,182,18,0.1000,0.00005000,29.4705,548.0078,235.9669
8278,284,21,0.1000,0.00005000,29.2808,496.8900,209.3295
8279,319,31,0.1000,0.00005000,33.7206,522.9668,228.9247
8280,132,13,0.1000,0.00005000,28.5840,531.9442,193.6957
8281,494,26,0.1000,0.00005000,34.1104,476.8199,226.8858
8282,158,17,0.1000,0.00005000,28.6076,499.4495,349.1905
8283,224,18,0.1000,0.00005000,34.0190,504.4901,297.5209
8284,470,31,0.1000,0.00005000,30.5972,533.3602,213.2903
8285,115,18,0.1000,0.00005000,34.0068,520.0093,266.1804
8286,77,13,0.1000,0.00005000,28.6647,529.5566,355.9216
8287,163,20,0.1000,0.00005000,30.8384,525.8643,182.2180
8288,559,27,0.1000,0.00005000,30.6439,511.5161,275.1133
8289,258,24,0.1000,0.00005000,35.9872,504.3438,233.8745
8290,59,12,0.1000,0.00005000,33.8338,466.9511,320.4009
8291,60,13,0.1000,0.00005000,36.2639,507.6662,254.6223
8292,706,32,0.1000,0.00005000,34.7094,501.1609,314.0897
8293,908,33,0.1000,0.00005000,31.5779,516.9046,241.7339
8294,75,11,0.1000,0.00005000,44.8478,542.4414,319.6422
8295,168,21,0.1000,0.00005000,28.6467,546.0916,280.8534
8296,255,25,0.1000,0.00005000,35.4307,505.9442,222.7408
8297,297,27,0.1000,0.00005000,31.3943,536.1697,209.6072
8298,393,27,0.1000,0.00005000,29.7766,519.6466,201.4602
8299,82,13,0.1000,0.00005000,34.4546,478.6202,200.9544
8300,244,23,0.1000,0.00005000,36.4055,518.0361,245.4360
8301,163,18,0.1000,0.00005000,35.7733,501.4880,205.2611
8302,113,16,0.1000,0.00005000,35.7479,540.4627,252.1951
8303,43,11,0.1000,0.00005000,26.4980,521.3137,272.0597
8304,31,7,0.1000,0.00005000,30.3033,513.5734,178.6211
8305,106,18,0.1000,0.00005000,32.3569,513.5491,250.2390
8306,34,9,0.1000,0.00005000,32.3157,498.9764,283.3705
8307,77,14,0.1000,0.00005000,32.6568,500.2497,275.2225
8308,53,9,0.1000,0.00005000,30.6292,503.3405,237.9208
8309,52,10,0.1000,0.00005000,31.8467,522.1516,282.1807
8310,206,20,0.1000,0.00005000,34.2222,515.2652,310.2983
8311,210,21,0.1000,0.00005000,30.8278,513.0166,216.5431
8312,253,26,0.1000,0.00005000,36.9094,542.6076,289.3446
8313,84,13,0.1000,0.00005000,36.1474,495.4736,269.9097
8314,82,15,0.1000,0.00005000,34.8720,517.8769,159.0637
8315,416,30,0.1000,0.00005000,36.6175,520.4107,257.3721
8316,247,25,0.1000,0.00005000,28.9931,523.5684,224.8031
8317,78,16,0.1000,0.00005000,25.8918,539.2603,249.4525
8318,129,17,0.1000,0.00005000,31.4949,528.3470,287.4544
8319,463,26,0.1000,0.00005000,34.2182,509.9423,214.1815
8320,563,29,0.1000,0.00005000,33.6544,512.4245,233.2591
8321,114,15,0.1000,0.00005000,32.4680,510.5073,293.2473
8322,367,22,0.1000,0.00005000,26.7520,466.3882,237.4695
8323,78,13,0.1000,0.00005000,29.5526,540.0547,236.4455
8324,73,13,0.1000,0.00005000,36.3798,514.8876,270.7473
8325,173,18,0.1000,0.00005000,29.4000,530.4939,237.9816
8326,94,12,0.1000,0.00005000,33.5084,504.4098,210.4926
8327,323,24,0.1000,0.00005000,32.8113,515.7120,299.8787
8328,313,21,0.1000,0.00005000,32.3182,508.9468,259.5403
8329,231,26,0.1000,0.00005000,32.0218,522.2414,229.7843
8330,63,10,0.1000,0.00005000,31.8332,517.6864,216.8861
8331,52,11,0.1000,0.00005000,26.5098,485.2087,178.6532
8332,232,21,0.1000,0.00005000,33.6714,519.9131,216.4907
8333,301,22,0.1000,0.00005000,32.2343,493.6253,274.8049
8334,113,15,0.1000,0.00005000,31.4489,496.1325,234.7053
8335,38,9,0.1000,0.00005000,28.3181,515.5528,206.9824
8336,1027,33,0.1000,0.00005000,35.6192,534.7099,207.7191
8337,53,11,0.1000,0.00005000,31.1592,516.5205,189.8213
8338,95,15,0.1000,0.00005000,28.3748,520.2844,268.0492
8339,311,25,0.1000,0.00005000,35.8661,516.0954,211.7910
8340,83,12,0.1000,0.00005000,30.9560,475.5157,189.4727
8341,44,13,0.1000,0.00005000,32.4508,534.5162,235.0732
8342,73,12,0.1000,0.00005000,35.4364,504.4449,301.0084
8343,40,9,0.1000,0.00005000,35.0740,482.0667,191.0651
8344,54,11,0.1000,0.00005000,37.6747,529.1136,166.2561
8345,157,20,0.1000,0.00005000,25.4731,526.5909,195.1905
8346,34,9,0.1000,0.00005000,27.7303,513.0469,159.7713
8347,200,16,0.1000,0.00005000,35.9410,512.4163,212.9848
8348,59,14,0.1000,0.00005000,33.6760,541.3513,202.4722
8349,43,10,0.1000,0.00005000,32.8020,502.8086,154.4813
8350,573,30,0.1000,0.00005000,28.4968,529.4982,205.3876
8351,90,14,0.1000,0.00005000,32.4464,501.1177,213.3023
8352,86,12,0.1000,0.00005000,31.5331,471.9651,206.6644
8353,55,10,0.1000,0.00005000,25.4024,487.0151,185.0933
8354,124,16,0.1000,0.00005000,32.2345,516.4937,236.7020
8355,350,26,0.1000,0.00005000,33.5383,502.4617,249.2332
8356,169,18,0.1000,0.00005000,30.3923,520.2249,265.8281
8357,51,10,0.1000,0.00005000,30.8969,501.8905,364.9163
8358,77,16,0.1000,0.00005000,36.3369,526.6910,300.2660
8359,36,9,0.1000,0.00005000,37.7464,495.5732,277.0325
8360,55,11,0.1000,0.00005000,30.7600,538.5203,245.3587
8361,122,16,0.1000,0.00005000,31.8574,514.6373,190.9744
8362,128,17,0.1000,0.00005000,29.9942,518.6927,185.3408
8363,215,18,0.1000,0.00005000,34.3080,533.3533,182.3152
8364,50,11,0.1000,0.00005000,34.9530,519.8011,244.6414
8365,153,18,0.1000,0.00005000,34.1510,530.6320,183.7102
8366,44,8,0.1000,0.00005000,31.6230,507.9751,333.9075
8367,210,23,0.1000,0.00005000,32.5869,528.0260,240.1493
8368,117,15,0.1000,0.00005000,36.1954,513.1279,296.3525
8369,66,12,0.1000,0.00005000,35.0261,536.7111,152.6010
8370,76,12,0.1000,0.00005000,27.9042,528.6525,255.4021
8371,81,13,0.1000,0.00005000,34.5636,513.4365,248.4220
8372,67,11,0.1000,0.00005000,28.9884,500.3232,282.6745
8373,559,24,0.1000,0.00005000,29.9988,520.1800,310.1025
8374,90,15,0.1000,0.00005000,29.1437,506.9359,256.6170
8375,65,14,0.1000,0.00005000,32.7191,499.6805,262.5137
8376,59,12,0.1000,0.00005000,25.3156,504.4462,186.0653
8377,68,11,0.1000,0.00005000,32.3663,525.5645,150.6417
8378,50,10,0.1000,0.00005000,32.1725,510.4484,294.3062
8379,63,12,0.1000,0.00005000,26.1114,522.3936,235.3219
8380,184,20,0.1000,0.00005000,39.5346,462.8196,181.4092
8381,835,38,0.1000,0.00005000,32.1185,539.9917,210.1863
8382,69,12,0.1000,0.00005000,38.4068,516.7518,253.6150
8383,157,18,0.1000,0.00005000,29.0659,520.4977,237.7235
8384,127,15,0.1000,0.00005000,22.5030,479.1223,230.1436
8385,81,12,0.1000,0.00005000,27.9957,517.2745,347.4883
8386,80,14,0.1000,0.00005000,30.0800,535.3017,275.7301
8387,115,12,0.1000,0.00005000,30.4242,531.1986,160.4416
8388,229,20,0.1000,0.00005000,27.3495,508.9126,275.9813
8389,181,20,0.1000,0.00005000,37.8036,532.0994,323.9210
8390,213,17,0.1000,0.00005000,33.0359,514.3271,200.3361
8391,120,14,0.1000,0.00005000,32.5648,486.9094,181.9248
8392,69,11,0.1000,0.00005000,24.0183,507.7287,201.8253
8393,58,11,0.1000,0.00005000,29.0451,488.7874,190.6964
8394,119,14,0.1000,0.00005000,33.0964,497.5502,217.1452
8395,282,27,0.1000,0.00005000,32.2298,547.2723,206.5248
8396,124,14,0.1000,0.00005000,23.5644,498.6928,272.0129
8397,205,19,0.1000,0.00005000,31.4024,503.4613,261.7776
8398,173,21,0.1000,0.00005000,29.5638,507.2007,202.1503
8399,734,37,0.1000,0.00005000,31.2868,537.8791,299.0943
8400,57,11,0.1000,0.00005000,26.5378,514.6839,207.2233
8401,112,15,0.1000,0.00005000,31.7071,477.9028,219.8574
8402,44,8,0.1000,0.00005000,25.8697,512.3261,296.4576
8403,641,28,0.1000,0.00005000,31.2269,522.8315,257.9129
8404,338,33,0.1000,0.00005000,31.2412,507.5711,241.4432
8405,36,9,0.1000,0.00005000,28.5046,509.5257,321.8097
8406,32,8,0.1000,0.00005000,46.0392,467.3970,233.9970
8407,73,10,0.1000,0.00005000,25.4885,533.7101,251.1464
8408,299,26,0.1000,0.00005000,41.1797,507.9402,184.3581
8409,198,21,0.1000,0.00005000,28.4864,524.8533,223.4907
8410,138,15,0.1000,0.00005000,27.6743,519.7931,185.3626
8411,245,23,0.1000,0.00005000,31.0561,526.7010,245.2476
8412,160,16,0.1000,0.00005000,25.2474,516.5425,272.9142
8413,354,27,0.1000,0.00005000,37.3011,531.4872,224.6968
8414,43,8,0.1000,0.00005000,35.3263,508.5629,300.9272
8415,646,50,0.1000,0.00005000,33.6020,479.6012,246.5044
8416,220,19,0.1000,0.00005000,31.3245,544.2864,199.7509
8417,86,15,0.1000,0.00005000,35.2440,555.8179,203.5771
8418,68,14,0.1000,0.00005000,27.0467,520.3831,368.2014
8419,190,23,0.1000,0.00005000,31.6379,538.0810,251.2953
8420,86,14,0.1000,0.00005000,35.0732,487.0317,187.8287
8421,161,16,0.1000,0.00005000,32.6284,549.3604,222.5491
8422,738,37,0.1000,0.00005000,28.9961,543.1837,242.5219
8423,85,15,0.1000,0.00005000,28.0287,540.9233,225.2735
8424,788,43,0.1000,0.00005000,32.9211,527.6286,241.7791
8425,365,23,0.1000,0.00005000,32.6120,513.9163,224.2899
8426,355,27,0.1000,0.00005000,31.7258,526.7332,182.2423
8427,548,36,0.1000,0.00005000,33.1952,514.6438,210.3851
8428,238,21,0.1000,0.00005000,36.3132,544.6066,244.0220
8429,126,15,0.1000,0.00005000,24.7068,476.8371,204.3649
8430,89,15,0.1000,0.00005000,29.3174,520.6325,302.7181
8431,288,18,0.1000,0.00005000,33.1489,533.3724,174.8188
8432,38,10,0.1000,0.00005000,26.4962,525.7212,188.0046
8433,212,23,0.1000,0.00005000,34.4069,531.3206,277.6241
8434,929,36,0.1000,0.00005000,32.9477,539.0879,202.9589
8435,68,12,0.1000,0.00005000,35.3268,526.5597,252.7846
8436,163,19,0.1000,0.00005000,41.2009,528.4413,190.2202
8437,125,18,0.1000,0.00005000,26.9322,536.6200,231.1480
8438,50,9,0.1000,0.00005000,37.6490,508.0506,236.6697
8439,570,34,0.1000,0.00005000,31.1518,511.3922,253.9866
8440,166,18,0.1000,0.00005000,30.2289,524.3082,210.6504
8441,17,4,0.1000,0.00005000,39.3410,497.4820,286.3305
8442,159,16,0.1000,0.00005000,36.2654,531.3017,255.7881
8443,28,7,0.1000,0.00005000,36.1215,503.3503,345.8645
8444,399,24,0.1000,0.00005000,31.0238,546.1919,215.4154
8445,169,14,0.1000,0.00005000,35.8440,528.3127,239.4682
8446,256,22,0.1000,0.00005000,34.2912,515.0801,273.0015
8447,109,13,0.1000,0.00005000,27.0124,533.1197,170.1581
8448,30,8,0.1000,0.00005000,26.7357,516.2233,178.7840
8449,53,10,0.1000,0.00005000,39.4567,501.4225,300.5980
8450,124,18,0.1000,0.00005000,36.3229,522.2734,227.7765
8451,475,24,0.1000,0.00005000,31.0134,523.2640,187.1025
8452,216,21,0.1000,0.00005000,27.4639,552.5334,303.7848
8453,75,12,0.1000,0.00005000,28.4944,528.1796,211.7420
8454,65,12,0.1000,0.00005000,39.9294,546.4834,332.5957
8455,83,12,0.1000,0.00005000,36.2399,511.1259,415.9343
8456,55,11,0.1000,0.00005000,30.3277,514.7257,305.4901
8457,139,17,0.1000,0.00005000,35.8743,527.1950,299.1070
8458,209,23,0.1000,0.00005000,28.9222,543.1697,278.6968
8459,53,11,0.1000,0.00005000,36.7703,517.4447,287.7278
8460,82,14,0.1000,0.00005000,28.8179,520.5376,317.9008
8461,60,12,0.1000,0.00005000,29.9298,510.8761,204.9727
8462,241,27,0.1000,0.00005000,35.4439,483.5461,226.3866
8463,314,23,0.1000,0.00005000,34.3241,512.2015,211.8624
8464,55,12,0.1000,0.00005000,32.3455,518.9999,217.8886
8465,55,11,0.1000,0.00005000,24.6214,490.3677,228.1928
8466,71,15,0.1000,0.00005000,30.2530,547.3257,244.0011
8467,30,7,0.1000,0.00005000,27.7725,495.0290,302.3020
8468,72,13,0.1000,0.00005000,40.9526,500.4902,344.4847
8469,43,10,0.1000,0.00005000,28.7722,494.9113,197.5599
8470,83,16,0.1000,0.00005000,32.7200,431.1576,208.1565
8471,554,29,0.1000,0.00005000,32.3275,528.5224,236.9614
8472,197,23,0.1000,0.00005000,33.5476,522.7651,208.1467
8473,75,11,0.1000,0.00005000,31.7006,531.1628,262.1181
8474,59,12,0.1000,0.00005000,29.8654,503.1079,180.8226
8475,158,20,0.1000,0.00005000,33.1731,504.2866,250.4001
8476,298,29,0.1000,0.00005000,34.6777,489.2466,307.3717
8477,237,20,0.1000,0.00005000,32.2917,495.1827,248.9132
8478,159,18,0.1000,0.00005000,28.1312,516.5215,265.1495
8479,141,21,0.1000,0.00005000,32.3208,517.1029,237.0773
8480,43,11,0.1000,0.00005000,31.7293,488.6565,268.4019
8481,49,10,0.1000,0.00005000,31.6926,496.6409,230.8746
8482,39,10,0.1000,0.00005000,32.6835,454.5043,252.0836
8483,154,19,0.1000,0.00005000,32.2586,537.2007,295.6650
8484,61,14,0.1000,0.00005000,30.9589,551.7301,294.9379
8485,290,21,0.1000,0.00005000,34.3845,533.0125,271.4180
8486,524,31,0.1000,0.00005000,37.0029,493.1677,313.0372
8487,34,7,0.1000,0.00005000,38.1467,488.1068,279.1419
8488,85,14,0.1000,0.00005000,31.1452,517.8044,263.4634
8489,114,14,0.1000,0.00005000,35.9695,509.4328,284.0912
8490,412,27,0.1000,0.00005000,30.7127,515.3671,256.5546
8491,33,8,0.1000,0.00005000,30.8433,512.9695,203.6566
8492,34,7,0.1000,0.00005000,32.7835,501.1061,305.7548
8493,411,30,0.1000,0.00005000,30.7010,513.8845,219.1907
8494,40,10,0.1000,0.00005000,34.3876,485.7270,207.7182
8495,84,14,0.1000,0.00005000,30.8215,481.6137,212.8870
8496,54,12,0.1000,0.00005000,29.1006,524.7344,184.8798
8497,72,13,0.1000,0.00005000,30.4798,516.8073,222.0719
8498,214,20,0.1000,0.00005000,36.6089,516.3351,231.4581
8499,231,21,0.1000,0.00005000,34.1389,501.6837,227.6491
8500,108,13,0.1000,0.00005000,26.8646,510.5098,202.6780
8501,180,22,0.1000,0.00005000,29.2362,530.9024,231.3431
8502,73,12,0.1000,0.00005000,41.2696,530.6413,280.2079
8503,356,22,0.1000,0.00005000,32.9062,504.6888,266.9021
8504,70,12,0.1000,0.00005000,24.7781,530.9884,276.7758
8505,359,30,0.1000,0.00005000,30.4761,504.3326,256.0181
8506,379,34,0.1000,0.00005000,33.5235,524.6570,193.7263
8507,114,17,0.1000,0.00005000,30.5180,525.2051,239.3310
8508,190,22,0.1000,0.00005000,35.9377,482.0115,255.4901
8509,32,9,0.1000,0.00005000,39.2595,515.7359,228.7233
8510,369,20,0.1000,0.00005000,31.3307,504.5481,291.0875
8511,221,20,0.1000,0.00005000,27.0865,509.1721,216.6019
8512,115,18,0.1000,0.00005000,29.2976,511.5096,378.2858
8513,89,14,0.1000,0.00005000,28.8979,495.6861,302.3486
8514,37,9,0.1000,0.00005000,24.0936,509.8731,272.4713
8515,203,20,0.1000,0.00005000,30.9198,513.7384,211.0293
8516,82,14,0.1000,0.00005000,32.7719,506.6690,225.5690
8517,44,12,0.1000,0.00005000,34.2099,517.3221,262.1437
8518,33,8,0.1000,0.00005000,31.6224,514.7754,204.1315
8519,89,14,0.1000,0.00005000,33.9065,519.3362,198.0302
8520,99,16,0.1000,0.00005000,27.4253,482.5301,212.7613
8521,34,9,0.1000,0.00005000,39.0002,480.8754,189.5670
8522,158,14,0.1000,0.00005000,31.9752,466.7947,228.2668
8523,496,36,0.1000,0.00005000,34.5381,495.4428,252.9102
8524,57,12,0.1000,0.00005000,26.6956,506.3019,284.2380
8525,218,23,0.1000,0.00005000,27.5164,482.7667,221.1479
8526,102,13,0.1000,0.00005000,27.5803,506.4876,198.3593
8527,142,19,0.1000,0.00005000,30.7831,526.7076,234.5277
8528,106,17,0.1000,0.00005000,31.7788,473.9607,259.7627
8529,51,9,0.1000,0.00005000,30.1304,483.9624,153.6839
8530,170,17,0.1000,0.00005000,30.4304,533.8707,198.1436
8531,276,23,0.1000,0.00005000,34.0544,511.6217,295.8021
8532,186,21,0.1000,0.00005000,31.0794,508.0911,223.0825
8533,81,12,0.1000,0.00005000,30.2797,508.8953,241.7682
8534,125,17,0.1000,0.00005000,36.8843,519.8677,177.8466
8535,126,16,0.1000,0.00005000,34.9795,475.3789,270.1919
8536,102,11,0.1000,0.00005000,31.9964,488.5286,295.9233
8537,130,17,0.1000,0.00005000,31.0989,480.8071,239.5591
8538,38,9,0.1000,0.00005000,28.8513,517.5636,209.3359
8539,223,18,0.1000,0.00005000,35.4015,529.7867,205.3375
8540,766,30,0.1000,0.00005000,30.2818,498.5527,235.0172
8541,80,14,0.1000,0.00005000,34.4233,481.3631,336.6226
8542,73,12,0.1000,0.00005000,30.7757,487.6819,294.2929
8543,49,11,0.1000,0.00005000,40.9015,489.0077,217.8545
8544,121,16,0.1000,0.00005000,31.4150,516.8456,232.6804
8545,78,13,0.1000,0.00005000,28.9684,454.0577,199.8042
8546,37,9,0.1000,0.00005000,31.2135,482.5488,383.1052
8547,219,23,0.1000,0.00005000,32.4625,525.4595,326.0655
8548,31,9,0.1000,0.00005000,29.4788,522.6788,232.4156
8549,87,13,0.1000,0.00005000,28.5166,501.8064,218.7934
8550,74,13,0.1000,0.00005000,24.5467,483.1704,209.9886
8551,650,42,0.1000,0.00005000,30.1607,527.8636,196.8492
8552,270,24,0.1000,0.00005000,34.6124,502.7860,272.4205
8553,73,13,0.1000,0.00005000,28.7645,486.1392,251.0265
8554,103,13,0.1000,0.00005000,25.6532,512.1101,247.8174
8555,682,42,0.1000,0.00005000,31.8046,532.0424,273.9837
8556,275,21,0.1000,0.00005000,27.5505,502.4112,218.9118
8557,109,18,0.1000,0.00005000,28.1730,459.2538,232.2647
8558,80,14,0.1000,0.00005000,29.3599,541.2536,241.4562
8559,143,19,0.1000,0.00005000,30.2918,510.9733,281.2381
8560,1059,34,0.1000,0.00005000,31.8626,521.2902,241.5850
8561,230,22,0.1000,0.00005000,30.0868,517.6214,207.2323
8562,85,14,0.1000,0.00005000,30.5211,489.0755,186.5803
8563,59,12,0.1000,0.00005000,29.9294,504.6408,155.0424
8564,248,21,0.1000,0.00005000,34.9840,521.1773,220.7971
8565,470,30,0.1000,0.00005000,35.3776,504.7670,247.5804
8566,289,19,0.1000,0.00005000,30.1641,466.0280,226.9423
8567,66,11,0.1000,0.00005000,25.6831,507.7693,327.4552
8568,151,21,0.1000,0.00005000,32.9865,501.9621,243.1099
8569,505,30,0.1000,0.00005000,32.2795,521.3440,234.8811
8570,37,9,0.1000,0.00005000,24.9733,535.7697,300.2201
8571,388,24,0.1000,0.00005000,32.1780,523.7723,268.6573
8572,42,11,0.1000,0.00005000,33.5740,497.1079,201.5347
8573,123,15,0.1000,0.00005000,30.6707,493.7925,216.7733
8574,109,17,0.1000,0.00005000,36.5337,500.7351,225.0800
8575,130,18,0.1000,0.00005000,30.5981,510.9492,203.2374
8576,41,9,0.1000,0.00005000,29.6798,448.2751,274.1657
8577,156,20,0.1000,0.00005000,29.9216,509.7272,192.8998
8578,653,39,0.1000,0.00005000,28.2574,518.0430,227.7320
8579,56,11,0.1000,0.00005000,27.0812,495.6871,253.0918
8580,72,13,0.1000,0.00005000,39.8817,500.5371,247.2910
8581,201,23,0.1000,0.00005000,34.5799,521.3237,207.9840
8582,572,37,0.1000,0.00005000,30.5215,515.8042,201.1882
8583,53,12,0.1000,0.00005000,25.1537,490.4116,258.1550
8584,218,22,0.1000,0.00005000,33.6169,511.7958,204.0902
8585,101,13,0.1000,0.00005000,35.4802,496.9490,209.1827
8586,1049,36,0.1000,0.00005000,31.3064,517.2196,244.4359
8587,63,13,0.1000,0.00005000,29.2780,507.9818,305.0446
8588,839,44,0.1000,0.00005000,33.6795,516.6349,228.0984
8589,83,11,0.1000,0.00005000,26.7090,500.8961,258.3304
8590,40,9,0.1000,0.00005000,32.8677,501.2349,183.3561
8591,144,16,0.1000,0.00005000,29.9890,477.5271,206.3542
8592,102,17,0.1000,0.00005000,29.6080,511.6484,195.1462
8593,78,11,0.1000,0.00005000,26.2338,471.7795,184.9871
8594,58,11,0.1000,0.00005000,32.5213,493.6806,216.5589
8595,358,17,0.1000,0.00005000,30.5682,522.9309,309.8759
8596,169,18,0.1000,0.00005000,39.6917,507.8393,282.9592
8597,98,14,0.1000,0.00005000,33.5669,498.1547,235.4752
8598,440,37,0.1000,0.00005000,26.6749,513.0782,185.6534
8599,164,15,0.1000,0.00005000,30.4344,497.2591,192.1510
8600,240,23,0.1000,0.00005000,37.8490,493.4145,255.2985
8601,236,19,0.1000,0.00005000,27.3516,507.5865,291.8051
8602,227,25,0.1000,0.00005000,31.7596,511.9915,197.9245
8603,544,39,0.1000,0.00005000,30.5893,495.3747,241.9959
8604,224,20,0.1000,0.00005000,30.1028,485.6026,270.7665
8605,293,20,0.1000,0.00005000,31.5284,526.1157,235.5529
8606,50,8,0.1000,0.00005000,18.7446,491.8496,211.2661
8607,294,25,0.1000,0.00005000,36.8679,512.0601,290.0855
8608,471,27,0.1000,0.00005000,34.0573,523.5168,207.4848
8609,168,16,0.1000,0.00005000,34.0017,490.5620,216.9924
8610,164,23,0.1000,0.00005000,29.3380,515.4475,269.7321
8611,41,10,0.1000,0.00005000,27.3233,473.9226,321.6634
8612,253,26,0.1000,0.00005000,30.8931,498.8962,207.3091
8613,175,20,0.1000,0.00005000,28.8858,506.2409,250.7560
8614,125,17,0.1000,0.00005000,34.4400,484.9481,274.1760
8615,49,12,0.1000,0.00005000,29.2546,489.4097,189.6867
8616,42,10,0.1000,0.00005000,25.6152,498.2219,273.6112
8617,246,22,0.1000,0.00005000,34.6945,510.2390,285.2283
8618,57,12,0.1000,0.00005000,33.1313,496.4699,299.7521
8619,167,21,0.1000,0.00005000,29.5376,526.7774,276.9053
8620,211,22,0.1000,0.00005000,31.9267,462.8183,244.6517
8621,173,18,0.1000,0.00005000,30.6038,499.4427,209.5049
8622,33,9,0.1000,0.00005000,32.4079,492.6318,177.2461
8623,184,20,0.1000,0.00005000,28.4744,503.0088,212.7440
8624,121,15,0.1000,0.00005000,32.7201,493.5858,212.2592
8625,586,37,0.1000,0.00005000,30.4582,515.2613,252.0277
8626,228,23,0.1000,0.00005000,34.4499,509.1958,298.3374
8627,460,25,0.1000,0.00005000,33.2984,480.4215,187.6881
8628,78,9,0.1000,0.00005000,35.2628,487.9740,211.2901
8629,1007,46,0.1000,0.00005000,31.5004,525.7786,264.3796
8630,219,20,0.1000,0.00005000,26.0581,498.9368,274.6378
8631,72,13,0.1000,0.00005000,34.9307,494.3751,226.4940
8632,2177,56,0.1000,0.00005000,30.3891,538.2619,242.2829
8633,53,12,0.1000,0.00005000,34.1078,490.6251,150.9592
8634,393,27,0.1000,0.00005000,33.7156,505.8367,190.7009
8635,48,10,0.1000,0.00005000,31.2846,486.6919,236.4683
8636,635,39,0.1000,0.00005000,29.2554,493.5900,223.5200
8637,791,41,0.1000,0.00005000,31.9686,532.9315,291.5084
8638,74,14,0.1000,0.00005000,37.7965,481.5424,324.9835
8639,152,19,0.1000,0.00005000,30.4029,494.0447,198.0815
8640,161,17,0.1000,0.00005000,36.9513,509.6198,270.7918
8641,57,11,0.1000,0.00005000,39.0197,472.7060,281.9006
8642,371,21,0.1000,0.00005000,29.0745,522.6807,220.0404
8643,119,13,0.1000,0.00005000,28.7100,489.8144,236.1782
8644,63,13,0.1000,0.00005000,31.6468,496.1353,224.0153
8645,246,24,0.1000,0.00005000,31.9976,483.2773,217.9812
8646,53,11,0.1000,0.00005000,34.9438,482.3180,239.0895
8647,34,8,0.1000,0.00005000,23.8017,488.3230,144.5583
8648,379,28,0.1000,0.00005000,36.6873,478.3756,166.4835
8649,120,13,0.1000,0.00005000,30.3099,505.4975,270.8093
8650,87,15,0.1000,0.00005000,26.6377,488.2709,230.5958
8651,44,8,0.1000,0.00005000,30.3102,480.3853,192.9184
8652,31,8,0.1000,0.00005000,28.2970,483.6195,223.9006
8653,254,20,0.1000,0.00005000,34.2490,510.6832,195.0501
8654,55,10,0.1000,0.00005000,31.5511,500.0231,247.1011
8655,312,24,0.1000,0.00005000,33.6771,496.4890,199.3061
8656,107,17,0.1000,0.00005000,28.4690,513.0881,207.5442
8657,59,12,0.1000,0.00005000,30.3084,492.3990,284.9379
8658,359,27,0.1000,0.00005000,31.4624,515.1699,270.0536
8659,979,52,0.1000,0.00005000,32.0850,485.4851,247.1944
8660,218,17,0.1000,0.00005000,25.2946,504.6917,274.5482
8661,130,19,0.1000,0.00005000,25.7904,497.6639,264.3991
8662,170,19,0.1000,0.00005000,36.3931,506.5731,230.0365
8663,323,27,0.1000,0.00005000,30.8880,510.0013,211.4886
8664,48,9,0.1000,0.00005000,30.6971,501.2428,126.0215
8665,37,10,0.1000,0.00005000,34.0284,479.1770,132.5455
8666,183,19,0.1000,0.00005000,35.0045,504.3300,265.4083
8667,767,43,0.1000,0.00005000,32.7318,500.9741,272.8587
8668,139,18,0.1000,0.00005000,31.3703,526.2494,259.5541
8669,39,9,0.1000,0.00005000,36.9179,482.9819,331.2693
8670,60,12,0.1000,0.00005000,35.8051,493.2853,260.8358
8671,161,15,0.1000,0.00005000,30.5008,497.8253,202.0321
8672,362,29,0.1000,0.00005000,35.2757,491.2855,251.1259
8673,139,18,0.1000,0.00005000,27.2127,504.4825,240.0570
8674,398,36,0.1000,0.00005000,30.7058,498.8428,216.6824
8675,224,18,0.1000,0.00005000,27.9826,502.2762,275.2921
8676,165,21,0.1000,0.00005000,25.8408,505.0044,312.0173
8677,884,36,0.1000,0.00005000,31.2125,494.9793,217.9491
8678,42,10,0.1000,0.00005000,25.9988,447.7195,218.2717
8679,296,21,0.1000,0.00005000,32.4812,471.9487,265.2182
8680,48,12,0.1000,0.00005000,35.8982,474.9799,330.1580
8681,120,18,0.1000,0.00005000,29.2863,503.1305,263.7054
8682,26,8,0.1000,0.00005000,35.9186,519.4388,236.1074
8683,82,12,0.1000,0.00005000,26.6244,498.0055,177.4102
8684,135,19,0.1000,0.00005000,33.7278,465.0759,237.9718
8685,174,20,0.1000,0.00005000,32.1647,519.2623,226.4884
8686,48,11,0.1000,0.00005000,28.6355,491.3124,219.9080
8687,34,9,0.1000,0.00005000,31.6466,505.0668,217.8715
8688,141,19,0.1000,0.00005000,35.0963,475.9253,211.0612
8689,136,19,0.1000,0.00005000,37.1534,463.7009,213.4189
8690,170,16,0.1000,0.00005000,38.4887,491.4435,197.0798
8691,73,14,0.1000,0.00005000,31.4687,479.5292,246.6549
8692,685,32,0.1000,0.00005000,29.9529,511.6102,218.1058
8693,245,22,0.1000,0.00005000,32.5740,478.2897,252.2499
8694,84,13,0.1000,0.00005000,34.4467,492.0533,160.4680
8695,104,16,0.1000,0.00005000,30.4539,477.9954,186.7011
8696,422,14,0.1000,0.00005000,40.7318,520.0031,214.2866
8697,386,29,0.1000,0.00005000,32.5824,513.9097,202.3672
8698,30,7,0.1000,0.00005000,33.2571,482.7938,267.2971
8699,302,20,0.1000,0.00005000,38.8707,495.7591,310.2031
8700,157,19,0.1000,0.00005000,32.5353,494.6300,179.3018
8701,367,28,0.1000,0.00005000,30.3309,511.1633,226.9218
8702,53,10,0.1000,0.00005000,28.5841,515.4700,269.3292
8703,253,23,0.1000,0.00005000,30.4857,527.6301,222.6861
8704,75,15,0.1000,0.00005000,35.9082,512.2295,212.8473
8705,147,19,0.1000,0.00005000,30.5761,469.3350,284.7394
8706,58,11,0.1000,0.00005000,28.0785,493.9958,153.9354
8707,300,25,0.1000,0.00005000,31.4213,478.4002,197.3052
8708,217,24,0.1000,0.00005000,27.9584,509.8841,274.0642
8709,73,13,0.1000,0.00005000,40.7110,498.5982,244.0186
8710,117,17,0.1000,0.00005000,25.9331,506.0489,212.5945
8711,310,28,0.1000,0.00005000,29.9037,502.8451,221.6159
8712,144,19,0.1000,0.00005000,30.5668,497.0645,201.8138
8713,565,28,0.1000,0.00005000,30.3915,513.6794,238.2467
8714,71,10,0.1000,0.00005000,27.7089,485.7479,159.3364
8715,42,10,0.1000,0.00005000,29.0428,484.7053,253.5766
8716,75,12,0.1000,0.00005000,35.9280,497.8475,210.4330
8717,55,11,0.1000,0.00005000,31.6082,507.8272,231.4314
8718,165,16,0.1000,0.00005000,25.0276,495.6835,248.6249
8719,416,27,0.1000,0.00005000,29.4518,533.0807,205.4128
8720,116,12,0.1000,0.00005000,30.2121,444.2807,270.4826
8721,249,22,0.1000,0.00005000,34.6701,510.8787,223.1351
8722,189,21,0.1000,0.00005000,35.5555,499.0846,300.8529
8723,43,11,0.1000,0.00005000,29.2242,481.7362,313.3205
8724,149,23,0.1000,0.00005000,32.7933,524.5572,215.3279
8725,58,12,0.1000,0.00005000,26.7263,505.0546,281.4099
8726,143,18,0.1000,0.00005000,23.5884,507.8316,336.0267
8727,577,33,0.1000,0.00005000,25.0358,527.5139,231.6419
8728,55,12,0.1000,0.00005000,34.0868,504.9993,157.3317
8729,118,15,0.1000,0.00005000,30.0431,513.4598,257.7262
8730,4349,90,0.1000,0.00005000,28.8576,550.2353,213.6406
8731,53,10,0.1000,0.00005000,38.9271,473.1867,222.8315
8732,26,5,0.1000,0.00005000,30.6615,482.2528,278.6943
8733,110,13,0.1000,0.00005000,23.8450,557.7100,190.6778
8734,612,34,0.1000,0.00005000,29.0800,517.3993,282.2326
8735,396,22,0.1000,0.00005000,33.4095,466.7411,220.5588
8736,71,13,0.1000,0.00005000,30.8220,474.8296,239.1668
8737,227,19,0.1000,0.00005000,33.4503,509.5200,254.0277
8738,55,11,0.1000,0.00005000,33.5384,505.3105,214.6014
8739,328,28,0.1000,0.00005000,33.8788,491.7153,266.4266
8740,58,14,0.1000,0.00005000,32.7652,499.9141,162.0148
8741,557,26,0.1000,0.00005000,32.5631,516.9614,243.9125
8742,462,37,0.1000,0.00005000,36.8450,489.2803,274.5266
8743,395,31,0.1000,0.00005000,32.8074,501.9721,224.2322
8744,379,31,0.1000,0.00005000,30.5714,498.9574,248.4407
8745,232,22,0.1000,0.00005000,34.0398,534.5267,239.0011
8746,42,12,0.1000,0.00005000,30.2804,471.6628,228.7085
8747,447,23,0.1000,0.00005000,30.4398,513.2772,213.9685
8748,64,16,0.1000,0.00005000,24.7448,514.3194,230.0834
8749,245,23,0.1000,0.00005000,25.7784,500.1489,291.6398
8750,35,8,0.1000,0.00005000,28.3137,494.8539,252.8207
8751,49,11,0.1000,0.00005000,32.4383,478.5055,225.7584
8752,73,13,0.1000,0.00005000,29.6245,499.2548,182.5304
8753,81,13,0.1000,0.00005000,32.8827,502.7713,194.4469
8754,188,23,0.1000,0.00005000,35.6119,494.3821,217.9427
8755,398,26,0.1000,0.00005000,31.0591,503.9231,252.6621
8756,73,12,0.1000,0.00005000,30.8279,497.1613,199.6855
8757,76,12,0.1000,0.00005000,31.2271,499.6298,243.2610
8758,343,28,0.1000,0.00005000,36.9307,545.7287,253.7680
8759,279,25,0.1000,0.00005000,36.7214,509.1405,222.1532
8760,73,14,0.1000,0.00005000,30.2495,518.5001,217.4732
8761,135,18,0.1000,0.00005000,35.0270,481.7545,240.0021
8762,229,20,0.1000,0.00005000,28.8211,492.3458,212.0258
8763,226,24,0.1000,0.00005000,32.7355,526.0613,185.7332
8764,224,17,0.1000,0.00005000,32.3396,500.8234,179.9813
8765,340,28,0.1000,0.00005000,31.2471,498.4048,262.6789
8766,101,15,0.1000,0.00005000,28.1127,540.1475,225.0910
8767,305,27,0.1000,0.00005000,28.9115,452.3850,263.3333
8768,120,14,0.1000,0.00005000,28.4015,521.5380,224.0519
8769,34,8,0.1000,0.00005000,37.7044,477.9511,224.3493
8770,170,15,0.1000,0.00005000,32.3229,503.8524,285.3136
8771,282,30,0.1000,0.00005000,38.6255,488.1194,275.7099
8772,59,14,0.1000,0.00005000,26.9706,515.7172,309.8329
8773,170,17,0.1000,0.00005000,26.5605,510.6343,324.2102
8774,36,9,0.1000,0.00005000,29.5908,496.4926,180.1664
8775,78,14,0.1000,0.00005000,26.8476,508.3824,266.2517
8776,91,17,0.1000,0.00005000,31.5869,515.9860,202.6225
8777,90,15,0.1000,0.00005000,32.3343,520.1927,161.9808
8778,34,8,0.1000,0.00005000,26.1280,484.2938,262.7012
8779,245,21,0.1000,0.00005000,30.0395,529.3464,196.6228
8780,371,21,0.1000,0.00005000,28.7338,524.3138,193.7246
8781,287,29,0.1000,0.00005000,29.2375,507.4950,245.0133
8782,627,35,0.1000,0.00005000,28.8464,511.2691,196.0994
8783,86,14,0.1000,0.00005000,28.1784,499.4667,209.8812
8784,165,18,0.1000,0.00005000,33.1254,493.1063,244.8199
8785,157,17,0.1000,0.00005000,30.7372,507.6767,271.3179
8786,28,8,0.1000,0.00005000,28.5326,508.3983,253.5991
8787,38,9,0.1000,0.00005000,31.1874,518.4383,288.0811
8788,173,16,0.1000,0.00005000,28.4297,495.4887,314.5068
8789,114,13,0.1000,0.00005000,30.4511,491.9023,258.0765
8790,58,11,0.1000,0.00005000,37.3408,500.7795,183.8994
8791,59,12,0.1000,0.00005000,24.5001,491.6096,299.8762
8792,543,24,0.1000,0.00005000,37.2353,510.0610,265.1918
8793,133,17,0.1000,0.00005000,28.9521,497.4669,206.0932
8794,127,17,0.1000,0.00005000,29.2039,496.2781,180.6896
8795,92,12,0.1000,0.00005000,31.0642,514.5059,216.2477
8796,172,22,0.1000,0.00005000,25.7125,517.5012,238.7559
8797,777,30,0.1000,0.00005000,31.7819,512.5907,219.8661
8798,34,8,0.1000,0.00005000,38.2038,481.6150,259.2832
8799,225,21,0.1000,0.00005000,30.7522,450.3069,309.3308
8800,919,35,0.1000,0.00005000,29.2492,537.6386,262.1704
8801,70,14,0.1000,0.00005000,33.0459,522.6289,258.8055
8802,59,9,0.1000,0.00005000,29.9180,500.3668,186.8462
8803,103,17,0.1000,0.00005000,27.8767,496.2734,238.2337
8804,39,10,0.1000,0.00005000,40.2202,503.8051,178.3206
8805,127,16,0.1000,0.00005000,33.1931,495.5710,191.3937
8806,84,13,0.1000,0.00005000,35.9144,510.9494,239.6782
8807,383,27,0.1000,0.00005000,28.1388,523.8677,196.1018
8808,220,23,0.1000,0.00005000,36.5354,527.0642,259.9689
8809,124,14,0.1000,0.00005000,29.7763,526.4764,250.3908
8810,162,18,0.1000,0.00005000,28.2979,491.1901,323.8792
8811,74,13,0.1000,0.00005000,36.7146,497.4770,230.4916
8812,68,10,0.1000,0.00005000,27.6006,512.5481,224.1582
8813,357,25,0.1000,0.00005000,32.3509,532.8389,231.5242
8814,39,9,0.1000,0.00005000,30.1544,504.7035,160.3223
8815,62,13,0.1000,0.00005000,29.6038,477.4208,314.6587
8816,37,10,0.1000,0.00005000,26.3713,527.5864,256.4146
8817,296,25,0.1000,0.00005000,28.5546,508.3309,195.7001
8818,664,27,0.1000,0.00005000,28.7690,497.5975,240.4837
8819,373,30,0.1000,0.00005000,31.0526,497.6116,208.6934
8820,27,7,0.1000,0.00005000,28.4945,497.8765,145.4272
8821,40,6,0.1000,0.00005000,33.7738,507.0795,196.6488
8822,81,11,0.1000,0.00005000,33.4443,526.6165,256.1978
8823,635,34,0.1000,0.00005000,28.6470,526.0239,202.9887
8824,134,18,0.1000,0.00005000,28.5819,519.3937,181.7233
8825,291,25,0.1000,0.00005000,33.6699,498.0368,229.9858
8826,83,13,0.1000,0.00005000,35.5419,487.8952,246.0938
8827,60,13,0.1000,0.00005000,27.5853,519.7595,226.6173
8828,502,30,0.1000,0.00005000,31.1892,517.1926,241.2781
8829,388,26,0.1000,0.00005000,31.5228,543.7085,294.1168
8830,120,16,0.1000,0.00005000,28.1632,507.4871,258.5282
8831,41,11,0.1000,0.00005000,24.7086,506.9348,201.1547
8832,38,9,0.1000,0.00005000,36.1420,461.0135,210.6572
8833,84,16,0.1000,0.00005000,35.8025,501.6490,216.9125
8834,271,21,0.1000,0.00005000,30.5787,500.7557,210.4178
8835,50,8,0.1000,0.00005000,32.5761,483.4096,263.3704
8836,78,12,0.1000,0.00005000,42.7246,498.6244,342.2301
8837,55,12,0.1000,0.00005000,30.0346,501.8240,213.9306
8838,79,14,0.1000,0.00005000,33.4089,482.2382,293.9269
8839,117,14,0.1000,0.00005000,33.0360,496.0885,327.8636
8840,771,49,0.1000,0.00005000,30.9082,474.1140,247.7115
8841,42,10,0.1000,0.00005000,27.7011,496.4351,310.3812
8842,437,28,0.1000,0.00005000,29.2439,494.4753,292.8410
8843,49,10,0.1000,0.00005000,32.6789,474.7311,264.6316
8844,176,19,0.1000,0.00005000,32.8720,502.6533,314.5531
8845,597,34,0.1000,0.00005000,27.7004,507.1131,258.7350
8846,61,13,0.1000,0.00005000,30.3946,519.4650,204.8174
8847,200,19,0.1000,0.00005000,35.8215,519.6236,244.1980
8848,36,9,0.1000,0.00005000,26.2025,522.6710,312.6237
8849,210,21,0.1000,0.00005000,31.2743,489.1023,190.0638
8850,163,20,0.1000,0.00005000,31.1315,512.3466,187.3410
8851,83,13,0.1000,0.00005000,29.1399,509.6744,203.2038
8852,195,24,0.1000,0.00005000,27.8539,495.6839,265.9070
8853,56,12,0.1000,0.00005000,29.7307,539.1962,208.1992
8854,374,25,0.1000,0.00005000,29.9169,504.1790,282.2583
8855,388,28,0.1000,0.00005000,33.2576,520.5837,210.9002
8856,140,16,0.1000,0.00005000,30.7045,503.7313,224.9353
8857,60,13,0.1000,0.00005000,27.1068,504.3711,212.9955
8858,121,17,0.1000,0.00005000,37.6886,483.3353,219.7083
8859,117,14,0.1000,0.00005000,35.3473,495.0992,237.7806
8860,52,10,0.1000,0.00005000,30.5976,492.4863,152.1291
8861,348,27,0.1000,0.00005000,36.8799,492.4220,229.7555
8862,51,10,0.1000,0.00005000,35.2003,486.8054,222.6462
8863,359,29,0.1000,0.00005000,28.5996,517.0306,212.4413
8864,245,22,0.1000,0.00005000,33.2038,523.4400,205.9810
8865,40,11,0.1000,0.00005000,32.1633,508.5547,277.4077
8866,805,37,0.1000,0.00005000,27.9603,523.9001,202.3258
8867,231,23,0.1000,0.00005000,26.3753,544.6155,246.0221
8868,57,12,0.1000,0.00005000,32.8999,519.9635,192.3386
8869,78,14,0.1000,0.00005000,26.3664,515.9462,247.6593
8870,220,19,0.1000,0.00005000,28.7773,533.9138,198.7581
8871,522,34,0.1000,0.00005000,28.0439,509.7981,195.1138
8872,358,28,0.1000,0.00005000,32.5485,543.4247,221.0526
8873,53,10,0.1000,0.00005000,31.9401,506.3795,448.5548
8874,41,10,0.1000,0.00005000,26.0707,483.9017,321.5099
8875,104,16,0.1000,0.00005000,26.0890,482.5496,379.5744
8876,160,13,0.1000,0.00005000,38.2702,495.8397,228.5409
8877,49,13,0.1000,0.00005000,30.2074,497.6913,262.6274
8878,82,13,0.1000,0.00005000,28.5207,496.2001,328.2284
8879,211,20,0.1000,0.00005000,26.3657,505.3930,296.1184
8880,209,22,0.1000,0.00005000,35.4031,500.6277,343.8592
8881,292,19,0.1000,0.00005000,32.0921,499.2118,261.3987
8882,47,9,0.1000,0.00005000,40.9402,508.6860,217.8668
8883,34,8,0.1000,0.00005000,28.2548,481.9664,195.4918
8884,234,23,0.1000,0.00005000,27.6128,507.0169,229.7078
8885,83,13,0.1000,0.00005000,29.4879,524.3304,193.7909
8886,211,17,0.1000,0.00005000,26.9541,508.5157,170.8802
8887,256,26,0.1000,0.00005000,27.9446,496.1141,227.3105
8888,470,34,0.1000,0.00005000,26.7878,523.2399,229.1587
8889,80,16,0.1000,0.00005000,33.5173,504.0592,246.0244
8890,73,13,0.1000,0.00005000,29.5176,514.1388,306.3638
8891,273,26,0.1000,0.00005000,31.3802,509.2526,207.0690
8892,52,11,0.1000,0.00005000,26.7440,483.4859,299.7682
8893,301,27,0.1000,0.00005000,33.3753,518.2463,232.4085
8894,51,11,0.1000,0.00005000,29.6441,507.8047,199.7033
8895,116,14,0.1000,0.00005000,30.8560,501.1335,200.4388
8896,54,12,0.1000,0.00005000,31.2529,520.6255,287.2160
8897,122,16,0.1000,0.00005000,32.8546,529.3988,221.5545
8898,58,11,0.1000,0.00005000,21.0791,502.6343,203.4794
8899,34,8,0.1000,0.00005000,30.2443,491.0564,182.8105
8900,168,16,0.1000,0.00005000,30.9713,499.8464,245.9313
8901,62,13,0.1000,0.00005000,21.4624,507.9451,231.8050
8902,47,11,0.1000,0.00005000,27.0567,491.9085,260.6656
8903,364,21,0.1000,0.00005000,26.3754,526.4409,221.4950
8904,53,11,0.1000,0.00005000,30.0059,511.8999,126.5655
8905,188,18,0.1000,0.00005000,30.8977,520.2692,323.2613
8906,1604,55,0.1000,0.00005000,30.1613,526.5311,227.2026
8907,541,24,0.1000,0.00005000,33.4203,528.7850,316.3312
8908,205,18,0.1000,0.00005000,30.6780,502.1277,182.4996
8909,32,8,0.1000,0.00005000,32.6801,497.2851,232.5723
8910,59,14,0.1000,0.00005000,31.4176,530.9350,217.7424
8911,49,8,0.1000,0.00005000,45.1405,498.5031,216.1018
8912,236,21,0.1000,0.00005000,23.1093,529.3495,228.6411
8913,238,23,0.1000,0.00005000,30.1873,464.6730,226.2411
8914,105,17,0.1000,0.00005000,29.8175,493.8680,196.9195
8915,58,12,0.1000,0.00005000,26.4798,520.2401,165.9330
8916,1019,33,0.1000,0.00005000,28.1345,525.9590,177.1598
8917,53,11,0.1000,0.00005000,28.0301,470.5577,246.3350
8918,478,32,0.1000,0.00005000,30.4470,548.3863,238.0506
8919,312,27,0.1000,0.00005000,28.8637,507.5034,243.6004
8920,41,10,0.1000,0.00005000,31.6497,502.5697,229.7398
8921,124,15,0.1000,0.00005000,27.8753,483.0581,294.7954
8922,28,5,0.1000,0.00005000,30.9439,501.4803,304.5490
8923,53,11,0.1000,0.00005000,29.7206,510.5163,251.4748
8924,73,14,0.1000,0.00005000,31.7549,499.2127,200.6256
8925,77,11,0.1000,0.00005000,28.8172,490.6158,240.1739
8926,237,25,0.1000,0.00005000,33.4518,534.1232,253.5105
8927,41,11,0.1000,0.00005000,31.2765,491.0097,188.9286
8928,153,15,0.1000,0.00005000,32.9034,509.2707,172.3322
8929,71,14,0.1000,0.00005000,35.9499,541.5797,265.3596
8930,218,18,0.1000,0.00005000,28.1043,504.6570,306.7269
8931,503,30,0.1000,0.00005000,29.6478,542.1626,217.1784
8932,216,27,0.1000,0.00005000,23.5816,524.6318,239.1809
8933,58,13,0.1000,0.00005000,37.2251,524.0673,205.2537
8934,41,11,0.1000,0.00005000,26.0108,511.0542,284.2051
8935,28,8,0.1000,0.00005000,32.2703,488.0589,251.6613
8936,118,13,0.1000,0.00005000,27.2139,524.0698,292.3607
8937,123,17,0.1000,0.00005000,26.9239,530.4898,190.7537
8938,37,8,0.1000,0.00005000,38.7990,497.5217,244.0289
8939,90,16,0.1000,0.00005000,33.7410,480.1060,214.6709
8940,95,16,0.1000,0.00005000,31.0618,519.2690,216.9746
8941,41,11,0.1000,0.00005000,25.3151,471.1668,189.3386
8942,114,12,0.1000,0.00005000,30.9620,506.4042,182.5850
8943,45,10,0.1000,0.00005000,35.7351,501.1428,223.2139
8944,191,18,0.1000,0.00005000,32.5482,501.6420,172.9910
8945,56,11,0.1000,0.00005000,25.2205,499.9783,268.7188
8946,46,11,0.1000,0.00005000,26.2477,490.2202,182.3323
8947,176,21,0.1000,0.00005000,27.1177,530.7067,285.6223
8948,124,16,0.1000,0.00005000,29.5225,488.3216,232.3519
8949,61,13,0.1000,0.00005000,31.9239,486.3938,319.5868
8950,81,13,0.1000,0.00005000,25.5841,513.7789,232.8164
8951,63,13,0.1000,0.00005000,27.8347,514.4128,202.3441
8952,321,29,0.1000,0.00005000,26.2230,520.1071,204.8680
8953,225,25,0.1000,0.00005000,31.5316,514.0542,208.0464
8954,236,24,0.1000,0.00005000,30.4805,473.1335,249.4723
8955,230,28,0.1000,0.00005000,30.8176,537.5660,250.9790
8956,44,12,0.1000,0.00005000,27.9209,512.0860,216.0965
8957,168,17,0.1000,0.00005000,37.0019,520.3011,266.0983
8958,29,6,0.1000,0.00005000,32.2750,484.1624,216.0478
8959,42,11,0.1000,0.00005000,27.8736,505.8127,205.8914
8960,372,22,0.1000,0.00005000,29.5032,525.0733,194.4515
8961,170,18,0.1000,0.00005000,24.4296,506.1432,223.0935
8962,256,26,0.1000,0.00005000,27.2326,526.6004,198.8955
8963,347,23,0.1000,0.00005000,29.7552,522.8909,215.1853
8964,184,22,0.1000,0.00005000,35.3249,517.7958,283.5026
8965,70,13,0.1000,0.00005000,33.0835,526.2739,170.4939
8966,99,14,0.1000,0.00005000,29.2653,497.0295,300.3486
8967,128,17,0.1000,0.00005000,26.0376,498.0866,262.4521
8968,109,15,0.1000,0.00005000,27.8133,513.8763,184.5349
8969,511,45,0.1000,0.00005000,33.7294,531.7088,274.2062
8970,113,16,0.1000,0.00005000,30.6947,482.4339,210.4627
8971,163,17,0.1000,0.00005000,30.7538,500.4089,197.5649
8972,113,16,0.1000,0.00005000,25.7940,518.6574,193.5510
8973,142,19,0.1000,0.00005000,28.2548,508.1475,192.8163
8974,531,37,0.1000,0.00005000,30.8328,526.7679,268.2676
8975,35,9,0.1000,0.00005000,30.6797,504.3100,210.1642
8976,937,39,0.1000,0.00005000,30.1207,514.6527,219.6560
8977,716,40,0.1000,0.00005000,31.6114,544.9086,215.9116
8978,339,32,0.1000,0.00005000,30.7496,537.9513,211.9043
8979,37,10,0.1000,0.00005000,28.0442,499.8756,205.5984
8980,36,9,0.1000,0.00005000,27.8607,502.0714,219.5471
8981,94,17,0.1000,0.00005000,30.2699,517.1493,208.1937
8982,392,33,0.1000,0.00005000,31.0472,514.0051,239.7890
8983,78,13,0.1000,0.00005000,27.1214,537.0561,353.5326
8984,37,8,0.1000,0.00005000,28.2115,494.4488,192.7503
8985,711,42,0.1000,0.00005000,29.6441,517.8181,226.9505
8986,310,22,0.1000,0.00005000,28.5727,529.4829,284.5745
8987,28,7,0.1000,0.00005000,27.6738,495.6088,268.1233
8988,34,9,0.1000,0.00005000,37.0335,499.0609,241.6660
8989,80,13,0.1000,0.00005000,30.6456,493.6219,191.7153
8990,168,17,0.1000,0.00005000,35.3222,514.1472,174.5515
8991,37,11,0.1000,0.00005000,35.4248,523.9301,272.0252
8992,225,17,0.1000,0.00005000,28.6636,509.4027,202.6156
8993,39,10,0.1000,0.00005000,27.6750,513.3590,302.3155
8994,56,12,0.1000,0.00005000,31.6946,544.1699,228.3087
8995,85,16,0.1000,0.00005000,34.9697,539.0918,233.6943
8996,559,27,0.1000,0.00005000,33.7570,489.1098,251.1746
8997,56,13,0.1000,0.00005000,27.0150,506.0961,264.0633
8998,159,15,0.1000,0.00005000,24.8747,510.1529,178.3396
8999,56,12,0.1000,0.00005000,30.2839,518.7759,128.7747
9000,42,11,0.1000,0.00005000,25.8600,506.1898,311.2451
9001,68,15,0.1000,0.00005000,32.1539,529.2719,249.0865
9002,228,18,0.1000,0.00005000,32.4319,534.1879,228.1737
9003,240,24,0.1000,0.00005000,31.4046,505.8367,250.6337
9004,32,8,0.1000,0.00005000,30.8821,504.4341,185.6775
9005,49,9,0.1000,0.00005000,36.7508,470.7323,171.5686
9006,41,10,0.1000,0.00005000,25.2099,497.0110,227.7133
9007,79,11,0.1000,0.00005000,26.3093,446.6768,186.1435
9008,40,10,0.1000,0.00005000,30.9749,515.5729,331.6256
9009,83,14,0.1000,0.00005000,36.2262,523.1644,300.9186
9010,129,16,0.1000,0.00005000,37.7750,530.6890,190.8442
9011,59,13,0.1000,0.00005000,23.3926,535.1339,228.2433
9012,100,16,0.1000,0.00005000,29.8209,534.1154,372.4893
9013,121,14,0.1000,0.00005000,30.7429,484.8236,385.7433
9014,52,11,0.1000,0.00005000,27.8357,500.2063,313.0236
9015,137,18,0.1000,0.00005000,29.0646,543.6512,255.7435
9016,51,10,0.1000,0.00005000,28.7471,504.8793,176.7280
9017,79,9,0.1000,0.00005000,35.3109,546.4127,193.8988
9018,163,20,0.1000,0.00005000,29.6386,499.2702,251.6362
9019,31,9,0.1000,0.00005000,22.4763,533.6983,349.2878
9020,67,11,0.1000,0.00005000,27.6140,518.9159,192.8054
9021,178,20,0.1000,0.00005000,28.0205,529.0662,226.1343
9022,127,18,0.1000,0.00005000,28.1766,528.2228,246.7952
9023,1156,39,0.1000,0.00005000,33.0071,523.7446,239.8542
9024,58,12,0.1000,0.00005000,31.3826,516.4264,227.1706
9025,248,23,0.1000,0.00005000,32.4564,527.7482,256.8455
9026,277,18,0.1000,0.00005000,26.1412,512.9238,217.2570
9027,87,14,0.1000,0.00005000,30.2273,508.4925,240.6774
9028,53,9,0.1000,0.00005000,36.6491,507.6947,233.2623
9029,59,13,0.1000,0.00005000,26.3008,515.6601,288.9094
9030,30,8,0.1000,0.00005000,30.7386,521.5638,184.9981
9031,72,13,0.1000,0.00005000,24.4685,505.8886,210.8614
9032,108,13,0.1000,0.00005000,33.4573,495.3685,162.2306
9033,104,17,0.1000,0.00005000,34.0096,510.2112,171.2094
9034,221,18,0.1000,0.00005000,31.0204,530.2870,202.8986
9035,139,17,0.1000,0.00005000,34.5593,497.4092,202.9710
9036,281,28,0.1000,0.00005000,33.2955,526.0807,199.4892
9037,31,8,0.1000,0.00005000,26.6170,514.9538,235.7090
9038,40,11,0.1000,0.00005000,28.8934,500.1905,285.6995
9039,56,13,0.1000,0.00005000,33.8203,505.6000,211.1090
9040,299,22,0.1000,0.00005000,26.5555,539.5492,222.0993
9041,79,13,0.1000,0.00005000,35.2188,530.5154,233.2958
9042,73,9,0.1000,0.00005000,30.5911,508.8639,194.9436
9043,361,31,0.1000,0.00005000,35.7093,527.0937,285.4136
9044,52,11,0.1000,0.00005000,27.1523,502.3232,431.4893
9045,215,24,0.1000,0.00005000,28.9353,542.2660,309.8504
9046,739,27,0.1000,0.00005000,31.8009,550.7145,356.9685
9047,375,25,0.1000,0.00005000,30.1184,517.1548,306.2085
9048,428,30,0.1000,0.00005000,30.2728,537.8087,251.4774
9049,127,15,0.1000,0.00005000,36.5209,541.8123,190.8706
9050,107,13,0.1000,0.00005000,35.1167,494.4711,295.1449
9051,278,24,0.1000,0.00005000,34.3111,523.3525,220.5195
9052,141,19,0.1000,0.00005000,30.1108,521.4178,226.8907
9053,367,28,0.1000,0.00005000,31.7054,550.5860,257.6818
9054,59,11,0.1000,0.00005000,27.9008,495.7730,373.8767
9055,159,14,0.1000,0.00005000,24.5779,520.6780,308.3779
9056,275,22,0.1000,0.00005000,22.7258,534.5500,266.4268
9057,59,13,0.1000,0.00005000,26.7150,496.1196,235.7409
9058,58,13,0.1000,0.00005000,32.4533,505.9499,224.6238
9059,1606,80,0.1000,0.00005000,28.1497,536.0897,234.9971
9060,37,8,0.1000,0.00005000,39.6571,499.0533,244.7456
9061,370,25,0.1000,0.00005000,33.0758,548.9069,199.4440
9062,225,19,0.1000,0.00005000,30.4203,510.1499,222.3952
9063,76,13,0.1000,0.00005000,25.3870,530.3965,312.5997
9064,97,14,0.1000,0.00005000,34.1375,534.6529,279.2564
9065,135,20,0.1000,0.00005000,32.1069,523.3486,209.3574
9066,57,12,0.1000,0.00005000,27.1361,521.2195,270.7620
9067,117,13,0.1000,0.00005000,37.8133,560.0034,337.6525
9068,62,12,0.1000,0.00005000,35.1693,513.2796,191.2874
9069,188,21,0.1000,0.00005000,28.6986,542.2267,200.8623
9070,96,14,0.1000,0.00005000,24.9040,531.0329,290.6424
9071,140,22,0.1000,0.00005000,29.4329,527.3165,204.1345
9072,219,17,0.1000,0.00005000,37.3161,530.6341,203.4468
9073,82,17,0.1000,0.00005000,31.7752,502.7839,212.7667
9074,151,21,0.1000,0.00005000,32.8888,539.0378,256.8880
9075,57,10,0.1000,0.00005000,33.7150,490.0396,243.6507
9076,56,11,0.1000,0.00005000,29.6179,493.8217,213.9104
9077,379,25,0.1000,0.00005000,29.9666,526.5726,209.2721
9078,570,34,0.1000,0.00005000,30.9666,502.8975,200.1509
9079,250,24,0.1000,0.00005000,33.0569,537.2765,206.0807
9080,158,16,0.1000,0.00005000,29.2176,531.8611,292.6530
9081,194,20,0.1000,0.00005000,34.4828,527.4377,327.7197
9082,33,7,0.1000,0.00005000,43.9224,498.4021,225.6596
9083,47,10,0.1000,0.00005000,27.0647,523.3587,271.5792
9084,28,6,0.1000,0.00005000,45.8807,506.3599,303.7626
9085,62,12,0.1000,0.00005000,31.7226,526.7894,198.2713
9086,295,25,0.1000,0.00005000,26.4739,522.1568,217.8885
9087,77,12,0.1000,0.00005000,32.4799,541.7055,174.6060
9088,54,11,0.1000,0.00005000,26.9038,522.3859,192.8722
9089,86,15,0.1000,0.00005000,29.6928,519.8050,261.3898
9090,414,32,0.1000,0.00005000,32.9432,539.8580,251.6143
9091,120,15,0.1000,0.00005000,28.1826,508.9015,258.2113
9092,284,25,0.1000,0.00005000,30.2759,539.0075,180.7143
9093,170,20,0.1000,0.00005000,31.6417,530.2342,199.8110
9094,68,13,0.1000,0.00005000,25.0940,518.2572,197.7460
9095,41,9,0.1000,0.00005000,27.0203,496.5699,177.5032
9096,201,20,0.1000,0.00005000,25.3218,518.9667,197.7529
9097,63,14,0.1000,0.00005000,30.5991,533.5144,243.8909
9098,39,10,0.1000,0.00005000,32.0270,499.9693,311.4013
9099,171,18,0.1000,0.00005000,37.3367,550.7491,215.3418
9100,673,33,0.1000,0.00005000,30.3113,523.0155,212.4238
9101,306,25,0.1000,0.00005000,24.9813,524.1605,324.3523
9102,85,16,0.1000,0.00005000,31.0569,550.6407,323.0155
9103,118,15,0.1000,0.00005000,36.0564,519.7742,244.1911
9104,49,10,0.1000,0.00005000,24.9677,515.6179,148.2071
9105,102,17,0.1000,0.00005000,26.3721,530.7690,252.3575
9106,43,10,0.1000,0.00005000,28.2269,503.3116,231.4654
9107,265,26,0.1000,0.00005000,28.2987,546.7651,258.0858
9108,83,12,0.1000,0.00005000,35.6607,496.8674,231.3082
9109,31,8,0.1000,0.00005000,24.0828,519.2391,315.9570
9110,80,12,0.1000,0.00005000,33.6906,524.7811,194.5760
9111,200,19,0.1000,0.00005000,27.8671,504.4126,205.1317
9112,55,10,0.1000,0.00005000,26.1501,521.5958,210.7896
9113,96,14,0.1000,0.00005000,37.2444,528.7566,246.0672
9114,35,8,0.1000,0.00005000,25.0409,520.0962,131.7272
9115,88,13,0.1000,0.00005000,37.5495,509.9744,215.7255
9116,43,12,0.1000,0.00005000,21.3872,530.6689,243.9337
9117,252,24,0.1000,0.00005000,33.5000,542.0455,282.5555
9118,31,8,0.1000,0.00005000,37.2676,513.4012,196.6189
9119,193,18,0.1000,0.00005000,27.9125,510.2783,306.8866
9120,44,10,0.1000,0.00005000,29.2015,511.6588,229.7146
9121,54,11,0.1000,0.00005000,33.3606,512.8505,319.4501
9122,529,26,0.1000,0.00005000,29.9457,516.6176,245.0205
9123,286,23,0.1000,0.00005000,32.0137,543.9024,223.8924
9124,35,7,0.1000,0.00005000,27.3585,502.3933,280.3267
9125,44,8,0.1000,0.00005000,33.0726,487.1771,240.7717
9126,469,27,0.1000,0.00005000,32.1267,539.6751,194.5446
9127,39,8,0.1000,0.00005000,29.7839,496.7903,217.5999
9128,753,38,0.1000,0.00005000,30.8427,538.2310,286.3960
9129,104,18,0.1000,0.00005000,36.7336,556.3728,154.4809
9130,53,11,0.1000,0.00005000,29.9124,525.0778,219.7608
9131,97,15,0.1000,0.00005000,31.0715,533.5518,256.9021
9132,54,13,0.1000,0.00005000,36.3547,531.0577,203.9818
9133,53,10,0.1000,0.00005000,34.5145,534.5162,244.5175
9134,36,10,0.1000,0.00005000,44.3058,507.5272,322.3242
9135,233,21,0.1000,0.00005000,37.3768,552.6538,246.6100
9136,104,15,0.1000,0.00005000,35.2998,522.4591,272.6288
9137,41,10,0.1000,0.00005000,31.0747,524.9390,250.6156
9138,166,17,0.1000,0.00005000,34.0550,532.9923,303.5732
9139,166,17,0.1000,0.00005000,31.7685,495.2846,198.9669
9140,55,12,0.1000,0.00005000,37.0267,526.4850,199.6607
9141,77,13,0.1000,0.00005000,34.6786,538.9459,217.7031
9142,76,17,0.1000,0.00005000,30.8819,551.3292,224.6335
9143,34,8,0.1000,0.00005000,34.3458,493.2412,507.9253
9144,212,19,0.1000,0.00005000,28.9147,531.7808,334.4638
9145,106,17,0.1000,0.00005000,38.0631,512.8292,264.5117
9146,80,15,0.1000,0.00005000,31.3361,527.3195,369.1881
9147,167,21,0.1000,0.00005000,28.1532,540.7602,231.3956
9148,251,23,0.1000,0.00005000,26.7857,478.7817,188.2462
9149,44,12,0.1000,0.00005000,29.0538,542.5884,213.6694
9150,59,10,0.1000,0.00005000,37.3325,516.8715,294.8881
9151,443,34,0.1000,0.00005000,27.3323,528.3938,236.0901
9152,117,15,0.1000,0.00005000,29.1459,541.5922,272.6705
9153,222,20,0.1000,0.00005000,31.0546,514.0500,237.4412
9154,102,15,0.1000,0.00005000,29.5328,516.8465,279.4321
9155,318,25,0.1000,0.00005000,30.4768,547.7653,240.5112
9156,22,6,0.1000,0.00005000,24.2151,509.8104,184.5847
9157,397,26,0.1000,0.00005000,31.6020,511.8765,194.8294
9158,57,14,0.1000,0.00005000,29.8162,533.5354,229.6210
9159,27,7,0.1000,0.00005000,25.1809,489.6967,125.1380
9160,90,14,0.1000,0.00005000,35.5180,543.6105,230.6381
9161,40,11,0.1000,0.00005000,32.6641,540.1407,282.8893
9162,58,12,0.1000,0.00005000,31.6066,538.7960,221.3384
9163,99,14,0.1000,0.00005000,30.8458,549.5501,233.4148
9164,84,15,0.1000,0.00005000,34.2977,499.3716,201.4113
9165,487,23,0.1000,0.00005000,28.0089,540.0636,213.5983
9166,359,23,0.1000,0.00005000,27.2058,534.7430,236.9721
9167,125,18,0.1000,0.00005000,30.1963,544.6094,294.1209
9168,99,15,0.1000,0.00005000,32.5664,554.6469,233.4113
9169,54,10,0.1000,0.00005000,30.8634,521.0506,275.9271
9170,293,19,0.1000,0.00005000,36.9227,557.7600,210.4214
9171,50,11,0.1000,0.00005000,31.5613,543.8602,157.1650
9172,42,10,0.1000,0.00005000,32.6735,531.1291,163.2535
9173,444,21,0.1000,0.00005000,33.2522,532.7800,192.6664
9174,50,9,0.1000,0.00005000,38.0079,503.4687,213.1085
9175,183,20,0.1000,0.00005000,34.0083,538.5759,210.4097
9176,58,13,0.1000,0.00005000,38.4907,540.0653,257.3813
9177,221,17,0.1000,0.00005000,34.6453,558.3539,252.4331
9178,53,9,0.1000,0.00005000,35.6231,515.8496,266.6678
9179,302,23,0.1000,0.00005000,39.3987,506.7015,247.8577
9180,34,8,0.1000,0.00005000,27.3141,487.5751,271.0180
9181,390,25,0.1000,0.00005000,32.9342,534.0929,190.5403
9182,144,18,0.1000,0.00005000,30.1029,547.3640,228.4717
9183,288,19,0.1000,0.00005000,27.0313,551.3018,214.9920
9184,385,30,0.1000,0.00005000,26.7444,517.8070,235.6300
9185,215,22,0.1000,0.00005000,34.8972,557.3348,246.2286
9186,49,8,0.1000,0.00005000,26.8379,510.8253,248.2936
9187,78,12,0.1000,0.00005000,32.5631,465.3585,321.2440
9188,31,8,0.1000,0.00005000,27.5984,524.0058,195.3990
9189,132,19,0.1000,0.00005000,30.5773,564.3388,200.0090
9190,51,11,0.1000,0.00005000,24.9505,516.0834,199.6279
9191,173,19,0.1000,0.00005000,30.5308,549.1860,295.0809
9192,293,21,0.1000,0.00005000,31.9527,547.4416,191.7611
9193,37,10,0.1000,0.00005000,32.3877,528.6049,198.7634
9194,127,17,0.1000,0.00005000,37.2147,531.9335,187.1531
9195,186,20,0.1000,0.00005000,30.4252,533.5112,196.1116
9196,236,23,0.1000,0.00005000,28.7035,542.3433,253.1677
9197,141,18,0.1000,0.00005000,29.8126,548.2675,206.9789
9198,456,27,0.1000,0.00005000,28.9381,533.2266,208.4633
9199,317,20,0.1000,0.00005000,31.1731,538.4117,230.4253
9200,170,16,0.1000,0.00005000,32.8723,560.7881,203.4224
9201,34,7,0.1000,0.00005000,30.3482,511.2566,252.3111
9202,63,10,0.1000,0.00005000,29.9393,542.0567,214.7053
9203,236,21,0.1000,0.00005000,25.2873,529.3822,246.0762
9204,124,20,0.1000,0.00005000,34.9949,540.5319,301.6404
9205,40,10,0.1000,0.00005000,28.4000,536.2375,224.4466
9206,498,18,0.1000,0.00005000,33.7188,529.6291,239.3595
9207,46,7,0.1000,0.00005000,34.3033,513.4575,185.4386
9208,65,15,0.1000,0.00005000,34.3633,510.1071,267.2147
9209,34,8,0.1000,0.00005000,29.8573,520.5225,202.4731
9210,45,11,0.1000,0.00005000,25.4921,506.8501,155.0675
9211,38,11,0.1000,0.00005000,26.0044,521.3015,203.7330
9212,62,14,0.1000,0.00005000,34.2861,536.8397,171.7243
9213,294,26,0.1000,0.00005000,32.8967,553.8223,220.3011
9214,33,9,0.1000,0.00005000,40.3986,510.2720,191.9352
9215,64,14,0.1000,0.00005000,32.0033,533.2312,171.3204
9216,89,15,0.1000,0.00005000,31.3672,535.8348,265.6243
9217,82,13,0.1000,0.00005000,31.3259,518.1013,232.5997
9218,44,10,0.1000,0.00005000,24.2258,521.5357,224.0767
9219,339,29,0.1000,0.00005000,30.0751,557.4471,255.9880
9220,311,28,0.1000,0.00005000,31.4841,539.2400,200.8540
9221,494,37,0.1000,0.00005000,31.8352,529.0104,240.7400
9222,57,13,0.1000,0.00005000,33.4141,542.0015,264.6930
9223,43,12,0.1000,0.00005000,36.2772,536.0380,228.4625
9224,77,15,0.1000,0.00005000,30.0763,497.5873,195.3732
9225,85,12,0.1000,0.00005000,25.8003,489.7318,221.6532
9226,36,8,0.1000,0.00005000,29.6976,531.0319,158.3272
9227,367,26,0.1000,0.00005000,29.0790,557.2618,234.1990
9228,35,9,0.1000,0.00005000,29.3365,533.0095,194.8864
9229,41,10,0.1000,0.00005000,29.1148,499.5705,254.6242
9230,24,6,0.1000,0.00005000,31.3802,526.8182,396.3737
9231,417,34,0.1000,0.00005000,27.5203,557.4874,270.0102
9232,70,13,0.1000,0.00005000,31.5014,547.8214,263.3391
9233,81,13,0.1000,0.00005000,26.6940,529.6160,258.6983
9234,104,15,0.1000,0.00005000,29.2869,551.3712,255.1695
9235,58,12,0.1000,0.00005000,35.6539,526.2466,292.6565
9236,54,11,0.1000,0.00005000,41.6811,508.9038,249.9246
9237,450,22,0.1000,0.00005000,32.2473,571.0697,280.9859
9238,41,9,0.1000,0.00005000,33.6308,510.5933,271.9754
9239,131,16,0.1000,0.00005000,35.1217,546.2326,302.4512
9240,310,21,0.1000,0.00005000,34.9810,569.5779,279.8543
9241,142,18,0.1000,0.00005000,31.2846,531.2089,215.0073
9242,49,10,0.1000,0.00005000,35.9832,514.8298,138.0826
9243,652,37,0.1000,0.00005000,34.6449,554.3040,259.7062
9244,121,15,0.1000,0.00005000,29.7431,538.6726,230.9614
9245,129,16,0.1000,0.00005000,26.6543,544.5288,261.1355
9246,110,14,0.1000,0.00005000,34.0430,557.6885,239.8550
9247,244,20,0.1000,0.00005000,27.8837,561.9097,294.7788
9248,76,13,0.1000,0.00005000,28.0348,551.0376,227.1322
9249,76,12,0.1000,0.00005000,36.0596,541.6071,188.7011
9250,524,35,0.1000,0.00005000,30.8260,546.8016,238.0100
9251,36,8,0.1000,0.00005000,28.7783,519.5631,194.9079
9252,300,24,0.1000,0.00005000,27.3184,550.5616,233.2007
9253,215,22,0.1000,0.00005000,25.6926,548.5789,274.5819
9254,78,15,0.1000,0.00005000,31.5740,527.0432,269.9820
9255,56,11,0.1000,0.00005000,23.6000,516.7061,206.0123
9256,162,16,0.1000,0.00005000,30.6518,561.0471,215.4956
9257,63,14,0.1000,0.00005000,33.7578,539.9213,339.6100
9258,1042,34,0.1000,0.00005000,27.6637,535.1827,250.8981
9259,97,15,0.1000,0.00005000,30.1901,548.8380,265.1351
9260,169,16,0.1000,0.00005000,33.9780,554.1735,291.8218
9261,167,17,0.1000,0.00005000,27.0235,560.3088,185.0128
9262,1214,45,0.1000,0.00005000,31.8541,556.8603,248.6049
9263,123,15,0.1000,0.00005000,30.5089,526.3547,276.4514
9264,58,11,0.1000,0.00005000,30.5487,526.3062,243.2897
9265,54,11,0.1000,0.00005000,35.7639,540.5729,312.8942
9266,113,13,0.1000,0.00005000,31.2216,549.3611,171.9334
9267,38,10,0.1000,0.00005000,27.4100,502.4137,228.3070
9268,34,8,0.1000,0.00005000,38.4207,502.8621,369.0790
9269,39,11,0.1000,0.00005000,35.6869,534.6681,427.6804
9270,37,7,0.1000,0.00005000,21.3810,526.2299,420.5375
9271,222,16,0.1000,0.00005000,28.4834,563.9495,301.7344
9272,345,30,0.1000,0.00005000,31.6354,480.4513,223.5937
9273,41,11,0.1000,0.00005000,26.2644,529.5985,214.3394
9274,293,21,0.1000,0.00005000,29.7905,510.8528,188.4704
9275,53,11,0.1000,0.00005000,26.5891,567.8290,198.6483
9276,123,19,0.1000,0.00005000,27.4009,551.7894,272.7148
9277,207,21,0.1000,0.00005000,26.9499,536.2518,267.6732
9278,39,11,0.1000,0.00005000,33.1868,530.5775,255.5663
9279,497,34,0.1000,0.00005000,27.9660,555.6514,255.9825
9280,45,9,0.1000,0.00005000,32.4058,519.3273,303.8461
9281,48,9,0.1000,0.00005000,29.3276,505.3288,304.4731
9282,77,15,0.1000,0.00005000,31.5563,562.5994,241.3214
9283,212,24,0.1000,0.00005000,35.4549,531.9454,264.2493
9284,137,17,0.1000,0.00005000,34.8819,556.5117,245.1473
9285,54,13,0.1000,0.00005000,29.4624,522.5522,308.5256
9286,230,19,0.1000,0.00005000,33.3293,547.0314,229.6705
9287,58,14,0.1000,0.00005000,32.7742,532.0905,291.0452
9288,41,11,0.1000,0.00005000,28.7416,543.3597,186.5885
9289,99,15,0.1000,0.00005000,31.8287,538.2750,228.2229
9290,24,7,0.1000,0.00005000,32.2238,521.4345,336.7313
9291,78,11,0.1000,0.00005000,29.4361,532.3123,328.1024
9292,418,29,0.1000,0.00005000,31.9230,562.0248,243.1585
9293,156,13,0.1000,0.00005000,28.9481,567.0746,166.7855
9294,32,9,0.1000,0.00005000,30.2013,525.6300,162.6983
9295,30,7,0.1000,0.00005000,28.3920,529.6743,341.8537
9296,874,43,0.1000,0.00005000,28.7046,542.4919,217.4136
9297,43,7,0.1000,0.00005000,21.6612,546.9059,251.1906
9298,106,19,0.1000,0.00005000,33.2920,573.5236,178.6397
9299,51,10,0.1000,0.00005000,37.6135,550.2689,170.9233
9300,37,11,0.1000,0.00005000,39.0951,556.3125,266.4877
9301,104,17,0.1000,0.00005000,29.9353,563.6786,228.4467
9302,469,27,0.1000,0.00005000,32.9218,563.3133,208.4591
9303,104,16,0.1000,0.00005000,28.4129,522.9141,236.1151
9304,84,13,0.1000,0.00005000,25.2721,546.0203,340.7202
9305,377,28,0.1000,0.00005000,28.0664,553.5877,210.5195
9306,123,17,0.1000,0.00005000,35.6926,526.8350,276.5306
9307,441,36,0.1000,0.00005000,29.1412,550.2646,281.3012
9308,32,8,0.1000,0.00005000,45.2746,523.2238,404.8464
9309,83,14,0.1000,0.00005000,29.6952,539.1534,269.7514
9310,430,31,0.1000,0.00005000,28.2675,544.2426,187.0062
9311,53,11,0.1000,0.00005000,26.2589,551.9428,237.7654
9312,40,10,0.1000,0.00005000,33.6155,529.9939,207.7457
9313,33,8,0.1000,0.00005000,33.3200,535.7688,174.0992
9314,32,8,0.1000,0.00005000,35.4827,545.7145,356.3532
9315,51,9,0.1000,0.00005000,33.7347,500.5748,282.8636
9316,223,19,0.1000,0.00005000,30.0700,573.1401,221.8696
9317,119,14,0.1000,0.00005000,33.6014,546.3482,221.2361
9318,38,11,0.1000,0.00005000,32.3184,571.3831,237.9839
9319,109,15,0.1000,0.00005000,32.5110,530.6050,182.0177
9320,61,11,0.1000,0.00005000,26.9915,539.6831,206.7789
9321,83,13,0.1000,0.00005000,32.8465,549.8699,271.7891
9322,77,14,0.1000,0.00005000,32.2971,541.8420,235.9551
9323,185,20,0.1000,0.00005000,28.2528,549.0434,215.1067
9324,129,15,0.1000,0.00005000,36.5573,546.7713,282.5022
9325,319,26,0.1000,0.00005000,31.9518,583.2039,292.8075
9326,62,12,0.1000,0.00005000,34.9990,534.0688,173.3614
9327,57,11,0.1000,0.00005000,32.1718,562.5598,260.6097
9328,39,10,0.1000,0.00005000,27.3787,552.3110,254.7414
9329,44,12,0.1000,0.00005000,35.0157,570.5040,275.0212
9330,789,32,0.1000,0.00005000,29.8564,567.4507,328.8491
9331,172,19,0.1000,0.00005000,32.8518,563.2231,206.3150
9332,293,28,0.1000,0.00005000,31.4554,578.1382,285.7506
9333,40,12,0.1000,0.00005000,36.4624,575.8525,262.7779
9334,112,14,0.1000,0.00005000,28.0179,567.4777,264.4223
9335,96,15,0.1000,0.00005000,37.1528,562.1191,229.5941
9336,177,20,0.1000,0.00005000,37.5449,571.5350,216.7310
9337,457,26,0.1000,0.00005000,35.3619,591.7848,302.6777
9338,85,12,0.1000,0.00005000,26.6914,550.2650,277.1880
9339,808,44,0.1000,0.00005000,31.3693,539.2030,251.6350
9340,78,15,0.1000,0.00005000,33.0200,574.3574,295.0546
9341,58,11,0.1000,0.00005000,41.5270,556.1385,230.2052
9342,74,14,0.1000,0.00005000,33.2439,586.9674,293.1364
9343,121,15,0.1000,0.00005000,28.0662,552.7058,204.1625
9344,36,8,0.1000,0.00005000,35.8168,558.9618,376.9961
9345,47,9,0.1000,0.00005000,24.9422,537.1641,228.4882
9346,65,13,0.1000,0.00005000,33.9120,527.8815,196.7581
9347,119,15,0.1000,0.00005000,35.7329,556.1337,282.8220
9348,81,14,0.1000,0.00005000,30.2127,578.9583,188.1676
9349,62,13,0.1000,0.00005000,27.0280,539.2742,285.8722
9350,226,20,0.1000,0.00005000,26.8401,570.7636,274.7894
9351,37,9,0.1000,0.00005000,32.6171,548.3831,285.4626
9352,87,13,0.1000,0.00005000,31.3888,554.3467,256.3708
9353,563,32,0.1000,0.00005000,30.5883,581.1540,337.3617
9354,61,13,0.1000,0.00005000,30.7853,565.4586,259.8343
9355,115,13,0.1000,0.00005000,33.0244,561.1257,204.6539
9356,61,11,0.1000,0.00005000,28.5862,560.8090,222.8059
9357,32,6,0.1000,0.00005000,29.9928,548.9515,132.0173
9358,124,15,0.1000,0.00005000,31.1068,542.4766,186.4094
9359,55,10,0.1000,0.00005000,27.5252,548.9650,322.6960
9360,23,7,0.1000,0.00005000,31.8100,535.6754,192.9871
9361,125,19,0.1000,0.00005000,28.4084,576.7019,284.7634
9362,169,15,0.1000,0.00005000,26.9315,576.5939,236.1080
9363,66,15,0.1000,0.00005000,30.9689,546.7414,170.6211
9364,116,14,0.1000,0.00005000,36.5537,555.0844,241.1662
9365,77,11,0.1000,0.00005000,33.9089,555.2097,295.9773
9366,77,14,0.1000,0.00005000,25.8894,522.5960,207.9284
9367,69,13,0.1000,0.00005000,24.4261,563.4612,257.7750
9368,113,14,0.1000,0.00005000,33.3536,558.2347,201.3073
9369,54,9,0.1000,0.00005000,17.0828,508.0937,277.8366
9370,372,22,0.1000,0.00005000,31.9208,535.1316,195.0140
9371,87,15,0.1000,0.00005000,30.8730,550.7849,191.0553
9372,53,10,0.1000,0.00005000,33.1415,542.9400,204.6670
9373,83,13,0.1000,0.00005000,29.3183,550.8556,184.3072
9374,653,32,0.1000,0.00005000,32.3047,594.0776,247.1426
9375,168,18,0.1000,0.00005000,31.8782,561.4299,218.9873
9376,251,25,0.1000,0.00005000,29.5002,571.9046,266.2765
9377,189,20,0.1000,0.00005000,36.5426,577.2511,263.3386
9378,158,19,0.1000,0.00005000,30.8677,554.3484,288.1081
9379,61,12,0.1000,0.00005000,33.1608,571.6596,234.2368
9380,55,11,0.1000,0.00005000,32.1268,564.0754,255.7467
9381,52,12,0.1000,0.00005000,39.8302,553.8003,165.1396
9382,42,11,0.1000,0.00005000,28.2712,568.7886,183.6068
9383,379,27,0.1000,0.00005000,29.9807,579.8318,202.5480
9384,450,27,0.1000,0.00005000,32.2952,587.8000,266.1892
9385,36,8,0.1000,0.00005000,39.8927,544.8798,229.7993
9386,162,18,0.1000,0.00005000,26.5691,569.2152,305.0029
9387,36,7,0.1000,0.00005000,28.4603,543.2421,291.6842
9388,236,24,0.1000,0.00005000,36.2557,596.5587,208.5103
9389,54,12,0.1000,0.00005000,33.3043,579.5101,238.7245
9390,73,13,0.1000,0.00005000,27.3471,550.2231,203.1286
9391,58,12,0.1000,0.00005000,31.5007,530.3183,206.9903
9392,455,26,0.1000,0.00005000,32.9586,573.3406,272.5886
9393,226,20,0.1000,0.00005000,34.9160,588.2248,219.9967
9394,45,10,0.1000,0.00005000,25.3863,558.2714,276.4708
9395,56,10,0.1000,0.00005000,33.7419,546.4249,304.6950
9396,53,10,0.1000,0.00005000,28.9288,532.3426,364.5589
9397,49,10,0.1000,0.00005000,29.2533,541.0093,179.6039
9398,55,12,0.1000,0.00005000,36.1727,550.9488,196.4669
9399,121,16,0.1000,0.00005000,25.7687,569.2700,244.5907
9400,85,15,0.1000,0.00005000,30.3241,568.1281,228.8577
9401,178,20,0.1000,0.00005000,35.3490,522.9342,230.5800
9402,39,11,0.1000,0.00005000,35.8385,572.4811,157.4746
9403,41,10,0.1000,0.00005000,30.9642,550.5752,209.0823
9404,33,10,0.1000,0.00005000,20.8395,559.9141,200.7902
9405,440,35,0.1000,0.00005000,27.2732,555.3989,222.9957
9406,43,12,0.1000,0.00005000,36.2187,570.4067,180.0528
9407,41,10,0.1000,0.00005000,31.1051,550.7052,191.9208
9408,116,12,0.1000,0.00005000,29.9150,562.9384,256.2146
9409,55,12,0.1000,0.00005000,31.4339,555.9256,199.4346
9410,35,8,0.1000,0.00005000,40.4774,548.8047,259.2182
9411,100,16,0.1000,0.00005000,24.8137,555.1537,292.7734
9412,64,14,0.1000,0.00005000,29.3254,577.5786,271.3013
9413,106,16,0.1000,0.00005000,30.3827,575.4085,293.5509
9414,176,21,0.1000,0.00005000,33.2709,561.3697,267.4293
9415,119,18,0.1000,0.00005000,32.9562,585.5891,239.6910
9416,57,11,0.1000,0.00005000,28.2845,559.9903,184.9319
9417,45,9,0.1000,0.00005000,27.5115,545.4974,177.2071
9418,47,11,0.1000,0.00005000,34.9738,575.4111,225.6749
9419,171,20,0.1000,0.00005000,23.4540,584.9732,290.0125
9420,32,8,0.1000,0.00005000,22.4460,526.1980,365.1707
9421,44,9,0.1000,0.00005000,34.5925,548.6803,218.5169
9422,56,11,0.1000,0.00005000,27.6778,557.4950,190.0222
9423,85,13,0.1000,0.00005000,28.3010,535.4760,209.2984
9424,33,9,0.1000,0.00005000,33.3615,534.9626,326.3740
9425,124,15,0.1000,0.00005000,36.6640,595.3207,246.9044
9426,423,33,0.1000,0.00005000,31.3766,591.7561,236.7365
9427,43,8,0.1000,0.00005000,29.9410,560.4137,221.1094
9428,174,20,0.1000,0.00005000,26.1533,604.3440,258.1476
9429,84,13,0.1000,0.00005000,36.2708,571.6930,227.5443
9430,339,26,0.1000,0.00005000,29.2691,587.9275,372.9810
9431,174,19,0.1000,0.00005000,33.8000,577.4498,380.1375
9432,190,19,0.1000,0.00005000,35.0766,590.9160,213.4823
9433,33,8,0.1000,0.00005000,31.6129,528.0208,283.6912
9434,53,11,0.1000,0.00005000,36.5460,561.2596,264.3804
9435,106,17,0.1000,0.00005000,37.7914,584.8253,241.0328
9436,98,16,0.1000,0.00005000,27.7414,591.6814,365.6740
9437,76,14,0.1000,0.00005000,28.7174,557.3336,291.4640
9438,67,12,0.1000,0.00005000,22.0899,560.2204,292.0523
9439,285,20,0.1000,0.00005000,37.5116,586.3889,186.9116
9440,38,9,0.1000,0.00005000,32.7830,578.2544,225.1543
9441,300,21,0.1000,0.00005000,38.8828,534.7190,422.1675
9442,263,27,0.1000,0.00005000,31.1250,592.7240,220.9118
9443,412,25,0.1000,0.00005000,36.9014,558.3205,309.4992
9444,100,16,0.1000,0.00005000,30.2518,612.5929,279.6738
9445,203,23,0.1000,0.00005000,30.0399,598.9967,326.6045
9446,39,10,0.1000,0.00005000,28.8021,572.7717,174.1968
9447,84,12,0.1000,0.00005000,33.0887,543.9371,193.4005
9448,120,14,0.1000,0.00005000,33.7001,583.4970,301.9200
9449,56,13,0.1000,0.00005000,31.8157,529.5619,296.5780
9450,106,12,0.1000,0.00005000,30.4333,539.6433,212.8126
9451,100,14,0.1000,0.00005000,24.7249,579.9664,284.1572
9452,43,11,0.1000,0.00005000,31.9601,565.1205,261.1064
9453,50,9,0.1000,0.00005000,45.3633,568.6472,329.3391
9454,487,31,0.1000,0.00005000,29.0256,576.7613,229.8266
9455,77,11,0.1000,0.00005000,38.7279,547.8601,325.5433
9456,55,11,0.1000,0.00005000,34.7923,575.3772,248.8817
9457,80,12,0.1000,0.00005000,33.0958,541.0783,305.0438
9458,424,29,0.1000,0.00005000,30.6050,607.0699,215.6383
9459,39,9,0.1000,0.00005000,32.1784,547.0253,317.5833
9460,126,15,0.1000,0.00005000,35.0196,585.3368,256.2141
9461,148,18,0.1000,0.00005000,30.0724,575.7596,325.0850
9462,591,44,0.1000,0.00005000,30.4870,590.4520,221.4272
9463,294,20,0.1000,0.00005000,28.4785,592.0138,230.4813
9464,51,9,0.1000,0.00005000,35.4965,538.3218,242.4519
9465,154,16,0.1000,0.00005000,38.8234,612.2949,185.8363
9466,42,11,0.1000,0.00005000,30.2828,551.9367,171.9971
9467,37,8,0.1000,0.00005000,30.2566,546.7953,337.3015
9468,49,10,0.1000,0.00005000,29.2173,564.6756,223.6919
9469,31,8,0.1000,0.00005000,27.2809,520.4195,373.8665
9470,47,10,0.1000,0.00005000,25.1118,586.3925,303.9745
9471,39,10,0.1000,0.00005000,25.9555,524.2110,254.3123
9472,537,24,0.1000,0.00005000,35.9396,605.2104,269.0159
9473,40,10,0.1000,0.00005000,33.7880,561.2873,276.4785
9474,79,9,0.1000,0.00005000,25.7132,580.0829,226.8514
9475,45,12,0.1000,0.00005000,39.0905,557.6443,229.7359
9476,60,14,0.1000,0.00005000,26.6528,591.7838,126.1197
9477,36,7,0.1000,0.00005000,39.2985,539.9202,393.3324
9478,55,12,0.1000,0.00005000,29.7140,589.0150,269.4428
9479,112,13,0.1000,0.00005000,25.4052,560.9373,359.5944
9480,238,22,0.1000,0.00005000,28.3720,585.3522,317.6869
9481,34,10,0.1000,0.00005000,25.4630,581.5303,283.7490
9482,167,17,0.1000,0.00005000,30.0292,590.7481,198.2361
9483,38,9,0.1000,0.00005000,35.1107,581.1348,211.1865
9484,41,7,0.1000,0.00005000,36.7096,545.9685,191.7086
9485,62,15,0.1000,0.00005000,33.8613,571.2786,224.9625
9486,166,19,0.1000,0.00005000,34.7256,587.1869,354.7613
9487,159,14,0.1000,0.00005000,37.7208,584.4289,406.8793
9488,120,15,0.1000,0.00005000,37.2295,561.7048,251.0304
9489,33,10,0.1000,0.00005000,34.8188,600.9838,256.2319
9490,168,16,0.1000,0.00005000,35.4199,602.3481,352.1670
9491,117,15,0.1000,0.00005000,34.9271,592.8647,282.3589
9492,50,10,0.1000,0.00005000,34.8299,570.4678,245.8922
9493,168,21,0.1000,0.00005000,31.2206,585.6301,266.3829
9494,108,13,0.1000,0.00005000,26.1806,579.0577,246.0309
9495,687,29,0.1000,0.00005000,28.2272,566.3423,239.1392
9496,84,13,0.1000,0.00005000,36.0410,579.6913,209.9618
9497,46,11,0.1000,0.00005000,42.5137,591.6907,236.6426
9498,30,8,0.1000,0.00005000,23.3457,567.4115,252.6093
9499,285,28,0.1000,0.00005000,33.8717,580.3455,302.2672
9500,86,15,0.1000,0.00005000,33.6765,558.0312,269.9249
9501,762,39,0.1000,0.00005000,36.4355,605.2424,203.1945
9502,44,10,0.1000,0.00005000,28.0481,569.5135,190.5287
9503,565,29,0.1000,0.00005000,30.8079,606.7952,232.0594
9504,104,16,0.1000,0.00005000,33.8076,597.5716,282.8486
9505,179,21,0.1000,0.00005000,29.5083,614.2473,231.5830
9506,419,27,0.1000,0.00005000,32.0655,582.0280,157.8934
9507,27,7,0.1000,0.00005000,34.7409,566.2974,163.2959
9508,40,10,0.1000,0.00005000,32.4281,579.2149,173.3567
9509,65,15,0.1000,0.00005000,38.3187,581.1975,322.7419
9510,186,18,0.1000,0.00005000,28.3194,552.8921,325.7060
9511,39,10,0.1000,0.00005000,31.5066,573.1451,233.9592
9512,329,24,0.1000,0.00005000,32.7780,577.0678,241.9002
9513,191,20,0.1000,0.00005000,31.1014,605.8165,224.1037
9514,83,12,0.1000,0.00005000,35.5346,550.6691,253.0031
9515,1037,42,0.1000,0.00005000,33.8766,621.2630,251.6179
9516,32,7,0.1000,0.00005000,34.5983,560.4760,192.2763
9517,37,9,0.1000,0.00005000,41.9132,545.3163,282.5787
9518,667,41,0.1000,0.00005000,31.3752,615.1127,243.5988
9519,56,12,0.1000,0.00005000,31.4403,594.5777,284.7458
9520,532,33,0.1000,0.00005000,36.2988,613.8440,192.3558
9521,58,9,0.1000,0.00005000,25.5157,554.7868,267.1460
9522,123,18,0.1000,0.00005000,28.3785,575.6327,242.2514
9523,41,9,0.1000,0.00005000,35.7040,536.0245,203.8911
9524,361,24,0.1000,0.00005000,32.4188,618.2450,232.6302
9525,39,10,0.1000,0.00005000,29.1737,584.7401,239.6310
9526,652,37,0.1000,0.00005000,34.3187,627.6571,296.4667
9527,38,10,0.1000,0.00005000,28.9299,565.6623,205.5560
9528,81,12,0.1000,0.00005000,32.2069,561.2696,223.1127
9529,283,22,0.1000,0.00005000,38.5887,613.3555,251.6879
9530,102,16,0.1000,0.00005000,31.5974,600.6478,247.1532
9531,142,17,0.1000,0.00005000,29.3809,597.1670,269.9643
9532,41,8,0.1000,0.00005000,37.3205,546.0905,181.6638
9533,52,11,0.1000,0.00005000,29.8523,551.3987,191.2273
9534,124,16,0.1000,0.00005000,33.7922,584.6366,241.1411
9535,433,24,0.1000,0.00005000,29.1273,570.2054,267.1025
9536,75,15,0.1000,0.00005000,27.8232,590.2050,218.4787
9537,51,10,0.1000,0.00005000,36.4164,574.5179,376.2869
9538,229,21,0.1000,0.00005000,32.1272,586.1743,242.7410
9539,115,16,0.1000,0.00005000,42.9101,577.4736,289.9693
9540,46,9,0.1000,0.00005000,29.7297,558.4555,216.6840
9541,30,7,0.1000,0.00005000,35.1244,572.2101,281.1264
9542,32,6,0.1000,0.00005000,25.1125,581.5542,389.6547
9543,40,10,0.1000,0.00005000,31.3945,580.4641,326.8578
9544,57,13,0.1000,0.00005000,26.8869,557.7398,181.9739
9545,87,16,0.1000,0.00005000,28.5123,619.3572,205.9621
9546,57,14,0.1000,0.00005000,39.9503,602.6587,231.6616
9547,70,12,0.1000,0.00005000,37.4118,586.0666,270.1919
9548,235,19,0.1000,0.00005000,37.2039,581.8861,221.7900
9549,37,9,0.1000,0.00005000,36.3298,591.6123,222.9824
9550,177,22,0.1000,0.00005000,36.3968,596.9383,214.2453
9551,438,14,0.1000,0.00005000,27.9425,607.9077,242.7874
9552,60,13,0.1000,0.00005000,43.4005,583.0444,378.8632
9553,236,19,0.1000,0.00005000,29.7919,589.0514,267.3415
9554,185,19,0.1000,0.00005000,28.6076,565.0186,245.5970
9555,177,20,0.1000,0.00005000,27.8005,593.4761,210.8562
9556,142,17,0.1000,0.00005000,32.2193,560.0990,204.5636
9557,87,17,0.1000,0.00005000,35.3565,600.3150,273.4029
9558,83,13,0.1000,0.00005000,39.9035,592.4794,231.1820
9559,143,18,0.1000,0.00005000,36.0374,566.7429,262.0336
9560,42,10,0.1000,0.00005000,33.4347,564.3477,206.4538
9561,57,12,0.1000,0.00005000,33.4777,556.4785,248.2614
9562,58,11,0.1000,0.00005000,34.0959,582.0904,358.4804
9563,58,12,0.1000,0.00005000,31.8206,586.5216,262.5071
9564,122,21,0.1000,0.00005000,28.7805,613.5630,175.3616
9565,915,32,0.1000,0.00005000,36.3483,601.8189,280.7740
9566,448,36,0.1000,0.00005000,30.3833,615.1068,202.7967
9567,170,21,0.1000,0.00005000,33.7421,620.2318,399.6830
9568,374,22,0.1000,0.00005000,33.6201,608.2540,244.1129
9569,113,20,0.1000,0.00005000,33.7851,620.7155,314.7073
9570,204,21,0.1000,0.00005000,36.6287,596.1412,358.0586
9571,109,13,0.1000,0.00005000,30.6099,622.9608,258.0668
9572,181,22,0.1000,0.00005000,34.9877,622.1828,287.8637
9573,633,36,0.1000,0.00005000,33.0556,628.3013,224.4780
9574,53,8,0.1000,0.00005000,28.2856,577.9034,201.2712
9575,77,13,0.1000,0.00005000,39.0259,562.8555,258.4071
9576,57,12,0.1000,0.00005000,36.5767,622.7846,292.7977
9577,43,12,0.1000,0.00005000,30.7309,576.0386,236.7271
9578,1186,55,0.1000,0.00005000,30.7019,596.5180,237.4851
9579,37,9,0.1000,0.00005000,43.2202,560.3591,230.9619
9580,84,13,0.1000,0.00005000,29.9063,604.4925,324.3434
9581,49,9,0.1000,0.00005000,35.0225,602.9806,394.7020
9582,85,13,0.1000,0.00005000,32.6834,614.6748,241.3975
9583,42,12,0.1000,0.00005000,31.1135,593.3310,276.6046
9584,296,23,0.1000,0.00005000,34.0912,628.0459,353.7686
9585,87,15,0.1000,0.00005000,27.5269,617.7981,229.5433
9586,250,23,0.1000,0.00005000,37.0721,596.8083,283.6119
9587,71,13,0.1000,0.00005000,35.3984,576.7206,286.2011
9588,51,9,0.1000,0.00005000,34.4816,615.2995,268.2758
9589,116,14,0.1000,0.00005000,34.8240,592.7593,211.0135
9590,61,16,0.1000,0.00005000,37.0148,634.8764,253.2978
9591,124,16,0.1000,0.00005000,35.0023,618.0840,208.2398
9592,126,18,0.1000,0.00005000,35.2785,612.7436,234.5877
9593,37,9,0.1000,0.00005000,28.5277,566.3868,271.8423
9594,40,9,0.1000,0.00005000,23.4017,602.9306,268.3195
9595,76,13,0.1000,0.00005000,26.9983,596.5703,218.6650
9596,259,24,0.1000,0.00005000,30.8367,566.6125,204.0180
9597,667,28,0.1000,0.00005000,30.9470,625.1135,227.7948
9598,28,8,0.1000,0.00005000,35.3524,597.0808,200.5657
9599,44,11,0.1000,0.00005000,25.6200,556.3504,298.5583
9600,1181,46,0.1000,0.00005000,32.8367,638.8979,242.4859
9601,30,9,0.1000,0.00005000,35.0395,632.1714,345.9108
9602,1195,37,0.1000,0.00005000,33.5772,629.1838,270.3288
9603,85,13,0.1000,0.00005000,28.3774,608.9194,368.9102
9604,127,17,0.1000,0.00005000,32.2038,591.8258,196.7240
9605,210,13,0.1000,0.00005000,36.3708,617.9195,260.8590
9606,123,16,0.1000,0.00005000,29.3726,608.9670,422.8253
9607,33,9,0.1000,0.00005000,38.5692,616.7978,322.1904
9608,89,16,0.1000,0.00005000,33.8398,625.6754,290.1726
9609,31,7,0.1000,0.00005000,26.4914,569.2155,295.8734
9610,215,15,0.1000,0.00005000,33.5904,625.1039,215.1376
9611,57,10,0.1000,0.00005000,32.5074,624.5757,231.8316
9612,293,22,0.1000,0.00005000,32.5317,642.7084,278.8853
9613,223,18,0.1000,0.00005000,31.4648,609.3966,286.3886
9614,61,13,0.1000,0.00005000,28.2719,589.3090,234.3422
9615,47,11,0.1000,0.00005000,29.4745,611.0083,263.0066
9616,79,12,0.1000,0.00005000,32.7089,574.9259,206.7525
9617,61,13,0.1000,0.00005000,24.6584,615.2734,241.8739
9618,167,17,0.1000,0.00005000,32.0837,592.1575,208.7641
9619,61,13,0.1000,0.00005000,34.2479,564.3547,341.9830
9620,228,21,0.1000,0.00005000,28.8706,618.0827,254.5968
9621,72,13,0.1000,0.00005000,29.3841,564.1018,420.5290
9622,65,8,0.1000,0.00005000,44.9291,588.6538,205.2151
9623,181,18,0.1000,0.00005000,28.4496,629.9060,207.0300
9624,77,11,0.1000,0.00005000,27.0328,601.6436,221.0275
9625,165,19,0.1000,0.00005000,34.2897,612.0766,173.0655
9626,226,25,0.1000,0.00005000,32.5798,608.6969,285.9592
9627,101,14,0.1000,0.00005000,42.2456,628.9823,382.5924
9628,91,16,0.1000,0.00005000,37.5752,597.3225,328.2457
9629,71,14,0.1000,0.00005000,39.6009,592.1432,264.4006
9630,124,16,0.1000,0.00005000,34.1111,623.1801,312.9337
9631,37,6,0.1000,0.00005000,40.7102,557.2807,219.0987
9632,719,48,0.1000,0.00005000,35.9024,644.4971,207.7056
9633,308,23,0.1000,0.00005000,40.8246,627.2175,259.4986
9634,125,17,0.1000,0.00005000,38.8273,616.3571,384.1614
9635,181,20,0.1000,0.00005000,35.1628,618.4437,294.2468
9636,505,32,0.1000,0.00005000,30.0663,650.3482,215.9728
9637,464,29,0.1000,0.00005000,31.8331,617.7582,239.4310
9638,55,12,0.1000,0.00005000,35.9951,629.6360,236.0654
9639,56,12,0.1000,0.00005000,33.0737,629.3557,256.0487
9640,56,12,0.1000,0.00005000,28.4368,616.1496,247.1199
9641,117,16,0.1000,0.00005000,26.0670,629.1567,292.4393
9642,170,18,0.1000,0.00005000,32.5253,636.0081,305.5475
9643,107,16,0.1000,0.00005000,35.9109,584.3778,251.3419
9644,172,19,0.1000,0.00005000,35.4417,633.3258,237.5226
9645,312,24,0.1000,0.00005000,35.8682,615.4315,276.3557
9646,130,14,0.1000,0.00005000,37.1918,613.4970,337.6718
9647,29,7,0.1000,0.00005000,24.7073,577.5372,261.1679
9648,106,17,0.1000,0.00005000,34.1792,636.6714,218.1104
9649,235,23,0.1000,0.00005000,28.8000,627.6977,284.6095
9650,85,14,0.1000,0.00005000,30.1829,596.7013,252.6064
9651,48,9,0.1000,0.00005000,30.2199,599.3290,346.0943
9652,88,14,0.1000,0.00005000,35.7298,572.9268,209.0343
9653,172,19,0.1000,0.00005000,32.7193,625.8560,320.7145
9654,56,12,0.1000,0.00005000,39.1576,630.9257,230.2128
9655,86,14,0.1000,0.00005000,35.9405,645.5480,197.4244
9656,78,12,0.1000,0.00005000,36.8395,612.0444,171.5866
9657,79,12,0.1000,0.00005000,33.7971,609.5169,231.3014
9658,218,24,0.1000,0.00005000,34.6019,592.7161,238.8431
9659,53,12,0.1000,0.00005000,34.6279,611.9651,218.0133
9660,55,11,0.1000,0.00005000,36.2864,557.9896,234.0758
9661,856,37,0.1000,0.00005000,31.8078,648.7689,244.8241
9662,38,9,0.1000,0.00005000,32.4633,586.6099,206.3389
9663,98,15,0.1000,0.00005000,36.5366,619.7938,256.5188
9664,58,11,0.1000,0.00005000,35.4257,619.1906,209.2337
9665,292,25,0.1000,0.00005000,34.6363,612.7684,332.5332
9666,52,11,0.1000,0.00005000,23.3785,594.9248,194.3111
9667,78,13,0.1000,0.00005000,39.7766,604.8320,210.4697
9668,30,7,0.1000,0.00005000,40.6726,606.2252,212.1084
9669,182,20,0.1000,0.00005000,29.9426,625.9172,192.3115
9670,30,8,0.1000,0.00005000,38.6104,612.9827,256.5363
9671,31,7,0.1000,0.00005000,31.5511,612.6681,237.9740
9672,185,24,0.1000,0.00005000,30.2510,624.3157,279.6163
9673,34,9,0.1000,0.00005000,22.5169,618.4745,258.9457
9674,38,9,0.1000,0.00005000,40.0773,592.0037,345.8401
9675,44,10,0.1000,0.00005000,33.2117,537.5592,171.7120
9676,100,17,0.1000,0.00005000,28.2752,644.2748,264.9289
9677,58,12,0.1000,0.00005000,32.3305,579.2853,217.8607
9678,76,13,0.1000,0.00005000,35.3992,606.4485,226.5127
9679,55,11,0.1000,0.00005000,32.4524,625.6571,191.5143
9680,27,6,0.1000,0.00005000,27.1599,576.2307,307.3998
9681,50,10,0.1000,0.00005000,40.3120,618.4442,388.2673
9682,44,11,0.1000,0.00005000,35.8621,626.7640,290.8507
9683,46,10,0.1000,0.00005000,30.4684,620.5659,307.6156
9684,102,18,0.1000,0.00005000,30.7233,619.9459,303.6935
9685,103,15,0.1000,0.00005000,35.4843,579.6003,251.5960
9686,70,13,0.1000,0.00005000,33.2279,611.1002,295.3332
9687,34,9,0.1000,0.00005000,39.8944,611.2160,217.9480
9688,30,7,0.1000,0.00005000,41.8785,568.5427,179.3716
9689,108,18,0.1000,0.00005000,35.0065,623.7612,251.4377
9690,82,11,0.1000,0.00005000,31.4363,592.0775,260.5257
9691,120,15,0.1000,0.00005000,33.7379,614.0560,237.7295
9692,84,13,0.1000,0.00005000,34.1927,594.3109,237.0043
9693,73,13,0.1000,0.00005000,33.4845,635.9581,318.1632
9694,37,9,0.1000,0.00005000,41.2327,617.3473,266.2743
9695,63,15,0.1000,0.00005000,26.8075,622.4833,186.9290
9696,100,15,0.1000,0.00005000,39.7121,619.6524,258.9727
9697,58,11,0.1000,0.00005000,35.6999,635.1924,252.1090
9698,56,11,0.1000,0.00005000,36.3410,639.2325,321.8179
9699,285,20,0.1000,0.00005000,28.0132,619.9898,327.8958
9700,38,9,0.1000,0.00005000,31.2674,587.3092,388.4239
9701,38,9,0.1000,0.00005000,29.4028,630.3647,315.8761
9702,61,13,0.1000,0.00005000,33.3005,577.1532,245.5607
9703,61,11,0.1000,0.00005000,28.8884,630.1460,253.4720
9704,52,9,0.1000,0.00005000,36.8716,589.8152,276.8667
9705,26,7,0.1000,0.00005000,31.3771,626.1881,166.9298
9706,134,17,0.1000,0.00005000,40.6818,634.4300,227.8549
9707,134,20,0.1000,0.00005000,31.5064,601.7217,233.8613
9708,58,13,0.1000,0.00005000,28.5179,636.2566,274.6067
9709,253,20,0.1000,0.00005000,33.0223,622.2776,390.8178
9710,82,16,0.1000,0.00005000,32.5090,608.6176,191.5682
9711,81,13,0.1000,0.00005000,37.1065,585.2268,300.6224
9712,51,10,0.1000,0.00005000,24.0027,624.9670,277.3201
9713,119,16,0.1000,0.00005000,34.2849,654.9637,272.4001
9714,128,17,0.1000,0.00005000,31.8316,640.9626,357.0299
9715,543,38,0.1000,0.00005000,35.6785,642.4598,331.0993
9716,785,31,0.1000,0.00005000,33.2170,638.8206,240.5610
9717,32,7,0.1000,0.00005000,45.0215,597.2642,334.7844
9718,31,8,0.1000,0.00005000,26.0282,609.0588,234.7979
9719,53,11,0.1000,0.00005000,34.9358,626.7720,395.6693
9720,199,20,0.1000,0.00005000,33.4781,637.4979,223.5861
9721,223,18,0.1000,0.00005000,34.6669,633.2931,210.7295
9722,1008,47,0.1000,0.00005000,31.5277,632.5830,233.7953
9723,229,19,0.1000,0.00005000,33.6988,648.2475,203.8033
9724,378,27,0.1000,0.00005000,32.3106,614.5494,288.8675
9725,56,12,0.1000,0.00005000,27.9172,605.7498,476.7860
9726,181,23,0.1000,0.00005000,29.1326,656.3087,298.7439
9727,563,29,0.1000,0.00005000,30.6819,638.8251,271.4666
9728,199,23,0.1000,0.00005000,35.2578,643.4111,215.3569
9729,64,14,0.1000,0.00005000,32.2449,638.0284,360.2135
9730,41,9,0.1000,0.00005000,36.4228,627.9968,296.5267
9731,540,35,0.1000,0.00005000,33.2487,609.9427,204.2031
9732,59,14,0.1000,0.00005000,36.7870,619.7974,246.2860
9733,143,19,0.1000,0.00005000,32.5658,648.7071,308.7283
9734,50,10,0.1000,0.00005000,27.9135,631.3729,376.6675
9735,40,9,0.1000,0.00005000,35.8073,589.1076,414.5598
9736,85,14,0.1000,0.00005000,31.9646,602.1029,235.6041
9737,312,30,0.1000,0.00005000,33.5685,633.0513,279.0990
9738,82,13,0.1000,0.00005000,37.2314,598.1980,237.9957
9739,458,24,0.1000,0.00005000,36.7151,603.2280,261.4005
9740,303,25,0.1000,0.00005000,36.7347,671.6144,289.5221
9741,32,9,0.1000,0.00005000,34.2127,594.2129,356.8187
9742,99,16,0.1000,0.00005000,33.1784,647.3884,295.8194
9743,184,18,0.1000,0.00005000,36.6617,626.1452,238.0302
9744,393,28,0.1000,0.00005000,34.1971,636.1289,282.1842
9745,102,16,0.1000,0.00005000,42.1428,607.4120,238.4661
9746,158,16,0.1000,0.00005000,35.7166,615.4262,316.6981
9747,128,17,0.1000,0.00005000,32.2743,609.7153,283.1996
9748,37,10,0.1000,0.00005000,37.1231,619.8024,298.3988
9749,35,9,0.1000,0.00005000,35.5635,584.6773,221.0935
9750,263,24,0.1000,0.00005000,32.2807,625.6173,266.7970
9751,79,13,0.1000,0.00005000,28.9241,625.0514,274.3366
9752,544,25,0.1000,0.00005000,31.0790,636.6799,216.5510
9753,297,19,0.1000,0.00005000,32.0713,625.4814,279.0126
9754,198,18,0.1000,0.00005000,37.0618,682.7090,347.9870
9755,58,12,0.1000,0.00005000,38.2815,641.2947,294.1904
9756,31,8,0.1000,0.00005000,36.3708,622.9492,468.1682
9757,295,22,0.1000,0.00005000,32.5769,641.8667,337.6816
9758,303,22,0.1000,0.00005000,31.1779,647.2236,246.5131
9759,58,13,0.1000,0.00005000,33.7200,626.6150,353.5627
9760,51,11,0.1000,0.00005000,32.7737,626.8667,289.1114
9761,81,14,0.1000,0.00005000,31.1231,661.1161,304.3474
9762,30,8,0.1000,0.00005000,28.0154,603.0199,200.6140
9763,48,9,0.1000,0.00005000,35.0819,568.1128,340.0072
9764,98,14,0.1000,0.00005000,34.3797,614.2676,190.3820
9765,100,18,0.1000,0.00005000,35.7329,651.2864,282.3478
9766,40,10,0.1000,0.00005000,38.5004,608.9548,283.2476
9767,91,14,0.1000,0.00005000,38.3832,647.6561,342.4209
9768,230,20,0.1000,0.00005000,37.6452,643.6277,225.2694
9769,406,27,0.1000,0.00005000,31.7483,652.0173,343.9216
9770,226,18,0.1000,0.00005000,34.6744,642.2748,282.7620
9771,160,17,0.1000,0.00005000,36.4831,644.5480,245.9377
9772,29,7,0.1000,0.00005000,44.5633,590.9385,350.9472
9773,192,19,0.1000,0.00005000,36.4660,590.7610,315.4718
9774,40,8,0.1000,0.00005000,43.7433,620.3629,349.9542
9775,84,14,0.1000,0.00005000,28.2665,634.8760,257.6088
9776,60,13,0.1000,0.00005000,26.0804,623.4976,250.9959
9777,38,10,0.1000,0.00005000,37.5916,575.0185,273.4392
9778,75,10,0.1000,0.00005000,33.7192,655.3873,211.7573
9779,52,11,0.1000,0.00005000,43.1731,604.8410,233.2838
9780,61,9,0.1000,0.00005000,43.1223,607.3084,349.6936
9781,310,22,0.1000,0.00005000,35.6875,644.2463,295.6586
9782,81,13,0.1000,0.00005000,28.6564,591.1499,312.8351
9783,779,42,0.1000,0.00005000,37.2710,630.7351,302.3620
9784,288,22,0.1000,0.00005000,38.3741,644.9774,321.6854
9785,121,14,0.1000,0.00005000,32.3476,627.9303,279.4257
9786,53,10,0.1000,0.00005000,39.4096,626.3799,154.8491
9787,76,11,0.1000,0.00005000,37.9817,651.2380,184.0585
9788,39,9,0.1000,0.00005000,29.8389,639.2516,219.3031
9789,217,22,0.1000,0.00005000,35.8722,636.9056,362.8439
9790,91,17,0.1000,0.00005000,31.1670,653.7752,281.1716
9791,112,15,0.1000,0.00005000,31.1223,638.5096,323.5210
9792,34,9,0.1000,0.00005000,30.5763,636.4236,437.3435
9793,161,17,0.1000,0.00005000,32.1091,661.4328,245.9077
9794,36,9,0.1000,0.00005000,36.2001,606.4570,337.9308
9795,183,21,0.1000,0.00005000,36.3163,662.5955,309.3425
9796,41,10,0.1000,0.00005000,26.4715,582.7805,362.1543
9797,115,15,0.1000,0.00005000,38.6621,661.7957,279.4696
9798,77,13,0.1000,0.00005000,33.6866,614.8683,300.1628
9799,307,24,0.1000,0.00005000,30.2213,663.1475,262.4805
9800,36,9,0.1000,0.00005000,31.8896,655.2505,122.9894
9801,61,13,0.1000,0.00005000,37.0458,642.1122,289.7961
9802,36,8,0.1000,0.00005000,35.6487,638.5233,175.4375
9803,88,15,0.1000,0.00005000,32.9940,650.2104,240.6974
9804,85,12,0.1000,0.00005000,31.1360,604.4875,257.0881
9805,42,10,0.1000,0.00005000,42.3920,644.7223,235.4004
9806,51,10,0.1000,0.00005000,34.3934,611.1630,206.9334
9807,115,12,0.1000,0.00005000,31.5725,607.4641,234.2745
9808,144,18,0.1000,0.00005000,33.1047,642.9478,228.3295
9809,59,14,0.1000,0.00005000,31.3669,635.7737,300.4176
9810,140,19,0.1000,0.00005000,35.5186,648.6904,276.1293
9811,140,17,0.1000,0.00005000,40.3056,640.0875,306.6353
9812,579,30,0.1000,0.00005000,30.3196,648.5078,348.3687
9813,387,35,0.1000,0.00005000,33.3899,611.5673,242.6231
9814,86,14,0.1000,0.00005000,27.9298,624.8753,293.9214
9815,87,14,0.1000,0.00005000,34.0392,638.4684,282.4319
9816,82,12,0.1000,0.00005000,39.7371,639.0769,291.5279
9817,78,13,0.1000,0.00005000,30.7358,656.0668,337.4422
9818,308,25,0.1000,0.00005000,35.3905,635.9677,294.1602
9819,25,6,0.1000,0.00005000,38.5335,624.0623,272.3589
9820,72,13,0.1000,0.00005000,27.7430,659.9045,220.1832
9821,143,19,0.1000,0.00005000,35.7140,663.0160,326.5841
9822,287,23,0.1000,0.00005000,32.9613,646.5869,364.6425
9823,806,36,0.1000,0.00005000,34.8159,687.4954,382.2088
9824,35,10,0.1000,0.00005000,34.9989,626.9703,364.4809
9825,113,16,0.1000,0.00005000,32.9741,628.8995,343.3052
9826,126,19,0.1000,0.00005000,26.5688,649.1082,232.8546
9827,40,10,0.1000,0.00005000,33.1298,625.0001,245.0426
9828,289,22,0.1000,0.00005000,35.0407,674.6273,282.4715
9829,88,14,0.1000,0.00005000,42.7844,637.6884,232.9561
9830,48,9,0.1000,0.00005000,39.7544,624.1617,205.6637
9831,477,35,0.1000,0.00005000,31.4732,640.1236,350.4108
9832,47,9,0.1000,0.00005000,30.9684,657.8953,270.3594
9833,419,12,0.1000,0.00005000,28.8358,638.0926,222.5750
9834,52,12,0.1000,0.00005000,41.6215,654.7596,398.2158
9835,82,14,0.1000,0.00005000,26.0540,629.3133,293.5313
9836,1437,59,0.1000,0.00005000,36.0934,661.6249,266.8873
9837,49,9,0.1000,0.00005000,30.9496,645.5985,357.7843
9838,171,19,0.1000,0.00005000,33.4716,660.5923,289.3346
9839,38,9,0.1000,0.00005000,31.9811,625.9215,226.1539
9840,56,12,0.1000,0.00005000,32.2883,601.0417,265.6746
9841,160,15,0.1000,0.00005000,39.9784,662.1066,219.0699
9842,1112,42,0.1000,0.00005000,35.2226,642.3743,278.9656
9843,390,30,0.1000,0.00005000,35.8115,653.2809,259.2930
9844,93,17,0.1000,0.00005000,31.1040,670.4990,400.3943
9845,378,25,0.1000,0.00005000,38.1748,659.0392,257.5465
9846,120,15,0.1000,0.00005000,39.5376,627.6448,259.2320
9847,169,16,0.1000,0.00005000,37.9072,624.1715,269.2494
9848,79,13,0.1000,0.00005000,25.8111,607.8237,206.0072
9849,214,19,0.1000,0.00005000,34.8656,656.7605,257.3172
9850,320,31,0.1000,0.00005000,28.5018,688.9745,297.5546
9851,111,13,0.1000,0.00005000,41.8146,646.5644,270.4775
9852,83,14,0.1000,0.00005000,35.5603,657.8632,295.9679
9853,30,6,0.1000,0.00005000,34.1600,605.8818,295.7194
9854,40,9,0.1000,0.00005000,32.8344,632.9873,186.4989
9855,40,9,0.1000,0.00005000,33.8851,635.7179,212.9033
9856,205,21,0.1000,0.00005000,30.4243,636.8642,291.3810
9857,798,50,0.1000,0.00005000,33.6685,666.7522,246.4667
9858,86,15,0.1000,0.00005000,26.1035,631.9992,291.9632
9859,189,21,0.1000,0.00005000,33.8824,660.5031,373.5579
9860,89,12,0.1000,0.00005000,29.5396,630.8452,314.0018
9861,134,19,0.1000,0.00005000,34.9914,641.6697,253.1662
9862,44,9,0.1000,0.00005000,26.7727,613.1616,399.8867
9863,62,12,0.1000,0.00005000,32.1250,642.5707,231.8209
9864,55,10,0.1000,0.00005000,26.4227,627.0529,300.0544
9865,138,18,0.1000,0.00005000,34.0705,647.5802,322.9058
9866,72,11,0.1000,0.00005000,29.4435,642.5355,299.2093
9867,40,9,0.1000,0.00005000,42.6940,614.6002,200.7319
9868,188,23,0.1000,0.00005000,35.7710,681.7927,317.7616
9869,52,11,0.1000,0.00005000,32.7186,626.9275,322.9612
9870,83,14,0.1000,0.00005000,37.1352,641.5122,399.9248
9871,286,17,0.1000,0.00005000,35.5036,635.8699,317.7097
9872,123,18,0.1000,0.00005000,33.6645,664.9182,289.9084
9873,168,17,0.1000,0.00005000,33.3205,638.4249,273.8258
9874,233,22,0.1000,0.00005000,29.9146,649.1281,292.3488
9875,90,16,0.1000,0.00005000,35.4640,638.6815,344.1979
9876,171,17,0.1000,0.00005000,29.1382,650.8696,230.8184
9877,290,27,0.1000,0.00005000,29.1870,654.5634,259.0539
9878,52,10,0.1000,0.00005000,39.2682,603.4991,347.5854
9879,104,18,0.1000,0.00005000,33.6484,661.2884,299.6215
9880,246,19,0.1000,0.00005000,32.8705,667.2386,321.7179
9881,165,17,0.1000,0.00005000,43.0791,627.2009,239.7426
9882,538,42,0.1000,0.00005000,34.4307,680.9851,385.4617
9883,280,22,0.1000,0.00005000,39.2946,664.7413,221.3153
9884,158,12,0.1000,0.00005000,23.2824,626.3614,198.3035
9885,39,10,0.1000,0.00005000,43.2924,632.0839,307.9797
9886,84,13,0.1000,0.00005000,33.1847,635.7659,212.6995
9887,32,10,0.1000,0.00005000,40.2349,640.4689,261.4255
9888,31,6,0.1000,0.00005000,48.8344,582.7479,230.2082
9889,523,41,0.1000,0.00005000,33.7294,677.1006,316.7566
9890,167,17,0.1000,0.00005000,32.3012,613.5747,218.5037
9891,732,42,0.1000,0.00005000,38.7315,648.4073,287.5537
9892,52,12,0.1000,0.00005000,36.2274,651.2341,276.2306
9893,76,12,0.1000,0.00005000,32.2766,668.0327,315.0448
9894,222,18,0.1000,0.00005000,28.4247,576.5266,338.5226
9895,56,12,0.1000,0.00005000,26.9455,603.8666,319.3160
9896,113,14,0.1000,0.00005000,30.3170,633.2703,293.8564
9897,137,16,0.1000,0.00005000,26.9902,650.0649,277.2830
9898,37,9,0.1000,0.00005000,25.8365,641.5717,229.3707
9899,155,18,0.1000,0.00005000,33.0957,663.0473,244.1270
9900,60,14,0.1000,0.00005000,41.6926,660.7251,287.0809
9901,31,9,0.1000,0.00005000,30.6743,624.5296,334.3517
9902,120,16,0.1000,0.00005000,37.8810,654.9972,234.7063
9903,34,9,0.1000,0.00005000,22.4579,610.0713,328.0718
9904,44,12,0.1000,0.00005000,21.1991,635.2686,278.3974
9905,155,22,0.1000,0.00005000,32.1959,660.6484,305.8841
9906,237,21,0.1000,0.00005000,27.3883,632.5053,288.8059
9907,39,7,0.1000,0.00005000,32.9798,642.0258,186.9830
9908,50,10,0.1000,0.00005000,32.1534,651.4951,429.2531
9909,79,12,0.1000,0.00005000,48.1335,639.0729,333.4310
9910,79,12,0.1000,0.00005000,34.4133,626.1324,198.7693
9911,64,13,0.1000,0.00005000,29.9163,643.9419,196.2040
9912,68,8,0.1000,0.00005000,18.1893,620.4541,224.0879
9913,218,21,0.1000,0.00005000,33.2493,667.0930,250.1113
9914,310,31,0.1000,0.00005000,29.4410,665.5369,326.3821
9915,127,14,0.1000,0.00005000,30.1218,660.0971,332.6624
9916,103,12,0.1000,0.00005000,33.3967,621.3808,270.7346
9917,75,15,0.1000,0.00005000,39.1819,655.0793,357.7078
9918,223,18,0.1000,0.00005000,23.9158,655.2245,322.3640
9919,66,13,0.1000,0.00005000,22.1663,640.9472,216.9504
9920,44,11,0.1000,0.00005000,36.3023,632.2611,177.5885
9921,625,30,0.1000,0.00005000,36.8717,669.5131,275.0517
9922,236,21,0.1000,0.00005000,43.7048,651.3765,285.6755
9923,50,9,0.1000,0.00005000,28.5879,579.1169,179.7696
9924,61,12,0.1000,0.00005000,39.6945,621.8570,296.6661
9925,140,16,0.1000,0.00005000,33.5170,649.3381,361.4174
9926,44,9,0.1000,0.00005000,37.9021,655.0331,298.4607
9927,63,15,0.1000,0.00005000,31.0688,651.7490,265.6072
9928,509,36,0.1000,0.00005000,30.7259,643.4350,239.2799
9929,294,25,0.1000,0.00005000,37.9788,616.8113,322.7506
9930,205,22,0.1000,0.00005000,33.4359,641.6221,261.0749
9931,117,15,0.1000,0.00005000,25.2223,669.4901,374.3513
9932,120,15,0.1000,0.00005000,30.4578,669.6866,256.9864
9933,41,9,0.1000,0.00005000,36.4415,655.8269,275.1101
9934,89,14,0.1000,0.00005000,38.0323,660.5407,252.0309
9935,138,18,0.1000,0.00005000,28.5614,669.5636,291.6630
9936,454,25,0.1000,0.00005000,34.6897,633.5052,269.8159
9937,461,31,0.1000,0.00005000,35.9173,664.3766,335.8131
9938,30,7,0.1000,0.00005000,56.1084,617.7657,409.4424
9939,44,11,0.1000,0.00005000,32.1184,650.7358,216.3336
9940,33,6,0.1000,0.00005000,36.6133,638.7316,250.4038
9941,90,15,0.1000,0.00005000,38.9619,658.4225,345.3237
9942,286,20,0.1000,0.00005000,35.1763,665.3968,362.7681
9943,907,31,0.1000,0.00005000,28.6748,684.9007,236.3308
9944,53,13,0.1000,0.00005000,29.5338,675.8587,315.4829
9945,91,14,0.1000,0.00005000,30.2789,626.9129,438.5635
9946,283,22,0.1000,0.00005000,36.3002,643.0439,238.3251
9947,632,35,0.1000,0.00005000,37.6536,696.2502,369.0238
9948,30,9,0.1000,0.00005000,31.3015,680.9764,491.9720
9949,502,29,0.1000,0.00005000,32.9397,688.2460,236.2952
9950,113,14,0.1000,0.00005000,29.7218,616.7030,278.8258
9951,59,13,0.1000,0.00005000,35.2202,636.1149,302.1631
9952,65,16,0.1000,0.00005000,35.8557,664.8335,322.2125
9953,97,15,0.1000,0.00005000,39.3998,674.4667,217.1557
9954,157,19,0.1000,0.00005000,33.0308,681.8091,246.5166
9955,379,23,0.1000,0.00005000,31.1490,689.3269,283.6108
9956,60,14,0.1000,0.00005000,35.7830,661.4652,333.3428
9957,47,10,0.1000,0.00005000,40.0381,624.8397,254.7884
9958,54,11,0.1000,0.00005000,30.9358,622.9917,293.7371
9959,144,18,0.1000,0.00005000,29.6453,628.7506,337.8691
9960,86,14,0.1000,0.00005000,33.3783,667.0014,348.5712
9961,27,7,0.1000,0.00005000,30.1561,607.8375,255.2868
9962,77,13,0.1000,0.00005000,32.2370,610.9341,214.0162
9963,38,11,0.1000,0.00005000,31.1138,620.4182,201.5841
9964,55,12,0.1000,0.00005000,37.6595,664.2290,337.7034
9965,173,21,0.1000,0.00005000,31.9942,677.8437,359.8055
9966,80,12,0.1000,0.00005000,30.9617,618.5498,155.0041
9967,308,24,0.1000,0.00005000,39.4442,657.3646,258.7180
9968,50,10,0.1000,0.00005000,33.2113,680.8711,242.5874
9969,220,15,0.1000,0.00005000,39.1999,622.6308,348.8390
9970,35,8,0.1000,0.00005000,24.2121,579.0265,215.4259
9971,72,13,0.1000,0.00005000,35.7900,617.2995,284.7872
9972,244,22,0.1000,0.00005000,36.1097,653.1637,242.2095
9973,44,11,0.1000,0.00005000,42.7345,624.4699,198.2959
9974,199,22,0.1000,0.00005000,33.9449,657.3761,282.4739
9975,43,10,0.1000,0.00005000,32.0258,609.0432,361.4538
9976,44,11,0.1000,0.00005000,29.7700,598.9676,269.0864
9977,193,22,0.1000,0.00005000,35.7612,662.8090,426.3174
9978,485,23,0.1000,0.00005000,35.1258,677.4424,354.1628
9979,372,28,0.1000,0.00005000,36.5502,657.1121,348.7268
9980,599,37,0.1000,0.00005000,34.1730,689.0317,264.8242
9981,99,16,0.1000,0.00005000,32.3077,667.2750,244.5292
9982,57,11,0.1000,0.00005000,44.0907,653.8226,299.3721
9983,38,10,0.1000,0.00005000,32.9050,628.0141,320.6311
9984,55,12,0.1000,0.00005000,39.5798,644.6568,226.8214
9985,271,24,0.1000,0.00005000,36.4053,685.4933,236.8877
9986,503,31,0.1000,0.00005000,34.9934,685.0128,275.9615
9987,65,15,0.1000,0.00005000,39.6667,609.6599,214.3214
9988,229,22,0.1000,0.00005000,33.3431,678.6870,259.3157
9989,76,12,0.1000,0.00005000,33.3226,668.6576,293.9001
9990,87,14,0.1000,0.00005000,33.9610,667.5951,266.1018
9991,229,19,0.1000,0.00005000,36.9764,644.0229,227.3996
9992,301,19,0.1000,0.00005000,28.9390,680.6502,379.6639
9993,108,11,0.1000,0.00005000,29.7385,668.6737,278.3337
9994,60,12,0.1000,0.00005000,29.6615,651.9187,331.2126
9995,59,12,0.1000,0.00005000,34.3195,627.3144,340.3048
9996,213,19,0.1000,0.00005000,35.5161,633.7010,314.4176
9997,75,16,0.1000,0.00005000,37.0416,596.1846,256.5444
9998,170,16,0.1000,0.00005000,34.9181,647.6273,323.0390
9999,119,14,0.1000,0.00005000,33.8779,662.5046,267.2522
10000,114,18,0.1000,0.00005000,32.7303,612.9399,276.8867
10001,374,23,0.1000,0.00005000,35.2830,663.6906,271.8701
10002,227,20,0.1000,0.00005000,30.8787,636.2968,310.0582
10003,56,12,0.1000,0.00005000,26.6922,638.1607,247.9122
10004,39,9,0.1000,0.00005000,37.2729,632.0719,283.9134
10005,62,14,0.1000,0.00005000,35.2076,647.6802,231.9728
10006,76,14,0.1000,0.00005000,24.1784,644.6659,267.3497
10007,39,10,0.1000,0.00005000,30.7309,670.7519,203.5111
10008,318,30,0.1000,0.00005000,38.7684,669.4223,279.0987
10009,39,9,0.1000,0.00005000,31.8366,629.7849,325.5238
10010,89,14,0.1000,0.00005000,31.5839,623.0299,286.7213
10011,427,30,0.1000,0.00005000,33.1519,654.4492,285.4634
10012,773,31,0.1000,0.00005000,34.9477,678.5804,314.6021
10013,38,9,0.1000,0.00005000,29.9791,633.8143,332.9378
10014,76,14,0.1000,0.00005000,34.0132,629.9930,246.6799
10015,41,10,0.1000,0.00005000,41.5887,622.3195,184.1518
10016,76,15,0.1000,0.00005000,31.3239,663.1520,197.9451
10017,63,11,0.1000,0.00005000,37.3284,616.1503,183.0707
10018,320,26,0.1000,0.00005000,32.4775,667.9422,220.2422
10019,125,15,0.1000,0.00005000,36.1291,672.5898,239.7355
10020,68,10,0.1000,0.00005000,29.6816,630.5888,256.9153
10021,466,27,0.1000,0.00005000,38.8936,624.5677,240.9596
10022,75,13,0.1000,0.00005000,36.5602,657.9150,184.0193
10023,149,13,0.1000,0.00005000,32.5845,652.3145,230.4222
10024,82,12,0.1000,0.00005000,48.8844,658.9363,237.6657
10025,53,10,0.1000,0.00005000,53.8254,657.2211,293.7516
10026,121,14,0.1000,0.00005000,34.7430,623.1971,238.7089
10027,170,18,0.1000,0.00005000,38.1229,683.3448,288.9090
10028,60,13,0.1000,0.00005000,31.9619,669.9097,350.2870
10029,36,10,0.1000,0.00005000,36.9861,630.2474,339.8773
10030,122,16,0.1000,0.00005000,32.5952,667.0324,268.5398
10031,36,9,0.1000,0.00005000,28.5930,641.6026,277.2310
10032,44,11,0.1000,0.00005000,31.7215,639.3754,313.6178
10033,60,13,0.1000,0.00005000,30.6131,660.3180,292.3036
10034,398,34,0.1000,0.00005000,29.0929,669.3068,247.7251
10035,51,9,0.1000,0.00005000,36.0162,628.6366,303.7008
10036,74,11,0.1000,0.00005000,35.2316,661.7738,248.9748
10037,36,8,0.1000,0.00005000,46.9846,633.7834,303.0094
10038,803,42,0.1000,0.00005000,40.5611,673.1722,313.1631
10039,50,10,0.1000,0.00005000,34.3618,672.3720,371.7450
10040,39,9,0.1000,0.00005000,40.7977,649.6467,269.1627
10041,144,18,0.1000,0.00005000,27.1163,660.7473,377.2838
10042,154,17,0.1000,0.00005000,38.3756,657.8629,281.1054
10043,111,13,0.1000,0.00005000,38.4178,660.6376,378.7038
10044,43,10,0.1000,0.00005000,44.1519,616.8575,293.6909
10045,106,16,0.1000,0.00005000,41.1820,653.3798,277.2515
10046,39,10,0.1000,0.00005000,38.3862,655.5622,308.3628
10047,31,8,0.1000,0.00005000,52.2402,636.6406,251.2858
10048,76,15,0.1000,0.00005000,40.7412,648.6766,277.7407
10049,283,20,0.1000,0.00005000,36.1925,687.4697,298.0238
10050,61,13,0.1000,0.00005000,27.1297,661.9786,318.9056
10051,273,27,0.1000,0.00005000,29.6771,674.0924,261.8503
10052,82,13,0.1000,0.00005000,34.4933,632.1188,205.0635
10053,105,16,0.1000,0.00005000,36.9435,680.2595,243.3535
10054,47,9,0.1000,0.00005000,39.4727,621.9343,161.6642
10055,170,19,0.1000,0.00005000,40.7913,687.1265,284.1178
10056,127,17,0.1000,0.00005000,38.0291,636.9721,281.5102
10057,103,14,0.1000,0.00005000,37.1893,654.5466,322.8517
10058,57,12,0.1000,0.00005000,40.5009,655.3252,258.3385
10059,620,44,0.1000,0.00005000,30.1438,663.1726,295.1005
10060,752,43,0.1000,0.00005000,34.8223,684.3545,282.9432
10061,42,11,0.1000,0.00005000,36.7076,640.9493,293.5122
10062,120,15,0.1000,0.00005000,32.7862,656.9159,385.7080
10063,30,8,0.1000,0.00005000,30.1972,610.2926,229.5135
10064,81,15,0.1000,0.00005000,31.6298,641.0714,294.0829
10065,47,11,0.1000,0.00005000,42.0662,644.9372,297.3413
10066,119,14,0.1000,0.00005000,35.6754,689.3674,317.5499
10067,576,30,0.1000,0.00005000,37.2650,678.4895,260.3069
10068,182,17,0.1000,0.00005000,38.2198,632.1375,231.4481
10069,117,15,0.1000,0.00005000,36.9332,630.5928,261.9665
10070,165,16,0.1000,0.00005000,33.2166,651.0785,217.5361
10071,217,23,0.1000,0.00005000,40.1797,660.8903,252.6451
10072,142,13,0.1000,0.00005000,39.8673,664.3254,377.2138
10073,55,11,0.1000,0.00005000,34.9991,636.8930,285.3939
10074,55,12,0.1000,0.00005000,29.4989,664.5495,266.6652
10075,57,13,0.1000,0.00005000,36.9094,632.2374,360.4797
10076,104,10,0.1000,0.00005000,29.4649,646.8899,284.5727
10077,217,19,0.1000,0.00005000,37.7024,634.7414,311.5640
10078,158,13,0.1000,0.00005000,36.7689,671.5432,450.4428
10079,230,20,0.1000,0.00005000,39.9091,656.9328,251.0749
10080,462,28,0.1000,0.00005000,30.0518,662.2263,253.5384
10081,424,30,0.1000,0.00005000,38.5656,696.1174,252.1831
10082,45,13,0.1000,0.00005000,31.7048,648.8852,318.7884
10083,49,10,0.1000,0.00005000,33.2513,653.5165,338.9138
10084,460,36,0.1000,0.00005000,33.6541,669.0068,293.9856
10085,235,22,0.1000,0.00005000,36.9196,673.0982,263.5106
10086,146,18,0.1000,0.00005000,36.8033,679.3420,322.8823
10087,78,15,0.1000,0.00005000,31.9625,667.8344,292.0221
10088,38,9,0.1000,0.00005000,38.1004,643.2607,356.9855
10089,214,21,0.1000,0.00005000,36.2985,656.5743,213.5387
10090,218,26,0.1000,0.00005000,33.8317,616.7122,238.2123
10091,169,16,0.1000,0.00005000,35.2595,612.9356,289.3969
10092,46,11,0.1000,0.00005000,33.9058,642.7475,273.9446
10093,168,19,0.1000,0.00005000,37.3789,654.6547,343.3380
10094,27,7,0.1000,0.00005000,39.7272,671.4688,253.9507
10095,123,17,0.1000,0.00005000,35.3875,672.5089,255.6845
10096,484,27,0.1000,0.00005000,37.3463,667.3262,231.6279
10097,122,15,0.1000,0.00005000,34.6363,678.5177,270.9737
10098,44,8,0.1000,0.00005000,36.2157,630.2969,296.2841
10099,29,8,0.1000,0.00005000,25.1508,662.2117,235.1891
10100,161,18,0.1000,0.00005000,31.2321,654.4732,279.5925
10101,113,15,0.1000,0.00005000,31.0474,626.9922,310.8428
10102,72,13,0.1000,0.00005000,43.8088,681.6173,242.9787
10103,119,15,0.1000,0.00005000,37.7544,650.8312,301.6550
10104,181,20,0.1000,0.00005000,36.8016,676.1474,300.7584
10105,49,10,0.1000,0.00005000,38.4018,668.1533,240.2700
10106,450,24,0.1000,0.00005000,31.1188,664.6665,271.5307
10107,124,16,0.1000,0.00005000,41.8930,660.8325,213.8501
10108,79,17,0.1000,0.00005000,34.9190,657.8874,200.2923
10109,447,34,0.1000,0.00005000,36.4269,680.9761,337.9865
10110,112,11,0.1000,0.00005000,36.5434,666.5419,404.1627
10111,311,25,0.1000,0.00005000,40.3720,657.8602,304.2753
10112,633,37,0.1000,0.00005000,36.5739,685.2145,284.3079
10113,128,14,0.1000,0.00005000,28.7637,657.7704,353.5076
10114,35,10,0.1000,0.00005000,45.5253,627.8836,295.4716
10115,71,14,0.1000,0.00005000,32.7746,669.0811,234.7822
10116,176,18,0.1000,0.00005000,39.7818,691.6559,298.3177
10117,51,10,0.1000,0.00005000,39.0223,628.3496,199.0991
10118,89,13,0.1000,0.00005000,34.9506,670.9586,216.9797
10119,41,10,0.1000,0.00005000,34.8530,620.0203,434.7026
10120,48,9,0.1000,0.00005000,31.5715,658.2145,305.2144
10121,176,20,0.1000,0.00005000,32.0819,668.5395,260.8037
10122,297,24,0.1000,0.00005000,38.8087,675.2148,226.9188
10123,45,11,0.1000,0.00005000,35.5100,657.9612,258.7017
10124,466,28,0.1000,0.00005000,37.0164,667.4266,212.8916
10125,478,30,0.1000,0.00005000,35.2782,673.9713,269.2025
10126,62,13,0.1000,0.00005000,35.1151,672.2410,266.0922
10127,92,16,0.1000,0.00005000,31.5608,631.4970,226.3431
10128,72,15,0.1000,0.00005000,39.2967,654.0582,279.6675
10129,137,18,0.1000,0.00005000,36.5391,680.9218,367.9007
10130,39,9,0.1000,0.00005000,28.0105,602.4611,418.0152
10131,297,22,0.1000,0.00005000,31.9214,677.3537,326.2017
10132,119,13,0.1000,0.00005000,32.4519,673.5674,455.5530
10133,74,12,0.1000,0.00005000,29.9253,617.6275,291.8438
10134,292,22,0.1000,0.00005000,38.8924,660.5233,293.8609
10135,145,19,0.1000,0.00005000,28.7055,689.1324,282.7735
10136,594,49,0.1000,0.00005000,33.8864,675.3406,234.6582
10137,1012,50,0.1000,0.00005000,32.7711,674.5603,307.0956
10138,263,24,0.1000,0.00005000,35.5261,686.9956,280.0727
10139,168,16,0.1000,0.00005000,31.3561,653.6727,267.8074
10140,175,18,0.1000,0.00005000,30.7972,668.3854,262.6255
10141,117,18,0.1000,0.00005000,34.1557,649.0754,340.2371
10142,55,11,0.1000,0.00005000,24.5203,663.9141,344.8304
10143,466,27,0.1000,0.00005000,29.3648,661.9332,297.9734
10144,560,29,0.1000,0.00005000,31.0284,703.6748,317.4558
10145,320,25,0.1000,0.00005000,34.2166,685.7134,307.7559
10146,757,46,0.1000,0.00005000,37.3163,673.6585,251.3664
10147,29,8,0.1000,0.00005000,37.0436,654.8994,260.9722
10148,132,17,0.1000,0.00005000,40.3296,686.1943,305.8027
10149,88,13,0.1000,0.00005000,38.1456,668.2660,264.9326
10150,182,18,0.1000,0.00005000,32.9121,634.5660,325.2064
10151,1249,49,0.1000,0.00005000,36.7298,683.1591,318.4375
10152,32,7,0.1000,0.00005000,27.0302,677.4284,298.7462
10153,212,17,0.1000,0.00005000,34.2563,639.4558,296.9098
10154,140,19,0.1000,0.00005000,38.2581,658.0792,261.9695
10155,57,12,0.1000,0.00005000,43.1350,624.3933,254.5760
10156,76,15,0.1000,0.00005000,29.7733,673.5562,291.3660
10157,81,16,0.1000,0.00005000,35.4098,664.0350,259.6893
10158,755,39,0.1000,0.00005000,33.7149,678.1719,253.1416
10159,85,12,0.1000,0.00005000,42.5023,679.4260,235.0816
10160,265,26,0.1000,0.00005000,36.2572,703.7780,315.4235
10161,371,23,0.1000,0.00005000,32.8480,654.9614,377.7483
10162,419,30,0.1000,0.00005000,36.4902,672.3862,309.2161
10163,60,12,0.1000,0.00005000,41.3372,656.8991,211.6977
10164,134,19,0.1000,0.00005000,26.5095,634.3729,285.6203
10165,206,16,0.1000,0.00005000,33.8612,669.3123,272.2088
10166,49,9,0.1000,0.00005000,30.2449,668.8727,323.9798
10167,40,11,0.1000,0.00005000,34.5898,639.1763,334.1444
10168,166,20,0.1000,0.00005000,34.4174,674.4077,285.9100
10169,29,7,0.1000,0.00005000,44.9809,619.7678,301.4080
10170,101,16,0.1000,0.00005000,32.2489,611.6641,269.2669
10171,83,12,0.1000,0.00005000,40.0766,671.3884,369.1693
10172,1113,41,0.1000,0.00005000,32.5817,689.8443,282.1702
10173,76,14,0.1000,0.00005000,28.1721,676.5114,336.0313
10174,75,14,0.1000,0.00005000,30.5124,670.8800,248.6412
10175,56,13,0.1000,0.00005000,30.3271,644.5254,235.4420
10176,477,22,0.1000,0.00005000,37.3928,664.8453,241.7689
10177,605,33,0.1000,0.00005000,25.8361,673.5720,276.6975
10178,53,11,0.1000,0.00005000,38.7988,641.2878,346.0741
10179,51,10,0.1000,0.00005000,29.9307,678.6970,258.6611
10180,257,30,0.1000,0.00005000,26.3702,678.8793,225.8394
10181,518,34,0.1000,0.00005000,30.4874,686.8352,275.4357
10182,120,15,0.1000,0.00005000,30.0725,677.1171,278.2226
10183,503,33,0.1000,0.00005000,29.6492,687.3209,259.3541
10184,399,29,0.1000,0.00005000,36.2475,685.0725,351.2002
10185,114,15,0.1000,0.00005000,43.5671,666.1908,321.4292
10186,111,13,0.1000,0.00005000,33.1414,672.8461,219.6835
10187,79,13,0.1000,0.00005000,26.8390,648.6358,205.4079
10188,231,19,0.1000,0.00005000,32.9892,637.5399,307.3367
10189,42,11,0.1000,0.00005000,26.1234,653.6769,238.7131
10190,243,22,0.1000,0.00005000,40.4199,665.4135,374.6307
10191,77,12,0.1000,0.00005000,41.4616,629.8447,374.3113
10192,1604,45,0.1000,0.00005000,38.2116,683.5440,308.0917
10193,61,12,0.1000,0.00005000,34.6219,641.7352,249.6016
10194,112,20,0.1000,0.00005000,36.3347,671.1991,247.8310
10195,442,22,0.1000,0.00005000,31.6571,686.7882,225.3931
10196,308,24,0.1000,0.00005000,34.8450,690.2737,322.8096
10197,101,15,0.1000,0.00005000,36.8269,647.7864,316.2580
10198,233,22,0.1000,0.00005000,29.3972,679.0989,411.6026
10199,127,16,0.1000,0.00005000,29.0195,665.6512,352.9061
10200,153,21,0.1000,0.00005000,29.4846,671.0876,186.8332
10201,361,24,0.1000,0.00005000,30.4067,634.2418,355.2135
10202,128,16,0.1000,0.00005000,31.5701,667.0223,284.9271
10203,780,39,0.1000,0.00005000,39.3415,687.7827,339.0233
10204,138,17,0.1000,0.00005000,37.1042,660.0217,332.5382
10205,347,28,0.1000,0.00005000,30.3721,653.1940,279.5882
10206,83,13,0.1000,0.00005000,40.8013,655.0634,313.8611
10207,57,13,0.1000,0.00005000,32.7427,658.8438,260.1524
10208,63,11,0.1000,0.00005000,38.9794,664.5470,554.7426
10209,174,23,0.1000,0.00005000,29.4988,676.7337,385.6926
10210,54,10,0.1000,0.00005000,26.1388,616.5786,360.0507
10211,60,13,0.1000,0.00005000,34.7771,670.3657,243.6460
10212,276,17,0.1000,0.00005000,37.9242,655.4592,208.8670
10213,116,12,0.1000,0.00005000,44.2948,626.7178,249.1961
10214,322,22,0.1000,0.00005000,34.0172,678.9529,300.5514
10215,278,17,0.1000,0.00005000,43.9946,690.6149,232.7056
10216,340,27,0.1000,0.00005000,39.8791,697.3880,366.0484
10217,474,24,0.1000,0.00005000,36.5151,659.3731,257.6089
10218,47,12,0.1000,0.00005000,33.1258,641.1274,311.2484
10219,122,14,0.1000,0.00005000,34.6900,686.8625,275.2007
10220,82,13,0.1000,0.00005000,24.8624,651.9867,238.4896
10221,116,13,0.1000,0.00005000,39.9278,673.9609,390.2955
10222,421,29,0.1000,0.00005000,38.4605,676.1523,301.5804
10223,55,12,0.1000,0.00005000,24.8207,623.0874,327.9290
10224,85,15,0.1000,0.00005000,35.8763,675.1417,262.4500
10225,447,29,0.1000,0.00005000,32.7484,710.2815,296.7870
10226,138,17,0.1000,0.00005000,34.0248,663.3092,263.7923
10227,84,13,0.1000,0.00005000,40.8616,647.4043,267.8774
10228,168,15,0.1000,0.00005000,35.3030,656.5165,312.8278
10229,225,20,0.1000,0.00005000,43.4380,676.8865,275.8651
10230,159,22,0.1000,0.00005000,35.6834,686.2013,201.2026
10231,84,14,0.1000,0.00005000,31.3969,667.5170,317.9996
10232,540,34,0.1000,0.00005000,34.8617,695.0926,227.7613
10233,83,14,0.1000,0.00005000,24.8373,701.2412,233.1836
10234,125,17,0.1000,0.00005000,35.7195,667.7382,255.3090
10235,106,15,0.1000,0.00005000,39.1463,664.4363,435.8145
10236,511,36,0.1000,0.00005000,32.5289,696.5971,229.5540
10237,73,12,0.1000,0.00005000,36.8329,676.6005,221.0619
10238,230,19,0.1000,0.00005000,39.4865,694.3577,270.1977
10239,34,9,0.1000,0.00005000,32.4104,668.6051,211.9987
10240,296,22,0.1000,0.00005000,34.6611,697.6533,266.6197
10241,54,12,0.1000,0.00005000,35.2321,657.7496,295.6222
10242,570,38,0.1000,0.00005000,39.1440,690.9240,247.7565
10243,80,13,0.1000,0.00005000,31.1840,688.7584,295.2111
10244,788,35,0.1000,0.00005000,37.2482,692.0672,320.8683
10245,223,23,0.1000,0.00005000,24.2032,683.3526,294.9931
10246,58,13,0.1000,0.00005000,44.1137,636.9902,367.7563
10247,281,19,0.1000,0.00005000,35.3364,674.2349,273.4848
10248,38,10,0.1000,0.00005000,54.0974,694.8760,252.2308
10249,80,13,0.1000,0.00005000,30.3087,647.5856,360.8400
10250,83,13,0.1000,0.00005000,26.4096,644.8688,280.7510
10251,60,12,0.1000,0.00005000,35.9061,656.1839,356.6215
10252,343,28,0.1000,0.00005000,33.0279,691.5732,290.6888
10253,60,12,0.1000,0.00005000,32.7059,687.9822,332.7385
10254,160,14,0.1000,0.00005000,21.6225,674.5282,365.6597
10255,105,16,0.1000,0.00005000,31.2028,675.5023,243.3832
10256,217,19,0.1000,0.00005000,31.2787,680.7773,227.8785
10257,38,10,0.1000,0.00005000,29.1324,677.1038,178.4898
10258,63,14,0.1000,0.00005000,33.3185,648.2827,291.4263
10259,151,19,0.1000,0.00005000,30.3931,667.1148,247.3325
10260,36,9,0.1000,0.00005000,37.6286,639.5862,264.7228
10261,285,24,0.1000,0.00005000,29.4789,694.4478,315.0974
10262,134,16,0.1000,0.00005000,32.9962,700.7372,359.9910
10263,87,14,0.1000,0.00005000,33.2562,655.4083,214.9279
10264,33,9,0.1000,0.00005000,28.2482,662.6360,204.6931
10265,163,16,0.1000,0.00005000,34.8123,663.0054,311.2402
10266,43,9,0.1000,0.00005000,31.0378,653.8547,239.6764
10267,131,17,0.1000,0.00005000,31.9062,701.6099,362.3210
10268,115,12,0.1000,0.00005000,39.2997,685.0136,293.6278
10269,167,20,0.1000,0.00005000,32.3941,698.5190,255.9477
10270,243,22,0.1000,0.00005000,33.8463,696.1884,253.0815
10271,154,18,0.1000,0.00005000,29.0578,671.9475,300.4185
10272,244,20,0.1000,0.00005000,28.9463,629.1820,293.6980
10273,83,12,0.1000,0.00005000,27.2971,660.2774,288.0482
10274,39,8,0.1000,0.00005000,34.9307,673.1103,203.8882
10275,88,16,0.1000,0.00005000,28.4446,689.4807,362.8345
10276,868,38,0.1000,0.00005000,38.3875,678.8685,271.8026
10277,111,13,0.1000,0.00005000,26.8597,687.6417,265.1271
10278,209,20,0.1000,0.00005000,35.5226,683.2427,305.9028
10279,108,13,0.1000,0.00005000,39.3749,654.3750,228.0368
10280,59,12,0.1000,0.00005000,33.2475,660.2635,264.7876
10281,181,18,0.1000,0.00005000,35.9780,689.6370,289.6606
10282,180,24,0.1000,0.00005000,33.9563,686.7685,264.1762
10283,215,20,0.1000,0.00005000,38.7865,691.7193,324.2767
10284,119,16,0.1000,0.00005000,34.9551,707.0680,243.4273
10285,58,12,0.1000,0.00005000,43.3873,692.3273,209.3665
10286,56,12,0.1000,0.00005000,36.4308,653.2429,291.2238
10287,335,24,0.1000,0.00005000,37.4339,707.8389,318.2590
10288,125,16,0.1000,0.00005000,32.6143,679.4807,341.3650
10289,30,7,0.1000,0.00005000,33.5889,626.1653,205.2728
10290,183,18,0.1000,0.00005000,37.7047,700.5844,344.8713
10291,130,20,0.1000,0.00005000,33.7812,702.9299,400.7672
10292,311,23,0.1000,0.00005000,38.6877,713.0845,263.6688
10293,263,21,0.1000,0.00005000,39.9289,693.4695,319.1660
10294,220,16,0.1000,0.00005000,33.5661,683.5220,368.5079
10295,74,14,0.1000,0.00005000,30.0430,678.1574,195.4296
10296,419,29,0.1000,0.00005000,30.1040,664.7274,310.2690
10297,129,17,0.1000,0.00005000,37.2315,676.9840,403.1347
10298,188,23,0.1000,0.00005000,30.0588,676.5966,275.8638
10299,210,21,0.1000,0.00005000,34.2277,704.7339,209.7029
10300,40,11,0.1000,0.00005000,22.5854,671.4268,302.3377
10301,156,19,0.1000,0.00005000,38.2383,676.6834,341.9762
10302,676,32,0.1000,0.00005000,34.9120,656.4985,290.7303
10303,92,14,0.1000,0.00005000,27.0002,699.1670,241.6051
10304,64,12,0.1000,0.00005000,39.7532,647.0659,327.3379
10305,45,9,0.1000,0.00005000,32.7675,651.3391,241.9494
10306,77,11,0.1000,0.00005000,23.3241,650.0013,247.0876
10307,221,21,0.1000,0.00005000,32.9941,697.3527,261.0894
10308,76,11,0.1000,0.00005000,34.0796,679.5748,230.0156
10309,168,17,0.1000,0.00005000,35.9318,662.6082,252.6747
10310,40,9,0.1000,0.00005000,33.2248,655.5383,263.4648
10311,78,14,0.1000,0.00005000,38.4599,658.1796,395.9915
10312,100,14,0.1000,0.00005000,35.0805,691.5517,267.8505
10313,62,15,0.1000,0.00005000,41.3841,674.7282,235.7376
10314,502,43,0.1000,0.00005000,36.4493,699.9305,232.9933
10315,199,21,0.1000,0.00005000,33.2964,677.2260,301.6615
10316,125,19,0.1000,0.00005000,43.4289,686.0252,254.4094
10317,90,16,0.1000,0.00005000,39.3878,691.9032,301.0906
10318,81,13,0.1000,0.00005000,31.3848,711.2365,295.9700
10319,40,9,0.1000,0.00005000,32.5637,688.1867,306.3770
10320,79,15,0.1000,0.00005000,42.7284,706.7299,264.8061
10321,195,25,0.1000,0.00005000,29.9801,708.9024,311.6561
10322,289,21,0.1000,0.00005000,33.3618,656.6265,275.6665
10323,69,13,0.1000,0.00005000,46.8297,689.3394,367.0173
10324,236,20,0.1000,0.00005000,35.6706,683.9155,329.6833
10325,46,12,0.1000,0.00005000,30.9501,681.4804,418.2751
10326,183,21,0.1000,0.00005000,37.6200,683.9552,375.2525
10327,252,23,0.1000,0.00005000,37.0483,675.7755,211.1446
10328,561,26,0.1000,0.00005000,30.7105,676.0556,287.7763
10329,95,13,0.1000,0.00005000,29.8557,677.5453,323.4887
10330,79,16,0.1000,0.00005000,29.5521,648.5877,293.0821
10331,497,32,0.1000,0.00005000,31.9390,665.2796,287.9251
10332,54,9,0.1000,0.00005000,42.6036,651.8494,230.2625
10333,56,11,0.1000,0.00005000,30.5552,666.8101,230.2572
10334,292,22,0.1000,0.00005000,29.6071,677.1190,275.1588
10335,82,13,0.1000,0.00005000,37.7898,679.1803,376.9899
10336,205,22,0.1000,0.00005000,36.8478,672.8851,282.1636
10337,44,11,0.1000,0.00005000,45.4348,684.4247,278.8116
10338,41,12,0.1000,0.00005000,31.9915,680.8326,354.5010
10339,251,23,0.1000,0.00005000,34.1435,706.7650,299.6678
10340,654,36,0.1000,0.00005000,33.9006,676.4777,271.8258
10341,56,12,0.1000,0.00005000,44.4640,690.2281,289.6723
10342,185,19,0.1000,0.00005000,33.6288,687.4091,357.2268
10343,143,20,0.1000,0.00005000,34.6742,659.2263,313.6823
10344,38,9,0.1000,0.00005000,45.4868,681.1367,558.2935
10345,490,30,0.1000,0.00005000,31.8970,672.8138,309.2167
10346,227,20,0.1000,0.00005000,30.6380,683.6196,252.3850
10347,287,20,0.1000,0.00005000,29.6568,707.8978,228.4057
10348,241,28,0.1000,0.00005000,31.8982,709.3758,248.4703
10349,783,31,0.1000,0.00005000,34.7679,704.3379,230.1622
10350,492,35,0.1000,0.00005000,35.0808,705.0880,235.2345
10351,303,23,0.1000,0.00005000,30.7600,669.6338,233.0079
10352,255,22,0.1000,0.00005000,43.3995,704.7181,292.1437
10353,47,9,0.1000,0.00005000,35.3311,695.9452,322.2383
10354,50,9,0.1000,0.00005000,31.7286,679.0459,211.8203
10355,124,16,0.1000,0.00005000,30.5468,698.3557,249.2456
10356,546,32,0.1000,0.00005000,34.7736,688.7483,285.3325
10357,323,28,0.1000,0.00005000,28.3787,696.5885,265.5810
10358,37,9,0.1000,0.00005000,44.5967,674.3252,269.1969
10359,217,16,0.1000,0.00005000,40.3467,654.7093,213.5634
10360,43,11,0.1000,0.00005000,33.1058,689.6648,264.8121
10361,762,37,0.1000,0.00005000,32.4912,715.1387,424.9527
10362,105,16,0.1000,0.00005000,37.8958,660.4285,260.9862
10363,46,13,0.1000,0.00005000,38.2488,671.8719,382.2397
10364,1499,56,0.1000,0.00005000,31.8228,669.8619,341.1858
10365,168,17,0.1000,0.00005000,40.8928,703.6564,335.3945
10366,118,15,0.1000,0.00005000,41.4140,715.5085,459.7443
10367,166,19,0.1000,0.00005000,32.1685,702.9870,438.9159
10368,39,11,0.1000,0.00005000,39.4198,678.0542,294.6479
10369,56,12,0.1000,0.00005000,30.1244,702.5927,260.7404
10370,31,7,0.1000,0.00005000,31.0490,660.5660,325.4572
10371,104,16,0.1000,0.00005000,30.3635,666.6374,354.8720
10372,115,13,0.1000,0.00005000,36.2742,710.4627,340.3639
10373,122,16,0.1000,0.00005000,35.2365,708.9674,221.8655
10374,50,10,0.1000,0.00005000,40.4925,654.7802,545.9804
10375,118,14,0.1000,0.00005000,42.7880,687.0852,371.5890
10376,65,15,0.1000,0.00005000,29.3032,675.0459,338.1889
10377,214,21,0.1000,0.00005000,32.0766,690.6323,209.5867
10378,338,29,0.1000,0.00005000,30.6229,666.9334,273.4146
10379,40,10,0.1000,0.00005000,34.1234,644.7981,446.4454
10380,30,9,0.1000,0.00005000,32.8058,691.9288,332.1051
10381,30,6,0.1000,0.00005000,38.1981,645.5944,268.5493
10382,40,10,0.1000,0.00005000,48.1157,653.1080,379.8171
10383,141,16,0.1000,0.00005000,31.8653,636.9902,303.0311
10384,162,19,0.1000,0.00005000,40.0503,672.8527,296.0878
10385,84,14,0.1000,0.00005000,33.6312,649.7123,284.4697
10386,83,14,0.1000,0.00005000,29.0866,664.4607,326.1116
10387,86,15,0.1000,0.00005000,28.5733,679.6306,333.6221
10388,34,8,0.1000,0.00005000,43.4830,656.6106,301.1795
10389,1189,36,0.1000,0.00005000,30.8420,722.4988,267.3177
10390,52,10,0.1000,0.00005000,34.5897,635.9654,267.3824
10391,214,23,0.1000,0.00005000,35.0374,682.9604,267.8468
10392,445,23,0.1000,0.00005000,28.2811,703.6139,273.8073
10393,553,27,0.1000,0.00005000,30.5205,656.8126,266.0663
10394,329,27,0.1000,0.00005000,34.9969,687.6376,271.9629
10395,575,34,0.1000,0.00005000,30.8031,690.8414,232.9537
10396,168,16,0.1000,0.00005000,34.7521,673.7866,292.4173
10397,57,11,0.1000,0.00005000,25.9215,700.7876,355.6790
10398,377,29,0.1000,0.00005000,25.4451,708.5491,329.4217
10399,101,16,0.1000,0.00005000,39.2725,677.2361,315.3740
10400,183,19,0.1000,0.00005000,39.3919,692.6181,345.5098
10401,33,8,0.1000,0.00005000,26.3695,676.4471,293.5491
10402,462,26,0.1000,0.00005000,29.7423,724.7866,250.2003
10403,40,11,0.1000,0.00005000,33.6147,668.4645,333.0105
10404,53,11,0.1000,0.00005000,32.4578,685.8160,239.2395
10405,66,12,0.1000,0.00005000,34.7129,707.3317,348.5713
10406,61,14,0.1000,0.00005000,30.1910,670.1016,191.1715
10407,1563,52,0.1000,0.00005000,28.9765,700.8443,285.2538
10408,46,9,0.1000,0.00005000,32.9966,663.1516,244.2967
10409,37,9,0.1000,0.00005000,30.4134,640.3095,328.0386
10410,87,13,0.1000,0.00005000,31.5553,704.1381,294.5676
10411,40,10,0.1000,0.00005000,28.0706,685.4296,216.6734
10412,234,20,0.1000,0.00005000,35.9289,694.7465,345.5630
10413,921,42,0.1000,0.00005000,30.2224,722.7156,304.0604
10414,167,16,0.1000,0.00005000,25.4586,701.9705,234.2778
10415,52,10,0.1000,0.00005000,45.4679,652.5647,278.9373
10416,521,42,0.1000,0.00005000,36.1303,723.8117,301.6122
10417,62,10,0.1000,0.00005000,26.3958,678.5778,294.1574
10418,193,20,0.1000,0.00005000,33.4357,685.6654,304.2616
10419,37,9,0.1000,0.00005000,31.7127,673.7181,329.2050
10420,63,14,0.1000,0.00005000,27.4445,668.0139,280.9176
10421,49,10,0.1000,0.00005000,26.5383,707.8156,244.5259
10422,59,14,0.1000,0.00005000,30.9244,692.7973,378.7076
10423,392,26,0.1000,0.00005000,24.9276,719.7005,310.3824
10424,46,11,0.1000,0.00005000,45.8591,683.8966,161.6242
10425,64,16,0.1000,0.00005000,30.0664,695.1930,273.2538
10426,39,8,0.1000,0.00005000,34.6770,648.8089,167.9777
10427,390,26,0.1000,0.00005000,38.2049,668.3000,253.5701
10428,85,14,0.1000,0.00005000,33.5831,711.0084,277.0943
10429,49,10,0.1000,0.00005000,39.5747,665.2882,293.9902
10430,54,11,0.1000,0.00005000,38.0616,691.1699,311.8300
10431,43,9,0.1000,0.00005000,28.3625,682.4731,205.4375
10432,77,15,0.1000,0.00005000,30.6666,673.1486,304.0157
10433,56,11,0.1000,0.00005000,44.7408,664.7479,229.5824
10434,51,10,0.1000,0.00005000,21.9606,688.3356,204.4841
10435,162,21,0.1000,0.00005000,38.0099,706.3844,306.8211
10436,106,15,0.1000,0.00005000,37.9954,668.8572,354.3324
10437,29,7,0.1000,0.00005000,32.3344,668.0018,270.7908
10438,510,39,0.1000,0.00005000,30.4724,697.9375,261.4710
10439,26,8,0.1000,0.00005000,40.3875,691.0588,271.1978
10440,50,10,0.1000,0.00005000,27.3101,687.9767,248.9044
10441,33,7,0.1000,0.00005000,41.0698,654.6806,366.5818
10442,157,14,0.1000,0.00005000,28.8712,680.3304,247.6947
10443,136,18,0.1000,0.00005000,25.8983,683.1696,287.2166
10444,115,14,0.1000,0.00005000,36.3455,698.9076,236.4003
10445,178,21,0.1000,0.00005000,34.8836,674.8283,185.4048
10446,380,26,0.1000,0.00005000,32.6456,712.6192,242.5842
10447,76,12,0.1000,0.00005000,29.3797,702.0357,220.8205
10448,552,36,0.1000,0.00005000,34.1159,687.7170,311.6065
10449,354,28,0.1000,0.00005000,31.7722,677.2305,274.5803
10450,206,22,0.1000,0.00005000,34.9635,686.2594,263.7151
10451,418,28,0.1000,0.00005000,28.3711,710.1977,261.5567
10452,230,21,0.1000,0.00005000,23.5939,664.4785,287.4502
10453,362,32,0.1000,0.00005000,35.6615,690.8097,230.4705
10454,238,22,0.1000,0.00005000,26.9573,691.4909,304.6794
10455,33,9,0.1000,0.00005000,30.4988,663.7527,289.2510
10456,1228,47,0.1000,0.00005000,30.8414,663.3156,318.0305
10457,600,19,0.1000,0.00005000,30.4448,691.8128,252.8587
10458,50,10,0.1000,0.00005000,33.9436,660.4874,364.9830
10459,95,19,0.1000,0.00005000,34.6872,677.4125,345.9332
10460,47,12,0.1000,0.00005000,28.0783,685.3490,271.1537
10461,557,27,0.1000,0.00005000,35.0022,693.9979,255.6957
10462,165,14,0.1000,0.00005000,26.8250,671.1391,199.2503
10463,212,24,0.1000,0.00005000,35.7049,703.9333,272.0381
10464,74,10,0.1000,0.00005000,33.9087,664.0754,417.3716
10465,220,17,0.1000,0.00005000,30.8426,702.4382,336.1630
10466,126,16,0.1000,0.00005000,36.3936,697.7047,295.1973
10467,159,23,0.1000,0.00005000,32.4411,709.2716,291.3665
10468,48,10,0.1000,0.00005000,29.2308,691.4266,428.3243
10469,106,16,0.1000,0.00005000,39.3855,700.1363,270.7097
10470,128,15,0.1000,0.00005000,32.3292,692.7345,293.5008
10471,79,12,0.1000,0.00005000,36.3248,656.7680,244.6015
10472,376,25,0.1000,0.00005000,41.7346,725.6570,353.3898
10473,39,10,0.1000,0.00005000,37.1164,661.3521,257.0389
10474,29,9,0.1000,0.00005000,30.0171,679.7676,180.5568
10475,58,13,0.1000,0.00005000,37.4512,681.4808,238.4224
10476,92,17,0.1000,0.00005000,38.0149,667.9815,224.2743
10477,44,11,0.1000,0.00005000,32.9437,654.7669,186.1152
10478,82,13,0.1000,0.00005000,37.8506,670.6458,267.4130
10479,455,26,0.1000,0.00005000,39.6364,706.8077,332.9398
10480,802,34,0.1000,0.00005000,33.4306,712.1520,308.9629
10481,122,14,0.1000,0.00005000,29.6976,657.4846,382.8362
10482,55,12,0.1000,0.00005000,33.2216,676.2629,493.7104
10483,630,38,0.1000,0.00005000,31.7240,674.2209,254.3688
10484,71,13,0.1000,0.00005000,37.5205,660.6142,285.4555
10485,58,11,0.1000,0.00005000,45.5027,674.2424,284.0766
10486,291,21,0.1000,0.00005000,26.2653,705.4110,294.2395
10487,75,12,0.1000,0.00005000,37.9737,716.3482,211.4023
10488,1335,33,0.1000,0.00005000,36.1123,702.5802,283.2047
10489,52,11,0.1000,0.00005000,37.0634,655.0204,193.8684
10490,125,16,0.1000,0.00005000,32.8045,679.2303,364.4229
10491,86,14,0.1000,0.00005000,34.3934,693.6222,308.5274
10492,58,14,0.1000,0.00005000,27.5924,715.2926,191.7525
10493,137,18,0.1000,0.00005000,35.1879,718.1779,386.1321
10494,121,14,0.1000,0.00005000,39.6936,718.3208,347.0703
10495,31,7,0.1000,0.00005000,37.1069,681.1502,248.5190
10496,176,19,0.1000,0.00005000,35.1658,711.3194,356.2780
10497,88,14,0.1000,0.00005000,37.0075,700.9159,262.1421
10498,171,20,0.1000,0.00005000,31.6614,711.0465,276.1822
10499,123,16,0.1000,0.00005000,28.1131,702.9324,273.6475
10500,134,15,0.1000,0.00005000,36.1825,693.2423,263.3101
10501,39,10,0.1000,0.00005000,38.0136,669.3974,344.6971
10502,38,11,0.1000,0.00005000,32.8185,695.7672,372.0363
10503,248,20,0.1000,0.00005000,29.4911,710.3564,332.4994
10504,45,10,0.1000,0.00005000,29.5319,696.8671,309.5683
10505,85,13,0.1000,0.00005000,25.4702,701.6355,202.3405
10506,227,18,0.1000,0.00005000,34.6581,699.5748,247.6081
10507,119,14,0.1000,0.00005000,34.3264,695.9334,303.0525
10508,95,15,0.1000,0.00005000,36.1382,721.2158,283.6070
10509,73,12,0.1000,0.00005000,30.5319,703.1128,335.9311
10510,359,22,0.1000,0.00005000,34.4169,704.3029,428.4117
10511,345,27,0.1000,0.00005000,37.4789,687.0572,268.8748
10512,266,22,0.1000,0.00005000,25.0281,692.2342,339.3038
10513,81,15,0.1000,0.00005000,35.1734,699.5512,308.2698
10514,29,7,0.1000,0.00005000,33.1565,666.8061,300.1016
10515,135,18,0.1000,0.00005000,26.3367,694.1181,327.5792
10516,481,33,0.1000,0.00005000,38.6398,711.9800,248.1996
10517,56,12,0.1000,0.00005000,31.9359,675.3161,255.6638
10518,177,19,0.1000,0.00005000,41.4006,696.9688,262.2700
10519,67,12,0.1000,0.00005000,38.6975,671.6273,271.1649
10520,45,9,0.1000,0.00005000,32.3945,713.5434,312.3299
10521,394,30,0.1000,0.00005000,38.9522,659.8950,322.6774
10522,233,19,0.1000,0.00005000,32.1700,712.8522,213.8807
10523,60,14,0.1000,0.00005000,33.1958,670.1406,230.9625
10524,72,12,0.1000,0.00005000,35.6111,673.1362,332.2830
10525,233,22,0.1000,0.00005000,31.2458,701.9299,238.5013
10526,50,10,0.1000,0.00005000,37.8870,697.9113,221.2804
10527,37,10,0.1000,0.00005000,35.2908,690.3505,266.5972
10528,30,6,0.1000,0.00005000,25.2888,683.1041,565.3094
10529,117,15,0.1000,0.00005000,24.5079,687.0790,465.4821
10530,411,28,0.1000,0.00005000,29.6661,722.5502,407.9528
10531,110,15,0.1000,0.00005000,23.7535,681.1965,321.9932
10532,35,8,0.1000,0.00005000,46.8642,668.2543,260.2779
10533,97,15,0.1000,0.00005000,35.2362,718.0785,306.7857
10534,28,6,0.1000,0.00005000,30.4208,663.4288,299.1239
10535,28,8,0.1000,0.00005000,30.3287,695.2611,249.6824
10536,111,15,0.1000,0.00005000,34.2167,678.6086,243.8620
10537,192,22,0.1000,0.00005000,32.8957,684.4267,397.2987
10538,35,8,0.1000,0.00005000,38.2080,702.4330,322.2056
10539,130,17,0.1000,0.00005000,42.8454,690.2362,265.7247
10540,23,6,0.1000,0.00005000,35.1307,631.0700,418.6778
10541,85,12,0.1000,0.00005000,34.3510,709.8870,280.5573
10542,185,20,0.1000,0.00005000,32.6015,676.2515,277.6648
10543,73,14,0.1000,0.00005000,28.6445,693.2681,235.1579
10544,230,21,0.1000,0.00005000,37.2406,711.2836,224.7774
10545,56,11,0.1000,0.00005000,48.7438,672.7338,335.0465
10546,120,13,0.1000,0.00005000,29.0258,712.4427,293.1041
10547,53,13,0.1000,0.00005000,28.0630,735.5404,307.5813
10548,371,29,0.1000,0.00005000,32.6518,743.1510,305.5410
10549,100,14,0.1000,0.00005000,36.2022,706.3956,258.3270
10550,656,27,0.1000,0.00005000,31.7018,714.3689,248.3257
10551,46,8,0.1000,0.00005000,34.6909,686.1480,267.6325
10552,83,12,0.1000,0.00005000,33.5881,681.8926,210.2225
10553,107,18,0.1000,0.00005000,43.6463,718.5725,235.7931
10554,247,26,0.1000,0.00005000,33.8195,741.0931,299.3899
10555,1092,47,0.1000,0.00005000,34.0728,739.6021,276.3736
10556,130,19,0.1000,0.00005000,41.2292,715.1208,247.1188
10557,365,23,0.1000,0.00005000,28.8227,727.9894,325.5843
10558,906,41,0.1000,0.00005000,36.2651,736.9210,275.6874
10559,29,8,0.1000,0.00005000,36.1827,704.2657,311.7472
10560,55,11,0.1000,0.00005000,34.8306,685.6033,383.7274
10561,192,18,0.1000,0.00005000,29.0707,735.2389,265.0622
10562,83,14,0.1000,0.00005000,48.6452,705.9692,314.4214
10563,112,13,0.1000,0.00005000,27.6363,719.0138,338.6218
10564,121,15,0.1000,0.00005000,34.6787,701.7311,278.3374
10565,157,21,0.1000,0.00005000,35.7215,701.7774,307.5516
10566,310,23,0.1000,0.00005000,37.3353,675.6116,273.2130
10567,135,17,0.1000,0.00005000,34.4816,679.7622,291.8236
10568,94,15,0.1000,0.00005000,33.4143,679.3747,253.3718
10569,32,8,0.1000,0.00005000,25.6532,681.2719,399.9415
10570,168,15,0.1000,0.00005000,32.3741,693.4712,248.0194
10571,31,9,0.1000,0.00005000,38.5163,703.3065,219.8963
10572,60,14,0.1000,0.00005000,30.5249,713.2308,213.7502
10573,376,26,0.1000,0.00005000,32.4518,699.4372,291.1172
10574,63,14,0.1000,0.00005000,31.4476,682.8134,391.6823
10575,194,20,0.1000,0.00005000,31.7747,721.3025,174.6426
10576,320,20,0.1000,0.00005000,28.6242,714.2762,287.6963
10577,60,13,0.1000,0.00005000,25.6061,671.2984,280.5833
10578,1207,39,0.1000,0.00005000,38.5265,747.6223,431.6365
10579,122,14,0.1000,0.00005000,31.5928,718.8588,319.5495
10580,241,21,0.1000,0.00005000,35.5148,725.8728,223.0016
10581,39,8,0.1000,0.00005000,44.5712,682.0386,363.3030
10582,61,15,0.1000,0.00005000,35.5259,721.0721,231.3066
10583,28,8,0.1000,0.00005000,24.4544,687.0660,228.0219
10584,165,23,0.1000,0.00005000,41.0954,692.0399,224.8497
10585,61,12,0.1000,0.00005000,45.1498,695.5741,216.2422
10586,114,14,0.1000,0.00005000,37.5841,726.2066,455.4884
10587,297,24,0.1000,0.00005000,33.2228,696.9234,348.7235
10588,185,18,0.1000,0.00005000,40.1402,726.0870,377.0900
10589,143,17,0.1000,0.00005000,46.2246,725.0390,226.1234
10590,106,13,0.1000,0.00005000,27.4290,709.7608,383.6393
10591,38,10,0.1000,0.00005000,52.4014,696.3185,220.6499
10592,248,23,0.1000,0.00005000,32.9303,692.2134,269.3907
10593,37,12,0.1000,0.00005000,27.3758,733.4575,271.5824
10594,82,14,0.1000,0.00005000,35.4497,710.1605,284.6234
10595,62,12,0.1000,0.00005000,37.1485,694.2855,248.5170
10596,41,11,0.1000,0.00005000,36.4808,706.6216,268.9559
10597,467,26,0.1000,0.00005000,31.8558,725.4568,323.4388
10598,90,14,0.1000,0.00005000,43.7160,682.1581,226.8914
10599,45,9,0.1000,0.00005000,46.0093,727.3670,196.0811
10600,117,14,0.1000,0.00005000,38.5382,714.6416,367.5798
10601,144,20,0.1000,0.00005000,35.8876,736.0013,266.4418
10602,283,22,0.1000,0.00005000,35.1072,709.0340,254.8975
10603,141,17,0.1000,0.00005000,40.2263,701.0554,297.7824
10604,81,11,0.1000,0.00005000,43.4027,659.1088,238.9757
10605,63,10,0.1000,0.00005000,30.8317,704.6964,309.6673
10606,79,11,0.1000,0.00005000,31.6989,681.9119,200.6359
10607,79,12,0.1000,0.00005000,38.1214,692.9344,475.0009
10608,49,10,0.1000,0.00005000,32.5334,696.1085,442.5006
10609,56,13,0.1000,0.00005000,31.9180,674.4507,306.0812
10610,298,20,0.1000,0.00005000,30.8384,722.7923,251.0444
10611,85,13,0.1000,0.00005000,37.5544,721.3701,422.1231
10612,460,23,0.1000,0.00005000,34.3687,704.2913,425.1830
10613,290,22,0.1000,0.00005000,38.2370,726.9490,344.9173
10614,768,34,0.1000,0.00005000,31.4975,744.2704,264.9205
10615,139,18,0.1000,0.00005000,28.9604,725.1397,349.1998
10616,35,9,0.1000,0.00005000,52.0903,721.5105,225.5433
10617,139,17,0.1000,0.00005000,27.7342,708.3416,310.6297
10618,50,11,0.1000,0.00005000,40.2791,716.1845,178.0993
10619,114,15,0.1000,0.00005000,33.4044,721.4732,325.3928
10620,685,32,0.1000,0.00005000,29.5876,733.3947,296.7366
10621,217,16,0.1000,0.00005000,32.9855,681.3665,292.9032
10622,113,12,0.1000,0.00005000,37.8886,713.5682,210.8816
10623,39,10,0.1000,0.00005000,38.1745,709.6865,219.7216
10624,472,27,0.1000,0.00005000,34.2956,720.4305,388.1001
10625,48,9,0.1000,0.00005000,25.2734,705.4963,386.9149
10626,74,15,0.1000,0.00005000,42.0544,736.7419,371.3498
10627,92,16,0.1000,0.00005000,36.5993,716.2376,354.2303
10628,40,9,0.1000,0.00005000,32.4076,669.0930,222.8392
10629,463,25,0.1000,0.00005000,30.7423,710.9507,223.7016
10630,557,36,0.1000,0.00005000,35.3629,723.1668,256.6983
10631,218,18,0.1000,0.00005000,35.0689,732.4106,306.7530
10632,43,10,0.1000,0.00005000,34.3930,703.5333,294.2239
10633,61,14,0.1000,0.00005000,49.1807,729.3493,352.4914
10634,229,19,0.1000,0.00005000,29.5649,736.7170,299.3374
10635,554,22,0.1000,0.00005000,32.0422,764.9431,345.3115
10636,162,18,0.1000,0.00005000,41.1058,737.6655,278.2578
10637,38,11,0.1000,0.00005000,38.3456,699.8515,306.0073
10638,91,17,0.1000,0.00005000,33.2356,732.8572,265.6482
10639,67,11,0.1000,0.00005000,23.9883,756.8469,216.7799
10640,168,19,0.1000,0.00005000,35.9080,732.9501,290.8987
10641,198,20,0.1000,0.00005000,29.8926,728.1311,367.9607
10642,57,12,0.1000,0.00005000,50.3464,718.9258,306.2861
10643,129,17,0.1000,0.00005000,37.6883,748.2038,259.4142
10644,172,16,0.1000,0.00005000,38.8417,693.6536,332.2428
10645,578,30,0.1000,0.00005000,37.5993,723.0408,308.4616
10646,53,10,0.1000,0.00005000,34.9189,710.9114,523.4023
10647,61,12,0.1000,0.00005000,32.2763,711.2408,324.4017
10648,55,12,0.1000,0.00005000,28.3186,686.7216,346.4458
10649,316,22,0.1000,0.00005000,35.8519,711.4999,285.4911
10650,38,11,0.1000,0.00005000,39.1991,697.7752,306.1484
10651,509,29,0.1000,0.00005000,37.9650,714.5918,282.1292
10652,62,9,0.1000,0.00005000,42.2813,723.5938,261.2354
10653,320,26,0.1000,0.00005000,38.0071,753.5056,465.1312
10654,86,15,0.1000,0.00005000,32.7108,708.8280,288.6869
10655,44,9,0.1000,0.00005000,34.1635,695.1410,220.0836
10656,60,14,0.1000,0.00005000,38.1741,710.2175,220.6764
10657,387,24,0.1000,0.00005000,34.1657,754.8749,421.9591
10658,40,10,0.1000,0.00005000,28.5842,715.1708,260.6020
10659,65,10,0.1000,0.00005000,25.7225,696.1181,443.8120
10660,170,18,0.1000,0.00005000,36.9174,713.3586,431.3166
10661,317,25,0.1000,0.00005000,35.0998,746.8025,386.2707
10662,379,27,0.1000,0.00005000,33.4513,752.9892,294.9264
10663,41,11,0.1000,0.00005000,33.6352,736.4616,283.5554
10664,119,17,0.1000,0.00005000,25.6163,727.0413,278.6536
10665,547,27,0.1000,0.00005000,36.3855,748.6208,414.9390
10666,1367,42,0.1000,0.00005000,42.4547,757.0409,372.5726
10667,85,15,0.1000,0.00005000,33.1384,722.5643,398.0846
10668,55,10,0.1000,0.00005000,48.5210,730.9833,292.9821
10669,54,11,0.1000,0.00005000,36.7994,710.5015,362.1996
10670,293,18,0.1000,0.00005000,34.3273,726.3117,356.2523
10671,389,25,0.1000,0.00005000,35.7168,760.7083,231.5381
10672,91,15,0.1000,0.00005000,30.9100,734.5895,236.6841
10673,689,41,0.1000,0.00005000,30.3130,720.6167,310.4590
10674,36,10,0.1000,0.00005000,26.4080,711.8346,329.3994
10675,63,14,0.1000,0.00005000,33.9011,718.6658,320.8892
10676,33,8,0.1000,0.00005000,33.5746,717.7431,342.2457
10677,291,18,0.1000,0.00005000,36.1847,742.3699,282.8655
10678,171,17,0.1000,0.00005000,35.9357,729.3122,263.5716
10679,548,27,0.1000,0.00005000,36.0220,718.7617,263.6346
10680,86,12,0.1000,0.00005000,37.4438,726.3896,346.1841
10681,31,8,0.1000,0.00005000,30.2523,718.2107,275.7005
10682,223,16,0.1000,0.00005000,25.2329,715.1235,291.8340
10683,33,8,0.1000,0.00005000,37.1488,715.1863,257.6886
10684,50,10,0.1000,0.00005000,23.0191,689.7676,208.8498
10685,236,25,0.1000,0.00005000,33.9053,714.9259,383.1784
10686,304,28,0.1000,0.00005000,40.7657,755.6081,223.9867
10687,51,10,0.1000,0.00005000,37.1146,713.7399,227.7750
10688,79,11,0.1000,0.00005000,26.2542,733.9748,284.6287
10689,81,13,0.1000,0.00005000,39.6170,724.4721,285.2885
10690,480,31,0.1000,0.00005000,40.1675,701.7486,297.0684
10691,107,17,0.1000,0.00005000,34.2120,717.0797,333.0423
10692,77,12,0.1000,0.00005000,30.1940,718.5048,405.8977
10693,135,16,0.1000,0.00005000,40.0185,739.8139,369.6040
10694,142,18,0.1000,0.00005000,41.2337,730.7699,532.4476
10695,42,11,0.1000,0.00005000,35.6300,683.5885,246.4223
10696,90,15,0.1000,0.00005000,33.5283,735.9235,337.9565
10697,90,15,0.1000,0.00005000,34.9757,739.6344,270.8396
10698,757,38,0.1000,0.00005000,34.9631,740.4390,342.6588
10699,767,29,0.1000,0.00005000,34.7570,764.4541,198.3110
10700,44,10,0.1000,0.00005000,29.1807,724.9330,298.7164
10701,300,23,0.1000,0.00005000,32.3766,706.7257,246.2860
10702,109,17,0.1000,0.00005000,33.6972,712.9379,228.8296
10703,50,12,0.1000,0.00005000,38.6525,726.8025,296.8803
10704,98,15,0.1000,0.00005000,30.3965,750.8271,238.4356
10705,230,22,0.1000,0.00005000,39.5779,745.8112,297.6121
10706,57,12,0.1000,0.00005000,39.1858,715.1867,230.5147
10707,307,24,0.1000,0.00005000,34.7727,755.0338,264.2000
10708,485,27,0.1000,0.00005000,42.7476,738.4493,461.6515
10709,49,11,0.1000,0.00005000,26.4059,756.1899,219.3380
10710,472,34,0.1000,0.00005000,34.6350,744.0001,367.9782
10711,146,18,0.1000,0.00005000,37.2642,731.8211,320.3735
10712,117,14,0.1000,0.00005000,32.7086,723.6162,317.3105
10713,138,20,0.1000,0.00005000,43.4609,744.1118,270.4514
10714,141,17,0.1000,0.00005000,39.1702,729.8028,226.6455
10715,75,14,0.1000,0.00005000,36.5384,735.4510,267.3055
10716,81,13,0.1000,0.00005000,36.2379,741.0686,359.9199
10717,393,27,0.1000,0.00005000,35.4972,737.6306,272.5600
10718,299,19,0.1000,0.00005000,39.2622,722.3212,234.9144
10719,436,31,0.1000,0.00005000,38.7490,756.2168,275.2957
10720,84,14,0.1000,0.00005000,41.0056,725.9435,259.7395
10721,727,34,0.1000,0.00005000,33.3072,754.0747,237.0888
10722,158,18,0.1000,0.00005000,31.4257,734.7617,254.9097
10723,208,22,0.1000,0.00005000,44.0961,703.9101,294.7004
10724,170,20,0.1000,0.00005000,35.2731,759.8561,263.8611
10725,101,15,0.1000,0.00005000,26.7812,712.6165,325.9681
10726,84,15,0.1000,0.00005000,26.5744,720.8815,279.8678
10727,54,11,0.1000,0.00005000,38.4929,731.9051,216.1110
10728,52,10,0.1000,0.00005000,30.0598,702.8963,367.4493
10729,126,18,0.1000,0.00005000,34.6723,738.6335,297.0932
10730,171,19,0.1000,0.00005000,34.2750,757.3598,288.4284
10731,312,24,0.1000,0.00005000,37.2112,751.0148,393.7014
10732,932,38,0.1000,0.00005000,29.3040,755.4189,293.5106
10733,158,20,0.1000,0.00005000,31.6792,717.0652,231.9340
10734,452,23,0.1000,0.00005000,33.3015,773.6003,396.5447
10735,162,16,0.1000,0.00005000,39.2092,737.1927,268.0078
10736,90,16,0.1000,0.00005000,44.4273,740.9887,281.7929
10737,62,13,0.1000,0.00005000,33.0606,726.6890,424.7910
10738,109,11,0.1000,0.00005000,40.8624,697.5821,453.9014
10739,124,18,0.1000,0.00005000,39.9071,726.4427,323.0926
10740,547,37,0.1000,0.00005000,35.9112,758.1335,383.1707
10741,63,15,0.1000,0.00005000,38.6944,697.6876,319.8748
10742,192,20,0.1000,0.00005000,30.2906,720.0948,277.9746
10743,1355,54,0.1000,0.00005000,35.6908,735.6344,301.7617
10744,82,14,0.1000,0.00005000,31.3826,738.5517,253.3130
10745,33,9,0.1000,0.00005000,30.3488,723.4676,322.8284
10746,95,11,0.1000,0.00005000,33.2401,704.2820,416.3742
10747,128,21,0.1000,0.00005000,28.4457,724.0846,260.5453
10748,946,39,0.1000,0.00005000,35.1641,723.3441,307.7856
10749,171,17,0.1000,0.00005000,32.1812,696.3029,391.5747
10750,51,11,0.1000,0.00005000,29.5699,744.4842,318.0073
10751,170,15,0.1000,0.00005000,34.7960,711.2999,284.7359
10752,386,25,0.1000,0.00005000,35.7134,742.0892,276.1927
10753,122,16,0.1000,0.00005000,27.6192,744.6787,274.9467
10754,244,22,0.1000,0.00005000,34.2562,746.9174,243.2725
10755,763,29,0.1000,0.00005000,37.1859,735.4796,405.9757
10756,33,9,0.1000,0.00005000,24.6931,750.5279,215.0736
10757,491,29,0.1000,0.00005000,31.0378,744.1320,386.5033
10758,83,15,0.1000,0.00005000,33.3041,739.8095,289.8937
10759,1191,46,0.1000,0.00005000,34.3910,728.1409,277.7876
10760,112,14,0.1000,0.00005000,37.3621,753.8804,202.6644
10761,345,25,0.1000,0.00005000,41.6374,749.8760,340.8472
10762,49,10,0.1000,0.00005000,29.6041,748.9020,343.6689
10763,600,42,0.1000,0.00005000,27.7888,745.3532,291.0857
10764,49,12,0.1000,0.00005000,29.5120,745.0954,248.0516
10765,164,17,0.1000,0.00005000,34.1038,732.0883,230.1499
10766,56,11,0.1000,0.00005000,29.5999,717.6615,251.4890
10767,82,13,0.1000,0.00005000,35.1141,720.9801,280.5923
10768,77,15,0.1000,0.00005000,37.4885,759.2262,235.2274
10769,349,21,0.1000,0.00005000,34.2336,752.7380,393.2733
10770,134,19,0.1000,0.00005000,43.4328,745.8015,307.6961
10771,100,13,0.1000,0.00005000,23.9875,752.6487,403.8193
10772,58,11,0.1000,0.00005000,31.6061,756.7769,365.5221
10773,37,9,0.1000,0.00005000,37.3196,713.7815,302.9534
10774,458,31,0.1000,0.00005000,35.7085,754.7192,316.7846
10775,65,14,0.1000,0.00005000,28.6235,722.1658,427.7445
10776,79,12,0.1000,0.00005000,39.4105,724.0577,337.7239
10777,58,13,0.1000,0.00005000,32.6326,730.4817,453.4229
10778,47,10,0.1000,0.00005000,32.5648,722.4868,302.3107
10779,158,21,0.1000,0.00005000,30.4684,747.9561,280.2464
10780,237,25,0.1000,0.00005000,27.4589,719.3511,300.1306
10781,58,12,0.1000,0.00005000,34.5322,722.9986,263.3952
10782,584,29,0.1000,0.00005000,32.0602,748.5273,278.1316
10783,115,13,0.1000,0.00005000,34.9289,735.7018,424.5070
10784,107,13,0.1000,0.00005000,36.7554,774.8752,282.8993
10785,2169,55,0.1000,0.00005000,31.7957,746.8382,350.0687
10786,364,21,0.1000,0.00005000,31.0782,766.1161,390.9691
10787,70,11,0.1000,0.00005000,32.3161,712.5140,382.2269
10788,235,25,0.1000,0.00005000,38.2822,751.2846,297.2392
10789,543,36,0.1000,0.00005000,40.1683,758.8859,434.5686
10790,78,15,0.1000,0.00005000,28.3827,721.1032,226.0111
10791,508,27,0.1000,0.00005000,34.5788,753.1992,333.7714
10792,60,14,0.1000,0.00005000,34.5422,752.1462,313.5105
10793,129,15,0.1000,0.00005000,24.0458,760.5690,301.3473
10794,215,17,0.1000,0.00005000,33.2528,751.3337,348.3902
10795,453,30,0.1000,0.00005000,35.1490,710.8797,278.8671
10796,120,15,0.1000,0.00005000,28.8927,715.5635,374.0060
10797,456,24,0.1000,0.00005000,35.7091,759.6432,308.3916
10798,59,11,0.1000,0.00005000,29.7694,721.8988,321.1201
10799,42,10,0.1000,0.00005000,40.9210,739.3552,318.5761
10800,247,19,0.1000,0.00005000,41.0248,735.4484,477.5961
10801,114,17,0.1000,0.00005000,39.7525,692.2690,421.3771
10802,163,17,0.1000,0.00005000,30.5234,749.9066,218.1971
10803,119,17,0.1000,0.00005000,38.1934,727.2723,274.6924
10804,36,9,0.1000,0.00005000,43.6623,707.5054,239.6695
10805,388,21,0.1000,0.00005000,28.8949,744.5961,474.0420
10806,74,13,0.1000,0.00005000,34.3981,718.3579,244.4233
10807,116,18,0.1000,0.00005000,38.5359,759.2417,376.4008
10808,72,13,0.1000,0.00005000,39.4458,701.1908,350.7014
10809,53,10,0.1000,0.00005000,32.0813,761.4456,255.4728
10810,99,16,0.1000,0.00005000,34.2722,724.9382,399.2887
10811,111,13,0.1000,0.00005000,29.6314,735.1251,580.2541
10812,76,14,0.1000,0.00005000,44.7950,723.1830,315.1128
10813,314,24,0.1000,0.00005000,33.8636,716.4778,292.4223
10814,172,19,0.1000,0.00005000,35.3597,753.5519,201.9255
10815,121,13,0.1000,0.00005000,41.3220,730.0636,305.0806
10816,371,23,0.1000,0.00005000,38.2455,735.4267,330.6518
10817,52,11,0.1000,0.00005000,35.6450,744.1126,216.4729
10818,72,11,0.1000,0.00005000,23.8724,704.7642,335.6136
10819,59,14,0.1000,0.00005000,43.2496,748.5676,459.9002
10820,966,37,0.1000,0.00005000,39.9969,769.7668,307.5941
10821,251,29,0.1000,0.00005000,35.4900,759.9673,324.8148
10822,114,15,0.1000,0.00005000,34.8379,720.1360,289.9545
10823,101,13,0.1000,0.00005000,31.7237,725.0786,338.7174
10824,296,24,0.1000,0.00005000,31.8715,753.7298,326.4407
10825,272,21,0.1000,0.00005000,42.8726,757.2939,333.5071
10826,255,24,0.1000,0.00005000,31.2540,752.9982,391.7365
10827,45,12,0.1000,0.00005000,36.2455,734.3197,417.6065
10828,91,16,0.1000,0.00005000,29.1629,759.1667,310.7727
10829,53,11,0.1000,0.00005000,37.1681,744.1265,213.4368
10830,142,19,0.1000,0.00005000,38.2777,754.6677,313.3064
10831,117,14,0.1000,0.00005000,36.6017,727.2360,381.4255
10832,33,8,0.1000,0.00005000,42.9963,713.0759,316.0002
10833,672,36,0.1000,0.00005000,36.1968,756.9227,273.7274
10834,50,11,0.1000,0.00005000,31.1578,711.8981,285.4811
10835,49,10,0.1000,0.00005000,34.1407,760.4621,213.2198
10836,88,17,0.1000,0.00005000,46.5990,759.0622,328.6203
10837,41,11,0.1000,0.00005000,32.9111,695.6153,227.6804
10838,462,24,0.1000,0.00005000,29.5973,738.0176,280.1220
10839,35,9,0.1000,0.00005000,37.8468,701.4994,299.3558
10840,153,14,0.1000,0.00005000,34.3767,744.2408,360.8995
10841,91,17,0.1000,0.00005000,28.9895,751.4776,528.6838
10842,65,11,0.1000,0.00005000,40.5577,721.9867,347.5017
10843,273,18,0.1000,0.00005000,38.8486,736.0944,363.5567
10844,34,8,0.1000,0.00005000,31.0549,738.9294,406.0515
10845,128,16,0.1000,0.00005000,37.7762,739.3900,287.8039
10846,606,44,0.1000,0.00005000,33.6994,777.2751,286.4785
10847,45,10,0.1000,0.00005000,35.0267,753.2314,182.9617
10848,97,16,0.1000,0.00005000,41.2764,732.3103,353.5413
10849,681,33,0.1000,0.00005000,30.3013,751.1241,373.4087
10850,232,22,0.1000,0.00005000,35.3056,753.3333,416.2415
10851,118,15,0.1000,0.00005000,25.4699,731.3184,436.7625
10852,65,12,0.1000,0.00005000,46.3242,769.9141,231.4400
10853,38,11,0.1000,0.00005000,40.9062,755.0507,258.1958
10854,106,14,0.1000,0.00005000,36.5240,760.5540,215.9356
10855,232,22,0.1000,0.00005000,43.5097,751.8127,282.9095
10856,141,15,0.1000,0.00005000,31.6539,772.9740,256.2941
10857,38,10,0.1000,0.00005000,33.9198,746.6554,337.3486
10858,42,10,0.1000,0.00005000,27.0123,749.2026,264.5350
10859,44,10,0.1000,0.00005000,36.1465,747.7914,274.0534
10860,80,15,0.1000,0.00005000,40.2322,748.8598,217.7651
10861,478,30,0.1000,0.00005000,32.3215,771.1792,266.0754
10862,326,27,0.1000,0.00005000,31.3135,745.9118,505.7559
10863,48,9,0.1000,0.00005000,39.8939,750.6575,336.3859
10864,457,24,0.1000,0.00005000,32.8560,782.9046,359.1855
10865,31,8,0.1000,0.00005000,35.1890,709.6903,235.4627
10866,341,24,0.1000,0.00005000,34.7007,778.6792,309.5729
10867,40,11,0.1000,0.00005000,35.9876,766.2874,251.2774
10868,433,23,0.1000,0.00005000,39.6846,774.5316,320.4433
10869,42,9,0.1000,0.00005000,36.1059,764.7354,241.8304
10870,33,8,0.1000,0.00005000,51.0345,766.0775,203.8613
10871,33,7,0.1000,0.00005000,40.2210,765.1657,327.5642
10872,72,11,0.1000,0.00005000,36.2110,766.7412,242.9697
10873,668,29,0.1000,0.00005000,35.2365,756.2491,238.2959
10874,212,21,0.1000,0.00005000,37.6496,746.0629,300.1948
10875,33,9,0.1000,0.00005000,37.5275,757.4709,266.4085
10876,233,18,0.1000,0.00005000,30.1502,758.0372,319.7701
10877,167,19,0.1000,0.00005000,31.5405,752.3807,315.2268
10878,76,16,0.1000,0.00005000,31.9957,769.1790,205.4575
10879,61,11,0.1000,0.00005000,36.4613,737.9411,335.0386
10880,508,36,0.1000,0.00005000,32.9520,783.1497,341.1092
10881,666,31,0.1000,0.00005000,37.8650,777.4418,349.5414
10882,62,10,0.1000,0.00005000,28.7666,741.8914,368.5812
10883,191,20,0.1000,0.00005000,32.3121,780.2637,316.6271
10884,697,33,0.1000,0.00005000,30.6684,763.3212,313.9455
10885,33,8,0.1000,0.00005000,36.0329,748.5020,244.4492
10886,53,12,0.1000,0.00005000,43.3563,737.9115,287.0676
10887,44,13,0.1000,0.00005000,43.5834,759.3683,264.3295
10888,78,12,0.1000,0.00005000,34.0136,716.0980,321.2616
10889,125,17,0.1000,0.00005000,32.2505,755.1485,298.4675
10890,169,20,0.1000,0.00005000,36.3631,761.7396,420.4551
10891,88,16,0.1000,0.00005000,29.6282,766.7542,329.8499
10892,53,11,0.1000,0.00005000,52.4525,761.8975,257.3468
10893,779,31,0.1000,0.00005000,32.4938,794.4527,330.7791
10894,324,30,0.1000,0.00005000,31.9110,762.8316,303.0186
10895,135,21,0.1000,0.00005000,37.0717,766.1735,329.2631
10896,42,10,0.1000,0.00005000,34.0981,738.1418,218.3417
10897,203,21,0.1000,0.00005000,37.3668,765.4873,268.1168
10898,222,22,0.1000,0.00005000,41.6347,748.8419,281.9091
10899,2137,54,0.1000,0.00005000,34.5563,801.5839,281.9410
10900,70,12,0.1000,0.00005000,29.8735,751.3303,387.1999
10901,324,30,0.1000,0.00005000,29.6215,766.0605,374.0257
10902,137,19,0.1000,0.00005000,31.7461,753.3113,334.8035
10903,310,24,0.1000,0.00005000,36.6390,762.5365,387.1478
10904,129,15,0.1000,0.00005000,26.0078,750.7760,419.0482
10905,262,26,0.1000,0.00005000,39.5304,751.8479,276.0198
10906,48,9,0.1000,0.00005000,36.3639,761.7160,296.9030
10907,112,16,0.1000,0.00005000,42.5948,737.7072,329.1716
10908,235,19,0.1000,0.00005000,34.6528,749.4507,248.6970
10909,153,17,0.1000,0.00005000,38.1922,787.2476,240.0362
10910,38,9,0.1000,0.00005000,46.6946,754.1174,370.5507
10911,54,12,0.1000,0.00005000,40.0159,732.0276,433.3393
10912,127,16,0.1000,0.00005000,33.7625,730.7819,370.0557
10913,55,10,0.1000,0.00005000,38.9909,739.3438,478.6636
10914,102,16,0.1000,0.00005000,36.7818,759.6793,415.2714
10915,344,31,0.1000,0.00005000,32.6110,761.0092,343.3117
10916,111,13,0.1000,0.00005000,45.4320,751.0757,534.7304
10917,347,26,0.1000,0.00005000,35.1383,778.6312,380.4307
10918,596,35,0.1000,0.00005000,30.2339,784.0120,361.2635
10919,116,15,0.1000,0.00005000,38.5514,770.7608,332.2967
10920,121,15,0.1000,0.00005000,22.6363,755.5322,290.9309
10921,38,10,0.1000,0.00005000,38.9027,747.8768,344.0615
10922,55,10,0.1000,0.00005000,22.6601,760.8886,286.5592
10923,308,28,0.1000,0.00005000,31.2350,750.6053,320.9635
10924,37,9,0.1000,0.00005000,31.8762,763.4323,216.3251
10925,171,18,0.1000,0.00005000,48.0153,769.5309,278.2144
10926,64,9,0.1000,0.00005000,20.0981,739.4729,297.1415
10927,35,9,0.1000,0.00005000,41.3070,745.5990,321.5150
10928,113,15,0.1000,0.00005000,39.9424,773.3082,277.9935
10929,125,14,0.1000,0.00005000,34.1661,767.1311,438.2137
10930,78,16,0.1000,0.00005000,37.1274,769.1723,477.4707
10931,234,20,0.1000,0.00005000,30.6288,764.5052,342.9015
10932,87,15,0.1000,0.00005000,28.0542,764.4252,448.3512
10933,142,18,0.1000,0.00005000,34.9101,762.3675,507.3913
10934,458,24,0.1000,0.00005000,35.1318,779.1137,354.1205
10935,393,25,0.1000,0.00005000,39.2648,780.6955,371.6720
10936,254,25,0.1000,0.00005000,39.0644,745.2200,375.4822
10937,38,11,0.1000,0.00005000,34.0991,764.5015,317.2968
10938,117,16,0.1000,0.00005000,34.2084,759.2822,332.6810
10939,53,11,0.1000,0.00005000,39.7660,720.9737,468.9926
10940,230,21,0.1000,0.00005000,40.9981,782.6663,347.8373
10941,70,12,0.1000,0.00005000,31.9769,755.1446,283.8827
10942,408,27,0.1000,0.00005000,27.8647,740.8976,268.3740
10943,667,30,0.1000,0.00005000,37.2342,773.7835,277.8605
10944,259,21,0.1000,0.00005000,33.4227,760.8305,222.6193
10945,70,10,0.1000,0.00005000,39.9387,741.6468,201.3908
10946,314,26,0.1000,0.00005000,30.3312,739.8431,302.5516
10947,124,14,0.1000,0.00005000,49.7248,749.8481,295.9918
10948,437,31,0.1000,0.00005000,26.9392,743.8434,314.7623
10949,59,11,0.1000,0.00005000,37.8227,736.2796,241.0771
10950,108,13,0.1000,0.00005000,27.3484,773.1962,254.8286
10951,61,13,0.1000,0.00005000,40.1900,773.2206,358.8308
10952,177,21,0.1000,0.00005000,30.4091,767.2586,360.9174
10953,42,9,0.1000,0.00005000,41.8168,771.8086,424.6241
10954,855,35,0.1000,0.00005000,34.7314,783.4178,437.8875
10955,382,23,0.1000,0.00005000,34.8768,784.8108,469.9391
10956,769,41,0.1000,0.00005000,41.3218,786.4603,322.3247
10957,59,12,0.1000,0.00005000,23.2600,743.6259,271.7447
10958,120,16,0.1000,0.00005000,32.8841,783.8682,208.8577
10959,233,20,0.1000,0.00005000,43.0380,758.8168,343.1508
10960,79,15,0.1000,0.00005000,34.8653,758.0609,314.6617
10961,55,11,0.1000,0.00005000,40.2497,775.1741,211.1799
10962,60,12,0.1000,0.00005000,38.8877,747.2740,302.3818
10963,29,8,0.1000,0.00005000,47.5706,736.1706,317.8309
10964,214,17,0.1000,0.00005000,31.7197,785.6058,357.2195
10965,434,34,0.1000,0.00005000,41.3797,788.0025,217.1078
10966,235,20,0.1000,0.00005000,31.0099,768.6057,276.9123
10967,187,21,0.1000,0.00005000,28.9488,773.0969,229.2109
10968,295,27,0.1000,0.00005000,31.2599,786.5693,280.1092
10969,290,21,0.1000,0.00005000,30.6257,780.4910,349.9188
10970,446,34,0.1000,0.00005000,38.2756,794.0515,308.5395
10971,59,13,0.1000,0.00005000,45.3746,776.3167,236.3292
10972,236,19,0.1000,0.00005000,45.9113,776.9353,413.3577
10973,236,19,0.1000,0.00005000,37.1651,746.1006,329.4004
10974,39,10,0.1000,0.00005000,30.1774,740.6747,508.8059
10975,102,16,0.1000,0.00005000,40.5747,742.5252,370.9188
10976,74,11,0.1000,0.00005000,30.0575,753.3435,315.7678
10977,293,22,0.1000,0.00005000,39.7546,759.8130,346.0872
10978,41,12,0.1000,0.00005000,42.4576,777.9359,322.0247
10979,88,14,0.1000,0.00005000,37.6280,776.5782,272.6280
10980,43,11,0.1000,0.00005000,36.8600,748.1542,382.0416
10981,479,26,0.1000,0.00005000,35.2950,758.2152,356.2179
10982,235,21,0.1000,0.00005000,29.0317,763.6483,325.0532
10983,31,7,0.1000,0.00005000,22.6834,736.1402,290.0563
10984,97,17,0.1000,0.00005000,25.8606,797.0464,272.1529
10985,324,29,0.1000,0.00005000,32.9689,781.2358,288.1360
10986,132,19,0.1000,0.00005000,38.1586,779.5848,384.5396
10987,451,28,0.1000,0.00005000,37.7996,794.0056,311.6822
10988,78,15,0.1000,0.00005000,33.3410,776.3757,356.4550
10989,37,9,0.1000,0.00005000,33.9335,731.3924,413.7698
10990,400,30,0.1000,0.00005000,40.1033,771.0727,323.2546
10991,59,13,0.1000,0.00005000,35.3061,742.9024,266.2936
10992,284,19,0.1000,0.00005000,34.9310,767.3439,437.0340
10993,64,13,0.1000,0.00005000,37.1890,772.9885,390.5646
10994,290,18,0.1000,0.00005000,26.0776,784.7208,214.1670
10995,127,18,0.1000,0.00005000,37.4935,799.3788,308.1266
10996,102,15,0.1000,0.00005000,40.6429,781.3909,438.2006
10997,80,12,0.1000,0.00005000,26.2777,781.2693,324.4055
10998,377,27,0.1000,0.00005000,38.8918,793.0575,282.4528
10999,169,19,0.1000,0.00005000,36.0760,767.4673,313.0750
11000,70,12,0.1000,0.00005000,39.5708,800.7711,295.3574
11001,299,22,0.1000,0.00005000,25.9391,793.9899,287.1338
11002,130,18,0.1000,0.00005000,31.9921,802.5783,299.1415
11003,111,14,0.1000,0.00005000,30.3276,747.8389,268.5447
11004,48,11,0.1000,0.00005000,36.4406,783.0894,330.0482
11005,40,7,0.1000,0.00005000,25.6983,753.4263,261.3602
11006,58,11,0.1000,0.00005000,38.8453,774.0569,293.0242
11007,89,15,0.1000,0.00005000,40.6592,785.5504,264.9386
11008,100,15,0.1000,0.00005000,49.9534,760.0418,308.9853
11009,399,34,0.1000,0.00005000,35.2169,812.2326,378.8180
11010,43,10,0.1000,0.00005000,34.3018,789.0579,532.4185
11011,556,28,0.1000,0.00005000,33.2608,767.8349,263.4642
11012,70,10,0.1000,0.00005000,22.6617,746.1173,243.0229
11013,57,13,0.1000,0.00005000,32.2310,777.3399,210.7491
11014,116,15,0.1000,0.00005000,38.2839,722.9041,292.3520
11015,178,16,0.1000,0.00005000,44.1990,763.7299,289.7632
11016,225,19,0.1000,0.00005000,30.7772,760.6229,313.2598
11017,52,9,0.1000,0.00005000,39.8237,745.1570,342.4764
11018,46,9,0.1000,0.00005000,30.9903,742.5392,341.6676
11019,280,22,0.1000,0.00005000,33.3769,785.3252,251.7369
11020,153,14,0.1000,0.00005000,30.8024,783.1205,276.5934
11021,108,13,0.1000,0.00005000,26.2230,774.1716,277.1912
11022,37,9,0.1000,0.00005000,32.1105,765.0111,328.8615
11023,33,8,0.1000,0.00005000,30.6963,699.0414,336.8025
11024,124,15,0.1000,0.00005000,31.4390,774.2155,184.0507
11025,697,37,0.1000,0.00005000,32.5969,783.6267,321.3673
11026,90,15,0.1000,0.00005000,30.2296,760.8154,409.5024
11027,72,13,0.1000,0.00005000,37.0101,770.3794,568.3085
11028,78,11,0.1000,0.00005000,32.5406,762.6366,386.6414
11029,148,20,0.1000,0.00005000,27.4588,749.6925,314.3694
11030,209,21,0.1000,0.00005000,31.9543,775.8279,309.0778
11031,42,10,0.1000,0.00005000,31.2455,757.6160,236.4399
11032,510,33,0.1000,0.00005000,28.8257,765.7437,342.3085
11033,140,19,0.1000,0.00005000,36.7471,786.6345,281.5596
11034,305,26,0.1000,0.00005000,39.8120,787.1083,223.6609
11035,403,29,0.1000,0.00005000,41.2808,750.8934,335.7878
11036,84,12,0.1000,0.00005000,31.1952,777.0754,292.8946
11037,121,16,0.1000,0.00005000,35.1041,731.7237,288.2037
11038,435,28,0.1000,0.00005000,43.2231,750.8657,306.3740
11039,252,25,0.1000,0.00005000,37.5896,772.2244,466.2913
11040,73,14,0.1000,0.00005000,39.5344,763.6033,284.0850
11041,184,20,0.1000,0.00005000,34.9848,795.5677,389.6338
11042,76,16,0.1000,0.00005000,40.0203,763.1134,357.2015
11043,416,26,0.1000,0.00005000,35.1588,775.6283,315.1791
11044,84,13,0.1000,0.00005000,31.1338,789.2185,324.6742
11045,1204,36,0.1000,0.00005000,34.2411,785.1211,444.1397
11046,1038,36,0.1000,0.00005000,41.1734,802.5750,339.6999
11047,681,29,0.1000,0.00005000,38.4525,785.4606,352.7621
11048,290,29,0.1000,0.00005000,34.5520,791.4556,408.1558
11049,75,11,0.1000,0.00005000,36.6161,773.2132,418.7966
11050,43,11,0.1000,0.00005000,33.2804,732.1842,401.0635
11051,118,19,0.1000,0.00005000,39.4954,780.8126,240.2106
11052,701,39,0.1000,0.00005000,35.4394,791.2142,339.8744
11053,341,23,0.1000,0.00005000,39.0279,778.1661,412.5666
11054,76,15,0.1000,0.00005000,32.6653,760.7385,365.1132
11055,75,15,0.1000,0.00005000,37.5866,751.1641,285.7324
11056,160,15,0.1000,0.00005000,39.0214,776.2143,299.8000
11057,61,12,0.1000,0.00005000,43.3845,750.1879,310.0715
11058,124,15,0.1000,0.00005000,26.7672,783.4330,298.0031
11059,316,28,0.1000,0.00005000,32.5329,764.5587,292.0908
11060,174,20,0.1000,0.00005000,29.1417,750.4780,407.6080
11061,132,19,0.1000,0.00005000,32.0968,767.6286,415.9400
11062,42,11,0.1000,0.00005000,42.0261,748.0612,271.7577
11063,40,8,0.1000,0.00005000,36.2930,753.8493,268.4688
11064,85,14,0.1000,0.00005000,38.6708,756.7116,221.9715
11065,96,19,0.1000,0.00005000,32.4079,789.9864,219.2233
11066,1350,63,0.1000,0.00005000,36.1706,792.6706,303.1164
11067,172,17,0.1000,0.00005000,30.8826,757.0473,379.6106
11068,375,31,0.1000,0.00005000,36.8372,770.4433,375.8485
11069,558,26,0.1000,0.00005000,36.3194,785.3351,323.8874
11070,106,11,0.1000,0.00005000,41.8354,765.7643,342.0789
11071,35,7,0.1000,0.00005000,25.8790,746.5981,308.9199
11072,103,16,0.1000,0.00005000,36.5555,748.2657,328.8469
11073,69,13,0.1000,0.00005000,32.7664,764.1746,396.0071
11074,91,16,0.1000,0.00005000,37.6852,766.2863,280.1287
11075,298,20,0.1000,0.00005000,37.0991,746.5923,416.7730
11076,84,13,0.1000,0.00005000,34.6515,751.3638,244.9213
11077,548,27,0.1000,0.00005000,37.6043,774.2536,259.7255
11078,263,25,0.1000,0.00005000,42.9470,773.2249,236.1764
11079,111,13,0.1000,0.00005000,29.4194,767.8878,343.0919
11080,44,11,0.1000,0.00005000,30.5679,750.8771,358.1293
11081,86,14,0.1000,0.00005000,35.9764,771.4312,402.9409
11082,110,14,0.1000,0.00005000,31.8657,768.1800,388.7990
11083,1669,59,0.1000,0.00005000,37.3492,774.1945,427.1273
11084,69,15,0.1000,0.00005000,32.7658,773.3174,549.7103
11085,282,26,0.1000,0.00005000,33.2122,757.4594,265.1501
11086,59,12,0.1000,0.00005000,46.8311,770.7679,315.6413
11087,56,12,0.1000,0.00005000,38.1827,762.0736,353.0560
11088,89,15,0.1000,0.00005000,29.9896,764.4736,362.1739
11089,314,30,0.1000,0.00005000,35.3822,791.4841,301.5788
11090,234,18,0.1000,0.00005000,29.2084,780.2772,277.6266
11091,87,15,0.1000,0.00005000,33.7662,727.5287,371.1538
11092,37,9,0.1000,0.00005000,25.7674,759.7562,296.5151
11093,51,8,0.1000,0.00005000,25.4211,760.7337,238.9412
11094,154,14,0.1000,0.00005000,40.5419,757.2318,268.0164
11095,107,15,0.1000,0.00005000,49.4035,759.5685,221.3258
11096,129,19,0.1000,0.00005000,42.3492,772.0542,285.8714
11097,78,12,0.1000,0.00005000,25.9459,771.1613,204.2686
11098,276,19,0.1000,0.00005000,28.8575,793.0505,490.8623
11099,45,13,0.1000,0.00005000,37.4690,766.9319,264.0317
11100,433,34,0.1000,0.00005000,37.6802,790.1676,400.3428
11101,110,15,0.1000,0.00005000,20.6869,768.8625,373.2543
11102,356,22,0.1000,0.00005000,30.4087,757.5208,340.3099
11103,291,22,0.1000,0.00005000,35.7886,774.8400,449.2409
11104,453,22,0.1000,0.00005000,35.6720,787.3915,378.6793
11105,400,19,0.1000,0.00005000,40.4206,741.7936,436.7959
11106,51,10,0.1000,0.00005000,47.5282,765.8208,365.8963
11107,120,15,0.1000,0.00005000,35.0061,762.3454,311.1543
11108,101,15,0.1000,0.00005000,36.7210,750.3075,332.6166
11109,430,31,0.1000,0.00005000,42.3124,775.1682,288.3262
11110,32,8,0.1000,0.00005000,26.5670,773.1748,277.3302
11111,311,25,0.1000,0.00005000,36.2298,786.0609,385.8608
11112,94,14,0.1000,0.00005000,31.5048,772.7985,326.3005
11113,27,4,0.1000,0.00005000,37.9132,739.9600,312.9926
11114,264,25,0.1000,0.00005000,35.1935,794.0150,303.4312
11115,59,13,0.1000,0.00005000,40.3064,758.6678,419.1387
11116,57,12,0.1000,0.00005000,38.8859,737.2030,363.9333
11117,37,10,0.1000,0.00005000,41.8162,778.1132,256.3665
11118,61,13,0.1000,0.00005000,36.5100,784.5581,301.7248
11119,254,27,0.1000,0.00005000,31.2655,775.1851,382.0512
11120,166,17,0.1000,0.00005000,37.3767,791.7207,326.2575
11121,339,27,0.1000,0.00005000,32.0081,767.9406,369.6903
11122,137,16,0.1000,0.00005000,39.0921,768.7380,264.4487
11123,218,23,0.1000,0.00005000,25.6122,767.8319,254.8162
11124,769,38,0.1000,0.00005000,39.3941,795.7274,299.1656
11125,137,17,0.1000,0.00005000,36.6487,770.6493,417.9080
11126,48,12,0.1000,0.00005000,26.7654,761.1357,499.5072
11127,53,8,0.1000,0.00005000,46.8117,773.8907,546.1029
11128,78,10,0.1000,0.00005000,33.3373,765.3828,525.3852
11129,301,25,0.1000,0.00005000,32.1175,792.9557,300.9715
11130,51,10,0.1000,0.00005000,36.2245,785.4859,466.7796
11131,157,15,0.1000,0.00005000,39.2160,754.7543,258.0314
11132,158,13,0.1000,0.00005000,32.3170,779.3258,349.0620
11133,74,11,0.1000,0.00005000,46.7580,762.4747,233.4229
11134,54,11,0.1000,0.00005000,43.9263,775.2642,219.9697
11135,204,23,0.1000,0.00005000,35.0539,786.4396,301.4345
11136,51,11,0.1000,0.00005000,25.6168,753.8472,253.1332
11137,218,18,0.1000,0.00005000,35.5574,752.4609,463.9349
11138,222,19,0.1000,0.00005000,34.9774,798.4502,269.0637
11139,84,13,0.1000,0.00005000,40.3967,758.0264,316.8332
11140,168,21,0.1000,0.00005000,47.0318,786.2594,383.6231
11141,287,19,0.1000,0.00005000,40.6766,783.8524,382.8509
11142,158,17,0.1000,0.00005000,29.9763,765.5447,254.9990
11143,85,13,0.1000,0.00005000,35.3668,793.5531,368.4819
11144,58,11,0.1000,0.00005000,34.1401,777.7113,255.9722
11145,117,14,0.1000,0.00005000,41.0623,782.5491,337.9274
11146,251,23,0.1000,0.00005000,26.8291,772.0197,262.6296
11147,358,27,0.1000,0.00005000,44.6128,783.6475,313.2379
11148,286,22,0.1000,0.00005000,30.7223,786.9345,424.0981
11149,86,15,0.1000,0.00005000,31.6575,754.3411,378.4815
11150,89,15,0.1000,0.00005000,28.9220,786.7867,310.1649
11151,328,26,0.1000,0.00005000,39.2130,788.7091,392.5083
11152,148,16,0.1000,0.00005000,45.3963,782.6792,288.4144
11153,220,22,0.1000,0.00005000,33.3317,806.8947,326.6334
11154,54,11,0.1000,0.00005000,36.1404,769.6877,271.7693
11155,87,13,0.1000,0.00005000,27.2998,765.8145,217.8344
11156,206,18,0.1000,0.00005000,40.3779,755.7735,362.2506
11157,217,20,0.1000,0.00005000,39.0626,764.0140,306.2780
11158,220,17,0.1000,0.00005000,38.4387,775.7611,376.8268
11159,908,34,0.1000,0.00005000,37.0116,795.5532,353.1517
11160,165,17,0.1000,0.00005000,24.3956,751.7773,276.7430
11161,75,11,0.1000,0.00005000,38.9005,775.7640,266.2845
11162,50,10,0.1000,0.00005000,34.3230,782.5254,294.6963
11163,250,25,0.1000,0.00005000,40.7010,778.8638,349.4792
11164,273,26,0.1000,0.00005000,37.0645,777.7404,425.5733
11165,46,9,0.1000,0.00005000,36.5796,788.5332,235.6869
11166,60,12,0.1000,0.00005000,42.9136,757.3490,262.7587
11167,313,22,0.1000,0.00005000,36.9271,779.0343,321.2174
11168,251,23,0.1000,0.00005000,33.8492,778.4775,319.9625
11169,187,20,0.1000,0.00005000,38.6708,777.9790,332.8716
11170,105,16,0.1000,0.00005000,30.8526,783.3067,345.7307
11171,57,11,0.1000,0.00005000,28.0507,776.6202,498.6985
11172,365,29,0.1000,0.00005000,28.5536,796.0563,322.0836
11173,85,16,0.1000,0.00005000,37.2594,793.8310,262.3532
11174,264,25,0.1000,0.00005000,34.4841,786.6998,341.7605
11175,86,16,0.1000,0.00005000,38.7167,788.2266,398.8170
11176,561,34,0.1000,0.00005000,37.5180,774.2446,357.9539
11177,180,20,0.1000,0.00005000,32.9246,779.1209,393.4661
11178,116,14,0.1000,0.00005000,19.8735,790.6150,281.1540
11179,547,25,0.1000,0.00005000,40.5125,793.8011,309.0110
11180,43,8,0.1000,0.00005000,37.9882,738.4681,395.7898
11181,120,15,0.1000,0.00005000,41.3191,757.1185,264.1492
11182,363,21,0.1000,0.00005000,36.6616,767.2122,269.3501
11183,591,37,0.1000,0.00005000,35.7777,789.6379,330.1920
11184,602,31,0.1000,0.00005000,41.7191,782.5411,322.6603
11185,173,17,0.1000,0.00005000,29.9782,785.7021,286.0670
11186,61,13,0.1000,0.00005000,23.2943,775.6108,370.6570
11187,83,15,0.1000,0.00005000,38.4937,748.6105,278.3538
11188,121,14,0.1000,0.00005000,33.2173,778.0836,305.2154
11189,34,8,0.1000,0.00005000,20.9173,737.8154,463.8716
11190,233,21,0.1000,0.00005000,33.0480,787.6891,306.5242
11191,239,24,0.1000,0.00005000,34.0787,795.3129,325.2308
11192,388,23,0.1000,0.00005000,40.5018,755.9984,243.6274
11193,800,42,0.1000,0.00005000,32.6761,787.6977,294.7041
11194,48,9,0.1000,0.00005000,25.4596,762.3639,529.5710
11195,88,17,0.1000,0.00005000,26.1870,776.8025,323.0905
11196,79,14,0.1000,0.00005000,39.1705,771.5232,245.9682
11197,54,11,0.1000,0.00005000,31.8590,760.1672,188.7788
11198,251,25,0.1000,0.00005000,39.2219,792.1646,329.8969
11199,70,13,0.1000,0.00005000,29.2507,773.5480,275.8127
11200,71,14,0.1000,0.00005000,32.8042,781.5549,341.2464
11201,282,25,0.1000,0.00005000,31.8706,790.4873,303.6807
11202,56,12,0.1000,0.00005000,29.0311,758.8308,371.4742
11203,172,18,0.1000,0.00005000,43.2956,779.6113,234.6297
11204,459,25,0.1000,0.00005000,33.4996,783.3487,227.3182
11205,86,14,0.1000,0.00005000,31.5230,766.7659,275.1982
11206,891,57,0.1000,0.00005000,33.6753,783.9153,334.3880
11207,45,11,0.1000,0.00005000,36.6760,778.3215,309.0203
11208,79,13,0.1000,0.00005000,39.0167,792.5217,310.0625
11209,51,11,0.1000,0.00005000,35.2300,787.7480,435.4800
11210,83,13,0.1000,0.00005000,26.5468,770.8606,504.0197
11211,42,8,0.1000,0.00005000,28.4001,767.7817,509.4892
11212,452,23,0.1000,0.00005000,31.6071,773.2865,386.6236
11213,1345,42,0.1000,0.00005000,32.1462,808.3243,331.0135
11214,546,39,0.1000,0.00005000,37.1794,780.8555,262.6922
11215,58,12,0.1000,0.00005000,33.4868,784.1150,284.4792
11216,527,30,0.1000,0.00005000,29.2873,792.3529,324.2363
11217,629,41,0.1000,0.00005000,40.3723,774.2309,366.2756
11218,481,33,0.1000,0.00005000,39.4721,787.9010,322.6668
11219,451,30,0.1000,0.00005000,37.7995,802.3753,350.9177
11220,432,32,0.1000,0.00005000,34.2459,785.3806,379.6646
11221,36,10,0.1000,0.00005000,30.3949,786.9888,249.0088
11222,247,20,0.1000,0.00005000,32.8091,798.3646,283.8567
11223,77,14,0.1000,0.00005000,35.1681,787.2492,291.0722
11224,909,43,0.1000,0.00005000,36.8364,765.0581,293.3396
11225,36,9,0.1000,0.00005000,38.6881,768.5185,326.0818
11226,90,14,0.1000,0.00005000,30.1632,803.0757,305.2815
11227,115,12,0.1000,0.00005000,37.3792,782.9322,594.2310
11228,376,26,0.1000,0.00005000,27.8555,796.1406,384.0274
11229,106,19,0.1000,0.00005000,28.9674,796.1375,229.4838
11230,36,9,0.1000,0.00005000,24.6223,765.7253,314.9008
11231,39,10,0.1000,0.00005000,40.9267,778.5473,374.0930
11232,50,10,0.1000,0.00005000,42.3748,746.6095,382.6481
11233,218,26,0.1000,0.00005000,34.3527,788.9138,306.2657
11234,81,14,0.1000,0.00005000,48.0384,757.1555,255.0600
11235,122,16,0.1000,0.00005000,38.4742,779.3287,268.1536
11236,76,11,0.1000,0.00005000,39.2692,741.1266,302.9532
11237,80,17,0.1000,0.00005000,37.5750,784.5364,372.4898
11238,121,16,0.1000,0.00005000,42.7721,792.5978,263.2809
11239,299,29,0.1000,0.00005000,40.5014,785.1445,362.1853
11240,42,10,0.1000,0.00005000,26.3308,752.6292,312.6218
11241,187,20,0.1000,0.00005000,41.9970,797.2973,311.7068
11242,444,29,0.1000,0.00005000,37.1756,760.8371,456.8264
11243,60,12,0.1000,0.00005000,32.5496,777.2155,341.3816
11244,86,14,0.1000,0.00005000,40.5445,781.6956,513.0469
11245,1230,61,0.1000,0.00005000,34.7218,796.8619,355.4386
11246,930,33,0.1000,0.00005000,30.2277,802.5719,332.4798
11247,481,30,0.1000,0.00005000,37.6358,791.4517,360.4749
11248,295,23,0.1000,0.00005000,32.0926,793.1604,468.5297
11249,286,28,0.1000,0.00005000,25.4303,783.5187,283.4843
11250,65,11,0.1000,0.00005000,43.8638,779.5941,514.8086
11251,54,12,0.1000,0.00005000,35.2677,768.9712,452.0481
11252,300,21,0.1000,0.00005000,35.0380,775.0895,353.9762
11253,217,17,0.1000,0.00005000,35.7730,785.9328,311.7380
11254,59,13,0.1000,0.00005000,28.5448,789.6089,257.7015
11255,40,10,0.1000,0.00005000,42.6770,788.0564,281.4107
11256,125,16,0.1000,0.00005000,42.2026,790.3104,253.9320
11257,40,11,0.1000,0.00005000,37.9273,769.1248,359.8851
11258,292,20,0.1000,0.00005000,31.9776,798.9519,373.1991
11259,1776,64,0.1000,0.00005000,31.6545,802.5364,380.6928
11260,28,9,0.1000,0.00005000,37.5045,786.5912,353.7495
11261,48,12,0.1000,0.00005000,38.2351,769.7236,336.6455
11262,891,30,0.1000,0.00005000,31.5750,801.2241,278.5241
11263,37,10,0.1000,0.00005000,35.0677,782.6185,223.6448
11264,89,15,0.1000,0.00005000,39.2422,796.5699,323.5032
11265,64,15,0.1000,0.00005000,24.3655,772.5070,476.5455
11266,137,16,0.1000,0.00005000,27.8910,781.7101,413.7700
11267,232,20,0.1000,0.00005000,38.5216,802.5820,250.8324
11268,112,16,0.1000,0.00005000,38.7840,785.2821,377.0849
11269,180,19,0.1000,0.00005000,36.0102,795.5750,309.7782
11270,38,11,0.1000,0.00005000,40.3187,763.9599,346.3434
11271,53,11,0.1000,0.00005000,26.6291,764.4129,601.7768
11272,1289,44,0.1000,0.00005000,39.8027,797.7938,425.2866
11273,89,13,0.1000,0.00005000,21.8334,783.1844,503.6933
11274,120,13,0.1000,0.00005000,28.4052,796.0792,358.3241
11275,33,7,0.1000,0.00005000,26.1612,783.4038,578.8337
11276,162,15,0.1000,0.00005000,27.0654,785.3794,554.7437
11277,168,18,0.1000,0.00005000,39.3167,790.9970,440.1987
11278,74,12,0.1000,0.00005000,35.0109,782.7664,476.0338
11279,646,28,0.1000,0.00005000,30.3967,792.9037,346.6679
11280,80,16,0.1000,0.00005000,31.0454,773.0138,315.8871
11281,82,14,0.1000,0.00005000,47.0009,787.9397,381.3337
11282,48,11,0.1000,0.00005000,36.8155,756.9450,308.9373
11283,64,9,0.1000,0.00005000,45.0446,779.0437,379.8394
11284,243,29,0.1000,0.00005000,31.4525,771.5814,353.2304
11285,660,29,0.1000,0.00005000,33.3819,811.3334,377.5745
11286,168,19,0.1000,0.00005000,38.6595,785.0751,452.7335
11287,440,30,0.1000,0.00005000,30.6190,800.3207,375.2368
11288,75,14,0.1000,0.00005000,41.0915,786.0100,380.7997
11289,1088,56,0.1000,0.00005000,35.8995,776.7643,326.4736
11290,166,20,0.1000,0.00005000,33.3767,784.5583,251.8922
11291,272,17,0.1000,0.00005000,24.1433,811.8665,299.6418
11292,188,20,0.1000,0.00005000,31.2095,794.3511,297.6472
11293,62,13,0.1000,0.00005000,22.2357,770.3782,191.7402
11294,215,17,0.1000,0.00005000,36.8035,786.7913,305.8499
11295,85,13,0.1000,0.00005000,32.7703,784.5307,394.2700
11296,114,15,0.1000,0.00005000,29.4584,788.0817,316.8638
11297,303,20,0.1000,0.00005000,46.3801,799.1554,397.3989
11298,627,39,0.1000,0.00005000,30.8036,797.5868,312.4141
11299,141,19,0.1000,0.00005000,39.3068,783.6128,328.0745
11300,555,35,0.1000,0.00005000,31.0170,811.5206,359.0860
11301,777,47,0.1000,0.00005000,29.3386,778.4307,468.9081
11302,58,11,0.1000,0.00005000,39.0654,763.9871,270.2869
11303,242,25,0.1000,0.00005000,33.4969,787.6531,392.6213
11304,295,23,0.1000,0.00005000,38.5273,787.6172,284.7299
11305,799,37,0.1000,0.00005000,34.4044,805.9581,358.1636
11306,760,47,0.1000,0.00005000,35.3954,800.3939,326.9461
11307,424,29,0.1000,0.00005000,36.9405,811.0452,312.0380
11308,130,15,0.1000,0.00005000,32.0923,802.9520,203.2063
11309,72,13,0.1000,0.00005000,32.8962,787.6168,320.8089
11310,246,21,0.1000,0.00005000,40.5467,789.1418,250.6505
11311,41,10,0.1000,0.00005000,29.4181,768.3848,253.0360
11312,36,7,0.1000,0.00005000,39.6554,773.6704,435.5538
11313,48,9,0.1000,0.00005000,34.7682,809.1375,525.4302
11314,224,20,0.1000,0.00005000,28.0715,809.6930,414.3941
11315,78,13,0.1000,0.00005000,31.6231,793.6915,336.0335
11316,198,20,0.1000,0.00005000,29.4402,796.4835,410.0400
11317,103,16,0.1000,0.00005000,37.3093,793.0070,337.3132
11318,59,12,0.1000,0.00005000,36.0827,785.6805,368.3462
11319,228,18,0.1000,0.00005000,30.8643,783.9715,212.7786
11320,155,16,0.1000,0.00005000,30.5211,802.2523,294.4760
11321,128,17,0.1000,0.00005000,24.3378,800.9591,365.8758
11322,55,13,0.1000,0.00005000,35.0119,781.7568,231.2274
11323,535,36,0.1000,0.00005000,34.9321,801.8220,317.9661
11324,166,18,0.1000,0.00005000,45.7510,793.7321,477.7453
11325,70,13,0.1000,0.00005000,32.2842,788.5897,531.4621
11326,43,11,0.1000,0.00005000,31.4990,774.2626,328.6350
11327,88,15,0.1000,0.00005000,36.1811,777.0194,248.8364
11328,76,14,0.1000,0.00005000,32.5861,796.3349,438.1731
11329,635,35,0.1000,0.00005000,36.1670,773.1780,312.5943
11330,69,9,0.1000,0.00005000,30.8830,776.4800,525.2369
11331,308,28,0.1000,0.00005000,28.3708,791.6912,322.6716
11332,51,9,0.1000,0.00005000,27.1487,777.4350,280.8593
11333,143,18,0.1000,0.00005000,29.1906,773.4977,246.3036
11334,167,17,0.1000,0.00005000,26.4601,784.9408,370.6348
11335,103,17,0.1000,0.00005000,33.2689,798.7422,235.0603
11336,357,26,0.1000,0.00005000,36.4350,813.8759,320.1612
11337,85,14,0.1000,0.00005000,21.8621,794.1508,331.7172
11338,77,15,0.1000,0.00005000,30.9816,792.8376,200.7367
11339,163,18,0.1000,0.00005000,31.2364,804.4210,321.6556
11340,44,10,0.1000,0.00005000,31.6606,766.9494,213.1803
11341,138,18,0.1000,0.00005000,39.6263,798.0940,297.6029
11342,73,14,0.1000,0.00005000,32.6397,800.6311,268.6973
11343,82,14,0.1000,0.00005000,49.0941,767.9770,355.7877
11344,31,6,0.1000,0.00005000,28.6052,793.8619,403.8096
11345,57,11,0.1000,0.00005000,55.7794,805.8203,279.2912
11346,97,16,0.1000,0.00005000,35.6391,778.0081,285.6965
11347,40,10,0.1000,0.00005000,52.4638,760.0006,387.8652
11348,164,16,0.1000,0.00005000,41.9654,790.8297,320.1848
11349,128,16,0.1000,0.00005000,41.1460,786.1474,297.6065
11350,77,11,0.1000,0.00005000,33.3410,774.7669,543.3330
11351,199,21,0.1000,0.00005000,39.0232,798.6028,328.0601
11352,75,12,0.1000,0.00005000,39.6719,790.4027,360.6271
11353,79,15,0.1000,0.00005000,37.6708,792.4955,319.7458
11354,141,17,0.1000,0.00005000,42.0674,796.3405,374.8424
11355,32,8,0.1000,0.00005000,54.2599,776.4914,559.5213
11356,57,12,0.1000,0.00005000,30.9344,782.4243,501.8870
11357,185,18,0.1000,0.00005000,38.9868,817.8342,250.7182
11358,169,16,0.1000,0.00005000,29.7605,795.5187,296.2067
11359,296,22,0.1000,0.00005000,35.8900,804.3980,357.2149
11360,39,9,0.1000,0.00005000,37.1491,763.8831,237.7106
11361,30,7,0.1000,0.00005000,26.8496,759.4137,446.4934
11362,242,22,0.1000,0.00005000,34.0107,797.1952,247.4509
11363,43,8,0.1000,0.00005000,26.9420,774.2556,383.2859
11364,207,21,0.1000,0.00005000,27.2178,794.4068,288.5055
11365,889,42,0.1000,0.00005000,37.4426,798.0418,284.8289
11366,250,21,0.1000,0.00005000,31.9169,811.7507,282.6291
11367,265,24,0.1000,0.00005000,36.7761,780.5702,402.0763
11368,35,8,0.1000,0.00005000,31.1921,778.7664,374.2636
11369,372,32,0.1000,0.00005000,29.1155,795.5279,341.4163
11370,39,10,0.1000,0.00005000,42.1510,794.1744,297.1523
11371,69,12,0.1000,0.00005000,31.3119,776.6373,514.0861
11372,105,13,0.1000,0.00005000,29.8383,786.5842,484.0270
11373,210,15,0.1000,0.00005000,41.1783,768.4051,555.6628
11374,373,24,0.1000,0.00005000,31.4508,812.6466,431.8176
11375,344,32,0.1000,0.00005000,32.8211,812.4883,311.5970
11376,112,12,0.1000,0.00005000,37.1591,788.2556,320.1754
11377,150,13,0.1000,0.00005000,41.9537,810.1764,463.5340
11378,76,11,0.1000,0.00005000,30.4733,787.6428,319.6390
11379,891,60,0.1000,0.00005000,33.4296,800.6193,306.9919
11380,321,28,0.1000,0.00005000,33.6491,816.7786,380.1042
11381,60,11,0.1000,0.00005000,31.6221,784.8785,372.1376
11382,500,21,0.1000,0.00005000,36.4174,801.7145,298.2650
11383,203,22,0.1000,0.00005000,30.8386,789.5536,315.3141
11384,76,11,0.1000,0.00005000,27.6067,792.1720,288.1362
11385,567,27,0.1000,0.00005000,39.7855,794.4105,265.0162
11386,62,13,0.1000,0.00005000,37.1521,785.3236,386.2617
11387,36,10,0.1000,0.00005000,36.0604,765.5636,292.2642
11388,301,22,0.1000,0.00005000,36.5974,798.5831,308.0218
11389,462,26,0.1000,0.00005000,37.0307,800.2914,242.9172
11390,34,7,0.1000,0.00005000,36.9709,781.5880,319.9257
11391,382,24,0.1000,0.00005000,39.7634,796.5511,323.7782
11392,185,19,0.1000,0.00005000,45.1859,783.9039,313.7583
11393,55,10,0.1000,0.00005000,17.1835,767.4154,180.6686
11394,51,12,0.1000,0.00005000,42.1938,803.4415,327.6012
11395,35,8,0.1000,0.00005000,26.5336,783.0902,553.7301
11396,213,22,0.1000,0.00005000,37.9042,806.4230,384.6873
11397,69,14,0.1000,0.00005000,33.0004,800.4519,296.5503
11398,419,31,0.1000,0.00005000,30.3240,805.7201,336.0598
11399,278,17,0.1000,0.00005000,38.6127,791.3709,283.1671
11400,35,6,0.1000,0.00005000,38.4911,789.9931,328.1551
11401,338,33,0.1000,0.00005000,34.3692,805.9208,315.0616
11402,53,11,0.1000,0.00005000,42.0116,787.3184,344.7918
11403,252,22,0.1000,0.00005000,33.8004,794.0396,367.9087
11404,100,14,0.1000,0.00005000,35.4648,790.5539,437.4029
11405,95,14,0.1000,0.00005000,38.9573,773.0681,443.8051
11406,39,10,0.1000,0.00005000,35.0134,765.4900,311.9830
11407,242,22,0.1000,0.00005000,39.9467,809.8093,285.3152
11408,131,14,0.1000,0.00005000,35.6523,809.4173,409.9493
11409,44,12,0.1000,0.00005000,28.7620,765.5592,398.6059
11410,449,30,0.1000,0.00005000,30.8338,804.3502,419.3196
11411,52,11,0.1000,0.00005000,47.0486,785.5496,543.7809
11412,272,22,0.1000,0.00005000,31.8191,803.7734,275.4498
11413,106,17,0.1000,0.00005000,31.4211,802.2174,346.0121
11414,116,15,0.1000,0.00005000,25.9547,787.8714,233.4262
11415,685,23,0.1000,0.00005000,29.9455,809.0261,319.4903
11416,73,14,0.1000,0.00005000,35.7065,792.2501,353.0315
11417,839,51,0.1000,0.00005000,35.3177,812.7419,266.5224
11418,179,19,0.1000,0.00005000,27.4172,798.1599,290.5212
11419,123,15,0.1000,0.00005000,39.8832,796.4257,415.0790
11420,58,10,0.1000,0.00005000,43.7248,792.5465,382.0277
11421,58,11,0.1000,0.00005000,26.9505,771.6209,259.3758
11422,165,18,0.1000,0.00005000,25.5028,799.8882,337.5131
11423,58,12,0.1000,0.00005000,31.6499,761.0568,337.1178
11424,1046,46,0.1000,0.00005000,34.4344,814.6278,318.6333
11425,184,19,0.1000,0.00005000,42.7551,813.6476,375.7759
11426,368,20,0.1000,0.00005000,31.0111,805.4878,287.4435
11427,679,37,0.1000,0.00005000,24.0087,796.5997,340.1467
11428,46,8,0.1000,0.00005000,44.6698,773.5374,306.3592
11429,706,35,0.1000,0.00005000,35.7902,778.5681,441.0508
11430,185,19,0.1000,0.00005000,41.9391,802.0510,242.0532
11431,173,20,0.1000,0.00005000,39.9395,819.2411,278.0610
11432,134,19,0.1000,0.00005000,42.2945,803.5503,371.6428
11433,50,10,0.1000,0.00005000,30.3577,766.6147,303.9932
11434,552,38,0.1000,0.00005000,34.2410,801.6779,325.2463
11435,302,23,0.1000,0.00005000,35.4973,805.4025,281.1991
11436,66,11,0.1000,0.00005000,35.5680,800.1699,271.9458
11437,58,13,0.1000,0.00005000,29.9855,782.0590,354.2059
11438,806,42,0.1000,0.00005000,34.2153,811.9638,378.2330
11439,59,12,0.1000,0.00005000,27.7992,799.4452,288.2041
11440,85,12,0.1000,0.00005000,32.7974,797.1377,341.2333
11441,35,11,0.1000,0.00005000,35.4995,779.4914,398.4611
11442,29,8,0.1000,0.00005000,27.9078,793.3570,267.3216
11443,77,12,0.1000,0.00005000,33.4552,791.9861,203.7256
11444,801,35,0.1000,0.00005000,31.7390,781.0024,279.6608
11445,639,32,0.1000,0.00005000,33.3741,814.7814,349.2118
11446,171,18,0.1000,0.00005000,34.9304,804.1019,301.5161
11447,187,19,0.1000,0.00005000,33.5884,790.5864,398.4050
11448,101,15,0.1000,0.00005000,38.8720,780.6222,333.8081
11449,82,13,0.1000,0.00005000,47.3834,806.6283,313.2296
11450,153,14,0.1000,0.00005000,35.4075,790.7600,280.3111
11451,1039,47,0.1000,0.00005000,39.2517,813.8594,414.5268
11452,50,9,0.1000,0.00005000,40.1364,770.4801,404.0945
11453,36,9,0.1000,0.00005000,36.6375,786.3085,305.7092
11454,74,14,0.1000,0.00005000,38.3610,792.4390,403.6623
11455,49,11,0.1000,0.00005000,42.6812,805.7688,337.9106
11456,75,13,0.1000,0.00005000,42.0601,799.2701,306.8699
11457,42,11,0.1000,0.00005000,40.3473,772.0682,358.0294
11458,130,19,0.1000,0.00005000,44.0947,805.8789,224.2883
11459,524,39,0.1000,0.00005000,32.5292,821.6852,487.9646
11460,441,24,0.1000,0.00005000,38.2000,784.7828,495.6715
11461,82,13,0.1000,0.00005000,39.0126,794.0937,298.7838
11462,381,25,0.1000,0.00005000,29.5186,800.5015,281.6299
11463,30,9,0.1000,0.00005000,28.2782,811.2955,508.1081
11464,63,11,0.1000,0.00005000,34.3386,792.8986,351.4035
11465,382,29,0.1000,0.00005000,30.5914,803.1263,411.7473
11466,39,10,0.1000,0.00005000,42.6001,794.3134,314.7889
11467,55,11,0.1000,0.00005000,34.3120,788.9540,529.4141
11468,651,28,0.1000,0.00005000,38.1334,819.4614,359.5184
11469,287,27,0.1000,0.00005000,36.4281,802.9380,333.7026
11470,295,22,0.1000,0.00005000,35.0567,793.8045,443.2640
11471,992,32,0.1000,0.00005000,33.8760,826.5110,341.3734
11472,31,8,0.1000,0.00005000,49.8800,766.9046,259.8873
11473,697,34,0.1000,0.00005000,32.7683,820.8086,319.3758
11474,116,14,0.1000,0.00005000,40.0202,804.3473,278.2566
11475,176,22,0.1000,0.00005000,32.2724,800.0910,389.9465
11476,32,9,0.1000,0.00005000,42.3803,804.7898,254.5642
11477,139,17,0.1000,0.00005000,23.1067,808.2881,287.8291
11478,233,21,0.1000,0.00005000,34.2067,796.3953,284.4424
11479,28,7,0.1000,0.00005000,18.9798,790.7716,414.3918
11480,239,23,0.1000,0.00005000,37.9130,799.8741,290.5956
11481,185,24,0.1000,0.00005000,33.4532,808.7079,260.6877
11482,45,8,0.1000,0.00005000,33.4226,774.3409,432.6331
11483,39,10,0.1000,0.00005000,44.6473,783.6262,289.0531
11484,116,15,0.1000,0.00005000,34.5760,804.7716,440.8475
11485,915,32,0.1000,0.00005000,35.1118,822.0595,292.2507
11486,206,20,0.1000,0.00005000,35.4490,807.0600,277.1101
11487,57,11,0.1000,0.00005000,32.6538,786.0615,294.2724
11488,276,28,0.1000,0.00005000,37.8095,812.9998,346.5573
11489,40,10,0.1000,0.00005000,23.8082,793.4362,512.0445
11490,76,11,0.1000,0.00005000,35.9884,763.7690,437.4741
11491,78,13,0.1000,0.00005000,43.2234,791.2947,371.0020
11492,105,15,0.1000,0.00005000,23.4638,800.9663,441.3403
11493,161,16,0.1000,0.00005000,31.0694,803.3317,426.2268
11494,57,12,0.1000,0.00005000,33.4174,768.9409,343.5660
11495,172,16,0.1000,0.00005000,51.4534,790.7835,311.0353
11496,154,19,0.1000,0.00005000,32.2720,804.7472,391.1336
11497,114,15,0.1000,0.00005000,32.5295,793.9359,256.4641
11498,139,19,0.1000,0.00005000,31.6773,810.9657,287.7013
11499,46,9,0.1000,0.00005000,38.5298,796.6043,336.4769
11500,298,29,0.1000,0.00005000,38.5917,806.7624,427.3264
11501,39,9,0.1000,0.00005000,35.1411,747.4635,301.6828
11502,118,15,0.1000,0.00005000,40.5669,801.4059,242.0694
11503,60,10,0.1000,0.00005000,51.6605,785.6924,204.7376
11504,412,28,0.1000,0.00005000,34.3061,807.6165,413.9120
11505,686,39,0.1000,0.00005000,31.5080,795.4525,436.7198
11506,227,18,0.1000,0.00005000,39.7413,803.4422,277.4233
11507,138,17,0.1000,0.00005000,43.4276,789.5551,251.8060
11508,173,21,0.1000,0.00005000,39.3574,816.0985,435.7684
11509,90,14,0.1000,0.00005000,30.9811,804.2502,451.2963
11510,29,8,0.1000,0.00005000,36.7516,803.3196,251.7674
11511,123,15,0.1000,0.00005000,41.3022,816.6654,300.1643
11512,40,9,0.1000,0.00005000,33.8777,808.6318,402.4940
11513,138,15,0.1000,0.00005000,33.1755,813.1643,411.9674
11514,88,13,0.1000,0.00005000,33.3807,779.9555,419.6651
11515,286,16,0.1000,0.00005000,38.0791,817.6036,271.4065
11516,143,16,0.1000,0.00005000,38.2444,763.7681,283.9420
11517,131,19,0.1000,0.00005000,36.7895,826.1639,303.2867
11518,470,27,0.1000,0.00005000,32.1581,819.2449,304.5290
11519,82,14,0.1000,0.00005000,32.9041,799.7875,372.1081
11520,41,11,0.1000,0.00005000,39.1057,797.9839,272.1675
11521,159,17,0.1000,0.00005000,38.3643,804.3334,295.9156
11522,78,13,0.1000,0.00005000,26.0755,797.2866,457.2947
11523,118,16,0.1000,0.00005000,29.1451,799.9900,318.2871
11524,102,16,0.1000,0.00005000,37.4420,801.8575,366.7512
11525,240,20,0.1000,0.00005000,42.4801,778.8186,270.0394
11526,44,12,0.1000,0.00005000,34.6689,787.2949,322.5048
11527,32,9,0.1000,0.00005000,36.4158,774.5614,419.3584
11528,786,35,0.1000,0.00005000,36.3046,832.1010,447.0676
11529,373,22,0.1000,0.00005000,29.1099,822.6289,354.5577
11530,54,10,0.1000,0.00005000,31.2586,793.6060,520.1036
11531,81,14,0.1000,0.00005000,32.5160,815.1952,324.0106
11532,465,35,0.1000,0.00005000,33.5168,822.4394,309.8065
11533,257,23,0.1000,0.00005000,32.5596,796.9816,349.7096
11534,105,14,0.1000,0.00005000,42.7720,793.9039,348.8746
11535,107,16,0.1000,0.00005000,34.2805,817.9999,310.1710
11536,118,13,0.1000,0.00005000,21.9008,795.1660,450.0373
11537,317,28,0.1000,0.00005000,37.5929,806.7569,343.0177
11538,81,13,0.1000,0.00005000,41.0167,780.0456,285.7194
11539,40,10,0.1000,0.00005000,31.7185,801.5859,317.3363
11540,49,11,0.1000,0.00005000,42.1248,820.4549,325.9422
11541,42,10,0.1000,0.00005000,54.5557,787.6714,242.0011
11542,303,25,0.1000,0.00005000,30.4108,809.4530,355.6449
11543,152,20,0.1000,0.00005000,41.5658,824.5089,456.4275
11544,32,10,0.1000,0.00005000,33.3924,799.7753,565.2762
11545,474,35,0.1000,0.00005000,36.5885,824.7106,428.9296
11546,1049,44,0.1000,0.00005000,24.4839,830.4900,379.6827
11547,73,13,0.1000,0.00005000,42.8951,821.3255,486.1289
11548,58,12,0.1000,0.00005000,39.9982,776.0587,392.3968
11549,141,19,0.1000,0.00005000,25.4795,801.1434,372.2013
11550,113,15,0.1000,0.00005000,47.0202,818.6765,370.8883
11551,81,16,0.1000,0.00005000,31.5728,814.7543,294.1178
11552,44,9,0.1000,0.00005000,39.9512,809.6949,232.3148
11553,26,7,0.1000,0.00005000,28.0077,801.9487,292.2648
11554,209,19,0.1000,0.00005000,35.3273,824.9500,360.7414
11555,853,45,0.1000,0.00005000,36.7569,829.1601,313.5638
11556,138,16,0.1000,0.00005000,29.1030,812.8538,280.6149
11557,85,13,0.1000,0.00005000,33.0178,804.1532,308.6096
11558,176,19,0.1000,0.00005000,30.7805,818.4312,437.2675
11559,78,11,0.1000,0.00005000,33.2093,781.5835,417.1255
11560,456,24,0.1000,0.00005000,36.8017,821.1153,302.9617
11561,375,24,0.1000,0.00005000,34.1902,819.7380,283.6097
11562,44,7,0.1000,0.00005000,20.2359,804.4135,242.5441
11563,40,9,0.1000,0.00005000,36.5016,811.7507,220.5870
11564,171,18,0.1000,0.00005000,32.5790,791.0005,349.5800
11565,671,26,0.1000,0.00005000,32.1986,817.2665,275.3246
11566,53,9,0.1000,0.00005000,30.2710,813.7771,389.2077
11567,51,10,0.1000,0.00005000,39.8157,787.7014,373.0508
11568,124,15,0.1000,0.00005000,28.6609,816.1612,540.2725
11569,31,8,0.1000,0.00005000,25.8402,796.5534,457.3532
11570,79,13,0.1000,0.00005000,38.8750,798.3050,441.4945
11571,70,12,0.1000,0.00005000,27.9269,820.2230,522.2267
11572,50,10,0.1000,0.00005000,38.5806,812.7239,430.6578
11573,192,19,0.1000,0.00005000,28.8292,802.2262,347.9085
11574,49,10,0.1000,0.00005000,31.7091,805.4424,552.4998
11575,122,16,0.1000,0.00005000,36.7017,808.9231,328.5504
11576,72,11,0.1000,0.00005000,33.7923,796.2684,300.6310
11577,23,5,0.1000,0.00005000,35.0527,788.8832,153.4535
11578,44,13,0.1000,0.00005000,32.7961,802.0029,269.9233
11579,79,11,0.1000,0.00005000,28.4394,801.5662,362.3661
11580,171,18,0.1000,0.00005000,33.6599,839.9628,462.9372
11581,125,16,0.1000,0.00005000,32.8044,793.2043,342.9801
11582,83,13,0.1000,0.00005000,30.1688,807.9860,262.4005
11583,53,12,0.1000,0.00005000,33.8421,808.3756,363.0461
11584,117,14,0.1000,0.00005000,36.2946,822.7141,289.6101
11585,167,17,0.1000,0.00005000,29.5601,813.2610,450.0876
11586,716,33,0.1000,0.00005000,33.5709,831.7609,370.4792
11587,218,26,0.1000,0.00005000,30.8687,810.9393,305.0754
11588,146,20,0.1000,0.00005000,34.7617,826.4942,354.1680
11589,127,16,0.1000,0.00005000,45.7521,824.7154,327.6659
11590,116,16,0.1000,0.00005000,43.0271,811.8975,503.0592
11591,136,19,0.1000,0.00005000,36.0100,826.6570,424.6589
11592,797,39,0.1000,0.00005000,30.8764,816.5832,433.1647
11593,141,18,0.1000,0.00005000,33.9100,835.7723,388.8800
11594,166,20,0.1000,0.00005000,35.6613,839.9280,407.5766
11595,653,26,0.1000,0.00005000,32.3280,837.0797,416.0942
11596,212,26,0.1000,0.00005000,38.6575,829.9379,321.8705
11597,372,26,0.1000,0.00005000,31.1450,784.7855,344.8611
11598,257,26,0.1000,0.00005000,28.2546,836.4668,321.8751
11599,1339,49,0.1000,0.00005000,36.5995,870.4717,355.3793
11600,37,7,0.1000,0.00005000,28.9193,814.6459,417.5562
11601,59,13,0.1000,0.00005000,40.4351,827.0055,356.2972
11602,45,11,0.1000,0.00005000,29.4407,815.4834,369.5307
11603,78,12,0.1000,0.00005000,30.4413,825.0720,338.4884
11604,53,11,0.1000,0.00005000,31.4841,825.4210,292.3472
11605,232,21,0.1000,0.00005000,26.7405,814.8501,352.3953
11606,137,17,0.1000,0.00005000,40.0997,812.7176,356.4736
11607,31,8,0.1000,0.00005000,32.7737,786.3926,370.0409
11608,656,27,0.1000,0.00005000,44.9427,824.3116,419.8234
11609,985,45,0.1000,0.00005000,31.4563,853.9326,379.1107
11610,377,25,0.1000,0.00005000,42.8328,824.8338,430.0343
11611,311,28,0.1000,0.00005000,36.5350,833.1207,318.7568
11612,115,16,0.1000,0.00005000,30.5379,829.8477,423.1602
11613,35,9,0.1000,0.00005000,37.8247,808.0857,363.2231
11614,41,11,0.1000,0.00005000,26.3525,823.7583,358.2040
11615,43,8,0.1000,0.00005000,29.1583,809.9245,315.6401
11616,222,21,0.1000,0.00005000,36.7202,822.1302,353.6182
11617,230,20,0.1000,0.00005000,38.2063,826.9249,300.9281
11618,459,22,0.1000,0.00005000,43.6578,812.8292,305.3688
11619,270,21,0.1000,0.00005000,35.1773,823.2757,318.6293
11620,56,12,0.1000,0.00005000,39.8158,836.6830,462.0585
11621,109,12,0.1000,0.00005000,46.9812,825.9838,676.4953
11622,56,12,0.1000,0.00005000,19.3893,819.1189,610.1902
11623,129,18,0.1000,0.00005000,36.6300,832.7459,415.8062
11624,456,22,0.1000,0.00005000,29.9861,827.5658,371.3667
11625,295,25,0.1000,0.00005000,36.6492,832.0955,449.8456
11626,54,10,0.1000,0.00005000,38.1397,816.4164,309.1463
11627,34,9,0.1000,0.00005000,22.9928,824.9749,306.5473
11628,45,8,0.1000,0.00005000,29.1343,799.7529,492.1864
11629,125,16,0.1000,0.00005000,25.3711,824.5621,430.7623
11630,163,18,0.1000,0.00005000,39.8565,813.6051,334.7043
11631,161,14,0.1000,0.00005000,32.2700,821.1665,391.1238
11632,892,40,0.1000,0.00005000,39.3784,838.9383,292.5520
11633,553,25,0.1000,0.00005000,35.1507,829.7163,387.5279
11634,383,26,0.1000,0.00005000,38.8517,835.5712,435.1313
11635,79,14,0.1000,0.00005000,27.7762,825.6541,353.1929
11636,44,8,0.1000,0.00005000,26.6782,802.8999,729.5027
11637,56,12,0.1000,0.00005000,40.6973,816.0769,438.6261
11638,64,14,0.1000,0.00005000,34.6508,825.7219,694.6433
11639,456,30,0.1000,0.00005000,33.1781,837.9203,370.7209
11640,36,9,0.1000,0.00005000,44.3568,818.2471,254.6846
11641,354,33,0.1000,0.00005000,33.8406,841.5797,345.9916
11642,377,27,0.1000,0.00005000,31.2855,827.2824,275.5894
11643,926,53,0.1000,0.00005000,34.0027,849.9288,343.6114
11644,360,25,0.1000,0.00005000,32.5500,827.2700,323.9322
11645,166,15,0.1000,0.00005000,36.0223,810.5655,251.5139
11646,270,23,0.1000,0.00005000,38.1049,836.6093,256.8054
11647,49,11,0.1000,0.00005000,32.2069,832.9840,233.2679
11648,295,18,0.1000,0.00005000,36.3625,837.7649,464.6730
11649,108,14,0.1000,0.00005000,38.9682,811.2477,397.7750
11650,136,15,0.1000,0.00005000,42.7760,825.8417,343.6485
11651,116,13,0.1000,0.00005000,36.1139,842.5626,344.2905
11652,26,6,0.1000,0.00005000,36.9611,812.9876,392.9231
11653,108,13,0.1000,0.00005000,38.4804,816.9663,316.8222
11654,226,20,0.1000,0.00005000,37.0444,844.0755,405.4847
11655,39,7,0.1000,0.00005000,31.4289,811.8146,467.0077
11656,561,35,0.1000,0.00005000,41.0133,833.0315,363.9732
11657,52,10,0.1000,0.00005000,25.7438,815.7381,298.2235
11658,410,28,0.1000,0.00005000,37.3313,841.0926,336.0507
11659,53,10,0.1000,0.00005000,30.5130,817.5096,421.2729
11660,625,36,0.1000,0.00005000,44.7082,842.7598,329.6383
11661,33,8,0.1000,0.00005000,41.3424,815.3021,628.9286
11662,43,12,0.1000,0.00005000,29.1747,817.9372,355.8591
11663,135,19,0.1000,0.00005000,31.5085,823.6986,401.8316
11664,34,9,0.1000,0.00005000,47.6268,812.1212,366.8907
11665,170,17,0.1000,0.00005000,42.8558,816.0662,329.0297
11666,447,23,0.1000,0.00005000,34.7618,850.9453,290.2754
11667,55,11,0.1000,0.00005000,37.3940,814.2348,348.2552
11668,113,12,0.1000,0.00005000,35.1014,825.7644,517.9234
11669,217,15,0.1000,0.00005000,33.1792,820.2617,474.6754
11670,98,15,0.1000,0.00005000,27.4042,841.0093,392.1710
11671,316,32,0.1000,0.00005000,33.2400,851.5742,330.0985
11672,249,22,0.1000,0.00005000,39.5676,842.9389,311.9822
11673,186,17,0.1000,0.00005000,28.4557,819.1830,260.5900
11674,32,8,0.1000,0.00005000,26.1990,818.3879,347.9383
11675,343,28,0.1000,0.00005000,41.7744,838.8421,300.9849
11676,646,27,0.1000,0.00005000,33.5978,853.4511,311.9750
11677,53,10,0.1000,0.00005000,29.9776,847.8822,281.2957
11678,35,8,0.1000,0.00005000,46.5276,820.2899,532.9296
11679,173,21,0.1000,0.00005000,34.4277,844.7793,390.4434
11680,116,13,0.1000,0.00005000,34.2573,814.4573,471.3837
11681,117,17,0.1000,0.00005000,41.3559,847.5943,327.0531
11682,72,13,0.1000,0.00005000,35.1256,803.9070,474.6143
11683,42,9,0.1000,0.00005000,34.5175,803.4473,360.7401
11684,91,16,0.1000,0.00005000,29.8778,830.9767,494.0349
11685,291,22,0.1000,0.00005000,37.9374,820.0611,427.3852
11686,24,6,0.1000,0.00005000,45.4636,810.5178,474.2262
11687,299,22,0.1000,0.00005000,35.6463,850.7819,290.5481
11688,127,16,0.1000,0.00005000,34.0808,825.0316,437.1048
11689,374,23,0.1000,0.00005000,44.4745,842.6572,324.7401
11690,408,10,0.1000,0.00005000,33.9743,836.6096,412.0200
11691,243,23,0.1000,0.00005000,39.0352,842.3998,569.6723
11692,842,39,0.1000,0.00005000,31.8340,840.2232,417.8941
11693,59,13,0.1000,0.00005000,32.2512,813.6155,305.7185
11694,159,21,0.1000,0.00005000,32.8352,839.2772,376.6174
11695,61,13,0.1000,0.00005000,28.3749,836.0209,328.1133
11696,206,23,0.1000,0.00005000,32.8982,839.8535,225.4089
11697,228,22,0.1000,0.00005000,31.2658,840.8388,333.7588
11698,275,25,0.1000,0.00005000,31.7229,843.6256,410.2660
11699,161,21,0.1000,0.00005000,36.1590,832.1723,431.1714
11700,35,9,0.1000,0.00005000,51.2297,818.2142,489.0550
11701,713,42,0.1000,0.00005000,36.1488,853.7147,385.2172
11702,403,29,0.1000,0.00005000,35.6134,831.3592,282.1709
11703,253,22,0.1000,0.00005000,33.8818,848.6291,376.1128
11704,236,22,0.1000,0.00005000,32.5342,837.0794,390.7340
11705,135,15,0.1000,0.00005000,29.4441,844.6077,388.9773
11706,456,23,0.1000,0.00005000,26.1321,844.9863,326.5579
11707,31,8,0.1000,0.00005000,48.2232,824.2623,407.3199
11708,189,19,0.1000,0.00005000,45.7095,839.5523,291.7804
11709,246,22,0.1000,0.00005000,31.8541,835.9607,360.8072
11710,88,14,0.1000,0.00005000,38.4973,812.9980,554.3464
11711,161,17,0.1000,0.00005000,35.5890,822.3740,397.0048
11712,120,17,0.1000,0.00005000,28.3391,834.6334,383.8656
11713,33,7,0.1000,0.00005000,44.2313,801.8652,467.2899
11714,187,18,0.1000,0.00005000,39.6063,842.1240,354.7388
11715,271,23,0.1000,0.00005000,31.6925,836.5547,352.6803
11716,578,32,0.1000,0.00005000,39.8731,849.0402,391.2636
11717,60,12,0.1000,0.00005000,36.1458,825.0699,446.0131
11718,39,9,0.1000,0.00005000,40.1683,803.6681,390.4808
11719,73,14,0.1000,0.00005000,42.3903,829.2497,353.7676
11720,297,25,0.1000,0.00005000,34.7547,837.4005,488.8095
11721,109,12,0.1000,0.00005000,26.7951,838.3659,309.0061
11722,28,7,0.1000,0.00005000,36.5896,810.6633,354.7360
11723,83,14,0.1000,0.00005000,39.6971,832.2232,359.6641
11724,40,13,0.1000,0.00005000,31.0919,841.0893,313.1423
11725,462,26,0.1000,0.00005000,35.2077,847.7120,354.0037
11726,1068,36,0.1000,0.00005000,38.1144,836.1030,322.4190
11727,152,18,0.1000,0.00005000,26.5794,817.4982,236.4639
11728,191,22,0.1000,0.00005000,35.7684,837.6481,335.5880
11729,35,9,0.1000,0.00005000,44.6954,810.8010,251.4780
11730,37,11,0.1000,0.00005000,33.3984,816.8812,352.5636
11731,144,19,0.1000,0.00005000,29.0703,821.8664,500.0165
11732,201,20,0.1000,0.00005000,37.1879,825.3972,354.8009
11733,50,11,0.1000,0.00005000,56.8643,821.0864,472.4767
11734,338,32,0.1000,0.00005000,31.3763,837.2675,397.0799
11735,20,5,0.1000,0.00005000,32.7858,805.1981,274.3311
11736,503,29,0.1000,0.00005000,36.7054,835.7656,357.4638
11737,167,19,0.1000,0.00005000,37.2909,849.2390,309.9027
11738,354,20,0.1000,0.00005000,36.3797,867.3040,444.5224
11739,414,31,0.1000,0.00005000,25.8834,838.5230,324.9617
11740,80,12,0.1000,0.00005000,31.1171,825.5252,339.3029
11741,42,11,0.1000,0.00005000,47.3000,829.5710,285.4376
11742,46,7,0.1000,0.00005000,48.2619,820.2033,302.5527
11743,607,34,0.1000,0.00005000,37.0853,867.7687,358.1830
11744,59,12,0.1000,0.00005000,40.2635,831.1828,388.1503
11745,289,22,0.1000,0.00005000,29.2045,857.1646,347.2768
11746,48,8,0.1000,0.00005000,45.1979,839.9093,320.1584
11747,98,15,0.1000,0.00005000,29.3184,845.2683,424.0668
11748,125,16,0.1000,0.00005000,34.7830,838.5599,355.4612
11749,240,22,0.1000,0.00005000,35.9020,856.1626,363.2616
11750,37,8,0.1000,0.00005000,28.6912,838.6276,244.7645
11751,289,21,0.1000,0.00005000,34.7705,837.7580,397.5810
11752,78,10,0.1000,0.00005000,47.0862,828.9757,536.2563
11753,136,18,0.1000,0.00005000,33.5311,844.4342,322.2060
11754,52,10,0.1000,0.00005000,25.8796,825.7111,406.0805
11755,328,25,0.1000,0.00005000,30.1642,843.2153,284.2178
11756,888,41,0.1000,0.00005000,38.1376,847.4629,397.1497
11757,457,25,0.1000,0.00005000,46.0986,864.8139,382.1753
11758,381,30,0.1000,0.00005000,28.9277,847.3429,332.8177
11759,482,29,0.1000,0.00005000,34.9347,849.5813,422.0545
11760,117,17,0.1000,0.00005000,51.6654,838.8934,514.9392
11761,143,19,0.1000,0.00005000,30.2621,850.3304,421.7571
11762,69,12,0.1000,0.00005000,33.6926,826.3890,354.1962
11763,377,26,0.1000,0.00005000,37.7760,832.3335,317.9715
11764,944,34,0.1000,0.00005000,40.1321,867.4088,497.3862
11765,36,6,0.1000,0.00005000,34.2543,823.1321,311.8001
11766,439,25,0.1000,0.00005000,31.3894,853.4198,337.3829
11767,42,10,0.1000,0.00005000,17.9252,830.5691,348.8822
11768,57,13,0.1000,0.00005000,46.1092,833.1309,254.8945
11769,236,22,0.1000,0.00005000,49.3459,829.3535,413.8023
11770,169,17,0.1000,0.00005000,43.2485,848.0447,274.2113
11771,885,29,0.1000,0.00005000,36.2072,863.3737,372.6554
11772,391,27,0.1000,0.00005000,47.1055,842.4007,311.8326
11773,175,20,0.1000,0.00005000,45.0553,834.8797,349.0740
11774,95,17,0.1000,0.00005000,36.0314,838.6322,335.1640
11775,635,36,0.1000,0.00005000,33.8642,847.6605,365.1496
11776,121,14,0.1000,0.00005000,34.2816,856.9445,445.1704
11777,36,9,0.1000,0.00005000,47.5614,834.2017,532.2451
11778,156,15,0.1000,0.00005000,40.3047,833.6843,453.0626
11779,49,11,0.1000,0.00005000,33.4934,831.9748,352.9086
11780,646,34,0.1000,0.00005000,41.8892,860.0425,409.3625
11781,163,17,0.1000,0.00005000,42.0316,864.4587,300.1270
11782,872,42,0.1000,0.00005000,34.7837,860.4229,425.9591
11783,1191,37,0.1000,0.00005000,33.8949,866.4079,427.2315
11784,392,27,0.1000,0.00005000,45.8812,852.4450,367.1046
11785,156,17,0.1000,0.00005000,41.0901,860.4431,306.3793
11786,136,19,0.1000,0.00005000,35.7292,836.7615,276.9966
11787,171,18,0.1000,0.00005000,30.2441,841.9405,395.4467
11788,48,9,0.1000,0.00005000,23.0357,823.5704,403.8454
11789,668,31,0.1000,0.00005000,41.2481,866.5424,398.1385
11790,39,10,0.1000,0.00005000,21.0588,829.1794,280.9353
11791,43,10,0.1000,0.00005000,47.0829,830.6071,271.7492
11792,73,13,0.1000,0.00005000,33.1503,830.9246,464.9382
11793,94,18,0.1000,0.00005000,33.8982,852.6603,394.2984
11794,79,11,0.1000,0.00005000,41.4971,824.4483,484.6820
11795,85,13,0.1000,0.00005000,25.5181,843.7738,376.3334
11796,90,15,0.1000,0.00005000,40.7915,845.3122,392.9943
11797,34,7,0.1000,0.00005000,35.0248,837.2307,226.6398
11798,320,26,0.1000,0.00005000,40.1612,836.8579,405.6955
11799,372,32,0.1000,0.00005000,36.1618,852.3224,363.4933
11800,51,10,0.1000,0.00005000,30.6268,826.9017,560.8485
11801,167,17,0.1000,0.00005000,33.5059,830.3253,461.7985
11802,288,21,0.1000,0.00005000,39.4203,859.5286,350.8566
11803,60,14,0.1000,0.00005000,45.7338,861.3349,423.8411
11804,113,15,0.1000,0.00005000,30.3777,821.7745,262.7761
11805,289,24,0.1000,0.00005000,29.9349,837.7196,349.0360
11806,34,8,0.1000,0.00005000,32.2478,833.1717,432.0920
11807,154,16,0.1000,0.00005000,34.5393,834.7912,529.4376
11808,41,11,0.1000,0.00005000,26.4915,841.9000,770.0692
11809,444,30,0.1000,0.00005000,42.9218,850.7528,494.0983
11810,43,10,0.1000,0.00005000,29.1627,822.4111,322.7515
11811,227,22,0.1000,0.00005000,31.4268,854.7345,490.7629
11812,358,32,0.1000,0.00005000,28.2421,850.3212,366.9599
11813,72,14,0.1000,0.00005000,40.7143,855.9490,605.1902
11814,569,26,0.1000,0.00005000,25.7886,843.0692,425.6047
11815,50,10,0.1000,0.00005000,40.8612,829.6594,483.2557
11816,1102,43,0.1000,0.00005000,29.5021,872.3688,425.9954
11817,49,10,0.1000,0.00005000,30.5329,847.6218,382.0910
11818,47,10,0.1000,0.00005000,32.4760,840.0384,489.1161
11819,83,12,0.1000,0.00005000,24.3758,841.6588,387.7859
11820,96,15,0.1000,0.00005000,35.8133,855.9151,325.8130
11821,39,11,0.1000,0.00005000,32.0211,838.7617,380.6033
11822,82,14,0.1000,0.00005000,33.0607,828.0411,362.1373
11823,31,9,0.1000,0.00005000,29.4464,837.8715,390.0335
11824,118,17,0.1000,0.00005000,47.2011,848.4049,423.3479
11825,261,24,0.1000,0.00005000,32.0733,844.9607,536.3836
11826,252,22,0.1000,0.00005000,40.5794,856.2349,482.3570
11827,184,21,0.1000,0.00005000,39.4674,842.7163,371.7140
11828,51,10,0.1000,0.00005000,39.5659,818.7398,609.5106
11829,464,24,0.1000,0.00005000,30.3666,862.4441,329.1499
11830,309,26,0.1000,0.00005000,38.6116,833.4373,486.1161
11831,60,14,0.1000,0.00005000,39.9970,848.3846,341.3720
11832,38,10,0.1000,0.00005000,42.5090,838.4886,314.5438
11833,36,8,0.1000,0.00005000,41.9718,815.3533,313.2105
11834,37,9,0.1000,0.00005000,30.0525,838.9509,333.1348
11835,239,24,0.1000,0.00005000,36.4368,864.0979,410.5837
11836,35,10,0.1000,0.00005000,42.2096,856.3399,458.2543
11837,85,15,0.1000,0.00005000,34.7556,854.4086,347.1890
11838,394,30,0.1000,0.00005000,36.8750,863.9758,380.0199
11839,435,31,0.1000,0.00005000,37.3402,862.1044,484.2401
11840,79,11,0.1000,0.00005000,35.6946,841.7698,422.3156
11841,110,17,0.1000,0.00005000,41.6276,843.6466,335.3583
11842,218,17,0.1000,0.00005000,28.4096,844.3282,281.1552
11843,35,6,0.1000,0.00005000,44.4946,838.3247,304.0547
11844,891,50,0.1000,0.00005000,37.7513,854.9700,358.2684
11845,71,9,0.1000,0.00005000,29.8989,829.5213,331.2567
11846,50,10,0.1000,0.00005000,26.0908,833.5424,299.0923
11847,88,14,0.1000,0.00005000,28.2911,828.8438,487.0727
11848,426,11,0.1000,0.00005000,41.7652,871.1252,450.5247
11849,200,20,0.1000,0.00005000,39.4516,852.1162,356.5050
11850,48,10,0.1000,0.00005000,35.5725,828.9185,312.2005
11851,38,9,0.1000,0.00005000,37.4225,831.7906,225.0501
11852,445,26,0.1000,0.00005000,36.7927,852.3977,315.7814
11853,124,16,0.1000,0.00005000,33.7395,847.3116,384.8256
11854,153,16,0.1000,0.00005000,30.2406,873.5540,383.1597
11855,166,17,0.1000,0.00005000,42.6797,832.5160,298.1636
11856,622,34,0.1000,0.00005000,32.1917,872.7805,449.5295
11857,26,6,0.1000,0.00005000,37.4490,833.1587,285.3300
11858,86,14,0.1000,0.00005000,40.9323,857.6535,378.1952
11859,78,13,0.1000,0.00005000,35.8799,831.6071,408.5702
11860,1465,51,0.1000,0.00005000,28.3221,881.7734,320.5035
11861,499,29,0.1000,0.00005000,41.6882,853.3916,358.6343
11862,223,23,0.1000,0.00005000,33.9021,852.7378,467.7441
11863,225,25,0.1000,0.00005000,38.6272,862.5651,392.0757
11864,786,36,0.1000,0.00005000,32.7817,864.3159,286.6151
11865,979,41,0.1000,0.00005000,41.4678,868.8710,307.4399
11866,485,15,0.1000,0.00005000,36.1886,876.3965,586.7614
11867,59,12,0.1000,0.00005000,37.2831,852.0663,501.5296
11868,76,13,0.1000,0.00005000,33.0552,860.7792,376.5467
11869,50,10,0.1000,0.00005000,32.9477,864.6678,544.5965
11870,48,9,0.1000,0.00005000,57.4053,856.8260,454.5034
11871,104,16,0.1000,0.00005000,31.9767,854.1775,301.1103
11872,242,23,0.1000,0.00005000,28.0957,871.1854,365.4469
11873,129,17,0.1000,0.00005000,26.3537,840.2868,372.5638
11874,82,14,0.1000,0.00005000,40.3084,849.4294,559.7561
11875,45,11,0.1000,0.00005000,35.0737,855.9761,541.0632
11876,54,11,0.1000,0.00005000,50.4321,856.5842,488.5651
11877,823,61,0.1000,0.00005000,39.8086,885.8546,417.3036
11878,636,44,0.1000,0.00005000,42.0178,855.6617,360.9752
11879,858,40,0.1000,0.00005000,32.4713,881.1267,249.0082
11880,1959,48,0.1000,0.00005000,37.0821,884.6516,444.1349
11881,303,24,0.1000,0.00005000,34.5523,851.9363,378.0426
11882,69,13,0.1000,0.00005000,36.0062,850.3690,254.2961
11883,431,32,0.1000,0.00005000,34.9996,880.5292,442.4414
11884,291,27,0.1000,0.00005000,36.5286,861.6852,370.4946
11885,1029,39,0.1000,0.00005000,29.3493,876.5298,445.5974
11886,60,14,0.1000,0.00005000,32.6257,861.2029,421.2250
11887,223,19,0.1000,0.00005000,31.5296,871.0055,339.4450
11888,301,23,0.1000,0.00005000,32.5360,859.7764,451.7774
11889,90,12,0.1000,0.00005000,36.6051,873.1158,391.0552
11890,85,14,0.1000,0.00005000,22.6246,847.9310,495.7876
11891,315,26,0.1000,0.00005000,39.6870,864.5220,330.6294
11892,74,14,0.1000,0.00005000,40.2544,850.6319,684.4049
11893,157,14,0.1000,0.00005000,37.7658,855.6138,441.1676
11894,215,20,0.1000,0.00005000,39.9735,862.3761,428.6003
11895,141,18,0.1000,0.00005000,29.8791,867.9521,273.6254
11896,185,17,0.1000,0.00005000,39.6304,848.7088,373.7602
11897,52,10,0.1000,0.00005000,39.0517,840.8503,548.5974
11898,89,16,0.1000,0.00005000,41.1694,857.8251,509.6917
11899,328,29,0.1000,0.00005000,30.6054,862.6002,434.6423
11900,83,15,0.1000,0.00005000,35.9894,874.1815,432.3399
11901,640,36,0.1000,0.00005000,39.2823,866.6490,302.6758
11902,243,23,0.1000,0.00005000,30.3685,874.3488,363.1738
11903,551,32,0.1000,0.00005000,35.7621,870.8026,402.0458
11904,299,23,0.1000,0.00005000,31.2030,864.2251,447.7501
11905,120,16,0.1000,0.00005000,33.9097,858.8064,458.1587
11906,139,17,0.1000,0.00005000,30.0264,875.3106,471.5791
11907,421,29,0.1000,0.00005000,37.8899,862.1059,545.1856
11908,224,23,0.1000,0.00005000,43.2724,874.7535,332.0553
11909,229,21,0.1000,0.00005000,32.9674,869.8191,337.1494
11910,240,19,0.1000,0.00005000,57.8797,861.0630,337.6294
11911,233,21,0.1000,0.00005000,31.5666,868.1494,355.9639
11912,898,30,0.1000,0.00005000,37.9740,874.1907,382.3562
11913,35,9,0.1000,0.00005000,44.7660,847.9112,314.6178
11914,168,18,0.1000,0.00005000,45.0013,875.2551,613.0929
11915,365,31,0.1000,0.00005000,30.6617,871.3577,331.9745
11916,17,4,0.1000,0.00005000,18.7330,833.5322,256.2945
11917,51,12,0.1000,0.00005000,25.1476,851.2405,337.2093
11918,166,15,0.1000,0.00005000,31.9676,856.0970,527.1797
11919,203,23,0.1000,0.00005000,32.5065,876.9373,356.5836
11920,269,27,0.1000,0.00005000,45.4644,864.2001,454.1432
11921,84,14,0.1000,0.00005000,34.8683,848.1304,446.4006
11922,246,22,0.1000,0.00005000,33.3518,872.6354,311.5041
11923,117,15,0.1000,0.00005000,43.7557,855.5076,598.8514
11924,108,11,0.1000,0.00005000,37.9217,847.0392,470.7412
11925,49,10,0.1000,0.00005000,27.8991,845.4199,432.6572
11926,157,16,0.1000,0.00005000,21.7403,851.7091,420.3131
11927,73,11,0.1000,0.00005000,42.5272,864.6657,424.1554
11928,308,24,0.1000,0.00005000,37.2249,875.8611,402.1345
11929,854,38,0.1000,0.00005000,35.2715,888.2379,379.5768
11930,126,16,0.1000,0.00005000,30.5543,850.2280,370.6283
11931,35,9,0.1000,0.00005000,35.8502,853.5440,379.7425
11932,397,27,0.1000,0.00005000,39.5394,871.4749,355.0799
11933,783,34,0.1000,0.00005000,28.5249,894.3828,302.3080
11934,566,30,0.1000,0.00005000,39.6668,897.0573,428.1597
11935,981,49,0.1000,0.00005000,43.1813,889.3075,371.6141
11936,56,11,0.1000,0.00005000,39.7506,851.4292,533.1903
11937,113,13,0.1000,0.00005000,34.3867,870.0353,531.6827
11938,102,17,0.1000,0.00005000,36.3481,867.7060,411.0789
11939,29,7,0.1000,0.00005000,27.4052,855.0548,412.4305
11940,364,30,0.1000,0.00005000,37.4091,875.8251,329.8049
11941,52,12,0.1000,0.00005000,34.8970,861.8563,685.0588
11942,295,25,0.1000,0.00005000,38.5229,883.4301,381.6937
11943,84,13,0.1000,0.00005000,36.5365,855.1253,374.4490
11944,31,8,0.1000,0.00005000,46.1535,850.4239,373.2408
11945,57,10,0.1000,0.00005000,41.8553,863.2167,469.4587
11946,277,26,0.1000,0.00005000,36.2158,875.3219,365.1361
11947,79,12,0.1000,0.00005000,31.0187,850.8100,343.7156
11948,1342,65,0.1000,0.00005000,34.2177,899.1682,426.9494
11949,81,14,0.1000,0.00005000,41.8556,869.2932,451.0708
11950,1109,46,0.1000,0.00005000,33.4711,895.7984,367.1771
11951,30,7,0.1000,0.00005000,42.1479,843.7638,477.3000
11952,35,8,0.1000,0.00005000,40.0589,858.1234,299.8045
11953,33,8,0.1000,0.00005000,28.6719,852.8102,460.5800
11954,247,19,0.1000,0.00005000,36.6778,876.7401,454.9041
11955,1035,47,0.1000,0.00005000,31.1333,894.5634,412.7952
11956,284,22,0.1000,0.00005000,26.0432,891.2794,334.7932
11957,38,10,0.1000,0.00005000,33.1355,856.4839,408.1185
11958,56,11,0.1000,0.00005000,27.0813,855.1568,291.6646
11959,446,23,0.1000,0.00005000,37.9137,883.5613,574.9717
11960,497,29,0.1000,0.00005000,31.0867,882.8182,371.1527
11961,216,22,0.1000,0.00005000,36.3118,881.2347,393.0753
11962,122,16,0.1000,0.00005000,33.7199,884.0647,464.3553
11963,127,16,0.1000,0.00005000,42.6806,874.2221,410.7780
11964,259,27,0.1000,0.00005000,42.9343,873.6157,372.9314
11965,152,16,0.1000,0.00005000,45.2051,876.8126,721.7956
11966,168,17,0.1000,0.00005000,23.6009,869.3756,491.1322
11967,193,21,0.1000,0.00005000,29.4455,876.7497,387.6818
11968,44,12,0.1000,0.00005000,42.5877,880.1782,569.0291
11969,157,14,0.1000,0.00005000,21.6481,862.2076,433.4104
11970,136,16,0.1000,0.00005000,42.8921,872.2361,365.3024
11971,134,19,0.1000,0.00005000,46.3154,860.5448,373.6259
11972,53,12,0.1000,0.00005000,27.1756,869.9249,338.0294
11973,50,12,0.1000,0.00005000,40.3773,868.4728,545.5268
11974,1050,48,0.1000,0.00005000,38.0448,876.6696,557.1906
11975,216,20,0.1000,0.00005000,42.5342,874.1963,394.7113
11976,984,59,0.1000,0.00005000,30.9507,893.8443,374.8717
11977,162,20,0.1000,0.00005000,31.5542,887.1050,332.5014
11978,126,15,0.1000,0.00005000,42.0381,886.7655,356.0108
11979,35,8,0.1000,0.00005000,35.0796,861.1459,320.4969
11980,41,9,0.1000,0.00005000,31.9011,861.2613,390.4727
11981,152,12,0.1000,0.00005000,39.0005,865.4873,449.3056
11982,80,12,0.1000,0.00005000,39.7834,860.8479,285.0229
11983,38,12,0.1000,0.00005000,37.4784,861.8831,491.9887
11984,388,23,0.1000,0.00005000,35.4806,874.6816,469.1222
11985,76,14,0.1000,0.00005000,25.4879,874.3805,511.6380
11986,115,13,0.1000,0.00005000,33.0331,862.0168,400.4150
11987,43,11,0.1000,0.00005000,21.6905,866.7226,406.5955
11988,71,13,0.1000,0.00005000,55.7857,865.6160,473.1245
11989,388,25,0.1000,0.00005000,35.7828,883.8536,384.6220
11990,109,16,0.1000,0.00005000,30.8363,882.9424,281.5116
11991,83,14,0.1000,0.00005000,38.9153,873.3395,542.1506
11992,84,13,0.1000,0.00005000,27.5086,863.2518,360.5062
11993,242,23,0.1000,0.00005000,33.4528,889.3354,563.8948
11994,214,17,0.1000,0.00005000,41.2246,881.5236,562.5613
11995,239,19,0.1000,0.00005000,39.9470,879.3092,306.0410
11996,167,16,0.1000,0.00005000,39.3788,854.8805,458.2536
11997,119,13,0.1000,0.00005000,36.4972,869.3258,340.5184
11998,168,15,0.1000,0.00005000,35.4041,860.4378,350.8628
11999,532,32,0.1000,0.00005000,32.9864,874.8243,374.0461
12000,844,29,0.1000,0.00005000,38.6130,884.2106,326.5541
