episode,score,steps,epsilon,lr,beta,loss,avg_v,grad_norm,clear_frac
1,48,11,1.0000,0.00005000,0.0000,4.1837,4.3736,0.0000,0.9792
2,83,14,0.9994,0.00004999,0.0000,5.0462,12.5103,0.0000,0.9635
3,52,23,0.9988,0.00004997,0.0000,3.9157,6.7636,0.0000,0.9625
4,83,17,0.9982,0.00004996,0.0000,3.4986,12.8904,0.0000,0.9430
5,39,38,0.9976,0.00004994,0.0000,4.1493,16.2698,0.0000,0.9486
6,110,16,0.9970,0.00004993,0.0000,3.6406,16.1428,0.0000,0.9531
7,25,17,0.9964,0.00004991,0.0000,3.3769,10.6908,0.0000,0.9540
8,56,11,0.9958,0.00004990,0.0000,4.0667,13.9879,0.0000,0.9403
9,100,48,0.9952,0.00004988,0.0000,3.8702,10.2263,0.0000,0.9414
10,94,16,0.9946,0.00004987,0.0000,3.1876,12.0657,0.0000,0.9609
11,37,21,0.9940,0.00004985,0.0000,3.3235,8.9118,0.0000,0.9583
12,75,43,0.9934,0.00004983,0.0000,3.7228,10.0917,0.0000,0.9469
13,40,20,0.9928,0.00004982,0.0000,3.5286,8.9971,0.0000,0.9422
14,33,8,0.9922,0.00004981,0.0000,3.2540,8.7524,0.0000,0.9297
15,41,11,0.9916,0.00004979,0.0000,3.9359,9.9570,0.0000,0.9261
16,48,45,0.9916,0.00004979,0.0000,3.2893,12.0442,0.0000,0.9472
17,32,17,0.9904,0.00004976,0.0000,3.4329,9.6570,0.0000,0.9430
18,37,10,0.9898,0.00004975,0.0000,3.5626,8.0685,0.0000,0.9344
19,26,15,0.9892,0.00004973,0.0000,3.3344,8.3941,0.0000,0.9417
20,74,17,0.9886,0.00004972,0.0000,3.3410,13.8203,0.0000,0.9504
21,83,26,0.9880,0.00004970,0.0000,3.8998,13.8949,0.0000,0.9279
22,37,11,0.9874,0.00004969,0.0000,4.1113,8.4480,0.0000,0.9233
23,32,8,0.9868,0.00004967,0.0000,4.1002,8.8682,0.0000,0.9336
24,137,18,0.9862,0.00004966,0.0000,3.2399,14.0367,0.0000,0.9549
25,63,14,0.9856,0.00004964,0.0000,3.1909,12.8622,0.0000,0.9531
26,31,8,0.9850,0.00004963,0.0000,3.7339,9.4125,0.0000,0.9180
27,60,23,0.9844,0.00004961,0.0000,4.8231,13.0834,0.0000,0.9253
28,63,32,0.9838,0.00004960,0.0000,3.5897,17.2218,0.0000,0.9482
29,28,25,0.9832,0.00004958,0.0000,4.2280,13.9808,0.0000,0.9513
30,34,21,0.9826,0.00004957,0.0000,3.9725,13.1831,0.0000,0.9375
31,71,57,0.9820,0.00004955,0.0000,4.6772,22.2799,0.0000,0.9359
32,34,18,0.9814,0.00004953,0.0000,3.9651,12.0065,0.0000,0.9444
33,40,54,0.9808,0.00004952,0.0000,4.0045,13.7313,0.0000,0.9387
34,43,21,0.9802,0.00004951,0.0000,4.1551,12.5021,0.0000,0.9345
35,88,16,0.9796,0.00004949,0.0000,4.1862,13.0282,0.0000,0.9297
36,36,26,0.9790,0.00004948,0.0000,4.5065,16.2206,0.0000,0.9243
37,27,17,0.9784,0.00004946,0.0000,3.5700,14.7784,0.0000,0.9577
38,62,67,0.9778,0.00004945,0.0000,3.9665,14.6801,0.0000,0.9403
39,41,10,0.9772,0.00004943,0.0000,3.6748,15.0002,0.0000,0.9437
40,52,10,0.9766,0.00004942,0.0000,2.9262,14.3006,0.0000,0.9469
41,39,17,0.9760,0.00004940,0.0000,2.8412,14.8474,0.0000,0.9577
42,109,19,0.9754,0.00004939,0.0000,3.4987,16.6774,0.0000,0.9359
43,44,21,0.9748,0.00004937,0.0000,3.3240,13.0880,0.0000,0.9405
44,127,20,0.9742,0.00004936,0.0000,4.6913,21.0436,0.0000,0.9219
45,39,25,0.9736,0.00004934,0.0000,3.3060,13.6383,0.0000,0.9487
46,43,11,0.9730,0.00004932,0.0000,4.3307,14.7678,0.0000,0.9489
47,41,23,0.9724,0.00004931,0.0000,4.0778,15.9011,0.0000,0.9321
48,58,12,0.9718,0.00004930,0.0000,5.0344,22.8062,0.0000,0.9271
49,33,20,0.9712,0.00004928,0.0000,3.5831,22.0917,0.0000,0.9344
50,54,20,0.9706,0.00004927,0.0000,4.2817,15.9968,0.0000,0.9297
51,89,14,0.9700,0.00004925,0.0000,3.6918,21.0470,0.0000,0.9375
52,39,19,0.9694,0.00004924,0.0000,3.3220,17.6680,0.0000,0.9309
53,39,48,0.9688,0.00004922,0.0000,4.4048,16.5730,0.0000,0.9284
54,43,12,0.9682,0.00004921,0.0000,4.8645,16.4309,0.0000,0.9271
55,38,10,0.9676,0.00004919,0.0000,6.4121,16.1406,0.0000,0.9062
56,43,11,0.9670,0.00004918,0.0000,3.7345,18.7920,0.0000,0.9489
57,52,11,0.9664,0.00004916,0.0000,4.8513,19.1845,0.0000,0.9148
58,40,20,0.9658,0.00004915,0.0000,3.6129,18.6781,0.0000,0.9391
59,73,14,0.9652,0.00004913,0.0000,4.2155,19.1840,0.0000,0.9487
60,70,29,0.9652,0.00004913,0.0000,4.2082,19.4982,0.0000,0.9321
61,51,11,0.9640,0.00004910,0.0000,3.3245,16.7043,0.0000,0.9375
62,40,10,0.9634,0.00004909,0.0000,5.1449,16.7333,0.0000,0.9281
63,34,8,0.9628,0.00004907,0.0000,4.2825,17.4128,0.0000,0.9102
64,36,10,0.9622,0.00004906,0.0000,3.9824,18.1686,0.0000,0.9281
65,50,14,0.9616,0.00004904,0.0000,2.9142,15.6801,0.0000,0.9464
66,33,8,0.9610,0.00004902,0.0000,2.7730,18.7283,0.0000,0.9375
67,45,10,0.9604,0.00004901,0.0000,4.4795,16.5098,0.0000,0.9375
68,52,10,0.9598,0.00004900,0.0000,5.3146,17.7359,0.0000,0.9250
69,45,24,0.9592,0.00004898,0.0000,5.0836,16.5154,0.0000,0.9089
70,45,9,0.9586,0.00004897,0.0000,3.7815,21.3135,0.0000,0.9549
71,54,11,0.9580,0.00004895,0.0000,3.8787,18.5724,0.0000,0.9318
72,39,11,0.9574,0.00004894,0.0000,4.5507,15.3955,0.0000,0.9091
73,34,36,0.9568,0.00004892,0.0000,3.8646,17.8356,0.0000,0.9323
74,307,23,0.9562,0.00004891,0.0000,4.1435,33.5498,0.0000,0.9334
75,56,13,0.9556,0.00004889,0.0000,4.1919,18.4638,0.0000,0.9423
76,37,23,0.9550,0.00004888,0.0000,4.6101,20.8419,0.0000,0.9361
77,44,23,0.9544,0.00004886,0.0000,4.1424,21.8698,0.0000,0.9402
78,33,8,0.9538,0.00004885,0.0000,4.6138,22.3372,0.0000,0.9375
79,47,35,0.9532,0.00004883,0.0000,3.9601,22.4161,0.0000,0.9429
80,124,26,0.9526,0.00004881,0.0000,4.7375,24.9671,0.0000,0.9231
81,39,10,0.9520,0.00004880,0.0000,5.7836,20.2448,0.0000,0.9125
82,92,24,0.9514,0.00004879,0.0000,3.8723,28.4131,0.0000,0.9479
83,50,79,0.9508,0.00004877,0.0000,4.8487,22.8035,0.0000,0.9272
84,44,11,0.9502,0.00004876,0.0000,5.3269,21.7574,0.0000,0.9290
85,59,11,0.9496,0.00004874,0.0000,4.3456,24.4971,0.0000,0.9205
86,85,13,0.9490,0.00004873,0.0000,4.0287,26.6208,0.0000,0.9447
87,126,38,0.9484,0.00004871,0.0000,4.5159,28.2605,0.0000,0.9350
88,94,26,0.9478,0.00004870,0.0000,4.3286,22.2925,0.0000,0.9399
89,53,40,0.9472,0.00004868,0.0000,4.2848,23.7942,0.0000,0.9305
90,32,50,0.9466,0.00004867,0.0000,4.2761,22.5503,0.0000,0.9331
91,52,45,0.9460,0.00004865,0.0000,4.7116,22.5745,0.0000,0.9271
92,36,8,0.9454,0.00004864,0.0000,5.4796,22.0222,0.0000,0.9453
93,52,11,0.9448,0.00004862,0.0000,5.3879,25.0849,0.0000,0.9233
94,40,66,0.9442,0.00004860,0.0000,4.8320,33.2040,0.0000,0.9295
95,51,21,0.9436,0.00004859,0.0000,5.3457,25.8311,0.0000,0.9345
96,92,16,0.9430,0.00004858,0.0000,4.1876,30.0613,0.0000,0.9434
97,39,11,0.9424,0.00004856,0.0000,5.0000,26.4983,0.0000,0.9432
98,39,10,0.9418,0.00004855,0.0000,6.0215,28.0546,0.0000,0.9281
99,35,31,0.9412,0.00004853,0.0000,4.1436,27.0655,0.0000,0.9365
100,42,32,0.9406,0.00004852,0.0000,4.7307,39.6560,0.0000,0.9346
101,35,10,0.9400,0.00004850,0.0000,5.1892,26.2724,0.0000,0.9250
102,29,8,0.9400,0.00004850,0.0000,3.8688,27.2480,0.0000,0.9336
103,83,17,0.9388,0.00004847,0.0000,5.5344,27.3437,0.0000,0.9081
104,84,43,0.9382,0.00004846,0.0000,4.7950,30.2552,0.0000,0.9302
105,107,24,0.9376,0.00004844,0.0000,4.5087,30.1458,0.0000,0.9518
106,121,23,0.9370,0.00004843,0.0000,5.4261,30.2953,0.0000,0.9266
107,66,11,0.9370,0.00004843,0.0000,4.8839,30.9819,0.0000,0.9290
108,111,29,0.9358,0.00004839,0.0000,4.4624,29.7814,0.0000,0.9321
109,31,8,0.9352,0.00004838,0.0000,4.8363,26.1753,0.0000,0.9297
110,58,13,0.9346,0.00004837,0.0000,4.7576,27.9549,0.0000,0.9375
111,41,11,0.9340,0.00004835,0.0000,5.4575,25.5392,0.0000,0.9233
112,42,11,0.9334,0.00004834,0.0000,4.4686,27.4918,0.0000,0.9375
113,71,11,0.9328,0.00004832,0.0000,4.8899,31.4407,0.0000,0.9460
114,86,30,0.9322,0.00004830,0.0000,4.6124,32.3036,0.0000,0.9427
115,78,28,0.9316,0.00004829,0.0000,5.3026,29.4588,0.0000,0.9252
116,35,33,0.9310,0.00004828,0.0000,5.1588,29.5885,0.0000,0.9309
117,38,9,0.9304,0.00004826,0.0000,5.0084,26.9506,0.0000,0.9236
118,28,18,0.9298,0.00004825,0.0000,5.3688,27.0050,0.0000,0.9201
119,37,26,0.9292,0.00004823,0.0000,4.5560,34.6230,0.0000,0.9519
120,42,19,0.9286,0.00004822,0.0000,5.5625,29.2152,0.0000,0.9359
121,36,16,0.9280,0.00004820,0.0000,5.9687,29.7071,0.0000,0.9238
122,46,41,0.9274,0.00004819,0.0000,5.8474,34.8175,0.0000,0.9230
123,175,18,0.9268,0.00004817,0.0000,4.9778,35.5827,0.0000,0.9253
124,156,24,0.9262,0.00004816,0.0000,4.7901,37.0275,0.0000,0.9388
125,59,64,0.9256,0.00004814,0.0000,4.7016,32.0722,0.0000,0.9316
126,42,11,0.9250,0.00004813,0.0000,3.8718,29.6994,0.0000,0.9290
127,48,67,0.9244,0.00004811,0.0000,5.5240,32.1084,0.0000,0.9296
128,49,48,0.9238,0.00004809,0.0000,4.9864,41.2861,0.0000,0.9355
129,30,18,0.9232,0.00004808,0.0000,4.7887,30.0466,0.0000,0.9444
130,29,8,0.9226,0.00004807,0.0000,6.0278,29.4291,0.0000,0.9141
131,52,11,0.9220,0.00004805,0.0000,4.1168,31.4279,0.0000,0.9460
132,161,22,0.9214,0.00004804,0.0000,5.2046,36.6690,0.0000,0.9361
133,32,42,0.9208,0.00004802,0.0000,5.4211,34.5368,0.0000,0.9182
134,58,12,0.9202,0.00004800,0.0000,5.0369,29.5324,0.0000,0.9323
135,32,8,0.9196,0.00004799,0.0000,6.4330,29.6307,0.0000,0.9258
136,50,10,0.9190,0.00004798,0.0000,5.6316,31.4784,0.0000,0.9281
137,39,23,0.9184,0.00004796,0.0000,4.7828,30.6803,0.0000,0.9348
138,43,11,0.9178,0.00004795,0.0000,5.5278,30.3856,0.0000,0.9375
139,31,8,0.9178,0.00004795,0.0000,5.1323,32.5640,0.0000,0.9570
140,221,22,0.9166,0.00004792,0.0000,6.2982,44.0981,0.0000,0.9347
141,89,14,0.9160,0.00004790,0.0000,7.1992,37.7202,0.0000,0.9196
142,39,20,0.9154,0.00004788,0.0000,5.9790,33.2061,0.0000,0.9234
143,44,26,0.9148,0.00004787,0.0000,6.7407,36.4139,0.0000,0.9183
144,58,55,0.9148,0.00004787,0.0000,5.2357,35.0969,0.0000,0.9375
145,40,10,0.9136,0.00004784,0.0000,5.6513,34.5615,0.0000,0.9281
146,84,14,0.9130,0.00004783,0.0000,4.3660,35.6789,0.0000,0.9554
147,54,27,0.9124,0.00004781,0.0000,5.2025,37.6791,0.0000,0.9294
148,56,11,0.9118,0.00004779,0.0000,6.1071,35.8904,0.0000,0.9176
149,101,26,0.9112,0.00004778,0.0000,4.7784,36.3866,0.0000,0.9291
150,73,14,0.9106,0.00004777,0.0000,5.5729,34.3299,0.0000,0.9263
151,38,11,0.9100,0.00004775,0.0000,4.4492,35.0080,0.0000,0.9375
152,52,11,0.9094,0.00004774,0.0000,5.7794,35.7568,0.0000,0.9261
153,85,15,0.9088,0.00004772,0.0000,5.6650,34.7752,0.0000,0.9354
154,61,14,0.9082,0.00004771,0.0000,6.3387,33.3890,0.0000,0.9196
155,52,20,0.9076,0.00004769,0.0000,6.1403,34.0847,0.0000,0.9219
156,76,12,0.9070,0.00004768,0.0000,5.0648,40.8084,0.0000,0.9297
157,48,48,0.9064,0.00004766,0.0000,6.1345,37.0049,0.0000,0.9297
158,44,13,0.9058,0.00004765,0.0000,8.4319,33.6375,0.0000,0.8942
159,41,10,0.9052,0.00004763,0.0000,4.2375,35.2063,0.0000,0.9406
160,92,25,0.9052,0.00004763,0.0000,6.5180,35.6442,0.0000,0.9300
161,147,21,0.9040,0.00004760,0.0000,5.3626,48.6876,0.0000,0.9301
162,63,14,0.9034,0.00004758,0.0000,4.6717,40.0603,0.0000,0.9442
163,44,10,0.9028,0.00004757,0.0000,6.8319,37.3880,0.0000,0.9094
164,63,12,0.9022,0.00004756,0.0000,5.3119,38.1612,0.0000,0.9505
165,41,12,0.9016,0.00004754,0.0000,4.7870,32.7911,0.0000,0.9297
166,81,23,0.9010,0.00004753,0.0000,5.3727,35.3690,0.0000,0.9212
167,37,23,0.9004,0.00004751,0.0000,5.8578,40.9058,0.0000,0.9348
168,44,28,0.8998,0.00004750,0.0000,5.8046,38.2251,0.0000,0.9163
169,58,24,0.8992,0.00004748,0.0000,6.0060,39.8197,0.0000,0.9258
170,42,27,0.8986,0.00004747,0.0000,5.8440,42.1165,0.0000,0.9259
171,56,11,0.8980,0.00004745,0.0000,6.1449,41.5310,0.0000,0.9062
172,108,31,0.8980,0.00004745,0.0000,5.7670,46.0847,0.0000,0.9325
173,43,11,0.8968,0.00004742,0.0000,5.3508,37.8271,0.0000,0.9403
174,52,11,0.8962,0.00004741,0.0000,5.8862,40.7351,0.0000,0.9233
175,41,24,0.8956,0.00004739,0.0000,5.8620,42.8360,0.0000,0.9388
176,31,8,0.8950,0.00004737,0.0000,5.3009,38.1931,0.0000,0.9219
177,74,25,0.8944,0.00004736,0.0000,5.6144,45.0617,0.0000,0.9200
178,30,18,0.8938,0.00004735,0.0000,4.5665,39.7194,0.0000,0.9358
179,38,27,0.8932,0.00004733,0.0000,5.2603,39.4410,0.0000,0.9306
180,56,49,0.8926,0.00004732,0.0000,5.2137,40.4110,0.0000,0.9337
181,113,14,0.8920,0.00004730,0.0000,5.5227,51.0719,0.0000,0.9353
182,40,11,0.8914,0.00004729,0.0000,7.3818,38.1540,0.0000,0.9091
183,77,30,0.8908,0.00004727,0.0000,6.1087,39.5651,0.0000,0.9344
184,49,13,0.8902,0.00004726,0.0000,4.0961,38.0987,0.0000,0.9615
185,75,11,0.8896,0.00004724,0.0000,5.8216,43.8800,0.0000,0.9205
186,56,11,0.8890,0.00004723,0.0000,6.1946,41.0064,0.0000,0.9290
187,32,8,0.8884,0.00004721,0.0000,3.0059,37.5050,0.0000,0.9492
188,92,26,0.8878,0.00004720,0.0000,5.0206,40.4231,0.0000,0.9519
189,56,11,0.8872,0.00004718,0.0000,7.8148,38.8646,0.0000,0.8892
190,37,9,0.8866,0.00004716,0.0000,7.4998,39.9951,0.0000,0.9097
191,40,23,0.8860,0.00004715,0.0000,6.9274,43.1539,0.0000,0.9226
192,55,45,0.8854,0.00004714,0.0000,4.8913,42.7505,0.0000,0.9451
193,40,11,0.8848,0.00004712,0.0000,4.7807,43.4904,0.0000,0.9574
194,60,50,0.8842,0.00004711,0.0000,5.4933,42.4328,0.0000,0.9344
195,32,8,0.8836,0.00004709,0.0000,6.1723,45.8018,0.0000,0.9297
196,76,44,0.8830,0.00004707,0.0000,6.2090,46.9231,0.0000,0.9240
197,83,13,0.8824,0.00004706,0.0000,5.1421,45.3236,0.0000,0.9447
198,37,35,0.8818,0.00004705,0.0000,6.0261,42.8359,0.0000,0.9295
199,29,18,0.8812,0.00004703,0.0000,4.9289,45.9775,0.0000,0.9340
200,114,17,0.8806,0.00004702,0.0000,6.3516,46.3426,0.0000,0.9301
201,53,11,0.8800,0.00004700,0.0000,4.4922,46.0570,0.0000,0.9403
202,84,38,0.8794,0.00004699,0.0000,4.6565,45.7458,0.0000,0.9375
203,86,14,0.8788,0.00004697,0.0000,5.4137,45.8115,0.0000,0.9353
204,75,26,0.8782,0.00004696,0.0000,6.3801,47.2904,0.0000,0.9303
205,84,58,0.8776,0.00004694,0.0000,5.1488,45.8440,0.0000,0.9467
206,46,29,0.8770,0.00004693,0.0000,5.9116,44.9039,0.0000,0.9353
207,34,24,0.8764,0.00004691,0.0000,5.1533,47.9217,0.0000,0.9427
208,103,29,0.8758,0.00004690,0.0000,5.5594,48.3821,0.0000,0.9310
209,147,20,0.8752,0.00004688,0.0000,5.6617,49.9936,0.0000,0.9328
210,88,32,0.8746,0.00004686,0.0000,5.5914,45.9544,0.0000,0.9385
211,60,43,0.8740,0.00004685,0.0000,6.5326,46.0143,0.0000,0.9237
212,85,14,0.8734,0.00004684,0.0000,7.6549,50.0550,0.0000,0.9129
213,59,30,0.8728,0.00004682,0.0000,6.2277,48.5169,0.0000,0.9313
214,107,28,0.8722,0.00004681,0.0000,5.3769,53.3619,0.0000,0.9364
215,104,49,0.8716,0.00004679,0.0000,5.7809,53.1249,0.0000,0.9356
216,30,8,0.8710,0.00004677,0.0000,5.9241,45.8640,0.0000,0.9453
217,60,57,0.8704,0.00004676,0.0000,6.2089,52.0452,0.0000,0.9348
218,61,14,0.8698,0.00004675,0.0000,4.4452,50.0384,0.0000,0.9397
219,101,16,0.8692,0.00004673,0.0000,6.2223,50.2664,0.0000,0.9316
220,126,39,0.8686,0.00004672,0.0000,6.2562,50.8945,0.0000,0.9303
221,36,24,0.8680,0.00004670,0.0000,7.0035,49.3947,0.0000,0.9323
222,39,39,0.8674,0.00004669,0.0000,5.4240,49.6280,0.0000,0.9359
223,49,10,0.8668,0.00004667,0.0000,4.9989,50.0182,0.0000,0.9500
224,48,29,0.8662,0.00004665,0.0000,5.2528,55.1784,0.0000,0.9407
225,127,49,0.8662,0.00004665,0.0000,5.9219,53.2096,0.0000,0.9362
226,78,11,0.8650,0.00004663,0.0000,4.0436,59.7202,0.0000,0.9432
227,131,23,0.8644,0.00004661,0.0000,5.4480,60.8755,0.0000,0.9389
228,45,108,0.8638,0.00004660,0.0000,5.6549,53.5299,0.0000,0.9375
229,38,8,0.8632,0.00004658,0.0000,6.3214,54.8688,0.0000,0.9453
230,41,41,0.8626,0.00004656,0.0000,5.4267,60.7936,0.0000,0.9383
231,51,23,0.8620,0.00004655,0.0000,6.3308,53.7118,0.0000,0.9402
232,141,31,0.8614,0.00004654,0.0000,5.7790,57.0904,0.0000,0.9264
233,90,73,0.8608,0.00004652,0.0000,6.0389,54.7058,0.0000,0.9272
234,41,11,0.8602,0.00004651,0.0000,6.1665,53.8375,0.0000,0.9545
235,56,14,0.8596,0.00004649,0.0000,6.3373,54.7276,0.0000,0.9353
236,163,14,0.8590,0.00004648,0.0000,5.3633,65.2367,0.0000,0.9263
237,36,30,0.8584,0.00004646,0.0000,5.9928,52.0434,0.0000,0.9427
238,78,14,0.8578,0.00004645,0.0000,7.2431,57.2610,0.0000,0.9196
239,88,55,0.8572,0.00004643,0.0000,6.1649,57.4531,0.0000,0.9347
240,43,31,0.8566,0.00004642,0.0000,6.1426,55.6152,0.0000,0.9264
241,57,21,0.8560,0.00004640,0.0000,5.7541,55.3289,0.0000,0.9435
242,40,53,0.8554,0.00004639,0.0000,6.2593,58.8436,0.0000,0.9328
243,222,43,0.8548,0.00004637,0.0000,5.5558,61.0596,0.0000,0.9419
244,32,8,0.8548,0.00004637,0.0000,6.3402,56.3218,0.0000,0.9414
245,35,10,0.8536,0.00004634,0.0000,5.1106,56.6511,0.0000,0.9563
246,78,26,0.8530,0.00004633,0.0000,6.2642,58.9926,0.0000,0.9351
247,85,34,0.8524,0.00004631,0.0000,6.5713,61.4961,0.0000,0.9384
248,48,8,0.8518,0.00004630,0.0000,3.6450,60.9535,0.0000,0.9570
249,28,24,0.8512,0.00004628,0.0000,6.9792,57.3256,0.0000,0.9310
250,35,36,0.8506,0.00004627,0.0000,6.5679,60.4329,0.0000,0.9375
251,53,11,0.8500,0.00004625,0.0000,8.6638,59.9477,0.0000,0.9119
252,54,11,0.8494,0.00004624,0.0000,5.7395,61.5185,0.0000,0.9205
253,46,19,0.8488,0.00004622,0.0000,8.0035,56.8279,0.0000,0.9194
254,58,14,0.8482,0.00004621,0.0000,5.3298,57.3904,0.0000,0.9397
255,64,11,0.8476,0.00004619,0.0000,9.0909,59.5458,0.0000,0.9176
256,50,24,0.8470,0.00004618,0.0000,8.0104,57.0910,0.0000,0.9154
257,33,7,0.8464,0.00004616,0.0000,6.8403,58.4674,0.0000,0.9241
258,80,24,0.8458,0.00004614,0.0000,5.7731,57.0412,0.0000,0.9440
259,48,24,0.8452,0.00004613,0.0000,7.1546,58.3751,0.0000,0.9167
260,266,26,0.8446,0.00004612,0.0000,5.7192,69.0260,0.0000,0.9399
261,53,15,0.8440,0.00004610,0.0000,5.3915,59.7994,0.0000,0.9354
262,59,33,0.8434,0.00004609,0.0000,5.9956,59.3565,0.0000,0.9366
263,76,15,0.8428,0.00004607,0.0000,7.2011,59.8913,0.0000,0.9229
264,79,38,0.8422,0.00004606,0.0000,6.8083,63.5436,0.0000,0.9301
265,75,48,0.8416,0.00004604,0.0000,5.6769,59.5964,0.0000,0.9473
266,62,14,0.8410,0.00004603,0.0000,7.2983,64.3274,0.0000,0.9263
267,81,21,0.8404,0.00004601,0.0000,6.3261,65.8399,0.0000,0.9256
268,182,33,0.8398,0.00004600,0.0000,6.6430,72.5050,0.0000,0.9318
269,75,52,0.8392,0.00004598,0.0000,7.0663,67.1162,0.0000,0.9339
270,45,11,0.8392,0.00004598,0.0000,5.3640,63.3049,0.0000,0.9460
271,102,22,0.8380,0.00004595,0.0000,4.9646,70.4912,0.0000,0.9489
272,42,9,0.8374,0.00004593,0.0000,7.6196,65.8937,0.0000,0.9201
273,56,11,0.8368,0.00004592,0.0000,6.4407,66.4890,0.0000,0.9375
274,39,34,0.8362,0.00004591,0.0000,6.3430,66.2331,0.0000,0.9375
275,288,23,0.8356,0.00004589,0.0000,6.7237,75.6979,0.0000,0.9307
276,57,33,0.8350,0.00004588,0.0000,6.7705,69.4462,0.0000,0.9366
277,50,20,0.8344,0.00004586,0.0000,6.4775,62.1087,0.0000,0.9281
278,58,14,0.8338,0.00004585,0.0000,6.5034,63.8111,0.0000,0.9241
279,92,17,0.8332,0.00004583,0.0000,7.4762,64.9722,0.0000,0.9265
280,59,14,0.8326,0.00004582,0.0000,6.8558,66.1315,0.0000,0.9353
281,31,15,0.8326,0.00004582,0.0000,7.4580,64.5221,0.0000,0.9271
282,84,13,0.8314,0.00004579,0.0000,5.2533,72.5260,0.0000,0.9447
283,76,14,0.8308,0.00004577,0.0000,7.0394,69.7551,0.0000,0.9353
284,86,21,0.8302,0.00004575,0.0000,7.5576,68.1711,0.0000,0.9256
285,44,57,0.8296,0.00004574,0.0000,6.1939,65.4072,0.0000,0.9413
286,56,27,0.8290,0.00004573,0.0000,5.7140,72.3560,0.0000,0.9387
287,36,46,0.8284,0.00004571,0.0000,6.5377,68.7901,0.0000,0.9436
288,56,11,0.8278,0.00004570,0.0000,8.0088,72.8344,0.0000,0.9261
289,84,13,0.8272,0.00004568,0.0000,8.6566,77.0352,0.0000,0.9111
290,52,11,0.8266,0.00004567,0.0000,6.1010,69.4682,0.0000,0.9375
291,56,11,0.8260,0.00004565,0.0000,6.5151,74.6213,0.0000,0.9375
292,51,11,0.8254,0.00004563,0.0000,7.0263,69.4121,0.0000,0.9318
293,130,21,0.8248,0.00004562,0.0000,6.8849,75.0805,0.0000,0.9256
294,57,48,0.8242,0.00004561,0.0000,6.7526,70.5931,0.0000,0.9277
295,46,33,0.8236,0.00004559,0.0000,5.7138,71.5346,0.0000,0.9432
296,84,26,0.8230,0.00004558,0.0000,5.8848,73.2855,0.0000,0.9459
297,76,57,0.8224,0.00004556,0.0000,7.1476,81.5724,0.0000,0.9282
298,71,13,0.8218,0.00004554,0.0000,6.1501,72.7597,0.0000,0.9399
299,129,18,0.8212,0.00004553,0.0000,6.8846,76.6519,0.0000,0.9375
300,314,52,0.8206,0.00004552,0.0000,6.5621,78.0132,0.0000,0.9357
301,116,14,0.8200,0.00004550,0.0000,7.3780,77.7981,0.0000,0.9353
302,44,32,0.8194,0.00004549,0.0000,6.5353,70.7693,0.0000,0.9414
303,54,11,0.8188,0.00004547,0.0000,5.1884,72.6538,0.0000,0.9602
304,52,20,0.8182,0.00004546,0.0000,5.1136,72.2133,0.0000,0.9563
305,161,19,0.8176,0.00004544,0.0000,5.8862,74.2480,0.0000,0.9424
306,98,14,0.8170,0.00004542,0.0000,7.6245,71.7064,0.0000,0.9152
307,42,46,0.8164,0.00004541,0.0000,7.7151,79.0159,0.0000,0.9246
308,114,13,0.8158,0.00004540,0.0000,8.1085,80.2100,0.0000,0.9351
309,110,25,0.8152,0.00004538,0.0000,8.2042,78.5578,0.0000,0.9200
310,43,29,0.8146,0.00004537,0.0000,8.3827,74.6338,0.0000,0.9170
311,33,8,0.8140,0.00004535,0.0000,7.5502,72.6113,0.0000,0.9141
312,77,39,0.8134,0.00004533,0.0000,8.3914,79.8039,0.0000,0.9215
313,33,8,0.8128,0.00004532,0.0000,5.3186,72.8790,0.0000,0.9531
314,33,8,0.8122,0.00004531,0.0000,7.9851,75.1392,0.0000,0.9062
315,80,14,0.8116,0.00004529,0.0000,5.8067,79.6683,0.0000,0.9397
316,208,17,0.8110,0.00004528,0.0000,7.6004,87.6058,0.0000,0.9265
317,51,48,0.8104,0.00004526,0.0000,6.1771,75.0436,0.0000,0.9434
318,124,18,0.8098,0.00004525,0.0000,7.5833,86.7464,0.0000,0.9236
319,39,74,0.8092,0.00004523,0.0000,6.9123,76.1189,0.0000,0.9392
320,58,21,0.8086,0.00004521,0.0000,7.0309,74.4421,0.0000,0.9345
321,60,23,0.8080,0.00004520,0.0000,7.1950,77.9860,0.0000,0.9266
322,103,48,0.8074,0.00004519,0.0000,8.3943,80.1817,0.0000,0.9206
323,34,41,0.8068,0.00004517,0.0000,6.4080,75.1013,0.0000,0.9352
324,51,26,0.8062,0.00004516,0.0000,9.5311,77.0264,0.0000,0.9147
325,86,41,0.8056,0.00004514,0.0000,6.8829,79.1397,0.0000,0.9459
326,33,8,0.8050,0.00004512,0.0000,6.5051,79.0143,0.0000,0.9414
327,38,10,0.8044,0.00004511,0.0000,8.1710,81.6031,0.0000,0.9156
328,46,33,0.8038,0.00004510,0.0000,7.1482,78.9312,0.0000,0.9470
329,66,14,0.8032,0.00004508,0.0000,6.7348,81.4985,0.0000,0.9308
330,37,30,0.8026,0.00004507,0.0000,7.2490,80.0156,0.0000,0.9365
331,38,20,0.8026,0.00004507,0.0000,6.3443,78.4606,0.0000,0.9469
332,34,8,0.8014,0.00004504,0.0000,6.9763,79.4967,0.0000,0.9414
333,35,51,0.8008,0.00004502,0.0000,6.9731,82.6584,0.0000,0.9406
334,40,44,0.8002,0.00004501,0.0000,5.7391,83.1040,0.0000,0.9524
335,134,29,0.7996,0.00004499,0.0000,8.7158,85.8008,0.0000,0.9149
336,160,26,0.7990,0.00004498,0.0000,7.6797,86.7937,0.0000,0.9363
337,50,11,0.7984,0.00004496,0.0000,8.2057,76.8215,0.0000,0.9233
338,59,23,0.7978,0.00004495,0.0000,6.3843,77.8447,0.0000,0.9457
339,452,36,0.7972,0.00004493,0.0000,6.6447,93.1079,0.0000,0.9488
340,53,11,0.7966,0.00004491,0.0000,7.3184,84.2379,0.0000,0.9290
341,134,19,0.7960,0.00004490,0.0000,6.4523,86.2447,0.0000,0.9342
342,166,17,0.7954,0.00004489,0.0000,9.4957,89.9779,0.0000,0.9154
343,39,26,0.7948,0.00004487,0.0000,9.3416,80.0369,0.0000,0.9195
344,85,13,0.7942,0.00004486,0.0000,5.7131,88.4055,0.0000,0.9375
345,210,22,0.7936,0.00004484,0.0000,7.4233,93.8758,0.0000,0.9332
346,75,14,0.7930,0.00004483,0.0000,7.3441,85.9370,0.0000,0.9375
347,59,23,0.7924,0.00004481,0.0000,7.0893,80.6292,0.0000,0.9389
348,70,11,0.7918,0.00004480,0.0000,7.7406,89.3351,0.0000,0.9347
349,41,21,0.7918,0.00004480,0.0000,9.2182,85.4566,0.0000,0.9330
350,41,22,0.7906,0.00004477,0.0000,5.7059,86.8206,0.0000,0.9531
351,35,7,0.7900,0.00004475,0.0000,9.7027,85.0516,0.0000,0.9286
352,121,36,0.7894,0.00004474,0.0000,7.6517,94.0369,0.0000,0.9297
353,74,14,0.7888,0.00004472,0.0000,6.9685,89.1787,0.0000,0.9464
354,63,23,0.7882,0.00004470,0.0000,7.5859,86.0452,0.0000,0.9402
355,84,14,0.7876,0.00004469,0.0000,7.8393,96.8658,0.0000,0.9420
356,64,81,0.7870,0.00004468,0.0000,7.8788,87.4913,0.0000,0.9302
357,33,8,0.7864,0.00004466,0.0000,5.9453,85.4981,0.0000,0.9453
358,76,14,0.7858,0.00004465,0.0000,8.9858,90.3494,0.0000,0.9330
359,31,8,0.7852,0.00004463,0.0000,6.2667,84.8708,0.0000,0.9570
360,54,109,0.7846,0.00004461,0.0000,7.4679,88.6803,0.0000,0.9404
361,50,43,0.7840,0.00004460,0.0000,6.4616,88.9184,0.0000,0.9331
362,91,14,0.7834,0.00004459,0.0000,7.2483,86.3409,0.0000,0.9353
363,470,19,0.7828,0.00004457,0.0000,7.5577,105.7190,0.0000,0.9309
364,58,11,0.7822,0.00004456,0.0000,7.1504,92.9118,0.0000,0.9318
365,54,11,0.7816,0.00004454,0.0000,5.7814,92.7389,0.0000,0.9631
366,20,83,0.7810,0.00004452,0.0000,7.9839,88.9793,0.0000,0.9330
367,77,18,0.7804,0.00004451,0.0000,7.2510,90.8111,0.0000,0.9497
368,55,33,0.7798,0.00004450,0.0000,7.4905,94.5247,0.0000,0.9375
369,167,37,0.7792,0.00004448,0.0000,8.8069,100.4768,0.0000,0.9299
370,81,24,0.7786,0.00004447,0.0000,6.2821,97.2895,0.0000,0.9466
371,38,22,0.7780,0.00004445,0.0000,8.4512,92.5482,0.0000,0.9347
372,52,22,0.7774,0.00004444,0.0000,8.2038,91.8247,0.0000,0.9375
373,87,24,0.7768,0.00004442,0.0000,7.2629,96.3777,0.0000,0.9414
374,85,31,0.7762,0.00004440,0.0000,9.3543,95.5004,0.0000,0.9163
375,67,11,0.7756,0.00004439,0.0000,9.7057,95.1833,0.0000,0.9290
376,40,11,0.7750,0.00004438,0.0000,8.6136,93.7431,0.0000,0.9318
377,66,11,0.7744,0.00004436,0.0000,9.2677,89.5433,0.0000,0.9176
378,42,41,0.7738,0.00004435,0.0000,7.0948,94.7984,0.0000,0.9436
379,126,45,0.7732,0.00004433,0.0000,8.1986,94.9546,0.0000,0.9382
380,45,11,0.7726,0.00004432,0.0000,8.5292,96.7724,0.0000,0.9261
381,43,11,0.7720,0.00004430,0.0000,10.9962,93.2297,0.0000,0.9176
382,44,10,0.7714,0.00004429,0.0000,7.5310,94.8894,0.0000,0.9469
383,33,30,0.7708,0.00004427,0.0000,8.0868,93.8681,0.0000,0.9385
384,116,39,0.7702,0.00004426,0.0000,7.3867,96.0105,0.0000,0.9343
385,140,17,0.7696,0.00004424,0.0000,11.3771,103.1675,0.0000,0.9044
386,33,21,0.7690,0.00004423,0.0000,8.8465,99.0444,0.0000,0.9330
387,37,10,0.7684,0.00004421,0.0000,9.6186,96.0983,0.0000,0.9187
388,72,26,0.7678,0.00004419,0.0000,7.6261,97.6250,0.0000,0.9411
389,102,26,0.7672,0.00004418,0.0000,8.2018,97.1195,0.0000,0.9327
390,50,20,0.7666,0.00004417,0.0000,10.4684,96.7622,0.0000,0.9141
391,44,29,0.7660,0.00004415,0.0000,7.7180,98.5163,0.0000,0.9461
392,34,26,0.7654,0.00004414,0.0000,10.2633,95.0554,0.0000,0.9291
393,62,32,0.7648,0.00004412,0.0000,9.9631,97.6576,0.0000,0.9209
394,59,23,0.7642,0.00004410,0.0000,8.3083,100.0123,0.0000,0.9334
395,56,50,0.7636,0.00004409,0.0000,8.9158,104.8528,0.0000,0.9294
396,45,13,0.7630,0.00004408,0.0000,5.6745,100.0402,0.0000,0.9471
397,128,29,0.7624,0.00004406,0.0000,7.8644,105.6327,0.0000,0.9353
398,40,11,0.7618,0.00004405,0.0000,6.6813,98.9460,0.0000,0.9631
399,30,23,0.7612,0.00004403,0.0000,8.1362,95.3839,0.0000,0.9321
400,79,17,0.7606,0.00004402,0.0000,7.4915,102.5585,0.0000,0.9485
401,46,11,0.7600,0.00004400,0.0000,9.9262,99.7493,0.0000,0.9091
402,63,42,0.7594,0.00004398,0.0000,6.8481,100.0787,0.0000,0.9435
403,33,60,0.7588,0.00004397,0.0000,8.0731,97.9288,0.0000,0.9432
404,192,31,0.7582,0.00004396,0.0000,7.4258,106.0894,0.0000,0.9325
405,54,11,0.7576,0.00004394,0.0000,5.3515,103.7506,0.0000,0.9517
406,58,13,0.7570,0.00004393,0.0000,6.8520,102.0786,0.0000,0.9423
407,43,24,0.7570,0.00004393,0.0000,7.6239,105.3739,0.0000,0.9297
408,58,22,0.7558,0.00004389,0.0000,10.7250,106.7725,0.0000,0.9276
409,30,24,0.7552,0.00004388,0.0000,9.1464,100.7378,0.0000,0.9297
410,26,5,0.7546,0.00004387,0.0000,9.6182,105.6821,0.0000,0.9250
411,87,45,0.7540,0.00004385,0.0000,8.9607,109.2359,0.0000,0.9375
412,51,8,0.7534,0.00004384,0.0000,8.5261,111.3708,0.0000,0.9414
413,93,52,0.7528,0.00004382,0.0000,7.4785,103.3268,0.0000,0.9333
414,30,8,0.7522,0.00004381,0.0000,11.3101,104.8291,0.0000,0.9375
415,43,23,0.7516,0.00004379,0.0000,7.1449,108.8816,0.0000,0.9416
416,61,13,0.7510,0.00004378,0.0000,8.1040,108.2895,0.0000,0.9447
417,61,14,0.7504,0.00004376,0.0000,9.6559,131.8917,0.0000,0.9263
418,62,15,0.7498,0.00004375,0.0000,9.5760,106.0531,0.0000,0.9313
419,32,35,0.7492,0.00004373,0.0000,8.3865,109.2811,0.0000,0.9339
420,34,15,0.7486,0.00004372,0.0000,9.0110,104.3832,0.0000,0.9271
421,115,34,0.7480,0.00004370,0.0000,7.9616,108.5938,0.0000,0.9347
422,248,21,0.7474,0.00004368,0.0000,8.2688,120.3772,0.0000,0.9330
423,55,11,0.7468,0.00004367,0.0000,9.8358,104.7956,0.0000,0.9176
424,112,45,0.7462,0.00004366,0.0000,8.3893,109.8289,0.0000,0.9313
425,33,8,0.7456,0.00004364,0.0000,8.6451,99.6714,0.0000,0.9297
426,104,47,0.7450,0.00004363,0.0000,6.9439,106.0491,0.0000,0.9388
427,63,35,0.7444,0.00004361,0.0000,9.9748,111.9976,0.0000,0.9286
428,43,9,0.7438,0.00004360,0.0000,8.7575,113.9232,0.0000,0.9306
429,59,12,0.7432,0.00004358,0.0000,8.7506,115.9975,0.0000,0.9375
430,43,33,0.7426,0.00004357,0.0000,9.6012,115.1298,0.0000,0.9309
431,118,26,0.7420,0.00004355,0.0000,10.2514,117.3043,0.0000,0.9207
432,33,48,0.7414,0.00004354,0.0000,8.9152,115.1984,0.0000,0.9303
433,117,17,0.7408,0.00004352,0.0000,10.3731,115.2903,0.0000,0.9228
434,53,20,0.7402,0.00004351,0.0000,8.6947,110.8663,0.0000,0.9297
435,55,20,0.7396,0.00004349,0.0000,8.6794,111.1089,0.0000,0.9266
436,61,11,0.7396,0.00004349,0.0000,10.4779,122.4810,0.0000,0.9233
437,85,23,0.7384,0.00004346,0.0000,10.0753,114.1751,0.0000,0.9266
438,35,8,0.7378,0.00004345,0.0000,11.4730,111.8743,0.0000,0.8945
439,37,41,0.7372,0.00004343,0.0000,8.5439,110.7449,0.0000,0.9398
440,36,10,0.7366,0.00004342,0.0000,8.8790,112.0108,0.0000,0.9281
441,42,11,0.7360,0.00004340,0.0000,6.6506,114.5874,0.0000,0.9545
442,144,20,0.7354,0.00004339,0.0000,7.8898,115.9228,0.0000,0.9391
443,82,12,0.7354,0.00004339,0.0000,8.8938,117.8184,0.0000,0.9349
444,36,8,0.7342,0.00004336,0.0000,10.2454,113.8282,0.0000,0.9258
445,104,42,0.7336,0.00004334,0.0000,9.6119,118.9598,0.0000,0.9249
446,36,8,0.7330,0.00004333,0.0000,6.7493,111.7315,0.0000,0.9492
447,56,31,0.7324,0.00004331,0.0000,8.8771,108.7437,0.0000,0.9325
448,81,14,0.7318,0.00004330,0.0000,11.6045,117.2387,0.0000,0.9174
449,30,18,0.7312,0.00004328,0.0000,9.2369,111.4277,0.0000,0.9340
450,123,51,0.7306,0.00004326,0.0000,8.2557,121.3224,0.0000,0.9430
451,34,8,0.7300,0.00004325,0.0000,8.8231,119.3089,0.0000,0.9375
452,60,40,0.7294,0.00004324,0.0000,10.1893,120.1284,0.0000,0.9328
453,31,20,0.7288,0.00004322,0.0000,8.1753,116.5442,0.0000,0.9406
454,75,13,0.7282,0.00004321,0.0000,8.1216,120.3913,0.0000,0.9399
455,77,14,0.7276,0.00004319,0.0000,11.5423,120.2502,0.0000,0.9085
456,38,10,0.7270,0.00004317,0.0000,8.6516,114.5371,0.0000,0.9281
457,56,77,0.7264,0.00004316,0.0000,9.8737,118.3450,0.0000,0.9257
458,77,25,0.7258,0.00004315,0.0000,10.9749,119.9428,0.0000,0.9263
459,38,16,0.7252,0.00004313,0.0000,11.1273,115.8122,0.0000,0.9297
460,155,17,0.7246,0.00004312,0.0000,10.1241,130.8872,0.0000,0.9357
461,193,23,0.7240,0.00004310,0.0000,10.1696,125.6506,0.0000,0.9185
462,64,22,0.7234,0.00004308,0.0000,8.7233,121.6379,0.0000,0.9375
463,113,34,0.7228,0.00004307,0.0000,10.1487,121.0903,0.0000,0.9228
464,91,34,0.7222,0.00004306,0.0000,8.1823,123.3151,0.0000,0.9384
465,43,10,0.7216,0.00004304,0.0000,8.3030,122.3261,0.0000,0.9406
466,58,80,0.7216,0.00004304,0.0000,10.2734,122.0545,0.0000,0.9215
467,25,5,0.7204,0.00004301,0.0000,5.8464,118.3312,0.0000,0.9437
468,78,11,0.7198,0.00004300,0.0000,13.8120,127.4697,0.0000,0.9119
469,46,46,0.7192,0.00004298,0.0000,8.3727,129.3085,0.0000,0.9307
470,38,11,0.7186,0.00004296,0.0000,7.6714,125.2291,0.0000,0.9489
471,76,22,0.7180,0.00004295,0.0000,11.5973,129.6953,0.0000,0.9205
472,33,8,0.7174,0.00004294,0.0000,10.9426,123.0624,0.0000,0.9102
473,35,8,0.7168,0.00004292,0.0000,11.1125,122.6411,0.0000,0.9258
474,57,47,0.7162,0.00004291,0.0000,9.4187,127.6621,0.0000,0.9289
475,41,30,0.7156,0.00004289,0.0000,9.2679,123.3040,0.0000,0.9417
476,41,8,0.7150,0.00004287,0.0000,7.4553,119.8859,0.0000,0.9609
477,37,20,0.7144,0.00004286,0.0000,7.9931,123.3207,0.0000,0.9484
478,77,51,0.7138,0.00004285,0.0000,9.2360,121.6453,0.0000,0.9400
479,38,28,0.7132,0.00004283,0.0000,11.3703,128.6999,0.0000,0.9308
480,34,8,0.7126,0.00004282,0.0000,7.7772,125.3666,0.0000,0.9453
481,56,35,0.7120,0.00004280,0.0000,9.8692,125.2586,0.0000,0.9277
482,174,20,0.7114,0.00004279,0.0000,9.9818,126.4827,0.0000,0.9250
483,38,9,0.7108,0.00004277,0.0000,10.2278,122.4709,0.0000,0.9097
484,53,11,0.7102,0.00004275,0.0000,10.1808,124.4116,0.0000,0.9290
485,60,13,0.7096,0.00004274,0.0000,11.5856,131.8881,0.0000,0.9375
486,40,40,0.7096,0.00004274,0.0000,8.9344,126.6315,0.0000,0.9305
487,58,21,0.7084,0.00004271,0.0000,8.8878,128.0451,0.0000,0.9360
488,35,42,0.7078,0.00004270,0.0000,10.1283,127.9565,0.0000,0.9263
489,54,8,0.7072,0.00004268,0.0000,6.3344,134.9269,0.0000,0.9492
490,42,11,0.7066,0.00004266,0.0000,10.4392,129.7753,0.0000,0.9290
491,102,17,0.7060,0.00004265,0.0000,12.4228,130.3760,0.0000,0.9228
492,64,14,0.7054,0.00004264,0.0000,8.5779,128.9964,0.0000,0.9464
493,42,23,0.7048,0.00004262,0.0000,13.2934,130.4155,0.0000,0.9185
494,130,41,0.7042,0.00004261,0.0000,11.0721,132.6348,0.0000,0.9253
495,32,30,0.7036,0.00004259,0.0000,9.0079,132.1619,0.0000,0.9427
496,34,33,0.7030,0.00004258,0.0000,10.4394,128.5374,0.0000,0.9223
497,31,20,0.7024,0.00004256,0.0000,7.8988,131.3899,0.0000,0.9391
498,38,10,0.7024,0.00004256,0.0000,8.8679,129.3695,0.0000,0.9500
499,58,34,0.7012,0.00004253,0.0000,9.6967,139.6464,0.0000,0.9412
500,140,20,0.7006,0.00004252,0.0000,8.3494,147.3731,0.0000,0.9234
501,257,55,0.7000,0.00004250,0.0000,7.6050,134.7901,0.0000,0.9415
502,38,10,0.6994,0.00004249,0.0000,11.9045,131.4041,0.0000,0.9281
503,160,16,0.6988,0.00004247,0.0000,7.3099,135.0321,0.0000,0.9453
504,54,11,0.6982,0.00004245,0.0000,8.7307,130.9393,0.0000,0.9290
505,65,14,0.6976,0.00004244,0.0000,12.4966,137.6383,0.0000,0.9152
506,54,52,0.6970,0.00004243,0.0000,10.6210,137.9023,0.0000,0.9375
507,32,28,0.6964,0.00004241,0.0000,10.2482,130.4183,0.0000,0.9275
508,104,14,0.6958,0.00004240,0.0000,10.8791,140.1021,0.0000,0.9196
509,77,11,0.6952,0.00004238,0.0000,7.6721,138.0133,0.0000,0.9432
510,39,20,0.6946,0.00004237,0.0000,8.9326,133.8961,0.0000,0.9375
511,84,14,0.6940,0.00004235,0.0000,7.6011,140.5821,0.0000,0.9487
512,125,47,0.6934,0.00004234,0.0000,9.5428,139.6800,0.0000,0.9328
513,34,8,0.6928,0.00004232,0.0000,12.0495,130.6902,0.0000,0.9336
514,50,21,0.6922,0.00004231,0.0000,13.4860,137.7172,0.0000,0.9122
515,82,14,0.6916,0.00004229,0.0000,10.7272,140.0902,0.0000,0.9241
516,80,14,0.6910,0.00004228,0.0000,10.4551,140.1892,0.0000,0.9308
517,39,39,0.6904,0.00004226,0.0000,8.7532,141.2827,0.0000,0.9423
518,46,13,0.6904,0.00004226,0.0000,7.5797,138.6083,0.0000,0.9495
519,63,23,0.6892,0.00004223,0.0000,7.6599,143.4393,0.0000,0.9524
520,111,29,0.6886,0.00004222,0.0000,8.4258,139.7991,0.0000,0.9386
521,54,71,0.6880,0.00004220,0.0000,9.1992,140.4882,0.0000,0.9410
522,40,61,0.6874,0.00004219,0.0000,8.4587,141.7430,0.0000,0.9355
523,36,8,0.6868,0.00004217,0.0000,11.5854,136.9927,0.0000,0.9414
524,337,26,0.6862,0.00004216,0.0000,10.8922,153.1312,0.0000,0.9291
525,36,24,0.6856,0.00004214,0.0000,10.3767,149.1661,0.0000,0.9297
526,113,14,0.6850,0.00004213,0.0000,13.9615,145.2643,0.0000,0.9219
527,55,23,0.6844,0.00004211,0.0000,7.9265,138.4314,0.0000,0.9321
528,31,8,0.6838,0.00004210,0.0000,10.0380,138.6258,0.0000,0.9414
529,44,50,0.6832,0.00004208,0.0000,10.3134,141.4080,0.0000,0.9275
530,28,30,0.6832,0.00004208,0.0000,9.7376,139.2429,0.0000,0.9292
531,51,31,0.6820,0.00004205,0.0000,8.8895,139.4590,0.0000,0.9446
532,60,24,0.6814,0.00004203,0.0000,9.3731,142.7631,0.0000,0.9388
533,35,8,0.6808,0.00004202,0.0000,12.7046,143.1431,0.0000,0.9297
534,74,26,0.6802,0.00004201,0.0000,9.6459,146.1449,0.0000,0.9435
535,36,32,0.6796,0.00004199,0.0000,12.0965,141.2862,0.0000,0.9307
536,39,11,0.6790,0.00004198,0.0000,13.7353,146.4976,0.0000,0.9290
537,77,26,0.6784,0.00004196,0.0000,12.9271,149.1399,0.0000,0.9123
538,34,22,0.6778,0.00004195,0.0000,9.7653,144.4955,0.0000,0.9375
539,84,15,0.6772,0.00004193,0.0000,8.7334,150.8197,0.0000,0.9458
540,39,33,0.6766,0.00004192,0.0000,9.6698,146.4344,0.0000,0.9318
541,128,30,0.6760,0.00004190,0.0000,11.4251,151.9144,0.0000,0.9292
542,32,8,0.6754,0.00004189,0.0000,10.8048,146.1765,0.0000,0.9219
543,106,58,0.6754,0.00004189,0.0000,9.8295,149.9346,0.0000,0.9375
544,40,10,0.6742,0.00004185,0.0000,14.7891,148.6419,0.0000,0.9219
545,61,12,0.6736,0.00004184,0.0000,10.4196,148.9202,0.0000,0.9479
546,205,20,0.6730,0.00004183,0.0000,7.7846,160.9656,0.0000,0.9406
547,55,29,0.6724,0.00004181,0.0000,10.7891,147.1551,0.0000,0.9386
548,57,30,0.6718,0.00004180,0.0000,10.5870,143.5374,0.0000,0.9281
549,36,11,0.6712,0.00004178,0.0000,11.9385,145.8167,0.0000,0.9432
550,159,38,0.6706,0.00004177,0.0000,9.2354,150.9135,0.0000,0.9375
551,104,28,0.6700,0.00004175,0.0000,9.5958,148.4329,0.0000,0.9408
552,370,28,0.6694,0.00004173,0.0000,11.1353,164.9496,0.0000,0.9297
553,22,5,0.6688,0.00004172,0.0000,13.3257,146.8446,0.0000,0.9437
554,37,8,0.6682,0.00004171,0.0000,11.0231,148.9169,0.0000,0.9219
555,44,9,0.6676,0.00004169,0.0000,8.3843,155.7911,0.0000,0.9479
556,53,20,0.6670,0.00004168,0.0000,9.7487,152.6616,0.0000,0.9328
557,42,24,0.6664,0.00004166,0.0000,10.6092,151.1218,0.0000,0.9453
558,40,10,0.6658,0.00004164,0.0000,10.3591,155.6655,0.0000,0.9219
559,35,18,0.6652,0.00004163,0.0000,11.6133,152.3224,0.0000,0.9306
560,38,10,0.6646,0.00004162,0.0000,12.4309,150.5940,0.0000,0.9406
561,314,75,0.6640,0.00004160,0.0000,11.6041,157.4245,0.0000,0.9325
562,38,17,0.6634,0.00004159,0.0000,9.8158,152.7248,0.0000,0.9338
563,79,14,0.6628,0.00004157,0.0000,8.7657,164.2372,0.0000,0.9464
564,31,62,0.6622,0.00004156,0.0000,10.7857,163.2629,0.0000,0.9299
565,62,13,0.6616,0.00004154,0.0000,8.1886,159.6383,0.0000,0.9471
566,74,18,0.6610,0.00004153,0.0000,8.2086,155.3645,0.0000,0.9375
567,34,31,0.6604,0.00004151,0.0000,10.6057,151.4655,0.0000,0.9355
568,29,8,0.6598,0.00004150,0.0000,12.8376,145.8834,0.0000,0.9102
569,55,11,0.6592,0.00004148,0.0000,12.7523,155.4333,0.0000,0.9403
570,37,8,0.6586,0.00004147,0.0000,6.7532,150.2931,0.0000,0.9648
571,54,11,0.6580,0.00004145,0.0000,12.1335,151.8625,0.0000,0.9148
572,53,11,0.6574,0.00004143,0.0000,12.3286,156.0848,0.0000,0.9261
573,207,20,0.6568,0.00004142,0.0000,10.3666,166.4761,0.0000,0.9406
574,45,8,0.6562,0.00004141,0.0000,10.0047,150.5830,0.0000,0.9336
575,34,8,0.6556,0.00004139,0.0000,10.7016,151.5048,0.0000,0.9258
576,53,22,0.6550,0.00004138,0.0000,11.0668,152.2564,0.0000,0.9361
577,44,18,0.6544,0.00004136,0.0000,12.5506,153.3577,0.0000,0.9149
578,119,14,0.6538,0.00004135,0.0000,7.2214,162.4264,0.0000,0.9643
579,160,20,0.6532,0.00004133,0.0000,11.7811,160.9470,0.0000,0.9297
580,71,13,0.6526,0.00004131,0.0000,15.7664,163.5495,0.0000,0.9038
581,84,15,0.6520,0.00004130,0.0000,11.5581,164.2465,0.0000,0.9313
582,81,50,0.6514,0.00004129,0.0000,11.5031,155.1480,0.0000,0.9263
583,57,24,0.6508,0.00004127,0.0000,12.8647,161.7100,0.0000,0.9219
584,66,46,0.6502,0.00004126,0.0000,9.9429,161.0346,0.0000,0.9429
585,28,8,0.6496,0.00004124,0.0000,8.6989,151.5431,0.0000,0.9453
586,76,11,0.6496,0.00004124,0.0000,10.3053,162.9336,0.0000,0.9290
587,81,29,0.6484,0.00004121,0.0000,10.8862,159.7492,0.0000,0.9364
588,28,38,0.6478,0.00004120,0.0000,10.8976,164.0152,0.0000,0.9326
589,86,34,0.6472,0.00004118,0.0000,8.6999,158.0271,0.0000,0.9476
590,78,43,0.6466,0.00004117,0.0000,11.0950,165.8302,0.0000,0.9310
591,73,34,0.6460,0.00004115,0.0000,10.3599,159.3370,0.0000,0.9412
592,35,63,0.6454,0.00004114,0.0000,11.1764,161.4820,0.0000,0.9281
593,38,32,0.6448,0.00004112,0.0000,13.5054,158.5957,0.0000,0.9199
594,56,14,0.6442,0.00004111,0.0000,12.6496,159.4455,0.0000,0.9286
595,70,27,0.6436,0.00004109,0.0000,13.4332,169.8153,0.0000,0.9375
596,65,30,0.6430,0.00004108,0.0000,11.1805,160.8075,0.0000,0.9281
597,40,18,0.6424,0.00004106,0.0000,13.7968,166.8097,0.0000,0.9184
598,69,29,0.6424,0.00004106,0.0000,11.1129,166.4666,0.0000,0.9300
599,42,21,0.6412,0.00004103,0.0000,12.5171,167.3031,0.0000,0.9122
600,83,31,0.6406,0.00004101,0.0000,10.0028,167.6845,0.0000,0.9425
601,118,26,0.6400,0.00004100,0.0000,12.7716,171.2512,0.0000,0.9279
602,36,23,0.6394,0.00004099,0.0000,12.9867,165.9788,0.0000,0.9321
603,40,10,0.6388,0.00004097,0.0000,11.5196,164.3855,0.0000,0.9406
604,40,37,0.6382,0.00004096,0.0000,12.8255,165.7049,0.0000,0.9248
605,20,5,0.6376,0.00004094,0.0000,13.7667,159.6318,0.0000,0.9500
606,36,8,0.6370,0.00004093,0.0000,10.8769,163.9267,0.0000,0.9258
607,35,35,0.6364,0.00004091,0.0000,12.3527,165.5812,0.0000,0.9223
608,34,8,0.6358,0.00004090,0.0000,13.4782,163.4378,0.0000,0.9219
609,39,26,0.6352,0.00004088,0.0000,10.8137,167.1140,0.0000,0.9363
610,33,20,0.6346,0.00004087,0.0000,16.4069,165.5770,0.0000,0.9125
611,36,21,0.6340,0.00004085,0.0000,11.1074,166.4659,0.0000,0.9345
612,35,8,0.6334,0.00004083,0.0000,6.7787,160.7411,0.0000,0.9648
613,57,11,0.6334,0.00004083,0.0000,9.2733,168.4384,0.0000,0.9432
614,38,14,0.6334,0.00004083,0.0000,9.2096,166.0885,0.0000,0.9420
615,32,8,0.6316,0.00004079,0.0000,11.2497,160.7508,0.0000,0.9258
616,107,16,0.6310,0.00004078,0.0000,14.8302,174.3765,0.0000,0.9297
617,226,32,0.6304,0.00004076,0.0000,12.4874,177.1886,0.0000,0.9277
618,233,21,0.6298,0.00004075,0.0000,11.5792,182.6028,0.0000,0.9226
619,36,8,0.6292,0.00004073,0.0000,9.1340,167.3545,0.0000,0.9414
620,118,26,0.6286,0.00004071,0.0000,10.0242,171.3919,0.0000,0.9363
621,36,9,0.6280,0.00004070,0.0000,14.2678,170.8113,0.0000,0.9236
622,56,36,0.6274,0.00004069,0.0000,12.1571,182.9536,0.0000,0.9262
623,39,25,0.6268,0.00004067,0.0000,9.6622,181.6876,0.0000,0.9463
624,123,23,0.6262,0.00004066,0.0000,8.8802,183.8293,0.0000,0.9429
625,49,48,0.6256,0.00004064,0.0000,10.4088,174.3998,0.0000,0.9362
626,38,8,0.6250,0.00004062,0.0000,10.8847,181.8833,0.0000,0.9453
627,58,14,0.6244,0.00004061,0.0000,14.4173,171.4236,0.0000,0.9219
628,57,29,0.6238,0.00004060,0.0000,11.0353,175.5812,0.0000,0.9375
629,163,26,0.6232,0.00004058,0.0000,13.3275,178.1804,0.0000,0.9255
630,41,11,0.6226,0.00004057,0.0000,9.6253,173.3558,0.0000,0.9375
631,37,35,0.6220,0.00004055,0.0000,10.8415,179.2226,0.0000,0.9339
632,95,14,0.6214,0.00004054,0.0000,11.7426,179.5015,0.0000,0.9375
633,82,26,0.6208,0.00004052,0.0000,12.4065,177.6855,0.0000,0.9387
634,210,23,0.6202,0.00004051,0.0000,12.3650,185.6637,0.0000,0.9293
635,29,8,0.6196,0.00004049,0.0000,10.6797,168.9605,0.0000,0.9414
636,115,17,0.6190,0.00004048,0.0000,10.6553,180.3457,0.0000,0.9430
637,43,18,0.6184,0.00004046,0.0000,13.0062,175.1245,0.0000,0.9340
638,104,16,0.6178,0.00004045,0.0000,10.8981,181.4240,0.0000,0.9297
639,23,15,0.6172,0.00004043,0.0000,10.0681,169.1360,0.0000,0.9458
640,56,51,0.6172,0.00004043,0.0000,13.7118,174.9135,0.0000,0.9283
641,33,42,0.6160,0.00004040,0.0000,13.4047,179.4105,0.0000,0.9301
642,29,8,0.6154,0.00004039,0.0000,10.1439,168.0339,0.0000,0.9492
643,37,10,0.6148,0.00004037,0.0000,14.1477,170.7724,0.0000,0.9250
644,55,14,0.6142,0.00004036,0.0000,13.6430,171.7114,0.0000,0.9219
645,42,11,0.6142,0.00004036,0.0000,13.9754,178.9984,0.0000,0.9261
646,37,11,0.6130,0.00004033,0.0000,11.4140,169.8220,0.0000,0.9517
647,118,34,0.6124,0.00004031,0.0000,12.4031,180.5685,0.0000,0.9256
648,125,17,0.6118,0.00004029,0.0000,9.2727,188.9036,0.0000,0.9540
649,224,20,0.6112,0.00004028,0.0000,13.2193,197.0152,0.0000,0.9219
650,37,20,0.6106,0.00004027,0.0000,14.1759,184.8201,0.0000,0.9187
651,43,18,0.6100,0.00004025,0.0000,12.0137,181.4512,0.0000,0.9392
652,91,15,0.6100,0.00004025,0.0000,13.5999,194.9704,0.0000,0.9333
653,59,11,0.6088,0.00004022,0.0000,15.2207,188.3195,0.0000,0.9119
654,26,8,0.6082,0.00004020,0.0000,16.0976,171.6568,0.0000,0.9141
655,37,10,0.6076,0.00004019,0.0000,7.9248,177.1112,0.0000,0.9594
656,56,31,0.6076,0.00004019,0.0000,13.7895,179.7297,0.0000,0.9315
657,304,23,0.6064,0.00004016,0.0000,14.4543,200.1223,0.0000,0.9185
658,243,23,0.6064,0.00004016,0.0000,13.1379,200.9553,0.0000,0.9266
659,52,9,0.6052,0.00004013,0.0000,8.4939,180.3664,0.0000,0.9549
660,41,11,0.6046,0.00004012,0.0000,10.4275,181.5921,0.0000,0.9318
661,33,8,0.6040,0.00004010,0.0000,11.6237,177.5874,0.0000,0.9102
662,28,8,0.6034,0.00004008,0.0000,13.4233,176.7034,0.0000,0.9375
663,50,11,0.6028,0.00004007,0.0000,13.7651,180.7672,0.0000,0.9261
664,110,24,0.6022,0.00004006,0.0000,9.6141,183.6853,0.0000,0.9401
665,28,7,0.6016,0.00004004,0.0000,9.5597,176.0421,0.0000,0.9286
666,65,16,0.6010,0.00004002,0.0000,12.8556,186.4176,0.0000,0.9336
667,62,14,0.6004,0.00004001,0.0000,14.4474,189.7463,0.0000,0.9174
668,85,48,0.5998,0.00003999,0.0000,13.2620,186.6981,0.0000,0.9225
669,42,8,0.5992,0.00003998,0.0000,14.4336,174.8539,0.0000,0.9336
670,124,33,0.5986,0.00003997,0.0000,12.6512,190.2133,0.0000,0.9356
671,125,18,0.5980,0.00003995,0.0000,13.7498,184.5322,0.0000,0.9410
672,32,8,0.5974,0.00003994,0.0000,9.5720,178.6691,0.0000,0.9492
673,39,18,0.5974,0.00003994,0.0000,10.6842,175.0298,0.0000,0.9479
674,43,10,0.5962,0.00003991,0.0000,16.3305,188.7198,0.0000,0.9250
675,86,23,0.5956,0.00003989,0.0000,13.4879,188.9605,0.0000,0.9389
676,37,17,0.5950,0.00003988,0.0000,14.5979,186.9777,0.0000,0.9136
677,63,33,0.5944,0.00003986,0.0000,10.4666,193.5239,0.0000,0.9479
678,146,18,0.5938,0.00003985,0.0000,7.8885,196.6153,0.0000,0.9497
679,64,12,0.5932,0.00003983,0.0000,17.1481,192.4315,0.0000,0.9167
680,39,38,0.5926,0.00003982,0.0000,12.1018,192.3497,0.0000,0.9383
681,45,11,0.5920,0.00003980,0.0000,14.5142,183.7920,0.0000,0.9205
682,73,14,0.5914,0.00003978,0.0000,15.7952,196.8475,0.0000,0.9196
683,30,8,0.5908,0.00003977,0.0000,14.6305,184.7817,0.0000,0.9414
684,87,29,0.5902,0.00003976,0.0000,14.5445,187.8638,0.0000,0.9246
685,45,30,0.5896,0.00003974,0.0000,14.5426,193.9850,0.0000,0.9219
686,54,19,0.5890,0.00003973,0.0000,9.9967,191.9231,0.0000,0.9539
687,36,27,0.5884,0.00003971,0.0000,13.4028,197.3052,0.0000,0.9306
688,38,23,0.5878,0.00003970,0.0000,13.9741,194.6950,0.0000,0.9280
689,82,17,0.5872,0.00003968,0.0000,15.0362,198.0705,0.0000,0.9283
690,42,8,0.5866,0.00003967,0.0000,15.0020,185.3097,0.0000,0.9141
691,222,33,0.5860,0.00003965,0.0000,12.0486,194.2344,0.0000,0.9299
692,42,11,0.5854,0.00003964,0.0000,15.1507,195.7071,0.0000,0.9233
693,41,11,0.5848,0.00003962,0.0000,14.3814,188.7474,0.0000,0.9205
694,115,15,0.5842,0.00003960,0.0000,13.2342,194.8953,0.0000,0.9271
695,58,21,0.5836,0.00003959,0.0000,14.4992,191.3394,0.0000,0.9211
696,54,47,0.5830,0.00003957,0.0000,15.5933,199.2709,0.0000,0.9242
697,82,13,0.5824,0.00003956,0.0000,14.6189,190.9450,0.0000,0.9255
698,43,36,0.5818,0.00003955,0.0000,15.5438,194.5172,0.0000,0.9236
699,199,35,0.5812,0.00003953,0.0000,14.5711,202.9255,0.0000,0.9348
700,51,30,0.5806,0.00003952,0.0000,9.3765,196.1678,0.0000,0.9385
701,131,17,0.5800,0.00003950,0.0000,12.3777,208.9324,0.0000,0.9412
702,39,9,0.5794,0.00003949,0.0000,10.8671,195.5114,0.0000,0.9479
703,157,20,0.5788,0.00003947,0.0000,13.5646,204.6900,0.0000,0.9281
704,141,90,0.5782,0.00003946,0.0000,13.3767,198.3214,0.0000,0.9323
705,78,11,0.5776,0.00003944,0.0000,10.6983,201.6120,0.0000,0.9318
706,76,14,0.5770,0.00003943,0.0000,9.3906,202.7783,0.0000,0.9442
707,140,82,0.5764,0.00003941,0.0000,12.6636,201.3805,0.0000,0.9345
708,95,30,0.5758,0.00003939,0.0000,15.1229,206.1694,0.0000,0.9198
709,39,10,0.5752,0.00003938,0.0000,10.9637,201.8883,0.0000,0.9281
710,56,136,0.5746,0.00003937,0.0000,13.2245,198.6890,0.0000,0.9380
711,465,57,0.5740,0.00003935,0.0000,15.6212,210.7493,0.0000,0.9238
712,189,44,0.5734,0.00003934,0.0000,14.2620,207.1791,0.0000,0.9347
713,88,16,0.5728,0.00003932,0.0000,17.6737,202.7098,0.0000,0.9219
714,288,33,0.5722,0.00003931,0.0000,13.6526,211.4275,0.0000,0.9309
715,113,19,0.5716,0.00003929,0.0000,10.3874,202.0918,0.0000,0.9359
716,77,35,0.5710,0.00003927,0.0000,13.9487,202.7356,0.0000,0.9357
717,80,24,0.5704,0.00003926,0.0000,13.7616,201.7997,0.0000,0.9258
718,44,31,0.5698,0.00003925,0.0000,15.9015,201.8096,0.0000,0.9294
719,29,8,0.5692,0.00003923,0.0000,9.0378,196.9546,0.0000,0.9453
720,146,79,0.5686,0.00003922,0.0000,14.9671,215.7157,0.0000,0.9256
721,75,14,0.5680,0.00003920,0.0000,12.1641,205.0095,0.0000,0.9353
722,489,35,0.5674,0.00003918,0.0000,10.6398,223.5332,0.0000,0.9437
723,61,47,0.5668,0.00003917,0.0000,11.9113,204.4741,0.0000,0.9408
724,45,20,0.5662,0.00003916,0.0000,11.8965,203.5678,0.0000,0.9344
725,134,37,0.5656,0.00003914,0.0000,13.9447,213.9360,0.0000,0.9358
726,45,33,0.5650,0.00003913,0.0000,13.8715,211.6022,0.0000,0.9403
727,42,11,0.5644,0.00003911,0.0000,15.4308,209.7160,0.0000,0.9290
728,43,42,0.5638,0.00003910,0.0000,12.4032,214.5407,0.0000,0.9412
729,29,24,0.5632,0.00003908,0.0000,13.4595,216.3611,0.0000,0.9284
730,43,46,0.5626,0.00003906,0.0000,12.9265,214.9424,0.0000,0.9361
731,57,40,0.5620,0.00003905,0.0000,16.0970,219.6817,0.0000,0.9203
732,54,69,0.5620,0.00003905,0.0000,13.1949,211.1598,0.0000,0.9321
733,61,12,0.5608,0.00003902,0.0000,11.1930,216.5275,0.0000,0.9401
734,82,16,0.5602,0.00003901,0.0000,13.0720,216.0839,0.0000,0.9414
735,191,23,0.5596,0.00003899,0.0000,13.5358,217.4826,0.0000,0.9361
736,109,27,0.5590,0.00003897,0.0000,13.9002,210.0813,0.0000,0.9306
737,74,14,0.5584,0.00003896,0.0000,12.2863,217.4775,0.0000,0.9420
738,29,8,0.5578,0.00003895,0.0000,13.6830,202.7607,0.0000,0.9414
739,237,32,0.5572,0.00003893,0.0000,12.9295,215.4375,0.0000,0.9316
740,80,23,0.5566,0.00003892,0.0000,15.1714,204.4320,0.0000,0.9293
741,209,56,0.5560,0.00003890,0.0000,13.1081,217.3472,0.0000,0.9375
742,31,39,0.5554,0.00003889,0.0000,15.7345,208.6766,0.0000,0.9263
743,79,11,0.5554,0.00003889,0.0000,13.8750,220.3259,0.0000,0.9318
744,38,8,0.5542,0.00003885,0.0000,15.3833,221.0494,0.0000,0.9297
745,259,35,0.5536,0.00003884,0.0000,11.3050,226.4619,0.0000,0.9393
746,161,26,0.5530,0.00003883,0.0000,14.5833,220.9371,0.0000,0.9243
747,83,14,0.5524,0.00003881,0.0000,15.9239,218.5502,0.0000,0.9263
748,111,18,0.5518,0.00003880,0.0000,13.6136,218.2370,0.0000,0.9271
749,35,8,0.5512,0.00003878,0.0000,11.6272,215.3282,0.0000,0.9453
750,60,32,0.5506,0.00003876,0.0000,14.9330,226.1926,0.0000,0.9424
751,61,23,0.5500,0.00003875,0.0000,12.1454,222.7150,0.0000,0.9280
752,23,5,0.5494,0.00003874,0.0000,17.5866,208.4988,0.0000,0.9313
753,38,10,0.5488,0.00003872,0.0000,8.8509,217.1112,0.0000,0.9531
754,128,17,0.5482,0.00003871,0.0000,14.4371,225.8368,0.0000,0.9265
755,37,30,0.5476,0.00003869,0.0000,12.1254,221.0384,0.0000,0.9396
756,52,18,0.5470,0.00003868,0.0000,10.5213,211.9198,0.0000,0.9427
757,38,9,0.5464,0.00003866,0.0000,11.8517,213.3824,0.0000,0.9410
758,72,46,0.5458,0.00003865,0.0000,14.8878,221.0007,0.0000,0.9253
759,111,17,0.5452,0.00003863,0.0000,13.2603,230.0239,0.0000,0.9357
760,62,12,0.5446,0.00003862,0.0000,14.4106,226.3770,0.0000,0.9219
761,80,38,0.5440,0.00003860,0.0000,14.2154,220.5167,0.0000,0.9227
762,68,11,0.5434,0.00003859,0.0000,15.2955,224.6202,0.0000,0.9205
763,42,29,0.5428,0.00003857,0.0000,14.3514,213.6255,0.0000,0.9224
764,41,20,0.5422,0.00003855,0.0000,14.0418,218.9088,0.0000,0.9359
765,41,36,0.5416,0.00003854,0.0000,13.0318,222.8689,0.0000,0.9453
766,239,23,0.5410,0.00003853,0.0000,17.6597,234.1521,0.0000,0.9266
767,37,11,0.5404,0.00003851,0.0000,11.3551,216.0108,0.0000,0.9347
768,38,10,0.5398,0.00003850,0.0000,10.9069,219.1647,0.0000,0.9531
769,90,16,0.5392,0.00003848,0.0000,15.9970,228.8107,0.0000,0.9219
770,357,76,0.5386,0.00003846,0.0000,16.3930,225.5537,0.0000,0.9260
771,43,20,0.5380,0.00003845,0.0000,14.9013,225.0608,0.0000,0.9375
772,56,10,0.5374,0.00003844,0.0000,16.9054,232.4330,0.0000,0.9313
773,54,29,0.5368,0.00003842,0.0000,11.6143,225.8781,0.0000,0.9440
774,62,26,0.5362,0.00003841,0.0000,10.6417,227.6475,0.0000,0.9423
775,42,11,0.5356,0.00003839,0.0000,10.7270,222.2273,0.0000,0.9489
776,41,10,0.5350,0.00003837,0.0000,14.1191,224.3312,0.0000,0.9437
777,42,41,0.5344,0.00003836,0.0000,14.8262,226.9563,0.0000,0.9268
778,39,19,0.5338,0.00003834,0.0000,13.3760,220.5602,0.0000,0.9342
779,53,42,0.5332,0.00003833,0.0000,14.1166,226.8310,0.0000,0.9308
780,32,18,0.5326,0.00003832,0.0000,16.5276,219.5071,0.0000,0.9253
781,115,15,0.5320,0.00003830,0.0000,17.8273,230.8167,0.0000,0.9187
782,78,11,0.5314,0.00003829,0.0000,17.1660,227.1333,0.0000,0.9347
783,88,14,0.5308,0.00003827,0.0000,12.7733,228.8484,0.0000,0.9464
784,33,8,0.5302,0.00003825,0.0000,22.1669,220.7389,0.0000,0.8984
785,47,11,0.5296,0.00003824,0.0000,16.5096,222.3984,0.0000,0.9432
786,40,10,0.5290,0.00003823,0.0000,8.6134,232.5744,0.0000,0.9594
787,191,94,0.5284,0.00003821,0.0000,13.1045,229.3035,0.0000,0.9368
788,80,13,0.5278,0.00003820,0.0000,17.1839,235.7133,0.0000,0.9255
789,67,13,0.5272,0.00003818,0.0000,14.8054,229.1938,0.0000,0.9351
790,57,22,0.5266,0.00003816,0.0000,17.4236,229.1023,0.0000,0.9276
791,60,80,0.5260,0.00003815,0.0000,12.7869,234.1054,0.0000,0.9363
792,39,8,0.5254,0.00003813,0.0000,20.5649,231.9949,0.0000,0.9062
793,40,40,0.5248,0.00003812,0.0000,14.0899,234.7469,0.0000,0.9414
794,37,20,0.5242,0.00003811,0.0000,15.1827,228.0837,0.0000,0.9359
795,161,71,0.5236,0.00003809,0.0000,12.7154,228.8070,0.0000,0.9393
796,93,63,0.5236,0.00003809,0.0000,15.3086,242.7476,0.0000,0.9271
797,62,14,0.5224,0.00003806,0.0000,11.3245,229.3206,0.0000,0.9420
798,60,11,0.5218,0.00003805,0.0000,15.9637,231.9481,0.0000,0.9375
799,29,8,0.5212,0.00003803,0.0000,15.3750,221.0297,0.0000,0.9414
800,52,18,0.5206,0.00003802,0.0000,18.6977,226.5053,0.0000,0.9236
801,117,14,0.5200,0.00003800,0.0000,13.7292,240.6702,0.0000,0.9353
802,124,16,0.5194,0.00003799,0.0000,15.3535,230.9857,0.0000,0.9219
803,45,12,0.5188,0.00003797,0.0000,14.4026,235.2377,0.0000,0.9297
804,31,40,0.5182,0.00003795,0.0000,15.1973,236.0841,0.0000,0.9289
805,26,8,0.5176,0.00003794,0.0000,14.9618,223.7512,0.0000,0.9414
806,52,11,0.5170,0.00003793,0.0000,11.3388,238.2892,0.0000,0.9489
807,84,16,0.5164,0.00003791,0.0000,15.5895,233.6257,0.0000,0.9219
808,86,55,0.5158,0.00003790,0.0000,14.9881,237.6332,0.0000,0.9352
809,57,11,0.5152,0.00003788,0.0000,16.5320,241.7386,0.0000,0.9205
810,86,14,0.5146,0.00003787,0.0000,16.2082,243.9247,0.0000,0.9330
811,255,29,0.5140,0.00003785,0.0000,13.7407,247.8329,0.0000,0.9386
812,36,8,0.5134,0.00003784,0.0000,20.7969,234.1039,0.0000,0.9258
813,39,56,0.5128,0.00003782,0.0000,14.4459,242.0602,0.0000,0.9381
814,30,8,0.5122,0.00003781,0.0000,15.8884,232.3822,0.0000,0.9258
815,73,12,0.5116,0.00003779,0.0000,19.4006,241.4997,0.0000,0.9193
816,52,11,0.5110,0.00003778,0.0000,16.3632,236.3997,0.0000,0.9318
817,104,24,0.5104,0.00003776,0.0000,14.0922,237.7195,0.0000,0.9414
818,42,11,0.5098,0.00003774,0.0000,19.4636,242.3952,0.0000,0.9176
819,449,41,0.5092,0.00003773,0.0000,15.6643,253.3932,0.0000,0.9360
820,45,12,0.5086,0.00003772,0.0000,10.7059,239.7953,0.0000,0.9401
821,54,50,0.5080,0.00003770,0.0000,13.5784,236.5021,0.0000,0.9294
822,36,8,0.5074,0.00003769,0.0000,18.7426,238.4424,0.0000,0.9180
823,56,11,0.5068,0.00003767,0.0000,14.4322,252.0396,0.0000,0.9545
824,55,11,0.5062,0.00003766,0.0000,19.5897,242.0729,0.0000,0.9205
825,78,34,0.5056,0.00003764,0.0000,15.6482,246.3966,0.0000,0.9256
826,46,71,0.5050,0.00003762,0.0000,15.2567,241.8814,0.0000,0.9353
827,54,11,0.5044,0.00003761,0.0000,14.1223,251.9216,0.0000,0.9347
828,149,147,0.5038,0.00003760,0.0000,15.3561,248.2368,0.0000,0.9339
829,35,10,0.5032,0.00003758,0.0000,12.7988,275.3218,0.0000,0.9469
830,59,13,0.5026,0.00003757,0.0000,9.1912,243.6964,0.0000,0.9567
831,41,10,0.5020,0.00003755,0.0000,22.7345,246.6548,0.0000,0.8969
832,84,16,0.5014,0.00003753,0.0000,10.1797,258.8713,0.0000,0.9492
833,106,17,0.5008,0.00003752,0.0000,16.0539,251.5002,0.0000,0.9375
834,86,39,0.5002,0.00003751,0.0000,16.4639,246.1752,0.0000,0.9287
835,59,64,0.4996,0.00003749,0.0000,13.8884,249.7220,0.0000,0.9375
836,28,30,0.4990,0.00003748,0.0000,14.8230,248.7487,0.0000,0.9313
837,82,13,0.4984,0.00003746,0.0000,14.6749,251.9514,0.0000,0.9303
838,87,53,0.4978,0.00003744,0.0000,15.3185,261.2358,0.0000,0.9322
839,29,8,0.4972,0.00003743,0.0000,17.4162,241.1621,0.0000,0.9336
840,47,47,0.4966,0.00003742,0.0000,16.9311,254.2532,0.0000,0.9335
841,44,8,0.4960,0.00003740,0.0000,17.9047,262.8938,0.0000,0.9336
842,36,8,0.4954,0.00003739,0.0000,17.5109,249.3119,0.0000,0.9297
843,36,30,0.4948,0.00003737,0.0000,14.2289,250.5331,0.0000,0.9323
844,68,13,0.4942,0.00003735,0.0000,16.4238,254.0099,0.0000,0.9279
845,33,10,0.4936,0.00003734,0.0000,14.3434,248.8152,0.0000,0.9313
846,111,24,0.4930,0.00003732,0.0000,14.1082,259.2489,0.0000,0.9310
847,166,78,0.4924,0.00003731,0.0000,15.5368,251.0798,0.0000,0.9279
848,38,11,0.4918,0.00003730,0.0000,13.7846,249.9012,0.0000,0.9205
849,74,14,0.4912,0.00003728,0.0000,11.0254,255.1065,0.0000,0.9397
850,43,23,0.4906,0.00003727,0.0000,12.1030,258.3212,0.0000,0.9416
851,124,21,0.4900,0.00003725,0.0000,12.1737,255.0260,0.0000,0.9494
852,30,38,0.4894,0.00003724,0.0000,17.9187,259.2739,0.0000,0.9350
853,72,45,0.4888,0.00003722,0.0000,15.5880,253.5861,0.0000,0.9326
854,78,25,0.4882,0.00003721,0.0000,14.4728,255.1165,0.0000,0.9337
855,51,23,0.4876,0.00003719,0.0000,17.2841,253.9235,0.0000,0.9321
856,423,58,0.4870,0.00003718,0.0000,14.8704,262.3554,0.0000,0.9380
857,36,109,0.4864,0.00003716,0.0000,15.3431,257.3978,0.0000,0.9378
858,114,20,0.4858,0.00003714,0.0000,16.4922,264.3986,0.0000,0.9406
859,287,56,0.4852,0.00003713,0.0000,17.3283,263.5090,0.0000,0.9308
860,107,17,0.4846,0.00003711,0.0000,16.6110,267.0057,0.0000,0.9467
861,34,61,0.4840,0.00003710,0.0000,15.6679,270.1141,0.0000,0.9334
862,33,27,0.4834,0.00003709,0.0000,15.2094,254.6247,0.0000,0.9387
863,40,47,0.4828,0.00003707,0.0000,15.0612,264.0223,0.0000,0.9368
864,167,49,0.4822,0.00003706,0.0000,14.5742,266.4946,0.0000,0.9356
865,56,23,0.4816,0.00003704,0.0000,16.4103,262.6448,0.0000,0.9307
866,483,32,0.4810,0.00003703,0.0000,17.9924,278.3170,0.0000,0.9277
867,118,14,0.4810,0.00003703,0.0000,11.6321,264.0452,0.0000,0.9509
868,40,10,0.4798,0.00003700,0.0000,17.0275,257.8034,0.0000,0.9062
869,36,18,0.4792,0.00003698,0.0000,17.2270,262.0056,0.0000,0.9201
870,40,21,0.4786,0.00003697,0.0000,16.1565,262.3258,0.0000,0.9226
871,545,38,0.4780,0.00003695,0.0000,16.6959,274.6601,0.0000,0.9235
872,83,14,0.4774,0.00003693,0.0000,15.4944,260.5532,0.0000,0.9286
873,57,31,0.4768,0.00003692,0.0000,14.5542,260.3077,0.0000,0.9496
874,54,23,0.4762,0.00003690,0.0000,17.5923,267.4487,0.0000,0.9280
875,52,66,0.4756,0.00003689,0.0000,18.7030,269.2540,0.0000,0.9195
876,30,7,0.4750,0.00003688,0.0000,18.4663,263.2113,0.0000,0.9152
877,58,23,0.4744,0.00003686,0.0000,21.8887,266.4802,0.0000,0.9117
878,31,20,0.4738,0.00003685,0.0000,14.4860,269.6117,0.0000,0.9297
879,34,8,0.4738,0.00003685,0.0000,22.1329,265.9006,0.0000,0.9336
880,41,11,0.4726,0.00003682,0.0000,13.4737,270.1359,0.0000,0.9517
881,40,10,0.4726,0.00003682,0.0000,8.9516,262.6668,0.0000,0.9406
882,34,36,0.4714,0.00003679,0.0000,13.8678,272.5683,0.0000,0.9332
883,257,32,0.4708,0.00003677,0.0000,14.3175,277.3080,0.0000,0.9336
884,43,11,0.4702,0.00003676,0.0000,17.6380,275.4901,0.0000,0.9261
885,54,41,0.4696,0.00003674,0.0000,14.4116,287.5306,0.0000,0.9436
886,26,54,0.4690,0.00003672,0.0000,15.0250,267.4540,0.0000,0.9352
887,162,17,0.4684,0.00003671,0.0000,11.4558,279.5130,0.0000,0.9540
888,32,21,0.4678,0.00003670,0.0000,14.3198,262.8788,0.0000,0.9449
889,52,35,0.4672,0.00003668,0.0000,15.7437,268.7240,0.0000,0.9357
890,53,11,0.4666,0.00003667,0.0000,15.8096,260.8361,0.0000,0.9318
891,90,41,0.4660,0.00003665,0.0000,14.5066,266.8927,0.0000,0.9405
892,132,46,0.4654,0.00003664,0.0000,17.2126,276.9077,0.0000,0.9280
893,169,19,0.4648,0.00003662,0.0000,14.7695,283.5820,0.0000,0.9408
894,167,27,0.4642,0.00003660,0.0000,19.7294,279.3809,0.0000,0.9236
895,61,33,0.4636,0.00003659,0.0000,16.9471,271.2393,0.0000,0.9280
896,60,52,0.4630,0.00003658,0.0000,15.5363,274.8800,0.0000,0.9393
897,219,20,0.4624,0.00003656,0.0000,10.6088,287.2879,0.0000,0.9469
898,38,12,0.4618,0.00003655,0.0000,11.8178,271.7070,0.0000,0.9479
899,54,11,0.4612,0.00003653,0.0000,16.6613,274.7793,0.0000,0.9375
900,58,11,0.4606,0.00003651,0.0000,15.9602,280.9099,0.0000,0.9318
901,300,23,0.4600,0.00003650,0.0000,12.8382,284.4323,0.0000,0.9429
902,29,41,0.4594,0.00003649,0.0000,15.0279,274.1258,0.0000,0.9398
903,43,18,0.4588,0.00003647,0.0000,14.3234,274.2276,0.0000,0.9410
904,339,60,0.4588,0.00003647,0.0000,15.9210,282.7958,0.0000,0.9370
905,34,8,0.4588,0.00003647,0.0000,6.0666,272.1380,0.0000,0.9727
906,16,5,0.4570,0.00003643,0.0000,20.5574,262.2407,0.0000,0.9187
907,40,48,0.4564,0.00003641,0.0000,15.8851,279.9403,0.0000,0.9323
908,41,21,0.4558,0.00003639,0.0000,12.5307,273.3838,0.0000,0.9539
909,51,11,0.4552,0.00003638,0.0000,17.3006,273.7449,0.0000,0.9403
910,116,21,0.4546,0.00003637,0.0000,14.7500,276.4200,0.0000,0.9449
911,42,11,0.4540,0.00003635,0.0000,23.4742,278.5682,0.0000,0.9119
912,48,13,0.4534,0.00003634,0.0000,18.7558,283.3444,0.0000,0.9471
913,43,11,0.4528,0.00003632,0.0000,20.4390,280.8176,0.0000,0.9290
914,85,25,0.4522,0.00003630,0.0000,14.4578,283.1707,0.0000,0.9437
915,205,17,0.4516,0.00003629,0.0000,21.0833,298.0582,0.0000,0.9357
916,52,60,0.4510,0.00003628,0.0000,15.9879,280.7997,0.0000,0.9339
917,73,26,0.4504,0.00003626,0.0000,16.4542,283.8012,0.0000,0.9315
918,164,14,0.4498,0.00003625,0.0000,15.1945,298.3515,0.0000,0.9308
919,41,11,0.4492,0.00003623,0.0000,14.4877,283.8970,0.0000,0.9432
920,126,40,0.4486,0.00003622,0.0000,18.0826,283.1733,0.0000,0.9313
921,38,10,0.4480,0.00003620,0.0000,24.4047,280.1457,0.0000,0.9125
922,353,42,0.4474,0.00003618,0.0000,14.9316,295.3136,0.0000,0.9464
923,85,33,0.4468,0.00003617,0.0000,16.9191,284.8348,0.0000,0.9318
924,58,13,0.4468,0.00003617,0.0000,21.7166,283.7789,0.0000,0.9279
925,43,68,0.4456,0.00003614,0.0000,17.2934,289.8084,0.0000,0.9297
926,59,14,0.4450,0.00003612,0.0000,14.9006,281.9493,0.0000,0.9375
927,58,23,0.4444,0.00003611,0.0000,21.0977,282.6294,0.0000,0.9158
928,123,26,0.4438,0.00003609,0.0000,11.2020,283.8304,0.0000,0.9483
929,169,17,0.4432,0.00003608,0.0000,15.5801,294.7080,0.0000,0.9449
930,28,33,0.4432,0.00003608,0.0000,17.5709,282.5268,0.0000,0.9347
931,109,17,0.4420,0.00003605,0.0000,14.5150,290.4096,0.0000,0.9412
932,51,36,0.4414,0.00003604,0.0000,18.1995,286.9982,0.0000,0.9253
933,43,49,0.4414,0.00003604,0.0000,17.6723,285.5244,0.0000,0.9311
934,51,11,0.4402,0.00003601,0.0000,16.9604,283.0480,0.0000,0.9318
935,34,42,0.4396,0.00003599,0.0000,15.3798,287.6116,0.0000,0.9442
936,38,34,0.4390,0.00003598,0.0000,16.2343,287.3857,0.0000,0.9384
937,58,23,0.4384,0.00003596,0.0000,20.8825,291.9632,0.0000,0.9212
938,124,17,0.4378,0.00003595,0.0000,17.9715,300.7484,0.0000,0.9210
939,60,19,0.4372,0.00003593,0.0000,20.3377,288.7890,0.0000,0.9276
940,36,8,0.4366,0.00003591,0.0000,9.6095,289.8965,0.0000,0.9609
941,233,29,0.4360,0.00003590,0.0000,14.6889,301.5442,0.0000,0.9418
942,34,8,0.4354,0.00003588,0.0000,14.7578,283.6222,0.0000,0.9492
943,56,12,0.4348,0.00003587,0.0000,12.2425,291.6992,0.0000,0.9427
944,113,79,0.4348,0.00003587,0.0000,17.6979,289.8897,0.0000,0.9335
945,40,72,0.4336,0.00003584,0.0000,14.5660,289.8607,0.0000,0.9362
946,41,10,0.4330,0.00003583,0.0000,13.8081,291.0942,0.0000,0.9375
947,38,8,0.4324,0.00003581,0.0000,17.4546,287.2435,0.0000,0.9414
948,81,29,0.4318,0.00003580,0.0000,16.2633,291.5722,0.0000,0.9364
949,252,25,0.4312,0.00003578,0.0000,21.5771,306.0461,0.0000,0.9313
950,170,60,0.4306,0.00003577,0.0000,15.0700,299.5196,0.0000,0.9490
951,18,64,0.4300,0.00003575,0.0000,18.5905,297.4742,0.0000,0.9233
952,422,35,0.4300,0.00003575,0.0000,17.6747,308.9143,0.0000,0.9295
953,198,20,0.4288,0.00003572,0.0000,17.9687,302.3642,0.0000,0.9266
954,36,35,0.4282,0.00003571,0.0000,14.6891,297.0408,0.0000,0.9464
955,50,25,0.4276,0.00003569,0.0000,15.6796,297.6778,0.0000,0.9337
956,48,29,0.4270,0.00003567,0.0000,17.0593,304.9984,0.0000,0.9300
957,105,44,0.4264,0.00003566,0.0000,18.6477,295.4526,0.0000,0.9354
958,41,23,0.4258,0.00003565,0.0000,15.1430,295.3343,0.0000,0.9334
959,120,23,0.4252,0.00003563,0.0000,18.7623,301.4258,0.0000,0.9402
960,214,14,0.4246,0.00003562,0.0000,17.7726,302.6677,0.0000,0.9353
961,41,11,0.4240,0.00003560,0.0000,13.3099,293.4971,0.0000,0.9517
962,214,37,0.4240,0.00003560,0.0000,17.7078,304.3766,0.0000,0.9341
963,112,11,0.4228,0.00003557,0.0000,10.4907,303.9404,0.0000,0.9574
964,55,13,0.4222,0.00003556,0.0000,12.7590,294.9512,0.0000,0.9447
965,75,13,0.4216,0.00003554,0.0000,14.1362,299.8261,0.0000,0.9447
966,88,32,0.4210,0.00003553,0.0000,17.8773,303.5631,0.0000,0.9268
967,62,27,0.4204,0.00003551,0.0000,18.8039,303.9133,0.0000,0.9352
968,176,37,0.4204,0.00003551,0.0000,15.5642,305.1953,0.0000,0.9468
969,124,17,0.4192,0.00003548,0.0000,17.1487,306.0080,0.0000,0.9430
970,412,26,0.4186,0.00003547,0.0000,17.7688,322.8847,0.0000,0.9291
971,383,26,0.4180,0.00003545,0.0000,16.2628,321.5720,0.0000,0.9339
972,662,28,0.4174,0.00003544,0.0000,16.7060,337.6826,0.0000,0.9420
973,36,11,0.4168,0.00003542,0.0000,10.9581,295.6847,0.0000,0.9432
974,50,34,0.4162,0.00003541,0.0000,13.7852,306.5518,0.0000,0.9375
975,54,11,0.4156,0.00003539,0.0000,22.1608,304.7621,0.0000,0.9119
976,42,11,0.4150,0.00003537,0.0000,11.7447,301.7959,0.0000,0.9432
977,22,27,0.4150,0.00003537,0.0000,14.0954,302.8669,0.0000,0.9525
978,36,6,0.4138,0.00003535,0.0000,7.8267,300.8984,0.0000,0.9688
979,86,14,0.4132,0.00003533,0.0000,19.5508,303.1430,0.0000,0.9219
980,59,12,0.4126,0.00003532,0.0000,16.8702,307.9115,0.0000,0.9375
981,121,24,0.4120,0.00003530,0.0000,15.5117,305.0038,0.0000,0.9297
982,32,21,0.4114,0.00003528,0.0000,15.1119,299.9921,0.0000,0.9405
983,35,24,0.4108,0.00003527,0.0000,15.9212,308.3290,0.0000,0.9453
984,33,20,0.4102,0.00003526,0.0000,17.0217,298.5597,0.0000,0.9391
985,807,53,0.4096,0.00003524,0.0000,18.6388,320.0261,0.0000,0.9357
986,118,107,0.4090,0.00003523,0.0000,19.8810,303.6019,0.0000,0.9267
987,20,5,0.4084,0.00003521,0.0000,18.2216,298.4382,0.0000,0.9375
988,88,17,0.4078,0.00003520,0.0000,16.1914,308.0847,0.0000,0.9338
989,41,11,0.4072,0.00003518,0.0000,15.4484,308.9115,0.0000,0.9403
990,41,10,0.4066,0.00003516,0.0000,13.8778,311.9098,0.0000,0.9437
991,62,52,0.4060,0.00003515,0.0000,16.7667,313.3492,0.0000,0.9393
992,234,39,0.4054,0.00003514,0.0000,18.4093,320.8341,0.0000,0.9319
993,39,10,0.4048,0.00003512,0.0000,22.9799,310.7990,0.0000,0.9187
994,127,20,0.4042,0.00003510,0.0000,14.2227,315.1918,0.0000,0.9328
995,87,18,0.4036,0.00003509,0.0000,15.7500,305.0816,0.0000,0.9462
996,57,23,0.4030,0.00003507,0.0000,12.3763,316.8938,0.0000,0.9524
997,61,14,0.4030,0.00003507,0.0000,15.7873,309.4685,0.0000,0.9420
998,173,17,0.4018,0.00003505,0.0000,18.7901,312.2769,0.0000,0.9449
999,32,24,0.4012,0.00003503,0.0000,19.3111,304.8485,0.0000,0.9336
1000,48,22,0.4012,0.00003503,0.0000,15.2938,307.9924,0.0000,0.9474
1001,286,29,0.4000,0.00003500,0.0000,15.7734,315.5930,0.0000,0.9429
1002,31,8,0.3994,0.00003499,0.0000,16.4337,302.1466,0.0000,0.9336
1003,61,13,0.3988,0.00003497,0.0000,28.3531,314.5250,0.0000,0.9111
1004,47,36,0.3982,0.00003495,0.0000,18.3771,310.9323,0.0000,0.9314
1005,75,37,0.3976,0.00003494,0.0000,19.6922,314.2433,0.0000,0.9333
1006,89,25,0.3970,0.00003493,0.0000,20.1421,313.8087,0.0000,0.9287
1007,50,15,0.3964,0.00003491,0.0000,19.4955,318.6295,0.0000,0.9375
1008,38,39,0.3958,0.00003490,0.0000,17.7156,323.5428,0.0000,0.9399
1009,126,17,0.3952,0.00003488,0.0000,23.5825,328.1684,0.0000,0.9136
1010,156,153,0.3946,0.00003486,0.0000,17.9991,316.0533,0.0000,0.9344
1011,56,11,0.3940,0.00003485,0.0000,20.3798,312.0753,0.0000,0.9176
1012,113,59,0.3934,0.00003484,0.0000,17.6894,313.9678,0.0000,0.9322
1013,39,10,0.3928,0.00003482,0.0000,16.2897,309.1291,0.0000,0.9375
1014,56,41,0.3922,0.00003481,0.0000,22.3010,319.8697,0.0000,0.9268
1015,111,27,0.3916,0.00003479,0.0000,15.4575,319.4756,0.0000,0.9387
1016,56,44,0.3910,0.00003478,0.0000,17.3857,320.3955,0.0000,0.9446
1017,43,11,0.3904,0.00003476,0.0000,14.3207,312.0659,0.0000,0.9347
1018,40,11,0.3898,0.00003475,0.0000,27.6467,316.1516,0.0000,0.9119
1019,47,12,0.3892,0.00003473,0.0000,19.6372,320.5545,0.0000,0.9349
1020,34,8,0.3886,0.00003472,0.0000,16.7787,311.4500,0.0000,0.9492
1021,43,36,0.3880,0.00003470,0.0000,18.9636,318.1919,0.0000,0.9306
1022,213,29,0.3874,0.00003468,0.0000,18.1181,321.3770,0.0000,0.9321
1023,49,11,0.3868,0.00003467,0.0000,14.3765,310.1741,0.0000,0.9375
1024,136,27,0.3862,0.00003465,0.0000,18.4384,318.6498,0.0000,0.9363
1025,227,23,0.3856,0.00003464,0.0000,15.9087,329.1275,0.0000,0.9416
1026,126,14,0.3850,0.00003463,0.0000,14.5626,330.2021,0.0000,0.9420
1027,48,10,0.3844,0.00003461,0.0000,18.9448,317.1020,0.0000,0.9219
1028,60,28,0.3838,0.00003460,0.0000,20.0597,317.3648,0.0000,0.9252
1029,82,27,0.3838,0.00003460,0.0000,20.3641,322.0871,0.0000,0.9329
1030,288,23,0.3826,0.00003456,0.0000,18.4264,329.3650,0.0000,0.9443
1031,56,20,0.3820,0.00003455,0.0000,15.8300,323.6428,0.0000,0.9297
1032,398,28,0.3814,0.00003454,0.0000,20.7375,335.4989,0.0000,0.9241
1033,43,11,0.3814,0.00003454,0.0000,20.6536,321.9216,0.0000,0.9290
1034,39,11,0.3802,0.00003451,0.0000,14.2933,319.7442,0.0000,0.9375
1035,45,12,0.3796,0.00003449,0.0000,17.3514,323.2470,0.0000,0.9089
1036,44,10,0.3790,0.00003447,0.0000,17.7384,323.2587,0.0000,0.9344
1037,32,8,0.3784,0.00003446,0.0000,20.1712,316.4889,0.0000,0.9375
1038,28,23,0.3778,0.00003444,0.0000,16.7470,321.3682,0.0000,0.9361
1039,88,81,0.3772,0.00003443,0.0000,17.2709,323.2078,0.0000,0.9390
1040,45,12,0.3766,0.00003442,0.0000,14.5219,319.9284,0.0000,0.9427
1041,170,17,0.3760,0.00003440,0.0000,13.3699,329.5140,0.0000,0.9540
1042,39,26,0.3754,0.00003439,0.0000,19.2957,320.8896,0.0000,0.9315
1043,39,11,0.3748,0.00003437,0.0000,25.3616,315.0257,0.0000,0.9233
1044,126,17,0.3742,0.00003436,0.0000,20.8253,329.4958,0.0000,0.9338
1045,28,20,0.3736,0.00003434,0.0000,20.9493,317.4159,0.0000,0.9234
1046,31,8,0.3730,0.00003433,0.0000,20.2031,314.3468,0.0000,0.9297
1047,57,42,0.3724,0.00003431,0.0000,16.0287,322.1224,0.0000,0.9368
1048,52,23,0.3718,0.00003430,0.0000,23.3128,321.3343,0.0000,0.9253
1049,118,50,0.3712,0.00003428,0.0000,22.0365,328.0347,0.0000,0.9237
1050,35,16,0.3706,0.00003426,0.0000,12.4708,316.4851,0.0000,0.9453
1051,269,25,0.3700,0.00003425,0.0000,22.9511,333.2012,0.0000,0.9237
1052,167,43,0.3694,0.00003424,0.0000,17.7511,326.9382,0.0000,0.9331
1053,50,11,0.3688,0.00003422,0.0000,21.2357,324.3350,0.0000,0.9062
1054,41,17,0.3682,0.00003421,0.0000,15.2756,322.1831,0.0000,0.9522
1055,106,16,0.3676,0.00003419,0.0000,20.1318,335.0973,0.0000,0.9277
1056,101,17,0.3670,0.00003418,0.0000,24.2708,335.0073,0.0000,0.9228
1057,54,26,0.3664,0.00003416,0.0000,12.3585,325.3727,0.0000,0.9555
1058,68,17,0.3664,0.00003416,0.0000,10.8297,325.1867,0.0000,0.9522
1059,183,28,0.3652,0.00003413,0.0000,18.3590,337.2435,0.0000,0.9397
1060,37,10,0.3646,0.00003412,0.0000,16.6723,320.3628,0.0000,0.9406
1061,36,8,0.3640,0.00003410,0.0000,16.4538,323.8223,0.0000,0.9453
1062,55,25,0.3634,0.00003408,0.0000,16.5371,324.8258,0.0000,0.9450
1063,39,25,0.3634,0.00003408,0.0000,13.7129,329.8802,0.0000,0.9300
1064,180,19,0.3622,0.00003405,0.0000,21.3127,342.4907,0.0000,0.9145
1065,197,23,0.3616,0.00003404,0.0000,16.7995,338.2937,0.0000,0.9402
1066,90,26,0.3610,0.00003403,0.0000,13.7436,328.3194,0.0000,0.9543
1067,47,12,0.3604,0.00003401,0.0000,18.0324,332.8102,0.0000,0.9349
1068,38,40,0.3598,0.00003400,0.0000,15.8196,328.5239,0.0000,0.9445
1069,62,13,0.3592,0.00003398,0.0000,15.1799,326.5939,0.0000,0.9399
1070,35,8,0.3586,0.00003397,0.0000,18.5649,329.7290,0.0000,0.9492
1071,91,15,0.3586,0.00003397,0.0000,15.8541,338.6562,0.0000,0.9354
1072,83,64,0.3574,0.00003394,0.0000,20.0567,333.2964,0.0000,0.9321
1073,80,14,0.3574,0.00003394,0.0000,18.4234,338.1182,0.0000,0.9375
1074,158,17,0.3562,0.00003391,0.0000,20.9026,339.0755,0.0000,0.9320
1075,83,14,0.3556,0.00003389,0.0000,18.4814,338.4837,0.0000,0.9375
1076,172,19,0.3550,0.00003387,0.0000,18.3118,343.6339,0.0000,0.9457
1077,50,22,0.3544,0.00003386,0.0000,18.6220,329.5969,0.0000,0.9304
1078,72,13,0.3538,0.00003384,0.0000,22.2773,338.5466,0.0000,0.9303
1079,20,5,0.3532,0.00003383,0.0000,14.5116,327.5371,0.0000,0.9375
1080,60,14,0.3526,0.00003382,0.0000,18.3524,328.8411,0.0000,0.9308
1081,90,16,0.3520,0.00003380,0.0000,17.3815,333.1484,0.0000,0.9219
1082,123,16,0.3514,0.00003379,0.0000,11.7775,338.9409,0.0000,0.9590
1083,94,19,0.3514,0.00003379,0.0000,14.2932,334.8379,0.0000,0.9326
1084,61,13,0.3502,0.00003376,0.0000,23.0309,331.3037,0.0000,0.9279
1085,33,48,0.3496,0.00003374,0.0000,13.7650,335.2192,0.0000,0.9401
1086,80,26,0.3490,0.00003372,0.0000,18.8044,333.0568,0.0000,0.9351
1087,53,30,0.3484,0.00003371,0.0000,21.1962,338.1208,0.0000,0.9229
1088,31,8,0.3478,0.00003370,0.0000,16.1532,327.0920,0.0000,0.9414
1089,123,16,0.3472,0.00003368,0.0000,20.1958,342.3009,0.0000,0.9336
1090,72,14,0.3466,0.00003366,0.0000,13.9241,336.1303,0.0000,0.9442
1091,356,42,0.3460,0.00003365,0.0000,18.5177,346.5823,0.0000,0.9397
1092,79,14,0.3454,0.00003363,0.0000,17.6555,340.3228,0.0000,0.9397
1093,125,53,0.3454,0.00003363,0.0000,18.4423,335.6778,0.0000,0.9381
1094,54,11,0.3442,0.00003361,0.0000,17.7124,338.7811,0.0000,0.9432
1095,228,41,0.3436,0.00003359,0.0000,18.2050,341.7622,0.0000,0.9360
1096,228,20,0.3430,0.00003358,0.0000,22.1513,347.1130,0.0000,0.9328
1097,58,11,0.3424,0.00003356,0.0000,19.1742,342.0301,0.0000,0.9432
1098,31,30,0.3418,0.00003355,0.0000,20.7159,351.5077,0.0000,0.9281
1099,39,10,0.3412,0.00003353,0.0000,17.1398,336.9724,0.0000,0.9344
1100,49,23,0.3406,0.00003352,0.0000,15.8541,339.4356,0.0000,0.9307
1101,356,51,0.3400,0.00003350,0.0000,16.8357,346.2475,0.0000,0.9308
1102,44,56,0.3394,0.00003349,0.0000,20.9590,346.4399,0.0000,0.9219
1103,33,26,0.3388,0.00003347,0.0000,21.5733,341.7869,0.0000,0.9315
1104,34,67,0.3382,0.00003346,0.0000,18.6853,343.1057,0.0000,0.9370
1105,116,11,0.3376,0.00003344,0.0000,18.9281,351.2520,0.0000,0.9205
1106,27,17,0.3370,0.00003342,0.0000,20.8563,331.8973,0.0000,0.9338
1107,162,29,0.3364,0.00003341,0.0000,16.6318,346.5505,0.0000,0.9472
1108,85,45,0.3358,0.00003340,0.0000,15.6214,344.3957,0.0000,0.9472
1109,56,12,0.3352,0.00003338,0.0000,19.7227,344.7690,0.0000,0.9297
1110,38,11,0.3346,0.00003337,0.0000,25.4406,344.9874,0.0000,0.9119
1111,43,30,0.3340,0.00003335,0.0000,18.5351,339.7990,0.0000,0.9313
1112,32,20,0.3334,0.00003334,0.0000,24.4899,343.8718,0.0000,0.9187
1113,40,11,0.3328,0.00003332,0.0000,22.9356,347.3216,0.0000,0.9375
1114,220,20,0.3322,0.00003331,0.0000,14.3272,354.7598,0.0000,0.9453
1115,76,11,0.3316,0.00003329,0.0000,18.6037,349.1798,0.0000,0.9403
1116,127,25,0.3310,0.00003328,0.0000,20.1131,352.2445,0.0000,0.9313
1117,173,45,0.3304,0.00003326,0.0000,14.7460,354.1028,0.0000,0.9403
1118,63,38,0.3298,0.00003324,0.0000,18.5498,352.6528,0.0000,0.9383
1119,38,41,0.3292,0.00003323,0.0000,19.9297,354.9529,0.0000,0.9398
1120,45,8,0.3286,0.00003321,0.0000,20.6381,345.6420,0.0000,0.9375
1121,58,48,0.3280,0.00003320,0.0000,20.1321,348.1943,0.0000,0.9342
1122,65,14,0.3274,0.00003319,0.0000,21.3979,355.0663,0.0000,0.9286
1123,49,43,0.3268,0.00003317,0.0000,17.4052,348.7502,0.0000,0.9426
1124,119,105,0.3262,0.00003316,0.0000,18.8720,351.0902,0.0000,0.9402
1125,130,29,0.3256,0.00003314,0.0000,20.3607,352.1539,0.0000,0.9246
1126,84,23,0.3250,0.00003313,0.0000,17.5196,354.5524,0.0000,0.9361
1127,57,17,0.3244,0.00003311,0.0000,16.1528,348.3143,0.0000,0.9357
1128,493,106,0.3238,0.00003310,0.0000,20.3784,353.6423,0.0000,0.9266
1129,42,10,0.3232,0.00003308,0.0000,10.4425,360.2866,0.0000,0.9531
1130,41,11,0.3226,0.00003306,0.0000,21.7406,349.5949,0.0000,0.9347
1131,36,9,0.3220,0.00003305,0.0000,19.3914,348.8385,0.0000,0.9306
1132,78,11,0.3214,0.00003303,0.0000,26.0209,351.7188,0.0000,0.9148
1133,39,10,0.3208,0.00003302,0.0000,18.2421,353.0116,0.0000,0.9437
1134,67,25,0.3202,0.00003300,0.0000,23.2899,354.8509,0.0000,0.9287
1135,81,29,0.3196,0.00003299,0.0000,21.3981,360.1195,0.0000,0.9235
1136,465,74,0.3196,0.00003299,0.0000,19.9211,361.2775,0.0000,0.9303
1137,119,17,0.3184,0.00003296,0.0000,20.6505,357.6913,0.0000,0.9265
1138,40,9,0.3178,0.00003295,0.0000,25.6133,353.4943,0.0000,0.9271
1139,40,19,0.3172,0.00003293,0.0000,26.2668,346.5233,0.0000,0.9079
1140,55,11,0.3166,0.00003292,0.0000,15.3645,350.4147,0.0000,0.9403
1141,43,35,0.3160,0.00003290,0.0000,21.2278,351.9212,0.0000,0.9232
1142,58,25,0.3154,0.00003289,0.0000,17.4314,355.5549,0.0000,0.9487
1143,58,39,0.3148,0.00003287,0.0000,16.3686,354.5184,0.0000,0.9375
1144,17,5,0.3142,0.00003285,0.0000,20.8867,340.8061,0.0000,0.9187
1145,117,13,0.3136,0.00003284,0.0000,17.0008,354.7289,0.0000,0.9471
1146,189,20,0.3130,0.00003282,0.0000,17.9097,360.1284,0.0000,0.9406
1147,167,43,0.3124,0.00003281,0.0000,18.4590,362.2716,0.0000,0.9353
1148,34,24,0.3118,0.00003280,0.0000,21.7856,360.6295,0.0000,0.9232
1149,171,32,0.3112,0.00003278,0.0000,18.7932,364.4733,0.0000,0.9404
1150,36,22,0.3106,0.00003277,0.0000,19.2761,356.6513,0.0000,0.9432
1151,161,14,0.3100,0.00003275,0.0000,18.5300,369.0054,0.0000,0.9330
1152,126,17,0.3100,0.00003275,0.0000,19.5736,362.1673,0.0000,0.9301
1153,43,20,0.3088,0.00003272,0.0000,29.0960,358.2781,0.0000,0.9047
1154,85,13,0.3082,0.00003270,0.0000,19.7873,363.3092,0.0000,0.9423
1155,34,34,0.3076,0.00003269,0.0000,21.2917,362.6906,0.0000,0.9347
1156,301,36,0.3070,0.00003268,0.0000,20.6452,367.2866,0.0000,0.9314
1157,78,11,0.3070,0.00003268,0.0000,22.2131,361.8450,0.0000,0.9233
1158,37,68,0.3058,0.00003265,0.0000,19.9616,363.2392,0.0000,0.9380
1159,56,11,0.3052,0.00003263,0.0000,20.4766,362.1282,0.0000,0.9318
1160,442,23,0.3046,0.00003261,0.0000,19.9867,380.2269,0.0000,0.9402
1161,220,23,0.3040,0.00003260,0.0000,22.5223,364.1155,0.0000,0.9226
1162,42,26,0.3034,0.00003259,0.0000,21.2741,360.2630,0.0000,0.9351
1163,73,14,0.3028,0.00003257,0.0000,14.5466,356.4583,0.0000,0.9442
1164,104,18,0.3022,0.00003256,0.0000,25.1909,358.7860,0.0000,0.9236
1165,302,35,0.3016,0.00003254,0.0000,20.5762,362.4403,0.0000,0.9321
1166,46,33,0.3010,0.00003253,0.0000,25.8549,364.7002,0.0000,0.9271
1167,87,28,0.3004,0.00003251,0.0000,18.0058,365.0642,0.0000,0.9408
1168,249,20,0.2998,0.00003249,0.0000,18.7457,372.7202,0.0000,0.9359
1169,63,11,0.2992,0.00003248,0.0000,21.4454,366.8882,0.0000,0.9233
1170,35,11,0.2986,0.00003247,0.0000,17.0934,358.5493,0.0000,0.9489
1171,42,30,0.2980,0.00003245,0.0000,18.7366,372.0544,0.0000,0.9396
1172,40,33,0.2974,0.00003244,0.0000,24.9939,365.5505,0.0000,0.9233
1173,39,10,0.2968,0.00003242,0.0000,21.0374,361.8116,0.0000,0.9313
1174,43,53,0.2962,0.00003240,0.0000,21.2291,365.4506,0.0000,0.9269
1175,85,85,0.2956,0.00003239,0.0000,18.9947,371.1196,0.0000,0.9346
1176,79,48,0.2950,0.00003238,0.0000,21.8497,365.3107,0.0000,0.9238
1177,30,8,0.2944,0.00003236,0.0000,19.2198,359.1116,0.0000,0.9414
1178,39,11,0.2938,0.00003235,0.0000,13.4749,365.1252,0.0000,0.9545
1179,60,94,0.2932,0.00003233,0.0000,19.8361,369.0470,0.0000,0.9355
1180,160,55,0.2926,0.00003232,0.0000,18.2112,374.9530,0.0000,0.9437
1181,240,22,0.2920,0.00003230,0.0000,18.7338,375.6513,0.0000,0.9432
1182,36,8,0.2914,0.00003229,0.0000,16.4184,368.6660,0.0000,0.9336
1183,108,34,0.2908,0.00003227,0.0000,18.1753,369.7137,0.0000,0.9412
1184,125,23,0.2902,0.00003226,0.0000,17.0724,373.1879,0.0000,0.9348
1185,45,12,0.2896,0.00003224,0.0000,21.9245,372.5882,0.0000,0.9323
1186,34,8,0.2890,0.00003222,0.0000,22.1170,369.0397,0.0000,0.9180
1187,59,11,0.2884,0.00003221,0.0000,29.9663,370.6361,0.0000,0.9034
1188,141,35,0.2878,0.00003219,0.0000,18.0533,377.8635,0.0000,0.9411
1189,36,8,0.2872,0.00003218,0.0000,18.9327,370.0973,0.0000,0.9414
1190,39,19,0.2866,0.00003217,0.0000,22.9139,368.7157,0.0000,0.9276
1191,84,14,0.2860,0.00003215,0.0000,23.8841,376.4474,0.0000,0.9263
1192,33,8,0.2854,0.00003214,0.0000,16.4623,368.2082,0.0000,0.9336
1193,59,49,0.2848,0.00003212,0.0000,22.5880,375.5076,0.0000,0.9337
1194,65,31,0.2842,0.00003211,0.0000,19.3496,376.9321,0.0000,0.9345
1195,40,12,0.2836,0.00003209,0.0000,15.9976,368.2104,0.0000,0.9297
1196,64,45,0.2830,0.00003208,0.0000,15.6249,374.6161,0.0000,0.9375
1197,32,21,0.2824,0.00003206,0.0000,20.3618,373.1322,0.0000,0.9405
1198,175,38,0.2818,0.00003204,0.0000,21.1684,371.7131,0.0000,0.9342
1199,43,11,0.2812,0.00003203,0.0000,14.4777,372.2200,0.0000,0.9460
1200,37,9,0.2806,0.00003201,0.0000,19.4408,368.5391,0.0000,0.9271
1201,237,49,0.2800,0.00003200,0.0000,22.2714,372.8050,0.0000,0.9311
1202,64,21,0.2794,0.00003198,0.0000,16.7636,372.7131,0.0000,0.9345
1203,40,11,0.2788,0.00003197,0.0000,22.3662,368.9697,0.0000,0.9318
1204,145,17,0.2782,0.00003196,0.0000,14.7476,378.0464,0.0000,0.9485
1205,166,53,0.2776,0.00003194,0.0000,20.5715,377.1664,0.0000,0.9363
1206,38,8,0.2770,0.00003193,0.0000,17.7604,375.6851,0.0000,0.9375
1207,126,17,0.2764,0.00003191,0.0000,27.0365,384.3309,0.0000,0.9246
1208,39,29,0.2758,0.00003190,0.0000,22.6947,376.9757,0.0000,0.9310
1209,165,17,0.2752,0.00003188,0.0000,19.8614,385.7288,0.0000,0.9228
1210,167,16,0.2746,0.00003187,0.0000,17.6531,383.5580,0.0000,0.9238
1211,47,68,0.2740,0.00003185,0.0000,19.3313,372.0834,0.0000,0.9357
1212,53,12,0.2734,0.00003183,0.0000,9.5258,375.1027,0.0000,0.9531
1213,28,8,0.2728,0.00003182,0.0000,16.2917,369.5176,0.0000,0.9336
1214,36,10,0.2722,0.00003180,0.0000,19.9151,368.3544,0.0000,0.9281
1215,251,23,0.2722,0.00003180,0.0000,17.3239,381.4508,0.0000,0.9416
1216,283,34,0.2710,0.00003177,0.0000,16.4851,379.2378,0.0000,0.9421
1217,55,11,0.2704,0.00003176,0.0000,19.3434,374.7566,0.0000,0.9375
1218,80,14,0.2704,0.00003176,0.0000,20.8654,378.6338,0.0000,0.9353
1219,61,13,0.2692,0.00003173,0.0000,20.5547,375.4577,0.0000,0.9255
1220,94,38,0.2686,0.00003172,0.0000,20.0451,374.8142,0.0000,0.9276
1221,42,53,0.2680,0.00003170,0.0000,25.0170,386.3123,0.0000,0.9269
1222,145,35,0.2674,0.00003169,0.0000,20.6483,379.6650,0.0000,0.9286
1223,36,8,0.2668,0.00003167,0.0000,15.7379,373.9697,0.0000,0.9492
1224,34,8,0.2662,0.00003166,0.0000,18.3588,382.3367,0.0000,0.9258
1225,202,36,0.2656,0.00003164,0.0000,19.6364,390.2801,0.0000,0.9427
1226,177,14,0.2650,0.00003163,0.0000,23.1184,391.3622,0.0000,0.9263
1227,306,48,0.2644,0.00003161,0.0000,21.0032,383.8998,0.0000,0.9349
1228,37,113,0.2644,0.00003161,0.0000,22.0131,383.5047,0.0000,0.9275
1229,218,44,0.2632,0.00003158,0.0000,17.5219,398.4715,0.0000,0.9361
1230,469,28,0.2626,0.00003157,0.0000,22.2436,399.1929,0.0000,0.9208
1231,171,30,0.2620,0.00003155,0.0000,16.7720,385.2878,0.0000,0.9427
1232,168,44,0.2614,0.00003154,0.0000,17.5370,391.2965,0.0000,0.9432
1233,167,17,0.2608,0.00003152,0.0000,13.5760,393.5754,0.0000,0.9596
1234,261,77,0.2602,0.00003151,0.0000,18.7922,389.1188,0.0000,0.9387
1235,36,10,0.2596,0.00003149,0.0000,19.5338,382.2815,0.0000,0.9375
1236,45,145,0.2590,0.00003147,0.0000,19.2808,390.5376,0.0000,0.9377
1237,42,11,0.2584,0.00003146,0.0000,22.4573,389.1439,0.0000,0.9347
1238,73,16,0.2584,0.00003146,0.0000,16.9544,382.2823,0.0000,0.9375
1239,27,20,0.2572,0.00003143,0.0000,25.5412,382.0568,0.0000,0.9297
1240,33,27,0.2566,0.00003142,0.0000,19.5941,383.3605,0.0000,0.9329
1241,58,14,0.2560,0.00003140,0.0000,11.8487,390.2157,0.0000,0.9420
1242,119,58,0.2554,0.00003138,0.0000,17.9846,389.3142,0.0000,0.9429
1243,225,64,0.2548,0.00003137,0.0000,16.2883,401.3352,0.0000,0.9438
1244,35,8,0.2542,0.00003136,0.0000,16.1541,387.4505,0.0000,0.9609
1245,51,45,0.2536,0.00003134,0.0000,24.5206,390.5768,0.0000,0.9257
1246,96,42,0.2530,0.00003133,0.0000,21.8676,391.6158,0.0000,0.9390
1247,56,21,0.2524,0.00003131,0.0000,12.4742,385.9810,0.0000,0.9494
1248,41,8,0.2518,0.00003130,0.0000,15.9032,385.9870,0.0000,0.9414
1249,124,23,0.2512,0.00003128,0.0000,27.7400,386.0930,0.0000,0.9212
1250,90,14,0.2506,0.00003126,0.0000,21.1044,391.9273,0.0000,0.9487
1251,42,50,0.2500,0.00003125,0.0000,20.8174,394.5147,0.0000,0.9387
1252,36,70,0.2494,0.00003124,0.0000,20.4473,392.0733,0.0000,0.9393
1253,61,31,0.2488,0.00003122,0.0000,17.9381,390.5767,0.0000,0.9294
1254,43,50,0.2482,0.00003120,0.0000,21.3883,401.8541,0.0000,0.9344
1255,126,39,0.2476,0.00003119,0.0000,18.0686,397.6177,0.0000,0.9487
1256,40,10,0.2476,0.00003119,0.0000,19.6323,396.2755,0.0000,0.9375
1257,38,20,0.2464,0.00003116,0.0000,22.2403,386.0207,0.0000,0.9313
1258,79,14,0.2458,0.00003115,0.0000,31.8946,392.7481,0.0000,0.9085
1259,124,14,0.2458,0.00003115,0.0000,20.0023,408.0120,0.0000,0.9286
1260,278,44,0.2446,0.00003112,0.0000,21.8472,394.2250,0.0000,0.9297
1261,40,11,0.2440,0.00003110,0.0000,24.3774,384.5308,0.0000,0.9119
1262,43,36,0.2434,0.00003109,0.0000,19.7425,394.1037,0.0000,0.9349
1263,61,26,0.2428,0.00003107,0.0000,22.3965,396.1687,0.0000,0.9327
1264,105,15,0.2428,0.00003107,0.0000,23.1167,401.7480,0.0000,0.9292
1265,53,63,0.2416,0.00003104,0.0000,18.1241,395.6255,0.0000,0.9415
1266,180,20,0.2410,0.00003102,0.0000,17.5423,402.1161,0.0000,0.9531
1267,56,11,0.2404,0.00003101,0.0000,30.7958,399.7233,0.0000,0.9006
1268,36,76,0.2398,0.00003099,0.0000,20.7684,398.2227,0.0000,0.9400
1269,124,16,0.2392,0.00003098,0.0000,19.5838,399.5420,0.0000,0.9434
1270,38,48,0.2386,0.00003096,0.0000,23.4399,393.2272,0.0000,0.9271
1271,79,11,0.2380,0.00003095,0.0000,24.1201,398.6114,0.0000,0.9318
1272,270,26,0.2374,0.00003094,0.0000,16.7471,408.9755,0.0000,0.9459
1273,221,39,0.2368,0.00003092,0.0000,20.5269,401.5992,0.0000,0.9415
1274,55,12,0.2362,0.00003091,0.0000,22.7370,399.9567,0.0000,0.9271
1275,75,11,0.2356,0.00003089,0.0000,20.7484,398.1506,0.0000,0.9318
1276,53,11,0.2350,0.00003088,0.0000,16.4792,397.3145,0.0000,0.9460
1277,117,14,0.2344,0.00003086,0.0000,27.1735,404.7451,0.0000,0.9219
1278,64,14,0.2338,0.00003085,0.0000,22.8156,398.8583,0.0000,0.9286
1279,32,32,0.2332,0.00003083,0.0000,16.7967,395.2278,0.0000,0.9434
1280,78,21,0.2326,0.00003082,0.0000,14.2792,394.0718,0.0000,0.9494
1281,57,70,0.2320,0.00003080,0.0000,21.7158,402.4956,0.0000,0.9379
1282,35,49,0.2314,0.00003078,0.0000,21.2624,397.0574,0.0000,0.9381
1283,338,76,0.2308,0.00003077,0.0000,20.9312,404.1208,0.0000,0.9354
1284,40,10,0.2302,0.00003075,0.0000,29.3857,400.8233,0.0000,0.9156
1285,82,57,0.2296,0.00003074,0.0000,22.3522,410.9820,0.0000,0.9370
1286,88,23,0.2290,0.00003073,0.0000,20.8119,402.9835,0.0000,0.9321
1287,295,27,0.2284,0.00003071,0.0000,24.7443,416.3429,0.0000,0.9236
1288,41,12,0.2278,0.00003070,0.0000,22.7823,403.7177,0.0000,0.9453
1289,82,14,0.2272,0.00003068,0.0000,14.5383,408.3754,0.0000,0.9531
1290,38,74,0.2266,0.00003067,0.0000,21.1668,405.5610,0.0000,0.9324
1291,83,11,0.2260,0.00003065,0.0000,25.1220,413.9712,0.0000,0.9347
1292,207,23,0.2260,0.00003065,0.0000,29.4711,411.7530,0.0000,0.9158
1293,252,23,0.2248,0.00003062,0.0000,21.4361,411.5546,0.0000,0.9429
1294,84,26,0.2242,0.00003061,0.0000,23.5994,406.8203,0.0000,0.9315
1295,116,13,0.2236,0.00003059,0.0000,13.9173,409.9619,0.0000,0.9615
1296,35,11,0.2230,0.00003057,0.0000,21.5170,400.6773,0.0000,0.9347
1297,56,12,0.2224,0.00003056,0.0000,29.3935,406.4918,0.0000,0.9193
1298,42,67,0.2218,0.00003054,0.0000,23.7660,409.7042,0.0000,0.9370
1299,370,64,0.2212,0.00003053,0.0000,22.1850,418.8602,0.0000,0.9316
1300,173,34,0.2206,0.00003052,0.0000,21.9338,416.9313,0.0000,0.9320
1301,118,14,0.2200,0.00003050,0.0000,24.8138,420.6461,0.0000,0.9397
1302,45,33,0.2194,0.00003049,0.0000,22.8205,401.6240,0.0000,0.9328
1303,348,23,0.2188,0.00003047,0.0000,21.2812,422.9955,0.0000,0.9416
1304,839,49,0.2182,0.00003045,0.0000,25.0217,424.9971,0.0000,0.9311
1305,191,24,0.2176,0.00003044,0.0000,19.8106,415.9987,0.0000,0.9297
1306,57,11,0.2170,0.00003043,0.0000,21.1009,411.3787,0.0000,0.9403
1307,81,15,0.2164,0.00003041,0.0000,16.1687,418.6398,0.0000,0.9458
1308,39,11,0.2158,0.00003040,0.0000,19.0722,401.8670,0.0000,0.9489
1309,192,43,0.2152,0.00003038,0.0000,21.2853,416.4978,0.0000,0.9295
1310,123,14,0.2146,0.00003037,0.0000,25.8054,414.5969,0.0000,0.9219
1311,118,64,0.2140,0.00003035,0.0000,23.7925,411.5992,0.0000,0.9292
1312,51,10,0.2134,0.00003034,0.0000,16.1584,407.2730,0.0000,0.9500
1313,43,68,0.2134,0.00003034,0.0000,23.0833,413.7564,0.0000,0.9347
1314,43,40,0.2122,0.00003031,0.0000,24.5123,409.7842,0.0000,0.9195
1315,55,18,0.2116,0.00003029,0.0000,23.0637,414.6624,0.0000,0.9288
1316,45,18,0.2110,0.00003028,0.0000,25.3686,409.0194,0.0000,0.9288
1317,50,42,0.2104,0.00003026,0.0000,24.8753,410.9171,0.0000,0.9293
1318,44,110,0.2098,0.00003025,0.0000,21.1258,418.6411,0.0000,0.9358
1319,36,46,0.2092,0.00003023,0.0000,23.0915,422.4180,0.0000,0.9375
1320,53,11,0.2086,0.00003022,0.0000,12.0670,412.6572,0.0000,0.9631
1321,447,23,0.2080,0.00003020,0.0000,16.8671,428.0270,0.0000,0.9470
1322,58,11,0.2074,0.00003018,0.0000,16.3778,413.6080,0.0000,0.9403
1323,242,29,0.2068,0.00003017,0.0000,21.8205,417.6581,0.0000,0.9418
1324,119,27,0.2062,0.00003016,0.0000,24.5713,415.2782,0.0000,0.9259
1325,124,14,0.2056,0.00003014,0.0000,26.1173,420.6621,0.0000,0.9241
1326,73,23,0.2050,0.00003013,0.0000,24.6190,420.0450,0.0000,0.9334
1327,39,23,0.2044,0.00003011,0.0000,15.1539,410.6428,0.0000,0.9620
1328,27,7,0.2038,0.00003009,0.0000,21.5530,409.3720,0.0000,0.9375
1329,126,17,0.2032,0.00003008,0.0000,19.9254,421.1369,0.0000,0.9430
1330,218,32,0.2026,0.00003007,0.0000,24.8223,421.1435,0.0000,0.9268
1331,27,33,0.2020,0.00003005,0.0000,20.4988,409.5307,0.0000,0.9366
1332,373,71,0.2014,0.00003004,0.0000,25.0128,425.3171,0.0000,0.9283
1333,75,40,0.2008,0.00003002,0.0000,20.0973,418.2604,0.0000,0.9375
1334,42,32,0.2002,0.00003001,0.0000,18.0177,426.3611,0.0000,0.9463
1335,40,55,0.1996,0.00002999,0.0000,26.9010,415.9173,0.0000,0.9330
1336,270,23,0.1990,0.00002998,0.0000,20.7877,428.7625,0.0000,0.9402
1337,37,82,0.1984,0.00002996,0.0000,23.1131,419.5395,0.0000,0.9352
1338,290,21,0.1978,0.00002995,0.0000,20.5763,432.8191,0.0000,0.9464
1339,131,17,0.1972,0.00002993,0.0000,21.9235,423.7833,0.0000,0.9338
1340,35,83,0.1966,0.00002992,0.0000,20.6025,421.1496,0.0000,0.9352
1341,152,73,0.1960,0.00002990,0.0000,20.1543,425.9858,0.0000,0.9384
1342,197,23,0.1954,0.00002988,0.0000,22.5188,423.0346,0.0000,0.9389
1343,61,14,0.1948,0.00002987,0.0000,27.8059,418.6767,0.0000,0.9330
1344,127,14,0.1942,0.00002986,0.0000,19.8289,424.6271,0.0000,0.9464
1345,30,36,0.1936,0.00002984,0.0000,21.5851,430.0262,0.0000,0.9323
1346,38,10,0.1930,0.00002983,0.0000,16.9215,417.8818,0.0000,0.9437
1347,52,23,0.1924,0.00002981,0.0000,17.7196,422.9248,0.0000,0.9321
1348,313,84,0.1918,0.00002980,0.0000,21.8998,424.6546,0.0000,0.9334
1349,168,29,0.1912,0.00002978,0.0000,22.5726,424.8161,0.0000,0.9278
1350,236,139,0.1906,0.00002977,0.0000,17.6922,424.2133,0.0000,0.9460
1351,85,46,0.1900,0.00002975,0.0000,22.5043,424.5129,0.0000,0.9321
1352,76,15,0.1894,0.00002974,0.0000,21.6554,420.0060,0.0000,0.9458
1353,35,53,0.1888,0.00002972,0.0000,22.3734,423.3346,0.0000,0.9340
1354,206,23,0.1882,0.00002971,0.0000,27.5349,430.5560,0.0000,0.9293
1355,88,25,0.1876,0.00002969,0.0000,20.7500,419.4815,0.0000,0.9463
1356,42,27,0.1870,0.00002968,0.0000,29.5114,421.7925,0.0000,0.9167
1357,279,26,0.1864,0.00002966,0.0000,19.7559,430.0428,0.0000,0.9459
1358,61,13,0.1858,0.00002965,0.0000,18.4988,426.3705,0.0000,0.9447
1359,294,22,0.1852,0.00002963,0.0000,18.5050,426.1054,0.0000,0.9460
1360,300,51,0.1846,0.00002962,0.0000,24.8800,434.2723,0.0000,0.9191
1361,122,23,0.1840,0.00002960,0.0000,22.4607,431.5050,0.0000,0.9416
1362,120,17,0.1834,0.00002959,0.0000,29.7872,437.5615,0.0000,0.9301
1363,175,23,0.1828,0.00002957,0.0000,20.5977,433.1607,0.0000,0.9321
1364,136,17,0.1822,0.00002956,0.0000,20.6724,430.9379,0.0000,0.9357
1365,74,35,0.1816,0.00002954,0.0000,19.2243,427.8053,0.0000,0.9446
1366,128,18,0.1810,0.00002952,0.0000,20.5368,433.6380,0.0000,0.9392
1367,101,54,0.1804,0.00002951,0.0000,23.3816,434.7957,0.0000,0.9306
1368,52,11,0.1798,0.00002950,0.0000,16.8817,436.9337,0.0000,0.9517
1369,169,36,0.1792,0.00002948,0.0000,23.1101,429.4367,0.0000,0.9210
1370,87,26,0.1786,0.00002947,0.0000,20.6170,429.8747,0.0000,0.9351
1371,58,26,0.1780,0.00002945,0.0000,22.0683,430.8802,0.0000,0.9339
1372,63,14,0.1774,0.00002944,0.0000,16.2433,424.7059,0.0000,0.9487
1373,82,80,0.1768,0.00002942,0.0000,24.4905,435.1562,0.0000,0.9305
1374,42,11,0.1762,0.00002941,0.0000,15.7330,426.9455,0.0000,0.9318
1375,213,14,0.1756,0.00002939,0.0000,18.2145,437.9914,0.0000,0.9442
1376,48,11,0.1750,0.00002938,0.0000,22.2153,426.1064,0.0000,0.9318
1377,57,11,0.1744,0.00002936,0.0000,22.3676,429.8486,0.0000,0.9261
1378,671,52,0.1738,0.00002935,0.0000,21.1118,440.5364,0.0000,0.9387
1379,33,30,0.1732,0.00002933,0.0000,31.4078,433.9570,0.0000,0.9187
1380,289,55,0.1726,0.00002931,0.0000,21.1762,438.4893,0.0000,0.9375
1381,226,20,0.1726,0.00002931,0.0000,22.8821,440.0670,0.0000,0.9359
1382,191,54,0.1714,0.00002929,0.0000,22.2106,431.7959,0.0000,0.9369
1383,120,35,0.1708,0.00002927,0.0000,24.8050,438.0194,0.0000,0.9339
1384,128,17,0.1702,0.00002926,0.0000,19.3907,434.7085,0.0000,0.9504
1385,37,17,0.1696,0.00002924,0.0000,19.0873,428.4800,0.0000,0.9393
1386,38,40,0.1690,0.00002923,0.0000,19.2035,437.2126,0.0000,0.9430
1387,108,11,0.1684,0.00002921,0.0000,26.1931,437.1957,0.0000,0.9148
1388,72,55,0.1678,0.00002920,0.0000,20.1671,436.8500,0.0000,0.9330
1389,55,11,0.1672,0.00002918,0.0000,21.3500,430.5581,0.0000,0.9403
1390,43,62,0.1666,0.00002916,0.0000,22.7946,439.2532,0.0000,0.9320
1391,52,23,0.1660,0.00002915,0.0000,19.2831,437.1605,0.0000,0.9389
1392,93,18,0.1654,0.00002914,0.0000,24.8564,442.1650,0.0000,0.9340
1393,329,32,0.1648,0.00002912,0.0000,21.9019,441.5839,0.0000,0.9365
1394,54,54,0.1642,0.00002911,0.0000,22.9176,432.8646,0.0000,0.9352
1395,61,13,0.1636,0.00002909,0.0000,23.1742,440.0064,0.0000,0.9351
1396,32,17,0.1630,0.00002907,0.0000,18.9220,431.7980,0.0000,0.9449
1397,19,12,0.1624,0.00002906,0.0000,25.6499,430.3302,0.0000,0.9349
1398,31,8,0.1618,0.00002905,0.0000,14.7825,432.2870,0.0000,0.9336
1399,297,23,0.1612,0.00002903,0.0000,20.9364,445.6314,0.0000,0.9470
1400,103,16,0.1606,0.00002902,0.0000,31.6017,434.1947,0.0000,0.9121
1401,35,21,0.1600,0.00002900,0.0000,21.1580,430.1106,0.0000,0.9390
1402,56,30,0.1594,0.00002899,0.0000,21.8865,438.7613,0.0000,0.9396
1403,108,32,0.1588,0.00002897,0.0000,20.0958,439.8144,0.0000,0.9434
1404,32,100,0.1582,0.00002895,0.0000,23.1459,443.9600,0.0000,0.9400
1405,205,23,0.1576,0.00002894,0.0000,23.7703,444.8713,0.0000,0.9457
1406,155,99,0.1570,0.00002893,0.0000,21.9478,444.3362,0.0000,0.9388
1407,72,52,0.1564,0.00002891,0.0000,24.5805,436.7817,0.0000,0.9381
1408,217,23,0.1558,0.00002890,0.0000,25.4521,441.5733,0.0000,0.9361
1409,38,8,0.1558,0.00002890,0.0000,20.6785,443.5945,0.0000,0.9414
1410,40,11,0.1546,0.00002886,0.0000,22.8121,437.1987,0.0000,0.9290
1411,1864,44,0.1540,0.00002885,0.0000,25.8798,480.0701,0.0000,0.9276
1412,145,19,0.1534,0.00002884,0.0000,23.1344,444.7214,0.0000,0.9457
1413,80,28,0.1528,0.00002882,0.0000,21.6870,439.2219,0.0000,0.9353
1414,59,30,0.1528,0.00002882,0.0000,19.2265,438.8547,0.0000,0.9417
1415,39,25,0.1516,0.00002879,0.0000,22.4649,440.9067,0.0000,0.9413
1416,317,40,0.1510,0.00002878,0.0000,24.4414,447.0225,0.0000,0.9281
1417,78,23,0.1504,0.00002876,0.0000,24.2280,441.2592,0.0000,0.9389
1418,164,42,0.1498,0.00002875,0.0000,24.3836,446.4289,0.0000,0.9382
1419,31,33,0.1492,0.00002873,0.0000,24.6403,441.6850,0.0000,0.9337
1420,43,11,0.1492,0.00002873,0.0000,18.6004,439.5470,0.0000,0.9460
1421,678,55,0.1480,0.00002870,0.0000,23.2728,451.0772,0.0000,0.9307
1422,35,11,0.1474,0.00002869,0.0000,21.5137,439.0340,0.0000,0.9460
1423,59,12,0.1468,0.00002867,0.0000,21.6078,443.7940,0.0000,0.9453
1424,39,36,0.1462,0.00002866,0.0000,20.8558,437.5029,0.0000,0.9453
1425,30,23,0.1462,0.00002866,0.0000,23.1911,442.3270,0.0000,0.9334
1426,41,11,0.1450,0.00002863,0.0000,28.3606,439.8089,0.0000,0.9432
1427,158,33,0.1444,0.00002861,0.0000,25.0702,447.2820,0.0000,0.9356
1428,44,33,0.1438,0.00002859,0.0000,18.3159,452.3631,0.0000,0.9460
1429,204,17,0.1432,0.00002858,0.0000,25.0346,448.6385,0.0000,0.9338
1430,63,11,0.1426,0.00002857,0.0000,28.3840,438.1189,0.0000,0.9205
1431,78,13,0.1420,0.00002855,0.0000,24.8456,447.6365,0.0000,0.9279
1432,35,8,0.1414,0.00002854,0.0000,32.4357,444.7629,0.0000,0.9062
1433,55,29,0.1408,0.00002852,0.0000,25.4516,448.8828,0.0000,0.9397
1434,82,11,0.1402,0.00002850,0.0000,19.4708,449.8580,0.0000,0.9489
1435,42,16,0.1396,0.00002849,0.0000,27.7907,444.1125,0.0000,0.9375
1436,1199,47,0.1390,0.00002848,0.0000,24.0246,466.4158,0.0000,0.9355
1437,161,52,0.1384,0.00002846,0.0000,18.3018,449.0907,0.0000,0.9459
1438,180,17,0.1378,0.00002845,0.0000,23.1320,454.0911,0.0000,0.9301
1439,38,10,0.1372,0.00002843,0.0000,28.2786,443.0569,0.0000,0.9062
1440,78,25,0.1372,0.00002843,0.0000,23.2048,445.6593,0.0000,0.9287
1441,305,31,0.1360,0.00002840,0.0000,19.0034,452.6085,0.0000,0.9415
1442,126,18,0.1354,0.00002839,0.0000,19.5869,451.4932,0.0000,0.9358
1443,227,20,0.1348,0.00002837,0.0000,21.2579,455.1833,0.0000,0.9422
1444,287,54,0.1342,0.00002836,0.0000,25.7611,454.0737,0.0000,0.9317
1445,35,8,0.1336,0.00002834,0.0000,20.5980,442.8831,0.0000,0.9414
1446,142,17,0.1330,0.00002833,0.0000,22.8754,441.5756,0.0000,0.9430
1447,37,8,0.1330,0.00002833,0.0000,30.3735,443.0297,0.0000,0.9141
1448,57,13,0.1318,0.00002829,0.0000,24.4947,449.8050,0.0000,0.9279
1449,124,14,0.1312,0.00002828,0.0000,15.2892,452.8386,0.0000,0.9576
1450,145,41,0.1306,0.00002827,0.0000,24.4055,453.4046,0.0000,0.9390
1451,81,24,0.1300,0.00002825,0.0000,20.9280,446.1352,0.0000,0.9492
1452,479,50,0.1294,0.00002823,0.0000,27.6890,460.0560,0.0000,0.9231
1453,662,29,0.1288,0.00002822,0.0000,23.5714,474.1223,0.0000,0.9397
1454,203,18,0.1282,0.00002821,0.0000,30.3209,451.9077,0.0000,0.9201
1455,90,41,0.1276,0.00002819,0.0000,21.7212,450.2187,0.0000,0.9337
1456,31,43,0.1270,0.00002818,0.0000,20.3288,445.1459,0.0000,0.9404
1457,320,54,0.1264,0.00002816,0.0000,25.9084,455.8767,0.0000,0.9346
1458,197,54,0.1258,0.00002814,0.0000,23.7117,451.6574,0.0000,0.9358
1459,297,30,0.1252,0.00002813,0.0000,21.3885,457.1604,0.0000,0.9458
1460,25,5,0.1246,0.00002812,0.0000,13.3034,442.6441,0.0000,0.9563
1461,112,14,0.1240,0.00002810,0.0000,25.4033,455.1681,0.0000,0.9308
1462,62,67,0.1234,0.00002809,0.0000,22.2766,456.9350,0.0000,0.9389
1463,125,17,0.1228,0.00002807,0.0000,26.3154,449.6751,0.0000,0.9412
1464,35,8,0.1222,0.00002805,0.0000,21.5033,452.6820,0.0000,0.9453
1465,55,47,0.1216,0.00002804,0.0000,22.5335,459.3456,0.0000,0.9368
1466,100,32,0.1210,0.00002803,0.0000,27.5657,460.4095,0.0000,0.9316
1467,38,43,0.1204,0.00002801,0.0000,21.6156,458.9790,0.0000,0.9426
1468,101,22,0.1198,0.00002800,0.0000,20.0740,455.8466,0.0000,0.9517
1469,173,53,0.1192,0.00002798,0.0000,22.2647,460.4638,0.0000,0.9363
1470,42,22,0.1186,0.00002797,0.0000,22.9285,450.7047,0.0000,0.9432
1471,77,11,0.1180,0.00002795,0.0000,19.7168,458.2389,0.0000,0.9347
1472,75,128,0.1180,0.00002795,0.0000,25.5028,458.9635,0.0000,0.9307
1473,83,16,0.1168,0.00002792,0.0000,33.4662,458.6147,0.0000,0.9199
1474,124,17,0.1162,0.00002791,0.0000,17.4539,463.4606,0.0000,0.9430
1475,139,21,0.1156,0.00002789,0.0000,23.4413,456.5714,0.0000,0.9420
1476,95,29,0.1150,0.00002788,0.0000,20.9601,456.5619,0.0000,0.9386
1477,120,13,0.1144,0.00002786,0.0000,23.1708,461.3977,0.0000,0.9399
1478,55,25,0.1138,0.00002785,0.0000,27.5292,458.6014,0.0000,0.9250
1479,194,23,0.1132,0.00002783,0.0000,26.8634,465.7206,0.0000,0.9361
1480,179,46,0.1126,0.00002782,0.0000,21.5740,459.9058,0.0000,0.9375
1481,90,13,0.1120,0.00002780,0.0000,15.9440,457.3055,0.0000,0.9543
1482,60,26,0.1114,0.00002779,0.0000,20.6432,461.2641,0.0000,0.9459
1483,374,44,0.1108,0.00002777,0.0000,24.5540,466.0190,0.0000,0.9311
1484,109,11,0.1102,0.00002776,0.0000,25.5108,461.4766,0.0000,0.9290
1485,218,23,0.1096,0.00002774,0.0000,22.5570,462.2918,0.0000,0.9321
1486,58,12,0.1090,0.00002772,0.0000,16.6517,463.8577,0.0000,0.9531
1487,278,91,0.1084,0.00002771,0.0000,27.3890,467.8048,0.0000,0.9255
1488,132,17,0.1078,0.00002770,0.0000,23.5228,460.5078,0.0000,0.9449
1489,348,29,0.1072,0.00002768,0.0000,29.9898,465.3991,0.0000,0.9213
1490,38,11,0.1066,0.00002767,0.0000,25.2223,453.9429,0.0000,0.9261
1491,44,36,0.1060,0.00002765,0.0000,25.2228,465.5002,0.0000,0.9349
1492,41,13,0.1054,0.00002764,0.0000,19.2935,454.6160,0.0000,0.9591
1493,33,20,0.1048,0.00002762,0.0000,16.3875,456.9712,0.0000,0.9453
1494,40,8,0.1042,0.00002761,0.0000,21.8302,459.7648,0.0000,0.9375
1495,39,33,0.1036,0.00002759,0.0000,27.9405,458.2892,0.0000,0.9195
1496,138,84,0.1030,0.00002757,0.0000,24.5746,462.2692,0.0000,0.9368
1497,305,48,0.1024,0.00002756,0.0000,21.0947,460.7251,0.0000,0.9401
1498,98,31,0.1018,0.00002755,0.0000,21.3159,467.2659,0.0000,0.9395
1499,31,8,0.1012,0.00002753,0.0000,15.9209,459.8477,0.0000,0.9375
1500,93,14,0.1006,0.00002752,0.0000,15.9836,464.0204,0.0000,0.9420
1501,44,11,0.1000,0.00002750,0.0000,19.8347,468.6232,0.0000,0.9432
1502,185,24,0.1000,0.00002749,0.0000,24.2320,465.9691,0.0000,0.9336
1503,96,43,0.1000,0.00002747,0.0000,25.8447,462.4529,0.0000,0.9346
1504,104,17,0.1000,0.00002746,0.0000,25.3468,465.1051,0.0000,0.9246
1505,563,102,0.1000,0.00002744,0.0000,25.6666,473.2631,0.0000,0.9335
1506,82,13,0.1000,0.00002742,0.0000,24.9028,465.7210,0.0000,0.9423
1507,107,27,0.1000,0.00002741,0.0000,27.0020,461.1138,0.0000,0.9248
1508,82,26,0.1000,0.00002740,0.0000,22.2992,463.6260,0.0000,0.9423
1509,30,24,0.1000,0.00002738,0.0000,24.1153,465.3679,0.0000,0.9375
1510,74,11,0.1000,0.00002736,0.0000,25.7873,469.0131,0.0000,0.9318
1511,106,66,0.1000,0.00002735,0.0000,23.7655,468.0937,0.0000,0.9380
1512,76,38,0.1000,0.00002733,0.0000,23.8086,465.5104,0.0000,0.9391
1513,53,11,0.1000,0.00002732,0.0000,27.4343,461.2379,0.0000,0.9318
1514,134,124,0.1000,0.00002731,0.0000,21.7515,472.0398,0.0000,0.9390
1515,182,23,0.1000,0.00002729,0.0000,29.6050,477.2869,0.0000,0.9266
1516,62,84,0.1000,0.00002728,0.0000,23.2761,467.3530,0.0000,0.9368
1517,41,10,0.1000,0.00002726,0.0000,17.9685,460.0268,0.0000,0.9406
1518,79,37,0.1000,0.00002724,0.0000,20.7364,471.6540,0.0000,0.9434
1519,184,30,0.1000,0.00002723,0.0000,21.0050,471.8993,0.0000,0.9500
1520,90,63,0.1000,0.00002723,0.0000,19.7096,482.5095,0.0000,0.9454
1521,343,23,0.1000,0.00002720,0.0000,31.3323,473.7601,0.0000,0.9171
1522,278,20,0.1000,0.00002719,0.0000,21.4775,474.0579,0.0000,0.9406
1523,99,28,0.1000,0.00002717,0.0000,24.3054,472.2101,0.0000,0.9420
1524,263,22,0.1000,0.00002716,0.0000,24.9772,475.7016,0.0000,0.9318
1525,38,25,0.1000,0.00002714,0.0000,21.7887,470.2937,0.0000,0.9537
1526,82,69,0.1000,0.00002713,0.0000,28.0685,475.2033,0.0000,0.9298
1527,198,62,0.1000,0.00002711,0.0000,21.6014,473.7014,0.0000,0.9425
1528,250,26,0.1000,0.00002710,0.0000,24.7647,468.7078,0.0000,0.9255
1529,76,11,0.1000,0.00002708,0.0000,27.4587,467.1448,0.0000,0.9233
1530,415,32,0.1000,0.00002706,0.0000,22.9906,476.7981,0.0000,0.9336
1531,100,16,0.1000,0.00002705,0.0000,18.9587,464.4483,0.0000,0.9551
1532,198,32,0.1000,0.00002704,0.0000,20.8354,470.1698,0.0000,0.9482
1533,360,60,0.1000,0.00002702,0.0000,25.5759,475.0854,0.0000,0.9323
1534,118,30,0.1000,0.00002700,0.0000,23.2602,482.4703,0.0000,0.9396
1535,464,26,0.1000,0.00002699,0.0000,22.4629,490.6565,0.0000,0.9483
1536,61,42,0.1000,0.00002697,0.0000,21.7470,471.9733,0.0000,0.9487
1537,171,18,0.1000,0.00002696,0.0000,18.2972,483.3329,0.0000,0.9531
1538,44,8,0.1000,0.00002695,0.0000,20.0869,472.6839,0.0000,0.9336
1539,100,101,0.1000,0.00002693,0.0000,24.2870,477.4686,0.0000,0.9369
1540,57,28,0.1000,0.00002691,0.0000,22.8873,472.0375,0.0000,0.9386
1541,191,44,0.1000,0.00002690,0.0000,24.0233,477.4695,0.0000,0.9361
1542,301,36,0.1000,0.00002688,0.0000,28.4293,482.4202,0.0000,0.9245
1543,43,97,0.1000,0.00002687,0.0000,23.9163,478.0007,0.0000,0.9436
1544,33,8,0.1000,0.00002686,0.0000,24.3875,474.3074,0.0000,0.9297
1545,243,26,0.1000,0.00002684,0.0000,21.3604,478.8960,0.0000,0.9411
1546,557,26,0.1000,0.00002683,0.0000,26.6816,488.9372,0.0000,0.9315
1547,295,36,0.1000,0.00002681,0.0000,21.6901,475.8916,0.0000,0.9436
1548,136,17,0.1000,0.00002680,0.0000,30.1841,478.5982,0.0000,0.9283
1549,62,23,0.1000,0.00002678,0.0000,32.5002,472.5684,0.0000,0.9361
1550,79,13,0.1000,0.00002677,0.0000,17.4580,472.4331,0.0000,0.9495
1551,114,17,0.1000,0.00002675,0.0000,18.9415,481.1327,0.0000,0.9357
1552,700,32,0.1000,0.00002674,0.0000,19.6403,488.7087,0.0000,0.9502
1553,111,17,0.1000,0.00002672,0.0000,21.1032,474.0532,0.0000,0.9467
1554,55,11,0.1000,0.00002670,0.0000,19.3984,472.3006,0.0000,0.9574
1555,36,19,0.1000,0.00002669,0.0000,30.2243,471.4358,0.0000,0.9227
1556,125,48,0.1000,0.00002668,0.0000,23.8677,474.9556,0.0000,0.9336
1557,130,19,0.1000,0.00002666,0.0000,31.0794,485.4349,0.0000,0.9243
1558,46,21,0.1000,0.00002664,0.0000,29.7600,476.9591,0.0000,0.9286
1559,304,46,0.1000,0.00002663,0.0000,24.6185,481.8930,0.0000,0.9429
1560,150,48,0.1000,0.00002661,0.0000,27.2975,480.4828,0.0000,0.9251
1561,35,28,0.1000,0.00002660,0.0000,21.6665,476.0443,0.0000,0.9408
1562,245,25,0.1000,0.00002659,0.0000,20.1588,479.4316,0.0000,0.9413
1563,36,56,0.1000,0.00002657,0.0000,25.3618,483.9920,0.0000,0.9381
1564,44,44,0.1000,0.00002655,0.0000,23.6719,479.9803,0.0000,0.9396
1565,240,51,0.1000,0.00002654,0.0000,24.1961,480.5605,0.0000,0.9430
1566,125,18,0.1000,0.00002654,0.0000,24.4140,478.9157,0.0000,0.9375
1567,47,11,0.1000,0.00002651,0.0000,18.6828,478.5134,0.0000,0.9432
1568,36,17,0.1000,0.00002650,0.0000,23.4577,471.5985,0.0000,0.9467
1569,171,17,0.1000,0.00002648,0.0000,27.5711,487.2877,0.0000,0.9228
1570,36,30,0.1000,0.00002647,0.0000,24.0252,480.2416,0.0000,0.9427
1571,189,28,0.1000,0.00002645,0.0000,21.5590,479.0491,0.0000,0.9375
1572,79,13,0.1000,0.00002644,0.0000,31.5557,483.9576,0.0000,0.9279
1573,311,44,0.1000,0.00002642,0.0000,21.9810,484.6314,0.0000,0.9368
1574,794,39,0.1000,0.00002641,0.0000,24.1919,500.3001,0.0000,0.9431
1575,44,46,0.1000,0.00002639,0.0000,20.5768,484.9709,0.0000,0.9409
1576,62,11,0.1000,0.00002638,0.0000,20.8278,481.9823,0.0000,0.9347
1577,44,8,0.1000,0.00002636,0.0000,31.1254,480.4510,0.0000,0.9414
1578,305,23,0.1000,0.00002635,0.0000,23.3736,491.7895,0.0000,0.9457
1579,241,60,0.1000,0.00002633,0.0000,24.1305,483.8608,0.0000,0.9365
1580,649,33,0.1000,0.00002632,0.0000,28.4414,490.9790,0.0000,0.9214
1581,151,17,0.1000,0.00002630,0.0000,26.0753,480.8414,0.0000,0.9301
1582,121,16,0.1000,0.00002628,0.0000,20.8977,483.0607,0.0000,0.9453
1583,39,11,0.1000,0.00002627,0.0000,23.5727,480.0969,0.0000,0.9318
1584,105,18,0.1000,0.00002626,0.0000,22.9697,473.5522,0.0000,0.9340
1585,38,10,0.1000,0.00002624,0.0000,16.1955,475.9241,0.0000,0.9594
1586,167,44,0.1000,0.00002623,0.0000,23.9018,482.9293,0.0000,0.9425
1587,104,17,0.1000,0.00002621,0.0000,24.7658,490.0069,0.0000,0.9393
1588,78,96,0.1000,0.00002619,0.0000,24.7489,489.3790,0.0000,0.9355
1589,164,26,0.1000,0.00002618,0.0000,22.9899,491.2039,0.0000,0.9459
1590,122,30,0.1000,0.00002617,0.0000,24.1219,486.7546,0.0000,0.9396
1591,228,105,0.1000,0.00002615,0.0000,22.3997,483.6217,0.0000,0.9387
1592,158,14,0.1000,0.00002614,0.0000,27.4772,493.0335,0.0000,0.9375
1593,555,47,0.1000,0.00002614,0.0000,26.2281,492.5180,0.0000,0.9335
1594,39,21,0.1000,0.00002610,0.0000,21.0647,483.1449,0.0000,0.9464
1595,237,20,0.1000,0.00002609,0.0000,23.9867,496.3031,0.0000,0.9469
1596,91,14,0.1000,0.00002608,0.0000,17.5910,484.9334,0.0000,0.9509
1597,302,29,0.1000,0.00002606,0.0000,23.7575,485.1276,0.0000,0.9386
1598,41,10,0.1000,0.00002605,0.0000,22.3363,483.0128,0.0000,0.9437
1599,29,8,0.1000,0.00002605,0.0000,32.0058,480.2626,0.0000,0.9297
1600,60,22,0.1000,0.00002602,0.0000,24.7338,483.3247,0.0000,0.9403
1601,35,8,0.1000,0.00002600,0.0000,26.3088,482.4215,0.0000,0.9336
1602,43,53,0.1000,0.00002599,0.0000,25.3548,485.5661,0.0000,0.9334
1603,169,20,0.1000,0.00002597,0.0000,17.4764,481.5136,0.0000,0.9469
1604,668,29,0.1000,0.00002596,0.0000,26.0446,507.6608,0.0000,0.9289
1605,77,39,0.1000,0.00002594,0.0000,24.9138,486.0849,0.0000,0.9343
1606,123,26,0.1000,0.00002592,0.0000,25.0936,491.5498,0.0000,0.9375
1607,93,18,0.1000,0.00002591,0.0000,18.6976,485.0612,0.0000,0.9497
1608,254,25,0.1000,0.00002590,0.0000,20.0482,494.8341,0.0000,0.9450
1609,120,14,0.1000,0.00002588,0.0000,23.9747,491.5089,0.0000,0.9487
1610,41,22,0.1000,0.00002587,0.0000,18.8613,487.1106,0.0000,0.9545
1611,33,8,0.1000,0.00002585,0.0000,31.3113,483.7255,0.0000,0.9375
1612,309,88,0.1000,0.00002583,0.0000,25.7335,499.7818,0.0000,0.9421
1613,70,13,0.1000,0.00002582,0.0000,29.3658,483.9776,0.0000,0.9255
1614,123,53,0.1000,0.00002581,0.0000,25.9257,491.3054,0.0000,0.9346
1615,33,66,0.1000,0.00002579,0.0000,23.6494,496.7498,0.0000,0.9427
1616,132,18,0.1000,0.00002577,0.0000,27.2895,496.6608,0.0000,0.9271
1617,76,42,0.1000,0.00002576,0.0000,23.3642,486.1907,0.0000,0.9390
1618,264,30,0.1000,0.00002576,0.0000,24.3502,493.4565,0.0000,0.9417
1619,54,45,0.1000,0.00002573,0.0000,20.5747,490.9782,0.0000,0.9507
1620,45,46,0.1000,0.00002572,0.0000,25.3530,489.0095,0.0000,0.9300
1621,40,11,0.1000,0.00002570,0.0000,29.8818,486.7001,0.0000,0.9290
1622,229,23,0.1000,0.00002569,0.0000,22.7734,489.3655,0.0000,0.9334
1623,70,28,0.1000,0.00002567,0.0000,30.4503,490.8833,0.0000,0.9275
1624,128,17,0.1000,0.00002566,0.0000,26.9404,484.9126,0.0000,0.9375
1625,227,32,0.1000,0.00002564,0.0000,28.7845,493.4385,0.0000,0.9375
1626,361,44,0.1000,0.00002563,0.0000,24.3949,490.2038,0.0000,0.9389
1627,130,42,0.1000,0.00002561,0.0000,24.2390,487.6597,0.0000,0.9390
1628,41,23,0.1000,0.00002560,0.0000,24.4913,491.5771,0.0000,0.9457
1629,38,37,0.1000,0.00002558,0.0000,23.7838,497.3786,0.0000,0.9375
1630,101,71,0.1000,0.00002557,0.0000,26.9748,493.4087,0.0000,0.9362
1631,312,23,0.1000,0.00002555,0.0000,26.1938,496.1669,0.0000,0.9457
1632,375,88,0.1000,0.00002554,0.0000,22.3823,505.8987,0.0000,0.9435
1633,477,33,0.1000,0.00002552,0.0000,29.5684,507.0115,0.0000,0.9328
1634,176,23,0.1000,0.00002551,0.0000,21.1298,497.6431,0.0000,0.9470
1635,44,145,0.1000,0.00002549,0.0000,24.1869,492.8080,0.0000,0.9414
1636,219,50,0.1000,0.00002547,0.0000,25.0032,507.9100,0.0000,0.9419
1637,115,33,0.1000,0.00002546,0.0000,22.3611,495.7176,0.0000,0.9413
1638,87,23,0.1000,0.00002545,0.0000,25.9638,489.2377,0.0000,0.9416
1639,178,19,0.1000,0.00002543,0.0000,26.4149,497.0280,0.0000,0.9293
1640,126,35,0.1000,0.00002541,0.0000,24.3090,500.1243,0.0000,0.9402
1641,31,60,0.1000,0.00002540,0.0000,26.9389,499.1988,0.0000,0.9380
1642,166,39,0.1000,0.00002538,0.0000,26.6350,494.0873,0.0000,0.9351
1643,131,17,0.1000,0.00002537,0.0000,29.7435,492.6791,0.0000,0.9228
1644,46,24,0.1000,0.00002536,0.0000,22.5577,495.5586,0.0000,0.9479
1645,81,13,0.1000,0.00002534,0.0000,30.2150,495.8388,0.0000,0.9351
1646,219,17,0.1000,0.00002532,0.0000,24.1185,506.2513,0.0000,0.9430
1647,166,59,0.1000,0.00002531,0.0000,27.6041,501.6470,0.0000,0.9311
1648,58,72,0.1000,0.00002529,0.0000,24.7317,495.4604,0.0000,0.9375
1649,177,19,0.1000,0.00002528,0.0000,26.2227,498.9374,0.0000,0.9309
1650,79,20,0.1000,0.00002527,0.0000,26.5194,499.2496,0.0000,0.9422
1651,68,115,0.1000,0.00002525,0.0000,23.8354,502.4311,0.0000,0.9408
1652,526,84,0.1000,0.00002524,0.0000,26.8747,498.2067,0.0000,0.9334
1653,106,24,0.1000,0.00002522,0.0000,25.0784,489.8230,0.0000,0.9349
1654,60,31,0.1000,0.00002521,0.0000,25.1451,491.1652,0.0000,0.9325
1655,254,33,0.1000,0.00002519,0.0000,30.7863,502.0781,0.0000,0.9271
1656,185,19,0.1000,0.00002518,0.0000,20.7636,509.5441,0.0000,0.9507
1657,172,56,0.1000,0.00002516,0.0000,26.2685,503.7548,0.0000,0.9280
1658,250,38,0.1000,0.00002515,0.0000,29.5032,501.7702,0.0000,0.9400
1659,169,26,0.1000,0.00002513,0.0000,18.5373,496.1065,0.0000,0.9483
1660,217,66,0.1000,0.00002511,0.0000,24.3350,502.5489,0.0000,0.9399
1661,75,76,0.1000,0.00002510,0.0000,25.4414,502.3941,0.0000,0.9350
1662,41,53,0.1000,0.00002509,0.0000,23.6446,511.8873,0.0000,0.9381
1663,42,24,0.1000,0.00002507,0.0000,21.6345,500.0156,0.0000,0.9505
1664,148,17,0.1000,0.00002505,0.0000,22.1258,501.4645,0.0000,0.9375
1665,59,11,0.1000,0.00002504,0.0000,27.5383,505.3166,0.0000,0.9290
1666,78,76,0.1000,0.00002502,0.0000,28.2351,498.4238,0.0000,0.9334
1667,41,10,0.1000,0.00002501,0.0000,26.0947,499.4413,0.0000,0.9469
1668,136,38,0.1000,0.00002500,0.0000,28.1603,504.2024,0.0000,0.9293
1669,75,11,0.1000,0.00002498,0.0000,24.7961,503.2459,0.0000,0.9432
1670,124,29,0.1000,0.00002496,0.0000,26.2506,499.9376,0.0000,0.9343
1671,28,8,0.1000,0.00002495,0.0000,19.5102,491.5574,0.0000,0.9414
1672,35,8,0.1000,0.00002493,0.0000,23.2775,501.1345,0.0000,0.9375
1673,392,29,0.1000,0.00002492,0.0000,30.2591,511.6157,0.0000,0.9267
1674,146,20,0.1000,0.00002491,0.0000,23.8325,509.2186,0.0000,0.9328
1675,123,89,0.1000,0.00002489,0.0000,24.4549,502.0343,0.0000,0.9403
1676,49,39,0.1000,0.00002488,0.0000,28.5627,505.1652,0.0000,0.9263
1677,56,27,0.1000,0.00002486,0.0000,27.7436,505.4051,0.0000,0.9398
1678,155,19,0.1000,0.00002485,0.0000,22.1899,498.4893,0.0000,0.9490
1679,113,14,0.1000,0.00002483,0.0000,27.1872,506.6575,0.0000,0.9353
1680,251,23,0.1000,0.00002482,0.0000,28.4433,505.3303,0.0000,0.9334
1681,35,8,0.1000,0.00002480,0.0000,35.2149,507.6833,0.0000,0.9297
1682,110,19,0.1000,0.00002479,0.0000,20.6685,504.2997,0.0000,0.9457
1683,346,129,0.1000,0.00002477,0.0000,24.3662,511.1350,0.0000,0.9411
1684,45,12,0.1000,0.00002475,0.0000,25.1074,509.3757,0.0000,0.9453
1685,91,25,0.1000,0.00002474,0.0000,24.3776,503.9743,0.0000,0.9387
1686,39,11,0.1000,0.00002473,0.0000,28.6667,498.8045,0.0000,0.9375
1687,1249,176,0.1000,0.00002471,0.0000,24.2955,511.2552,0.0000,0.9382
1688,81,42,0.1000,0.00002469,0.0000,22.8926,503.9145,0.0000,0.9457
1689,193,21,0.1000,0.00002468,0.0000,24.9783,513.2255,0.0000,0.9241
1690,53,52,0.1000,0.00002467,0.0000,21.9231,508.6603,0.0000,0.9453
1691,42,9,0.1000,0.00002465,0.0000,24.0301,501.7558,0.0000,0.9410
1692,80,69,0.1000,0.00002464,0.0000,24.8891,505.4870,0.0000,0.9398
1693,83,30,0.1000,0.00002462,0.0000,24.5349,506.0089,0.0000,0.9448
1694,34,8,0.1000,0.00002462,0.0000,30.5628,503.1250,0.0000,0.9453
1695,119,55,0.1000,0.00002459,0.0000,23.5203,506.1918,0.0000,0.9449
1696,217,73,0.1000,0.00002458,0.0000,22.9931,511.6279,0.0000,0.9439
1697,175,28,0.1000,0.00002456,0.0000,24.3213,511.8534,0.0000,0.9487
1698,700,46,0.1000,0.00002455,0.0000,22.5315,515.4540,0.0000,0.9389
1699,44,11,0.1000,0.00002453,0.0000,32.7245,509.4105,0.0000,0.9205
1700,784,55,0.1000,0.00002451,0.0000,22.1522,523.4452,0.0000,0.9420
1701,449,37,0.1000,0.00002450,0.0000,28.0660,513.4270,0.0000,0.9358
1702,75,14,0.1000,0.00002449,0.0000,18.2572,509.7830,0.0000,0.9576
1703,39,10,0.1000,0.00002447,0.0000,27.4280,508.2560,0.0000,0.9375
1704,40,10,0.1000,0.00002446,0.0000,18.7737,509.9418,0.0000,0.9469
1705,141,17,0.1000,0.00002444,0.0000,20.1184,511.7040,0.0000,0.9412
1706,41,9,0.1000,0.00002443,0.0000,16.9521,512.8278,0.0000,0.9618
1707,33,31,0.1000,0.00002441,0.0000,27.5039,504.9609,0.0000,0.9335
1708,72,11,0.1000,0.00002441,0.0000,22.7387,505.2035,0.0000,0.9517
1709,39,11,0.1000,0.00002438,0.0000,20.6762,513.9415,0.0000,0.9545
1710,43,12,0.1000,0.00002437,0.0000,24.7333,510.8400,0.0000,0.9323
1711,210,44,0.1000,0.00002435,0.0000,28.8677,514.0271,0.0000,0.9276
1712,39,8,0.1000,0.00002433,0.0000,19.2472,508.0359,0.0000,0.9570
1713,134,14,0.1000,0.00002432,0.0000,15.4683,507.3389,0.0000,0.9509
1714,224,17,0.1000,0.00002431,0.0000,23.5733,513.7444,0.0000,0.9430
1715,182,20,0.1000,0.00002429,0.0000,20.3845,511.9081,0.0000,0.9547
1716,128,16,0.1000,0.00002428,0.0000,30.7188,505.0225,0.0000,0.9180
1717,239,32,0.1000,0.00002426,0.0000,25.5584,512.7152,0.0000,0.9395
1718,113,27,0.1000,0.00002424,0.0000,31.9812,507.3658,0.0000,0.9213
1719,87,101,0.1000,0.00002424,0.0000,26.1961,515.1388,0.0000,0.9325
1720,82,34,0.1000,0.00002422,0.0000,25.2188,508.9198,0.0000,0.9393
1721,164,17,0.1000,0.00002420,0.0000,26.9709,513.9382,0.0000,0.9283
1722,129,27,0.1000,0.00002418,0.0000,27.4567,515.3207,0.0000,0.9387
1723,34,8,0.1000,0.00002417,0.0000,21.9192,506.5998,0.0000,0.9414
1724,174,22,0.1000,0.00002415,0.0000,25.4911,514.6209,0.0000,0.9389
1725,84,84,0.1000,0.00002414,0.0000,28.9665,514.1019,0.0000,0.9260
1726,60,10,0.1000,0.00002413,0.0000,27.1360,506.6319,0.0000,0.9344
1727,45,8,0.1000,0.00002411,0.0000,34.7096,506.4880,0.0000,0.9102
1728,463,40,0.1000,0.00002410,0.0000,23.1233,520.6875,0.0000,0.9422
1729,247,23,0.1000,0.00002408,0.0000,17.8149,519.2428,0.0000,0.9565
1730,36,21,0.1000,0.00002407,0.0000,29.8960,513.1503,0.0000,0.9330
1731,160,14,0.1000,0.00002405,0.0000,33.3236,522.6860,0.0000,0.9196
1732,34,10,0.1000,0.00002404,0.0000,31.1826,501.4661,0.0000,0.9375
1733,60,11,0.1000,0.00002404,0.0000,16.7953,517.5425,0.0000,0.9574
1734,44,21,0.1000,0.00002401,0.0000,22.5278,506.9422,0.0000,0.9449
1735,124,33,0.1000,0.00002399,0.0000,21.9182,514.4014,0.0000,0.9517
1736,55,11,0.1000,0.00002398,0.0000,20.9584,514.6827,0.0000,0.9602
1737,85,23,0.1000,0.00002396,0.0000,29.1585,518.0625,0.0000,0.9361
1738,118,23,0.1000,0.00002395,0.0000,20.5761,511.6527,0.0000,0.9511
1739,670,31,0.1000,0.00002393,0.0000,22.1279,531.0725,0.0000,0.9496
1740,29,8,0.1000,0.00002392,0.0000,35.6159,511.7748,0.0000,0.9258
1741,32,46,0.1000,0.00002390,0.0000,22.4359,516.4810,0.0000,0.9477
1742,124,40,0.1000,0.00002388,0.0000,19.0672,520.6292,0.0000,0.9492
1743,43,45,0.1000,0.00002387,0.0000,27.9610,516.2589,0.0000,0.9417
1744,34,20,0.1000,0.00002386,0.0000,18.6799,511.7510,0.0000,0.9484
1745,421,47,0.1000,0.00002384,0.0000,29.9540,519.5058,0.0000,0.9309
1746,86,13,0.1000,0.00002382,0.0000,27.2200,511.1261,0.0000,0.9327
1747,48,29,0.1000,0.00002381,0.0000,32.9836,522.8439,0.0000,0.9203
1748,57,13,0.1000,0.00002379,0.0000,23.5086,523.5203,0.0000,0.9327
1749,85,41,0.1000,0.00002378,0.0000,24.0323,524.5073,0.0000,0.9413
1750,127,17,0.1000,0.00002377,0.0000,26.5623,514.5690,0.0000,0.9301
1751,60,14,0.1000,0.00002375,0.0000,32.7968,513.1349,0.0000,0.9308
1752,128,31,0.1000,0.00002374,0.0000,26.8043,518.8103,0.0000,0.9405
1753,42,83,0.1000,0.00002372,0.0000,27.4897,515.8653,0.0000,0.9337
1754,81,27,0.1000,0.00002370,0.0000,21.8335,522.0025,0.0000,0.9514
1755,40,11,0.1000,0.00002369,0.0000,31.8267,521.7691,0.0000,0.9347
1756,223,103,0.1000,0.00002368,0.0000,21.5260,519.8483,0.0000,0.9460
1757,186,17,0.1000,0.00002366,0.0000,24.3490,522.6945,0.0000,0.9467
1758,295,51,0.1000,0.00002365,0.0000,22.9286,521.6769,0.0000,0.9412
1759,37,10,0.1000,0.00002363,0.0000,20.9949,514.5628,0.0000,0.9500
1760,35,8,0.1000,0.00002362,0.0000,24.6660,514.9757,0.0000,0.9531
1761,119,16,0.1000,0.00002360,0.0000,28.5426,517.7842,0.0000,0.9316
1762,288,26,0.1000,0.00002359,0.0000,30.2521,531.2512,0.0000,0.9363
1763,87,22,0.1000,0.00002357,0.0000,27.8506,518.8307,0.0000,0.9403
1764,75,36,0.1000,0.00002356,0.0000,28.6237,515.9146,0.0000,0.9375
1765,39,65,0.1000,0.00002354,0.0000,30.7514,515.4607,0.0000,0.9303
1766,563,46,0.1000,0.00002352,0.0000,25.4471,530.5181,0.0000,0.9429
1767,44,9,0.1000,0.00002351,0.0000,20.0313,509.9147,0.0000,0.9514
1768,191,23,0.1000,0.00002350,0.0000,22.6317,529.5456,0.0000,0.9429
1769,39,11,0.1000,0.00002348,0.0000,22.7379,516.5267,0.0000,0.9460
1770,291,21,0.1000,0.00002346,0.0000,27.8200,523.8255,0.0000,0.9435
1771,135,19,0.1000,0.00002345,0.0000,26.3032,520.9653,0.0000,0.9342
1772,32,22,0.1000,0.00002343,0.0000,26.8965,520.2069,0.0000,0.9347
1773,95,14,0.1000,0.00002342,0.0000,25.7102,518.3027,0.0000,0.9241
1774,87,16,0.1000,0.00002341,0.0000,33.7406,525.0378,0.0000,0.9160
1775,57,13,0.1000,0.00002339,0.0000,22.5316,524.3579,0.0000,0.9543
1776,43,47,0.1000,0.00002337,0.0000,25.0237,525.5014,0.0000,0.9408
1777,225,20,0.1000,0.00002336,0.0000,26.2004,530.3387,0.0000,0.9359
1778,161,40,0.1000,0.00002336,0.0000,26.0356,525.0497,0.0000,0.9367
1779,34,8,0.1000,0.00002333,0.0000,28.3118,524.6910,0.0000,0.9414
1780,110,15,0.1000,0.00002332,0.0000,19.1899,525.6518,0.0000,0.9458
1781,127,39,0.1000,0.00002330,0.0000,26.0005,524.6809,0.0000,0.9423
1782,683,35,0.1000,0.00002329,0.0000,27.5285,536.5138,0.0000,0.9437
1783,195,27,0.1000,0.00002327,0.0000,26.2448,522.0074,0.0000,0.9329
1784,77,14,0.1000,0.00002326,0.0000,24.6319,528.6717,0.0000,0.9464
1785,397,32,0.1000,0.00002324,0.0000,24.6037,527.3287,0.0000,0.9385
1786,62,12,0.1000,0.00002323,0.0000,25.8222,523.6775,0.0000,0.9505
1787,468,79,0.1000,0.00002321,0.0000,28.1429,528.4107,0.0000,0.9320
1788,247,36,0.1000,0.00002320,0.0000,26.7126,526.6079,0.0000,0.9349
1789,209,65,0.1000,0.00002318,0.0000,24.9993,528.2563,0.0000,0.9404
1790,98,14,0.1000,0.00002316,0.0000,19.4221,525.6222,0.0000,0.9509
1791,33,8,0.1000,0.00002315,0.0000,31.3972,520.1194,0.0000,0.9258
1792,218,17,0.1000,0.00002314,0.0000,24.5717,525.6472,0.0000,0.9467
1793,32,23,0.1000,0.00002312,0.0000,31.9442,524.9107,0.0000,0.9321
1794,65,44,0.1000,0.00002310,0.0000,27.0425,537.8799,0.0000,0.9347
1795,83,14,0.1000,0.00002310,0.0000,34.4207,526.5388,0.0000,0.9330
1796,117,14,0.1000,0.00002307,0.0000,31.3996,531.1196,0.0000,0.9330
1797,102,17,0.1000,0.00002306,0.0000,18.6336,527.4025,0.0000,0.9485
1798,95,17,0.1000,0.00002306,0.0000,27.6727,528.5027,0.0000,0.9430
1799,34,8,0.1000,0.00002303,0.0000,31.2747,523.8060,0.0000,0.9180
1800,75,14,0.1000,0.00002301,0.0000,17.5294,528.3002,0.0000,0.9598
1801,86,34,0.1000,0.00002300,0.0000,20.4443,531.3282,0.0000,0.9485
1802,147,11,0.1000,0.00002298,0.0000,32.5040,535.0085,0.0000,0.9205
1803,84,14,0.1000,0.00002297,0.0000,16.7610,527.0019,0.0000,0.9576
1804,36,73,0.1000,0.00002296,0.0000,24.4393,526.8491,0.0000,0.9414
1805,84,14,0.1000,0.00002294,0.0000,28.0965,530.8245,0.0000,0.9464
1806,102,48,0.1000,0.00002293,0.0000,21.7628,530.8681,0.0000,0.9538
1807,113,41,0.1000,0.00002291,0.0000,27.2577,530.2416,0.0000,0.9314
1808,63,15,0.1000,0.00002289,0.0000,19.0855,536.3581,0.0000,0.9437
1809,120,15,0.1000,0.00002288,0.0000,34.6209,533.2695,0.0000,0.9313
1810,49,32,0.1000,0.00002287,0.0000,26.4223,529.8883,0.0000,0.9404
1811,167,30,0.1000,0.00002285,0.0000,27.6958,532.3398,0.0000,0.9448
1812,41,18,0.1000,0.00002284,0.0000,26.8548,530.5746,0.0000,0.9288
1813,81,20,0.1000,0.00002282,0.0000,22.7551,532.2184,0.0000,0.9500
1814,62,59,0.1000,0.00002281,0.0000,22.7975,531.8463,0.0000,0.9497
1815,36,8,0.1000,0.00002279,0.0000,26.7352,530.0881,0.0000,0.9375
1816,78,42,0.1000,0.00002278,0.0000,28.4291,531.8084,0.0000,0.9286
1817,164,16,0.1000,0.00002276,0.0000,25.4217,527.7453,0.0000,0.9434
1818,62,24,0.1000,0.00002274,0.0000,17.4977,530.7395,0.0000,0.9544
1819,374,42,0.1000,0.00002273,0.0000,24.4068,535.2822,0.0000,0.9442
1820,80,45,0.1000,0.00002272,0.0000,25.8792,531.0174,0.0000,0.9347
1821,33,8,0.1000,0.00002270,0.0000,26.9872,527.2975,0.0000,0.9414
1822,32,8,0.1000,0.00002269,0.0000,22.5675,531.9761,0.0000,0.9609
1823,452,33,0.1000,0.00002267,0.0000,31.6480,538.6936,0.0000,0.9290
1824,121,63,0.1000,0.00002265,0.0000,27.8672,529.6002,0.0000,0.9395
1825,168,17,0.1000,0.00002264,0.0000,26.9667,537.4078,0.0000,0.9375
1826,492,50,0.1000,0.00002263,0.0000,25.4938,542.9035,0.0000,0.9413
1827,64,13,0.1000,0.00002261,0.0000,34.8460,533.8594,0.0000,0.9255
1828,25,50,0.1000,0.00002259,0.0000,25.8297,534.2869,0.0000,0.9400
1829,454,74,0.1000,0.00002258,0.0000,23.7189,537.9821,0.0000,0.9350
1830,58,11,0.1000,0.00002256,0.0000,20.6008,543.7828,0.0000,0.9545
1831,42,11,0.1000,0.00002255,0.0000,19.4744,533.8968,0.0000,0.9517
1832,60,14,0.1000,0.00002254,0.0000,29.2795,539.3342,0.0000,0.9397
1833,226,35,0.1000,0.00002252,0.0000,28.3315,547.4329,0.0000,0.9446
1834,166,51,0.1000,0.00002252,0.0000,23.7324,541.4767,0.0000,0.9393
1835,104,14,0.1000,0.00002249,0.0000,28.2980,538.4927,0.0000,0.9442
1836,162,17,0.1000,0.00002248,0.0000,35.0164,541.5259,0.0000,0.9265
1837,123,45,0.1000,0.00002246,0.0000,27.9016,533.8971,0.0000,0.9319
1838,44,11,0.1000,0.00002245,0.0000,24.4603,533.8295,0.0000,0.9403
1839,53,89,0.1000,0.00002243,0.0000,28.7659,539.4791,0.0000,0.9354
1840,40,11,0.1000,0.00002243,0.0000,24.6190,525.5312,0.0000,0.9233
1841,36,17,0.1000,0.00002240,0.0000,25.0386,530.1907,0.0000,0.9430
1842,33,23,0.1000,0.00002238,0.0000,22.5424,538.0290,0.0000,0.9443
1843,303,26,0.1000,0.00002237,0.0000,27.4543,543.4062,0.0000,0.9351
1844,44,8,0.1000,0.00002236,0.0000,22.1600,532.4208,0.0000,0.9648
1845,63,13,0.1000,0.00002234,0.0000,38.2804,536.3059,0.0000,0.9255
1846,38,37,0.1000,0.00002233,0.0000,28.3330,535.9327,0.0000,0.9375
1847,54,62,0.1000,0.00002231,0.0000,28.6514,540.9735,0.0000,0.9370
1848,73,23,0.1000,0.00002229,0.0000,23.0871,528.4143,0.0000,0.9402
1849,207,23,0.1000,0.00002228,0.0000,29.2087,542.1291,0.0000,0.9280
1850,167,17,0.1000,0.00002227,0.0000,22.1660,550.0070,0.0000,0.9485
1851,611,29,0.1000,0.00002225,0.0000,25.5821,554.3328,0.0000,0.9397
1852,32,26,0.1000,0.00002223,0.0000,23.5194,533.3859,0.0000,0.9519
1853,128,61,0.1000,0.00002222,0.0000,27.9163,535.7224,0.0000,0.9349
1854,83,13,0.1000,0.00002220,0.0000,27.7090,544.0842,0.0000,0.9303
1855,559,78,0.1000,0.00002219,0.0000,23.6525,545.6175,0.0000,0.9475
1856,640,98,0.1000,0.00002218,0.0000,26.9008,544.2667,0.0000,0.9391
1857,201,23,0.1000,0.00002216,0.0000,29.1492,550.1070,0.0000,0.9334
1858,85,26,0.1000,0.00002215,0.0000,29.4964,545.9097,0.0000,0.9327
1859,130,18,0.1000,0.00002213,0.0000,32.2456,551.0644,0.0000,0.9340
1860,39,11,0.1000,0.00002212,0.0000,25.7769,536.7840,0.0000,0.9432
1861,42,10,0.1000,0.00002210,0.0000,21.8475,542.0684,0.0000,0.9406
1862,50,86,0.1000,0.00002209,0.0000,24.9076,544.2539,0.0000,0.9440
1863,82,37,0.1000,0.00002207,0.0000,25.5690,540.4513,0.0000,0.9451
1864,32,8,0.1000,0.00002206,0.0000,43.0648,538.6506,0.0000,0.9023
1865,238,91,0.1000,0.00002204,0.0000,25.9910,540.1427,0.0000,0.9406
1866,41,11,0.1000,0.00002203,0.0000,21.3513,540.2073,0.0000,0.9517
1867,54,11,0.1000,0.00002201,0.0000,21.2093,545.9039,0.0000,0.9489
1868,34,8,0.1000,0.00002200,0.0000,32.5718,540.0453,0.0000,0.9102
1869,47,11,0.1000,0.00002198,0.0000,29.3473,539.7638,0.0000,0.9432
1870,128,17,0.1000,0.00002197,0.0000,18.3150,548.7169,0.0000,0.9467
1871,241,109,0.1000,0.00002195,0.0000,26.1469,548.6872,0.0000,0.9429
1872,62,26,0.1000,0.00002193,0.0000,27.4002,539.9383,0.0000,0.9387
1873,780,37,0.1000,0.00002192,0.0000,24.7473,551.1241,0.0000,0.9443
1874,158,17,0.1000,0.00002191,0.0000,22.9520,550.8319,0.0000,0.9522
1875,540,50,0.1000,0.00002189,0.0000,25.2268,556.8469,0.0000,0.9400
1876,34,23,0.1000,0.00002187,0.0000,26.3645,541.5501,0.0000,0.9443
1877,166,17,0.1000,0.00002186,0.0000,27.6662,538.6144,0.0000,0.9375
1878,156,14,0.1000,0.00002184,0.0000,37.6796,552.2487,0.0000,0.9286
1879,42,11,0.1000,0.00002183,0.0000,20.3131,544.3335,0.0000,0.9602
1880,44,26,0.1000,0.00002182,0.0000,31.4435,547.5404,0.0000,0.9327
1881,170,55,0.1000,0.00002180,0.0000,26.2927,546.1953,0.0000,0.9443
1882,91,26,0.1000,0.00002178,0.0000,25.8433,543.1380,0.0000,0.9399
1883,56,36,0.1000,0.00002177,0.0000,25.7819,547.1940,0.0000,0.9401
1884,56,9,0.1000,0.00002175,0.0000,16.3292,543.5070,0.0000,0.9583
1885,489,42,0.1000,0.00002174,0.0000,24.4669,549.7319,0.0000,0.9472
1886,63,14,0.1000,0.00002173,0.0000,28.9649,541.1545,0.0000,0.9509
1887,406,27,0.1000,0.00002171,0.0000,21.8988,555.6317,0.0000,0.9444
1888,83,38,0.1000,0.00002170,0.0000,33.8977,547.5444,0.0000,0.9268
1889,172,17,0.1000,0.00002168,0.0000,18.6300,555.9014,0.0000,0.9504
1890,37,8,0.1000,0.00002167,0.0000,29.5847,547.0430,0.0000,0.9258
1891,42,11,0.1000,0.00002165,0.0000,25.5471,553.4329,0.0000,0.9432
1892,121,16,0.1000,0.00002164,0.0000,28.3369,554.3519,0.0000,0.9473
1893,81,14,0.1000,0.00002162,0.0000,19.3410,552.5049,0.0000,0.9487
1894,38,11,0.1000,0.00002161,0.0000,23.9604,533.8631,0.0000,0.9545
1895,497,30,0.1000,0.00002159,0.0000,34.0116,561.7487,0.0000,0.9323
1896,124,16,0.1000,0.00002157,0.0000,17.8965,547.8997,0.0000,0.9551
1897,71,11,0.1000,0.00002156,0.0000,21.8601,546.7627,0.0000,0.9489
1898,40,10,0.1000,0.00002155,0.0000,22.3143,550.7432,0.0000,0.9375
1899,56,58,0.1000,0.00002153,0.0000,24.6144,547.5979,0.0000,0.9456
1900,95,16,0.1000,0.00002151,0.0000,31.4827,557.1809,0.0000,0.9336
1901,40,8,0.1000,0.00002150,0.0000,24.0286,546.9038,0.0000,0.9453
1902,62,14,0.1000,0.00002148,0.0000,24.4240,537.7010,0.0000,0.9308
1903,176,30,0.1000,0.00002147,0.0000,29.3491,551.3014,0.0000,0.9427
1904,40,11,0.1000,0.00002146,0.0000,26.5109,548.6972,0.0000,0.9460
1905,35,9,0.1000,0.00002144,0.0000,22.6994,538.7594,0.0000,0.9375
1906,252,23,0.1000,0.00002142,0.0000,26.5100,542.5443,0.0000,0.9416
1907,264,33,0.1000,0.00002141,0.0000,23.6546,555.9246,0.0000,0.9366
1908,81,16,0.1000,0.00002139,0.0000,24.1183,549.4916,0.0000,0.9258
1909,961,133,0.1000,0.00002138,0.0000,29.4947,553.4255,0.0000,0.9330
1910,53,11,0.1000,0.00002137,0.0000,24.0861,548.0507,0.0000,0.9347
1911,64,101,0.1000,0.00002135,0.0000,27.5402,549.5140,0.0000,0.9406
1912,206,23,0.1000,0.00002134,0.0000,23.6530,555.9760,0.0000,0.9457
1913,36,25,0.1000,0.00002132,0.0000,28.3926,549.5990,0.0000,0.9363
1914,57,12,0.1000,0.00002130,0.0000,17.7277,548.5899,0.0000,0.9661
1915,543,79,0.1000,0.00002129,0.0000,25.8835,558.4065,0.0000,0.9430
1916,68,11,0.1000,0.00002129,0.0000,15.9432,557.2096,0.0000,0.9489
1917,123,17,0.1000,0.00002126,0.0000,22.5031,555.5639,0.0000,0.9504
1918,59,12,0.1000,0.00002125,0.0000,23.4405,545.0706,0.0000,0.9375
1919,135,16,0.1000,0.00002123,0.0000,32.7628,566.5667,0.0000,0.9355
1920,39,13,0.1000,0.00002121,0.0000,30.2400,556.2363,0.0000,0.9447
1921,123,25,0.1000,0.00002120,0.0000,32.8522,551.9121,0.0000,0.9275
1922,384,23,0.1000,0.00002119,0.0000,26.2997,563.4717,0.0000,0.9443
1923,137,62,0.1000,0.00002117,0.0000,24.4567,551.1108,0.0000,0.9335
1924,188,20,0.1000,0.00002115,0.0000,29.1144,554.3691,0.0000,0.9266
1925,31,8,0.1000,0.00002114,0.0000,26.4046,544.3367,0.0000,0.9375
1926,59,12,0.1000,0.00002112,0.0000,28.0421,551.6549,0.0000,0.9479
1927,171,17,0.1000,0.00002111,0.0000,30.8425,558.6086,0.0000,0.9283
1928,234,23,0.1000,0.00002110,0.0000,29.4141,559.3170,0.0000,0.9389
1929,124,15,0.1000,0.00002108,0.0000,25.5579,557.6262,0.0000,0.9500
1930,76,42,0.1000,0.00002106,0.0000,29.2082,556.5824,0.0000,0.9397
1931,30,8,0.1000,0.00002105,0.0000,33.0622,544.7419,0.0000,0.9297
1932,39,32,0.1000,0.00002103,0.0000,26.2037,557.8976,0.0000,0.9434
1933,671,39,0.1000,0.00002102,0.0000,24.0039,573.9086,0.0000,0.9447
1934,41,11,0.1000,0.00002101,0.0000,32.2375,547.8270,0.0000,0.9347
1935,550,26,0.1000,0.00002099,0.0000,24.7001,573.1334,0.0000,0.9423
1936,54,48,0.1000,0.00002097,0.0000,32.3101,557.7599,0.0000,0.9368
1937,286,35,0.1000,0.00002096,0.0000,22.2864,567.7355,0.0000,0.9545
1938,87,14,0.1000,0.00002094,0.0000,24.6458,558.3965,0.0000,0.9464
1939,113,26,0.1000,0.00002093,0.0000,25.9877,562.6295,0.0000,0.9423
1940,38,9,0.1000,0.00002092,0.0000,25.5510,558.5700,0.0000,0.9375
1941,31,40,0.1000,0.00002090,0.0000,30.2898,555.7885,0.0000,0.9383
1942,38,20,0.1000,0.00002090,0.0000,27.2026,554.9365,0.0000,0.9344
1943,36,14,0.1000,0.00002087,0.0000,34.6754,555.6196,0.0000,0.9241
1944,44,11,0.1000,0.00002086,0.0000,19.2786,556.6191,0.0000,0.9517
1945,40,11,0.1000,0.00002084,0.0000,37.2223,550.7286,0.0000,0.9290
1946,293,33,0.1000,0.00002083,0.0000,25.5714,566.2193,0.0000,0.9441
1947,73,72,0.1000,0.00002081,0.0000,23.8126,559.8168,0.0000,0.9488
1948,655,29,0.1000,0.00002079,0.0000,28.6765,573.1278,0.0000,0.9267
1949,81,69,0.1000,0.00002078,0.0000,33.3922,561.6321,0.0000,0.9352
1950,55,34,0.1000,0.00002077,0.0000,27.6094,563.4942,0.0000,0.9311
1951,58,37,0.1000,0.00002075,0.0000,29.3643,564.3438,0.0000,0.9333
1952,37,10,0.1000,0.00002074,0.0000,33.9393,563.7544,0.0000,0.9375
1953,58,14,0.1000,0.00002072,0.0000,30.6441,560.1977,0.0000,0.9308
1954,117,103,0.1000,0.00002070,0.0000,26.0135,569.0276,0.0000,0.9466
1955,190,36,0.1000,0.00002069,0.0000,29.4319,572.3825,0.0000,0.9358
1956,183,23,0.1000,0.00002068,0.0000,32.3467,567.4659,0.0000,0.9389
1957,248,66,0.1000,0.00002066,0.0000,25.5755,571.0299,0.0000,0.9366
1958,227,33,0.1000,0.00002064,0.0000,28.6018,571.3866,0.0000,0.9356
1959,81,14,0.1000,0.00002063,0.0000,29.5279,569.4556,0.0000,0.9420
1960,55,11,0.1000,0.00002061,0.0000,18.4789,561.4765,0.0000,0.9574
1961,424,59,0.1000,0.00002060,0.0000,21.5147,565.5050,0.0000,0.9513
1962,47,12,0.1000,0.00002059,0.0000,27.3691,573.5012,0.0000,0.9375
1963,830,90,0.1000,0.00002057,0.0000,27.2439,571.3768,0.0000,0.9417
1964,45,8,0.1000,0.00002056,0.0000,26.2217,565.7046,0.0000,0.9336
1965,29,8,0.1000,0.00002054,0.0000,28.7551,564.1954,0.0000,0.9453
1966,39,29,0.1000,0.00002053,0.0000,27.7356,563.5271,0.0000,0.9332
1967,56,31,0.1000,0.00002051,0.0000,24.6901,578.9842,0.0000,0.9506
1968,87,15,0.1000,0.00002050,0.0000,31.4913,564.7278,0.0000,0.9187
1969,57,36,0.1000,0.00002048,0.0000,26.8105,572.3846,0.0000,0.9523
1970,53,11,0.1000,0.00002048,0.0000,22.2355,574.8728,0.0000,0.9403
1971,56,11,0.1000,0.00002045,0.0000,27.2457,564.3963,0.0000,0.9290
1972,105,21,0.1000,0.00002044,0.0000,29.9801,573.1737,0.0000,0.9360
1973,123,17,0.1000,0.00002042,0.0000,27.2461,575.8383,0.0000,0.9375
1974,40,50,0.1000,0.00002041,0.0000,33.8916,574.1910,0.0000,0.9281
1975,116,27,0.1000,0.00002039,0.0000,36.9663,572.9215,0.0000,0.9271
1976,134,31,0.1000,0.00002038,0.0000,27.7960,574.4576,0.0000,0.9405
1977,55,13,0.1000,0.00002036,0.0000,24.7620,573.5181,0.0000,0.9375
1978,82,14,0.1000,0.00002034,0.0000,24.2769,573.9683,0.0000,0.9509
1979,31,8,0.1000,0.00002033,0.0000,40.2348,566.7227,0.0000,0.9258
1980,184,23,0.1000,0.00002032,0.0000,28.3182,575.6881,0.0000,0.9416
1981,55,162,0.1000,0.00002030,0.0000,25.6108,581.1444,0.0000,0.9429
1982,35,40,0.1000,0.00002028,0.0000,32.6325,565.1517,0.0000,0.9336
1983,164,19,0.1000,0.00002027,0.0000,28.1696,582.5917,0.0000,0.9424
1984,33,20,0.1000,0.00002025,0.0000,28.1163,565.6643,0.0000,0.9375
1985,112,14,0.1000,0.00002024,0.0000,32.2713,574.6376,0.0000,0.9330
1986,90,58,0.1000,0.00002023,0.0000,29.6610,573.2663,0.0000,0.9364
1987,160,19,0.1000,0.00002021,0.0000,28.9940,573.4060,0.0000,0.9408
1988,213,38,0.1000,0.00002020,0.0000,22.1514,583.6496,0.0000,0.9465
1989,230,20,0.1000,0.00002018,0.0000,30.9580,577.5188,0.0000,0.9344
1990,56,29,0.1000,0.00002016,0.0000,30.0181,579.0140,0.0000,0.9397
1991,45,21,0.1000,0.00002015,0.0000,25.7909,574.5849,0.0000,0.9420
1992,85,73,0.1000,0.00002014,0.0000,27.4395,577.6930,0.0000,0.9435
1993,40,11,0.1000,0.00002012,0.0000,28.1457,571.8396,0.0000,0.9318
1994,126,14,0.1000,0.00002011,0.0000,38.6991,579.1130,0.0000,0.9196
1995,74,14,0.1000,0.00002009,0.0000,23.9545,580.2279,0.0000,0.9509
1996,158,14,0.1000,0.00002008,0.0000,25.2992,588.8933,0.0000,0.9509
1997,58,13,0.1000,0.00002006,0.0000,33.1324,566.5395,0.0000,0.9327
1998,409,87,0.1000,0.00002005,0.0000,26.0774,580.2378,0.0000,0.9418
1999,77,32,0.1000,0.00002003,0.0000,29.9266,573.2856,0.0000,0.9414
2000,56,11,0.1000,0.00002002,0.0000,19.3366,575.5097,0.0000,0.9631
2001,227,41,0.1000,0.00002000,0.0000,31.4109,586.7149,0.0000,0.9345
2002,190,20,0.1000,0.00001998,0.0000,27.6853,578.3588,0.0000,0.9453
2003,143,19,0.1000,0.00001997,0.0000,32.2055,583.4212,0.0000,0.9243
2004,56,26,0.1000,0.00001996,0.0000,21.9622,580.9223,0.0000,0.9447
2005,77,14,0.1000,0.00001994,0.0000,24.1226,581.9989,0.0000,0.9531
2006,50,23,0.1000,0.00001992,0.0000,34.7911,579.5380,0.0000,0.9253
2007,80,69,0.1000,0.00001991,0.0000,32.4204,578.8571,0.0000,0.9366
2008,118,28,0.1000,0.00001989,0.0000,24.3995,573.6274,0.0000,0.9297
2009,169,68,0.1000,0.00001988,0.0000,27.4294,587.4697,0.0000,0.9421
2010,160,21,0.1000,0.00001987,0.0000,33.4604,581.9298,0.0000,0.9390
2011,302,29,0.1000,0.00001985,0.0000,25.1947,592.1025,0.0000,0.9450
2012,52,11,0.1000,0.00001983,0.0000,28.3168,583.0175,0.0000,0.9375
2013,242,51,0.1000,0.00001982,0.0000,27.7023,596.1723,0.0000,0.9424
2014,42,10,0.1000,0.00001980,0.0000,31.6711,565.6999,0.0000,0.9375
2015,423,60,0.1000,0.00001979,0.0000,26.9724,586.7248,0.0000,0.9448
2016,119,24,0.1000,0.00001978,0.0000,27.4142,582.5420,0.0000,0.9466
2017,229,20,0.1000,0.00001976,0.0000,25.4052,584.0550,0.0000,0.9422
2018,58,21,0.1000,0.00001975,0.0000,30.5673,580.8122,0.0000,0.9435
2019,52,77,0.1000,0.00001973,0.0000,24.3826,585.7490,0.0000,0.9456
2020,33,23,0.1000,0.00001972,0.0000,28.9222,584.2880,0.0000,0.9280
2021,76,13,0.1000,0.00001970,0.0000,27.7365,575.4408,0.0000,0.9279
2022,32,8,0.1000,0.00001969,0.0000,27.0062,575.9610,0.0000,0.9453
2023,45,11,0.1000,0.00001967,0.0000,28.4237,574.6669,0.0000,0.9574
2024,30,26,0.1000,0.00001966,0.0000,34.0034,589.0121,0.0000,0.9195
2025,85,14,0.1000,0.00001964,0.0000,27.9718,575.8620,0.0000,0.9442
2026,32,8,0.1000,0.00001962,0.0000,27.4953,573.8740,0.0000,0.9492
2027,302,29,0.1000,0.00001961,0.0000,25.6325,590.5108,0.0000,0.9450
2028,99,49,0.1000,0.00001960,0.0000,31.0751,585.6150,0.0000,0.9337
2029,219,57,0.1000,0.00001958,0.0000,27.3540,586.2245,0.0000,0.9435
2030,87,26,0.1000,0.00001956,0.0000,30.5921,586.1822,0.0000,0.9387
2031,87,39,0.1000,0.00001955,0.0000,28.9670,590.7116,0.0000,0.9367
2032,52,11,0.1000,0.00001953,0.0000,29.7733,576.2208,0.0000,0.9403
2033,44,12,0.1000,0.00001952,0.0000,32.8272,589.7218,0.0000,0.9193
2034,231,32,0.1000,0.00001951,0.0000,29.6075,590.4459,0.0000,0.9404
2035,60,14,0.1000,0.00001949,0.0000,26.1830,587.3019,0.0000,0.9397
2036,237,56,0.1000,0.00001947,0.0000,31.5405,591.0023,0.0000,0.9275
2037,55,50,0.1000,0.00001946,0.0000,24.4820,584.7502,0.0000,0.9463
2038,178,48,0.1000,0.00001945,0.0000,29.6327,589.4903,0.0000,0.9336
2039,36,8,0.1000,0.00001943,0.0000,20.8097,566.9305,0.0000,0.9570
2040,282,45,0.1000,0.00001942,0.0000,26.1954,584.5251,0.0000,0.9437
2041,297,26,0.1000,0.00001940,0.0000,24.7072,591.1166,0.0000,0.9507
2042,468,26,0.1000,0.00001938,0.0000,21.5254,599.8872,0.0000,0.9519
2043,220,22,0.1000,0.00001937,0.0000,27.1616,590.4701,0.0000,0.9489
2044,516,34,0.1000,0.00001936,0.0000,24.5218,596.3556,0.0000,0.9494
2045,40,11,0.1000,0.00001934,0.0000,28.1505,587.9614,0.0000,0.9347
2046,53,21,0.1000,0.00001933,0.0000,30.3522,585.0193,0.0000,0.9405
2047,72,13,0.1000,0.00001931,0.0000,31.6477,597.0202,0.0000,0.9303
2048,38,21,0.1000,0.00001929,0.0000,28.6532,586.2278,0.0000,0.9390
2049,30,8,0.1000,0.00001928,0.0000,39.3979,584.4646,0.0000,0.9258
2050,302,53,0.1000,0.00001926,0.0000,28.1428,591.7166,0.0000,0.9463
2051,53,11,0.1000,0.00001925,0.0000,40.8147,588.7997,0.0000,0.9119
2052,226,26,0.1000,0.00001924,0.0000,22.2200,596.2988,0.0000,0.9483
2053,78,30,0.1000,0.00001924,0.0000,26.5280,588.8979,0.0000,0.9448
2054,53,11,0.1000,0.00001920,0.0000,14.2424,589.1096,0.0000,0.9517
2055,52,11,0.1000,0.00001920,0.0000,32.8220,585.2686,0.0000,0.9347
2056,77,23,0.1000,0.00001917,0.0000,37.6373,589.7115,0.0000,0.9280
2057,35,8,0.1000,0.00001916,0.0000,23.6028,582.9860,0.0000,0.9492
2058,56,10,0.1000,0.00001916,0.0000,26.8808,588.9654,0.0000,0.9437
2059,170,39,0.1000,0.00001913,0.0000,35.0964,592.2549,0.0000,0.9311
2060,80,13,0.1000,0.00001912,0.0000,22.1772,582.9021,0.0000,0.9495
2061,85,22,0.1000,0.00001910,0.0000,29.4898,584.0159,0.0000,0.9560
2062,293,32,0.1000,0.00001910,0.0000,27.7994,596.1025,0.0000,0.9434
2063,118,29,0.1000,0.00001907,0.0000,30.2598,582.8878,0.0000,0.9429
2064,36,22,0.1000,0.00001905,0.0000,23.7396,591.0919,0.0000,0.9403
2065,237,22,0.1000,0.00001904,0.0000,31.9370,603.5085,0.0000,0.9290
2066,116,11,0.1000,0.00001903,0.0000,28.0581,596.0996,0.0000,0.9460
2067,60,13,0.1000,0.00001903,0.0000,29.3934,596.8463,0.0000,0.9327
2068,169,32,0.1000,0.00001900,0.0000,23.3014,595.5585,0.0000,0.9443
2069,40,11,0.1000,0.00001898,0.0000,34.3665,593.9402,0.0000,0.9375
2070,305,23,0.1000,0.00001896,0.0000,27.0310,600.8177,0.0000,0.9375
2071,52,34,0.1000,0.00001895,0.0000,30.8948,595.8630,0.0000,0.9301
2072,379,41,0.1000,0.00001894,0.0000,26.1261,602.1960,0.0000,0.9459
2073,34,8,0.1000,0.00001892,0.0000,24.7347,591.1566,0.0000,0.9414
2074,59,14,0.1000,0.00001891,0.0000,36.8690,588.0178,0.0000,0.9286
2075,37,45,0.1000,0.00001889,0.0000,33.1491,601.0456,0.0000,0.9347
2076,62,14,0.1000,0.00001887,0.0000,27.2143,595.4495,0.0000,0.9509
2077,126,18,0.1000,0.00001886,0.0000,36.0443,594.6352,0.0000,0.9271
2078,61,11,0.1000,0.00001884,0.0000,35.0215,591.8995,0.0000,0.9318
2079,139,30,0.1000,0.00001883,0.0000,24.4682,596.1575,0.0000,0.9490
2080,44,10,0.1000,0.00001882,0.0000,29.0286,587.1365,0.0000,0.9437
2081,49,13,0.1000,0.00001880,0.0000,26.3775,594.0241,0.0000,0.9519
2082,167,38,0.1000,0.00001879,0.0000,28.8071,599.7566,0.0000,0.9400
2083,79,41,0.1000,0.00001877,0.0000,27.0482,597.9335,0.0000,0.9413
2084,76,14,0.1000,0.00001875,0.0000,31.8882,596.3409,0.0000,0.9375
2085,250,51,0.1000,0.00001875,0.0000,32.0304,594.0886,0.0000,0.9344
2086,160,41,0.1000,0.00001873,0.0000,26.0655,599.9741,0.0000,0.9497
2087,35,8,0.1000,0.00001871,0.0000,26.0054,600.4522,0.0000,0.9453
2088,224,54,0.1000,0.00001870,0.0000,29.9374,601.7047,0.0000,0.9392
2089,58,35,0.1000,0.00001868,0.0000,31.9234,596.8262,0.0000,0.9375
2090,162,20,0.1000,0.00001866,0.0000,41.1620,599.6207,0.0000,0.9062
2091,227,47,0.1000,0.00001865,0.0000,31.3240,609.6138,0.0000,0.9408
2092,54,11,0.1000,0.00001864,0.0000,25.9056,585.7749,0.0000,0.9432
2093,44,67,0.1000,0.00001862,0.0000,28.1818,601.6055,0.0000,0.9422
2094,96,32,0.1000,0.00001861,0.0000,33.2333,600.2013,0.0000,0.9180
2095,747,39,0.1000,0.00001859,0.0000,27.3867,605.6541,0.0000,0.9423
2096,380,55,0.1000,0.00001857,0.0000,25.9571,605.1578,0.0000,0.9449
2097,61,14,0.1000,0.00001856,0.0000,36.4581,599.3891,0.0000,0.9196
2098,77,44,0.1000,0.00001854,0.0000,26.0874,602.3844,0.0000,0.9474
2099,53,27,0.1000,0.00001853,0.0000,25.6918,601.5549,0.0000,0.9502
2100,75,108,0.1000,0.00001852,0.0000,29.8747,602.9203,0.0000,0.9398
2101,39,21,0.1000,0.00001850,0.0000,30.3892,602.3507,0.0000,0.9360
2102,77,14,0.1000,0.00001848,0.0000,37.7421,610.1208,0.0000,0.9219
2103,60,51,0.1000,0.00001847,0.0000,24.9165,607.5580,0.0000,0.9467
2104,85,14,0.1000,0.00001846,0.0000,38.5541,595.1827,0.0000,0.9286
2105,41,56,0.1000,0.00001844,0.0000,26.5981,604.4267,0.0000,0.9408
2106,340,43,0.1000,0.00001843,0.0000,24.4333,607.7393,0.0000,0.9426
2107,21,5,0.1000,0.00001841,0.0000,37.9728,585.6936,0.0000,0.9313
2108,178,41,0.1000,0.00001839,0.0000,20.8969,601.5725,0.0000,0.9550
2109,117,14,0.1000,0.00001838,0.0000,29.5143,597.1919,0.0000,0.9464
2110,30,8,0.1000,0.00001837,0.0000,18.1611,593.8380,0.0000,0.9414
2111,124,14,0.1000,0.00001835,0.0000,23.6668,601.8970,0.0000,0.9509
2112,734,49,0.1000,0.00001833,0.0000,28.5334,608.8265,0.0000,0.9401
2113,107,39,0.1000,0.00001832,0.0000,31.2233,606.4468,0.0000,0.9351
2114,35,8,0.1000,0.00001831,0.0000,43.1305,595.8946,0.0000,0.9102
2115,47,39,0.1000,0.00001829,0.0000,28.6886,609.4663,0.0000,0.9447
2116,118,59,0.1000,0.00001828,0.0000,28.6823,605.0425,0.0000,0.9407
2117,938,110,0.1000,0.00001826,0.0000,29.9911,608.8898,0.0000,0.9332
2118,63,14,0.1000,0.00001824,0.0000,29.0908,600.4147,0.0000,0.9353
2119,55,54,0.1000,0.00001823,0.0000,27.9939,603.1050,0.0000,0.9444
2120,84,13,0.1000,0.00001822,0.0000,33.2309,600.7413,0.0000,0.9375
2121,138,86,0.1000,0.00001820,0.0000,32.0224,613.6813,0.0000,0.9375
2122,53,49,0.1000,0.00001819,0.0000,30.1227,601.7133,0.0000,0.9452
2123,141,17,0.1000,0.00001817,0.0000,29.6031,603.7977,0.0000,0.9283
2124,106,33,0.1000,0.00001815,0.0000,30.9355,604.5434,0.0000,0.9366
2125,55,85,0.1000,0.00001814,0.0000,28.2150,604.3088,0.0000,0.9426
2126,36,8,0.1000,0.00001813,0.0000,19.4459,606.0952,0.0000,0.9688
2127,114,62,0.1000,0.00001811,0.0000,26.5667,604.2313,0.0000,0.9415
2128,82,75,0.1000,0.00001810,0.0000,26.8177,608.7045,0.0000,0.9471
2129,268,45,0.1000,0.00001808,0.0000,25.7741,603.8764,0.0000,0.9424
2130,44,11,0.1000,0.00001806,0.0000,14.9508,608.6042,0.0000,0.9432
2131,115,14,0.1000,0.00001805,0.0000,34.0131,613.4243,0.0000,0.9375
2132,51,27,0.1000,0.00001803,0.0000,30.7874,605.2316,0.0000,0.9329
2133,227,29,0.1000,0.00001802,0.0000,26.9530,617.5316,0.0000,0.9429
2134,125,16,0.1000,0.00001801,0.0000,32.0133,607.4834,0.0000,0.9414
2135,368,33,0.1000,0.00001799,0.0000,31.2009,611.7461,0.0000,0.9356
2136,475,26,0.1000,0.00001798,0.0000,25.3120,616.4916,0.0000,0.9303
2137,43,48,0.1000,0.00001796,0.0000,29.1790,602.2849,0.0000,0.9382
2138,163,53,0.1000,0.00001794,0.0000,36.7328,609.9404,0.0000,0.9269
2139,170,103,0.1000,0.00001793,0.0000,34.2943,607.5153,0.0000,0.9314
2140,233,67,0.1000,0.00001792,0.0000,25.6852,610.5692,0.0000,0.9454
2141,37,10,0.1000,0.00001790,0.0000,25.9568,606.8042,0.0000,0.9594
2142,89,17,0.1000,0.00001789,0.0000,34.7050,608.0600,0.0000,0.9357
2143,89,14,0.1000,0.00001787,0.0000,31.6056,615.2331,0.0000,0.9420
2144,51,20,0.1000,0.00001785,0.0000,32.9116,603.0772,0.0000,0.9375
2145,318,24,0.1000,0.00001784,0.0000,30.2175,621.7053,0.0000,0.9401
2146,1183,56,0.1000,0.00001782,0.0000,30.3994,623.1478,0.0000,0.9369
2147,56,12,0.1000,0.00001781,0.0000,20.9305,607.2077,0.0000,0.9583
2148,269,45,0.1000,0.00001780,0.0000,27.8252,612.0454,0.0000,0.9521
2149,106,33,0.1000,0.00001778,0.0000,24.2285,614.8035,0.0000,0.9517
2150,47,28,0.1000,0.00001776,0.0000,31.7434,611.7599,0.0000,0.9397
2151,108,11,0.1000,0.00001775,0.0000,24.1028,605.0798,0.0000,0.9517
2152,46,17,0.1000,0.00001773,0.0000,26.2312,606.5248,0.0000,0.9375
2153,66,14,0.1000,0.00001772,0.0000,44.5216,609.1312,0.0000,0.9152
2154,39,11,0.1000,0.00001771,0.0000,25.7475,611.8678,0.0000,0.9318
2155,52,80,0.1000,0.00001769,0.0000,28.3918,610.4784,0.0000,0.9414
2156,85,15,0.1000,0.00001767,0.0000,23.4510,607.2603,0.0000,0.9479
2157,449,46,0.1000,0.00001766,0.0000,27.8652,616.9461,0.0000,0.9409
2158,286,20,0.1000,0.00001765,0.0000,29.3249,622.7854,0.0000,0.9453
2159,84,14,0.1000,0.00001763,0.0000,27.4897,607.3192,0.0000,0.9241
2160,208,20,0.1000,0.00001761,0.0000,18.9982,620.3427,0.0000,0.9609
2161,178,20,0.1000,0.00001760,0.0000,32.7144,614.4316,0.0000,0.9406
2162,37,61,0.1000,0.00001758,0.0000,29.6487,612.2221,0.0000,0.9406
2163,34,30,0.1000,0.00001757,0.0000,24.8966,613.4524,0.0000,0.9479
2164,300,60,0.1000,0.00001756,0.0000,30.3061,622.8430,0.0000,0.9385
2165,40,10,0.1000,0.00001754,0.0000,23.4456,610.9231,0.0000,0.9500
2166,227,20,0.1000,0.00001752,0.0000,26.5183,624.6321,0.0000,0.9437
2167,100,17,0.1000,0.00001751,0.0000,30.4936,612.4423,0.0000,0.9449
2168,177,38,0.1000,0.00001750,0.0000,26.8804,613.8953,0.0000,0.9515
2169,36,39,0.1000,0.00001748,0.0000,28.4072,609.9482,0.0000,0.9335
2170,35,20,0.1000,0.00001747,0.0000,26.8741,612.9682,0.0000,0.9344
2171,31,55,0.1000,0.00001745,0.0000,30.8745,619.8659,0.0000,0.9364
2172,158,33,0.1000,0.00001745,0.0000,26.1711,616.7852,0.0000,0.9460
2173,342,25,0.1000,0.00001742,0.0000,33.1793,631.3769,0.0000,0.9275
2174,241,25,0.1000,0.00001741,0.0000,32.6574,622.3577,0.0000,0.9313
2175,57,23,0.1000,0.00001739,0.0000,26.8099,617.5053,0.0000,0.9484
2176,222,20,0.1000,0.00001738,0.0000,26.0510,624.2931,0.0000,0.9469
2177,43,22,0.1000,0.00001736,0.0000,24.1892,611.0709,0.0000,0.9503
2178,39,55,0.1000,0.00001734,0.0000,31.3579,616.1785,0.0000,0.9415
2179,93,67,0.1000,0.00001733,0.0000,28.2663,614.9469,0.0000,0.9389
2180,44,12,0.1000,0.00001731,0.0000,31.4946,608.8482,0.0000,0.9245
2181,86,46,0.1000,0.00001730,0.0000,28.7973,609.7231,0.0000,0.9457
2182,1072,47,0.1000,0.00001729,0.0000,30.8777,632.7239,0.0000,0.9402
2183,113,31,0.1000,0.00001727,0.0000,28.1711,617.2012,0.0000,0.9385
2184,43,24,0.1000,0.00001725,0.0000,30.5380,612.4733,0.0000,0.9310
2185,29,8,0.1000,0.00001724,0.0000,26.1751,609.2885,0.0000,0.9453
2186,222,24,0.1000,0.00001722,0.0000,31.1114,615.1912,0.0000,0.9362
2187,82,54,0.1000,0.00001721,0.0000,24.3571,626.5230,0.0000,0.9468
2188,56,53,0.1000,0.00001720,0.0000,33.9384,622.8958,0.0000,0.9363
2189,54,56,0.1000,0.00001718,0.0000,28.1510,620.5475,0.0000,0.9381
2190,128,20,0.1000,0.00001717,0.0000,35.4740,612.2372,0.0000,0.9266
2191,78,17,0.1000,0.00001715,0.0000,35.5002,616.3301,0.0000,0.9191
2192,168,31,0.1000,0.00001714,0.0000,32.0409,623.9858,0.0000,0.9294
2193,123,44,0.1000,0.00001712,0.0000,26.9727,618.7730,0.0000,0.9446
2194,114,14,0.1000,0.00001710,0.0000,35.3972,621.0244,0.0000,0.9308
2195,38,11,0.1000,0.00001709,0.0000,25.0211,617.3019,0.0000,0.9602
2196,28,8,0.1000,0.00001708,0.0000,27.3722,602.6252,0.0000,0.9375
2197,62,31,0.1000,0.00001706,0.0000,23.6852,617.7776,0.0000,0.9456
2198,33,8,0.1000,0.00001705,0.0000,33.7342,608.3579,0.0000,0.9453
2199,115,17,0.1000,0.00001703,0.0000,33.0470,619.5938,0.0000,0.9301
2200,79,14,0.1000,0.00001701,0.0000,34.5976,616.3567,0.0000,0.9263
2201,123,15,0.1000,0.00001701,0.0000,32.6083,613.8304,0.0000,0.9313
2202,121,26,0.1000,0.00001699,0.0000,30.4579,614.0422,0.0000,0.9435
2203,159,50,0.1000,0.00001697,0.0000,31.1741,617.1353,0.0000,0.9363
2204,137,14,0.1000,0.00001696,0.0000,33.0962,625.1777,0.0000,0.9241
2205,81,29,0.1000,0.00001694,0.0000,28.5563,617.2125,0.0000,0.9375
2206,160,17,0.1000,0.00001692,0.0000,23.8454,622.2390,0.0000,0.9430
2207,51,14,0.1000,0.00001691,0.0000,21.9243,612.8415,0.0000,0.9420
2208,97,35,0.1000,0.00001690,0.0000,33.5109,623.3593,0.0000,0.9437
2209,555,66,0.1000,0.00001688,0.0000,24.8052,632.7676,0.0000,0.9512
2210,59,13,0.1000,0.00001687,0.0000,29.8738,623.7750,0.0000,0.9567
2211,368,22,0.1000,0.00001685,0.0000,28.4556,626.5271,0.0000,0.9517
2212,144,30,0.1000,0.00001684,0.0000,37.5410,621.5257,0.0000,0.9302
2213,181,79,0.1000,0.00001682,0.0000,30.4573,623.6882,0.0000,0.9426
2214,433,11,0.1000,0.00001680,0.0000,32.6082,647.7270,0.0000,0.9460
2215,42,38,0.1000,0.00001679,0.0000,33.9377,626.1848,0.0000,0.9326
2216,38,38,0.1000,0.00001678,0.0000,28.7243,639.8048,0.0000,0.9465
2217,54,11,0.1000,0.00001676,0.0000,22.8720,619.8193,0.0000,0.9688
2218,125,70,0.1000,0.00001675,0.0000,24.9641,624.7766,0.0000,0.9446
2219,271,36,0.1000,0.00001673,0.0000,28.5552,620.8129,0.0000,0.9479
2220,208,44,0.1000,0.00001671,0.0000,26.5371,617.7670,0.0000,0.9467
2221,83,14,0.1000,0.00001670,0.0000,23.5030,621.1964,0.0000,0.9531
2222,78,14,0.1000,0.00001669,0.0000,34.8697,610.5564,0.0000,0.9152
2223,33,8,0.1000,0.00001667,0.0000,29.8829,612.8356,0.0000,0.9336
2224,132,46,0.1000,0.00001666,0.0000,29.5621,627.8851,0.0000,0.9463
2225,86,39,0.1000,0.00001664,0.0000,29.1219,620.3634,0.0000,0.9399
2226,30,8,0.1000,0.00001662,0.0000,21.0622,608.4745,0.0000,0.9531
2227,74,20,0.1000,0.00001661,0.0000,30.7375,618.0921,0.0000,0.9391
2228,41,8,0.1000,0.00001659,0.0000,25.8906,616.1340,0.0000,0.9453
2229,44,12,0.1000,0.00001658,0.0000,29.4520,628.2424,0.0000,0.9401
2230,183,31,0.1000,0.00001657,0.0000,35.2530,624.9851,0.0000,0.9274
2231,37,23,0.1000,0.00001655,0.0000,31.0472,625.8175,0.0000,0.9402
2232,96,49,0.1000,0.00001653,0.0000,34.8111,628.9118,0.0000,0.9260
2233,31,8,0.1000,0.00001652,0.0000,36.1423,608.7472,0.0000,0.9141
2234,458,27,0.1000,0.00001651,0.0000,36.0677,637.4220,0.0000,0.9271
2235,120,14,0.1000,0.00001649,0.0000,17.8453,630.5917,0.0000,0.9487
2236,228,17,0.1000,0.00001648,0.0000,28.8644,626.7969,0.0000,0.9485
2237,79,13,0.1000,0.00001646,0.0000,23.2502,628.7223,0.0000,0.9495
2238,38,91,0.1000,0.00001644,0.0000,28.7225,623.3614,0.0000,0.9485
2239,167,17,0.1000,0.00001643,0.0000,30.1001,617.5532,0.0000,0.9375
2240,1106,59,0.1000,0.00001642,0.0000,29.8291,632.9642,0.0000,0.9412
2241,226,19,0.1000,0.00001640,0.0000,31.0669,625.6638,0.0000,0.9424
2242,44,11,0.1000,0.00001638,0.0000,29.0814,629.3412,0.0000,0.9403
2243,57,37,0.1000,0.00001637,0.0000,29.4490,621.3665,0.0000,0.9451
2244,37,25,0.1000,0.00001636,0.0000,34.6733,622.2226,0.0000,0.9325
2245,310,25,0.1000,0.00001634,0.0000,39.4115,636.4478,0.0000,0.9125
2246,91,35,0.1000,0.00001633,0.0000,25.7495,622.3732,0.0000,0.9491
2247,389,22,0.1000,0.00001631,0.0000,27.8654,638.2274,0.0000,0.9375
2248,31,18,0.1000,0.00001631,0.0000,31.0367,620.6448,0.0000,0.9375
2249,178,34,0.1000,0.00001628,0.0000,38.6917,624.2230,0.0000,0.9228
2250,452,44,0.1000,0.00001627,0.0000,33.6452,625.8038,0.0000,0.9339
2251,75,14,0.1000,0.00001627,0.0000,27.5531,633.4754,0.0000,0.9509
2252,61,14,0.1000,0.00001627,0.0000,26.4151,632.5258,0.0000,0.9487
2253,44,19,0.1000,0.00001622,0.0000,19.4535,626.6969,0.0000,0.9457
2254,161,36,0.1000,0.00001620,0.0000,30.3555,620.0711,0.0000,0.9349
2255,79,11,0.1000,0.00001619,0.0000,29.9523,630.0496,0.0000,0.9375
2256,215,17,0.1000,0.00001618,0.0000,20.2143,628.6716,0.0000,0.9706
2257,228,71,0.1000,0.00001616,0.0000,30.9380,626.9943,0.0000,0.9371
2258,127,58,0.1000,0.00001615,0.0000,25.0854,620.8413,0.0000,0.9445
2259,322,87,0.1000,0.00001613,0.0000,28.2492,639.3032,0.0000,0.9443
2260,121,17,0.1000,0.00001611,0.0000,28.8803,632.3841,0.0000,0.9283
2261,54,11,0.1000,0.00001610,0.0000,40.2329,629.1244,0.0000,0.9176
2262,122,51,0.1000,0.00001608,0.0000,30.0568,628.1644,0.0000,0.9436
2263,48,34,0.1000,0.00001607,0.0000,33.1105,620.8149,0.0000,0.9347
2264,154,34,0.1000,0.00001606,0.0000,29.6099,619.2181,0.0000,0.9384
2265,40,11,0.1000,0.00001604,0.0000,32.5433,625.4529,0.0000,0.9432
2266,128,38,0.1000,0.00001603,0.0000,27.6776,624.6076,0.0000,0.9400
2267,240,51,0.1000,0.00001601,0.0000,25.4023,629.4925,0.0000,0.9412
2268,172,19,0.1000,0.00001599,0.0000,29.6854,622.7240,0.0000,0.9424
2269,40,53,0.1000,0.00001598,0.0000,29.2190,626.0583,0.0000,0.9399
2270,53,11,0.1000,0.00001597,0.0000,27.7648,621.8400,0.0000,0.9403
2271,60,13,0.1000,0.00001595,0.0000,33.6274,626.0182,0.0000,0.9375
2272,59,45,0.1000,0.00001594,0.0000,32.2095,621.8366,0.0000,0.9306
2273,163,14,0.1000,0.00001592,0.0000,24.1936,632.6677,0.0000,0.9509
2274,161,23,0.1000,0.00001590,0.0000,21.9627,620.6584,0.0000,0.9524
2275,202,26,0.1000,0.00001589,0.0000,33.6718,628.4317,0.0000,0.9375
2276,56,24,0.1000,0.00001587,0.0000,20.3471,627.8138,0.0000,0.9622
2277,220,23,0.1000,0.00001586,0.0000,36.3740,628.3944,0.0000,0.9416
2278,39,11,0.1000,0.00001585,0.0000,30.4097,628.4978,0.0000,0.9574
2279,170,32,0.1000,0.00001583,0.0000,28.5478,633.7560,0.0000,0.9463
2280,59,48,0.1000,0.00001581,0.0000,31.3566,643.2533,0.0000,0.9401
2281,31,8,0.1000,0.00001580,0.0000,35.1010,622.1223,0.0000,0.9375
2282,41,63,0.1000,0.00001578,0.0000,29.1378,639.6371,0.0000,0.9415
2283,218,46,0.1000,0.00001577,0.0000,31.5228,628.8478,0.0000,0.9368
2284,39,31,0.1000,0.00001576,0.0000,32.8490,623.8645,0.0000,0.9335
2285,48,11,0.1000,0.00001574,0.0000,21.1008,628.9161,0.0000,0.9631
2286,767,32,0.1000,0.00001572,0.0000,25.1284,640.1966,0.0000,0.9570
2287,111,56,0.1000,0.00001571,0.0000,28.3468,628.7202,0.0000,0.9453
2288,456,79,0.1000,0.00001570,0.0000,30.0415,631.7559,0.0000,0.9438
2289,311,23,0.1000,0.00001570,0.0000,34.1020,638.9606,0.0000,0.9389
2290,471,35,0.1000,0.00001566,0.0000,34.8134,636.0387,0.0000,0.9384
2291,104,14,0.1000,0.00001565,0.0000,23.3754,635.7845,0.0000,0.9531
2292,71,42,0.1000,0.00001563,0.0000,27.8978,634.5144,0.0000,0.9494
2293,43,17,0.1000,0.00001562,0.0000,33.0757,629.8945,0.0000,0.9357
2294,156,34,0.1000,0.00001561,0.0000,36.7575,636.7496,0.0000,0.9347
2295,138,17,0.1000,0.00001559,0.0000,27.7274,631.8464,0.0000,0.9357
2296,184,20,0.1000,0.00001559,0.0000,32.2889,639.4685,0.0000,0.9391
2297,56,59,0.1000,0.00001556,0.0000,31.2908,628.6215,0.0000,0.9412
2298,44,11,0.1000,0.00001555,0.0000,45.5686,624.6054,0.0000,0.9176
2299,645,69,0.1000,0.00001553,0.0000,30.0378,633.4656,0.0000,0.9357
2300,347,39,0.1000,0.00001553,0.0000,37.7876,637.5435,0.0000,0.9367
2301,55,11,0.1000,0.00001550,0.0000,32.7923,622.8436,0.0000,0.9290
2302,80,12,0.1000,0.00001548,0.0000,24.3802,630.0462,0.0000,0.9453
2303,420,67,0.1000,0.00001547,0.0000,28.9610,637.9020,0.0000,0.9412
2304,166,42,0.1000,0.00001546,0.0000,25.5172,637.4868,0.0000,0.9501
2305,82,31,0.1000,0.00001544,0.0000,33.3466,637.7414,0.0000,0.9355
2306,230,19,0.1000,0.00001543,0.0000,24.6275,633.4758,0.0000,0.9474
2307,665,40,0.1000,0.00001541,0.0000,30.3344,647.5707,0.0000,0.9289
2308,464,69,0.1000,0.00001539,0.0000,31.4516,646.5549,0.0000,0.9380
2309,168,17,0.1000,0.00001538,0.0000,27.6516,634.8106,0.0000,0.9449
2310,29,60,0.1000,0.00001536,0.0000,37.8470,640.5484,0.0000,0.9240
2311,36,10,0.1000,0.00001536,0.0000,31.5574,627.3073,0.0000,0.9344
2312,371,22,0.1000,0.00001534,0.0000,27.7051,637.2276,0.0000,0.9418
2313,223,30,0.1000,0.00001532,0.0000,37.2995,641.9875,0.0000,0.9292
2314,162,79,0.1000,0.00001530,0.0000,27.4437,629.2279,0.0000,0.9490
2315,185,60,0.1000,0.00001529,0.0000,27.3743,642.6423,0.0000,0.9396
2316,41,12,0.1000,0.00001528,0.0000,33.9472,638.2377,0.0000,0.9401
2317,53,39,0.1000,0.00001526,0.0000,25.8161,625.9924,0.0000,0.9471
2318,37,10,0.1000,0.00001525,0.0000,27.9642,628.6545,0.0000,0.9437
2319,32,52,0.1000,0.00001523,0.0000,30.1258,635.8573,0.0000,0.9423
2320,161,14,0.1000,0.00001522,0.0000,24.5765,641.6103,0.0000,0.9442
2321,221,33,0.1000,0.00001520,0.0000,35.9833,636.1643,0.0000,0.9318
2322,43,35,0.1000,0.00001519,0.0000,30.1901,641.7210,0.0000,0.9268
2323,237,32,0.1000,0.00001517,0.0000,31.1397,629.6020,0.0000,0.9375
2324,169,17,0.1000,0.00001515,0.0000,15.6825,641.7278,0.0000,0.9743
2325,37,8,0.1000,0.00001514,0.0000,32.3431,630.0963,0.0000,0.9375
2326,457,28,0.1000,0.00001513,0.0000,25.2812,647.3900,0.0000,0.9408
2327,32,8,0.1000,0.00001511,0.0000,15.8530,625.5451,0.0000,0.9414
2328,88,13,0.1000,0.00001510,0.0000,34.7353,638.7387,0.0000,0.9423
2329,58,38,0.1000,0.00001508,0.0000,27.5528,636.2341,0.0000,0.9457
2330,30,17,0.1000,0.00001506,0.0000,21.7455,632.6943,0.0000,0.9559
2331,51,11,0.1000,0.00001505,0.0000,24.3889,633.3654,0.0000,0.9347
2332,330,23,0.1000,0.00001504,0.0000,26.8121,632.3457,0.0000,0.9389
2333,48,8,0.1000,0.00001502,0.0000,32.0189,630.6955,0.0000,0.9375
2334,87,26,0.1000,0.00001501,0.0000,24.6172,635.7085,0.0000,0.9591
2335,31,8,0.1000,0.00001499,0.0000,34.6100,625.1881,0.0000,0.9219
2336,76,61,0.1000,0.00001497,0.0000,30.4430,636.6836,0.0000,0.9380
2337,47,12,0.1000,0.00001496,0.0000,31.9676,639.4538,0.0000,0.9271
2338,38,55,0.1000,0.00001495,0.0000,32.3697,637.4371,0.0000,0.9364
2339,45,21,0.1000,0.00001493,0.0000,38.3937,633.3285,0.0000,0.9211
2340,41,11,0.1000,0.00001492,0.0000,34.9883,638.0282,0.0000,0.9290
2341,43,33,0.1000,0.00001490,0.0000,33.4514,644.4178,0.0000,0.9366
2342,43,55,0.1000,0.00001489,0.0000,37.9280,642.7100,0.0000,0.9301
2343,39,20,0.1000,0.00001487,0.0000,35.0373,633.2740,0.0000,0.9234
2344,43,10,0.1000,0.00001485,0.0000,32.3198,628.7440,0.0000,0.9500
2345,83,14,0.1000,0.00001484,0.0000,30.7681,642.1796,0.0000,0.9397
2346,666,48,0.1000,0.00001484,0.0000,37.1788,650.0984,0.0000,0.9284
2347,71,11,0.1000,0.00001481,0.0000,28.6722,637.8282,0.0000,0.9517
2348,49,45,0.1000,0.00001480,0.0000,31.7300,643.6423,0.0000,0.9410
2349,45,11,0.1000,0.00001478,0.0000,38.7078,642.8211,0.0000,0.9290
2350,507,57,0.1000,0.00001476,0.0000,25.9511,645.3700,0.0000,0.9452
2351,38,39,0.1000,0.00001475,0.0000,32.4809,635.3496,0.0000,0.9383
2352,61,26,0.1000,0.00001474,0.0000,22.7419,638.6163,0.0000,0.9507
2353,35,8,0.1000,0.00001472,0.0000,29.2880,627.4040,0.0000,0.9336
2354,185,20,0.1000,0.00001471,0.0000,25.1683,644.3586,0.0000,0.9625
2355,129,29,0.1000,0.00001471,0.0000,31.4551,637.4499,0.0000,0.9375
2356,57,11,0.1000,0.00001467,0.0000,29.7855,638.8862,0.0000,0.9290
2357,141,35,0.1000,0.00001466,0.0000,26.4862,646.4318,0.0000,0.9482
2358,65,14,0.1000,0.00001464,0.0000,25.9701,644.7910,0.0000,0.9442
2359,166,37,0.1000,0.00001463,0.0000,28.9664,641.3210,0.0000,0.9409
2360,115,51,0.1000,0.00001462,0.0000,30.3128,646.6229,0.0000,0.9424
2361,42,29,0.1000,0.00001460,0.0000,37.6432,643.7719,0.0000,0.9256
2362,117,14,0.1000,0.00001458,0.0000,26.4718,641.8774,0.0000,0.9375
2363,40,11,0.1000,0.00001457,0.0000,33.9896,636.5548,0.0000,0.9176
2364,86,14,0.1000,0.00001455,0.0000,23.7842,642.7568,0.0000,0.9464
2365,159,122,0.1000,0.00001454,0.0000,27.5010,644.9996,0.0000,0.9462
2366,212,21,0.1000,0.00001453,0.0000,27.7281,626.6465,0.0000,0.9449
2367,39,23,0.1000,0.00001451,0.0000,29.6448,632.1538,0.0000,0.9457
2368,36,56,0.1000,0.00001449,0.0000,25.4491,640.0207,0.0000,0.9565
2369,35,8,0.1000,0.00001448,0.0000,22.6441,635.4877,0.0000,0.9570
2370,55,29,0.1000,0.00001447,0.0000,31.0113,639.2374,0.0000,0.9472
2371,99,50,0.1000,0.00001445,0.0000,29.7359,640.6987,0.0000,0.9425
2372,468,33,0.1000,0.00001443,0.0000,30.3125,650.5691,0.0000,0.9422
2373,83,68,0.1000,0.00001442,0.0000,35.5677,643.1159,0.0000,0.9403
2374,41,36,0.1000,0.00001442,0.0000,35.3430,651.2108,0.0000,0.9323
2375,655,45,0.1000,0.00001439,0.0000,34.5917,655.9849,0.0000,0.9361
2376,297,32,0.1000,0.00001438,0.0000,24.7600,653.0114,0.0000,0.9502
2377,95,14,0.1000,0.00001436,0.0000,40.7517,637.9273,0.0000,0.9263
2378,92,87,0.1000,0.00001434,0.0000,28.4924,645.5775,0.0000,0.9454
2379,42,11,0.1000,0.00001433,0.0000,18.3298,639.8887,0.0000,0.9659
2380,30,8,0.1000,0.00001433,0.0000,24.3683,642.6294,0.0000,0.9648
2381,259,28,0.1000,0.00001430,0.0000,33.6798,645.1011,0.0000,0.9431
2382,52,9,0.1000,0.00001429,0.0000,49.3264,650.0834,0.0000,0.8993
2383,73,69,0.1000,0.00001427,0.0000,32.9862,645.7296,0.0000,0.9398
2384,37,10,0.1000,0.00001425,0.0000,21.3635,640.8594,0.0000,0.9531
2385,883,38,0.1000,0.00001424,0.0000,39.4331,658.4060,0.0000,0.9317
2386,45,34,0.1000,0.00001423,0.0000,31.0480,641.5779,0.0000,0.9292
2387,359,38,0.1000,0.00001421,0.0000,26.8573,649.7192,0.0000,0.9441
2388,40,59,0.1000,0.00001420,0.0000,27.7539,656.0987,0.0000,0.9481
2389,52,11,0.1000,0.00001418,0.0000,30.2782,648.5562,0.0000,0.9347
2390,72,20,0.1000,0.00001416,0.0000,29.9413,644.2251,0.0000,0.9359
2391,85,14,0.1000,0.00001415,0.0000,30.9440,653.8046,0.0000,0.9397
2392,120,14,0.1000,0.00001413,0.0000,44.7020,643.9806,0.0000,0.9174
2393,38,29,0.1000,0.00001412,0.0000,30.5087,651.7479,0.0000,0.9450
2394,167,17,0.1000,0.00001411,0.0000,28.5278,656.5471,0.0000,0.9504
2395,357,28,0.1000,0.00001409,0.0000,19.0078,660.9602,0.0000,0.9621
2396,40,9,0.1000,0.00001407,0.0000,25.1785,646.8057,0.0000,0.9549
2397,56,11,0.1000,0.00001406,0.0000,37.9430,643.6474,0.0000,0.9290
2398,68,11,0.1000,0.00001404,0.0000,27.3876,643.7891,0.0000,0.9489
2399,102,52,0.1000,0.00001403,0.0000,26.3644,658.8167,0.0000,0.9459
2400,66,27,0.1000,0.00001402,0.0000,25.2675,658.8504,0.0000,0.9398
2401,57,75,0.1000,0.00001400,0.0000,32.4628,649.2076,0.0000,0.9396
2402,142,50,0.1000,0.00001399,0.0000,29.6317,651.7976,0.0000,0.9469
2403,116,27,0.1000,0.00001397,0.0000,30.0495,647.1915,0.0000,0.9468
2404,170,17,0.1000,0.00001395,0.0000,18.7420,659.3751,0.0000,0.9522
2405,219,54,0.1000,0.00001394,0.0000,30.5116,655.5231,0.0000,0.9450
2406,308,44,0.1000,0.00001392,0.0000,23.1729,656.0449,0.0000,0.9510
2407,57,52,0.1000,0.00001391,0.0000,29.0887,658.3661,0.0000,0.9441
2408,83,29,0.1000,0.00001390,0.0000,31.3907,647.1821,0.0000,0.9397
2409,42,37,0.1000,0.00001388,0.0000,31.8092,657.5288,0.0000,0.9341
2410,393,26,0.1000,0.00001386,0.0000,37.0156,654.7429,0.0000,0.9339
2411,24,8,0.1000,0.00001385,0.0000,24.2167,633.6815,0.0000,0.9492
2412,157,53,0.1000,0.00001383,0.0000,31.0150,654.4290,0.0000,0.9393
2413,36,11,0.1000,0.00001382,0.0000,23.8192,638.7942,0.0000,0.9403
2414,40,49,0.1000,0.00001381,0.0000,28.5527,654.2318,0.0000,0.9420
2415,236,18,0.1000,0.00001379,0.0000,32.9820,665.0870,0.0000,0.9288
2416,80,32,0.1000,0.00001377,0.0000,35.3146,657.7164,0.0000,0.9316
2417,45,12,0.1000,0.00001377,0.0000,36.7587,648.4219,0.0000,0.9505
2418,94,17,0.1000,0.00001374,0.0000,23.0804,660.8094,0.0000,0.9614
2419,88,28,0.1000,0.00001373,0.0000,33.2424,652.2285,0.0000,0.9408
2420,41,38,0.1000,0.00001371,0.0000,30.4590,649.7403,0.0000,0.9326
2421,48,11,0.1000,0.00001370,0.0000,31.7548,646.3082,0.0000,0.9375
2422,62,43,0.1000,0.00001368,0.0000,30.0035,648.7235,0.0000,0.9368
2423,42,56,0.1000,0.00001367,0.0000,30.9028,651.9887,0.0000,0.9431
2424,120,41,0.1000,0.00001366,0.0000,28.2153,658.6446,0.0000,0.9405
2425,301,35,0.1000,0.00001364,0.0000,24.1768,657.0182,0.0000,0.9429
2426,81,35,0.1000,0.00001362,0.0000,35.1197,650.6009,0.0000,0.9259
2427,60,61,0.1000,0.00001361,0.0000,34.6209,650.5606,0.0000,0.9303
2428,59,50,0.1000,0.00001360,0.0000,31.8604,655.6742,0.0000,0.9319
2429,438,29,0.1000,0.00001358,0.0000,31.5390,659.9637,0.0000,0.9440
2430,39,11,0.1000,0.00001357,0.0000,33.5294,646.8394,0.0000,0.9432
2431,87,37,0.1000,0.00001355,0.0000,35.6079,649.1352,0.0000,0.9316
2432,42,12,0.1000,0.00001353,0.0000,25.0839,648.8899,0.0000,0.9297
2433,43,11,0.1000,0.00001352,0.0000,32.4362,655.7672,0.0000,0.9290
2434,83,38,0.1000,0.00001351,0.0000,26.1936,656.5340,0.0000,0.9457
2435,296,20,0.1000,0.00001349,0.0000,38.3032,656.2079,0.0000,0.9203
2436,34,8,0.1000,0.00001348,0.0000,22.8212,651.8196,0.0000,0.9570
2437,71,11,0.1000,0.00001346,0.0000,38.5561,653.4857,0.0000,0.9176
2438,42,50,0.1000,0.00001344,0.0000,30.6889,650.7204,0.0000,0.9400
2439,44,28,0.1000,0.00001343,0.0000,28.4778,652.2800,0.0000,0.9397
2440,167,20,0.1000,0.00001341,0.0000,27.0632,653.2102,0.0000,0.9422
2441,39,68,0.1000,0.00001340,0.0000,25.2148,654.3952,0.0000,0.9527
2442,41,79,0.1000,0.00001339,0.0000,34.2668,662.1826,0.0000,0.9371
2443,375,25,0.1000,0.00001337,0.0000,28.8876,662.3283,0.0000,0.9500
2444,133,57,0.1000,0.00001335,0.0000,31.2325,665.2465,0.0000,0.9463
2445,51,52,0.1000,0.00001334,0.0000,32.7738,651.7084,0.0000,0.9321
2446,116,27,0.1000,0.00001333,0.0000,32.2182,657.1227,0.0000,0.9387
2447,41,33,0.1000,0.00001331,0.0000,31.2810,664.5857,0.0000,0.9470
2448,42,11,0.1000,0.00001330,0.0000,35.1951,656.7710,0.0000,0.9290
2449,81,51,0.1000,0.00001328,0.0000,30.3483,671.6063,0.0000,0.9400
2450,76,108,0.1000,0.00001326,0.0000,30.9299,654.8377,0.0000,0.9453
2451,176,20,0.1000,0.00001325,0.0000,23.9589,662.1697,0.0000,0.9531
2452,35,9,0.1000,0.00001324,0.0000,28.6978,655.2919,0.0000,0.9618
2453,53,11,0.1000,0.00001322,0.0000,21.7026,648.0782,0.0000,0.9602
2454,63,26,0.1000,0.00001320,0.0000,34.2850,657.2954,0.0000,0.9303
2455,300,36,0.1000,0.00001319,0.0000,33.2840,661.8634,0.0000,0.9358
2456,79,23,0.1000,0.00001318,0.0000,29.7382,658.2323,0.0000,0.9402
2457,30,36,0.1000,0.00001316,0.0000,30.3664,653.9176,0.0000,0.9401
2458,60,11,0.1000,0.00001315,0.0000,25.2819,655.7868,0.0000,0.9517
2459,115,32,0.1000,0.00001313,0.0000,34.3452,652.4737,0.0000,0.9316
2460,46,38,0.1000,0.00001311,0.0000,35.1757,656.6493,0.0000,0.9359
2461,185,19,0.1000,0.00001310,0.0000,34.4719,659.5773,0.0000,0.9424
2462,40,10,0.1000,0.00001309,0.0000,40.8845,656.5119,0.0000,0.9219
2463,43,39,0.1000,0.00001307,0.0000,28.3111,652.0253,0.0000,0.9471
2464,118,14,0.1000,0.00001306,0.0000,22.9391,665.2176,0.0000,0.9509
2465,85,14,0.1000,0.00001304,0.0000,31.0276,668.9999,0.0000,0.9353
2466,58,11,0.1000,0.00001302,0.0000,26.9802,670.5198,0.0000,0.9489
2467,41,11,0.1000,0.00001301,0.0000,41.5503,658.7547,0.0000,0.9318
2468,57,11,0.1000,0.00001300,0.0000,44.0982,665.7923,0.0000,0.9233
2469,81,13,0.1000,0.00001298,0.0000,25.8636,654.9727,0.0000,0.9591
2470,170,80,0.1000,0.00001297,0.0000,29.5322,662.9538,0.0000,0.9414
2471,46,10,0.1000,0.00001295,0.0000,25.4962,657.4743,0.0000,0.9437
2472,84,14,0.1000,0.00001293,0.0000,26.3125,660.7201,0.0000,0.9442
2473,116,33,0.1000,0.00001292,0.0000,27.5016,659.8264,0.0000,0.9479
2474,90,17,0.1000,0.00001292,0.0000,34.6448,660.3440,0.0000,0.9357
2475,50,10,0.1000,0.00001289,0.0000,20.7910,660.0627,0.0000,0.9500
2476,216,23,0.1000,0.00001288,0.0000,42.5556,669.5781,0.0000,0.9185
2477,102,17,0.1000,0.00001286,0.0000,28.6771,664.3114,0.0000,0.9430
2478,88,16,0.1000,0.00001285,0.0000,31.7043,658.2111,0.0000,0.9531
2479,120,37,0.1000,0.00001283,0.0000,27.8328,661.8375,0.0000,0.9434
2480,280,34,0.1000,0.00001281,0.0000,26.9391,666.4773,0.0000,0.9540
2481,57,52,0.1000,0.00001280,0.0000,26.9828,653.6232,0.0000,0.9495
2482,90,68,0.1000,0.00001279,0.0000,35.1170,662.4447,0.0000,0.9352
2483,78,60,0.1000,0.00001277,0.0000,29.4771,664.9763,0.0000,0.9437
2484,41,11,0.1000,0.00001276,0.0000,23.6538,653.9269,0.0000,0.9517
2485,535,43,0.1000,0.00001274,0.0000,33.9805,670.3288,0.0000,0.9375
2486,88,15,0.1000,0.00001272,0.0000,36.1249,659.0705,0.0000,0.9375
2487,307,69,0.1000,0.00001271,0.0000,29.3603,660.5636,0.0000,0.9466
2488,74,23,0.1000,0.00001269,0.0000,30.3491,664.7859,0.0000,0.9375
2489,55,23,0.1000,0.00001268,0.0000,38.4206,661.4391,0.0000,0.9253
2490,224,19,0.1000,0.00001267,0.0000,27.6637,670.3228,0.0000,0.9523
2491,40,24,0.1000,0.00001265,0.0000,25.9099,662.5664,0.0000,0.9453
2492,306,22,0.1000,0.00001263,0.0000,28.9064,668.4229,0.0000,0.9375
2493,59,26,0.1000,0.00001262,0.0000,37.7429,664.8113,0.0000,0.9291
2494,92,28,0.1000,0.00001260,0.0000,36.0522,659.7701,0.0000,0.9330
2495,57,48,0.1000,0.00001259,0.0000,26.6621,662.8516,0.0000,0.9466
2496,182,29,0.1000,0.00001258,0.0000,33.8645,669.6673,0.0000,0.9418
2497,84,53,0.1000,0.00001256,0.0000,33.5337,674.9262,0.0000,0.9404
2498,33,102,0.1000,0.00001254,0.0000,31.4311,662.8616,0.0000,0.9378
2499,117,21,0.1000,0.00001253,0.0000,29.6404,666.7697,0.0000,0.9375
2500,572,117,0.1000,0.00001252,0.0000,29.6060,671.5634,0.0000,0.9434
2501,96,24,0.1000,0.00001250,0.0000,26.1218,669.6798,0.0000,0.9479
2502,109,14,0.1000,0.00001248,0.0000,29.9819,665.4176,0.0000,0.9554
2503,534,51,0.1000,0.00001247,0.0000,27.1947,670.0865,0.0000,0.9510
2504,260,54,0.1000,0.00001245,0.0000,30.7670,675.7873,0.0000,0.9439
2505,84,32,0.1000,0.00001244,0.0000,32.6134,666.7758,0.0000,0.9424
2506,161,29,0.1000,0.00001243,0.0000,25.9876,667.4987,0.0000,0.9537
2507,292,66,0.1000,0.00001241,0.0000,35.6188,677.9157,0.0000,0.9309
2508,123,52,0.1000,0.00001239,0.0000,29.8105,680.1229,0.0000,0.9459
2509,667,28,0.1000,0.00001238,0.0000,32.1130,688.5367,0.0000,0.9408
2510,87,13,0.1000,0.00001237,0.0000,31.0400,671.6581,0.0000,0.9183
2511,295,60,0.1000,0.00001235,0.0000,32.9613,678.7186,0.0000,0.9380
2512,42,44,0.1000,0.00001234,0.0000,29.9010,664.3773,0.0000,0.9425
2513,41,11,0.1000,0.00001232,0.0000,39.6286,670.3083,0.0000,0.9205
2514,44,8,0.1000,0.00001230,0.0000,33.6390,667.7439,0.0000,0.9375
2515,203,35,0.1000,0.00001229,0.0000,33.1559,672.1403,0.0000,0.9384
2516,79,14,0.1000,0.00001228,0.0000,36.2142,676.8658,0.0000,0.9353
2517,295,67,0.1000,0.00001226,0.0000,39.0821,676.1269,0.0000,0.9310
2518,163,17,0.1000,0.00001225,0.0000,32.0786,681.2380,0.0000,0.9375
2519,207,28,0.1000,0.00001223,0.0000,32.6288,676.3958,0.0000,0.9420
2520,72,14,0.1000,0.00001221,0.0000,31.9342,678.4320,0.0000,0.9442
2521,77,15,0.1000,0.00001220,0.0000,30.7734,669.9211,0.0000,0.9313
2522,169,63,0.1000,0.00001218,0.0000,26.1915,678.6841,0.0000,0.9529
2523,124,17,0.1000,0.00001217,0.0000,39.3095,667.4615,0.0000,0.9283
2524,301,82,0.1000,0.00001216,0.0000,35.1404,672.8212,0.0000,0.9398
2525,139,49,0.1000,0.00001214,0.0000,27.1303,673.7322,0.0000,0.9471
2526,117,23,0.1000,0.00001212,0.0000,27.2314,665.6312,0.0000,0.9497
2527,36,9,0.1000,0.00001211,0.0000,17.9934,670.5055,0.0000,0.9583
2528,80,11,0.1000,0.00001209,0.0000,25.7985,681.0954,0.0000,0.9432
2529,126,17,0.1000,0.00001209,0.0000,38.4425,669.7008,0.0000,0.9301
2530,668,32,0.1000,0.00001207,0.0000,31.1714,691.6529,0.0000,0.9453
2531,52,11,0.1000,0.00001205,0.0000,32.0835,675.5053,0.0000,0.9375
2532,682,47,0.1000,0.00001204,0.0000,39.1339,684.3056,0.0000,0.9235
2533,306,48,0.1000,0.00001202,0.0000,35.6643,679.9613,0.0000,0.9342
2534,462,35,0.1000,0.00001200,0.0000,26.9469,673.9371,0.0000,0.9554
2535,160,46,0.1000,0.00001199,0.0000,27.6062,679.0431,0.0000,0.9463
2536,56,132,0.1000,0.00001197,0.0000,29.2883,680.4812,0.0000,0.9415
2537,63,30,0.1000,0.00001196,0.0000,33.4260,678.7231,0.0000,0.9437
2538,378,34,0.1000,0.00001195,0.0000,24.7844,686.8225,0.0000,0.9531
2539,82,32,0.1000,0.00001193,0.0000,30.1723,685.2177,0.0000,0.9463
2540,129,99,0.1000,0.00001191,0.0000,32.4541,683.7449,0.0000,0.9416
2541,55,11,0.1000,0.00001190,0.0000,27.0054,677.4173,0.0000,0.9602
2542,242,36,0.1000,0.00001188,0.0000,27.5995,674.9079,0.0000,0.9540
2543,373,36,0.1000,0.00001187,0.0000,36.2590,683.0548,0.0000,0.9297
2544,35,9,0.1000,0.00001186,0.0000,29.4616,667.5111,0.0000,0.9479
2545,126,17,0.1000,0.00001184,0.0000,28.9482,680.5408,0.0000,0.9301
2546,59,11,0.1000,0.00001182,0.0000,37.7039,674.7244,0.0000,0.9432
2547,40,10,0.1000,0.00001181,0.0000,30.7677,667.7707,0.0000,0.9500
2548,77,39,0.1000,0.00001179,0.0000,34.0957,668.9098,0.0000,0.9415
2549,169,20,0.1000,0.00001178,0.0000,28.8106,674.0688,0.0000,0.9563
2550,38,21,0.1000,0.00001177,0.0000,36.2741,671.3960,0.0000,0.9390
2551,96,26,0.1000,0.00001175,0.0000,27.7464,682.1263,0.0000,0.9351
2552,33,72,0.1000,0.00001173,0.0000,31.4813,689.0166,0.0000,0.9384
2553,27,61,0.1000,0.00001172,0.0000,28.9685,677.0295,0.0000,0.9411
2554,58,11,0.1000,0.00001172,0.0000,42.7152,684.7829,0.0000,0.9205
2555,39,11,0.1000,0.00001169,0.0000,41.7668,684.7171,0.0000,0.9489
2556,366,33,0.1000,0.00001167,0.0000,37.0723,687.8748,0.0000,0.9375
2557,145,38,0.1000,0.00001166,0.0000,30.7710,682.3590,0.0000,0.9416
2558,166,41,0.1000,0.00001164,0.0000,33.4812,685.8087,0.0000,0.9383
2559,44,11,0.1000,0.00001163,0.0000,25.5548,672.9898,0.0000,0.9290
2560,125,14,0.1000,0.00001163,0.0000,31.5355,691.3788,0.0000,0.9397
2561,241,23,0.1000,0.00001160,0.0000,31.3210,687.4091,0.0000,0.9402
2562,49,139,0.1000,0.00001158,0.0000,35.3674,683.5059,0.0000,0.9384
2563,38,10,0.1000,0.00001157,0.0000,23.8791,680.5280,0.0000,0.9469
2564,35,30,0.1000,0.00001156,0.0000,28.4266,678.2831,0.0000,0.9458
2565,130,50,0.1000,0.00001154,0.0000,31.1614,680.2540,0.0000,0.9437
2566,235,36,0.1000,0.00001153,0.0000,33.8753,682.6736,0.0000,0.9323
2567,63,81,0.1000,0.00001151,0.0000,33.9123,684.6197,0.0000,0.9340
2568,192,23,0.1000,0.00001149,0.0000,34.2442,688.3836,0.0000,0.9375
2569,127,101,0.1000,0.00001148,0.0000,29.6400,687.3709,0.0000,0.9462
2570,125,70,0.1000,0.00001146,0.0000,28.4707,682.3289,0.0000,0.9437
2571,164,33,0.1000,0.00001145,0.0000,28.5101,683.3328,0.0000,0.9422
2572,123,17,0.1000,0.00001145,0.0000,30.6762,682.4726,0.0000,0.9467
2573,553,69,0.1000,0.00001142,0.0000,34.0597,693.6118,0.0000,0.9384
2574,111,48,0.1000,0.00001140,0.0000,28.3825,682.9079,0.0000,0.9499
2575,58,36,0.1000,0.00001139,0.0000,35.7736,684.7717,0.0000,0.9280
2576,34,9,0.1000,0.00001138,0.0000,35.8124,677.3874,0.0000,0.9271
2577,60,34,0.1000,0.00001136,0.0000,33.1079,680.4907,0.0000,0.9301
2578,753,44,0.1000,0.00001135,0.0000,30.0306,697.4941,0.0000,0.9354
2579,57,26,0.1000,0.00001133,0.0000,34.5505,683.9752,0.0000,0.9423
2580,231,20,0.1000,0.00001131,0.0000,26.6683,687.3218,0.0000,0.9406
2581,265,29,0.1000,0.00001130,0.0000,28.2852,691.3051,0.0000,0.9504
2582,62,16,0.1000,0.00001129,0.0000,32.5533,685.0758,0.0000,0.9414
2583,36,19,0.1000,0.00001127,0.0000,36.1318,683.1230,0.0000,0.9342
2584,162,70,0.1000,0.00001125,0.0000,30.3863,687.5261,0.0000,0.9482
2585,220,49,0.1000,0.00001124,0.0000,34.4826,687.5154,0.0000,0.9477
2586,167,19,0.1000,0.00001123,0.0000,34.1551,686.9752,0.0000,0.9391
2587,96,30,0.1000,0.00001121,0.0000,33.0793,678.6484,0.0000,0.9396
2588,437,34,0.1000,0.00001120,0.0000,29.8402,694.2698,0.0000,0.9504
2589,121,14,0.1000,0.00001118,0.0000,39.1157,696.9273,0.0000,0.9353
2590,171,98,0.1000,0.00001116,0.0000,33.2198,687.1883,0.0000,0.9391
2591,51,11,0.1000,0.00001115,0.0000,31.2480,683.6230,0.0000,0.9290
2592,84,14,0.1000,0.00001114,0.0000,30.4437,687.3193,0.0000,0.9464
2593,558,26,0.1000,0.00001112,0.0000,31.8947,698.1149,0.0000,0.9447
2594,105,70,0.1000,0.00001111,0.0000,28.1319,689.9635,0.0000,0.9464
2595,53,11,0.1000,0.00001109,0.0000,24.5388,683.3972,0.0000,0.9489
2596,38,11,0.1000,0.00001107,0.0000,28.1376,690.1471,0.0000,0.9489
2597,34,8,0.1000,0.00001106,0.0000,45.2050,682.7505,0.0000,0.9258
2598,38,11,0.1000,0.00001105,0.0000,32.7211,680.1621,0.0000,0.9261
2599,55,11,0.1000,0.00001103,0.0000,22.5689,683.8665,0.0000,0.9545
2600,693,49,0.1000,0.00001102,0.0000,38.0445,702.4957,0.0000,0.9426
2601,54,43,0.1000,0.00001100,0.0000,34.4948,689.0731,0.0000,0.9339
2602,230,19,0.1000,0.00001098,0.0000,41.6604,693.5191,0.0000,0.9260
2603,176,20,0.1000,0.00001097,0.0000,30.9887,696.1082,0.0000,0.9375
2604,51,24,0.1000,0.00001095,0.0000,36.8857,694.5251,0.0000,0.9297
2605,37,29,0.1000,0.00001094,0.0000,41.6818,684.7781,0.0000,0.9364
2606,52,11,0.1000,0.00001094,0.0000,28.3665,685.5162,0.0000,0.9489
2607,450,26,0.1000,0.00001091,0.0000,40.7085,692.6660,0.0000,0.9303
2608,301,71,0.1000,0.00001090,0.0000,31.4930,688.9528,0.0000,0.9419
2609,50,18,0.1000,0.00001088,0.0000,23.1014,680.2667,0.0000,0.9566
2610,168,17,0.1000,0.00001086,0.0000,25.0326,695.0536,0.0000,0.9577
2611,72,95,0.1000,0.00001085,0.0000,33.1626,694.9190,0.0000,0.9414
2612,81,75,0.1000,0.00001084,0.0000,34.5649,689.2414,0.0000,0.9396
2613,87,28,0.1000,0.00001082,0.0000,31.7406,692.9474,0.0000,0.9397
2614,123,81,0.1000,0.00001081,0.0000,28.7275,693.6355,0.0000,0.9468
2615,215,20,0.1000,0.00001079,0.0000,36.5931,687.9844,0.0000,0.9359
2616,283,17,0.1000,0.00001077,0.0000,35.0459,701.1392,0.0000,0.9393
2617,40,71,0.1000,0.00001076,0.0000,29.5677,690.5026,0.0000,0.9415
2618,338,95,0.1000,0.00001074,0.0000,31.5190,695.6924,0.0000,0.9421
2619,99,14,0.1000,0.00001073,0.0000,22.6736,689.8288,0.0000,0.9598
2620,58,60,0.1000,0.00001072,0.0000,32.8010,696.7351,0.0000,0.9401
2621,58,29,0.1000,0.00001070,0.0000,25.9720,689.2767,0.0000,0.9537
2622,172,51,0.1000,0.00001068,0.0000,28.5079,696.9980,0.0000,0.9504
2623,331,23,0.1000,0.00001067,0.0000,30.0287,706.3442,0.0000,0.9402
2624,556,29,0.1000,0.00001065,0.0000,40.5543,705.0918,0.0000,0.9289
2625,85,14,0.1000,0.00001064,0.0000,25.7669,689.4630,0.0000,0.9531
2626,497,35,0.1000,0.00001063,0.0000,28.3649,697.9623,0.0000,0.9393
2627,162,14,0.1000,0.00001061,0.0000,36.6385,703.3673,0.0000,0.9420
2628,285,22,0.1000,0.00001059,0.0000,24.5104,695.9346,0.0000,0.9588
2629,162,56,0.1000,0.00001058,0.0000,28.8403,696.5239,0.0000,0.9481
2630,43,38,0.1000,0.00001057,0.0000,31.0313,694.6816,0.0000,0.9449
2631,45,33,0.1000,0.00001055,0.0000,33.8296,694.6179,0.0000,0.9318
2632,97,42,0.1000,0.00001053,0.0000,32.4975,693.5817,0.0000,0.9405
2633,31,8,0.1000,0.00001052,0.0000,37.4339,680.7549,0.0000,0.9375
2634,174,22,0.1000,0.00001050,0.0000,37.6751,690.2215,0.0000,0.9304
2635,174,18,0.1000,0.00001050,0.0000,33.9759,701.9575,0.0000,0.9427
2636,40,55,0.1000,0.00001048,0.0000,29.5872,699.2269,0.0000,0.9449
2637,52,11,0.1000,0.00001046,0.0000,22.8490,694.6802,0.0000,0.9574
2638,44,10,0.1000,0.00001044,0.0000,31.3444,690.8464,0.0000,0.9531
2639,121,29,0.1000,0.00001043,0.0000,34.0699,697.9165,0.0000,0.9429
2640,61,14,0.1000,0.00001042,0.0000,25.6636,687.6750,0.0000,0.9554
2641,404,35,0.1000,0.00001040,0.0000,34.4908,705.4576,0.0000,0.9384
2642,119,14,0.1000,0.00001040,0.0000,21.7759,688.5331,0.0000,0.9531
2643,57,11,0.1000,0.00001037,0.0000,36.5960,695.5503,0.0000,0.9347
2644,185,41,0.1000,0.00001035,0.0000,33.7060,696.6467,0.0000,0.9405
2645,34,42,0.1000,0.00001034,0.0000,35.0370,690.8695,0.0000,0.9427
2646,51,43,0.1000,0.00001033,0.0000,29.2857,694.0359,0.0000,0.9419
2647,34,8,0.1000,0.00001031,0.0000,34.2518,685.9016,0.0000,0.9180
2648,433,33,0.1000,0.00001030,0.0000,29.7641,705.0454,0.0000,0.9403
2649,658,55,0.1000,0.00001028,0.0000,31.6507,703.5047,0.0000,0.9375
2650,32,8,0.1000,0.00001026,0.0000,20.0870,684.1774,0.0000,0.9609
2651,41,11,0.1000,0.00001025,0.0000,22.4508,696.3055,0.0000,0.9517
2652,234,51,0.1000,0.00001023,0.0000,25.7809,697.5526,0.0000,0.9534
2653,783,51,0.1000,0.00001022,0.0000,29.7434,709.1386,0.0000,0.9455
2654,34,8,0.1000,0.00001021,0.0000,28.0811,694.1863,0.0000,0.9453
2655,94,17,0.1000,0.00001019,0.0000,40.7495,701.5237,0.0000,0.9301
2656,174,18,0.1000,0.00001017,0.0000,51.4303,700.2565,0.0000,0.9236
2657,242,79,0.1000,0.00001016,0.0000,35.3536,696.5809,0.0000,0.9328
2658,39,56,0.1000,0.00001014,0.0000,35.1034,700.7193,0.0000,0.9364
2659,21,5,0.1000,0.00001013,0.0000,37.4505,689.4105,0.0000,0.9375
2660,39,18,0.1000,0.00001013,0.0000,35.1021,699.6883,0.0000,0.9323
2661,52,11,0.1000,0.00001010,0.0000,22.1120,695.4973,0.0000,0.9403
2662,57,13,0.1000,0.00001009,0.0000,40.1174,701.9121,0.0000,0.9279
2663,158,20,0.1000,0.00001007,0.0000,31.0309,696.0203,0.0000,0.9500
2664,468,38,0.1000,0.00001005,0.0000,26.5273,710.1154,0.0000,0.9457
2665,603,32,0.1000,0.00001004,0.0000,28.4957,711.0549,0.0000,0.9424
2666,50,35,0.1000,0.00001002,0.0000,29.8959,701.7030,0.0000,0.9429
2667,304,44,0.1000,0.00001001,0.0000,32.6976,699.8185,0.0000,0.9439
2668,37,10,0.1000,0.00001000,0.0000,26.5416,690.1079,0.0000,0.9500
2669,146,20,0.1000,0.00000998,0.0000,23.2613,701.8509,0.0000,0.9688
2670,175,19,0.1000,0.00000996,0.0000,32.8547,705.3080,0.0000,0.9457
2671,54,33,0.1000,0.00000995,0.0000,35.0491,699.5084,0.0000,0.9432
2672,1115,47,0.1000,0.00000993,0.0000,34.2242,715.2209,0.0000,0.9368
2673,124,85,0.1000,0.00000992,0.0000,30.5196,698.4977,0.0000,0.9449
2674,39,19,0.1000,0.00000991,0.0000,31.6366,695.7496,0.0000,0.9408
2675,31,53,0.1000,0.00000989,0.0000,33.2247,700.6628,0.0000,0.9440
2676,43,11,0.1000,0.00000987,0.0000,27.9652,694.9808,0.0000,0.9318
2677,38,49,0.1000,0.00000986,0.0000,36.6619,707.2637,0.0000,0.9311
2678,77,14,0.1000,0.00000984,0.0000,25.2616,706.1830,0.0000,0.9464
2679,463,39,0.1000,0.00000983,0.0000,27.3321,710.6570,0.0000,0.9495
2680,596,56,0.1000,0.00000982,0.0000,34.7877,708.6090,0.0000,0.9392
2681,33,8,0.1000,0.00000980,0.0000,23.2505,691.6632,0.0000,0.9531
2682,96,14,0.1000,0.00000978,0.0000,36.6579,703.1474,0.0000,0.9286
2683,65,29,0.1000,0.00000978,0.0000,30.8021,693.3863,0.0000,0.9429
2684,54,11,0.1000,0.00000976,0.0000,35.2923,701.1897,0.0000,0.9432
2685,294,57,0.1000,0.00000974,0.0000,30.7666,707.2975,0.0000,0.9446
2686,169,17,0.1000,0.00000972,0.0000,27.6593,706.6681,0.0000,0.9522
2687,219,36,0.1000,0.00000971,0.0000,27.7121,704.5364,0.0000,0.9566
2688,83,29,0.1000,0.00000969,0.0000,27.0566,702.1898,0.0000,0.9483
2689,141,20,0.1000,0.00000968,0.0000,33.1432,698.3013,0.0000,0.9484
2690,57,45,0.1000,0.00000967,0.0000,30.9129,700.8988,0.0000,0.9472
2691,653,108,0.1000,0.00000965,0.0000,29.9942,704.5475,0.0000,0.9421
2692,187,19,0.1000,0.00000963,0.0000,29.1500,711.1364,0.0000,0.9490
2693,61,75,0.1000,0.00000962,0.0000,31.4643,704.0586,0.0000,0.9417
2694,134,20,0.1000,0.00000961,0.0000,29.4484,707.4666,0.0000,0.9469
2695,76,29,0.1000,0.00000959,0.0000,34.2803,703.8448,0.0000,0.9429
2696,60,35,0.1000,0.00000958,0.0000,26.1102,706.0300,0.0000,0.9500
2697,115,16,0.1000,0.00000956,0.0000,40.4971,705.1262,0.0000,0.9238
2698,279,43,0.1000,0.00000954,0.0000,24.2047,706.2117,0.0000,0.9520
2699,508,35,0.1000,0.00000953,0.0000,32.9449,716.9308,0.0000,0.9313
2700,56,57,0.1000,0.00000951,0.0000,28.7958,702.2916,0.0000,0.9386
2701,168,17,0.1000,0.00000950,0.0000,31.7440,720.3483,0.0000,0.9467
2702,118,39,0.1000,0.00000949,0.0000,26.3193,707.5694,0.0000,0.9463
2703,778,35,0.1000,0.00000947,0.0000,29.0307,712.5857,0.0000,0.9348
2704,106,17,0.1000,0.00000945,0.0000,34.6001,699.9749,0.0000,0.9283
2705,172,22,0.1000,0.00000944,0.0000,33.0331,714.1090,0.0000,0.9347
2706,60,14,0.1000,0.00000943,0.0000,27.2732,711.8233,0.0000,0.9621
2707,80,33,0.1000,0.00000941,0.0000,25.7406,707.6538,0.0000,0.9460
2708,1074,59,0.1000,0.00000940,0.0000,38.2896,724.6576,0.0000,0.9237
2709,34,9,0.1000,0.00000938,0.0000,23.5771,693.5698,0.0000,0.9549
2710,39,11,0.1000,0.00000936,0.0000,28.0753,700.8040,0.0000,0.9631
2711,56,13,0.1000,0.00000935,0.0000,26.6027,711.0613,0.0000,0.9471
2712,37,9,0.1000,0.00000934,0.0000,36.7092,708.3377,0.0000,0.9375
2713,323,95,0.1000,0.00000932,0.0000,27.8910,713.4752,0.0000,0.9464
2714,546,26,0.1000,0.00000930,0.0000,37.0380,718.1367,0.0000,0.9375
2715,125,16,0.1000,0.00000929,0.0000,31.8677,714.1062,0.0000,0.9551
2716,56,10,0.1000,0.00000928,0.0000,24.9069,708.6956,0.0000,0.9500
2717,92,218,0.1000,0.00000926,0.0000,33.2083,718.5048,0.0000,0.9397
2718,37,10,0.1000,0.00000925,0.0000,23.4708,703.8711,0.0000,0.9594
2719,267,24,0.1000,0.00000923,0.0000,24.7631,706.1400,0.0000,0.9492
2720,31,8,0.1000,0.00000921,0.0000,29.2474,701.2511,0.0000,0.9414
2721,111,11,0.1000,0.00000920,0.0000,39.1815,709.1837,0.0000,0.9233
2722,102,71,0.1000,0.00000919,0.0000,33.0219,716.4153,0.0000,0.9428
2723,104,39,0.1000,0.00000917,0.0000,34.8328,709.0488,0.0000,0.9431
2724,156,27,0.1000,0.00000916,0.0000,36.5384,710.0832,0.0000,0.9398
2725,229,20,0.1000,0.00000914,0.0000,28.0537,711.0926,0.0000,0.9484
2726,30,8,0.1000,0.00000912,0.0000,31.9122,699.5721,0.0000,0.9258
2727,28,5,0.1000,0.00000911,0.0000,24.8124,700.0004,0.0000,0.9375
2728,364,38,0.1000,0.00000910,0.0000,35.4358,712.2176,0.0000,0.9367
2729,86,14,0.1000,0.00000908,0.0000,32.3854,711.9892,0.0000,0.9308
2730,86,14,0.1000,0.00000907,0.0000,25.9638,718.7019,0.0000,0.9554
2731,36,39,0.1000,0.00000905,0.0000,28.6934,705.0316,0.0000,0.9503
2732,31,8,0.1000,0.00000903,0.0000,34.5193,704.9940,0.0000,0.9336
2733,55,11,0.1000,0.00000902,0.0000,27.2147,709.8595,0.0000,0.9489
2734,130,33,0.1000,0.00000900,0.0000,39.6773,711.5151,0.0000,0.9356
2735,119,38,0.1000,0.00000899,0.0000,35.8931,718.4274,0.0000,0.9350
2736,63,15,0.1000,0.00000898,0.0000,22.2167,708.9799,0.0000,0.9667
2737,142,41,0.1000,0.00000896,0.0000,24.4585,709.8140,0.0000,0.9474
2738,40,11,0.1000,0.00000895,0.0000,27.4344,708.1752,0.0000,0.9517
2739,243,32,0.1000,0.00000893,0.0000,32.8403,717.4267,0.0000,0.9414
2740,164,78,0.1000,0.00000891,0.0000,29.7176,712.3381,0.0000,0.9471
2741,84,44,0.1000,0.00000890,0.0000,32.4837,711.6346,0.0000,0.9389
2742,129,29,0.1000,0.00000889,0.0000,29.2381,712.3869,0.0000,0.9526
2743,128,29,0.1000,0.00000887,0.0000,27.0093,713.7662,0.0000,0.9504
2744,359,32,0.1000,0.00000886,0.0000,28.8155,719.4705,0.0000,0.9443
2745,110,42,0.1000,0.00000884,0.0000,35.6525,719.2030,0.0000,0.9442
2746,190,32,0.1000,0.00000882,0.0000,37.4139,716.4430,0.0000,0.9365
2747,39,76,0.1000,0.00000881,0.0000,29.2664,730.3470,0.0000,0.9502
2748,34,17,0.1000,0.00000879,0.0000,26.8817,707.0419,0.0000,0.9614
2749,525,83,0.1000,0.00000878,0.0000,40.4132,721.3928,0.0000,0.9349
2750,77,14,0.1000,0.00000878,0.0000,28.7058,716.4133,0.0000,0.9487
2751,34,18,0.1000,0.00000875,0.0000,44.0927,709.0977,0.0000,0.9288
2752,66,11,0.1000,0.00000873,0.0000,29.2487,718.8315,0.0000,0.9517
2753,76,13,0.1000,0.00000872,0.0000,29.4387,707.8567,0.0000,0.9399
2754,597,31,0.1000,0.00000870,0.0000,31.4694,730.2146,0.0000,0.9496
2755,122,15,0.1000,0.00000869,0.0000,45.1714,720.8238,0.0000,0.9229
2756,66,14,0.1000,0.00000868,0.0000,39.2449,720.5517,0.0000,0.9308
2757,137,45,0.1000,0.00000866,0.0000,28.5450,718.9930,0.0000,0.9486
2758,330,26,0.1000,0.00000864,0.0000,34.5028,728.3453,0.0000,0.9327
2759,36,39,0.1000,0.00000864,0.0000,31.6103,711.0116,0.0000,0.9463
2760,59,12,0.1000,0.00000861,0.0000,35.3705,699.0234,0.0000,0.9427
2761,79,14,0.1000,0.00000860,0.0000,35.2893,716.8897,0.0000,0.9509
2762,85,13,0.1000,0.00000858,0.0000,24.2648,722.1930,0.0000,0.9495
2763,136,44,0.1000,0.00000857,0.0000,40.5808,717.5826,0.0000,0.9361
2764,60,14,0.1000,0.00000855,0.0000,27.7251,718.9275,0.0000,0.9420
2765,42,11,0.1000,0.00000854,0.0000,27.0398,711.0929,0.0000,0.9517
2766,76,14,0.1000,0.00000853,0.0000,34.4435,719.4709,0.0000,0.9464
2767,148,22,0.1000,0.00000851,0.0000,22.1931,724.2551,0.0000,0.9616
2768,174,17,0.1000,0.00000849,0.0000,28.2843,727.5544,0.0000,0.9504
2769,410,65,0.1000,0.00000848,0.0000,32.6184,716.1317,0.0000,0.9433
2770,114,51,0.1000,0.00000847,0.0000,34.7014,719.1967,0.0000,0.9442
2771,268,22,0.1000,0.00000845,0.0000,29.4184,728.9137,0.0000,0.9432
2772,185,32,0.1000,0.00000844,0.0000,31.2441,714.9570,0.0000,0.9365
2773,88,14,0.1000,0.00000844,0.0000,26.0728,720.9994,0.0000,0.9397
2774,322,26,0.1000,0.00000840,0.0000,23.4789,719.5102,0.0000,0.9495
2775,39,60,0.1000,0.00000839,0.0000,34.9871,723.4870,0.0000,0.9375
2776,120,35,0.1000,0.00000838,0.0000,30.6081,714.9083,0.0000,0.9500
2777,171,49,0.1000,0.00000836,0.0000,31.6111,721.3264,0.0000,0.9394
2778,157,17,0.1000,0.00000835,0.0000,25.6637,716.0495,0.0000,0.9540
2779,37,8,0.1000,0.00000833,0.0000,32.6945,713.3494,0.0000,0.9414
2780,118,14,0.1000,0.00000831,0.0000,36.0150,715.5625,0.0000,0.9397
2781,547,25,0.1000,0.00000830,0.0000,30.9359,728.3752,0.0000,0.9387
2782,123,17,0.1000,0.00000828,0.0000,33.7112,720.3766,0.0000,0.9338
2783,31,57,0.1000,0.00000827,0.0000,27.7174,726.0378,0.0000,0.9496
2784,83,45,0.1000,0.00000827,0.0000,26.5734,727.9887,0.0000,0.9486
2785,122,30,0.1000,0.00000824,0.0000,35.2835,720.6446,0.0000,0.9500
2786,51,77,0.1000,0.00000822,0.0000,33.7225,723.9095,0.0000,0.9391
2787,34,8,0.1000,0.00000821,0.0000,35.2745,709.9578,0.0000,0.9336
2788,965,75,0.1000,0.00000819,0.0000,40.4236,729.4187,0.0000,0.9333
2789,78,23,0.1000,0.00000818,0.0000,28.6279,717.4745,0.0000,0.9538
2790,134,164,0.1000,0.00000817,0.0000,33.7480,724.1009,0.0000,0.9421
2791,269,22,0.1000,0.00000815,0.0000,34.7905,726.5573,0.0000,0.9403
2792,243,29,0.1000,0.00000814,0.0000,33.1142,720.5178,0.0000,0.9364
2793,41,12,0.1000,0.00000812,0.0000,37.2250,714.9510,0.0000,0.9271
2794,162,17,0.1000,0.00000810,0.0000,41.8719,721.6520,0.0000,0.9228
2795,169,117,0.1000,0.00000809,0.0000,31.0011,728.2618,0.0000,0.9444
2796,189,26,0.1000,0.00000807,0.0000,24.3926,720.6574,0.0000,0.9531
2797,64,14,0.1000,0.00000806,0.0000,21.1760,725.2723,0.0000,0.9509
2798,54,26,0.1000,0.00000805,0.0000,39.9246,726.0373,0.0000,0.9267
2799,46,74,0.1000,0.00000803,0.0000,34.6891,721.7564,0.0000,0.9409
2800,60,93,0.1000,0.00000801,0.0000,32.7208,726.2857,0.0000,0.9382
2801,56,19,0.1000,0.00000800,0.0000,34.8198,720.3726,0.0000,0.9342
2802,119,14,0.1000,0.00000798,0.0000,36.4947,723.5601,0.0000,0.9420
2803,43,19,0.1000,0.00000798,0.0000,26.0280,715.3747,0.0000,0.9474
2804,163,14,0.1000,0.00000796,0.0000,35.1345,725.7581,0.0000,0.9375
2805,83,23,0.1000,0.00000794,0.0000,28.6681,715.0159,0.0000,0.9470
2806,382,25,0.1000,0.00000792,0.0000,28.6052,740.6635,0.0000,0.9363
2807,91,42,0.1000,0.00000791,0.0000,29.4113,721.9403,0.0000,0.9464
2808,35,8,0.1000,0.00000789,0.0000,33.6335,720.1487,0.0000,0.9492
2809,38,23,0.1000,0.00000788,0.0000,33.2495,727.1559,0.0000,0.9429
2810,39,10,0.1000,0.00000787,0.0000,27.7230,716.5915,0.0000,0.9531
2811,598,51,0.1000,0.00000785,0.0000,31.2403,733.5299,0.0000,0.9363
2812,43,39,0.1000,0.00000783,0.0000,32.2371,727.1209,0.0000,0.9423
2813,38,9,0.1000,0.00000782,0.0000,42.6347,718.6384,0.0000,0.9271
2814,77,42,0.1000,0.00000780,0.0000,31.0230,720.9188,0.0000,0.9442
2815,55,40,0.1000,0.00000779,0.0000,31.4794,723.0287,0.0000,0.9461
2816,163,78,0.1000,0.00000777,0.0000,30.9263,730.9101,0.0000,0.9447
2817,55,42,0.1000,0.00000776,0.0000,38.6042,730.0827,0.0000,0.9293
2818,121,58,0.1000,0.00000775,0.0000,30.2389,724.1879,0.0000,0.9450
2819,37,9,0.1000,0.00000773,0.0000,30.8050,725.5079,0.0000,0.9514
2820,357,39,0.1000,0.00000772,0.0000,30.8635,731.4033,0.0000,0.9391
2821,35,8,0.1000,0.00000770,0.0000,26.1595,716.9973,0.0000,0.9609
2822,180,20,0.1000,0.00000768,0.0000,33.2971,734.3926,0.0000,0.9328
2823,48,71,0.1000,0.00000767,0.0000,32.7564,732.0112,0.0000,0.9445
2824,169,44,0.1000,0.00000766,0.0000,29.8251,729.0242,0.0000,0.9425
2825,146,23,0.1000,0.00000764,0.0000,36.7350,736.1919,0.0000,0.9307
2826,253,104,0.1000,0.00000763,0.0000,27.6650,727.4500,0.0000,0.9510
2827,79,57,0.1000,0.00000761,0.0000,35.6036,726.3868,0.0000,0.9408
2828,174,39,0.1000,0.00000759,0.0000,33.2944,725.8689,0.0000,0.9455
2829,80,38,0.1000,0.00000758,0.0000,40.1668,732.5152,0.0000,0.9342
2830,44,11,0.1000,0.00000756,0.0000,26.6579,727.7499,0.0000,0.9432
2831,46,12,0.1000,0.00000755,0.0000,33.6359,726.3672,0.0000,0.9401
2832,63,95,0.1000,0.00000754,0.0000,30.8980,724.5288,0.0000,0.9441
2833,246,75,0.1000,0.00000752,0.0000,33.3736,730.3406,0.0000,0.9437
2834,76,14,0.1000,0.00000750,0.0000,39.2338,730.2606,0.0000,0.9308
2835,140,20,0.1000,0.00000749,0.0000,27.2364,735.3525,0.0000,0.9594
2836,289,20,0.1000,0.00000747,0.0000,42.7297,736.1585,0.0000,0.9406
2837,39,45,0.1000,0.00000746,0.0000,32.6436,737.0524,0.0000,0.9403
2838,86,14,0.1000,0.00000745,0.0000,37.9338,736.9924,0.0000,0.9420
2839,31,75,0.1000,0.00000743,0.0000,34.6168,734.5416,0.0000,0.9396
2840,113,13,0.1000,0.00000741,0.0000,44.8221,726.9673,0.0000,0.9375
2841,89,50,0.1000,0.00000740,0.0000,30.2878,733.9380,0.0000,0.9425
2842,865,63,0.1000,0.00000739,0.0000,28.4853,739.9295,0.0000,0.9489
2843,119,25,0.1000,0.00000737,0.0000,28.3958,729.3976,0.0000,0.9463
2844,186,26,0.1000,0.00000735,0.0000,28.5886,727.9387,0.0000,0.9471
2845,184,86,0.1000,0.00000734,0.0000,33.5243,735.3167,0.0000,0.9426
2846,53,11,0.1000,0.00000732,0.0000,33.8738,721.9734,0.0000,0.9460
2847,185,29,0.1000,0.00000731,0.0000,33.5317,729.8009,0.0000,0.9461
2848,36,22,0.1000,0.00000730,0.0000,34.4528,728.3100,0.0000,0.9332
2849,54,55,0.1000,0.00000728,0.0000,32.3315,738.7540,0.0000,0.9375
2850,165,17,0.1000,0.00000726,0.0000,28.2378,723.4916,0.0000,0.9430
2851,43,12,0.1000,0.00000725,0.0000,15.6539,727.0794,0.0000,0.9688
2852,112,14,0.1000,0.00000724,0.0000,33.7837,725.2179,0.0000,0.9420
2853,982,51,0.1000,0.00000722,0.0000,31.8294,740.0847,0.0000,0.9424
2854,94,41,0.1000,0.00000721,0.0000,29.2076,732.4848,0.0000,0.9482
2855,38,41,0.1000,0.00000719,0.0000,31.4776,739.0316,0.0000,0.9398
2856,53,38,0.1000,0.00000717,0.0000,34.0870,742.7694,0.0000,0.9391
2857,364,94,0.1000,0.00000716,0.0000,30.6959,734.9489,0.0000,0.9501
2858,166,20,0.1000,0.00000715,0.0000,31.2112,736.1474,0.0000,0.9422
2859,258,23,0.1000,0.00000713,0.0000,36.4493,741.2620,0.0000,0.9402
2860,171,64,0.1000,0.00000712,0.0000,33.0613,733.4697,0.0000,0.9429
2861,85,26,0.1000,0.00000710,0.0000,39.8383,736.3666,0.0000,0.9363
2862,478,55,0.1000,0.00000708,0.0000,32.4943,745.4857,0.0000,0.9432
2863,48,11,0.1000,0.00000707,0.0000,40.6988,727.5441,0.0000,0.9261
2864,56,32,0.1000,0.00000705,0.0000,24.5593,732.9993,0.0000,0.9463
2865,163,17,0.1000,0.00000705,0.0000,23.7983,738.1466,0.0000,0.9522
2866,39,10,0.1000,0.00000703,0.0000,36.7952,726.9227,0.0000,0.9187
2867,205,48,0.1000,0.00000701,0.0000,29.3320,743.6942,0.0000,0.9479
2868,188,19,0.1000,0.00000699,0.0000,24.6786,734.9052,0.0000,0.9589
2869,118,14,0.1000,0.00000698,0.0000,21.5210,733.0779,0.0000,0.9621
2870,220,48,0.1000,0.00000696,0.0000,28.9052,732.8456,0.0000,0.9460
2871,41,10,0.1000,0.00000695,0.0000,40.2352,726.8567,0.0000,0.9156
2872,249,23,0.1000,0.00000695,0.0000,34.6933,746.3292,0.0000,0.9348
2873,109,36,0.1000,0.00000692,0.0000,35.2734,730.0271,0.0000,0.9358
2874,55,12,0.1000,0.00000691,0.0000,25.8852,731.3793,0.0000,0.9375
2875,76,26,0.1000,0.00000689,0.0000,31.6216,733.0191,0.0000,0.9447
2876,72,35,0.1000,0.00000687,0.0000,25.9822,737.9095,0.0000,0.9491
2877,89,26,0.1000,0.00000686,0.0000,33.5186,735.0102,0.0000,0.9351
2878,41,11,0.1000,0.00000684,0.0000,30.8587,729.8490,0.0000,0.9517
2879,32,60,0.1000,0.00000683,0.0000,32.9543,740.8896,0.0000,0.9370
2880,55,11,0.1000,0.00000682,0.0000,31.9078,731.8164,0.0000,0.9460
2881,58,35,0.1000,0.00000680,0.0000,28.7685,742.3257,0.0000,0.9563
2882,168,19,0.1000,0.00000678,0.0000,30.2548,745.3779,0.0000,0.9474
2883,101,33,0.1000,0.00000677,0.0000,38.6009,741.0108,0.0000,0.9384
2884,377,25,0.1000,0.00000675,0.0000,35.2254,743.6584,0.0000,0.9475
2885,243,81,0.1000,0.00000674,0.0000,31.9742,735.6153,0.0000,0.9456
2886,33,8,0.1000,0.00000673,0.0000,33.5568,732.1281,0.0000,0.9492
2887,227,16,0.1000,0.00000671,0.0000,33.9835,737.7571,0.0000,0.9551
2888,88,16,0.1000,0.00000669,0.0000,34.7360,739.0281,0.0000,0.9434
2889,246,20,0.1000,0.00000668,0.0000,25.5186,737.6282,0.0000,0.9594
2890,376,28,0.1000,0.00000666,0.0000,29.2635,751.3743,0.0000,0.9420
2891,144,17,0.1000,0.00000665,0.0000,35.2272,738.8070,0.0000,0.9357
2892,56,11,0.1000,0.00000664,0.0000,27.9249,735.9531,0.0000,0.9489
2893,76,58,0.1000,0.00000662,0.0000,43.7152,735.0722,0.0000,0.9251
2894,77,64,0.1000,0.00000660,0.0000,31.0341,741.5103,0.0000,0.9438
2895,84,54,0.1000,0.00000660,0.0000,36.5102,741.5830,0.0000,0.9444
2896,707,72,0.1000,0.00000658,0.0000,33.2858,743.4385,0.0000,0.9440
2897,87,41,0.1000,0.00000656,0.0000,25.9511,736.7841,0.0000,0.9550
2898,124,33,0.1000,0.00000654,0.0000,31.1067,738.1528,0.0000,0.9479
2899,37,32,0.1000,0.00000653,0.0000,35.5902,746.5216,0.0000,0.9365
2900,199,20,0.1000,0.00000651,0.0000,28.4111,749.8266,0.0000,0.9437
2901,160,18,0.1000,0.00000650,0.0000,38.4395,750.9793,0.0000,0.9323
2902,299,48,0.1000,0.00000649,0.0000,34.9124,742.9811,0.0000,0.9395
2903,162,17,0.1000,0.00000647,0.0000,28.0054,747.8879,0.0000,0.9430
2904,23,20,0.1000,0.00000645,0.0000,22.4895,742.1983,0.0000,0.9641
2905,127,42,0.1000,0.00000644,0.0000,33.0324,741.9151,0.0000,0.9472
2906,65,25,0.1000,0.00000643,0.0000,33.3764,737.9102,0.0000,0.9250
2907,87,117,0.1000,0.00000641,0.0000,34.0631,744.7513,0.0000,0.9415
2908,39,43,0.1000,0.00000640,0.0000,34.0830,743.3805,0.0000,0.9390
2909,790,33,0.1000,0.00000638,0.0000,40.7528,766.4794,0.0000,0.9347
2910,55,11,0.1000,0.00000638,0.0000,34.9001,737.2105,0.0000,0.9432
2911,49,11,0.1000,0.00000635,0.0000,23.0732,740.1399,0.0000,0.9517
2912,30,8,0.1000,0.00000633,0.0000,27.7014,740.8637,0.0000,0.9414
2913,224,23,0.1000,0.00000632,0.0000,35.8830,746.7806,0.0000,0.9280
2914,291,20,0.1000,0.00000631,0.0000,29.2189,756.1391,0.0000,0.9609
2915,460,32,0.1000,0.00000629,0.0000,34.4679,755.8014,0.0000,0.9395
2916,77,35,0.1000,0.00000627,0.0000,31.0494,749.0578,0.0000,0.9482
2917,195,30,0.1000,0.00000626,0.0000,31.2732,742.3283,0.0000,0.9385
2918,127,16,0.1000,0.00000624,0.0000,32.3612,748.8633,0.0000,0.9609
2919,162,36,0.1000,0.00000623,0.0000,36.0252,744.5212,0.0000,0.9366
2920,119,135,0.1000,0.00000622,0.0000,30.0551,751.4884,0.0000,0.9454
2921,296,29,0.1000,0.00000620,0.0000,32.3929,753.4143,0.0000,0.9386
2922,233,88,0.1000,0.00000618,0.0000,32.4148,739.8337,0.0000,0.9467
2923,139,17,0.1000,0.00000617,0.0000,28.8058,748.4527,0.0000,0.9504
2924,368,33,0.1000,0.00000615,0.0000,30.6353,744.7622,0.0000,0.9441
2925,217,17,0.1000,0.00000614,0.0000,35.6903,750.3405,0.0000,0.9246
2926,62,42,0.1000,0.00000612,0.0000,44.3386,757.4670,0.0000,0.9278
2927,77,11,0.1000,0.00000611,0.0000,34.9512,745.2789,0.0000,0.9233
2928,32,8,0.1000,0.00000610,0.0000,36.9178,733.0031,0.0000,0.9609
2929,53,11,0.1000,0.00000608,0.0000,32.3240,743.7945,0.0000,0.9432
2930,194,20,0.1000,0.00000606,0.0000,38.2311,753.0686,0.0000,0.9375
2931,399,28,0.1000,0.00000605,0.0000,30.4027,749.3864,0.0000,0.9420
2932,225,19,0.1000,0.00000603,0.0000,33.5041,753.8293,0.0000,0.9342
2933,146,19,0.1000,0.00000602,0.0000,28.2825,745.9936,0.0000,0.9490
2934,359,23,0.1000,0.00000601,0.0000,38.8602,757.4217,0.0000,0.9239
2935,57,36,0.1000,0.00000599,0.0000,26.5476,747.9194,0.0000,0.9523
2936,54,11,0.1000,0.00000597,0.0000,28.3007,751.0822,0.0000,0.9347
2937,72,48,0.1000,0.00000596,0.0000,31.3698,741.3484,0.0000,0.9421
2938,87,14,0.1000,0.00000594,0.0000,30.0593,749.5629,0.0000,0.9487
2939,247,138,0.1000,0.00000593,0.0000,30.0872,749.6015,0.0000,0.9484
2940,63,42,0.1000,0.00000592,0.0000,36.3443,749.3328,0.0000,0.9390
2941,57,29,0.1000,0.00000590,0.0000,32.2704,752.7210,0.0000,0.9418
2942,36,8,0.1000,0.00000589,0.0000,36.1317,741.0185,0.0000,0.9258
2943,21,5,0.1000,0.00000587,0.0000,27.8073,734.4164,0.0000,0.9437
2944,140,20,0.1000,0.00000585,0.0000,26.1905,748.6593,0.0000,0.9578
2945,42,33,0.1000,0.00000584,0.0000,32.6590,744.7983,0.0000,0.9460
2946,39,31,0.1000,0.00000582,0.0000,43.1172,746.5558,0.0000,0.9304
2947,42,21,0.1000,0.00000581,0.0000,34.3641,733.7131,0.0000,0.9420
2948,46,32,0.1000,0.00000580,0.0000,26.7138,748.9796,0.0000,0.9443
2949,39,11,0.1000,0.00000578,0.0000,35.4821,747.1544,0.0000,0.9489
2950,54,18,0.1000,0.00000577,0.0000,25.1515,742.1806,0.0000,0.9514
2951,313,26,0.1000,0.00000575,0.0000,38.7229,754.1328,0.0000,0.9447
2952,132,53,0.1000,0.00000573,0.0000,32.7516,751.1994,0.0000,0.9446
2953,1054,39,0.1000,0.00000572,0.0000,39.1655,767.8212,0.0000,0.9383
2954,189,56,0.1000,0.00000571,0.0000,31.3944,750.6278,0.0000,0.9464
2955,82,40,0.1000,0.00000569,0.0000,31.9486,752.1074,0.0000,0.9484
2956,380,25,0.1000,0.00000568,0.0000,35.3570,760.0338,0.0000,0.9437
2957,60,11,0.1000,0.00000566,0.0000,39.0093,750.2497,0.0000,0.9261
2958,401,47,0.1000,0.00000564,0.0000,42.8085,749.8370,0.0000,0.9362
2959,61,21,0.1000,0.00000563,0.0000,36.2492,747.3483,0.0000,0.9375
2960,396,63,0.1000,0.00000561,0.0000,39.0373,758.0288,0.0000,0.9335
2961,95,87,0.1000,0.00000560,0.0000,32.6504,758.1823,0.0000,0.9418
2962,145,18,0.1000,0.00000559,0.0000,27.5478,752.9357,0.0000,0.9566
2963,61,63,0.1000,0.00000557,0.0000,34.1894,749.3753,0.0000,0.9469
2964,220,48,0.1000,0.00000555,0.0000,34.9539,742.3090,0.0000,0.9388
2965,54,11,0.1000,0.00000554,0.0000,34.2781,746.5080,0.0000,0.9489
2966,59,78,0.1000,0.00000552,0.0000,36.5893,751.4182,0.0000,0.9319
2967,57,32,0.1000,0.00000551,0.0000,34.3596,753.4289,0.0000,0.9443
2968,160,20,0.1000,0.00000550,0.0000,32.2189,754.5367,0.0000,0.9500
2969,120,18,0.1000,0.00000550,0.0000,29.8691,758.4826,0.0000,0.9497
2970,48,12,0.1000,0.00000546,0.0000,34.8523,758.9378,0.0000,0.9427
2971,113,18,0.1000,0.00000545,0.0000,36.7825,753.3520,0.0000,0.9444
2972,32,8,0.1000,0.00000544,0.0000,34.6133,751.0672,0.0000,0.9336
2973,156,111,0.1000,0.00000542,0.0000,32.0648,753.9989,0.0000,0.9398
2974,128,59,0.1000,0.00000540,0.0000,37.2803,759.0424,0.0000,0.9439
2975,594,47,0.1000,0.00000539,0.0000,38.1750,764.1104,0.0000,0.9282
2976,401,57,0.1000,0.00000537,0.0000,32.7544,758.9702,0.0000,0.9391
2977,125,14,0.1000,0.00000536,0.0000,32.5746,759.5742,0.0000,0.9442
2978,40,11,0.1000,0.00000535,0.0000,38.1754,755.8779,0.0000,0.9403
2979,55,54,0.1000,0.00000533,0.0000,31.7366,758.6413,0.0000,0.9410
2980,64,14,0.1000,0.00000531,0.0000,34.2977,751.4052,0.0000,0.9397
2981,35,21,0.1000,0.00000530,0.0000,34.1411,750.5363,0.0000,0.9405
2982,61,11,0.1000,0.00000529,0.0000,35.3624,750.2867,0.0000,0.9347
2983,174,30,0.1000,0.00000527,0.0000,37.4720,760.9587,0.0000,0.9396
2984,296,99,0.1000,0.00000526,0.0000,31.7285,754.0803,0.0000,0.9457
2985,39,11,0.1000,0.00000524,0.0000,24.5902,753.5389,0.0000,0.9489
2986,63,11,0.1000,0.00000522,0.0000,19.1124,757.9340,0.0000,0.9489
2987,35,8,0.1000,0.00000521,0.0000,36.9340,748.1321,0.0000,0.9336
2988,55,11,0.1000,0.00000520,0.0000,37.4569,741.3822,0.0000,0.9347
2989,254,91,0.1000,0.00000518,0.0000,37.7072,755.4561,0.0000,0.9337
2990,45,8,0.1000,0.00000517,0.0000,33.6613,752.1367,0.0000,0.9336
2991,289,56,0.1000,0.00000515,0.0000,38.4276,759.7303,0.0000,0.9358
2992,71,11,0.1000,0.00000513,0.0000,48.9250,746.0796,0.0000,0.9233
2993,51,26,0.1000,0.00000512,0.0000,31.6885,756.0813,0.0000,0.9447
2994,167,48,0.1000,0.00000510,0.0000,38.4078,754.6264,0.0000,0.9342
2995,39,11,0.1000,0.00000509,0.0000,23.2603,758.4378,0.0000,0.9574
2996,107,38,0.1000,0.00000508,0.0000,36.1896,755.7582,0.0000,0.9416
2997,72,11,0.1000,0.00000506,0.0000,25.7716,749.9107,0.0000,0.9545
2998,57,21,0.1000,0.00000504,0.0000,34.1266,758.0498,0.0000,0.9390
2999,135,30,0.1000,0.00000503,0.0000,43.5958,760.5376,0.0000,0.9313
3000,67,27,0.1000,0.00000501,0.0000,30.0798,759.1837,0.0000,0.9444
