episode,score,steps,epsilon,loss,avg_q
1,41,11,0.9996,0.0000,0.0470
2,106,16,0.9992,0.0000,0.0391
3,36,11,0.9989,17.1420,0.0583
4,104,13,0.9985,17.6163,0.0875
5,42,10,0.9981,17.7931,0.4050
6,35,8,0.9977,18.2394,1.5919
7,104,17,0.9973,15.6797,4.3359
8,39,9,0.9970,14.9763,10.8426
9,47,12,0.9966,14.3772,14.2013
10,56,11,0.9962,13.9097,13.1960
11,80,16,0.9958,13.6217,11.1850
12,42,10,0.9954,11.5357,11.1859
13,35,8,0.9951,11.1453,11.2477
14,52,12,0.9947,12.9140,13.1956
15,79,15,0.9943,12.3987,15.8959
16,38,11,0.9939,13.9738,18.7584
17,35,10,0.9935,11.0272,18.7546
18,53,10,0.9932,13.9559,12.8966
19,28,8,0.9928,14.2926,13.3360
20,53,10,0.9924,12.8006,13.3707
21,58,13,0.9920,13.8661,15.5136
22,179,21,0.9916,13.1680,15.8362
23,57,11,0.9913,13.4373,14.5365
24,87,14,0.9909,12.9167,13.5001
25,32,8,0.9905,13.1298,17.7678
26,75,14,0.9901,13.0497,18.1604
27,39,10,0.9897,14.1588,12.8835
28,61,13,0.9894,12.9206,15.4589
29,41,9,0.9890,13.7047,19.3098
30,67,11,0.9886,13.6882,13.7642
31,59,14,0.9882,13.1032,17.9414
32,52,11,0.9878,11.9080,15.9289
33,41,11,0.9875,12.1402,13.7579
34,56,13,0.9871,12.6079,16.0339
35,39,10,0.9867,11.3468,10.7145
36,41,11,0.9863,12.0559,17.1888
37,34,9,0.9859,12.7292,17.7764
38,40,9,0.9856,11.4340,11.7628
39,310,24,0.9852,11.0018,14.4875
40,71,14,0.9848,12.5275,14.9963
41,126,19,0.9844,10.7548,11.5145
42,28,7,0.9840,10.3477,11.8023
43,29,8,0.9837,10.6756,16.1866
44,37,8,0.9833,11.2752,9.6097
45,102,13,0.9829,11.6888,16.3225
46,40,10,0.9825,15.3480,18.5145
47,134,19,0.9821,13.3109,22.2986
48,124,18,0.9818,12.9071,24.0144
49,195,23,0.9814,11.6465,25.7018
50,45,11,0.9810,12.1169,25.8414
51,175,18,0.9806,10.5806,22.8021
52,38,8,0.9802,10.3537,24.1444
53,69,12,0.9799,10.5981,22.7881
54,75,13,0.9795,10.6023,22.8148
55,49,11,0.9791,11.1551,23.2318
56,56,11,0.9787,10.6790,25.1472
57,60,12,0.9783,10.9658,26.4087
58,57,12,0.9780,10.9620,25.1679
59,41,11,0.9776,11.0917,22.3135
60,37,11,0.9772,11.2890,25.7400
61,49,9,0.9768,13.4472,20.1070
62,58,12,0.9764,12.9753,21.6565
63,39,10,0.9761,12.5378,26.6787
64,32,9,0.9757,11.9882,23.2250
65,58,13,0.9753,12.5201,21.2121
66,50,9,0.9749,12.4044,22.7307
67,40,10,0.9745,11.1415,24.5979
68,33,9,0.9742,12.0679,25.2586
69,29,8,0.9738,10.8107,22.2493
70,62,13,0.9734,12.6827,23.2061
71,75,14,0.9730,12.5967,26.2478
72,55,12,0.9726,12.2967,25.2219
73,82,12,0.9723,12.0474,22.2429
74,62,14,0.9719,13.0307,22.6308
75,87,17,0.9715,12.1380,23.1766
76,44,12,0.9711,10.7547,23.5140
77,35,9,0.9707,12.2645,24.7666
78,77,15,0.9704,10.5254,25.4466
79,57,12,0.9700,11.3619,26.3788
80,40,11,0.9696,10.4809,20.2271
81,47,13,0.9692,11.2647,28.0592
82,98,15,0.9688,11.9805,25.5142
83,53,12,0.9685,11.2701,25.2050
84,41,9,0.9681,10.0224,22.5274
85,36,9,0.9677,11.3290,24.2350
86,77,11,0.9673,12.6365,22.8976
87,29,8,0.9669,16.5234,22.9054
88,31,8,0.9666,12.5919,26.4245
89,26,7,0.9662,12.6041,27.5206
90,95,15,0.9658,13.0635,33.5234
91,226,24,0.9654,11.9271,33.7216
92,38,9,0.9650,11.6717,32.9132
93,49,10,0.9647,10.8628,37.8411
94,54,10,0.9643,13.5012,29.4681
95,38,10,0.9639,12.2322,27.9902
96,55,11,0.9635,11.0149,30.3941
97,60,13,0.9631,11.7807,33.4433
98,59,12,0.9628,11.2999,35.4971
99,35,9,0.9624,11.0106,30.4898
100,81,13,0.9620,10.7854,32.0503
101,36,10,0.9616,10.6343,28.1819
102,42,12,0.9612,10.2939,28.9107
103,152,20,0.9609,10.6287,37.4583
104,43,12,0.9605,11.3142,27.4890
105,36,10,0.9601,10.6111,33.3148
106,30,8,0.9597,10.5733,32.1544
107,59,13,0.9593,10.6455,29.6050
108,170,19,0.9590,10.4964,33.4326
109,36,8,0.9586,11.3399,35.5912
110,34,8,0.9582,10.6853,26.4711
111,46,10,0.9578,12.5644,29.1468
112,61,12,0.9574,9.8283,31.7862
113,46,9,0.9571,12.1540,28.8428
114,108,16,0.9567,10.4426,29.9367
115,28,7,0.9563,9.7396,38.6664
116,85,15,0.9559,12.3672,32.9231
117,33,8,0.9555,11.8673,31.6386
118,79,13,0.9552,10.7150,35.0658
119,94,14,0.9548,10.5637,31.9465
120,234,26,0.9544,10.1117,32.7735
121,173,18,0.9540,10.7225,28.9656
122,54,12,0.9536,9.5049,24.8900
123,55,10,0.9533,10.8539,32.5872
124,51,10,0.9529,10.7899,35.5436
125,114,15,0.9525,10.3817,37.8985
126,41,11,0.9521,10.2473,34.0255
127,40,11,0.9517,10.9578,30.0194
128,73,14,0.9514,13.0398,35.6272
129,59,12,0.9510,11.8924,44.4597
130,36,10,0.9506,9.8273,31.8749
131,38,10,0.9502,10.7618,34.7038
132,38,8,0.9498,10.1685,48.9897
133,78,14,0.9495,10.8940,39.7983
134,33,10,0.9491,9.9996,35.9881
135,79,13,0.9487,9.3658,34.8980
136,94,12,0.9483,10.0612,42.9408
137,30,6,0.9479,10.7853,39.2386
138,59,13,0.9476,9.9324,36.2096
139,32,9,0.9472,8.4459,35.2814
140,39,8,0.9468,10.8374,26.4266
141,31,8,0.9464,10.1777,41.4241
142,42,13,0.9460,9.0990,40.0021
143,54,12,0.9457,11.5549,35.9700
144,153,20,0.9453,10.1784,41.5622
145,53,11,0.9449,9.3750,38.4482
146,56,12,0.9445,10.3132,36.8844
147,44,12,0.9441,9.7473,38.8654
148,36,10,0.9438,8.1813,29.2402
149,86,12,0.9434,11.6667,35.9879
150,51,10,0.9430,8.7872,37.6222
151,57,10,0.9426,9.7966,26.9744
152,29,7,0.9422,12.2108,17.8998
153,144,20,0.9419,9.6177,37.0802
154,37,9,0.9415,10.5644,35.6813
155,226,20,0.9411,9.1363,42.0155
156,34,8,0.9407,10.5166,33.9940
157,61,13,0.9403,8.5882,29.3196
158,33,8,0.9400,9.1666,42.5189
159,160,19,0.9396,9.7033,39.8222
160,40,11,0.9392,8.8993,37.7906
161,94,17,0.9388,9.6892,34.1746
162,35,7,0.9384,8.8058,39.3693
163,36,9,0.9381,9.4601,24.1984
164,105,16,0.9377,10.4416,38.5335
165,29,8,0.9373,9.5169,31.9509
166,56,12,0.9369,10.7053,30.8355
167,120,13,0.9365,10.2940,31.5209
168,47,13,0.9362,9.5088,38.1594
169,31,7,0.9358,9.5519,37.2224
170,57,11,0.9354,9.7627,27.0419
171,41,9,0.9350,10.7420,38.3378
172,79,14,0.9346,11.5374,36.5170
173,135,20,0.9343,10.1428,48.7787
174,59,14,0.9339,8.9470,49.0119
175,91,16,0.9335,11.0357,44.7511
176,55,11,0.9331,10.3659,33.5540
177,22,6,0.9327,10.4821,41.3211
178,39,10,0.9324,9.6262,34.1223
179,34,9,0.9320,11.1413,44.3796
180,35,10,0.9316,10.7323,39.7637
181,214,24,0.9312,10.3866,60.8118
182,38,9,0.9308,11.7037,42.4798
183,36,10,0.9305,8.7669,49.3652
184,239,24,0.9301,9.9886,50.5910
185,58,10,0.9297,9.9243,33.3514
186,86,13,0.9293,10.6055,55.3929
187,82,15,0.9289,8.9628,45.9623
188,31,6,0.9286,9.6377,38.1052
189,44,11,0.9282,10.9577,44.5380
190,57,10,0.9278,10.2333,46.7734
191,40,12,0.9274,11.0515,43.0063
192,57,10,0.9270,8.4894,40.0136
193,47,11,0.9267,9.4243,55.6425
194,44,10,0.9263,10.7646,39.0349
195,42,11,0.9259,8.3823,35.3581
196,38,10,0.9255,10.1905,36.2223
197,81,12,0.9251,10.1645,46.1491
198,52,8,0.9248,9.3159,34.4508
199,37,10,0.9244,10.7759,38.4369
200,39,10,0.9240,9.0125,58.1630
201,86,14,0.9236,8.9222,48.7172
202,35,8,0.9232,9.4227,40.0583
203,38,7,0.9229,10.2394,51.1352
204,150,17,0.9225,9.2347,50.3399
205,46,11,0.9221,9.1192,38.3148
206,37,11,0.9217,11.0415,37.6365
207,57,12,0.9213,8.7237,48.1483
208,76,15,0.9210,9.6405,41.6507
209,42,12,0.9206,8.5335,39.9379
210,53,9,0.9202,9.5840,37.6300
211,89,15,0.9198,10.6005,48.5107
212,78,13,0.9194,8.6135,46.3691
213,30,8,0.9191,9.2775,50.9149
214,53,10,0.9187,11.2734,57.1672
215,42,11,0.9183,10.9480,50.1618
216,39,9,0.9179,10.7095,42.8459
217,26,8,0.9175,10.7637,55.4258
218,32,8,0.9172,11.0126,48.3794
219,26,8,0.9168,8.4137,44.4303
220,37,9,0.9164,8.9713,50.3249
221,174,19,0.9160,10.4254,63.9724
222,35,9,0.9156,10.1519,54.2751
223,52,10,0.9153,9.7027,56.3399
224,28,7,0.9149,9.4843,52.4653
225,36,10,0.9145,10.4842,52.7668
226,82,17,0.9141,10.3962,61.8905
227,53,11,0.9137,10.8887,67.7316
228,30,8,0.9134,9.7804,50.8139
229,42,10,0.9130,9.8209,51.7793
230,32,9,0.9126,10.1226,39.5724
231,61,13,0.9122,9.3899,40.3261
232,78,11,0.9118,8.4160,47.9142
233,106,17,0.9115,8.7662,60.6366
234,220,23,0.9111,9.5002,44.9899
235,43,10,0.9107,10.2730,36.6572
236,171,18,0.9103,9.2284,64.9069
237,62,15,0.9099,11.5116,62.0139
238,30,7,0.9096,7.9445,48.2870
239,33,7,0.9092,10.9066,40.3140
240,105,15,0.9088,9.8632,61.4771
241,120,15,0.9084,9.3258,53.8810
242,119,15,0.9080,9.2286,47.5335
243,79,13,0.9077,10.3152,61.5111
244,70,13,0.9073,9.6748,49.1202
245,83,13,0.9069,10.0353,48.2991
246,38,10,0.9065,11.8473,53.9014
247,34,10,0.9061,11.3706,53.3370
248,32,8,0.9058,9.7003,41.7611
249,38,10,0.9054,9.9605,44.5204
250,58,13,0.9050,8.9641,44.4824
251,164,18,0.9046,9.3784,45.0821
252,87,14,0.9042,8.5965,53.1078
253,126,17,0.9039,10.7990,54.7084
254,35,7,0.9035,10.2352,48.0644
255,37,9,0.9031,8.9826,40.7140
256,59,10,0.9027,11.2591,57.9906
257,40,8,0.9023,10.6367,62.1429
258,37,10,0.9020,8.6769,51.9244
259,46,11,0.9016,9.2924,56.0357
260,45,8,0.9012,10.5784,59.1201
261,93,15,0.9008,11.1314,60.7828
262,118,14,0.9004,9.2344,69.9171
263,40,10,0.9001,13.4823,56.4177
264,59,10,0.8997,9.6308,73.8638
265,124,17,0.8993,9.0482,70.3753
266,235,25,0.8989,10.0023,63.8937
267,173,17,0.8985,9.7755,62.6579
268,34,9,0.8982,9.6163,31.2074
269,56,8,0.8978,11.0349,57.2070
270,40,10,0.8974,8.7849,56.5488
271,40,10,0.8970,10.9509,63.8767
272,31,8,0.8966,9.0981,52.7739
273,38,7,0.8963,7.9367,51.9684
274,28,8,0.8959,9.8509,68.6361
275,44,11,0.8955,10.3195,69.7059
276,91,15,0.8951,8.3662,70.9273
277,55,11,0.8947,8.9130,68.9147
278,43,11,0.8944,8.5402,62.6354
279,56,11,0.8940,10.5058,72.9109
280,29,6,0.8936,12.5906,58.9549
281,59,14,0.8932,9.5732,63.9262
282,37,8,0.8928,11.2975,59.1863
283,121,15,0.8925,10.1444,72.3627
284,29,7,0.8921,11.4385,54.3306
285,68,12,0.8917,12.6807,69.3787
286,51,11,0.8913,8.4801,51.5342
287,38,10,0.8909,7.5820,54.3895
288,31,10,0.8906,9.8494,53.2406
289,41,11,0.8902,10.3852,53.5160
290,55,12,0.8898,10.9343,69.1392
291,28,8,0.8894,9.3256,71.0396
292,32,7,0.8890,10.5322,51.7935
293,69,11,0.8887,8.3701,51.2790
294,29,7,0.8883,12.0117,47.5426
295,186,15,0.8879,9.9440,65.1728
296,79,15,0.8875,10.4437,72.8746
297,38,8,0.8871,10.6051,59.4396
298,38,9,0.8868,8.8667,59.4316
299,42,11,0.8864,8.5879,78.9327
300,41,9,0.8860,9.0892,78.6334
301,43,10,0.8856,10.3126,68.6637
302,89,14,0.8852,9.7784,74.6116
303,62,13,0.8849,11.2480,79.0946
304,54,12,0.8845,10.2067,77.4375
305,46,9,0.8841,9.5178,76.3263
306,210,27,0.8837,11.8621,76.9166
307,70,13,0.8833,10.7454,72.4015
308,85,14,0.8830,9.1370,72.7008
309,41,9,0.8826,9.4028,63.2023
310,47,12,0.8822,9.0671,78.3836
311,30,8,0.8818,9.2482,74.5871
312,29,8,0.8814,12.8321,55.8511
313,111,16,0.8811,9.1124,73.7229
314,29,8,0.8807,13.5179,66.8208
315,43,10,0.8803,10.0886,57.6365
316,85,15,0.8799,9.6467,83.5738
317,24,6,0.8795,10.8776,71.9061
318,136,19,0.8792,10.6625,79.6285
319,81,13,0.8788,9.8252,71.5891
320,57,12,0.8784,12.5432,59.5947
321,60,14,0.8780,8.9303,74.1318
322,67,17,0.8776,10.1737,71.6585
323,41,11,0.8773,13.0533,72.5918
324,34,8,0.8769,10.3930,46.3420
325,55,12,0.8765,9.9126,73.9565
326,64,14,0.8761,10.4664,71.0878
327,104,16,0.8757,10.7911,67.6912
328,39,11,0.8754,7.8187,46.0248
329,52,10,0.8750,10.1421,79.2350
330,56,11,0.8746,10.7403,75.7559
331,38,9,0.8742,12.6344,70.6163
332,38,9,0.8738,10.3044,72.2045
333,24,6,0.8735,10.4927,68.4466
334,35,9,0.8731,12.2421,65.2925
335,54,11,0.8727,8.9068,65.3076
336,58,13,0.8723,10.3222,63.9457
337,27,8,0.8719,10.7744,68.0977
338,54,11,0.8716,10.5907,65.2238
339,27,7,0.8712,10.5433,75.2904
340,55,10,0.8708,10.0373,59.6414
341,57,11,0.8704,11.7065,58.6670
342,78,14,0.8700,9.4723,81.5599
343,55,12,0.8697,10.7922,71.1142
344,166,18,0.8693,10.7158,59.9431
345,47,13,0.8689,11.9918,86.2387
346,34,8,0.8685,13.5661,65.7691
347,39,11,0.8681,11.7214,67.6448
348,38,11,0.8678,8.9258,69.0257
349,122,15,0.8674,9.8518,80.8879
350,38,11,0.8670,9.3112,66.2264
351,27,6,0.8666,8.5544,93.7353
352,38,8,0.8662,11.0404,78.8864
353,58,12,0.8659,11.2675,77.5774
354,41,12,0.8655,11.0607,63.6889
355,31,8,0.8651,11.1310,63.6882
356,52,13,0.8647,10.0891,88.6201
357,33,8,0.8643,10.7009,58.4694
358,40,11,0.8640,8.1748,82.5975
359,33,9,0.8636,13.7902,80.8705
360,28,7,0.8632,10.5280,56.8831
361,31,8,0.8628,12.7253,63.0200
362,56,11,0.8624,8.9762,72.2794
363,41,9,0.8621,12.8095,64.1040
364,43,11,0.8617,10.8708,67.7981
365,248,23,0.8613,11.4846,94.0215
366,84,13,0.8609,13.0561,82.8722
367,85,15,0.8605,11.5852,83.0156
368,50,11,0.8602,9.2974,73.2133
369,40,10,0.8598,10.6588,77.4338
370,78,12,0.8594,11.4618,81.2291
371,59,11,0.8590,9.3166,83.0092
372,55,11,0.8586,12.2255,67.5472
373,99,16,0.8583,11.2578,69.4607
374,37,9,0.8579,10.9842,66.1792
375,49,9,0.8575,11.3504,70.6480
376,30,8,0.8571,9.1416,74.3965
377,52,11,0.8567,11.3983,66.0999
378,79,16,0.8564,10.7149,72.6957
379,153,15,0.8560,9.9441,79.5040
380,39,10,0.8556,12.1573,70.0719
381,29,8,0.8552,9.6183,78.5189
382,38,10,0.8548,10.3607,91.5806
383,89,13,0.8545,10.2448,80.8923
384,31,8,0.8541,11.4027,53.0888
385,36,8,0.8537,10.1563,74.0797
386,42,11,0.8533,10.4724,74.3065
387,39,10,0.8529,9.4547,69.2411
388,74,14,0.8526,8.9884,85.5762
389,67,16,0.8522,11.1031,84.3451
390,36,10,0.8518,10.9545,88.4480
391,129,21,0.8514,12.0823,100.1776
392,33,7,0.8510,11.9216,79.0189
393,97,16,0.8507,13.3717,94.9613
394,61,15,0.8503,14.2604,70.5278
395,29,8,0.8499,10.9037,108.0560
396,41,10,0.8495,9.7221,84.3234
397,40,11,0.8491,8.7428,93.6729
398,74,13,0.8488,9.1006,79.6253
399,81,14,0.8484,9.9709,96.4402
400,58,11,0.8480,9.9092,78.4568
401,51,10,0.8476,11.3488,79.2931
402,37,8,0.8472,10.8688,78.3090
403,31,7,0.8469,9.9051,68.4150
404,84,14,0.8465,9.5499,85.6342
405,85,15,0.8461,10.6656,90.7545
406,225,21,0.8457,12.1435,95.3053
407,83,13,0.8453,9.6266,86.5678
408,36,10,0.8450,10.9576,81.3978
409,55,12,0.8446,14.0691,88.8217
410,55,9,0.8442,8.8692,83.1411
411,62,14,0.8438,11.9978,86.9322
412,38,11,0.8434,12.2945,85.1865
413,28,8,0.8431,10.2191,67.4670
414,124,16,0.8427,12.0389,98.6869
415,94,13,0.8423,11.6662,93.2377
416,36,8,0.8419,10.2084,89.4605
417,50,11,0.8415,10.3008,95.7138
418,37,9,0.8412,11.1997,92.8038
419,208,19,0.8408,11.1044,95.8940
420,61,13,0.8404,10.2366,91.3780
421,28,7,0.8400,10.6278,76.1336
422,41,8,0.8396,12.5513,89.7712
423,59,11,0.8393,12.2989,78.3882
424,89,15,0.8389,11.2068,105.2705
425,80,12,0.8385,11.1223,97.5637
426,56,13,0.8381,12.2385,97.4920
427,55,12,0.8377,9.3070,88.8675
428,86,14,0.8374,8.3501,94.8703
429,33,8,0.8370,10.5999,72.4501
430,60,13,0.8366,13.4518,93.9028
431,58,12,0.8362,10.6509,103.7126
432,38,9,0.8358,12.9549,98.1511
433,58,12,0.8355,9.6310,90.2738
434,116,13,0.8351,11.3393,103.7550
435,45,11,0.8347,10.1245,98.6108
436,125,15,0.8343,10.0074,118.6094
437,32,7,0.8339,13.7000,95.1076
438,63,14,0.8336,8.9566,96.9894
439,37,9,0.8332,10.9589,89.0256
440,29,8,0.8328,11.1162,97.9298
441,40,12,0.8324,9.2089,92.6014
442,81,12,0.8320,10.6807,87.3217
443,38,9,0.8317,11.3258,76.2539
444,27,7,0.8313,11.2719,77.0391
445,55,10,0.8309,8.1595,90.7430
446,62,12,0.8305,11.2043,91.7894
447,40,9,0.8301,9.5949,84.6767
448,37,8,0.8298,12.4158,97.2566
449,75,14,0.8294,9.1907,108.1728
450,68,14,0.8290,10.6339,101.8119
451,82,15,0.8286,10.4055,96.9471
452,94,17,0.8282,11.6462,102.9132
453,35,9,0.8279,8.9171,98.1426
454,41,11,0.8275,10.3726,92.0088
455,161,16,0.8271,14.5447,92.4746
456,38,11,0.8267,10.8700,91.2408
457,37,9,0.8263,10.6081,96.2775
458,76,13,0.8260,12.9088,86.7478
459,37,9,0.8256,9.0566,88.7220
460,29,7,0.8252,11.6618,99.4944
461,41,9,0.8248,11.3759,77.5099
462,60,13,0.8244,12.2026,89.0109
463,40,11,0.8241,11.5579,72.0666
464,73,13,0.8237,9.9661,101.1011
465,24,6,0.8233,10.7542,74.1013
466,42,9,0.8229,11.0401,99.3658
467,29,7,0.8225,11.7737,65.1489
468,35,10,0.8222,13.7065,106.1643
469,61,14,0.8218,12.5551,88.8701
470,61,12,0.8214,12.6230,92.4487
471,39,11,0.8210,14.0943,100.5702
472,85,14,0.8206,11.2591,98.0184
473,33,8,0.8203,11.5622,80.1047
474,33,8,0.8199,11.3826,82.8101
475,41,10,0.8195,13.7640,99.7739
476,53,10,0.8191,8.3749,77.7843
477,33,8,0.8187,16.8074,75.6872
478,72,14,0.8184,12.9628,115.0642
479,107,17,0.8180,10.9273,92.0215
480,33,9,0.8176,7.8475,105.8602
481,37,9,0.8172,9.9419,89.6309
482,33,8,0.8168,12.4860,76.7878
483,130,19,0.8165,13.9919,111.8933
484,45,13,0.8161,13.1301,95.3435
485,83,13,0.8157,12.2659,99.1409
486,41,10,0.8153,10.2795,88.3548
487,81,11,0.8149,11.7709,107.4032
488,166,18,0.8146,13.8751,98.2926
489,76,14,0.8142,12.0531,99.6765
490,28,6,0.8138,10.6489,72.6918
491,30,9,0.8134,12.8824,102.4593
492,57,12,0.8130,11.2526,95.9313
493,33,8,0.8127,13.8794,98.0234
494,31,8,0.8123,13.2741,85.1725
495,40,10,0.8119,10.3234,92.1347
496,27,8,0.8115,12.2157,110.3130
497,43,11,0.8111,13.6044,92.3451
498,57,11,0.8108,13.7696,83.8694
499,39,10,0.8104,11.7206,82.9701
500,84,13,0.8100,10.4210,99.9535
501,40,9,0.8096,11.8079,88.9661
502,42,9,0.8092,11.5179,100.0420
503,30,8,0.8089,10.8064,103.1817
504,37,10,0.8085,11.1613,99.8621
505,31,8,0.8081,13.4643,104.0809
506,36,9,0.8077,6.8251,93.9039
507,37,9,0.8073,10.7266,91.5727
508,57,13,0.8070,9.8095,101.6182
509,28,7,0.8066,5.8429,66.6571
510,36,8,0.8062,10.2582,118.3367
511,126,16,0.8058,11.2869,104.4826
512,166,18,0.8054,9.5631,104.4557
513,38,10,0.8051,12.1639,101.1514
514,37,9,0.8047,8.8534,96.5908
515,35,9,0.8043,15.3414,88.8330
516,41,9,0.8039,10.7244,96.9046
517,32,8,0.8035,16.4502,67.4752
518,66,13,0.8032,10.8718,111.6400
519,79,13,0.8028,11.5093,98.7982
520,46,9,0.8024,11.4937,94.6294
521,31,8,0.8020,11.2941,99.0256
522,59,11,0.8016,9.2478,102.7503
523,100,14,0.8013,14.8957,96.0434
524,38,9,0.8009,12.4354,101.6328
525,115,14,0.8005,9.3102,104.9145
526,48,10,0.8001,14.4642,92.6286
527,45,10,0.7997,12.0022,90.7827
528,26,8,0.7994,13.4581,105.0941
529,54,11,0.7990,12.6292,92.5263
530,31,7,0.7986,11.2473,111.4054
531,59,14,0.7982,10.3344,121.8126
532,40,10,0.7978,10.3499,124.4282
533,57,13,0.7975,12.4853,110.4663
534,74,14,0.7971,12.6723,112.0873
535,84,13,0.7967,14.6206,114.4519
536,36,9,0.7963,9.0475,93.9437
537,54,11,0.7959,11.0282,108.7840
538,103,14,0.7956,13.3557,97.9561
539,64,11,0.7952,13.8980,106.8485
540,38,9,0.7948,8.8657,103.7183
541,49,9,0.7944,13.7783,118.2435
542,20,5,0.7940,14.1005,115.2516
543,167,22,0.7937,10.6563,125.0422
544,69,14,0.7933,14.1678,103.6095
545,117,12,0.7929,8.4658,107.9273
546,26,7,0.7925,11.8356,113.4547
547,81,14,0.7921,13.6199,118.3193
548,39,8,0.7918,11.6924,105.3200
549,42,11,0.7914,11.4532,102.0954
550,55,11,0.7910,13.4386,118.6820
551,55,12,0.7906,16.6009,94.0860
552,41,10,0.7902,13.8020,103.3350
553,38,10,0.7899,10.7096,112.3988
554,54,12,0.7895,11.2360,99.3061
555,33,10,0.7891,8.3298,104.7171
556,54,12,0.7887,12.8380,103.0779
557,51,8,0.7883,13.7863,86.4434
558,37,8,0.7880,14.2576,111.7820
559,61,14,0.7876,13.4133,128.4078
560,58,12,0.7872,12.9162,103.7607
561,78,14,0.7868,13.1421,103.3529
562,58,11,0.7864,11.3362,104.5635
563,304,24,0.7861,12.0308,116.5046
564,86,14,0.7857,9.4816,98.0327
565,58,12,0.7853,13.3343,115.0075
566,59,12,0.7849,9.2836,99.9180
567,38,9,0.7845,11.1384,108.2412
568,48,11,0.7842,14.2841,134.9466
569,34,8,0.7838,10.9376,99.2268
570,34,10,0.7834,12.7373,118.0588
571,33,9,0.7830,12.5648,114.5113
572,54,12,0.7826,11.2567,120.0071
573,55,11,0.7823,13.5121,125.1661
574,59,11,0.7819,11.3133,122.1308
575,25,6,0.7815,14.5377,89.4697
576,38,12,0.7811,13.6026,94.7210
577,88,16,0.7807,13.3822,122.5771
578,41,11,0.7804,11.7616,101.5069
579,44,12,0.7800,10.4004,104.4168
580,71,12,0.7796,12.3395,99.2445
581,41,11,0.7792,12.0955,104.8909
582,32,6,0.7788,7.3560,107.2390
583,65,15,0.7785,14.0487,114.7072
584,53,10,0.7781,14.2990,95.7318
585,61,14,0.7777,12.2571,98.0656
586,38,9,0.7773,9.9290,132.1987
587,57,11,0.7769,10.2916,111.9700
588,112,14,0.7766,12.6242,99.9315
589,35,9,0.7762,13.6721,103.5380
590,85,16,0.7758,12.3694,120.6152
591,37,8,0.7754,15.2960,100.4927
592,31,7,0.7750,10.9926,115.1968
593,38,10,0.7747,11.7618,124.5291
594,94,14,0.7743,10.4995,119.4926
595,57,13,0.7739,14.0566,110.0884
596,35,9,0.7735,11.1811,118.5234
597,37,9,0.7731,13.0193,106.2589
598,54,12,0.7728,13.3623,114.6774
599,53,11,0.7724,10.7907,119.5396
600,38,10,0.7720,12.4301,106.3039
601,43,8,0.7716,13.4413,82.6762
602,56,10,0.7712,8.7374,103.3346
603,56,11,0.7709,11.0063,118.9460
604,29,7,0.7705,8.6188,116.4014
605,35,10,0.7701,13.2375,100.9557
606,34,9,0.7697,8.2972,111.2831
607,51,12,0.7693,11.8005,95.0661
608,57,13,0.7690,14.0402,108.5053
609,36,10,0.7686,11.8910,112.8956
610,38,10,0.7682,8.8317,99.0598
611,36,10,0.7678,11.5571,119.7945
612,32,8,0.7674,12.3921,103.3407
613,43,11,0.7671,9.9757,111.0515
614,29,6,0.7667,11.8664,109.6897
615,38,11,0.7663,14.4835,113.4492
616,59,15,0.7659,11.6486,114.5305
617,222,18,0.7655,13.1602,102.4197
618,101,18,0.7652,11.2002,132.9010
619,42,11,0.7648,11.6668,129.3557
620,145,21,0.7644,13.8570,125.9492
621,91,14,0.7640,12.8383,125.5956
622,134,17,0.7636,14.6314,123.9682
623,41,10,0.7633,15.7015,114.1693
624,86,15,0.7629,14.4379,113.5995
625,40,11,0.7625,13.3195,92.7081
626,252,20,0.7621,12.4322,130.2965
627,59,14,0.7617,9.7330,125.9978
628,38,10,0.7614,12.8378,110.2211
629,144,17,0.7610,12.5674,145.8099
630,56,10,0.7606,12.2139,113.5963
631,86,16,0.7602,13.9009,129.3007
632,43,12,0.7598,16.5078,102.0956
633,56,10,0.7595,10.8048,142.7929
634,77,14,0.7591,12.4398,108.4944
635,49,9,0.7587,13.5118,113.7573
636,61,14,0.7583,13.7137,116.2550
637,36,8,0.7579,11.8966,116.4712
638,186,22,0.7576,13.8502,127.7114
639,232,27,0.7572,12.6911,124.5891
640,86,15,0.7568,10.5880,130.2694
641,34,8,0.7564,12.9614,99.0801
642,78,11,0.7560,13.6475,113.4974
643,85,13,0.7557,15.6352,128.6933
644,54,11,0.7553,13.2618,112.0939
645,78,15,0.7549,12.7722,126.7812
646,33,9,0.7545,12.2657,116.0827
647,163,20,0.7541,12.2134,130.0163
648,36,10,0.7538,11.3839,143.6288
649,30,7,0.7534,11.0569,108.5884
650,29,7,0.7530,15.2539,94.5119
651,35,7,0.7526,10.5396,89.6276
652,34,7,0.7522,16.9926,109.5456
653,34,9,0.7519,12.2881,133.0535
654,42,10,0.7515,10.4610,139.1135
655,64,14,0.7511,17.8960,122.2520
656,226,24,0.7507,11.7564,143.3570
657,33,7,0.7503,11.8248,124.1870
658,69,11,0.7500,16.1827,129.1501
659,34,8,0.7496,13.2062,117.0544
660,33,10,0.7492,14.0448,132.2378
661,44,11,0.7488,13.6378,128.1992
662,73,12,0.7484,11.0996,111.1739
663,39,10,0.7481,15.2250,108.2445
664,280,23,0.7477,15.2640,131.6343
665,32,9,0.7473,12.3310,116.5757
666,40,10,0.7469,15.6760,110.1581
667,40,11,0.7465,14.1826,98.9897
668,42,11,0.7462,14.4751,131.6000
669,54,13,0.7458,11.0348,135.9170
670,32,8,0.7454,15.0273,139.5687
671,58,11,0.7450,12.7938,116.8970
672,64,13,0.7446,10.8769,129.5363
673,34,9,0.7443,14.1885,98.3792
674,38,9,0.7439,11.6632,118.7286
675,31,7,0.7435,12.5709,123.7324
676,31,8,0.7431,15.9368,110.7412
677,29,7,0.7427,7.8842,106.0224
678,35,10,0.7424,9.3633,135.0013
679,37,11,0.7420,7.4486,135.0452
680,40,10,0.7416,20.2766,118.1693
681,34,9,0.7412,12.9250,136.2601
682,39,9,0.7408,11.1975,110.6684
683,39,6,0.7405,15.6587,108.5748
684,78,11,0.7401,13.6236,121.5407
685,74,14,0.7397,13.3887,113.4830
686,54,10,0.7393,12.6411,131.3818
687,75,13,0.7389,12.6450,138.6994
688,99,19,0.7386,13.2134,118.9645
689,120,15,0.7382,14.0012,113.7959
690,70,14,0.7378,9.3787,127.1768
691,58,12,0.7374,11.9800,129.2031
692,32,8,0.7370,9.1505,146.2659
693,36,9,0.7367,13.9571,106.0496
694,188,20,0.7363,11.3713,149.1202
695,33,10,0.7359,11.8833,133.9913
696,34,8,0.7355,11.1421,106.7905
697,52,11,0.7351,15.9358,120.8153
698,142,18,0.7348,11.8799,150.0478
699,140,19,0.7344,11.2774,136.8017
700,76,11,0.7340,13.4996,133.8849
701,48,9,0.7336,7.7827,122.5892
702,54,11,0.7332,12.6600,141.9600
703,48,11,0.7329,16.5320,118.3585
704,158,16,0.7325,14.6471,144.7829
705,38,9,0.7321,11.8385,135.4054
706,32,7,0.7317,12.0759,114.1427
707,34,10,0.7313,12.0669,112.2145
708,38,11,0.7310,13.0393,137.7457
709,37,11,0.7306,13.6526,109.3387
710,31,8,0.7302,12.7672,118.7077
711,57,9,0.7298,13.4539,130.4763
712,58,12,0.7294,16.2910,126.7828
713,79,12,0.7291,14.5231,135.8094
714,50,10,0.7287,12.4883,127.5669
715,71,11,0.7283,15.9021,115.3539
716,61,14,0.7279,16.4720,150.5637
717,66,16,0.7275,12.4899,119.7853
718,82,12,0.7272,16.7578,141.9168
719,70,12,0.7268,13.2488,115.5336
720,44,5,0.7264,17.4121,123.9771
721,48,13,0.7260,13.9559,126.2474
722,57,14,0.7256,9.3751,140.8026
723,54,12,0.7253,13.1467,140.0826
724,46,9,0.7249,12.8945,94.7493
725,60,13,0.7245,17.4188,130.4204
726,70,11,0.7241,12.5190,128.2214
727,80,10,0.7237,11.3490,143.4818
728,30,8,0.7234,14.0411,133.1710
729,59,11,0.7230,12.5631,148.2374
730,121,17,0.7226,14.6612,145.2817
731,48,10,0.7222,11.2499,119.6086
732,74,13,0.7218,17.9380,159.9369
733,34,8,0.7215,13.3825,126.5205
734,61,14,0.7211,13.5112,128.8259
735,32,8,0.7207,8.7590,138.4353
736,29,8,0.7203,14.6526,133.3787
737,129,17,0.7199,12.7587,121.5243
738,24,7,0.7196,9.9237,113.1558
739,118,14,0.7192,9.4480,133.2980
740,31,9,0.7188,15.2663,103.0565
741,41,9,0.7184,11.7121,130.1714
742,37,9,0.7180,10.2826,132.9105
743,75,14,0.7177,16.7912,150.5165
744,81,12,0.7173,12.9801,172.5585
745,63,14,0.7169,15.2078,139.7962
746,43,11,0.7165,18.0586,144.5562
747,75,13,0.7161,17.0162,132.9682
748,55,12,0.7158,13.3641,148.3020
749,90,15,0.7154,13.1484,164.4262
750,42,11,0.7150,12.5545,138.4122
751,42,12,0.7146,18.4385,140.1310
752,55,11,0.7142,15.4180,141.8805
753,34,9,0.7139,12.7360,167.4547
754,108,14,0.7135,13.7855,153.2788
755,82,15,0.7131,14.6715,164.6507
756,30,8,0.7127,13.9670,136.7235
757,87,13,0.7123,10.8004,131.4410
758,56,11,0.7120,14.1947,142.5553
759,115,14,0.7116,15.9379,134.3250
760,37,10,0.7112,15.0829,128.1971
761,61,13,0.7108,14.6735,148.8980
762,158,18,0.7104,13.9073,162.9948
763,88,14,0.7101,14.5248,163.8820
764,69,12,0.7097,14.6387,122.3885
765,54,11,0.7093,13.4716,144.0341
766,60,12,0.7089,18.3537,162.9792
767,38,10,0.7085,14.1891,141.3196
768,44,7,0.7082,17.0418,122.4208
769,138,18,0.7078,14.6661,151.6538
770,44,9,0.7074,11.2549,141.9110
771,58,11,0.7070,15.2227,141.5382
772,35,8,0.7066,18.9130,125.5195
773,51,11,0.7063,14.8430,161.2548
774,35,9,0.7059,12.1688,129.7891
775,48,13,0.7055,11.2786,143.5268
776,53,12,0.7051,10.2786,145.1143
777,36,7,0.7047,16.2588,129.5285
778,42,10,0.7044,10.9728,138.8523
779,59,11,0.7040,12.8337,138.2012
780,109,14,0.7036,15.3650,147.7037
781,122,17,0.7032,14.6966,134.2435
782,31,8,0.7028,15.4778,153.1963
783,170,17,0.7025,12.7385,157.9110
784,144,17,0.7021,13.7601,160.1913
785,31,7,0.7017,15.3658,144.5101
786,321,31,0.7013,17.1050,147.8601
787,45,12,0.7009,14.7998,148.7293
788,58,12,0.7006,13.0223,154.4726
789,35,9,0.7002,14.8905,106.3381
790,54,12,0.6998,13.4061,138.6675
791,37,8,0.6994,12.4991,154.8332
792,80,15,0.6990,15.6681,140.2769
793,70,12,0.6987,12.5868,158.1197
794,40,11,0.6983,12.6165,147.0115
795,50,11,0.6979,14.0335,131.3616
796,61,13,0.6975,13.7211,137.5518
797,42,11,0.6971,18.2310,162.1678
798,85,15,0.6968,17.7494,167.2592
799,39,10,0.6964,11.7905,137.9425
800,36,10,0.6960,12.4714,137.3131
801,51,12,0.6956,15.0982,162.1023
802,60,13,0.6952,14.0278,154.9112
803,40,13,0.6949,16.3377,142.7924
804,86,15,0.6945,14.1582,161.8587
805,39,10,0.6941,13.0745,146.6429
806,33,7,0.6937,12.5998,143.1298
807,59,13,0.6933,15.5162,140.0911
808,36,10,0.6930,14.5855,142.4724
809,102,16,0.6926,14.0487,132.8870
810,34,8,0.6922,13.7873,144.4141
811,37,7,0.6918,14.7351,127.4851
812,37,9,0.6914,18.5062,133.8355
813,171,16,0.6911,15.7076,151.4916
814,69,12,0.6907,14.0624,148.1509
815,127,16,0.6903,11.7903,163.5379
816,301,24,0.6899,12.8486,151.2929
817,35,10,0.6895,12.1055,133.5753
818,29,7,0.6892,12.1124,122.8897
819,55,12,0.6888,13.7926,150.4672
820,88,16,0.6884,16.2921,137.8155
821,28,8,0.6880,16.1916,154.6556
822,22,5,0.6876,10.6671,136.4785
823,89,15,0.6873,13.1767,157.5845
824,102,17,0.6869,16.4695,159.4488
825,66,13,0.6865,12.9954,150.4205
826,108,16,0.6861,13.3680,165.6536
827,37,10,0.6857,13.8266,143.6357
828,251,23,0.6854,13.0093,161.9420
829,24,7,0.6850,18.9990,144.9348
830,59,12,0.6846,17.0518,151.0802
831,39,11,0.6842,15.8896,159.6677
832,26,6,0.6838,11.0635,127.8686
833,48,10,0.6835,14.2075,144.3210
834,86,16,0.6831,15.9651,150.9117
835,36,10,0.6827,13.4622,136.5432
836,30,8,0.6823,16.5451,151.3545
837,38,10,0.6819,14.9403,146.1781
838,39,11,0.6816,14.5582,179.6158
839,64,14,0.6812,15.1343,140.0840
840,30,8,0.6808,12.6166,123.3674
841,32,7,0.6804,9.4390,134.7913
842,103,17,0.6800,15.3022,157.6406
843,74,14,0.6797,13.8258,179.7702
844,253,25,0.6793,14.4068,179.9827
845,83,12,0.6789,10.3753,171.0209
846,59,14,0.6785,11.6073,159.8192
847,43,12,0.6781,13.6836,181.6984
848,83,13,0.6778,14.9518,161.5652
849,220,23,0.6774,13.6006,160.1808
850,54,12,0.6770,11.7198,181.5646
851,118,13,0.6766,17.1755,155.3170
852,73,12,0.6762,15.7406,180.7116
853,89,13,0.6759,13.4726,162.5795
854,31,9,0.6755,13.4628,154.4538
855,65,14,0.6751,17.5094,156.3586
856,42,9,0.6747,19.4172,154.8959
857,59,12,0.6743,8.4873,183.4249
858,46,10,0.6740,14.6137,135.5000
859,41,11,0.6736,11.2917,140.3920
860,51,11,0.6732,16.4335,150.0501
861,37,10,0.6728,17.9985,127.1044
862,42,13,0.6724,14.1259,162.7695
863,84,12,0.6721,11.2493,160.2185
864,60,13,0.6717,13.1251,164.0701
865,38,10,0.6713,14.9128,162.2860
866,86,12,0.6709,11.9407,168.4337
867,41,11,0.6705,16.1064,168.9607
868,56,11,0.6702,10.1064,154.8330
869,41,12,0.6698,18.2734,157.4364
870,160,18,0.6694,13.7456,169.6313
871,58,13,0.6690,11.0434,181.3160
872,41,12,0.6686,14.5377,181.4262
873,62,14,0.6683,15.0208,167.9720
874,109,18,0.6679,17.0485,168.4862
875,180,19,0.6675,13.9551,165.7176
876,46,12,0.6671,13.0666,163.5164
877,37,9,0.6667,12.4190,164.6421
878,84,13,0.6664,14.5745,181.0440
879,45,12,0.6660,15.1432,131.7926
880,41,10,0.6656,10.9396,179.5674
881,36,8,0.6652,11.9865,153.4336
882,52,10,0.6648,11.9391,157.7445
883,38,10,0.6645,13.6054,154.6668
884,67,15,0.6641,15.2801,158.1209
885,55,11,0.6637,15.9981,166.0783
886,29,7,0.6633,12.7049,136.6721
887,37,10,0.6629,16.9009,156.0159
888,50,11,0.6626,15.6090,140.7799
889,125,16,0.6622,17.0014,158.6129
890,108,16,0.6618,14.3423,176.8867
891,39,11,0.6614,13.7251,168.6407
892,79,13,0.6610,12.2960,156.2162
893,29,8,0.6607,14.6023,166.3440
894,43,8,0.6603,14.6961,181.5005
895,56,12,0.6599,11.0953,146.7443
896,126,18,0.6595,16.7283,169.3274
897,62,14,0.6591,19.2772,151.9300
898,40,10,0.6588,13.7808,138.3286
899,24,6,0.6584,9.7620,146.9120
900,34,8,0.6580,16.7584,131.9702
901,64,13,0.6576,16.0388,160.6180
902,81,15,0.6572,15.1386,161.4146
903,60,13,0.6569,17.2143,149.7544
904,37,9,0.6565,20.8680,160.1295
905,43,11,0.6561,15.2509,158.9048
906,37,9,0.6557,16.1647,148.5517
907,39,8,0.6553,15.3068,192.8296
908,85,13,0.6550,15.5247,178.2668
909,92,16,0.6546,14.5545,174.7559
910,45,11,0.6542,15.1632,166.9683
911,47,10,0.6538,15.5484,161.2586
912,78,12,0.6534,13.5543,156.2655
913,106,18,0.6531,14.0264,164.4574
914,40,11,0.6527,12.7560,172.6584
915,58,12,0.6523,11.8727,160.1050
916,34,10,0.6519,14.3564,166.3455
917,43,11,0.6515,17.0001,170.8298
918,38,10,0.6512,15.4683,154.9068
919,55,11,0.6508,14.4798,152.2153
920,149,20,0.6504,15.2761,173.7199
921,24,7,0.6500,10.6788,125.1106
922,85,14,0.6496,15.6765,184.1362
923,27,6,0.6493,14.7356,162.1739
924,145,16,0.6489,13.6832,191.3336
925,32,8,0.6485,12.4668,136.2572
926,35,8,0.6481,20.7059,197.7803
927,31,8,0.6477,11.5564,150.1853
928,118,14,0.6474,18.8201,172.4696
929,43,10,0.6470,10.7314,183.3676
930,38,10,0.6466,11.5615,156.2104
931,30,7,0.6462,16.5293,157.8072
932,47,12,0.6458,15.6475,161.4926
933,25,7,0.6455,14.3844,139.5741
934,39,10,0.6451,16.0220,162.0920
935,35,9,0.6447,14.2889,144.1671
936,104,18,0.6443,14.0841,175.7820
937,36,9,0.6439,14.9712,155.4489
938,31,7,0.6436,9.3518,169.0152
939,74,15,0.6432,12.7354,178.1599
940,55,12,0.6428,21.0750,168.6916
941,38,9,0.6424,14.2649,148.0222
942,57,11,0.6420,10.1211,171.1214
943,57,11,0.6417,12.6824,158.3897
944,74,13,0.6413,16.9480,162.2366
945,71,13,0.6409,17.1460,173.5024
946,31,7,0.6405,14.5554,137.0603
947,37,9,0.6401,16.4533,158.3642
948,49,12,0.6398,12.9240,155.5844
949,35,10,0.6394,17.3634,171.2469
950,59,12,0.6390,19.7143,149.8486
951,119,17,0.6386,17.2886,187.6713
952,91,14,0.6382,12.6897,172.4814
953,174,17,0.6379,20.7014,194.3498
954,41,10,0.6375,11.8923,171.0860
955,94,18,0.6371,14.5892,177.9883
956,61,13,0.6367,15.0190,151.3678
957,215,21,0.6363,12.3461,200.1112
958,79,12,0.6360,14.4706,159.2445
959,53,11,0.6356,14.8824,157.0572
960,120,19,0.6352,19.2560,182.0282
961,44,7,0.6348,14.3953,179.0463
962,54,11,0.6344,18.6227,173.8666
963,31,8,0.6341,14.8461,166.8362
964,285,20,0.6337,14.5075,192.3010
965,40,7,0.6333,11.4217,158.7176
966,35,9,0.6329,17.1701,180.6327
967,92,14,0.6325,18.0522,167.6572
968,37,10,0.6322,14.5539,170.3223
969,38,10,0.6318,19.9799,164.3390
970,64,13,0.6314,16.6622,180.0901
971,38,9,0.6310,17.4780,157.3329
972,36,7,0.6306,12.3806,163.9533
973,60,11,0.6303,13.3065,158.3171
974,90,17,0.6299,16.5450,184.4527
975,40,10,0.6295,20.0827,145.5607
976,33,9,0.6291,12.2431,138.6324
977,34,8,0.6287,15.8612,157.4888
978,85,12,0.6284,14.2502,177.2808
979,100,18,0.6280,13.2640,165.5785
980,108,18,0.6276,17.1839,165.2967
981,33,8,0.6272,18.3434,134.5704
982,47,9,0.6268,15.1486,148.6347
983,35,10,0.6265,14.5238,170.8607
984,85,12,0.6261,17.1979,177.5129
985,38,10,0.6257,11.8109,191.3118
986,39,11,0.6253,15.2020,160.3859
987,79,15,0.6249,14.0855,179.3316
988,38,10,0.6246,14.5865,158.1611
989,126,20,0.6242,13.9798,174.3389
990,52,11,0.6238,16.3539,171.7857
991,38,10,0.6234,14.0871,191.8995
992,45,11,0.6230,16.6287,161.7889
993,39,9,0.6227,15.6011,160.0924
994,74,13,0.6223,14.2132,182.8219
995,156,23,0.6219,14.5860,199.2644
996,41,12,0.6215,13.5601,175.7984
997,34,9,0.6211,17.7720,148.9507
998,72,10,0.6208,16.1010,208.2373
999,301,24,0.6204,15.2626,179.9175
1000,103,16,0.6200,12.2561,181.5453
1001,224,18,0.6196,17.7563,201.1551
1002,183,23,0.6192,18.3719,194.0331
1003,82,13,0.6189,14.0567,191.5922
1004,56,10,0.6185,16.1222,181.6992
1005,55,10,0.6181,12.4143,189.9915
1006,40,12,0.6177,11.9220,173.3091
1007,38,10,0.6173,19.4287,170.9618
1008,82,14,0.6170,15.3028,190.6308
1009,47,15,0.6166,13.0881,196.6444
1010,198,22,0.6162,17.1294,185.5243
1011,33,9,0.6158,10.6187,151.9369
1012,59,14,0.6154,17.1007,191.6420
1013,43,11,0.6151,16.5965,171.3094
1014,55,13,0.6147,14.7728,164.7055
1015,61,12,0.6143,16.1002,173.0496
1016,59,10,0.6139,16.7135,169.1935
1017,51,13,0.6135,15.2440,169.8459
1018,60,13,0.6132,11.3561,154.5545
1019,163,17,0.6128,15.1163,238.3200
1020,54,9,0.6124,13.2172,173.3114
1021,40,10,0.6120,13.2077,160.7688
1022,87,16,0.6116,13.9626,179.4993
1023,37,10,0.6113,13.3972,176.2502
1024,58,13,0.6109,17.7189,170.7835
1025,37,9,0.6105,19.4636,167.9064
1026,54,11,0.6101,24.7707,189.0913
1027,39,11,0.6097,11.1289,172.5570
1028,56,11,0.6094,15.0890,176.5182
1029,30,8,0.6090,18.4489,156.6803
1030,57,11,0.6086,16.6032,200.7389
1031,29,7,0.6082,15.9879,163.2091
1032,45,12,0.6078,16.1448,162.5447
1033,38,9,0.6075,17.6281,163.7553
1034,42,10,0.6071,20.2881,167.9592
1035,43,10,0.6067,16.1365,160.8135
1036,44,10,0.6063,13.5641,180.2174
1037,61,13,0.6059,14.5628,180.1597
1038,81,16,0.6056,17.6626,187.3240
1039,77,15,0.6052,16.5164,186.6021
1040,39,7,0.6048,17.2772,165.9906
1041,69,12,0.6044,17.3584,213.1984
1042,36,9,0.6040,13.8055,169.7254
1043,36,9,0.6037,15.9750,182.0450
1044,39,10,0.6033,12.9749,187.0902
1045,55,14,0.6029,14.6352,206.3325
1046,43,11,0.6025,15.1485,198.6225
1047,36,8,0.6021,13.2149,160.9032
1048,28,6,0.6018,22.7922,166.3238
1049,75,13,0.6014,16.9198,180.2913
1050,75,14,0.6010,18.3989,181.2580
1051,36,9,0.6006,18.9829,153.4378
1052,42,11,0.6002,22.4758,178.5985
1053,36,11,0.5999,12.7606,169.2951
1054,36,9,0.5995,20.7702,194.0285
1055,82,13,0.5991,13.8789,196.1369
1056,61,12,0.5987,15.2288,208.3916
1057,38,10,0.5983,14.1110,198.1254
1058,56,11,0.5980,19.0689,188.0888
1059,25,6,0.5976,14.7329,162.3631
1060,66,13,0.5972,20.9766,182.8764
1061,37,8,0.5968,18.4324,174.6077
1062,56,12,0.5964,16.7634,161.1701
1063,36,10,0.5961,17.3485,173.2750
1064,84,15,0.5957,15.4615,205.4397
1065,33,9,0.5953,10.3325,182.8669
1066,39,9,0.5949,14.1928,197.6420
1067,34,11,0.5945,17.9041,175.1152
1068,53,11,0.5942,16.9218,169.0890
1069,193,21,0.5938,14.5764,203.7580
1070,43,9,0.5934,17.2358,178.0250
1071,61,13,0.5930,13.3202,180.5459
1072,123,16,0.5926,12.1766,196.9133
1073,61,12,0.5923,13.3253,178.6592
1074,101,15,0.5919,16.9052,176.9655
1075,48,11,0.5915,15.4552,179.6024
1076,72,15,0.5911,17.8463,196.0957
1077,54,11,0.5907,17.8353,207.7380
1078,84,14,0.5904,15.8235,193.8220
1079,58,12,0.5900,17.3992,195.1510
1080,41,10,0.5896,17.7782,189.5986
1081,42,10,0.5892,16.1320,167.6566
1082,241,25,0.5888,19.4167,199.3780
1083,71,13,0.5885,17.7741,211.8910
1084,31,7,0.5881,16.6989,175.4856
1085,64,15,0.5877,18.0553,212.8172
1086,34,9,0.5873,19.4698,173.6928
1087,53,9,0.5869,15.0379,195.7550
1088,170,17,0.5866,17.0508,195.8896
1089,57,11,0.5862,17.7296,208.6677
1090,62,14,0.5858,15.1999,191.6022
1091,89,14,0.5854,13.0640,189.1245
1092,122,17,0.5850,18.1761,214.4113
1093,43,10,0.5847,17.8138,195.2314
1094,34,8,0.5843,14.7410,159.3423
1095,79,16,0.5839,14.9629,183.9535
1096,41,13,0.5835,12.3806,210.0106
1097,39,11,0.5831,12.0200,204.3284
1098,181,17,0.5828,18.0803,208.9266
1099,48,9,0.5824,17.6465,183.8813
1100,30,6,0.5820,17.9785,186.8552
1101,88,14,0.5816,14.1321,198.4767
1102,124,16,0.5812,18.7144,196.0508
1103,57,11,0.5809,15.3926,196.0294
1104,43,10,0.5805,17.7273,197.9908
1105,53,12,0.5801,17.9080,195.1464
1106,35,7,0.5797,13.2297,169.9780
1107,34,9,0.5793,15.2450,174.4093
1108,68,13,0.5790,18.0562,191.9503
1109,56,9,0.5786,20.2234,201.2923
1110,220,19,0.5782,15.2164,208.7500
1111,39,9,0.5778,21.3548,195.9878
1112,61,11,0.5774,11.1606,175.3859
1113,38,10,0.5771,14.2953,186.6678
1114,40,12,0.5767,14.7339,200.1107
1115,86,13,0.5763,12.5173,207.2806
1116,38,10,0.5759,16.2487,177.9471
1117,42,10,0.5755,26.7431,200.2073
1118,81,14,0.5752,21.9245,182.6954
1119,59,13,0.5748,18.6881,188.8637
1120,75,13,0.5744,19.1813,210.4048
1121,29,6,0.5740,13.9779,193.7356
1122,28,7,0.5736,19.1858,192.1099
1123,42,11,0.5733,15.3593,185.8729
1124,38,10,0.5729,14.6922,207.2280
1125,36,9,0.5725,13.2458,182.4785
1126,37,9,0.5721,14.4787,189.5940
1127,35,9,0.5717,15.5737,176.8600
1128,50,9,0.5714,21.2385,206.8699
1129,163,21,0.5710,18.1244,211.4346
1130,89,16,0.5706,17.8820,222.5818
1131,89,16,0.5702,20.4106,198.9652
1132,43,11,0.5698,19.1857,219.5010
1133,44,10,0.5695,18.5686,185.8816
1134,61,11,0.5691,18.7197,222.2619
1135,53,12,0.5687,18.9304,205.4941
1136,57,12,0.5683,15.4394,210.3287
1137,40,9,0.5679,15.5744,189.6297
1138,31,7,0.5676,12.4604,153.6686
1139,37,9,0.5672,14.7473,170.9707
1140,37,9,0.5668,13.8129,203.3921
1141,43,11,0.5664,15.1526,208.7535
1142,37,10,0.5660,16.1879,192.8454
1143,36,9,0.5657,13.8711,179.9970
1144,35,9,0.5653,16.4027,182.2605
1145,42,10,0.5649,17.1044,198.9720
1146,80,19,0.5645,11.9096,215.4405
1147,92,16,0.5641,16.2715,229.6531
1148,25,7,0.5638,11.7790,170.3879
1149,45,12,0.5634,16.9082,196.6817
1150,33,8,0.5630,16.5021,175.0606
1151,50,9,0.5626,16.5381,182.9543
1152,76,14,0.5622,14.8551,208.3128
1153,229,26,0.5619,15.8322,198.7386
1154,40,10,0.5615,13.5684,204.3993
1155,58,12,0.5611,17.1404,179.5431
1156,103,14,0.5607,25.2761,194.3915
1157,44,10,0.5603,10.9478,191.7601
1158,35,10,0.5600,14.7545,195.4259
1159,35,10,0.5596,12.6692,193.1429
1160,52,11,0.5592,20.9811,200.8527
1161,78,17,0.5588,14.5242,202.4499
1162,37,10,0.5584,21.2153,196.2344
1163,62,14,0.5581,16.6012,194.1601
1164,98,15,0.5577,17.0517,204.0774
1165,89,12,0.5573,12.7479,194.0435
1166,31,7,0.5569,13.8523,202.8944
1167,52,11,0.5565,12.4752,192.2458
1168,60,15,0.5562,20.3813,220.9479
1169,104,16,0.5558,16.4232,216.3747
1170,121,16,0.5554,14.7037,204.3522
1171,59,12,0.5550,16.2313,202.9600
1172,92,15,0.5546,13.9631,211.5035
1173,39,10,0.5543,14.6713,175.2477
1174,33,8,0.5539,13.9266,195.4304
1175,39,10,0.5535,22.1681,195.5546
1176,32,7,0.5531,16.4565,180.1356
1177,39,10,0.5527,16.0190,192.2798
1178,33,8,0.5524,13.6439,188.8385
1179,56,11,0.5520,20.5014,206.9612
1180,41,8,0.5516,14.1909,200.8184
1181,42,9,0.5512,16.1657,200.1160
1182,38,10,0.5508,17.7986,189.0876
1183,70,12,0.5505,15.6025,205.0907
1184,59,14,0.5501,15.2336,227.3669
1185,83,13,0.5497,15.5738,203.2792
1186,56,12,0.5493,18.7111,192.9508
1187,51,10,0.5489,15.3392,218.3372
1188,89,13,0.5486,19.7397,192.8899
1189,134,22,0.5482,14.6135,204.5877
1190,86,17,0.5478,16.5385,217.9877
1191,59,11,0.5474,11.8499,206.7189
1192,40,10,0.5470,20.4186,190.9860
1193,327,24,0.5467,19.0684,232.9677
1194,38,10,0.5463,13.8435,221.2888
1195,35,12,0.5459,16.8213,181.2774
1196,33,8,0.5455,14.6406,170.9153
1197,91,15,0.5451,18.9599,210.7618
1198,54,11,0.5448,12.4195,172.3221
1199,54,11,0.5444,19.0157,187.8092
1200,117,17,0.5440,16.9382,219.1592
1201,58,13,0.5436,16.9802,238.7022
1202,43,11,0.5432,15.4143,201.6367
1203,46,8,0.5429,20.0574,203.3401
1204,82,13,0.5425,15.9596,195.5984
1205,36,9,0.5421,12.7226,182.7409
1206,56,11,0.5417,21.6694,215.9472
1207,56,12,0.5413,9.7159,227.0350
1208,59,13,0.5410,15.0744,214.3686
1209,30,8,0.5406,18.1228,184.0586
1210,89,16,0.5402,19.2262,209.5292
1211,107,18,0.5398,19.4170,204.5800
1212,52,13,0.5394,25.1531,197.7972
1213,55,11,0.5391,15.6255,214.6613
1214,59,12,0.5387,17.2812,216.8311
1215,35,10,0.5383,13.8528,210.0497
1216,43,11,0.5379,16.1257,204.0924
1217,81,15,0.5375,14.8719,223.6233
1218,39,10,0.5372,20.9015,202.3923
1219,41,9,0.5368,16.1401,200.5395
1220,44,8,0.5364,17.4303,188.4576
1221,59,13,0.5360,16.2074,239.5745
1222,176,20,0.5356,18.0862,223.1727
1223,30,9,0.5353,14.1351,186.7915
1224,60,13,0.5349,18.2849,216.6170
1225,34,9,0.5345,20.1483,178.5583
1226,44,11,0.5341,11.5200,229.1371
1227,38,9,0.5337,19.3513,197.7058
1228,55,10,0.5334,20.8975,225.1646
1229,134,18,0.5330,19.8019,235.2392
1230,134,19,0.5326,18.6413,230.0074
1231,37,12,0.5322,13.6518,205.6826
1232,60,14,0.5318,17.5121,210.8030
1233,93,16,0.5315,16.2147,206.5301
1234,85,16,0.5311,15.7878,215.3418
1235,35,10,0.5307,14.8628,183.8197
1236,58,15,0.5303,13.0999,182.0903
1237,32,7,0.5299,12.4435,202.2271
1238,39,10,0.5296,26.7365,252.5730
1239,38,9,0.5292,16.6286,205.2251
1240,101,17,0.5288,14.1557,221.7001
1241,99,14,0.5284,16.0902,192.9979
1242,116,13,0.5280,16.9515,213.1441
1243,85,14,0.5277,23.8385,245.8950
1244,79,14,0.5273,16.3199,220.8675
1245,70,15,0.5269,18.2885,220.1213
1246,39,10,0.5265,15.0263,207.3272
1247,46,11,0.5261,19.5653,222.1207
1248,42,10,0.5258,17.7555,216.3753
1249,201,22,0.5254,17.9684,234.1102
1250,28,6,0.5250,12.4302,183.8237
1251,77,16,0.5246,12.3923,223.4718
1252,172,20,0.5242,22.1092,230.1648
1253,59,11,0.5239,12.5015,222.3045
1254,219,23,0.5235,17.4927,228.5377
1255,59,12,0.5231,14.6988,213.9621
1256,40,10,0.5227,13.3313,203.1098
1257,61,13,0.5223,18.1764,224.1275
1258,57,11,0.5220,13.5116,213.3965
1259,38,10,0.5216,20.5016,203.9727
1260,35,8,0.5212,22.4203,191.2361
1261,46,11,0.5208,17.9780,210.7516
1262,61,13,0.5204,17.0784,222.6176
1263,36,10,0.5201,17.5685,205.5689
1264,38,10,0.5197,18.4766,230.4886
1265,43,11,0.5193,17.2049,238.8980
1266,42,11,0.5189,19.7300,217.5497
1267,31,8,0.5185,8.9254,200.5440
1268,42,11,0.5182,18.0004,217.3391
1269,40,10,0.5178,15.4234,201.2600
1270,51,9,0.5174,17.4509,195.9693
1271,43,11,0.5170,16.3296,204.4147
1272,46,10,0.5166,18.3381,201.4334
1273,90,13,0.5163,13.5109,225.1363
1274,56,11,0.5159,19.4616,220.9287
1275,20,5,0.5155,15.4448,210.0727
1276,54,11,0.5151,10.8855,228.8148
1277,117,14,0.5147,20.6433,214.8555
1278,55,10,0.5144,19.2635,190.8330
1279,53,11,0.5140,27.0350,221.4737
1280,80,13,0.5136,19.4356,234.8808
1281,53,11,0.5132,11.7722,203.3983
1282,62,13,0.5128,15.1733,223.3617
1283,41,10,0.5125,18.5757,234.1595
1284,22,5,0.5121,12.6084,180.3620
1285,32,7,0.5117,24.1454,208.5975
1286,41,11,0.5113,24.9768,238.5429
1287,37,11,0.5109,18.5570,209.8438
1288,120,16,0.5106,23.2581,228.4308
1289,37,10,0.5102,16.2472,214.2840
1290,30,7,0.5098,16.6507,212.6976
1291,59,13,0.5094,13.9867,217.5035
1292,92,16,0.5090,17.1422,235.8742
1293,37,9,0.5087,14.2755,216.8221
1294,34,8,0.5083,11.2196,211.7300
1295,43,11,0.5079,15.3271,230.6043
1296,100,15,0.5075,17.1595,236.4091
1297,73,14,0.5071,13.6773,239.5105
1298,37,9,0.5068,12.3725,200.4485
1299,55,12,0.5064,21.3559,208.3914
1300,33,9,0.5060,18.6033,210.5691
1301,48,8,0.5056,17.2528,209.1431
1302,41,9,0.5052,21.1576,270.2732
1303,45,11,0.5049,17.5415,225.4453
1304,122,15,0.5045,18.5563,228.1164
1305,51,11,0.5041,12.9441,268.0445
1306,84,14,0.5037,12.2575,234.4341
1307,34,9,0.5033,24.0932,212.8503
1308,37,8,0.5030,20.0630,227.8619
1309,42,11,0.5026,16.3615,214.8178
1310,77,13,0.5022,13.8931,241.1979
1311,56,13,0.5018,19.8941,199.4436
1312,54,11,0.5014,16.4651,219.7300
1313,43,11,0.5011,17.0666,229.3042
1314,73,14,0.5007,18.1107,206.6998
1315,58,10,0.5003,17.7805,222.7315
1316,49,9,0.4999,18.5330,214.4852
1317,99,16,0.4995,21.4922,240.6410
1318,35,9,0.4992,16.3946,218.3622
1319,92,16,0.4988,18.2506,210.3924
1320,41,9,0.4984,19.0627,230.8951
1321,54,11,0.4980,16.6168,218.8785
1322,43,10,0.4976,14.7764,227.5226
1323,32,7,0.4973,16.6199,198.6461
1324,54,12,0.4969,18.8596,235.2991
1325,166,15,0.4965,18.8037,230.5133
1326,103,16,0.4961,19.1075,229.6351
1327,27,7,0.4957,17.3650,210.9109
1328,171,18,0.4954,19.2042,220.8129
1329,55,11,0.4950,24.5610,220.7778
1330,62,13,0.4946,23.4489,238.3843
1331,56,10,0.4942,16.9328,232.8740
1332,54,12,0.4938,23.9786,234.3519
1333,31,7,0.4935,21.3224,201.9911
1334,70,11,0.4931,18.3600,227.6560
1335,73,12,0.4927,12.6811,243.5058
1336,55,12,0.4923,15.9456,216.1881
1337,79,16,0.4919,20.7315,225.4817
1338,38,10,0.4916,18.1262,215.3279
1339,29,7,0.4912,23.2040,228.7353
1340,38,8,0.4908,16.4285,239.9484
1341,50,9,0.4904,13.2168,198.7703
1342,26,7,0.4900,16.0311,228.9108
1343,45,10,0.4897,14.4115,248.6416
1344,123,16,0.4893,16.1480,236.4056
1345,38,11,0.4889,13.0047,251.0048
1346,126,17,0.4885,19.7014,246.2170
1347,35,8,0.4881,18.9297,224.9054
1348,54,12,0.4878,17.9903,244.9242
1349,84,13,0.4874,16.8380,226.5676
1350,37,8,0.4870,18.5298,251.4115
1351,35,10,0.4866,14.6875,250.4704
1352,60,11,0.4862,22.3933,271.2119
1353,54,10,0.4859,23.0949,227.0702
1354,124,14,0.4855,14.1931,247.0269
1355,34,9,0.4851,22.2799,257.7776
1356,59,11,0.4847,17.6116,233.2734
1357,41,11,0.4843,19.1764,209.8561
1358,37,8,0.4840,20.5575,249.5774
1359,31,9,0.4836,15.7256,234.3674
1360,57,12,0.4832,14.1295,243.2908
1361,72,12,0.4828,28.3203,224.2332
1362,34,8,0.4824,11.1487,239.0048
1363,33,8,0.4821,14.3155,204.1285
1364,57,13,0.4817,20.8829,221.2317
1365,69,12,0.4813,13.9839,232.3818
1366,38,10,0.4809,20.0061,201.3066
1367,86,17,0.4805,17.4232,258.7383
1368,73,12,0.4802,23.9236,245.4399
1369,40,8,0.4798,16.9702,211.7931
1370,77,11,0.4794,20.6143,228.2088
1371,53,10,0.4790,15.6475,267.8527
1372,51,11,0.4786,18.0121,224.4190
1373,53,12,0.4783,18.4059,228.8163
1374,34,9,0.4779,18.8772,230.0609
1375,28,7,0.4775,22.6527,243.2347
1376,29,8,0.4771,20.8907,234.0615
1377,38,9,0.4767,22.7752,230.9558
1378,39,9,0.4764,21.8758,214.9136
1379,88,15,0.4760,18.2692,229.7830
1380,37,8,0.4756,22.8669,241.2289
1381,72,12,0.4752,14.5340,229.9462
1382,54,11,0.4748,21.2773,232.2590
1383,56,12,0.4745,18.2448,206.1464
1384,59,12,0.4741,21.3056,224.1074
1385,30,7,0.4737,15.4115,219.4051
1386,58,11,0.4733,17.5045,257.0394
1387,27,7,0.4729,20.4015,226.5966
1388,57,11,0.4726,23.4810,233.8051
1389,82,15,0.4722,16.4187,258.0669
1390,62,9,0.4718,20.8166,247.1697
1391,29,9,0.4714,11.0107,211.9594
1392,30,8,0.4710,16.8591,206.4709
1393,32,10,0.4707,15.9427,249.6356
1394,37,11,0.4703,18.5085,231.5437
1395,34,9,0.4699,12.0071,218.8959
1396,31,8,0.4695,19.6522,241.2317
1397,38,9,0.4691,16.4892,228.6365
1398,38,10,0.4688,13.6787,228.0092
1399,36,10,0.4684,18.2033,226.0653
1400,49,9,0.4680,18.3276,226.1496
1401,31,7,0.4676,12.8602,230.0546
1402,76,14,0.4672,19.3124,224.2857
1403,159,20,0.4669,17.0281,279.8103
1404,65,14,0.4665,24.0858,267.5678
1405,130,20,0.4661,19.2561,232.9885
1406,164,17,0.4657,20.6028,267.1748
1407,129,18,0.4653,15.8850,241.8679
1408,107,17,0.4650,19.0204,239.4438
1409,60,13,0.4646,18.5961,220.0303
1410,39,11,0.4642,16.4165,245.8703
1411,88,14,0.4638,18.2319,239.1793
1412,41,8,0.4634,26.5715,235.3166
1413,38,9,0.4631,16.9379,212.5839
1414,87,15,0.4627,22.5012,234.7803
1415,73,11,0.4623,15.8622,238.4466
1416,102,12,0.4619,20.3064,240.3659
1417,81,13,0.4615,15.5820,213.8565
1418,44,9,0.4612,16.0023,258.2303
1419,203,20,0.4608,17.6926,260.2455
1420,81,15,0.4604,16.2249,265.2939
1421,30,8,0.4600,22.3996,199.2355
1422,38,9,0.4596,22.2615,260.3807
1423,33,6,0.4593,13.8251,221.7085
1424,89,16,0.4589,20.2941,225.4237
1425,120,18,0.4585,18.5110,223.2247
1426,26,7,0.4581,19.8273,234.5288
1427,35,8,0.4577,21.1233,245.6693
1428,40,10,0.4574,14.8248,217.9411
1429,37,10,0.4570,23.5474,220.3444
1430,36,9,0.4566,15.6849,216.0038
1431,33,8,0.4562,18.4965,238.8065
1432,53,10,0.4558,18.3986,236.3118
1433,79,15,0.4555,19.8967,241.2211
1434,41,11,0.4551,16.3739,225.3352
1435,44,12,0.4547,17.2867,244.0462
1436,123,16,0.4543,18.8894,241.4959
1437,63,11,0.4539,20.8465,237.6539
1438,55,10,0.4536,18.9196,238.5352
1439,51,12,0.4532,19.6410,244.2183
1440,40,11,0.4528,17.6556,218.3398
1441,84,14,0.4524,21.1042,218.5409
1442,61,12,0.4520,22.9700,249.0628
1443,86,11,0.4517,25.8417,246.7344
1444,52,10,0.4513,16.1703,231.4201
1445,25,6,0.4509,23.1759,262.1791
1446,83,15,0.4505,20.5173,247.4503
1447,51,10,0.4501,15.4475,254.6000
1448,58,12,0.4498,19.0091,244.0265
1449,34,8,0.4494,15.5037,223.1030
1450,42,10,0.4490,17.9179,218.8885
1451,101,14,0.4486,16.6461,256.2399
1452,40,11,0.4482,16.7943,213.4682
1453,32,8,0.4479,26.5772,220.6985
1454,100,16,0.4475,18.5381,263.4588
1455,37,10,0.4471,19.1615,257.1465
1456,34,9,0.4467,22.9077,209.0633
1457,54,10,0.4463,20.6439,220.7335
1458,34,8,0.4460,16.2638,225.8579
1459,79,13,0.4456,18.7370,240.9677
1460,42,11,0.4452,15.3297,226.7157
1461,30,7,0.4448,16.7555,216.3903
1462,68,13,0.4444,18.4615,213.3121
1463,162,18,0.4441,14.7933,261.7312
1464,96,17,0.4437,17.9861,247.5002
1465,33,10,0.4433,19.2086,246.4838
1466,42,11,0.4429,21.0738,255.6086
1467,34,9,0.4425,16.0233,226.3689
1468,54,10,0.4422,19.1761,247.7159
1469,103,18,0.4418,15.5259,239.5685
1470,178,21,0.4414,16.3088,273.9426
1471,31,7,0.4410,17.0458,212.9312
1472,40,9,0.4406,18.8376,219.0968
1473,44,10,0.4403,15.0036,243.8903
1474,106,17,0.4399,18.8181,255.1899
1475,42,9,0.4395,18.5953,233.6197
1476,84,14,0.4391,16.6186,262.5820
1477,55,9,0.4387,16.4865,226.6487
1478,45,8,0.4384,15.5518,238.7122
1479,75,13,0.4380,19.6416,247.4631
1480,81,14,0.4376,19.7460,244.8397
1481,100,14,0.4372,12.0832,257.7732
1482,56,9,0.4368,19.2713,254.3921
1483,26,7,0.4365,15.5739,216.3568
1484,42,10,0.4361,18.0774,231.9928
1485,43,11,0.4357,19.6632,234.2826
1486,53,9,0.4353,16.3579,246.9034
1487,45,11,0.4349,23.0759,251.3623
1488,40,11,0.4346,19.9223,279.9246
1489,65,14,0.4342,16.4983,251.1094
1490,139,16,0.4338,20.2008,257.8674
1491,109,10,0.4334,21.8372,255.5045
1492,40,10,0.4330,18.1447,245.8666
1493,40,11,0.4327,18.8505,241.2245
1494,30,8,0.4323,27.0149,236.0372
1495,115,12,0.4319,24.2844,215.9108
1496,33,8,0.4315,28.5256,255.3511
1497,40,11,0.4311,14.5046,254.6655
1498,39,11,0.4308,21.1513,273.4581
1499,44,12,0.4304,21.9478,276.7746
1500,34,9,0.4300,14.2113,216.2396
1501,54,10,0.4296,19.2811,242.3692
1502,40,11,0.4292,14.8945,268.5676
1503,35,10,0.4289,18.7687,234.5528
1504,60,13,0.4285,13.7401,255.6283
1505,39,8,0.4281,18.1293,242.7768
1506,200,16,0.4277,13.6565,278.8824
1507,54,11,0.4273,21.0305,228.0108
1508,68,13,0.4270,17.6258,269.5091
1509,40,10,0.4266,18.8778,266.3223
1510,49,9,0.4262,16.5833,253.6952
1511,77,14,0.4258,18.6253,257.1640
1512,24,6,0.4254,13.9415,248.1324
1513,35,8,0.4251,18.7845,249.1055
1514,47,11,0.4247,20.7944,253.3008
1515,74,13,0.4243,26.0303,254.3074
1516,39,10,0.4239,18.6427,278.2606
1517,51,9,0.4235,14.5712,231.7394
1518,89,17,0.4232,16.0646,267.8991
1519,38,9,0.4228,13.1154,244.7774
1520,90,14,0.4224,13.7509,263.2010
1521,52,8,0.4220,15.3542,234.6133
1522,33,8,0.4216,12.8575,257.0853
1523,77,14,0.4213,22.9810,242.6527
1524,70,13,0.4209,14.1567,249.7597
1525,224,24,0.4205,14.3951,282.4823
1526,56,11,0.4201,19.3746,237.2787
1527,62,13,0.4197,19.1006,240.0624
1528,92,16,0.4194,18.3124,253.2685
1529,52,10,0.4190,20.2449,253.5942
1530,197,26,0.4186,18.0543,275.6531
1531,58,13,0.4182,22.9110,278.6775
1532,81,13,0.4178,20.6049,276.8415
1533,37,9,0.4175,15.7401,272.1055
1534,39,10,0.4171,17.3284,289.5700
1535,23,6,0.4167,24.2132,238.8250
1536,115,16,0.4163,17.8864,261.0282
1537,37,11,0.4159,27.4694,227.4673
1538,41,11,0.4156,20.7878,232.1146
1539,36,9,0.4152,14.6375,272.5044
1540,60,13,0.4148,14.6514,252.9463
1541,38,9,0.4144,18.8832,253.3050
1542,76,13,0.4140,17.6455,255.9176
1543,46,13,0.4137,15.1518,252.1556
1544,93,17,0.4133,16.2866,272.0632
1545,84,15,0.4129,19.9003,270.8743
1546,101,11,0.4125,17.9691,277.5953
1547,132,17,0.4121,17.5642,253.7804
1548,266,26,0.4118,19.0325,299.0216
1549,68,13,0.4114,20.5336,264.7244
1550,78,15,0.4110,16.2792,256.3631
1551,105,14,0.4106,18.5681,266.7412
1552,50,9,0.4102,16.0859,260.9453
1553,44,11,0.4099,22.1841,251.4858
1554,158,16,0.4095,25.2522,281.8192
1555,36,10,0.4091,18.9886,245.4136
1556,44,11,0.4087,20.7200,234.4499
1557,67,16,0.4083,19.2319,280.4779
1558,63,14,0.4080,20.9321,276.7282
1559,41,11,0.4076,15.1715,266.2521
1560,36,10,0.4072,18.8442,207.8311
1561,37,9,0.4068,23.0621,243.6337
1562,134,18,0.4064,22.4429,280.6261
1563,51,11,0.4061,19.0410,263.1258
1564,68,11,0.4057,25.0073,275.7110
1565,102,15,0.4053,18.8648,268.0055
1566,50,12,0.4049,23.3922,243.4040
1567,42,11,0.4045,19.0586,255.9289
1568,46,12,0.4042,18.8962,252.0181
1569,73,16,0.4038,16.7414,258.1486
1570,54,11,0.4034,15.9991,273.8411
1571,230,22,0.4030,20.3940,288.0595
1572,35,10,0.4026,20.1115,250.6243
1573,36,11,0.4023,18.5008,295.2374
1574,74,12,0.4019,20.7011,251.7768
1575,28,7,0.4015,28.6601,262.9842
1576,161,16,0.4011,21.0102,276.3460
1577,60,12,0.4007,20.3150,236.7644
1578,78,14,0.4004,23.2455,274.6336
1579,175,21,0.4000,17.2635,292.1269
1580,82,14,0.3996,16.0993,301.4512
1581,230,21,0.3992,17.6427,264.1735
1582,71,12,0.3988,17.6020,263.6793
1583,45,9,0.3985,14.4780,233.2125
1584,26,7,0.3981,16.1918,214.7390
1585,77,12,0.3977,14.2518,250.5788
1586,38,10,0.3973,20.5978,244.8309
1587,32,8,0.3969,21.3753,258.3430
1588,59,12,0.3966,19.2203,258.1306
1589,41,10,0.3962,10.5357,263.6838
1590,53,11,0.3958,21.6540,272.3719
1591,42,10,0.3954,17.7359,237.3292
1592,81,17,0.3950,22.9809,264.6673
1593,40,10,0.3947,14.0966,270.9804
1594,41,11,0.3943,20.5886,281.3782
1595,43,10,0.3939,19.5397,261.6188
1596,54,11,0.3935,20.6695,248.2384
1597,141,17,0.3931,21.6893,264.7839
1598,64,13,0.3928,18.2704,243.1443
1599,84,15,0.3924,20.1047,258.8195
1600,58,12,0.3920,15.2344,265.7877
1601,27,6,0.3916,16.3349,255.5026
1602,36,9,0.3912,17.6447,256.8193
1603,35,9,0.3909,25.2050,249.8037
1604,59,14,0.3905,23.5168,256.4078
1605,31,9,0.3901,23.6875,297.9732
1606,35,10,0.3897,18.0125,244.1826
1607,39,8,0.3893,18.1535,306.9502
1608,41,11,0.3890,15.2945,262.3920
1609,32,7,0.3886,18.8873,226.6666
1610,31,9,0.3882,16.0774,269.7267
1611,57,14,0.3878,14.6850,279.0649
1612,33,9,0.3874,25.7547,240.3343
1613,69,12,0.3871,22.3569,274.8289
1614,42,10,0.3867,24.3918,274.1092
1615,35,7,0.3863,25.4161,272.1994
1616,36,9,0.3859,20.6724,233.1320
1617,81,15,0.3855,17.6481,270.0976
1618,55,12,0.3852,16.7380,318.4356
1619,91,18,0.3848,19.7668,270.1680
1620,45,13,0.3844,19.1055,260.5030
1621,31,8,0.3840,17.4084,255.6508
1622,41,9,0.3836,21.6087,261.7350
1623,44,11,0.3833,22.8169,278.2464
1624,80,16,0.3829,26.3679,253.2701
1625,27,7,0.3825,17.4677,254.3519
1626,56,12,0.3821,26.1634,260.7819
1627,25,6,0.3817,19.4681,245.2362
1628,172,19,0.3814,18.5236,294.9091
1629,56,13,0.3810,20.2864,297.0057
1630,61,11,0.3806,23.2555,259.2693
1631,56,13,0.3802,25.1421,283.5614
1632,266,26,0.3798,24.5430,290.1126
1633,38,11,0.3795,23.1666,266.1158
1634,299,23,0.3791,19.9502,299.7520
1635,233,21,0.3787,17.1008,280.4191
1636,36,10,0.3783,18.9018,253.3082
1637,84,13,0.3779,17.8390,307.9692
1638,161,18,0.3776,19.5059,281.7755
1639,55,12,0.3772,20.5568,295.0813
1640,62,13,0.3768,20.1325,289.2477
1641,39,9,0.3764,24.4275,258.0417
1642,50,10,0.3760,25.5113,244.7023
1643,31,8,0.3757,20.5829,276.2955
1644,106,16,0.3753,17.5078,287.5115
1645,43,12,0.3749,27.4657,258.8899
1646,40,9,0.3745,21.6650,261.0482
1647,44,11,0.3741,19.3596,254.7357
1648,38,8,0.3738,19.8902,277.4128
1649,39,9,0.3734,14.2656,282.9960
1650,76,14,0.3730,24.3593,276.1567
1651,41,10,0.3726,16.6125,242.3376
1652,44,6,0.3722,22.1487,241.2734
1653,76,16,0.3719,14.0354,264.4158
1654,57,11,0.3715,17.3512,261.5381
1655,57,12,0.3711,20.2750,285.2929
1656,42,12,0.3707,24.8414,249.8334
1657,236,22,0.3703,18.7483,278.1236
1658,32,7,0.3700,22.6748,266.2579
1659,141,17,0.3696,22.1359,280.2886
1660,102,15,0.3692,19.2642,291.2773
1661,256,28,0.3688,26.3442,304.7415
1662,37,9,0.3684,23.2838,233.5417
1663,69,14,0.3681,22.5343,266.3906
1664,104,16,0.3677,22.8709,302.3044
1665,96,13,0.3673,17.6311,267.4997
1666,41,12,0.3669,16.8656,276.3151
1667,59,11,0.3665,30.1348,264.2184
1668,40,9,0.3662,28.5467,256.8287
1669,37,10,0.3658,15.9707,266.9450
1670,85,14,0.3654,17.9230,297.5392
1671,59,11,0.3650,22.7223,288.7635
1672,38,9,0.3646,22.2932,281.2314
1673,57,12,0.3643,19.6112,253.1281
1674,127,17,0.3639,18.0108,279.0378
1675,39,10,0.3635,17.9522,305.9899
1676,64,12,0.3631,28.8980,287.8188
1677,121,15,0.3627,13.7154,285.2853
1678,60,11,0.3624,19.0202,308.0065
1679,61,12,0.3620,23.1518,278.8093
1680,76,11,0.3616,16.0688,260.4996
1681,37,9,0.3612,17.6854,289.8963
1682,55,10,0.3608,24.1182,277.0366
1683,63,13,0.3605,17.9114,290.8227
1684,123,16,0.3601,19.9487,268.9005
1685,79,12,0.3597,19.8961,276.0040
1686,66,14,0.3593,15.8578,259.6762
1687,25,6,0.3589,15.7878,244.4867
1688,59,12,0.3586,25.0473,287.7687
1689,41,9,0.3582,22.3287,271.4941
1690,32,8,0.3578,22.3912,263.6675
1691,44,8,0.3574,23.4155,247.6416
1692,35,9,0.3570,12.4961,262.3837
1693,38,9,0.3567,19.7308,298.8298
1694,43,11,0.3563,20.9542,284.1666
1695,180,21,0.3559,16.1293,294.3013
1696,35,9,0.3555,16.7681,262.5014
1697,69,11,0.3551,18.7028,285.8630
1698,55,13,0.3548,15.7325,268.7871
1699,126,16,0.3544,18.7450,290.5192
1700,38,8,0.3540,30.6774,258.2240
1701,56,12,0.3536,17.9706,282.8000
1702,32,9,0.3532,19.3204,255.0180
1703,121,16,0.3529,17.1212,300.2000
1704,101,15,0.3525,17.8655,289.4953
1705,375,24,0.3521,23.0296,289.5127
1706,39,10,0.3517,18.4874,277.7245
1707,195,25,0.3513,19.6398,283.0700
1708,31,8,0.3510,31.7629,255.3350
1709,38,9,0.3506,25.7688,245.2872
1710,50,9,0.3502,32.9977,296.0679
1711,88,15,0.3498,15.4488,278.5590
1712,76,14,0.3494,17.1515,299.8633
1713,36,9,0.3491,18.5471,260.2879
1714,44,10,0.3487,26.4607,285.3882
1715,42,11,0.3483,15.5123,309.5731
1716,29,7,0.3479,21.5671,272.5749
1717,55,14,0.3475,16.4041,271.7322
1718,52,12,0.3472,18.6239,314.2291
1719,65,12,0.3468,22.7702,274.5060
1720,42,12,0.3464,22.7483,289.3726
1721,34,10,0.3460,17.6763,275.3354
1722,78,12,0.3456,16.8681,268.1758
1723,45,12,0.3453,20.2241,278.1666
1724,85,14,0.3449,18.6860,306.7959
1725,36,9,0.3445,15.6699,271.0461
1726,45,9,0.3441,19.6102,267.7858
1727,41,8,0.3437,17.4420,283.9557
1728,63,14,0.3434,19.3285,271.7937
1729,38,9,0.3430,27.5704,309.7277
1730,71,13,0.3426,16.4253,296.4089
1731,123,14,0.3422,20.4824,292.1898
1732,106,12,0.3418,21.2114,298.8205
1733,40,11,0.3415,13.5399,304.0309
1734,126,17,0.3411,22.4112,312.6032
1735,71,15,0.3407,18.9694,278.4696
1736,59,13,0.3403,17.7568,283.4817
1737,105,16,0.3399,21.2193,311.8027
1738,88,13,0.3396,19.9706,321.0106
1739,35,9,0.3392,24.7586,257.6247
1740,39,10,0.3388,19.8739,240.9906
1741,150,19,0.3384,19.3541,318.7882
1742,75,14,0.3380,19.4291,294.8006
1743,85,14,0.3377,17.3178,277.2391
1744,84,14,0.3373,23.0138,279.9135
1745,61,14,0.3369,24.6417,283.9698
1746,36,9,0.3365,20.6242,295.5978
1747,30,7,0.3361,15.5988,291.5996
1748,162,15,0.3358,21.0345,288.6683
1749,161,22,0.3354,17.3759,274.7428
1750,111,19,0.3350,20.0623,278.6010
1751,36,10,0.3346,24.1010,258.8170
1752,63,14,0.3342,21.6077,299.0945
1753,40,11,0.3339,19.8035,277.3926
1754,28,7,0.3335,19.3953,318.4998
1755,63,15,0.3331,20.3427,294.7961
1756,81,13,0.3327,21.1188,272.5585
1757,43,10,0.3323,16.8694,286.9773
1758,66,13,0.3320,13.7589,309.8457
1759,37,10,0.3316,22.5592,255.0889
1760,114,18,0.3312,20.8818,288.5235
1761,56,11,0.3308,21.6857,269.7058
1762,52,9,0.3304,27.2752,324.9121
1763,135,20,0.3301,19.8024,296.5067
1764,45,13,0.3297,18.4533,332.6892
1765,44,10,0.3293,28.6714,269.1913
1766,81,12,0.3289,22.1045,287.3731
1767,60,11,0.3285,23.5158,313.5089
1768,57,11,0.3282,18.6376,276.6632
1769,36,10,0.3278,17.2548,288.5028
1770,76,11,0.3274,24.5643,279.2181
1771,54,9,0.3270,24.3938,267.7417
1772,60,15,0.3266,16.8874,274.3372
1773,92,16,0.3263,18.7222,273.9715
1774,59,12,0.3259,17.6656,293.9466
1775,33,9,0.3255,20.4229,284.5458
1776,72,13,0.3251,19.0338,295.5029
1777,40,10,0.3247,26.4306,274.2987
1778,71,12,0.3244,14.9809,298.8882
1779,38,9,0.3240,26.5894,295.6533
1780,34,10,0.3236,17.2501,306.6489
1781,33,9,0.3232,21.0573,285.3891
1782,35,8,0.3228,22.7956,287.7727
1783,33,8,0.3225,20.0222,300.3817
1784,38,9,0.3221,12.4945,271.4069
1785,43,12,0.3217,20.8531,304.1342
1786,78,13,0.3213,22.3409,293.8235
1787,37,9,0.3209,25.5021,269.9529
1788,35,8,0.3206,20.9753,271.6958
1789,39,10,0.3202,15.4428,300.1859
1790,36,9,0.3198,11.7199,308.7715
1791,61,12,0.3194,24.0331,286.6799
1792,41,10,0.3190,26.1179,286.4204
1793,46,8,0.3187,23.8656,284.6246
1794,38,8,0.3183,19.9950,273.3963
1795,31,8,0.3179,27.1280,291.2629
1796,42,11,0.3175,26.3160,276.3063
1797,68,12,0.3171,21.9948,287.0255
1798,29,8,0.3168,20.9144,284.8690
1799,107,17,0.3164,21.2421,312.9476
1800,71,13,0.3160,23.0596,307.9972
1801,36,8,0.3156,17.3952,286.4908
1802,100,13,0.3152,18.0930,288.7258
1803,84,11,0.3149,16.0455,313.1643
1804,28,7,0.3145,16.9906,261.1121
1805,32,9,0.3141,18.9870,294.2311
1806,62,14,0.3137,18.8146,281.6614
1807,42,12,0.3133,23.2912,292.8444
1808,29,7,0.3130,20.4739,285.5333
1809,52,12,0.3126,13.6516,262.0514
1810,33,8,0.3122,11.3786,268.1943
1811,37,10,0.3118,19.1861,298.2187
1812,54,12,0.3114,19.5762,319.6197
1813,60,12,0.3111,17.3749,303.8697
1814,78,12,0.3107,21.5093,262.1655
1815,28,7,0.3103,18.1493,283.7051
1816,223,24,0.3099,22.0983,302.9990
1817,132,15,0.3095,27.4210,291.4592
1818,115,20,0.3092,19.3388,296.2830
1819,51,10,0.3088,13.5828,302.6692
1820,45,10,0.3084,22.5462,288.4115
1821,34,7,0.3080,20.7169,256.5195
1822,79,13,0.3076,17.5383,293.0936
1823,39,8,0.3073,18.1553,287.9852
1824,64,14,0.3069,25.1618,296.4678
1825,77,14,0.3065,18.3579,290.7215
1826,37,10,0.3061,22.4826,297.2065
1827,56,10,0.3057,28.5876,293.4076
1828,38,9,0.3054,10.8081,307.8995
1829,153,17,0.3050,21.6132,312.8084
1830,42,10,0.3046,25.1550,264.1864
1831,76,13,0.3042,24.4543,284.2912
1832,43,12,0.3038,27.9709,292.7112
1833,131,19,0.3035,25.8985,341.0096
1834,59,12,0.3031,15.6643,284.5339
1835,144,17,0.3027,22.2651,311.5848
1836,37,9,0.3023,18.5591,273.8837
1837,86,16,0.3019,26.7643,315.7527
1838,33,9,0.3016,28.7336,287.1683
1839,74,14,0.3012,21.3713,310.1312
1840,73,13,0.3008,15.8117,287.8916
1841,38,9,0.3004,15.7766,289.3121
1842,55,12,0.3000,24.0378,301.3030
1843,37,8,0.2997,17.3684,254.0603
1844,64,13,0.2993,25.2028,278.4474
1845,26,6,0.2989,27.3769,303.7611
1846,98,16,0.2985,18.1673,316.5221
1847,126,16,0.2981,26.2669,321.0680
1848,113,13,0.2978,20.1425,298.2478
1849,35,10,0.2974,25.7988,257.2929
1850,49,11,0.2970,17.5368,288.2070
1851,37,10,0.2966,15.6606,312.6523
1852,43,13,0.2962,15.0830,271.4037
1853,56,11,0.2959,17.8797,296.0248
1854,55,11,0.2955,19.4088,274.7003
1855,38,10,0.2951,18.0783,267.6075
1856,41,8,0.2947,21.6826,267.2423
1857,86,13,0.2943,26.3259,290.1928
1858,54,12,0.2940,23.9304,300.8478
1859,86,16,0.2936,13.1773,276.2836
1860,32,7,0.2932,22.2797,284.7984
1861,226,26,0.2928,19.3928,311.6506
1862,97,14,0.2924,25.5026,284.7060
1863,41,10,0.2921,24.1157,299.3316
1864,387,29,0.2917,17.6601,314.3712
1865,61,11,0.2913,24.9123,278.0454
1866,38,10,0.2909,23.3723,285.4572
1867,92,16,0.2905,20.2209,304.3927
1868,117,17,0.2902,15.5029,289.1302
1869,34,10,0.2898,22.6075,277.4018
1870,37,10,0.2894,21.7548,288.1199
1871,39,12,0.2890,20.9404,298.4245
1872,125,16,0.2886,21.2531,285.7268
1873,45,12,0.2883,17.6808,285.3995
1874,60,15,0.2879,26.9319,293.3858
1875,28,7,0.2875,16.4834,261.6168
1876,37,9,0.2871,16.3494,264.0456
1877,46,13,0.2867,20.0455,291.8742
1878,59,13,0.2864,19.8428,287.3556
1879,42,11,0.2860,24.9474,274.8122
1880,208,24,0.2856,21.7983,310.1488
1881,116,15,0.2852,23.5018,272.6323
1882,62,15,0.2848,21.0996,290.2439
1883,56,11,0.2845,21.4195,302.7690
1884,38,8,0.2841,18.3322,288.1214
1885,46,11,0.2837,20.6254,269.6223
1886,34,8,0.2833,15.2268,271.1903
1887,33,7,0.2829,19.1714,272.7125
1888,50,11,0.2826,26.6123,296.3630
1889,69,12,0.2822,18.0538,304.9756
1890,41,10,0.2818,14.1789,327.8988
1891,109,19,0.2814,20.2863,304.9370
1892,57,11,0.2810,25.5811,322.6773
1893,54,12,0.2807,28.1089,300.8192
1894,39,11,0.2803,23.2934,267.1641
1895,33,8,0.2799,25.8240,272.7713
1896,56,8,0.2795,22.6906,281.9069
1897,127,16,0.2791,16.7061,319.1195
1898,38,9,0.2788,19.7307,265.5739
1899,42,11,0.2784,28.1079,283.9711
1900,50,10,0.2780,22.7698,273.3851
1901,40,10,0.2776,22.2834,303.5389
1902,74,13,0.2772,18.4030,321.4502
1903,38,8,0.2769,24.6839,276.8029
1904,141,20,0.2765,24.8903,327.2579
1905,40,9,0.2761,15.9167,314.0133
1906,166,17,0.2757,23.1127,327.1427
1907,61,14,0.2753,16.2171,285.4829
1908,42,11,0.2750,13.8080,269.6823
1909,36,9,0.2746,18.2039,286.1151
1910,119,20,0.2742,18.4471,313.9589
1911,36,10,0.2738,21.5046,276.6805
1912,156,19,0.2734,19.3801,307.1454
1913,51,10,0.2731,26.8046,276.8922
1914,36,9,0.2727,17.4125,259.3547
1915,35,9,0.2723,14.2118,295.2518
1916,56,11,0.2719,21.2410,304.6697
1917,30,7,0.2715,22.7080,285.8970
1918,41,10,0.2712,24.6326,307.9457
1919,55,11,0.2708,21.8170,309.8858
1920,51,9,0.2704,18.7066,302.4307
1921,34,9,0.2700,15.0729,301.8232
1922,41,9,0.2696,15.9547,295.9820
1923,43,11,0.2693,25.5507,323.4236
1924,51,11,0.2689,21.5334,328.1047
1925,62,13,0.2685,23.3954,290.8365
1926,55,11,0.2681,19.9004,329.5857
1927,35,8,0.2677,13.5555,296.0391
1928,39,9,0.2674,17.6293,287.1039
1929,22,6,0.2670,18.6849,257.0400
1930,37,9,0.2666,23.7169,279.7950
1931,88,14,0.2662,18.7185,306.3137
1932,87,14,0.2658,18.2711,318.2357
1933,56,14,0.2655,23.4914,317.3960
1934,24,6,0.2651,23.7832,281.1492
1935,60,13,0.2647,17.7965,330.1137
1936,47,12,0.2643,18.8193,311.6078
1937,47,8,0.2639,23.7682,280.6883
1938,35,10,0.2636,20.0190,290.2341
1939,38,9,0.2632,21.0173,264.9453
1940,55,11,0.2628,20.4773,299.6707
1941,54,11,0.2624,19.5969,283.8970
1942,115,16,0.2620,20.1620,319.4652
1943,74,14,0.2617,14.1996,312.6637
1944,71,12,0.2613,14.2695,308.4903
1945,22,6,0.2609,28.7300,277.2063
1946,30,8,0.2605,33.5256,302.0190
1947,38,10,0.2601,21.4994,322.5094
1948,83,14,0.2598,18.6808,306.3126
1949,53,10,0.2594,19.9189,312.4665
1950,124,16,0.2590,22.2401,317.0544
1951,45,12,0.2586,19.9981,316.4704
1952,52,11,0.2582,21.6036,310.4471
1953,30,8,0.2579,18.6040,272.7476
1954,36,11,0.2575,21.1446,306.5446
1955,29,7,0.2571,24.5130,311.3153
1956,74,13,0.2567,21.0088,319.7406
1957,59,14,0.2563,18.4655,326.7638
1958,33,6,0.2560,12.0776,288.7959
1959,32,8,0.2556,25.3271,289.9260
1960,63,13,0.2552,18.2962,298.8280
1961,43,10,0.2548,19.2480,311.3113
1962,48,11,0.2544,22.2947,306.4756
1963,79,15,0.2541,24.2718,301.1548
1964,30,7,0.2537,14.7723,318.0430
1965,36,9,0.2533,26.2491,296.3191
1966,88,14,0.2529,26.8123,330.6974
1967,41,11,0.2525,23.3029,301.1100
1968,57,13,0.2522,18.6881,311.6624
1969,80,12,0.2518,11.1677,309.4744
1970,32,8,0.2514,21.8661,328.6275
1971,72,12,0.2510,18.7497,300.2246
1972,31,8,0.2506,22.8196,277.9386
1973,34,9,0.2503,27.3421,297.2085
1974,184,20,0.2499,19.5750,312.7412
1975,36,8,0.2495,19.3951,311.0190
1976,33,7,0.2491,20.5689,284.7653
1977,58,14,0.2487,28.9838,289.1188
1978,35,9,0.2484,22.5495,288.7469
1979,33,8,0.2480,20.2596,294.8362
1980,41,10,0.2476,20.5327,308.8988
1981,44,12,0.2472,20.3021,287.3640
1982,109,13,0.2468,18.8029,320.8026
1983,61,13,0.2465,22.0794,281.2218
1984,27,7,0.2461,22.9754,273.7717
1985,104,17,0.2457,19.4321,305.3972
1986,39,10,0.2453,21.3946,312.6553
1987,52,10,0.2449,19.3969,306.4723
1988,55,12,0.2446,26.7960,305.2237
1989,55,11,0.2442,21.8260,336.5885
1990,36,10,0.2438,16.7940,299.8442
1991,33,10,0.2434,19.7206,299.9846
1992,89,14,0.2430,20.4817,311.1929
1993,32,8,0.2427,26.0516,278.6678
1994,37,9,0.2423,27.8566,285.5068
1995,85,12,0.2419,25.0205,341.6230
1996,42,12,0.2415,23.4608,297.0409
1997,76,14,0.2411,20.7047,322.0706
1998,41,10,0.2408,18.5655,339.6920
1999,41,11,0.2404,16.6726,279.4751
2000,34,8,0.2400,17.2613,289.2929
2001,28,8,0.2396,20.4883,291.8833
2002,61,12,0.2392,28.5100,308.1138
2003,132,20,0.2389,17.9063,300.4118
2004,37,10,0.2385,20.0208,277.6447
2005,38,10,0.2381,26.0243,332.6396
2006,57,13,0.2377,23.1850,330.4349
2007,57,9,0.2373,21.4843,321.3462
2008,77,13,0.2370,14.9069,291.3431
2009,213,25,0.2366,20.6650,324.3097
2010,24,7,0.2362,24.9362,287.5923
2011,33,9,0.2358,22.8914,296.3628
2012,32,9,0.2354,17.2116,319.0346
2013,63,12,0.2351,16.2672,332.4568
2014,76,16,0.2347,22.7202,303.8786
2015,56,13,0.2343,15.9744,311.6407
2016,38,8,0.2339,23.8909,317.2713
2017,86,14,0.2335,25.1146,324.5186
2018,25,7,0.2332,26.4348,333.7174
2019,102,15,0.2328,19.4911,302.1463
2020,40,10,0.2324,29.8703,330.0537
2021,193,23,0.2320,19.6120,340.5027
2022,274,16,0.2316,26.0360,304.8655
2023,36,9,0.2313,17.4378,300.4389
2024,34,8,0.2309,18.5315,304.9112
2025,48,12,0.2305,23.0519,319.7421
2026,46,12,0.2301,22.0211,289.5084
2027,52,10,0.2297,15.7803,320.0387
2028,447,24,0.2294,23.2676,321.5880
2029,50,11,0.2290,26.3975,313.3102
2030,61,12,0.2286,16.2807,310.8755
2031,59,13,0.2282,18.4713,303.2056
2032,57,13,0.2278,26.0339,323.1682
2033,33,9,0.2275,21.5761,285.0949
2034,52,10,0.2271,17.6339,281.1536
2035,197,25,0.2267,17.9973,336.2090
2036,56,11,0.2263,23.7426,319.0483
2037,49,8,0.2259,20.1765,312.0123
2038,41,10,0.2256,18.9422,329.5478
2039,51,11,0.2252,19.3196,300.9251
2040,148,22,0.2248,18.8104,342.3593
2041,33,8,0.2244,17.8406,291.8789
2042,79,14,0.2240,22.3016,355.2871
2043,29,6,0.2237,16.1934,296.2261
2044,75,14,0.2233,26.3644,330.2505
2045,47,14,0.2229,27.2365,317.9813
2046,31,8,0.2225,13.1867,276.5645
2047,58,11,0.2221,15.5202,300.9449
2048,78,12,0.2218,21.3702,303.2156
2049,54,11,0.2214,16.2848,289.5670
2050,44,12,0.2210,23.2079,301.7073
2051,89,14,0.2206,19.2078,320.1652
2052,83,15,0.2202,20.1640,341.1002
2053,123,14,0.2199,19.7717,325.4103
2054,41,11,0.2195,28.0957,294.0195
2055,59,13,0.2191,31.6750,318.3178
2056,52,11,0.2187,23.9666,301.7781
2057,55,13,0.2183,21.2045,351.3722
2058,73,14,0.2180,20.4501,343.7292
2059,46,12,0.2176,20.4156,284.0761
2060,51,11,0.2172,26.4461,316.5654
2061,46,11,0.2168,18.6451,335.3539
2062,36,8,0.2164,30.7438,299.9594
2063,48,10,0.2161,23.1247,311.7305
2064,43,13,0.2157,22.0255,319.3999
2065,63,13,0.2153,19.4274,316.1411
2066,56,11,0.2149,21.0440,317.2243
2067,74,14,0.2145,26.5857,332.3741
2068,27,7,0.2142,33.5854,305.9881
2069,34,9,0.2138,27.1562,316.9534
2070,32,8,0.2134,29.4174,287.5374
2071,35,8,0.2130,21.0360,302.2919
2072,49,11,0.2126,25.5918,311.6983
2073,53,12,0.2123,23.6726,334.6657
2074,101,19,0.2119,16.7395,340.8461
2075,104,15,0.2115,22.0341,316.6859
2076,78,12,0.2111,19.2836,303.5941
2077,37,8,0.2107,15.3267,293.7289
2078,32,7,0.2104,21.4150,313.6901
2079,38,10,0.2100,22.1674,303.6535
2080,58,11,0.2096,19.0102,344.5818
2081,36,9,0.2092,26.1792,316.6833
2082,39,10,0.2088,22.8693,312.6577
2083,41,13,0.2085,15.7518,318.6141
2084,41,11,0.2081,19.5551,339.3251
2085,113,18,0.2077,23.4742,319.9792
2086,55,11,0.2073,15.2309,307.2938
2087,101,15,0.2069,22.8165,343.2693
2088,61,13,0.2066,24.2588,353.3863
2089,38,11,0.2062,23.7451,321.9213
2090,34,9,0.2058,23.7077,295.8418
2091,81,16,0.2054,21.4808,322.8466
2092,33,8,0.2050,25.5443,311.7117
2093,41,8,0.2047,22.3159,311.5307
2094,57,12,0.2043,25.7029,309.9375
2095,30,9,0.2039,24.9601,307.5918
2096,57,11,0.2035,21.4412,308.0467
2097,56,13,0.2031,22.4855,307.1868
2098,83,13,0.2028,32.4921,309.0616
2099,59,12,0.2024,19.9559,338.9109
2100,53,10,0.2020,22.5092,339.9526
2101,56,11,0.2016,32.1686,355.7034
2102,61,13,0.2012,22.5000,316.0096
2103,120,17,0.2009,23.1370,348.5521
2104,48,9,0.2005,19.7908,336.4555
2105,35,12,0.2001,24.6518,305.8098
2106,55,12,0.1997,20.7489,342.7086
2107,115,14,0.1993,20.6196,326.7419
2108,37,11,0.1990,30.0218,302.5832
2109,36,8,0.1986,22.1870,357.1550
2110,36,9,0.1982,17.3996,316.0690
2111,54,12,0.1978,20.3385,317.5840
2112,39,10,0.1974,21.1206,329.8701
2113,48,9,0.1971,20.9883,322.1322
2114,90,14,0.1967,21.8182,322.8601
2115,78,11,0.1963,22.1894,326.3800
2116,38,10,0.1959,33.3376,316.7173
2117,34,7,0.1955,25.1715,358.4671
2118,75,12,0.1952,27.0494,321.8423
2119,47,12,0.1948,21.3996,363.4577
2120,59,10,0.1944,21.4778,341.7426
2121,61,15,0.1940,26.9560,357.3392
2122,76,14,0.1936,17.6770,321.1890
2123,53,11,0.1933,20.5234,331.4689
2124,127,16,0.1929,17.9166,350.9215
2125,62,15,0.1925,14.4433,324.3841
2126,119,16,0.1921,27.8334,329.4802
2127,90,15,0.1917,21.0025,356.0382
2128,135,20,0.1914,19.5958,331.4948
2129,41,10,0.1910,20.4325,299.9537
2130,173,17,0.1906,19.2915,347.6307
2131,87,13,0.1902,27.3212,352.2012
2132,105,14,0.1898,22.4289,325.3220
2133,52,11,0.1895,22.1719,304.3753
2134,44,10,0.1891,21.3963,316.2295
2135,72,12,0.1887,24.8331,314.9777
2136,32,8,0.1883,17.9431,321.3851
2137,41,11,0.1879,18.4121,349.1500
2138,89,14,0.1876,25.9625,340.1737
2139,165,18,0.1872,22.1236,349.9743
2140,129,18,0.1868,18.9092,339.8243
2141,84,17,0.1864,23.2848,346.8536
2142,27,7,0.1860,23.0319,312.3458
2143,42,10,0.1857,31.8116,308.0149
2144,170,18,0.1853,19.7447,355.0314
2145,150,21,0.1849,17.3875,344.7263
2146,23,7,0.1845,21.1308,296.2310
2147,55,11,0.1841,15.8443,295.7193
2148,44,10,0.1838,24.1107,329.2902
2149,22,4,0.1834,26.3332,289.5209
2150,52,11,0.1830,22.3656,339.1779
2151,40,11,0.1826,25.8941,310.1939
2152,38,9,0.1822,22.4158,328.5748
2153,60,12,0.1819,26.9364,321.3458
2154,38,10,0.1815,17.0098,372.3123
2155,53,10,0.1811,27.8760,327.7942
2156,127,18,0.1807,24.5215,345.9541
2157,55,12,0.1803,20.1323,312.1157
2158,166,19,0.1800,22.8815,333.1510
2159,73,14,0.1796,24.9650,311.5393
2160,40,9,0.1792,23.5991,342.6783
2161,39,8,0.1788,25.7259,316.5378
2162,85,12,0.1784,19.4353,381.1995
2163,50,10,0.1781,21.4615,325.0919
2164,167,18,0.1777,22.9167,349.6378
2165,26,6,0.1773,25.6215,312.3719
2166,33,9,0.1769,19.8049,319.6838
2167,92,18,0.1765,20.8522,332.3150
2168,57,12,0.1762,18.5038,313.1696
2169,74,14,0.1758,24.8301,351.1748
2170,64,12,0.1754,20.8049,333.3966
2171,37,8,0.1750,20.1552,338.9481
2172,44,10,0.1746,14.6619,340.0526
2173,51,9,0.1743,30.0076,299.4503
2174,48,9,0.1739,22.1719,315.2348
2175,37,8,0.1735,22.5267,315.9957
2176,73,11,0.1731,16.1730,323.3394
2177,41,9,0.1727,27.7295,360.7031
2178,55,12,0.1724,21.5653,327.8114
2179,34,10,0.1720,24.1882,360.7546
2180,113,16,0.1716,24.0776,339.3335
2181,70,13,0.1712,26.6158,351.8763
2182,57,13,0.1708,27.2960,363.7254
2183,28,7,0.1705,14.9274,333.7608
2184,25,5,0.1701,27.2764,302.9269
2185,30,9,0.1697,23.4715,342.7669
2186,56,11,0.1693,19.2048,349.8589
2187,85,14,0.1689,20.4702,316.6997
2188,33,8,0.1686,28.3194,325.1259
2189,126,17,0.1682,24.5780,343.9105
2190,59,13,0.1678,21.5770,354.8091
2191,38,9,0.1674,16.5181,349.3443
2192,41,12,0.1670,20.9517,325.9539
2193,43,11,0.1667,22.8235,357.5034
2194,41,10,0.1663,20.9394,336.9572
2195,52,12,0.1659,22.0330,363.3187
2196,20,5,0.1655,16.7406,307.6689
2197,87,14,0.1651,20.2253,357.6266
2198,25,7,0.1648,27.0828,322.3602
2199,71,14,0.1644,24.4461,332.0851
2200,41,10,0.1640,14.1609,369.8364
2201,108,17,0.1636,24.0680,341.0798
2202,30,7,0.1632,20.7254,305.4687
2203,41,11,0.1629,12.7216,332.4966
2204,40,10,0.1625,14.9471,292.5812
2205,43,11,0.1621,19.1235,321.3902
2206,65,14,0.1617,27.2615,317.8353
2207,88,14,0.1613,20.7884,313.1506
2208,78,11,0.1610,17.5562,322.9062
2209,62,12,0.1606,30.5851,338.1643
2210,33,9,0.1602,17.0991,315.7329
2211,53,11,0.1598,25.7780,398.6944
2212,34,9,0.1594,27.8214,312.4488
2213,40,11,0.1591,20.0087,352.7640
2214,61,13,0.1587,25.3068,339.8274
2215,55,10,0.1583,24.7241,335.4214
2216,41,11,0.1579,38.8698,335.0201
2217,94,16,0.1575,25.5931,332.1053
2218,58,12,0.1572,30.0190,328.4443
2219,40,9,0.1568,20.6723,341.3886
2220,40,10,0.1564,25.6746,326.8423
2221,62,15,0.1560,18.4357,341.4361
2222,91,15,0.1556,25.0735,329.0835
2223,128,17,0.1553,22.8078,371.3278
2224,61,13,0.1549,14.2941,328.5365
2225,51,10,0.1545,27.8331,329.9115
2226,33,6,0.1541,21.3133,341.4720
2227,143,19,0.1537,29.5590,352.1644
2228,74,15,0.1534,19.8359,339.2963
2229,227,19,0.1530,23.5968,347.8642
2230,77,14,0.1526,22.8243,340.9147
2231,78,12,0.1522,22.6961,354.0463
2232,102,17,0.1518,24.3743,327.0075
2233,61,12,0.1515,24.8527,364.2502
2234,38,9,0.1511,26.3025,331.5903
2235,42,11,0.1507,31.6001,326.1653
2236,38,10,0.1503,30.8278,323.1781
2237,573,31,0.1499,21.6392,374.2095
2238,32,8,0.1496,27.1225,329.1372
2239,33,8,0.1492,20.3851,334.4255
2240,40,11,0.1488,22.7391,328.1403
2241,84,15,0.1484,20.2304,336.2413
2242,36,9,0.1480,17.0897,332.6204
2243,34,9,0.1477,21.3909,371.7218
2244,57,13,0.1473,23.1787,363.3956
2245,107,15,0.1469,24.8273,365.4966
2246,33,9,0.1465,18.0642,339.0054
2247,47,10,0.1461,19.2341,357.5930
2248,80,15,0.1458,28.5261,360.7119
2249,58,12,0.1454,18.8537,349.1913
2250,61,16,0.1450,24.6026,331.4520
2251,104,17,0.1446,20.0779,335.0060
2252,30,7,0.1442,20.9134,354.0892
2253,63,13,0.1439,20.9854,340.0038
2254,91,16,0.1435,30.1348,338.6196
2255,40,10,0.1431,23.3859,344.9986
2256,64,13,0.1427,20.7982,349.7577
2257,173,17,0.1423,22.2328,364.5296
2258,70,15,0.1420,21.5392,359.9673
2259,48,9,0.1416,18.1487,343.8894
2260,41,10,0.1412,24.5886,333.3428
2261,74,14,0.1408,15.7503,350.8494
2262,38,10,0.1404,26.4903,363.4914
2263,39,10,0.1401,27.4140,315.1093
2264,170,21,0.1397,23.4344,374.7513
2265,40,10,0.1393,25.0281,361.1945
2266,59,14,0.1389,25.1370,369.3865
2267,46,11,0.1385,24.4502,375.2398
2268,60,12,0.1382,28.9439,362.6908
2269,395,29,0.1378,22.3856,370.8117
2270,33,8,0.1374,29.7196,351.0029
2271,118,17,0.1370,21.5377,337.0518
2272,58,13,0.1366,22.9007,333.2290
2273,31,8,0.1363,24.8445,301.1725
2274,124,15,0.1359,21.3303,388.0448
2275,64,12,0.1355,27.4000,348.8461
2276,56,11,0.1351,26.3419,358.0041
2277,29,6,0.1347,21.3039,313.5680
2278,30,8,0.1344,20.5495,333.0052
2279,39,10,0.1340,22.5089,361.1985
2280,173,17,0.1336,20.2322,341.5023
2281,43,11,0.1332,24.1965,332.6041
2282,57,12,0.1328,18.8658,358.0755
2283,41,10,0.1325,16.4553,336.4422
2284,42,11,0.1321,31.4222,349.3527
2285,57,11,0.1317,18.5094,365.4910
2286,41,10,0.1313,20.9908,309.0832
2287,72,13,0.1309,28.8554,356.5311
2288,56,11,0.1306,32.4952,377.6098
2289,220,15,0.1302,22.0146,370.6337
2290,137,19,0.1298,25.6966,371.5326
2291,72,13,0.1294,27.2555,370.1613
2292,41,11,0.1290,27.5397,330.3973
2293,203,20,0.1287,24.8261,361.2912
2294,56,11,0.1283,20.7601,333.4822
2295,215,15,0.1279,24.4755,357.7574
2296,49,10,0.1275,14.8308,337.9242
2297,52,12,0.1271,23.6807,328.5663
2298,86,13,0.1268,27.2384,330.4479
2299,44,11,0.1264,32.2558,316.2267
2300,38,10,0.1260,20.4271,334.9117
2301,41,10,0.1256,23.7210,347.2654
2302,57,13,0.1252,18.4803,348.2442
2303,94,15,0.1249,20.0663,373.0040
2304,57,9,0.1245,19.1472,346.7551
2305,56,11,0.1241,25.7581,334.6849
2306,93,15,0.1237,22.5635,353.1909
2307,40,10,0.1233,31.0904,390.1528
2308,68,10,0.1230,12.7339,399.4434
2309,38,10,0.1226,22.4873,348.0636
2310,40,10,0.1222,30.1755,376.2417
2311,58,12,0.1218,21.6004,387.4574
2312,57,13,0.1214,21.3859,338.4901
2313,75,14,0.1211,21.2664,346.3657
2314,31,8,0.1207,22.5961,330.5672
2315,31,7,0.1203,31.2535,332.7302
2316,59,14,0.1199,25.0379,348.3857
2317,44,11,0.1195,19.3757,365.4368
2318,39,10,0.1192,18.8788,309.9813
2319,55,12,0.1188,16.1956,355.8554
2320,37,9,0.1184,21.8025,328.6311
2321,32,8,0.1180,22.0473,363.7426
2322,35,9,0.1176,18.1630,354.0425
2323,30,7,0.1173,25.2994,355.1690
2324,38,10,0.1169,26.3773,333.9987
2325,81,11,0.1165,22.2508,364.2377
2326,44,10,0.1161,15.9766,341.5467
2327,40,9,0.1157,16.2854,347.8828
2328,43,13,0.1154,19.5650,372.6020
2329,108,16,0.1150,25.1552,372.1061
2330,64,13,0.1146,26.2065,370.6328
2331,62,12,0.1142,25.4115,352.0709
2332,29,7,0.1138,12.1644,324.2392
2333,41,11,0.1135,15.5932,368.3209
2334,47,11,0.1131,20.3127,332.4916
2335,43,11,0.1127,16.1390,355.1393
2336,48,9,0.1123,23.8704,334.9316
2337,42,11,0.1119,34.6682,329.3309
2338,35,9,0.1116,32.1097,354.8938
2339,72,14,0.1112,28.2573,372.0577
2340,35,10,0.1108,22.0370,328.5800
2341,85,13,0.1104,17.6821,347.0822
2342,52,10,0.1100,20.2458,325.9000
2343,36,7,0.1097,28.7485,365.9336
2344,37,9,0.1093,23.4118,345.8185
2345,65,14,0.1089,24.3771,364.7995
2346,59,14,0.1085,21.4543,361.9408
2347,46,12,0.1081,20.6572,348.0705
2348,58,12,0.1078,17.9455,354.5965
2349,76,14,0.1074,22.7118,339.5458
2350,36,6,0.1070,28.2740,336.9587
2351,44,11,0.1066,21.5513,334.9704
2352,43,11,0.1062,24.4702,346.6554
2353,113,16,0.1059,23.2087,373.8445
2354,86,12,0.1055,26.8093,347.0811
2355,25,6,0.1051,13.2735,330.6544
2356,100,16,0.1047,28.1466,371.5083
2357,44,11,0.1043,20.4672,356.8493
2358,44,12,0.1040,26.2413,359.1378
2359,87,15,0.1036,23.2570,349.9230
2360,33,9,0.1032,28.1087,326.1080
2361,57,12,0.1028,26.2244,364.8814
2362,38,10,0.1024,22.6040,332.1453
2363,42,9,0.1021,24.0222,333.7256
2364,89,15,0.1017,21.9279,385.9825
2365,59,11,0.1013,23.2677,346.4911
2366,126,18,0.1009,18.1154,349.4104
2367,58,12,0.1005,27.7972,357.4952
2368,33,8,0.1002,21.1053,360.1707
2369,38,9,0.0998,14.4845,354.5905
2370,42,9,0.0994,27.5331,341.7025
2371,39,10,0.0990,22.3911,369.7310
2372,121,14,0.0986,16.7619,349.5817
2373,59,10,0.0983,18.7147,350.3352
2374,31,8,0.0979,24.1057,335.6243
2375,38,10,0.0975,22.8804,345.5603
2376,63,13,0.0971,21.6218,394.0218
2377,45,11,0.0967,19.0870,344.2373
2378,128,18,0.0964,24.1628,366.2180
2379,45,12,0.0960,20.8549,374.3930
2380,40,9,0.0956,20.3355,339.3896
2381,139,21,0.0952,21.9320,375.3128
2382,88,14,0.0948,20.4457,380.8129
2383,40,10,0.0945,21.5162,347.8775
2384,94,17,0.0941,17.2158,363.0787
2385,36,8,0.0937,31.4797,321.5758
2386,60,12,0.0933,22.5760,375.2006
2387,89,12,0.0929,23.9041,401.9453
2388,50,10,0.0926,22.2531,352.3195
2389,174,19,0.0922,19.2733,369.6718
2390,39,11,0.0918,28.5705,380.5476
2391,57,11,0.0914,23.7996,370.1273
2392,98,17,0.0910,27.3938,360.7507
2393,53,12,0.0907,27.8717,356.1325
2394,120,14,0.0903,22.6648,366.6167
2395,40,9,0.0899,29.6989,372.3601
2396,32,9,0.0895,19.3193,345.4935
2397,40,10,0.0891,22.2606,339.2917
2398,222,21,0.0888,22.0075,360.4867
2399,36,12,0.0884,20.4611,356.3372
2400,38,10,0.0880,21.9826,338.1518
2401,94,15,0.0876,24.7202,380.7078
2402,58,12,0.0872,25.5402,358.8402
2403,83,11,0.0869,40.9487,359.9487
2404,60,13,0.0865,24.8375,347.8204
2405,48,12,0.0861,21.2855,368.8012
2406,66,14,0.0857,23.3887,368.5612
2407,42,11,0.0853,27.8929,369.9197
2408,67,16,0.0850,20.5125,373.6761
2409,33,9,0.0846,25.8886,386.3597
2410,54,9,0.0842,27.6139,351.3535
2411,220,18,0.0838,22.2804,368.3449
2412,83,12,0.0834,27.2565,351.1479
2413,44,12,0.0831,21.8050,376.5233
2414,82,13,0.0827,25.2270,366.6028
2415,124,18,0.0823,24.0978,374.5050
2416,181,20,0.0819,21.4174,396.7134
2417,46,8,0.0815,15.5342,321.7940
2418,46,11,0.0812,16.4994,339.6690
2419,51,10,0.0808,28.5495,337.1069
2420,52,12,0.0804,22.0664,326.6273
2421,129,18,0.0800,24.6524,361.4659
2422,118,17,0.0796,20.6642,347.2528
2423,73,7,0.0793,25.0281,334.9947
2424,102,10,0.0789,23.3134,357.4112
2425,39,9,0.0785,22.9501,338.6146
2426,38,11,0.0781,16.2250,339.8559
2427,113,14,0.0777,29.0960,385.3248
2428,38,9,0.0774,22.5521,347.6470
2429,61,13,0.0770,25.2827,375.2120
2430,57,14,0.0766,25.6823,346.2950
2431,73,14,0.0762,24.9803,353.0615
2432,21,5,0.0758,9.8696,335.0664
2433,33,9,0.0755,34.2328,347.0791
2434,48,11,0.0751,18.4617,374.8463
2435,70,13,0.0747,17.5232,366.0867
2436,77,11,0.0743,27.5837,351.0086
2437,54,11,0.0739,15.4412,350.7251
2438,30,7,0.0736,26.6731,345.3017
2439,43,12,0.0732,22.2469,353.3971
2440,52,13,0.0728,25.3266,334.7050
2441,35,9,0.0724,20.7953,332.5049
2442,37,10,0.0720,26.2782,328.2898
2443,176,20,0.0717,27.1290,381.6782
2444,38,10,0.0713,29.7677,374.5172
2445,57,13,0.0709,28.6828,344.6192
2446,74,14,0.0705,21.6307,377.1839
2447,124,17,0.0701,20.5213,384.9868
2448,29,6,0.0698,15.4676,330.0995
2449,43,10,0.0694,20.0905,377.9854
2450,83,14,0.0690,23.5984,392.2000
2451,147,22,0.0686,22.0486,388.6431
2452,137,17,0.0682,23.8952,356.9272
2453,44,14,0.0679,23.3317,384.6849
2454,54,12,0.0675,26.3958,384.6785
2455,63,14,0.0671,22.5879,358.0027
2456,58,12,0.0667,20.4984,344.3345
2457,61,14,0.0663,26.2561,389.4975
2458,39,11,0.0660,22.6463,364.2068
2459,89,17,0.0656,21.6073,385.3683
2460,56,11,0.0652,25.2211,372.4232
2461,166,20,0.0648,21.9556,373.5162
2462,128,17,0.0644,27.5333,348.0794
2463,44,12,0.0641,25.6374,355.4858
2464,59,12,0.0637,36.8738,368.2075
2465,50,11,0.0633,28.2664,380.8792
2466,81,12,0.0629,21.7517,356.1874
2467,48,10,0.0625,26.9875,338.1793
2468,84,14,0.0622,21.9460,357.8781
2469,34,9,0.0618,18.7469,371.4340
2470,59,14,0.0614,31.8173,368.0961
2471,29,7,0.0610,21.6984,331.5276
2472,84,12,0.0606,21.2052,379.1899
2473,114,16,0.0603,20.9679,389.9745
2474,69,12,0.0599,26.6863,351.2074
2475,120,16,0.0595,26.5828,375.0175
2476,29,6,0.0591,36.3426,361.5394
2477,66,12,0.0587,32.4811,360.0923
2478,148,20,0.0584,17.4778,377.7357
2479,54,11,0.0580,17.9634,378.0039
2480,56,12,0.0576,25.8144,361.8410
2481,109,14,0.0572,23.3993,378.1253
2482,62,14,0.0568,23.8857,371.9355
2483,446,24,0.0565,22.5047,399.4563
2484,36,9,0.0561,19.3696,357.0358
2485,41,10,0.0557,27.8710,338.4982
2486,49,10,0.0553,20.0648,329.0731
2487,32,8,0.0549,35.5944,329.9936
2488,51,12,0.0546,31.5656,336.2602
2489,44,11,0.0542,23.9452,348.9020
2490,36,9,0.0538,20.7344,380.0775
2491,86,13,0.0534,27.2574,404.4499
2492,52,9,0.0530,19.6594,337.0748
2493,39,10,0.0527,20.6998,338.6115
2494,71,11,0.0523,27.3172,342.3027
2495,42,11,0.0519,23.8895,405.2421
2496,58,11,0.0515,29.4014,331.4108
2497,58,12,0.0511,31.3567,361.3992
2498,43,10,0.0508,28.9620,345.6135
2499,115,14,0.0504,25.7548,365.8294
2500,73,12,0.0500,25.0150,406.7325
2501,30,7,0.0500,23.6832,353.4497
2502,25,6,0.0500,25.1036,335.6984
2503,95,13,0.0500,16.7614,354.5567
2504,73,14,0.0500,28.8171,366.7342
2505,59,12,0.0500,14.5725,376.4084
2506,236,27,0.0500,19.5996,387.9901
2507,62,13,0.0500,23.2966,388.2224
2508,34,9,0.0500,12.2886,330.9807
2509,92,15,0.0500,24.1172,368.6523
2510,56,12,0.0500,25.0406,369.0300
2511,51,11,0.0500,23.1914,361.5249
2512,43,10,0.0500,23.4613,376.6150
2513,54,11,0.0500,27.9130,339.4375
2514,113,15,0.0500,21.9708,361.6996
2515,42,12,0.0500,21.7156,340.5321
2516,54,11,0.0500,29.4336,374.5298
2517,38,8,0.0500,30.2082,342.7100
2518,60,12,0.0500,15.5189,387.6969
2519,59,12,0.0500,28.6571,351.5313
2520,40,12,0.0500,24.1767,394.0525
2521,34,8,0.0500,27.7199,345.0322
2522,48,9,0.0500,31.5382,357.2836
2523,182,16,0.0500,22.1720,403.8347
2524,158,23,0.0500,21.6668,390.9613
2525,80,13,0.0500,26.3560,400.7065
2526,29,6,0.0500,33.6707,355.9203
2527,67,15,0.0500,28.4931,397.4393
2528,34,8,0.0500,26.7157,332.4357
2529,51,10,0.0500,28.7327,361.4482
2530,39,9,0.0500,19.2948,353.2993
2531,84,13,0.0500,21.9925,389.5000
2532,106,16,0.0500,27.2064,361.6939
2533,39,9,0.0500,21.2532,373.6377
2534,33,8,0.0500,23.3089,338.1045
2535,56,12,0.0500,27.5929,368.8186
2536,78,13,0.0500,20.8285,356.8853
2537,40,10,0.0500,23.1547,337.0245
2538,49,8,0.0500,13.9563,333.4826
2539,35,8,0.0500,21.5477,344.3158
2540,41,9,0.0500,30.1931,366.9103
2541,82,12,0.0500,25.0181,400.9274
2542,112,16,0.0500,22.8955,365.0260
2543,42,10,0.0500,26.4519,365.1384
2544,39,11,0.0500,29.4573,341.1821
2545,36,9,0.0500,21.3611,341.4951
2546,34,9,0.0500,22.9409,359.3089
2547,119,20,0.0500,37.0452,392.0322
2548,32,8,0.0500,32.0132,338.5855
2549,86,16,0.0500,28.2433,358.1610
2550,36,8,0.0500,16.9430,341.6010
2551,105,16,0.0500,25.5313,393.4084
2552,31,10,0.0500,26.8155,327.2394
2553,82,14,0.0500,20.0153,367.4542
2554,34,9,0.0500,27.2819,344.6661
2555,103,16,0.0500,25.4893,370.5592
2556,56,12,0.0500,18.7387,379.4567
2557,55,10,0.0500,23.5347,350.0279
2558,136,20,0.0500,24.3094,359.7517
2559,51,10,0.0500,25.7845,361.3538
2560,94,15,0.0500,22.9238,387.4030
2561,128,19,0.0500,29.3740,372.1705
2562,78,13,0.0500,21.8653,384.0616
2563,40,10,0.0500,31.0757,334.8780
2564,30,8,0.0500,18.6766,346.6921
2565,72,10,0.0500,29.1718,355.6506
2566,39,10,0.0500,28.3301,363.8866
2567,119,14,0.0500,23.1786,373.5998
2568,92,15,0.0500,23.5697,387.5988
2569,54,11,0.0500,34.9306,362.0631
2570,32,7,0.0500,31.3644,366.0079
2571,58,12,0.0500,18.1617,364.1613
2572,76,16,0.0500,22.6984,365.8717
2573,104,14,0.0500,26.7436,377.9512
2574,37,9,0.0500,21.2747,347.7422
2575,56,12,0.0500,34.2302,390.8941
2576,82,14,0.0500,14.0984,356.4422
2577,24,5,0.0500,29.5093,351.4904
2578,62,14,0.0500,24.8622,366.3715
2579,73,12,0.0500,28.7923,367.3126
2580,37,10,0.0500,26.3101,359.4298
2581,57,12,0.0500,24.8066,351.8005
2582,42,10,0.0500,27.5859,337.6928
2583,32,6,0.0500,15.6739,342.3818
2584,58,13,0.0500,26.9080,349.4230
2585,31,8,0.0500,21.3110,340.1516
2586,29,7,0.0500,22.1452,349.2155
2587,45,11,0.0500,22.8665,353.3518
2588,80,17,0.0500,25.5328,368.9547
2589,45,12,0.0500,27.7519,337.4688
2590,58,9,0.0500,27.1376,360.4238
2591,115,16,0.0500,28.5878,367.1312
2592,81,13,0.0500,24.8871,362.9671
2593,40,11,0.0500,24.8417,351.1597
2594,289,21,0.0500,29.5838,381.3786
2595,93,18,0.0500,20.8975,371.6205
2596,39,9,0.0500,29.0950,353.3519
2597,58,11,0.0500,22.4791,348.7362
2598,59,15,0.0500,32.1915,374.6105
2599,128,20,0.0500,22.9289,371.5341
2600,48,13,0.0500,19.0200,355.3448
2601,55,10,0.0500,24.1847,374.2903
2602,45,12,0.0500,28.3583,359.5719
2603,73,13,0.0500,16.9783,359.5134
2604,48,13,0.0500,32.0949,363.3461
2605,29,6,0.0500,30.3702,342.4787
2606,50,10,0.0500,26.4179,350.2883
2607,66,15,0.0500,19.6525,352.0587
2608,57,10,0.0500,32.1804,358.7323
2609,36,10,0.0500,25.1816,349.0497
2610,45,11,0.0500,19.9663,365.9106
2611,53,9,0.0500,18.6349,387.9219
2612,56,10,0.0500,20.1764,389.9240
2613,59,12,0.0500,24.1815,342.7386
2614,38,10,0.0500,29.3576,345.5780
2615,37,8,0.0500,30.4847,360.7518
2616,46,12,0.0500,24.5208,370.1328
2617,42,11,0.0500,27.4328,356.7130
2618,44,12,0.0500,27.6122,368.0555
2619,132,20,0.0500,21.8743,369.7445
2620,32,8,0.0500,15.5796,364.4533
2621,84,15,0.0500,20.6962,348.9957
2622,46,11,0.0500,28.8549,377.5798
2623,59,13,0.0500,31.0980,350.9444
2624,28,6,0.0500,21.9656,348.4090
2625,38,10,0.0500,26.4512,369.9751
2626,253,20,0.0500,27.2837,376.0512
2627,151,19,0.0500,23.3248,398.5960
2628,41,11,0.0500,27.2343,372.9634
2629,62,14,0.0500,22.3422,368.9876
2630,39,10,0.0500,22.0905,348.9432
2631,39,9,0.0500,22.8994,348.8453
2632,46,12,0.0500,30.0064,391.1400
2633,41,11,0.0500,20.6245,361.6306
2634,47,12,0.0500,23.1807,354.3505
2635,33,10,0.0500,31.3942,402.5180
2636,394,26,0.0500,15.8892,403.2700
2637,51,11,0.0500,19.7126,350.7630
2638,37,10,0.0500,24.0332,383.4983
2639,75,15,0.0500,26.6999,391.7299
2640,82,15,0.0500,26.1156,373.3404
2641,58,14,0.0500,27.6320,385.9737
2642,55,10,0.0500,21.9803,381.7095
2643,135,16,0.0500,28.7249,385.4460
2644,46,11,0.0500,16.0060,389.1291
2645,40,11,0.0500,23.4289,374.5921
2646,61,12,0.0500,18.5566,347.1979
2647,116,14,0.0500,22.9790,384.0835
2648,38,11,0.0500,22.2299,354.8538
2649,59,14,0.0500,20.7087,371.4037
2650,39,10,0.0500,26.3555,352.3494
2651,53,12,0.0500,29.5181,367.1318
2652,83,13,0.0500,25.2056,392.3882
2653,54,11,0.0500,25.8970,369.4041
2654,75,12,0.0500,18.4257,374.0296
2655,78,14,0.0500,25.5891,368.3269
2656,179,21,0.0500,27.0886,372.9710
2657,31,8,0.0500,21.4567,355.0126
2658,54,12,0.0500,30.0228,354.0248
2659,43,13,0.0500,27.7999,385.1136
2660,43,9,0.0500,27.2840,370.4190
2661,31,6,0.0500,14.8380,354.2167
2662,40,11,0.0500,23.0051,361.2385
2663,40,10,0.0500,20.1253,367.3066
2664,38,9,0.0500,14.6812,342.8198
2665,51,10,0.0500,24.6635,366.5075
2666,62,11,0.0500,18.4665,346.2199
2667,35,10,0.0500,23.4498,356.7989
2668,37,8,0.0500,25.9835,351.1841
2669,93,17,0.0500,31.9975,395.1927
2670,84,12,0.0500,28.7215,372.8988
2671,45,10,0.0500,19.9218,372.5829
2672,41,8,0.0500,31.7369,392.6149
2673,58,10,0.0500,27.1376,372.5262
2674,59,11,0.0500,16.1705,378.9970
2675,84,15,0.0500,27.8700,376.3952
2676,167,20,0.0500,24.1417,388.9821
2677,91,18,0.0500,24.1525,379.0290
2678,57,13,0.0500,21.3942,370.1781
2679,173,18,0.0500,26.0941,384.3370
2680,88,16,0.0500,24.6705,375.7225
2681,44,13,0.0500,26.2357,391.6975
2682,118,19,0.0500,23.4224,381.3911
2683,50,9,0.0500,28.0139,367.0873
2684,31,6,0.0500,23.4814,352.7585
2685,53,11,0.0500,33.6142,366.8299
2686,82,15,0.0500,23.1984,387.3117
2687,54,12,0.0500,21.9218,374.3172
2688,55,11,0.0500,28.4069,385.3767
2689,37,10,0.0500,28.6965,362.9018
2690,34,9,0.0500,31.6589,376.4123
2691,36,10,0.0500,24.5569,366.1389
2692,46,13,0.0500,27.2101,376.0451
2693,55,11,0.0500,27.2694,352.0417
2694,47,10,0.0500,20.0693,367.5624
2695,80,12,0.0500,23.3813,389.3575
2696,39,8,0.0500,16.7312,376.4976
2697,48,8,0.0500,18.8985,374.0374
2698,37,11,0.0500,15.3246,375.8760
2699,43,11,0.0500,22.0458,381.1711
2700,84,10,0.0500,22.6115,384.7498
2701,120,19,0.0500,23.4801,393.2674
2702,56,12,0.0500,22.7650,357.2764
2703,215,18,0.0500,28.9889,393.7639
2704,43,10,0.0500,28.4425,400.6516
2705,134,18,0.0500,24.5233,377.0771
2706,137,17,0.0500,23.6414,380.6713
2707,56,12,0.0500,32.1342,361.1466
2708,65,15,0.0500,26.0512,383.4295
2709,23,6,0.0500,28.8168,347.3300
2710,79,13,0.0500,22.4004,369.4957
2711,39,11,0.0500,23.7752,365.6812
2712,41,11,0.0500,26.6340,368.6040
2713,49,10,0.0500,27.3359,350.2668
2714,51,11,0.0500,29.5558,355.9585
2715,72,13,0.0500,26.8624,412.5094
2716,385,27,0.0500,27.3950,408.2081
2717,105,15,0.0500,23.4476,385.5903
2718,58,13,0.0500,16.1345,396.3208
2719,46,8,0.0500,15.9963,360.5401
2720,28,7,0.0500,30.2367,376.9290
2721,56,13,0.0500,18.4622,384.5700
2722,92,14,0.0500,17.7993,375.5946
2723,42,11,0.0500,29.3662,376.9122
2724,83,13,0.0500,20.0869,367.2521
2725,61,11,0.0500,24.7741,363.2182
2726,51,14,0.0500,25.6672,389.6510
2727,52,10,0.0500,27.3956,365.3599
2728,80,12,0.0500,28.4003,371.9443
2729,55,11,0.0500,27.5034,413.3834
2730,247,23,0.0500,21.1845,388.2239
2731,162,19,0.0500,21.7810,423.6801
2732,107,15,0.0500,27.4608,414.9800
2733,37,10,0.0500,22.7177,371.1557
2734,48,9,0.0500,23.6252,360.5091
2735,39,10,0.0500,23.6302,373.0376
2736,91,15,0.0500,29.3177,401.3177
2737,85,13,0.0500,20.9880,397.9611
2738,83,12,0.0500,21.7307,397.6036
2739,35,10,0.0500,18.6506,353.2171
2740,44,12,0.0500,32.6721,376.4469
2741,28,8,0.0500,27.1878,349.3434
2742,53,12,0.0500,14.8534,383.7924
2743,42,11,0.0500,24.5623,376.7057
2744,30,8,0.0500,20.2012,372.6095
2745,95,15,0.0500,28.8999,404.8153
2746,167,21,0.0500,18.0291,432.2925
2747,30,8,0.0500,20.9002,380.7819
2748,59,12,0.0500,33.1726,377.0625
2749,30,8,0.0500,19.0173,358.1380
2750,51,11,0.0500,29.0851,385.4506
2751,157,17,0.0500,22.2116,385.9107
2752,61,13,0.0500,22.9651,390.6114
2753,54,12,0.0500,25.8042,372.2036
2754,74,15,0.0500,22.8559,383.2383
2755,59,13,0.0500,27.3862,363.3337
2756,35,9,0.0500,26.5028,372.9816
2757,37,10,0.0500,26.6960,389.3687
2758,81,13,0.0500,22.2390,387.2902
2759,43,13,0.0500,26.4578,381.2808
2760,84,14,0.0500,28.8054,381.0881
2761,28,8,0.0500,23.5916,371.8113
2762,46,12,0.0500,31.2739,373.4289
2763,38,9,0.0500,27.4412,387.1478
2764,76,15,0.0500,23.3884,404.6063
2765,43,11,0.0500,29.1453,370.3459
2766,33,8,0.0500,26.4949,382.1652
2767,94,20,0.0500,23.2667,396.6955
2768,62,13,0.0500,35.5902,382.4970
2769,23,7,0.0500,28.7299,369.1772
2770,43,9,0.0500,20.0207,373.0727
2771,219,24,0.0500,26.8565,407.0477
2772,40,9,0.0500,27.0572,401.0710
2773,57,12,0.0500,24.1777,442.5857
2774,105,14,0.0500,25.5205,379.1920
2775,95,15,0.0500,21.7151,410.4557
2776,167,15,0.0500,21.6304,384.9119
2777,58,11,0.0500,20.6805,371.9370
2778,101,15,0.0500,19.9114,373.4487
2779,43,11,0.0500,27.0608,382.1406
2780,55,11,0.0500,25.0210,423.9691
2781,53,11,0.0500,24.7547,353.0701
2782,88,15,0.0500,20.2726,402.6020
2783,77,15,0.0500,21.3773,402.3814
2784,49,11,0.0500,26.6339,384.4807
2785,70,12,0.0500,22.9839,387.6542
2786,58,12,0.0500,31.3497,372.3083
2787,86,13,0.0500,28.3283,383.9352
2788,51,10,0.0500,16.9106,374.5015
2789,88,17,0.0500,22.1430,414.2041
2790,47,13,0.0500,26.2950,395.6993
2791,40,10,0.0500,26.6784,366.0838
2792,41,11,0.0500,23.5959,408.9382
2793,39,11,0.0500,34.9728,376.0568
2794,35,10,0.0500,26.2438,361.4759
2795,78,14,0.0500,19.7136,394.4029
2796,26,7,0.0500,20.0025,352.7090
2797,41,10,0.0500,36.2970,391.0004
2798,36,9,0.0500,31.9157,386.5362
2799,167,19,0.0500,25.0269,400.6820
2800,63,13,0.0500,28.6043,414.6148
2801,42,11,0.0500,36.4520,397.3578
2802,46,14,0.0500,30.2457,382.1981
2803,106,16,0.0500,21.9864,422.3837
2804,33,9,0.0500,30.3176,403.7392
2805,46,11,0.0500,28.1562,411.2088
2806,82,17,0.0500,32.1927,412.0473
2807,106,18,0.0500,23.4511,410.8759
2808,33,7,0.0500,31.9005,388.4580
2809,40,10,0.0500,30.6740,389.3813
2810,70,13,0.0500,24.6549,370.5447
2811,26,6,0.0500,21.6201,377.0936
2812,116,16,0.0500,30.1122,410.5645
2813,52,11,0.0500,31.4489,412.3314
2814,56,13,0.0500,22.9830,377.8720
2815,143,19,0.0500,21.4662,391.6230
2816,32,7,0.0500,23.9873,389.2761
2817,57,10,0.0500,23.8691,401.4958
2818,39,11,0.0500,33.2708,403.4106
2819,122,15,0.0500,23.8771,414.2621
2820,39,9,0.0500,27.6859,401.3393
2821,44,9,0.0500,30.4957,369.7173
2822,74,13,0.0500,31.5743,424.6661
2823,82,14,0.0500,24.2064,385.3752
2824,97,14,0.0500,18.0606,439.7013
2825,35,8,0.0500,28.1031,381.7321
2826,39,10,0.0500,16.0841,389.7153
2827,40,9,0.0500,23.4861,393.8315
2828,33,8,0.0500,26.7400,411.4254
2829,35,8,0.0500,31.0653,409.9409
2830,27,6,0.0500,27.9120,382.3687
2831,56,12,0.0500,25.1273,372.0114
2832,47,11,0.0500,31.3924,412.1651
2833,60,12,0.0500,30.5802,416.2860
2834,58,10,0.0500,24.7529,413.1495
2835,48,11,0.0500,21.4268,451.4688
2836,32,5,0.0500,22.9205,390.8833
2837,73,14,0.0500,25.3633,383.9007
2838,33,9,0.0500,16.3178,414.5321
2839,43,11,0.0500,21.1545,405.3939
2840,113,15,0.0500,32.2187,391.1772
2841,38,9,0.0500,21.9843,395.4023
2842,57,12,0.0500,27.2770,401.4594
2843,71,12,0.0500,25.5586,404.4468
2844,30,7,0.0500,29.5814,426.6599
2845,87,12,0.0500,29.2362,439.1414
2846,79,15,0.0500,23.5193,405.2448
2847,59,11,0.0500,29.8921,398.4600
2848,82,12,0.0500,23.1385,397.2159
2849,28,7,0.0500,31.8906,412.5765
2850,44,9,0.0500,25.0947,420.6879
2851,46,12,0.0500,30.1216,399.6424
2852,154,21,0.0500,22.8169,422.2775
2853,143,17,0.0500,31.8982,418.1181
2854,34,9,0.0500,20.5043,402.4894
2855,88,14,0.0500,28.4133,424.9835
2856,87,17,0.0500,29.0597,408.9220
2857,40,11,0.0500,24.4111,424.3566
2858,80,17,0.0500,23.2276,417.6380
2859,34,8,0.0500,24.1865,376.0405
2860,118,14,0.0500,27.1502,409.8093
2861,76,13,0.0500,19.0036,396.6779
2862,62,12,0.0500,29.8419,415.5498
2863,44,12,0.0500,31.9670,396.0854
2864,33,8,0.0500,28.8947,377.4664
2865,46,11,0.0500,33.8436,392.5815
2866,48,8,0.0500,20.3110,429.9825
2867,32,9,0.0500,21.2535,421.6755
2868,40,10,0.0500,21.5748,379.8715
2869,40,11,0.0500,21.4798,374.0688
2870,127,21,0.0500,24.9128,427.9086
2871,37,10,0.0500,26.7383,397.6548
2872,58,14,0.0500,17.4654,388.0648
2873,79,15,0.0500,30.6197,432.5258
2874,26,7,0.0500,32.0394,375.0527
2875,26,8,0.0500,30.6265,361.0818
2876,37,11,0.0500,16.2551,407.4780
2877,36,9,0.0500,22.5234,451.6580
2878,33,9,0.0500,27.5900,397.6906
2879,73,14,0.0500,24.6695,413.3813
2880,52,10,0.0500,30.9568,414.9993
2881,184,21,0.0500,26.6227,421.4001
2882,63,12,0.0500,32.4681,388.8732
2883,209,18,0.0500,25.5816,428.2870
2884,58,13,0.0500,28.0960,401.1033
2885,24,6,0.0500,29.6276,374.6358
2886,27,6,0.0500,25.7234,380.6509
2887,38,9,0.0500,22.9874,422.5166
2888,33,8,0.0500,17.6219,386.8874
2889,33,9,0.0500,33.5294,397.2015
2890,29,7,0.0500,29.9272,422.0988
2891,77,13,0.0500,22.9346,443.4942
2892,39,11,0.0500,30.1437,400.2543
2893,60,11,0.0500,26.5970,414.8846
2894,41,12,0.0500,33.8668,425.6107
2895,35,11,0.0500,27.6904,382.7180
2896,34,9,0.0500,31.2210,397.3860
2897,27,7,0.0500,30.4067,399.3349
2898,55,10,0.0500,14.0901,437.0122
2899,41,11,0.0500,25.6737,403.6793
2900,54,11,0.0500,22.3249,426.9174
2901,85,14,0.0500,26.1302,418.5692
2902,110,17,0.0500,29.2983,440.4252
2903,102,14,0.0500,22.8897,412.4859
2904,83,12,0.0500,25.0706,428.0427
2905,175,21,0.0500,21.0258,427.0050
2906,33,8,0.0500,27.0389,391.3446
2907,60,12,0.0500,19.6354,416.0181
2908,164,21,0.0500,19.2674,402.1113
2909,54,11,0.0500,16.5239,424.3016
2910,27,6,0.0500,16.8385,370.3843
2911,38,10,0.0500,28.2296,386.8642
2912,36,9,0.0500,20.8652,374.9328
2913,36,8,0.0500,21.2672,387.6039
2914,34,8,0.0500,25.5411,431.7283
2915,41,12,0.0500,24.6210,445.7305
2916,59,10,0.0500,22.8352,431.5283
2917,39,8,0.0500,25.2426,398.3693
2918,72,15,0.0500,25.1339,413.9076
2919,175,24,0.0500,22.4598,434.8225
2920,71,13,0.0500,27.5837,394.5632
2921,34,9,0.0500,28.8202,388.6000
2922,57,12,0.0500,35.2594,409.7680
2923,130,18,0.0500,22.3410,426.5389
2924,119,17,0.0500,22.7859,436.3563
2925,39,12,0.0500,30.2991,427.5769
2926,63,15,0.0500,25.5792,430.9093
2927,179,21,0.0500,19.9225,433.4316
2928,151,20,0.0500,26.1258,421.1761
2929,40,9,0.0500,22.6599,402.4453
2930,137,16,0.0500,26.7765,428.5654
2931,34,10,0.0500,20.9762,392.5555
2932,42,10,0.0500,23.5330,413.5576
2933,55,11,0.0500,33.8155,395.9432
2934,49,10,0.0500,17.1607,414.3817
2935,124,17,0.0500,22.7243,438.7719
2936,75,14,0.0500,24.0409,441.2798
2937,53,10,0.0500,24.6964,426.7191
2938,52,9,0.0500,28.9063,399.0194
2939,40,10,0.0500,24.5135,403.4273
2940,75,14,0.0500,31.5184,435.5207
2941,54,12,0.0500,24.1888,416.1299
2942,41,12,0.0500,21.6871,406.8155
2943,202,22,0.0500,31.8506,438.9912
2944,53,10,0.0500,23.1884,396.8168
2945,32,8,0.0500,24.9477,374.7822
2946,61,12,0.0500,27.5865,404.8249
2947,53,10,0.0500,26.7316,415.8318
2948,55,10,0.0500,27.6249,420.4985
2949,163,16,0.0500,34.0000,443.1553
2950,57,13,0.0500,22.5746,399.6677
2951,41,9,0.0500,15.2309,394.3230
2952,81,14,0.0500,30.6139,416.7984
2953,35,9,0.0500,21.5119,401.6184
2954,178,24,0.0500,32.3457,434.7870
2955,216,19,0.0500,29.0854,436.8573
2956,38,9,0.0500,30.2249,418.7302
2957,47,12,0.0500,24.0953,393.5551
2958,52,10,0.0500,24.5382,388.7261
2959,58,12,0.0500,26.9934,403.4613
2960,87,15,0.0500,22.4228,422.1662
2961,35,10,0.0500,23.0750,417.6888
2962,33,8,0.0500,33.0188,395.4360
2963,80,14,0.0500,28.8505,398.8272
2964,63,12,0.0500,24.2830,460.7338
2965,35,9,0.0500,31.8026,417.9182
2966,59,11,0.0500,20.7679,414.9291
2967,119,15,0.0500,24.8591,434.4425
2968,38,9,0.0500,29.6666,404.6948
2969,50,12,0.0500,22.1867,441.5245
2970,54,13,0.0500,31.8909,417.2594
2971,41,11,0.0500,35.8684,429.0026
2972,84,14,0.0500,30.2427,460.4819
2973,42,11,0.0500,25.7574,422.8905
2974,37,9,0.0500,25.7695,446.3702
2975,225,19,0.0500,28.5486,419.2547
2976,63,12,0.0500,28.9812,446.5402
2977,126,16,0.0500,22.0717,445.3528
2978,48,9,0.0500,26.6791,418.9299
2979,38,8,0.0500,26.1680,429.2852
2980,33,7,0.0500,28.5443,403.3982
2981,126,17,0.0500,24.4270,421.2518
2982,54,11,0.0500,25.8602,426.6949
2983,53,11,0.0500,27.0350,435.9758
2984,82,12,0.0500,23.5538,454.8214
2985,51,11,0.0500,26.5803,426.9717
2986,62,14,0.0500,27.8496,416.6087
2987,57,13,0.0500,28.8213,436.7786
2988,30,8,0.0500,35.3167,401.5369
2989,59,12,0.0500,20.1649,424.2953
2990,76,15,0.0500,35.2443,436.1248
2991,60,13,0.0500,21.3395,396.2864
2992,46,11,0.0500,31.7702,424.8715
2993,120,19,0.0500,18.1841,411.7063
2994,89,17,0.0500,25.6554,433.4902
2995,61,14,0.0500,29.8683,431.2546
2996,53,11,0.0500,23.5769,432.0838
2997,63,13,0.0500,25.1968,424.9815
2998,36,9,0.0500,23.3555,422.4089
2999,41,10,0.0500,31.0055,447.7642
3000,125,17,0.0500,24.8086,445.5368
3001,56,10,0.0500,26.6714,438.6283
3002,39,10,0.0500,26.0846,416.1113
3003,40,9,0.0500,28.3092,463.2871
3004,55,11,0.0500,23.1338,411.7346
3005,36,10,0.0500,30.8012,433.1615
3006,55,12,0.0500,24.3469,440.5298
3007,38,10,0.0500,21.1075,437.2309
3008,29,7,0.0500,18.3332,425.2706
3009,63,14,0.0500,21.7564,430.9846
3010,40,11,0.0500,19.2716,432.7578
3011,32,8,0.0500,27.4032,422.1105
3012,61,14,0.0500,29.2258,442.7193
3013,57,11,0.0500,29.4357,399.8752
3014,26,5,0.0500,19.8657,459.0778
3015,35,9,0.0500,24.6879,440.8504
3016,42,12,0.0500,29.6482,411.9412
3017,53,10,0.0500,31.5146,418.8749
3018,111,20,0.0500,29.6373,436.2974
3019,35,8,0.0500,38.0949,429.7148
3020,78,12,0.0500,21.7895,448.6807
3021,34,9,0.0500,22.2080,465.8348
3022,83,12,0.0500,25.6830,449.1211
3023,126,18,0.0500,26.8259,429.6603
3024,61,13,0.0500,30.1450,458.2634
3025,34,8,0.0500,29.5400,416.4406
3026,42,10,0.0500,29.9102,408.0839
3027,56,12,0.0500,33.1826,428.5573
3028,54,12,0.0500,33.4160,431.2784
3029,19,5,0.0500,20.1850,415.8888
3030,51,10,0.0500,26.9539,456.7439
3031,40,10,0.0500,26.4715,428.1238
3032,77,12,0.0500,29.3756,430.6820
3033,30,9,0.0500,34.2708,414.2887
3034,41,11,0.0500,21.7499,414.2194
3035,67,15,0.0500,22.4021,449.0712
3036,55,12,0.0500,22.0142,420.4237
3037,102,14,0.0500,33.6240,458.0731
3038,42,9,0.0500,14.9840,411.0060
3039,22,6,0.0500,36.7114,393.7700
3040,118,15,0.0500,32.5258,415.3410
3041,76,15,0.0500,27.0279,443.1620
3042,41,13,0.0500,26.8815,417.7080
3043,52,9,0.0500,32.4678,435.0169
3044,71,14,0.0500,23.1721,423.4794
3045,54,12,0.0500,38.9439,412.5180
3046,52,9,0.0500,30.6974,420.6649
3047,26,6,0.0500,23.2286,424.2534
3048,43,11,0.0500,30.4220,466.1131
3049,76,14,0.0500,18.1204,438.3498
3050,39,10,0.0500,25.3079,416.2296
3051,36,9,0.0500,31.9403,422.8050
3052,60,13,0.0500,34.4561,432.2026
3053,44,11,0.0500,27.1280,437.2044
3054,52,8,0.0500,22.5187,416.0066
3055,44,11,0.0500,25.2789,456.3069
3056,122,18,0.0500,30.4042,429.0217
3057,30,7,0.0500,36.3398,422.1784
3058,41,10,0.0500,23.3712,435.4999
3059,92,16,0.0500,30.3587,428.5217
3060,49,10,0.0500,26.4545,429.6956
3061,36,8,0.0500,20.4824,401.8209
3062,117,18,0.0500,21.7656,436.0224
3063,38,11,0.0500,25.8818,417.7671
3064,107,17,0.0500,19.7513,443.2302
3065,40,12,0.0500,35.8442,397.3063
3066,77,13,0.0500,33.7234,426.3490
3067,50,11,0.0500,21.7149,424.2101
3068,61,13,0.0500,22.4730,443.0426
3069,29,6,0.0500,33.7002,399.6296
3070,77,13,0.0500,31.2095,411.3682
3071,110,18,0.0500,29.9605,446.9133
3072,160,15,0.0500,35.5153,451.0483
3073,38,10,0.0500,26.3027,412.6707
3074,154,17,0.0500,25.2849,439.3424
3075,126,17,0.0500,28.6695,426.3289
3076,41,10,0.0500,23.8588,449.3161
3077,28,7,0.0500,22.4573,420.0474
3078,123,16,0.0500,29.1920,468.0116
3079,37,9,0.0500,18.3812,411.1756
3080,24,6,0.0500,38.6395,385.9041
3081,58,11,0.0500,23.0448,437.4731
3082,41,11,0.0500,23.1098,446.2730
3083,83,12,0.0500,21.9432,427.7209
3084,35,9,0.0500,32.9982,423.3750
3085,39,11,0.0500,28.4543,421.3854
3086,53,11,0.0500,24.9421,419.1238
3087,29,7,0.0500,28.7973,417.3636
3088,31,10,0.0500,29.7536,419.5469
3089,62,13,0.0500,27.4267,435.1471
3090,44,11,0.0500,23.5118,424.2238
3091,62,13,0.0500,27.6332,441.8123
3092,33,8,0.0500,42.6163,430.6948
3093,41,12,0.0500,28.2135,413.9697
3094,72,13,0.0500,30.6164,429.9141
3095,47,8,0.0500,34.8410,432.1072
3096,56,11,0.0500,26.9172,440.4408
3097,163,19,0.0500,24.3447,434.5177
3098,42,9,0.0500,45.4351,412.9675
3099,62,13,0.0500,38.8581,426.8443
3100,39,10,0.0500,30.6106,414.2948
3101,59,14,0.0500,32.2070,422.1187
3102,81,16,0.0500,29.4695,439.4769
3103,35,9,0.0500,27.8326,412.4536
3104,34,8,0.0500,20.4282,437.1929
3105,62,13,0.0500,25.8451,446.9944
3106,35,10,0.0500,27.2496,431.6035
3107,36,8,0.0500,16.5242,408.3608
3108,415,11,0.0500,26.2866,394.1663
3109,52,11,0.0500,33.2883,424.1967
3110,43,12,0.0500,21.7589,408.1326
3111,42,11,0.0500,23.8110,442.6373
3112,29,8,0.0500,33.3002,468.9924
3113,39,10,0.0500,33.0840,431.1112
3114,61,12,0.0500,19.6355,423.5007
3115,91,19,0.0500,22.8601,426.7615
3116,57,12,0.0500,30.1093,439.8797
3117,64,16,0.0500,23.0195,434.0716
3118,65,14,0.0500,26.4427,445.8343
3119,96,16,0.0500,26.5276,434.8592
3120,23,6,0.0500,34.0490,391.7352
3121,54,12,0.0500,26.4488,433.4896
3122,56,13,0.0500,29.2489,439.4951
3123,45,13,0.0500,21.3904,423.2731
3124,53,9,0.0500,24.6483,442.7044
3125,57,12,0.0500,35.2818,449.8358
3126,53,10,0.0500,23.6132,414.1006
3127,39,10,0.0500,33.0211,420.5029
3128,33,9,0.0500,22.4957,430.3775
3129,66,14,0.0500,26.7206,421.7055
3130,85,15,0.0500,30.2353,420.1696
3131,54,10,0.0500,28.4060,427.8477
3132,283,24,0.0500,16.7639,444.8339
3133,35,8,0.0500,24.4625,424.5350
3134,55,12,0.0500,27.1179,416.8446
3135,120,18,0.0500,27.1563,447.5034
3136,34,8,0.0500,35.2571,405.4357
3137,270,28,0.0500,28.0637,453.4924
3138,38,11,0.0500,29.1723,415.5975
3139,49,9,0.0500,26.6645,430.8782
3140,31,8,0.0500,23.9604,412.6657
3141,82,14,0.0500,34.3579,423.6510
3142,125,17,0.0500,26.5140,448.5403
3143,35,9,0.0500,22.0055,412.2124
3144,71,14,0.0500,27.1190,460.0783
3145,84,12,0.0500,28.5478,448.5879
3146,30,7,0.0500,22.7288,419.8790
3147,48,9,0.0500,25.6890,431.0391
3148,39,9,0.0500,27.5839,421.0067
3149,42,10,0.0500,23.8200,472.6129
3150,32,7,0.0500,30.4493,449.4439
3151,43,10,0.0500,40.7287,456.4362
3152,40,11,0.0500,39.4868,451.1512
3153,58,12,0.0500,22.2837,436.9649
3154,36,10,0.0500,21.3462,455.8528
3155,59,12,0.0500,18.8131,438.9245
3156,68,14,0.0500,23.1966,435.7739
3157,39,11,0.0500,36.1921,426.3281
3158,40,10,0.0500,16.1571,437.1801
3159,55,9,0.0500,27.9337,426.9020
3160,60,14,0.0500,29.0486,420.5700
3161,81,17,0.0500,20.5102,433.8693
3162,130,17,0.0500,26.7109,437.0376
3163,56,11,0.0500,28.1784,433.1960
3164,43,10,0.0500,25.9048,440.6409
3165,33,8,0.0500,25.3534,426.4496
3166,39,11,0.0500,35.8033,406.4157
3167,118,18,0.0500,37.0907,466.9324
3168,37,10,0.0500,23.4035,440.9649
3169,62,14,0.0500,20.4822,420.1340
3170,86,16,0.0500,21.0033,458.3822
3171,34,9,0.0500,24.7685,425.1633
3172,36,9,0.0500,37.3618,418.1499
3173,35,10,0.0500,16.9255,440.7099
3174,44,11,0.0500,35.1761,474.0397
3175,77,13,0.0500,29.5127,459.3959
3176,42,11,0.0500,26.9474,446.8275
3177,61,14,0.0500,22.3731,438.2955
3178,53,11,0.0500,24.4294,432.7710
3179,37,9,0.0500,21.9012,408.7086
3180,33,7,0.0500,16.3830,432.7073
3181,124,16,0.0500,26.8766,444.2991
3182,73,12,0.0500,26.8072,436.5271
3183,29,5,0.0500,29.1839,433.7730
3184,86,15,0.0500,32.9204,438.4862
3185,34,8,0.0500,26.4593,403.8711
3186,76,13,0.0500,20.7542,439.7862
3187,54,12,0.0500,27.0912,434.9188
3188,23,6,0.0500,26.3316,400.1208
3189,57,11,0.0500,41.2030,462.3445
3190,120,17,0.0500,20.6917,442.3538
3191,57,9,0.0500,29.3854,453.0194
3192,87,14,0.0500,24.6242,444.5463
3193,213,18,0.0500,19.2117,434.2304
3194,25,6,0.0500,42.6447,405.9088
3195,44,10,0.0500,27.4302,428.0105
3196,37,9,0.0500,26.6597,416.2385
3197,45,11,0.0500,14.0988,431.2790
3198,176,19,0.0500,28.4885,468.0571
3199,52,11,0.0500,31.5694,432.6405
3200,38,10,0.0500,35.9359,433.4650
3201,57,12,0.0500,22.0234,430.6888
3202,46,12,0.0500,26.7094,439.0058
3203,56,12,0.0500,31.9241,430.6744
3204,39,10,0.0500,19.7991,445.1437
3205,45,10,0.0500,33.1353,428.7292
3206,61,14,0.0500,24.2417,422.0530
3207,36,9,0.0500,22.1968,430.2118
3208,79,13,0.0500,26.1506,434.5210
3209,32,9,0.0500,26.0936,413.5030
3210,43,11,0.0500,19.1221,424.2036
3211,33,7,0.0500,30.3684,473.6393
3212,86,12,0.0500,28.1661,450.3781
3213,110,14,0.0500,18.6350,451.3223
3214,43,11,0.0500,20.1077,436.8440
3215,38,10,0.0500,15.9918,439.3439
3216,36,8,0.0500,21.0345,436.0069
3217,37,10,0.0500,40.2121,421.2530
3218,122,17,0.0500,23.4751,447.5399
3219,86,15,0.0500,27.2441,475.1711
3220,145,17,0.0500,30.0519,441.8874
3221,31,9,0.0500,20.5223,404.3427
3222,89,15,0.0500,29.2376,439.4491
3223,38,9,0.0500,25.3310,414.2358
3224,73,12,0.0500,28.4098,437.2666
3225,48,10,0.0500,23.9519,420.7042
3226,36,9,0.0500,17.3410,419.2079
3227,84,16,0.0500,33.2393,448.6181
3228,88,16,0.0500,25.1119,451.6390
3229,82,14,0.0500,24.9591,443.0535
3230,42,9,0.0500,30.0090,441.4067
3231,27,6,0.0500,19.5313,416.0760
3232,45,11,0.0500,24.0534,435.1486
3233,31,9,0.0500,30.1933,418.8536
3234,42,10,0.0500,27.1555,453.5892
3235,130,16,0.0500,19.3125,450.5852
3236,83,12,0.0500,21.7885,449.4888
3237,225,19,0.0500,26.3649,438.5010
3238,172,17,0.0500,33.4924,443.3159
3239,55,12,0.0500,26.0376,438.9138
3240,33,7,0.0500,40.9605,426.4826
3241,162,19,0.0500,30.7251,450.7215
3242,463,23,0.0500,29.7329,439.8991
3243,58,12,0.0500,23.1168,445.6324
3244,48,12,0.0500,26.8567,455.9703
3245,37,11,0.0500,28.2084,423.1623
3246,85,14,0.0500,22.0655,448.1645
3247,68,12,0.0500,28.2147,425.2063
3248,38,10,0.0500,44.4259,445.7933
3249,86,13,0.0500,25.6303,428.9912
3250,63,14,0.0500,29.3405,443.6596
3251,43,12,0.0500,26.0369,451.1710
3252,84,11,0.0500,25.2565,426.2296
3253,57,11,0.0500,24.8295,444.3790
3254,42,12,0.0500,28.5318,474.7191
3255,59,13,0.0500,20.2345,451.2489
3256,49,8,0.0500,20.6682,447.0927
3257,30,8,0.0500,38.4597,418.7423
3258,31,9,0.0500,27.6821,409.2166
3259,36,10,0.0500,29.8115,450.6228
3260,42,8,0.0500,28.7201,463.1497
3261,57,15,0.0500,22.4552,423.9339
3262,87,12,0.0500,24.3128,457.1942
3263,88,15,0.0500,25.3342,440.0517
3264,102,18,0.0500,23.3064,439.1994
3265,34,9,0.0500,22.6731,396.3910
3266,52,11,0.0500,20.7669,440.9510
3267,39,9,0.0500,30.9317,426.9206
3268,113,18,0.0500,34.7751,453.4160
3269,88,15,0.0500,26.3142,465.1508
3270,212,16,0.0500,28.4365,475.3046
3271,54,10,0.0500,28.8459,448.3758
3272,44,11,0.0500,32.5354,427.7268
3273,38,9,0.0500,32.9614,425.1432
3274,72,13,0.0500,34.7337,456.6065
3275,127,16,0.0500,33.6052,441.9985
3276,56,13,0.0500,25.5710,412.1486
3277,186,19,0.0500,28.9367,444.7282
3278,157,16,0.0500,24.9012,441.0432
3279,49,9,0.0500,42.0860,437.4007
3280,36,9,0.0500,27.3662,433.8976
3281,39,10,0.0500,23.4130,416.8547
3282,49,10,0.0500,29.6213,443.0110
3283,50,9,0.0500,15.3790,457.9983
3284,90,16,0.0500,18.4889,441.9731
3285,88,13,0.0500,27.9278,458.0060
3286,90,13,0.0500,23.7048,448.5378
3287,37,12,0.0500,26.1665,411.9464
3288,70,14,0.0500,35.5726,449.8203
3289,44,11,0.0500,36.5085,445.1021
3290,58,10,0.0500,18.6353,468.3928
3291,32,7,0.0500,17.9315,440.1032
3292,85,15,0.0500,31.4771,441.8661
3293,120,16,0.0500,21.9640,449.9223
3294,56,12,0.0500,27.8294,416.5149
3295,42,11,0.0500,20.8796,444.8808
3296,76,14,0.0500,18.2066,459.9019
3297,83,16,0.0500,31.1826,449.4230
3298,136,23,0.0500,24.2466,444.8723
3299,43,11,0.0500,31.4023,430.3688
3300,31,8,0.0500,22.0272,419.1839
3301,90,15,0.0500,20.3397,459.0891
3302,81,15,0.0500,35.6444,460.5231
3303,142,20,0.0500,25.9437,457.7273
3304,44,10,0.0500,37.7912,464.9077
3305,45,13,0.0500,27.3126,450.8357
3306,56,11,0.0500,29.7482,440.9756
3307,59,13,0.0500,36.1655,443.6432
3308,53,10,0.0500,23.4557,433.0178
3309,26,7,0.0500,21.2884,414.1563
3310,144,18,0.0500,26.4802,473.3705
3311,35,9,0.0500,32.3610,441.5029
3312,40,11,0.0500,25.6805,433.3902
3313,78,15,0.0500,33.7444,449.4691
3314,75,14,0.0500,21.9329,466.5233
3315,31,8,0.0500,20.5921,438.1440
3316,77,15,0.0500,23.6103,460.0831
3317,60,12,0.0500,24.2617,491.6002
3318,101,16,0.0500,25.5333,447.6381
3319,36,8,0.0500,31.1900,432.7777
3320,31,9,0.0500,26.3207,408.9892
3321,34,8,0.0500,30.8609,435.4664
3322,57,12,0.0500,28.2471,439.5095
3323,53,12,0.0500,29.3183,462.1053
3324,74,12,0.0500,34.9575,456.4168
3325,171,19,0.0500,30.5553,467.2647
3326,73,13,0.0500,33.6490,478.5285
3327,140,16,0.0500,30.1441,470.3158
3328,84,14,0.0500,30.2176,447.6564
3329,59,11,0.0500,31.1008,441.0763
3330,45,8,0.0500,21.6501,439.1802
3331,35,9,0.0500,26.4211,437.9853
3332,122,17,0.0500,20.5788,462.0493
3333,40,10,0.0500,22.8173,440.3763
3334,80,14,0.0500,37.1960,447.9504
3335,111,17,0.0500,30.5560,458.1396
3336,53,12,0.0500,29.1686,481.8744
3337,130,17,0.0500,33.8825,462.5590
3338,116,11,0.0500,29.5289,457.5263
3339,47,12,0.0500,34.1802,446.0644
3340,42,11,0.0500,24.1607,451.9936
3341,30,6,0.0500,15.7286,449.6949
3342,36,9,0.0500,20.2891,447.1283
3343,44,13,0.0500,35.2587,454.6630
3344,54,11,0.0500,29.2202,437.9992
3345,221,19,0.0500,26.5510,472.0702
3346,133,17,0.0500,22.6120,464.1061
3347,42,11,0.0500,24.2177,439.5125
3348,53,10,0.0500,34.9699,436.4632
3349,61,13,0.0500,28.7127,426.0810
3350,62,14,0.0500,27.1604,449.7313
3351,69,12,0.0500,30.4183,428.6700
3352,83,20,0.0500,34.0917,443.7351
3353,53,11,0.0500,34.9806,421.2232
3354,49,10,0.0500,24.0179,420.6092
3355,96,14,0.0500,39.8954,434.5612
3356,76,14,0.0500,20.1803,451.3694
3357,45,12,0.0500,35.8909,452.3647
3358,38,9,0.0500,24.9787,421.7940
3359,55,13,0.0500,25.8652,435.4297
3360,47,8,0.0500,30.7552,438.3610
3361,64,13,0.0500,25.5404,437.1221
3362,28,6,0.0500,23.7463,430.0807
3363,55,11,0.0500,29.6509,429.4384
3364,88,13,0.0500,28.2377,454.1082
3365,60,12,0.0500,26.4253,444.6326
3366,31,9,0.0500,29.8924,413.1642
3367,58,11,0.0500,30.4076,430.0118
3368,74,14,0.0500,22.8603,444.8056
3369,42,10,0.0500,20.9582,439.5263
3370,62,13,0.0500,28.3200,430.3378
3371,160,15,0.0500,25.5590,445.5643
3372,169,18,0.0500,20.9387,457.5519
3373,40,10,0.0500,35.8985,444.1591
3374,86,13,0.0500,25.8938,448.0898
3375,39,10,0.0500,26.7838,421.3028
3376,32,8,0.0500,18.5564,427.5976
3377,70,13,0.0500,24.6839,431.8025
3378,69,11,0.0500,39.4897,448.5908
3379,60,11,0.0500,23.7669,434.7564
3380,36,10,0.0500,29.4066,430.0525
3381,87,14,0.0500,31.7329,441.7839
3382,61,15,0.0500,34.0053,439.1647
3383,60,14,0.0500,26.6843,476.1732
3384,80,11,0.0500,22.4232,444.7468
3385,54,11,0.0500,31.4852,427.7068
3386,53,10,0.0500,28.7007,452.5182
3387,51,11,0.0500,28.9935,470.4127
3388,59,13,0.0500,24.6294,436.7789
3389,54,12,0.0500,20.4994,415.0018
3390,30,8,0.0500,23.3180,424.1690
3391,37,10,0.0500,25.6848,440.6536
3392,218,21,0.0500,28.7428,453.1954
3393,45,9,0.0500,33.2832,421.8751
3394,65,13,0.0500,31.8133,454.8802
3395,37,10,0.0500,21.0504,435.8163
3396,115,14,0.0500,21.9488,453.4650
3397,84,15,0.0500,22.2326,452.5068
3398,41,11,0.0500,38.8280,425.2219
3399,122,15,0.0500,24.8655,452.6795
3400,42,10,0.0500,33.1276,456.6214
3401,42,12,0.0500,32.2009,436.2914
3402,199,23,0.0500,30.6586,458.7301
3403,60,12,0.0500,25.1009,458.0000
3404,85,13,0.0500,30.9988,443.1059
3405,73,13,0.0500,17.4820,442.4598
3406,94,16,0.0500,27.6565,456.7786
3407,29,7,0.0500,25.6529,427.9194
3408,65,11,0.0500,21.2266,443.6942
3409,40,10,0.0500,22.8180,422.7866
3410,217,19,0.0500,25.8964,469.8991
3411,36,9,0.0500,33.7773,447.8543
3412,132,17,0.0500,25.4947,454.1648
3413,59,11,0.0500,22.4109,450.8191
3414,24,5,0.0500,31.2241,402.0714
3415,52,11,0.0500,21.1811,442.4213
3416,80,12,0.0500,29.1482,460.0497
3417,57,10,0.0500,41.5036,445.2814
3418,60,11,0.0500,27.1902,472.3983
3419,204,26,0.0500,21.6774,463.0770
3420,35,8,0.0500,20.6188,435.3691
3421,59,11,0.0500,28.5048,446.3471
3422,41,10,0.0500,30.6761,428.9063
3423,84,14,0.0500,17.6333,443.9773
3424,32,8,0.0500,26.2011,445.8245
3425,35,10,0.0500,21.0886,470.0677
3426,40,10,0.0500,28.1602,455.5665
3427,37,8,0.0500,27.1169,424.3127
3428,41,11,0.0500,17.8467,441.6681
3429,43,9,0.0500,39.2533,452.1254
3430,45,13,0.0500,26.4510,424.9893
3431,42,10,0.0500,30.5485,450.7169
3432,37,9,0.0500,26.4936,459.7485
3433,95,16,0.0500,21.8360,454.6346
3434,37,9,0.0500,38.2658,440.8464
3435,33,8,0.0500,21.3552,433.8641
3436,57,11,0.0500,29.2012,441.6146
3437,154,14,0.0500,30.9057,463.8896
3438,42,10,0.0500,32.4419,457.1825
3439,56,12,0.0500,27.2363,461.7379
3440,54,10,0.0500,22.5248,447.1063
3441,40,9,0.0500,37.6398,434.9450
3442,49,9,0.0500,31.7043,421.2999
3443,40,10,0.0500,32.2649,451.4109
3444,42,10,0.0500,20.7633,443.3801
3445,37,9,0.0500,35.1695,421.0224
3446,56,12,0.0500,29.3721,451.6357
3447,45,14,0.0500,32.4358,434.3600
3448,31,7,0.0500,28.4337,413.4273
3449,34,8,0.0500,28.6235,452.2219
3450,89,17,0.0500,21.6685,453.8575
3451,17,4,0.0500,28.7591,398.7149
3452,55,13,0.0500,28.6631,450.9738
3453,32,9,0.0500,25.9988,425.8819
3454,33,8,0.0500,28.6134,441.4873
3455,35,10,0.0500,31.5169,448.7805
3456,46,13,0.0500,24.2143,436.3384
3457,75,14,0.0500,26.3362,441.8028
3458,86,12,0.0500,23.1755,458.3484
3459,32,9,0.0500,34.8064,459.5543
3460,83,14,0.0500,24.6860,453.5220
3461,133,19,0.0500,25.1591,457.1539
3462,87,16,0.0500,32.9018,435.4463
3463,308,21,0.0500,27.9326,478.7269
3464,39,9,0.0500,23.0898,424.4975
3465,44,14,0.0500,24.9592,420.9702
3466,87,15,0.0500,32.0952,449.1492
3467,57,11,0.0500,29.8457,447.6881
3468,195,22,0.0500,29.2227,479.4250
3469,226,20,0.0500,28.9932,451.7342
3470,101,15,0.0500,34.3774,452.2251
3471,56,12,0.0500,28.4514,444.7467
3472,34,9,0.0500,25.1352,463.3647
3473,81,14,0.0500,22.7722,473.2990
3474,57,12,0.0500,23.7754,450.1867
3475,59,12,0.0500,25.9039,432.6312
3476,32,8,0.0500,31.6404,419.4177
3477,38,10,0.0500,42.7612,419.3937
3478,39,9,0.0500,30.4272,438.1296
3479,42,11,0.0500,31.4251,436.5465
3480,45,10,0.0500,32.0243,440.5926
3481,60,13,0.0500,27.4756,451.7121
3482,57,12,0.0500,28.4168,444.3569
3483,295,27,0.0500,27.8060,484.8037
3484,60,12,0.0500,25.0254,466.5244
3485,43,11,0.0500,25.8289,450.0453
3486,85,17,0.0500,23.1216,453.6641
3487,86,13,0.0500,23.3069,470.4976
3488,46,13,0.0500,25.3039,450.9972
3489,39,10,0.0500,33.1754,437.0305
3490,74,12,0.0500,17.0364,454.7604
3491,93,17,0.0500,30.0389,440.4714
3492,43,11,0.0500,14.6255,451.9768
3493,47,13,0.0500,23.0257,445.2327
3494,40,10,0.0500,18.0948,442.5613
3495,102,21,0.0500,19.7326,472.2029
3496,54,12,0.0500,33.4101,437.1581
3497,190,21,0.0500,27.4134,467.8631
3498,75,11,0.0500,32.3456,450.5001
3499,42,11,0.0500,26.9323,436.1315
3500,78,13,0.0500,27.3110,450.9714
3501,139,19,0.0500,34.1176,472.0893
3502,233,26,0.0500,29.6350,481.1792
3503,45,11,0.0500,28.8614,446.6686
3504,55,11,0.0500,27.2871,440.6482
3505,81,14,0.0500,16.8705,449.9277
3506,51,10,0.0500,30.6846,470.2593
3507,60,13,0.0500,29.6410,460.3880
3508,85,15,0.0500,25.6109,465.1218
3509,80,17,0.0500,23.8895,455.4198
3510,78,15,0.0500,27.0495,458.6760
3511,23,5,0.0500,21.4298,426.7777
3512,119,13,0.0500,23.6976,476.9163
3513,108,20,0.0500,27.4019,469.0363
3514,58,13,0.0500,31.2600,463.5521
3515,59,13,0.0500,28.0567,450.6909
3516,90,16,0.0500,29.0481,466.0563
3517,70,12,0.0500,34.4095,450.4398
3518,79,12,0.0500,33.9743,456.4904
3519,69,13,0.0500,29.0600,439.8706
3520,125,16,0.0500,29.6353,474.8005
3521,58,13,0.0500,24.7801,445.1762
3522,56,13,0.0500,29.5212,457.2429
3523,44,12,0.0500,28.8417,441.9202
3524,82,16,0.0500,27.5124,456.6353
3525,85,14,0.0500,23.5988,477.1075
3526,32,7,0.0500,23.7396,464.4319
3527,42,9,0.0500,23.9933,458.0761
3528,45,10,0.0500,26.1320,439.9174
3529,37,9,0.0500,30.1909,436.2278
3530,132,18,0.0500,26.9447,466.9600
3531,72,12,0.0500,31.3174,459.2517
3532,82,14,0.0500,38.4202,451.4642
3533,34,9,0.0500,30.7721,439.1914
3534,50,10,0.0500,27.9829,443.1383
3535,149,22,0.0500,29.6302,475.4347
3536,53,10,0.0500,34.7800,456.4225
3537,82,13,0.0500,32.5464,442.8309
3538,50,10,0.0500,34.3013,432.2474
3539,60,13,0.0500,27.3531,453.3565
3540,117,17,0.0500,27.1307,466.2009
3541,83,14,0.0500,34.5152,466.6894
3542,84,13,0.0500,25.8281,455.3928
3543,135,21,0.0500,27.4809,447.9579
3544,40,11,0.0500,28.9194,434.1473
3545,73,14,0.0500,27.3525,480.2544
3546,42,13,0.0500,25.3347,465.0850
3547,61,13,0.0500,32.6658,452.4855
3548,78,13,0.0500,25.1092,470.8297
3549,41,8,0.0500,19.3806,471.6378
3550,38,8,0.0500,21.6474,451.8048
3551,53,11,0.0500,34.6885,462.0584
3552,41,11,0.0500,26.9706,444.2691
3553,258,20,0.0500,25.3150,480.5463
3554,32,8,0.0500,17.1790,458.5218
3555,44,8,0.0500,33.8903,472.9444
3556,36,10,0.0500,31.1261,458.4401
3557,33,7,0.0500,32.5162,434.2670
3558,35,10,0.0500,32.5331,436.1312
3559,152,19,0.0500,30.5992,474.8526
3560,55,12,0.0500,19.8335,449.2955
3561,74,12,0.0500,34.0157,462.2813
3562,37,9,0.0500,52.5356,449.9995
3563,36,10,0.0500,24.6794,449.8089
3564,38,9,0.0500,23.1662,447.6165
3565,32,8,0.0500,16.4102,459.8889
3566,34,9,0.0500,37.8349,451.4084
3567,87,15,0.0500,42.1356,472.0966
3568,57,11,0.0500,16.8306,442.3377
3569,98,14,0.0500,29.6247,463.5681
3570,90,13,0.0500,23.6700,478.8466
3571,106,15,0.0500,38.1313,462.4403
3572,36,10,0.0500,30.2148,435.3901
3573,162,16,0.0500,27.9884,476.7880
3574,55,12,0.0500,23.7904,450.4840
3575,59,12,0.0500,19.1303,474.3563
3576,62,13,0.0500,24.4364,444.8321
3577,30,8,0.0500,34.8639,431.9922
3578,83,12,0.0500,25.4582,482.9370
3579,52,11,0.0500,23.8473,458.4190
3580,148,17,0.0500,18.8079,465.6683
3581,48,12,0.0500,26.3873,477.1293
3582,90,16,0.0500,21.0648,476.6182
3583,39,7,0.0500,23.8535,444.1843
3584,32,9,0.0500,23.0149,439.8504
3585,36,9,0.0500,37.1197,454.9955
3586,43,11,0.0500,36.6273,469.2638
3587,59,12,0.0500,24.7498,469.4423
3588,35,9,0.0500,29.4737,427.2861
3589,56,12,0.0500,29.3547,450.4101
3590,105,19,0.0500,24.7539,466.3014
3591,65,12,0.0500,31.3132,468.7157
3592,47,8,0.0500,31.5600,436.6235
3593,48,13,0.0500,30.7625,467.5506
3594,36,8,0.0500,19.5378,482.1021
3595,114,16,0.0500,37.9975,477.8003
3596,40,11,0.0500,41.5123,443.5886
3597,35,9,0.0500,16.9213,488.3977
3598,60,13,0.0500,30.5566,491.1176
3599,36,10,0.0500,24.5319,470.0286
3600,41,10,0.0500,24.2415,481.9214
3601,212,23,0.0500,25.8048,474.6818
3602,99,12,0.0500,40.0637,481.5828
3603,45,12,0.0500,28.9760,458.9104
3604,106,18,0.0500,34.6723,487.4980
3605,31,8,0.0500,23.3471,457.7632
3606,45,12,0.0500,22.7436,473.0637
3607,64,15,0.0500,23.2924,459.8488
3608,44,8,0.0500,26.3535,448.1960
3609,59,13,0.0500,23.6355,515.7315
3610,39,10,0.0500,21.8411,450.8085
3611,173,20,0.0500,29.9895,463.6763
3612,66,13,0.0500,29.1285,458.7962
3613,289,22,0.0500,27.4701,488.5401
3614,60,12,0.0500,28.6512,457.9960
3615,120,15,0.0500,23.9885,471.7773
3616,32,8,0.0500,33.7240,442.6000
3617,75,12,0.0500,25.6718,457.9967
3618,41,8,0.0500,31.3314,478.0202
3619,40,10,0.0500,31.8612,449.6173
3620,117,14,0.0500,25.7797,496.4576
3621,33,8,0.0500,23.2373,469.8649
3622,37,9,0.0500,30.5014,451.0781
3623,186,22,0.0500,29.4569,475.8722
3624,27,7,0.0500,18.2040,429.2260
3625,86,14,0.0500,31.0195,486.4667
3626,37,9,0.0500,33.7183,446.8688
3627,52,10,0.0500,28.7488,473.4512
3628,53,11,0.0500,25.0759,456.6602
3629,66,16,0.0500,32.2125,468.4444
3630,62,13,0.0500,30.2322,483.3582
3631,121,16,0.0500,23.5065,471.1000
3632,70,13,0.0500,40.6682,468.0732
3633,92,16,0.0500,30.1585,473.7435
3634,35,9,0.0500,24.0577,451.5886
3635,28,7,0.0500,19.5357,455.0299
3636,38,10,0.0500,27.6832,453.5522
3637,288,21,0.0500,24.5040,489.3638
3638,123,17,0.0500,29.6947,488.9795
3639,31,8,0.0500,29.6759,445.4342
3640,82,16,0.0500,21.8433,472.4039
3641,64,12,0.0500,27.6695,449.6751
3642,56,13,0.0500,24.0061,463.5608
3643,300,22,0.0500,35.6777,475.1614
3644,34,10,0.0500,34.0623,445.3917
3645,102,14,0.0500,30.2257,467.8830
3646,57,11,0.0500,24.6526,464.0138
3647,40,8,0.0500,25.9106,450.4924
3648,82,14,0.0500,23.7614,472.8050
3649,52,9,0.0500,25.5599,451.5760
3650,34,8,0.0500,24.2863,450.8367
3651,149,13,0.0500,32.1503,470.9600
3652,32,8,0.0500,26.3202,430.9376
3653,46,12,0.0500,33.3136,468.1936
3654,59,13,0.0500,27.5203,461.7066
3655,57,13,0.0500,27.6815,459.1572
3656,58,12,0.0500,25.3624,441.4910
3657,37,9,0.0500,42.4805,467.2987
3658,28,8,0.0500,40.3827,449.6261
3659,61,13,0.0500,21.5389,493.4361
3660,59,12,0.0500,25.1662,509.8866
3661,33,8,0.0500,26.0605,460.5321
3662,30,10,0.0500,36.0007,429.2825
3663,42,11,0.0500,20.7930,450.4125
3664,33,9,0.0500,30.2767,448.5182
3665,57,12,0.0500,36.4213,466.8224
3666,55,11,0.0500,30.6752,451.7081
3667,87,14,0.0500,29.3976,478.4882
3668,74,9,0.0500,22.3356,463.0345
3669,62,12,0.0500,15.1607,492.9752
3670,52,11,0.0500,33.0413,451.6742
3671,39,10,0.0500,26.4212,465.2792
3672,60,12,0.0500,23.0850,460.7876
3673,40,10,0.0500,20.4779,479.5057
3674,59,11,0.0500,36.4163,454.0958
3675,40,7,0.0500,17.8279,455.2868
3676,219,18,0.0500,19.9927,484.8806
3677,81,11,0.0500,20.8203,456.9043
3678,60,11,0.0500,26.0923,467.2199
3679,57,11,0.0500,26.1237,469.3672
3680,108,18,0.0500,24.8383,467.8078
3681,46,13,0.0500,33.9734,460.3363
3682,62,12,0.0500,23.0925,468.2850
3683,30,7,0.0500,28.5705,451.1011
3684,40,10,0.0500,28.3506,456.9491
3685,139,20,0.0500,33.5922,461.4883
3686,411,22,0.0500,24.2205,482.8742
3687,28,7,0.0500,23.6015,467.7988
3688,63,12,0.0500,28.8417,454.8186
3689,40,10,0.0500,30.6818,477.6467
3690,45,11,0.0500,26.3737,480.7250
3691,42,11,0.0500,27.4493,468.7636
3692,49,10,0.0500,33.1384,471.9037
3693,31,8,0.0500,32.4656,467.9607
3694,127,14,0.0500,24.2356,476.3136
3695,53,12,0.0500,23.5518,457.9414
3696,24,6,0.0500,21.8693,451.1029
3697,85,13,0.0500,33.1525,482.2079
3698,75,16,0.0500,33.5285,475.9448
3699,83,14,0.0500,33.9116,476.3191
3700,59,13,0.0500,21.1381,489.6213
3701,29,7,0.0500,28.3686,435.8770
3702,77,14,0.0500,24.1648,482.2128
3703,57,12,0.0500,26.3553,464.0831
3704,54,10,0.0500,30.5494,470.3154
3705,34,8,0.0500,34.4728,453.5751
3706,34,9,0.0500,40.9052,461.1395
3707,38,10,0.0500,25.0867,450.0567
3708,26,7,0.0500,14.1876,426.4498
3709,125,15,0.0500,20.0668,470.4159
3710,81,14,0.0500,30.9376,466.6035
3711,43,11,0.0500,29.9546,459.9543
3712,37,8,0.0500,16.0539,462.4926
3713,40,8,0.0500,22.6051,465.9732
3714,53,11,0.0500,24.1058,468.0897
3715,41,10,0.0500,18.2625,463.5377
3716,65,14,0.0500,27.8870,470.5377
3717,35,9,0.0500,31.2059,457.0331
3718,54,12,0.0500,30.1880,478.3899
3719,42,11,0.0500,26.6324,453.8881
3720,76,15,0.0500,35.9089,484.4903
3721,41,9,0.0500,23.3653,471.0695
3722,58,12,0.0500,32.3719,453.3663
3723,36,10,0.0500,28.1984,452.6454
3724,76,14,0.0500,31.4656,461.9525
3725,38,10,0.0500,27.4611,463.1762
3726,42,10,0.0500,34.0637,457.7951
3727,473,37,0.0500,30.8387,489.9471
3728,81,13,0.0500,18.1268,481.2237
3729,35,10,0.0500,16.2964,489.4731
3730,44,12,0.0500,25.6517,470.0435
3731,54,10,0.0500,23.7477,456.0626
3732,94,18,0.0500,34.1955,469.8672
3733,127,21,0.0500,24.8320,487.6330
3734,38,8,0.0500,32.2249,477.9720
3735,94,17,0.0500,35.3230,472.3896
3736,39,11,0.0500,26.2821,468.7644
3737,36,8,0.0500,35.8649,447.0406
3738,43,11,0.0500,34.3165,444.4360
3739,42,12,0.0500,36.1756,461.2141
3740,60,12,0.0500,24.9611,463.3152
3741,144,20,0.0500,33.6929,474.0022
3742,30,8,0.0500,23.7564,461.7875
3743,65,14,0.0500,23.1592,464.5476
3744,88,16,0.0500,23.5659,487.9531
3745,48,11,0.0500,30.2927,472.9859
3746,33,9,0.0500,46.5090,458.8436
3747,90,14,0.0500,31.6699,471.9802
3748,57,10,0.0500,37.1224,462.2146
3749,57,11,0.0500,28.6579,475.6199
3750,60,14,0.0500,26.2672,483.2374
3751,57,12,0.0500,20.0345,498.8473
3752,35,9,0.0500,33.2198,458.3010
3753,95,13,0.0500,39.2657,480.6665
3754,34,10,0.0500,16.6298,467.2543
3755,26,7,0.0500,18.8041,441.0683
3756,34,8,0.0500,23.8710,451.7836
3757,63,12,0.0500,23.0250,479.6703
3758,52,10,0.0500,24.9169,463.9387
3759,25,6,0.0500,23.8420,451.1940
3760,95,14,0.0500,34.4541,479.1515
3761,54,10,0.0500,37.3165,481.7543
3762,45,13,0.0500,33.8720,478.8300
3763,105,19,0.0500,37.0431,491.3696
3764,59,12,0.0500,26.0391,476.0117
3765,36,8,0.0500,34.8684,450.0007
3766,53,11,0.0500,32.0881,490.0975
3767,62,13,0.0500,28.9498,489.7878
3768,74,13,0.0500,35.8795,482.5823
3769,62,14,0.0500,22.5319,476.1521
3770,59,12,0.0500,37.2073,494.6888
3771,33,7,0.0500,39.4002,470.2710
3772,70,14,0.0500,33.8876,473.3419
3773,44,11,0.0500,25.5079,465.8080
3774,34,9,0.0500,32.1105,462.9325
3775,135,18,0.0500,29.8242,484.7322
3776,38,9,0.0500,23.8870,479.7616
3777,102,16,0.0500,24.5993,491.5794
3778,58,13,0.0500,21.9769,483.8661
3779,271,20,0.0500,29.5057,501.3704
3780,41,10,0.0500,30.2837,488.2449
3781,60,12,0.0500,39.4755,477.8468
3782,34,9,0.0500,23.9685,456.0835
3783,31,10,0.0500,33.1353,474.1429
3784,36,10,0.0500,26.7036,474.6519
3785,80,12,0.0500,14.8927,495.6814
3786,36,8,0.0500,19.5116,470.3334
3787,41,11,0.0500,38.7419,456.3007
3788,67,12,0.0500,31.6495,481.5367
3789,82,14,0.0500,27.2170,491.5973
3790,44,10,0.0500,22.0015,462.5491
3791,27,7,0.0500,37.1124,454.4485
3792,87,15,0.0500,28.9109,488.2795
3793,90,15,0.0500,36.3526,470.7067
3794,32,7,0.0500,29.4371,456.8434
3795,61,13,0.0500,31.5440,497.2965
3796,53,9,0.0500,25.9168,454.0017
3797,36,9,0.0500,28.8866,469.2645
3798,231,20,0.0500,25.6798,513.4500
3799,57,12,0.0500,26.4390,508.6103
3800,126,16,0.0500,29.4062,476.7893
3801,40,10,0.0500,39.0778,476.1412
3802,32,8,0.0500,41.6968,457.1938
3803,60,13,0.0500,29.6749,482.3897
3804,67,14,0.0500,32.0334,489.3371
3805,137,17,0.0500,35.8096,487.1642
3806,56,12,0.0500,35.7413,483.5346
3807,41,11,0.0500,38.0437,476.7608
3808,276,19,0.0500,26.4538,492.5389
3809,77,14,0.0500,28.5750,485.0177
3810,79,12,0.0500,23.5471,476.5501
3811,60,14,0.0500,27.9431,476.7847
3812,42,11,0.0500,18.0546,465.4684
3813,39,8,0.0500,27.2632,479.3979
3814,26,8,0.0500,32.8359,458.6261
3815,24,7,0.0500,24.4842,438.6368
3816,91,16,0.0500,30.6838,487.9379
3817,43,10,0.0500,34.1635,475.6752
3818,73,13,0.0500,30.8130,466.0225
3819,33,7,0.0500,29.2011,483.9370
3820,26,6,0.0500,21.7903,459.9516
3821,87,14,0.0500,26.7916,489.3335
3822,31,8,0.0500,40.7480,459.3614
3823,84,13,0.0500,27.6663,481.6850
3824,78,15,0.0500,30.0101,478.3701
3825,83,12,0.0500,37.7253,498.5302
3826,44,12,0.0500,24.8636,450.3298
3827,32,7,0.0500,15.5012,469.1783
3828,37,10,0.0500,25.9097,468.5635
3829,104,16,0.0500,22.9805,507.2769
3830,85,15,0.0500,26.8993,499.9922
3831,59,12,0.0500,23.6555,472.6003
3832,29,7,0.0500,29.8294,454.7522
3833,69,13,0.0500,29.7159,467.2091
3834,55,11,0.0500,18.6500,496.2850
3835,78,14,0.0500,19.7373,491.8819
3836,59,12,0.0500,27.2453,477.6061
3837,59,10,0.0500,25.0614,491.8813
3838,28,6,0.0500,34.6585,441.7248
3839,77,16,0.0500,27.8407,490.4180
3840,58,13,0.0500,22.3821,485.5140
3841,45,11,0.0500,20.8920,477.3892
3842,64,14,0.0500,36.5911,491.9497
3843,38,9,0.0500,28.8923,472.1556
3844,40,9,0.0500,18.6467,454.5080
3845,80,16,0.0500,36.8311,490.7440
3846,40,10,0.0500,13.7357,463.8390
3847,58,9,0.0500,21.8806,477.7021
3848,37,10,0.0500,38.0818,473.0170
3849,28,5,0.0500,32.9198,484.4554
3850,35,10,0.0500,24.0071,497.9661
3851,57,13,0.0500,30.1559,480.9714
3852,42,11,0.0500,26.9774,488.8109
3853,39,8,0.0500,21.7275,491.7217
3854,60,13,0.0500,20.9617,471.5534
3855,69,11,0.0500,22.0086,483.8028
3856,30,7,0.0500,32.0158,453.2913
3857,73,15,0.0500,32.5939,493.6320
3858,97,15,0.0500,37.7080,498.5091
3859,40,9,0.0500,28.8752,482.3153
3860,32,9,0.0500,37.5050,466.7117
3861,23,7,0.0500,28.8239,471.2310
3862,43,11,0.0500,33.7255,477.8056
3863,82,13,0.0500,32.7702,484.6952
3864,62,10,0.0500,26.8828,478.5845
3865,33,9,0.0500,37.3500,452.7272
3866,41,9,0.0500,28.7371,483.9212
3867,91,15,0.0500,32.6932,504.5540
3868,53,10,0.0500,15.6920,479.4142
3869,89,14,0.0500,28.4388,481.3321
3870,37,9,0.0500,29.7340,489.5630
3871,38,10,0.0500,32.1922,471.1659
3872,56,11,0.0500,33.1825,488.2847
3873,77,14,0.0500,30.0140,478.0890
3874,41,9,0.0500,27.6437,459.9598
3875,37,9,0.0500,31.3490,476.3809
3876,104,16,0.0500,28.4264,493.6124
3877,74,13,0.0500,28.2856,488.6283
3878,58,14,0.0500,23.3402,470.1078
3879,73,13,0.0500,20.9620,470.2829
3880,39,10,0.0500,25.5603,487.9591
3881,44,11,0.0500,27.7373,483.7621
3882,193,21,0.0500,30.8830,506.7870
3883,38,11,0.0500,37.8452,466.9391
3884,130,16,0.0500,30.1799,508.8223
3885,38,10,0.0500,24.2129,475.7737
3886,42,8,0.0500,28.5483,467.0538
3887,110,14,0.0500,30.8359,487.8214
3888,41,12,0.0500,29.9150,490.1405
3889,26,7,0.0500,26.6984,460.8802
3890,84,12,0.0500,27.6928,497.6529
3891,42,8,0.0500,28.6671,481.2140
3892,34,7,0.0500,16.7400,490.7444
3893,26,7,0.0500,26.5437,477.8673
3894,36,9,0.0500,45.6472,463.7585
3895,111,11,0.0500,28.5457,501.3836
3896,45,11,0.0500,28.2088,462.8079
3897,109,17,0.0500,24.5750,501.2011
3898,58,12,0.0500,28.7058,499.4479
3899,37,11,0.0500,24.2474,475.1772
3900,77,13,0.0500,30.5058,478.8870
3901,233,21,0.0500,21.9025,510.6334
3902,76,14,0.0500,35.6543,483.7004
3903,83,14,0.0500,33.3467,514.0633
3904,58,12,0.0500,32.5304,486.4486
3905,134,19,0.0500,30.3307,502.7752
3906,212,22,0.0500,31.4418,503.4521
3907,36,10,0.0500,43.0317,474.6062
3908,92,17,0.0500,42.4999,492.3468
3909,100,16,0.0500,31.2105,472.7357
3910,37,11,0.0500,22.7903,472.0193
3911,60,13,0.0500,15.1881,493.5888
3912,40,10,0.0500,37.7236,480.9091
3913,19,5,0.0500,21.6963,459.5948
3914,318,24,0.0500,28.6608,508.1294
3915,36,10,0.0500,38.4696,471.1796
3916,38,9,0.0500,22.5139,492.7325
3917,93,16,0.0500,18.3209,499.6795
3918,116,16,0.0500,20.4729,487.5644
3919,76,15,0.0500,21.7552,483.0356
3920,41,12,0.0500,24.4424,511.3728
3921,41,10,0.0500,31.9679,494.5009
3922,72,13,0.0500,22.3762,500.0877
3923,42,9,0.0500,45.4842,487.8432
3924,85,13,0.0500,23.0903,499.3480
3925,35,8,0.0500,23.4803,480.2974
3926,36,10,0.0500,28.0390,475.2684
3927,57,11,0.0500,43.0935,506.5408
3928,36,9,0.0500,36.5396,460.2712
3929,39,9,0.0500,25.9127,479.5128
3930,38,10,0.0500,32.8270,460.5043
3931,42,11,0.0500,25.5085,484.4894
3932,95,17,0.0500,25.5178,491.8761
3933,244,20,0.0500,25.3298,525.2233
3934,70,10,0.0500,34.8399,475.6176
3935,156,23,0.0500,24.1209,515.4058
3936,35,8,0.0500,20.5209,499.9724
3937,108,13,0.0500,22.1991,501.7264
3938,81,15,0.0500,24.8877,508.5731
3939,130,19,0.0500,23.0361,507.7979
3940,42,12,0.0500,27.0489,486.3730
3941,38,10,0.0500,31.1471,465.0269
3942,168,16,0.0500,33.3924,511.8288
3943,87,16,0.0500,28.2956,499.0925
3944,100,13,0.0500,33.2171,498.0726
3945,79,16,0.0500,29.2488,488.1598
3946,37,9,0.0500,27.8910,490.5247
3947,160,15,0.0500,31.2241,509.7748
3948,38,9,0.0500,24.1512,486.7480
3949,36,10,0.0500,33.3590,470.7310
3950,59,12,0.0500,22.8857,468.5757
3951,35,6,0.0500,32.0879,480.8298
3952,51,10,0.0500,31.1105,483.7084
3953,37,11,0.0500,31.6083,491.8080
3954,44,11,0.0500,27.2320,483.2237
3955,59,11,0.0500,25.3907,512.4800
3956,126,15,0.0500,38.3294,497.3686
3957,52,10,0.0500,31.9840,492.9849
3958,78,15,0.0500,39.5250,505.0082
3959,81,15,0.0500,35.6371,467.5782
3960,34,8,0.0500,24.1959,468.5892
3961,36,12,0.0500,28.8177,464.0586
3962,56,13,0.0500,34.8911,489.2402
3963,48,9,0.0500,24.6019,482.2402
3964,39,11,0.0500,22.4102,490.0257
3965,80,12,0.0500,38.7134,485.9423
3966,60,14,0.0500,32.4000,506.4370
3967,33,11,0.0500,39.8191,506.7042
3968,48,10,0.0500,37.8716,479.9761
3969,43,9,0.0500,35.8679,480.2054
3970,58,12,0.0500,38.2251,480.2263
3971,45,13,0.0500,26.7643,497.4448
3972,30,7,0.0500,34.2180,475.7973
3973,77,15,0.0500,31.2502,491.6704
3974,44,11,0.0500,42.9244,494.1421
3975,57,13,0.0500,26.5099,485.6501
3976,117,13,0.0500,27.8713,499.4787
3977,62,12,0.0500,20.7066,506.3348
3978,121,15,0.0500,25.5827,489.7864
3979,160,18,0.0500,33.2362,500.3575
3980,71,13,0.0500,34.9935,498.8415
3981,166,18,0.0500,26.6454,515.8574
3982,54,10,0.0500,31.3922,478.8418
3983,43,11,0.0500,37.6258,513.6314
3984,41,10,0.0500,34.5993,490.5112
3985,115,19,0.0500,30.0700,505.4312
3986,67,12,0.0500,19.6346,525.2400
3987,38,9,0.0500,34.3487,456.3735
3988,74,15,0.0500,22.5070,508.9126
3989,40,11,0.0500,28.2944,504.5742
3990,53,10,0.0500,23.7265,504.8695
3991,36,10,0.0500,34.5526,480.6246
3992,37,8,0.0500,40.0320,487.9011
3993,195,18,0.0500,24.5840,506.9999
3994,39,11,0.0500,29.1755,507.9408
3995,57,12,0.0500,34.9976,506.2947
3996,41,10,0.0500,21.4966,483.0995
3997,75,12,0.0500,31.0610,490.1997
3998,190,20,0.0500,37.3292,527.5087
3999,43,9,0.0500,34.4734,488.4466
4000,233,18,0.0500,26.5957,515.3954
4001,26,6,0.0500,32.2210,479.1106
4002,151,16,0.0500,27.6370,502.4606
4003,81,12,0.0500,26.9742,496.1813
4004,38,10,0.0500,22.5349,469.4950
4005,84,13,0.0500,26.5976,487.9695
4006,52,11,0.0500,32.5006,503.3750
4007,167,22,0.0500,24.6492,520.4338
4008,40,10,0.0500,22.7147,515.6004
4009,49,9,0.0500,28.2103,479.2814
4010,91,15,0.0500,28.0523,514.9986
4011,45,12,0.0500,41.2749,500.3933
4012,46,12,0.0500,31.8295,498.8923
4013,52,9,0.0500,32.6288,536.5909
4014,44,7,0.0500,25.2146,462.1384
4015,112,19,0.0500,33.6843,507.8200
4016,40,8,0.0500,34.2764,489.5507
4017,40,10,0.0500,32.6473,482.4389
4018,64,15,0.0500,34.2996,497.6133
4019,37,9,0.0500,28.9751,476.1230
4020,38,9,0.0500,28.1470,481.9181
4021,35,9,0.0500,24.1644,493.4782
4022,39,8,0.0500,20.4950,495.1696
4023,45,9,0.0500,28.0610,468.8870
4024,33,8,0.0500,20.4426,476.7496
4025,375,22,0.0500,31.2048,516.7325
4026,105,17,0.0500,31.9932,500.0215
4027,82,13,0.0500,29.5351,494.9681
4028,39,10,0.0500,23.8233,480.3950
4029,125,16,0.0500,20.7570,517.3464
4030,26,6,0.0500,31.5222,485.7475
4031,32,8,0.0500,25.6605,485.3283
4032,25,6,0.0500,29.7702,477.3424
4033,30,8,0.0500,18.3194,485.5875
4034,49,9,0.0500,34.2360,481.4863
4035,31,8,0.0500,23.9498,468.2032
4036,42,11,0.0500,25.0433,481.7744
4037,112,17,0.0500,27.2991,506.0913
4038,36,8,0.0500,31.0375,490.3698
4039,58,12,0.0500,28.3356,507.3745
4040,55,10,0.0500,31.4910,469.6464
4041,122,19,0.0500,27.9234,514.0545
4042,32,8,0.0500,38.2176,492.0667
4043,38,10,0.0500,35.0165,497.2578
4044,365,22,0.0500,40.5455,527.5217
4045,24,6,0.0500,26.9793,468.0967
4046,53,12,0.0500,35.3805,489.2675
4047,44,12,0.0500,28.3744,499.9592
4048,53,10,0.0500,26.5715,491.4734
4049,33,7,0.0500,30.4945,494.0536
4050,114,21,0.0500,43.1015,513.4924
4051,76,15,0.0500,29.2174,500.2399
4052,44,9,0.0500,30.3287,507.4606
4053,29,8,0.0500,18.7802,493.1804
4054,87,15,0.0500,32.7632,493.4922
4055,33,10,0.0500,22.9229,468.3310
4056,47,12,0.0500,35.4636,481.1665
4057,43,10,0.0500,38.6752,501.2048
4058,43,12,0.0500,38.8157,498.1813
4059,39,9,0.0500,25.7572,491.1747
4060,58,13,0.0500,29.0715,499.8843
4061,36,9,0.0500,21.5937,486.3452
4062,51,10,0.0500,36.9312,501.2341
4063,53,11,0.0500,31.4810,487.0560
4064,53,10,0.0500,33.0361,503.8817
4065,57,12,0.0500,29.1850,513.4508
4066,41,10,0.0500,41.1531,490.9637
4067,116,17,0.0500,35.0132,512.1158
4068,51,10,0.0500,34.1046,489.3421
4069,44,11,0.0500,29.5597,513.9820
4070,20,5,0.0500,16.1274,462.0490
4071,38,12,0.0500,23.4209,489.5422
4072,32,9,0.0500,34.9849,482.8740
4073,52,9,0.0500,24.7614,502.4192
4074,72,13,0.0500,36.5651,480.4979
4075,37,10,0.0500,30.6100,502.5562
4076,41,11,0.0500,31.8290,510.0995
4077,104,12,0.0500,29.3456,511.0313
4078,105,15,0.0500,37.5546,520.6238
4079,33,8,0.0500,18.1597,467.7837
4080,30,8,0.0500,27.2695,490.5264
4081,26,8,0.0500,25.4901,483.3791
4082,52,12,0.0500,24.8830,506.7186
4083,39,12,0.0500,22.5260,502.4102
4084,74,14,0.0500,31.6517,488.9869
4085,88,12,0.0500,30.0384,507.4514
4086,50,11,0.0500,30.5518,475.3039
4087,76,15,0.0500,40.4041,486.7666
4088,116,17,0.0500,19.6978,510.2928
4089,52,12,0.0500,15.0355,495.2933
4090,116,14,0.0500,31.8243,512.5838
4091,56,12,0.0500,20.7916,490.2893
4092,120,14,0.0500,27.4688,491.2190
4093,30,7,0.0500,24.6866,503.5113
4094,166,20,0.0500,27.5964,508.1288
4095,46,9,0.0500,27.1471,496.9937
4096,29,6,0.0500,31.9679,481.9473
4097,39,9,0.0500,33.2557,495.6315
4098,73,14,0.0500,35.7856,504.8751
4099,44,11,0.0500,27.3264,501.6841
4100,128,17,0.0500,32.3005,513.3345
4101,43,12,0.0500,27.4607,491.4935
4102,41,10,0.0500,31.3008,499.7018
4103,43,10,0.0500,24.6975,502.4766
4104,163,19,0.0500,31.0403,522.3834
4105,76,13,0.0500,39.2042,495.1961
4106,81,15,0.0500,39.8652,497.2339
4107,71,12,0.0500,36.1537,506.3134
4108,227,19,0.0500,34.9494,525.8832
4109,51,10,0.0500,32.2882,495.6208
4110,37,9,0.0500,34.5489,481.6604
4111,309,26,0.0500,27.7424,503.9064
4112,23,6,0.0500,46.6471,516.6349
4113,63,15,0.0500,26.4170,500.9379
4114,43,9,0.0500,21.0277,488.9889
4115,61,13,0.0500,25.8358,504.6143
4116,141,19,0.0500,38.9671,508.7168
4117,71,11,0.0500,34.4454,513.0957
4118,119,13,0.0500,29.0905,524.2897
4119,37,9,0.0500,32.5608,479.1533
4120,43,12,0.0500,25.5728,494.2475
4121,50,10,0.0500,39.2946,479.3538
4122,64,13,0.0500,35.5588,496.6375
4123,28,6,0.0500,16.6913,464.4823
4124,107,18,0.0500,31.4907,501.2750
4125,55,12,0.0500,22.7051,493.3217
4126,81,18,0.0500,37.1563,511.0502
4127,28,7,0.0500,38.1769,475.7766
4128,62,13,0.0500,30.3015,498.3984
4129,198,23,0.0500,26.6810,507.1453
4130,38,9,0.0500,27.5643,490.0468
4131,73,13,0.0500,31.9280,506.8715
4132,35,9,0.0500,33.9095,493.3230
4133,81,15,0.0500,28.7866,501.1563
4134,122,19,0.0500,36.7242,509.3468
4135,52,12,0.0500,42.7761,484.5550
4136,41,10,0.0500,26.7293,499.6676
4137,28,7,0.0500,27.5516,487.3613
4138,76,15,0.0500,26.0993,508.0327
4139,166,19,0.0500,40.8757,509.5474
4140,53,11,0.0500,26.1540,514.2302
4141,40,11,0.0500,44.4428,482.6543
4142,34,10,0.0500,33.5028,495.5036
4143,234,19,0.0500,28.5864,519.0215
4144,33,9,0.0500,28.8058,484.7966
4145,66,12,0.0500,42.4273,479.9250
4146,40,10,0.0500,27.6888,500.8232
4147,31,6,0.0500,38.3624,465.2251
4148,60,11,0.0500,30.6880,485.2277
4149,41,9,0.0500,24.9414,512.6492
4150,75,15,0.0500,25.1498,510.3824
4151,61,11,0.0500,33.5604,486.5522
4152,79,15,0.0500,30.1315,511.0369
4153,128,15,0.0500,23.7887,523.7353
4154,79,14,0.0500,39.7240,524.1220
4155,35,8,0.0500,25.4414,475.2666
4156,37,10,0.0500,42.7014,472.0792
4157,57,12,0.0500,23.5611,499.9617
4158,43,11,0.0500,30.0305,504.5847
4159,40,9,0.0500,40.9605,491.8461
4160,56,12,0.0500,44.6543,486.4502
4161,105,12,0.0500,24.4938,502.6910
4162,31,8,0.0500,23.0833,490.6532
4163,86,12,0.0500,42.0618,512.5150
4164,56,12,0.0500,22.8828,497.2406
4165,61,13,0.0500,21.3622,500.5452
4166,143,19,0.0500,27.7583,509.0903
4167,28,6,0.0500,34.8143,477.7599
4168,64,15,0.0500,29.3773,514.0635
4169,40,9,0.0500,38.6437,474.5624
4170,42,10,0.0500,33.7625,482.5879
4171,30,8,0.0500,23.2310,487.7558
4172,41,10,0.0500,23.0200,485.6413
4173,33,8,0.0500,28.2630,496.5728
4174,50,10,0.0500,35.9393,520.8552
4175,44,11,0.0500,22.5018,525.5105
4176,82,13,0.0500,27.0860,505.8425
4177,72,13,0.0500,33.7290,492.8689
4178,48,12,0.0500,46.9002,504.6764
4179,131,16,0.0500,36.2477,517.6863
4180,129,19,0.0500,26.3244,527.1054
4181,129,16,0.0500,31.8585,514.4168
4182,40,10,0.0500,30.3867,503.0365
4183,56,11,0.0500,34.7616,495.1235
4184,37,10,0.0500,46.7398,512.8201
4185,32,9,0.0500,43.4602,480.0824
4186,30,9,0.0500,21.2728,507.7322
4187,86,14,0.0500,28.9293,513.6749
4188,59,14,0.0500,32.3708,493.6951
4189,32,8,0.0500,20.2366,509.7507
4190,102,16,0.0500,27.2680,531.9450
4191,83,12,0.0500,21.9486,504.8930
4192,70,12,0.0500,26.9611,535.3411
4193,55,11,0.0500,26.5915,497.4736
4194,45,12,0.0500,34.2091,495.5902
4195,163,16,0.0500,33.2312,509.8070
4196,86,14,0.0500,27.7370,516.0675
4197,125,14,0.0500,45.4592,517.7336
4198,25,6,0.0500,25.4097,484.1680
4199,45,10,0.0500,36.3107,491.5256
4200,32,8,0.0500,28.0583,507.4065
4201,31,6,0.0500,12.0580,484.0460
4202,53,11,0.0500,33.2437,496.7443
4203,35,8,0.0500,52.7670,533.1970
4204,41,10,0.0500,27.5889,504.8411
4205,53,13,0.0500,41.2221,494.6169
4206,122,16,0.0500,28.9617,524.6350
4207,35,8,0.0500,27.4387,497.5093
4208,86,14,0.0500,31.3466,510.4741
4209,71,13,0.0500,37.1074,523.7810
4210,89,17,0.0500,29.7538,522.5997
4211,78,10,0.0500,31.8914,514.4642
4212,61,12,0.0500,35.7765,503.2177
4213,36,7,0.0500,36.4985,484.0945
4214,36,8,0.0500,40.5499,496.8314
4215,57,11,0.0500,26.3331,515.0381
4216,33,8,0.0500,18.6463,496.5481
4217,79,13,0.0500,32.8653,532.5235
4218,26,7,0.0500,43.8906,489.9320
4219,36,8,0.0500,41.7447,520.8915
4220,30,5,0.0500,33.7391,478.8939
4221,170,22,0.0500,28.2005,525.4275
4222,39,9,0.0500,37.1828,482.7304
4223,52,11,0.0500,37.6509,506.5096
4224,30,9,0.0500,26.9850,479.3946
4225,35,8,0.0500,25.3470,518.6784
4226,50,10,0.0500,33.9814,518.7335
4227,61,12,0.0500,39.4645,522.0855
4228,77,15,0.0500,41.2908,512.8269
4229,67,12,0.0500,29.0564,516.6869
4230,39,10,0.0500,21.1957,510.0365
4231,110,16,0.0500,33.3823,522.5285
4232,85,13,0.0500,21.5023,547.8693
4233,76,15,0.0500,34.6250,509.6505
4234,56,13,0.0500,24.7158,556.2957
4235,28,7,0.0500,23.5479,497.3247
4236,53,11,0.0500,26.2990,542.3190
4237,31,7,0.0500,33.5430,517.4849
4238,56,13,0.0500,25.4696,514.7312
4239,58,13,0.0500,33.4265,521.3406
4240,53,10,0.0500,25.7739,511.4698
4241,169,17,0.0500,32.1324,525.8784
4242,71,13,0.0500,31.1260,531.2160
4243,39,11,0.0500,31.5265,502.0019
4244,39,11,0.0500,31.4808,512.9248
4245,35,9,0.0500,29.0401,495.2930
4246,55,11,0.0500,48.0510,511.7600
4247,219,20,0.0500,26.4035,523.4945
4248,38,10,0.0500,28.7691,503.5096
4249,35,11,0.0500,29.0474,489.7234
4250,37,9,0.0500,30.2221,507.6654
4251,161,18,0.0500,25.9185,529.4014
4252,87,17,0.0500,40.8821,532.2334
4253,95,16,0.0500,24.9701,521.0721
4254,125,16,0.0500,20.9379,529.2109
4255,127,17,0.0500,30.0421,526.4471
4256,31,9,0.0500,33.6301,498.2875
4257,35,9,0.0500,31.3823,502.2034
4258,36,9,0.0500,40.3679,523.7475
4259,52,9,0.0500,35.3566,529.2649
4260,190,20,0.0500,30.1168,535.6074
4261,36,7,0.0500,36.3541,505.6726
4262,34,8,0.0500,31.9774,501.4688
4263,84,12,0.0500,31.7287,533.9565
4264,35,8,0.0500,34.4244,496.1084
4265,73,15,0.0500,35.3491,489.3099
4266,44,10,0.0500,31.2882,539.9189
4267,32,8,0.0500,34.4636,501.6676
4268,58,13,0.0500,33.1990,513.2772
4269,52,10,0.0500,28.3181,516.9658
4270,42,10,0.0500,30.0333,501.7617
4271,38,11,0.0500,39.2138,511.2957
4272,92,16,0.0500,32.5123,522.7763
4273,51,10,0.0500,30.3950,500.8274
4274,40,11,0.0500,31.6006,521.3487
4275,145,21,0.0500,31.9151,522.8376
4276,164,16,0.0500,26.7946,532.8247
4277,70,12,0.0500,40.1187,521.5644
4278,83,12,0.0500,24.5528,523.1258
4279,369,26,0.0500,32.3519,523.1564
4280,59,12,0.0500,30.0489,509.2728
4281,123,19,0.0500,35.2458,526.2604
4282,40,10,0.0500,23.3263,505.4489
4283,48,10,0.0500,30.3648,496.3552
4284,42,9,0.0500,36.9419,502.7793
4285,105,15,0.0500,36.1998,540.9205
4286,44,12,0.0500,24.2046,514.1336
4287,170,19,0.0500,29.3497,527.0737
4288,53,13,0.0500,28.1237,495.6146
4289,40,11,0.0500,29.8873,504.4547
4290,39,10,0.0500,33.1019,527.5636
4291,108,14,0.0500,25.3577,552.2508
4292,41,11,0.0500,18.5558,506.7305
4293,57,12,0.0500,31.4119,533.5853
4294,43,11,0.0500,32.8361,533.8759
4295,45,11,0.0500,29.8036,532.6853
4296,36,9,0.0500,27.0918,511.5569
4297,37,9,0.0500,30.1718,525.2016
4298,59,11,0.0500,28.3566,516.9994
4299,43,12,0.0500,37.8241,512.6155
4300,58,12,0.0500,22.4965,522.6110
4301,72,13,0.0500,30.2913,530.7097
4302,310,22,0.0500,25.9310,531.3257
4303,60,13,0.0500,26.8001,522.0903
4304,27,7,0.0500,30.7209,496.8468
4305,57,11,0.0500,30.5437,521.6573
4306,61,10,0.0500,34.3393,497.8614
4307,34,8,0.0500,45.7100,493.7822
4308,85,13,0.0500,25.6411,509.4871
4309,39,10,0.0500,25.5215,537.7851
4310,207,19,0.0500,33.4545,545.3372
4311,40,10,0.0500,34.2746,511.3633
4312,70,12,0.0500,41.5371,514.7804
4313,92,16,0.0500,32.9856,525.3556
4314,145,19,0.0500,35.3038,522.1117
4315,163,18,0.0500,34.5804,549.8122
4316,28,7,0.0500,31.5862,505.2857
4317,130,20,0.0500,33.3934,518.9606
4318,39,9,0.0500,33.1557,524.1723
4319,30,8,0.0500,39.6600,524.8438
4320,51,9,0.0500,25.5430,507.9488
4321,40,10,0.0500,33.2563,516.1220
4322,61,14,0.0500,26.1270,564.4795
4323,94,16,0.0500,25.7362,537.8876
4324,61,12,0.0500,18.2622,519.1235
4325,63,14,0.0500,19.9682,520.2939
4326,39,10,0.0500,29.0935,524.5132
4327,67,13,0.0500,27.2791,551.1013
4328,45,12,0.0500,41.7566,504.9198
4329,38,9,0.0500,37.5503,502.7935
4330,45,8,0.0500,18.0563,547.3634
4331,89,14,0.0500,29.0375,548.5201
4332,41,10,0.0500,45.1929,499.6388
4333,31,9,0.0500,21.0903,514.0833
4334,26,6,0.0500,32.7858,488.2096
4335,60,14,0.0500,24.7026,525.8314
4336,56,12,0.0500,27.5215,516.3108
4337,42,10,0.0500,24.7599,527.6743
4338,173,22,0.0500,36.4504,534.6388
4339,61,12,0.0500,35.3651,535.7896
4340,93,16,0.0500,33.3267,518.6113
4341,45,13,0.0500,36.2159,526.5341
4342,97,13,0.0500,24.4889,534.8367
4343,63,11,0.0500,36.9339,566.4005
4344,33,7,0.0500,21.3163,494.3539
4345,83,15,0.0500,39.7936,527.0789
4346,77,11,0.0500,31.6027,527.8710
4347,223,20,0.0500,29.0250,559.7306
4348,123,16,0.0500,26.2030,522.1325
4349,85,17,0.0500,27.2046,533.4621
4350,54,11,0.0500,31.3385,527.6356
4351,119,13,0.0500,27.5651,518.8698
4352,32,8,0.0500,27.8309,498.5499
4353,57,13,0.0500,31.4048,537.9961
4354,298,19,0.0500,24.2843,545.4948
4355,31,8,0.0500,41.8023,492.8025
4356,47,10,0.0500,32.1578,525.2473
4357,110,14,0.0500,38.8319,535.3261
4358,144,18,0.0500,20.7434,522.5189
4359,28,9,0.0500,31.5622,483.5942
4360,52,11,0.0500,33.5060,508.3462
4361,45,12,0.0500,32.9883,504.5756
4362,31,9,0.0500,26.5528,500.9120
4363,84,14,0.0500,30.2633,539.6518
4364,40,10,0.0500,32.1616,504.8187
4365,82,14,0.0500,34.0248,516.0642
4366,91,16,0.0500,21.1205,529.3807
4367,53,12,0.0500,27.7335,530.0592
4368,69,10,0.0500,30.9593,536.2154
4369,42,11,0.0500,30.7806,505.9517
4370,78,11,0.0500,23.7090,525.7343
4371,32,8,0.0500,20.7248,508.0851
4372,41,9,0.0500,16.9676,503.7112
4373,32,7,0.0500,49.4141,502.9907
4374,36,10,0.0500,37.7265,525.6707
4375,129,18,0.0500,26.2653,539.2376
4376,53,12,0.0500,31.4541,511.1098
4377,79,14,0.0500,43.0626,534.8920
4378,108,16,0.0500,33.1605,520.5626
4379,61,14,0.0500,37.9791,516.5710
4380,28,7,0.0500,21.3069,489.8924
4381,55,11,0.0500,28.6532,517.6586
4382,32,8,0.0500,32.5791,526.8042
4383,40,10,0.0500,38.9608,515.2176
4384,53,11,0.0500,23.3701,528.0853
4385,29,7,0.0500,37.2281,511.3642
4386,45,12,0.0500,46.1564,515.7828
4387,166,23,0.0500,35.3997,545.9352
4388,51,11,0.0500,28.7525,530.2656
4389,41,13,0.0500,24.4116,520.8776
4390,39,9,0.0500,35.9479,510.0499
4391,35,7,0.0500,35.0759,550.3027
4392,56,13,0.0500,32.2584,515.6404
4393,43,11,0.0500,30.2051,532.3644
4394,40,10,0.0500,32.1425,526.0685
4395,34,7,0.0500,27.4181,525.5965
4396,62,13,0.0500,37.7216,504.0089
4397,51,11,0.0500,21.7624,515.6125
4398,107,18,0.0500,37.7154,544.5152
4399,51,11,0.0500,25.3814,524.5549
4400,30,7,0.0500,34.1423,510.1926
4401,43,11,0.0500,42.0536,542.1264
4402,90,19,0.0500,34.8417,535.8685
4403,36,10,0.0500,34.3688,488.2782
4404,38,10,0.0500,32.9038,512.7398
4405,38,9,0.0500,25.6836,508.2707
4406,40,11,0.0500,38.2991,514.8470
4407,304,25,0.0500,29.4905,545.9694
4408,35,9,0.0500,25.7271,553.4981
4409,37,11,0.0500,25.4159,535.7713
4410,45,10,0.0500,31.3136,534.6993
4411,57,10,0.0500,43.7847,529.9659
4412,120,13,0.0500,33.3570,547.6826
4413,121,16,0.0500,28.1663,542.3761
4414,23,6,0.0500,26.6954,489.7196
4415,43,9,0.0500,33.6096,545.8992
4416,55,11,0.0500,32.4752,541.3525
4417,55,12,0.0500,28.4525,527.8344
4418,42,12,0.0500,33.1015,515.4704
4419,43,11,0.0500,24.7928,515.6372
4420,46,9,0.0500,24.0463,499.5141
4421,29,8,0.0500,31.5285,498.0060
4422,59,13,0.0500,41.2170,515.2564
4423,37,10,0.0500,48.4326,521.5605
4424,51,11,0.0500,30.2573,524.6759
4425,85,14,0.0500,40.9084,536.9369
4426,91,17,0.0500,30.0793,537.7018
4427,126,16,0.0500,32.1487,553.5646
4428,59,12,0.0500,36.0705,521.2888
4429,60,11,0.0500,30.3665,539.8651
4430,72,13,0.0500,28.6313,530.2934
4431,34,9,0.0500,34.9609,528.4603
4432,80,16,0.0500,26.1061,521.2791
4433,60,13,0.0500,30.9023,535.5860
4434,64,14,0.0500,28.8106,544.4710
4435,75,14,0.0500,34.0359,547.1566
4436,103,15,0.0500,31.3888,534.9351
4437,102,16,0.0500,36.1886,527.9071
4438,137,18,0.0500,27.5463,537.4857
4439,59,11,0.0500,33.1734,527.9487
4440,139,19,0.0500,31.6221,546.2651
4441,47,12,0.0500,21.4723,521.6288
4442,49,13,0.0500,29.2146,527.7594
4443,45,12,0.0500,19.5356,532.8099
4444,48,10,0.0500,30.8298,552.5524
4445,53,11,0.0500,37.5552,547.1316
4446,41,11,0.0500,33.3641,532.8566
4447,46,9,0.0500,36.6138,522.3551
4448,40,9,0.0500,16.9353,537.8016
4449,60,13,0.0500,35.1675,532.6433
4450,31,8,0.0500,27.8942,518.7938
4451,61,15,0.0500,26.3725,514.2288
4452,34,8,0.0500,37.7581,516.4769
4453,48,10,0.0500,23.7867,517.7480
4454,31,9,0.0500,28.5266,508.3382
4455,46,11,0.0500,33.7464,561.2502
4456,43,12,0.0500,27.2737,531.3240
4457,57,10,0.0500,40.6060,532.8167
4458,125,17,0.0500,19.3169,542.3182
4459,138,18,0.0500,27.8412,528.2186
4460,57,14,0.0500,31.6066,520.3601
4461,37,10,0.0500,52.9969,529.8207
4462,58,14,0.0500,26.6790,514.0761
4463,37,10,0.0500,34.6579,515.4182
4464,60,12,0.0500,29.7123,539.5903
4465,72,13,0.0500,33.6690,533.2926
4466,108,14,0.0500,35.7856,532.0518
4467,32,6,0.0500,23.2882,526.0289
4468,58,11,0.0500,36.3584,547.3749
4469,78,12,0.0500,32.1638,565.7458
4470,25,7,0.0500,41.9310,490.2662
4471,222,18,0.0500,27.7094,540.0817
4472,170,18,0.0500,30.5661,551.4390
4473,36,7,0.0500,25.8499,504.8120
4474,37,11,0.0500,32.0901,538.3267
4475,33,9,0.0500,21.2336,541.1098
4476,121,17,0.0500,19.6176,548.9348
4477,203,20,0.0500,33.6850,532.9059
4478,98,14,0.0500,34.4446,570.3133
4479,88,16,0.0500,34.4071,531.3418
4480,61,13,0.0500,29.0469,544.8880
4481,53,10,0.0500,20.3260,541.0668
4482,44,11,0.0500,30.4614,539.1171
4483,41,11,0.0500,44.4226,531.3304
4484,40,9,0.0500,23.3608,519.5430
4485,32,8,0.0500,33.2660,504.5070
4486,38,10,0.0500,31.4748,522.1072
4487,46,13,0.0500,23.8115,515.2986
4488,74,8,0.0500,33.6587,550.0855
4489,40,11,0.0500,37.9883,535.6079
4490,65,13,0.0500,28.3837,559.3917
4491,223,18,0.0500,25.5116,543.2419
4492,58,13,0.0500,22.6764,538.2937
4493,42,11,0.0500,33.4653,519.7243
4494,51,10,0.0500,34.4359,523.9286
4495,54,11,0.0500,37.2820,545.3227
4496,73,11,0.0500,31.4500,555.3366
4497,107,14,0.0500,30.8036,559.8969
4498,105,11,0.0500,29.3255,545.0632
4499,55,12,0.0500,34.5265,524.5686
4500,57,13,0.0500,33.2838,531.8029
4501,56,10,0.0500,31.3463,533.0106
4502,41,9,0.0500,36.8499,523.0063
4503,91,16,0.0500,32.8568,567.2887
4504,36,10,0.0500,38.1463,536.8460
4505,41,11,0.0500,28.4627,545.5803
4506,100,16,0.0500,31.8485,540.5121
4507,58,12,0.0500,34.1695,529.6318
4508,35,9,0.0500,28.3536,523.1913
4509,95,15,0.0500,25.0974,546.1988
4510,151,15,0.0500,34.4261,548.3409
4511,60,12,0.0500,24.5313,566.8397
4512,40,10,0.0500,28.0717,538.0430
4513,88,15,0.0500,27.9228,554.3245
4514,99,15,0.0500,39.1061,562.0682
4515,47,12,0.0500,19.3044,529.1119
4516,45,11,0.0500,26.1967,544.3906
4517,145,19,0.0500,25.9822,561.2409
4518,45,11,0.0500,26.4527,533.8886
4519,94,16,0.0500,29.3625,536.9850
4520,36,10,0.0500,26.7980,537.2254
4521,62,13,0.0500,35.4485,530.8589
4522,31,7,0.0500,35.1312,535.4340
4523,66,11,0.0500,32.8915,547.0960
4524,38,12,0.0500,37.7817,527.0043
4525,53,10,0.0500,26.1388,518.3155
4526,42,12,0.0500,31.8370,544.4573
4527,32,8,0.0500,24.5163,531.9331
4528,78,10,0.0500,32.4926,542.0477
4529,27,7,0.0500,29.7770,531.2172
4530,222,18,0.0500,34.3543,561.3145
4531,90,16,0.0500,15.2842,556.6912
4532,51,10,0.0500,28.2115,518.4324
4533,53,10,0.0500,37.0590,540.4235
4534,43,14,0.0500,44.0496,540.4134
4535,40,9,0.0500,24.4157,532.5457
4536,31,7,0.0500,48.8239,524.7004
4537,36,11,0.0500,41.8617,527.6018
4538,52,11,0.0500,23.8912,543.8822
4539,123,17,0.0500,39.3420,545.1323
4540,90,15,0.0500,47.9038,549.3637
4541,144,18,0.0500,32.1626,572.7816
4542,123,17,0.0500,32.9820,553.7921
4543,42,10,0.0500,39.4486,537.8020
4544,163,18,0.0500,35.9940,561.4995
4545,53,10,0.0500,37.2990,554.2653
4546,60,13,0.0500,28.0714,531.6027
4547,43,11,0.0500,24.2676,552.8765
4548,44,11,0.0500,31.7917,542.1152
4549,54,11,0.0500,37.9369,555.8617
4550,189,20,0.0500,33.4010,563.0920
4551,55,9,0.0500,37.8356,562.5134
4552,39,12,0.0500,27.8191,558.9561
4553,51,11,0.0500,31.8531,546.2193
4554,55,12,0.0500,32.1583,553.8333
4555,56,11,0.0500,30.4206,543.0269
4556,27,7,0.0500,25.1306,512.6945
4557,60,13,0.0500,49.5149,571.2290
4558,74,12,0.0500,30.4948,552.0652
4559,59,13,0.0500,28.2015,551.3865
4560,130,17,0.0500,31.3009,566.7536
4561,41,10,0.0500,28.7378,530.4237
4562,44,12,0.0500,32.4205,525.3743
4563,44,10,0.0500,48.1497,554.2217
4564,41,9,0.0500,28.5271,541.5022
4565,42,7,0.0500,38.1208,537.1532
4566,88,14,0.0500,37.8704,549.6332
4567,37,8,0.0500,33.7812,528.1946
4568,43,10,0.0500,40.0485,549.2860
4569,46,10,0.0500,25.4961,568.3617
4570,58,13,0.0500,29.1601,562.7808
4571,38,10,0.0500,38.5611,569.5898
4572,42,11,0.0500,24.1750,556.6256
4573,38,10,0.0500,41.4980,556.8701
4574,57,12,0.0500,26.4757,549.5615
4575,39,8,0.0500,33.7313,541.3306
4576,38,9,0.0500,37.2582,539.6127
4577,165,16,0.0500,43.2763,569.1742
4578,209,21,0.0500,30.4178,576.0497
4579,53,11,0.0500,32.9101,550.5619
4580,37,9,0.0500,19.4138,561.4233
4581,41,12,0.0500,32.1254,567.1441
4582,78,14,0.0500,36.3245,543.4400
4583,53,11,0.0500,38.9579,596.3907
4584,42,9,0.0500,20.0967,552.5289
4585,253,23,0.0500,33.9088,584.5504
4586,104,13,0.0500,37.7170,562.7800
4587,90,14,0.0500,36.5009,565.1809
4588,46,8,0.0500,32.9731,560.5903
4589,30,7,0.0500,34.3547,529.2886
4590,76,14,0.0500,29.4647,576.9437
4591,89,15,0.0500,27.4219,562.7410
4592,85,16,0.0500,33.0029,567.1434
4593,166,19,0.0500,32.4934,568.8055
4594,167,21,0.0500,33.4757,570.4042
4595,50,13,0.0500,42.3297,559.6348
4596,104,16,0.0500,34.5084,580.0854
4597,34,9,0.0500,31.8031,548.8964
4598,38,11,0.0500,29.6730,531.0467
4599,58,11,0.0500,33.9698,581.2829
4600,75,12,0.0500,32.7923,539.6564
4601,116,16,0.0500,24.2452,573.2339
4602,42,10,0.0500,26.2860,547.0999
4603,44,11,0.0500,24.4291,556.7566
4604,86,15,0.0500,36.6035,571.2302
4605,88,14,0.0500,32.5821,567.3311
4606,74,16,0.0500,23.2152,558.2704
4607,50,10,0.0500,29.4766,562.0671
4608,41,9,0.0500,35.6083,556.2259
4609,53,11,0.0500,26.7649,575.2077
4610,61,11,0.0500,31.2072,553.3736
4611,34,9,0.0500,29.3267,560.6452
4612,38,10,0.0500,40.8172,546.1152
4613,136,18,0.0500,31.8030,571.6812
4614,54,12,0.0500,32.7655,566.4176
4615,30,8,0.0500,21.3689,531.9754
4616,54,12,0.0500,43.5400,573.2112
4617,92,16,0.0500,27.1937,577.5836
4618,124,17,0.0500,31.4544,567.7741
4619,81,16,0.0500,42.5962,556.8605
4620,64,12,0.0500,30.5483,549.2319
4621,30,8,0.0500,42.6510,533.5729
4622,41,11,0.0500,27.7023,550.7183
4623,26,7,0.0500,30.4721,525.7117
4624,25,7,0.0500,24.3652,550.3964
4625,39,11,0.0500,27.9597,533.4554
4626,57,10,0.0500,32.7262,552.9672
4627,39,8,0.0500,32.0575,532.4498
4628,40,10,0.0500,36.7835,565.6618
4629,140,20,0.0500,37.1016,577.6310
4630,37,8,0.0500,38.8376,555.7316
4631,51,11,0.0500,32.6376,539.9434
4632,39,11,0.0500,35.0611,548.4187
4633,54,11,0.0500,27.0323,548.6280
4634,33,8,0.0500,26.3164,546.6632
4635,39,8,0.0500,19.2099,543.6870
4636,90,16,0.0500,22.9855,558.4110
4637,57,11,0.0500,41.0631,543.4509
4638,61,13,0.0500,32.4164,558.3610
4639,50,13,0.0500,28.6122,561.3175
4640,34,8,0.0500,22.1012,565.9812
4641,31,8,0.0500,29.7453,578.7080
4642,116,14,0.0500,32.1654,559.1141
4643,33,9,0.0500,26.1012,537.6964
4644,49,10,0.0500,23.8985,563.2181
4645,44,9,0.0500,34.8771,570.3701
4646,72,13,0.0500,33.8669,577.1891
4647,37,11,0.0500,43.3862,537.5478
4648,160,17,0.0500,28.7762,578.6810
4649,26,7,0.0500,31.1979,552.4250
4650,64,14,0.0500,40.6771,564.7200
4651,73,15,0.0500,49.8447,567.8530
4652,42,10,0.0500,37.2293,561.3256
4653,63,14,0.0500,41.6228,568.8170
4654,44,10,0.0500,39.6341,573.1104
4655,56,13,0.0500,36.3021,556.4281
4656,44,12,0.0500,28.4019,550.0019
4657,61,8,0.0500,36.6842,557.6339
4658,57,13,0.0500,39.4560,542.6065
4659,45,11,0.0500,44.0577,578.0313
4660,64,16,0.0500,33.6772,574.3945
4661,131,16,0.0500,30.1061,560.0169
4662,43,11,0.0500,33.4782,564.2930
4663,41,10,0.0500,34.4052,565.5583
4664,125,17,0.0500,31.3336,557.0607
4665,61,13,0.0500,25.4014,569.7867
4666,43,11,0.0500,45.4752,557.9735
4667,45,12,0.0500,29.2848,549.8485
4668,81,16,0.0500,34.8003,583.8023
4669,43,12,0.0500,31.2315,574.1882
4670,161,18,0.0500,35.2076,572.4757
4671,37,10,0.0500,28.1171,544.1931
4672,117,14,0.0500,35.1641,582.9228
4673,55,11,0.0500,30.0235,557.2976
4674,42,9,0.0500,30.1827,553.3880
4675,54,13,0.0500,27.0183,556.6385
4676,84,11,0.0500,32.5578,565.7007
4677,44,10,0.0500,20.9322,550.6476
4678,42,11,0.0500,40.6618,553.0319
4679,66,12,0.0500,31.1842,567.7882
4680,57,12,0.0500,35.9328,540.5059
4681,124,16,0.0500,28.8638,585.1496
4682,113,12,0.0500,31.0142,569.7506
4683,70,12,0.0500,30.9564,568.4064
4684,42,10,0.0500,37.0985,550.5213
4685,95,17,0.0500,38.6984,568.5544
4686,54,13,0.0500,47.1488,532.9163
4687,41,11,0.0500,32.5066,550.9625
4688,32,8,0.0500,35.0584,547.7978
4689,46,9,0.0500,29.3332,563.3149
4690,58,13,0.0500,22.5629,560.4028
4691,48,11,0.0500,26.1442,564.2424
4692,64,15,0.0500,26.7467,563.2406
4693,59,12,0.0500,34.2992,570.4048
4694,61,14,0.0500,22.1500,551.3629
4695,104,15,0.0500,27.6180,557.3995
4696,54,11,0.0500,40.0202,566.4968
4697,32,8,0.0500,41.2584,559.4491
4698,46,12,0.0500,34.1499,567.1573
4699,41,10,0.0500,30.8316,558.6275
4700,37,10,0.0500,26.8944,531.8823
4701,43,11,0.0500,20.9333,544.4880
4702,85,13,0.0500,44.1844,564.3825
4703,40,10,0.0500,27.8928,552.8019
4704,100,16,0.0500,38.0028,575.7449
4705,40,11,0.0500,31.6323,548.8801
4706,31,9,0.0500,24.5604,543.8423
4707,515,42,0.0500,30.3587,579.5702
4708,37,8,0.0500,35.5528,560.6643
4709,45,12,0.0500,31.4569,547.7242
4710,48,10,0.0500,28.9321,537.2451
4711,67,13,0.0500,35.4395,570.5084
4712,63,14,0.0500,36.3945,570.4392
4713,37,10,0.0500,34.9200,555.4100
4714,51,12,0.0500,36.7075,542.6158
4715,57,12,0.0500,35.1463,544.6743
4716,84,15,0.0500,38.6684,558.4373
4717,51,9,0.0500,18.8845,546.7019
4718,38,9,0.0500,42.2256,533.4508
4719,209,21,0.0500,33.0719,583.3362
4720,34,8,0.0500,35.0720,545.8477
4721,48,10,0.0500,35.5137,552.5956
4722,49,11,0.0500,37.5315,573.0568
4723,41,9,0.0500,31.9264,539.7003
4724,94,15,0.0500,33.7384,569.7182
4725,113,14,0.0500,33.7962,592.1411
4726,34,9,0.0500,33.6391,545.9631
4727,47,11,0.0500,33.3003,569.7626
4728,52,10,0.0500,34.8257,557.3497
4729,194,25,0.0500,35.1263,576.0966
4730,58,10,0.0500,37.6035,539.8323
4731,38,9,0.0500,22.0906,567.5424
4732,28,7,0.0500,33.8943,525.4801
4733,84,14,0.0500,43.1917,542.0917
4734,171,19,0.0500,30.5939,555.9886
4735,40,10,0.0500,23.6240,556.3579
4736,61,14,0.0500,43.1099,571.2400
4737,36,10,0.0500,40.7453,542.4904
4738,63,13,0.0500,45.3160,558.9731
4739,32,8,0.0500,29.8367,544.9146
4740,62,11,0.0500,32.4332,573.8406
4741,36,9,0.0500,24.6224,545.9925
4742,37,7,0.0500,38.9794,554.1513
4743,84,14,0.0500,31.6229,568.4427
4744,48,12,0.0500,34.9889,550.1638
4745,174,19,0.0500,19.4634,584.0631
4746,47,11,0.0500,33.5998,553.7056
4747,50,10,0.0500,42.3882,567.2875
4748,75,14,0.0500,34.3620,565.4640
4749,87,13,0.0500,26.7206,560.8116
4750,52,11,0.0500,32.0815,538.7937
4751,119,16,0.0500,31.7677,577.5739
4752,31,8,0.0500,24.9284,521.2381
4753,37,10,0.0500,20.9023,534.6954
4754,173,20,0.0500,24.8116,569.0540
4755,72,12,0.0500,38.6553,551.3087
4756,99,17,0.0500,27.6439,556.5256
4757,58,11,0.0500,32.0076,543.1771
4758,37,9,0.0500,39.7326,546.1992
4759,241,27,0.0500,30.9367,571.0405
4760,45,13,0.0500,39.8917,551.9549
4761,74,15,0.0500,29.0606,559.3539
4762,60,13,0.0500,23.0431,581.1076
4763,43,12,0.0500,28.5903,545.4063
4764,44,10,0.0500,30.5508,551.2703
4765,41,9,0.0500,31.2703,569.5952
4766,62,14,0.0500,40.2213,559.9143
4767,34,8,0.0500,31.5242,534.2904
4768,20,5,0.0500,55.3375,548.2541
4769,38,10,0.0500,46.6673,561.1910
4770,101,15,0.0500,25.6820,566.5758
4771,57,11,0.0500,30.0569,551.6338
4772,80,13,0.0500,34.9962,555.9247
4773,41,10,0.0500,28.7519,555.9168
4774,38,9,0.0500,29.1300,533.4863
4775,114,19,0.0500,28.3794,569.3985
4776,380,27,0.0500,30.6023,592.5339
4777,81,16,0.0500,27.6843,574.4001
4778,85,15,0.0500,22.4712,565.6239
4779,47,12,0.0500,43.8721,555.2671
4780,158,16,0.0500,37.4923,569.5884
4781,32,8,0.0500,26.9199,552.4335
4782,46,12,0.0500,30.4132,544.7281
4783,171,17,0.0500,38.8525,569.6590
4784,51,9,0.0500,27.4488,569.9258
4785,29,8,0.0500,32.3410,550.4592
4786,64,12,0.0500,41.0521,567.1174
4787,57,13,0.0500,30.6981,556.4232
4788,29,9,0.0500,31.5310,544.4450
4789,43,10,0.0500,43.6104,590.2378
4790,43,10,0.0500,35.7610,559.0188
4791,42,11,0.0500,30.6957,547.3073
4792,65,13,0.0500,21.4523,566.9436
4793,50,9,0.0500,26.3564,554.7101
4794,42,11,0.0500,22.5395,556.0595
4795,59,12,0.0500,41.0149,561.8485
4796,61,10,0.0500,17.1768,556.4444
4797,38,11,0.0500,20.9101,537.1046
4798,155,16,0.0500,26.8076,576.2343
4799,59,12,0.0500,27.8025,544.4856
4800,46,12,0.0500,22.6625,561.7858
4801,59,14,0.0500,22.3936,564.0319
4802,61,15,0.0500,39.3837,563.8076
4803,45,11,0.0500,20.9674,562.8572
4804,36,8,0.0500,39.7695,560.7463
4805,34,10,0.0500,26.4213,549.6446
4806,123,15,0.0500,26.8598,573.5248
4807,52,10,0.0500,36.0650,565.0636
4808,60,13,0.0500,28.8582,555.8950
4809,63,12,0.0500,26.3369,580.1090
4810,36,9,0.0500,39.4623,541.9279
4811,43,11,0.0500,28.2763,544.8717
4812,57,10,0.0500,22.8053,577.3314
4813,59,14,0.0500,32.8852,565.9306
4814,40,11,0.0500,37.1613,541.3327
4815,39,12,0.0500,32.4017,531.5241
4816,40,11,0.0500,22.5608,550.3402
4817,61,15,0.0500,38.6747,574.8738
4818,34,9,0.0500,20.2498,538.3600
4819,76,15,0.0500,40.3236,544.0479
4820,36,10,0.0500,40.3152,540.3303
4821,59,14,0.0500,28.3709,574.1973
4822,293,22,0.0500,34.9146,590.5899
4823,36,9,0.0500,28.9254,530.6872
4824,87,14,0.0500,30.2404,554.8306
4825,92,16,0.0500,38.3714,571.7538
4826,68,12,0.0500,30.4170,556.1431
4827,44,13,0.0500,33.0878,554.9414
4828,83,14,0.0500,34.0596,582.7597
4829,55,12,0.0500,34.5771,551.5206
4830,59,13,0.0500,27.7968,551.2350
4831,39,10,0.0500,32.8968,572.7967
4832,131,18,0.0500,25.2727,567.5727
4833,46,12,0.0500,23.1063,558.4598
4834,177,20,0.0500,37.5449,589.2874
4835,41,11,0.0500,38.0803,547.4123
4836,63,13,0.0500,26.6066,587.8587
4837,90,16,0.0500,27.0414,585.1081
4838,57,12,0.0500,21.6881,556.2504
4839,74,14,0.0500,35.0532,569.6641
4840,148,20,0.0500,38.8574,579.1803
4841,43,11,0.0500,32.3640,557.8195
4842,34,8,0.0500,28.8250,555.7054
4843,46,9,0.0500,22.4321,559.5101
4844,43,10,0.0500,15.0257,581.8465
4845,123,15,0.0500,33.0395,564.9884
4846,111,15,0.0500,35.7185,560.1372
4847,61,12,0.0500,28.2256,556.4512
4848,38,11,0.0500,41.0245,545.9481
4849,240,26,0.0500,33.8684,600.4354
4850,108,17,0.0500,41.4329,570.4762
4851,45,11,0.0500,45.1902,543.2100
4852,40,11,0.0500,32.2629,534.9885
4853,106,16,0.0500,43.5080,568.3241
4854,88,13,0.0500,32.0803,601.2700
4855,56,9,0.0500,37.0971,560.3473
4856,39,10,0.0500,37.4050,547.2429
4857,32,8,0.0500,34.7837,533.1741
4858,52,10,0.0500,28.6309,583.1058
4859,80,13,0.0500,46.5369,587.3048
4860,88,14,0.0500,37.1527,576.9433
4861,38,10,0.0500,29.6396,568.6013
4862,106,17,0.0500,31.5917,554.3150
4863,61,13,0.0500,35.9310,589.3538
4864,62,10,0.0500,25.1095,566.9061
4865,41,10,0.0500,37.4044,558.8418
4866,54,11,0.0500,32.9994,552.1557
4867,33,9,0.0500,31.1315,550.9366
4868,46,7,0.0500,28.9859,560.6170
4869,53,11,0.0500,30.1739,572.2383
4870,51,13,0.0500,26.1159,551.9876
4871,102,15,0.0500,36.2517,576.4099
4872,54,11,0.0500,31.6215,571.1531
4873,40,10,0.0500,49.2397,568.4630
4874,75,11,0.0500,47.2267,562.9928
4875,36,10,0.0500,37.1184,587.2326
4876,62,14,0.0500,16.3952,551.6306
4877,159,20,0.0500,37.9269,588.3294
4878,136,15,0.0500,29.5959,587.0816
4879,120,15,0.0500,48.3754,558.2248
4880,27,6,0.0500,31.5368,580.8488
4881,33,8,0.0500,23.1723,540.8877
4882,41,10,0.0500,41.5902,547.4863
4883,130,17,0.0500,26.2594,584.3783
4884,88,16,0.0500,31.1470,584.5667
4885,219,17,0.0500,36.6479,572.6240
4886,63,15,0.0500,42.2471,559.4765
4887,32,8,0.0500,42.4767,558.6545
4888,91,15,0.0500,37.9123,565.3461
4889,56,12,0.0500,43.6618,581.7862
4890,81,13,0.0500,27.7963,564.7128
4891,43,10,0.0500,48.3680,580.1105
4892,108,14,0.0500,27.6996,563.2432
4893,61,12,0.0500,27.4843,595.7762
4894,26,7,0.0500,32.9582,543.7641
4895,125,18,0.0500,37.2736,567.3418
4896,62,12,0.0500,34.7744,579.0744
4897,35,9,0.0500,35.2711,583.3377
4898,227,20,0.0500,30.2590,576.7883
4899,52,12,0.0500,28.1468,562.0109
4900,43,11,0.0500,33.1055,570.6370
4901,77,15,0.0500,38.8123,574.0867
4902,37,9,0.0500,33.2513,550.1146
4903,55,13,0.0500,26.9471,572.7620
4904,63,13,0.0500,29.4930,556.8643
4905,78,14,0.0500,37.9587,576.0679
4906,24,6,0.0500,28.7497,542.6205
4907,29,8,0.0500,31.2352,584.1153
4908,147,19,0.0500,34.9760,589.4651
4909,61,12,0.0500,37.6948,589.8003
4910,42,8,0.0500,34.6429,553.2509
4911,32,6,0.0500,38.0370,543.9413
4912,56,12,0.0500,31.9939,551.2506
4913,44,12,0.0500,26.2424,558.4675
4914,36,9,0.0500,29.2316,567.7410
4915,44,11,0.0500,34.2885,571.3593
4916,79,15,0.0500,36.0228,590.2832
4917,227,18,0.0500,41.5681,592.6119
4918,55,12,0.0500,35.5688,577.6738
4919,39,8,0.0500,31.6094,571.5836
4920,42,11,0.0500,27.1417,559.8710
4921,78,11,0.0500,33.8235,562.9278
4922,103,17,0.0500,26.9060,582.5351
4923,29,7,0.0500,19.1281,572.4753
4924,42,10,0.0500,24.9261,594.4684
4925,38,11,0.0500,39.0965,558.0366
4926,42,12,0.0500,31.0593,553.2254
4927,37,9,0.0500,35.3668,581.2328
4928,95,12,0.0500,26.2799,572.2563
4929,74,14,0.0500,25.2621,564.6534
4930,49,12,0.0500,31.0635,585.9218
4931,170,17,0.0500,32.1526,592.8329
4932,46,11,0.0500,27.2485,558.1276
4933,35,9,0.0500,31.2594,557.5449
4934,32,7,0.0500,28.0355,533.7646
4935,57,13,0.0500,26.1266,578.1631
4936,58,12,0.0500,37.0406,571.4338
4937,88,13,0.0500,23.6613,561.5785
4938,31,8,0.0500,27.6181,562.8551
4939,66,13,0.0500,23.4249,579.0643
4940,77,12,0.0500,19.7239,561.3850
4941,52,10,0.0500,28.6178,573.3755
4942,94,17,0.0500,32.3672,562.4400
4943,41,9,0.0500,24.5025,558.4384
4944,124,18,0.0500,28.7763,595.7200
4945,83,12,0.0500,38.2909,575.2648
4946,39,10,0.0500,29.2012,558.2551
4947,57,13,0.0500,32.9055,573.6993
4948,44,11,0.0500,31.1986,556.7137
4949,87,17,0.0500,20.2759,559.7222
4950,60,13,0.0500,38.5881,551.6469
4951,32,7,0.0500,31.4300,537.7996
4952,57,11,0.0500,27.8669,560.5640
4953,43,10,0.0500,25.7477,573.5677
4954,46,8,0.0500,40.6159,551.8494
4955,82,13,0.0500,23.4063,582.2691
4956,36,9,0.0500,28.6807,544.9492
4957,40,12,0.0500,30.3369,567.0339
4958,46,9,0.0500,23.0355,592.6406
4959,63,13,0.0500,38.7808,557.5698
4960,55,11,0.0500,45.0503,565.2325
4961,91,14,0.0500,33.7469,578.9992
4962,60,13,0.0500,38.2567,574.9808
4963,61,12,0.0500,29.4202,563.4446
4964,43,11,0.0500,39.9870,563.2688
4965,64,12,0.0500,24.0671,577.7513
4966,59,13,0.0500,32.4078,570.6615
4967,77,15,0.0500,31.2023,571.6413
4968,39,10,0.0500,25.5422,583.7179
4969,76,11,0.0500,29.0406,587.6155
4970,49,10,0.0500,36.9230,557.1416
4971,55,11,0.0500,44.6632,542.0908
4972,49,9,0.0500,37.6798,581.4750
4973,43,11,0.0500,30.5685,566.1262
4974,165,16,0.0500,24.6208,581.2141
4975,33,9,0.0500,40.3035,551.0568
4976,33,9,0.0500,43.2544,565.9057
4977,26,7,0.0500,39.3766,537.9256
4978,61,14,0.0500,35.3169,567.8278
4979,212,19,0.0500,28.7329,580.3574
4980,398,30,0.0500,28.8996,610.3603
4981,55,11,0.0500,32.6026,582.3507
4982,94,18,0.0500,37.0890,580.1425
4983,88,15,0.0500,19.6881,566.3338
4984,37,10,0.0500,25.2019,560.2003
4985,37,10,0.0500,41.8993,560.4959
4986,64,14,0.0500,23.9810,551.1139
4987,30,9,0.0500,31.7821,572.1017
4988,62,12,0.0500,28.7428,584.8838
4989,57,13,0.0500,40.4274,590.3205
4990,33,9,0.0500,22.7559,550.8344
4991,30,7,0.0500,31.1000,537.0127
4992,51,10,0.0500,43.0642,570.7363
4993,248,22,0.0500,30.6512,605.3745
4994,141,20,0.0500,36.6278,577.4705
4995,132,17,0.0500,32.3093,604.0222
4996,58,13,0.0500,35.1569,558.5726
4997,43,12,0.0500,39.6204,562.8524
4998,34,8,0.0500,34.9268,544.1226
4999,216,21,0.0500,25.0812,579.4206
5000,31,8,0.0500,23.0855,545.7300
