episode,score,steps,epsilon,loss,avg_v
1,50,13,0.9996,0.0000,4.6647
2,81,13,0.9992,0.0000,10.8940
3,57,14,0.9989,5.4302,5.7098
4,38,9,0.9985,5.4466,6.4606
5,115,13,0.9981,4.3520,16.0712
6,161,19,0.9977,4.4970,13.4420
7,123,15,0.9973,4.5376,18.1859
8,38,10,0.9970,3.9030,10.1187
9,66,11,0.9966,4.2102,15.1152
10,100,16,0.9962,4.9866,15.1579
11,38,9,0.9958,3.6753,8.6725
12,60,12,0.9954,3.4656,11.8882
13,38,11,0.9951,3.6296,9.7332
14,68,12,0.9947,4.0164,13.3085
15,38,11,0.9943,3.2137,9.5632
16,44,12,0.9939,4.0747,10.7291
17,35,8,0.9935,2.9075,10.5217
18,28,8,0.9932,3.7241,9.0828
19,39,9,0.9928,5.0528,12.3118
20,39,11,0.9924,4.5442,9.4712
21,44,11,0.9920,4.0555,9.3037
22,49,13,0.9916,4.2304,10.8289
23,52,10,0.9913,3.7630,10.6636
24,41,10,0.9909,3.2415,8.1400
25,79,14,0.9905,3.4934,15.4507
26,53,11,0.9901,4.1629,10.1736
27,140,17,0.9897,3.9972,14.5022
28,32,9,0.9894,3.8152,8.3639
29,40,10,0.9890,4.7667,9.7830
30,34,8,0.9886,4.3066,10.2896
31,37,10,0.9882,3.4187,9.6997
32,93,17,0.9878,3.7674,10.1676
33,55,13,0.9875,3.4035,9.4386
34,86,14,0.9871,3.9220,11.0701
35,48,13,0.9867,3.0678,9.9833
36,33,9,0.9863,4.4181,8.5246
37,82,11,0.9859,2.7977,15.8952
38,32,7,0.9856,4.5640,10.8999
39,38,12,0.9852,3.2341,7.2883
40,38,9,0.9848,3.3514,11.4452
41,116,18,0.9844,4.0683,13.0759
42,65,16,0.9840,2.9664,9.1657
43,53,11,0.9837,2.9232,10.4964
44,120,14,0.9833,3.4124,18.6480
45,37,10,0.9829,4.8624,10.0577
46,36,9,0.9825,7.1408,12.2537
47,52,11,0.9821,5.6085,12.4064
48,30,7,0.9818,4.3893,12.4909
49,41,10,0.9814,3.7071,11.7296
50,80,16,0.9810,4.2521,14.5678
51,31,9,0.9806,3.8972,11.3159
52,68,14,0.9802,5.2045,17.1700
53,63,13,0.9799,4.7543,15.5992
54,80,11,0.9795,4.3606,17.0156
55,193,25,0.9791,4.3471,21.9885
56,39,11,0.9787,3.8247,14.3058
57,56,11,0.9783,2.8385,16.7112
58,35,8,0.9780,5.2128,12.3789
59,39,10,0.9776,3.7465,12.8815
60,73,13,0.9772,4.8900,16.3168
61,55,13,0.9768,4.6180,13.6730
62,30,8,0.9764,4.3784,61.1876
63,30,7,0.9761,3.0518,14.2228
64,36,9,0.9757,4.0173,13.2045
65,34,9,0.9753,4.9298,12.7269
66,178,21,0.9749,3.9787,23.0924
67,51,10,0.9745,4.0480,14.9266
68,33,7,0.9742,5.0839,15.7558
69,27,7,0.9738,3.9453,11.9983
70,29,7,0.9734,4.8180,14.0219
71,34,9,0.9730,4.6201,12.5194
72,83,13,0.9726,3.7523,17.2518
73,51,11,0.9723,3.9554,12.2969
74,39,11,0.9719,4.9787,12.3651
75,33,8,0.9715,4.2055,12.9826
76,34,9,0.9711,3.5202,11.6458
77,120,18,0.9707,4.1274,14.2805
78,81,12,0.9704,3.5789,14.4706
79,55,12,0.9700,3.1761,13.4523
80,46,11,0.9696,4.4072,20.4432
81,33,10,0.9692,3.7037,11.7937
82,43,8,0.9688,3.6956,18.5421
83,41,11,0.9685,3.5531,13.1516
84,35,10,0.9681,4.1444,13.6565
85,33,9,0.9677,2.7721,11.2814
86,41,11,0.9673,3.6172,11.7586
87,58,12,0.9669,3.7796,14.8070
88,61,11,0.9666,4.4098,16.0556
89,170,17,0.9662,3.4519,24.8749
90,35,10,0.9658,4.3685,12.1630
91,45,11,0.9654,5.3170,20.2471
92,37,9,0.9650,4.8644,18.0318
93,50,10,0.9647,4.3498,17.5414
94,57,12,0.9643,3.9515,18.5889
95,38,10,0.9639,5.7038,17.8108
96,169,16,0.9635,5.3488,28.5648
97,39,10,0.9631,4.5821,16.9455
98,41,9,0.9628,3.3908,17.1136
99,57,11,0.9624,4.2722,23.7292
100,37,9,0.9620,4.8122,16.4573
101,55,12,0.9616,2.8030,17.5455
102,109,17,0.9612,3.5215,24.7490
103,49,10,0.9609,3.4619,17.5441
104,35,10,0.9605,4.4581,19.8647
105,36,10,0.9601,4.6277,18.5137
106,76,15,0.9597,4.4755,19.8267
107,43,12,0.9593,4.2507,16.0782
108,75,15,0.9590,4.1358,20.1775
109,36,10,0.9586,3.3139,15.6432
110,65,14,0.9582,3.7475,17.8889
111,35,10,0.9578,4.6252,16.9196
112,58,13,0.9574,3.6976,19.2355
113,58,11,0.9571,4.4607,18.1056
114,41,10,0.9567,4.4218,18.5132
115,37,9,0.9563,3.0104,16.8699
116,38,9,0.9559,5.2627,19.5369
117,36,9,0.9555,5.0874,16.5772
118,38,9,0.9552,3.6174,17.6130
119,58,12,0.9548,4.8021,19.0336
120,38,10,0.9544,3.8397,16.9064
121,57,13,0.9540,3.6557,19.2803
122,49,13,0.9536,4.1061,17.0114
123,46,12,0.9533,4.5233,21.5716
124,50,10,0.9529,3.4739,19.2455
125,63,14,0.9525,3.4066,17.0899
126,29,7,0.9521,4.2116,19.3930
127,55,13,0.9517,2.9841,18.9495
128,163,17,0.9514,2.8184,20.9386
129,44,9,0.9510,3.5663,18.0931
130,34,8,0.9506,2.3432,19.4808
131,52,10,0.9502,3.9455,21.5618
132,123,19,0.9498,5.8493,22.2586
133,104,16,0.9495,3.0539,26.1992
134,27,5,0.9491,4.8911,23.2591
135,84,16,0.9487,5.8201,23.8936
136,137,17,0.9483,4.0804,29.4574
137,38,8,0.9479,3.2302,23.5637
138,42,10,0.9476,4.3224,26.2388
139,41,12,0.9472,3.8910,20.6805
140,32,9,0.9468,4.4272,20.0470
141,96,15,0.9464,3.8829,24.7010
142,126,13,0.9460,4.2902,34.9206
143,40,11,0.9457,4.7046,22.8753
144,35,9,0.9453,2.6765,20.8614
145,148,21,0.9449,5.0786,28.2754
146,95,18,0.9445,4.4020,26.2939
147,45,12,0.9441,3.3620,22.6721
148,124,17,0.9438,4.8163,27.8390
149,41,11,0.9434,2.7819,20.3258
150,37,9,0.9430,3.1324,20.8368
151,59,13,0.9426,3.4880,24.9099
152,37,10,0.9422,4.6274,21.8452
153,203,16,0.9419,3.7340,31.9680
154,26,6,0.9415,4.0314,26.4022
155,56,11,0.9411,4.4732,25.9155
156,35,10,0.9407,4.0837,20.3926
157,122,16,0.9403,3.6356,30.8756
158,37,10,0.9400,4.3748,21.0153
159,40,10,0.9396,4.2878,24.0867
160,44,8,0.9392,3.3450,24.7341
161,38,10,0.9388,2.9616,20.6859
162,52,10,0.9384,4.2952,26.4872
163,58,12,0.9381,3.6151,23.8973
164,40,12,0.9377,4.0503,21.5821
165,206,18,0.9373,3.8190,29.4785
166,168,15,0.9369,3.8057,29.5460
167,130,16,0.9365,4.1814,29.3782
168,80,12,0.9362,3.1080,27.5805
169,143,20,0.9358,3.4716,26.3604
170,90,14,0.9354,4.0153,26.2693
171,82,11,0.9350,3.9863,26.2132
172,41,10,0.9346,4.4893,20.9509
173,105,14,0.9343,4.9480,30.0238
174,194,24,0.9339,5.0318,31.1617
175,104,13,0.9335,4.7629,28.5546
176,111,20,0.9331,5.3401,30.0880
177,171,18,0.9327,5.1474,31.0350
178,84,14,0.9324,4.9881,30.0781
179,41,10,0.9320,3.4845,25.7706
180,40,11,0.9316,3.8962,25.3975
181,541,32,0.9312,4.8266,44.3143
182,209,23,0.9308,4.8524,30.4409
183,83,13,0.9305,3.7617,31.7128
184,25,6,0.9301,5.1657,26.1920
185,62,11,0.9297,5.1606,30.7491
186,32,8,0.9293,4.8457,27.8136
187,69,12,0.9289,5.3774,32.9893
188,59,13,0.9286,3.9097,24.2556
189,69,11,0.9282,5.2945,29.0903
190,70,11,0.9278,3.9758,34.6118
191,72,15,0.9274,6.2785,26.3611
192,21,5,0.9270,4.3335,29.7981
193,25,6,0.9267,4.5517,27.8415
194,34,8,0.9263,6.2394,29.5708
195,54,10,0.9259,4.6365,30.1190
196,32,8,0.9255,4.0806,25.2394
197,41,11,0.9251,4.5323,27.7361
198,33,8,0.9248,4.3510,29.6410
199,32,9,0.9244,5.1915,25.3056
200,53,8,0.9240,3.9675,28.7877
201,56,12,0.9236,5.7176,28.2832
202,37,9,0.9232,5.6316,27.4094
203,56,12,0.9229,5.2130,27.1517
204,21,5,0.9225,3.5709,28.1135
205,53,10,0.9221,4.2900,28.8611
206,181,16,0.9217,4.4829,34.6802
207,78,16,0.9213,5.1975,29.0655
208,35,9,0.9210,5.8369,24.9547
209,81,13,0.9206,5.2849,31.0148
210,43,12,0.9202,4.9038,26.6905
211,52,11,0.9198,4.8088,27.7295
212,57,12,0.9194,4.2615,26.9772
213,41,9,0.9191,4.3018,25.9281
214,40,9,0.9187,4.9021,25.5241
215,30,8,0.9183,4.4033,26.6963
216,43,8,0.9179,4.9286,28.4453
217,71,16,0.9175,5.4271,32.4894
218,37,8,0.9172,5.3139,33.6323
219,42,11,0.9168,5.6312,31.3348
220,52,12,0.9164,4.5146,31.2868
221,73,12,0.9160,5.6201,35.0043
222,45,9,0.9156,4.9411,33.0822
223,29,8,0.9153,5.3234,30.7725
224,55,12,0.9149,5.1835,30.9991
225,32,9,0.9145,2.9461,30.1280
226,85,13,0.9141,5.5577,34.7138
227,63,14,0.9137,4.4936,32.0131
228,31,7,0.9134,6.0885,35.0413
229,38,10,0.9130,3.9486,29.8705
230,95,13,0.9126,4.5705,33.3219
231,46,13,0.9122,4.3278,29.6250
232,37,10,0.9118,4.0608,30.6644
233,35,8,0.9115,5.5471,34.7743
234,96,16,0.9111,4.2688,34.8125
235,46,15,0.9107,4.5715,30.3677
236,31,8,0.9103,5.4167,35.4124
237,33,8,0.9099,3.4586,33.8083
238,61,13,0.9096,5.1944,32.8917
239,55,11,0.9092,5.7577,29.5870
240,50,12,0.9088,4.3325,29.4956
241,39,9,0.9084,5.8658,32.7063
242,55,10,0.9080,4.3536,33.1512
243,46,10,0.9077,4.2815,30.4555
244,75,12,0.9073,4.3713,37.0266
245,53,11,0.9069,4.3355,30.4307
246,26,6,0.9065,5.0923,31.4911
247,44,11,0.9061,4.3691,32.7617
248,89,14,0.9058,5.9420,36.7954
249,79,12,0.9054,5.4108,31.7310
250,48,10,0.9050,6.2170,32.8948
251,42,10,0.9046,5.7129,35.9770
252,42,11,0.9042,6.7732,30.4583
253,38,10,0.9039,4.4213,33.2040
254,41,11,0.9035,4.2649,29.6321
255,55,11,0.9031,5.3963,33.8421
256,35,10,0.9027,5.7598,32.3425
257,35,9,0.9023,4.6492,32.1073
258,41,10,0.9020,5.9224,31.9921
259,36,9,0.9016,3.7604,31.0032
260,40,9,0.9012,5.5373,31.6137
261,48,9,0.9008,4.1067,31.9491
262,48,9,0.9004,5.5012,33.0862
263,34,8,0.9001,3.1402,32.6691
264,53,11,0.8997,6.7592,37.8013
265,61,12,0.8993,6.0359,36.3829
266,30,7,0.8989,4.5971,38.0855
267,37,9,0.8985,5.1084,37.8024
268,40,10,0.8982,5.8187,36.0670
269,40,10,0.8978,4.4875,36.6702
270,87,12,0.8974,4.7936,41.9383
271,42,11,0.8970,6.3296,36.9284
272,96,16,0.8966,6.1768,38.8050
273,34,11,0.8963,4.6353,36.9216
274,53,10,0.8959,5.6044,37.2972
275,66,12,0.8955,4.6206,40.4477
276,101,11,0.8951,6.0398,49.3353
277,63,13,0.8947,4.4422,39.4137
278,27,7,0.8944,6.1404,36.4025
279,54,11,0.8940,5.0186,39.9428
280,90,14,0.8936,5.3565,49.8624
281,35,9,0.8932,5.8637,37.0566
282,111,15,0.8928,4.9756,38.9714
283,36,9,0.8925,4.8349,35.5750
284,53,11,0.8921,5.2769,37.8292
285,33,8,0.8917,5.9556,36.3575
286,30,7,0.8913,6.5028,35.3392
287,44,11,0.8909,6.7216,38.0559
288,35,10,0.8906,6.5311,35.5033
289,218,20,0.8902,5.4682,48.9738
290,127,18,0.8898,6.1959,45.5165
291,57,11,0.8894,5.2597,37.8568
292,41,11,0.8890,6.9117,36.2077
293,36,11,0.8887,5.2791,37.8923
294,38,11,0.8883,6.0753,38.3438
295,84,14,0.8879,5.0900,42.4596
296,55,11,0.8875,4.9630,42.4459
297,120,12,0.8871,6.0697,41.6169
298,49,9,0.8868,5.3627,40.9222
299,37,10,0.8864,4.9591,38.5147
300,62,10,0.8860,5.1625,37.6477
301,26,7,0.8856,6.7760,36.4955
302,117,13,0.8852,4.7693,39.7901
303,38,9,0.8849,5.8372,41.1150
304,52,11,0.8845,5.2188,35.7742
305,45,10,0.8841,4.7924,39.5788
306,57,11,0.8837,5.6614,43.6937
307,119,14,0.8833,5.5893,44.4574
308,40,10,0.8830,6.9633,33.4533
309,96,15,0.8826,5.1426,43.6719
310,46,9,0.8822,6.2455,41.8897
311,60,13,0.8818,6.3096,45.5838
312,76,16,0.8814,6.4628,40.9031
313,37,10,0.8811,5.0482,41.3994
314,89,15,0.8807,5.6371,42.3283
315,52,11,0.8803,3.9401,42.6922
316,34,9,0.8799,6.8447,39.8240
317,30,8,0.8795,7.7026,38.0067
318,76,15,0.8792,4.9851,44.7430
319,60,12,0.8788,4.5004,40.5709
320,37,9,0.8784,6.0754,41.2395
321,52,11,0.8780,5.9913,45.5617
322,36,11,0.8776,7.3380,39.0097
323,72,12,0.8773,6.1317,46.9217
324,37,9,0.8769,5.1722,44.1653
325,61,13,0.8765,6.4258,47.3195
326,57,12,0.8761,6.4943,42.0569
327,28,8,0.8757,5.5087,39.6002
328,35,11,0.8754,5.6761,42.3127
329,119,19,0.8750,4.8440,47.0952
330,35,10,0.8746,4.6234,42.2395
331,88,15,0.8742,6.2953,43.5312
332,29,8,0.8738,4.7428,39.5306
333,36,9,0.8735,6.9032,44.7744
334,57,13,0.8731,6.6259,44.9450
335,101,14,0.8727,5.7117,42.6966
336,164,15,0.8723,6.3243,49.3976
337,56,11,0.8719,5.1545,50.6650
338,37,10,0.8716,5.0257,43.2330
339,33,8,0.8712,6.0319,43.2891
340,36,8,0.8708,3.3725,42.6837
341,214,21,0.8704,5.4246,51.4050
342,37,11,0.8700,5.4155,41.3339
343,85,16,0.8697,4.9494,38.9345
344,33,7,0.8693,5.4418,46.0064
345,36,8,0.8689,6.1050,42.3282
346,57,11,0.8685,5.7424,44.9524
347,46,11,0.8681,5.1429,46.7134
348,50,11,0.8678,4.8359,40.4137
349,105,18,0.8674,6.0191,44.5428
350,104,16,0.8670,4.7719,48.1585
351,34,8,0.8666,6.3428,47.6770
352,39,11,0.8662,8.1781,45.8111
353,52,12,0.8659,6.5212,46.6997
354,103,16,0.8655,5.7664,49.2938
355,62,13,0.8651,6.2834,44.5118
356,78,12,0.8647,5.7004,50.3685
357,142,19,0.8643,5.4759,51.4914
358,39,11,0.8640,5.6679,49.3898
359,28,8,0.8636,5.4624,46.5656
360,49,11,0.8632,5.5573,44.2451
361,36,10,0.8628,5.4435,45.5037
362,55,12,0.8624,5.4394,49.0296
363,58,11,0.8621,5.5256,47.5599
364,127,17,0.8617,5.3378,48.9568
365,61,11,0.8613,7.2526,52.9569
366,67,14,0.8609,7.9360,52.0518
367,26,7,0.8605,4.5838,47.8041
368,31,8,0.8602,6.4074,46.4297
369,50,11,0.8598,5.8971,45.8379
370,28,7,0.8594,7.3928,45.0479
371,64,12,0.8590,6.9363,45.2481
372,40,11,0.8586,5.3875,48.6748
373,64,13,0.8583,4.1973,48.0517
374,54,11,0.8579,6.0304,48.7347
375,122,17,0.8575,6.3061,59.0865
376,46,11,0.8571,7.3090,46.1987
377,38,11,0.8567,4.9618,46.7825
378,56,11,0.8564,6.3925,48.6601
379,32,8,0.8560,6.3953,48.6443
380,62,12,0.8556,5.1076,47.7152
381,52,11,0.8552,5.8096,45.8818
382,57,13,0.8548,5.4695,49.2358
383,72,13,0.8545,5.9173,52.1559
384,27,8,0.8541,3.8980,45.7553
385,61,13,0.8537,5.4814,47.0705
386,60,13,0.8533,6.1870,49.7058
387,31,7,0.8529,4.2645,48.8614
388,34,9,0.8526,7.0661,47.5541
389,31,7,0.8522,4.1785,46.2590
390,52,11,0.8518,5.7766,48.2818
391,32,8,0.8514,4.2831,47.6396
392,37,10,0.8510,6.2868,46.4574
393,32,8,0.8507,5.0952,49.4697
394,85,18,0.8503,6.8178,53.6091
395,75,16,0.8499,7.4609,53.0963
396,99,17,0.8495,6.2781,51.6862
397,27,7,0.8491,7.0506,50.6194
398,39,10,0.8488,6.3158,52.5325
399,165,20,0.8484,5.3415,59.7050
400,62,13,0.8480,6.4507,58.0262
401,103,17,0.8476,7.5834,56.4076
402,60,12,0.8472,6.7335,54.8380
403,36,8,0.8469,5.5204,54.9317
404,37,9,0.8465,4.0045,50.8667
405,28,6,0.8461,5.4045,51.7648
406,73,11,0.8457,9.0172,53.6110
407,57,10,0.8453,4.4326,58.0299
408,33,8,0.8450,7.1285,51.2089
409,57,14,0.8446,7.2857,60.3127
410,141,22,0.8442,7.7950,56.6977
411,54,12,0.8438,7.3220,50.1035
412,34,9,0.8434,7.3766,50.3043
413,54,12,0.8431,5.4159,53.8353
414,56,13,0.8427,6.4815,52.6226
415,34,7,0.8423,5.3281,52.8798
416,76,15,0.8419,7.1854,58.5485
417,114,16,0.8415,5.9171,55.3646
418,124,16,0.8412,6.3137,57.1248
419,64,13,0.8408,6.8596,52.5707
420,32,7,0.8404,5.8018,49.9095
421,40,11,0.8400,4.6857,52.8682
422,55,11,0.8396,6.4965,53.6082
423,41,12,0.8393,7.9059,53.6682
424,90,14,0.8389,6.5664,57.2509
425,54,12,0.8385,6.0831,50.9497
426,97,12,0.8381,5.6194,56.5260
427,236,21,0.8377,5.8609,58.2897
428,37,9,0.8374,9.8158,54.3074
429,98,16,0.8370,6.4299,82.8999
430,37,10,0.8366,6.3872,47.4622
431,223,21,0.8362,6.1324,57.0659
432,55,11,0.8358,5.3488,50.6989
433,40,10,0.8355,6.3654,51.9787
434,28,7,0.8351,5.5294,54.6755
435,47,12,0.8347,5.2765,56.6977
436,45,10,0.8343,8.2512,61.7951
437,35,8,0.8339,5.5131,60.9128
438,58,10,0.8336,6.1381,60.6331
439,28,7,0.8332,7.2141,58.2519
440,57,12,0.8328,5.5753,58.1152
441,42,7,0.8324,5.0820,56.4849
442,63,14,0.8320,6.4739,62.9759
443,37,9,0.8317,7.4322,60.3502
444,29,8,0.8313,7.3729,56.4016
445,60,15,0.8309,5.8802,57.5143
446,35,9,0.8305,4.8100,58.6607
447,137,19,0.8301,6.6091,65.4679
448,115,13,0.8298,5.6003,64.6661
449,33,7,0.8294,6.3139,56.8713
450,80,14,0.8290,7.0709,68.1994
451,140,16,0.8286,6.0915,64.0111
452,38,10,0.8282,4.9338,63.0100
453,59,15,0.8279,6.1196,60.6096
454,55,11,0.8275,6.1044,57.6606
455,45,14,0.8271,5.9451,59.7457
456,80,16,0.8267,6.3130,57.3373
457,33,8,0.8263,6.4532,58.9011
458,57,10,0.8260,5.1249,55.7036
459,55,13,0.8256,6.5013,57.7335
460,37,9,0.8252,7.0149,57.8487
461,46,13,0.8248,7.4455,61.3589
462,37,9,0.8244,8.0281,56.5620
463,36,9,0.8241,7.2440,57.6298
464,38,9,0.8237,6.7954,57.7975
465,37,10,0.8233,6.7801,57.8216
466,84,15,0.8229,6.8512,60.7869
467,26,7,0.8225,6.8694,56.3367
468,48,9,0.8222,8.2275,58.8928
469,159,19,0.8218,6.7875,64.8952
470,48,11,0.8214,6.5766,56.6878
471,340,25,0.8210,6.6903,71.7450
472,78,13,0.8206,5.2645,62.6291
473,39,10,0.8203,9.0682,61.4219
474,78,14,0.8199,5.4551,64.9846
475,41,10,0.8195,5.2601,63.7724
476,44,8,0.8191,5.4581,59.4414
477,36,9,0.8187,4.5486,56.0219
478,24,6,0.8184,7.0599,55.1705
479,38,10,0.8180,7.5423,54.8976
480,74,14,0.8176,8.9276,69.9992
481,100,18,0.8172,6.0356,72.7024
482,44,10,0.8168,7.6685,66.8175
483,41,11,0.8165,8.0294,66.0824
484,197,22,0.8161,6.7658,66.5089
485,83,13,0.8157,6.5772,63.6749
486,36,9,0.8153,5.5868,61.2850
487,138,16,0.8149,6.1819,76.1175
488,51,11,0.8146,8.1950,59.9805
489,57,12,0.8142,9.8933,67.2601
490,36,9,0.8138,8.5833,58.1418
491,60,14,0.8134,6.2934,57.6091
492,44,11,0.8130,6.6074,64.6968
493,78,12,0.8127,7.1732,69.2339
494,51,11,0.8123,6.3945,63.0756
495,77,15,0.8119,7.0909,70.3456
496,164,21,0.8115,7.4005,73.4969
497,59,12,0.8111,6.3472,64.4743
498,29,7,0.8108,4.9976,62.3329
499,49,10,0.8104,6.4074,63.3415
500,104,16,0.8100,6.0814,71.9095
501,37,10,0.8096,7.6340,66.7200
502,35,9,0.8092,4.7626,64.7797
503,170,17,0.8089,5.3822,72.8860
504,198,23,0.8085,7.7184,67.0087
505,56,10,0.8081,6.6758,67.7347
506,80,12,0.8077,5.7837,67.3802
507,41,9,0.8073,4.9981,66.3846
508,57,12,0.8070,7.2107,67.0339
509,57,12,0.8066,6.0883,66.6774
510,64,13,0.8062,7.6251,66.8782
511,85,13,0.8058,7.3998,63.8872
512,102,12,0.8054,7.2588,67.4021
513,59,12,0.8051,6.6713,61.1462
514,38,11,0.8047,7.5252,59.8319
515,29,7,0.8043,9.5669,61.2405
516,122,15,0.8039,9.4265,69.3415
517,237,20,0.8035,5.5913,79.0914
518,130,16,0.8032,7.7875,77.2602
519,42,9,0.8028,9.8662,69.9499
520,60,11,0.8024,7.7844,72.2899
521,35,9,0.8020,9.4804,65.1431
522,80,13,0.8016,8.2686,76.7480
523,53,10,0.8013,6.0022,69.8180
524,56,13,0.8009,7.9089,70.9958
525,84,13,0.8005,6.1858,70.2615
526,35,10,0.8001,6.0684,70.1693
527,54,11,0.7997,6.3272,75.8284
528,114,13,0.7994,7.0368,77.5674
529,74,12,0.7990,5.8457,72.4160
530,73,14,0.7986,7.1048,70.2550
531,45,11,0.7982,8.0478,69.5320
532,54,11,0.7978,8.2204,66.2428
533,83,13,0.7975,5.4816,78.7706
534,37,9,0.7971,7.0688,70.4497
535,42,10,0.7967,5.1472,68.5526
536,61,13,0.7963,7.2739,65.5840
537,50,12,0.7959,6.8085,61.7349
538,60,11,0.7956,5.4704,69.3648
539,26,7,0.7952,8.7014,65.4433
540,46,13,0.7948,7.2670,69.4826
541,30,6,0.7944,5.1616,70.9828
542,87,14,0.7940,6.3207,72.3770
543,34,9,0.7937,6.4617,66.2882
544,82,14,0.7933,7.5371,67.5556
545,60,12,0.7929,9.3421,67.8763
546,75,11,0.7925,6.8354,71.6614
547,42,13,0.7921,7.0175,64.7581
548,46,10,0.7918,6.7251,65.0009
549,45,12,0.7914,6.1170,67.9016
550,53,8,0.7910,7.2225,76.1230
551,221,24,0.7906,7.6231,78.0265
552,74,16,0.7902,7.8345,68.4319
553,174,17,0.7899,5.0276,78.0492
554,57,11,0.7895,6.9242,73.2095
555,50,9,0.7891,7.5647,70.1894
556,35,8,0.7887,6.1944,66.9827
557,162,16,0.7883,6.5619,72.3429
558,73,12,0.7880,7.7411,68.5153
559,38,9,0.7876,7.1000,64.3688
560,121,14,0.7872,7.1583,89.0955
561,54,11,0.7868,7.4865,77.1537
562,31,9,0.7864,8.5165,65.8529
563,57,11,0.7861,7.7889,72.5878
564,85,15,0.7857,6.0894,73.3252
565,77,11,0.7853,9.0663,80.5417
566,41,10,0.7849,7.0814,74.4542
567,55,13,0.7845,7.5331,75.3886
568,236,23,0.7842,6.6230,86.3988
569,50,11,0.7838,8.9354,76.0291
570,42,9,0.7834,4.9367,66.2691
571,120,14,0.7830,7.9349,89.4634
572,124,16,0.7826,6.6803,84.7291
573,57,12,0.7823,8.3642,78.0982
574,38,9,0.7819,7.0148,72.3551
575,49,10,0.7815,5.7631,75.9730
576,33,9,0.7811,7.6312,73.9181
577,59,12,0.7807,9.8795,79.6245
578,33,8,0.7804,9.7511,77.7832
579,53,10,0.7800,7.8852,71.6210
580,60,13,0.7796,6.0104,77.5476
581,33,9,0.7792,5.8501,69.9801
582,37,9,0.7788,7.6376,72.5857
583,37,8,0.7785,7.2897,74.8053
584,43,11,0.7781,6.3731,75.0954
585,58,13,0.7777,5.4703,81.2608
586,124,17,0.7773,7.0417,82.2118
587,74,14,0.7769,7.7524,78.4085
588,43,12,0.7766,6.4838,73.6971
589,72,12,0.7762,6.3271,68.9961
590,133,20,0.7758,5.7578,82.6257
591,22,4,0.7754,10.1435,75.3340
592,53,10,0.7750,7.2620,77.6459
593,44,11,0.7747,5.2374,77.3886
594,53,12,0.7743,7.0594,72.4411
595,40,10,0.7739,8.8961,77.1001
596,40,12,0.7735,7.7956,76.3139
597,43,11,0.7731,11.2938,73.5507
598,58,14,0.7728,6.1103,73.8100
599,42,11,0.7724,8.3906,73.5653
600,126,17,0.7720,8.3811,76.3532
601,32,7,0.7716,9.4018,73.3798
602,47,10,0.7712,8.5599,70.2629
603,111,18,0.7709,8.1766,80.0303
604,45,14,0.7705,6.6437,80.2587
605,40,10,0.7701,7.8661,78.9246
606,50,12,0.7697,8.3329,82.3857
607,33,10,0.7693,6.8137,72.9507
608,75,14,0.7690,7.9448,81.3246
609,46,13,0.7686,9.0764,78.7580
610,52,11,0.7682,9.1594,78.3052
611,57,12,0.7678,8.1969,82.7250
612,59,13,0.7674,8.3148,79.0139
613,31,10,0.7671,9.0401,77.7549
614,39,10,0.7667,6.9048,76.3494
615,81,14,0.7663,5.8478,76.7960
616,54,10,0.7659,9.0314,79.5633
617,51,11,0.7655,5.8725,75.0833
618,46,13,0.7652,8.2520,78.9749
619,56,12,0.7648,6.6929,82.2756
620,59,12,0.7644,7.4669,84.2822
621,214,17,0.7640,7.9830,89.1444
622,123,18,0.7636,8.0584,81.0551
623,35,9,0.7633,7.3819,77.4806
624,50,10,0.7629,7.3161,76.7505
625,40,11,0.7625,8.5913,79.8531
626,142,18,0.7621,6.7500,88.5342
627,36,8,0.7617,6.2140,79.2035
628,76,11,0.7614,5.5384,83.2540
629,34,9,0.7610,6.7194,80.6465
630,36,10,0.7606,6.9840,73.3901
631,38,12,0.7602,7.2211,72.6544
632,59,14,0.7598,7.4198,81.4234
633,33,8,0.7595,6.9289,83.7900
634,54,10,0.7591,8.6978,81.2310
635,104,16,0.7587,7.9046,85.4040
636,62,13,0.7583,8.6195,87.9010
637,122,18,0.7579,6.4287,81.7229
638,33,9,0.7576,7.2822,69.6098
639,36,9,0.7572,6.9323,78.1368
640,90,16,0.7568,7.6073,83.8768
641,115,13,0.7564,10.3642,85.2799
642,81,13,0.7560,7.9835,86.4635
643,146,18,0.7557,8.7654,83.6968
644,90,15,0.7553,9.1770,94.2602
645,49,10,0.7549,9.3520,84.7065
646,142,19,0.7545,6.7879,90.3745
647,42,8,0.7541,5.3180,76.5874
648,38,9,0.7538,7.5223,91.8005
649,42,10,0.7534,8.5199,90.5534
650,39,11,0.7530,8.8170,85.5381
651,31,8,0.7526,7.6492,82.5247
652,105,15,0.7522,7.4210,90.9281
653,79,12,0.7519,8.1520,87.4851
654,45,10,0.7515,8.5868,94.4715
655,73,15,0.7511,8.7173,91.5482
656,75,10,0.7507,5.9994,90.8472
657,86,14,0.7503,6.2981,93.5145
658,38,10,0.7500,7.7884,76.6673
659,54,13,0.7496,6.4095,90.4069
660,52,10,0.7492,7.1225,88.6392
661,128,17,0.7488,9.2864,93.8698
662,33,8,0.7484,12.2619,86.5339
663,112,16,0.7481,7.2167,95.1046
664,62,10,0.7477,7.7921,90.7709
665,31,8,0.7473,8.0963,86.9332
666,212,20,0.7469,7.2634,95.7276
667,52,12,0.7465,9.1453,82.2661
668,58,14,0.7462,6.2330,91.5830
669,40,7,0.7458,8.9000,83.3625
670,33,8,0.7454,6.7949,86.1993
671,29,6,0.7450,8.7429,79.4896
672,103,15,0.7446,8.4544,82.1806
673,46,9,0.7443,8.1482,80.3733
674,29,7,0.7439,9.2515,83.7421
675,32,8,0.7435,6.5082,83.7720
676,105,17,0.7431,7.6672,89.6256
677,79,12,0.7427,6.4694,89.7506
678,51,10,0.7424,9.7507,83.8901
679,57,13,0.7420,7.2773,87.4833
680,38,10,0.7416,10.4166,84.8014
681,55,11,0.7412,7.2534,96.8117
682,36,9,0.7408,4.9463,83.7362
683,36,9,0.7405,10.4989,90.7189
684,35,9,0.7401,7.6836,86.1799
685,29,9,0.7397,7.8272,81.2019
686,36,8,0.7393,6.3374,87.0806
687,37,10,0.7389,7.7309,89.0668
688,35,9,0.7386,7.6866,87.2209
689,75,13,0.7382,9.0483,96.3797
690,47,10,0.7378,6.1997,87.6500
691,138,16,0.7374,7.2192,99.1100
692,33,8,0.7370,9.3577,85.9788
693,199,20,0.7367,7.9692,98.4947
694,26,6,0.7363,7.2166,93.5511
695,27,7,0.7359,11.4543,87.7534
696,57,12,0.7355,7.2245,85.2485
697,133,19,0.7351,9.9748,98.2988
698,43,13,0.7348,9.4927,86.9717
699,33,9,0.7344,8.3216,82.8850
700,58,11,0.7340,7.8526,93.8463
701,376,23,0.7336,8.8791,108.2158
702,56,12,0.7332,8.6923,91.1980
703,37,9,0.7329,10.0547,95.7463
704,49,9,0.7325,7.9961,93.3793
705,92,17,0.7321,8.3718,99.9570
706,70,14,0.7317,6.9961,94.9624
707,39,9,0.7313,4.6201,94.5805
708,35,9,0.7310,8.5609,98.6456
709,53,6,0.7306,7.0721,96.9955
710,53,12,0.7302,7.8275,88.7341
711,54,14,0.7298,7.3021,88.3603
712,48,10,0.7294,7.6654,93.0490
713,59,12,0.7291,8.1634,97.5649
714,41,11,0.7287,7.2786,93.4976
715,118,13,0.7283,6.6865,94.2814
716,171,21,0.7279,8.8905,92.0544
717,165,23,0.7275,9.2085,99.0335
718,53,11,0.7272,11.3660,90.9128
719,104,13,0.7268,9.5406,100.5440
720,34,8,0.7264,11.1704,85.8364
721,186,20,0.7260,8.4626,96.4818
722,61,12,0.7256,8.9476,103.8899
723,82,13,0.7253,7.5161,94.0763
724,73,14,0.7249,9.0769,94.4647
725,57,9,0.7245,9.1690,92.9354
726,77,12,0.7241,11.4647,92.4185
727,59,12,0.7237,8.2778,94.3365
728,46,12,0.7234,8.8131,100.7005
729,57,11,0.7230,10.5454,92.2297
730,40,10,0.7226,11.7717,95.3342
731,44,12,0.7222,11.2960,97.2197
732,27,7,0.7218,9.2831,93.7966
733,46,9,0.7215,9.6581,87.0262
734,55,12,0.7211,9.0329,104.4448
735,90,15,0.7207,9.8139,104.2589
736,52,11,0.7203,12.0683,93.2583
737,42,12,0.7199,7.8793,98.3600
738,95,17,0.7196,8.1949,108.4329
739,78,12,0.7192,7.0069,99.8356
740,81,11,0.7188,7.5487,99.1125
741,41,10,0.7184,9.5792,97.6431
742,123,16,0.7180,9.0073,101.3291
743,36,8,0.7177,8.5920,94.8278
744,35,8,0.7173,13.6786,101.5820
745,39,11,0.7169,7.2991,95.7547
746,165,17,0.7165,10.0726,101.0804
747,54,12,0.7161,10.3017,103.1628
748,53,10,0.7158,10.6431,100.2404
749,73,13,0.7154,10.0659,97.9515
750,38,9,0.7150,8.9094,104.2965
751,54,12,0.7146,8.5750,92.9006
752,30,7,0.7142,8.3593,93.0929
753,67,13,0.7139,6.9735,102.5112
754,72,11,0.7135,10.0333,92.3946
755,88,14,0.7131,9.8971,108.7044
756,161,16,0.7127,8.8629,110.8386
757,56,11,0.7123,8.6059,100.4776
758,37,8,0.7120,10.0607,97.1262
759,89,14,0.7116,10.0022,108.8246
760,33,8,0.7112,7.6752,101.7660
761,77,15,0.7108,8.3949,97.5047
762,37,11,0.7104,8.0762,96.3027
763,68,11,0.7101,8.5404,96.0414
764,39,8,0.7097,7.7700,101.1293
765,62,12,0.7093,7.5298,105.7419
766,24,6,0.7089,6.5770,94.3847
767,46,8,0.7085,9.2412,99.2847
768,39,8,0.7082,10.6863,101.7210
769,29,8,0.7078,7.1768,95.7731
770,36,9,0.7074,9.2053,102.8585
771,36,9,0.7070,5.6624,98.9851
772,89,14,0.7066,8.2598,99.9295
773,35,8,0.7063,6.1336,97.2034
774,30,6,0.7059,10.6338,103.1856
775,110,15,0.7055,10.6768,108.0870
776,31,8,0.7051,5.5980,104.9125
777,227,20,0.7047,9.0790,108.3959
778,62,14,0.7044,7.6664,103.5679
779,42,11,0.7040,7.4805,106.9216
780,45,12,0.7036,11.6336,103.5495
781,57,11,0.7032,9.1000,109.4908
782,31,8,0.7028,10.7270,97.1170
783,34,9,0.7025,12.2677,99.7934
784,118,17,0.7021,10.8056,104.8499
785,40,11,0.7017,8.6360,109.1490
786,66,12,0.7013,10.8155,100.9027
787,192,22,0.7009,11.0496,102.6874
788,47,11,0.7006,9.9386,99.4219
789,59,13,0.7002,7.4972,111.7610
790,43,11,0.6998,11.0908,108.6874
791,40,12,0.6994,9.1761,107.5128
792,31,9,0.6990,10.0122,98.0856
793,22,7,0.6987,7.1460,94.3248
794,38,11,0.6983,11.9421,101.5299
795,84,13,0.6979,9.5044,107.6866
796,34,8,0.6975,9.9087,103.2345
797,74,10,0.6971,12.0361,104.0296
798,120,16,0.6968,11.7625,103.6723
799,40,11,0.6964,11.5647,111.9340
800,109,14,0.6960,11.1660,110.7653
801,221,16,0.6956,8.6531,121.1128
802,80,11,0.6952,10.6575,113.0487
803,161,13,0.6949,9.3348,118.0294
804,97,14,0.6945,8.0539,103.7662
805,33,8,0.6941,10.7945,91.5907
806,28,7,0.6937,14.5294,101.3853
807,38,11,0.6933,7.3473,105.2717
808,85,15,0.6930,8.2986,105.1575
809,57,11,0.6926,9.4945,115.1238
810,36,10,0.6922,11.1258,106.5212
811,36,10,0.6918,10.0742,105.1487
812,31,8,0.6914,11.3854,103.7660
813,32,9,0.6911,7.1326,98.0603
814,44,11,0.6907,9.0042,117.8724
815,43,12,0.6903,8.6532,101.6079
816,121,15,0.6899,7.6995,104.1589
817,37,9,0.6895,10.5711,108.6578
818,31,8,0.6892,11.8688,104.0204
819,55,11,0.6888,8.2895,120.9809
820,57,13,0.6884,9.7969,110.1793
821,36,9,0.6880,11.8162,117.2400
822,93,15,0.6876,7.2712,116.7629
823,32,8,0.6873,9.9094,114.1674
824,30,9,0.6869,9.8963,102.6231
825,26,6,0.6865,7.5324,108.3949
826,38,10,0.6861,8.4234,115.3226
827,27,8,0.6857,12.8789,104.5557
828,80,14,0.6854,7.0054,115.9977
829,81,14,0.6850,9.1292,113.3471
830,38,10,0.6846,11.4538,112.5790
831,52,12,0.6842,9.5185,120.4788
832,103,17,0.6838,11.3584,113.5265
833,39,9,0.6835,9.6572,116.1749
834,36,10,0.6831,9.0145,109.5006
835,52,9,0.6827,13.7959,109.4496
836,85,16,0.6823,10.1949,120.3723
837,56,13,0.6819,10.1346,100.9936
838,40,8,0.6816,11.2320,104.3185
839,23,6,0.6812,11.9842,105.5143
840,133,20,0.6808,9.7114,118.7738
841,43,12,0.6804,7.4892,107.8597
842,119,17,0.6800,10.0977,111.2648
843,31,9,0.6797,9.9116,109.1907
844,58,13,0.6793,10.9997,115.7492
845,40,10,0.6789,12.0063,116.1614
846,42,9,0.6785,7.4307,111.7613
847,83,13,0.6781,10.6282,113.2278
848,30,7,0.6778,9.1221,104.0614
849,80,17,0.6774,7.4810,113.1295
850,27,7,0.6770,9.3544,102.6456
851,42,9,0.6766,8.4133,111.6534
852,38,9,0.6762,11.7445,115.3088
853,58,13,0.6759,9.1745,116.8631
854,31,9,0.6755,8.6430,101.0172
855,83,14,0.6751,9.4209,113.4048
856,30,8,0.6747,8.1650,114.8761
857,34,10,0.6743,12.4464,114.0583
858,37,9,0.6740,5.2429,107.2715
859,42,10,0.6736,8.8810,110.3503
860,88,15,0.6732,7.4725,104.4933
861,33,8,0.6728,9.9095,115.3679
862,80,12,0.6724,10.5703,111.5079
863,33,8,0.6721,12.4513,111.4863
864,41,10,0.6717,10.2157,126.4682
865,42,12,0.6713,10.0096,99.2089
866,34,9,0.6709,7.9096,117.5691
867,110,19,0.6705,11.3721,116.5731
868,54,13,0.6702,12.5136,117.0279
869,120,16,0.6698,10.2862,120.8527
870,118,16,0.6694,9.8936,121.7655
871,127,17,0.6690,8.5459,114.9577
872,105,16,0.6686,8.0098,117.8420
873,47,9,0.6683,7.2412,111.2534
874,56,11,0.6679,11.3888,120.0920
875,110,15,0.6675,9.7727,128.0068
876,37,9,0.6671,8.8159,116.2048
877,36,8,0.6667,8.0521,127.7787
878,28,7,0.6664,5.7773,103.4603
879,41,11,0.6660,7.9362,119.2940
880,39,11,0.6656,9.6786,117.6092
881,348,27,0.6652,9.2009,123.1888
882,73,14,0.6648,9.9080,110.4899
883,55,13,0.6645,10.1603,112.9084
884,60,12,0.6641,9.1288,118.0554
885,71,12,0.6637,10.4873,118.9209
886,43,12,0.6633,8.3767,113.9755
887,101,15,0.6629,10.0712,121.8283
888,54,10,0.6626,10.0478,114.9379
889,38,10,0.6622,10.3659,118.2790
890,26,5,0.6618,10.8062,112.5816
891,59,13,0.6614,9.3902,117.0015
892,265,24,0.6610,9.1373,130.5845
893,58,11,0.6607,10.8067,108.4431
894,45,11,0.6603,10.1764,113.3881
895,100,15,0.6599,10.9589,115.2410
896,129,20,0.6595,10.3255,120.7297
897,42,11,0.6591,8.9129,108.8213
898,64,13,0.6588,8.7583,116.2565
899,111,15,0.6584,11.7353,123.5433
900,35,7,0.6580,8.6090,116.7763
901,39,9,0.6576,10.8530,124.0028
902,83,12,0.6572,12.6507,125.1026
903,59,12,0.6569,9.9208,118.2645
904,23,7,0.6565,11.6732,114.5677
905,45,9,0.6561,11.4060,124.6499
906,178,19,0.6557,8.7307,130.6901
907,40,10,0.6553,10.2801,129.3921
908,77,14,0.6550,13.4706,126.2392
909,30,9,0.6546,11.4004,109.0710
910,126,17,0.6542,9.5940,130.4548
911,110,13,0.6538,14.4062,123.8388
912,43,11,0.6534,12.4721,114.5118
913,44,8,0.6531,10.5888,122.1590
914,79,14,0.6527,9.8498,126.3981
915,31,9,0.6523,13.3720,121.2087
916,37,9,0.6519,11.4048,123.7103
917,35,7,0.6515,12.5176,126.4949
918,159,17,0.6512,9.8952,135.0491
919,69,11,0.6508,13.9707,121.0926
920,31,8,0.6504,9.8405,124.2750
921,35,9,0.6500,9.2441,119.6391
922,37,8,0.6496,12.1426,117.1699
923,59,13,0.6493,11.5657,122.3870
924,38,8,0.6489,11.1182,127.7679
925,26,5,0.6485,12.6770,126.7071
926,48,11,0.6481,8.9409,125.9075
927,83,13,0.6477,12.7588,134.2750
928,55,11,0.6474,9.9638,127.6364
929,118,14,0.6470,12.1959,131.4532
930,118,16,0.6466,9.4022,123.8640
931,87,13,0.6462,12.3169,134.0087
932,55,13,0.6458,9.1755,129.4904
933,163,15,0.6455,11.3990,122.4881
934,73,13,0.6451,9.4110,126.4414
935,211,19,0.6447,13.0728,130.3746
936,47,9,0.6443,11.6173,116.5500
937,155,15,0.6439,12.7195,130.7986
938,288,18,0.6436,8.5277,140.4205
939,55,11,0.6432,7.8637,118.3241
940,40,11,0.6428,9.9693,120.1302
941,56,11,0.6424,10.5697,132.2947
942,31,8,0.6420,8.8745,119.3456
943,29,9,0.6417,9.1520,125.0098
944,26,6,0.6413,9.1666,117.4322
945,46,10,0.6409,11.8606,121.0072
946,55,11,0.6405,9.1305,132.0005
947,174,21,0.6401,9.1622,125.7084
948,52,12,0.6398,10.8980,121.4185
949,47,10,0.6394,9.1128,129.7130
950,64,14,0.6390,8.3925,129.1027
951,40,9,0.6386,9.5932,122.2732
952,52,10,0.6382,10.3892,129.7856
953,49,10,0.6379,14.0540,123.1284
954,158,21,0.6375,8.3519,127.5671
955,118,15,0.6371,9.8312,131.5708
956,47,9,0.6367,11.0541,128.9814
957,30,7,0.6363,10.3507,130.8848
958,41,10,0.6360,10.8673,118.1422
959,50,9,0.6356,10.7647,124.3642
960,83,12,0.6352,9.7767,124.3777
961,31,8,0.6348,12.7157,123.0260
962,57,13,0.6344,10.4434,124.5781
963,114,13,0.6341,11.2984,126.2429
964,33,8,0.6337,8.2450,126.6089
965,38,9,0.6333,10.0472,123.9035
966,31,7,0.6329,6.7712,123.5155
967,30,7,0.6325,10.9256,130.0427
968,32,8,0.6322,8.4243,132.3486
969,33,9,0.6318,5.7120,116.9649
970,209,18,0.6314,12.2225,133.8934
971,34,8,0.6310,10.4367,131.9538
972,90,13,0.6306,13.2346,123.1035
973,54,11,0.6303,11.4570,135.6316
974,194,25,0.6299,11.7749,137.4924
975,78,11,0.6295,11.2921,135.2750
976,47,9,0.6291,13.3877,123.8299
977,40,11,0.6287,10.4943,134.0153
978,252,25,0.6284,8.9501,130.4813
979,39,11,0.6280,8.2722,131.1566
980,58,12,0.6276,12.7782,112.3315
981,125,16,0.6272,9.9787,140.7856
982,66,15,0.6268,13.0242,124.6795
983,42,11,0.6265,11.5481,127.3765
984,38,10,0.6261,10.2056,128.1941
985,268,21,0.6257,11.8764,136.5726
986,84,13,0.6253,9.3210,132.7205
987,37,11,0.6249,9.7907,127.7942
988,165,20,0.6246,11.0536,132.0078
989,76,15,0.6242,12.7936,135.7759
990,110,17,0.6238,11.6176,146.1543
991,60,14,0.6234,7.9548,130.1917
992,55,12,0.6230,10.3203,125.7414
993,30,8,0.6227,10.5972,132.9729
994,28,7,0.6223,9.2179,128.1619
995,48,9,0.6219,10.7771,130.1215
996,56,12,0.6215,9.8357,138.7715
997,35,11,0.6211,11.7147,138.2061
998,124,15,0.6208,12.2248,147.1414
999,49,9,0.6204,11.8247,126.8223
1000,235,22,0.6200,9.5787,144.0706
1001,453,31,0.6196,13.2058,155.4718
1002,42,11,0.6192,11.5437,141.8526
1003,79,15,0.6189,9.8989,133.6788
1004,38,10,0.6185,10.9826,139.2823
1005,28,7,0.6181,11.8571,132.7260
1006,33,10,0.6177,9.6766,129.1349
1007,234,23,0.6173,11.2180,154.7833
1008,56,11,0.6170,13.8029,132.4863
1009,36,8,0.6166,10.3063,137.2002
1010,59,14,0.6162,11.2821,142.8049
1011,36,9,0.6158,11.0170,130.9343
1012,35,9,0.6154,11.9327,136.9170
1013,48,10,0.6151,7.5875,136.5486
1014,30,6,0.6147,8.4387,133.2941
1015,19,4,0.6143,9.2505,126.3207
1016,126,17,0.6139,13.0276,146.3526
1017,128,19,0.6135,10.3312,154.6229
1018,36,9,0.6132,9.2730,133.6209
1019,47,9,0.6128,12.3083,135.5258
1020,259,29,0.6124,11.4859,142.8995
1021,56,11,0.6120,9.0093,136.9180
1022,44,9,0.6116,13.4382,126.9370
1023,49,10,0.6113,9.9692,136.2014
1024,146,19,0.6109,13.7559,140.5135
1025,48,9,0.6105,12.4278,138.1453
1026,280,26,0.6101,9.4455,151.5298
1027,37,9,0.6097,12.3136,139.8123
1028,82,14,0.6094,13.7802,147.3559
1029,56,13,0.6090,14.0455,138.0599
1030,87,15,0.6086,9.4646,144.6516
1031,34,8,0.6082,7.0411,138.0409
1032,79,12,0.6078,14.1471,142.3272
1033,50,10,0.6075,11.0357,133.6002
1034,44,11,0.6071,10.1559,136.2431
1035,119,19,0.6067,11.9766,143.0930
1036,36,10,0.6063,12.5733,133.0229
1037,144,16,0.6059,12.2522,152.0402
1038,27,6,0.6056,7.1369,142.5529
1039,37,10,0.6052,12.1121,138.6392
1040,105,14,0.6048,10.3596,146.7641
1041,36,9,0.6044,11.8228,147.9493
1042,42,11,0.6040,10.1887,143.4272
1043,143,20,0.6037,13.7936,141.0221
1044,168,16,0.6033,9.0293,155.3086
1045,96,13,0.6029,11.2488,144.2452
1046,34,9,0.6025,10.3441,140.9445
1047,88,14,0.6021,9.6483,153.2656
1048,122,15,0.6018,11.7980,139.0826
1049,26,6,0.6014,7.7661,151.1830
1050,49,10,0.6010,9.0067,138.5105
1051,73,14,0.6006,12.3919,148.1729
1052,51,9,0.6002,10.6961,137.9902
1053,178,20,0.5999,9.5987,142.3005
1054,39,9,0.5995,13.8313,132.3694
1055,52,13,0.5991,11.4334,146.9781
1056,45,9,0.5987,12.8467,132.7196
1057,796,35,0.5983,9.9162,169.6949
1058,78,15,0.5980,11.6644,134.3392
1059,71,12,0.5976,12.2768,142.6755
1060,71,9,0.5972,9.5027,147.5508
1061,86,14,0.5968,9.4957,145.6011
1062,27,7,0.5964,11.9568,138.4402
1063,36,11,0.5961,14.7127,150.4756
1064,60,14,0.5957,12.7813,140.9873
1065,235,21,0.5953,12.0766,145.0783
1066,185,19,0.5949,9.7305,154.9827
1067,43,11,0.5945,12.1058,151.6238
1068,72,10,0.5942,12.4149,145.3628
1069,99,17,0.5938,13.1920,149.6905
1070,40,10,0.5934,9.3268,152.2883
1071,227,16,0.5930,14.0286,163.6995
1072,35,9,0.5926,12.1745,149.7666
1073,36,10,0.5923,13.3447,151.4504
1074,77,10,0.5919,12.6457,156.3361
1075,42,10,0.5915,16.8876,158.7825
1076,40,8,0.5911,10.8536,143.0145
1077,57,11,0.5907,12.4131,149.9828
1078,50,11,0.5904,11.2052,151.6307
1079,34,8,0.5900,14.4239,147.1140
1080,40,11,0.5896,13.5842,158.3992
1081,102,16,0.5892,15.5715,156.8210
1082,60,13,0.5888,11.4455,157.4741
1083,73,14,0.5885,11.3360,154.2626
1084,78,18,0.5881,11.1025,153.5641
1085,39,11,0.5877,8.6250,157.2370
1086,43,9,0.5873,9.9262,160.3731
1087,69,12,0.5869,15.1461,148.2213
1088,39,9,0.5866,8.9706,155.8448
1089,52,11,0.5862,15.1753,156.7192
1090,44,9,0.5858,15.2874,154.6249
1091,30,8,0.5854,8.1862,146.2459
1092,39,9,0.5850,13.3614,152.8901
1093,34,9,0.5847,13.7285,153.0966
1094,43,12,0.5843,15.0703,146.1319
1095,35,7,0.5839,11.5115,154.5723
1096,40,10,0.5835,11.1837,148.4973
1097,58,13,0.5831,10.5285,150.7644
1098,28,6,0.5828,7.3927,139.1557
1099,73,12,0.5824,14.0112,162.6681
1100,56,11,0.5820,12.9670,148.7339
1101,174,19,0.5816,13.3660,159.4776
1102,56,12,0.5812,11.6726,159.4383
1103,51,13,0.5809,10.2508,154.1009
1104,176,21,0.5805,12.7234,149.1958
1105,235,24,0.5801,15.8058,163.7417
1106,39,11,0.5797,13.4110,148.3684
1107,137,18,0.5793,10.9237,153.6561
1108,54,8,0.5790,10.6999,156.8101
1109,79,13,0.5786,14.1877,150.1755
1110,50,10,0.5782,12.1741,153.9766
1111,51,11,0.5778,13.3453,159.6657
1112,36,9,0.5774,13.8512,148.1468
1113,38,10,0.5771,10.3080,164.0424
1114,25,6,0.5767,18.5777,157.7259
1115,35,9,0.5763,13.5551,148.3735
1116,82,14,0.5759,13.9072,153.6098
1117,40,10,0.5755,10.8776,158.5096
1118,44,12,0.5752,11.9993,163.9585
1119,57,13,0.5748,12.2795,155.7758
1120,39,10,0.5744,12.5258,155.2602
1121,72,10,0.5740,14.9845,150.0620
1122,38,9,0.5736,13.5378,159.4630
1123,54,13,0.5733,11.3328,157.2163
1124,33,9,0.5729,13.1191,157.5392
1125,58,11,0.5725,14.2603,163.8187
1126,77,13,0.5721,14.5575,165.5255
1127,106,15,0.5717,10.0510,146.1426
1128,107,18,0.5714,10.1648,163.3023
1129,42,11,0.5710,11.5398,161.6881
1130,79,12,0.5706,13.0742,165.8612
1131,65,13,0.5702,13.2978,163.8626
1132,42,14,0.5698,11.6947,153.2898
1133,76,14,0.5695,15.2743,156.8696
1134,58,13,0.5691,10.3749,161.5725
1135,116,16,0.5687,16.5752,162.6305
1136,27,6,0.5683,13.4907,158.2286
1137,70,13,0.5679,11.9585,145.6037
1138,301,26,0.5676,12.3699,159.4200
1139,103,17,0.5672,13.6020,161.1016
1140,42,11,0.5668,14.9788,166.8669
1141,57,11,0.5664,13.8068,160.0654
1142,37,8,0.5660,18.6519,163.2280
1143,34,10,0.5657,17.6088,157.3516
1144,97,19,0.5653,11.4697,162.4381
1145,28,7,0.5649,13.3229,157.4699
1146,121,17,0.5645,13.9316,155.8042
1147,42,11,0.5641,13.8779,157.8944
1148,86,15,0.5638,13.0026,170.3300
1149,85,15,0.5634,11.2488,152.4529
1150,70,11,0.5630,12.6155,155.4494
1151,43,10,0.5626,13.7220,159.9483
1152,58,11,0.5622,13.3805,160.7085
1153,55,13,0.5619,11.7920,157.0400
1154,41,11,0.5615,12.8860,171.7044
1155,123,16,0.5611,11.2752,154.6135
1156,124,16,0.5607,12.3520,168.8162
1157,119,14,0.5603,12.8546,171.4167
1158,139,17,0.5600,13.3139,167.1725
1159,39,9,0.5596,11.1622,172.7757
1160,30,8,0.5592,12.8337,155.4070
1161,60,12,0.5588,12.5440,140.2271
1162,290,20,0.5584,16.3571,177.6208
1163,56,11,0.5581,11.8640,158.1310
1164,79,10,0.5577,13.8560,169.5655
1165,58,12,0.5573,12.9650,160.7559
1166,182,19,0.5569,13.7188,168.4085
1167,69,14,0.5565,13.0325,172.5151
1168,34,8,0.5562,11.1327,169.9358
1169,38,9,0.5558,11.6277,160.6073
1170,71,14,0.5554,12.0863,162.4822
1171,63,12,0.5550,14.6790,177.3336
1172,31,7,0.5546,11.1750,161.1220
1173,59,15,0.5543,12.6949,165.8722
1174,128,20,0.5539,13.4868,176.4943
1175,117,13,0.5535,10.8054,178.9749
1176,107,17,0.5531,8.9059,172.1081
1177,55,12,0.5527,9.2074,165.6823
1178,57,13,0.5524,15.1472,162.0071
1179,169,20,0.5520,14.7905,169.3527
1180,52,11,0.5516,9.8879,160.0763
1181,82,14,0.5512,14.9656,167.9466
1182,127,16,0.5508,13.1895,164.6416
1183,123,16,0.5505,14.9887,174.7892
1184,115,21,0.5501,11.4958,179.1727
1185,337,23,0.5497,14.8428,170.2584
1186,59,12,0.5493,11.7561,168.3121
1187,66,11,0.5489,11.3612,165.0756
1188,108,18,0.5486,15.3696,188.0161
1189,89,17,0.5482,10.6153,178.2642
1190,31,9,0.5478,11.4456,164.0530
1191,34,9,0.5474,12.4074,174.4082
1192,75,14,0.5470,14.1350,171.9861
1193,38,12,0.5467,13.5983,168.6239
1194,162,17,0.5463,13.3623,177.3698
1195,42,11,0.5459,7.5245,171.4890
1196,62,14,0.5455,10.1220,170.1765
1197,108,13,0.5451,13.1872,179.0175
1198,25,6,0.5448,19.1092,168.0144
1199,165,16,0.5444,15.1127,173.4432
1200,42,9,0.5440,11.2585,169.8986
1201,60,13,0.5436,12.1380,174.5715
1202,206,18,0.5432,12.5528,185.0572
1203,62,15,0.5429,13.9465,177.2225
1204,73,11,0.5425,13.8870,170.2237
1205,34,9,0.5421,16.6037,169.2215
1206,261,24,0.5417,12.8293,171.0801
1207,29,7,0.5413,13.8583,175.2757
1208,25,7,0.5410,16.4412,161.1515
1209,35,9,0.5406,16.7931,159.4456
1210,86,14,0.5402,13.1043,153.2375
1211,48,15,0.5398,12.3084,157.0399
1212,110,16,0.5394,13.1268,167.0054
1213,439,15,0.5391,16.0474,203.1437
1214,168,22,0.5387,12.1600,179.9829
1215,41,10,0.5383,13.5627,173.2630
1216,43,12,0.5379,13.1189,172.8729
1217,39,8,0.5375,10.6447,165.9507
1218,38,10,0.5372,11.5306,155.0879
1219,40,9,0.5368,14.2845,172.6121
1220,39,12,0.5364,16.0248,166.3059
1221,56,10,0.5360,13.2954,173.9359
1222,44,10,0.5356,13.0877,165.2139
1223,43,10,0.5353,15.9343,180.9486
1224,53,11,0.5349,10.3673,188.3428
1225,42,11,0.5345,10.4793,174.5906
1226,39,12,0.5341,11.7420,176.1536
1227,297,20,0.5337,12.5721,176.6929
1228,38,10,0.5334,10.9578,158.6914
1229,45,10,0.5330,12.4633,174.1626
1230,153,14,0.5326,11.7688,185.9535
1231,37,9,0.5322,13.3975,168.6092
1232,31,10,0.5318,13.1119,172.0001
1233,37,9,0.5315,12.5799,157.0133
1234,42,14,0.5311,12.9690,163.3772
1235,29,7,0.5307,11.0183,168.0731
1236,359,23,0.5303,12.3663,183.5160
1237,44,10,0.5299,13.1619,156.4412
1238,306,22,0.5296,11.5514,185.7027
1239,32,8,0.5292,14.6771,164.7694
1240,162,18,0.5288,15.4168,192.1076
1241,136,17,0.5284,10.3879,166.8967
1242,58,12,0.5280,14.8116,174.3680
1243,34,9,0.5277,13.5819,174.3083
1244,80,15,0.5273,11.0607,178.1075
1245,60,13,0.5269,15.8493,172.4936
1246,36,9,0.5265,17.4316,166.2079
1247,71,13,0.5261,14.3541,169.4621
1248,37,8,0.5258,18.2028,185.1100
1249,167,15,0.5254,10.6179,177.1492
1250,59,13,0.5250,14.3813,152.7762
1251,95,16,0.5246,11.9987,174.1130
1252,110,14,0.5242,14.8635,181.5267
1253,44,8,0.5239,13.7620,164.6324
1254,40,10,0.5235,15.5107,169.5735
1255,53,11,0.5231,15.1843,187.1965
1256,29,7,0.5227,15.1527,163.9625
1257,40,8,0.5223,15.0316,173.0668
1258,39,9,0.5220,14.5261,178.4521
1259,43,11,0.5216,13.9339,173.8349
1260,129,17,0.5212,17.1216,166.5122
1261,63,14,0.5208,11.2017,170.8519
1262,35,9,0.5204,11.0146,173.0171
1263,155,17,0.5201,14.1908,165.5462
1264,69,14,0.5197,16.9908,186.9879
1265,54,12,0.5193,10.3513,172.3579
1266,40,10,0.5189,12.4594,181.9990
1267,56,10,0.5185,12.7965,173.6074
1268,519,39,0.5182,11.1713,197.2047
1269,76,11,0.5178,19.6654,178.1876
1270,33,8,0.5174,9.6850,180.7175
1271,33,9,0.5170,11.4096,168.9664
1272,54,11,0.5166,17.5609,179.8226
1273,80,13,0.5163,18.4054,190.4875
1274,124,16,0.5159,15.3203,171.6981
1275,179,22,0.5155,16.0695,177.3558
1276,163,12,0.5151,13.4227,186.0689
1277,59,12,0.5147,10.7800,190.8993
1278,43,10,0.5144,14.9491,179.8707
1279,74,13,0.5140,13.1766,174.7816
1280,48,10,0.5136,10.7370,174.1149
1281,55,12,0.5132,11.2616,187.3712
1282,37,8,0.5128,11.3646,163.1215
1283,89,15,0.5125,13.1593,160.1124
1284,110,18,0.5121,16.0551,169.0504
1285,51,9,0.5117,12.5188,172.6769
1286,171,20,0.5113,12.9019,174.4025
1287,35,9,0.5109,12.3746,182.8512
1288,41,10,0.5106,17.1585,174.9806
1289,44,9,0.5102,12.1943,178.4791
1290,37,11,0.5098,15.4575,177.2226
1291,84,13,0.5094,12.6541,182.5885
1292,37,10,0.5090,12.6188,173.6741
1293,115,13,0.5087,16.3961,172.4972
1294,59,12,0.5083,16.3462,162.8797
1295,39,9,0.5079,15.0531,173.4892
1296,324,26,0.5075,15.7311,189.0625
1297,32,8,0.5071,12.3561,172.3515
1298,34,9,0.5068,14.5625,169.6194
1299,86,13,0.5064,11.3665,182.1254
1300,60,12,0.5060,15.8242,172.9581
1301,55,12,0.5056,14.7960,171.0171
1302,163,15,0.5052,11.7431,188.2211
1303,358,28,0.5049,15.4488,189.7490
1304,163,13,0.5045,12.8795,169.0728
1305,43,12,0.5041,17.0690,183.3457
1306,102,14,0.5037,12.7019,178.9214
1307,42,11,0.5033,16.4414,171.6307
1308,49,10,0.5030,10.7634,185.9187
1309,56,12,0.5026,16.8987,182.3720
1310,360,20,0.5022,13.1286,191.5030
1311,48,12,0.5018,12.8386,191.0211
1312,32,6,0.5014,11.0113,172.6880
1313,94,15,0.5011,13.6664,180.8497
1314,43,12,0.5007,12.2959,190.2263
1315,163,16,0.5003,10.9375,187.1975
1316,47,9,0.4999,18.4013,165.0290
1317,119,18,0.4995,12.6481,168.4364
1318,54,11,0.4992,15.9479,179.3812
1319,56,11,0.4988,11.9766,199.8418
1320,27,7,0.4984,12.1535,171.7073
1321,49,8,0.4980,21.0112,168.4962
1322,24,5,0.4976,15.1525,182.6292
1323,25,6,0.4973,10.1567,173.8450
1324,79,11,0.4969,8.8992,177.9868
1325,163,16,0.4965,9.9509,186.2176
1326,136,17,0.4961,11.3241,177.4897
1327,32,7,0.4957,19.0710,175.1250
1328,610,34,0.4954,11.7132,173.2464
1329,136,16,0.4950,15.6102,177.3076
1330,61,13,0.4946,12.7612,195.4499
1331,39,10,0.4942,17.3458,177.7378
1332,156,19,0.4938,15.6760,183.1853
1333,100,15,0.4935,15.6868,179.9241
1334,83,15,0.4931,9.9721,167.6007
1335,85,12,0.4927,12.4005,196.8078
1336,37,9,0.4923,12.7961,189.2380
1337,35,9,0.4919,11.1866,169.2842
1338,105,17,0.4916,13.0130,175.2087
1339,40,11,0.4912,11.3709,193.9333
1340,112,17,0.4908,13.1243,198.2221
1341,72,12,0.4904,17.9026,180.0826
1342,72,10,0.4900,15.0259,192.2805
1343,348,28,0.4897,12.3012,186.9207
1344,38,6,0.4893,18.0518,177.9396
1345,54,11,0.4889,12.6936,187.4498
1346,224,18,0.4885,13.4428,202.1297
1347,56,11,0.4881,11.3373,188.4370
1348,42,10,0.4878,19.0331,173.3283
1349,128,17,0.4874,14.3497,198.7303
1350,29,7,0.4870,10.9501,191.4680
1351,172,20,0.4866,14.0478,187.3976
1352,171,18,0.4862,9.1806,188.7331
1353,30,8,0.4859,11.7305,192.3126
1354,77,15,0.4855,15.0147,178.5786
1355,36,10,0.4851,13.6281,178.5596
1356,51,11,0.4847,17.4023,175.7668
1357,38,9,0.4843,12.7735,187.9893
1358,60,12,0.4840,15.1903,182.3911
1359,142,19,0.4836,12.6378,179.0342
1360,54,10,0.4832,10.8582,187.8207
1361,34,9,0.4828,14.0039,180.3479
1362,311,23,0.4824,11.3688,191.8188
1363,161,21,0.4821,13.9361,188.3523
1364,52,12,0.4817,13.5393,185.3202
1365,30,7,0.4813,11.8285,174.8161
1366,78,13,0.4809,14.2015,184.8859
1367,86,14,0.4805,12.2013,181.2773
1368,40,10,0.4802,11.5013,191.6043
1369,122,16,0.4798,19.8152,184.4877
1370,39,11,0.4794,17.9463,188.7886
1371,122,15,0.4790,12.2904,196.8136
1372,57,11,0.4786,13.1167,186.3009
1373,36,9,0.4783,17.0202,190.3617
1374,55,11,0.4779,17.0207,177.6567
1375,33,7,0.4775,8.8115,180.4628
1376,51,10,0.4771,15.0633,182.1486
1377,33,7,0.4767,16.6994,190.3473
1378,36,9,0.4764,10.0983,189.0197
1379,102,11,0.4760,14.4524,192.5473
1380,30,7,0.4756,12.7569,177.1896
1381,44,11,0.4752,14.0391,191.5283
1382,26,6,0.4748,16.7173,184.3573
1383,122,16,0.4745,12.4881,186.5791
1384,38,9,0.4741,12.8308,190.3146
1385,59,10,0.4737,13.4132,195.5440
1386,96,15,0.4733,12.1262,197.2169
1387,54,12,0.4729,14.2670,192.1396
1388,100,15,0.4726,10.8208,193.6213
1389,132,17,0.4722,12.5876,196.5422
1390,128,18,0.4718,16.2433,193.1391
1391,33,8,0.4714,13.3280,183.1220
1392,116,17,0.4710,17.7085,190.4460
1393,144,19,0.4707,15.5982,187.7958
1394,51,11,0.4703,12.1347,171.5247
1395,61,13,0.4699,18.2958,200.6480
1396,55,11,0.4695,17.4326,182.8058
1397,35,9,0.4691,13.2400,179.5156
1398,36,9,0.4688,16.6121,178.2058
1399,38,11,0.4684,12.2378,188.9434
1400,59,13,0.4680,9.9361,192.1243
1401,34,9,0.4676,12.3615,164.4009
1402,61,12,0.4672,16.2963,172.0742
1403,34,7,0.4669,13.5804,172.9744
1404,34,8,0.4665,15.4144,187.1789
1405,29,7,0.4661,14.5400,183.4652
1406,139,17,0.4657,16.0408,184.6467
1407,30,8,0.4653,14.4528,190.7432
1408,40,10,0.4650,15.1735,194.4027
1409,61,14,0.4646,15.8796,199.9684
1410,63,12,0.4642,14.1684,179.5623
1411,39,10,0.4638,15.4993,182.2465
1412,43,13,0.4634,13.8930,193.9893
1413,53,11,0.4631,14.0945,186.7681
1414,75,15,0.4627,14.8190,185.7281
1415,186,21,0.4623,16.7856,189.8061
1416,110,16,0.4619,12.7728,194.4629
1417,55,12,0.4615,15.4530,201.3449
1418,71,12,0.4612,10.8540,180.4642
1419,48,9,0.4608,15.9229,195.1140
1420,139,21,0.4604,12.1360,194.0501
1421,60,13,0.4600,16.4605,200.3591
1422,55,11,0.4596,18.5362,190.8886
1423,33,10,0.4593,17.1404,173.1566
1424,63,14,0.4589,12.4226,187.5975
1425,153,16,0.4585,14.8318,190.0607
1426,109,19,0.4581,11.3781,189.6911
1427,104,17,0.4577,14.6266,191.2686
1428,74,13,0.4574,16.4107,184.0887
1429,147,12,0.4570,14.4998,198.1256
1430,44,10,0.4566,13.6089,183.8364
1431,84,14,0.4562,13.9130,188.9164
1432,84,12,0.4558,12.8025,181.4211
1433,74,14,0.4555,15.7751,203.0083
1434,142,15,0.4551,13.4845,193.1221
1435,27,5,0.4547,15.4921,187.7341
1436,50,11,0.4543,14.8988,190.2733
1437,41,11,0.4539,13.1652,192.2965
1438,50,9,0.4536,13.2300,189.6788
1439,36,8,0.4532,16.4061,170.2296
1440,175,16,0.4528,15.6894,185.2491
1441,52,10,0.4524,13.9927,188.1394
1442,118,14,0.4520,16.4100,199.8843
1443,56,11,0.4517,14.0736,194.9123
1444,31,8,0.4513,11.5876,191.8913
1445,55,12,0.4509,15.9810,195.0486
1446,95,14,0.4505,13.4719,190.0613
1447,42,9,0.4501,12.7103,184.4036
1448,59,10,0.4498,12.0295,196.3163
1449,59,12,0.4494,15.8956,202.1641
1450,145,20,0.4490,14.9344,198.7169
1451,37,9,0.4486,7.6159,191.1545
1452,43,11,0.4482,14.7676,205.7074
1453,80,14,0.4479,18.4009,184.0777
1454,36,10,0.4475,14.6763,197.2737
1455,51,11,0.4471,14.4934,189.6506
1456,162,15,0.4467,16.0421,182.8208
1457,40,11,0.4463,14.6718,188.3389
1458,30,9,0.4460,12.6142,187.1981
1459,52,11,0.4456,12.1796,195.0682
1460,36,10,0.4452,12.0374,179.9087
1461,38,8,0.4448,14.1264,198.6563
1462,86,13,0.4444,15.5259,196.9673
1463,39,10,0.4441,12.5456,210.1509
1464,225,20,0.4437,14.1025,209.3288
1465,55,11,0.4433,13.4316,189.3462
1466,97,14,0.4429,14.2163,197.0107
1467,56,11,0.4425,14.2991,196.6100
1468,75,13,0.4422,13.9435,191.0521
1469,40,9,0.4418,13.1682,181.9155
1470,34,8,0.4414,18.6374,183.7444
1471,37,10,0.4410,18.3960,199.7000
1472,84,12,0.4406,15.9758,183.4238
1473,60,13,0.4403,16.7272,207.8855
1474,28,8,0.4399,12.7537,192.4026
1475,31,7,0.4395,18.7868,184.2255
1476,41,10,0.4391,15.1323,188.3244
1477,128,14,0.4387,13.7424,178.9837
1478,25,5,0.4384,11.1565,193.1276
1479,49,10,0.4380,13.8317,188.3708
1480,52,11,0.4376,12.5744,173.6324
1481,88,13,0.4372,13.6960,198.9476
1482,81,14,0.4368,17.0048,208.1118
1483,85,13,0.4365,14.0338,197.5861
1484,35,9,0.4361,14.2917,194.8417
1485,88,15,0.4357,14.2083,187.2917
1486,46,11,0.4353,14.4503,179.8675
1487,60,13,0.4349,16.4325,192.2714
1488,121,17,0.4346,13.5318,197.8526
1489,52,11,0.4342,11.5841,187.2965
1490,39,10,0.4338,17.0965,193.4391
1491,42,10,0.4334,19.4202,194.1404
1492,29,8,0.4330,17.1276,195.3033
1493,42,10,0.4327,15.4777,207.9596
1494,77,12,0.4323,18.8144,204.6438
1495,58,14,0.4319,20.5053,182.5994
1496,158,18,0.4315,15.2781,209.3997
1497,89,15,0.4311,17.6584,170.1869
1498,42,10,0.4308,15.4676,200.4837
1499,57,11,0.4304,15.1548,201.4071
1500,80,14,0.4300,14.0863,207.5940
1501,43,11,0.4296,12.0073,202.8354
1502,83,18,0.4292,14.6186,210.6451
1503,81,12,0.4289,14.7627,198.8810
1504,43,11,0.4285,14.7741,204.6412
1505,167,17,0.4281,16.8889,211.6276
1506,74,15,0.4277,12.3717,201.5153
1507,78,13,0.4273,14.3387,193.1943
1508,166,17,0.4270,13.8141,215.5593
1509,207,17,0.4266,15.9347,202.5754
1510,27,6,0.4262,15.3191,196.0330
1511,79,12,0.4258,19.8020,204.3389
1512,28,7,0.4254,13.5320,208.0077
1513,56,10,0.4251,14.4866,195.4637
1514,44,12,0.4247,14.9419,197.1816
1515,35,9,0.4243,12.8783,194.3908
1516,51,11,0.4239,16.2997,199.9216
1517,40,10,0.4235,18.5988,189.4547
1518,55,12,0.4232,13.5804,204.4276
1519,58,13,0.4228,15.0539,194.4761
1520,34,8,0.4224,15.8393,204.0616
1521,62,14,0.4220,13.9501,194.6420
1522,122,16,0.4216,15.4103,214.2282
1523,33,8,0.4213,9.3128,196.4886
1524,52,10,0.4209,17.8221,202.5430
1525,62,12,0.4205,15.4581,201.6916
1526,40,10,0.4201,17.7943,191.4380
1527,81,13,0.4197,18.6858,193.4720
1528,536,37,0.4194,15.6124,213.5419
1529,50,10,0.4190,17.3377,192.3050
1530,35,8,0.4186,20.9369,201.3621
1531,45,10,0.4182,12.1773,211.4312
1532,36,11,0.4178,17.4238,200.4728
1533,51,10,0.4175,11.6373,203.9040
1534,48,10,0.4171,17.7765,203.9910
1535,32,7,0.4167,15.8774,206.9899
1536,112,14,0.4163,14.2732,192.2446
1537,45,9,0.4159,14.8762,204.6032
1538,53,11,0.4156,19.6371,208.2364
1539,171,20,0.4152,16.2900,223.3893
1540,58,11,0.4148,14.9436,209.0580
1541,86,15,0.4144,19.3312,225.6910
1542,42,11,0.4140,14.8315,207.6904
1543,61,12,0.4137,14.4966,206.1450
1544,35,9,0.4133,13.9955,199.6322
1545,39,9,0.4129,15.4943,218.0235
1546,104,18,0.4125,13.2847,198.8198
1547,48,10,0.4121,15.8413,189.5565
1548,28,7,0.4118,20.4580,202.0690
1549,38,9,0.4114,16.7311,210.5423
1550,76,10,0.4110,15.3524,216.2706
1551,35,8,0.4106,22.4792,209.5286
1552,35,9,0.4102,12.3093,209.9242
1553,228,22,0.4099,15.0386,213.0950
1554,98,16,0.4095,15.9112,192.3125
1555,57,11,0.4091,19.8749,212.4310
1556,58,12,0.4087,12.5296,206.6267
1557,63,13,0.4083,13.6654,212.1542
1558,131,15,0.4080,16.7742,219.9237
1559,34,9,0.4076,16.3108,218.1070
1560,109,17,0.4072,17.5157,207.0951
1561,132,15,0.4068,14.1629,211.6751
1562,43,11,0.4064,16.5087,219.9970
1563,38,11,0.4061,14.4667,201.4068
1564,29,8,0.4057,14.7701,198.9657
1565,114,18,0.4053,12.4191,216.7103
1566,41,9,0.4049,14.2491,203.5228
1567,60,12,0.4045,21.4463,211.1573
1568,73,16,0.4042,14.3057,219.3988
1569,194,21,0.4038,15.6144,210.7102
1570,59,12,0.4034,15.9713,212.7173
1571,51,11,0.4030,20.6660,203.2266
1572,76,14,0.4026,15.9028,212.1910
1573,56,11,0.4023,16.1329,205.9295
1574,83,13,0.4019,13.1899,209.2161
1575,40,11,0.4015,18.9320,203.3739
1576,42,13,0.4011,13.8249,214.9375
1577,156,18,0.4007,14.1524,210.7152
1578,38,7,0.4004,14.9384,203.6629
1579,26,7,0.4000,19.6685,199.7303
1580,54,11,0.3996,21.2797,220.4577
1581,55,12,0.3992,14.8963,226.6432
1582,97,15,0.3988,12.7245,208.5349
1583,32,8,0.3985,18.8876,206.5534
1584,25,6,0.3981,19.6789,184.7771
1585,43,12,0.3977,16.3407,220.4716
1586,64,14,0.3973,13.9006,215.2607
1587,48,9,0.3969,17.8160,209.4552
1588,39,11,0.3966,12.9882,231.0331
1589,79,12,0.3962,14.0739,222.8716
1590,346,29,0.3958,14.6845,208.9256
1591,33,9,0.3954,12.2714,211.0153
1592,20,6,0.3950,11.8836,211.7825
1593,31,8,0.3947,17.5733,208.5444
1594,52,11,0.3943,16.7457,219.5838
1595,52,10,0.3939,14.5132,210.4736
1596,55,12,0.3935,16.3474,217.3243
1597,40,10,0.3931,18.6190,220.9023
1598,170,18,0.3928,19.1528,227.5357
1599,34,9,0.3924,13.5385,224.7318
1600,37,9,0.3920,22.1408,211.5354
1601,42,10,0.3916,11.5642,221.5161
1602,35,9,0.3912,16.5288,209.0165
1603,304,23,0.3909,13.5566,231.2641
1604,77,15,0.3905,16.7922,199.3855
1605,448,20,0.3901,14.5666,213.5627
1606,141,15,0.3897,16.4354,215.9132
1607,45,10,0.3893,13.1200,221.5584
1608,170,17,0.3890,17.2308,215.9132
1609,108,12,0.3886,14.7240,221.7227
1610,60,14,0.3882,13.4665,222.8530
1611,36,10,0.3878,18.0522,219.0696
1612,55,11,0.3874,16.5870,233.1525
1613,43,12,0.3871,16.0351,209.7237
1614,168,22,0.3867,18.6590,221.9078
1615,34,9,0.3863,16.1817,187.2612
1616,36,7,0.3859,13.3527,204.3763
1617,40,10,0.3855,13.8368,221.7760
1618,62,12,0.3852,14.7299,195.2514
1619,39,11,0.3848,13.0562,212.4294
1620,166,19,0.3844,15.4265,216.7140
1621,32,8,0.3840,14.2299,217.7941
1622,85,15,0.3836,16.9115,218.5934
1623,217,19,0.3833,18.5479,223.8910
1624,26,6,0.3829,11.7617,207.5272
1625,121,16,0.3825,12.5658,223.8135
1626,113,12,0.3821,17.0158,201.8823
1627,77,14,0.3817,15.5711,230.0913
1628,33,8,0.3814,12.3971,201.7261
1629,40,11,0.3810,17.8552,210.7760
1630,231,18,0.3806,19.6517,228.2962
1631,62,12,0.3802,15.1543,211.2899
1632,54,11,0.3798,18.0710,227.6609
1633,54,11,0.3795,14.0096,223.1721
1634,45,9,0.3791,15.5980,208.8090
1635,41,10,0.3787,17.8955,207.9516
1636,121,15,0.3783,19.7649,220.2991
1637,36,8,0.3779,12.1054,207.4801
1638,51,9,0.3776,24.7542,222.4057
1639,54,10,0.3772,16.5238,221.8614
1640,35,8,0.3768,16.1470,230.5974
1641,53,11,0.3764,13.5151,221.0689
1642,238,22,0.3760,19.2237,218.2114
1643,58,12,0.3757,15.9579,244.8680
1644,131,17,0.3753,12.5689,197.7131
1645,26,6,0.3749,17.6538,211.1071
1646,47,10,0.3745,17.9427,218.2101
1647,33,8,0.3741,21.1911,222.3898
1648,25,6,0.3738,11.7593,213.6437
1649,41,9,0.3734,13.4183,218.0605
1650,55,10,0.3730,14.7878,228.7119
1651,19,5,0.3726,19.5477,203.6662
1652,35,9,0.3722,12.5525,206.8064
1653,52,10,0.3719,11.6483,213.9656
1654,53,11,0.3715,15.0892,213.0245
1655,226,20,0.3711,14.1438,231.0165
1656,45,12,0.3707,14.8693,237.4847
1657,74,10,0.3703,15.4529,218.1343
1658,27,8,0.3700,20.6901,226.0083
1659,36,8,0.3696,11.8156,213.9281
1660,84,14,0.3692,16.6201,223.1442
1661,86,13,0.3688,16.8085,213.6089
1662,74,14,0.3684,19.0960,231.5230
1663,31,7,0.3681,17.8830,219.9765
1664,53,12,0.3677,15.9448,234.3705
1665,77,12,0.3673,17.5751,220.5307
1666,28,7,0.3669,12.1204,220.0976
1667,41,11,0.3665,16.1167,226.6387
1668,34,8,0.3662,18.8858,218.8844
1669,44,9,0.3658,13.2828,221.9693
1670,48,10,0.3654,20.4009,208.6116
1671,108,20,0.3650,19.5636,243.1236
1672,105,12,0.3646,15.4567,237.2579
1673,40,9,0.3643,19.1094,239.0757
1674,41,10,0.3639,19.8472,233.6526
1675,60,14,0.3635,13.3915,228.0361
1676,149,19,0.3631,16.6328,215.3432
1677,234,20,0.3627,15.3035,244.1340
1678,161,22,0.3624,15.7846,241.7592
1679,34,10,0.3620,16.0998,206.8033
1680,218,17,0.3616,17.3853,233.0852
1681,34,10,0.3612,13.9744,207.6858
1682,187,21,0.3608,19.8724,226.4921
1683,38,9,0.3605,15.4901,221.2438
1684,60,13,0.3601,17.8471,217.5231
1685,51,10,0.3597,15.5230,227.1333
1686,62,13,0.3593,14.9440,222.0257
1687,32,8,0.3589,18.1969,212.6124
1688,130,19,0.3586,17.0437,193.4156
1689,295,21,0.3582,14.6947,231.6120
1690,81,10,0.3578,18.5725,230.0473
1691,76,13,0.3574,16.3809,234.0876
1692,101,14,0.3570,20.9381,234.5568
1693,45,11,0.3567,22.0345,224.7979
1694,30,8,0.3563,17.8850,231.9387
1695,71,15,0.3559,13.6213,227.0765
1696,54,12,0.3555,11.5898,231.8068
1697,41,10,0.3551,13.5138,224.3600
1698,50,10,0.3548,22.7341,229.3799
1699,86,14,0.3544,19.0043,217.5228
1700,77,15,0.3540,20.3613,222.5580
1701,81,14,0.3536,13.9892,241.4041
1702,35,9,0.3532,17.4435,214.7330
1703,43,11,0.3529,13.8038,211.0359
1704,134,20,0.3525,20.2627,215.0889
1705,37,9,0.3521,22.1090,217.5728
1706,54,13,0.3517,14.2191,251.0776
1707,95,13,0.3513,18.7763,235.3854
1708,51,9,0.3510,21.3937,219.6377
1709,47,10,0.3506,13.7755,228.8258
1710,226,22,0.3502,12.9569,246.8541
1711,280,26,0.3498,18.2216,250.3881
1712,224,21,0.3494,17.2151,237.6756
1713,86,12,0.3491,22.9862,231.6533
1714,55,13,0.3487,15.8945,223.7555
1715,35,9,0.3483,21.9785,238.3922
1716,42,9,0.3479,15.6662,228.0128
1717,30,8,0.3475,17.6062,235.1244
1718,30,8,0.3472,14.6706,228.6362
1719,53,11,0.3468,13.2827,232.0912
1720,169,21,0.3464,18.3389,229.6317
1721,29,7,0.3460,14.1453,222.3714
1722,38,8,0.3456,14.6780,240.6653
1723,244,21,0.3453,15.1417,239.0359
1724,59,14,0.3449,15.1138,224.1150
1725,49,9,0.3445,16.2578,232.9168
1726,26,7,0.3441,12.7234,237.7436
1727,89,13,0.3437,19.7075,221.1059
1728,43,8,0.3434,16.2506,233.2833
1729,32,8,0.3430,21.4684,229.3962
1730,60,13,0.3426,20.1045,218.4038
1731,33,8,0.3422,15.2028,227.9824
1732,29,6,0.3418,17.2826,222.9817
1733,110,20,0.3415,16.8652,242.6558
1734,137,18,0.3411,14.5583,248.4712
1735,60,13,0.3407,18.3048,220.8764
1736,51,10,0.3403,14.8103,237.7320
1737,26,7,0.3399,11.4206,235.9992
1738,281,24,0.3396,19.0490,249.6575
1739,38,9,0.3392,20.3914,231.6535
1740,99,11,0.3388,19.0608,244.4829
1741,51,11,0.3384,18.0887,233.6216
1742,317,24,0.3380,19.4214,244.5440
1743,53,11,0.3377,14.8286,238.1018
1744,35,9,0.3373,15.0725,233.0834
1745,22,7,0.3369,21.4288,244.1374
1746,32,8,0.3365,23.2697,243.5235
1747,127,16,0.3361,17.7509,236.6477
1748,122,15,0.3358,19.5653,249.3044
1749,28,7,0.3354,22.1266,225.2940
1750,295,20,0.3350,17.3708,247.0154
1751,45,7,0.3346,14.3832,229.4642
1752,116,14,0.3342,21.0086,265.8534
1753,52,11,0.3339,16.2242,256.8532
1754,44,11,0.3335,15.3051,241.7057
1755,49,11,0.3331,18.3376,240.3502
1756,28,7,0.3327,16.0630,236.0118
1757,79,13,0.3323,18.4454,239.0700
1758,57,12,0.3320,23.5460,220.3113
1759,39,10,0.3316,19.0355,231.7341
1760,88,11,0.3312,19.2479,230.0672
1761,110,13,0.3308,19.8923,229.6843
1762,37,10,0.3304,17.6479,248.3082
1763,41,11,0.3301,18.4089,240.9731
1764,49,12,0.3297,15.2719,245.0353
1765,40,10,0.3293,18.8292,238.3098
1766,52,12,0.3289,18.4396,248.2832
1767,468,33,0.3285,19.0891,232.7398
1768,35,9,0.3282,19.7582,245.0723
1769,57,12,0.3278,18.3655,214.2077
1770,42,9,0.3274,21.4412,248.4403
1771,85,13,0.3270,21.0772,242.1345
1772,110,15,0.3266,18.4587,235.0777
1773,120,20,0.3263,18.8195,226.0204
1774,39,12,0.3259,18.9967,245.0034
1775,52,10,0.3255,20.2031,242.5697
1776,56,12,0.3251,16.2746,248.7380
1777,21,4,0.3247,14.3370,240.5901
1778,77,13,0.3244,15.8824,229.7924
1779,186,19,0.3240,21.2515,249.5008
1780,205,24,0.3236,15.6065,235.8205
1781,56,10,0.3232,17.7901,239.7049
1782,88,14,0.3228,19.8372,241.1676
1783,43,10,0.3225,13.6756,241.6572
1784,76,13,0.3221,17.9545,245.9154
1785,34,8,0.3217,17.9279,230.8817
1786,109,18,0.3213,18.3573,256.9912
1787,52,11,0.3209,16.6451,254.2629
1788,37,10,0.3206,18.4837,239.3673
1789,110,12,0.3202,20.0561,258.2280
1790,148,18,0.3198,17.6941,233.0381
1791,213,24,0.3194,15.5370,245.3811
1792,50,11,0.3190,13.1868,241.5451
1793,89,15,0.3187,17.5978,251.4057
1794,29,7,0.3183,19.5387,239.9508
1795,54,11,0.3179,17.6432,243.6694
1796,46,10,0.3175,17.6895,262.9117
1797,42,9,0.3171,20.9633,250.4127
1798,142,17,0.3168,24.7112,233.0048
1799,50,13,0.3164,17.9322,224.8079
1800,42,11,0.3160,16.0858,245.3531
1801,59,12,0.3156,17.6242,235.8069
1802,26,6,0.3152,19.7994,245.9772
1803,28,6,0.3149,13.0609,247.9088
1804,413,31,0.3145,17.7119,255.6728
1805,125,19,0.3141,19.5892,263.5917
1806,87,13,0.3137,16.0329,251.3223
1807,149,20,0.3133,19.9315,229.5224
1808,40,9,0.3130,21.5834,223.1773
1809,87,14,0.3126,18.1122,246.8004
1810,98,20,0.3122,17.6578,245.5736
1811,35,8,0.3118,24.5519,241.6424
1812,38,10,0.3114,18.6879,245.2363
1813,38,11,0.3111,20.9644,238.8839
1814,75,11,0.3107,18.1095,245.6357
1815,77,12,0.3103,21.0600,253.6080
1816,155,14,0.3099,22.7740,231.9142
1817,30,7,0.3095,14.6156,241.7290
1818,37,11,0.3092,14.4324,250.7220
1819,81,11,0.3088,15.6577,242.8786
1820,55,12,0.3084,17.6964,256.9673
1821,118,15,0.3080,16.4467,255.9389
1822,55,12,0.3076,25.9453,249.1289
1823,38,11,0.3073,20.5773,239.2326
1824,37,10,0.3069,16.3945,250.7536
1825,131,18,0.3065,16.6065,262.9866
1826,56,12,0.3061,17.1917,241.6183
1827,53,12,0.3057,18.4989,257.0149
1828,113,17,0.3054,19.9969,255.4538
1829,126,15,0.3050,16.2068,246.0830
1830,56,13,0.3046,14.3882,245.4697
1831,32,9,0.3042,22.8635,228.5358
1832,88,16,0.3038,20.3838,257.5272
1833,72,15,0.3035,21.5660,259.4866
1834,66,12,0.3031,21.2046,266.8378
1835,37,9,0.3027,21.1155,246.5494
1836,99,17,0.3023,21.7765,260.4014
1837,51,10,0.3019,15.3959,240.2302
1838,77,10,0.3016,18.2175,257.5605
1839,37,8,0.3012,22.2767,233.0697
1840,82,12,0.3008,19.2554,239.9581
1841,109,18,0.3004,17.7414,256.9156
1842,40,10,0.3000,16.9138,240.2160
1843,100,14,0.2997,15.9127,257.0733
1844,118,16,0.2993,19.8435,252.0660
1845,59,13,0.2989,17.6520,236.2588
1846,43,13,0.2985,19.9569,268.6832
1847,53,10,0.2981,19.6221,265.0330
1848,27,7,0.2978,21.7950,254.9483
1849,53,10,0.2974,18.5983,254.0956
1850,158,14,0.2970,18.4454,264.9347
1851,137,17,0.2966,21.6913,253.8897
1852,242,20,0.2962,19.5747,234.3179
1853,64,13,0.2959,15.9355,249.0905
1854,103,14,0.2955,17.9693,253.6146
1855,43,13,0.2951,19.5349,275.8788
1856,35,8,0.2947,15.7999,233.5791
1857,85,15,0.2943,18.4816,262.4607
1858,82,12,0.2940,16.9117,270.0171
1859,63,14,0.2936,18.2660,257.9488
1860,41,10,0.2932,21.2788,239.4482
1861,30,8,0.2928,14.5453,252.4935
1862,54,14,0.2924,17.3973,268.0509
1863,59,14,0.2921,22.8794,248.2394
1864,104,13,0.2917,20.1635,250.8508
1865,37,9,0.2913,17.9301,258.2927
1866,36,9,0.2909,17.8490,275.7093
1867,35,9,0.2905,20.7929,268.6541
1868,36,9,0.2902,23.3618,256.9924
1869,39,9,0.2898,16.6070,252.4006
1870,37,10,0.2894,16.6210,258.8738
1871,57,11,0.2890,17.4359,217.1798
1872,125,16,0.2886,18.2391,250.0729
1873,35,6,0.2883,16.0129,258.0782
1874,101,14,0.2879,23.0189,257.0367
1875,465,25,0.2875,20.4596,249.7609
1876,163,17,0.2871,18.5815,256.8901
1877,456,13,0.2867,21.7477,270.5946
1878,53,11,0.2864,19.2520,262.1092
1879,37,9,0.2860,20.4503,247.7056
1880,170,17,0.2856,21.1428,254.9155
1881,37,9,0.2852,22.5757,249.6481
1882,185,21,0.2848,20.8198,254.2410
1883,38,10,0.2845,22.5244,259.1384
1884,186,19,0.2841,20.0183,255.8496
1885,45,11,0.2837,22.4297,272.3097
1886,70,12,0.2833,16.7035,246.5625
1887,171,18,0.2829,20.1666,246.8129
1888,17,5,0.2826,19.6886,234.2861
1889,124,17,0.2822,18.1128,258.4520
1890,84,14,0.2818,21.4608,250.8919
1891,40,9,0.2814,20.6159,244.8764
1892,133,19,0.2810,20.1647,267.4354
1893,118,15,0.2807,19.1769,252.6630
1894,51,10,0.2803,20.3206,256.5178
1895,250,25,0.2799,19.5721,253.5002
1896,49,10,0.2795,20.3021,256.6537
1897,37,10,0.2791,21.1853,284.4280
1898,43,11,0.2788,22.7094,232.6669
1899,73,15,0.2784,19.0904,275.2414
1900,57,11,0.2780,19.5352,251.2265
1901,53,11,0.2776,16.6416,235.4157
1902,46,10,0.2772,15.6810,245.1746
1903,86,13,0.2769,20.6065,248.0632
1904,120,15,0.2765,18.2292,268.6916
1905,188,21,0.2761,16.9068,251.6830
1906,39,10,0.2757,18.8242,270.5114
1907,50,10,0.2753,18.0906,286.0608
1908,24,6,0.2750,12.4173,245.2887
1909,37,8,0.2746,20.8308,269.3309
1910,167,18,0.2742,22.8526,263.6001
1911,299,25,0.2738,17.0582,273.9197
1912,57,10,0.2734,19.9811,288.1805
1913,43,10,0.2731,19.9769,257.1773
1914,125,16,0.2727,16.6414,258.6660
1915,259,22,0.2723,20.5974,276.4579
1916,76,14,0.2719,19.5996,253.9192
1917,331,27,0.2715,20.7885,277.6271
1918,105,11,0.2712,24.5913,256.1815
1919,223,19,0.2708,21.7515,258.1763
1920,49,9,0.2704,17.2307,270.7018
1921,283,19,0.2700,20.7420,281.4462
1922,38,10,0.2696,22.8425,265.3640
1923,90,16,0.2693,17.3179,248.0909
1924,307,27,0.2689,20.7353,289.6933
1925,162,14,0.2685,21.8571,265.9298
1926,76,15,0.2681,20.0909,274.3386
1927,220,20,0.2677,19.7752,263.5265
1928,93,16,0.2674,17.2208,253.6014
1929,40,10,0.2670,15.8655,232.6688
1930,317,23,0.2666,21.1832,257.1395
1931,36,8,0.2662,20.8464,274.1551
1932,73,13,0.2658,16.3615,245.1623
1933,120,16,0.2655,22.3718,265.4363
1934,25,7,0.2651,16.6966,245.6080
1935,72,14,0.2647,21.9601,274.3888
1936,86,15,0.2643,19.7281,286.7178
1937,70,14,0.2639,16.8176,281.0417
1938,40,11,0.2636,15.6122,288.7281
1939,205,25,0.2632,23.0543,264.7866
1940,39,8,0.2628,15.2955,264.6862
1941,73,12,0.2624,21.6173,264.7575
1942,57,12,0.2620,23.2918,278.1532
1943,58,14,0.2617,18.3478,264.2419
1944,154,16,0.2613,20.1290,286.5353
1945,71,12,0.2609,17.8127,297.8467
1946,50,10,0.2605,20.6706,278.5382
1947,331,26,0.2601,21.7596,288.3837
1948,29,6,0.2598,16.2444,259.7354
1949,39,9,0.2594,17.1318,245.3569
1950,30,9,0.2590,20.5385,276.9840
1951,16,5,0.2586,18.8105,263.6898
1952,51,9,0.2582,22.1480,281.5152
1953,33,9,0.2579,23.3936,275.5312
1954,36,7,0.2575,17.3668,259.7657
1955,39,10,0.2571,20.5379,273.4873
1956,233,19,0.2567,19.5549,275.8476
1957,115,12,0.2563,16.3488,250.2197
1958,212,19,0.2560,19.3604,251.1071
1959,103,17,0.2556,17.4697,275.7787
1960,36,10,0.2552,17.7861,267.2827
1961,61,14,0.2548,18.9637,289.2299
1962,178,19,0.2544,18.9745,267.7503
1963,81,14,0.2541,20.6626,283.4334
1964,61,13,0.2537,19.5730,277.2719
1965,142,19,0.2533,20.2017,266.4319
1966,37,10,0.2529,20.2473,272.7825
1967,32,8,0.2525,26.7914,237.6323
1968,39,9,0.2522,25.7993,263.2850
1969,86,16,0.2518,23.2104,261.7047
1970,56,11,0.2514,17.7123,262.3969
1971,88,13,0.2510,24.9697,266.0593
1972,236,22,0.2506,19.6434,240.8671
1973,161,23,0.2503,19.9566,290.6722
1974,71,11,0.2499,21.8274,280.6979
1975,443,12,0.2495,15.6692,267.2212
1976,41,10,0.2491,22.3506,297.4721
1977,56,14,0.2487,23.4583,246.8346
1978,32,9,0.2484,18.0843,253.9512
1979,102,15,0.2480,24.2328,274.6753
1980,118,16,0.2476,19.8954,271.0303
1981,41,10,0.2472,23.0385,267.9761
1982,37,10,0.2468,26.5022,264.8007
1983,88,15,0.2465,20.2078,272.2124
1984,186,18,0.2461,23.6559,268.9443
1985,75,14,0.2457,20.6350,283.9977
1986,77,15,0.2453,18.5072,263.7433
1987,31,8,0.2449,21.0200,277.4874
1988,41,12,0.2446,15.4188,283.4175
1989,39,10,0.2442,19.2873,281.9693
1990,43,10,0.2438,17.5274,256.6690
1991,53,11,0.2434,19.5298,288.5322
1992,31,8,0.2430,18.7124,271.5590
1993,296,21,0.2427,23.0407,280.3540
1994,31,8,0.2423,19.4313,269.1576
1995,52,12,0.2419,24.4962,280.6272
1996,85,14,0.2415,21.2827,279.6585
1997,99,15,0.2411,20.0415,277.6174
1998,32,8,0.2408,20.8747,277.2464
1999,107,16,0.2404,21.3899,274.4608
2000,177,18,0.2400,21.5062,280.8352
2001,63,15,0.2396,23.0106,284.9641
2002,187,21,0.2392,19.7121,277.1475
2003,34,8,0.2389,18.1205,282.1190
2004,23,6,0.2385,21.6502,270.0967
2005,38,9,0.2381,20.9610,258.9473
2006,31,8,0.2377,17.3931,267.9726
2007,48,9,0.2373,21.9678,284.7272
2008,85,14,0.2370,17.7393,272.3924
2009,24,6,0.2366,24.8360,291.5391
2010,54,11,0.2362,16.2073,285.6685
2011,26,7,0.2358,18.5311,287.6286
2012,56,15,0.2354,21.4276,267.4055
2013,83,14,0.2351,20.0197,287.0323
2014,191,20,0.2347,18.0901,276.6387
2015,59,12,0.2343,23.2757,283.4664
2016,101,15,0.2339,23.6696,275.8652
2017,85,15,0.2335,21.4252,297.5583
2018,69,13,0.2332,21.1928,283.3158
2019,176,19,0.2328,17.4276,291.8772
2020,33,8,0.2324,15.6625,274.4474
2021,59,10,0.2320,15.2017,253.4985
2022,58,12,0.2316,22.2311,278.3302
2023,75,16,0.2313,21.2305,277.9331
2024,96,16,0.2309,16.9209,279.5807
2025,83,13,0.2305,22.6771,284.2604
2026,26,6,0.2301,20.9689,264.2245
2027,39,9,0.2297,18.3953,275.2425
2028,39,8,0.2294,24.9463,277.7974
2029,25,6,0.2290,23.7674,258.0036
2030,40,10,0.2286,22.2703,288.9300
2031,93,18,0.2282,22.9853,276.8109
2032,208,24,0.2278,24.4660,269.7742
2033,121,16,0.2275,19.8970,275.2441
2034,54,10,0.2271,15.6964,279.3341
2035,37,11,0.2267,19.4847,272.1173
2036,36,8,0.2263,20.3214,267.3933
2037,218,25,0.2259,24.5262,261.9183
2038,31,8,0.2256,21.0686,300.2597
2039,298,20,0.2252,22.1549,280.6427
2040,35,11,0.2248,19.8384,279.0589
2041,46,8,0.2244,18.2775,293.1785
2042,46,12,0.2240,16.3026,285.5032
2043,61,10,0.2237,22.2086,272.0723
2044,84,14,0.2233,23.4872,294.3669
2045,59,13,0.2229,20.5725,275.0506
2046,38,10,0.2225,21.3286,272.7375
2047,34,10,0.2221,20.8085,279.4122
2048,37,10,0.2218,24.4939,297.1272
2049,104,15,0.2214,22.5549,278.0616
2050,42,10,0.2210,20.2292,300.9194
2051,157,16,0.2206,17.6507,293.2902
2052,37,9,0.2202,27.5798,288.4242
2053,169,19,0.2199,19.7967,274.7506
2054,34,8,0.2195,16.6537,241.3103
2055,113,14,0.2191,22.1941,272.8241
2056,55,11,0.2187,22.1801,283.5756
2057,59,11,0.2183,20.4591,280.9613
2058,53,11,0.2180,17.0805,275.0222
2059,232,20,0.2176,19.5985,278.3275
2060,38,9,0.2172,22.1568,277.8483
2061,47,10,0.2168,21.0235,296.9633
2062,28,7,0.2164,15.4287,261.9189
2063,38,9,0.2161,22.4428,275.1422
2064,111,16,0.2157,18.8663,302.8192
2065,73,10,0.2153,18.8046,293.5426
2066,46,9,0.2149,20.7568,285.9218
2067,32,9,0.2145,16.3078,295.0832
2068,87,14,0.2142,20.3268,292.8839
2069,54,11,0.2138,18.3204,264.1372
2070,62,14,0.2134,16.2321,278.5743
2071,82,12,0.2130,21.0890,285.5930
2072,230,20,0.2126,18.1435,279.7326
2073,43,11,0.2123,18.7615,263.9023
2074,50,11,0.2119,18.3896,294.1496
2075,46,10,0.2115,19.2575,274.8248
2076,40,9,0.2111,23.5893,279.7501
2077,43,10,0.2107,20.7068,280.4480
2078,33,7,0.2104,14.2766,287.9310
2079,72,11,0.2100,19.2842,283.0497
2080,54,12,0.2096,20.8731,298.8743
2081,59,11,0.2092,23.6114,277.2920
2082,474,28,0.2088,17.3572,289.9219
2083,326,28,0.2085,20.9315,275.1301
2084,58,13,0.2081,25.1341,302.2770
2085,35,9,0.2077,24.9382,290.5959
2086,247,22,0.2073,22.4813,293.4506
2087,36,9,0.2069,17.4602,276.8194
2088,33,8,0.2066,23.4745,274.0522
2089,28,5,0.2062,28.5193,286.1630
2090,354,26,0.2058,20.9036,283.1500
2091,58,12,0.2054,18.9408,286.8815
2092,35,8,0.2050,21.2478,290.7457
2093,93,17,0.2047,21.3901,261.9096
2094,76,17,0.2043,23.4325,276.2067
2095,34,8,0.2039,24.7151,281.7462
2096,59,13,0.2035,23.0577,281.3386
2097,103,16,0.2031,18.9980,284.6797
2098,27,6,0.2028,17.2501,266.1267
2099,119,15,0.2024,19.8965,286.5749
2100,91,12,0.2020,24.4709,277.4348
2101,56,10,0.2016,23.2923,264.6225
2102,55,9,0.2012,21.0650,285.9005
2103,53,10,0.2009,24.2979,251.7475
2104,50,11,0.2005,24.8910,227.9377
2105,52,12,0.2001,17.1478,283.5973
2106,71,13,0.1997,21.7120,307.5637
2107,55,12,0.1993,22.8198,279.6583
2108,67,13,0.1990,22.0192,299.9602
2109,498,32,0.1986,24.1882,283.7339
2110,426,29,0.1982,19.3835,280.1354
2111,118,15,0.1978,21.0506,277.9451
2112,79,13,0.1974,22.3828,289.4840
2113,80,12,0.1971,18.9165,263.7739
2114,54,13,0.1967,24.7109,296.0038
2115,41,11,0.1963,23.7999,257.5974
2116,56,11,0.1959,20.6247,280.3838
2117,74,15,0.1955,21.3278,291.3188
2118,38,9,0.1952,18.2503,269.4396
2119,47,10,0.1948,21.0702,283.2664
2120,61,14,0.1944,19.9732,276.4507
2121,37,9,0.1940,16.0521,297.5168
2122,83,13,0.1936,25.6553,278.0209
2123,36,9,0.1933,25.4945,277.6025
2124,159,18,0.1929,22.3960,291.1596
2125,126,16,0.1925,20.9204,247.7232
2126,35,9,0.1921,28.9270,292.7596
2127,57,12,0.1917,20.8301,286.9119
2128,30,7,0.1914,24.7490,263.6945
2129,34,8,0.1910,16.9146,263.9683
2130,64,15,0.1906,23.5246,294.3398
2131,85,14,0.1902,17.9979,296.6784
2132,34,9,0.1898,20.2026,270.0574
2133,35,10,0.1895,20.6519,286.3130
2134,157,20,0.1891,21.8737,280.9667
2135,22,4,0.1887,17.9006,270.3936
2136,33,9,0.1883,26.6892,299.6499
2137,32,8,0.1879,20.9300,279.3112
2138,78,15,0.1876,20.0502,280.5970
2139,141,17,0.1872,25.3195,288.6412
2140,24,6,0.1868,21.1332,265.3462
2141,77,12,0.1864,19.9325,287.6278
2142,35,11,0.1860,18.1132,283.6193
2143,33,7,0.1857,21.1744,284.8096
2144,162,15,0.1853,22.0281,299.9356
2145,59,13,0.1849,17.0787,263.3348
2146,73,13,0.1845,19.1835,281.7127
2147,262,18,0.1841,20.9801,271.6516
2148,83,13,0.1838,28.8990,263.2974
2149,268,27,0.1834,20.4560,305.2589
2150,56,12,0.1830,22.5385,299.5807
2151,79,13,0.1826,17.8467,310.9734
2152,77,12,0.1822,20.0763,278.6689
2153,104,16,0.1819,21.0456,301.9933
2154,394,26,0.1815,19.8461,286.3500
2155,70,13,0.1811,27.0829,291.0851
2156,132,19,0.1807,25.8218,257.8976
2157,53,10,0.1803,20.0257,298.5586
2158,40,10,0.1800,21.9092,279.8146
2159,32,9,0.1796,19.6005,253.0454
2160,138,18,0.1792,22.9459,300.8238
2161,224,18,0.1788,25.1314,302.2232
2162,81,11,0.1784,22.2539,274.5448
2163,23,6,0.1781,18.5039,290.6194
2164,51,10,0.1777,19.0436,298.2843
2165,78,15,0.1773,22.8791,296.7309
2166,26,7,0.1769,21.7731,289.8287
2167,67,12,0.1765,16.3435,276.6699
2168,169,17,0.1762,22.6433,284.7606
2169,80,18,0.1758,17.9447,294.3829
2170,44,12,0.1754,25.1926,306.6837
2171,37,9,0.1750,21.3171,293.1917
2172,100,15,0.1746,21.9603,269.6347
2173,171,19,0.1743,24.7676,311.5763
2174,34,8,0.1739,24.0594,281.5536
2175,47,9,0.1735,23.1957,253.8562
2176,36,9,0.1731,19.6535,294.5491
2177,57,13,0.1727,20.8993,286.2497
2178,63,13,0.1724,18.6090,290.8483
2179,38,9,0.1720,23.6280,297.6520
2180,40,10,0.1716,22.3500,310.9200
2181,142,19,0.1712,21.3048,281.0567
2182,40,11,0.1708,25.7605,290.7534
2183,257,25,0.1705,19.4768,280.3490
2184,79,14,0.1701,23.9075,296.0783
2185,83,14,0.1697,21.8422,313.9275
2186,775,38,0.1693,21.2691,289.9201
2187,29,8,0.1689,29.5390,287.6193
2188,29,7,0.1686,20.2244,282.8586
2189,81,15,0.1682,19.3988,297.9273
2190,72,14,0.1678,19.5090,278.8970
2191,31,8,0.1674,21.0229,284.9757
2192,142,17,0.1670,23.2271,298.5838
2193,123,14,0.1667,21.0691,280.3385
2194,35,8,0.1663,19.2362,298.9345
2195,300,21,0.1659,17.6708,295.5420
2196,98,15,0.1655,22.0086,288.9329
2197,51,11,0.1651,18.9372,312.0548
2198,40,10,0.1648,18.8737,286.8872
2199,53,11,0.1644,22.1908,270.0173
2200,61,13,0.1640,22.2241,275.5576
2201,85,14,0.1636,19.2092,313.3122
2202,25,6,0.1632,24.3703,283.8426
2203,52,10,0.1629,19.3651,290.0274
2204,80,12,0.1625,23.7120,284.1402
2205,38,9,0.1621,22.2058,281.9149
2206,98,12,0.1617,28.3423,267.5603
2207,83,13,0.1613,23.6914,299.8740
2208,68,15,0.1610,20.1698,272.8091
2209,39,10,0.1606,15.4199,300.6623
2210,82,13,0.1602,24.0126,306.8304
2211,33,8,0.1598,26.0871,296.2025
2212,81,12,0.1594,20.1141,269.5773
2213,33,6,0.1591,21.1689,275.2844
2214,53,10,0.1587,20.3108,281.7011
2215,43,11,0.1583,27.2883,280.7758
2216,56,12,0.1579,25.6303,285.6650
2217,76,16,0.1575,22.1738,308.0831
2218,90,15,0.1572,20.8400,334.8437
2219,102,15,0.1568,19.5679,307.4157
2220,283,18,0.1564,21.0628,307.2975
2221,18,4,0.1560,16.7741,285.1562
2222,69,11,0.1556,19.1638,293.0454
2223,52,10,0.1553,29.2780,292.0465
2224,771,29,0.1549,21.7000,289.5142
2225,96,16,0.1545,22.7669,294.8619
2226,36,9,0.1541,26.0801,309.2653
2227,34,9,0.1537,23.9049,308.0319
2228,123,17,0.1534,25.1377,299.4768
2229,32,8,0.1530,20.0592,304.9125
2230,52,9,0.1526,19.1129,263.5728
2231,37,10,0.1522,18.1888,301.3108
2232,314,22,0.1518,24.4954,283.2390
2233,82,12,0.1515,23.5895,288.7216
2234,38,10,0.1511,23.7731,304.9165
2235,40,10,0.1507,22.4801,304.0980
2236,143,19,0.1503,25.0337,315.2215
2237,77,11,0.1499,27.0261,274.2299
2238,39,10,0.1496,22.5618,293.7352
2239,171,15,0.1492,22.3035,299.6141
2240,71,12,0.1488,20.1151,261.3147
2241,325,29,0.1484,21.1312,295.1701
2242,57,11,0.1480,29.1004,273.2701
2243,72,13,0.1477,16.9089,282.3582
2244,210,19,0.1473,21.3390,288.0409
2245,36,10,0.1469,26.3320,291.9565
2246,32,7,0.1465,23.7536,261.7855
2247,60,13,0.1461,22.7866,280.1501
2248,57,10,0.1458,23.2332,292.5773
2249,81,14,0.1454,22.1135,285.0392
2250,61,12,0.1450,18.5920,297.8620
2251,19,8,0.1446,19.9422,289.7870
2252,52,12,0.1442,22.2271,309.9814
2253,52,10,0.1439,25.9889,291.3413
2254,52,10,0.1435,22.0888,284.3293
2255,75,8,0.1431,19.4730,272.8728
2256,56,11,0.1427,25.0069,306.1017
2257,85,14,0.1423,21.9899,295.8022
2258,81,17,0.1420,23.0983,286.0891
2259,84,14,0.1416,17.9842,301.9262
2260,43,11,0.1412,23.5021,291.0031
2261,35,10,0.1408,22.4850,293.7843
2262,25,6,0.1404,21.4598,298.3365
2263,138,17,0.1401,22.1452,272.5442
2264,38,10,0.1397,20.9065,291.1398
2265,87,15,0.1393,23.8702,265.9954
2266,27,5,0.1389,22.5731,278.4296
2267,52,10,0.1385,27.2821,302.7776
2268,120,14,0.1382,18.6987,254.5545
2269,50,11,0.1378,28.4016,301.1285
2270,56,13,0.1374,20.4491,314.4632
2271,34,9,0.1370,27.4231,285.1204
2272,242,21,0.1366,28.3655,330.6750
2273,42,11,0.1363,21.5274,303.4292
2274,166,15,0.1359,22.0946,283.4952
2275,83,12,0.1355,24.1696,265.5060
2276,34,9,0.1351,25.6316,294.7465
2277,55,10,0.1347,22.0990,279.7056
2278,57,11,0.1344,22.4447,280.6146
2279,33,8,0.1340,20.8128,289.2284
2280,145,19,0.1336,22.6209,286.6107
2281,56,11,0.1332,19.6228,292.9298
2282,83,12,0.1328,25.3758,309.2312
2283,123,16,0.1325,20.8805,322.0825
2284,49,9,0.1321,23.5390,291.5004
2285,67,12,0.1317,21.6941,314.5253
2286,47,12,0.1313,20.3862,299.7160
2287,44,11,0.1309,23.9126,262.0171
2288,30,7,0.1306,24.3849,294.6862
2289,105,16,0.1302,25.1084,298.7689
2290,58,12,0.1298,19.6810,299.6898
2291,52,11,0.1294,25.3366,289.0293
2292,55,10,0.1290,23.2969,295.7312
2293,125,18,0.1287,25.2996,320.7452
2294,45,11,0.1283,22.9312,280.0964
2295,33,9,0.1279,22.8378,319.9283
2296,83,12,0.1275,20.2501,292.2942
2297,27,8,0.1271,17.4540,286.5661
2298,74,12,0.1268,23.8519,303.8977
2299,60,12,0.1264,23.3669,297.6507
2300,101,15,0.1260,19.6612,274.0348
2301,31,7,0.1256,19.8725,298.1393
2302,38,11,0.1252,30.6411,318.9853
2303,83,14,0.1249,22.1311,319.2851
2304,33,9,0.1245,22.3611,319.4330
2305,81,13,0.1241,27.8023,288.3844
2306,53,12,0.1237,21.9301,271.4039
2307,160,14,0.1233,22.2722,313.0632
2308,70,9,0.1230,22.2689,316.4638
2309,42,11,0.1226,24.1186,318.2374
2310,40,10,0.1222,26.0114,310.1937
2311,51,10,0.1218,20.4359,294.4588
2312,49,10,0.1214,20.3748,273.3330
2313,84,16,0.1211,25.0452,325.2102
2314,118,18,0.1207,22.1321,298.3329
2315,99,14,0.1203,19.9161,300.6079
2316,68,12,0.1199,21.2998,308.1530
2317,42,10,0.1195,23.2094,312.3478
2318,42,11,0.1192,20.7342,299.4149
2319,63,13,0.1188,24.0961,304.7202
2320,31,8,0.1184,22.4005,311.9774
2321,42,11,0.1180,27.7541,306.2567
2322,203,23,0.1176,23.6701,326.2327
2323,38,9,0.1173,20.1658,286.1983
2324,107,13,0.1169,22.6691,309.6798
2325,83,13,0.1165,18.6102,281.7975
2326,83,13,0.1161,21.3925,320.0892
2327,53,12,0.1157,22.0432,310.6325
2328,42,11,0.1154,23.7460,317.4133
2329,327,35,0.1150,23.6687,282.4076
2330,53,10,0.1146,24.8248,301.8804
2331,33,7,0.1142,17.4757,304.5528
2332,124,16,0.1138,23.3670,279.5574
2333,80,14,0.1135,23.5630,320.4588
2334,74,14,0.1131,20.7151,309.9609
2335,62,14,0.1127,22.0736,305.2643
2336,39,9,0.1123,21.5497,302.1907
2337,27,5,0.1119,22.1362,303.4279
2338,290,17,0.1116,21.2947,313.5885
2339,165,17,0.1112,22.4930,303.1124
2340,152,16,0.1108,18.0029,279.1385
2341,30,7,0.1104,24.0497,286.5987
2342,57,12,0.1100,24.0510,315.6554
2343,61,15,0.1097,24.2241,292.3170
2344,51,11,0.1093,27.6110,309.7585
2345,58,11,0.1089,21.1424,285.9666
2346,54,11,0.1085,26.3015,269.0316
2347,51,8,0.1081,23.7697,292.7066
2348,50,12,0.1078,23.4716,306.0607
2349,117,12,0.1074,25.6063,281.1200
2350,41,11,0.1070,25.1954,297.4205
2351,61,14,0.1066,25.2924,316.7701
2352,120,21,0.1062,26.5048,317.4609
2353,170,18,0.1059,22.8647,290.3622
2354,136,20,0.1055,21.9286,302.3788
2355,75,15,0.1051,21.1553,325.0617
2356,52,11,0.1047,23.4815,311.6500
2357,50,11,0.1043,23.8690,314.9890
2358,83,16,0.1040,25.9241,314.9011
2359,407,29,0.1036,21.7156,314.0780
2360,123,18,0.1032,24.5336,278.3232
2361,38,10,0.1028,22.3402,309.4597
2362,53,11,0.1024,18.0191,293.2866
2363,59,15,0.1021,27.4299,329.3468
2364,39,11,0.1017,20.8938,319.7632
2365,221,21,0.1013,24.5976,301.5965
2366,37,10,0.1009,26.0493,285.5337
2367,82,17,0.1005,23.9036,298.0262
2368,162,20,0.1002,21.0150,322.7097
2369,28,7,0.0998,19.0286,317.3202
2370,31,7,0.0994,24.6409,273.5327
2371,166,17,0.0990,24.4798,328.9443
2372,41,10,0.0986,26.2080,310.6868
2373,49,11,0.0983,24.4437,323.8251
2374,40,9,0.0979,23.9270,302.7955
2375,44,11,0.0975,22.9558,316.8423
2376,34,9,0.0971,28.1498,310.3345
2377,276,26,0.0967,23.9332,292.9641
2378,99,16,0.0964,26.8042,282.0881
2379,39,10,0.0960,24.7514,297.1508
2380,38,11,0.0956,21.4776,315.5588
2381,55,11,0.0952,23.6959,298.1579
2382,459,24,0.0948,26.8793,302.0138
2383,34,8,0.0945,25.4158,333.0070
2384,298,22,0.0941,25.9320,321.3582
2385,157,12,0.0937,29.5040,305.8593
2386,111,15,0.0933,26.5878,309.9122
2387,63,11,0.0929,23.2126,312.5681
2388,54,11,0.0926,25.9411,296.0810
2389,122,17,0.0922,22.2826,258.1484
2390,112,19,0.0918,22.0247,292.6285
2391,30,8,0.0914,26.6349,293.4418
2392,153,21,0.0910,24.9948,277.0812
2393,36,9,0.0907,21.8557,300.8777
2394,59,12,0.0903,19.8396,268.1889
2395,40,9,0.0899,26.8638,310.6561
2396,62,15,0.0895,25.4104,322.6448
2397,121,14,0.0891,24.3195,266.2283
2398,85,14,0.0888,22.7493,315.5340
2399,58,11,0.0884,23.9930,319.1753
2400,42,9,0.0880,19.5722,280.3139
2401,39,10,0.0876,19.9740,335.3221
2402,51,11,0.0872,25.3962,289.7150
2403,168,17,0.0869,24.7589,324.5901
2404,57,11,0.0865,26.6394,290.5897
2405,34,9,0.0861,26.3639,321.1433
2406,38,10,0.0857,24.3551,306.5551
2407,57,11,0.0853,26.4093,322.8013
2408,126,15,0.0850,26.2655,317.9700
2409,106,12,0.0846,22.4422,319.0429
2410,60,12,0.0842,31.9273,313.4772
2411,83,14,0.0838,24.2323,303.0721
2412,157,19,0.0834,25.7164,302.3562
2413,164,21,0.0831,26.3960,309.9652
2414,85,14,0.0827,22.5370,316.6336
2415,54,11,0.0823,21.8701,327.9268
2416,275,24,0.0819,22.2728,287.5493
2417,71,14,0.0815,26.4187,328.7541
2418,51,9,0.0812,23.1179,317.9043
2419,37,9,0.0808,25.9822,308.2268
2420,102,15,0.0804,23.0344,348.3431
2421,101,17,0.0800,23.3608,324.0462
2422,44,11,0.0796,25.6472,326.0226
2423,48,8,0.0793,23.5801,292.7787
2424,81,15,0.0789,25.2819,317.4664
2425,127,18,0.0785,26.3215,294.9195
2426,41,10,0.0781,26.9850,327.2566
2427,79,12,0.0777,29.0041,305.4956
2428,112,12,0.0774,24.4979,292.7852
2429,52,10,0.0770,21.7837,277.7641
2430,40,11,0.0766,21.4836,329.7729
2431,46,8,0.0762,19.7126,313.2695
2432,40,11,0.0758,27.1323,326.4684
2433,83,11,0.0755,26.8684,292.0129
2434,40,12,0.0751,26.0526,320.0831
2435,54,10,0.0747,25.6912,296.0061
2436,39,10,0.0743,17.2231,305.8781
2437,244,19,0.0739,24.0977,275.3575
2438,57,14,0.0736,19.7075,318.7805
2439,83,12,0.0732,28.3836,313.8629
2440,43,8,0.0728,28.2187,313.6671
2441,42,11,0.0724,29.6162,318.3908
2442,123,14,0.0720,24.7691,299.3783
2443,29,9,0.0717,28.0766,325.3776
2444,63,11,0.0713,20.9482,297.1549
2445,39,9,0.0709,22.4328,322.5104
2446,123,15,0.0705,22.0527,310.9293
2447,49,10,0.0701,19.9160,298.9116
2448,52,11,0.0698,21.8017,320.7124
2449,42,10,0.0694,24.0496,325.5357
2450,34,10,0.0690,22.6958,315.0837
2451,58,12,0.0686,19.9969,321.9572
2452,124,17,0.0682,23.8522,291.8449
2453,48,11,0.0679,32.6131,284.3913
2454,139,18,0.0675,24.5702,308.6817
2455,82,12,0.0671,22.0824,326.8348
2456,35,8,0.0667,20.9676,286.9090
2457,40,12,0.0663,27.4699,318.8739
2458,108,17,0.0660,22.2370,319.9081
2459,103,17,0.0656,25.9257,313.6922
2460,82,13,0.0652,27.5936,340.3119
2461,392,24,0.0648,24.0117,327.2430
2462,140,19,0.0644,24.7790,304.6793
2463,41,10,0.0641,24.3413,311.1876
2464,37,7,0.0637,19.6128,296.0964
2465,40,11,0.0633,28.6803,304.6010
2466,162,19,0.0629,26.7471,322.9958
2467,60,13,0.0625,29.7411,314.8438
2468,64,13,0.0622,25.0649,319.0481
2469,41,10,0.0618,24.6805,293.8667
2470,72,13,0.0614,25.3142,296.1685
2471,57,12,0.0610,24.2872,307.9975
2472,211,22,0.0606,26.9032,314.7205
2473,33,9,0.0603,20.6098,324.2625
2474,75,13,0.0599,24.0835,318.7397
2475,75,13,0.0595,25.6947,318.6344
2476,37,9,0.0591,23.7994,296.5952
2477,43,10,0.0587,21.4730,306.2152
2478,48,9,0.0584,28.8181,309.4405
2479,35,10,0.0580,21.9423,334.6102
2480,161,16,0.0576,27.9437,315.9963
2481,230,20,0.0572,25.3870,297.2046
2482,179,19,0.0568,27.5224,313.5197
2483,60,13,0.0565,29.9963,330.0362
2484,67,11,0.0561,21.1168,317.9098
2485,31,7,0.0557,26.2814,300.1272
2486,53,9,0.0553,25.9109,299.8423
2487,227,22,0.0549,22.8420,305.9739
2488,51,10,0.0546,19.8928,297.1426
2489,145,21,0.0542,20.0244,302.8251
2490,38,10,0.0538,22.9241,321.1176
2491,31,6,0.0534,19.9205,286.6847
2492,138,19,0.0530,23.1947,323.6782
2493,63,13,0.0527,25.2127,297.3627
2494,38,11,0.0523,25.1707,309.6490
2495,171,19,0.0519,23.5436,305.9512
2496,118,17,0.0515,24.5213,333.3432
2497,86,14,0.0511,27.7714,321.7929
2498,173,19,0.0508,26.7919,321.7675
2499,72,16,0.0504,27.6718,354.8909
2500,33,10,0.0500,28.6466,346.9292
2501,34,9,0.0500,23.8430,323.9334
2502,56,11,0.0500,27.6364,318.5603
2503,56,12,0.0500,25.4098,296.5436
2504,39,10,0.0500,25.1020,321.0813
2505,61,13,0.0500,23.9160,312.6958
2506,69,11,0.0500,25.0082,313.2014
2507,55,11,0.0500,21.8006,319.6590
2508,288,22,0.0500,27.7245,334.8512
2509,36,8,0.0500,23.1783,295.8023
2510,32,9,0.0500,27.9964,346.3417
2511,41,10,0.0500,22.8354,293.0632
2512,26,6,0.0500,22.7912,309.9589
2513,29,6,0.0500,19.1144,322.2085
2514,28,6,0.0500,27.0266,321.5883
2515,41,10,0.0500,27.6771,318.7228
2516,675,30,0.0500,26.9445,318.0165
2517,78,13,0.0500,29.0809,327.2944
2518,82,14,0.0500,23.7882,336.2589
2519,147,21,0.0500,23.6580,305.7858
2520,83,15,0.0500,24.1626,362.9505
2521,28,8,0.0500,24.3707,320.4356
2522,29,8,0.0500,24.7763,308.4098
2523,39,10,0.0500,26.5750,319.7704
2524,50,9,0.0500,24.7383,303.1117
2525,38,10,0.0500,34.4369,325.3993
2526,139,14,0.0500,25.8557,274.9389
2527,33,9,0.0500,23.1660,306.3855
2528,42,11,0.0500,27.2733,313.2256
2529,167,17,0.0500,29.1674,320.1236
2530,34,10,0.0500,24.2763,347.8450
2531,57,12,0.0500,25.8469,318.2342
2532,120,14,0.0500,25.6696,311.9413
2533,42,11,0.0500,26.2968,342.2714
2534,38,10,0.0500,27.8959,319.5084
2535,84,15,0.0500,26.5272,325.6546
2536,37,10,0.0500,25.9574,327.5436
2537,66,15,0.0500,28.5853,347.1923
2538,149,14,0.0500,26.3940,285.2612
2539,64,15,0.0500,20.9961,299.9912
2540,116,15,0.0500,22.7874,320.8533
2541,38,10,0.0500,20.4247,304.2993
2542,78,14,0.0500,25.2241,339.5957
2543,32,7,0.0500,25.9879,314.1428
2544,307,23,0.0500,23.3797,290.2197
2545,325,24,0.0500,24.4251,325.3664
2546,56,11,0.0500,26.7622,328.1451
2547,50,10,0.0500,29.2139,327.9576
2548,62,15,0.0500,26.9602,352.7062
2549,124,17,0.0500,27.8623,327.8903
2550,40,9,0.0500,28.7083,332.8231
2551,88,14,0.0500,25.5840,323.6671
2552,36,8,0.0500,25.4854,293.0605
2553,41,10,0.0500,23.5930,305.5375
2554,102,15,0.0500,24.1402,303.3964
2555,59,9,0.0500,25.0875,329.6046
2556,40,11,0.0500,27.3212,347.6090
2557,36,9,0.0500,27.3179,329.1121
2558,51,11,0.0500,23.4698,317.5938
2559,231,23,0.0500,25.6188,331.8098
2560,29,8,0.0500,22.5080,320.2085
2561,26,6,0.0500,21.0724,329.6328
2562,38,10,0.0500,27.0600,320.7231
2563,120,15,0.0500,27.5845,305.6080
2564,88,15,0.0500,23.5265,326.7156
2565,52,11,0.0500,24.4326,312.1991
2566,59,13,0.0500,24.2200,335.6163
2567,33,7,0.0500,23.9568,292.9339
2568,50,10,0.0500,25.2165,318.7556
2569,123,15,0.0500,22.2843,338.0111
2570,28,7,0.0500,24.4808,324.3850
2571,39,10,0.0500,24.4150,334.0097
2572,159,15,0.0500,23.7030,249.1994
2573,249,22,0.0500,23.2137,343.0159
2574,149,20,0.0500,24.3096,302.7768
2575,73,15,0.0500,25.5745,317.6272
2576,35,10,0.0500,25.2220,341.5703
2577,40,11,0.0500,27.9424,306.6602
2578,124,16,0.0500,26.5979,304.0028
2579,82,15,0.0500,24.0770,324.6594
2580,49,12,0.0500,27.0730,324.8582
2581,23,8,0.0500,23.9896,347.3050
2582,58,12,0.0500,23.1102,363.1560
2583,46,9,0.0500,33.7008,320.2747
2584,68,11,0.0500,24.3351,316.2650
2585,135,21,0.0500,27.2859,340.0152
2586,34,9,0.0500,21.9765,330.3204
2587,159,20,0.0500,29.7838,310.6566
2588,75,14,0.0500,29.2418,316.0264
2589,121,15,0.0500,21.1464,314.3950
2590,74,14,0.0500,26.3078,346.4526
2591,31,8,0.0500,25.8167,295.8207
2592,28,7,0.0500,25.7466,338.3731
2593,46,10,0.0500,25.0305,346.4252
2594,46,9,0.0500,28.3377,317.2942
2595,36,7,0.0500,32.2365,314.0106
2596,71,14,0.0500,26.6747,319.3049
2597,39,10,0.0500,27.4692,329.7244
2598,51,8,0.0500,26.2666,296.4129
2599,132,18,0.0500,24.3682,318.2796
2600,142,17,0.0500,25.3207,294.5864
2601,34,9,0.0500,24.7813,306.6528
2602,278,17,0.0500,27.4819,286.1194
2603,58,12,0.0500,23.6971,334.8047
2604,74,11,0.0500,27.2342,328.7752
2605,110,16,0.0500,24.5621,329.3592
2606,58,13,0.0500,26.7403,305.6007
2607,144,20,0.0500,24.8718,308.6470
2608,121,16,0.0500,26.0689,355.9350
2609,227,21,0.0500,21.6645,336.8694
2610,59,10,0.0500,23.0931,339.0348
2611,101,16,0.0500,25.5819,336.3944
2612,178,23,0.0500,24.3340,303.1830
2613,127,16,0.0500,26.6779,325.2234
2614,419,28,0.0500,25.5840,292.1331
2615,44,10,0.0500,25.2028,335.5289
2616,58,12,0.0500,27.5973,333.1571
2617,26,7,0.0500,25.5840,340.6220
2618,173,18,0.0500,25.3303,347.5199
2619,33,8,0.0500,18.7244,326.7984
2620,32,8,0.0500,22.6337,307.3038
2621,28,7,0.0500,29.1001,322.2794
2622,49,10,0.0500,24.7619,287.8271
2623,22,6,0.0500,24.7321,331.2218
2624,87,14,0.0500,26.7559,321.4208
2625,66,11,0.0500,21.3618,332.8563
2626,171,18,0.0500,23.8176,306.6614
2627,36,10,0.0500,31.8474,315.0857
2628,52,9,0.0500,30.8786,329.3639
2629,53,10,0.0500,24.5336,282.7995
2630,35,8,0.0500,27.7144,336.4930
2631,31,8,0.0500,25.6188,327.2090
2632,55,12,0.0500,29.6697,335.3239
2633,53,10,0.0500,26.1880,313.7777
2634,80,13,0.0500,24.1472,324.1604
2635,35,9,0.0500,27.9397,336.3907
2636,42,10,0.0500,29.1446,335.4763
2637,73,12,0.0500,25.8576,345.0767
2638,35,10,0.0500,27.8042,340.8388
2639,105,19,0.0500,24.4406,330.3030
2640,95,15,0.0500,21.6932,355.4179
2641,81,13,0.0500,27.7293,342.0912
2642,93,15,0.0500,24.5145,308.0600
2643,61,14,0.0500,26.6892,317.1569
2644,58,13,0.0500,28.9357,322.2977
2645,30,8,0.0500,25.6916,342.7922
2646,121,15,0.0500,28.7379,351.0249
2647,74,14,0.0500,30.0552,345.3022
2648,24,6,0.0500,28.9075,308.7314
2649,32,9,0.0500,24.1183,328.7518
2650,137,21,0.0500,23.3278,318.4409
2651,35,8,0.0500,28.0983,308.6622
2652,51,12,0.0500,24.1449,348.2804
2653,50,11,0.0500,28.8469,328.5879
2654,39,10,0.0500,23.3752,310.6869
2655,32,8,0.0500,27.9224,315.7028
2656,236,19,0.0500,29.2483,344.0330
2657,413,13,0.0500,27.9548,371.1044
2658,84,14,0.0500,30.8651,345.7758
2659,74,12,0.0500,26.5010,360.7616
2660,48,9,0.0500,29.9884,319.4360
2661,181,20,0.0500,26.1523,352.4554
2662,161,21,0.0500,27.7540,343.1628
2663,188,23,0.0500,26.0016,340.6034
2664,43,11,0.0500,30.6347,308.5314
2665,36,10,0.0500,28.2647,348.9752
2666,33,9,0.0500,25.0662,343.7032
2667,469,26,0.0500,24.3043,359.1235
2668,96,13,0.0500,27.4550,334.1291
2669,33,9,0.0500,30.9813,333.5758
2670,44,11,0.0500,34.4395,304.6942
2671,454,24,0.0500,26.2461,334.9214
2672,39,9,0.0500,27.8903,307.1845
2673,43,7,0.0500,21.2392,340.3338
2674,58,13,0.0500,28.9443,356.3905
2675,72,13,0.0500,24.3886,336.4101
2676,164,15,0.0500,27.4756,329.7901
2677,55,11,0.0500,27.5166,306.2751
2678,91,17,0.0500,28.3883,345.8155
2679,29,8,0.0500,31.0472,326.6533
2680,224,19,0.0500,26.7734,348.4318
2681,116,15,0.0500,28.0196,365.1343
2682,47,9,0.0500,27.3892,334.1047
2683,198,22,0.0500,25.2669,359.9411
2684,34,11,0.0500,27.3985,340.0065
2685,58,11,0.0500,25.7190,336.0635
2686,41,12,0.0500,30.9964,340.4792
2687,84,14,0.0500,25.6963,311.4593
2688,57,13,0.0500,25.9198,343.2873
2689,60,14,0.0500,28.7670,337.1649
2690,60,12,0.0500,25.6994,335.5241
2691,58,12,0.0500,26.1982,340.9000
2692,60,12,0.0500,28.5295,342.6673
2693,54,11,0.0500,22.5106,355.3625
2694,105,14,0.0500,29.4083,310.6863
2695,99,14,0.0500,26.5630,327.4693
2696,142,21,0.0500,27.5668,350.3380
2697,44,10,0.0500,27.5130,336.0533
2698,31,9,0.0500,32.5964,326.3433
2699,32,9,0.0500,26.8782,327.2478
2700,106,18,0.0500,27.9339,341.4636
2701,257,23,0.0500,33.6574,340.6447
2702,32,8,0.0500,27.7014,340.3256
2703,59,12,0.0500,25.8222,323.0265
2704,55,11,0.0500,32.0668,303.7533
2705,49,8,0.0500,23.9719,315.0219
2706,57,12,0.0500,31.5304,348.5747
2707,302,31,0.0500,30.7809,361.8780
2708,163,19,0.0500,27.2091,356.7816
2709,105,13,0.0500,24.5352,314.9059
2710,101,17,0.0500,21.2048,360.4494
2711,37,6,0.0500,25.8518,320.8337
2712,218,19,0.0500,24.8811,327.1654
2713,120,13,0.0500,29.5628,337.3500
2714,207,21,0.0500,27.1830,333.7852
2715,44,11,0.0500,24.2606,327.3230
2716,100,15,0.0500,24.6994,355.3055
2717,166,18,0.0500,27.8479,332.6803
2718,79,11,0.0500,24.7574,332.4103
2719,27,6,0.0500,27.2598,326.9072
2720,56,12,0.0500,28.3917,349.4104
2721,42,7,0.0500,32.8321,333.5985
2722,52,11,0.0500,25.2846,351.9500
2723,31,7,0.0500,28.7528,334.8983
2724,186,20,0.0500,27.0080,362.9665
2725,221,16,0.0500,27.9665,336.7582
2726,101,14,0.0500,24.6456,331.3783
2727,119,16,0.0500,28.7101,333.0270
2728,232,19,0.0500,31.1170,341.5244
2729,28,8,0.0500,26.1633,348.5196
2730,62,12,0.0500,25.7197,353.8138
2731,38,9,0.0500,32.4519,316.2267
2732,113,12,0.0500,29.6650,332.7963
2733,68,12,0.0500,26.4200,315.6016
2734,22,6,0.0500,28.4853,363.7227
2735,45,10,0.0500,26.5229,316.0182
2736,39,9,0.0500,24.3154,345.2360
2737,36,9,0.0500,26.9623,359.1889
2738,162,16,0.0500,28.1463,321.7029
2739,79,12,0.0500,31.6246,351.7775
2740,84,18,0.0500,26.2670,361.2514
2741,56,11,0.0500,31.1710,338.0639
2742,37,10,0.0500,27.7385,350.5236
2743,131,17,0.0500,27.0596,343.5768
2744,63,16,0.0500,28.4210,337.0778
2745,65,14,0.0500,30.4848,328.1288
2746,38,12,0.0500,26.3077,369.8790
2747,404,8,0.0500,22.8181,359.8631
2748,20,5,0.0500,28.8452,336.6581
2749,77,15,0.0500,27.2105,304.6302
2750,99,13,0.0500,28.7201,294.6592
2751,232,27,0.0500,25.5045,317.4684
2752,60,12,0.0500,27.1786,301.7982
2753,38,8,0.0500,33.4102,329.1709
2754,296,27,0.0500,23.9547,335.9676
2755,149,20,0.0500,26.7661,309.8197
2756,55,14,0.0500,32.3339,346.3203
2757,131,20,0.0500,25.9764,335.9449
2758,51,13,0.0500,26.4793,339.5327
2759,122,17,0.0500,24.7112,336.2063
2760,120,17,0.0500,28.4846,330.4235
2761,118,15,0.0500,28.4667,316.2010
2762,113,16,0.0500,25.7942,318.6610
2763,28,7,0.0500,24.8534,337.9075
2764,238,22,0.0500,30.2258,361.3457
2765,41,9,0.0500,24.6403,342.0991
2766,32,8,0.0500,26.4611,339.1405
2767,40,11,0.0500,27.2793,358.0802
2768,203,20,0.0500,28.9389,319.3502
2769,23,5,0.0500,25.8729,330.2720
2770,94,11,0.0500,32.8645,350.7614
2771,55,10,0.0500,30.9526,319.8089
2772,36,9,0.0500,26.9696,347.8814
2773,83,13,0.0500,26.4826,350.7109
2774,55,10,0.0500,30.3592,337.6554
2775,32,8,0.0500,30.5637,338.1732
2776,41,10,0.0500,28.9932,316.6290
2777,77,16,0.0500,27.7958,339.3973
2778,58,14,0.0500,28.5573,339.6241
2779,48,10,0.0500,31.1712,347.2096
2780,27,7,0.0500,24.5100,304.5557
2781,55,10,0.0500,27.2655,320.7411
2782,178,18,0.0500,28.8169,344.4058
2783,274,28,0.0500,28.3532,335.7030
2784,140,16,0.0500,33.5466,345.0232
2785,287,20,0.0500,25.8272,370.2094
2786,167,18,0.0500,26.9044,305.8191
2787,56,11,0.0500,26.4054,342.6063
2788,76,11,0.0500,26.5487,332.9926
2789,84,15,0.0500,30.1588,313.8297
2790,125,17,0.0500,26.4432,318.5839
2791,42,11,0.0500,31.9747,328.1350
2792,141,18,0.0500,26.6591,340.7682
2793,59,11,0.0500,30.7503,313.5605
2794,55,13,0.0500,29.9247,361.3380
2795,371,20,0.0500,28.3249,318.5525
2796,128,18,0.0500,27.4534,336.7424
2797,97,18,0.0500,30.2036,309.5516
2798,33,9,0.0500,26.1430,314.9098
2799,56,12,0.0500,31.2630,327.5548
2800,39,10,0.0500,26.8480,290.6475
2801,208,23,0.0500,31.1285,357.6950
2802,155,16,0.0500,27.5811,318.2004
2803,37,9,0.0500,27.4537,303.5058
2804,51,11,0.0500,30.7901,351.8291
2805,55,13,0.0500,27.1874,352.3379
2806,45,10,0.0500,27.5207,325.4570
2807,65,14,0.0500,32.0720,312.6034
2808,54,10,0.0500,27.2887,316.8287
2809,86,14,0.0500,31.5828,320.1933
2810,173,18,0.0500,27.0646,305.5872
2811,43,12,0.0500,27.4935,348.0792
2812,123,15,0.0500,28.9097,319.1095
2813,131,17,0.0500,31.4903,301.1565
2814,27,7,0.0500,29.9967,324.5994
2815,98,14,0.0500,29.4959,358.0385
2816,551,24,0.0500,28.6863,336.7993
2817,101,14,0.0500,29.2078,319.0006
2818,53,11,0.0500,22.6286,316.4938
2819,55,12,0.0500,25.0265,336.2879
2820,59,14,0.0500,26.2084,342.5464
2821,119,15,0.0500,27.1738,318.6248
2822,103,15,0.0500,27.2523,312.1050
2823,45,10,0.0500,30.9266,331.0000
2824,55,11,0.0500,23.4121,304.3368
2825,138,16,0.0500,25.7198,333.9441
2826,75,10,0.0500,25.4767,304.4208
2827,563,29,0.0500,27.3319,310.5246
2828,40,10,0.0500,26.2925,329.5372
2829,393,25,0.0500,28.3099,308.3034
2830,52,10,0.0500,28.5168,318.2094
2831,81,17,0.0500,31.4206,327.1183
2832,122,15,0.0500,26.0396,315.9167
2833,79,14,0.0500,31.6944,299.3639
2834,62,13,0.0500,29.5079,284.9161
2835,21,6,0.0500,28.8740,341.2414
2836,27,6,0.0500,32.2015,343.2242
2837,56,13,0.0500,30.3725,350.7497
2838,120,19,0.0500,29.4381,310.3983
2839,191,21,0.0500,25.4820,307.5984
2840,59,11,0.0500,26.1237,334.9547
2841,55,11,0.0500,29.8926,334.3366
2842,82,13,0.0500,26.4479,333.8094
2843,29,5,0.0500,28.7237,315.0829
2844,357,25,0.0500,29.5992,317.6876
2845,412,37,0.0500,26.0734,320.3109
2846,39,9,0.0500,28.0113,329.3509
2847,127,17,0.0500,27.8830,301.6757
2848,60,12,0.0500,26.5047,307.8440
2849,117,16,0.0500,30.0001,359.2257
2850,272,23,0.0500,29.6903,299.8645
2851,105,17,0.0500,30.0200,351.9934
2852,35,7,0.0500,34.3595,316.1342
2853,41,9,0.0500,30.0204,310.7296
2854,47,11,0.0500,29.5406,311.1357
2855,54,11,0.0500,31.7784,352.5427
2856,60,13,0.0500,30.9928,347.2912
2857,53,10,0.0500,26.7690,293.6867
2858,42,10,0.0500,27.7487,311.3013
2859,52,12,0.0500,26.6636,305.5022
2860,126,18,0.0500,26.0282,350.8532
2861,56,12,0.0500,30.1524,298.7471
2862,45,11,0.0500,24.2400,334.6398
2863,55,12,0.0500,32.0654,331.7749
2864,73,14,0.0500,27.4105,349.8605
2865,338,25,0.0500,27.2006,327.9843
2866,54,12,0.0500,28.3222,332.8523
2867,279,29,0.0500,27.1485,336.5653
2868,59,11,0.0500,25.3020,334.4382
2869,144,19,0.0500,30.4287,361.7948
2870,78,12,0.0500,28.6429,332.0138
2871,290,21,0.0500,29.9926,324.2783
2872,43,10,0.0500,28.7329,303.3328
2873,212,22,0.0500,27.9431,301.7609
2874,104,17,0.0500,35.0312,312.0430
2875,95,14,0.0500,29.6039,324.8670
2876,46,9,0.0500,27.9920,364.0129
2877,33,7,0.0500,31.1207,334.2980
2878,50,11,0.0500,31.4653,354.8258
2879,54,12,0.0500,27.7369,358.1024
2880,213,24,0.0500,30.3554,341.3237
2881,27,6,0.0500,25.5211,337.3903
2882,92,16,0.0500,28.6697,332.9247
2883,53,12,0.0500,27.6837,339.8891
2884,50,9,0.0500,31.9750,333.5044
2885,106,19,0.0500,30.3816,351.8108
2886,42,9,0.0500,33.5343,327.5540
2887,28,7,0.0500,24.4447,325.2437
2888,132,17,0.0500,27.9473,322.9559
2889,42,12,0.0500,29.6900,324.6597
2890,32,8,0.0500,30.9722,341.7939
2891,533,30,0.0500,28.0784,321.3954
2892,52,10,0.0500,31.2396,348.3278
2893,333,26,0.0500,31.5773,307.5276
2894,42,9,0.0500,29.0019,322.9141
2895,378,25,0.0500,27.8912,327.2199
2896,52,11,0.0500,31.0000,323.3941
2897,127,17,0.0500,29.5581,334.7162
2898,57,13,0.0500,30.7849,307.9275
2899,55,12,0.0500,31.6672,308.2913
2900,36,6,0.0500,26.9773,306.8800
2901,39,9,0.0500,23.2866,277.3582
2902,12,3,0.0500,37.5088,309.8555
2903,35,9,0.0500,22.6279,333.5160
2904,58,13,0.0500,27.3715,314.0077
2905,56,12,0.0500,25.7378,338.9896
2906,371,25,0.0500,25.7145,316.3152
2907,231,20,0.0500,25.8209,345.5052
2908,37,10,0.0500,30.3595,333.1875
2909,26,6,0.0500,25.4217,327.2687
2910,225,18,0.0500,28.7649,309.9751
2911,56,9,0.0500,33.3495,324.1409
2912,49,10,0.0500,27.5149,283.4710
2913,41,11,0.0500,28.2610,322.1429
2914,35,9,0.0500,27.5193,320.7365
2915,186,22,0.0500,27.8749,348.2469
2916,23,5,0.0500,28.1040,333.7483
2917,164,17,0.0500,27.8714,315.9313
2918,531,25,0.0500,26.2153,334.9828
2919,729,30,0.0500,26.0932,313.2880
2920,27,7,0.0500,34.2193,324.7983
2921,36,8,0.0500,28.4086,309.8310
2922,60,14,0.0500,29.4045,324.9661
2923,35,9,0.0500,26.0451,304.6503
2924,221,23,0.0500,26.9035,322.6409
2925,87,17,0.0500,31.6550,322.0313
2926,60,11,0.0500,30.4422,339.9999
2927,40,11,0.0500,29.7521,319.2613
2928,132,18,0.0500,26.7397,356.5399
2929,56,11,0.0500,27.1808,338.0825
2930,40,10,0.0500,32.6835,305.3314
2931,59,13,0.0500,27.5714,336.4766
2932,316,22,0.0500,27.2172,319.5417
2933,64,14,0.0500,27.0438,317.9260
2934,73,13,0.0500,27.7106,320.0062
2935,59,13,0.0500,25.7572,333.1776
2936,84,14,0.0500,29.5307,333.8650
2937,44,10,0.0500,29.7549,319.6432
2938,120,16,0.0500,29.5309,333.7152
2939,34,9,0.0500,28.7175,347.9265
2940,99,14,0.0500,27.5995,326.3108
2941,52,12,0.0500,30.8504,323.6466
2942,185,25,0.0500,29.7914,313.8317
2943,78,13,0.0500,27.5741,309.3636
2944,35,9,0.0500,32.2574,344.6209
2945,31,10,0.0500,26.6518,319.9881
2946,559,27,0.0500,28.5949,314.8646
2947,38,10,0.0500,29.1092,314.9873
2948,37,9,0.0500,27.9099,342.0323
2949,59,15,0.0500,27.3651,357.7446
2950,161,16,0.0500,33.7409,315.0278
2951,574,36,0.0500,28.3697,338.0537
2952,291,19,0.0500,31.4122,322.9620
2953,53,11,0.0500,24.1046,340.2226
2954,44,12,0.0500,27.0029,347.2568
2955,49,10,0.0500,25.3996,311.8855
2956,465,26,0.0500,27.8374,307.9013
2957,34,8,0.0500,30.2671,328.0863
2958,56,11,0.0500,25.9504,336.8429
2959,74,14,0.0500,26.0431,331.6547
2960,468,17,0.0500,27.8537,324.9094
2961,51,11,0.0500,26.9416,325.0577
2962,89,16,0.0500,28.5792,342.1147
2963,231,21,0.0500,26.6479,376.3387
2964,57,11,0.0500,28.6036,306.5505
2965,201,24,0.0500,30.2242,319.0867
2966,300,32,0.0500,27.1766,330.7443
2967,121,18,0.0500,29.8199,308.0637
2968,73,13,0.0500,30.6109,318.3519
2969,77,14,0.0500,27.8044,315.2164
2970,73,14,0.0500,26.1848,340.8595
2971,133,17,0.0500,28.2067,335.0242
2972,32,6,0.0500,28.4743,308.4997
2973,44,11,0.0500,26.8644,303.2746
2974,23,6,0.0500,33.1261,313.7768
2975,112,13,0.0500,30.5950,337.3380
2976,319,25,0.0500,27.2344,278.1847
2977,106,14,0.0500,32.7351,290.5818
2978,58,13,0.0500,33.1033,329.8460
2979,183,19,0.0500,27.3869,318.4749
2980,37,9,0.0500,29.9951,317.9729
2981,113,12,0.0500,30.0258,328.4185
2982,272,25,0.0500,30.5550,327.3467
2983,55,11,0.0500,31.7306,315.1935
2984,36,10,0.0500,27.9018,321.7008
2985,79,14,0.0500,36.0026,320.8052
2986,71,14,0.0500,26.9890,355.3380
2987,102,15,0.0500,27.7370,330.3243
2988,1065,37,0.0500,27.9998,310.3292
2989,53,12,0.0500,33.1534,362.2658
2990,113,13,0.0500,27.9312,343.6752
2991,79,11,0.0500,28.2226,313.1415
2992,37,9,0.0500,29.2001,338.9709
2993,41,10,0.0500,23.0509,342.2972
2994,36,8,0.0500,25.2366,315.7418
2995,101,13,0.0500,29.2139,340.2657
2996,58,10,0.0500,25.4256,303.0272
2997,126,17,0.0500,26.4287,323.6481
2998,308,22,0.0500,29.3049,311.4538
2999,158,19,0.0500,31.7266,309.0622
3000,127,20,0.0500,29.3040,347.3073
3001,160,15,0.0500,29.3045,327.2427
3002,358,20,0.0500,27.2538,309.5826
3003,105,18,0.0500,30.0991,307.8829
3004,48,12,0.0500,25.7699,314.9830
3005,118,14,0.0500,29.4281,336.8092
3006,56,12,0.0500,27.6461,310.3025
3007,82,14,0.0500,27.2515,314.3067
3008,158,18,0.0500,30.2114,305.4995
3009,100,16,0.0500,27.1212,327.8124
3010,292,23,0.0500,27.4145,303.4136
3011,52,10,0.0500,34.0006,323.2472
3012,41,10,0.0500,27.6893,316.0209
3013,78,15,0.0500,29.0958,323.5084
3014,136,19,0.0500,28.1475,322.0457
3015,325,29,0.0500,26.0801,333.2835
3016,120,16,0.0500,27.2011,319.7668
3017,398,30,0.0500,30.4036,318.7068
3018,294,20,0.0500,32.0880,345.7715
3019,62,14,0.0500,26.9879,315.5310
3020,56,11,0.0500,24.1226,308.9721
3021,33,8,0.0500,32.1034,329.0667
3022,37,8,0.0500,28.4929,308.9726
3023,56,12,0.0500,29.5364,342.8257
3024,45,8,0.0500,29.7644,340.0633
3025,30,8,0.0500,25.6582,319.9108
3026,57,12,0.0500,24.2196,332.8115
3027,402,24,0.0500,26.4908,324.3890
3028,75,14,0.0500,29.5829,334.6790
3029,88,14,0.0500,31.3288,320.3077
3030,38,8,0.0500,30.7837,317.5952
3031,50,9,0.0500,29.2809,328.1348
3032,222,18,0.0500,29.3989,320.3702
3033,249,25,0.0500,27.6023,336.0423
3034,155,17,0.0500,29.6848,309.2212
3035,35,9,0.0500,26.7852,308.6761
3036,46,12,0.0500,32.3489,315.9338
3037,42,11,0.0500,30.9839,301.6018
3038,192,20,0.0500,27.4140,337.6545
3039,192,23,0.0500,29.3057,324.3996
3040,222,19,0.0500,26.9580,304.6758
3041,34,9,0.0500,26.5155,351.9532
3042,41,10,0.0500,31.8047,343.0269
3043,125,14,0.0500,28.5292,326.7612
3044,208,20,0.0500,29.2726,308.5826
3045,53,10,0.0500,26.9475,311.3349
3046,35,8,0.0500,30.2343,322.2608
3047,39,10,0.0500,28.2279,331.9554
3048,40,8,0.0500,30.1538,290.2739
3049,60,13,0.0500,28.1751,342.4467
3050,55,13,0.0500,27.9039,332.2492
3051,56,13,0.0500,30.3365,352.6811
3052,175,17,0.0500,31.8888,322.0442
3053,53,12,0.0500,26.6395,337.5880
3054,133,18,0.0500,27.6917,333.3811
3055,24,6,0.0500,29.1074,332.2982
3056,70,9,0.0500,27.7052,316.5191
3057,46,12,0.0500,27.5705,298.3809
3058,53,10,0.0500,29.2681,343.7573
3059,75,17,0.0500,27.1073,286.5311
3060,105,18,0.0500,30.6929,341.4386
3061,57,12,0.0500,28.1383,334.7310
3062,34,7,0.0500,29.4420,315.2094
3063,371,23,0.0500,28.3533,340.2720
3064,57,11,0.0500,21.9087,293.0854
3065,74,13,0.0500,26.7976,309.1030
3066,26,7,0.0500,34.2503,317.6005
3067,125,15,0.0500,34.5648,321.8993
3068,439,21,0.0500,28.7849,314.0219
3069,38,10,0.0500,28.1562,338.6693
3070,75,12,0.0500,24.2740,304.9354
3071,54,10,0.0500,22.7554,294.9823
3072,28,8,0.0500,29.2377,314.9175
3073,82,12,0.0500,27.2003,321.7536
3074,24,6,0.0500,32.5310,305.8922
3075,63,13,0.0500,28.4656,319.3412
3076,57,12,0.0500,28.0379,331.3744
3077,121,17,0.0500,27.6864,337.7628
3078,35,9,0.0500,27.0494,341.2437
3079,126,17,0.0500,31.5660,327.1592
3080,101,16,0.0500,29.3776,289.6322
3081,87,14,0.0500,31.8001,319.3044
3082,58,13,0.0500,25.9125,305.7698
3083,58,14,0.0500,28.8086,336.5890
3084,58,9,0.0500,26.2081,281.2871
3085,279,21,0.0500,30.0763,316.2228
3086,122,16,0.0500,28.9154,307.6364
3087,47,10,0.0500,29.5860,352.3197
3088,172,19,0.0500,30.9826,340.0579
3089,28,7,0.0500,31.3482,330.8783
3090,241,23,0.0500,27.7407,322.6237
3091,130,15,0.0500,25.7253,314.9210
3092,78,12,0.0500,25.2363,325.4435
3093,77,17,0.0500,28.2590,347.2027
3094,36,9,0.0500,32.0749,317.0850
3095,80,12,0.0500,26.9516,318.0271
3096,233,19,0.0500,29.0874,319.2791
3097,36,10,0.0500,31.6408,351.3390
3098,41,10,0.0500,28.0645,329.2876
3099,24,8,0.0500,37.3503,297.7417
3100,51,9,0.0500,26.7461,337.7751
3101,102,15,0.0500,29.5515,328.6873
3102,84,14,0.0500,26.4285,291.7576
3103,107,12,0.0500,28.2167,354.4433
3104,30,8,0.0500,28.4211,333.4187
3105,51,11,0.0500,31.2591,324.3069
3106,162,19,0.0500,31.5311,313.6170
3107,706,32,0.0500,30.6956,298.4445
3108,71,12,0.0500,31.8781,299.8660
3109,59,12,0.0500,32.4096,333.0933
3110,175,19,0.0500,25.9826,328.6505
3111,98,13,0.0500,30.4753,323.8793
3112,38,11,0.0500,30.1524,328.3960
3113,125,15,0.0500,26.4060,316.7101
3114,381,28,0.0500,28.0251,293.7943
3115,89,16,0.0500,26.1872,324.8552
3116,142,15,0.0500,28.1533,283.0189
3117,84,12,0.0500,29.8352,323.3818
3118,182,20,0.0500,30.4148,298.8466
3119,1691,40,0.0500,29.5005,343.6157
3120,243,22,0.0500,27.3207,325.9879
3121,82,17,0.0500,29.3349,337.4425
3122,55,12,0.0500,32.5163,308.2014
3123,39,10,0.0500,29.8599,333.8766
3124,390,24,0.0500,30.8115,332.6683
3125,22,6,0.0500,26.5774,320.1644
3126,103,17,0.0500,26.7562,326.8723
3127,109,13,0.0500,27.7742,291.8667
3128,140,18,0.0500,28.0802,290.5920
3129,170,20,0.0500,29.5041,287.0839
3130,29,7,0.0500,27.8821,275.2911
3131,123,16,0.0500,24.3751,304.3042
3132,782,32,0.0500,28.5173,303.4539
3133,77,15,0.0500,31.3186,307.4775
3134,74,14,0.0500,29.5176,317.7474
3135,102,16,0.0500,26.2798,320.2994
3136,123,19,0.0500,30.5395,331.4541
3137,49,10,0.0500,32.9173,335.8215
3138,41,10,0.0500,31.5840,308.6311
3139,48,9,0.0500,31.0604,328.1760
3140,95,15,0.0500,31.1738,332.9723
3141,231,20,0.0500,27.4082,314.4907
3142,41,10,0.0500,30.0809,336.3423
3143,58,11,0.0500,30.6759,302.5585
3144,28,7,0.0500,30.7405,349.8844
3145,86,15,0.0500,30.0712,341.4205
3146,87,13,0.0500,34.8773,310.6578
3147,444,21,0.0500,29.8747,332.1005
3148,39,11,0.0500,30.9166,306.4628
3149,368,20,0.0500,30.9030,304.5936
3150,311,24,0.0500,30.9029,344.0365
3151,488,34,0.0500,27.6970,312.7664
3152,38,9,0.0500,30.0444,327.9362
3153,53,12,0.0500,30.8934,304.6680
3154,82,12,0.0500,25.7433,292.9779
3155,37,8,0.0500,22.6592,329.8207
3156,41,10,0.0500,30.4771,345.0975
3157,119,15,0.0500,29.2223,318.9664
3158,55,9,0.0500,33.9336,281.7042
3159,46,9,0.0500,32.7021,334.8820
3160,48,11,0.0500,24.6849,352.2598
3161,58,13,0.0500,27.4407,334.0370
3162,96,13,0.0500,28.7575,333.8755
3163,57,12,0.0500,32.1390,327.5861
3164,37,9,0.0500,26.1582,316.4116
3165,34,9,0.0500,29.1314,323.6019
3166,30,7,0.0500,29.4217,310.8820
3167,85,14,0.0500,29.4431,338.0263
3168,76,15,0.0500,29.4292,325.0258
3169,263,25,0.0500,27.6072,321.3051
3170,28,9,0.0500,26.4466,358.4469
3171,66,14,0.0500,30.7752,309.9140
3172,156,21,0.0500,28.5780,310.3472
3173,190,23,0.0500,28.7920,273.4568
3174,42,10,0.0500,27.4376,315.5223
3175,86,16,0.0500,30.2713,344.1383
3176,62,9,0.0500,27.5434,320.3297
3177,81,13,0.0500,26.5546,337.1981
3178,34,8,0.0500,24.8331,326.2238
3179,116,13,0.0500,28.6110,318.4167
3180,68,12,0.0500,32.0408,340.8575
3181,79,11,0.0500,25.7430,319.0125
3182,78,14,0.0500,27.6037,291.6843
3183,140,18,0.0500,30.2973,350.3435
3184,29,7,0.0500,31.1324,337.0688
3185,32,8,0.0500,33.5645,326.5414
3186,66,11,0.0500,30.6166,341.8102
3187,42,9,0.0500,27.3778,283.4410
3188,53,11,0.0500,27.7749,340.4737
3189,296,21,0.0500,28.0432,341.0514
3190,55,11,0.0500,23.7408,280.5272
3191,29,8,0.0500,30.4053,303.1618
3192,35,9,0.0500,29.6483,309.8514
3193,202,20,0.0500,28.5049,321.6909
3194,42,8,0.0500,33.2058,311.0770
3195,35,8,0.0500,27.6369,341.7322
3196,36,10,0.0500,29.0750,336.0940
3197,51,10,0.0500,26.4355,306.7658
3198,75,16,0.0500,29.2957,358.5524
3199,55,12,0.0500,31.6058,321.0379
3200,43,10,0.0500,30.2329,281.8872
3201,34,8,0.0500,26.1254,325.9008
3202,651,25,0.0500,31.0625,292.4657
3203,87,16,0.0500,29.0467,337.1078
3204,39,11,0.0500,29.7817,340.2473
3205,85,14,0.0500,33.0147,304.0449
3206,183,26,0.0500,27.2123,323.3441
3207,112,15,0.0500,29.8871,288.6499
3208,111,15,0.0500,27.8585,308.2099
3209,62,13,0.0500,24.0235,317.0140
3210,310,26,0.0500,28.8659,370.3838
3211,55,12,0.0500,29.1592,323.0424
3212,38,10,0.0500,29.0398,318.3562
3213,95,13,0.0500,32.8783,320.7313
3214,38,11,0.0500,29.9393,351.4598
3215,73,13,0.0500,33.7125,291.2139
3216,106,17,0.0500,28.1539,350.6965
3217,113,15,0.0500,27.3709,347.7670
3218,37,9,0.0500,29.7216,315.2379
3219,37,8,0.0500,31.0546,317.7434
3220,70,13,0.0500,27.0363,337.1574
3221,87,13,0.0500,29.5721,303.6136
3222,47,11,0.0500,33.7779,355.5415
3223,323,25,0.0500,27.0745,304.3213
3224,121,18,0.0500,26.4720,294.5347
3225,138,17,0.0500,25.5848,332.0524
3226,255,21,0.0500,31.8531,317.2395
3227,65,13,0.0500,24.8827,332.5607
3228,77,10,0.0500,28.0601,308.9164
3229,166,18,0.0500,31.1131,308.5127
3230,227,21,0.0500,28.3737,308.3463
3231,158,14,0.0500,25.6162,302.3595
3232,86,14,0.0500,28.3814,285.6998
3233,60,13,0.0500,28.4324,337.3118
3234,60,13,0.0500,30.6660,338.1619
3235,42,10,0.0500,31.0624,304.4198
3236,77,12,0.0500,27.7384,332.2555
3237,88,14,0.0500,34.8282,344.8836
3238,102,17,0.0500,25.5351,348.3457
3239,171,16,0.0500,31.0776,321.5770
3240,57,11,0.0500,30.9094,338.6765
3241,85,15,0.0500,26.3000,318.9725
3242,262,20,0.0500,31.7002,266.6473
3243,90,13,0.0500,33.5663,334.9340
3244,78,11,0.0500,32.5249,311.8387
3245,93,16,0.0500,34.0831,300.0313
3246,177,18,0.0500,26.6863,287.2933
3247,81,11,0.0500,28.1773,311.3420
3248,41,9,0.0500,23.6830,316.4263
3249,35,10,0.0500,32.1669,309.2179
3250,239,19,0.0500,29.4197,337.3495
3251,56,12,0.0500,30.2205,313.4904
3252,55,14,0.0500,32.0478,358.9881
3253,41,7,0.0500,34.8351,297.4712
3254,54,11,0.0500,27.4687,323.7361
3255,171,19,0.0500,30.3622,346.6336
3256,84,15,0.0500,28.8839,341.8228
3257,52,12,0.0500,26.9260,352.9954
3258,209,23,0.0500,29.2288,322.0436
3259,36,10,0.0500,27.6067,327.8518
3260,53,11,0.0500,27.2682,304.8793
3261,58,10,0.0500,30.7516,295.9970
3262,78,15,0.0500,29.8161,325.4623
3263,91,16,0.0500,28.1277,315.1697
3264,50,11,0.0500,29.1223,340.5848
3265,78,14,0.0500,27.3200,347.8722
3266,60,12,0.0500,28.7416,304.0954
3267,275,18,0.0500,30.0934,280.5246
3268,71,16,0.0500,31.7315,335.8494
3269,59,13,0.0500,31.7213,308.6138
3270,85,12,0.0500,28.4883,334.3578
3271,41,10,0.0500,28.9770,318.1587
3272,62,14,0.0500,27.6479,345.6100
3273,31,8,0.0500,29.5568,337.6099
3274,45,9,0.0500,30.2679,340.4515
3275,54,12,0.0500,29.8136,327.4395
3276,50,11,0.0500,28.3976,301.2295
3277,158,20,0.0500,29.3731,330.7097
3278,89,15,0.0500,27.8398,296.4298
3279,108,17,0.0500,26.9336,305.0863
3280,67,11,0.0500,31.2237,313.7241
3281,48,10,0.0500,34.0242,317.3881
3282,57,11,0.0500,28.2853,318.1221
3283,74,14,0.0500,30.4776,322.1432
3284,114,15,0.0500,31.7397,306.0532
3285,111,17,0.0500,25.8478,304.7069
3286,291,21,0.0500,28.3761,331.8155
3287,69,12,0.0500,32.9592,326.3173
3288,58,12,0.0500,30.4786,312.7726
3289,58,12,0.0500,28.5136,313.9708
3290,102,15,0.0500,26.5979,329.8601
3291,183,19,0.0500,28.4828,329.5501
3292,49,10,0.0500,27.2348,328.7466
3293,490,29,0.0500,28.7653,292.6128
3294,102,15,0.0500,28.9302,330.1769
3295,58,13,0.0500,35.6361,329.5978
3296,256,29,0.0500,29.4075,347.2805
3297,58,13,0.0500,30.4871,362.7332
3298,99,14,0.0500,30.3147,317.4938
3299,81,13,0.0500,31.3986,309.2391
3300,51,8,0.0500,30.6663,320.4736
3301,37,10,0.0500,28.3283,341.7128
3302,88,13,0.0500,26.0449,289.9580
3303,105,18,0.0500,28.2045,308.8233
3304,35,9,0.0500,29.3165,337.1305
3305,49,10,0.0500,28.7836,333.8609
3306,57,11,0.0500,26.9243,333.1314
3307,146,19,0.0500,29.4445,265.4402
3308,58,13,0.0500,29.9420,325.4703
3309,299,32,0.0500,30.0968,315.2360
3310,60,13,0.0500,31.2045,305.7705
3311,39,11,0.0500,24.8733,316.9738
3312,51,11,0.0500,27.3248,330.6071
3313,48,8,0.0500,29.7877,268.6662
3314,89,13,0.0500,29.9688,308.9637
3315,111,18,0.0500,28.9809,290.3421
3316,62,14,0.0500,30.1827,364.7950
3317,119,15,0.0500,33.0477,322.7545
3318,124,17,0.0500,28.0077,285.6806
3319,123,17,0.0500,27.4963,282.6127
3320,53,11,0.0500,26.1978,346.7983
3321,43,11,0.0500,35.1489,321.0251
3322,120,15,0.0500,29.6840,356.2058
3323,213,23,0.0500,28.2859,293.4104
3324,39,10,0.0500,28.9255,338.4476
3325,105,18,0.0500,29.1198,278.5483
3326,74,14,0.0500,30.8878,315.9888
3327,82,12,0.0500,28.6359,322.6297
3328,55,12,0.0500,33.1811,333.8111
3329,205,18,0.0500,28.5565,316.7762
3330,48,8,0.0500,30.7400,333.0781
3331,29,9,0.0500,31.7415,333.7439
3332,42,12,0.0500,30.1073,322.1296
3333,34,8,0.0500,24.5839,321.6158
3334,74,15,0.0500,26.9404,336.5995
3335,213,21,0.0500,27.5375,289.5445
3336,166,20,0.0500,33.7931,308.4085
3337,319,28,0.0500,30.2850,294.1667
3338,80,13,0.0500,29.5588,317.0771
3339,250,23,0.0500,30.5646,341.3302
3340,29,8,0.0500,33.2052,327.5457
3341,64,13,0.0500,32.9359,296.8840
3342,135,21,0.0500,31.5378,322.6791
3343,116,15,0.0500,28.6766,302.1743
3344,39,10,0.0500,27.6281,314.9861
3345,172,25,0.0500,29.6489,323.0083
3346,47,9,0.0500,32.9053,321.9978
3347,53,9,0.0500,28.1245,308.6959
3348,53,9,0.0500,31.2733,283.3451
3349,50,11,0.0500,31.8732,314.3090
3350,42,11,0.0500,26.9520,304.4717
3351,130,18,0.0500,30.4955,309.4453
3352,50,9,0.0500,28.8583,320.9349
3353,71,13,0.0500,27.3599,325.7325
3354,53,9,0.0500,31.3326,303.3853
3355,82,16,0.0500,31.5606,278.2863
3356,116,16,0.0500,30.2068,311.7059
3357,296,22,0.0500,28.5985,288.9390
3358,373,28,0.0500,31.1978,307.6610
3359,73,11,0.0500,30.8236,321.7792
3360,39,10,0.0500,28.2192,310.8333
3361,36,9,0.0500,29.0991,303.4371
3362,32,10,0.0500,30.1814,352.9771
3363,53,10,0.0500,30.5052,325.1013
3364,54,11,0.0500,32.8165,326.5684
3365,312,21,0.0500,27.8773,314.2688
3366,45,8,0.0500,28.4803,318.1559
3367,30,9,0.0500,29.5652,319.6264
3368,38,8,0.0500,31.9775,288.1213
3369,31,8,0.0500,28.9375,319.4849
3370,223,19,0.0500,30.2050,315.2105
3371,51,10,0.0500,32.1117,308.0476
3372,77,12,0.0500,30.5891,311.4410
3373,100,14,0.0500,29.7460,317.5565
3374,228,20,0.0500,31.1051,302.3891
3375,160,18,0.0500,30.5264,298.1957
3376,53,12,0.0500,29.3236,343.7584
3377,200,16,0.0500,26.9152,308.3258
3378,64,12,0.0500,30.8381,321.9888
3379,85,14,0.0500,32.6475,298.9357
3380,72,13,0.0500,28.1858,323.8341
3381,23,6,0.0500,31.7238,304.9371
3382,35,9,0.0500,28.5531,333.3821
3383,322,30,0.0500,29.0061,296.4172
3384,109,15,0.0500,31.1892,325.9249
3385,268,23,0.0500,30.3466,280.8517
3386,31,7,0.0500,33.1685,345.8398
3387,42,8,0.0500,24.7959,327.7768
3388,27,7,0.0500,32.0998,317.7769
3389,20,6,0.0500,24.2941,338.3816
3390,354,29,0.0500,29.2844,333.8005
3391,42,12,0.0500,31.8530,345.9034
3392,207,18,0.0500,32.5118,288.8691
3393,72,12,0.0500,28.6691,321.4212
3394,24,6,0.0500,27.2613,327.0270
3395,158,17,0.0500,27.7077,319.7736
3396,132,19,0.0500,29.8705,373.9669
3397,46,9,0.0500,30.9405,307.9180
3398,70,14,0.0500,29.9936,350.8176
3399,58,13,0.0500,31.7084,361.1026
3400,34,8,0.0500,34.7157,311.4402
3401,88,14,0.0500,28.5588,328.1777
3402,147,18,0.0500,32.1889,305.9357
3403,334,25,0.0500,31.7983,319.5022
3404,51,10,0.0500,35.1355,322.3206
3405,14,4,0.0500,29.8780,355.7463
3406,133,16,0.0500,31.5674,341.3559
3407,144,18,0.0500,36.2389,343.5307
3408,74,13,0.0500,30.6591,346.0872
3409,55,9,0.0500,29.7286,339.9460
3410,83,13,0.0500,27.5876,301.4941
3411,250,21,0.0500,34.5026,327.3850
3412,75,13,0.0500,30.4672,329.0674
3413,187,20,0.0500,28.5848,347.1878
3414,662,29,0.0500,33.2332,323.5311
3415,213,18,0.0500,33.3187,331.5223
3416,53,11,0.0500,34.3588,282.3682
3417,36,10,0.0500,27.7433,310.4343
3418,106,15,0.0500,30.3199,328.4054
3419,102,16,0.0500,28.1682,325.3809
3420,248,23,0.0500,31.2539,319.4891
3421,47,12,0.0500,28.7896,307.0893
3422,43,9,0.0500,29.9945,370.1560
3423,24,5,0.0500,32.1932,357.4558
3424,48,10,0.0500,29.3185,329.2914
3425,58,11,0.0500,30.0774,332.7566
3426,67,13,0.0500,28.3677,291.0849
3427,37,9,0.0500,31.8020,302.9140
3428,115,14,0.0500,29.6387,335.7619
3429,79,16,0.0500,30.6106,322.4712
3430,33,9,0.0500,27.9138,305.9669
3431,89,17,0.0500,33.2208,338.8782
3432,80,13,0.0500,31.4093,346.8307
3433,282,21,0.0500,30.2232,309.7481
3434,60,12,0.0500,29.7481,328.1243
3435,157,14,0.0500,29.9420,341.5782
3436,117,15,0.0500,27.8842,333.9689
3437,26,6,0.0500,32.3397,308.9716
3438,141,17,0.0500,32.7792,338.4356
3439,66,12,0.0500,34.6535,338.3503
3440,42,11,0.0500,32.3237,333.8197
3441,73,14,0.0500,30.4988,351.3821
3442,43,12,0.0500,32.8083,333.8833
3443,35,9,0.0500,29.1960,321.2369
3444,40,11,0.0500,36.3974,326.5632
3445,60,14,0.0500,26.3513,340.5645
3446,100,15,0.0500,33.4141,316.2242
3447,40,10,0.0500,27.2758,327.5782
3448,49,10,0.0500,31.4983,330.2883
3449,170,21,0.0500,32.1663,345.0241
3450,26,7,0.0500,32.4158,318.8179
3451,57,12,0.0500,29.9837,333.6282
3452,73,13,0.0500,36.7735,292.6442
3453,117,16,0.0500,33.7130,319.8252
3454,170,18,0.0500,30.3359,325.0036
3455,162,21,0.0500,29.7904,308.4115
3456,60,12,0.0500,31.0106,297.0132
3457,56,11,0.0500,32.5869,337.2833
3458,40,10,0.0500,31.8582,295.4818
3459,443,21,0.0500,30.8867,324.3156
3460,80,11,0.0500,32.7697,321.0283
3461,157,14,0.0500,26.4067,325.6611
3462,114,15,0.0500,31.2992,314.8608
3463,106,18,0.0500,28.8707,291.2340
3464,51,11,0.0500,30.6539,350.2367
3465,41,9,0.0500,26.1674,299.4702
3466,150,20,0.0500,29.8360,321.2362
3467,104,19,0.0500,32.3391,315.3357
3468,35,9,0.0500,28.2023,297.9489
3469,450,22,0.0500,32.9736,325.4659
3470,54,10,0.0500,29.1828,312.1050
3471,38,9,0.0500,31.8610,333.1496
3472,169,16,0.0500,30.5316,285.1162
3473,166,16,0.0500,30.2990,312.6151
3474,118,14,0.0500,31.9223,303.8994
3475,290,22,0.0500,30.4015,297.6642
3476,127,16,0.0500,31.4651,326.4099
3477,40,8,0.0500,33.4199,298.6186
3478,61,15,0.0500,28.3584,339.5171
3479,59,13,0.0500,32.7186,325.4412
3480,26,6,0.0500,29.2314,312.3837
3481,93,14,0.0500,31.2794,334.5837
3482,82,13,0.0500,32.0647,344.7442
3483,53,11,0.0500,27.9331,297.9583
3484,39,8,0.0500,29.8801,321.6427
3485,120,15,0.0500,31.7674,318.4320
3486,297,23,0.0500,32.8408,319.5769
3487,99,12,0.0500,29.9964,357.8520
3488,69,14,0.0500,30.4588,304.2273
3489,44,9,0.0500,33.0666,335.0575
3490,89,14,0.0500,31.4691,355.1884
3491,90,13,0.0500,30.3325,304.2700
3492,145,18,0.0500,28.9017,321.7590
3493,72,11,0.0500,31.0883,325.0278
3494,47,10,0.0500,27.8728,334.9213
3495,36,9,0.0500,33.3151,338.5355
3496,87,15,0.0500,32.7866,321.1631
3497,54,12,0.0500,29.5724,344.7178
3498,155,18,0.0500,31.9939,353.8792
3499,38,10,0.0500,31.8908,311.3617
3500,107,18,0.0500,30.0647,321.1626
3501,60,13,0.0500,33.0408,306.8061
3502,52,10,0.0500,28.3405,323.6217
3503,121,14,0.0500,31.3541,317.7800
3504,55,11,0.0500,29.5218,268.6252
3505,30,8,0.0500,28.7643,294.5176
3506,55,12,0.0500,30.6718,329.9488
3507,90,16,0.0500,30.7181,350.7830
3508,127,17,0.0500,28.6705,345.0975
3509,704,36,0.0500,31.2652,341.6108
3510,50,11,0.0500,32.1094,330.3423
3511,500,30,0.0500,31.4321,350.5582
3512,99,14,0.0500,31.8236,271.8026
3513,36,9,0.0500,29.7571,323.5948
3514,133,18,0.0500,33.4796,300.4331
3515,57,13,0.0500,31.3369,327.0988
3516,171,19,0.0500,30.6486,314.2219
3517,230,21,0.0500,31.9740,263.0890
3518,41,11,0.0500,32.9899,315.0660
3519,48,11,0.0500,30.0175,356.8782
3520,40,11,0.0500,29.5618,322.2390
3521,42,10,0.0500,29.2280,313.5021
3522,42,10,0.0500,31.8183,278.1296
3523,39,8,0.0500,28.4227,326.4541
3524,135,21,0.0500,33.4614,308.2587
3525,56,11,0.0500,27.8105,303.4933
3526,60,13,0.0500,30.4010,319.0527
3527,229,20,0.0500,34.1740,315.4718
3528,222,17,0.0500,29.6899,319.0637
3529,346,24,0.0500,29.5090,313.4527
3530,38,9,0.0500,30.5677,309.3813
3531,43,11,0.0500,31.7925,320.7800
3532,60,12,0.0500,32.9677,325.1660
3533,175,22,0.0500,31.4261,316.4557
3534,109,16,0.0500,29.2818,328.4135
3535,113,12,0.0500,27.3195,312.2063
3536,33,8,0.0500,32.3274,285.6970
3537,127,17,0.0500,32.7180,276.0922
3538,68,12,0.0500,31.8526,318.3675
3539,163,20,0.0500,30.3071,277.0972
3540,60,12,0.0500,30.8223,324.8659
3541,62,15,0.0500,30.3206,308.7361
3542,62,13,0.0500,32.4947,263.6258
3543,34,9,0.0500,31.3488,327.9058
3544,174,19,0.0500,29.4448,306.2714
3545,38,9,0.0500,33.9938,312.0899
3546,45,9,0.0500,25.5978,281.0387
3547,20,5,0.0500,26.3141,333.4588
3548,345,28,0.0500,29.6310,293.7150
3549,55,11,0.0500,30.5975,313.0459
3550,41,9,0.0500,34.3429,294.3012
3551,122,16,0.0500,30.2821,285.6057
3552,29,10,0.0500,29.5677,272.4220
3553,138,19,0.0500,28.4630,328.0851
3554,37,9,0.0500,30.1543,310.3650
3555,989,45,0.0500,30.9533,336.9326
3556,50,9,0.0500,29.4941,284.3201
3557,27,7,0.0500,34.8378,307.5433
3558,90,16,0.0500,31.9546,324.8515
3559,62,13,0.0500,28.7437,336.2499
3560,65,10,0.0500,31.6014,267.2958
3561,40,10,0.0500,28.2877,296.9284
3562,486,12,0.0500,33.6279,320.0043
3563,54,11,0.0500,32.7557,318.7517
3564,78,13,0.0500,36.5182,309.7014
3565,85,14,0.0500,32.1060,321.7644
3566,49,10,0.0500,26.7752,321.2969
3567,45,9,0.0500,30.5231,297.5582
3568,40,10,0.0500,33.6132,339.0714
3569,242,26,0.0500,30.7448,265.4513
3570,44,11,0.0500,35.7179,331.8504
3571,60,13,0.0500,27.4443,273.5160
3572,108,17,0.0500,31.8434,286.0331
3573,41,11,0.0500,30.1454,290.1444
3574,156,19,0.0500,32.1152,291.4475
3575,107,14,0.0500,29.5441,307.5090
3576,221,23,0.0500,31.8183,316.7414
3577,74,15,0.0500,28.7700,350.9150
3578,657,26,0.0500,31.2218,294.6302
3579,35,10,0.0500,33.5533,303.8352
3580,129,16,0.0500,32.0333,291.0585
3581,143,17,0.0500,32.7900,300.7753
3582,72,12,0.0500,29.4782,320.9966
3583,130,17,0.0500,32.6518,313.7352
3584,138,17,0.0500,30.6131,253.0994
3585,57,12,0.0500,30.5619,256.0652
3586,111,16,0.0500,30.6127,263.0263
3587,30,8,0.0500,31.8569,320.6519
3588,57,11,0.0500,28.8616,285.7017
3589,132,17,0.0500,27.8730,258.5094
3590,76,14,0.0500,32.6168,283.8646
3591,40,11,0.0500,31.2827,320.6044
3592,58,13,0.0500,30.1382,256.6520
3593,54,11,0.0500,30.9748,270.7958
3594,80,11,0.0500,30.2537,331.0216
3595,548,26,0.0500,29.7083,339.7759
3596,209,16,0.0500,31.1486,277.5921
3597,52,10,0.0500,34.7490,315.0531
3598,71,10,0.0500,25.9317,316.0385
3599,76,14,0.0500,32.3232,327.9998
3600,161,21,0.0500,30.6477,297.1386
3601,88,15,0.0500,32.0134,251.8209
3602,42,11,0.0500,29.9112,319.6614
3603,279,23,0.0500,30.6533,291.7610
3604,44,12,0.0500,28.9587,318.6160
3605,34,9,0.0500,32.8663,293.8213
3606,81,11,0.0500,27.7509,328.0470
3607,166,16,0.0500,31.7597,293.8702
3608,35,10,0.0500,26.6957,299.7485
3609,123,17,0.0500,29.9951,250.9764
3610,43,10,0.0500,30.0164,274.9419
3611,177,20,0.0500,30.3052,289.9829
3612,40,7,0.0500,30.1612,275.3872
3613,30,7,0.0500,32.8985,287.8583
3614,80,17,0.0500,31.9142,249.6640
3615,286,22,0.0500,28.5544,290.4736
3616,162,25,0.0500,31.2295,284.8085
3617,53,11,0.0500,32.9377,357.4572
3618,134,20,0.0500,31.0621,276.9415
3619,72,11,0.0500,28.5184,278.8875
3620,46,9,0.0500,33.7226,319.6058
3621,52,10,0.0500,28.7165,250.6047
3622,40,10,0.0500,30.6219,303.5059
3623,77,13,0.0500,33.6020,300.6575
3624,550,33,0.0500,30.7535,322.4258
3625,56,11,0.0500,34.1668,291.4141
3626,35,9,0.0500,29.8069,252.7967
3627,20,5,0.0500,30.6236,247.6628
3628,78,11,0.0500,28.1811,255.6245
3629,160,16,0.0500,30.9115,277.2295
3630,619,45,0.0500,28.0938,304.6502
3631,120,16,0.0500,28.2141,306.5245
3632,22,6,0.0500,26.4088,272.2491
3633,265,24,0.0500,32.2419,315.4613
3634,52,12,0.0500,29.1541,296.0526
3635,105,13,0.0500,30.2006,310.9634
3636,72,13,0.0500,34.8489,267.9580
3637,86,11,0.0500,32.2830,285.3216
3638,309,29,0.0500,33.5839,264.5656
3639,31,7,0.0500,30.4146,316.0468
3640,36,9,0.0500,31.4084,296.5899
3641,197,20,0.0500,30.3649,336.1765
3642,134,15,0.0500,32.1081,285.1060
3643,62,12,0.0500,29.1764,286.9209
3644,233,23,0.0500,31.5505,284.1691
3645,44,11,0.0500,30.8122,290.8079
3646,38,12,0.0500,31.0130,353.1277
3647,47,10,0.0500,28.5152,302.2253
3648,317,29,0.0500,30.0821,305.6419
3649,76,11,0.0500,32.1627,322.6723
3650,113,14,0.0500,29.9254,299.8292
3651,29,7,0.0500,33.3333,324.2057
3652,115,15,0.0500,31.7709,325.4119
3653,32,7,0.0500,25.4172,285.6529
3654,66,11,0.0500,33.6933,328.1522
3655,76,11,0.0500,33.4249,295.7414
3656,36,10,0.0500,33.3212,347.3639
3657,298,24,0.0500,31.7316,351.9648
3658,130,20,0.0500,33.0368,333.2169
3659,286,22,0.0500,32.3751,306.9001
3660,61,11,0.0500,32.1616,327.7322
3661,163,17,0.0500,30.0478,274.7685
3662,37,10,0.0500,28.8126,320.0284
3663,71,12,0.0500,30.7030,290.4906
3664,80,12,0.0500,29.2830,306.9097
3665,76,13,0.0500,33.6914,270.9593
3666,73,14,0.0500,31.4981,312.5569
3667,154,21,0.0500,30.4603,341.7467
3668,30,7,0.0500,31.1550,310.6493
3669,169,16,0.0500,32.0834,291.3120
3670,224,19,0.0500,34.7287,257.6149
3671,74,11,0.0500,32.0590,317.6281
3672,73,12,0.0500,30.9497,247.3667
3673,99,15,0.0500,30.2426,316.7881
3674,34,8,0.0500,30.5623,282.8633
3675,39,9,0.0500,34.0828,282.0466
3676,128,19,0.0500,30.8862,332.6489
3677,121,16,0.0500,29.8684,315.6519
3678,65,9,0.0500,31.3607,295.8323
3679,118,13,0.0500,28.2497,266.6036
3680,35,7,0.0500,33.1321,274.9070
3681,49,10,0.0500,34.5742,303.0540
3682,71,14,0.0500,32.7215,313.2295
3683,52,10,0.0500,28.6899,257.9908
3684,47,8,0.0500,32.0651,311.5591
3685,75,13,0.0500,30.9813,305.6028
3686,65,11,0.0500,29.8828,284.1962
3687,83,15,0.0500,32.6561,306.6973
3688,101,16,0.0500,29.5959,283.2408
3689,483,28,0.0500,30.8990,299.4123
3690,63,11,0.0500,28.2460,256.6382
3691,36,8,0.0500,28.6314,295.9868
3692,36,9,0.0500,31.6854,326.3155
3693,90,16,0.0500,30.9672,306.9554
3694,47,8,0.0500,31.8856,246.6366
3695,46,8,0.0500,30.1936,283.9325
3696,33,9,0.0500,32.4738,307.4964
3697,213,19,0.0500,32.7384,270.1086
3698,72,10,0.0500,29.2790,275.4903
3699,70,13,0.0500,29.0501,305.1330
3700,237,22,0.0500,33.6802,315.4496
3701,59,11,0.0500,35.4890,308.7320
3702,246,20,0.0500,31.6606,292.1521
3703,466,26,0.0500,28.2709,270.8712
3704,35,10,0.0500,36.6173,312.7152
3705,37,10,0.0500,31.3254,322.6441
3706,58,14,0.0500,30.4869,272.5903
3707,60,14,0.0500,29.9614,291.0390
3708,113,13,0.0500,29.8296,307.6161
3709,35,10,0.0500,31.5172,317.9209
3710,56,13,0.0500,30.0197,293.5145
3711,53,13,0.0500,32.3475,271.9436
3712,65,16,0.0500,28.8216,271.8059
3713,73,10,0.0500,29.1031,276.1930
3714,95,13,0.0500,32.2642,225.2866
3715,80,16,0.0500,26.4396,292.6838
3716,78,13,0.0500,27.1180,254.0903
3717,87,15,0.0500,30.8723,299.2409
3718,44,11,0.0500,30.3677,274.3087
3719,89,16,0.0500,26.6800,290.7759
3720,279,23,0.0500,28.7127,239.8928
3721,33,8,0.0500,29.0039,300.4053
3722,124,19,0.0500,29.0486,293.0306
3723,309,25,0.0500,31.7430,277.8567
3724,51,9,0.0500,33.0210,253.5398
3725,54,12,0.0500,32.0693,272.3267
3726,70,9,0.0500,29.5207,297.9658
3727,393,30,0.0500,31.0220,333.4851
3728,32,8,0.0500,29.7349,282.9138
3729,94,16,0.0500,28.0873,304.3782
3730,56,10,0.0500,28.6473,291.5485
3731,37,11,0.0500,30.2720,287.9434
3732,50,11,0.0500,27.4941,270.0260
3733,43,10,0.0500,28.5187,235.4411
3734,174,18,0.0500,32.4434,255.5545
3735,57,11,0.0500,31.2474,273.0603
3736,168,17,0.0500,33.7994,254.0632
3737,159,15,0.0500,31.3147,279.3944
3738,592,31,0.0500,29.8456,315.1591
3739,217,19,0.0500,31.1122,281.3280
3740,162,14,0.0500,28.0307,300.5534
3741,186,18,0.0500,29.7830,268.6494
3742,91,16,0.0500,35.7937,258.3189
3743,48,11,0.0500,31.8762,261.5698
3744,70,13,0.0500,33.1191,297.1557
3745,84,13,0.0500,29.3464,262.3003
3746,77,12,0.0500,29.0227,271.7045
3747,56,13,0.0500,31.0987,285.1803
3748,129,17,0.0500,30.6263,191.1488
3749,128,15,0.0500,32.1126,250.1107
3750,36,9,0.0500,26.9365,310.0574
3751,427,34,0.0500,30.3035,290.3870
3752,71,10,0.0500,27.7732,319.0770
3753,33,8,0.0500,28.5423,295.5690
3754,128,17,0.0500,28.7465,288.2859
3755,206,15,0.0500,28.7000,256.1654
3756,98,16,0.0500,28.6652,337.9858
3757,56,11,0.0500,29.8024,299.1762
3758,22,6,0.0500,33.7200,271.2126
3759,38,8,0.0500,30.8758,281.8856
3760,78,14,0.0500,30.3204,289.8625
3761,45,9,0.0500,28.5128,260.5827
3762,128,14,0.0500,34.0406,273.9845
3763,49,10,0.0500,28.8778,280.3256
3764,185,22,0.0500,28.6389,303.0783
3765,354,27,0.0500,30.1889,272.2089
3766,28,7,0.0500,28.5945,303.9509
3767,250,23,0.0500,28.5258,266.1778
3768,308,24,0.0500,32.2440,294.9521
3769,132,17,0.0500,29.1191,311.2950
3770,36,10,0.0500,31.5420,294.1945
3771,39,11,0.0500,30.1713,282.5121
3772,161,14,0.0500,32.2683,309.6040
3773,118,16,0.0500,27.5333,299.8406
3774,120,18,0.0500,30.3697,303.9443
3775,59,12,0.0500,27.8327,274.7565
3776,97,14,0.0500,25.3838,240.2798
3777,79,12,0.0500,27.6228,308.6753
3778,37,9,0.0500,32.0451,326.3956
3779,53,12,0.0500,28.5826,306.6857
3780,60,13,0.0500,29.9189,272.1987
3781,113,15,0.0500,27.9606,294.5679
3782,38,12,0.0500,31.1069,313.4824
3783,84,13,0.0500,27.7398,286.3658
3784,86,15,0.0500,31.6947,314.8539
3785,91,16,0.0500,28.1219,297.1483
3786,184,24,0.0500,30.0990,314.2566
3787,243,20,0.0500,32.4357,277.8396
3788,65,14,0.0500,30.2674,278.9017
3789,35,9,0.0500,29.8347,289.7796
3790,75,13,0.0500,30.1984,350.9029
3791,59,13,0.0500,31.1641,275.4812
3792,57,12,0.0500,32.0477,310.7297
3793,84,12,0.0500,28.8691,307.0406
3794,131,17,0.0500,33.2362,307.2030
3795,157,17,0.0500,31.7852,220.9214
3796,87,14,0.0500,29.9525,267.9524
3797,135,16,0.0500,32.3001,221.9690
3798,59,12,0.0500,27.4244,297.6010
3799,84,15,0.0500,31.3603,267.3099
3800,111,13,0.0500,30.3704,313.3445
3801,57,13,0.0500,30.9588,291.7014
3802,179,23,0.0500,30.6509,311.0073
3803,49,10,0.0500,28.6371,261.8156
3804,165,16,0.0500,27.7296,248.6674
3805,127,17,0.0500,29.9325,274.5177
3806,334,26,0.0500,31.0237,250.3150
3807,57,14,0.0500,28.1228,370.1671
3808,321,23,0.0500,31.1328,279.9591
3809,88,12,0.0500,30.6261,276.5464
3810,58,13,0.0500,36.1128,316.7328
3811,75,12,0.0500,29.6432,275.9670
3812,37,9,0.0500,26.6324,293.3413
3813,79,13,0.0500,28.1104,302.2729
3814,88,15,0.0500,30.7441,316.0240
3815,79,12,0.0500,27.4044,284.4483
3816,44,10,0.0500,28.8651,315.4628
3817,172,15,0.0500,30.3330,266.4954
3818,37,10,0.0500,28.4868,322.1860
3819,41,11,0.0500,29.8814,277.3584
3820,32,8,0.0500,25.3024,270.7024
3821,106,15,0.0500,26.8342,234.6692
3822,93,14,0.0500,29.9255,281.0117
3823,78,15,0.0500,31.3315,284.5084
3824,80,13,0.0500,30.5679,291.5428
3825,112,20,0.0500,31.6907,275.8744
3826,42,10,0.0500,26.7632,255.3162
3827,52,10,0.0500,29.1416,300.8305
3828,33,9,0.0500,31.4767,258.6294
3829,66,13,0.0500,28.8364,258.7537
3830,86,14,0.0500,31.0343,298.4369
3831,407,26,0.0500,28.7546,279.7856
3832,57,11,0.0500,28.7804,266.3373
3833,41,10,0.0500,30.3890,265.3157
3834,121,15,0.0500,31.1480,309.7756
3835,120,17,0.0500,30.6708,283.9807
3836,237,22,0.0500,29.0476,288.4103
3837,276,24,0.0500,30.2289,258.4741
3838,76,12,0.0500,30.6549,296.7103
3839,39,12,0.0500,31.6061,283.5574
3840,33,8,0.0500,27.6438,292.3212
3841,85,12,0.0500,27.8970,251.4771
3842,37,9,0.0500,31.1318,250.7293
3843,73,12,0.0500,30.4839,299.5722
3844,50,10,0.0500,27.4710,268.9522
3845,130,17,0.0500,29.0466,305.7062
3846,62,11,0.0500,29.8519,286.1248
3847,39,11,0.0500,29.4556,265.9928
3848,187,19,0.0500,27.2198,323.9654
3849,46,13,0.0500,26.8082,267.5945
3850,40,10,0.0500,32.5684,271.7448
3851,30,8,0.0500,24.6763,275.0894
3852,42,11,0.0500,29.1829,269.6869
3853,291,20,0.0500,28.5214,279.5579
3854,38,10,0.0500,29.5900,289.2827
3855,58,12,0.0500,30.9164,279.1773
3856,128,19,0.0500,28.9949,280.5900
3857,80,12,0.0500,28.6572,245.7127
3858,44,12,0.0500,30.2720,257.5348
3859,119,15,0.0500,34.8268,291.4837
3860,149,20,0.0500,31.0794,245.2148
3861,121,16,0.0500,28.2573,296.9460
3862,52,10,0.0500,29.8304,281.0138
3863,80,13,0.0500,30.0447,271.9410
3864,168,19,0.0500,32.7586,288.6769
3865,560,33,0.0500,29.1671,313.0566
3866,36,10,0.0500,27.9972,262.8243
3867,49,10,0.0500,27.4355,272.2521
3868,74,12,0.0500,28.5688,289.0741
3869,40,9,0.0500,26.9260,254.1280
3870,61,13,0.0500,27.0983,283.4145
3871,49,11,0.0500,31.3424,302.7828
3872,71,11,0.0500,30.2784,290.6049
3873,43,11,0.0500,30.6953,281.1932
3874,32,8,0.0500,26.8802,346.2835
3875,78,10,0.0500,29.9247,286.1859
3876,346,20,0.0500,29.9588,280.3131
3877,37,9,0.0500,29.1079,258.8597
3878,73,13,0.0500,28.5978,250.2037
3879,56,10,0.0500,27.2549,204.5145
3880,23,6,0.0500,26.6866,297.7451
3881,32,8,0.0500,28.8393,272.4755
3882,52,11,0.0500,29.0790,272.2816
3883,37,8,0.0500,28.6938,241.5039
3884,91,15,0.0500,26.0245,288.0491
3885,31,7,0.0500,28.4643,257.4087
3886,106,17,0.0500,30.3077,269.9785
3887,34,10,0.0500,29.6038,291.1099
3888,35,9,0.0500,31.6669,244.4775
3889,236,23,0.0500,33.6111,294.3209
3890,74,15,0.0500,31.5761,309.1284
3891,167,19,0.0500,30.5520,326.5518
3892,301,21,0.0500,30.4047,238.7526
3893,73,12,0.0500,34.4117,284.7987
3894,37,8,0.0500,28.6309,304.3073
3895,51,11,0.0500,33.3680,302.0247
3896,51,10,0.0500,32.0879,230.8697
3897,444,37,0.0500,29.6086,283.0796
3898,27,7,0.0500,27.2926,248.1780
3899,129,19,0.0500,32.2567,339.1775
3900,240,20,0.0500,31.8519,278.7395
3901,118,15,0.0500,30.4695,281.1596
3902,81,13,0.0500,28.5030,284.6883
3903,136,21,0.0500,29.4913,312.4085
3904,58,12,0.0500,29.4531,322.0037
3905,55,13,0.0500,31.8629,337.4037
3906,32,8,0.0500,32.7040,251.9613
3907,33,9,0.0500,28.4555,311.6307
3908,82,12,0.0500,31.1444,287.0486
3909,79,11,0.0500,32.5128,328.8996
3910,172,20,0.0500,29.3122,231.4907
3911,164,19,0.0500,29.0833,314.7500
3912,73,11,0.0500,28.6625,344.1511
3913,62,13,0.0500,27.2364,301.2268
3914,119,15,0.0500,30.0174,236.3349
3915,53,9,0.0500,30.0569,262.5492
3916,84,13,0.0500,29.0967,261.0624
3917,362,22,0.0500,30.0618,282.4548
3918,139,16,0.0500,29.1698,316.0840
3919,38,12,0.0500,29.8818,281.0347
3920,56,9,0.0500,28.0166,284.8391
3921,32,8,0.0500,27.9394,296.1886
3922,57,12,0.0500,27.2829,264.3124
3923,79,15,0.0500,30.9414,263.6278
3924,90,18,0.0500,30.2746,355.5695
3925,53,9,0.0500,31.6446,279.3746
3926,122,15,0.0500,29.3523,251.8181
3927,84,12,0.0500,29.8685,287.3024
3928,57,11,0.0500,32.5728,307.5824
3929,33,8,0.0500,28.5874,282.3289
3930,200,22,0.0500,31.5094,299.3898
3931,68,11,0.0500,29.6691,285.8394
3932,103,14,0.0500,28.2342,309.6536
3933,30,8,0.0500,32.1025,336.5494
3934,57,11,0.0500,29.5996,299.4439
3935,111,18,0.0500,30.7109,282.6529
3936,31,7,0.0500,31.9754,277.1723
3937,62,13,0.0500,31.9453,297.6416
3938,32,7,0.0500,29.1597,250.5425
3939,129,18,0.0500,31.7798,300.9739
3940,55,11,0.0500,28.3925,333.7600
3941,80,15,0.0500,32.2025,285.2773
3942,88,15,0.0500,30.3117,293.4709
3943,126,16,0.0500,29.7796,328.3731
3944,76,15,0.0500,31.9790,290.0185
3945,71,14,0.0500,29.4711,300.6164
3946,123,16,0.0500,29.5101,315.6955
3947,577,40,0.0500,27.4202,257.1754
3948,57,11,0.0500,29.6440,329.8822
3949,104,16,0.0500,29.8910,254.7977
3950,299,25,0.0500,30.9748,271.1465
3951,116,16,0.0500,31.3768,235.4026
3952,36,9,0.0500,34.4207,322.1909
3953,418,12,0.0500,29.3477,350.0203
3954,32,9,0.0500,28.0032,319.9950
3955,42,11,0.0500,27.8881,278.5129
3956,104,18,0.0500,27.1306,320.8217
3957,57,12,0.0500,32.9624,313.5347
3958,35,8,0.0500,27.2876,221.8893
3959,126,19,0.0500,29.3763,323.5261
3960,85,14,0.0500,31.5845,300.8377
3961,76,14,0.0500,29.0140,248.0006
3962,76,15,0.0500,27.7145,295.5216
3963,56,12,0.0500,28.3992,340.6601
3964,89,15,0.0500,29.7588,299.1825
3965,37,9,0.0500,29.9458,309.7392
3966,56,10,0.0500,30.1615,328.6632
3967,87,15,0.0500,29.1085,291.1486
3968,78,13,0.0500,35.5385,332.7907
3969,224,18,0.0500,30.7513,266.8004
3970,101,16,0.0500,30.4957,299.5923
3971,56,9,0.0500,31.3462,270.7243
3972,165,15,0.0500,32.7674,346.0082
3973,54,12,0.0500,26.0839,318.9602
3974,52,10,0.0500,28.5129,292.8313
3975,307,25,0.0500,28.8487,315.3520
3976,39,12,0.0500,29.6217,281.9191
3977,64,12,0.0500,23.8489,344.6769
3978,82,15,0.0500,31.3263,338.0234
3979,123,16,0.0500,30.5003,317.6500
3980,29,7,0.0500,29.4029,316.2520
3981,120,14,0.0500,34.0368,302.7788
3982,35,8,0.0500,31.6495,308.5888
3983,81,15,0.0500,29.4001,353.3228
3984,77,14,0.0500,33.0431,316.5000
3985,99,15,0.0500,32.6743,271.7125
3986,57,15,0.0500,29.6739,370.1782
3987,36,9,0.0500,30.0908,280.4840
3988,38,10,0.0500,30.7451,324.3436
3989,52,9,0.0500,29.9407,285.8951
3990,483,36,0.0500,31.0525,367.9488
3991,56,13,0.0500,28.5672,287.8907
3992,88,17,0.0500,29.4996,316.6725
3993,55,13,0.0500,29.6396,322.9881
3994,56,11,0.0500,27.0120,246.9315
3995,51,11,0.0500,30.6866,338.2068
3996,46,10,0.0500,31.2620,317.2488
3997,38,10,0.0500,29.4404,329.7856
3998,36,9,0.0500,28.9289,338.9993
3999,225,19,0.0500,30.0553,282.4488
4000,83,13,0.0500,30.9259,290.4507
4001,53,10,0.0500,33.0461,332.5781
4002,43,12,0.0500,26.4011,326.8415
4003,32,8,0.0500,26.8327,315.0852
4004,83,13,0.0500,29.7904,306.3359
4005,79,14,0.0500,30.5367,286.9552
4006,88,14,0.0500,28.2032,264.9055
4007,231,21,0.0500,29.9978,338.2773
4008,39,9,0.0500,31.7724,283.2392
4009,41,10,0.0500,29.4899,301.4776
4010,25,6,0.0500,30.6303,288.3776
4011,50,9,0.0500,29.5828,253.4075
4012,246,23,0.0500,29.3636,296.7739
4013,662,28,0.0500,30.7238,310.8086
4014,94,13,0.0500,31.2607,290.4161
4015,61,15,0.0500,29.0709,316.6154
4016,75,13,0.0500,27.9749,270.5191
4017,63,13,0.0500,28.7231,282.2359
4018,40,10,0.0500,24.9867,258.2011
4019,219,22,0.0500,29.8889,329.3729
4020,57,11,0.0500,33.9767,296.7043
4021,82,12,0.0500,30.2250,279.5926
4022,93,15,0.0500,27.3951,310.1002
4023,40,11,0.0500,31.6987,309.9348
4024,61,13,0.0500,28.8911,314.2811
4025,25,6,0.0500,32.4633,244.3790
4026,188,19,0.0500,29.8024,309.6962
4027,41,9,0.0500,29.9915,290.5591
4028,166,15,0.0500,32.9090,310.3911
4029,38,10,0.0500,27.6816,297.7562
4030,56,11,0.0500,27.6949,298.4548
4031,77,13,0.0500,29.4334,238.6503
4032,59,11,0.0500,32.8397,198.1047
4033,118,14,0.0500,27.5975,285.2695
4034,56,13,0.0500,30.2906,342.7620
4035,82,13,0.0500,28.8954,270.0331
4036,78,14,0.0500,28.2827,280.5017
4037,118,13,0.0500,30.7544,308.5257
4038,90,18,0.0500,32.7138,304.6847
4039,52,11,0.0500,30.8078,337.9592
4040,45,10,0.0500,27.7326,305.4464
4041,53,11,0.0500,29.2299,303.7339
4042,46,13,0.0500,28.6060,258.6084
4043,41,10,0.0500,27.1471,326.1876
4044,91,14,0.0500,31.8391,340.6489
4045,39,9,0.0500,30.4768,332.7338
4046,45,13,0.0500,30.0318,296.2853
4047,182,17,0.0500,28.7635,343.9859
4048,40,11,0.0500,28.5326,272.6908
4049,100,15,0.0500,31.0285,336.6695
4050,84,14,0.0500,30.6897,277.9174
4051,52,11,0.0500,29.0062,303.9140
4052,30,8,0.0500,29.2028,321.4020
4053,38,9,0.0500,29.8442,323.3060
4054,38,8,0.0500,30.4485,288.7431
4055,41,11,0.0500,28.8950,359.2044
4056,42,9,0.0500,29.5468,351.3535
4057,33,9,0.0500,32.8669,334.3113
4058,53,11,0.0500,27.4434,329.1585
4059,37,10,0.0500,28.5787,295.7344
4060,54,10,0.0500,33.2815,289.7183
4061,87,14,0.0500,31.7086,293.2056
4062,62,13,0.0500,30.4802,231.6795
4063,60,13,0.0500,31.2341,334.6096
4064,54,12,0.0500,32.0053,286.6692
4065,124,16,0.0500,29.6972,366.2352
4066,40,11,0.0500,27.2988,285.1938
4067,104,16,0.0500,27.0152,307.4851
4068,49,13,0.0500,28.3201,365.6234
4069,39,10,0.0500,29.0402,318.7785
4070,53,12,0.0500,33.1504,337.6867
4071,109,10,0.0500,29.0182,301.9355
4072,42,11,0.0500,32.0854,298.5529
4073,84,12,0.0500,27.6630,270.3546
4074,31,8,0.0500,30.6203,291.3845
4075,284,16,0.0500,28.7275,319.1236
4076,57,13,0.0500,29.6533,338.1829
4077,36,9,0.0500,29.2551,254.2906
4078,155,17,0.0500,31.7922,351.1502
4079,215,18,0.0500,29.3479,314.6633
4080,84,16,0.0500,27.5038,316.8207
4081,56,13,0.0500,29.2559,344.9379
4082,38,10,0.0500,29.5109,306.6462
4083,21,5,0.0500,30.8785,323.6812
4084,42,10,0.0500,32.0722,278.3298
4085,72,13,0.0500,34.2449,324.8245
4086,85,13,0.0500,27.6924,288.1011
4087,87,15,0.0500,33.0703,361.7675
4088,36,11,0.0500,27.7122,347.2839
4089,89,16,0.0500,30.6206,295.7312
4090,42,12,0.0500,30.1877,305.3307
4091,122,14,0.0500,28.9401,257.5107
4092,160,19,0.0500,29.8857,317.9165
4093,106,17,0.0500,30.9840,339.2299
4094,36,8,0.0500,25.6293,248.2604
4095,29,6,0.0500,24.6570,301.9128
4096,89,16,0.0500,28.1577,283.0021
4097,31,8,0.0500,30.6272,298.9956
4098,46,13,0.0500,32.6482,302.4421
4099,229,20,0.0500,31.3718,354.4731
4100,92,15,0.0500,30.5456,301.2902
4101,46,12,0.0500,29.3751,381.4107
4102,55,12,0.0500,26.7312,346.5869
4103,45,12,0.0500,32.1003,330.7991
4104,57,12,0.0500,30.2317,292.7785
4105,89,16,0.0500,31.3643,256.2626
4106,73,13,0.0500,29.1919,293.1437
4107,77,12,0.0500,31.0138,304.6849
4108,41,12,0.0500,29.1272,309.0088
4109,51,11,0.0500,28.5972,324.1479
4110,29,7,0.0500,25.8985,249.1262
4111,789,31,0.0500,31.0866,316.5252
4112,112,12,0.0500,31.1169,318.7225
4113,35,8,0.0500,30.4645,297.2352
4114,33,9,0.0500,31.6873,292.0066
4115,52,10,0.0500,32.9485,302.3578
4116,145,20,0.0500,30.6580,340.6229
4117,38,10,0.0500,29.0454,276.5651
4118,98,14,0.0500,28.5226,317.4139
4119,36,10,0.0500,31.4559,259.8529
4120,109,16,0.0500,29.4977,333.2629
4121,303,24,0.0500,30.4374,331.3509
4122,45,13,0.0500,27.5613,320.0903
4123,84,13,0.0500,31.1078,267.5610
4124,133,18,0.0500,29.8150,309.5190
4125,119,13,0.0500,34.7182,287.5506
4126,63,14,0.0500,29.6203,335.1256
4127,356,26,0.0500,31.5070,335.2671
4128,51,11,0.0500,31.1486,322.1782
4129,41,11,0.0500,34.7849,243.4313
4130,29,8,0.0500,27.9821,294.6081
4131,117,15,0.0500,31.7331,210.6083
4132,51,11,0.0500,27.7736,285.4668
4133,54,11,0.0500,30.3615,317.7320
4134,77,12,0.0500,31.4900,331.2093
4135,145,19,0.0500,31.3080,339.3835
4136,27,7,0.0500,30.4170,282.3809
4137,55,13,0.0500,28.9226,334.8300
4138,86,14,0.0500,30.5763,320.0329
4139,315,25,0.0500,31.5503,356.7277
4140,354,30,0.0500,30.2544,318.8379
4141,41,9,0.0500,32.4295,316.6819
4142,84,12,0.0500,32.1233,345.7040
4143,84,14,0.0500,29.5326,357.8836
4144,31,8,0.0500,31.4583,333.7038
4145,119,17,0.0500,29.7203,261.8450
4146,34,8,0.0500,25.6411,302.0213
4147,48,10,0.0500,26.9160,298.3285
4148,31,9,0.0500,24.6440,323.5225
4149,60,12,0.0500,32.0820,353.1201
4150,156,19,0.0500,27.9885,307.2681
4151,76,15,0.0500,31.4297,255.9575
4152,88,15,0.0500,30.8996,336.2982
4153,132,18,0.0500,29.1479,338.7673
4154,32,9,0.0500,29.4184,319.4468
4155,216,20,0.0500,31.7144,311.6159
4156,54,10,0.0500,29.9769,318.0105
4157,78,14,0.0500,30.0014,324.7076
4158,25,7,0.0500,25.8241,317.9593
4159,63,13,0.0500,29.7516,302.9145
4160,37,7,0.0500,29.3207,236.4568
4161,101,14,0.0500,28.7422,335.4630
4162,40,9,0.0500,28.8018,316.9104
4163,152,19,0.0500,30.0631,288.5782
4164,26,6,0.0500,31.3641,312.3815
4165,42,12,0.0500,29.2125,344.7622
4166,44,10,0.0500,29.4591,316.5147
4167,57,13,0.0500,31.2494,282.6143
4168,47,12,0.0500,30.4256,328.0575
4169,58,11,0.0500,26.4015,322.0406
4170,46,12,0.0500,33.5227,342.6052
4171,37,11,0.0500,32.8282,361.8707
4172,237,25,0.0500,29.6200,330.9144
4173,32,9,0.0500,31.0199,342.9672
4174,308,23,0.0500,29.3856,306.5014
4175,37,9,0.0500,31.9072,340.4772
4176,76,13,0.0500,32.0970,349.6625
4177,95,14,0.0500,31.6167,280.4289
4178,74,15,0.0500,31.8085,318.3927
4179,92,13,0.0500,26.4495,303.7829
4180,50,11,0.0500,33.1993,328.7676
4181,85,13,0.0500,26.6033,289.8889
4182,45,11,0.0500,30.5570,296.3092
4183,43,8,0.0500,31.1472,300.8344
4184,68,13,0.0500,28.7763,272.6734
4185,78,12,0.0500,27.3049,362.5103
4186,44,11,0.0500,28.2707,294.7032
4187,32,8,0.0500,27.1483,306.7786
4188,256,23,0.0500,30.4742,288.7416
4189,56,8,0.0500,29.0517,254.2188
4190,48,9,0.0500,27.8093,303.3061
4191,48,10,0.0500,29.8393,350.5038
4192,42,12,0.0500,29.6508,330.0153
4193,42,10,0.0500,27.9877,359.5879
4194,91,12,0.0500,31.1793,344.9975
4195,60,15,0.0500,29.5378,381.6665
4196,44,11,0.0500,30.2860,335.2952
4197,43,11,0.0500,27.6090,320.5122
4198,85,14,0.0500,25.8244,289.7998
4199,35,9,0.0500,29.5411,345.4845
4200,35,9,0.0500,27.5603,308.1881
4201,75,15,0.0500,31.9432,346.6290
4202,81,13,0.0500,30.2764,345.9828
4203,44,10,0.0500,29.9854,348.9621
4204,33,9,0.0500,33.6681,319.7792
4205,58,13,0.0500,32.3916,314.3001
4206,31,8,0.0500,29.7205,284.9519
4207,119,15,0.0500,32.1870,273.3409
4208,82,16,0.0500,30.4670,393.3532
4209,85,14,0.0500,30.7262,327.8237
4210,34,9,0.0500,28.3645,326.5997
4211,60,11,0.0500,34.4788,313.0980
4212,372,33,0.0500,28.7341,293.3906
4213,52,11,0.0500,33.2486,284.3076
4214,104,15,0.0500,30.9579,274.7612
4215,52,12,0.0500,30.5840,268.0007
4216,84,13,0.0500,26.7692,340.5412
4217,169,19,0.0500,28.2228,309.5772
4218,178,17,0.0500,30.8436,280.1611
4219,56,11,0.0500,31.5214,341.8319
4220,452,31,0.0500,30.3049,362.3363
4221,41,10,0.0500,29.7045,274.6281
4222,39,9,0.0500,30.5820,314.8514
4223,57,15,0.0500,32.1277,409.7409
4224,57,11,0.0500,31.8136,321.2138
4225,116,17,0.0500,31.4966,377.2728
4226,81,13,0.0500,26.7256,336.1974
4227,39,11,0.0500,28.5731,330.6997
4228,125,16,0.0500,28.2940,349.3534
4229,164,20,0.0500,29.9782,249.3142
4230,58,12,0.0500,29.9062,299.9925
4231,77,15,0.0500,25.4108,315.4798
4232,45,12,0.0500,28.3125,341.0494
4233,66,11,0.0500,32.0851,310.7394
4234,100,17,0.0500,32.3637,342.5299
4235,34,9,0.0500,28.7759,373.6988
4236,101,15,0.0500,31.4979,323.0911
4237,73,14,0.0500,29.5123,294.3181
4238,53,11,0.0500,31.1308,365.7761
4239,37,8,0.0500,30.7554,275.3201
4240,207,23,0.0500,29.6029,305.7726
4241,60,13,0.0500,30.8927,358.5884
4242,60,12,0.0500,30.0057,304.5275
4243,58,12,0.0500,31.8593,325.4553
4244,60,13,0.0500,33.0074,284.8386
4245,37,8,0.0500,32.1070,327.0468
4246,56,12,0.0500,30.6216,307.9059
4247,41,11,0.0500,34.0905,325.1478
4248,42,10,0.0500,30.6391,300.4412
4249,51,10,0.0500,26.3906,303.8623
4250,44,12,0.0500,34.1691,349.0871
4251,27,7,0.0500,30.9633,345.9194
4252,35,9,0.0500,34.1232,288.6695
4253,121,14,0.0500,27.6755,320.0759
4254,41,9,0.0500,30.3207,298.1371
4255,57,8,0.0500,32.3546,315.7196
4256,29,7,0.0500,28.9780,269.1692
4257,91,14,0.0500,29.7283,279.5599
4258,480,29,0.0500,30.1400,329.3106
4259,32,8,0.0500,26.8718,355.7780
4260,29,9,0.0500,29.7308,372.6893
4261,23,5,0.0500,31.5560,263.6811
4262,42,11,0.0500,29.2140,307.7428
4263,57,10,0.0500,29.6256,312.8367
4264,54,10,0.0500,31.5963,258.5704
4265,60,13,0.0500,31.5450,330.4698
4266,123,17,0.0500,28.8816,338.1821
4267,73,14,0.0500,29.1850,352.4233
4268,55,11,0.0500,30.7320,334.2455
4269,60,14,0.0500,29.9959,334.9479
4270,98,14,0.0500,32.2108,326.2387
4271,43,11,0.0500,28.1386,309.1742
4272,55,12,0.0500,27.6894,378.0745
4273,131,18,0.0500,29.2837,332.5491
4274,53,10,0.0500,28.6292,356.9606
4275,38,10,0.0500,30.4001,413.3800
4276,45,10,0.0500,30.7106,324.3058
4277,74,13,0.0500,26.7742,366.6842
4278,187,23,0.0500,30.2354,386.7107
4279,148,22,0.0500,29.8102,352.6654
4280,63,14,0.0500,30.0310,332.5602
4281,60,12,0.0500,30.3267,349.5179
4282,46,10,0.0500,32.8724,375.5139
4283,58,13,0.0500,28.2830,303.5144
4284,63,13,0.0500,34.8307,326.0495
4285,77,15,0.0500,29.5510,404.3210
4286,48,11,0.0500,33.0684,394.8153
4287,288,24,0.0500,28.0384,312.9648
4288,314,27,0.0500,30.5606,371.7298
4289,59,12,0.0500,29.0199,289.0546
4290,75,15,0.0500,29.5444,349.0536
4291,73,13,0.0500,31.1705,393.2994
4292,59,14,0.0500,27.6888,279.8012
4293,139,17,0.0500,28.6859,259.9569
4294,43,10,0.0500,34.1743,322.2931
4295,31,9,0.0500,30.7087,343.5090
4296,31,6,0.0500,34.8109,317.1936
4297,26,7,0.0500,31.3927,332.1149
4298,100,15,0.0500,31.8757,350.9971
4299,38,10,0.0500,28.7799,326.0001
4300,78,13,0.0500,29.5889,349.7639
4301,58,12,0.0500,33.1292,333.1774
4302,73,14,0.0500,31.6267,326.5536
4303,72,14,0.0500,31.1041,339.0219
4304,110,19,0.0500,29.7585,336.3591
4305,39,10,0.0500,31.4876,299.2674
4306,39,11,0.0500,33.4355,353.3687
4307,40,10,0.0500,31.0477,332.2330
4308,58,12,0.0500,30.1106,338.7517
4309,39,9,0.0500,31.6864,324.1266
4310,54,11,0.0500,27.7338,317.6949
4311,158,15,0.0500,30.2910,323.2451
4312,300,20,0.0500,29.7688,294.5753
4313,88,15,0.0500,30.7776,330.2888
4314,44,8,0.0500,25.6766,313.2302
4315,28,8,0.0500,28.1754,326.0688
4316,32,8,0.0500,27.6681,336.6760
4317,64,15,0.0500,30.7427,347.0395
4318,53,11,0.0500,35.6135,336.9452
4319,84,12,0.0500,30.2909,298.3753
4320,74,14,0.0500,35.4508,327.4966
4321,34,8,0.0500,31.0242,297.4138
4322,25,6,0.0500,29.9488,313.9820
4323,34,9,0.0500,27.4197,327.8680
4324,134,18,0.0500,29.5829,260.7765
4325,100,15,0.0500,32.2958,382.5863
4326,40,11,0.0500,27.5606,361.0450
4327,115,16,0.0500,28.2775,318.0416
4328,22,6,0.0500,30.3701,326.1044
4329,50,10,0.0500,31.8393,331.6483
4330,74,15,0.0500,33.4504,362.3642
4331,174,21,0.0500,33.0386,353.6761
4332,46,12,0.0500,26.8879,333.3306
4333,91,17,0.0500,30.1782,428.6631
4334,62,13,0.0500,28.7021,321.2798
4335,62,14,0.0500,31.7453,364.8075
4336,60,13,0.0500,29.3679,299.5061
4337,56,12,0.0500,31.8939,319.6398
4338,40,10,0.0500,26.7841,311.8483
4339,89,14,0.0500,28.1427,307.9534
4340,63,13,0.0500,26.9514,349.1133
4341,97,17,0.0500,27.2385,348.7648
4342,82,13,0.0500,31.9665,320.4873
4343,118,17,0.0500,30.9412,358.0470
4344,55,11,0.0500,33.8739,314.9572
4345,36,10,0.0500,34.1046,343.6390
4346,181,20,0.0500,31.9611,371.9828
4347,38,10,0.0500,28.3786,299.2901
4348,94,17,0.0500,31.3504,389.8152
4349,46,12,0.0500,28.6632,314.5077
4350,65,16,0.0500,30.6748,386.4410
4351,113,15,0.0500,29.6146,374.7266
4352,84,14,0.0500,34.3421,344.8744
4353,374,22,0.0500,32.9205,385.6282
4354,42,9,0.0500,31.8168,316.9993
4355,54,13,0.0500,29.8958,401.7548
4356,58,10,0.0500,36.1770,294.5725
4357,54,10,0.0500,29.0951,289.4217
4358,32,8,0.0500,35.3555,347.0673
4359,82,13,0.0500,30.9332,347.9876
4360,192,20,0.0500,35.0380,354.1439
4361,58,11,0.0500,29.5797,240.5200
4362,118,12,0.0500,31.3068,341.5065
4363,59,12,0.0500,32.7607,336.7752
4364,56,11,0.0500,28.9140,311.6837
4365,160,18,0.0500,31.7563,380.3603
4366,54,13,0.0500,33.3414,418.7975
4367,897,32,0.0500,32.4302,349.2616
4368,98,18,0.0500,31.1482,392.4037
4369,464,27,0.0500,32.5887,324.4143
4370,38,9,0.0500,29.5434,324.3931
4371,162,18,0.0500,30.7478,317.7354
4372,24,6,0.0500,30.1595,303.7282
4373,44,11,0.0500,31.0176,334.7568
4374,59,12,0.0500,31.5211,386.7095
4375,218,18,0.0500,29.7449,343.2133
4376,45,12,0.0500,28.0449,359.6426
4377,88,15,0.0500,32.7798,352.4598
4378,39,9,0.0500,36.0018,362.5714
4379,56,10,0.0500,31.9134,422.3585
4380,52,11,0.0500,26.6732,337.5331
4381,40,11,0.0500,33.4963,336.5895
4382,79,13,0.0500,33.7429,351.0076
4383,62,14,0.0500,27.0325,392.2724
4384,80,18,0.0500,32.3133,396.2634
4385,136,16,0.0500,27.7498,377.3598
4386,38,10,0.0500,33.5406,337.2221
4387,284,21,0.0500,30.8189,355.3931
4388,58,13,0.0500,32.1764,339.3299
4389,84,14,0.0500,33.1054,351.0079
4390,86,16,0.0500,30.6684,406.1467
4391,91,17,0.0500,29.5303,393.9537
4392,44,9,0.0500,31.3691,396.0974
4393,41,9,0.0500,30.7079,272.6486
4394,42,10,0.0500,33.3213,414.0950
4395,79,12,0.0500,32.9823,343.2635
4396,130,17,0.0500,31.0490,319.9285
4397,57,12,0.0500,31.5564,322.2579
4398,76,12,0.0500,29.9405,310.2910
4399,85,12,0.0500,29.4967,321.5860
4400,61,13,0.0500,31.3020,382.6067
4401,78,14,0.0500,35.8932,275.6620
4402,59,13,0.0500,31.8796,350.6927
4403,42,10,0.0500,28.1608,360.0940
4404,166,15,0.0500,30.4558,374.8605
4405,73,14,0.0500,31.8429,334.2407
4406,93,15,0.0500,31.0924,315.4723
4407,103,15,0.0500,34.4540,404.0891
4408,74,15,0.0500,29.8642,344.3667
4409,125,16,0.0500,27.8240,318.5528
4410,36,9,0.0500,32.7248,366.0882
4411,35,11,0.0500,29.2983,394.3825
4412,36,10,0.0500,33.4587,390.9647
4413,114,14,0.0500,31.6659,313.4172
4414,50,10,0.0500,32.0084,353.3565
4415,276,18,0.0500,31.6366,321.8765
4416,102,13,0.0500,29.8551,354.3391
4417,174,18,0.0500,32.0245,291.6929
4418,247,23,0.0500,32.4054,379.9433
4419,27,8,0.0500,29.7824,327.9474
4420,50,10,0.0500,31.6746,337.5313
4421,75,14,0.0500,31.6018,316.2905
4422,30,7,0.0500,29.5289,286.9882
4423,110,19,0.0500,34.1929,341.2391
4424,105,18,0.0500,32.7355,358.3807
4425,60,13,0.0500,30.3640,370.4836
4426,53,11,0.0500,33.2495,276.9532
4427,53,10,0.0500,34.7292,329.3831
4428,51,9,0.0500,28.9340,367.2315
4429,109,17,0.0500,32.7514,321.6439
4430,49,9,0.0500,31.9003,322.3318
4431,37,9,0.0500,28.7160,345.4174
4432,228,20,0.0500,30.1450,345.2380
4433,33,9,0.0500,30.7966,384.2259
4434,35,10,0.0500,30.6368,364.4398
4435,55,13,0.0500,32.4815,309.2876
4436,224,27,0.0500,31.0017,384.9994
4437,270,20,0.0500,33.3682,360.0853
4438,123,17,0.0500,31.3296,359.9588
4439,31,8,0.0500,30.5969,299.5112
4440,36,8,0.0500,33.8746,301.8576
4441,38,10,0.0500,32.9935,422.8878
4442,134,18,0.0500,30.0518,321.5406
4443,45,11,0.0500,36.8692,312.5603
4444,113,15,0.0500,29.3419,341.3588
4445,39,10,0.0500,32.5385,384.4998
4446,140,19,0.0500,30.2843,362.3580
4447,49,11,0.0500,32.6024,401.0208
4448,72,13,0.0500,30.2136,393.1445
4449,45,11,0.0500,29.2808,386.3751
4450,60,13,0.0500,32.7957,351.0871
4451,75,15,0.0500,32.6951,388.3647
4452,125,16,0.0500,32.2662,326.9918
4453,52,10,0.0500,30.9163,343.4255
4454,115,16,0.0500,28.6960,311.5218
4455,129,17,0.0500,29.2939,345.6472
4456,115,13,0.0500,30.7248,322.8538
4457,82,14,0.0500,32.6238,320.5405
4458,84,12,0.0500,35.7792,354.9963
4459,67,13,0.0500,35.1127,391.1770
4460,74,15,0.0500,31.4098,365.5943
4461,47,9,0.0500,31.4157,322.8186
4462,101,14,0.0500,32.2646,259.5909
4463,34,8,0.0500,32.4334,363.9393
4464,47,10,0.0500,27.5927,357.8330
4465,39,9,0.0500,26.2745,341.2573
4466,78,13,0.0500,34.8692,391.4616
4467,37,9,0.0500,29.6825,337.3768
4468,170,20,0.0500,26.8998,352.9013
4469,42,10,0.0500,34.7498,367.4603
4470,46,11,0.0500,32.3558,349.7269
4471,52,10,0.0500,33.7883,362.1016
4472,181,19,0.0500,31.5552,313.5084
4473,243,24,0.0500,29.4568,322.3587
4474,88,13,0.0500,33.8220,293.7688
4475,34,9,0.0500,32.9434,390.4343
4476,36,9,0.0500,28.5850,369.8367
4477,71,12,0.0500,34.7057,314.0094
4478,74,14,0.0500,32.8084,352.4335
4479,105,15,0.0500,31.8993,383.1509
4480,121,18,0.0500,27.3724,323.6435
4481,40,10,0.0500,31.4175,312.4415
4482,223,20,0.0500,32.2742,392.9793
4483,50,11,0.0500,30.5276,307.9936
4484,66,14,0.0500,34.4416,356.7218
4485,40,11,0.0500,32.6926,294.2317
4486,122,18,0.0500,29.4345,439.5188
4487,99,15,0.0500,32.1508,350.9200
4488,122,16,0.0500,31.4747,295.0547
4489,179,21,0.0500,31.5098,375.9320
4490,36,8,0.0500,32.9459,312.8352
4491,225,18,0.0500,31.5295,251.7532
4492,55,11,0.0500,27.5723,392.1311
4493,48,10,0.0500,24.8565,379.4239
4494,42,11,0.0500,34.1650,372.5480
4495,67,11,0.0500,29.8615,361.2621
4496,225,21,0.0500,28.7880,401.2917
4497,31,9,0.0500,29.1699,382.0855
4498,37,8,0.0500,31.3771,308.5921
4499,194,22,0.0500,28.8165,384.7461
4500,35,9,0.0500,27.7311,311.7917
4501,53,11,0.0500,27.1699,392.5304
4502,90,16,0.0500,32.9730,316.8800
4503,38,10,0.0500,32.7187,305.6214
4504,57,12,0.0500,29.9098,377.6074
4505,58,12,0.0500,33.3765,307.6421
4506,140,19,0.0500,29.9699,393.3860
4507,34,9,0.0500,31.9846,337.1780
4508,91,15,0.0500,32.2118,373.9252
4509,97,15,0.0500,29.1381,289.3982
4510,84,14,0.0500,33.7443,260.2295
4511,170,17,0.0500,32.1188,312.9447
4512,89,13,0.0500,28.7333,288.8256
4513,62,12,0.0500,32.7013,328.7717
4514,161,17,0.0500,32.0345,303.8847
4515,41,9,0.0500,29.3184,302.1090
4516,54,13,0.0500,30.2485,383.5788
4517,43,12,0.0500,34.9032,398.5335
4518,35,10,0.0500,28.8820,333.0879
4519,124,16,0.0500,30.2307,391.0736
4520,70,12,0.0500,25.3488,372.7885
4521,40,11,0.0500,32.2179,366.1283
4522,59,12,0.0500,28.9191,301.5231
4523,72,12,0.0500,33.7699,343.2218
4524,398,24,0.0500,30.2848,336.3287
4525,27,7,0.0500,28.9260,335.3130
4526,140,18,0.0500,30.1912,309.4434
4527,83,16,0.0500,29.8773,323.3286
4528,76,13,0.0500,31.2371,246.5764
4529,77,15,0.0500,30.5100,320.6639
4530,130,18,0.0500,33.1438,304.4653
4531,455,25,0.0500,32.9366,335.6352
4532,76,14,0.0500,29.7850,250.3620
4533,22,5,0.0500,23.1126,323.6026
4534,85,14,0.0500,33.9456,355.6639
4535,51,13,0.0500,27.4066,419.2183
4536,171,19,0.0500,30.6105,351.9407
4537,44,10,0.0500,32.7856,377.1077
4538,134,18,0.0500,31.8957,343.7374
4539,132,17,0.0500,32.3138,357.1236
4540,84,14,0.0500,29.4160,315.2907
4541,53,11,0.0500,30.1551,322.0756
4542,457,28,0.0500,30.5233,326.4564
4543,79,15,0.0500,35.0672,379.9548
4544,127,16,0.0500,32.7768,261.7979
4545,139,16,0.0500,30.5605,270.5734
4546,140,19,0.0500,34.8571,324.8544
4547,50,10,0.0500,34.3573,312.5621
4548,232,21,0.0500,30.3318,289.5555
4549,37,9,0.0500,31.3552,328.5936
4550,32,8,0.0500,34.6127,332.4162
4551,145,19,0.0500,29.7831,328.8355
4552,566,28,0.0500,30.6714,364.3263
4553,376,33,0.0500,29.1202,354.1596
4554,78,16,0.0500,26.6806,338.8377
4555,60,12,0.0500,31.1682,312.4207
4556,123,15,0.0500,29.2493,331.3399
4557,85,14,0.0500,32.5035,363.9044
4558,166,17,0.0500,30.4305,337.9278
4559,99,18,0.0500,31.9818,344.9470
4560,53,10,0.0500,29.1148,303.5134
4561,38,9,0.0500,30.6927,278.0479
4562,59,14,0.0500,28.4223,328.7644
4563,81,13,0.0500,29.3535,291.3785
4564,41,11,0.0500,26.4930,290.0175
4565,77,15,0.0500,30.6059,334.8367
4566,226,24,0.0500,31.6069,321.5394
4567,87,15,0.0500,32.5459,299.8629
4568,32,6,0.0500,29.6670,280.3979
4569,87,15,0.0500,30.2195,316.8022
4570,278,21,0.0500,26.9833,362.5271
4571,63,13,0.0500,29.1662,340.7275
4572,47,12,0.0500,29.9827,336.9041
4573,33,7,0.0500,28.2866,268.7765
4574,54,11,0.0500,29.6277,319.1100
4575,41,11,0.0500,29.7303,388.8596
4576,83,12,0.0500,29.4904,353.2543
4577,65,11,0.0500,31.6398,323.3042
4578,37,10,0.0500,29.7418,334.6930
4579,51,12,0.0500,28.3106,410.8642
4580,39,7,0.0500,30.6575,277.6702
4581,52,10,0.0500,29.3698,322.1077
4582,38,11,0.0500,28.4113,308.2180
4583,59,14,0.0500,29.7828,304.2303
4584,126,17,0.0500,32.2337,339.8535
4585,32,7,0.0500,29.9766,324.1238
4586,221,22,0.0500,28.5041,343.3652
4587,50,10,0.0500,31.5094,350.5730
4588,42,10,0.0500,27.4199,324.9605
4589,50,10,0.0500,28.1380,338.0978
4590,97,17,0.0500,31.2424,338.9281
4591,84,15,0.0500,34.0128,333.2288
4592,85,14,0.0500,28.6759,291.2851
4593,58,11,0.0500,29.2235,351.4481
4594,55,11,0.0500,36.8765,293.3683
4595,216,18,0.0500,32.5226,283.9339
4596,37,11,0.0500,32.6345,334.5559
4597,58,10,0.0500,24.8982,344.5773
4598,85,15,0.0500,30.5514,356.5081
4599,95,15,0.0500,30.2714,333.4730
4600,34,8,0.0500,33.9493,304.6034
4601,46,10,0.0500,30.3800,310.6521
4602,87,13,0.0500,27.7817,281.8484
4603,91,16,0.0500,27.6012,314.5838
4604,212,21,0.0500,30.9867,343.1501
4605,58,13,0.0500,24.1243,324.9691
4606,47,10,0.0500,25.2431,323.7851
4607,31,8,0.0500,26.7729,302.5247
4608,124,17,0.0500,28.2301,298.6370
4609,60,10,0.0500,30.1851,311.7519
4610,147,20,0.0500,27.0559,294.8860
4611,176,19,0.0500,28.2342,350.4098
4612,60,13,0.0500,28.8904,297.3919
4613,31,7,0.0500,33.0532,345.1276
4614,70,12,0.0500,30.2449,280.2696
4615,305,23,0.0500,30.8834,339.7858
4616,101,15,0.0500,32.9379,331.4163
4617,34,9,0.0500,27.4609,338.6941
4618,31,7,0.0500,31.5699,292.0731
4619,58,13,0.0500,32.8353,285.6900
4620,289,23,0.0500,28.9748,353.0221
4621,110,15,0.0500,32.4833,313.7214
4622,176,16,0.0500,30.2299,353.3914
4623,55,11,0.0500,28.1537,351.5782
4624,58,11,0.0500,30.3517,329.3679
4625,68,15,0.0500,30.1386,341.2548
4626,165,16,0.0500,26.8326,289.8249
4627,55,11,0.0500,31.2067,322.7504
4628,32,8,0.0500,30.0127,348.5782
4629,337,27,0.0500,29.7768,313.5510
4630,81,16,0.0500,29.7858,331.1030
4631,341,27,0.0500,29.8240,362.5999
4632,59,13,0.0500,29.5748,344.9002
4633,421,32,0.0500,28.4615,309.5266
4634,125,20,0.0500,33.3136,354.1915
4635,64,13,0.0500,27.4689,312.9618
4636,51,12,0.0500,28.0809,363.0132
4637,28,7,0.0500,29.1862,333.8159
4638,85,15,0.0500,28.0438,347.1774
4639,75,12,0.0500,27.7719,350.8371
4640,119,14,0.0500,27.6281,306.9177
4641,141,17,0.0500,28.4349,332.7892
4642,39,10,0.0500,32.4247,344.7832
4643,305,23,0.0500,30.9598,331.9420
4644,63,14,0.0500,28.3587,318.5887
4645,36,9,0.0500,29.6241,358.8878
4646,72,15,0.0500,28.0323,358.5482
4647,34,8,0.0500,26.2014,288.0838
4648,87,15,0.0500,26.9672,328.4376
4649,38,10,0.0500,29.3430,340.6425
4650,108,13,0.0500,23.9416,301.4181
4651,164,23,0.0500,27.7288,345.9759
4652,70,14,0.0500,31.5629,356.2042
4653,93,14,0.0500,24.2105,334.8440
4654,270,16,0.0500,28.1064,350.1281
4655,56,11,0.0500,32.5107,293.5088
4656,27,8,0.0500,30.4221,370.5111
4657,37,9,0.0500,27.5231,315.5273
4658,31,8,0.0500,25.9410,330.1264
4659,44,11,0.0500,28.5871,317.4932
4660,68,12,0.0500,29.1748,332.1987
4661,117,16,0.0500,31.9363,338.7962
4662,337,26,0.0500,30.1693,387.1954
4663,102,15,0.0500,32.7699,335.9600
4664,99,16,0.0500,26.2155,339.7742
4665,39,11,0.0500,25.9356,295.9240
4666,39,10,0.0500,28.6591,337.5759
4667,41,10,0.0500,30.1312,325.3904
4668,70,12,0.0500,32.7748,318.7265
4669,255,24,0.0500,29.7770,329.2902
4670,56,12,0.0500,29.3969,325.5020
4671,82,13,0.0500,29.1483,327.2759
4672,34,8,0.0500,25.4828,316.8502
4673,125,14,0.0500,28.2936,308.6178
4674,276,25,0.0500,30.1139,342.1930
4675,47,9,0.0500,32.0737,330.3611
4676,225,18,0.0500,28.5622,322.3435
4677,32,9,0.0500,24.2600,378.1661
4678,50,10,0.0500,31.1243,301.3181
4679,75,16,0.0500,23.7285,338.5930
4680,240,21,0.0500,26.9765,300.1238
4681,108,19,0.0500,27.5502,309.6859
4682,72,11,0.0500,27.6597,308.0686
4683,64,12,0.0500,30.1566,312.8590
4684,129,18,0.0500,28.3134,345.8622
4685,39,9,0.0500,28.2715,326.3816
4686,207,21,0.0500,28.3600,345.6435
4687,177,20,0.0500,29.1974,300.8293
4688,150,15,0.0500,24.8007,308.0625
4689,86,14,0.0500,25.3210,322.3104
4690,37,9,0.0500,30.0136,333.7832
4691,58,15,0.0500,26.6821,315.0125
4692,37,9,0.0500,27.4859,293.0292
4693,70,11,0.0500,27.7856,307.1410
4694,40,9,0.0500,27.7514,278.6845
4695,50,9,0.0500,31.5581,322.8706
4696,115,18,0.0500,23.6962,294.7442
4697,37,10,0.0500,28.4286,328.2734
4698,106,17,0.0500,32.0626,352.4669
4699,54,11,0.0500,30.2636,340.6213
4700,135,17,0.0500,26.3958,323.8791
4701,27,8,0.0500,24.1720,326.0728
4702,63,14,0.0500,29.3058,323.0686
4703,72,10,0.0500,29.7001,328.8395
4704,112,15,0.0500,27.1619,309.4975
4705,39,10,0.0500,29.2395,335.8179
4706,75,13,0.0500,28.0697,337.7892
4707,56,11,0.0500,27.1396,316.5181
4708,144,18,0.0500,29.5504,350.1583
4709,95,14,0.0500,24.2496,344.1927
4710,41,10,0.0500,31.3793,311.7633
4711,223,18,0.0500,26.5331,308.9572
4712,105,17,0.0500,27.9211,302.5524
4713,169,17,0.0500,27.0919,300.1706
4714,129,16,0.0500,31.3641,315.5580
4715,64,12,0.0500,25.7907,312.6163
4716,39,11,0.0500,26.8997,321.3969
4717,59,14,0.0500,28.5684,311.7244
4718,89,16,0.0500,29.9287,343.0170
4719,94,15,0.0500,27.9243,261.2389
4720,53,13,0.0500,27.1430,321.4032
4721,146,21,0.0500,32.5777,317.4188
4722,183,24,0.0500,29.5411,265.2789
4723,85,12,0.0500,30.9331,326.5672
4724,60,13,0.0500,26.8452,311.7964
4725,197,27,0.0500,29.3155,347.5101
4726,34,8,0.0500,25.7669,320.3643
4727,36,9,0.0500,26.7421,337.3518
4728,376,26,0.0500,26.5071,315.6891
4729,90,14,0.0500,26.2416,319.6426
4730,151,15,0.0500,25.9635,343.3347
4731,98,15,0.0500,29.9087,307.1250
4732,117,13,0.0500,25.1054,302.0242
4733,163,17,0.0500,30.4314,316.4649
4734,56,13,0.0500,29.7882,321.7528
4735,284,19,0.0500,30.4800,277.3230
4736,86,16,0.0500,27.2430,325.6468
4737,180,19,0.0500,25.5987,345.4323
4738,38,10,0.0500,31.2345,344.5129
4739,668,30,0.0500,25.5173,319.6840
4740,112,17,0.0500,31.0025,300.6993
4741,562,39,0.0500,28.0823,289.0437
4742,297,19,0.0500,30.9484,322.5115
4743,118,19,0.0500,26.8190,315.2455
4744,59,13,0.0500,28.8435,293.3771
4745,63,11,0.0500,31.5771,287.2701
4746,76,11,0.0500,28.6020,312.1691
4747,165,18,0.0500,29.1406,308.4564
4748,180,20,0.0500,26.5230,325.3719
4749,34,9,0.0500,26.6606,326.2511
4750,122,15,0.0500,27.1061,318.5102
4751,127,18,0.0500,27.6725,283.1666
4752,33,8,0.0500,29.0747,316.5987
4753,102,12,0.0500,27.1772,327.5218
4754,36,9,0.0500,29.7689,344.8822
4755,53,11,0.0500,26.6481,321.0489
4756,462,34,0.0500,28.6423,339.7834
4757,145,19,0.0500,27.6409,367.7487
4758,128,18,0.0500,27.5535,319.2218
4759,31,8,0.0500,28.5390,291.7521
4760,39,10,0.0500,25.4265,330.2106
4761,125,18,0.0500,29.7288,319.4729
4762,56,10,0.0500,29.5091,315.2229
4763,37,9,0.0500,29.6389,347.0578
4764,41,9,0.0500,30.2954,317.7715
4765,53,11,0.0500,27.9551,318.7445
4766,469,29,0.0500,26.8112,348.9830
4767,33,10,0.0500,28.9013,351.2235
4768,446,33,0.0500,28.6304,295.1620
4769,166,23,0.0500,25.3087,311.1200
4770,55,13,0.0500,26.3479,332.8638
4771,97,13,0.0500,28.5085,303.7013
4772,81,12,0.0500,31.4631,282.6644
4773,43,11,0.0500,24.5097,340.5170
4774,269,21,0.0500,26.7065,326.8120
4775,32,9,0.0500,31.4033,336.5307
4776,247,20,0.0500,23.4692,297.9270
4777,63,15,0.0500,24.5505,310.9308
4778,522,31,0.0500,25.6312,279.5845
4779,130,16,0.0500,27.7123,299.3705
4780,102,15,0.0500,28.7359,345.1160
4781,78,15,0.0500,25.5201,306.8265
4782,113,13,0.0500,25.8492,306.6431
4783,230,19,0.0500,23.8950,273.9230
4784,125,16,0.0500,31.3175,261.0963
4785,334,27,0.0500,29.1195,328.5051
4786,57,12,0.0500,26.1153,320.5434
4787,35,9,0.0500,22.1538,359.3714
4788,20,5,0.0500,23.8179,330.2366
4789,33,9,0.0500,29.3729,299.6903
4790,39,10,0.0500,24.9308,308.5552
4791,77,12,0.0500,30.7350,335.7663
4792,90,16,0.0500,27.8084,330.2758
4793,36,10,0.0500,28.9711,294.8556
4794,488,20,0.0500,26.8093,326.5743
4795,359,30,0.0500,25.4513,308.0935
4796,137,18,0.0500,24.7029,300.1488
4797,63,16,0.0500,26.5920,341.3088
4798,139,17,0.0500,28.6366,328.6240
4799,53,11,0.0500,23.9850,372.3628
4800,228,21,0.0500,24.7006,293.1304
4801,306,25,0.0500,28.4289,291.1218
4802,42,11,0.0500,27.6306,323.5094
4803,27,7,0.0500,28.5510,295.8515
4804,58,11,0.0500,30.0101,335.6867
4805,179,17,0.0500,27.6927,338.0699
4806,272,18,0.0500,29.1489,310.2602
4807,165,17,0.0500,28.5502,344.5136
4808,340,28,0.0500,28.9258,327.0875
4809,35,9,0.0500,21.3441,264.5580
4810,85,14,0.0500,28.9970,310.0994
4811,82,13,0.0500,27.1329,337.8308
4812,41,10,0.0500,25.2407,305.3210
4813,90,15,0.0500,29.2113,334.9066
4814,83,12,0.0500,22.9290,323.2595
4815,87,13,0.0500,28.2013,309.0532
4816,93,17,0.0500,28.5696,331.8518
4817,41,12,0.0500,24.3151,296.1736
4818,57,11,0.0500,25.5236,300.3732
4819,56,11,0.0500,27.1961,278.4195
4820,143,18,0.0500,27.2136,298.7533
4821,54,11,0.0500,26.6937,315.3842
4822,167,17,0.0500,30.7067,340.3463
4823,39,10,0.0500,33.0336,310.9824
4824,200,20,0.0500,31.4056,367.8564
4825,36,10,0.0500,27.5278,326.7512
4826,39,11,0.0500,26.2733,333.7760
4827,56,14,0.0500,25.2770,354.7888
4828,325,24,0.0500,27.6319,309.7205
4829,192,21,0.0500,24.6445,332.7863
4830,88,13,0.0500,31.7645,306.1168
4831,56,10,0.0500,24.6643,301.9372
4832,77,12,0.0500,26.5226,334.6631
4833,111,18,0.0500,23.7009,301.3375
4834,119,16,0.0500,26.5023,313.3158
4835,298,25,0.0500,30.6795,310.2895
4836,43,11,0.0500,26.1026,335.4366
4837,35,9,0.0500,26.8939,333.2921
4838,763,29,0.0500,25.3865,257.7775
4839,62,12,0.0500,26.4155,264.0652
4840,51,10,0.0500,25.3483,346.9385
4841,47,9,0.0500,21.5480,355.9263
4842,33,7,0.0500,33.5422,322.9405
4843,40,10,0.0500,25.4986,342.8614
4844,52,11,0.0500,27.0018,308.9815
4845,230,22,0.0500,28.3545,319.8426
4846,86,15,0.0500,22.5600,312.6845
4847,90,14,0.0500,22.9022,276.3997
4848,309,25,0.0500,24.6183,301.6670
4849,118,19,0.0500,24.9229,335.9014
4850,42,11,0.0500,30.3217,288.5131
4851,41,9,0.0500,27.3215,309.4060
4852,39,9,0.0500,24.7377,302.1055
4853,264,22,0.0500,24.6925,306.3829
4854,51,12,0.0500,25.5853,346.7755
4855,125,17,0.0500,25.4201,306.3400
4856,54,10,0.0500,21.5034,303.3283
4857,98,15,0.0500,22.1307,318.9166
4858,85,13,0.0500,28.2057,287.6898
4859,59,12,0.0500,30.1797,336.1061
4860,74,13,0.0500,25.8828,311.0818
4861,92,16,0.0500,23.2787,311.7693
4862,90,12,0.0500,26.7305,322.1516
4863,690,33,0.0500,29.7531,338.7137
4864,120,19,0.0500,27.1181,306.8954
4865,77,12,0.0500,28.8790,330.1777
4866,65,12,0.0500,26.2242,317.4009
4867,186,18,0.0500,27.3581,299.0652
4868,72,13,0.0500,25.7351,323.3252
4869,53,11,0.0500,24.6224,318.9550
4870,33,8,0.0500,25.3317,314.6335
4871,215,21,0.0500,26.5973,308.0095
4872,39,8,0.0500,25.1359,317.1754
4873,121,17,0.0500,29.0089,303.6596
4874,30,8,0.0500,28.6939,295.1983
4875,428,31,0.0500,28.1130,310.9512
4876,108,17,0.0500,26.2848,308.8317
4877,75,13,0.0500,26.6518,283.2465
4878,49,12,0.0500,25.1992,326.0890
4879,158,15,0.0500,26.6446,330.2962
4880,123,17,0.0500,28.6477,310.9018
4881,163,15,0.0500,27.3594,313.7717
4882,124,15,0.0500,26.9813,311.9974
4883,58,12,0.0500,31.3473,333.3102
4884,55,12,0.0500,26.0021,331.8076
4885,57,12,0.0500,25.6397,314.4158
4886,345,26,0.0500,27.9014,341.3663
4887,121,13,0.0500,23.4733,323.9386
4888,55,14,0.0500,30.3634,353.6199
4889,183,19,0.0500,25.3002,337.6772
4890,82,12,0.0500,24.4432,329.7148
4891,140,16,0.0500,27.5596,270.0082
4892,54,13,0.0500,27.1709,340.8930
4893,73,12,0.0500,28.6607,340.6312
4894,109,13,0.0500,23.0929,297.0289
4895,37,9,0.0500,23.5353,291.6100
4896,104,15,0.0500,28.3929,331.4553
4897,499,30,0.0500,26.0054,307.9966
4898,40,11,0.0500,28.1430,351.5960
4899,72,13,0.0500,25.6600,275.0428
4900,124,16,0.0500,27.8332,324.0426
4901,44,10,0.0500,25.8005,314.2480
4902,45,11,0.0500,27.5439,303.1308
4903,58,12,0.0500,26.9256,306.9896
4904,160,17,0.0500,26.4727,315.6755
4905,218,17,0.0500,27.4694,281.8283
4906,72,13,0.0500,26.5703,318.9505
4907,36,10,0.0500,25.2172,340.3532
4908,57,12,0.0500,27.8679,304.4991
4909,36,9,0.0500,25.5064,296.2447
4910,44,12,0.0500,27.9978,317.4184
4911,1410,45,0.0500,26.0428,336.3792
4912,172,19,0.0500,25.5976,328.6410
4913,79,17,0.0500,25.3461,319.0791
4914,123,16,0.0500,27.3777,312.8612
4915,156,15,0.0500,26.7807,306.4279
4916,62,12,0.0500,24.8705,320.8204
4917,137,17,0.0500,26.0822,326.0905
4918,82,13,0.0500,23.7520,333.7154
4919,37,9,0.0500,28.8949,297.7547
4920,49,10,0.0500,22.7588,308.8120
4921,240,24,0.0500,26.8702,345.2729
4922,59,13,0.0500,24.0196,293.9485
4923,47,11,0.0500,26.7438,326.2620
4924,62,13,0.0500,29.0035,325.3532
4925,34,10,0.0500,26.6649,355.3924
4926,246,22,0.0500,27.0431,323.9032
4927,63,14,0.0500,27.5837,327.8435
4928,41,10,0.0500,24.5002,310.3101
4929,29,7,0.0500,23.1394,307.4579
4930,38,9,0.0500,27.0755,305.7252
4931,76,11,0.0500,24.2577,340.8703
4932,101,15,0.0500,29.5546,331.7325
4933,37,9,0.0500,33.0731,312.4654
4934,94,13,0.0500,25.4875,344.1348
4935,641,39,0.0500,26.9325,317.6305
4936,76,14,0.0500,25.7122,325.7555
4937,58,10,0.0500,30.9007,326.2419
4938,277,18,0.0500,28.0320,322.7300
4939,76,17,0.0500,27.8403,332.8777
4940,95,12,0.0500,28.7602,367.0987
4941,192,20,0.0500,25.8638,356.3591
4942,56,15,0.0500,26.6403,325.8313
4943,235,20,0.0500,25.6175,302.8097
4944,233,20,0.0500,27.0299,310.0044
4945,54,12,0.0500,28.3333,318.5410
4946,159,16,0.0500,26.4214,288.3603
4947,91,16,0.0500,28.4209,358.8895
4948,276,28,0.0500,27.7204,312.3780
4949,57,13,0.0500,23.1275,323.3148
4950,41,10,0.0500,25.3249,313.2428
4951,27,7,0.0500,22.2098,297.6501
4952,40,11,0.0500,26.9164,321.5620
4953,37,9,0.0500,23.8018,310.2836
4954,40,11,0.0500,29.7098,298.6364
4955,51,10,0.0500,25.3722,317.2156
4956,620,37,0.0500,26.9057,321.5580
4957,494,31,0.0500,25.4859,311.1599
4958,58,12,0.0500,28.2123,339.6398
4959,301,24,0.0500,26.0282,316.9813
4960,106,16,0.0500,28.6380,332.0749
4961,158,18,0.0500,24.4783,283.5999
4962,67,11,0.0500,28.9335,335.9151
4963,63,11,0.0500,24.7006,305.8762
4964,85,14,0.0500,28.6243,297.0862
4965,84,14,0.0500,27.2755,302.0118
4966,32,6,0.0500,22.9135,312.6618
4967,86,14,0.0500,29.5018,348.0878
4968,38,9,0.0500,28.3812,303.0978
4969,166,22,0.0500,27.6486,324.6237
4970,107,14,0.0500,27.6452,323.0209
4971,490,32,0.0500,25.4503,322.5480
4972,142,19,0.0500,29.3264,341.8863
4973,55,13,0.0500,25.9690,341.9094
4974,116,17,0.0500,24.5419,330.3604
4975,130,17,0.0500,28.2533,308.5422
4976,41,10,0.0500,27.6153,293.2408
4977,34,8,0.0500,26.6694,327.9357
4978,284,19,0.0500,27.8632,348.6616
4979,165,15,0.0500,27.7138,329.7582
4980,269,28,0.0500,24.4013,351.0271
4981,307,20,0.0500,24.1576,329.8845
4982,158,15,0.0500,25.5349,345.5983
4983,115,16,0.0500,27.4328,333.3487
4984,57,12,0.0500,25.6543,324.6019
4985,303,24,0.0500,25.7074,323.8309
4986,107,17,0.0500,22.7730,331.7651
4987,244,20,0.0500,26.0973,325.3125
4988,81,13,0.0500,23.2344,300.3523
4989,28,7,0.0500,28.2947,354.7993
4990,47,12,0.0500,25.3351,311.5036
4991,81,12,0.0500,23.5472,298.7731
4992,86,12,0.0500,24.6787,314.2602
4993,40,10,0.0500,29.5130,294.5314
4994,83,12,0.0500,23.2822,301.9498
4995,231,20,0.0500,28.6674,327.3297
4996,100,14,0.0500,27.9240,336.1932
4997,207,21,0.0500,28.3797,325.4993
4998,79,13,0.0500,25.4197,340.8487
4999,68,11,0.0500,24.7795,340.3044
5000,32,8,0.0500,28.2483,325.0529
