seed,turn_index,density
5000,0,0.171875
5000,1,0.25
5000,2,0.28125
5000,3,0.21875
5000,4,0.234375
5000,5,0.265625
5000,6,0.296875
5000,7,0.21875
5000,8,0.21875
5000,9,0.203125
5000,10,0.234375
5000,11,0.140625
5000,12,0.234375
5000,13,0.140625
5000,14,0.203125
5000,15,0.25
5000,16,0.3125
5000,17,0.265625
5000,18,0.328125
5000,19,0.390625
5000,20,0.328125
5000,21,0.421875
5000,22,0.453125
5000,23,0.546875
5000,24,0.4375
5000,25,0.28125
5000,26,0.203125
5000,27,0.3125
5000,28,0.1875
5000,29,0.265625
5000,30,0.296875
5000,31,0.359375
5000,32,0.4375
5000,33,0.375
5000,34,0.328125
5000,35,0.4375
5000,36,0.390625
5000,37,0.359375
5000,38,0.40625
5000,39,0.453125
5000,40,0.40625
5000,41,0.34375
5000,42,0.296875
5000,43,0.359375
5001,0,0.203125
5001,1,0.28125
5001,2,0.21875
5001,3,0.265625
5001,4,0.40625
5001,5,0.453125
5001,6,0.265625
5001,7,0.328125
5001,8,0.375
5001,9,0.265625
5001,10,0.328125
5001,11,0.28125
5001,12,0.203125
5001,13,0.28125
5001,14,0.203125
5001,15,0.28125
5001,16,0.359375
5001,17,0.375
5001,18,0.34375
5001,19,0.40625
5001,20,0.375
5001,21,0.421875
5001,22,0.34375
5001,23,0.390625
5001,24,0.40625
5001,25,0.328125
5001,26,0.21875
5001,27,0.125
5001,28,0.171875
5001,29,0.1875
5001,30,0.25
5001,31,0.21875
5001,32,0.25
5001,33,0.203125
5001,34,0.21875
5001,35,0.328125
5001,36,0.21875
5001,37,0.171875
5001,38,0.203125
5001,39,0.25
5001,40,0.1875
5001,41,0.125
5001,42,0.265625
5001,43,0.234375
5001,44,0.15625
5001,45,0.234375
5001,46,0.296875
5001,47,0.328125
5001,48,0.234375
5001,49,0.265625
5001,50,0.296875
5001,51,0.359375
5001,52,0.421875
5001,53,0.28125
5001,54,0.375
5001,55,0.28125
5001,56,0.34375
5001,57,0.28125
5001,58,0.21875
5001,59,0.296875
5001,60,0.3125
5001,61,0.234375
5001,62,0.25
5001,63,0.3125
5001,64,0.234375
5001,65,0.3125
5001,66,0.34375
5001,67,0.40625
5001,68,0.296875
5001,69,0.34375
5001,70,0.28125
5001,71,0.21875
5001,72,0.15625
5001,73,0.1875
5001,74,0.25
5001,75,0.296875
5001,76,0.234375
5001,77,0.25
5001,78,0.3125
5001,79,0.234375
5001,80,0.15625
5001,81,0.25
5001,82,0.21875
5001,83,0.3125
5001,84,0.234375
5001,85,0.265625
5001,86,0.296875
5001,87,0.34375
5001,88,0.25
5001,89,0.328125
5001,90,0.21875
5001,91,0.1875
5001,92,0.21875
5001,93,0.1875
5001,94,0.203125
5001,95,0.203125
5001,96,0.265625
5001,97,0.1875
5001,98,0.3125
5001,99,0.34375
5001,100,0.5625
5001,101,0.375
5001,102,0.296875
5001,103,0.34375
5001,104,0.375
5001,105,0.3125
5001,106,0.28125
5001,107,0.265625
5001,108,0.3125
5001,109,0.265625
5001,110,0.328125
5001,111,0.375
5001,112,0.28125
5001,113,0.21875
5001,114,0.234375
5001,115,0.265625
5001,116,0.328125
5001,117,0.265625
5001,118,0.265625
5001,119,0.1875
5001,120,0.25
5001,121,0.3125
5001,122,0.5
5001,123,0.421875
5001,124,0.5
5001,125,0.34375
5001,126,0.421875
5001,127,0.578125
5001,128,0.5
5001,129,0.4375
5001,130,0.1875
5001,131,0.3125
5001,132,0.15625
5001,133,0.21875
5001,134,0.296875
5001,135,0.1875
5001,136,0.140625
5001,137,0.296875
5001,138,0.21875
5001,139,0.3125
5001,140,0.296875
5001,141,0.328125
5001,142,0.40625
5001,143,0.5
5001,144,0.453125
5001,145,0.4375
5001,146,0.296875
5001,147,0.28125
5001,148,0.3125
5001,149,0.234375
5001,150,0.296875
5001,151,0.359375
5001,152,0.40625
5001,153,0.484375
5002,0,0.09375
5002,1,0.171875
5002,2,0.1875
5002,3,0.15625
5002,4,0.21875
5002,5,0.28125
5002,6,0.234375
5002,7,0.109375
5002,8,0.09375
5002,9,0.15625
5002,10,0.140625
5002,11,0.203125
5002,12,0.15625
5002,13,0.234375
5002,14,0.3125
5002,15,0.390625
5002,16,0.359375
5002,17,0.3125
5002,18,0.359375
5002,19,0.25
5002,20,0.28125
5002,21,0.203125
5002,22,0.328125
5002,23,0.390625
5002,24,0.328125
5002,25,0.265625
5002,26,0.140625
5002,27,0.109375
5002,28,0.171875
5002,29,0.140625
5002,30,0.25
5002,31,0.3125
5002,32,0.21875
5002,33,0.265625
5002,34,0.234375
5002,35,0.296875
5002,36,0.328125
5002,37,0.375
5002,38,0.40625
5002,39,0.453125
5002,40,0.375
5002,41,0.328125
5002,42,0.375
5002,43,0.3125
5002,44,0.390625
5002,45,0.328125
5002,46,0.53125
5002,47,0.34375
5002,48,0.53125
5002,49,0.390625
5002,50,0.34375
5002,51,0.421875
5002,52,0.5
5003,0,0.234375
5003,1,0.171875
5003,2,0.234375
5003,3,0.125
5003,4,0.1875
5003,5,0.109375
5003,6,0.171875
5003,7,0.265625
5003,8,0.171875
5003,9,0.203125
5003,10,0.28125
5003,11,0.25
5003,12,0.28125
5003,13,0.203125
5003,14,0.234375
5003,15,0.265625
5003,16,0.203125
5003,17,0.328125
5003,18,0.328125
5003,19,0.265625
5003,20,0.375
5003,21,0.46875
5003,22,0.421875
5003,23,0.4375
5003,24,0.234375
5003,25,0.1875
5003,26,0.25
5003,27,0.34375
5003,28,0.28125
5003,29,0.328125
5003,30,0.28125
5003,31,0.421875
5003,32,0.296875
5003,33,0.40625
5003,34,0.484375
5003,35,0.5625
5003,36,0.390625
5003,37,0.34375
5003,38,0.28125
5003,39,0.328125
5003,40,0.421875
5004,0,0.203125
5004,1,0.046875
5004,2,0.1875
5004,3,0.28125
5004,4,0.21875
5004,5,0.171875
5004,6,0.09375
5004,7,0.140625
5004,8,0.203125
5004,9,0.25
5004,10,0.28125
5004,11,0.234375
5004,12,0.40625
5005,0,0.109375
5005,1,0.15625
5005,2,0.265625
5005,3,0.21875
5005,4,0.265625
5005,5,0.34375
5005,6,0.25
5005,7,0.28125
5005,8,0.34375
5005,9,0.421875
5006,0,0.21875
5006,1,0.09375
5006,2,0.15625
5006,3,0.171875
5006,4,0.234375
5006,5,0.171875
5006,6,0.203125
5006,7,0.234375
5006,8,0.390625
5006,9,0.3125
5006,10,0.1875
5006,11,0.125
5006,12,0.1875
5006,13,0.265625
5006,14,0.21875
5006,15,0.234375
5006,16,0.28125
5006,17,0.078125
5006,18,0.15625
5006,19,0.3125
5006,20,0.234375
5006,21,0.3125
5006,22,0.390625
5006,23,0.34375
5006,24,0.421875
5006,25,0.25
5006,26,0.3125
5006,27,0.390625
5007,0,0.078125
5007,1,0.15625
5007,2,0.171875
5007,3,0.234375
5007,4,0.34375
5007,5,0.25
5007,6,0.28125
5007,7,0.328125
5007,8,0.40625
5007,9,0.3125
5007,10,0.359375
5007,11,0.296875
5007,12,0.265625
5007,13,0.1875
5007,14,0.234375
5007,15,0.484375
5007,16,0.40625
5007,17,0.34375
5007,18,0.203125
5007,19,0.234375
5007,20,0.3125
5007,21,0.21875
5007,22,0.125
5007,23,0.1875
5007,24,0.109375
5007,25,0.125
5007,26,0.15625
5007,27,0.203125
5007,28,0.234375
5007,29,0.171875
5007,30,0.234375
5007,31,0.265625
5007,32,0.203125
5007,33,0.1875
5007,34,0.234375
5007,35,0.1875
5007,36,0.265625
5007,37,0.15625
5007,38,0.21875
5007,39,0.265625
5007,40,0.265625
5007,41,0.375
5007,42,0.359375
5007,43,0.40625
5007,44,0.1875
5007,45,0.40625
5007,46,0.375
5007,47,0.328125
5007,48,0.25
5007,49,0.328125
5007,50,0.203125
5007,51,0.21875
5007,52,0.3125
5007,53,0.25
5007,54,0.328125
5007,55,0.390625
5007,56,0.3125
5007,57,0.28125
5007,58,0.296875
5007,59,0.390625
5007,60,0.296875
5007,61,0.203125
5007,62,0.28125
5007,63,0.3125
5007,64,0.359375
5007,65,0.46875
5007,66,0.359375
5007,67,0.3125
5007,68,0.453125
5007,69,0.390625
5007,70,0.34375
5007,71,0.28125
5007,72,0.3125
5007,73,0.359375
5007,74,0.4375
5007,75,0.265625
5007,76,0.328125
5007,77,0.234375
5007,78,0.140625
5007,79,0.1875
5007,80,0.21875
5007,81,0.25
5007,82,0.3125
5007,83,0.34375
5007,84,0.390625
5007,85,0.203125
5007,86,0.234375
5007,87,0.1875
5007,88,0.234375
5007,89,0.21875
5007,90,0.203125
5007,91,0.140625
5007,92,0.109375
5007,93,0.0625
5007,94,0.078125
5007,95,0.09375
5007,96,0.171875
5007,97,0.140625
5007,98,0.203125
5007,99,0.296875
5007,100,0.375
5007,101,0.390625
5007,102,0.34375
5007,103,0.3125
5007,104,0.375
5007,105,0.3125
5007,106,0.40625
5007,107,0.328125
5007,108,0.25
5007,109,0.3125
5007,110,0.234375
5007,111,0.203125
5007,112,0.265625
5007,113,0.21875
5007,114,0.28125
5007,115,0.234375
5007,116,0.203125
5007,117,0.21875
5007,118,0.140625
5007,119,0.203125
5007,120,0.265625
5007,121,0.171875
5007,122,0.21875
5007,123,0.28125
5007,124,0.328125
5007,125,0.328125
5007,126,0.25
5007,127,0.203125
5007,128,0.15625
5007,129,0.28125
5007,130,0.234375
5007,131,0.328125
5007,132,0.359375
5007,133,0.25
5007,134,0.296875
5007,135,0.234375
5007,136,0.3125
5007,137,0.375
5007,138,0.375
5007,139,0.4375
5007,140,0.390625
5007,141,0.484375
5007,142,0.40625
5007,143,0.390625
5007,144,0.3125
5007,145,0.203125
5007,146,0.265625
5007,147,0.15625
5007,148,0.1875
5007,149,0.15625
5007,150,0.25
5007,151,0.140625
5007,152,0.1875
5007,153,0.25
5007,154,0.1875
5007,155,0.265625
5007,156,0.359375
5007,157,0.4375
5007,158,0.421875
5007,159,0.34375
5007,160,0.265625
5007,161,0.1875
5007,162,0.1875
5007,163,0.171875
5007,164,0.296875
5007,165,0.203125
5007,166,0.265625
5007,167,0.296875
5007,168,0.359375
5007,169,0.28125
5007,170,0.3125
5008,0,0.1875
5008,1,0.203125
5008,2,0.296875
5008,3,0.359375
5008,4,0.296875
5008,5,0.21875
5008,6,0.296875
5008,7,0.234375
5008,8,0.28125
5008,9,0.328125
5008,10,0.203125
5008,11,0.21875
5008,12,0.3125
5008,13,0.328125
5008,14,0.40625
5008,15,0.3125
5008,16,0.25
5008,17,0.328125
5008,18,0.265625
5008,19,0.40625
5008,20,0.359375
5008,21,0.1875
5008,22,0.25
5008,23,0.21875
5008,24,0.171875
5008,25,0.1875
5008,26,0.28125
5008,27,0.28125
5008,28,0.359375
5008,29,0.296875
5008,30,0.359375
5008,31,0.375
5008,32,0.359375
5008,33,0.421875
5008,34,0.453125
5008,35,0.390625
5008,36,0.296875
5008,37,0.359375
5008,38,0.421875
5008,39,0.375
5008,40,0.21875
5008,41,0.296875
5008,42,0.265625
5008,43,0.296875
5008,44,0.234375
5008,45,0.296875
5008,46,0.375
5008,47,0.40625
5008,48,0.3125
5008,49,0.40625
5008,50,0.34375
5008,51,0.21875
5008,52,0.234375
5008,53,0.28125
5008,54,0.3125
5008,55,0.140625
5008,56,0.21875
5008,57,0.296875
5008,58,0.203125
5008,59,0.296875
5008,60,0.21875
5008,61,0.375
5008,62,0.234375
5008,63,0.171875
5008,64,0.21875
5008,65,0.28125
5008,66,0.1875
5008,67,0.234375
5008,68,0.28125
5008,69,0.15625
5008,70,0.15625
5008,71,0.21875
5008,72,0.28125
5008,73,0.359375
5008,74,0.28125
5008,75,0.203125
5008,76,0.234375
5008,77,0.265625
5008,78,0.34375
5008,79,0.359375
5008,80,0.28125
5008,81,0.375
5008,82,0.28125
5008,83,0.203125
5008,84,0.28125
5008,85,0.203125
5008,86,0.28125
5008,87,0.328125
5008,88,0.25
5008,89,0.3125
5008,90,0.328125
5009,0,0.1875
5009,1,0.25
5009,2,0.375
5009,3,0.203125
5009,4,0.171875
5009,5,0.234375
5009,6,0.28125
5009,7,0.34375
5009,8,0.40625
5009,9,0.46875
5009,10,0.359375
5009,11,0.4375
5010,0,0.15625
5010,1,0.0625
5010,2,0.109375
5010,3,0.171875
5010,4,0.25
5010,5,0.1875
5010,6,0.125
5010,7,0.078125
5010,8,0.109375
5010,9,0.046875
5010,10,0.125
5010,11,0.203125
5010,12,0.28125
5010,13,0.34375
5010,14,0.125
5010,15,0.125
5010,16,0.125
5010,17,0.109375
5010,18,0.1875
5010,19,0.15625
5010,20,0.28125
5010,21,0.21875
5010,22,0.234375
5010,23,0.171875
5010,24,0.25
5010,25,0.203125
5010,26,0.25
5010,27,0.359375
5010,28,0.28125
5010,29,0.234375
5010,30,0.28125
5010,31,0.265625
5010,32,0.1875
5010,33,0.203125
5010,34,0.25
5010,35,0.34375
5010,36,0.296875
5010,37,0.28125
5010,38,0.234375
5010,39,0.3125
5010,40,0.390625
5010,41,0.34375
5010,42,0.28125
5010,43,0.265625
5010,44,0.21875
5010,45,0.1875
5010,46,0.234375
5010,47,0.171875
5010,48,0.1875
5010,49,0.25
5010,50,0.15625
5010,51,0.171875
5010,52,0.234375
5010,53,0.3125
5010,54,0.265625
5010,55,0.28125
5010,56,0.234375
5010,57,0.296875
5010,58,0.34375
5010,59,0.390625
5010,60,0.328125
5010,61,0.265625
5010,62,0.1875
5010,63,0.234375
5010,64,0.1875
5010,65,0.28125
5010,66,0.40625
5010,67,0.21875
5010,68,0.234375
5010,69,0.296875
5010,70,0.203125
5010,71,0.234375
5010,72,0.296875
5010,73,0.296875
5010,74,0.359375
5010,75,0.40625
5010,76,0.359375
5010,77,0.3125
5011,0,0.296875
5011,1,0.21875
5011,2,0.078125
5011,3,0.25
5011,4,0.1875
5011,5,0.3125
5011,6,0.203125
5011,7,0.265625
5011,8,0.1875
5011,9,0.25
5011,10,0.265625
5011,11,0.40625
5011,12,0.453125
5011,13,0.375
5011,14,0.296875
5011,15,0.421875
5011,16,0.34375
5011,17,0.328125
5011,18,0.375
5011,19,0.453125
5011,20,0.375
5011,21,0.21875
5011,22,0.359375
5011,23,0.359375
5011,24,0.359375
5011,25,0.296875
5011,26,0.3125
5011,27,0.359375
5011,28,0.28125
5011,29,0.234375
5011,30,0.25
5011,31,0.3125
5011,32,0.390625
5011,33,0.40625
5011,34,0.28125
5011,35,0.390625
5011,36,0.421875
5012,0,0.046875
5012,1,0.1875
5012,2,0.25
5012,3,0.25
5012,4,0.34375
5012,5,0.40625
5012,6,0.359375
5012,7,0.25
5012,8,0.265625
5012,9,0.3125
5012,10,0.234375
5012,11,0.296875
5012,12,0.296875
5012,13,0.234375
5012,14,0.296875
5012,15,0.359375
5012,16,0.3125
5012,17,0.34375
5012,18,0.359375
5012,19,0.40625
5012,20,0.234375
5012,21,0.234375
5012,22,0.28125
5012,23,0.234375
5012,24,0.25
5012,25,0.296875
5012,26,0.21875
5012,27,0.28125
5012,28,0.203125
5012,29,0.1875
5012,30,0.21875
5012,31,0.1875
5012,32,0.171875
5012,33,0.203125
5012,34,0.15625
5012,35,0.203125
5012,36,0.265625
5012,37,0.203125
5012,38,0.203125
5012,39,0.234375
5012,40,0.3125
5012,41,0.234375
5012,42,0.171875
5012,43,0.265625
5012,44,0.234375
5012,45,0.3125
5012,46,0.296875
5012,47,0.25
5012,48,0.296875
5012,49,0.453125
5012,50,0.34375
5012,51,0.390625
5012,52,0.3125
5012,53,0.265625
5012,54,0.328125
5012,55,0.375
5012,56,0.296875
5012,57,0.34375
5012,58,0.3125
5012,59,0.265625
5012,60,0.21875
5012,61,0.3125
5012,62,0.15625
5012,63,0.3125
5012,64,0.21875
5012,65,0.34375
5012,66,0.28125
5012,67,0.34375
5012,68,0.4375
5012,69,0.359375
5012,70,0.5
5012,71,0.4375
5012,72,0.40625
5012,73,0.359375
5012,74,0.3125
5012,75,0.34375
5012,76,0.28125
5012,77,0.359375
5012,78,0.296875
5012,79,0.109375
5012,80,0.15625
5012,81,0.234375
5012,82,0.328125
5012,83,0.265625
5012,84,0.265625
5012,85,0.25
5012,86,0.3125
5012,87,0.28125
5012,88,0.21875
5012,89,0.25
5012,90,0.3125
5012,91,0.265625
5012,92,0.3125
5012,93,0.375
5012,94,0.359375
5012,95,0.296875
5012,96,0.3125
5012,97,0.40625
5012,98,0.359375
5012,99,0.390625
5012,100,0.40625
5012,101,0.359375
5012,102,0.25
5012,103,0.1875
5012,104,0.234375
5012,105,0.171875
5012,106,0.203125
5012,107,0.171875
5012,108,0.171875
5012,109,0.25
5012,110,0.28125
5012,111,0.203125
5012,112,0.28125
5012,113,0.21875
5012,114,0.296875
5012,115,0.234375
5012,116,0.28125
5012,117,0.21875
5012,118,0.3125
5012,119,0.265625
5012,120,0.28125
5012,121,0.203125
5012,122,0.15625
5012,123,0.296875
5012,124,0.375
5012,125,0.296875
5012,126,0.28125
5012,127,0.375
5012,128,0.34375
5012,129,0.390625
5012,130,0.453125
5012,131,0.390625
5012,132,0.34375
5012,133,0.375
5012,134,0.15625
5012,135,0.265625
5012,136,0.328125
5012,137,0.359375
5012,138,0.28125
5012,139,0.21875
5012,140,0.1875
5012,141,0.25
5012,142,0.34375
5012,143,0.390625
5012,144,0.3125
5012,145,0.25
5012,146,0.390625
5012,147,0.3125
5012,148,0.265625
5012,149,0.203125
5012,150,0.28125
5012,151,0.296875
5012,152,0.5
5012,153,0.59375
5012,154,0.515625
5012,155,0.421875
5012,156,0.515625
5012,157,0.421875
5013,0,0.171875
5013,1,0.234375
5013,2,0.296875
5013,3,0.359375
5013,4,0.265625
5013,5,0.3125
5013,6,0.140625
5013,7,0.171875
5013,8,0.25
5013,9,0.15625
5013,10,0.203125
5013,11,0.25
5013,12,0.375
5013,13,0.265625
5013,14,0.328125
5013,15,0.25
5013,16,0.28125
5013,17,0.21875
5013,18,0.171875
5013,19,0.234375
5013,20,0.34375
5013,21,0.40625
5013,22,0.46875
5013,23,0.53125
5013,24,0.453125
5013,25,0.375
5013,26,0.53125
5013,27,0.40625
5013,28,0.5
5013,29,0.53125
5013,30,0.59375
5014,0,0.203125
5014,1,0.40625
5014,2,0.3125
5014,3,0.21875
5014,4,0.1875
5014,5,0.25
5014,6,0.390625
5014,7,0.21875
5014,8,0.15625
5014,9,0.234375
5014,10,0.3125
5014,11,0.28125
5014,12,0.4375
5014,13,0.359375
5014,14,0.3125
5014,15,0.328125
5014,16,0.390625
5014,17,0.328125
5014,18,0.390625
5014,19,0.34375
5014,20,0.359375
5014,21,0.328125
5014,22,0.421875
5014,23,0.4375
5014,24,0.375
5014,25,0.203125
5014,26,0.28125
5014,27,0.34375
5014,28,0.484375
5014,29,0.40625
5014,30,0.3125
5014,31,0.390625
5014,32,0.34375
5014,33,0.328125
5014,34,0.296875
5014,35,0.359375
5014,36,0.25
5014,37,0.3125
5014,38,0.390625
5014,39,0.4375
5014,40,0.5
5014,41,0.546875
5014,42,0.34375
5014,43,0.265625
5014,44,0.3125
5014,45,0.390625
5014,46,0.4375
5014,47,0.359375
5014,48,0.40625
5014,49,0.359375
5014,50,0.28125
5014,51,0.328125
5014,52,0.40625
5014,53,0.484375
5014,54,0.296875
5015,0,0.140625
5015,1,0.15625
5015,2,0.109375
5015,3,0.125
5015,4,0.046875
5015,5,0.109375
5015,6,0.140625
5015,7,0.328125
5015,8,0.34375
5015,9,0.3125
5015,10,0.265625
5015,11,0.34375
5015,12,0.359375
5015,13,0.296875
5015,14,0.25
5015,15,0.25
5015,16,0.1875
5015,17,0.296875
5015,18,0.328125
5015,19,0.234375
5015,20,0.171875
5015,21,0.234375
5015,22,0.265625
5015,23,0.1875
5015,24,0.328125
5015,25,0.28125
5015,26,0.34375
5015,27,0.25
5015,28,0.25
5015,29,0.3125
5015,30,0.234375
5015,31,0.171875
5015,32,0.15625
5015,33,0.203125
5015,34,0.125
5015,35,0.21875
5015,36,0.1875
5015,37,0.234375
5015,38,0.28125
5015,39,0.25
5015,40,0.453125
5015,41,0.515625
5015,42,0.421875
5015,43,0.265625
5015,44,0.390625
5015,45,0.40625
5015,46,0.34375
5015,47,0.3125
5015,48,0.46875
5015,49,0.40625
5015,50,0.34375
5015,51,0.28125
5015,52,0.234375
5015,53,0.34375
5015,54,0.28125
5015,55,0.359375
5015,56,0.375
5015,57,0.4375
5015,58,0.296875
5015,59,0.328125
5015,60,0.25
5015,61,0.296875
5015,62,0.328125
5015,63,0.40625
5015,64,0.359375
5015,65,0.328125
5015,66,0.328125
5015,67,0.40625
5015,68,0.21875
5015,69,0.25
5015,70,0.265625
5015,71,0.203125
5015,72,0.296875
5015,73,0.25
5015,74,0.203125
5015,75,0.296875
5015,76,0.359375
5015,77,0.265625
5015,78,0.296875
5015,79,0.21875
5015,80,0.203125
5015,81,0.25
5015,82,0.21875
5015,83,0.296875
5015,84,0.203125
5015,85,0.1875
5015,86,0.328125
5015,87,0.15625
5015,88,0.171875
5015,89,0.234375
5015,90,0.28125
5015,91,0.390625
5015,92,0.3125
5015,93,0.25
5015,94,0.15625
5015,95,0.1875
5015,96,0.40625
5015,97,0.3125
5015,98,0.3125
5015,99,0.25
5015,100,0.1875
5015,101,0.25
5015,102,0.3125
5015,103,0.234375
5015,104,0.3125
5015,105,0.25
5015,106,0.296875
5015,107,0.21875
5015,108,0.28125
5015,109,0.1875
5015,110,0.21875
5015,111,0.28125
5015,112,0.375
5015,113,0.4375
5015,114,0.375
5015,115,0.421875
5015,116,0.25
5015,117,0.1875
5015,118,0.28125
5015,119,0.3125
5015,120,0.25
5015,121,0.3125
5015,122,0.265625
5016,0,0.171875
5016,1,0.078125
5016,2,0.25
5016,3,0.171875
5016,4,0.234375
5016,5,0.328125
5016,6,0.3125
5016,7,0.265625
5016,8,0.203125
5016,9,0.15625
5016,10,0.171875
5016,11,0.109375
5016,12,0.1875
5016,13,0.09375
5016,14,0.109375
5016,15,0.140625
5016,16,0.1875
5016,17,0.109375
5016,18,0.21875
5016,19,0.28125
5016,20,0.34375
5016,21,0.34375
5016,22,0.3125
5016,23,0.34375
5016,24,0.28125
5016,25,0.21875
5016,26,0.28125
5016,27,0.5
5017,0,0.046875
5017,1,0.1875
5017,2,0.109375
5017,3,0.1875
5017,4,0.1875
5017,5,0.265625
5017,6,0.328125
5017,7,0.34375
5017,8,0.3125
5017,9,0.265625
5017,10,0.34375
5017,11,0.21875
5017,12,0.34375
5017,13,0.25
5017,14,0.296875
5017,15,0.265625
5017,16,0.328125
5017,17,0.265625
5017,18,0.3125
5017,19,0.234375
5017,20,0.4375
5017,21,0.375
5017,22,0.40625
5017,23,0.3125
5017,24,0.21875
5017,25,0.15625
5017,26,0.25
5017,27,0.296875
5017,28,0.375
5017,29,0.34375
5017,30,0.453125
5017,31,0.484375
5017,32,0.515625
5017,33,0.375
5017,34,0.21875
5017,35,0.296875
5017,36,0.25
5017,37,0.296875
5017,38,0.34375
5017,39,0.265625
5017,40,0.3125
5017,41,0.25
5017,42,0.171875
5017,43,0.34375
5017,44,0.53125
5017,45,0.375
5017,46,0.40625
5017,47,0.390625
5017,48,0.328125
5017,49,0.359375
5017,50,0.296875
5017,51,0.234375
5017,52,0.265625
5017,53,0.203125
5017,54,0.28125
5017,55,0.40625
5017,56,0.34375
5017,57,0.296875
5017,58,0.25
5017,59,0.3125
5017,60,0.328125
5017,61,0.3125
5017,62,0.28125
5017,63,0.203125
5017,64,0.28125
5017,65,0.1875
5017,66,0.203125
5017,67,0.265625
5017,68,0.34375
5017,69,0.21875
5017,70,0.25
5017,71,0.296875
5017,72,0.40625
5017,73,0.359375
5017,74,0.296875
5017,75,0.328125
5017,76,0.421875
5017,77,0.34375
5017,78,0.296875
5017,79,0.375
5017,80,0.34375
5017,81,0.296875
5017,82,0.390625
5017,83,0.515625
5017,84,0.359375
5017,85,0.328125
5017,86,0.265625
5017,87,0.3125
5017,88,0.1875
5017,89,0.234375
5017,90,0.296875
5017,91,0.3125
5017,92,0.25
5017,93,0.234375
5017,94,0.21875
5017,95,0.265625
5017,96,0.140625
5017,97,0.203125
5017,98,0.21875
5017,99,0.171875
5017,100,0.234375
5017,101,0.359375
5017,102,0.296875
5017,103,0.15625
5017,104,0.296875
5017,105,0.25
5017,106,0.3125
5017,107,0.34375
5017,108,0.28125
5017,109,0.34375
5017,110,0.28125
5017,111,0.34375
5017,112,0.40625
5017,113,0.375
5017,114,0.40625
5017,115,0.328125
5017,116,0.40625
5018,0,0.171875
5018,1,0.21875
5018,2,0.125
5018,3,0.328125
5018,4,0.25
5018,5,0.140625
5018,6,0.265625
5018,7,0.25
5018,8,0.25
5018,9,0.34375
5018,10,0.390625
5018,11,0.359375
5018,12,0.34375
5018,13,0.21875
5018,14,0.265625
5018,15,0.203125
5018,16,0.296875
5018,17,0.25
5018,18,0.328125
5018,19,0.265625
5018,20,0.34375
5018,21,0.25
5018,22,0.25
5018,23,0.328125
5018,24,0.265625
5018,25,0.328125
5018,26,0.21875
5018,27,0.171875
5018,28,0.25
5018,29,0.296875
5018,30,0.265625
5018,31,0.171875
5018,32,0.1875
5018,33,0.1875
5018,34,0.234375
5018,35,0.296875
5018,36,0.234375
5018,37,0.1875
5018,38,0.15625
5018,39,0.265625
5018,40,0.328125
5018,41,0.390625
5018,42,0.296875
5018,43,0.21875
5018,44,0.265625
5018,45,0.1875
5018,46,0.328125
5018,47,0.359375
5018,48,0.3125
5018,49,0.375
5018,50,0.328125
5018,51,0.390625
5018,52,0.359375
5018,53,0.40625
5018,54,0.46875
5019,0,0.234375
5019,1,0.296875
5019,2,0.1875
5019,3,0.171875
5019,4,0.25
5019,5,0.15625
5019,6,0.109375
5019,7,0.15625
5019,8,0.21875
5019,9,0.21875
5019,10,0.1875
5019,11,0.265625
5019,12,0.3125
5019,13,0.3125
5019,14,0.25
5019,15,0.296875
5019,16,0.1875
5019,17,0.234375
5019,18,0.296875
5019,19,0.265625
5019,20,0.359375
5019,21,0.28125
5019,22,0.3125
5019,23,0.390625
5020,0,0.1875
5020,1,0.25
5020,2,0.15625
5020,3,0.203125
5020,4,0.21875
5020,5,0.28125
5020,6,0.21875
5020,7,0.109375
5020,8,0.28125
5020,9,0.375
5020,10,0.3125
5020,11,0.28125
5020,12,0.265625
5020,13,0.140625
5020,14,0.203125
5020,15,0.234375
5020,16,0.28125
5020,17,0.328125
5020,18,0.21875
5020,19,0.296875
5020,20,0.359375
5020,21,0.296875
5020,22,0.3125
5020,23,0.359375
5020,24,0.375
5020,25,0.328125
5020,26,0.328125
5020,27,0.21875
5020,28,0.1875
5020,29,0.203125
5020,30,0.3125
5020,31,0.34375
5020,32,0.484375
5020,33,0.421875
5020,34,0.390625
5020,35,0.34375
5020,36,0.25
5020,37,0.3125
5020,38,0.265625
5020,39,0.296875
5020,40,0.3125
5020,41,0.359375
5020,42,0.421875
5020,43,0.359375
5020,44,0.3125
5020,45,0.359375
5020,46,0.171875
5020,47,0.328125
5020,48,0.265625
5020,49,0.1875
5020,50,0.265625
5020,51,0.21875
5020,52,0.25
5020,53,0.328125
5020,54,0.359375
5020,55,0.40625
5020,56,0.234375
5020,57,0.328125
5020,58,0.453125
5020,59,0.375
5020,60,0.296875
5020,61,0.203125
5020,62,0.265625
5020,63,0.296875
5020,64,0.296875
5020,65,0.390625
5020,66,0.171875
5020,67,0.21875
5020,68,0.25
5020,69,0.3125
5020,70,0.25
5020,71,0.140625
5020,72,0.171875
5020,73,0.15625
5020,74,0.1875
5020,75,0.234375
5020,76,0.25
5020,77,0.3125
5020,78,0.234375
5020,79,0.15625
5020,80,0.1875
5020,81,0.25
5020,82,0.296875
5020,83,0.234375
5020,84,0.25
5020,85,0.21875
5020,86,0.1875
5020,87,0.234375
5020,88,0.328125
5020,89,0.40625
5020,90,0.4375
5020,91,0.390625
5020,92,0.3125
5020,93,0.21875
5020,94,0.25
5020,95,0.390625
5020,96,0.296875
5020,97,0.234375
5020,98,0.140625
5020,99,0.21875
5020,100,0.296875
5020,101,0.21875
5020,102,0.328125
5020,103,0.28125
5020,104,0.328125
5020,105,0.21875
5020,106,0.28125
5020,107,0.21875
5020,108,0.28125
5020,109,0.25
5020,110,0.25
5020,111,0.203125
5020,112,0.265625
5020,113,0.234375
5020,114,0.328125
5020,115,0.28125
5020,116,0.34375
5020,117,0.234375
5020,118,0.15625
5020,119,0.15625
5020,120,0.21875
5020,121,0.140625
5020,122,0.234375
5020,123,0.171875
5020,124,0.234375
5020,125,0.203125
5020,126,0.109375
5020,127,0.203125
5020,128,0.28125
5020,129,0.296875
5020,130,0.25
5020,131,0.234375
5020,132,0.1875
5020,133,0.171875
5020,134,0.15625
5020,135,0.25
5020,136,0.375
5020,137,0.46875
5020,138,0.34375
5020,139,0.359375
5020,140,0.296875
5020,141,0.28125
5020,142,0.21875
5020,143,0.28125
5020,144,0.265625
5020,145,0.34375
5020,146,0.25
5020,147,0.1875
5020,148,0.21875
5020,149,0.21875
5020,150,0.28125
5020,151,0.21875
5020,152,0.171875
5020,153,0.265625
5020,154,0.21875
5020,155,0.265625
5020,156,0.328125
5020,157,0.234375
5020,158,0.171875
5020,159,0.25
5020,160,0.328125
5020,161,0.34375
5020,162,0.265625
5020,163,0.28125
5020,164,0.296875
5020,165,0.3125
5020,166,0.234375
5020,167,0.375
5020,168,0.296875
5020,169,0.375
5020,170,0.328125
5020,171,0.375
5020,172,0.453125
5020,173,0.375
5020,174,0.453125
5020,175,0.59375
5020,176,0.390625
5020,177,0.296875
5020,178,0.203125
5020,179,0.234375
5020,180,0.34375
5020,181,0.265625
5020,182,0.328125
5020,183,0.359375
5020,184,0.28125
5020,185,0.203125
5020,186,0.15625
5020,187,0.234375
5020,188,0.21875
5020,189,0.28125
5020,190,0.34375
5020,191,0.453125
5020,192,0.5625
5020,193,0.484375
5020,194,0.453125
5021,0,0.140625
5021,1,0.171875
5021,2,0.21875
5021,3,0.15625
5021,4,0.171875
5021,5,0.234375
5021,6,0.171875
5021,7,0.21875
5021,8,0.15625
5021,9,0.140625
5021,10,0.203125
5021,11,0.28125
5021,12,0.1875
5021,13,0.234375
5021,14,0.28125
5021,15,0.34375
5021,16,0.28125
5021,17,0.171875
5021,18,0.234375
5021,19,0.28125
5021,20,0.234375
5021,21,0.265625
5021,22,0.34375
5021,23,0.28125
5021,24,0.390625
5021,25,0.359375
5021,26,0.40625
5021,27,0.453125
5021,28,0.234375
5021,29,0.171875
5021,30,0.1875
5021,31,0.21875
5021,32,0.21875
5021,33,0.3125
5021,34,0.265625
5021,35,0.328125
5021,36,0.296875
5021,37,0.375
5021,38,0.515625
5021,39,0.40625
5021,40,0.28125
5021,41,0.34375
5021,42,0.3125
5021,43,0.359375
5021,44,0.421875
5021,45,0.234375
5021,46,0.15625
5021,47,0.234375
5021,48,0.328125
5021,49,0.40625
5021,50,0.203125
5021,51,0.390625
5021,52,0.46875
5021,53,0.484375
5021,54,0.375
5021,55,0.328125
5021,56,0.375
5021,57,0.34375
5021,58,0.28125
5021,59,0.203125
5021,60,0.296875
5022,0,0.171875
5022,1,0.0625
5022,2,0.109375
5022,3,0.171875
5022,4,0.15625
5022,5,0.109375
5022,6,0.234375
5022,7,0.390625
5022,8,0.25
5022,9,0.28125
5022,10,0.4375
5022,11,0.34375
5022,12,0.390625
5022,13,0.3125
5022,14,0.328125
5022,15,0.234375
5022,16,0.3125
5022,17,0.265625
5022,18,0.328125
5022,19,0.375
5022,20,0.3125
5022,21,0.375
5022,22,0.390625
5022,23,0.375
5022,24,0.390625
5022,25,0.34375
5022,26,0.421875
5022,27,0.375
5022,28,0.28125
5022,29,0.421875
5022,30,0.53125
5022,31,0.421875
5022,32,0.375
5022,33,0.3125
5022,34,0.265625
5022,35,0.234375
5022,36,0.296875
5022,37,0.203125
5022,38,0.25
5022,39,0.1875
5022,40,0.25
5022,41,0.3125
5022,42,0.375
5022,43,0.390625
5022,44,0.328125
5022,45,0.28125
5022,46,0.21875
5022,47,0.34375
5022,48,0.28125
5022,49,0.328125
5022,50,0.328125
5022,51,0.25
5022,52,0.296875
5022,53,0.34375
5022,54,0.375
5022,55,0.3125
5022,56,0.25
5022,57,0.3125
5022,58,0.234375
5022,59,0.296875
5022,60,0.25
5022,61,0.25
5022,62,0.296875
5022,63,0.234375
5022,64,0.25
5022,65,0.3125
5022,66,0.453125
5022,67,0.375
5022,68,0.3125
5022,69,0.359375
5022,70,0.3125
5022,71,0.28125
5022,72,0.328125
5022,73,0.421875
5022,74,0.3125
5022,75,0.265625
5022,76,0.375
5022,77,0.4375
5022,78,0.375
5022,79,0.359375
5022,80,0.40625
5022,81,0.359375
5022,82,0.234375
5022,83,0.171875
5022,84,0.234375
5022,85,0.375
5022,86,0.453125
5022,87,0.40625
5023,0,0.0625
5023,1,0.15625
5023,2,0.234375
5023,3,0.171875
5023,4,0.109375
5023,5,0.171875
5023,6,0.234375
5023,7,0.265625
5023,8,0.203125
5023,9,0.21875
5023,10,0.28125
5023,11,0.203125
5023,12,0.265625
5023,13,0.3125
5023,14,0.1875
5023,15,0.25
5023,16,0.375
5023,17,0.234375
5023,18,0.25
5023,19,0.328125
5023,20,0.265625
5023,21,0.21875
5023,22,0.3125
5023,23,0.40625
5023,24,0.328125
5023,25,0.3125
5023,26,0.28125
5023,27,0.28125
5023,28,0.328125
5023,29,0.140625
5023,30,0.15625
5023,31,0.125
5023,32,0.1875
5023,33,0.3125
5023,34,0.234375
5023,35,0.265625
5023,36,0.265625
5023,37,0.28125
5023,38,0.359375
5023,39,0.3125
5023,40,0.4375
5023,41,0.328125
5023,42,0.265625
5023,43,0.328125
5023,44,0.328125
5023,45,0.25
5023,46,0.296875
5023,47,0.21875
5023,48,0.3125
5023,49,0.328125
5023,50,0.21875
5023,51,0.25
5023,52,0.203125
5023,53,0.140625
5023,54,0.21875
5023,55,0.171875
5023,56,0.171875
5023,57,0.125
5023,58,0.28125
5023,59,0.203125
5023,60,0.265625
5023,61,0.203125
5023,62,0.28125
5023,63,0.203125
5023,64,0.125
5023,65,0.171875
5023,66,0.203125
5023,67,0.265625
5023,68,0.234375
5023,69,0.328125
5023,70,0.203125
5023,71,0.15625
5023,72,0.1875
5023,73,0.203125
5023,74,0.15625
5023,75,0.203125
5023,76,0.109375
5023,77,0.1875
5023,78,0.234375
5023,79,0.203125
5023,80,0.171875
5023,81,0.203125
5023,82,0.203125
5023,83,0.265625
5023,84,0.3125
5023,85,0.265625
5023,86,0.203125
5023,87,0.265625
5023,88,0.296875
5023,89,0.328125
5023,90,0.28125
5023,91,0.328125
5023,92,0.375
5023,93,0.234375
5023,94,0.1875
5023,95,0.25
5023,96,0.21875
5023,97,0.28125
5023,98,0.3125
5023,99,0.265625
5023,100,0.34375
5023,101,0.296875
5023,102,0.375
5023,103,0.453125
5023,104,0.46875
5023,105,0.65625
5024,0,0.1875
5024,1,0.234375
5024,2,0.203125
5024,3,0.140625
5024,4,0.203125
5024,5,0.171875
5024,6,0.125
5024,7,0.171875
5024,8,0.234375
5024,9,0.296875
5024,10,0.390625
5024,11,0.359375
5024,12,0.421875
5024,13,0.375
5024,14,0.28125
5024,15,0.234375
5024,16,0.171875
5024,17,0.234375
5024,18,0.21875
5024,19,0.328125
5024,20,0.25
5024,21,0.3125
5024,22,0.234375
5024,23,0.234375
5024,24,0.234375
5024,25,0.234375
5024,26,0.171875
5024,27,0.234375
5024,28,0.3125
5024,29,0.359375
5024,30,0.34375
5024,31,0.265625
5024,32,0.3125
5024,33,0.296875
5024,34,0.40625
5024,35,0.421875
5024,36,0.359375
5024,37,0.40625
5024,38,0.46875
5024,39,0.40625
5024,40,0.34375
5024,41,0.375
5024,42,0.28125
5024,43,0.171875
5024,44,0.265625
5024,45,0.3125
5024,46,0.375
5024,47,0.265625
5024,48,0.25
5024,49,0.140625
5024,50,0.296875
5024,51,0.171875
5024,52,0.25
5024,53,0.3125
5024,54,0.21875
5024,55,0.203125
5024,56,0.265625
5024,57,0.34375
5024,58,0.21875
5024,59,0.28125
5024,60,0.203125
5024,61,0.15625
5024,62,0.21875
5024,63,0.21875
5024,64,0.28125
5024,65,0.21875
5024,66,0.1875
5024,67,0.203125
5024,68,0.234375
5024,69,0.28125
5024,70,0.296875
5024,71,0.25
5024,72,0.484375
5024,73,0.34375
5024,74,0.265625
5024,75,0.234375
5024,76,0.296875
5024,77,0.375
5024,78,0.5625
5024,79,0.40625
5024,80,0.34375
5024,81,0.328125
5024,82,0.390625
5024,83,0.359375
5024,84,0.296875
5024,85,0.34375
5024,86,0.3125
5024,87,0.375
5024,88,0.28125
5024,89,0.203125
5024,90,0.125
5024,91,0.25
5024,92,0.28125
5024,93,0.203125
5024,94,0.21875
5024,95,0.265625
5024,96,0.1875
5024,97,0.140625
5024,98,0.234375
5024,99,0.203125
5024,100,0.140625
5024,101,0.328125
5024,102,0.515625
5024,103,0.5625
5024,104,0.5
5024,105,0.359375
5024,106,0.3125
5024,107,0.34375
5024,108,0.296875
5024,109,0.375
5024,110,0.15625
5024,111,0.25
5024,112,0.296875
5024,113,0.375
5024,114,0.15625
5024,115,0.21875
5024,116,0.28125
5024,117,0.3125
5024,118,0.21875
5024,119,0.25
5024,120,0.1875
5024,121,0.21875
5024,122,0.265625
5024,123,0.359375
5024,124,0.28125
5024,125,0.25
5024,126,0.34375
5024,127,0.390625
5024,128,0.3125
5024,129,0.234375
5024,130,0.3125
5024,131,0.265625
5024,132,0.359375
5024,133,0.21875
5024,134,0.109375
5024,135,0.1875
5024,136,0.203125
5024,137,0.203125
5024,138,0.234375
5024,139,0.265625
5024,140,0.328125
5024,141,0.265625
5024,142,0.3125
5024,143,0.390625
5024,144,0.3125
5024,145,0.25
5024,146,0.265625
5024,147,0.21875
5024,148,0.296875
5024,149,0.296875
5024,150,0.171875
5024,151,0.25
5024,152,0.28125
5024,153,0.265625
5024,154,0.328125
5024,155,0.328125
5024,156,0.265625
5024,157,0.3125
5024,158,0.21875
5024,159,0.28125
5024,160,0.25
5024,161,0.25
5024,162,0.265625
5024,163,0.234375
5024,164,0.28125
5024,165,0.359375
5024,166,0.390625
5024,167,0.296875
5024,168,0.421875
5024,169,0.234375
5024,170,0.3125
5024,171,0.234375
5024,172,0.3125
5024,173,0.15625
5024,174,0.21875
5024,175,0.28125
5024,176,0.296875
5024,177,0.1875
5024,178,0.140625
5024,179,0.1875
5024,180,0.125
5024,181,0.265625
5024,182,0.328125
5024,183,0.1875
5024,184,0.125
5024,185,0.234375
5024,186,0.171875
5024,187,0.203125
5024,188,0.25
5024,189,0.296875
5024,190,0.328125
5024,191,0.421875
5024,192,0.390625
5024,193,0.328125
5024,194,0.390625
5024,195,0.25
5024,196,0.28125
5024,197,0.328125
5024,198,0.453125
5024,199,0.28125
5024,200,0.203125
5024,201,0.25
5024,202,0.328125
5024,203,0.265625
5024,204,0.40625
5024,205,0.5
5024,206,0.296875
5024,207,0.328125
5024,208,0.390625
5024,209,0.546875
5024,210,0.3125
5024,211,0.265625
5024,212,0.203125
5024,213,0.25
5024,214,0.3125
5024,215,0.375
5024,216,0.40625
5024,217,0.421875
5024,218,0.328125
5024,219,0.40625
5024,220,0.34375
5024,221,0.296875
5024,222,0.328125
5024,223,0.234375
5024,224,0.25
5024,225,0.296875
5024,226,0.203125
5024,227,0.21875
5024,228,0.25
5024,229,0.296875
5024,230,0.390625
5024,231,0.34375
5024,232,0.296875
5024,233,0.34375
5024,234,0.421875
5024,235,0.390625
5024,236,0.359375
5024,237,0.265625
5024,238,0.3125
5024,239,0.28125
5024,240,0.203125
5024,241,0.28125
5024,242,0.1875
5024,243,0.21875
5024,244,0.265625
5024,245,0.1875
5024,246,0.25
5024,247,0.203125
5024,248,0.265625
5024,249,0.171875
5024,250,0.109375
5024,251,0.171875
5024,252,0.171875
5024,253,0.21875
5024,254,0.15625
5024,255,0.25
5024,256,0.140625
5024,257,0.15625
5024,258,0.109375
5024,259,0.125
5024,260,0.125
5024,261,0.1875
5024,262,0.1875
5024,263,0.25
5024,264,0.109375
5024,265,0.203125
5024,266,0.140625
5024,267,0.203125
5024,268,0.265625
5024,269,0.3125
5024,270,0.3125
5024,271,0.21875
5024,272,0.25
5024,273,0.171875
5024,274,0.3125
5024,275,0.265625
5024,276,0.328125
5024,277,0.375
5024,278,0.359375
5024,279,0.375
5024,280,0.328125
5024,281,0.203125
5024,282,0.234375
5024,283,0.265625
5024,284,0.328125
5024,285,0.375
5024,286,0.34375
5024,287,0.265625
5024,288,0.21875
5024,289,0.25
5024,290,0.203125
5024,291,0.34375
5024,292,0.28125
5024,293,0.296875
5024,294,0.359375
5024,295,0.3125
5024,296,0.40625
5024,297,0.3125
5024,298,0.296875
5024,299,0.25
5024,300,0.171875
5024,301,0.171875
5024,302,0.234375
5024,303,0.40625
5024,304,0.09375
5024,305,0.15625
5024,306,0.234375
5024,307,0.203125
5024,308,0.28125
5024,309,0.296875
5024,310,0.34375
5024,311,0.234375
5024,312,0.15625
5024,313,0.21875
5024,314,0.09375
5024,315,0.140625
5024,316,0.1875
5024,317,0.140625
5024,318,0.203125
5024,319,0.25
5024,320,0.21875
5024,321,0.265625
5024,322,0.171875
5024,323,0.203125
5024,324,0.21875
5024,325,0.28125
5024,326,0.21875
5024,327,0.25
5024,328,0.28125
5024,329,0.234375
5024,330,0.359375
5024,331,0.28125
5024,332,0.28125
5024,333,0.265625
5024,334,0.3125
5024,335,0.34375
5024,336,0.53125
5025,0,0.0625
5025,1,0.09375
5025,2,0.15625
5025,3,0.140625
5025,4,0.234375
5025,5,0.296875
5025,6,0.34375
5025,7,0.359375
5025,8,0.390625
5025,9,0.171875
5025,10,0.234375
5025,11,0.171875
5025,12,0.21875
5025,13,0.234375
5025,14,0.171875
5025,15,0.15625
5025,16,0.25
5025,17,0.328125
5025,18,0.296875
5025,19,0.375
5025,20,0.328125
5025,21,0.265625
5025,22,0.34375
5025,23,0.375
5026,0,0.21875
5026,1,0.28125
5026,2,0.234375
5026,3,0.328125
5026,4,0.140625
5026,5,0.21875
5026,6,0.328125
5026,7,0.34375
5026,8,0.1875
5026,9,0.265625
5026,10,0.203125
5026,11,0.21875
5026,12,0.28125
5026,13,0.34375
5026,14,0.1875
5026,15,0.234375
5026,16,0.15625
5026,17,0.234375
5026,18,0.28125
5026,19,0.171875
5026,20,0.203125
5026,21,0.203125
5026,22,0.34375
5026,23,0.109375
5026,24,0.203125
5026,25,0.25
5026,26,0.28125
5026,27,0.34375
5026,28,0.21875
5026,29,0.296875
5026,30,0.3125
5026,31,0.21875
5026,32,0.265625
5026,33,0.34375
5026,34,0.34375
5026,35,0.265625
5026,36,0.203125
5026,37,0.140625
5026,38,0.203125
5026,39,0.3125
5026,40,0.140625
5026,41,0.1875
5026,42,0.21875
5026,43,0.15625
5026,44,0.1875
5026,45,0.265625
5026,46,0.328125
5026,47,0.296875
5026,48,0.25
5026,49,0.28125
5026,50,0.25
5026,51,0.328125
5026,52,0.328125
5026,53,0.25
5026,54,0.203125
5026,55,0.25
5026,56,0.3125
5026,57,0.328125
5026,58,0.34375
5026,59,0.421875
5026,60,0.328125
5026,61,0.359375
5026,62,0.421875
5026,63,0.375
5026,64,0.4375
5026,65,0.359375
5026,66,0.40625
5026,67,0.46875
5026,68,0.359375
5026,69,0.421875
5026,70,0.375
5026,71,0.203125
5026,72,0.265625
5026,73,0.265625
5026,74,0.1875
5026,75,0.234375
5026,76,0.171875
5026,77,0.21875
5026,78,0.21875
5026,79,0.25
5026,80,0.328125
5026,81,0.09375
5026,82,0.125
5026,83,0.171875
5026,84,0.25
5026,85,0.3125
5026,86,0.234375
5026,87,0.328125
5026,88,0.28125
5026,89,0.359375
5026,90,0.3125
5026,91,0.21875
5026,92,0.140625
5026,93,0.203125
5026,94,0.25
5026,95,0.21875
5026,96,0.25
5026,97,0.21875
5026,98,0.28125
5026,99,0.328125
5026,100,0.28125
5026,101,0.21875
5026,102,0.265625
5026,103,0.203125
5026,104,0.296875
5026,105,0.265625
5026,106,0.453125
5026,107,0.25
5026,108,0.21875
5026,109,0.265625
5026,110,0.3125
5026,111,0.359375
5026,112,0.328125
5026,113,0.265625
5026,114,0.234375
5026,115,0.28125
5027,0,0.109375
5027,1,0.15625
5027,2,0.078125
5027,3,0.203125
5027,4,0.125
5027,5,0.25
5027,6,0.265625
5027,7,0.328125
5027,8,0.171875
5027,9,0.25
5027,10,0.21875
5027,11,0.15625
5027,12,0.234375
5027,13,0.359375
5027,14,0.390625
5027,15,0.234375
5027,16,0.25
5027,17,0.265625
5027,18,0.125
5027,19,0.203125
5027,20,0.265625
5027,21,0.3125
5027,22,0.375
5027,23,0.21875
5027,24,0.296875
5027,25,0.359375
5027,26,0.265625
5027,27,0.1875
5027,28,0.25
5027,29,0.28125
5027,30,0.203125
5027,31,0.25
5027,32,0.25
5027,33,0.1875
5027,34,0.28125
5027,35,0.265625
5027,36,0.328125
5027,37,0.375
5027,38,0.3125
5027,39,0.28125
5027,40,0.3125
5027,41,0.265625
5027,42,0.328125
5027,43,0.28125
5027,44,0.34375
5027,45,0.265625
5027,46,0.234375
5027,47,0.328125
5027,48,0.375
5027,49,0.453125
5027,50,0.40625
5027,51,0.328125
5027,52,0.265625
5027,53,0.296875
5027,54,0.359375
5027,55,0.40625
5027,56,0.203125
5027,57,0.25
5027,58,0.203125
5027,59,0.28125
5027,60,0.25
5027,61,0.203125
5027,62,0.28125
5027,63,0.296875
5027,64,0.1875
5027,65,0.328125
5027,66,0.359375
5027,67,0.296875
5027,68,0.4375
5027,69,0.453125
5027,70,0.515625
5027,71,0.453125
5027,72,0.46875
5027,73,0.40625
5027,74,0.328125
5027,75,0.265625
5027,76,0.390625
5027,77,0.28125
5027,78,0.203125
5027,79,0.234375
5027,80,0.28125
5027,81,0.296875
5027,82,0.234375
5027,83,0.359375
5027,84,0.453125
5027,85,0.515625
5027,86,0.359375
5027,87,0.4375
5027,88,0.359375
5027,89,0.390625
5027,90,0.3125
5027,91,0.28125
5027,92,0.375
5027,93,0.296875
5027,94,0.234375
5027,95,0.296875
5027,96,0.265625
5027,97,0.28125
5027,98,0.203125
5027,99,0.28125
5027,100,0.328125
5027,101,0.21875
5027,102,0.28125
5027,103,0.21875
5027,104,0.25
5027,105,0.171875
5027,106,0.203125
5027,107,0.375
5027,108,0.28125
5027,109,0.390625
5027,110,0.328125
5027,111,0.203125
5027,112,0.25
5027,113,0.359375
5027,114,0.515625
5028,0,0.15625
5028,1,0.140625
5028,2,0.203125
5028,3,0.25
5028,4,0.234375
5028,5,0.296875
5028,6,0.265625
5028,7,0.296875
5028,8,0.28125
5028,9,0.328125
5028,10,0.234375
5028,11,0.328125
5028,12,0.34375
5028,13,0.40625
5028,14,0.4375
5028,15,0.359375
5028,16,0.34375
5028,17,0.265625
5028,18,0.296875
5028,19,0.1875
5028,20,0.109375
5028,21,0.25
5028,22,0.203125
5028,23,0.171875
5028,24,0.234375
5028,25,0.15625
5028,26,0.203125
5028,27,0.171875
5028,28,0.15625
5028,29,0.171875
5028,30,0.125
5028,31,0.171875
5028,32,0.203125
5028,33,0.125
5028,34,0.21875
5028,35,0.203125
5028,36,0.265625
5028,37,0.34375
5028,38,0.453125
5028,39,0.421875
5028,40,0.4375
5028,41,0.359375
5028,42,0.21875
5028,43,0.25
5028,44,0.3125
5028,45,0.328125
5028,46,0.265625
5028,47,0.1875
5028,48,0.234375
5028,49,0.265625
5028,50,0.171875
5028,51,0.234375
5028,52,0.3125
5028,53,0.203125
5028,54,0.21875
5028,55,0.15625
5028,56,0.1875
5028,57,0.28125
5028,58,0.34375
5028,59,0.359375
5028,60,0.28125
5028,61,0.359375
5029,0,0.21875
5029,1,0.28125
5029,2,0.390625
5029,3,0.3125
5029,4,0.359375
5029,5,0.328125
5029,6,0.28125
5029,7,0.3125
5029,8,0.3125
5029,9,0.328125
5029,10,0.25
5029,11,0.203125
5029,12,0.265625
5029,13,0.3125
5029,14,0.375
5029,15,0.3125
5029,16,0.359375
5029,17,0.390625
5029,18,0.1875
5029,19,0.25
5029,20,0.171875
5029,21,0.125
5029,22,0.171875
5029,23,0.265625
5029,24,0.40625
5029,25,0.265625
5029,26,0.21875
5029,27,0.25
5029,28,0.203125
5029,29,0.140625
5029,30,0.328125
5029,31,0.28125
5029,32,0.421875
5029,33,0.34375
5029,34,0.421875
5029,35,0.328125
5029,36,0.25
5029,37,0.3125
5029,38,0.234375
5029,39,0.125
5029,40,0.140625
5029,41,0.203125
5029,42,0.1875
5029,43,0.265625
5029,44,0.1875
5029,45,0.234375
5029,46,0.3125
5029,47,0.375
5029,48,0.328125
5029,49,0.421875
5029,50,0.21875
5029,51,0.25
5029,52,0.296875
5029,53,0.203125
5029,54,0.21875
5029,55,0.296875
5029,56,0.34375
5029,57,0.28125
5029,58,0.21875
5029,59,0.3125
5029,60,0.390625
5029,61,0.453125
5029,62,0.21875
5029,63,0.296875
5029,64,0.328125
5029,65,0.265625
5029,66,0.3125
5029,67,0.265625
5029,68,0.328125
5029,69,0.296875
5029,70,0.359375
5029,71,0.296875
5029,72,0.3125
5029,73,0.28125
5029,74,0.21875
5029,75,0.28125
5029,76,0.265625
5029,77,0.28125
5029,78,0.328125
5029,79,0.28125
5029,80,0.375
5029,81,0.359375
5029,82,0.40625
5029,83,0.3125
5029,84,0.359375
5029,85,0.4375
5029,86,0.34375
5029,87,0.21875
5029,88,0.28125
5029,89,0.34375
5029,90,0.1875
5029,91,0.265625
5029,92,0.234375
5029,93,0.203125
5029,94,0.265625
5029,95,0.390625
5029,96,0.484375
5030,0,0.1875
5030,1,0.265625
5030,2,0.046875
5030,3,0.234375
5030,4,0.203125
5030,5,0.359375
5030,6,0.28125
5030,7,0.203125
5030,8,0.28125
5030,9,0.359375
5031,0,0.171875
5031,1,0.21875
5031,2,0.03125
5031,3,0.09375
5031,4,0.125
5031,5,0.25
5031,6,0.171875
5031,7,0.234375
5031,8,0.28125
5031,9,0.296875
5031,10,0.21875
5031,11,0.296875
5031,12,0.234375
5031,13,0.25
5031,14,0.34375
5031,15,0.265625
5031,16,0.234375
5031,17,0.265625
5031,18,0.390625
5031,19,0.453125
5031,20,0.40625
5031,21,0.328125
5031,22,0.359375
5031,23,0.46875
5031,24,0.359375
5031,25,0.328125
5031,26,0.28125
5031,27,0.25
5031,28,0.3125
5031,29,0.578125
5031,30,0.34375
5031,31,0.234375
5031,32,0.25
5031,33,0.296875
5031,34,0.453125
5031,35,0.453125
5031,36,0.328125
5031,37,0.1875
5031,38,0.234375
5031,39,0.328125
5031,40,0.46875
5031,41,0.515625
5031,42,0.421875
5031,43,0.359375
5031,44,0.265625
5031,45,0.359375
5031,46,0.296875
5031,47,0.359375
5031,48,0.265625
5031,49,0.203125
5031,50,0.1875
5031,51,0.25
5031,52,0.3125
5031,53,0.234375
5031,54,0.25
5031,55,0.203125
5031,56,0.265625
5031,57,0.296875
5031,58,0.234375
5031,59,0.28125
5031,60,0.328125
5031,61,0.21875
5031,62,0.265625
5031,63,0.328125
5031,64,0.390625
5031,65,0.453125
5031,66,0.28125
5031,67,0.359375
5031,68,0.3125
5031,69,0.328125
5031,70,0.296875
5031,71,0.359375
5031,72,0.4375
5031,73,0.375
5031,74,0.421875
5031,75,0.359375
5031,76,0.546875
5032,0,0.171875
5032,1,0.234375
5032,2,0.171875
5032,3,0.125
5032,4,0.1875
5032,5,0.265625
5032,6,0.328125
5032,7,0.296875
5032,8,0.328125
5032,9,0.46875
5032,10,0.234375
5032,11,0.421875
5032,12,0.328125
5032,13,0.28125
5032,14,0.34375
5032,15,0.34375
5032,16,0.578125
5032,17,0.5
5032,18,0.421875
5032,19,0.234375
5032,20,0.234375
5032,21,0.34375
5032,22,0.265625
5032,23,0.203125
5032,24,0.25
5032,25,0.140625
5032,26,0.15625
5032,27,0.234375
5032,28,0.296875
5032,29,0.359375
5033,0,0.078125
5033,1,0.15625
5033,2,0.171875
5033,3,0.109375
5033,4,0.140625
5033,5,0.203125
5033,6,0.28125
5033,7,0.28125
5033,8,0.375
5033,9,0.34375
5033,10,0.34375
5033,11,0.421875
5033,12,0.359375
5033,13,0.375
5033,14,0.515625
5033,15,0.453125
5033,16,0.40625
5033,17,0.28125
5033,18,0.34375
5033,19,0.3125
5033,20,0.390625
5033,21,0.3125
5033,22,0.34375
5033,23,0.40625
5033,24,0.453125
5033,25,0.265625
5033,26,0.203125
5033,27,0.21875
5033,28,0.25
5033,29,0.28125
5033,30,0.21875
5033,31,0.265625
5033,32,0.1875
5033,33,0.171875
5033,34,0.234375
5033,35,0.328125
5033,36,0.234375
5033,37,0.265625
5033,38,0.34375
5033,39,0.25
5033,40,0.421875
5033,41,0.40625
5033,42,0.359375
5033,43,0.328125
5033,44,0.359375
5033,45,0.296875
5033,46,0.234375
5033,47,0.34375
5033,48,0.28125
5034,0,0.15625
5034,1,0.265625
5034,2,0.21875
5034,3,0.140625
5034,4,0.21875
5034,5,0.265625
5034,6,0.1875
5034,7,0.1875
5034,8,0.234375
5034,9,0.296875
5034,10,0.203125
5034,11,0.25
5034,12,0.296875
5034,13,0.359375
5034,14,0.328125
5034,15,0.375
5034,16,0.40625
5034,17,0.328125
5034,18,0.265625
5034,19,0.328125
5034,20,0.421875
5034,21,0.359375
5034,22,0.34375
5034,23,0.28125
5034,24,0.328125
5034,25,0.25
5034,26,0.265625
5034,27,0.265625
5034,28,0.359375
5034,29,0.28125
5034,30,0.34375
5034,31,0.5
5034,32,0.4375
5034,33,0.359375
5034,34,0.484375
5034,35,0.546875
5034,36,0.515625
5034,37,0.359375
5034,38,0.265625
5034,39,0.203125
5034,40,0.21875
5034,41,0.28125
5034,42,0.28125
5034,43,0.25
5034,44,0.21875
5034,45,0.265625
5034,46,0.28125
5034,47,0.3125
5034,48,0.25
5034,49,0.265625
5034,50,0.328125
5034,51,0.265625
5034,52,0.21875
5034,53,0.234375
5034,54,0.296875
5034,55,0.34375
5034,56,0.28125
5034,57,0.375
5034,58,0.359375
5034,59,0.3125
5034,60,0.28125
5034,61,0.171875
5034,62,0.203125
5034,63,0.265625
5034,64,0.265625
5034,65,0.328125
5034,66,0.359375
5034,67,0.453125
5034,68,0.53125
5034,69,0.484375
5034,70,0.40625
5034,71,0.46875
5034,72,0.5
5034,73,0.546875
5034,74,0.5
5035,0,0.03125
5035,1,0.203125
5035,2,0.265625
5035,3,0.046875
5035,4,0.109375
5035,5,0.125
5035,6,0.1875
5035,7,0.203125
5035,8,0.125
5035,9,0.15625
5035,10,0.203125
5035,11,0.25
5035,12,0.1875
5035,13,0.171875
5035,14,0.234375
5035,15,0.21875
5035,16,0.359375
5035,17,0.421875
5035,18,0.359375
5035,19,0.28125
5035,20,0.203125
5035,21,0.359375
5035,22,0.296875
5035,23,0.234375
5035,24,0.140625
5035,25,0.234375
5035,26,0.1875
5035,27,0.125
5035,28,0.1875
5035,29,0.203125
5035,30,0.140625
5035,31,0.140625
5035,32,0.1875
5035,33,0.265625
5035,34,0.21875
5035,35,0.203125
5035,36,0.296875
5035,37,0.390625
5035,38,0.3125
5035,39,0.296875
5035,40,0.25
5035,41,0.28125
5035,42,0.171875
5035,43,0.203125
5035,44,0.234375
5035,45,0.34375
5035,46,0.296875
5035,47,0.390625
5035,48,0.421875
5035,49,0.25
5035,50,0.28125
5035,51,0.359375
5035,52,0.453125
5035,53,0.265625
5035,54,0.359375
5035,55,0.34375
5035,56,0.265625
5035,57,0.296875
5035,58,0.375
5035,59,0.328125
5035,60,0.390625
5035,61,0.34375
5035,62,0.296875
5035,63,0.328125
5035,64,0.390625
5035,65,0.34375
5035,66,0.421875
5035,67,0.390625
5035,68,0.3125
5035,69,0.296875
5035,70,0.453125
5035,71,0.40625
5035,72,0.4375
5035,73,0.3125
5035,74,0.3125
5035,75,0.34375
5035,76,0.265625
5035,77,0.21875
5035,78,0.296875
5035,79,0.390625
5035,80,0.4375
5035,81,0.328125
5035,82,0.296875
5035,83,0.328125
5035,84,0.265625
5035,85,0.359375
5035,86,0.453125
5035,87,0.421875
5035,88,0.234375
5035,89,0.28125
5035,90,0.34375
5035,91,0.265625
5035,92,0.3125
5035,93,0.28125
5035,94,0.3125
5035,95,0.21875
5035,96,0.140625
5035,97,0.171875
5035,98,0.234375
5035,99,0.3125
5035,100,0.25
5035,101,0.171875
5035,102,0.265625
5035,103,0.21875
5035,104,0.28125
5035,105,0.328125
5035,106,0.140625
5035,107,0.25
5035,108,0.28125
5035,109,0.359375
5035,110,0.296875
5035,111,0.3125
5035,112,0.171875
5035,113,0.15625
5035,114,0.171875
5035,115,0.25
5035,116,0.328125
5035,117,0.234375
5035,118,0.203125
5035,119,0.171875
5035,120,0.234375
5035,121,0.578125
5035,122,0.375
5035,123,0.359375
5035,124,0.390625
5035,125,0.5625
5035,126,0.46875
5035,127,0.375
5035,128,0.40625
5035,129,0.421875
5035,130,0.296875
5035,131,0.390625
5035,132,0.328125
5035,133,0.421875
5035,134,0.34375
5035,135,0.359375
5035,136,0.25
5035,137,0.328125
5035,138,0.375
5035,139,0.40625
5035,140,0.234375
5035,141,0.4375
5035,142,0.234375
5035,143,0.28125
5035,144,0.359375
5035,145,0.328125
5035,146,0.25
5035,147,0.171875
5035,148,0.25
5035,149,0.171875
5035,150,0.34375
5035,151,0.28125
5035,152,0.5
5035,153,0.296875
5035,154,0.40625
5035,155,0.34375
5035,156,0.28125
5035,157,0.21875
5035,158,0.25
5035,159,0.296875
5035,160,0.359375
5035,161,0.421875
5036,0,0.1875
5036,1,0.1875
5036,2,0.15625
5036,3,0.09375
5036,4,0.078125
5036,5,0.109375
5036,6,0.15625
5036,7,0.234375
5036,8,0.421875
5036,9,0.359375
5036,10,0.296875
5036,11,0.34375
5036,12,0.484375
5036,13,0.3125
5036,14,0.375
5036,15,0.265625
5036,16,0.296875
5036,17,0.234375
5036,18,0.265625
5036,19,0.3125
5036,20,0.390625
5036,21,0.5
5037,0,0.203125
5037,1,0.140625
5037,2,0.21875
5037,3,0.359375
5037,4,0.296875
5037,5,0.34375
5037,6,0.3125
5037,7,0.234375
5037,8,0.171875
5037,9,0.171875
5037,10,0.265625
5037,11,0.21875
5037,12,0.296875
5037,13,0.265625
5037,14,0.1875
5037,15,0.265625
5037,16,0.203125
5037,17,0.296875
5037,18,0.4375
5037,19,0.4375
5037,20,0.515625
5037,21,0.484375
5037,22,0.40625
5037,23,0.3125
5037,24,0.25
5037,25,0.296875
5037,26,0.234375
5037,27,0.28125
5037,28,0.34375
5037,29,0.3125
5037,30,0.359375
5037,31,0.421875
5037,32,0.375
5037,33,0.390625
5037,34,0.3125
5037,35,0.375
5037,36,0.28125
5037,37,0.359375
5037,38,0.34375
5037,39,0.359375
5037,40,0.3125
5037,41,0.453125
5037,42,0.421875
5037,43,0.46875
5037,44,0.40625
5037,45,0.390625
5037,46,0.609375
5037,47,0.359375
5037,48,0.40625
5037,49,0.46875
5038,0,0.1875
5038,1,0.421875
5038,2,0.21875
5038,3,0.265625
5038,4,0.328125
5038,5,0.3125
5038,6,0.3125
5038,7,0.34375
5038,8,0.296875
5038,9,0.234375
5038,10,0.3125
5038,11,0.359375
5038,12,0.296875
5038,13,0.359375
5038,14,0.375
5038,15,0.296875
5038,16,0.375
5038,17,0.34375
5038,18,0.3125
5038,19,0.25
5038,20,0.359375
5038,21,0.296875
5038,22,0.265625
5038,23,0.328125
5038,24,0.28125
5038,25,0.359375
5038,26,0.3125
5038,27,0.375
5038,28,0.34375
5038,29,0.28125
5038,30,0.234375
5038,31,0.28125
5038,32,0.359375
5038,33,0.25
5038,34,0.3125
5038,35,0.171875
5038,36,0.203125
5038,37,0.25
5038,38,0.28125
5038,39,0.34375
5038,40,0.296875
5038,41,0.28125
5038,42,0.25
5038,43,0.375
5038,44,0.3125
5038,45,0.21875
5038,46,0.25
5038,47,0.296875
5038,48,0.234375
5038,49,0.21875
5038,50,0.15625
5038,51,0.21875
5038,52,0.265625
5038,53,0.328125
5038,54,0.375
5038,55,0.34375
5038,56,0.28125
5038,57,0.234375
5038,58,0.296875
5038,59,0.25
5038,60,0.375
5038,61,0.296875
5038,62,0.265625
5038,63,0.34375
5038,64,0.328125
5038,65,0.1875
5038,66,0.1875
5038,67,0.234375
5038,68,0.28125
5038,69,0.359375
5038,70,0.28125
5038,71,0.203125
5038,72,0.28125
5038,73,0.3125
5038,74,0.375
5038,75,0.265625
5038,76,0.1875
5038,77,0.28125
5038,78,0.21875
5038,79,0.3125
5038,80,0.328125
5038,81,0.40625
5038,82,0.328125
5038,83,0.296875
5038,84,0.203125
5038,85,0.28125
5038,86,0.34375
5038,87,0.28125
5038,88,0.21875
5038,89,0.28125
5038,90,0.203125
5038,91,0.109375
5038,92,0.15625
5038,93,0.21875
5038,94,0.34375
5038,95,0.375
5038,96,0.265625
5038,97,0.15625
5038,98,0.234375
5038,99,0.28125
5038,100,0.328125
5038,101,0.375
5038,102,0.28125
5038,103,0.359375
5039,0,0.046875
5039,1,0.25
5039,2,0.40625
5039,3,0.328125
5039,4,0.296875
5039,5,0.234375
5039,6,0.3125
5039,7,0.25
5039,8,0.296875
5039,9,0.34375
5039,10,0.28125
5039,11,0.3125
5039,12,0.375
5039,13,0.390625
5039,14,0.28125
5039,15,0.34375
5039,16,0.421875
5039,17,0.375
5039,18,0.3125
5039,19,0.375
5039,20,0.296875
5039,21,0.359375
5039,22,0.40625
5039,23,0.53125
5039,24,0.609375
5039,25,0.5
5040,0,0.015625
5040,1,0.0625
5040,2,0.21875
5040,3,0.171875
5040,4,0.234375
5040,5,0.15625
5040,6,0.125
5040,7,0.1875
5040,8,0.171875
5040,9,0.25
5040,10,0.3125
5040,11,0.234375
5040,12,0.296875
5040,13,0.203125
5040,14,0.140625
5040,15,0.1875
5040,16,0.234375
5040,17,0.3125
5040,18,0.375
5040,19,0.296875
5040,20,0.359375
5040,21,0.5
5040,22,0.5625
5040,23,0.359375
5040,24,0.234375
5040,25,0.15625
5040,26,0.203125
5040,27,0.25
5040,28,0.296875
5040,29,0.359375
5040,30,0.3125
5040,31,0.234375
5040,32,0.3125
5040,33,0.390625
5040,34,0.21875
5040,35,0.328125
5040,36,0.25
5040,37,0.1875
5040,38,0.203125
5040,39,0.25
5040,40,0.15625
5040,41,0.203125
5040,42,0.265625
5040,43,0.28125
5040,44,0.359375
5040,45,0.265625
5040,46,0.328125
5040,47,0.328125
5040,48,0.25
5040,49,0.1875
5040,50,0.234375
5040,51,0.296875
5040,52,0.265625
5040,53,0.1875
5040,54,0.25
5040,55,0.3125
5040,56,0.328125
5040,57,0.265625
5040,58,0.171875
5040,59,0.234375
5040,60,0.3125
5040,61,0.375
5040,62,0.34375
5040,63,0.25
5040,64,0.234375
5040,65,0.171875
5040,66,0.25
5040,67,0.296875
5040,68,0.234375
5040,69,0.1875
5040,70,0.140625
5040,71,0.171875
5040,72,0.203125
5040,73,0.21875
5040,74,0.234375
5040,75,0.296875
5040,76,0.34375
5040,77,0.203125
5040,78,0.125
5040,79,0.1875
5040,80,0.203125
5040,81,0.21875
5040,82,0.15625
5040,83,0.3125
5040,84,0.234375
5040,85,0.328125
5040,86,0.25
5040,87,0.40625
5040,88,0.359375
5040,89,0.296875
5040,90,0.3125
5040,91,0.28125
5040,92,0.140625
5040,93,0.25
5040,94,0.1875
5040,95,0.171875
5040,96,0.140625
5040,97,0.21875
5040,98,0.28125
5040,99,0.203125
5040,100,0.265625
5040,101,0.34375
5040,102,0.265625
5040,103,0.34375
5040,104,0.4375
5040,105,0.359375
5040,106,0.265625
5040,107,0.375
5040,108,0.453125
5040,109,0.46875
5040,110,0.359375
5040,111,0.46875
5040,112,0.53125
5041,0,0.203125
5041,1,0.265625
5041,2,0.34375
5041,3,0.265625
5041,4,0.328125
5041,5,0.421875
5041,6,0.375
5041,7,0.421875
5041,8,0.265625
5041,9,0.203125
5041,10,0.28125
5041,11,0.21875
5041,12,0.3125
5041,13,0.375
5041,14,0.28125
5041,15,0.328125
5041,16,0.515625
5041,17,0.421875
5042,0,0.140625
5042,1,0.09375
5042,2,0.09375
5042,3,0.078125
5042,4,0.125
5042,5,0.1875
5042,6,0.25
5042,7,0.25
5042,8,0.328125
5042,9,0.296875
5042,10,0.359375
5042,11,0.40625
5042,12,0.3125
5042,13,0.390625
5042,14,0.40625
5042,15,0.3125
5042,16,0.375
5042,17,0.265625
5042,18,0.296875
5042,19,0.234375
5042,20,0.296875
5043,0,0.1875
5043,1,0.1875
5043,2,0.234375
5043,3,0.203125
5043,4,0.15625
5043,5,0.21875
5043,6,0.265625
5043,7,0.15625
5043,8,0.21875
5043,9,0.296875
5043,10,0.21875
5043,11,0.25
5043,12,0.328125
5043,13,0.265625
5043,14,0.28125
5043,15,0.34375
5043,16,0.390625
5043,17,0.5
5044,0,0.1875
5044,1,0.234375
5044,2,0.171875
5044,3,0.234375
5044,4,0.28125
5044,5,0.328125
5044,6,0.28125
5044,7,0.28125
5044,8,0.25
5044,9,0.265625
5044,10,0.296875
5044,11,0.21875
5044,12,0.28125
5044,13,0.15625
5044,14,0.203125
5044,15,0.25
5044,16,0.203125
5044,17,0.25
5044,18,0.265625
5044,19,0.3125
5044,20,0.234375
5044,21,0.25
5044,22,0.359375
5044,23,0.25
5044,24,0.296875
5044,25,0.234375
5044,26,0.328125
5044,27,0.28125
5044,28,0.328125
5044,29,0.40625
5044,30,0.328125
5044,31,0.265625
5044,32,0.21875
5044,33,0.390625
5044,34,0.359375
5044,35,0.296875
5044,36,0.34375
5044,37,0.421875
5044,38,0.515625
5044,39,0.453125
5044,40,0.453125
5044,41,0.421875
5044,42,0.21875
5044,43,0.28125
5044,44,0.375
5044,45,0.296875
5044,46,0.234375
5044,47,0.265625
5044,48,0.21875
5044,49,0.21875
5044,50,0.28125
5044,51,0.34375
5044,52,0.265625
5044,53,0.21875
5044,54,0.28125
5044,55,0.15625
5044,56,0.203125
5044,57,0.1875
5044,58,0.21875
5044,59,0.171875
5044,60,0.1875
5044,61,0.328125
5044,62,0.40625
5044,63,0.5
5044,64,0.46875
5044,65,0.28125
5044,66,0.359375
5044,67,0.296875
5044,68,0.234375
5044,69,0.34375
5044,70,0.28125
5044,71,0.21875
5044,72,0.234375
5044,73,0.296875
5044,74,0.28125
5044,75,0.3125
5044,76,0.390625
5044,77,0.328125
5044,78,0.3125
5044,79,0.265625
5044,80,0.34375
5044,81,0.28125
5044,82,0.3125
5044,83,0.265625
5044,84,0.203125
5044,85,0.34375
5044,86,0.34375
5044,87,0.28125
5044,88,0.234375
5044,89,0.203125
5044,90,0.28125
5044,91,0.25
5044,92,0.203125
5044,93,0.296875
5044,94,0.28125
5044,95,0.34375
5044,96,0.4375
5044,97,0.359375
5044,98,0.21875
5044,99,0.203125
5044,100,0.25
5044,101,0.328125
5044,102,0.28125
5044,103,0.375
5044,104,0.40625
5044,105,0.359375
5044,106,0.421875
5044,107,0.375
5044,108,0.296875
5044,109,0.5
5044,110,0.3125
5044,111,0.375
5044,112,0.453125
5044,113,0.34375
5044,114,0.4375
5044,115,0.25
5044,116,0.28125
5044,117,0.328125
5044,118,0.40625
5044,119,0.34375
5044,120,0.28125
5044,121,0.296875
5044,122,0.21875
5044,123,0.1875
5044,124,0.28125
5044,125,0.34375
5044,126,0.328125
5044,127,0.40625
5044,128,0.34375
5044,129,0.40625
5044,130,0.421875
5044,131,0.375
5044,132,0.296875
5044,133,0.3125
5044,134,0.296875
5044,135,0.375
5044,136,0.296875
5044,137,0.3125
5044,138,0.28125
5044,139,0.25
5044,140,0.265625
5044,141,0.28125
5044,142,0.234375
5044,143,0.15625
5044,144,0.171875
5044,145,0.234375
5044,146,0.34375
5044,147,0.359375
5044,148,0.4375
5044,149,0.390625
5044,150,0.46875
5044,151,0.5625
5044,152,0.234375
5044,153,0.234375
5044,154,0.296875
5044,155,0.515625
5044,156,0.328125
5044,157,0.125
5044,158,0.203125
5044,159,0.265625
5044,160,0.328125
5044,161,0.234375
5044,162,0.234375
5044,163,0.1875
5044,164,0.1875
5044,165,0.265625
5044,166,0.15625
5044,167,0.171875
5044,168,0.21875
5044,169,0.171875
5044,170,0.1875
5044,171,0.25
5044,172,0.171875
5044,173,0.234375
5044,174,0.296875
5044,175,0.375
5044,176,0.328125
5044,177,0.421875
5044,178,0.5
5044,179,0.4375
5044,180,0.296875
5044,181,0.1875
5044,182,0.25
5044,183,0.1875
5044,184,0.203125
5044,185,0.234375
5044,186,0.328125
5044,187,0.171875
5044,188,0.265625
5044,189,0.328125
5044,190,0.40625
5044,191,0.328125
5044,192,0.265625
5044,193,0.234375
5044,194,0.28125
5044,195,0.328125
5044,196,0.234375
5044,197,0.296875
5044,198,0.359375
5044,199,0.21875
5044,200,0.21875
5044,201,0.28125
5044,202,0.359375
5044,203,0.359375
5044,204,0.171875
5044,205,0.25
5044,206,0.1875
5044,207,0.234375
5044,208,0.3125
5044,209,0.375
5044,210,0.453125
5044,211,0.421875
5044,212,0.359375
5044,213,0.390625
5044,214,0.40625
5044,215,0.34375
5044,216,0.40625
5044,217,0.484375
5044,218,0.375
5044,219,0.3125
5044,220,0.328125
5044,221,0.265625
5044,222,0.328125
5044,223,0.28125
5044,224,0.328125
5044,225,0.3125
5044,226,0.375
5044,227,0.3125
5044,228,0.40625
5044,229,0.46875
5044,230,0.375
5044,231,0.234375
5044,232,0.390625
5044,233,0.234375
5044,234,0.3125
5044,235,0.375
5044,236,0.421875
5045,0,0.015625
5045,1,0.09375
5045,2,0.15625
5045,3,0.203125
5045,4,0.28125
5045,5,0.28125
5045,6,0.1875
5045,7,0.203125
5045,8,0.296875
5045,9,0.15625
5045,10,0.234375
5045,11,0.28125
5045,12,0.15625
5045,13,0.1875
5045,14,0.109375
5045,15,0.1875
5045,16,0.203125
5045,17,0.296875
5045,18,0.25
5045,19,0.171875
5045,20,0.203125
5045,21,0.25
5045,22,0.3125
5045,23,0.34375
5045,24,0.28125
5045,25,0.234375
5045,26,0.3125
5045,27,0.265625
5045,28,0.34375
5045,29,0.25
5045,30,0.328125
5045,31,0.3125
5045,32,0.203125
5045,33,0.234375
5045,34,0.296875
5045,35,0.25
5045,36,0.234375
5045,37,0.171875
5045,38,0.25
5045,39,0.28125
5045,40,0.1875
5045,41,0.1875
5045,42,0.203125
5045,43,0.1875
5045,44,0.234375
5045,45,0.1875
5045,46,0.265625
5045,47,0.171875
5045,48,0.265625
5045,49,0.328125
5045,50,0.40625
5045,51,0.515625
5045,52,0.34375
5045,53,0.265625
5045,54,0.296875
5045,55,0.21875
5045,56,0.359375
5045,57,0.296875
5045,58,0.109375
5045,59,0.140625
5045,60,0.234375
5045,61,0.171875
5045,62,0.25
5045,63,0.203125
5045,64,0.265625
5045,65,0.3125
5045,66,0.328125
5045,67,0.359375
5045,68,0.28125
5045,69,0.25
5045,70,0.1875
5045,71,0.109375
5045,72,0.234375
5045,73,0.171875
5045,74,0.34375
5045,75,0.375
5045,76,0.328125
5045,77,0.25
5045,78,0.296875
5045,79,0.34375
5045,80,0.28125
5045,81,0.34375
5045,82,0.3125
5045,83,0.265625
5045,84,0.1875
5045,85,0.21875
5045,86,0.265625
5045,87,0.34375
5045,88,0.28125
5045,89,0.1875
5045,90,0.25
5045,91,0.265625
5045,92,0.171875
5045,93,0.265625
5045,94,0.359375
5045,95,0.21875
5045,96,0.265625
5045,97,0.21875
5045,98,0.296875
5045,99,0.375
5045,100,0.203125
5045,101,0.28125
5045,102,0.3125
5045,103,0.390625
5045,104,0.328125
5045,105,0.3125
5045,106,0.15625
5045,107,0.203125
5045,108,0.28125
5045,109,0.328125
5045,110,0.25
5045,111,0.265625
5045,112,0.328125
5045,113,0.25
5045,114,0.3125
5045,115,0.25
5045,116,0.296875
5045,117,0.34375
5045,118,0.328125
5045,119,0.265625
5045,120,0.34375
5045,121,0.25
5045,122,0.203125
5045,123,0.203125
5045,124,0.296875
5045,125,0.25
5045,126,0.359375
5045,127,0.21875
5045,128,0.28125
5045,129,0.25
5045,130,0.296875
5045,131,0.25
5045,132,0.34375
5045,133,0.265625
5045,134,0.171875
5045,135,0.25
5045,136,0.296875
5045,137,0.25
5045,138,0.203125
5045,139,0.234375
5045,140,0.3125
5045,141,0.28125
5045,142,0.359375
5045,143,0.453125
5045,144,0.359375
5045,145,0.3125
5045,146,0.328125
5045,147,0.234375
5045,148,0.296875
5045,149,0.375
5045,150,0.421875
5045,151,0.40625
5045,152,0.328125
5045,153,0.28125
5045,154,0.234375
5045,155,0.3125
5045,156,0.234375
5045,157,0.25
5045,158,0.15625
5045,159,0.234375
5045,160,0.34375
5045,161,0.265625
5045,162,0.3125
5045,163,0.265625
5045,164,0.328125
5045,165,0.25
5045,166,0.1875
5045,167,0.21875
5045,168,0.21875
5045,169,0.265625
5045,170,0.1875
5045,171,0.234375
5045,172,0.3125
5045,173,0.234375
5045,174,0.25
5045,175,0.296875
5045,176,0.125
5045,177,0.21875
5045,178,0.1875
5045,179,0.234375
5045,180,0.1875
5045,181,0.203125
5045,182,0.25
5045,183,0.1875
5045,184,0.25
5045,185,0.15625
5045,186,0.203125
5045,187,0.25
5045,188,0.34375
5045,189,0.515625
5045,190,0.328125
5045,191,0.28125
5045,192,0.359375
5045,193,0.296875
5045,194,0.328125
5045,195,0.390625
5045,196,0.34375
5045,197,0.265625
5045,198,0.328125
5045,199,0.40625
5045,200,0.359375
5045,201,0.28125
5045,202,0.375
5045,203,0.296875
5045,204,0.25
5045,205,0.265625
5045,206,0.265625
5045,207,0.375
5045,208,0.296875
5045,209,0.375
5045,210,0.34375
5045,211,0.40625
5045,212,0.5
5045,213,0.28125
5045,214,0.25
5045,215,0.3125
5045,216,0.390625
5045,217,0.28125
5045,218,0.546875
5045,219,0.265625
5045,220,0.3125
5045,221,0.359375
5045,222,0.375
5045,223,0.421875
5045,224,0.34375
5045,225,0.390625
5045,226,0.34375
5045,227,0.421875
5045,228,0.328125
5045,229,0.296875
5045,230,0.296875
5045,231,0.34375
5045,232,0.390625
5045,233,0.4375
5045,234,0.34375
5045,235,0.46875
5045,236,0.375
5045,237,0.3125
5045,238,0.453125
5045,239,0.671875
5046,0,0.234375
5046,1,0.15625
5046,2,0.234375
5046,3,0.140625
5046,4,0.203125
5046,5,0.203125
5046,6,0.21875
5046,7,0.21875
5046,8,0.296875
5046,9,0.296875
5046,10,0.359375
5046,11,0.34375
5046,12,0.3125
5046,13,0.28125
5046,14,0.28125
5046,15,0.34375
5046,16,0.3125
5046,17,0.25
5046,18,0.171875
5046,19,0.234375
5046,20,0.21875
5046,21,0.21875
5046,22,0.3125
5046,23,0.234375
5046,24,0.28125
5046,25,0.1875
5046,26,0.25
5046,27,0.234375
5046,28,0.1875
5046,29,0.171875
5046,30,0.28125
5046,31,0.34375
5046,32,0.328125
5046,33,0.28125
5046,34,0.359375
5046,35,0.390625
5046,36,0.34375
5046,37,0.28125
5046,38,0.328125
5046,39,0.421875
5046,40,0.203125
5046,41,0.234375
5046,42,0.171875
5046,43,0.109375
5046,44,0.140625
5046,45,0.234375
5046,46,0.171875
5046,47,0.234375
5046,48,0.15625
5046,49,0.203125
5046,50,0.265625
5046,51,0.25
5046,52,0.3125
5046,53,0.234375
5046,54,0.078125
5046,55,0.125
5046,56,0.203125
5046,57,0.171875
5046,58,0.28125
5046,59,0.34375
5046,60,0.265625
5046,61,0.15625
5046,62,0.21875
5046,63,0.28125
5046,64,0.171875
5046,65,0.171875
5046,66,0.25
5046,67,0.328125
5046,68,0.28125
5046,69,0.21875
5046,70,0.265625
5046,71,0.234375
5046,72,0.296875
5046,73,0.3125
5046,74,0.328125
5046,75,0.3125
5046,76,0.25
5046,77,0.25
5046,78,0.1875
5046,79,0.328125
5046,80,0.28125
5046,81,0.234375
5046,82,0.171875
5046,83,0.234375
5046,84,0.1875
5046,85,0.234375
5046,86,0.1875
5046,87,0.1875
5046,88,0.296875
5046,89,0.265625
5046,90,0.390625
5046,91,0.453125
5046,92,0.3125
5046,93,0.421875
5046,94,0.296875
5046,95,0.375
5046,96,0.265625
5046,97,0.359375
5046,98,0.453125
5047,0,0.171875
5047,1,0.109375
5047,2,0.171875
5047,3,0.21875
5047,4,0.171875
5047,5,0.21875
5047,6,0.1875
5047,7,0.109375
5047,8,0.28125
5047,9,0.359375
5047,10,0.40625
5047,11,0.171875
5047,12,0.234375
5047,13,0.328125
5047,14,0.15625
5047,15,0.203125
5047,16,0.234375
5047,17,0.1875
5047,18,0.125
5047,19,0.21875
5047,20,0.140625
5047,21,0.1875
5047,22,0.265625
5047,23,0.296875
5047,24,0.375
5047,25,0.5
5047,26,0.671875
5047,27,0.453125
5047,28,0.40625
5047,29,0.328125
5047,30,0.453125
5047,31,0.4375
5047,32,0.359375
5047,33,0.3125
5047,34,0.34375
5047,35,0.265625
5047,36,0.34375
5047,37,0.265625
5047,38,0.296875
5047,39,0.3125
5047,40,0.5
5047,41,0.53125
5047,42,0.296875
5047,43,0.265625
5047,44,0.203125
5047,45,0.15625
5047,46,0.296875
5047,47,0.21875
5047,48,0.265625
5047,49,0.40625
5047,50,0.25
5047,51,0.3125
5047,52,0.25
5047,53,0.296875
5047,54,0.359375
5047,55,0.421875
5047,56,0.40625
5047,57,0.34375
5048,0,0.15625
5048,1,0.25
5048,2,0.296875
5048,3,0.1875
5048,4,0.234375
5048,5,0.296875
5048,6,0.34375
5048,7,0.234375
5048,8,0.265625
5048,9,0.484375
5048,10,0.296875
5048,11,0.28125
5048,12,0.34375
5048,13,0.203125
5048,14,0.265625
5048,15,0.1875
5048,16,0.234375
5048,17,0.171875
5048,18,0.21875
5048,19,0.28125
5048,20,0.421875
5049,0,0.0625
5049,1,0.15625
5049,2,0.078125
5049,3,0.140625
5049,4,0.234375
5049,5,0.15625
5049,6,0.21875
5049,7,0.265625
5049,8,0.328125
5049,9,0.265625
5049,10,0.3125
5049,11,0.390625
5049,12,0.34375
5049,13,0.3125
5049,14,0.390625
5049,15,0.34375
5049,16,0.5625
5049,17,0.5625
5049,18,0.65625
5050,0,0.046875
5050,1,0.1875
5050,2,0.25
5050,3,0.3125
5050,4,0.265625
5050,5,0.234375
5050,6,0.203125
5050,7,0.171875
5050,8,0.265625
5050,9,0.421875
5050,10,0.234375
5050,11,0.28125
5050,12,0.21875
5050,13,0.265625
5050,14,0.3125
5050,15,0.46875
5050,16,0.5625
5050,17,0.34375
5050,18,0.4375
5050,19,0.296875
5050,20,0.5
5050,21,0.4375
5050,22,0.46875
5050,23,0.375
5050,24,0.421875
5050,25,0.5
5050,26,0.4375
5050,27,0.421875
5050,28,0.34375
5050,29,0.375
5050,30,0.359375
5050,31,0.21875
5050,32,0.1875
5050,33,0.234375
5050,34,0.328125
5050,35,0.203125
5050,36,0.28125
5050,37,0.328125
5050,38,0.265625
5050,39,0.203125
5050,40,0.265625
5050,41,0.25
5050,42,0.3125
5050,43,0.328125
5050,44,0.25
5050,45,0.203125
5050,46,0.265625
5050,47,0.484375
5050,48,0.4375
5050,49,0.5
5050,50,0.375
5050,51,0.265625
5050,52,0.21875
5050,53,0.296875
5050,54,0.375
5050,55,0.421875
5050,56,0.359375
5050,57,0.25
5050,58,0.3125
5050,59,0.453125
5050,60,0.40625
5050,61,0.484375
5050,62,0.40625
5050,63,0.359375
5050,64,0.28125
5050,65,0.234375
5050,66,0.265625
5050,67,0.21875
5050,68,0.28125
5050,69,0.171875
5050,70,0.1875
5050,71,0.265625
5050,72,0.40625
5050,73,0.359375
5050,74,0.421875
5050,75,0.3125
5050,76,0.21875
5050,77,0.171875
5050,78,0.328125
5050,79,0.359375
5050,80,0.3125
5050,81,0.265625
5050,82,0.3125
5050,83,0.34375
5050,84,0.40625
5051,0,0.0
5051,1,0.078125
5051,2,0.09375
5051,3,0.140625
5051,4,0.140625
5051,5,0.15625
5051,6,0.171875
5051,7,0.203125
5051,8,0.25
5051,9,0.21875
5051,10,0.28125
5051,11,0.296875
5051,12,0.203125
5051,13,0.28125
5051,14,0.359375
5051,15,0.171875
5051,16,0.1875
5051,17,0.234375
5051,18,0.359375
5051,19,0.265625
5051,20,0.28125
5051,21,0.375
5051,22,0.1875
5051,23,0.21875
5051,24,0.265625
5051,25,0.34375
5051,26,0.1875
5051,27,0.203125
5051,28,0.171875
5051,29,0.0625
5051,30,0.109375
5051,31,0.171875
5051,32,0.140625
5051,33,0.171875
5051,34,0.234375
5051,35,0.3125
5051,36,0.25
5051,37,0.296875
5051,38,0.25
5051,39,0.296875
5051,40,0.265625
5051,41,0.375
5051,42,0.34375
5051,43,0.40625
5051,44,0.453125
5052,0,0.078125
5052,1,0.171875
5052,2,0.28125
5052,3,0.25
5052,4,0.328125
5052,5,0.203125
5052,6,0.1875
5052,7,0.203125
5052,8,0.21875
5052,9,0.375
5052,10,0.328125
5052,11,0.125
5052,12,0.1875
5052,13,0.140625
5052,14,0.21875
5052,15,0.25
5052,16,0.34375
5052,17,0.40625
5052,18,0.375
5052,19,0.296875
5052,20,0.25
5052,21,0.28125
5052,22,0.328125
5053,0,0.15625
5053,1,0.375
5053,2,0.3125
5053,3,0.203125
5053,4,0.296875
5053,5,0.203125
5053,6,0.15625
5053,7,0.203125
5053,8,0.09375
5053,9,0.15625
5053,10,0.109375
5053,11,0.15625
5053,12,0.1875
5053,13,0.234375
5053,14,0.296875
5053,15,0.28125
5053,16,0.21875
5053,17,0.25
5053,18,0.296875
5053,19,0.234375
5053,20,0.328125
5053,21,0.453125
5053,22,0.40625
5053,23,0.359375
5053,24,0.1875
5053,25,0.15625
5053,26,0.296875
5053,27,0.375
5053,28,0.28125
5053,29,0.21875
5053,30,0.234375
5053,31,0.203125
5053,32,0.296875
5053,33,0.328125
5053,34,0.234375
5053,35,0.28125
5053,36,0.359375
5053,37,0.453125
5053,38,0.3125
5053,39,0.3125
5053,40,0.4375
5053,41,0.328125
5053,42,0.25
5053,43,0.296875
5053,44,0.359375
5053,45,0.265625
5053,46,0.34375
5053,47,0.578125
5053,48,0.515625
5053,49,0.296875
5053,50,0.296875
5053,51,0.4375
5053,52,0.375
5053,53,0.453125
5053,54,0.390625
5053,55,0.46875
5053,56,0.515625
5053,57,0.546875
5053,58,0.609375
5053,59,0.328125
5053,60,0.28125
5053,61,0.453125
5053,62,0.375
5053,63,0.3125
5053,64,0.40625
5053,65,0.296875
5053,66,0.390625
5053,67,0.34375
5053,68,0.40625
5053,69,0.40625
5053,70,0.375
5053,71,0.40625
5053,72,0.234375
5053,73,0.296875
5053,74,0.265625
5053,75,0.15625
5053,76,0.25
5053,77,0.25
5053,78,0.28125
5053,79,0.234375
5053,80,0.265625
5053,81,0.203125
5053,82,0.140625
5053,83,0.328125
5053,84,0.25
5053,85,0.171875
5053,86,0.359375
5053,87,0.3125
5053,88,0.34375
5053,89,0.421875
5053,90,0.328125
5053,91,0.21875
5053,92,0.15625
5053,93,0.203125
5053,94,0.171875
5053,95,0.234375
5053,96,0.296875
5053,97,0.203125
5053,98,0.265625
5053,99,0.328125
5053,100,0.234375
5053,101,0.21875
5053,102,0.28125
5053,103,0.1875
5053,104,0.25
5053,105,0.328125
5053,106,0.25
5053,107,0.203125
5053,108,0.296875
5053,109,0.265625
5053,110,0.328125
5053,111,0.3125
5053,112,0.296875
5053,113,0.328125
5053,114,0.25
5053,115,0.171875
5053,116,0.25
5053,117,0.3125
5053,118,0.28125
5053,119,0.359375
5053,120,0.453125
5053,121,0.359375
5053,122,0.421875
5053,123,0.34375
5053,124,0.28125
5053,125,0.234375
5053,126,0.1875
5053,127,0.234375
5053,128,0.265625
5053,129,0.3125
5053,130,0.484375
5053,131,0.34375
5053,132,0.390625
5053,133,0.265625
5053,134,0.296875
5053,135,0.46875
5053,136,0.671875
5053,137,0.578125
5053,138,0.375
5053,139,0.421875
5053,140,0.484375
5053,141,0.421875
5053,142,0.375
5053,143,0.296875
5053,144,0.375
5053,145,0.3125
5053,146,0.453125
5053,147,0.375
5053,148,0.5
5053,149,0.40625
5053,150,0.453125
5053,151,0.453125
5053,152,0.484375
5053,153,0.4375
5053,154,0.46875
5053,155,0.421875
5053,156,0.453125
5053,157,0.296875
5053,158,0.25
5053,159,0.328125
5053,160,0.25
5053,161,0.296875
5053,162,0.359375
5053,163,0.28125
5053,164,0.328125
5053,165,0.359375
5053,166,0.4375
5053,167,0.484375
5053,168,0.40625
5053,169,0.484375
5053,170,0.53125
5053,171,0.359375
5053,172,0.34375
5053,173,0.265625
5053,174,0.203125
5053,175,0.28125
5053,176,0.359375
5053,177,0.296875
5053,178,0.203125
5053,179,0.265625
5053,180,0.25
5053,181,0.3125
5053,182,0.28125
5053,183,0.234375
5053,184,0.3125
5053,185,0.328125
5053,186,0.390625
5053,187,0.328125
5053,188,0.359375
5053,189,0.40625
5053,190,0.453125
5053,191,0.390625
5053,192,0.34375
5053,193,0.25
5053,194,0.28125
5053,195,0.34375
5053,196,0.359375
5053,197,0.421875
5053,198,0.3125
5053,199,0.359375
5053,200,0.296875
5053,201,0.3125
5053,202,0.28125
5053,203,0.234375
5053,204,0.28125
5053,205,0.28125
5053,206,0.21875
5053,207,0.28125
5053,208,0.390625
5053,209,0.34375
5053,210,0.390625
5053,211,0.34375
5053,212,0.3125
5053,213,0.21875
5053,214,0.09375
5053,215,0.125
5053,216,0.203125
5053,217,0.296875
5053,218,0.296875
5053,219,0.296875
5053,220,0.171875
5053,221,0.21875
5053,222,0.3125
5053,223,0.390625
5053,224,0.59375
5054,0,0.1875
5054,1,0.25
5054,2,0.140625
5054,3,0.078125
5054,4,0.125
5054,5,0.203125
5054,6,0.140625
5054,7,0.21875
5054,8,0.15625
5054,9,0.203125
5054,10,0.265625
5054,11,0.1875
5054,12,0.25
5054,13,0.21875
5054,14,0.296875
5054,15,0.375
5054,16,0.4375
5054,17,0.375
5054,18,0.421875
5054,19,0.515625
5054,20,0.5
5054,21,0.484375
5055,0,0.09375
5055,1,0.125
5055,2,0.171875
5055,3,0.234375
5055,4,0.171875
5055,5,0.21875
5055,6,0.203125
5055,7,0.234375
5055,8,0.421875
5055,9,0.375
5055,10,0.390625
5055,11,0.3125
5055,12,0.28125
5055,13,0.3125
5055,14,0.3125
5055,15,0.359375
5055,16,0.421875
5055,17,0.34375
5055,18,0.4375
5055,19,0.328125
5055,20,0.359375
5055,21,0.265625
5055,22,0.359375
5055,23,0.390625
5055,24,0.3125
5055,25,0.375
5055,26,0.3125
5055,27,0.328125
5055,28,0.296875
5055,29,0.328125
5055,30,0.390625
5055,31,0.3125
5055,32,0.234375
5055,33,0.265625
5055,34,0.34375
5055,35,0.234375
5055,36,0.359375
5055,37,0.203125
5055,38,0.203125
5055,39,0.234375
5055,40,0.140625
5055,41,0.203125
5055,42,0.28125
5055,43,0.21875
5055,44,0.390625
5055,45,0.328125
5055,46,0.25
5055,47,0.296875
5055,48,0.25
5055,49,0.328125
5055,50,0.359375
5055,51,0.25
5055,52,0.15625
5055,53,0.203125
5055,54,0.234375
5055,55,0.15625
5055,56,0.203125
5055,57,0.171875
5055,58,0.28125
5055,59,0.25
5055,60,0.3125
5055,61,0.234375
5055,62,0.28125
5055,63,0.21875
5055,64,0.28125
5055,65,0.328125
5055,66,0.25
5055,67,0.28125
5055,68,0.1875
5055,69,0.265625
5055,70,0.203125
5055,71,0.265625
5055,72,0.40625
5055,73,0.359375
5055,74,0.375
5055,75,0.28125
5055,76,0.203125
5055,77,0.234375
5055,78,0.21875
5055,79,0.3125
5055,80,0.265625
5055,81,0.375
5055,82,0.25
5055,83,0.359375
5055,84,0.328125
5055,85,0.359375
5055,86,0.328125
5055,87,0.40625
5055,88,0.453125
5055,89,0.375
5055,90,0.28125
5055,91,0.234375
5055,92,0.15625
5055,93,0.21875
5055,94,0.296875
5055,95,0.359375
5055,96,0.265625
5055,97,0.34375
5055,98,0.4375
5055,99,0.34375
5055,100,0.28125
5055,101,0.21875
5055,102,0.171875
5055,103,0.234375
5055,104,0.265625
5055,105,0.3125
5055,106,0.265625
5055,107,0.296875
5055,108,0.203125
5055,109,0.265625
5055,110,0.3125
5055,111,0.234375
5055,112,0.4375
5055,113,0.359375
5055,114,0.40625
5055,115,0.484375
5055,116,0.390625
5055,117,0.3125
5055,118,0.3125
5055,119,0.25
5055,120,0.390625
5055,121,0.359375
5055,122,0.265625
5055,123,0.25
5055,124,0.296875
5055,125,0.375
5055,126,0.390625
5055,127,0.484375
5055,128,0.421875
5055,129,0.453125
5055,130,0.65625
5055,131,0.59375
5055,132,0.484375
5055,133,0.4375
5055,134,0.375
5055,135,0.453125
5055,136,0.359375
5055,137,0.328125
5055,138,0.375
5055,139,0.328125
5055,140,0.203125
5055,141,0.3125
5055,142,0.359375
5055,143,0.296875
5055,144,0.390625
5055,145,0.359375
5055,146,0.3125
5055,147,0.1875
5055,148,0.265625
5055,149,0.1875
5055,150,0.21875
5055,151,0.296875
5055,152,0.21875
5055,153,0.265625
5055,154,0.203125
5055,155,0.296875
5055,156,0.328125
5055,157,0.390625
5055,158,0.34375
5055,159,0.375
5055,160,0.359375
5055,161,0.328125
5055,162,0.328125
5055,163,0.296875
5055,164,0.359375
5055,165,0.28125
5055,166,0.28125
5055,167,0.359375
5055,168,0.390625
5055,169,0.515625
5056,0,0.1875
5056,1,0.375
5056,2,0.296875
5056,3,0.328125
5056,4,0.46875
5056,5,0.421875
5056,6,0.25
5056,7,0.359375
5056,8,0.296875
5056,9,0.234375
5056,10,0.234375
5056,11,0.1875
5056,12,0.203125
5056,13,0.25
5056,14,0.1875
5056,15,0.25
5056,16,0.3125
5056,17,0.1875
5056,18,0.25
5056,19,0.375
5056,20,0.421875
5056,21,0.375
5056,22,0.25
5056,23,0.265625
5056,24,0.203125
5056,25,0.234375
5056,26,0.28125
5056,27,0.3125
5056,28,0.234375
5056,29,0.1875
5056,30,0.140625
5056,31,0.15625
5056,32,0.171875
5056,33,0.203125
5056,34,0.25
5056,35,0.1875
5056,36,0.296875
5056,37,0.34375
5056,38,0.25
5056,39,0.3125
5056,40,0.359375
5056,41,0.28125
5056,42,0.203125
5056,43,0.234375
5056,44,0.359375
5056,45,0.25
5056,46,0.328125
5056,47,0.40625
5056,48,0.4375
5056,49,0.4375
5056,50,0.390625
5056,51,0.328125
5056,52,0.234375
5056,53,0.3125
5056,54,0.34375
5056,55,0.375
5056,56,0.390625
5056,57,0.34375
5056,58,0.390625
5056,59,0.28125
5056,60,0.484375
5056,61,0.53125
5056,62,0.328125
5056,63,0.46875
5056,64,0.25
5056,65,0.203125
5056,66,0.265625
5056,67,0.234375
5056,68,0.328125
5056,69,0.40625
5056,70,0.296875
5056,71,0.21875
5056,72,0.125
5056,73,0.1875
5056,74,0.09375
5056,75,0.125
5056,76,0.1875
5056,77,0.234375
5056,78,0.171875
5056,79,0.234375
5056,80,0.34375
5056,81,0.203125
5056,82,0.15625
5056,83,0.09375
5056,84,0.171875
5056,85,0.296875
5056,86,0.25
5056,87,0.296875
5056,88,0.21875
5056,89,0.109375
5056,90,0.125
5056,91,0.21875
5056,92,0.28125
5056,93,0.1875
5056,94,0.203125
5056,95,0.25
5056,96,0.328125
5056,97,0.21875
5056,98,0.3125
5056,99,0.390625
5056,100,0.328125
5056,101,0.375
5056,102,0.34375
5056,103,0.34375
5056,104,0.390625
5056,105,0.34375
5056,106,0.40625
5056,107,0.296875
5056,108,0.359375
5056,109,0.421875
5056,110,0.453125
5056,111,0.546875
5056,112,0.4375
5056,113,0.375
5056,114,0.3125
5056,115,0.34375
5056,116,0.265625
5056,117,0.28125
5056,118,0.4375
5056,119,0.265625
5056,120,0.328125
5056,121,0.25
5056,122,0.21875
5056,123,0.25
5056,124,0.328125
5056,125,0.296875
5056,126,0.296875
5056,127,0.234375
5056,128,0.296875
5056,129,0.34375
5056,130,0.3125
5056,131,0.375
5056,132,0.390625
5056,133,0.453125
5056,134,0.546875
5056,135,0.515625
5056,136,0.59375
5057,0,0.0625
5057,1,0.09375
5057,2,0.171875
5057,3,0.171875
5057,4,0.25
5057,5,0.265625
5057,6,0.328125
5057,7,0.21875
5057,8,0.296875
5057,9,0.34375
5057,10,0.375
5057,11,0.453125
5058,0,0.203125
5058,1,0.234375
5058,2,0.453125
5058,3,0.375
5058,4,0.40625
5058,5,0.328125
5058,6,0.234375
5058,7,0.25
5058,8,0.3125
5058,9,0.21875
5058,10,0.15625
5058,11,0.109375
5058,12,0.171875
5058,13,0.234375
5058,14,0.296875
5058,15,0.234375
5058,16,0.3125
5058,17,0.296875
5058,18,0.5625
5058,19,0.515625
5058,20,0.359375
5058,21,0.390625
5058,22,0.4375
5058,23,0.375
5058,24,0.453125
5058,25,0.53125
5058,26,0.453125
5058,27,0.40625
5058,28,0.375
5058,29,0.25
5058,30,0.3125
5058,31,0.421875
5058,32,0.359375
5058,33,0.375
5058,34,0.421875
5058,35,0.34375
5058,36,0.359375
5058,37,0.28125
5058,38,0.359375
5058,39,0.296875
5058,40,0.234375
5058,41,0.265625
5058,42,0.3125
5058,43,0.203125
5058,44,0.265625
5058,45,0.328125
5058,46,0.265625
5058,47,0.296875
5058,48,0.234375
5058,49,0.34375
5058,50,0.40625
5058,51,0.484375
5058,52,0.484375
5058,53,0.4375
5058,54,0.515625
5058,55,0.46875
5058,56,0.53125
5058,57,0.59375
5058,58,0.453125
5058,59,0.359375
5058,60,0.40625
5058,61,0.359375
5058,62,0.375
5058,63,0.3125
5058,64,0.265625
5058,65,0.203125
5058,66,0.25
5058,67,0.203125
5058,68,0.25
5058,69,0.203125
5058,70,0.234375
5058,71,0.34375
5058,72,0.296875
5058,73,0.28125
5058,74,0.25
5058,75,0.21875
5058,76,0.296875
5058,77,0.21875
5058,78,0.28125
5058,79,0.234375
5058,80,0.28125
5058,81,0.328125
5058,82,0.265625
5058,83,0.28125
5058,84,0.28125
5058,85,0.34375
5058,86,0.421875
5058,87,0.484375
5058,88,0.375
5058,89,0.296875
5058,90,0.234375
5058,91,0.1875
5058,92,0.234375
5058,93,0.1875
5058,94,0.28125
5058,95,0.234375
5058,96,0.1875
5058,97,0.25
5058,98,0.203125
5058,99,0.28125
5058,100,0.234375
5058,101,0.171875
5058,102,0.15625
5058,103,0.21875
5058,104,0.25
5058,105,0.1875
5058,106,0.265625
5058,107,0.328125
5058,108,0.28125
5058,109,0.296875
5058,110,0.28125
5058,111,0.390625
5058,112,0.328125
5058,113,0.328125
5058,114,0.25
5058,115,0.203125
5058,116,0.203125
5058,117,0.296875
5058,118,0.265625
5058,119,0.171875
5058,120,0.234375
5058,121,0.375
5058,122,0.46875
5058,123,0.359375
5058,124,0.28125
5058,125,0.328125
5058,126,0.34375
5058,127,0.375
5058,128,0.34375
5058,129,0.40625
5058,130,0.21875
5058,131,0.296875
5058,132,0.328125
5058,133,0.21875
5058,134,0.21875
5058,135,0.28125
5058,136,0.34375
5058,137,0.234375
5058,138,0.3125
5058,139,0.40625
5058,140,0.328125
5058,141,0.390625
5058,142,0.328125
5058,143,0.265625
5058,144,0.375
5058,145,0.328125
5058,146,0.21875
5058,147,0.25
5058,148,0.34375
5058,149,0.28125
5058,150,0.34375
5059,0,0.09375
5059,1,0.25
5059,2,0.3125
5059,3,0.140625
5059,4,0.234375
5059,5,0.171875
5059,6,0.09375
5059,7,0.1875
5059,8,0.28125
5059,9,0.34375
5059,10,0.171875
5059,11,0.15625
5059,12,0.109375
5059,13,0.171875
5059,14,0.21875
5059,15,0.296875
5059,16,0.390625
5059,17,0.5
5059,18,0.296875
5059,19,0.203125
5059,20,0.125
5059,21,0.21875
5059,22,0.1875
5059,23,0.140625
5059,24,0.140625
5059,25,0.171875
5059,26,0.21875
5059,27,0.203125
5059,28,0.25
5059,29,0.203125
5059,30,0.28125
5059,31,0.25
5059,32,0.203125
5059,33,0.28125
5059,34,0.3125
5059,35,0.375
5059,36,0.328125
5059,37,0.25
5059,38,0.1875
5059,39,0.234375
5059,40,0.171875
5059,41,0.25
5059,42,0.1875
5059,43,0.21875
5059,44,0.265625
5059,45,0.3125
5059,46,0.28125
5059,47,0.328125
5059,48,0.21875
5059,49,0.265625
5059,50,0.1875
5059,51,0.125
5059,52,0.234375
5059,53,0.21875
5059,54,0.265625
5059,55,0.296875
5059,56,0.25
5059,57,0.296875
5059,58,0.34375
5059,59,0.3125
5059,60,0.359375
5059,61,0.390625
5059,62,0.34375
5059,63,0.28125
5059,64,0.375
5059,65,0.421875
5059,66,0.171875
5059,67,0.296875
5059,68,0.234375
5059,69,0.171875
5059,70,0.234375
5059,71,0.3125
5059,72,0.28125
5059,73,0.21875
5059,74,0.359375
5059,75,0.28125
5059,76,0.34375
5059,77,0.390625
5059,78,0.25
5059,79,0.359375
5059,80,0.328125
5059,81,0.421875
5059,82,0.390625
5059,83,0.328125
5059,84,0.15625
5059,85,0.203125
5059,86,0.15625
5059,87,0.234375
5059,88,0.296875
5059,89,0.34375
5059,90,0.3125
5059,91,0.265625
5059,92,0.1875
5059,93,0.125
5059,94,0.234375
5059,95,0.203125
5059,96,0.171875
5059,97,0.21875
5059,98,0.234375
5059,99,0.171875
5059,100,0.21875
5059,101,0.359375
5059,102,0.375
5059,103,0.265625
5059,104,0.25
5059,105,0.25
5059,106,0.328125
5059,107,0.21875
5059,108,0.265625
5059,109,0.328125
5059,110,0.375
5059,111,0.46875
5059,112,0.390625
5059,113,0.28125
5059,114,0.21875
5059,115,0.171875
5059,116,0.1875
5059,117,0.25
5059,118,0.1875
5059,119,0.21875
5059,120,0.25
5059,121,0.375
5059,122,0.140625
5059,123,0.109375
5059,124,0.1875
5059,125,0.21875
5059,126,0.28125
5059,127,0.375
5059,128,0.28125
5059,129,0.328125
5059,130,0.421875
5059,131,0.359375
5059,132,0.4375
5059,133,0.390625
5059,134,0.28125
5059,135,0.421875
5059,136,0.28125
5059,137,0.328125
5059,138,0.28125
5059,139,0.328125
5059,140,0.375
5059,141,0.328125
5059,142,0.390625
5059,143,0.34375
5059,144,0.453125
5060,0,0.171875
5060,1,0.125
5060,2,0.3125
5060,3,0.359375
5060,4,0.3125
5060,5,0.375
5060,6,0.359375
5060,7,0.28125
5060,8,0.09375
5060,9,0.15625
5060,10,0.21875
5060,11,0.1875
5060,12,0.25
5060,13,0.25
5060,14,0.1875
5060,15,0.265625
5060,16,0.1875
5060,17,0.234375
5060,18,0.265625
5060,19,0.328125
5060,20,0.234375
5060,21,0.171875
5060,22,0.203125
5060,23,0.15625
5060,24,0.203125
5060,25,0.265625
5060,26,0.1875
5060,27,0.140625
5060,28,0.21875
5060,29,0.296875
5060,30,0.34375
5060,31,0.359375
5060,32,0.25
5060,33,0.1875
5060,34,0.25
5060,35,0.203125
5060,36,0.21875
5060,37,0.265625
5060,38,0.171875
5060,39,0.234375
5060,40,0.1875
5060,41,0.265625
5060,42,0.328125
5060,43,0.25
5060,44,0.265625
5060,45,0.359375
5060,46,0.296875
5060,47,0.296875
5060,48,0.203125
5060,49,0.296875
5060,50,0.25
5060,51,0.3125
5060,52,0.234375
5060,53,0.203125
5060,54,0.265625
5060,55,0.40625
5060,56,0.3125
5060,57,0.40625
5060,58,0.328125
5060,59,0.390625
5060,60,0.28125
5060,61,0.1875
5060,62,0.234375
5060,63,0.3125
5060,64,0.234375
5060,65,0.234375
5060,66,0.328125
5060,67,0.21875
5060,68,0.171875
5060,69,0.203125
5060,70,0.234375
5060,71,0.328125
5060,72,0.28125
5060,73,0.15625
5060,74,0.1875
5060,75,0.140625
5060,76,0.1875
5060,77,0.203125
5060,78,0.265625
5060,79,0.296875
5060,80,0.375
5060,81,0.4375
5060,82,0.359375
5060,83,0.3125
5060,84,0.3125
5060,85,0.296875
5060,86,0.390625
5060,87,0.375
5060,88,0.34375
5060,89,0.421875
5060,90,0.5
5060,91,0.578125
5060,92,0.40625
5060,93,0.40625
5060,94,0.609375
5061,0,0.21875
5061,1,0.125
5061,2,0.1875
5061,3,0.265625
5061,4,0.09375
5061,5,0.21875
5061,6,0.125
5061,7,0.1875
5061,8,0.21875
5061,9,0.328125
5061,10,0.421875
5061,11,0.3125
5061,12,0.390625
5061,13,0.34375
5061,14,0.40625
5061,15,0.46875
5061,16,0.546875
5062,0,0.140625
5062,1,0.046875
5062,2,0.0625
5062,3,0.09375
5062,4,0.078125
5062,5,0.046875
5062,6,0.125
5062,7,0.171875
5062,8,0.25
5062,9,0.1875
5062,10,0.25
5062,11,0.328125
5062,12,0.375
5062,13,0.375
5062,14,0.3125
5062,15,0.265625
5062,16,0.265625
5062,17,0.296875
5062,18,0.359375
5062,19,0.28125
5062,20,0.328125
5062,21,0.265625
5062,22,0.34375
5062,23,0.390625
5062,24,0.46875
5062,25,0.296875
5062,26,0.359375
5062,27,0.4375
5062,28,0.328125
5062,29,0.40625
5062,30,0.3125
5062,31,0.28125
5062,32,0.34375
5062,33,0.421875
5062,34,0.25
5062,35,0.3125
5062,36,0.375
5062,37,0.40625
5062,38,0.359375
5062,39,0.4375
5062,40,0.453125
5062,41,0.375
5062,42,0.40625
5062,43,0.21875
5062,44,0.265625
5062,45,0.1875
5062,46,0.234375
5062,47,0.28125
5062,48,0.296875
5062,49,0.375
5062,50,0.34375
5062,51,0.25
5062,52,0.296875
5062,53,0.234375
5062,54,0.296875
5062,55,0.265625
5062,56,0.25
5062,57,0.171875
5062,58,0.140625
5062,59,0.203125
5062,60,0.328125
5062,61,0.28125
5062,62,0.171875
5062,63,0.1875
5062,64,0.3125
5063,0,0.0625
5063,1,0.109375
5063,2,0.140625
5063,3,0.15625
5063,4,0.234375
5063,5,0.15625
5063,6,0.1875
5063,7,0.078125
5063,8,0.046875
5063,9,0.140625
5063,10,0.15625
5063,11,0.21875
5063,12,0.28125
5063,13,0.203125
5063,14,0.125
5063,15,0.1875
5063,16,0.265625
5063,17,0.203125
5063,18,0.21875
5063,19,0.25
5063,20,0.34375
5063,21,0.5
5064,0,0.078125
5064,1,0.125
5064,2,0.140625
5064,3,0.171875
5064,4,0.265625
5064,5,0.328125
5064,6,0.296875
5064,7,0.21875
5064,8,0.28125
5064,9,0.3125
5064,10,0.421875
5064,11,0.296875
5064,12,0.1875
5064,13,0.265625
5064,14,0.265625
5064,15,0.234375
5064,16,0.265625
5064,17,0.203125
5064,18,0.234375
5064,19,0.296875
5064,20,0.34375
5064,21,0.390625
5064,22,0.203125
5064,23,0.125
5064,24,0.1875
5064,25,0.109375
5064,26,0.28125
5064,27,0.1875
5064,28,0.234375
5064,29,0.1875
5064,30,0.171875
5064,31,0.234375
5064,32,0.25
5064,33,0.203125
5064,34,0.265625
5064,35,0.328125
5064,36,0.28125
5064,37,0.265625
5064,38,0.328125
5064,39,0.28125
5064,40,0.234375
5064,41,0.390625
5064,42,0.25
5064,43,0.25
5064,44,0.28125
5064,45,0.296875
5064,46,0.25
5064,47,0.328125
5064,48,0.375
5064,49,0.4375
5064,50,0.375
5064,51,0.3125
5064,52,0.390625
5064,53,0.328125
5064,54,0.375
5064,55,0.3125
5064,56,0.34375
5064,57,0.296875
5064,58,0.359375
5064,59,0.296875
5064,60,0.359375
5064,61,0.3125
5064,62,0.234375
5064,63,0.265625
5064,64,0.296875
5064,65,0.25
5064,66,0.3125
5064,67,0.375
5064,68,0.359375
5064,69,0.28125
5064,70,0.34375
5064,71,0.203125
5064,72,0.265625
5064,73,0.25
5064,74,0.203125
5064,75,0.28125
5064,76,0.203125
5064,77,0.234375
5064,78,0.171875
5064,79,0.265625
5064,80,0.34375
5064,81,0.296875
5064,82,0.234375
5064,83,0.265625
5064,84,0.34375
5064,85,0.359375
5064,86,0.359375
5064,87,0.421875
5064,88,0.234375
5064,89,0.3125
5064,90,0.375
5064,91,0.328125
5064,92,0.359375
5064,93,0.328125
5064,94,0.390625
5064,95,0.3125
5064,96,0.265625
5064,97,0.328125
5064,98,0.265625
5064,99,0.328125
5064,100,0.25
5064,101,0.1875
5064,102,0.265625
5064,103,0.1875
5064,104,0.234375
5064,105,0.296875
5064,106,0.234375
5064,107,0.3125
5064,108,0.34375
5064,109,0.421875
5064,110,0.46875
5064,111,0.53125
5064,112,0.546875
5064,113,0.359375
5064,114,0.453125
5064,115,0.25
5064,116,0.28125
5064,117,0.359375
5064,118,0.3125
5064,119,0.421875
5065,0,0.1875
5065,1,0.140625
5065,2,0.125
5065,3,0.171875
5065,4,0.234375
5065,5,0.28125
5065,6,0.375
5065,7,0.3125
5065,8,0.296875
5065,9,0.234375
5065,10,0.28125
5065,11,0.234375
5065,12,0.375
5065,13,0.328125
5065,14,0.390625
5065,15,0.25
5065,16,0.328125
5065,17,0.265625
5065,18,0.28125
5065,19,0.359375
5065,20,0.265625
5065,21,0.375
5065,22,0.484375
5065,23,0.1875
5065,24,0.265625
5065,25,0.328125
5065,26,0.421875
5065,27,0.359375
5065,28,0.296875
5065,29,0.25
5065,30,0.3125
5065,31,0.28125
5065,32,0.34375
5065,33,0.359375
5065,34,0.3125
5065,35,0.28125
5065,36,0.3125
5065,37,0.25
5065,38,0.1875
5065,39,0.25
5065,40,0.328125
5065,41,0.25
5065,42,0.359375
5065,43,0.578125
5065,44,0.390625
5065,45,0.453125
5065,46,0.375
5065,47,0.28125
5065,48,0.3125
5065,49,0.296875
5065,50,0.34375
5065,51,0.28125
5065,52,0.3125
5065,53,0.265625
5065,54,0.1875
5065,55,0.28125
5065,56,0.21875
5065,57,0.28125
5065,58,0.328125
5065,59,0.3125
5065,60,0.25
5065,61,0.28125
5065,62,0.390625
5065,63,0.3125
5065,64,0.28125
5065,65,0.3125
5065,66,0.375
5065,67,0.265625
5065,68,0.34375
5065,69,0.28125
5065,70,0.3125
5065,71,0.1875
5065,72,0.265625
5065,73,0.3125
5065,74,0.140625
5065,75,0.234375
5065,76,0.15625
5065,77,0.21875
5065,78,0.28125
5065,79,0.25
5065,80,0.28125
5065,81,0.203125
5065,82,0.21875
5065,83,0.265625
5065,84,0.1875
5065,85,0.1875
5065,86,0.140625
5065,87,0.21875
5065,88,0.296875
5065,89,0.203125
5065,90,0.390625
5065,91,0.328125
5065,92,0.34375
5065,93,0.28125
5065,94,0.328125
5065,95,0.28125
5065,96,0.359375
5065,97,0.25
5065,98,0.25
5065,99,0.28125
5065,100,0.234375
5065,101,0.3125
5065,102,0.40625
5065,103,0.484375
5065,104,0.40625
5065,105,0.46875
5065,106,0.421875
5065,107,0.34375
5065,108,0.453125
5065,109,0.34375
5065,110,0.3125
5065,111,0.375
5065,112,0.296875
5065,113,0.296875
5065,114,0.34375
5065,115,0.390625
5065,116,0.3125
5065,117,0.375
5065,118,0.328125
5065,119,0.359375
5065,120,0.296875
5065,121,0.328125
5065,122,0.28125
5065,123,0.1875
5065,124,0.21875
5065,125,0.21875
5065,126,0.265625
5065,127,0.25
5065,128,0.28125
5065,129,0.203125
5065,130,0.234375
5065,131,0.28125
5065,132,0.328125
5065,133,0.3125
5065,134,0.40625
5065,135,0.40625
5065,136,0.328125
5065,137,0.296875
5065,138,0.34375
5065,139,0.421875
5065,140,0.46875
5066,0,0.125
5066,1,0.21875
5066,2,0.140625
5066,3,0.234375
5066,4,0.171875
5066,5,0.234375
5066,6,0.296875
5066,7,0.234375
5066,8,0.171875
5066,9,0.171875
5066,10,0.15625
5066,11,0.296875
5066,12,0.34375
5066,13,0.40625
5066,14,0.359375
5066,15,0.4375
5066,16,0.265625
5066,17,0.296875
5066,18,0.4375
5066,19,0.375
5067,0,0.171875
5067,1,0.109375
5067,2,0.15625
5067,3,0.21875
5067,4,0.265625
5067,5,0.171875
5067,6,0.265625
5067,7,0.328125
5067,8,0.40625
5067,9,0.4375
5067,10,0.390625
5067,11,0.359375
5067,12,0.421875
5067,13,0.34375
5067,14,0.453125
5067,15,0.546875
5067,16,0.390625
5067,17,0.484375
5067,18,0.328125
5067,19,0.421875
5067,20,0.21875
5067,21,0.234375
5067,22,0.21875
5067,23,0.25
5067,24,0.1875
5067,25,0.3125
5067,26,0.328125
5067,27,0.375
5067,28,0.328125
5067,29,0.40625
5067,30,0.46875
5068,0,0.078125
5068,1,0.125
5068,2,0.171875
5068,3,0.203125
5068,4,0.34375
5068,5,0.265625
5068,6,0.203125
5068,7,0.28125
5068,8,0.25
5068,9,0.28125
5068,10,0.1875
5068,11,0.28125
5068,12,0.25
5068,13,0.171875
5068,14,0.203125
5068,15,0.34375
5068,16,0.28125
5068,17,0.359375
5069,0,0.078125
5069,1,0.109375
5069,2,0.1875
5069,3,0.265625
5069,4,0.328125
5069,5,0.421875
5069,6,0.234375
5069,7,0.296875
5069,8,0.203125
5069,9,0.21875
5069,10,0.25
5069,11,0.203125
5069,12,0.3125
5069,13,0.375
5069,14,0.296875
5069,15,0.265625
5069,16,0.328125
5069,17,0.296875
5069,18,0.34375
5069,19,0.265625
5069,20,0.203125
5069,21,0.265625
5069,22,0.21875
5069,23,0.25
5069,24,0.28125
5069,25,0.34375
5069,26,0.359375
5069,27,0.296875
5069,28,0.1875
5069,29,0.234375
5070,0,0.09375
5070,1,0.140625
5070,2,0.203125
5070,3,0.15625
5070,4,0.234375
5070,5,0.265625
5070,6,0.203125
5070,7,0.296875
5070,8,0.359375
5070,9,0.40625
5070,10,0.34375
5070,11,0.25
5070,12,0.34375
5070,13,0.25
5070,14,0.3125
5070,15,0.28125
5070,16,0.328125
5070,17,0.3125
5070,18,0.234375
5070,19,0.25
5070,20,0.21875
5070,21,0.265625
5070,22,0.25
5070,23,0.171875
5070,24,0.21875
5070,25,0.171875
5070,26,0.21875
5070,27,0.28125
5070,28,0.203125
5070,29,0.171875
5070,30,0.203125
5070,31,0.296875
5070,32,0.25
5070,33,0.234375
5070,34,0.28125
5070,35,0.265625
5070,36,0.328125
5070,37,0.34375
5070,38,0.28125
5070,39,0.21875
5070,40,0.28125
5070,41,0.25
5070,42,0.203125
5070,43,0.15625
5070,44,0.21875
5070,45,0.296875
5070,46,0.25
5070,47,0.21875
5070,48,0.28125
5070,49,0.328125
5070,50,0.375
5070,51,0.4375
5070,52,0.296875
5070,53,0.453125
5070,54,0.359375
5070,55,0.296875
5070,56,0.34375
5070,57,0.421875
5070,58,0.5
5070,59,0.421875
5070,60,0.328125
5070,61,0.390625
5070,62,0.4375
5070,63,0.4375
5070,64,0.375
5070,65,0.4375
5070,66,0.25
5070,67,0.328125
5070,68,0.28125
5070,69,0.171875
5070,70,0.171875
5070,71,0.15625
5070,72,0.1875
5070,73,0.21875
5070,74,0.171875
5070,75,0.234375
5070,76,0.1875
5070,77,0.265625
5070,78,0.21875
5070,79,0.28125
5070,80,0.328125
5070,81,0.25
5070,82,0.25
5070,83,0.21875
5070,84,0.140625
5070,85,0.234375
5070,86,0.21875
5070,87,0.296875
5070,88,0.328125
5070,89,0.421875
5070,90,0.328125
5070,91,0.34375
5070,92,0.296875
5070,93,0.34375
5070,94,0.40625
5071,0,0.203125
5071,1,0.40625
5071,2,0.4375
5071,3,0.53125
5071,4,0.25
5071,5,0.171875
5071,6,0.203125
5071,7,0.21875
5071,8,0.1875
5071,9,0.21875
5071,10,0.15625
5071,11,0.171875
5071,12,0.25
5071,13,0.171875
5071,14,0.234375
5071,15,0.171875
5071,16,0.203125
5071,17,0.234375
5071,18,0.125
5071,19,0.1875
5071,20,0.25
5071,21,0.296875
5071,22,0.203125
5071,23,0.140625
5071,24,0.203125
5071,25,0.234375
5071,26,0.375
5071,27,0.265625
5071,28,0.1875
5071,29,0.15625
5071,30,0.25
5071,31,0.28125
5071,32,0.21875
5071,33,0.28125
5071,34,0.21875
5071,35,0.265625
5071,36,0.3125
5071,37,0.359375
5071,38,0.375
5071,39,0.28125
5071,40,0.15625
5071,41,0.171875
5071,42,0.265625
5071,43,0.328125
5071,44,0.390625
5071,45,0.421875
5071,46,0.375
5071,47,0.28125
5071,48,0.234375
5071,49,0.359375
5071,50,0.265625
5071,51,0.28125
5071,52,0.34375
5071,53,0.28125
5071,54,0.328125
5071,55,0.265625
5071,56,0.328125
5071,57,0.265625
5071,58,0.328125
5071,59,0.28125
5071,60,0.234375
5071,61,0.28125
5071,62,0.265625
5071,63,0.3125
5071,64,0.21875
5071,65,0.234375
5071,66,0.3125
5071,67,0.234375
5071,68,0.328125
5071,69,0.390625
5071,70,0.25
5071,71,0.28125
5071,72,0.21875
5071,73,0.25
5071,74,0.3125
5071,75,0.25
5071,76,0.203125
5071,77,0.234375
5071,78,0.328125
5071,79,0.25
5072,0,0.203125
5072,1,0.28125
5072,2,0.21875
5072,3,0.171875
5072,4,0.15625
5072,5,0.203125
5073,0,0.1875
5073,1,0.203125
5073,2,0.125
5073,3,0.171875
5073,4,0.234375
5073,5,0.265625
5073,6,0.1875
5073,7,0.21875
5073,8,0.28125
5073,9,0.34375
5073,10,0.390625
5073,11,0.3125
5073,12,0.21875
5073,13,0.15625
5073,14,0.21875
5073,15,0.328125
5073,16,0.421875
5073,17,0.375
5073,18,0.328125
5073,19,0.34375
5073,20,0.234375
5073,21,0.296875
5073,22,0.1875
5073,23,0.25
5073,24,0.203125
5073,25,0.25
5073,26,0.296875
5073,27,0.25
5073,28,0.1875
5073,29,0.234375
5073,30,0.296875
5073,31,0.21875
5073,32,0.140625
5073,33,0.28125
5073,34,0.25
5073,35,0.265625
5073,36,0.3125
5073,37,0.328125
5073,38,0.28125
5073,39,0.234375
5073,40,0.296875
5073,41,0.5
5073,42,0.421875
5073,43,0.46875
5073,44,0.375
5073,45,0.359375
5073,46,0.28125
5074,0,0.1875
5074,1,0.21875
5074,2,0.15625
5074,3,0.21875
5074,4,0.265625
5074,5,0.34375
5074,6,0.265625
5074,7,0.1875
5074,8,0.234375
5074,9,0.265625
5074,10,0.390625
5074,11,0.34375
5074,12,0.296875
5074,13,0.3125
5074,14,0.234375
5074,15,0.265625
5074,16,0.140625
5074,17,0.21875
5074,18,0.265625
5074,19,0.140625
5074,20,0.28125
5074,21,0.421875
5074,22,0.296875
5074,23,0.1875
5074,24,0.265625
5074,25,0.328125
5074,26,0.390625
5074,27,0.5625
5074,28,0.484375
5074,29,0.390625
5074,30,0.359375
5074,31,0.3125
5074,32,0.28125
5074,33,0.375
5074,34,0.3125
5074,35,0.546875
5075,0,0.109375
5075,1,0.171875
5075,2,0.25
5075,3,0.09375
5075,4,0.15625
5075,5,0.109375
5075,6,0.15625
5075,7,0.21875
5075,8,0.390625
5075,9,0.328125
5075,10,0.28125
5075,11,0.21875
5075,12,0.28125
5075,13,0.21875
5075,14,0.234375
5075,15,0.203125
5075,16,0.296875
5075,17,0.21875
5075,18,0.296875
5075,19,0.359375
5075,20,0.453125
5075,21,0.234375
5075,22,0.203125
5075,23,0.265625
5075,24,0.28125
5075,25,0.234375
5075,26,0.28125
5075,27,0.328125
5075,28,0.28125
5075,29,0.21875
5075,30,0.28125
5075,31,0.25
5075,32,0.3125
5075,33,0.34375
5075,34,0.296875
5075,35,0.21875
5075,36,0.234375
5075,37,0.15625
5075,38,0.25
5075,39,0.234375
5075,40,0.265625
5075,41,0.296875
5075,42,0.40625
5075,43,0.578125
5075,44,0.546875
5075,45,0.375
5075,46,0.421875
5075,47,0.546875
5075,48,0.359375
5075,49,0.296875
5075,50,0.25
5075,51,0.3125
5075,52,0.234375
5075,53,0.296875
5075,54,0.21875
5075,55,0.359375
5075,56,0.4375
5075,57,0.328125
5075,58,0.265625
5075,59,0.34375
5075,60,0.3125
5075,61,0.34375
5075,62,0.359375
5075,63,0.265625
5075,64,0.1875
5075,65,0.25
5075,66,0.3125
5075,67,0.40625
5075,68,0.25
5075,69,0.328125
5075,70,0.25
5075,71,0.359375
5075,72,0.328125
5075,73,0.421875
5075,74,0.484375
5075,75,0.421875
5075,76,0.5
5075,77,0.578125
5076,0,0.078125
5076,1,0.15625
5076,2,0.203125
5076,3,0.125
5076,4,0.171875
5076,5,0.125
5076,6,0.171875
5076,7,0.203125
5076,8,0.140625
5076,9,0.28125
5076,10,0.21875
5076,11,0.265625
5076,12,0.328125
5076,13,0.375
5076,14,0.3125
5076,15,0.25
5076,16,0.234375
5076,17,0.296875
5076,18,0.28125
5076,19,0.21875
5076,20,0.171875
5076,21,0.3125
5076,22,0.203125
5076,23,0.171875
5076,24,0.21875
5076,25,0.328125
5076,26,0.203125
5076,27,0.234375
5076,28,0.296875
5076,29,0.234375
5076,30,0.171875
5076,31,0.328125
5076,32,0.25
5076,33,0.3125
5076,34,0.234375
5076,35,0.265625
5076,36,0.265625
5076,37,0.21875
5076,38,0.3125
5076,39,0.375
5076,40,0.203125
5076,41,0.234375
5076,42,0.265625
5076,43,0.34375
5076,44,0.203125
5076,45,0.359375
5076,46,0.640625
5076,47,0.453125
5076,48,0.5
5077,0,0.125
5077,1,0.109375
5077,2,0.15625
5077,3,0.234375
5077,4,0.15625
5077,5,0.1875
5077,6,0.25
5077,7,0.203125
5077,8,0.15625
5077,9,0.203125
5077,10,0.15625
5077,11,0.203125
5077,12,0.21875
5077,13,0.296875
5077,14,0.234375
5077,15,0.25
5077,16,0.140625
5077,17,0.265625
5077,18,0.21875
5077,19,0.25
5077,20,0.203125
5077,21,0.265625
5077,22,0.171875
5077,23,0.15625
5077,24,0.234375
5077,25,0.1875
5077,26,0.21875
5077,27,0.296875
5077,28,0.265625
5077,29,0.328125
5077,30,0.5
5077,31,0.390625
5077,32,0.4375
5077,33,0.390625
5077,34,0.265625
5077,35,0.203125
5077,36,0.265625
5077,37,0.1875
5077,38,0.21875
5077,39,0.328125
5077,40,0.359375
5077,41,0.28125
5077,42,0.28125
5077,43,0.203125
5077,44,0.265625
5077,45,0.4375
5077,46,0.5
5077,47,0.328125
5077,48,0.265625
5077,49,0.171875
5077,50,0.28125
5077,51,0.28125
5077,52,0.34375
5077,53,0.4375
5077,54,0.4375
5077,55,0.40625
5078,0,0.1875
5078,1,0.15625
5078,2,0.1875
5078,3,0.25
5078,4,0.21875
5078,5,0.296875
5078,6,0.234375
5078,7,0.25
5078,8,0.296875
5078,9,0.328125
5078,10,0.421875
5078,11,0.34375
5078,12,0.34375
5078,13,0.375
5078,14,0.4375
5078,15,0.390625
5078,16,0.4375
5078,17,0.515625
5078,18,0.46875
5078,19,0.484375
5078,20,0.453125
5078,21,0.421875
5078,22,0.359375
5078,23,0.234375
5078,24,0.234375
5078,25,0.296875
5078,26,0.3125
5078,27,0.375
5078,28,0.3125
5078,29,0.28125
5078,30,0.34375
5078,31,0.265625
5078,32,0.296875
5078,33,0.328125
5078,34,0.34375
5078,35,0.265625
5078,36,0.328125
5078,37,0.390625
5078,38,0.34375
5078,39,0.4375
5078,40,0.5
5078,41,0.40625
5078,42,0.484375
5078,43,0.53125
5078,44,0.328125
5078,45,0.203125
5078,46,0.203125
5078,47,0.25
5078,48,0.28125
5078,49,0.234375
5078,50,0.3125
5078,51,0.296875
5078,52,0.328125
5078,53,0.375
5078,54,0.296875
5078,55,0.359375
5078,56,0.296875
5078,57,0.328125
5078,58,0.265625
5078,59,0.34375
5078,60,0.234375
5078,61,0.3125
5078,62,0.265625
5078,63,0.34375
5078,64,0.421875
5078,65,0.21875
5078,66,0.28125
5078,67,0.375
5078,68,0.328125
5078,69,0.40625
5078,70,0.40625
5078,71,0.328125
5078,72,0.265625
5078,73,0.1875
5078,74,0.25
5078,75,0.375
5078,76,0.328125
5078,77,0.28125
5078,78,0.328125
5078,79,0.359375
5078,80,0.4375
5078,81,0.390625
5078,82,0.46875
5078,83,0.40625
5078,84,0.234375
5078,85,0.359375
5078,86,0.3125
5078,87,0.5
5078,88,0.359375
5078,89,0.421875
5078,90,0.328125
5078,91,0.28125
5078,92,0.34375
5078,93,0.390625
5078,94,0.203125
5078,95,0.15625
5078,96,0.234375
5078,97,0.28125
5078,98,0.359375
5078,99,0.28125
5078,100,0.359375
5078,101,0.234375
5078,102,0.3125
5078,103,0.234375
5078,104,0.25
5078,105,0.078125
5078,106,0.1875
5078,107,0.125
5078,108,0.15625
5078,109,0.28125
5078,110,0.375
5078,111,0.28125
5078,112,0.28125
5078,113,0.296875
5078,114,0.265625
5078,115,0.203125
5078,116,0.15625
5078,117,0.21875
5078,118,0.28125
5078,119,0.21875
5078,120,0.171875
5078,121,0.21875
5078,122,0.28125
5078,123,0.1875
5078,124,0.203125
5078,125,0.171875
5078,126,0.25
5078,127,0.375
5078,128,0.296875
5078,129,0.3125
5078,130,0.328125
5078,131,0.265625
5078,132,0.375
5078,133,0.28125
5078,134,0.203125
5078,135,0.234375
5078,136,0.296875
5078,137,0.234375
5078,138,0.234375
5078,139,0.34375
5078,140,0.25
5078,141,0.171875
5078,142,0.1875
5078,143,0.265625
5078,144,0.3125
5078,145,0.40625
5078,146,0.359375
5078,147,0.40625
5078,148,0.375
5078,149,0.3125
5078,150,0.328125
5078,151,0.390625
5078,152,0.484375
5078,153,0.5
5078,154,0.296875
5078,155,0.21875
5078,156,0.3125
5078,157,0.34375
5078,158,0.3125
5078,159,0.359375
5078,160,0.296875
5078,161,0.359375
5078,162,0.40625
5078,163,0.3125
5078,164,0.3125
5078,165,0.265625
5078,166,0.171875
5078,167,0.234375
5078,168,0.375
5078,169,0.28125
5078,170,0.15625
5078,171,0.234375
5078,172,0.1875
5078,173,0.15625
5078,174,0.1875
5078,175,0.296875
5078,176,0.28125
5078,177,0.375
5078,178,0.359375
5078,179,0.328125
5079,0,0.1875
5079,1,0.25
5079,2,0.0625
5079,3,0.125
5079,4,0.1875
5079,5,0.21875
5079,6,0.125
5079,7,0.1875
5079,8,0.15625
5079,9,0.203125
5079,10,0.234375
5079,11,0.171875
5079,12,0.203125
5079,13,0.15625
5079,14,0.21875
5079,15,0.265625
5079,16,0.203125
5079,17,0.203125
5079,18,0.3125
5079,19,0.3125
5079,20,0.15625
5079,21,0.25
5079,22,0.3125
5079,23,0.390625
5079,24,0.3125
5079,25,0.234375
5079,26,0.140625
5079,27,0.21875
5079,28,0.125
5079,29,0.15625
5079,30,0.21875
5079,31,0.28125
5079,32,0.265625
5079,33,0.3125
5079,34,0.234375
5079,35,0.296875
5079,36,0.28125
5079,37,0.203125
5079,38,0.3125
5079,39,0.234375
5079,40,0.25
5079,41,0.3125
5079,42,0.234375
5079,43,0.140625
5079,44,0.140625
5079,45,0.234375
5079,46,0.28125
5079,47,0.3125
5079,48,0.265625
5079,49,0.203125
5079,50,0.25
5079,51,0.171875
5079,52,0.234375
5079,53,0.3125
5079,54,0.390625
5079,55,0.328125
5079,56,0.484375
5080,0,0.078125
5080,1,0.171875
5080,2,0.109375
5080,3,0.171875
5080,4,0.28125
5080,5,0.234375
5080,6,0.296875
5080,7,0.359375
5080,8,0.25
5080,9,0.25
5080,10,0.21875
5080,11,0.28125
5080,12,0.28125
5080,13,0.265625
5080,14,0.28125
5080,15,0.296875
5080,16,0.34375
5080,17,0.234375
5080,18,0.265625
5080,19,0.21875
5080,20,0.296875
5080,21,0.375
5080,22,0.25
5080,23,0.171875
5080,24,0.25
5080,25,0.203125
5080,26,0.28125
5080,27,0.375
5080,28,0.3125
5080,29,0.28125
5080,30,0.21875
5080,31,0.234375
5080,32,0.171875
5080,33,0.25
5080,34,0.1875
5080,35,0.25
5080,36,0.296875
5080,37,0.34375
5080,38,0.25
5080,39,0.234375
5080,40,0.3125
5080,41,0.375
5080,42,0.3125
5080,43,0.46875
5080,44,0.234375
5080,45,0.3125
5080,46,0.34375
5080,47,0.28125
5080,48,0.359375
5080,49,0.484375
5080,50,0.421875
5080,51,0.453125
5081,0,0.359375
5081,1,0.546875
5081,2,0.203125
5081,3,0.125
5081,4,0.203125
5081,5,0.25
5081,6,0.265625
5081,7,0.328125
5081,8,0.359375
5081,9,0.265625
5081,10,0.328125
5081,11,0.3125
5081,12,0.328125
5081,13,0.296875
5081,14,0.359375
5081,15,0.421875
5081,16,0.390625
5081,17,0.328125
5081,18,0.296875
5081,19,0.203125
5081,20,0.171875
5081,21,0.25
5081,22,0.34375
5081,23,0.296875
5081,24,0.390625
5081,25,0.46875
5081,26,0.421875
5081,27,0.203125
5081,28,0.28125
5081,29,0.25
5081,30,0.1875
5081,31,0.234375
5081,32,0.28125
5081,33,0.296875
5081,34,0.328125
5081,35,0.40625
5081,36,0.46875
5081,37,0.40625
5081,38,0.234375
5081,39,0.296875
5081,40,0.34375
5081,41,0.28125
5081,42,0.21875
5081,43,0.3125
5081,44,0.1875
5081,45,0.234375
5081,46,0.359375
5081,47,0.3125
5081,48,0.125
5081,49,0.15625
5081,50,0.09375
5081,51,0.140625
5081,52,0.203125
5081,53,0.265625
5081,54,0.328125
5081,55,0.3125
5081,56,0.125
5081,57,0.21875
5081,58,0.265625
5081,59,0.21875
5081,60,0.15625
5081,61,0.21875
5081,62,0.265625
5081,63,0.359375
5081,64,0.421875
5081,65,0.359375
5081,66,0.25
5081,67,0.21875
5081,68,0.109375
5081,69,0.171875
5081,70,0.1875
5081,71,0.1875
5081,72,0.234375
5081,73,0.171875
5081,74,0.25
5081,75,0.28125
5081,76,0.328125
5081,77,0.34375
5081,78,0.390625
5081,79,0.46875
5081,80,0.515625
5081,81,0.4375
5081,82,0.296875
5081,83,0.375
5081,84,0.4375
5081,85,0.375
5081,86,0.28125
5081,87,0.328125
5081,88,0.25
5081,89,0.328125
5081,90,0.140625
5081,91,0.234375
5081,92,0.296875
5082,0,0.1875
5082,1,0.09375
5082,2,0.15625
5082,3,0.21875
5082,4,0.28125
5082,5,0.1875
5082,6,0.296875
5082,7,0.25
5082,8,0.296875
5082,9,0.34375
5082,10,0.296875
5082,11,0.203125
5082,12,0.265625
5082,13,0.296875
5082,14,0.21875
5082,15,0.15625
5082,16,0.1875
5082,17,0.25
5082,18,0.3125
5082,19,0.359375
5082,20,0.40625
5082,21,0.328125
5082,22,0.5
5083,0,0.046875
5083,1,0.140625
5083,2,0.21875
5083,3,0.109375
5083,4,0.15625
5083,5,0.21875
5083,6,0.15625
5083,7,0.25
5083,8,0.203125
5083,9,0.265625
5083,10,0.0625
5083,11,0.15625
5083,12,0.21875
5083,13,0.265625
5083,14,0.34375
5083,15,0.359375
5083,16,0.421875
5083,17,0.3125
5083,18,0.421875
5083,19,0.21875
5083,20,0.28125
5083,21,0.234375
5083,22,0.28125
5083,23,0.375
5083,24,0.1875
5083,25,0.15625
5083,26,0.265625
5083,27,0.265625
5083,28,0.203125
5083,29,0.25
5083,30,0.328125
5083,31,0.25
5083,32,0.265625
5083,33,0.375
5083,34,0.1875
5083,35,0.234375
5083,36,0.390625
5083,37,0.3125
5083,38,0.390625
5084,0,0.203125
5084,1,0.125
5084,2,0.140625
5084,3,0.265625
5084,4,0.328125
5084,5,0.21875
5084,6,0.265625
5084,7,0.21875
5084,8,0.0625
5084,9,0.203125
5084,10,0.15625
5084,11,0.203125
5084,12,0.15625
5084,13,0.21875
5084,14,0.28125
5084,15,0.203125
5084,16,0.28125
5084,17,0.328125
5084,18,0.25
5084,19,0.328125
5084,20,0.28125
5084,21,0.21875
5084,22,0.25
5084,23,0.203125
5084,24,0.25
5084,25,0.234375
5084,26,0.375
5084,27,0.296875
5084,28,0.34375
5084,29,0.28125
5084,30,0.171875
5084,31,0.21875
5084,32,0.3125
5084,33,0.265625
5084,34,0.1875
5084,35,0.234375
5084,36,0.1875
5084,37,0.203125
5084,38,0.15625
5084,39,0.28125
5084,40,0.25
5084,41,0.171875
5084,42,0.21875
5084,43,0.296875
5084,44,0.203125
5084,45,0.28125
5084,46,0.359375
5084,47,0.28125
5084,48,0.234375
5084,49,0.25
5084,50,0.34375
5084,51,0.40625
5084,52,0.25
5084,53,0.21875
5084,54,0.28125
5084,55,0.21875
5084,56,0.28125
5084,57,0.234375
5084,58,0.25
5084,59,0.203125
5084,60,0.25
5084,61,0.25
5084,62,0.171875
5084,63,0.234375
5084,64,0.296875
5084,65,0.28125
5084,66,0.296875
5084,67,0.25
5084,68,0.3125
5084,69,0.390625
5084,70,0.4375
5084,71,0.609375
5084,72,0.609375
5084,73,0.515625
5084,74,0.4375
5084,75,0.46875
5085,0,0.1875
5085,1,0.125
5085,2,0.171875
5085,3,0.125
5085,4,0.21875
5085,5,0.25
5085,6,0.171875
5085,7,0.25
5085,8,0.296875
5085,9,0.21875
5085,10,0.296875
5085,11,0.09375
5085,12,0.15625
5085,13,0.203125
5085,14,0.265625
5085,15,0.234375
5085,16,0.28125
5085,17,0.359375
5085,18,0.28125
5085,19,0.21875
5085,20,0.375
5085,21,0.421875
5085,22,0.234375
5085,23,0.25
5085,24,0.28125
5085,25,0.21875
5085,26,0.234375
5085,27,0.28125
5085,28,0.234375
5085,29,0.171875
5085,30,0.265625
5085,31,0.296875
5085,32,0.25
5085,33,0.28125
5085,34,0.203125
5085,35,0.28125
5085,36,0.203125
5085,37,0.21875
5085,38,0.234375
5085,39,0.28125
5085,40,0.25
5085,41,0.3125
5085,42,0.25
5085,43,0.21875
5085,44,0.21875
5085,45,0.25
5085,46,0.1875
5085,47,0.25
5085,48,0.359375
5085,49,0.46875
5085,50,0.28125
5085,51,0.421875
5085,52,0.375
5085,53,0.359375
5085,54,0.265625
5085,55,0.40625
5085,56,0.3125
5085,57,0.25
5085,58,0.296875
5085,59,0.25
5085,60,0.390625
5085,61,0.1875
5085,62,0.25
5085,63,0.203125
5085,64,0.3125
5085,65,0.25
5085,66,0.390625
5085,67,0.3125
5085,68,0.1875
5085,69,0.234375
5085,70,0.296875
5085,71,0.25
5085,72,0.28125
5085,73,0.25
5085,74,0.296875
5085,75,0.390625
5085,76,0.328125
5085,77,0.390625
5085,78,0.359375
5085,79,0.28125
5085,80,0.3125
5085,81,0.25
5085,82,0.21875
5085,83,0.203125
5085,84,0.1875
5085,85,0.234375
5085,86,0.21875
5085,87,0.1875
5085,88,0.265625
5085,89,0.296875
5085,90,0.234375
5085,91,0.3125
5085,92,0.359375
5085,93,0.484375
5085,94,0.6875
5086,0,0.1875
5086,1,0.140625
5086,2,0.203125
5086,3,0.265625
5086,4,0.15625
5086,5,0.203125
5086,6,0.25
5086,7,0.3125
5086,8,0.234375
5086,9,0.296875
5086,10,0.375
5086,11,0.453125
5086,12,0.375
5086,13,0.453125
5086,14,0.421875
5086,15,0.375
5086,16,0.328125
5086,17,0.390625
5086,18,0.25
5086,19,0.296875
5086,20,0.421875
5087,0,0.21875
5087,1,0.1875
5087,2,0.203125
5087,3,0.28125
5087,4,0.34375
5087,5,0.359375
5087,6,0.3125
5087,7,0.3125
5087,8,0.515625
5087,9,0.484375
5087,10,0.5625
5087,11,0.359375
5087,12,0.390625
5087,13,0.328125
5087,14,0.609375
5088,0,0.078125
5088,1,0.140625
5088,2,0.0625
5088,3,0.09375
5088,4,0.171875
5088,5,0.21875
5088,6,0.296875
5088,7,0.25
5088,8,0.296875
5088,9,0.25
5088,10,0.3125
5088,11,0.390625
5088,12,0.421875
5088,13,0.375
5088,14,0.234375
5088,15,0.21875
5088,16,0.265625
5088,17,0.203125
5088,18,0.203125
5088,19,0.296875
5088,20,0.203125
5088,21,0.265625
5088,22,0.171875
5088,23,0.21875
5088,24,0.15625
5088,25,0.203125
5088,26,0.328125
5088,27,0.265625
5088,28,0.203125
5088,29,0.296875
5088,30,0.328125
5088,31,0.40625
5088,32,0.359375
5088,33,0.421875
5088,34,0.515625
5088,35,0.34375
5088,36,0.390625
5088,37,0.453125
5088,38,0.484375
5088,39,0.3125
5088,40,0.34375
5088,41,0.25
5088,42,0.171875
5088,43,0.25
5088,44,0.328125
5088,45,0.25
5088,46,0.34375
5088,47,0.40625
5088,48,0.390625
5088,49,0.28125
5088,50,0.21875
5088,51,0.25
5088,52,0.1875
5088,53,0.28125
5088,54,0.328125
5088,55,0.5
5088,56,0.5
5088,57,0.609375
5088,58,0.390625
5088,59,0.1875
5088,60,0.234375
5088,61,0.3125
5088,62,0.375
5088,63,0.203125
5088,64,0.34375
5088,65,0.4375
5088,66,0.28125
5088,67,0.265625
5088,68,0.203125
5088,69,0.265625
5088,70,0.34375
5088,71,0.421875
5088,72,0.375
5088,73,0.421875
5088,74,0.359375
5088,75,0.296875
5088,76,0.375
5088,77,0.265625
5088,78,0.359375
5088,79,0.375
5088,80,0.4375
5088,81,0.375
5088,82,0.359375
5088,83,0.5
5088,84,0.40625
5088,85,0.359375
5088,86,0.421875
5088,87,0.21875
5088,88,0.296875
5088,89,0.328125
5088,90,0.28125
5088,91,0.34375
5088,92,0.328125
5088,93,0.265625
5088,94,0.390625
5088,95,0.453125
5088,96,0.296875
5088,97,0.234375
5088,98,0.3125
5088,99,0.25
5088,100,0.328125
5088,101,0.234375
5088,102,0.28125
5088,103,0.3125
5088,104,0.203125
5088,105,0.171875
5088,106,0.234375
5088,107,0.234375
5088,108,0.359375
5088,109,0.28125
5088,110,0.265625
5088,111,0.296875
5088,112,0.3125
5088,113,0.28125
5088,114,0.328125
5089,0,0.265625
5089,1,0.34375
5089,2,0.265625
5089,3,0.265625
5089,4,0.359375
5089,5,0.265625
5089,6,0.1875
5089,7,0.265625
5089,8,0.3125
5089,9,0.375
5089,10,0.34375
5089,11,0.46875
5089,12,0.390625
5089,13,0.265625
5089,14,0.25
5089,15,0.203125
5089,16,0.28125
5089,17,0.390625
5089,18,0.453125
5089,19,0.25
5089,20,0.3125
5089,21,0.40625
5089,22,0.453125
5089,23,0.390625
5090,0,0.1875
5090,1,0.234375
5090,2,0.1875
5090,3,0.15625
5090,4,0.15625
5090,5,0.171875
5090,6,0.125
5090,7,0.203125
5090,8,0.125
5090,9,0.171875
5090,10,0.3125
5090,11,0.34375
5090,12,0.28125
5090,13,0.328125
5090,14,0.25
5090,15,0.1875
5090,16,0.234375
5090,17,0.3125
5090,18,0.21875
5090,19,0.203125
5090,20,0.171875
5090,21,0.25
5090,22,0.21875
5090,23,0.296875
5090,24,0.375
5090,25,0.328125
5090,26,0.21875
5090,27,0.25
5090,28,0.34375
5090,29,0.25
5090,30,0.3125
5090,31,0.3125
5090,32,0.375
5090,33,0.3125
5090,34,0.265625
5090,35,0.234375
5090,36,0.28125
5090,37,0.234375
5090,38,0.296875
5090,39,0.359375
5091,0,0.171875
5091,1,0.203125
5091,2,0.109375
5091,3,0.046875
5091,4,0.125
5091,5,0.265625
5091,6,0.21875
5091,7,0.265625
5091,8,0.28125
5091,9,0.46875
5091,10,0.171875
5091,11,0.125
5091,12,0.1875
5091,13,0.25
5091,14,0.28125
5091,15,0.21875
5091,16,0.25
5091,17,0.1875
5091,18,0.265625
5091,19,0.34375
5091,20,0.328125
5092,0,0.171875
5092,1,0.3125
5092,2,0.234375
5092,3,0.15625
5092,4,0.21875
5092,5,0.296875
5092,6,0.21875
5092,7,0.296875
5092,8,0.40625
5092,9,0.390625
5092,10,0.34375
5092,11,0.296875
5092,12,0.25
5092,13,0.140625
5092,14,0.21875
5092,15,0.25
5092,16,0.203125
5092,17,0.265625
5092,18,0.203125
5092,19,0.234375
5092,20,0.4375
5092,21,0.265625
5092,22,0.328125
5092,23,0.28125
5092,24,0.21875
5092,25,0.296875
5092,26,0.4375
5092,27,0.234375
5092,28,0.3125
5092,29,0.25
5092,30,0.1875
5092,31,0.234375
5092,32,0.296875
5092,33,0.234375
5092,34,0.3125
5092,35,0.265625
5092,36,0.3125
5092,37,0.28125
5092,38,0.1875
5092,39,0.25
5092,40,0.421875
5092,41,0.453125
5092,42,0.390625
5092,43,0.453125
5092,44,0.546875
5093,0,0.1875
5093,1,0.15625
5093,2,0.09375
5093,3,0.171875
5093,4,0.203125
5093,5,0.234375
5093,6,0.25
5093,7,0.125
5093,8,0.125
5093,9,0.109375
5093,10,0.171875
5093,11,0.21875
5093,12,0.28125
5093,13,0.46875
5093,14,0.5
5093,15,0.40625
5093,16,0.46875
5093,17,0.421875
5093,18,0.359375
5093,19,0.3125
5093,20,0.375
5093,21,0.390625
5093,22,0.328125
5093,23,0.28125
5093,24,0.171875
5093,25,0.21875
5093,26,0.234375
5093,27,0.25
5093,28,0.21875
5093,29,0.28125
5093,30,0.34375
5093,31,0.296875
5093,32,0.40625
5093,33,0.375
5093,34,0.421875
5093,35,0.296875
5093,36,0.265625
5093,37,0.328125
5093,38,0.421875
5093,39,0.484375
5094,0,0.171875
5094,1,0.078125
5094,2,0.109375
5094,3,0.25
5094,4,0.328125
5094,5,0.21875
5094,6,0.234375
5094,7,0.234375
5094,8,0.359375
5094,9,0.28125
5094,10,0.1875
5094,11,0.265625
5094,12,0.234375
5094,13,0.296875
5094,14,0.265625
5094,15,0.3125
5094,16,0.34375
5094,17,0.25
5094,18,0.234375
5094,19,0.296875
5094,20,0.375
5094,21,0.265625
5094,22,0.328125
5094,23,0.359375
5094,24,0.5
5095,0,0.15625
5095,1,0.09375
5095,2,0.171875
5095,3,0.21875
5095,4,0.1875
5095,5,0.140625
5095,6,0.203125
5095,7,0.265625
5095,8,0.15625
5095,9,0.15625
5095,10,0.15625
5095,11,0.203125
5095,12,0.1875
5095,13,0.125
5095,14,0.234375
5095,15,0.265625
5095,16,0.21875
5095,17,0.28125
5095,18,0.3125
5095,19,0.40625
5095,20,0.34375
5095,21,0.3125
5095,22,0.25
5095,23,0.34375
5095,24,0.265625
5095,25,0.265625
5095,26,0.203125
5095,27,0.21875
5095,28,0.25
5095,29,0.296875
5095,30,0.234375
5095,31,0.3125
5095,32,0.46875
5095,33,0.40625
5095,34,0.359375
5095,35,0.421875
5095,36,0.359375
5095,37,0.421875
5095,38,0.390625
5095,39,0.34375
5095,40,0.40625
5095,41,0.328125
5095,42,0.390625
5095,43,0.4375
5095,44,0.390625
5095,45,0.296875
5095,46,0.25
5095,47,0.296875
5095,48,0.359375
5095,49,0.4375
5095,50,0.234375
5095,51,0.28125
5095,52,0.34375
5095,53,0.421875
5095,54,0.453125
5095,55,0.421875
5095,56,0.515625
5095,57,0.453125
5095,58,0.375
5095,59,0.5
5096,0,0.1875
5096,1,0.125
5096,2,0.25
5096,3,0.203125
5096,4,0.234375
5096,5,0.296875
5096,6,0.328125
5096,7,0.40625
5096,8,0.34375
5096,9,0.265625
5096,10,0.15625
5096,11,0.1875
5096,12,0.140625
5096,13,0.140625
5096,14,0.1875
5096,15,0.265625
5096,16,0.234375
5096,17,0.328125
5096,18,0.25
5096,19,0.28125
5096,20,0.296875
5096,21,0.28125
5096,22,0.359375
5096,23,0.265625
5096,24,0.28125
5096,25,0.296875
5096,26,0.1875
5096,27,0.21875
5096,28,0.3125
5096,29,0.234375
5096,30,0.265625
5096,31,0.21875
5096,32,0.25
5096,33,0.328125
5096,34,0.390625
5096,35,0.328125
5096,36,0.390625
5096,37,0.3125
5096,38,0.390625
5096,39,0.296875
5096,40,0.359375
5096,41,0.34375
5096,42,0.421875
5096,43,0.515625
5096,44,0.296875
5096,45,0.359375
5096,46,0.296875
5096,47,0.34375
5096,48,0.421875
5096,49,0.46875
5096,50,0.375
5096,51,0.296875
5096,52,0.375
5097,0,0.109375
5097,1,0.109375
5097,2,0.21875
5097,3,0.171875
5097,4,0.234375
5097,5,0.265625
5097,6,0.296875
5097,7,0.1875
5097,8,0.265625
5097,9,0.109375
5097,10,0.1875
5097,11,0.21875
5097,12,0.1875
5097,13,0.109375
5097,14,0.25
5097,15,0.09375
5097,16,0.171875
5097,17,0.234375
5097,18,0.171875
5097,19,0.234375
5097,20,0.078125
5097,21,0.171875
5097,22,0.234375
5097,23,0.109375
5097,24,0.109375
5097,25,0.203125
5097,26,0.234375
5097,27,0.234375
5097,28,0.296875
5097,29,0.359375
5097,30,0.3125
5097,31,0.25
5097,32,0.3125
5097,33,0.59375
5097,34,0.59375
5097,35,0.4375
5097,36,0.25
5097,37,0.1875
5097,38,0.15625
5097,39,0.296875
5097,40,0.171875
5097,41,0.25
5097,42,0.203125
5097,43,0.15625
5097,44,0.203125
5097,45,0.265625
5097,46,0.3125
5097,47,0.5
5097,48,0.421875
5097,49,0.3125
5097,50,0.375
5097,51,0.296875
5097,52,0.203125
5097,53,0.21875
5097,54,0.265625
5097,55,0.15625
5097,56,0.203125
5097,57,0.140625
5097,58,0.203125
5097,59,0.125
5097,60,0.15625
5097,61,0.1875
5097,62,0.328125
5097,63,0.390625
5097,64,0.359375
5097,65,0.34375
5097,66,0.203125
5097,67,0.125
5097,68,0.171875
5097,69,0.203125
5097,70,0.34375
5097,71,0.265625
5097,72,0.3125
5097,73,0.28125
5097,74,0.34375
5097,75,0.265625
5097,76,0.25
5097,77,0.296875
5097,78,0.375
5097,79,0.484375
5098,0,0.0625
5098,1,0.203125
5098,2,0.09375
5098,3,0.21875
5098,4,0.25
5098,5,0.171875
5098,6,0.21875
5098,7,0.25
5098,8,0.1875
5098,9,0.109375
5098,10,0.171875
5098,11,0.296875
5098,12,0.234375
5098,13,0.171875
5098,14,0.25
5098,15,0.1875
5098,16,0.203125
5098,17,0.28125
5098,18,0.1875
5098,19,0.25
5098,20,0.328125
5098,21,0.078125
5098,22,0.171875
5098,23,0.078125
5098,24,0.140625
5098,25,0.125
5098,26,0.21875
5098,27,0.171875
5098,28,0.25
5098,29,0.234375
5098,30,0.234375
5098,31,0.28125
5098,32,0.375
5098,33,0.46875
5098,34,0.28125
5098,35,0.234375
5098,36,0.328125
5098,37,0.125
5098,38,0.171875
5098,39,0.21875
5098,40,0.359375
5098,41,0.40625
5098,42,0.3125
5098,43,0.359375
5098,44,0.4375
5098,45,0.453125
5098,46,0.375
5098,47,0.3125
5098,48,0.515625
5098,49,0.296875
5098,50,0.46875
5098,51,0.5625
5098,52,0.3125
5098,53,0.28125
5098,54,0.296875
5098,55,0.390625
5098,56,0.171875
5098,57,0.125
5098,58,0.171875
5098,59,0.234375
5098,60,0.265625
5098,61,0.3125
5098,62,0.265625
5098,63,0.34375
5098,64,0.375
5098,65,0.1875
5098,66,0.3125
5098,67,0.21875
5098,68,0.171875
5098,69,0.234375
5098,70,0.296875
5098,71,0.265625
5098,72,0.40625
5098,73,0.46875
5098,74,0.609375
5098,75,0.4375
5098,76,0.390625
5098,77,0.375
5098,78,0.421875
5098,79,0.375
5098,80,0.28125
5098,81,0.34375
5098,82,0.296875
5098,83,0.234375
5098,84,0.265625
5098,85,0.234375
5098,86,0.34375
5098,87,0.28125
5098,88,0.28125
5098,89,0.28125
5098,90,0.21875
5098,91,0.28125
5098,92,0.21875
5098,93,0.28125
5098,94,0.1875
5098,95,0.234375
5098,96,0.296875
5098,97,0.1875
5098,98,0.265625
5098,99,0.15625
5098,100,0.328125
5098,101,0.328125
5098,102,0.34375
5098,103,0.296875
5098,104,0.125
5098,105,0.203125
5098,106,0.265625
5098,107,0.328125
5098,108,0.28125
5098,109,0.359375
5098,110,0.28125
5098,111,0.3125
5098,112,0.140625
5098,113,0.15625
5098,114,0.1875
5098,115,0.1875
5098,116,0.09375
5098,117,0.1875
5098,118,0.140625
5098,119,0.1875
5098,120,0.21875
5098,121,0.15625
5098,122,0.21875
5098,123,0.296875
5098,124,0.25
5098,125,0.140625
5098,126,0.234375
5098,127,0.3125
5098,128,0.296875
5098,129,0.34375
5098,130,0.15625
5098,131,0.109375
5098,132,0.25
5098,133,0.1875
5098,134,0.234375
5098,135,0.265625
5098,136,0.3125
5098,137,0.25
5098,138,0.28125
5098,139,0.328125
5098,140,0.328125
5098,141,0.375
5098,142,0.28125
5098,143,0.40625
5098,144,0.3125
5098,145,0.4375
5098,146,0.390625
5098,147,0.375
5098,148,0.421875
5098,149,0.3125
5098,150,0.40625
5098,151,0.328125
5098,152,0.28125
5098,153,0.359375
5099,0,0.078125
5099,1,0.15625
5099,2,0.109375
5099,3,0.171875
5099,4,0.203125
5099,5,0.140625
5099,6,0.1875
5099,7,0.21875
5099,8,0.109375
5099,9,0.171875
5099,10,0.140625
5099,11,0.203125
5099,12,0.265625
5099,13,0.203125
5099,14,0.421875
5099,15,0.484375
5099,16,0.421875
5099,17,0.484375
5099,18,0.53125
5099,19,0.46875
5099,20,0.28125
5099,21,0.171875
5099,22,0.203125
5099,23,0.265625
5099,24,0.28125
5099,25,0.234375
5099,26,0.203125
5099,27,0.140625
5099,28,0.21875
5099,29,0.15625
5099,30,0.234375
5099,31,0.25
5099,32,0.265625
5099,33,0.15625
5099,34,0.171875
5099,35,0.265625
5099,36,0.328125
5099,37,0.25
5099,38,0.328125
5099,39,0.234375
5099,40,0.296875
5099,41,0.25
5099,42,0.203125
5099,43,0.234375
5099,44,0.34375
5099,45,0.265625
5099,46,0.1875
5099,47,0.21875
5099,48,0.296875
5099,49,0.421875
5099,50,0.359375
5099,51,0.28125
5099,52,0.328125
5099,53,0.34375
5099,54,0.296875
5099,55,0.359375
5099,56,0.28125
5099,57,0.234375
5099,58,0.3125
5099,59,0.3125
5099,60,0.25
5099,61,0.375
5099,62,0.640625
5099,63,0.59375
5099,64,0.390625
5099,65,0.40625
5099,66,0.328125
5099,67,0.375
5099,68,0.375
5099,69,0.375
5099,70,0.328125
5099,71,0.40625
5099,72,0.5
5099,73,0.453125
5099,74,0.375
5099,75,0.4375
5099,76,0.421875
5099,77,0.328125
5099,78,0.390625
5099,79,0.515625
5099,80,0.359375
5099,81,0.4375
5099,82,0.34375
5099,83,0.390625
5099,84,0.296875
5099,85,0.3125
5099,86,0.265625
5099,87,0.3125
5099,88,0.265625
5099,89,0.1875
5099,90,0.234375
5099,91,0.3125
5099,92,0.21875
5099,93,0.328125
5099,94,0.390625
5099,95,0.328125
5099,96,0.265625
5099,97,0.21875
5099,98,0.1875
5099,99,0.078125
5099,100,0.15625
5099,101,0.21875
5099,102,0.234375
5099,103,0.171875
5099,104,0.109375
5099,105,0.1875
5099,106,0.25
5099,107,0.21875
5099,108,0.125
5099,109,0.21875
5099,110,0.296875
5099,111,0.328125
5099,112,0.265625
5099,113,0.46875
5099,114,0.3125
5099,115,0.34375
5099,116,0.359375
5099,117,0.40625
5099,118,0.375
5099,119,0.34375
5099,120,0.28125
5099,121,0.25
5099,122,0.1875
5099,123,0.25
5099,124,0.453125
5099,125,0.421875
5099,126,0.484375
5099,127,0.546875
5099,128,0.453125
5099,129,0.5
5099,130,0.578125
5099,131,0.390625
5099,132,0.34375
5100,0,0.171875
5100,1,0.265625
5100,2,0.171875
5100,3,0.203125
5100,4,0.234375
5100,5,0.265625
5100,6,0.234375
5100,7,0.390625
5100,8,0.328125
5100,9,0.421875
5100,10,0.25
5100,11,0.296875
5100,12,0.3125
5100,13,0.265625
5100,14,0.21875
5100,15,0.21875
5100,16,0.265625
5100,17,0.15625
5100,18,0.15625
5100,19,0.21875
5100,20,0.109375
5100,21,0.171875
5100,22,0.25
5100,23,0.171875
5100,24,0.234375
5100,25,0.25
5100,26,0.21875
5100,27,0.25
5100,28,0.15625
5100,29,0.203125
5100,30,0.265625
5100,31,0.25
5100,32,0.171875
5100,33,0.21875
5100,34,0.15625
5100,35,0.1875
5100,36,0.265625
5100,37,0.328125
5100,38,0.265625
5100,39,0.21875
5100,40,0.234375
5100,41,0.28125
5100,42,0.25
5100,43,0.1875
5100,44,0.234375
5100,45,0.265625
5100,46,0.3125
5100,47,0.234375
5100,48,0.328125
5100,49,0.328125
5100,50,0.21875
5100,51,0.265625
5100,52,0.203125
5100,53,0.25
5100,54,0.359375
5100,55,0.3125
5100,56,0.375
5100,57,0.46875
5100,58,0.421875
5100,59,0.484375
5100,60,0.3125
5100,61,0.34375
5100,62,0.296875
5100,63,0.328125
5100,64,0.28125
5100,65,0.359375
5100,66,0.28125
5100,67,0.34375
5100,68,0.359375
5100,69,0.296875
5100,70,0.375
5100,71,0.296875
5100,72,0.203125
5100,73,0.125
5100,74,0.21875
5100,75,0.25
5100,76,0.40625
5100,77,0.3125
5100,78,0.25
5100,79,0.15625
5100,80,0.1875
5100,81,0.25
5100,82,0.3125
5100,83,0.25
5100,84,0.3125
5100,85,0.28125
5100,86,0.234375
5100,87,0.265625
5100,88,0.3125
5100,89,0.34375
5100,90,0.40625
5100,91,0.34375
5100,92,0.34375
5100,93,0.4375
5100,94,0.5
5101,0,0.0625
5101,1,0.109375
5101,2,0.171875
5101,3,0.265625
5101,4,0.265625
5101,5,0.34375
5101,6,0.390625
5101,7,0.296875
5101,8,0.203125
5101,9,0.21875
5101,10,0.1875
5101,11,0.28125
5101,12,0.203125
5101,13,0.28125
5101,14,0.234375
5101,15,0.3125
5101,16,0.25
5101,17,0.40625
5101,18,0.328125
5101,19,0.296875
5101,20,0.15625
5101,21,0.078125
5101,22,0.171875
5101,23,0.25
5101,24,0.296875
5101,25,0.296875
5101,26,0.359375
5101,27,0.46875
5101,28,0.4375
5101,29,0.515625
5101,30,0.5625
5102,0,0.0625
5102,1,0.109375
5102,2,0.171875
5102,3,0.203125
5102,4,0.28125
5102,5,0.203125
5102,6,0.234375
5102,7,0.296875
5102,8,0.1875
5102,9,0.25
5102,10,0.3125
5102,11,0.125
5102,12,0.25
5102,13,0.1875
5102,14,0.390625
5102,15,0.265625
5102,16,0.21875
5102,17,0.296875
5102,18,0.359375
5102,19,0.3125
5102,20,0.234375
5102,21,0.296875
5102,22,0.359375
5102,23,0.28125
5102,24,0.421875
5102,25,0.328125
5102,26,0.421875
5102,27,0.46875
5102,28,0.46875
5102,29,0.375
5102,30,0.296875
5103,0,0.140625
5103,1,0.203125
5103,2,0.28125
5103,3,0.359375
5103,4,0.28125
5103,5,0.21875
5103,6,0.3125
5103,7,0.375
5103,8,0.3125
5103,9,0.390625
5103,10,0.296875
5103,11,0.234375
5103,12,0.140625
5103,13,0.1875
5103,14,0.203125
5103,15,0.28125
5103,16,0.3125
5103,17,0.34375
5103,18,0.59375
5103,19,0.375
5103,20,0.25
5103,21,0.296875
5103,22,0.234375
5103,23,0.328125
5103,24,0.234375
5103,25,0.25
5103,26,0.171875
5103,27,0.265625
5103,28,0.25
5103,29,0.265625
5103,30,0.171875
5103,31,0.21875
5103,32,0.28125
5103,33,0.265625
5103,34,0.15625
5103,35,0.21875
5103,36,0.15625
5103,37,0.203125
5103,38,0.28125
5103,39,0.25
5103,40,0.15625
5103,41,0.21875
5103,42,0.234375
5103,43,0.203125
5103,44,0.25
5103,45,0.328125
5103,46,0.234375
5103,47,0.3125
5103,48,0.34375
5103,49,0.359375
5103,50,0.28125
5103,51,0.296875
5103,52,0.359375
5103,53,0.25
5103,54,0.3125
5103,55,0.265625
5103,56,0.34375
5103,57,0.375
5103,58,0.34375
5103,59,0.28125
5103,60,0.34375
5103,61,0.34375
5103,62,0.390625
5103,63,0.328125
5103,64,0.1875
5103,65,0.203125
5103,66,0.203125
5103,67,0.125
5103,68,0.140625
5103,69,0.203125
5103,70,0.1875
5103,71,0.203125
5103,72,0.265625
5103,73,0.25
5103,74,0.296875
5103,75,0.375
5103,76,0.328125
5103,77,0.390625
5103,78,0.390625
5103,79,0.296875
5103,80,0.25
5103,81,0.1875
5103,82,0.1875
5103,83,0.296875
5103,84,0.359375
5103,85,0.15625
5103,86,0.203125
5103,87,0.3125
5103,88,0.4375
5103,89,0.34375
5103,90,0.234375
5103,91,0.28125
5103,92,0.265625
5103,93,0.390625
5103,94,0.328125
5103,95,0.234375
5103,96,0.328125
5103,97,0.25
5103,98,0.21875
5103,99,0.15625
5103,100,0.234375
5103,101,0.1875
5103,102,0.25
5103,103,0.234375
5103,104,0.171875
5103,105,0.1875
5103,106,0.234375
5103,107,0.15625
5103,108,0.25
5103,109,0.3125
5103,110,0.265625
5103,111,0.328125
5103,112,0.328125
5103,113,0.390625
5103,114,0.4375
5103,115,0.359375
5103,116,0.296875
5103,117,0.34375
5103,118,0.390625
5103,119,0.328125
5103,120,0.171875
5103,121,0.25
5103,122,0.3125
5103,123,0.21875
5103,124,0.125
5103,125,0.15625
5103,126,0.265625
5103,127,0.25
5103,128,0.3125
5103,129,0.234375
5103,130,0.453125
5103,131,0.4375
5103,132,0.40625
5103,133,0.234375
5103,134,0.25
5103,135,0.203125
5103,136,0.265625
5103,137,0.3125
5103,138,0.375
5103,139,0.25
5103,140,0.203125
5103,141,0.25
5103,142,0.203125
5103,143,0.296875
5103,144,0.359375
5103,145,0.40625
5103,146,0.265625
5103,147,0.3125
5103,148,0.265625
5103,149,0.234375
5103,150,0.296875
5103,151,0.4375
5103,152,0.359375
5103,153,0.421875
5103,154,0.328125
5103,155,0.375
5103,156,0.234375
5103,157,0.171875
5103,158,0.171875
5103,159,0.234375
5103,160,0.328125
5103,161,0.28125
5103,162,0.25
5103,163,0.3125
5103,164,0.375
5103,165,0.453125
5103,166,0.390625
5103,167,0.390625
5103,168,0.484375
5103,169,0.546875
5103,170,0.484375
5103,171,0.4375
5103,172,0.390625
5103,173,0.484375
5103,174,0.375
5103,175,0.328125
5103,176,0.390625
5103,177,0.296875
5103,178,0.203125
5103,179,0.25
5103,180,0.296875
5103,181,0.34375
5103,182,0.40625
5103,183,0.1875
5103,184,0.296875
5103,185,0.40625
5103,186,0.296875
5103,187,0.34375
5103,188,0.390625
5103,189,0.40625
5103,190,0.21875
5103,191,0.34375
5103,192,0.421875
5103,193,0.484375
5103,194,0.1875
5103,195,0.265625
5103,196,0.234375
5103,197,0.203125
5103,198,0.28125
5103,199,0.1875
5103,200,0.25
5103,201,0.25
5103,202,0.28125
5103,203,0.296875
5103,204,0.21875
5103,205,0.265625
5103,206,0.1875
5103,207,0.25
5103,208,0.34375
5103,209,0.40625
5103,210,0.484375
5103,211,0.375
5103,212,0.421875
5103,213,0.359375
5104,0,0.078125
5104,1,0.140625
5104,2,0.234375
5104,3,0.25
5104,4,0.3125
5104,5,0.359375
5104,6,0.28125
5104,7,0.265625
5104,8,0.203125
5104,9,0.265625
5104,10,0.328125
5104,11,0.40625
5104,12,0.265625
5104,13,0.265625
5104,14,0.28125
5104,15,0.171875
5104,16,0.265625
5104,17,0.09375
5104,18,0.1875
5104,19,0.34375
5104,20,0.171875
5104,21,0.328125
5104,22,0.25
5104,23,0.265625
5104,24,0.328125
5104,25,0.375
5104,26,0.453125
5104,27,0.265625
5104,28,0.359375
5104,29,0.1875
5104,30,0.171875
5104,31,0.234375
5104,32,0.28125
5104,33,0.296875
5104,34,0.1875
5104,35,0.21875
5104,36,0.15625
5104,37,0.21875
5104,38,0.28125
5104,39,0.34375
5104,40,0.28125
5104,41,0.359375
5104,42,0.296875
5104,43,0.28125
5104,44,0.34375
5104,45,0.234375
5104,46,0.296875
5104,47,0.28125
5104,48,0.359375
5104,49,0.296875
5104,50,0.21875
5104,51,0.359375
5104,52,0.421875
5105,0,0.171875
5105,1,0.09375
5105,2,0.171875
5105,3,0.234375
5105,4,0.15625
5105,5,0.203125
5105,6,0.171875
5105,7,0.25
5105,8,0.203125
5105,9,0.296875
5105,10,0.328125
5105,11,0.265625
5105,12,0.25
5105,13,0.25
5105,14,0.296875
5105,15,0.34375
5105,16,0.28125
5105,17,0.296875
5105,18,0.25
5105,19,0.34375
5105,20,0.28125
5105,21,0.21875
5105,22,0.15625
5105,23,0.265625
5105,24,0.203125
5105,25,0.15625
5105,26,0.203125
5105,27,0.234375
5105,28,0.1875
5105,29,0.25
5105,30,0.203125
5105,31,0.234375
5105,32,0.171875
5105,33,0.25
5105,34,0.1875
5105,35,0.15625
5105,36,0.234375
5105,37,0.265625
5105,38,0.15625
5105,39,0.234375
5105,40,0.265625
5105,41,0.453125
5105,42,0.390625
5105,43,0.34375
5105,44,0.28125
5105,45,0.34375
5105,46,0.28125
5105,47,0.21875
5105,48,0.21875
5105,49,0.25
5105,50,0.28125
5105,51,0.203125
5105,52,0.203125
5105,53,0.28125
5105,54,0.34375
5105,55,0.1875
5105,56,0.15625
5105,57,0.265625
5105,58,0.328125
5105,59,0.359375
5105,60,0.25
5105,61,0.296875
5105,62,0.265625
5105,63,0.234375
5105,64,0.34375
5105,65,0.296875
5105,66,0.328125
5105,67,0.40625
5105,68,0.3125
5105,69,0.34375
5105,70,0.28125
5105,71,0.359375
5105,72,0.265625
5105,73,0.296875
5105,74,0.28125
5105,75,0.328125
5105,76,0.421875
5105,77,0.390625
5105,78,0.296875
5105,79,0.34375
5105,80,0.484375
5106,0,0.21875
5106,1,0.109375
5106,2,0.0625
5106,3,0.140625
5106,4,0.171875
5106,5,0.203125
5106,6,0.109375
5106,7,0.1875
5106,8,0.203125
5106,9,0.234375
5106,10,0.21875
5106,11,0.28125
5106,12,0.328125
5106,13,0.25
5106,14,0.359375
5106,15,0.296875
5106,16,0.328125
5106,17,0.375
5106,18,0.578125
5106,19,0.515625
5106,20,0.453125
5106,21,0.296875
5106,22,0.203125
5106,23,0.265625
5106,24,0.328125
5106,25,0.46875
5106,26,0.4375
5106,27,0.375
5106,28,0.296875
5106,29,0.34375
5106,30,0.25
5106,31,0.21875
5106,32,0.171875
5106,33,0.21875
5106,34,0.234375
5106,35,0.328125
5106,36,0.25
5106,37,0.28125
5106,38,0.25
5106,39,0.203125
5106,40,0.265625
5106,41,0.34375
5106,42,0.28125
5106,43,0.140625
5106,44,0.171875
5106,45,0.234375
5106,46,0.328125
5106,47,0.25
5106,48,0.203125
5106,49,0.296875
5106,50,0.359375
5106,51,0.28125
5106,52,0.328125
5106,53,0.25
5106,54,0.234375
5106,55,0.15625
5106,56,0.1875
5106,57,0.171875
5106,58,0.21875
5106,59,0.21875
5106,60,0.25
5106,61,0.296875
5106,62,0.375
5106,63,0.34375
5106,64,0.40625
5106,65,0.359375
5106,66,0.328125
5106,67,0.28125
5106,68,0.203125
5106,69,0.125
5106,70,0.203125
5106,71,0.3125
5106,72,0.296875
5106,73,0.265625
5106,74,0.25
5106,75,0.3125
5106,76,0.40625
5106,77,0.4375
5106,78,0.359375
5106,79,0.359375
5106,80,0.3125
5106,81,0.28125
5106,82,0.328125
5106,83,0.359375
5106,84,0.28125
5106,85,0.328125
5106,86,0.265625
5106,87,0.1875
5106,88,0.28125
5106,89,0.3125
5106,90,0.28125
5106,91,0.421875
5106,92,0.390625
5106,93,0.296875
5106,94,0.28125
5106,95,0.3125
5106,96,0.328125
5106,97,0.296875
5106,98,0.1875
5106,99,0.234375
5106,100,0.203125
5106,101,0.28125
5106,102,0.1875
5106,103,0.265625
5106,104,0.328125
5106,105,0.390625
5106,106,0.46875
5106,107,0.53125
5106,108,0.34375
5106,109,0.28125
5106,110,0.25
5106,111,0.328125
5106,112,0.390625
5106,113,0.34375
5106,114,0.3125
5106,115,0.375
5106,116,0.328125
5106,117,0.328125
5106,118,0.25
5106,119,0.203125
5106,120,0.21875
5106,121,0.265625
5106,122,0.1875
5106,123,0.125
5106,124,0.1875
5106,125,0.25
5106,126,0.109375
5106,127,0.171875
5106,128,0.25
5106,129,0.328125
5106,130,0.265625
5106,131,0.21875
5106,132,0.328125
5106,133,0.328125
5106,134,0.296875
5106,135,0.25
5106,136,0.328125
5106,137,0.265625
5106,138,0.34375
5106,139,0.4375
5106,140,0.40625
5106,141,0.34375
5106,142,0.265625
5106,143,0.171875
5106,144,0.21875
5106,145,0.25
5106,146,0.3125
5106,147,0.234375
5106,148,0.28125
5106,149,0.234375
5106,150,0.3125
5106,151,0.265625
5106,152,0.40625
5106,153,0.34375
5106,154,0.40625
5106,155,0.5
5107,0,0.171875
5107,1,0.125
5107,2,0.078125
5107,3,0.140625
5107,4,0.203125
5107,5,0.28125
5107,6,0.34375
5107,7,0.1875
5107,8,0.265625
5107,9,0.1875
5107,10,0.234375
5107,11,0.296875
5107,12,0.234375
5107,13,0.15625
5107,14,0.171875
5107,15,0.359375
5107,16,0.515625
5107,17,0.359375
5107,18,0.328125
5107,19,0.296875
5107,20,0.40625
5107,21,0.328125
5107,22,0.578125
5107,23,0.375
5107,24,0.328125
5107,25,0.296875
5107,26,0.203125
5107,27,0.1875
5107,28,0.265625
5107,29,0.1875
5107,30,0.3125
5107,31,0.25
5107,32,0.328125
5107,33,0.390625
5107,34,0.28125
5107,35,0.203125
5107,36,0.28125
5107,37,0.359375
5107,38,0.5
5107,39,0.703125
5108,0,0.0
5108,1,0.140625
5108,2,0.1875
5108,3,0.375
5108,4,0.328125
5108,5,0.25
5108,6,0.34375
5108,7,0.296875
5108,8,0.46875
5108,9,0.3125
5108,10,0.390625
5108,11,0.34375
5108,12,0.203125
5108,13,0.21875
5108,14,0.25
5108,15,0.328125
5108,16,0.328125
5108,17,0.296875
5108,18,0.375
5108,19,0.34375
5108,20,0.3125
5108,21,0.234375
5108,22,0.28125
5108,23,0.25
5108,24,0.28125
5108,25,0.234375
5108,26,0.1875
5108,27,0.21875
5108,28,0.265625
5108,29,0.1875
5108,30,0.125
5108,31,0.265625
5108,32,0.3125
5108,33,0.421875
5108,34,0.1875
5108,35,0.109375
5108,36,0.25
5108,37,0.359375
5108,38,0.375
5108,39,0.390625
5108,40,0.296875
5108,41,0.234375
5108,42,0.296875
5108,43,0.203125
5108,44,0.09375
5108,45,0.15625
5108,46,0.109375
5108,47,0.203125
5108,48,0.15625
5108,49,0.21875
5108,50,0.125
5108,51,0.21875
5108,52,0.140625
5108,53,0.1875
5108,54,0.296875
5108,55,0.265625
5108,56,0.34375
5108,57,0.390625
5108,58,0.359375
5108,59,0.296875
5108,60,0.21875
5108,61,0.140625
5108,62,0.203125
5108,63,0.234375
5108,64,0.3125
5108,65,0.265625
5108,66,0.375
5108,67,0.296875
5108,68,0.390625
5108,69,0.421875
5108,70,0.3125
5108,71,0.375
5108,72,0.328125
5108,73,0.265625
5108,74,0.34375
5108,75,0.3125
5108,76,0.375
5108,77,0.375
5108,78,0.4375
5108,79,0.421875
5108,80,0.390625
5108,81,0.453125
5108,82,0.34375
5108,83,0.296875
5108,84,0.375
5108,85,0.28125
5108,86,0.328125
5108,87,0.375
5108,88,0.4375
5108,89,0.40625
5108,90,0.3125
5108,91,0.234375
5108,92,0.296875
5108,93,0.21875
5108,94,0.171875
5108,95,0.09375
5108,96,0.15625
5108,97,0.265625
5108,98,0.203125
5108,99,0.15625
5108,100,0.234375
5108,101,0.234375
5108,102,0.3125
5108,103,0.25
5108,104,0.28125
5108,105,0.34375
5108,106,0.265625
5108,107,0.375
5108,108,0.25
5108,109,0.3125
5109,0,0.203125
5109,1,0.265625
5109,2,0.203125
5109,3,0.234375
5109,4,0.15625
5109,5,0.203125
5109,6,0.28125
5109,7,0.375
5109,8,0.296875
5109,9,0.34375
5109,10,0.328125
5109,11,0.375
5109,12,0.390625
5109,13,0.34375
5109,14,0.296875
5109,15,0.25
5109,16,0.328125
5109,17,0.21875
5109,18,0.203125
5109,19,0.21875
5109,20,0.265625
5109,21,0.203125
5109,22,0.234375
5109,23,0.140625
5109,24,0.171875
5109,25,0.234375
5109,26,0.28125
5109,27,0.515625
5109,28,0.234375
5109,29,0.265625
5109,30,0.296875
5109,31,0.359375
5109,32,0.4375
5109,33,0.359375
5109,34,0.34375
5109,35,0.359375
5109,36,0.40625
5109,37,0.3125
5109,38,0.1875
5109,39,0.28125
5109,40,0.296875
5109,41,0.34375
5109,42,0.28125
5109,43,0.25
5109,44,0.1875
5109,45,0.328125
5109,46,0.40625
5109,47,0.4375
5109,48,0.34375
5109,49,0.265625
5109,50,0.296875
5109,51,0.390625
5109,52,0.453125
5109,53,0.28125
5109,54,0.328125
5109,55,0.421875
5109,56,0.40625
5109,57,0.390625
5109,58,0.359375
5109,59,0.375
5110,0,0.046875
5110,1,0.109375
5110,2,0.15625
5110,3,0.203125
5110,4,0.3125
5110,5,0.296875
5110,6,0.265625
5110,7,0.3125
5110,8,0.359375
5110,9,0.265625
5110,10,0.203125
5110,11,0.28125
5110,12,0.25
5110,13,0.1875
5110,14,0.28125
5110,15,0.34375
5110,16,0.53125
5110,17,0.296875
5110,18,0.375
5110,19,0.421875
5110,20,0.359375
5110,21,0.28125
5110,22,0.25
5110,23,0.21875
5110,24,0.171875
5110,25,0.21875
5110,26,0.15625
5110,27,0.1875
5110,28,0.28125
5110,29,0.25
5110,30,0.15625
5110,31,0.15625
5110,32,0.1875
5110,33,0.25
5110,34,0.28125
5110,35,0.328125
5110,36,0.390625
5110,37,0.359375
5110,38,0.296875
5110,39,0.375
5110,40,0.34375
5110,41,0.375
5110,42,0.28125
5110,43,0.359375
5110,44,0.28125
5110,45,0.328125
5110,46,0.375
5110,47,0.265625
5110,48,0.1875
5110,49,0.140625
5110,50,0.203125
5110,51,0.265625
5110,52,0.21875
5110,53,0.34375
5110,54,0.25
5110,55,0.203125
5110,56,0.234375
5110,57,0.171875
5110,58,0.3125
5110,59,0.25
5110,60,0.296875
5110,61,0.34375
5110,62,0.171875
5110,63,0.1875
5110,64,0.25
5110,65,0.3125
5110,66,0.234375
5110,67,0.265625
5110,68,0.40625
5110,69,0.46875
5110,70,0.453125
5110,71,0.34375
5110,72,0.234375
5110,73,0.25
5110,74,0.109375
5110,75,0.234375
5110,76,0.25
5110,77,0.1875
5110,78,0.25
5110,79,0.203125
5110,80,0.21875
5110,81,0.328125
5110,82,0.28125
5110,83,0.328125
5110,84,0.328125
5110,85,0.375
5110,86,0.21875
5110,87,0.265625
5110,88,0.203125
5110,89,0.265625
5110,90,0.1875
5110,91,0.265625
5110,92,0.234375
5110,93,0.28125
5110,94,0.328125
5110,95,0.25
5110,96,0.3125
5110,97,0.203125
5110,98,0.140625
5110,99,0.140625
5110,100,0.15625
5110,101,0.21875
5110,102,0.234375
5110,103,0.296875
5110,104,0.21875
5110,105,0.265625
5110,106,0.3125
5110,107,0.375
5110,108,0.46875
5110,109,0.421875
5110,110,0.328125
5110,111,0.3125
5110,112,0.265625
5110,113,0.21875
5110,114,0.296875
5110,115,0.234375
5110,116,0.28125
5110,117,0.15625
5110,118,0.234375
5110,119,0.15625
5110,120,0.21875
5110,121,0.1875
5110,122,0.25
5110,123,0.3125
5110,124,0.265625
5110,125,0.203125
5110,126,0.25
5110,127,0.3125
5110,128,0.21875
5110,129,0.296875
5110,130,0.21875
5110,131,0.15625
5110,132,0.234375
5110,133,0.21875
5110,134,0.28125
5110,135,0.21875
5110,136,0.125
5110,137,0.203125
5110,138,0.28125
5110,139,0.125
5110,140,0.1875
5110,141,0.25
5110,142,0.265625
5110,143,0.234375
5110,144,0.171875
5110,145,0.1875
5110,146,0.265625
5110,147,0.328125
5110,148,0.484375
5110,149,0.546875
5110,150,0.484375
5110,151,0.296875
5110,152,0.265625
5110,153,0.296875
5110,154,0.203125
5110,155,0.21875
5110,156,0.375
5110,157,0.296875
5110,158,0.25
5110,159,0.25
5110,160,0.296875
5110,161,0.375
5110,162,0.328125
5110,163,0.296875
5110,164,0.359375
5110,165,0.28125
5110,166,0.234375
5110,167,0.28125
5110,168,0.203125
5110,169,0.203125
5110,170,0.25
5110,171,0.171875
5110,172,0.21875
5110,173,0.125
5110,174,0.203125
5110,175,0.28125
5110,176,0.328125
5110,177,0.265625
5110,178,0.1875
5110,179,0.1875
5110,180,0.46875
5110,181,0.390625
5110,182,0.46875
5110,183,0.328125
5110,184,0.421875
5110,185,0.484375
5110,186,0.328125
5110,187,0.390625
5110,188,0.21875
5110,189,0.375
5110,190,0.328125
5110,191,0.34375
5110,192,0.359375
5110,193,0.3125
5110,194,0.265625
5110,195,0.328125
5110,196,0.28125
5110,197,0.203125
5110,198,0.15625
5110,199,0.1875
5110,200,0.171875
5110,201,0.265625
5110,202,0.375
5110,203,0.328125
5110,204,0.375
5110,205,0.34375
5110,206,0.265625
5110,207,0.265625
5110,208,0.328125
5110,209,0.265625
5110,210,0.203125
5110,211,0.265625
5110,212,0.328125
5110,213,0.359375
5110,214,0.46875
5110,215,0.328125
5110,216,0.28125
5110,217,0.296875
5110,218,0.09375
5110,219,0.140625
5110,220,0.125
5110,221,0.1875
5110,222,0.25
5110,223,0.234375
5110,224,0.203125
5110,225,0.265625
5110,226,0.328125
5110,227,0.34375
5110,228,0.40625
5110,229,0.5
5110,230,0.4375
5110,231,0.375
5110,232,0.4375
5110,233,0.375
5110,234,0.515625
5110,235,0.328125
5110,236,0.328125
5110,237,0.34375
5110,238,0.296875
5110,239,0.21875
5110,240,0.171875
5110,241,0.21875
5110,242,0.140625
5110,243,0.21875
5110,244,0.140625
5110,245,0.1875
5110,246,0.21875
5110,247,0.28125
5110,248,0.3125
5110,249,0.265625
5110,250,0.328125
5110,251,0.3125
5110,252,0.328125
5110,253,0.375
5110,254,0.28125
5110,255,0.3125
5110,256,0.265625
5110,257,0.3125
5110,258,0.34375
5110,259,0.265625
5110,260,0.234375
5110,261,0.296875
5110,262,0.359375
5110,263,0.3125
5110,264,0.265625
5110,265,0.3125
5110,266,0.40625
5111,0,0.140625
5111,1,0.125
5111,2,0.1875
5111,3,0.234375
5111,4,0.171875
5111,5,0.09375
5111,6,0.15625
5111,7,0.171875
5111,8,0.109375
5111,9,0.1875
5111,10,0.0625
5111,11,0.125
5111,12,0.15625
5111,13,0.1875
5111,14,0.171875
5111,15,0.171875
5111,16,0.265625
5111,17,0.34375
5111,18,0.3125
5111,19,0.296875
5111,20,0.28125
5111,21,0.234375
5111,22,0.3125
5111,23,0.296875
5111,24,0.21875
5111,25,0.25
5111,26,0.1875
5111,27,0.25
5111,28,0.296875
5111,29,0.203125
5111,30,0.21875
5111,31,0.25
5111,32,0.328125
5111,33,0.296875
5111,34,0.21875
5111,35,0.140625
5111,36,0.1875
5111,37,0.265625
5111,38,0.34375
5111,39,0.328125
5111,40,0.265625
5111,41,0.34375
5111,42,0.296875
5111,43,0.21875
5111,44,0.34375
5111,45,0.28125
5111,46,0.234375
5111,47,0.375
5111,48,0.234375
5111,49,0.453125
5111,50,0.359375
5111,51,0.3125
5111,52,0.359375
5111,53,0.34375
5111,54,0.328125
5111,55,0.25
5111,56,0.296875
5111,57,0.265625
5111,58,0.328125
5111,59,0.296875
5111,60,0.359375
5111,61,0.3125
5111,62,0.375
5111,63,0.34375
5111,64,0.359375
5111,65,0.421875
5111,66,0.265625
5111,67,0.328125
5111,68,0.3125
5111,69,0.296875
5111,70,0.34375
5111,71,0.203125
5111,72,0.296875
5111,73,0.359375
5111,74,0.171875
5111,75,0.21875
5111,76,0.15625
5111,77,0.203125
5111,78,0.28125
5111,79,0.1875
5111,80,0.234375
5111,81,0.328125
5111,82,0.421875
5111,83,0.375
5111,84,0.59375
5111,85,0.421875
5111,86,0.3125
5111,87,0.328125
5111,88,0.390625
5111,89,0.484375
5111,90,0.46875
5111,91,0.4375
5111,92,0.375
5111,93,0.578125
5111,94,0.515625
5111,95,0.453125
5111,96,0.5
5111,97,0.46875
5111,98,0.40625
5111,99,0.5
5111,100,0.421875
5111,101,0.3125
5111,102,0.234375
5111,103,0.328125
5111,104,0.265625
5111,105,0.25
5111,106,0.484375
5112,0,0.1875
5112,1,0.09375
5112,2,0.1875
5112,3,0.25
5112,4,0.375
5112,5,0.34375
5112,6,0.25
5112,7,0.3125
5112,8,0.25
5112,9,0.296875
5112,10,0.34375
5112,11,0.40625
5112,12,0.28125
5112,13,0.34375
5112,14,0.28125
5112,15,0.234375
5112,16,0.3125
5112,17,0.203125
5112,18,0.296875
5112,19,0.296875
5112,20,0.25
5112,21,0.28125
5112,22,0.234375
5112,23,0.25
5112,24,0.296875
5112,25,0.234375
5112,26,0.1875
5112,27,0.25
5112,28,0.296875
5112,29,0.203125
5112,30,0.25
5112,31,0.359375
5112,32,0.328125
5112,33,0.265625
5112,34,0.28125
5112,35,0.328125
5112,36,0.28125
5112,37,0.328125
5112,38,0.40625
5112,39,0.15625
5112,40,0.21875
5112,41,0.28125
5112,42,0.390625
5112,43,0.34375
5112,44,0.40625
5112,45,0.25
5112,46,0.296875
5112,47,0.28125
5112,48,0.203125
5112,49,0.25
5112,50,0.234375
5112,51,0.296875
5112,52,0.234375
5112,53,0.28125
5112,54,0.25
5112,55,0.3125
5112,56,0.359375
5112,57,0.296875
5112,58,0.375
5112,59,0.296875
5112,60,0.25
5112,61,0.21875
5112,62,0.265625
5112,63,0.296875
5112,64,0.390625
5112,65,0.328125
5112,66,0.21875
5112,67,0.28125
5112,68,0.3125
5112,69,0.359375
5112,70,0.296875
5112,71,0.234375
5112,72,0.328125
5112,73,0.34375
5112,74,0.40625
5112,75,0.359375
5112,76,0.28125
5112,77,0.3125
5112,78,0.265625
5112,79,0.09375
5112,80,0.234375
5112,81,0.25
5112,82,0.3125
5112,83,0.46875
5113,0,0.1875
5113,1,0.109375
5113,2,0.15625
5113,3,0.171875
5113,4,0.3125
5113,5,0.28125
5113,6,0.21875
5113,7,0.15625
5113,8,0.1875
5113,9,0.125
5113,10,0.171875
5113,11,0.234375
5113,12,0.296875
5113,13,0.328125
5113,14,0.390625
5113,15,0.328125
5113,16,0.375
5113,17,0.234375
5113,18,0.296875
5113,19,0.25
5113,20,0.3125
5113,21,0.28125
5113,22,0.28125
5113,23,0.1875
5113,24,0.15625
5113,25,0.1875
5113,26,0.265625
5113,27,0.171875
5113,28,0.140625
5113,29,0.15625
5113,30,0.234375
5113,31,0.25
5113,32,0.21875
5113,33,0.171875
5113,34,0.25
5113,35,0.296875
5113,36,0.265625
5113,37,0.359375
5113,38,0.3125
5113,39,0.25
5113,40,0.296875
5113,41,0.25
5113,42,0.234375
5113,43,0.234375
5113,44,0.1875
5113,45,0.21875
5113,46,0.140625
5113,47,0.21875
5113,48,0.28125
5113,49,0.21875
5113,50,0.296875
5113,51,0.359375
5113,52,0.28125
5113,53,0.34375
5113,54,0.359375
5113,55,0.28125
5113,56,0.109375
5113,57,0.15625
5113,58,0.171875
5113,59,0.234375
5113,60,0.21875
5113,61,0.3125
5113,62,0.28125
5113,63,0.375
5113,64,0.3125
5113,65,0.390625
5114,0,0.171875
5114,1,0.078125
5114,2,0.140625
5114,3,0.171875
5114,4,0.34375
5114,5,0.265625
5114,6,0.3125
5114,7,0.328125
5114,8,0.234375
5114,9,0.140625
5114,10,0.203125
5114,11,0.296875
5114,12,0.328125
5114,13,0.21875
5114,14,0.265625
5114,15,0.265625
5114,16,0.328125
5114,17,0.265625
5114,18,0.234375
5114,19,0.328125
5114,20,0.484375
5114,21,0.40625
5114,22,0.34375
5114,23,0.296875
5114,24,0.359375
5114,25,0.40625
5114,26,0.359375
5114,27,0.328125
5114,28,0.28125
5114,29,0.359375
5114,30,0.3125
5114,31,0.25
5114,32,0.21875
5114,33,0.296875
5114,34,0.25
5114,35,0.328125
5114,36,0.21875
5114,37,0.265625
5114,38,0.1875
5114,39,0.21875
5114,40,0.40625
5114,41,0.6875
5114,42,0.640625
5114,43,0.6875
5115,0,0.15625
5115,1,0.125
5115,2,0.1875
5115,3,0.234375
5115,4,0.3125
5115,5,0.21875
5115,6,0.296875
5115,7,0.25
5115,8,0.3125
5115,9,0.390625
5115,10,0.234375
5115,11,0.328125
5115,12,0.265625
5115,13,0.203125
5115,14,0.265625
5115,15,0.1875
5115,16,0.265625
5115,17,0.390625
5115,18,0.328125
5115,19,0.34375
5115,20,0.359375
5115,21,0.296875
5115,22,0.265625
5115,23,0.28125
5115,24,0.359375
5115,25,0.296875
5115,26,0.265625
5115,27,0.3125
5115,28,0.328125
5115,29,0.234375
5115,30,0.296875
5115,31,0.25
5115,32,0.171875
5115,33,0.265625
5115,34,0.25
5115,35,0.203125
5115,36,0.140625
5115,37,0.203125
5115,38,0.28125
5115,39,0.234375
5115,40,0.265625
5115,41,0.296875
5115,42,0.25
5115,43,0.1875
5115,44,0.28125
5115,45,0.328125
5115,46,0.21875
5115,47,0.203125
5115,48,0.3125
5115,49,0.234375
5115,50,0.3125
5115,51,0.265625
5115,52,0.296875
5115,53,0.203125
5115,54,0.140625
5115,55,0.09375
5115,56,0.125
5115,57,0.171875
5115,58,0.21875
5115,59,0.171875
5115,60,0.1875
5115,61,0.265625
5115,62,0.296875
5115,63,0.328125
5115,64,0.265625
5115,65,0.15625
5115,66,0.25
5115,67,0.359375
5115,68,0.28125
5115,69,0.203125
5115,70,0.25
5115,71,0.21875
5115,72,0.265625
5115,73,0.3125
5115,74,0.34375
5115,75,0.25
5115,76,0.203125
5115,77,0.234375
5115,78,0.46875
5115,79,0.375
5115,80,0.296875
5115,81,0.34375
5115,82,0.203125
5115,83,0.234375
5115,84,0.234375
5115,85,0.3125
5115,86,0.265625
5115,87,0.234375
5115,88,0.265625
5115,89,0.28125
5115,90,0.34375
5115,91,0.21875
5115,92,0.234375
5115,93,0.203125
5115,94,0.265625
5115,95,0.328125
5116,0,0.171875
5116,1,0.234375
5116,2,0.3125
5116,3,0.3125
5116,4,0.234375
5116,5,0.203125
5116,6,0.25
5116,7,0.328125
5116,8,0.21875
5116,9,0.375
5116,10,0.4375
5116,11,0.421875
5116,12,0.34375
5116,13,0.40625
5116,14,0.234375
5116,15,0.171875
5116,16,0.1875
5116,17,0.21875
5116,18,0.296875
5116,19,0.3125
5116,20,0.390625
5116,21,0.296875
5116,22,0.265625
5116,23,0.234375
5116,24,0.328125
5116,25,0.171875
5116,26,0.25
5116,27,0.265625
5116,28,0.34375
5116,29,0.1875
5116,30,0.21875
5116,31,0.375
5116,32,0.3125
5116,33,0.21875
5116,34,0.34375
5116,35,0.25
5116,36,0.3125
5116,37,0.390625
5116,38,0.359375
5116,39,0.375
5116,40,0.3125
5116,41,0.4375
5116,42,0.28125
5116,43,0.40625
5116,44,0.34375
5116,45,0.4375
5116,46,0.359375
5116,47,0.40625
5116,48,0.40625
5116,49,0.359375
5116,50,0.265625
5116,51,0.3125
5116,52,0.375
5116,53,0.328125
5116,54,0.25
5116,55,0.4375
5116,56,0.375
5116,57,0.21875
5116,58,0.28125
5116,59,0.421875
5116,60,0.3125
5116,61,0.25
5116,62,0.28125
5116,63,0.359375
5116,64,0.484375
5116,65,0.453125
5117,0,0.1875
5117,1,0.09375
5117,2,0.046875
5117,3,0.125
5117,4,0.1875
5117,5,0.15625
5117,6,0.25
5117,7,0.171875
5117,8,0.21875
5117,9,0.21875
5117,10,0.296875
5117,11,0.203125
5117,12,0.25
5117,13,0.171875
5117,14,0.109375
5117,15,0.265625
5117,16,0.328125
5117,17,0.265625
5117,18,0.21875
5117,19,0.265625
5117,20,0.3125
5117,21,0.34375
5117,22,0.328125
5117,23,0.25
5117,24,0.28125
5117,25,0.359375
5117,26,0.28125
5117,27,0.375
5117,28,0.3125
5117,29,0.390625
5117,30,0.421875
5117,31,0.34375
5117,32,0.359375
5117,33,0.421875
5117,34,0.53125
5117,35,0.484375
5117,36,0.453125
5117,37,0.40625
5117,38,0.375
5117,39,0.3125
5117,40,0.234375
5117,41,0.171875
5117,42,0.171875
5117,43,0.234375
5117,44,0.3125
5117,45,0.265625
5117,46,0.203125
5117,47,0.265625
5117,48,0.28125
5117,49,0.1875
5117,50,0.1875
5117,51,0.21875
5117,52,0.25
5117,53,0.171875
5117,54,0.25
5117,55,0.328125
5117,56,0.328125
5117,57,0.25
5117,58,0.28125
5117,59,0.3125
5117,60,0.390625
5117,61,0.421875
5117,62,0.421875
5117,63,0.5
5117,64,0.234375
5117,65,0.21875
5117,66,0.25
5117,67,0.1875
5117,68,0.34375
5117,69,0.484375
5117,70,0.46875
5117,71,0.65625
5117,72,0.375
5117,73,0.421875
5117,74,0.40625
5117,75,0.390625
5117,76,0.34375
5117,77,0.40625
5118,0,0.171875
5118,1,0.34375
5118,2,0.296875
5118,3,0.234375
5118,4,0.328125
5118,5,0.28125
5118,6,0.625
5118,7,0.4375
5118,8,0.25
5118,9,0.203125
5118,10,0.203125
5118,11,0.21875
5118,12,0.203125
5118,13,0.234375
5118,14,0.15625
5118,15,0.171875
5118,16,0.125
5118,17,0.171875
5118,18,0.140625
5118,19,0.203125
5118,20,0.296875
5118,21,0.359375
5118,22,0.34375
5118,23,0.390625
5118,24,0.296875
5118,25,0.3125
5118,26,0.25
5118,27,0.140625
5118,28,0.203125
5118,29,0.234375
5118,30,0.265625
5118,31,0.34375
5118,32,0.28125
5118,33,0.234375
5118,34,0.3125
5118,35,0.21875
5118,36,0.3125
5118,37,0.265625
5118,38,0.328125
5118,39,0.375
5118,40,0.5625
5118,41,0.453125
5118,42,0.53125
5118,43,0.515625
5118,44,0.421875
5118,45,0.359375
5118,46,0.34375
5118,47,0.359375
5118,48,0.3125
5118,49,0.25
5118,50,0.21875
5118,51,0.28125
5118,52,0.25
5118,53,0.21875
5118,54,0.234375
5118,55,0.296875
5118,56,0.359375
5118,57,0.4375
5118,58,0.296875
5118,59,0.1875
5118,60,0.203125
5118,61,0.296875
5118,62,0.21875
5118,63,0.28125
5118,64,0.34375
5118,65,0.421875
5118,66,0.375
5118,67,0.3125
5118,68,0.296875
5118,69,0.21875
5118,70,0.3125
5118,71,0.234375
5118,72,0.3125
5118,73,0.375
5118,74,0.1875
5118,75,0.265625
5118,76,0.328125
5118,77,0.28125
5118,78,0.203125
5118,79,0.25
5118,80,0.3125
5118,81,0.25
5118,82,0.34375
5118,83,0.421875
5118,84,0.359375
5118,85,0.328125
5118,86,0.21875
5118,87,0.265625
5118,88,0.328125
5118,89,0.390625
5118,90,0.3125
5118,91,0.328125
5118,92,0.296875
5118,93,0.234375
5118,94,0.3125
5118,95,0.296875
5118,96,0.375
5118,97,0.296875
5118,98,0.265625
5118,99,0.328125
5118,100,0.375
5118,101,0.5625
5119,0,0.1875
5119,1,0.234375
5119,2,0.140625
5119,3,0.203125
5119,4,0.234375
5119,5,0.1875
5119,6,0.296875
5119,7,0.234375
5119,8,0.28125
5119,9,0.34375
5119,10,0.25
5119,11,0.28125
5119,12,0.234375
5119,13,0.15625
5119,14,0.25
5119,15,0.265625
5119,16,0.21875
5119,17,0.203125
5119,18,0.3125
5119,19,0.234375
5119,20,0.296875
5119,21,0.234375
5119,22,0.171875
5119,23,0.1875
5119,24,0.21875
5119,25,0.234375
5119,26,0.1875
5119,27,0.140625
5119,28,0.1875
5119,29,0.171875
5119,30,0.171875
5119,31,0.1875
5119,32,0.25
5119,33,0.21875
5119,34,0.25
5119,35,0.28125
5119,36,0.28125
5119,37,0.21875
5119,38,0.15625
5119,39,0.21875
5119,40,0.171875
5119,41,0.21875
5119,42,0.1875
5119,43,0.328125
5119,44,0.359375
5119,45,0.296875
5119,46,0.359375
5119,47,0.25
5119,48,0.265625
5119,49,0.34375
5119,50,0.25
5119,51,0.328125
5119,52,0.375
5119,53,0.34375
5119,54,0.453125
5119,55,0.390625
5119,56,0.4375
5119,57,0.390625
5119,58,0.5
5119,59,0.3125
5119,60,0.234375
5119,61,0.296875
5119,62,0.21875
5119,63,0.28125
5119,64,0.296875
5119,65,0.25
5119,66,0.171875
5119,67,0.234375
5119,68,0.28125
5119,69,0.15625
5119,70,0.109375
5119,71,0.171875
5119,72,0.234375
5119,73,0.3125
5119,74,0.25
5119,75,0.328125
5119,76,0.375
5119,77,0.4375
5119,78,0.375
5119,79,0.453125
5120,0,0.09375
5120,1,0.15625
5120,2,0.21875
5120,3,0.234375
5120,4,0.15625
5120,5,0.234375
5120,6,0.296875
5120,7,0.265625
5120,8,0.328125
5120,9,0.28125
5120,10,0.34375
5120,11,0.234375
5120,12,0.296875
5120,13,0.296875
5120,14,0.21875
5120,15,0.265625
5120,16,0.3125
5120,17,0.359375
5120,18,0.296875
5120,19,0.234375
5120,20,0.296875
5120,21,0.375
5120,22,0.4375
5120,23,0.609375
5121,0,0.15625
5121,1,0.203125
5121,2,0.140625
5121,3,0.125
5121,4,0.203125
5121,5,0.234375
5121,6,0.265625
5121,7,0.34375
5121,8,0.34375
5121,9,0.375
5121,10,0.390625
5121,11,0.3125
5121,12,0.234375
5121,13,0.328125
5121,14,0.359375
5121,15,0.25
5121,16,0.3125
5121,17,0.34375
5121,18,0.234375
5121,19,0.3125
5121,20,0.359375
5121,21,0.1875
5121,22,0.21875
5121,23,0.15625
5121,24,0.234375
5121,25,0.28125
5121,26,0.296875
5121,27,0.359375
5121,28,0.296875
5121,29,0.265625
5121,30,0.3125
5121,31,0.265625
5121,32,0.34375
5121,33,0.4375
5121,34,0.46875
5121,35,0.40625
5121,36,0.46875
5121,37,0.515625
5122,0,0.15625
5122,1,0.328125
5122,2,0.265625
5122,3,0.234375
5122,4,0.25
5122,5,0.328125
5122,6,0.421875
5122,7,0.359375
5122,8,0.40625
5122,9,0.234375
5122,10,0.25
5122,11,0.203125
5122,12,0.171875
5122,13,0.234375
5122,14,0.265625
5122,15,0.34375
5122,16,0.296875
5122,17,0.25
5122,18,0.3125
5122,19,0.203125
5122,20,0.15625
5122,21,0.1875
5122,22,0.21875
5122,23,0.265625
5122,24,0.3125
5122,25,0.234375
5122,26,0.28125
5122,27,0.21875
5122,28,0.28125
5122,29,0.21875
5122,30,0.15625
5122,31,0.140625
5122,32,0.21875
5122,33,0.25
5122,34,0.328125
5122,35,0.375
5122,36,0.265625
5122,37,0.1875
5122,38,0.25
5122,39,0.0625
5122,40,0.265625
5122,41,0.296875
5122,42,0.375
5122,43,0.4375
5122,44,0.390625
5122,45,0.4375
5122,46,0.484375
5122,47,0.421875
5122,48,0.21875
5122,49,0.34375
5122,50,0.265625
5122,51,0.1875
5122,52,0.234375
5122,53,0.171875
5122,54,0.21875
5122,55,0.25
5122,56,0.359375
5122,57,0.203125
5122,58,0.171875
5122,59,0.3125
5122,60,0.203125
5122,61,0.140625
5122,62,0.09375
5122,63,0.1875
5122,64,0.28125
5122,65,0.234375
5122,66,0.203125
5122,67,0.28125
5122,68,0.296875
5122,69,0.1875
5122,70,0.234375
5122,71,0.21875
5122,72,0.140625
5122,73,0.1875
5122,74,0.234375
5122,75,0.28125
5122,76,0.328125
5122,77,0.28125
5122,78,0.34375
5122,79,0.203125
5122,80,0.265625
5122,81,0.203125
5122,82,0.1875
5122,83,0.265625
5122,84,0.34375
5122,85,0.328125
5122,86,0.234375
5122,87,0.296875
5122,88,0.328125
5122,89,0.171875
5122,90,0.21875
5122,91,0.171875
5122,92,0.265625
5122,93,0.328125
5122,94,0.21875
5122,95,0.15625
5122,96,0.171875
5122,97,0.15625
5122,98,0.203125
5122,99,0.234375
5122,100,0.203125
5122,101,0.140625
5122,102,0.171875
5122,103,0.203125
5122,104,0.265625
5122,105,0.265625
5122,106,0.21875
5122,107,0.109375
5122,108,0.15625
5122,109,0.203125
5122,110,0.1875
5122,111,0.140625
5122,112,0.3125
5122,113,0.125
5122,114,0.15625
5122,115,0.109375
5122,116,0.140625
5122,117,0.1875
5122,118,0.25
5122,119,0.234375
5122,120,0.3125
5122,121,0.375
5122,122,0.4375
5122,123,0.234375
5122,124,0.328125
5122,125,0.21875
5122,126,0.1875
5122,127,0.1875
5122,128,0.25
5122,129,0.203125
5122,130,0.296875
5122,131,0.21875
5122,132,0.171875
5122,133,0.234375
5122,134,0.203125
5122,135,0.25
5122,136,0.21875
5122,137,0.15625
5122,138,0.265625
5122,139,0.171875
5122,140,0.203125
5122,141,0.25
5122,142,0.203125
5122,143,0.265625
5122,144,0.21875
5122,145,0.15625
5122,146,0.234375
5122,147,0.125
5122,148,0.1875
5122,149,0.25
5122,150,0.28125
5122,151,0.34375
5122,152,0.40625
5122,153,0.3125
5122,154,0.375
5122,155,0.453125
5122,156,0.359375
5122,157,0.3125
5122,158,0.21875
5122,159,0.25
5122,160,0.296875
5122,161,0.453125
5122,162,0.515625
5122,163,0.421875
5122,164,0.484375
5123,0,0.140625
5123,1,0.1875
5123,2,0.140625
5123,3,0.140625
5123,4,0.21875
5123,5,0.265625
5123,6,0.234375
5123,7,0.265625
5123,8,0.34375
5123,9,0.28125
5123,10,0.359375
5123,11,0.296875
5123,12,0.1875
5123,13,0.25
5123,14,0.40625
5123,15,0.359375
5123,16,0.421875
5123,17,0.34375
5123,18,0.359375
5123,19,0.3125
5123,20,0.28125
5123,21,0.1875
5123,22,0.21875
5123,23,0.25
5123,24,0.4375
5123,25,0.265625
5123,26,0.328125
5123,27,0.265625
5123,28,0.1875
5123,29,0.25
5123,30,0.1875
5123,31,0.109375
5123,32,0.109375
5123,33,0.1875
5123,34,0.125
5123,35,0.21875
5123,36,0.171875
5123,37,0.25
5123,38,0.3125
5123,39,0.3125
5123,40,0.21875
5123,41,0.171875
5123,42,0.25
5123,43,0.203125
5123,44,0.296875
5123,45,0.34375
5123,46,0.28125
5123,47,0.3125
5123,48,0.203125
5123,49,0.265625
5123,50,0.25
5123,51,0.171875
5123,52,0.28125
5123,53,0.359375
5123,54,0.328125
5123,55,0.28125
5123,56,0.203125
5123,57,0.265625
5123,58,0.171875
5123,59,0.234375
5123,60,0.265625
5123,61,0.203125
5123,62,0.28125
5123,63,0.25
5123,64,0.3125
5123,65,0.328125
5123,66,0.40625
5123,67,0.359375
5123,68,0.328125
5123,69,0.40625
5123,70,0.34375
5123,71,0.328125
5123,72,0.390625
5123,73,0.46875
5123,74,0.40625
5123,75,0.359375
5123,76,0.4375
5123,77,0.328125
5123,78,0.296875
5123,79,0.34375
5123,80,0.421875
5123,81,0.5
5123,82,0.375
5123,83,0.34375
5123,84,0.421875
5123,85,0.484375
5123,86,0.296875
5123,87,0.34375
5123,88,0.375
5123,89,0.25
5123,90,0.171875
5123,91,0.21875
5123,92,0.359375
5123,93,0.265625
5123,94,0.21875
5123,95,0.1875
5123,96,0.28125
5123,97,0.203125
5123,98,0.265625
5123,99,0.171875
5123,100,0.203125
5123,101,0.140625
5123,102,0.1875
5123,103,0.265625
5123,104,0.203125
5123,105,0.25
5123,106,0.234375
5123,107,0.1875
5123,108,0.15625
5123,109,0.203125
5123,110,0.328125
5123,111,0.265625
5123,112,0.34375
5123,113,0.34375
5123,114,0.46875
5123,115,0.296875
5123,116,0.21875
5123,117,0.28125
5123,118,0.328125
5123,119,0.375
5123,120,0.28125
5123,121,0.25
5123,122,0.328125
5123,123,0.234375
5123,124,0.265625
5123,125,0.359375
5123,126,0.484375
5123,127,0.421875
5123,128,0.34375
5123,129,0.4375
5123,130,0.28125
5123,131,0.34375
5123,132,0.375
5123,133,0.296875
5123,134,0.359375
5123,135,0.3125
5123,136,0.375
5123,137,0.25
5123,138,0.3125
5123,139,0.265625
5123,140,0.21875
5123,141,0.21875
5123,142,0.234375
5123,143,0.265625
5123,144,0.390625
5123,145,0.484375
5123,146,0.5625
5123,147,0.546875
5123,148,0.359375
5123,149,0.171875
5123,150,0.140625
5123,151,0.1875
5123,152,0.265625
5123,153,0.359375
5123,154,0.3125
5123,155,0.359375
5123,156,0.328125
5123,157,0.296875
5123,158,0.234375
5123,159,0.1875
5123,160,0.171875
5123,161,0.21875
5123,162,0.171875
5123,163,0.203125
5123,164,0.296875
5123,165,0.234375
5123,166,0.28125
5123,167,0.1875
5123,168,0.28125
5123,169,0.21875
5123,170,0.234375
5123,171,0.328125
5123,172,0.234375
5123,173,0.34375
5123,174,0.265625
5123,175,0.328125
5123,176,0.328125
5123,177,0.390625
5123,178,0.34375
5123,179,0.34375
5123,180,0.4375
5123,181,0.4375
5123,182,0.359375
5123,183,0.265625
5123,184,0.296875
5123,185,0.359375
5123,186,0.25
5123,187,0.296875
5123,188,0.203125
5123,189,0.34375
5123,190,0.53125
5123,191,0.453125
5123,192,0.34375
5123,193,0.28125
5123,194,0.3125
5123,195,0.203125
5123,196,0.21875
5123,197,0.28125
5123,198,0.34375
5123,199,0.40625
5123,200,0.234375
5123,201,0.171875
5123,202,0.234375
5123,203,0.28125
5123,204,0.296875
5123,205,0.265625
5123,206,0.3125
5123,207,0.125
5123,208,0.171875
5123,209,0.125
5123,210,0.1875
5123,211,0.234375
5123,212,0.375
5123,213,0.296875
5123,214,0.265625
5123,215,0.34375
5123,216,0.28125
5123,217,0.1875
5123,218,0.21875
5123,219,0.265625
5123,220,0.265625
5123,221,0.171875
5123,222,0.234375
5123,223,0.28125
5123,224,0.359375
5123,225,0.296875
5123,226,0.25
5123,227,0.15625
5123,228,0.203125
5123,229,0.171875
5123,230,0.234375
5123,231,0.3125
5123,232,0.40625
5123,233,0.453125
5123,234,0.40625
5123,235,0.34375
5123,236,0.40625
5123,237,0.34375
5123,238,0.265625
5123,239,0.421875
5123,240,0.328125
5123,241,0.375
5123,242,0.3125
5123,243,0.234375
5123,244,0.34375
5123,245,0.21875
5123,246,0.1875
5123,247,0.203125
5123,248,0.15625
5123,249,0.1875
5123,250,0.25
5123,251,0.203125
5123,252,0.28125
5123,253,0.328125
5123,254,0.265625
5123,255,0.21875
5123,256,0.25
5123,257,0.171875
5123,258,0.234375
5123,259,0.171875
5123,260,0.203125
5123,261,0.21875
5123,262,0.1875
5123,263,0.28125
5123,264,0.28125
5123,265,0.21875
5123,266,0.390625
5123,267,0.40625
5123,268,0.28125
5123,269,0.234375
5123,270,0.1875
5123,271,0.234375
5123,272,0.1875
5123,273,0.25
5123,274,0.296875
5123,275,0.328125
5123,276,0.265625
5123,277,0.296875
5123,278,0.390625
5123,279,0.34375
5123,280,0.296875
5123,281,0.375
5123,282,0.25
5123,283,0.1875
5123,284,0.25
5123,285,0.171875
5123,286,0.1875
5123,287,0.21875
5123,288,0.25
5123,289,0.3125
5123,290,0.421875
5123,291,0.28125
5123,292,0.359375
5123,293,0.53125
5123,294,0.484375
5123,295,0.296875
5123,296,0.390625
5123,297,0.421875
5123,298,0.46875
5123,299,0.40625
5123,300,0.328125
5123,301,0.390625
5123,302,0.328125
5123,303,0.296875
5123,304,0.25
5123,305,0.296875
5123,306,0.15625
5123,307,0.375
5123,308,0.4375
5123,309,0.375
5123,310,0.25
5123,311,0.21875
5123,312,0.25
5123,313,0.203125
5123,314,0.1875
5123,315,0.1875
5123,316,0.25
5123,317,0.1875
5123,318,0.28125
5123,319,0.265625
5123,320,0.1875
5123,321,0.234375
5123,322,0.296875
5123,323,0.1875
5123,324,0.203125
5123,325,0.234375
5123,326,0.28125
5123,327,0.1875
5123,328,0.21875
5123,329,0.1875
5123,330,0.234375
5123,331,0.34375
5123,332,0.234375
5123,333,0.171875
5123,334,0.203125
5123,335,0.296875
5123,336,0.25
5123,337,0.328125
5123,338,0.265625
5123,339,0.328125
5123,340,0.375
5123,341,0.4375
5123,342,0.359375
5123,343,0.296875
5123,344,0.28125
5123,345,0.234375
5123,346,0.3125
5123,347,0.25
5123,348,0.328125
5123,349,0.25
5123,350,0.328125
5123,351,0.40625
5123,352,0.484375
5123,353,0.28125
5123,354,0.3125
5123,355,0.25
5123,356,0.328125
5123,357,0.46875
5123,358,0.265625
5123,359,0.1875
5123,360,0.25
5123,361,0.265625
5123,362,0.328125
5123,363,0.4375
5123,364,0.40625
5123,365,0.3125
5123,366,0.359375
5123,367,0.28125
5123,368,0.1875
5123,369,0.265625
5123,370,0.375
5123,371,0.28125
5123,372,0.1875
5123,373,0.28125
5123,374,0.484375
5123,375,0.4375
5123,376,0.484375
5123,377,0.453125
5123,378,0.4375
5123,379,0.21875
5123,380,0.265625
5123,381,0.234375
5123,382,0.296875
5123,383,0.40625
5123,384,0.484375
5123,385,0.375
5123,386,0.421875
5123,387,0.484375
5123,388,0.390625
5123,389,0.296875
5123,390,0.328125
5123,391,0.25
5123,392,0.21875
5123,393,0.125
5123,394,0.203125
5123,395,0.15625
5123,396,0.203125
5123,397,0.25
5123,398,0.1875
5123,399,0.265625
5123,400,0.421875
5123,401,0.3125
5123,402,0.3125
5123,403,0.5
5123,404,0.296875
5123,405,0.265625
5123,406,0.3125
5123,407,0.28125
5123,408,0.296875
5123,409,0.25
5123,410,0.296875
5123,411,0.265625
5124,0,0.078125
5124,1,0.03125
5124,2,0.0625
5124,3,0.125
5124,4,0.203125
5124,5,0.140625
5124,6,0.1875
5124,7,0.21875
5124,8,0.1875
5124,9,0.078125
5124,10,0.078125
5124,11,0.140625
5124,12,0.265625
5124,13,0.265625
5124,14,0.3125
5124,15,0.25
5124,16,0.3125
5124,17,0.296875
5124,18,0.265625
5124,19,0.328125
5124,20,0.25
5124,21,0.171875
5124,22,0.234375
5124,23,0.15625
5124,24,0.203125
5124,25,0.265625
5124,26,0.3125
5124,27,0.328125
5124,28,0.28125
5124,29,0.3125
5124,30,0.25
5124,31,0.15625
5124,32,0.171875
5124,33,0.1875
5124,34,0.203125
5124,35,0.15625
5124,36,0.234375
5124,37,0.25
5124,38,0.328125
5124,39,0.28125
5124,40,0.484375
5124,41,0.3125
5124,42,0.265625
5124,43,0.34375
5124,44,0.265625
5124,45,0.34375
5124,46,0.25
5124,47,0.34375
5124,48,0.53125
5125,0,0.265625
5125,1,0.171875
5125,2,0.1875
5125,3,0.234375
5125,4,0.109375
5125,5,0.265625
5125,6,0.25
5125,7,0.1875
5125,8,0.25
5125,9,0.34375
5125,10,0.28125
5125,11,0.1875
5125,12,0.125
5125,13,0.21875
5125,14,0.171875
5125,15,0.28125
5125,16,0.328125
5125,17,0.3125
5125,18,0.484375
5125,19,0.328125
5125,20,0.125
5125,21,0.203125
5125,22,0.234375
5125,23,0.171875
5125,24,0.234375
5125,25,0.3125
5125,26,0.25
5125,27,0.3125
5125,28,0.390625
5125,29,0.265625
5125,30,0.328125
5125,31,0.28125
5125,32,0.3125
5125,33,0.234375
5125,34,0.171875
5125,35,0.28125
5125,36,0.3125
5125,37,0.21875
5125,38,0.296875
5125,39,0.328125
5125,40,0.390625
5125,41,0.359375
5125,42,0.375
5125,43,0.46875
5125,44,0.4375
5125,45,0.375
5125,46,0.328125
5125,47,0.25
5125,48,0.328125
5125,49,0.375
5125,50,0.328125
5125,51,0.25
5125,52,0.296875
5125,53,0.265625
5125,54,0.328125
5125,55,0.328125
5125,56,0.296875
5125,57,0.25
5125,58,0.28125
5125,59,0.203125
5125,60,0.3125
5125,61,0.296875
5125,62,0.25
5125,63,0.1875
5125,64,0.203125
5125,65,0.234375
5125,66,0.28125
5125,67,0.203125
5125,68,0.359375
5125,69,0.65625
5125,70,0.328125
5125,71,0.234375
5125,72,0.265625
5125,73,0.171875
5125,74,0.21875
5125,75,0.28125
5125,76,0.25
5125,77,0.3125
5125,78,0.265625
5125,79,0.21875
5125,80,0.25
5125,81,0.1875
5125,82,0.15625
5125,83,0.265625
5125,84,0.34375
5125,85,0.171875
5125,86,0.21875
5125,87,0.1875
5125,88,0.21875
5125,89,0.15625
5125,90,0.375
5125,91,0.328125
5125,92,0.28125
5125,93,0.21875
5125,94,0.140625
5125,95,0.203125
5125,96,0.234375
5125,97,0.171875
5125,98,0.140625
5125,99,0.15625
5125,100,0.28125
5125,101,0.34375
5125,102,0.265625
5125,103,0.171875
5125,104,0.21875
5125,105,0.265625
5125,106,0.1875
5125,107,0.140625
5125,108,0.15625
5125,109,0.1875
5125,110,0.265625
5125,111,0.1875
5125,112,0.234375
5125,113,0.25
5125,114,0.25
5125,115,0.296875
5126,0,0.140625
5126,1,0.21875
5126,2,0.28125
5126,3,0.296875
5126,4,0.265625
5126,5,0.21875
5126,6,0.171875
5126,7,0.109375
5126,8,0.15625
5126,9,0.171875
5126,10,0.21875
5126,11,0.203125
5126,12,0.234375
5126,13,0.171875
5126,14,0.09375
5126,15,0.1875
5126,16,0.21875
5126,17,0.296875
5126,18,0.1875
5126,19,0.25
5126,20,0.28125
5126,21,0.546875
5126,22,0.390625
5126,23,0.375
5126,24,0.46875
5126,25,0.28125
5126,26,0.296875
5126,27,0.125
5126,28,0.09375
5126,29,0.140625
5126,30,0.171875
5126,31,0.25
5126,32,0.171875
5126,33,0.3125
5126,34,0.359375
5126,35,0.4375
5126,36,0.328125
5126,37,0.265625
5126,38,0.3125
5126,39,0.265625
5126,40,0.28125
5126,41,0.3125
5126,42,0.21875
5126,43,0.125
5126,44,0.171875
5126,45,0.234375
5126,46,0.296875
5126,47,0.203125
5126,48,0.265625
5126,49,0.3125
5126,50,0.265625
5126,51,0.21875
5126,52,0.15625
5126,53,0.25
5126,54,0.15625
5126,55,0.25
5126,56,0.375
5126,57,0.296875
5126,58,0.234375
5126,59,0.15625
5126,60,0.203125
5126,61,0.265625
5126,62,0.234375
5126,63,0.171875
5126,64,0.1875
5126,65,0.296875
5126,66,0.359375
5126,67,0.25
5126,68,0.1875
5126,69,0.28125
5126,70,0.265625
5126,71,0.375
5126,72,0.296875
5126,73,0.265625
5126,74,0.28125
5126,75,0.078125
5126,76,0.140625
5126,77,0.203125
5126,78,0.15625
5126,79,0.21875
5126,80,0.234375
5126,81,0.296875
5126,82,0.359375
5126,83,0.265625
5126,84,0.34375
5126,85,0.25
5126,86,0.171875
5126,87,0.109375
5126,88,0.203125
5126,89,0.234375
5126,90,0.25
5126,91,0.296875
5126,92,0.359375
5126,93,0.21875
5126,94,0.265625
5126,95,0.328125
5126,96,0.4375
5126,97,0.28125
5126,98,0.21875
5126,99,0.265625
5126,100,0.328125
5126,101,0.25
5126,102,0.171875
5126,103,0.234375
5126,104,0.296875
5126,105,0.34375
5126,106,0.265625
5126,107,0.234375
5126,108,0.3125
5126,109,0.28125
5126,110,0.328125
5126,111,0.359375
5126,112,0.40625
5126,113,0.453125
5126,114,0.53125
5126,115,0.296875
5126,116,0.34375
5126,117,0.296875
5126,118,0.234375
5126,119,0.1875
5126,120,0.25
5126,121,0.171875
5126,122,0.25
5126,123,0.296875
5126,124,0.46875
5127,0,0.21875
5127,1,0.265625
5127,2,0.328125
5127,3,0.234375
5127,4,0.296875
5127,5,0.359375
5127,6,0.4375
5127,7,0.390625
5127,8,0.46875
5127,9,0.421875
5127,10,0.484375
5127,11,0.453125
5127,12,0.375
5127,13,0.421875
5127,14,0.484375
5127,15,0.4375
5127,16,0.265625
5127,17,0.3125
5127,18,0.21875
5127,19,0.34375
5127,20,0.421875
5127,21,0.390625
5127,22,0.28125
5127,23,0.234375
5127,24,0.296875
5127,25,0.21875
5127,26,0.140625
5127,27,0.203125
5127,28,0.265625
5127,29,0.28125
5127,30,0.203125
5127,31,0.28125
5127,32,0.296875
5127,33,0.375
5127,34,0.265625
5127,35,0.328125
5127,36,0.21875
5127,37,0.28125
5127,38,0.328125
5127,39,0.296875
5127,40,0.359375
5127,41,0.296875
5127,42,0.203125
5127,43,0.28125
5127,44,0.265625
5127,45,0.1875
5127,46,0.234375
5127,47,0.25
5127,48,0.296875
5127,49,0.40625
5127,50,0.328125
5127,51,0.296875
5127,52,0.34375
5128,0,0.1875
5128,1,0.25
5128,2,0.0625
5128,3,0.15625
5128,4,0.25
5128,5,0.28125
5128,6,0.21875
5128,7,0.15625
5128,8,0.1875
5128,9,0.171875
5128,10,0.15625
5128,11,0.234375
5128,12,0.1875
5128,13,0.25
5128,14,0.28125
5128,15,0.34375
5128,16,0.453125
5128,17,0.484375
5128,18,0.390625
5128,19,0.328125
5128,20,0.265625
5128,21,0.15625
5128,22,0.296875
5128,23,0.140625
5128,24,0.203125
5128,25,0.265625
5128,26,0.421875
5128,27,0.234375
5128,28,0.265625
5128,29,0.265625
5128,30,0.34375
5128,31,0.265625
5128,32,0.21875
5128,33,0.296875
5128,34,0.328125
5128,35,0.296875
5128,36,0.265625
5128,37,0.296875
5128,38,0.4375
5128,39,0.390625
5128,40,0.3125
5128,41,0.375
5128,42,0.3125
5128,43,0.265625
5128,44,0.1875
5128,45,0.171875
5128,46,0.234375
5128,47,0.4375
5128,48,0.515625
5128,49,0.453125
5128,50,0.5
5128,51,0.359375
5128,52,0.4375
5128,53,0.3125
5128,54,0.40625
5128,55,0.34375
5128,56,0.390625
5128,57,0.296875
5128,58,0.375
5128,59,0.34375
5128,60,0.421875
5129,0,0.15625
5129,1,0.140625
5129,2,0.15625
5129,3,0.21875
5129,4,0.234375
5129,5,0.234375
5129,6,0.203125
5129,7,0.1875
5129,8,0.234375
5129,9,0.203125
5129,10,0.25
5129,11,0.3125
5129,12,0.28125
5129,13,0.3125
5129,14,0.28125
5129,15,0.234375
5129,16,0.328125
5129,17,0.25
5129,18,0.28125
5129,19,0.34375
5129,20,0.40625
5129,21,0.21875
5129,22,0.15625
5129,23,0.15625
5129,24,0.171875
5129,25,0.234375
5129,26,0.28125
5129,27,0.21875
5129,28,0.28125
5129,29,0.265625
5129,30,0.203125
5129,31,0.234375
5129,32,0.1875
5129,33,0.265625
5129,34,0.34375
5129,35,0.4375
5129,36,0.390625
5129,37,0.328125
5129,38,0.34375
5129,39,0.40625
5129,40,0.296875
5129,41,0.265625
5129,42,0.453125
5129,43,0.4375
5129,44,0.359375
5129,45,0.25
5129,46,0.28125
5129,47,0.40625
5129,48,0.203125
5129,49,0.15625
5129,50,0.265625
5129,51,0.328125
5129,52,0.375
5129,53,0.546875
5129,54,0.484375
5129,55,0.375
5129,56,0.3125
5129,57,0.234375
5129,58,0.25
5129,59,0.1875
5129,60,0.3125
5129,61,0.3125
5129,62,0.25
5129,63,0.203125
5129,64,0.28125
5129,65,0.34375
5129,66,0.28125
5129,67,0.3125
5129,68,0.390625
5129,69,0.328125
5129,70,0.40625
5129,71,0.359375
5129,72,0.375
5129,73,0.28125
5129,74,0.28125
5129,75,0.34375
5129,76,0.390625
5129,77,0.5625
5129,78,0.484375
5129,79,0.4375
5130,0,0.1875
5130,1,0.359375
5130,2,0.203125
5130,3,0.140625
5130,4,0.203125
5130,5,0.21875
5130,6,0.140625
5130,7,0.203125
5130,8,0.265625
5130,9,0.203125
5130,10,0.28125
5130,11,0.375
5130,12,0.484375
5130,13,0.546875
5131,0,0.15625
5131,1,0.328125
5131,2,0.28125
5131,3,0.328125
5131,4,0.265625
5131,5,0.328125
5131,6,0.265625
5131,7,0.21875
5131,8,0.3125
5131,9,0.28125
5131,10,0.34375
5131,11,0.3125
5131,12,0.25
5131,13,0.28125
5131,14,0.25
5131,15,0.328125
5131,16,0.28125
5131,17,0.328125
5131,18,0.265625
5131,19,0.390625
5131,20,0.296875
5131,21,0.40625
5131,22,0.390625
5131,23,0.265625
5131,24,0.328125
5131,25,0.234375
5131,26,0.15625
5131,27,0.171875
5131,28,0.203125
5131,29,0.25
5131,30,0.3125
5131,31,0.21875
5131,32,0.28125
5131,33,0.21875
5131,34,0.296875
5131,35,0.328125
5131,36,0.265625
5131,37,0.296875
5131,38,0.25
5131,39,0.3125
5131,40,0.296875
5131,41,0.234375
5131,42,0.328125
5131,43,0.25
5131,44,0.328125
5131,45,0.375
5131,46,0.296875
5131,47,0.359375
5131,48,0.234375
5131,49,0.296875
5131,50,0.28125
5131,51,0.328125
5131,52,0.1875
5131,53,0.203125
5131,54,0.265625
5131,55,0.21875
5131,56,0.515625
5131,57,0.4375
5131,58,0.3125
5131,59,0.359375
5131,60,0.234375
5131,61,0.3125
5131,62,0.21875
5131,63,0.296875
5131,64,0.265625
5131,65,0.21875
5131,66,0.1875
5131,67,0.234375
5131,68,0.28125
5131,69,0.328125
5131,70,0.28125
5131,71,0.34375
5131,72,0.453125
5131,73,0.40625
5131,74,0.328125
5131,75,0.3125
5131,76,0.296875
5131,77,0.21875
5131,78,0.28125
5131,79,0.203125
5131,80,0.234375
5131,81,0.140625
5131,82,0.078125
5131,83,0.140625
5131,84,0.171875
5131,85,0.203125
5131,86,0.25
5131,87,0.21875
5131,88,0.1875
5131,89,0.234375
5131,90,0.296875
5131,91,0.328125
5131,92,0.34375
5131,93,0.265625
5131,94,0.296875
5131,95,0.1875
5131,96,0.234375
5131,97,0.296875
5131,98,0.3125
5131,99,0.203125
5131,100,0.15625
5131,101,0.21875
5131,102,0.296875
5131,103,0.21875
5131,104,0.171875
5131,105,0.25
5131,106,0.234375
5131,107,0.171875
5131,108,0.15625
5131,109,0.21875
5131,110,0.28125
5131,111,0.1875
5131,112,0.296875
5131,113,0.1875
5131,114,0.140625
5131,115,0.09375
5131,116,0.125
5131,117,0.234375
5131,118,0.296875
5131,119,0.296875
5131,120,0.265625
5131,121,0.328125
5131,122,0.296875
5131,123,0.296875
5131,124,0.21875
5131,125,0.203125
5131,126,0.125
5131,127,0.140625
5131,128,0.21875
5131,129,0.328125
5131,130,0.40625
5131,131,0.296875
5131,132,0.25
5131,133,0.3125
5131,134,0.4375
5131,135,0.296875
5131,136,0.25
5131,137,0.28125
5131,138,0.3125
5131,139,0.328125
5131,140,0.265625
5131,141,0.328125
5131,142,0.40625
5131,143,0.28125
5131,144,0.328125
5131,145,0.328125
5131,146,0.234375
5131,147,0.28125
5131,148,0.34375
5131,149,0.28125
5131,150,0.34375
5131,151,0.28125
5131,152,0.296875
5131,153,0.359375
5131,154,0.3125
5131,155,0.359375
5131,156,0.359375
5131,157,0.296875
5131,158,0.359375
5131,159,0.296875
5131,160,0.359375
5131,161,0.265625
5131,162,0.21875
5131,163,0.265625
5131,164,0.3125
5131,165,0.375
5131,166,0.328125
5131,167,0.265625
5131,168,0.359375
5131,169,0.453125
5131,170,0.515625
5131,171,0.59375
5131,172,0.28125
5131,173,0.21875
5131,174,0.140625
5131,175,0.203125
5131,176,0.15625
5131,177,0.21875
5131,178,0.140625
5131,179,0.203125
5131,180,0.25
5131,181,0.328125
5131,182,0.375
5131,183,0.328125
5131,184,0.25
5131,185,0.265625
5131,186,0.328125
5131,187,0.296875
5131,188,0.28125
5131,189,0.296875
5131,190,0.390625
5131,191,0.359375
5131,192,0.53125
5131,193,0.484375
5131,194,0.515625
5131,195,0.59375
5131,196,0.671875
5131,197,0.375
5131,198,0.421875
5132,0,0.171875
5132,1,0.359375
5132,2,0.171875
5132,3,0.21875
5132,4,0.28125
5132,5,0.25
5132,6,0.296875
5132,7,0.1875
5132,8,0.203125
5132,9,0.25
5132,10,0.3125
5132,11,0.390625
5132,12,0.640625
5132,13,0.53125
5132,14,0.484375
5132,15,0.34375
5132,16,0.203125
5132,17,0.296875
5132,18,0.21875
5132,19,0.28125
5132,20,0.21875
5132,21,0.296875
5132,22,0.34375
5132,23,0.421875
5132,24,0.515625
5132,25,0.453125
5132,26,0.390625
5132,27,0.203125
5132,28,0.3125
5132,29,0.390625
5132,30,0.421875
5132,31,0.46875
5132,32,0.328125
5132,33,0.40625
5132,34,0.3125
5132,35,0.390625
5132,36,0.4375
5132,37,0.28125
5132,38,0.328125
5132,39,0.171875
5132,40,0.3125
5132,41,0.234375
5132,42,0.3125
5132,43,0.21875
5132,44,0.296875
5132,45,0.28125
5132,46,0.21875
5132,47,0.3125
5132,48,0.265625
5132,49,0.21875
5132,50,0.265625
5132,51,0.328125
5132,52,0.390625
5132,53,0.28125
5132,54,0.359375
5132,55,0.390625
5132,56,0.296875
5132,57,0.453125
5132,58,0.375
5132,59,0.1875
5132,60,0.21875
5132,61,0.1875
5132,62,0.25
5132,63,0.328125
5132,64,0.265625
5132,65,0.296875
5132,66,0.296875
5132,67,0.25
5132,68,0.25
5132,69,0.296875
5132,70,0.359375
5132,71,0.296875
5132,72,0.34375
5132,73,0.421875
5132,74,0.25
5132,75,0.265625
5132,76,0.34375
5132,77,0.25
5132,78,0.34375
5132,79,0.265625
5132,80,0.34375
5132,81,0.203125
5132,82,0.25
5132,83,0.203125
5132,84,0.234375
5132,85,0.265625
5132,86,0.46875
5132,87,0.328125
5132,88,0.28125
5132,89,0.359375
5132,90,0.421875
5133,0,0.203125
5133,1,0.21875
5133,2,0.28125
5133,3,0.15625
5133,4,0.25
5133,5,0.359375
5133,6,0.203125
5133,7,0.265625
5133,8,0.453125
5134,0,0.203125
5134,1,0.15625
5134,2,0.203125
5134,3,0.21875
5134,4,0.1875
5134,5,0.359375
5134,6,0.109375
5134,7,0.171875
5134,8,0.25
5134,9,0.1875
5134,10,0.21875
5134,11,0.25
5134,12,0.203125
5134,13,0.34375
5134,14,0.40625
5134,15,0.46875
5135,0,0.1875
5135,1,0.140625
5135,2,0.171875
5135,3,0.296875
5135,4,0.234375
5135,5,0.25
5135,6,0.203125
5135,7,0.25
5135,8,0.15625
5135,9,0.296875
5135,10,0.21875
5135,11,0.09375
5135,12,0.125
5135,13,0.234375
5135,14,0.390625
5135,15,0.453125
5135,16,0.234375
5135,17,0.28125
5135,18,0.328125
5135,19,0.28125
5135,20,0.21875
5135,21,0.28125
5135,22,0.3125
5135,23,0.40625
5135,24,0.34375
5135,25,0.296875
5135,26,0.34375
5135,27,0.296875
5135,28,0.359375
5135,29,0.296875
5135,30,0.359375
5135,31,0.28125
5135,32,0.359375
5135,33,0.28125
5135,34,0.25
5135,35,0.328125
5135,36,0.40625
5135,37,0.1875
5135,38,0.21875
5135,39,0.28125
5135,40,0.203125
5135,41,0.125
5135,42,0.1875
5135,43,0.21875
5135,44,0.21875
5135,45,0.15625
5135,46,0.125
5135,47,0.203125
5135,48,0.28125
5135,49,0.359375
5135,50,0.265625
5135,51,0.25
5135,52,0.328125
5135,53,0.234375
5135,54,0.296875
5135,55,0.21875
5135,56,0.3125
5135,57,0.234375
5135,58,0.359375
5135,59,0.328125
5135,60,0.1875
5135,61,0.234375
5135,62,0.3125
5135,63,0.4375
5135,64,0.390625
5135,65,0.296875
5135,66,0.265625
5135,67,0.21875
5135,68,0.140625
5135,69,0.1875
5135,70,0.25
5135,71,0.265625
5135,72,0.328125
5135,73,0.28125
5135,74,0.234375
5135,75,0.265625
5135,76,0.328125
5135,77,0.390625
5135,78,0.375
5135,79,0.328125
5135,80,0.265625
5135,81,0.34375
5135,82,0.3125
5135,83,0.234375
5135,84,0.390625
5135,85,0.421875
5135,86,0.421875
5135,87,0.25
5135,88,0.1875
5135,89,0.21875
5135,90,0.265625
5135,91,0.3125
5135,92,0.265625
5135,93,0.1875
5135,94,0.28125
5135,95,0.3125
5135,96,0.359375
5135,97,0.375
5135,98,0.421875
5136,0,0.203125
5136,1,0.15625
5136,2,0.15625
5136,3,0.078125
5136,4,0.109375
5136,5,0.15625
5136,6,0.203125
5136,7,0.21875
5136,8,0.28125
5136,9,0.34375
5136,10,0.3125
5136,11,0.3125
5136,12,0.359375
5136,13,0.328125
5136,14,0.1875
5136,15,0.125
5136,16,0.1875
5136,17,0.234375
5136,18,0.296875
5136,19,0.328125
5136,20,0.40625
5136,21,0.453125
5136,22,0.359375
5136,23,0.3125
5136,24,0.234375
5136,25,0.171875
5136,26,0.234375
5136,27,0.28125
5136,28,0.359375
5136,29,0.359375
5136,30,0.3125
5136,31,0.390625
5136,32,0.3125
5136,33,0.4375
5136,34,0.375
5136,35,0.296875
5136,36,0.4375
5136,37,0.328125
5136,38,0.234375
5136,39,0.5
5136,40,0.53125
5136,41,0.296875
5136,42,0.234375
5136,43,0.296875
5136,44,0.1875
5136,45,0.21875
5136,46,0.359375
5136,47,0.21875
5136,48,0.25
5136,49,0.15625
5136,50,0.1875
5136,51,0.296875
5136,52,0.140625
5136,53,0.171875
5136,54,0.265625
5136,55,0.265625
5136,56,0.1875
5136,57,0.25
5136,58,0.390625
5136,59,0.328125
5136,60,0.25
5136,61,0.171875
5136,62,0.28125
5136,63,0.203125
5136,64,0.28125
5136,65,0.328125
5136,66,0.25
5136,67,0.359375
5136,68,0.171875
5136,69,0.25
5136,70,0.3125
5136,71,0.359375
5136,72,0.28125
5136,73,0.5
5136,74,0.5625
5136,75,0.4375
5136,76,0.46875
5136,77,0.40625
5136,78,0.34375
5136,79,0.28125
5136,80,0.328125
5136,81,0.265625
5136,82,0.3125
5136,83,0.34375
5136,84,0.28125
5136,85,0.375
5136,86,0.578125
5136,87,0.421875
5136,88,0.328125
5136,89,0.359375
5136,90,0.421875
5136,91,0.3125
5136,92,0.265625
5136,93,0.328125
5136,94,0.40625
5136,95,0.3125
5137,0,0.15625
5137,1,0.09375
5137,2,0.140625
5137,3,0.359375
5137,4,0.421875
5137,5,0.359375
5137,6,0.359375
5137,7,0.1875
5137,8,0.484375
5137,9,0.421875
5137,10,0.46875
5137,11,0.375
5137,12,0.421875
5137,13,0.46875
5137,14,0.40625
5137,15,0.34375
5137,16,0.171875
5137,17,0.296875
5137,18,0.375
5137,19,0.328125
5137,20,0.296875
5137,21,0.234375
5137,22,0.21875
5137,23,0.296875
5137,24,0.203125
5137,25,0.140625
5137,26,0.203125
5137,27,0.28125
5137,28,0.21875
5137,29,0.140625
5137,30,0.21875
5137,31,0.21875
5137,32,0.140625
5137,33,0.1875
5137,34,0.203125
5137,35,0.21875
5137,36,0.265625
5137,37,0.3125
5137,38,0.21875
5137,39,0.25
5137,40,0.328125
5137,41,0.265625
5137,42,0.171875
5137,43,0.234375
5137,44,0.296875
5137,45,0.359375
5137,46,0.453125
5137,47,0.390625
5137,48,0.296875
5137,49,0.375
5137,50,0.328125
5137,51,0.375
5137,52,0.3125
5137,53,0.296875
5137,54,0.359375
5137,55,0.453125
5138,0,0.15625
5138,1,0.21875
5138,2,0.171875
5138,3,0.125
5138,4,0.15625
5138,5,0.234375
5138,6,0.296875
5138,7,0.375
5138,8,0.28125
5138,9,0.296875
5138,10,0.203125
5138,11,0.171875
5138,12,0.28125
5138,13,0.265625
5138,14,0.265625
5138,15,0.21875
5138,16,0.296875
5138,17,0.234375
5138,18,0.203125
5138,19,0.15625
5138,20,0.1875
5138,21,0.25
5138,22,0.359375
5138,23,0.25
5138,24,0.125
5138,25,0.21875
5138,26,0.28125
5138,27,0.171875
5138,28,0.21875
5138,29,0.234375
5138,30,0.296875
5138,31,0.1875
5138,32,0.265625
5138,33,0.484375
5138,34,0.40625
5138,35,0.28125
5138,36,0.21875
5138,37,0.25
5138,38,0.296875
5138,39,0.25
5138,40,0.3125
5138,41,0.40625
5138,42,0.34375
5138,43,0.28125
5138,44,0.3125
5138,45,0.28125
5138,46,0.265625
5138,47,0.21875
5138,48,0.296875
5138,49,0.5
5138,50,0.328125
5138,51,0.390625
5138,52,0.328125
5138,53,0.40625
5138,54,0.4375
5138,55,0.375
5138,56,0.3125
5138,57,0.359375
5138,58,0.421875
5138,59,0.203125
5138,60,0.234375
5138,61,0.15625
5138,62,0.234375
5138,63,0.328125
5138,64,0.328125
5138,65,0.265625
5138,66,0.203125
5138,67,0.359375
5138,68,0.5
5138,69,0.21875
5138,70,0.15625
5138,71,0.21875
5138,72,0.234375
5138,73,0.203125
5138,74,0.265625
5138,75,0.328125
5138,76,0.40625
5138,77,0.46875
5138,78,0.359375
5138,79,0.3125
5138,80,0.265625
5138,81,0.171875
5138,82,0.21875
5138,83,0.3125
5138,84,0.28125
5138,85,0.1875
5138,86,0.234375
5138,87,0.28125
5138,88,0.28125
5138,89,0.359375
5138,90,0.296875
5138,91,0.375
5138,92,0.40625
5138,93,0.34375
5138,94,0.265625
5138,95,0.328125
5138,96,0.34375
5138,97,0.40625
5138,98,0.390625
5138,99,0.296875
5138,100,0.359375
5138,101,0.28125
5138,102,0.375
5138,103,0.34375
5138,104,0.234375
5138,105,0.296875
5138,106,0.3125
5138,107,0.25
5138,108,0.28125
5138,109,0.25
5138,110,0.375
5138,111,0.34375
5138,112,0.296875
5138,113,0.21875
5138,114,0.15625
5138,115,0.171875
5138,116,0.28125
5138,117,0.390625
5138,118,0.40625
5138,119,0.375
5138,120,0.34375
5138,121,0.328125
5138,122,0.25
5138,123,0.1875
5138,124,0.25
5138,125,0.140625
5138,126,0.1875
5138,127,0.265625
5138,128,0.203125
5138,129,0.28125
5138,130,0.1875
5138,131,0.25
5138,132,0.28125
5138,133,0.21875
5138,134,0.3125
5138,135,0.234375
5138,136,0.328125
5138,137,0.25
5138,138,0.28125
5138,139,0.28125
5138,140,0.265625
5138,141,0.34375
5138,142,0.34375
5138,143,0.453125
5138,144,0.40625
5138,145,0.359375
5138,146,0.296875
5138,147,0.28125
5138,148,0.21875
5138,149,0.34375
5138,150,0.265625
5138,151,0.34375
5138,152,0.296875
5138,153,0.328125
5138,154,0.28125
5138,155,0.375
5138,156,0.296875
5138,157,0.28125
5138,158,0.21875
5138,159,0.3125
5138,160,0.375
5138,161,0.3125
5138,162,0.234375
5138,163,0.328125
5138,164,0.265625
5138,165,0.203125
5138,166,0.171875
5138,167,0.234375
5138,168,0.3125
5138,169,0.28125
5138,170,0.3125
5138,171,0.234375
5138,172,0.265625
5138,173,0.359375
5138,174,0.453125
5138,175,0.421875
5138,176,0.359375
5139,0,0.1875
5139,1,0.234375
5139,2,0.296875
5139,3,0.21875
5139,4,0.203125
5139,5,0.234375
5139,6,0.28125
5139,7,0.171875
5139,8,0.265625
5139,9,0.296875
5139,10,0.21875
5139,11,0.28125
5139,12,0.234375
5139,13,0.3125
5139,14,0.40625
5139,15,0.4375
5139,16,0.375
5139,17,0.3125
5139,18,0.328125
5139,19,0.265625
5139,20,0.34375
5139,21,0.28125
5139,22,0.359375
5139,23,0.40625
5139,24,0.46875
5139,25,0.53125
5139,26,0.328125
5139,27,0.25
5139,28,0.28125
5139,29,0.34375
5139,30,0.296875
5139,31,0.25
5139,32,0.296875
5139,33,0.3125
5139,34,0.40625
5139,35,0.484375
5139,36,0.578125
5139,37,0.421875
5139,38,0.203125
5139,39,0.28125
5139,40,0.328125
5139,41,0.375
5139,42,0.4375
5139,43,0.34375
5139,44,0.28125
5139,45,0.328125
5139,46,0.328125
5139,47,0.25
5139,48,0.28125
5139,49,0.21875
5139,50,0.328125
5139,51,0.28125
5139,52,0.3125
5139,53,0.25
5139,54,0.1875
5139,55,0.265625
5139,56,0.1875
5139,57,0.234375
5139,58,0.28125
5139,59,0.234375
5139,60,0.3125
5139,61,0.390625
5139,62,0.296875
5139,63,0.21875
5139,64,0.234375
5139,65,0.25
5139,66,0.203125
5139,67,0.265625
5139,68,0.171875
5139,69,0.265625
5139,70,0.21875
5139,71,0.25
5139,72,0.171875
5139,73,0.15625
5139,74,0.1875
5139,75,0.296875
5139,76,0.46875
5140,0,0.0625
5140,1,0.15625
5140,2,0.21875
5140,3,0.265625
5140,4,0.21875
5140,5,0.296875
5140,6,0.34375
5140,7,0.296875
5140,8,0.390625
5140,9,0.359375
5140,10,0.359375
5140,11,0.1875
5140,12,0.265625
5140,13,0.203125
5140,14,0.25
5140,15,0.296875
5140,16,0.484375
5140,17,0.453125
5140,18,0.34375
5140,19,0.34375
5140,20,0.28125
5140,21,0.359375
5140,22,0.265625
5140,23,0.21875
5140,24,0.203125
5140,25,0.234375
5140,26,0.234375
5140,27,0.140625
5140,28,0.234375
5140,29,0.15625
5140,30,0.28125
5140,31,0.09375
5140,32,0.28125
5140,33,0.3125
5140,34,0.1875
5140,35,0.15625
5140,36,0.125
5140,37,0.171875
5140,38,0.21875
5140,39,0.28125
5140,40,0.328125
5140,41,0.40625
5140,42,0.3125
5140,43,0.375
5140,44,0.375
5140,45,0.421875
5140,46,0.515625
5141,0,0.171875
5141,1,0.21875
5141,2,0.1875
5141,3,0.21875
5141,4,0.265625
5141,5,0.3125
5141,6,0.265625
5141,7,0.1875
5141,8,0.078125
5141,9,0.15625
5141,10,0.234375
5141,11,0.265625
5141,12,0.40625
5141,13,0.328125
5141,14,0.296875
5141,15,0.3125
5141,16,0.171875
5141,17,0.28125
5141,18,0.265625
5141,19,0.203125
5141,20,0.25
5141,21,0.3125
5141,22,0.265625
5141,23,0.34375
5141,24,0.4375
5141,25,0.28125
5141,26,0.328125
5141,27,0.375
5141,28,0.296875
5141,29,0.390625
5141,30,0.328125
5141,31,0.421875
5141,32,0.328125
5141,33,0.25
5141,34,0.265625
5141,35,0.328125
5141,36,0.28125
5141,37,0.328125
5141,38,0.34375
5141,39,0.53125
5141,40,0.421875
5141,41,0.375
5141,42,0.203125
5141,43,0.25
5141,44,0.296875
5141,45,0.359375
5141,46,0.421875
5141,47,0.296875
5141,48,0.203125
5141,49,0.296875
5141,50,0.234375
5141,51,0.296875
5141,52,0.28125
5141,53,0.375
5141,54,0.40625
5141,55,0.515625
5141,56,0.359375
5141,57,0.359375
5141,58,0.203125
5141,59,0.375
5141,60,0.453125
5141,61,0.375
5141,62,0.15625
5141,63,0.234375
5141,64,0.25
5141,65,0.328125
5141,66,0.359375
5141,67,0.40625
5141,68,0.3125
5141,69,0.21875
5141,70,0.28125
5141,71,0.3125
5141,72,0.265625
5141,73,0.203125
5141,74,0.15625
5141,75,0.234375
5141,76,0.265625
5141,77,0.203125
5141,78,0.328125
5141,79,0.234375
5141,80,0.296875
5141,81,0.265625
5141,82,0.21875
5141,83,0.28125
5141,84,0.3125
5141,85,0.25
5141,86,0.296875
5141,87,0.296875
5141,88,0.25
5141,89,0.328125
5141,90,0.296875
5141,91,0.375
5141,92,0.4375
5141,93,0.4375
5141,94,0.359375
5141,95,0.234375
5141,96,0.265625
5141,97,0.296875
5141,98,0.359375
5141,99,0.234375
5141,100,0.1875
5141,101,0.265625
5141,102,0.34375
5141,103,0.40625
5141,104,0.34375
5141,105,0.28125
5141,106,0.328125
5141,107,0.21875
5141,108,0.25
5141,109,0.296875
5141,110,0.375
5141,111,0.203125
5141,112,0.171875
5141,113,0.25
5141,114,0.3125
5141,115,0.234375
5141,116,0.296875
5141,117,0.265625
5141,118,0.203125
5141,119,0.265625
5141,120,0.3125
5141,121,0.15625
5141,122,0.203125
5141,123,0.265625
5141,124,0.109375
5141,125,0.171875
5141,126,0.40625
5141,127,0.453125
5141,128,0.296875
5141,129,0.21875
5141,130,0.234375
5141,131,0.1875
5141,132,0.234375
5141,133,0.125
5141,134,0.171875
5141,135,0.25
5141,136,0.28125
5141,137,0.375
5141,138,0.4375
5141,139,0.390625
5141,140,0.234375
5141,141,0.203125
5141,142,0.265625
5141,143,0.296875
5141,144,0.40625
5141,145,0.296875
5141,146,0.21875
5141,147,0.28125
5141,148,0.328125
5141,149,0.46875
5141,150,0.296875
5141,151,0.34375
5141,152,0.28125
5141,153,0.3125
5141,154,0.375
5141,155,0.265625
5141,156,0.34375
5141,157,0.1875
5141,158,0.125
5141,159,0.21875
5141,160,0.21875
5141,161,0.328125
5141,162,0.28125
5141,163,0.34375
5141,164,0.40625
5141,165,0.5
5141,166,0.421875
5141,167,0.484375
5141,168,0.4375
5141,169,0.46875
5142,0,0.1875
5142,1,0.125
5142,2,0.203125
5142,3,0.140625
5142,4,0.078125
5142,5,0.15625
5142,6,0.171875
5142,7,0.203125
5142,8,0.28125
5142,9,0.34375
5142,10,0.171875
5142,11,0.265625
5142,12,0.203125
5142,13,0.25
5142,14,0.234375
5142,15,0.296875
5142,16,0.328125
5142,17,0.390625
5142,18,0.3125
5142,19,0.28125
5142,20,0.328125
5142,21,0.421875
5142,22,0.171875
5142,23,0.234375
5142,24,0.25
5142,25,0.265625
5142,26,0.1875
5142,27,0.25
5142,28,0.15625
5142,29,0.25
5142,30,0.171875
5142,31,0.3125
5142,32,0.203125
5142,33,0.265625
5142,34,0.328125
5142,35,0.25
5142,36,0.3125
5142,37,0.328125
5142,38,0.21875
5142,39,0.265625
5142,40,0.328125
5142,41,0.28125
5142,42,0.359375
5142,43,0.296875
5142,44,0.25
5142,45,0.15625
5142,46,0.265625
5142,47,0.328125
5142,48,0.25
5142,49,0.296875
5142,50,0.1875
5142,51,0.203125
5142,52,0.203125
5142,53,0.21875
5142,54,0.25
5142,55,0.171875
5142,56,0.1875
5142,57,0.265625
5142,58,0.203125
5142,59,0.25
5142,60,0.265625
5142,61,0.203125
5142,62,0.21875
5142,63,0.4375
5142,64,0.21875
5142,65,0.25
5142,66,0.15625
5142,67,0.203125
5142,68,0.265625
5142,69,0.21875
5142,70,0.28125
5142,71,0.171875
5142,72,0.1875
5142,73,0.265625
5142,74,0.296875
5142,75,0.125
5142,76,0.15625
5142,77,0.21875
5142,78,0.234375
5142,79,0.359375
5142,80,0.296875
5142,81,0.328125
5142,82,0.28125
5142,83,0.203125
5142,84,0.28125
5142,85,0.1875
5142,86,0.21875
5142,87,0.25
5142,88,0.09375
5142,89,0.09375
5142,90,0.1875
5142,91,0.234375
5142,92,0.1875
5142,93,0.09375
5142,94,0.171875
5142,95,0.21875
5142,96,0.296875
5142,97,0.34375
5142,98,0.234375
5142,99,0.203125
5142,100,0.140625
5142,101,0.15625
5142,102,0.25
5142,103,0.3125
5142,104,0.234375
5142,105,0.25
5142,106,0.28125
5142,107,0.203125
5142,108,0.296875
5142,109,0.09375
5142,110,0.171875
5142,111,0.21875
5142,112,0.328125
5142,113,0.296875
5142,114,0.375
5142,115,0.4375
5142,116,0.4375
5142,117,0.359375
5142,118,0.453125
5143,0,0.21875
5143,1,0.390625
5143,2,0.4375
5143,3,0.359375
5143,4,0.234375
5143,5,0.1875
5143,6,0.3125
5143,7,0.15625
5143,8,0.1875
5143,9,0.15625
5143,10,0.21875
5143,11,0.140625
5143,12,0.046875
5143,13,0.125
5143,14,0.203125
5143,15,0.265625
5143,16,0.359375
5143,17,0.421875
5143,18,0.21875
5143,19,0.3125
5143,20,0.203125
5143,21,0.265625
5143,22,0.203125
5143,23,0.140625
5143,24,0.171875
5143,25,0.234375
5143,26,0.171875
5143,27,0.234375
5143,28,0.34375
5143,29,0.4375
5143,30,0.3125
5143,31,0.25
5143,32,0.234375
5143,33,0.328125
5143,34,0.234375
5143,35,0.3125
5143,36,0.34375
5143,37,0.28125
5143,38,0.28125
5143,39,0.265625
5143,40,0.328125
5143,41,0.28125
5143,42,0.34375
5143,43,0.234375
5143,44,0.265625
5143,45,0.28125
5143,46,0.21875
5143,47,0.25
5143,48,0.34375
5143,49,0.4375
5143,50,0.296875
5143,51,0.34375
5143,52,0.53125
5143,53,0.453125
5143,54,0.28125
5143,55,0.359375
5143,56,0.4375
5143,57,0.5
5143,58,0.3125
5143,59,0.34375
5143,60,0.40625
5143,61,0.59375
5144,0,0.21875
5144,1,0.1875
5144,2,0.078125
5144,3,0.078125
5144,4,0.15625
5144,5,0.234375
5144,6,0.25
5144,7,0.15625
5144,8,0.203125
5144,9,0.265625
5144,10,0.25
5144,11,0.234375
5144,12,0.28125
5144,13,0.234375
5144,14,0.3125
5144,15,0.453125
5144,16,0.234375
5144,17,0.125
5144,18,0.203125
5144,19,0.28125
5144,20,0.375
5144,21,0.328125
5144,22,0.234375
5144,23,0.203125
5144,24,0.40625
5144,25,0.40625
5144,26,0.453125
5144,27,0.546875
5144,28,0.609375
5144,29,0.390625
5144,30,0.34375
5144,31,0.265625
5144,32,0.28125
5144,33,0.3125
5144,34,0.421875
5144,35,0.5
5144,36,0.296875
5144,37,0.203125
5144,38,0.203125
5144,39,0.1875
5144,40,0.21875
5144,41,0.25
5144,42,0.203125
5144,43,0.21875
5144,44,0.25
5144,45,0.296875
5144,46,0.171875
5144,47,0.28125
5144,48,0.21875
5144,49,0.25
5144,50,0.3125
5144,51,0.3125
5144,52,0.234375
5144,53,0.296875
5144,54,0.203125
5144,55,0.28125
5144,56,0.3125
5144,57,0.21875
5144,58,0.265625
5144,59,0.265625
5144,60,0.203125
5144,61,0.296875
5144,62,0.234375
5144,63,0.28125
5144,64,0.234375
5144,65,0.21875
5144,66,0.296875
5144,67,0.34375
5144,68,0.390625
5144,69,0.4375
5144,70,0.375
5144,71,0.34375
5144,72,0.34375
5144,73,0.453125
5144,74,0.46875
5144,75,0.46875
5144,76,0.296875
5144,77,0.25
5144,78,0.296875
5144,79,0.3125
5144,80,0.234375
5144,81,0.1875
5144,82,0.21875
5144,83,0.265625
5144,84,0.28125
5144,85,0.34375
5144,86,0.390625
5144,87,0.296875
5144,88,0.21875
5144,89,0.296875
5144,90,0.328125
5144,91,0.265625
5144,92,0.328125
5144,93,0.375
5144,94,0.203125
5144,95,0.296875
5144,96,0.234375
5144,97,0.3125
5144,98,0.296875
5144,99,0.375
5144,100,0.375
5144,101,0.40625
5144,102,0.265625
5144,103,0.296875
5144,104,0.359375
5144,105,0.296875
5144,106,0.375
5144,107,0.4375
5144,108,0.390625
5144,109,0.328125
5144,110,0.234375
5144,111,0.296875
5144,112,0.390625
5144,113,0.234375
5144,114,0.25
5144,115,0.171875
5144,116,0.234375
5144,117,0.140625
5144,118,0.265625
5144,119,0.1875
5144,120,0.3125
5144,121,0.203125
5144,122,0.390625
5144,123,0.421875
5144,124,0.34375
5144,125,0.390625
5145,0,0.203125
5145,1,0.140625
5145,2,0.21875
5145,3,0.390625
5145,4,0.203125
5145,5,0.21875
5145,6,0.28125
5145,7,0.375
5145,8,0.296875
5145,9,0.21875
5145,10,0.265625
5145,11,0.1875
5145,12,0.28125
5145,13,0.296875
5145,14,0.34375
5145,15,0.40625
5145,16,0.21875
5145,17,0.09375
5145,18,0.171875
5145,19,0.3125
5145,20,0.390625
5145,21,0.609375
5146,0,0.109375
5146,1,0.15625
5146,2,0.203125
5146,3,0.15625
5146,4,0.25
5146,5,0.203125
5146,6,0.25
5146,7,0.265625
5146,8,0.203125
5146,9,0.25
5146,10,0.171875
5146,11,0.296875
5146,12,0.234375
5146,13,0.28125
5146,14,0.359375
5146,15,0.25
5146,16,0.21875
5146,17,0.296875
5146,18,0.25
5146,19,0.1875
5146,20,0.234375
5146,21,0.171875
5146,22,0.296875
5146,23,0.234375
5146,24,0.15625
5146,25,0.25
5146,26,0.296875
5146,27,0.328125
5146,28,0.25
5146,29,0.375
5146,30,0.296875
5146,31,0.21875
5146,32,0.234375
5146,33,0.28125
5146,34,0.34375
5146,35,0.53125
5146,36,0.46875
5146,37,0.390625
5146,38,0.40625
5146,39,0.328125
5146,40,0.265625
5146,41,0.171875
5146,42,0.203125
5146,43,0.25
5146,44,0.203125
5146,45,0.25
5146,46,0.25
5146,47,0.234375
5146,48,0.1875
5146,49,0.28125
5146,50,0.203125
5146,51,0.296875
5146,52,0.25
5146,53,0.1875
5146,54,0.265625
5146,55,0.328125
5146,56,0.265625
5146,57,0.21875
5146,58,0.265625
5146,59,0.234375
5146,60,0.171875
5146,61,0.15625
5146,62,0.203125
5146,63,0.28125
5146,64,0.265625
5146,65,0.34375
5146,66,0.28125
5146,67,0.53125
5146,68,0.359375
5146,69,0.375
5146,70,0.328125
5146,71,0.390625
5147,0,0.171875
5147,1,0.296875
5147,2,0.3125
5147,3,0.1875
5147,4,0.265625
5147,5,0.40625
5147,6,0.359375
5147,7,0.265625
5147,8,0.3125
5147,9,0.265625
5147,10,0.328125
5147,11,0.21875
5147,12,0.28125
5147,13,0.328125
5147,14,0.390625
5147,15,0.484375
5147,16,0.4375
5147,17,0.375
5147,18,0.453125
5147,19,0.359375
5147,20,0.3125
5147,21,0.265625
5147,22,0.234375
5147,23,0.265625
5147,24,0.40625
5147,25,0.328125
5147,26,0.171875
5147,27,0.234375
5147,28,0.28125
5147,29,0.203125
5147,30,0.28125
5147,31,0.21875
5147,32,0.21875
5147,33,0.296875
5147,34,0.359375
5147,35,0.296875
5147,36,0.25
5147,37,0.328125
5147,38,0.28125
5147,39,0.203125
5147,40,0.28125
5147,41,0.1875
5147,42,0.265625
5147,43,0.328125
5147,44,0.21875
5147,45,0.328125
5147,46,0.25
5147,47,0.46875
5147,48,0.484375
5147,49,0.34375
5147,50,0.265625
5147,51,0.5625
5147,52,0.59375
5147,53,0.546875
5147,54,0.5
5147,55,0.34375
5147,56,0.421875
5147,57,0.296875
5147,58,0.34375
5147,59,0.296875
5147,60,0.328125
5147,61,0.390625
5147,62,0.3125
5147,63,0.234375
5148,0,0.21875
5148,1,0.125
5148,2,0.21875
5148,3,0.359375
5148,4,0.1875
5148,5,0.296875
5148,6,0.234375
5148,7,0.15625
5148,8,0.203125
5148,9,0.15625
5148,10,0.234375
5148,11,0.28125
5148,12,0.21875
5148,13,0.28125
5148,14,0.21875
5148,15,0.265625
5148,16,0.296875
5148,17,0.296875
5148,18,0.234375
5148,19,0.296875
5148,20,0.34375
5148,21,0.4375
5148,22,0.46875
5148,23,0.390625
5148,24,0.28125
5148,25,0.359375
5149,0,0.171875
5149,1,0.21875
5149,2,0.3125
5149,3,0.375
5149,4,0.265625
5149,5,0.34375
5149,6,0.15625
5149,7,0.15625
5149,8,0.21875
5149,9,0.234375
5149,10,0.265625
5149,11,0.28125
5149,12,0.234375
5149,13,0.3125
5149,14,0.265625
5149,15,0.359375
5149,16,0.3125
5149,17,0.21875
5149,18,0.265625
5149,19,0.203125
5149,20,0.21875
5149,21,0.25
5149,22,0.328125
5149,23,0.21875
5149,24,0.1875
5149,25,0.21875
5149,26,0.125
5149,27,0.1875
5149,28,0.109375
5149,29,0.15625
5149,30,0.296875
5149,31,0.265625
5149,32,0.40625
5149,33,0.375
5149,34,0.5625
5149,35,0.359375
5149,36,0.40625
5149,37,0.328125
5149,38,0.25
5149,39,0.28125
5149,40,0.34375
5149,41,0.265625
5149,42,0.34375
5150,0,0.125
5150,1,0.125
5150,2,0.171875
5150,3,0.296875
5150,4,0.265625
5150,5,0.3125
5150,6,0.25
5150,7,0.46875
5150,8,0.359375
5150,9,0.296875
5150,10,0.375
5150,11,0.359375
5150,12,0.3125
5150,13,0.375
5150,14,0.328125
5150,15,0.390625
5150,16,0.46875
5150,17,0.359375
5150,18,0.265625
5150,19,0.1875
5150,20,0.265625
5150,21,0.328125
5150,22,0.296875
5150,23,0.25
5150,24,0.296875
5150,25,0.203125
5150,26,0.265625
5150,27,0.1875
5150,28,0.25
5150,29,0.171875
5150,30,0.25
5150,31,0.34375
5150,32,0.265625
5150,33,0.328125
5150,34,0.375
5150,35,0.4375
5150,36,0.28125
5150,37,0.359375
5150,38,0.28125
5150,39,0.359375
5150,40,0.328125
5150,41,0.296875
5151,0,0.171875
5151,1,0.203125
5151,2,0.171875
5151,3,0.21875
5151,4,0.1875
5151,5,0.0625
5151,6,0.09375
5151,7,0.140625
5151,8,0.234375
5151,9,0.1875
5151,10,0.234375
5151,11,0.296875
5151,12,0.34375
5151,13,0.421875
5151,14,0.390625
5151,15,0.3125
5152,0,0.21875
5152,1,0.140625
5152,2,0.265625
5152,3,0.125
5152,4,0.234375
5152,5,0.3125
5152,6,0.234375
5152,7,0.296875
5152,8,0.25
5152,9,0.328125
5152,10,0.265625
5152,11,0.328125
5152,12,0.40625
5152,13,0.453125
5152,14,0.375
5152,15,0.40625
5152,16,0.453125
5152,17,0.359375
5152,18,0.28125
5152,19,0.34375
5152,20,0.265625
5152,21,0.25
5152,22,0.234375
5152,23,0.1875
5152,24,0.4375
5152,25,0.28125
5152,26,0.390625
5152,27,0.53125
5152,28,0.390625
5152,29,0.328125
5152,30,0.453125
5152,31,0.40625
5152,32,0.484375
5152,33,0.3125
5152,34,0.296875
5152,35,0.34375
5152,36,0.28125
5152,37,0.359375
5152,38,0.421875
5152,39,0.359375
5152,40,0.265625
5152,41,0.203125
5152,42,0.234375
5152,43,0.28125
5152,44,0.40625
5152,45,0.328125
5152,46,0.453125
5152,47,0.46875
5152,48,0.578125
5152,49,0.359375
5152,50,0.328125
5152,51,0.375
5152,52,0.265625
5152,53,0.359375
5152,54,0.390625
5152,55,0.359375
5152,56,0.28125
5152,57,0.28125
5152,58,0.421875
5152,59,0.34375
5152,60,0.34375
5152,61,0.3125
5152,62,0.234375
5152,63,0.28125
5152,64,0.21875
5152,65,0.328125
5152,66,0.21875
5152,67,0.28125
5152,68,0.328125
5152,69,0.375
5152,70,0.296875
5152,71,0.234375
5152,72,0.296875
5152,73,0.25
5152,74,0.28125
5152,75,0.359375
5152,76,0.296875
5152,77,0.234375
5152,78,0.296875
5152,79,0.234375
5152,80,0.3125
5152,81,0.390625
5152,82,0.328125
5152,83,0.265625
5152,84,0.3125
5152,85,0.328125
5152,86,0.40625
5152,87,0.421875
5152,88,0.34375
5152,89,0.296875
5152,90,0.40625
5152,91,0.359375
5152,92,0.328125
5152,93,0.546875
5152,94,0.4375
5152,95,0.5
5152,96,0.375
5152,97,0.375
5152,98,0.3125
5152,99,0.40625
5152,100,0.421875
5152,101,0.453125
5152,102,0.28125
5152,103,0.359375
5152,104,0.3125
5152,105,0.359375
5152,106,0.296875
5152,107,0.21875
5152,108,0.171875
5152,109,0.234375
5152,110,0.1875
5152,111,0.234375
5152,112,0.21875
5152,113,0.296875
5152,114,0.21875
5152,115,0.265625
5152,116,0.1875
5152,117,0.265625
5152,118,0.296875
5152,119,0.234375
5152,120,0.15625
5152,121,0.21875
5152,122,0.15625
5152,123,0.203125
5152,124,0.28125
5152,125,0.1875
5152,126,0.296875
5152,127,0.265625
5152,128,0.296875
5152,129,0.234375
5152,130,0.328125
5152,131,0.203125
5152,132,0.25
5152,133,0.375
5152,134,0.296875
5152,135,0.203125
5152,136,0.265625
5152,137,0.3125
5152,138,0.359375
5152,139,0.40625
5152,140,0.21875
5152,141,0.28125
5152,142,0.359375
5152,143,0.328125
5152,144,0.15625
5152,145,0.203125
5152,146,0.234375
5152,147,0.1875
5152,148,0.234375
5152,149,0.53125
5153,0,0.203125
5153,1,0.171875
5153,2,0.265625
5153,3,0.234375
5153,4,0.28125
5153,5,0.359375
5153,6,0.421875
5153,7,0.359375
5153,8,0.4375
5153,9,0.515625
5153,10,0.453125
5153,11,0.390625
5153,12,0.578125
5153,13,0.609375
5153,14,0.40625
5153,15,0.34375
5153,16,0.34375
5153,17,0.390625
5153,18,0.453125
5153,19,0.296875
5153,20,0.375
5153,21,0.328125
5153,22,0.390625
5153,23,0.34375
5153,24,0.34375
5153,25,0.3125
5153,26,0.34375
5153,27,0.3125
5153,28,0.375
5153,29,0.3125
5153,30,0.390625
5153,31,0.59375
5153,32,0.609375
5154,0,0.203125
5154,1,0.09375
5154,2,0.171875
5154,3,0.1875
5154,4,0.265625
5154,5,0.28125
5154,6,0.21875
5154,7,0.25
5154,8,0.328125
5154,9,0.390625
5154,10,0.34375
5154,11,0.40625
5154,12,0.234375
5154,13,0.28125
5154,14,0.328125
5154,15,0.359375
5154,16,0.40625
5154,17,0.25
5154,18,0.359375
5154,19,0.1875
5154,20,0.25
5154,21,0.28125
5154,22,0.28125
5154,23,0.4375
5154,24,0.390625
5154,25,0.453125
5154,26,0.53125
5154,27,0.640625
5154,28,0.390625
5154,29,0.40625
5154,30,0.3125
5154,31,0.546875
5154,32,0.375
5154,33,0.453125
5154,34,0.40625
5154,35,0.453125
5154,36,0.703125
5155,0,0.140625
5155,1,0.0625
5155,2,0.125
5155,3,0.078125
5155,4,0.140625
5155,5,0.21875
5155,6,0.3125
5155,7,0.265625
5155,8,0.234375
5155,9,0.15625
5155,10,0.1875
5155,11,0.265625
5155,12,0.1875
5155,13,0.25
5155,14,0.3125
5155,15,0.265625
5155,16,0.34375
5155,17,0.28125
5155,18,0.359375
5155,19,0.296875
5155,20,0.421875
5155,21,0.4375
5155,22,0.5625
5155,23,0.59375
5156,0,0.109375
5156,1,0.1875
5156,2,0.25
5156,3,0.359375
5156,4,0.390625
5156,5,0.234375
5156,6,0.296875
5156,7,0.234375
5156,8,0.171875
5156,9,0.234375
5156,10,0.3125
5156,11,0.40625
5156,12,0.390625
5156,13,0.4375
5156,14,0.28125
5156,15,0.3125
5156,16,0.25
5156,17,0.203125
5156,18,0.234375
5156,19,0.28125
5156,20,0.1875
5156,21,0.3125
5156,22,0.296875
5156,23,0.234375
5156,24,0.296875
5156,25,0.34375
5156,26,0.234375
5156,27,0.234375
5156,28,0.171875
5156,29,0.171875
5156,30,0.203125
5156,31,0.15625
5156,32,0.109375
5156,33,0.125
5156,34,0.171875
5156,35,0.203125
5156,36,0.25
5156,37,0.3125
5156,38,0.3125
5156,39,0.265625
5156,40,0.25
5156,41,0.1875
5156,42,0.265625
5156,43,0.359375
5156,44,0.34375
5156,45,0.140625
5156,46,0.203125
5156,47,0.328125
5156,48,0.3125
5156,49,0.328125
5156,50,0.359375
5156,51,0.25
5156,52,0.34375
5156,53,0.53125
5157,0,0.140625
5157,1,0.046875
5157,2,0.09375
5157,3,0.125
5157,4,0.1875
5157,5,0.265625
5157,6,0.328125
5157,7,0.328125
5157,8,0.28125
5157,9,0.234375
5157,10,0.203125
5157,11,0.28125
5157,12,0.328125
5157,13,0.390625
5157,14,0.375
5157,15,0.21875
5157,16,0.265625
5157,17,0.1875
5157,18,0.25
5157,19,0.328125
5157,20,0.28125
5157,21,0.34375
5157,22,0.28125
5157,23,0.328125
5157,24,0.296875
5157,25,0.21875
5157,26,0.296875
5157,27,0.3125
5157,28,0.28125
5157,29,0.296875
5157,30,0.21875
5157,31,0.1875
5157,32,0.15625
5157,33,0.234375
5157,34,0.1875
5157,35,0.234375
5157,36,0.328125
5157,37,0.3125
5157,38,0.25
5157,39,0.3125
5157,40,0.296875
5157,41,0.234375
5157,42,0.15625
5157,43,0.21875
5157,44,0.234375
5157,45,0.234375
5157,46,0.265625
5157,47,0.28125
5157,48,0.34375
5157,49,0.375
5157,50,0.296875
5157,51,0.140625
5157,52,0.171875
5157,53,0.1875
5157,54,0.21875
5157,55,0.1875
5157,56,0.265625
5157,57,0.328125
5157,58,0.296875
5157,59,0.25
5157,60,0.328125
5157,61,0.421875
5157,62,0.328125
5157,63,0.28125
5157,64,0.359375
5157,65,0.40625
5157,66,0.234375
5157,67,0.296875
5157,68,0.25
5157,69,0.3125
5157,70,0.390625
5157,71,0.296875
5157,72,0.328125
5157,73,0.171875
5157,74,0.25
5157,75,0.3125
5157,76,0.234375
5157,77,0.34375
5157,78,0.40625
5157,79,0.328125
5157,80,0.265625
5157,81,0.34375
5157,82,0.25
5157,83,0.15625
5157,84,0.25
5157,85,0.34375
5157,86,0.265625
5157,87,0.296875
5157,88,0.484375
5157,89,0.265625
5157,90,0.328125
5157,91,0.359375
5157,92,0.25
5157,93,0.40625
5157,94,0.4375
5157,95,0.53125
5157,96,0.484375
5157,97,0.375
5157,98,0.34375
5157,99,0.296875
5157,100,0.40625
5157,101,0.375
5157,102,0.34375
5157,103,0.46875
5157,104,0.40625
5157,105,0.328125
5157,106,0.4375
5157,107,0.359375
5157,108,0.28125
5157,109,0.359375
5157,110,0.421875
5157,111,0.40625
5157,112,0.3125
5157,113,0.234375
5157,114,0.296875
5157,115,0.328125
5157,116,0.3125
5157,117,0.25
5157,118,0.203125
5157,119,0.171875
5157,120,0.15625
5157,121,0.171875
5157,122,0.234375
5157,123,0.1875
5157,124,0.25
5157,125,0.328125
5157,126,0.28125
5157,127,0.5625
5157,128,0.484375
5157,129,0.5625
5157,130,0.390625
5157,131,0.3125
5157,132,0.328125
5157,133,0.28125
5157,134,0.125
5157,135,0.25
5157,136,0.265625
5157,137,0.40625
5157,138,0.21875
5157,139,0.109375
5157,140,0.25
5157,141,0.1875
5157,142,0.21875
5157,143,0.046875
5157,144,0.171875
5157,145,0.21875
5157,146,0.265625
5157,147,0.3125
5157,148,0.265625
5157,149,0.5
5157,150,0.4375
5157,151,0.359375
5157,152,0.296875
5157,153,0.328125
5157,154,0.3125
5157,155,0.390625
5157,156,0.3125
5157,157,0.234375
5157,158,0.296875
5157,159,0.359375
5158,0,0.140625
5158,1,0.203125
5158,2,0.140625
5158,3,0.21875
5158,4,0.265625
5158,5,0.1875
5158,6,0.25
5158,7,0.21875
5158,8,0.25
5158,9,0.171875
5158,10,0.234375
5158,11,0.296875
5158,12,0.34375
5158,13,0.296875
5158,14,0.40625
5158,15,0.234375
5158,16,0.1875
5158,17,0.28125
5158,18,0.34375
5158,19,0.28125
5158,20,0.296875
5158,21,0.375
5158,22,0.265625
5158,23,0.28125
5158,24,0.34375
5158,25,0.25
5158,26,0.234375
5158,27,0.28125
5158,28,0.234375
5158,29,0.296875
5158,30,0.265625
5158,31,0.1875
5158,32,0.203125
5158,33,0.25
5158,34,0.296875
5158,35,0.1875
5158,36,0.203125
5158,37,0.140625
5158,38,0.1875
5158,39,0.265625
5158,40,0.328125
5158,41,0.421875
5158,42,0.234375
5158,43,0.203125
5158,44,0.234375
5158,45,0.1875
5158,46,0.28125
5158,47,0.234375
5158,48,0.296875
5158,49,0.328125
5158,50,0.296875
5158,51,0.265625
5158,52,0.328125
5158,53,0.265625
5158,54,0.390625
5158,55,0.3125
5158,56,0.25
5158,57,0.296875
5158,58,0.34375
5158,59,0.40625
5158,60,0.3125
5158,61,0.25
5158,62,0.203125
5158,63,0.234375
5158,64,0.328125
5158,65,0.28125
5158,66,0.234375
5158,67,0.296875
5158,68,0.265625
5158,69,0.359375
5158,70,0.421875
5158,71,0.5
5158,72,0.34375
5158,73,0.53125
5158,74,0.46875
5158,75,0.546875
5158,76,0.453125
5158,77,0.40625
5158,78,0.171875
5158,79,0.234375
5158,80,0.296875
5158,81,0.359375
5158,82,0.296875
5158,83,0.359375
5158,84,0.265625
5158,85,0.3125
5158,86,0.234375
5158,87,0.171875
5158,88,0.234375
5158,89,0.1875
5158,90,0.21875
5158,91,0.171875
5158,92,0.25
5158,93,0.1875
5158,94,0.25
5158,95,0.171875
5158,96,0.1875
5158,97,0.21875
5158,98,0.28125
5158,99,0.453125
5158,100,0.375
5158,101,0.390625
5158,102,0.4375
5158,103,0.53125
5158,104,0.328125
5158,105,0.265625
5158,106,0.203125
5158,107,0.25
5158,108,0.296875
5158,109,0.265625
5158,110,0.375
5158,111,0.3125
5158,112,0.234375
5158,113,0.25
5158,114,0.453125
5158,115,0.40625
5158,116,0.53125
5159,0,0.078125
5159,1,0.109375
5159,2,0.15625
5159,3,0.125
5159,4,0.1875
5159,5,0.28125
5159,6,0.3125
5159,7,0.21875
5159,8,0.28125
5159,9,0.3125
5159,10,0.234375
5159,11,0.3125
5159,12,0.34375
5159,13,0.28125
5159,14,0.375
5159,15,0.28125
5159,16,0.359375
5159,17,0.296875
5159,18,0.328125
5159,19,0.5
5159,20,0.4375
5159,21,0.484375
5159,22,0.4375
5159,23,0.34375
5159,24,0.28125
5159,25,0.328125
5159,26,0.40625
5159,27,0.453125
5159,28,0.34375
5159,29,0.265625
5159,30,0.1875
5159,31,0.28125
5159,32,0.1875
5159,33,0.25
5159,34,0.28125
5159,35,0.34375
5159,36,0.359375
5159,37,0.375
5159,38,0.3125
5159,39,0.28125
5159,40,0.1875
5160,0,0.1875
5160,1,0.234375
5160,2,0.296875
5160,3,0.265625
5160,4,0.15625
5160,5,0.21875
5160,6,0.265625
5160,7,0.25
5160,8,0.296875
5160,9,0.359375
5160,10,0.25
5160,11,0.4375
5160,12,0.40625
5160,13,0.375
5160,14,0.296875
5160,15,0.34375
5160,16,0.359375
5160,17,0.4375
5160,18,0.359375
5160,19,0.359375
5160,20,0.328125
5160,21,0.25
5160,22,0.3125
5160,23,0.234375
5160,24,0.28125
5160,25,0.375
5160,26,0.296875
5160,27,0.390625
5160,28,0.328125
5160,29,0.40625
5160,30,0.484375
5160,31,0.390625
5160,32,0.265625
5160,33,0.3125
5160,34,0.296875
5160,35,0.25
5160,36,0.25
5160,37,0.28125
5160,38,0.21875
5160,39,0.28125
5160,40,0.1875
5160,41,0.1875
5160,42,0.234375
5160,43,0.296875
5160,44,0.3125
5160,45,0.203125
5160,46,0.15625
5160,47,0.28125
5160,48,0.34375
5160,49,0.421875
5160,50,0.421875
5160,51,0.34375
5160,52,0.421875
5160,53,0.390625
5160,54,0.328125
5161,0,0.28125
5161,1,0.21875
5161,2,0.078125
5161,3,0.125
5161,4,0.171875
5161,5,0.234375
5161,6,0.328125
5161,7,0.25
5161,8,0.3125
5161,9,0.203125
5161,10,0.25
5161,11,0.09375
5161,12,0.171875
5161,13,0.15625
5161,14,0.109375
5161,15,0.15625
5161,16,0.234375
5161,17,0.171875
5161,18,0.234375
5161,19,0.21875
5161,20,0.15625
5161,21,0.234375
5161,22,0.296875
5161,23,0.21875
5161,24,0.296875
5161,25,0.34375
5161,26,0.15625
5161,27,0.265625
5161,28,0.203125
5161,29,0.375
5161,30,0.328125
5161,31,0.28125
5161,32,0.21875
5161,33,0.171875
5161,34,0.21875
5161,35,0.25
5161,36,0.171875
5161,37,0.28125
5161,38,0.171875
5161,39,0.203125
5161,40,0.265625
5161,41,0.171875
5161,42,0.0625
5161,43,0.125
5161,44,0.21875
5161,45,0.171875
5161,46,0.09375
5161,47,0.171875
5161,48,0.140625
5161,49,0.15625
5161,50,0.21875
5161,51,0.21875
5161,52,0.25
5161,53,0.359375
5161,54,0.3125
5161,55,0.265625
5161,56,0.234375
5161,57,0.203125
5161,58,0.28125
5161,59,0.390625
5161,60,0.3125
5161,61,0.25
5161,62,0.3125
5161,63,0.375
5161,64,0.359375
5161,65,0.453125
5161,66,0.375
5161,67,0.421875
5161,68,0.296875
5161,69,0.21875
5161,70,0.3125
5161,71,0.40625
5161,72,0.328125
5161,73,0.328125
5161,74,0.28125
5161,75,0.3125
5161,76,0.21875
5161,77,0.28125
5161,78,0.375
5161,79,0.265625
5161,80,0.171875
5161,81,0.203125
5161,82,0.265625
5161,83,0.1875
5161,84,0.109375
5161,85,0.1875
5161,86,0.234375
5161,87,0.296875
5161,88,0.296875
5161,89,0.1875
5161,90,0.25
5161,91,0.3125
5161,92,0.25
5161,93,0.359375
5161,94,0.265625
5161,95,0.328125
5161,96,0.25
5161,97,0.203125
5161,98,0.28125
5161,99,0.234375
5161,100,0.171875
5161,101,0.234375
5161,102,0.328125
5161,103,0.296875
5161,104,0.25
5161,105,0.3125
5161,106,0.34375
5161,107,0.328125
5161,108,0.28125
5161,109,0.28125
5161,110,0.328125
5161,111,0.359375
5161,112,0.25
5161,113,0.328125
5161,114,0.375
5161,115,0.234375
5161,116,0.296875
5161,117,0.21875
5161,118,0.296875
5161,119,0.21875
5161,120,0.15625
5161,121,0.203125
5161,122,0.234375
5161,123,0.1875
5161,124,0.21875
5161,125,0.234375
5161,126,0.171875
5161,127,0.171875
5161,128,0.234375
5161,129,0.265625
5161,130,0.21875
5161,131,0.28125
5161,132,0.203125
5161,133,0.265625
5161,134,0.171875
5161,135,0.25
5161,136,0.140625
5161,137,0.1875
5161,138,0.25
5161,139,0.296875
5161,140,0.25
5161,141,0.203125
5161,142,0.265625
5161,143,0.265625
5161,144,0.296875
5161,145,0.203125
5161,146,0.234375
5161,147,0.3125
5161,148,0.234375
5161,149,0.140625
5161,150,0.15625
5161,151,0.234375
5161,152,0.328125
5161,153,0.265625
5161,154,0.140625
5161,155,0.078125
5161,156,0.171875
5161,157,0.234375
5161,158,0.1875
5161,159,0.140625
5161,160,0.234375
5161,161,0.234375
5161,162,0.296875
5161,163,0.21875
5161,164,0.265625
5161,165,0.34375
5161,166,0.25
5161,167,0.171875
5161,168,0.34375
5161,169,0.296875
5161,170,0.21875
5161,171,0.265625
5161,172,0.28125
5161,173,0.34375
5161,174,0.265625
5161,175,0.234375
5161,176,0.265625
5161,177,0.34375
5161,178,0.265625
5161,179,0.328125
5161,180,0.40625
5161,181,0.234375
5161,182,0.171875
5161,183,0.140625
5161,184,0.234375
5161,185,0.234375
5161,186,0.28125
5161,187,0.34375
5161,188,0.28125
5161,189,0.34375
5161,190,0.234375
5161,191,0.265625
5161,192,0.359375
5161,193,0.3125
5161,194,0.34375
5161,195,0.40625
5161,196,0.390625
5161,197,0.3125
5161,198,0.21875
5161,199,0.296875
5161,200,0.203125
5161,201,0.140625
5161,202,0.1875
5161,203,0.234375
5161,204,0.171875
5161,205,0.265625
5161,206,0.25
5161,207,0.3125
5161,208,0.265625
5161,209,0.3125
5161,210,0.390625
5161,211,0.3125
5161,212,0.265625
5161,213,0.265625
5161,214,0.234375
5161,215,0.25
5161,216,0.28125
5161,217,0.28125
5161,218,0.1875
5161,219,0.1875
5161,220,0.125
5161,221,0.15625
5161,222,0.28125
5161,223,0.21875
5161,224,0.296875
5161,225,0.21875
5161,226,0.296875
5161,227,0.34375
5161,228,0.234375
5161,229,0.296875
5161,230,0.234375
5161,231,0.171875
5161,232,0.234375
5161,233,0.15625
5161,234,0.203125
5161,235,0.28125
5161,236,0.203125
5161,237,0.25
5161,238,0.546875
5161,239,0.390625
5161,240,0.515625
5162,0,0.125
5162,1,0.0625
5162,2,0.125
5162,3,0.203125
5162,4,0.28125
5162,5,0.15625
5162,6,0.359375
5162,7,0.34375
5162,8,0.40625
5162,9,0.125
5162,10,0.203125
5162,11,0.21875
5162,12,0.140625
5162,13,0.25
5162,14,0.3125
5162,15,0.15625
5162,16,0.1875
5162,17,0.28125
5162,18,0.375
5162,19,0.3125
5162,20,0.265625
5162,21,0.1875
5162,22,0.265625
5162,23,0.34375
5162,24,0.375
5162,25,0.375
5162,26,0.28125
5162,27,0.34375
5162,28,0.34375
5162,29,0.375
5162,30,0.390625
5163,0,0.046875
5163,1,0.171875
5163,2,0.234375
5163,3,0.171875
5163,4,0.1875
5163,5,0.28125
5163,6,0.265625
5163,7,0.203125
5163,8,0.1875
5163,9,0.21875
5163,10,0.3125
5163,11,0.1875
5163,12,0.25
5163,13,0.21875
5163,14,0.265625
5163,15,0.21875
5163,16,0.25
5163,17,0.1875
5163,18,0.296875
5163,19,0.3125
5163,20,0.46875
5164,0,0.15625
5164,1,0.09375
5164,2,0.15625
5164,3,0.265625
5164,4,0.375
5164,5,0.3125
5164,6,0.09375
5164,7,0.21875
5164,8,0.265625
5164,9,0.296875
5164,10,0.28125
5164,11,0.375
5164,12,0.15625
5164,13,0.203125
5164,14,0.21875
5164,15,0.28125
5164,16,0.265625
5164,17,0.296875
5164,18,0.203125
5164,19,0.203125
5164,20,0.1875
5164,21,0.234375
5164,22,0.265625
5164,23,0.328125
5164,24,0.1875
5164,25,0.234375
5164,26,0.328125
5164,27,0.296875
5164,28,0.375
5164,29,0.4375
5164,30,0.203125
5164,31,0.265625
5164,32,0.3125
5164,33,0.25
5164,34,0.296875
5164,35,0.21875
5164,36,0.140625
5164,37,0.203125
5164,38,0.25
5164,39,0.1875
5164,40,0.203125
5164,41,0.28125
5164,42,0.359375
5164,43,0.140625
5164,44,0.171875
5164,45,0.234375
5164,46,0.296875
5164,47,0.265625
5164,48,0.1875
5164,49,0.3125
5164,50,0.359375
5164,51,0.4375
5164,52,0.28125
5164,53,0.34375
5164,54,0.296875
5164,55,0.265625
5164,56,0.375
5164,57,0.46875
5164,58,0.390625
5164,59,0.46875
5164,60,0.328125
5164,61,0.28125
5164,62,0.375
5164,63,0.3125
5164,64,0.40625
5164,65,0.3125
5164,66,0.25
5164,67,0.234375
5164,68,0.28125
5164,69,0.359375
5164,70,0.28125
5164,71,0.34375
5164,72,0.3125
5164,73,0.234375
5164,74,0.25
5164,75,0.328125
5164,76,0.421875
5164,77,0.40625
5164,78,0.328125
5164,79,0.1875
5164,80,0.140625
5164,81,0.5
5165,0,0.1875
5165,1,0.203125
5165,2,0.28125
5165,3,0.3125
5165,4,0.21875
5165,5,0.234375
5165,6,0.28125
5165,7,0.484375
5166,0,0.078125
5166,1,0.28125
5166,2,0.34375
5166,3,0.3125
5166,4,0.171875
5166,5,0.203125
5166,6,0.234375
5166,7,0.21875
5166,8,0.234375
5166,9,0.203125
5166,10,0.25
5166,11,0.3125
5166,12,0.296875
5166,13,0.21875
5166,14,0.25
5166,15,0.296875
5166,16,0.265625
5166,17,0.21875
5166,18,0.265625
5166,19,0.328125
5166,20,0.28125
5166,21,0.203125
5166,22,0.234375
5166,23,0.28125
5166,24,0.21875
5166,25,0.25
5166,26,0.203125
5166,27,0.15625
5166,28,0.15625
5166,29,0.171875
5166,30,0.265625
5166,31,0.203125
5166,32,0.296875
5166,33,0.21875
5166,34,0.265625
5166,35,0.578125
5166,36,0.640625
5166,37,0.453125
5166,38,0.578125
5167,0,0.171875
5167,1,0.109375
5167,2,0.171875
5167,3,0.3125
5167,4,0.359375
5167,5,0.265625
5167,6,0.171875
5167,7,0.203125
5167,8,0.234375
5167,9,0.28125
5167,10,0.28125
5167,11,0.28125
5167,12,0.171875
5167,13,0.21875
5167,14,0.265625
5167,15,0.3125
5167,16,0.375
5167,17,0.53125
5167,18,0.328125
5167,19,0.25
5167,20,0.203125
5167,21,0.265625
5167,22,0.3125
5167,23,0.25
5167,24,0.3125
5167,25,0.390625
5167,26,0.453125
5167,27,0.34375
5167,28,0.296875
5167,29,0.171875
5167,30,0.28125
5167,31,0.203125
5167,32,0.265625
5167,33,0.3125
5167,34,0.234375
5167,35,0.203125
5167,36,0.28125
5167,37,0.21875
5167,38,0.265625
5167,39,0.1875
5167,40,0.265625
5167,41,0.375
5167,42,0.25
5167,43,0.1875
5167,44,0.25
5167,45,0.296875
5167,46,0.265625
5167,47,0.4375
5167,48,0.265625
5167,49,0.234375
5167,50,0.390625
5167,51,0.21875
5167,52,0.34375
5167,53,0.25
5167,54,0.296875
5167,55,0.34375
5167,56,0.328125
5167,57,0.265625
5167,58,0.34375
5167,59,0.3125
5167,60,0.40625
5167,61,0.359375
5167,62,0.390625
5167,63,0.34375
5167,64,0.421875
5167,65,0.34375
5167,66,0.4375
5167,67,0.453125
5167,68,0.484375
5167,69,0.453125
5168,0,0.171875
5168,1,0.359375
5168,2,0.265625
5168,3,0.203125
5168,4,0.390625
5168,5,0.609375
5168,6,0.515625
5168,7,0.390625
5168,8,0.328125
5168,9,0.296875
5168,10,0.25
5168,11,0.390625
5168,12,0.3125
5168,13,0.28125
5168,14,0.40625
5168,15,0.265625
5168,16,0.234375
5168,17,0.28125
5168,18,0.109375
5168,19,0.328125
5168,20,0.28125
5168,21,0.171875
5168,22,0.25
5168,23,0.1875
5168,24,0.265625
5169,0,0.1875
5169,1,0.125
5169,2,0.1875
5169,3,0.265625
5169,4,0.1875
5169,5,0.234375
5169,6,0.28125
5169,7,0.1875
5169,8,0.265625
5169,9,0.328125
5169,10,0.265625
5169,11,0.3125
5169,12,0.40625
5169,13,0.28125
5169,14,0.265625
5169,15,0.34375
5169,16,0.390625
5169,17,0.34375
5169,18,0.28125
5169,19,0.3125
5169,20,0.328125
5169,21,0.21875
5169,22,0.28125
5169,23,0.21875
5169,24,0.203125
5169,25,0.25
5169,26,0.296875
5169,27,0.1875
5169,28,0.140625
5169,29,0.203125
5169,30,0.15625
5169,31,0.3125
5169,32,0.359375
5169,33,0.421875
5170,0,0.15625
5170,1,0.234375
5170,2,0.203125
5170,3,0.28125
5170,4,0.171875
5170,5,0.265625
5170,6,0.234375
5170,7,0.25
5170,8,0.296875
5170,9,0.328125
5170,10,0.421875
5170,11,0.375
5170,12,0.390625
5170,13,0.3125
5170,14,0.40625
5170,15,0.328125
5170,16,0.40625
5170,17,0.359375
5170,18,0.34375
5170,19,0.28125
5170,20,0.328125
5170,21,0.421875
5170,22,0.25
5170,23,0.3125
5171,0,0.078125
5171,1,0.15625
5171,2,0.25
5171,3,0.28125
5171,4,0.25
5171,5,0.328125
5171,6,0.265625
5171,7,0.296875
5171,8,0.328125
5171,9,0.296875
5171,10,0.203125
5171,11,0.234375
5171,12,0.1875
5171,13,0.140625
5171,14,0.0625
5171,15,0.078125
5171,16,0.09375
5171,17,0.171875
5171,18,0.296875
5171,19,0.28125
5171,20,0.21875
5171,21,0.171875
5171,22,0.203125
5171,23,0.1875
5171,24,0.265625
5171,25,0.296875
5171,26,0.390625
5171,27,0.28125
5171,28,0.203125
5171,29,0.265625
5171,30,0.34375
5171,31,0.203125
5171,32,0.15625
5171,33,0.203125
5171,34,0.15625
5171,35,0.1875
5171,36,0.25
5171,37,0.3125
5171,38,0.28125
5171,39,0.296875
5171,40,0.375
5171,41,0.203125
5171,42,0.265625
5171,43,0.3125
5171,44,0.25
5171,45,0.265625
5171,46,0.171875
5171,47,0.1875
5171,48,0.234375
5171,49,0.203125
5171,50,0.1875
5171,51,0.265625
5171,52,0.15625
5171,53,0.234375
5171,54,0.34375
5171,55,0.234375
5171,56,0.328125
5171,57,0.40625
5171,58,0.234375
5171,59,0.28125
5171,60,0.1875
5171,61,0.21875
5171,62,0.15625
5171,63,0.265625
5172,0,0.1875
5172,1,0.140625
5172,2,0.171875
5172,3,0.234375
5172,4,0.234375
5172,5,0.3125
5172,6,0.265625
5172,7,0.1875
5172,8,0.234375
5172,9,0.265625
5172,10,0.328125
5172,11,0.28125
5172,12,0.328125
5172,13,0.296875
5172,14,0.328125
5172,15,0.265625
5172,16,0.15625
5172,17,0.171875
5172,18,0.203125
5172,19,0.28125
5172,20,0.203125
5172,21,0.28125
5172,22,0.296875
5172,23,0.25
5172,24,0.328125
5172,25,0.359375
5172,26,0.5
5172,27,0.4375
5172,28,0.390625
5172,29,0.46875
5172,30,0.453125
5172,31,0.53125
5173,0,0.078125
5173,1,0.078125
5173,2,0.140625
5173,3,0.1875
5173,4,0.234375
5173,5,0.21875
5173,6,0.3125
5173,7,0.203125
5173,8,0.15625
5173,9,0.21875
5173,10,0.3125
5173,11,0.265625
5173,12,0.40625
5173,13,0.421875
5173,14,0.265625
5173,15,0.1875
5173,16,0.21875
5173,17,0.28125
5173,18,0.359375
5173,19,0.421875
5173,20,0.375
5173,21,0.296875
5173,22,0.203125
5173,23,0.140625
5173,24,0.203125
5173,25,0.28125
5173,26,0.203125
5173,27,0.171875
5173,28,0.09375
5173,29,0.15625
5173,30,0.21875
5173,31,0.28125
5174,0,0.1875
5174,1,0.21875
5174,2,0.03125
5174,3,0.140625
5174,4,0.203125
5174,5,0.09375
5174,6,0.15625
5174,7,0.21875
5174,8,0.28125
5174,9,0.171875
5174,10,0.234375
5174,11,0.328125
5174,12,0.265625
5174,13,0.21875
5174,14,0.3125
5174,15,0.140625
5174,16,0.1875
5174,17,0.234375
5174,18,0.25
5174,19,0.3125
5174,20,0.34375
5174,21,0.34375
5174,22,0.265625
5174,23,0.328125
5174,24,0.34375
5174,25,0.265625
5174,26,0.328125
5174,27,0.3125
5174,28,0.359375
5174,29,0.3125
5174,30,0.328125
5174,31,0.484375
5174,32,0.390625
5174,33,0.328125
5174,34,0.265625
5174,35,0.21875
5174,36,0.25
5174,37,0.328125
5174,38,0.265625
5174,39,0.34375
5174,40,0.296875
5174,41,0.1875
5174,42,0.203125
5174,43,0.25
5174,44,0.203125
5174,45,0.234375
5174,46,0.21875
5174,47,0.265625
5174,48,0.296875
5174,49,0.28125
5174,50,0.21875
5174,51,0.296875
5174,52,0.25
5174,53,0.296875
5174,54,0.234375
5174,55,0.28125
5174,56,0.359375
5174,57,0.265625
5174,58,0.3125
5174,59,0.359375
5174,60,0.640625
5174,61,0.421875
5175,0,0.171875
5175,1,0.15625
5175,2,0.234375
5175,3,0.1875
5175,4,0.21875
5175,5,0.1875
5175,6,0.109375
5175,7,0.140625
5175,8,0.125
5175,9,0.140625
5175,10,0.1875
5175,11,0.109375
5175,12,0.203125
5175,13,0.15625
5175,14,0.21875
5175,15,0.234375
5175,16,0.1875
5175,17,0.25
5175,18,0.3125
5175,19,0.21875
5175,20,0.28125
5175,21,0.359375
5175,22,0.359375
5176,0,0.09375
5176,1,0.03125
5176,2,0.21875
5176,3,0.234375
5176,4,0.40625
5176,5,0.375
5176,6,0.4375
5176,7,0.3125
5176,8,0.234375
5176,9,0.265625
5176,10,0.234375
5176,11,0.3125
5176,12,0.28125
5176,13,0.390625
5176,14,0.328125
5176,15,0.3125
5176,16,0.265625
5176,17,0.34375
5176,18,0.203125
5176,19,0.21875
5176,20,0.296875
5176,21,0.265625
5176,22,0.21875
5176,23,0.296875
5176,24,0.1875
5176,25,0.125
5176,26,0.1875
5176,27,0.21875
5176,28,0.140625
5176,29,0.296875
5176,30,0.234375
5176,31,0.265625
5176,32,0.203125
5176,33,0.28125
5176,34,0.25
5176,35,0.28125
5176,36,0.3125
5176,37,0.34375
5176,38,0.296875
5176,39,0.25
5176,40,0.3125
5176,41,0.359375
5176,42,0.4375
5176,43,0.4375
5176,44,0.359375
5176,45,0.4375
5176,46,0.453125
5176,47,0.421875
5176,48,0.515625
5176,49,0.546875
5176,50,0.46875
5176,51,0.359375
5176,52,0.265625
5176,53,0.296875
5176,54,0.359375
5176,55,0.359375
5176,56,0.3125
5176,57,0.375
5176,58,0.328125
5176,59,0.296875
5176,60,0.328125
5176,61,0.359375
5176,62,0.28125
5176,63,0.328125
5176,64,0.234375
5176,65,0.1875
5176,66,0.375
5176,67,0.421875
5176,68,0.34375
5176,69,0.265625
5176,70,0.296875
5176,71,0.328125
5176,72,0.390625
5176,73,0.25
5176,74,0.34375
5176,75,0.296875
5176,76,0.359375
5176,77,0.375
5176,78,0.453125
5176,79,0.5625
5176,80,0.359375
5176,81,0.28125
5176,82,0.1875
5176,83,0.25
5176,84,0.203125
5176,85,0.234375
5176,86,0.171875
5176,87,0.21875
5176,88,0.234375
5176,89,0.3125
5176,90,0.25
5176,91,0.328125
5176,92,0.234375
5176,93,0.265625
5176,94,0.328125
5176,95,0.296875
5176,96,0.28125
5176,97,0.34375
5176,98,0.28125
5176,99,0.1875
5176,100,0.390625
5176,101,0.421875
5176,102,0.5
5176,103,0.421875
5176,104,0.375
5176,105,0.296875
5176,106,0.375
5176,107,0.3125
5176,108,0.375
5176,109,0.3125
5176,110,0.296875
5176,111,0.328125
5176,112,0.296875
5176,113,0.28125
5176,114,0.34375
5177,0,0.3125
5177,1,0.25
5177,2,0.15625
5177,3,0.140625
5177,4,0.328125
5177,5,0.265625
5177,6,0.296875
5177,7,0.25
5177,8,0.296875
5177,9,0.328125
5177,10,0.375
5177,11,0.328125
5177,12,0.375
5177,13,0.328125
5177,14,0.15625
5177,15,0.203125
5177,16,0.390625
5177,17,0.34375
5177,18,0.296875
5177,19,0.375
5177,20,0.3125
5177,21,0.203125
5177,22,0.265625
5177,23,0.296875
5177,24,0.1875
5177,25,0.28125
5177,26,0.328125
5177,27,0.296875
5177,28,0.265625
5177,29,0.234375
5177,30,0.203125
5177,31,0.25
5177,32,0.296875
5177,33,0.234375
5177,34,0.265625
5177,35,0.203125
5177,36,0.265625
5177,37,0.28125
5177,38,0.375
5177,39,0.3125
5177,40,0.265625
5177,41,0.21875
5177,42,0.25
5177,43,0.296875
5177,44,0.328125
5177,45,0.265625
5177,46,0.3125
5177,47,0.359375
5177,48,0.390625
5177,49,0.390625
5177,50,0.484375
5177,51,0.265625
5177,52,0.265625
5177,53,0.265625
5177,54,0.234375
5177,55,0.34375
5177,56,0.421875
5177,57,0.375
5177,58,0.4375
5177,59,0.296875
5177,60,0.234375
5177,61,0.34375
5177,62,0.28125
5177,63,0.21875
5177,64,0.28125
5177,65,0.28125
5177,66,0.375
5177,67,0.3125
5177,68,0.359375
5177,69,0.28125
5177,70,0.265625
5177,71,0.21875
5177,72,0.296875
5177,73,0.1875
5177,74,0.28125
5177,75,0.359375
5177,76,0.375
5177,77,0.296875
5177,78,0.296875
5177,79,0.265625
5177,80,0.296875
5177,81,0.203125
5177,82,0.3125
5177,83,0.25
5177,84,0.453125
5177,85,0.46875
5177,86,0.4375
5177,87,0.375
5177,88,0.265625
5177,89,0.1875
5177,90,0.203125
5177,91,0.28125
5177,92,0.21875
5177,93,0.265625
5177,94,0.359375
5177,95,0.296875
5177,96,0.203125
5177,97,0.28125
5177,98,0.328125
5177,99,0.265625
5177,100,0.1875
5177,101,0.390625
5177,102,0.46875
5177,103,0.421875
5177,104,0.4375
5177,105,0.34375
5177,106,0.4375
5177,107,0.375
5177,108,0.3125
5177,109,0.375
5177,110,0.421875
5177,111,0.3125
5177,112,0.359375
5177,113,0.171875
5177,114,0.25
5177,115,0.21875
5177,116,0.1875
5177,117,0.203125
5177,118,0.25
5177,119,0.34375
5177,120,0.28125
5177,121,0.203125
5177,122,0.15625
5177,123,0.21875
5177,124,0.234375
5177,125,0.34375
5177,126,0.28125
5177,127,0.359375
5177,128,0.296875
5177,129,0.234375
5177,130,0.171875
5177,131,0.234375
5177,132,0.28125
5177,133,0.359375
5177,134,0.265625
5177,135,0.28125
5177,136,0.3125
5177,137,0.21875
5177,138,0.234375
5177,139,0.3125
5177,140,0.375
5177,141,0.25
5177,142,0.15625
5177,143,0.234375
5177,144,0.3125
5177,145,0.359375
5177,146,0.203125
5177,147,0.265625
5177,148,0.21875
5177,149,0.265625
5177,150,0.328125
5177,151,0.375
5177,152,0.21875
5177,153,0.296875
5177,154,0.234375
5177,155,0.359375
5177,156,0.328125
5177,157,0.28125
5177,158,0.21875
5177,159,0.234375
5177,160,0.296875
5177,161,0.328125
5177,162,0.265625
5177,163,0.265625
5177,164,0.203125
5177,165,0.28125
5177,166,0.328125
5177,167,0.390625
5177,168,0.46875
5177,169,0.3125
5177,170,0.28125
5177,171,0.328125
5177,172,0.28125
5177,173,0.3125
5177,174,0.296875
5177,175,0.171875
5177,176,0.234375
5177,177,0.28125
5177,178,0.375
5177,179,0.453125
5177,180,0.390625
5177,181,0.296875
5177,182,0.25
5177,183,0.296875
5177,184,0.34375
5177,185,0.328125
5177,186,0.15625
5177,187,0.296875
5177,188,0.359375
5177,189,0.40625
5177,190,0.390625
5177,191,0.3125
5177,192,0.21875
5177,193,0.296875
5177,194,0.25
5177,195,0.296875
5177,196,0.34375
5177,197,0.296875
5177,198,0.359375
5177,199,0.46875
5177,200,0.40625
5177,201,0.46875
5177,202,0.296875
5177,203,0.125
5177,204,0.171875
5177,205,0.1875
5177,206,0.25
5177,207,0.1875
5177,208,0.21875
5177,209,0.140625
5177,210,0.1875
5177,211,0.21875
5177,212,0.15625
5177,213,0.09375
5177,214,0.109375
5177,215,0.171875
5177,216,0.203125
5177,217,0.15625
5177,218,0.1875
5177,219,0.265625
5177,220,0.234375
5177,221,0.265625
5177,222,0.328125
5177,223,0.28125
5177,224,0.171875
5177,225,0.203125
5177,226,0.328125
5177,227,0.234375
5177,228,0.15625
5177,229,0.21875
5177,230,0.25
5177,231,0.34375
5177,232,0.25
5177,233,0.3125
5177,234,0.4375
5177,235,0.375
5177,236,0.28125
5177,237,0.234375
5177,238,0.265625
5177,239,0.328125
5177,240,0.375
5177,241,0.21875
5177,242,0.25
5177,243,0.15625
5177,244,0.203125
5177,245,0.265625
5177,246,0.28125
5177,247,0.265625
5177,248,0.328125
5177,249,0.421875
5177,250,0.390625
5177,251,0.328125
5177,252,0.25
5177,253,0.265625
5177,254,0.234375
5177,255,0.3125
5177,256,0.359375
5177,257,0.4375
5177,258,0.28125
5177,259,0.296875
5177,260,0.4375
5178,0,0.1875
5178,1,0.125
5178,2,0.3125
5178,3,0.21875
5178,4,0.265625
5178,5,0.203125
5178,6,0.34375
5178,7,0.390625
5178,8,0.3125
5178,9,0.25
5178,10,0.28125
5178,11,0.234375
5178,12,0.140625
5178,13,0.203125
5178,14,0.265625
5178,15,0.328125
5178,16,0.234375
5178,17,0.328125
5178,18,0.265625
5178,19,0.34375
5178,20,0.265625
5178,21,0.1875
5178,22,0.25
5178,23,0.125
5178,24,0.171875
5178,25,0.09375
5178,26,0.140625
5178,27,0.21875
5178,28,0.265625
5178,29,0.296875
5178,30,0.296875
5178,31,0.25
5178,32,0.203125
5178,33,0.34375
5178,34,0.390625
5178,35,0.34375
5178,36,0.4375
5178,37,0.21875
5178,38,0.265625
5178,39,0.15625
5178,40,0.21875
5178,41,0.265625
5178,42,0.203125
5178,43,0.1875
5178,44,0.265625
5178,45,0.3125
5178,46,0.265625
5178,47,0.328125
5178,48,0.375
5178,49,0.28125
5178,50,0.265625
5178,51,0.203125
5178,52,0.25
5178,53,0.1875
5178,54,0.234375
5178,55,0.3125
5178,56,0.46875
5178,57,0.265625
5178,58,0.296875
5178,59,0.234375
5178,60,0.265625
5178,61,0.203125
5178,62,0.28125
5178,63,0.328125
5178,64,0.390625
5178,65,0.203125
5178,66,0.28125
5178,67,0.359375
5178,68,0.296875
5178,69,0.25
5178,70,0.328125
5178,71,0.359375
5178,72,0.4375
5178,73,0.390625
5178,74,0.453125
5178,75,0.46875
5178,76,0.28125
5178,77,0.25
5178,78,0.34375
5178,79,0.34375
5178,80,0.40625
5178,81,0.375
5178,82,0.390625
5178,83,0.296875
5178,84,0.21875
5178,85,0.28125
5178,86,0.203125
5178,87,0.28125
5178,88,0.359375
5178,89,0.375
5178,90,0.3125
5178,91,0.34375
5178,92,0.265625
5178,93,0.34375
5178,94,0.125
5178,95,0.1875
5178,96,0.25
5178,97,0.3125
5178,98,0.265625
5178,99,0.234375
5178,100,0.171875
5178,101,0.234375
5178,102,0.296875
5178,103,0.3125
5178,104,0.375
5178,105,0.40625
5178,106,0.234375
5178,107,0.296875
5178,108,0.34375
5178,109,0.40625
5178,110,0.421875
5178,111,0.234375
5178,112,0.296875
5178,113,0.28125
5178,114,0.3125
5178,115,0.421875
5178,116,0.515625
5178,117,0.421875
5178,118,0.4375
5178,119,0.53125
5178,120,0.28125
5178,121,0.3125
5178,122,0.34375
5178,123,0.25
5178,124,0.21875
5178,125,0.3125
5178,126,0.25
5178,127,0.296875
5178,128,0.359375
5178,129,0.328125
5178,130,0.296875
5178,131,0.328125
5178,132,0.296875
5178,133,0.25
5178,134,0.21875
5178,135,0.171875
5178,136,0.234375
5178,137,0.265625
5178,138,0.15625
5178,139,0.1875
5178,140,0.1875
5178,141,0.125
5178,142,0.1875
5178,143,0.25
5178,144,0.28125
5178,145,0.34375
5178,146,0.25
5178,147,0.28125
5178,148,0.25
5178,149,0.328125
5178,150,0.28125
5178,151,0.46875
5178,152,0.484375
5178,153,0.34375
5178,154,0.265625
5178,155,0.328125
5178,156,0.390625
5178,157,0.34375
5178,158,0.390625
5178,159,0.234375
5178,160,0.3125
5178,161,0.453125
5178,162,0.359375
5178,163,0.375
5178,164,0.265625
5178,165,0.171875
5178,166,0.25
5178,167,0.203125
5178,168,0.3125
5178,169,0.359375
5178,170,0.40625
5178,171,0.28125
5178,172,0.359375
5178,173,0.4375
5178,174,0.328125
5178,175,0.359375
5178,176,0.28125
5178,177,0.203125
5178,178,0.265625
5178,179,0.328125
5178,180,0.28125
5178,181,0.1875
5178,182,0.28125
5178,183,0.203125
5178,184,0.265625
5178,185,0.328125
5178,186,0.390625
5178,187,0.59375
5178,188,0.53125
5178,189,0.453125
5178,190,0.34375
5178,191,0.3125
5178,192,0.3125
5178,193,0.375
5178,194,0.328125
5178,195,0.359375
5178,196,0.40625
5178,197,0.34375
5178,198,0.25
5178,199,0.234375
5178,200,0.328125
5178,201,0.359375
5178,202,0.3125
5178,203,0.21875
5178,204,0.3125
5178,205,0.25
5178,206,0.3125
5178,207,0.34375
5179,0,0.25
5179,1,0.046875
5179,2,0.109375
5179,3,0.1875
5179,4,0.234375
5179,5,0.328125
5179,6,0.25
5179,7,0.1875
5179,8,0.1875
5179,9,0.234375
5179,10,0.1875
5179,11,0.25
5179,12,0.296875
5179,13,0.28125
5179,14,0.203125
5179,15,0.34375
5179,16,0.625
5179,17,0.578125
5179,18,0.421875
5179,19,0.375
5179,20,0.34375
5179,21,0.28125
5179,22,0.328125
5179,23,0.34375
5179,24,0.421875
5179,25,0.390625
5179,26,0.34375
5179,27,0.25
5179,28,0.21875
5179,29,0.28125
5179,30,0.359375
5179,31,0.40625
5179,32,0.4375
5179,33,0.375
5179,34,0.28125
5179,35,0.359375
5179,36,0.265625
5179,37,0.328125
5179,38,0.40625
5179,39,0.359375
5179,40,0.296875
5179,41,0.453125
5180,0,0.171875
5180,1,0.203125
5180,2,0.125
5180,3,0.203125
5180,4,0.109375
5180,5,0.171875
5180,6,0.21875
5180,7,0.171875
5180,8,0.09375
5180,9,0.125
5180,10,0.1875
5180,11,0.3125
5180,12,0.34375
5180,13,0.265625
5180,14,0.203125
5180,15,0.1875
5180,16,0.25
5180,17,0.1875
5180,18,0.234375
5180,19,0.328125
5180,20,0.390625
5180,21,0.453125
5181,0,0.125
5181,1,0.1875
5181,2,0.109375
5181,3,0.15625
5181,4,0.234375
5181,5,0.21875
5181,6,0.28125
5181,7,0.21875
5181,8,0.171875
5181,9,0.1875
5181,10,0.21875
5181,11,0.15625
5181,12,0.15625
5181,13,0.265625
5181,14,0.28125
5181,15,0.21875
5181,16,0.3125
5181,17,0.28125
5181,18,0.234375
5181,19,0.265625
5181,20,0.21875
5181,21,0.28125
5181,22,0.203125
5181,23,0.265625
5181,24,0.34375
5181,25,0.421875
5181,26,0.40625
5181,27,0.328125
5181,28,0.25
5181,29,0.140625
5181,30,0.203125
5181,31,0.234375
5181,32,0.265625
5181,33,0.421875
5181,34,0.328125
5181,35,0.375
5181,36,0.3125
5181,37,0.328125
5181,38,0.40625
5181,39,0.3125
5181,40,0.265625
5181,41,0.21875
5181,42,0.28125
5181,43,0.328125
5181,44,0.359375
5181,45,0.265625
5181,46,0.1875
5181,47,0.25
5181,48,0.328125
5181,49,0.390625
5182,0,0.171875
5182,1,0.140625
5182,2,0.1875
5182,3,0.25
5182,4,0.265625
5182,5,0.359375
5182,6,0.390625
5182,7,0.328125
5182,8,0.203125
5182,9,0.28125
5182,10,0.46875
5182,11,0.453125
5182,12,0.390625
5182,13,0.296875
5182,14,0.390625
5182,15,0.34375
5182,16,0.40625
5182,17,0.375
5182,18,0.265625
5182,19,0.3125
5182,20,0.140625
5182,21,0.203125
5182,22,0.171875
5182,23,0.203125
5182,24,0.25
5182,25,0.140625
5182,26,0.21875
5182,27,0.140625
5182,28,0.3125
5182,29,0.25
5182,30,0.171875
5182,31,0.234375
5182,32,0.203125
5182,33,0.1875
5182,34,0.234375
5182,35,0.3125
5182,36,0.25
5182,37,0.21875
5182,38,0.21875
5182,39,0.1875
5182,40,0.234375
5182,41,0.15625
5182,42,0.21875
5182,43,0.28125
5182,44,0.234375
5182,45,0.296875
5182,46,0.234375
5182,47,0.296875
5182,48,0.234375
5182,49,0.28125
5182,50,0.25
5182,51,0.234375
5182,52,0.140625
5182,53,0.234375
5182,54,0.265625
5182,55,0.21875
5182,56,0.28125
5182,57,0.1875
5182,58,0.1875
5182,59,0.25
5182,60,0.203125
5182,61,0.25
5182,62,0.3125
5182,63,0.296875
5182,64,0.203125
5182,65,0.25
5182,66,0.21875
5182,67,0.15625
5182,68,0.21875
5182,69,0.359375
5182,70,0.15625
5182,71,0.234375
5182,72,0.265625
5182,73,0.296875
5182,74,0.234375
5182,75,0.296875
5182,76,0.3125
5182,77,0.15625
5182,78,0.203125
5182,79,0.171875
5182,80,0.109375
5182,81,0.203125
5182,82,0.25
5182,83,0.203125
5182,84,0.265625
5182,85,0.359375
5182,86,0.28125
5182,87,0.234375
5182,88,0.28125
5182,89,0.34375
5182,90,0.234375
5182,91,0.28125
5182,92,0.15625
5182,93,0.25
5182,94,0.3125
5182,95,0.234375
5182,96,0.296875
5182,97,0.3125
5182,98,0.265625
5182,99,0.34375
5182,100,0.4375
5182,101,0.375
5182,102,0.328125
5182,103,0.25
5182,104,0.3125
5182,105,0.234375
5182,106,0.1875
5182,107,0.234375
5182,108,0.171875
5182,109,0.21875
5182,110,0.171875
5182,111,0.234375
5182,112,0.3125
5182,113,0.25
5182,114,0.328125
5182,115,0.234375
5182,116,0.15625
5182,117,0.140625
5182,118,0.1875
5182,119,0.265625
5182,120,0.234375
5182,121,0.3125
5182,122,0.234375
5182,123,0.328125
5182,124,0.359375
5182,125,0.3125
5182,126,0.265625
5182,127,0.28125
5182,128,0.203125
5182,129,0.265625
5182,130,0.3125
5182,131,0.234375
5182,132,0.234375
5182,133,0.125
5182,134,0.1875
5182,135,0.203125
5182,136,0.125
5182,137,0.1875
5182,138,0.234375
5182,139,0.296875
5182,140,0.34375
5182,141,0.296875
5182,142,0.390625
5182,143,0.328125
5182,144,0.296875
5182,145,0.375
5182,146,0.3125
5182,147,0.21875
5182,148,0.171875
5182,149,0.125
5182,150,0.203125
5182,151,0.265625
5182,152,0.34375
5182,153,0.34375
5182,154,0.25
5182,155,0.1875
5182,156,0.140625
5182,157,0.203125
5182,158,0.296875
5182,159,0.390625
5182,160,0.421875
5182,161,0.34375
5182,162,0.296875
5182,163,0.375
5182,164,0.34375
5182,165,0.15625
5182,166,0.1875
5182,167,0.25
5182,168,0.21875
5182,169,0.28125
5182,170,0.4375
5182,171,0.25
5182,172,0.21875
5182,173,0.234375
5182,174,0.28125
5182,175,0.359375
5182,176,0.40625
5182,177,0.34375
5182,178,0.328125
5182,179,0.265625
5182,180,0.296875
5182,181,0.328125
5182,182,0.546875
5182,183,0.21875
5182,184,0.40625
5182,185,0.359375
5182,186,0.265625
5182,187,0.265625
5182,188,0.3125
5182,189,0.25
5182,190,0.296875
5182,191,0.265625
5182,192,0.21875
5182,193,0.25
5182,194,0.296875
5182,195,0.25
5182,196,0.21875
5182,197,0.28125
5182,198,0.375
5182,199,0.28125
5182,200,0.234375
5182,201,0.28125
5182,202,0.34375
5182,203,0.25
5182,204,0.3125
5182,205,0.328125
5182,206,0.390625
5182,207,0.453125
5182,208,0.390625
5182,209,0.421875
5182,210,0.40625
5182,211,0.328125
5182,212,0.34375
5182,213,0.375
5182,214,0.328125
5182,215,0.265625
5182,216,0.1875
5182,217,0.234375
5182,218,0.28125
5182,219,0.234375
5182,220,0.203125
5182,221,0.234375
5182,222,0.1875
5182,223,0.234375
5182,224,0.25
5182,225,0.28125
5182,226,0.359375
5182,227,0.328125
5182,228,0.390625
5182,229,0.21875
5182,230,0.265625
5182,231,0.25
5182,232,0.203125
5182,233,0.234375
5182,234,0.15625
5182,235,0.171875
5182,236,0.203125
5182,237,0.171875
5182,238,0.25
5182,239,0.34375
5182,240,0.375
5182,241,0.4375
5183,0,0.046875
5183,1,0.140625
5183,2,0.25
5183,3,0.140625
5183,4,0.171875
5183,5,0.234375
5183,6,0.171875
5183,7,0.078125
5183,8,0.078125
5183,9,0.125
5183,10,0.1875
5183,11,0.203125
5183,12,0.15625
5183,13,0.21875
5183,14,0.171875
5183,15,0.21875
5183,16,0.21875
5183,17,0.296875
5183,18,0.234375
5183,19,0.1875
5183,20,0.234375
5183,21,0.140625
5183,22,0.078125
5183,23,0.203125
5183,24,0.359375
5183,25,0.265625
5183,26,0.34375
5183,27,0.3125
5183,28,0.25
5183,29,0.15625
5183,30,0.203125
5183,31,0.234375
5183,32,0.234375
5183,33,0.3125
5183,34,0.25
5183,35,0.265625
5183,36,0.203125
5183,37,0.171875
5183,38,0.234375
5183,39,0.15625
5183,40,0.21875
5183,41,0.25
5183,42,0.28125
5183,43,0.21875
5183,44,0.15625
5183,45,0.15625
5183,46,0.25
5183,47,0.140625
5183,48,0.1875
5183,49,0.265625
5183,50,0.328125
5183,51,0.28125
5183,52,0.3125
5183,53,0.375
5183,54,0.3125
5183,55,0.390625
5183,56,0.328125
5183,57,0.3125
5183,58,0.28125
5183,59,0.28125
5183,60,0.25
5183,61,0.1875
5183,62,0.28125
5183,63,0.390625
5183,64,0.3125
5183,65,0.265625
5183,66,0.328125
5183,67,0.265625
5183,68,0.3125
5183,69,0.234375
5183,70,0.296875
5183,71,0.265625
5183,72,0.328125
5183,73,0.25
5183,74,0.265625
5183,75,0.1875
5183,76,0.125
5183,77,0.1875
5183,78,0.25
5183,79,0.21875
5183,80,0.40625
5183,81,0.34375
5183,82,0.390625
5183,83,0.125
5183,84,0.203125
5183,85,0.265625
5183,86,0.3125
5183,87,0.40625
5183,88,0.453125
5183,89,0.4375
5183,90,0.5
5183,91,0.421875
5184,0,0.03125
5184,1,0.0625
5184,2,0.125
5184,3,0.21875
5184,4,0.203125
5184,5,0.171875
5184,6,0.21875
5184,7,0.296875
5184,8,0.203125
5184,9,0.140625
5184,10,0.203125
5184,11,0.234375
5184,12,0.171875
5184,13,0.203125
5184,14,0.296875
5184,15,0.359375
5184,16,0.25
5184,17,0.234375
5184,18,0.328125
5184,19,0.171875
5184,20,0.21875
5184,21,0.125
5184,22,0.171875
5184,23,0.265625
5184,24,0.3125
5184,25,0.359375
5184,26,0.28125
5184,27,0.328125
5184,28,0.359375
5184,29,0.3125
5184,30,0.234375
5184,31,0.28125
5184,32,0.171875
5184,33,0.234375
5184,34,0.28125
5184,35,0.375
5184,36,0.296875
5184,37,0.21875
5184,38,0.1875
5184,39,0.25
5184,40,0.296875
5184,41,0.40625
5184,42,0.34375
5184,43,0.390625
5184,44,0.265625
5184,45,0.34375
5184,46,0.3125
5184,47,0.3125
5184,48,0.40625
5184,49,0.359375
5184,50,0.40625
5184,51,0.328125
5184,52,0.375
5184,53,0.4375
5184,54,0.4375
5184,55,0.28125
5184,56,0.3125
5184,57,0.359375
5184,58,0.3125
5184,59,0.3125
5184,60,0.234375
5184,61,0.28125
5184,62,0.359375
5184,63,0.40625
5184,64,0.328125
5184,65,0.25
5184,66,0.21875
5184,67,0.28125
5184,68,0.28125
5184,69,0.3125
5184,70,0.421875
5184,71,0.5
5184,72,0.4375
5184,73,0.375
5184,74,0.28125
5184,75,0.328125
5184,76,0.515625
5185,0,0.1875
5185,1,0.25
5185,2,0.09375
5185,3,0.1875
5185,4,0.265625
5185,5,0.1875
5185,6,0.265625
5185,7,0.21875
5185,8,0.171875
5185,9,0.21875
5185,10,0.140625
5185,11,0.171875
5185,12,0.1875
5185,13,0.171875
5185,14,0.1875
5185,15,0.265625
5185,16,0.203125
5185,17,0.140625
5185,18,0.359375
5185,19,0.515625
5185,20,0.328125
5185,21,0.21875
5185,22,0.25
5185,23,0.3125
5185,24,0.390625
5185,25,0.296875
5185,26,0.3125
5185,27,0.265625
5185,28,0.203125
5185,29,0.1875
5185,30,0.25
5185,31,0.203125
5185,32,0.25
5185,33,0.3125
5185,34,0.203125
5185,35,0.265625
5185,36,0.328125
5185,37,0.25
5185,38,0.265625
5185,39,0.34375
5185,40,0.234375
5185,41,0.328125
5185,42,0.28125
5185,43,0.34375
5185,44,0.421875
5185,45,0.359375
5185,46,0.34375
5185,47,0.390625
5185,48,0.453125
5185,49,0.359375
5185,50,0.3125
5185,51,0.328125
5185,52,0.28125
5185,53,0.359375
5185,54,0.3125
5185,55,0.421875
5185,56,0.359375
5185,57,0.28125
5185,58,0.1875
5185,59,0.234375
5185,60,0.28125
5185,61,0.421875
5185,62,0.375
5185,63,0.484375
5185,64,0.4375
5185,65,0.375
5186,0,0.1875
5186,1,0.203125
5186,2,0.15625
5186,3,0.203125
5186,4,0.296875
5186,5,0.28125
5186,6,0.21875
5186,7,0.1875
5186,8,0.28125
5186,9,0.359375
5186,10,0.3125
5186,11,0.234375
5186,12,0.34375
5186,13,0.28125
5186,14,0.234375
5186,15,0.28125
5186,16,0.34375
5186,17,0.421875
5186,18,0.34375
5186,19,0.421875
5186,20,0.390625
5186,21,0.46875
5186,22,0.421875
5186,23,0.5
5186,24,0.546875
5187,0,0.09375
5187,1,0.125
5187,2,0.171875
5187,3,0.25
5187,4,0.109375
5187,5,0.15625
5187,6,0.09375
5187,7,0.140625
5187,8,0.078125
5187,9,0.140625
5187,10,0.28125
5187,11,0.234375
5187,12,0.15625
5187,13,0.15625
5187,14,0.078125
5187,15,0.078125
5187,16,0.203125
5187,17,0.359375
5187,18,0.34375
5187,19,0.28125
5187,20,0.34375
5187,21,0.28125
5187,22,0.28125
5187,23,0.359375
5187,24,0.328125
5187,25,0.25
5187,26,0.359375
5187,27,0.484375
5187,28,0.40625
5187,29,0.484375
5187,30,0.5625
5187,31,0.515625
5188,0,0.0625
5188,1,0.125
5188,2,0.1875
5188,3,0.25
5188,4,0.296875
5188,5,0.515625
5188,6,0.578125
5188,7,0.40625
5188,8,0.484375
5188,9,0.421875
5188,10,0.34375
5188,11,0.34375
5188,12,0.265625
5188,13,0.3125
5188,14,0.234375
5188,15,0.296875
5188,16,0.34375
5188,17,0.453125
5188,18,0.53125
5189,0,0.15625
5189,1,0.203125
5189,2,0.328125
5189,3,0.21875
5189,4,0.328125
5189,5,0.140625
5189,6,0.1875
5189,7,0.234375
5189,8,0.265625
5189,9,0.21875
5189,10,0.28125
5189,11,0.3125
5189,12,0.234375
5189,13,0.421875
5189,14,0.34375
5189,15,0.28125
5189,16,0.25
5189,17,0.296875
5189,18,0.359375
5189,19,0.3125
5189,20,0.421875
5189,21,0.40625
5189,22,0.421875
5189,23,0.25
5189,24,0.28125
5189,25,0.34375
5189,26,0.296875
5189,27,0.375
5189,28,0.28125
5189,29,0.390625
5189,30,0.3125
5189,31,0.375
5189,32,0.3125
5189,33,0.25
5189,34,0.125
5189,35,0.171875
5189,36,0.25
5190,0,0.15625
5190,1,0.046875
5190,2,0.140625
5190,3,0.140625
5190,4,0.1875
5190,5,0.09375
5190,6,0.15625
5190,7,0.21875
5190,8,0.203125
5190,9,0.234375
5190,10,0.296875
5190,11,0.3125
5190,12,0.28125
5190,13,0.359375
5190,14,0.28125
5190,15,0.359375
5190,16,0.28125
5190,17,0.5
5190,18,0.421875
5190,19,0.328125
5190,20,0.40625
5190,21,0.359375
5190,22,0.296875
5190,23,0.328125
5190,24,0.265625
5190,25,0.265625
5190,26,0.15625
5190,27,0.21875
5190,28,0.140625
5190,29,0.1875
5190,30,0.25
5190,31,0.265625
5190,32,0.453125
5190,33,0.4375
5190,34,0.34375
5190,35,0.453125
5190,36,0.40625
5190,37,0.375
5190,38,0.453125
5190,39,0.40625
5190,40,0.375
5190,41,0.40625
5190,42,0.375
5190,43,0.5
5191,0,0.203125
5191,1,0.28125
5191,2,0.3125
5191,3,0.265625
5191,4,0.21875
5191,5,0.34375
5191,6,0.265625
5191,7,0.296875
5191,8,0.25
5191,9,0.390625
5192,0,0.1875
5192,1,0.265625
5192,2,0.34375
5192,3,0.390625
5192,4,0.328125
5192,5,0.34375
5192,6,0.25
5192,7,0.359375
5192,8,0.453125
5192,9,0.375
5192,10,0.171875
5192,11,0.25
5192,12,0.296875
5192,13,0.234375
5192,14,0.234375
5192,15,0.3125
5192,16,0.25
5192,17,0.328125
5192,18,0.1875
5192,19,0.234375
5192,20,0.25
5192,21,0.171875
5192,22,0.234375
5192,23,0.203125
5192,24,0.171875
5192,25,0.21875
5192,26,0.15625
5192,27,0.203125
5192,28,0.140625
5192,29,0.21875
5192,30,0.15625
5192,31,0.25
5192,32,0.359375
5192,33,0.296875
5192,34,0.203125
5192,35,0.234375
5192,36,0.296875
5192,37,0.265625
5192,38,0.296875
5192,39,0.21875
5192,40,0.265625
5192,41,0.34375
5192,42,0.265625
5192,43,0.21875
5192,44,0.28125
5192,45,0.234375
5192,46,0.28125
5192,47,0.34375
5192,48,0.25
5192,49,0.3125
5192,50,0.3125
5192,51,0.359375
5192,52,0.328125
5192,53,0.234375
5192,54,0.3125
5192,55,0.40625
5192,56,0.453125
5192,57,0.359375
5192,58,0.28125
5192,59,0.34375
5192,60,0.234375
5192,61,0.234375
5192,62,0.15625
5192,63,0.25
5192,64,0.203125
5192,65,0.296875
5192,66,0.234375
5192,67,0.203125
5192,68,0.28125
5192,69,0.34375
5192,70,0.265625
5192,71,0.34375
5192,72,0.25
5192,73,0.34375
5192,74,0.578125
5193,0,0.203125
5193,1,0.28125
5193,2,0.171875
5193,3,0.25
5193,4,0.265625
5193,5,0.375
5193,6,0.203125
5193,7,0.25
5193,8,0.265625
5193,9,0.359375
5193,10,0.3125
5193,11,0.390625
5193,12,0.328125
5193,13,0.3125
5193,14,0.234375
5193,15,0.359375
5193,16,0.40625
5194,0,0.09375
5194,1,0.265625
5194,2,0.203125
5194,3,0.21875
5194,4,0.21875
5194,5,0.15625
5194,6,0.296875
5194,7,0.25
5194,8,0.265625
5194,9,0.296875
5194,10,0.234375
5194,11,0.21875
5194,12,0.28125
5194,13,0.390625
5194,14,0.40625
5194,15,0.34375
5194,16,0.40625
5194,17,0.46875
5194,18,0.25
5194,19,0.203125
5194,20,0.3125
5194,21,0.28125
5194,22,0.203125
5194,23,0.25
5194,24,0.3125
5194,25,0.40625
5194,26,0.4375
5194,27,0.53125
5194,28,0.34375
5194,29,0.40625
5194,30,0.328125
5194,31,0.40625
5194,32,0.46875
5194,33,0.421875
5194,34,0.34375
5194,35,0.3125
5194,36,0.359375
5194,37,0.15625
5194,38,0.21875
5194,39,0.3125
5194,40,0.234375
5194,41,0.265625
5194,42,0.28125
5194,43,0.234375
5194,44,0.15625
5194,45,0.109375
5194,46,0.125
5194,47,0.09375
5194,48,0.171875
5194,49,0.15625
5194,50,0.078125
5194,51,0.1875
5194,52,0.125
5194,53,0.203125
5194,54,0.28125
5194,55,0.25
5194,56,0.203125
5194,57,0.265625
5194,58,0.3125
5194,59,0.375
5194,60,0.328125
5194,61,0.28125
5194,62,0.375
5194,63,0.421875
5195,0,0.046875
5195,1,0.078125
5195,2,0.140625
5195,3,0.28125
5195,4,0.25
5195,5,0.328125
5195,6,0.375
5195,7,0.1875
5195,8,0.25
5195,9,0.328125
5195,10,0.359375
5195,11,0.34375
5195,12,0.28125
5195,13,0.28125
5195,14,0.3125
5195,15,0.375
5195,16,0.3125
5195,17,0.234375
5195,18,0.421875
5195,19,0.359375
5195,20,0.34375
5195,21,0.296875
5195,22,0.328125
5195,23,0.28125
5195,24,0.421875
5195,25,0.390625
5195,26,0.359375
5195,27,0.375
5195,28,0.3125
5195,29,0.3125
5195,30,0.40625
5196,0,0.203125
5196,1,0.28125
5196,2,0.296875
5196,3,0.328125
5196,4,0.265625
5196,5,0.328125
5196,6,0.265625
5196,7,0.34375
5196,8,0.328125
5196,9,0.359375
5196,10,0.46875
5196,11,0.40625
5196,12,0.328125
5196,13,0.40625
5196,14,0.3125
5196,15,0.265625
5196,16,0.21875
5196,17,0.296875
5196,18,0.234375
5196,19,0.375
5196,20,0.296875
5196,21,0.234375
5196,22,0.28125
5196,23,0.328125
5196,24,0.234375
5196,25,0.25
5196,26,0.21875
5196,27,0.28125
5196,28,0.203125
5196,29,0.140625
5196,30,0.1875
5196,31,0.234375
5196,32,0.1875
5196,33,0.265625
5196,34,0.265625
5196,35,0.265625
5196,36,0.359375
5196,37,0.296875
5196,38,0.234375
5196,39,0.28125
5196,40,0.34375
5196,41,0.296875
5196,42,0.21875
5196,43,0.28125
5196,44,0.3125
5196,45,0.265625
5196,46,0.5
5196,47,0.296875
5196,48,0.359375
5196,49,0.46875
5196,50,0.3125
5196,51,0.234375
5196,52,0.328125
5196,53,0.34375
5196,54,0.421875
5196,55,0.265625
5196,56,0.328125
5196,57,0.203125
5196,58,0.265625
5196,59,0.34375
5196,60,0.375
5196,61,0.328125
5196,62,0.40625
5196,63,0.3125
5196,64,0.265625
5196,65,0.1875
5196,66,0.25
5196,67,0.3125
5196,68,0.234375
5196,69,0.265625
5196,70,0.3125
5196,71,0.25
5196,72,0.265625
5196,73,0.328125
5196,74,0.375
5196,75,0.3125
5196,76,0.390625
5196,77,0.3125
5196,78,0.328125
5196,79,0.25
5196,80,0.28125
5196,81,0.234375
5196,82,0.203125
5196,83,0.296875
5196,84,0.21875
5196,85,0.296875
5196,86,0.234375
5196,87,0.328125
5196,88,0.265625
5196,89,0.265625
5196,90,0.203125
5196,91,0.1875
5196,92,0.140625
5196,93,0.1875
5196,94,0.265625
5196,95,0.25
5196,96,0.265625
5196,97,0.3125
5196,98,0.390625
5196,99,0.34375
5196,100,0.421875
5196,101,0.46875
5196,102,0.4375
5196,103,0.359375
5196,104,0.421875
5196,105,0.328125
5196,106,0.265625
5196,107,0.3125
5196,108,0.265625
5196,109,0.421875
5196,110,0.484375
5196,111,0.40625
5196,112,0.359375
5196,113,0.421875
5196,114,0.609375
5197,0,0.078125
5197,1,0.109375
5197,2,0.171875
5197,3,0.21875
5197,4,0.28125
5197,5,0.34375
5197,6,0.390625
5197,7,0.296875
5197,8,0.34375
5197,9,0.25
5197,10,0.296875
5197,11,0.359375
5197,12,0.296875
5198,0,0.078125
5198,1,0.234375
5198,2,0.171875
5198,3,0.234375
5198,4,0.125
5198,5,0.140625
5198,6,0.171875
5198,7,0.078125
5198,8,0.15625
5198,9,0.234375
5198,10,0.3125
5198,11,0.296875
5198,12,0.21875
5198,13,0.265625
5198,14,0.3125
5198,15,0.25
5198,16,0.171875
5198,17,0.25
5198,18,0.28125
5198,19,0.203125
5198,20,0.140625
5198,21,0.203125
5198,22,0.296875
5198,23,0.328125
5198,24,0.28125
5198,25,0.171875
5198,26,0.28125
5198,27,0.25
5198,28,0.21875
5198,29,0.234375
5198,30,0.140625
5198,31,0.1875
5198,32,0.328125
5198,33,0.09375
5198,34,0.15625
5198,35,0.171875
5198,36,0.1875
5198,37,0.234375
5198,38,0.265625
5198,39,0.421875
5198,40,0.3125
5198,41,0.265625
5198,42,0.1875
5198,43,0.1875
5198,44,0.203125
5198,45,0.265625
5198,46,0.328125
5198,47,0.25
5198,48,0.21875
5198,49,0.21875
5198,50,0.1875
5198,51,0.359375
5198,52,0.421875
5198,53,0.40625
5198,54,0.484375
5198,55,0.453125
5198,56,0.328125
5198,57,0.390625
5198,58,0.421875
5198,59,0.34375
5198,60,0.4375
5198,61,0.375
5198,62,0.28125
5198,63,0.28125
5198,64,0.34375
5198,65,0.234375
5198,66,0.40625
5198,67,0.296875
5198,68,0.375
5198,69,0.390625
5198,70,0.4375
5198,71,0.265625
5198,72,0.328125
5198,73,0.375
5198,74,0.390625
5198,75,0.328125
5198,76,0.375
5198,77,0.296875
5198,78,0.28125
5198,79,0.234375
5198,80,0.265625
5198,81,0.203125
5198,82,0.25
5198,83,0.203125
5198,84,0.140625
5198,85,0.15625
5198,86,0.21875
5198,87,0.28125
5198,88,0.21875
5198,89,0.234375
5198,90,0.140625
5198,91,0.25
5198,92,0.1875
5198,93,0.234375
5198,94,0.21875
5198,95,0.3125
5198,96,0.234375
5198,97,0.203125
5198,98,0.140625
5198,99,0.1875
5198,100,0.125
5198,101,0.15625
5198,102,0.21875
5198,103,0.15625
5198,104,0.21875
5198,105,0.296875
5198,106,0.359375
5198,107,0.296875
5198,108,0.234375
5198,109,0.265625
5198,110,0.234375
5198,111,0.21875
5198,112,0.171875
5198,113,0.21875
5198,114,0.265625
5198,115,0.109375
5198,116,0.15625
5198,117,0.234375
5198,118,0.3125
5198,119,0.375
5198,120,0.40625
5198,121,0.296875
5198,122,0.25
5198,123,0.203125
5198,124,0.15625
5198,125,0.234375
5198,126,0.234375
5198,127,0.296875
5198,128,0.375
5198,129,0.265625
5198,130,0.21875
5198,131,0.328125
5198,132,0.171875
5198,133,0.28125
5198,134,0.40625
5198,135,0.234375
5198,136,0.375
5198,137,0.265625
5198,138,0.21875
5198,139,0.296875
5198,140,0.34375
5198,141,0.390625
5198,142,0.328125
5198,143,0.265625
5198,144,0.359375
5198,145,0.296875
5198,146,0.453125
5198,147,0.328125
5198,148,0.34375
5198,149,0.28125
5198,150,0.25
5198,151,0.25
5198,152,0.296875
5198,153,0.34375
5198,154,0.203125
5198,155,0.28125
5198,156,0.25
5198,157,0.28125
5198,158,0.375
5198,159,0.453125
5198,160,0.265625
5198,161,0.328125
5198,162,0.296875
5198,163,0.296875
5198,164,0.234375
5198,165,0.3125
5198,166,0.265625
5198,167,0.34375
5198,168,0.234375
5198,169,0.328125
5198,170,0.25
5198,171,0.25
5198,172,0.328125
5198,173,0.296875
5198,174,0.25
5198,175,0.171875
5198,176,0.25
5198,177,0.25
5198,178,0.296875
5198,179,0.234375
5198,180,0.28125
5198,181,0.34375
5198,182,0.28125
5198,183,0.21875
5198,184,0.40625
5198,185,0.46875
5198,186,0.40625
5198,187,0.34375
5198,188,0.546875
5199,0,0.1875
5199,1,0.3125
5199,2,0.140625
5199,3,0.09375
5199,4,0.296875
5199,5,0.25
5199,6,0.3125
5199,7,0.25
5199,8,0.203125
5199,9,0.171875
5199,10,0.25
5199,11,0.25
5199,12,0.140625
5199,13,0.1875
5199,14,0.25
5199,15,0.3125
5199,16,0.453125
5199,17,0.40625
5199,18,0.375
5199,19,0.296875
5199,20,0.375
5199,21,0.515625
5199,22,0.484375
5199,23,0.34375
5199,24,0.265625
5199,25,0.28125
5199,26,0.40625
5199,27,0.296875
5199,28,0.421875
5199,29,0.359375
5199,30,0.40625
5199,31,0.21875
5199,32,0.140625
5199,33,0.171875
5199,34,0.203125
5199,35,0.265625
5199,36,0.328125
5199,37,0.390625
5199,38,0.296875
5199,39,0.25
5199,40,0.359375
5199,41,0.328125
5199,42,0.28125
5199,43,0.1875
5199,44,0.125
5199,45,0.109375
5199,46,0.234375
5199,47,0.265625
5199,48,0.1875
5199,49,0.265625
5199,50,0.265625
5199,51,0.3125
5199,52,0.25
5199,53,0.203125
5199,54,0.171875
5199,55,0.234375
5199,56,0.28125
5199,57,0.25
5199,58,0.234375
5199,59,0.3125
5199,60,0.25
5199,61,0.328125
5199,62,0.359375
5199,63,0.296875
5199,64,0.328125
5199,65,0.390625
5199,66,0.453125
5199,67,0.421875
5199,68,0.34375
5199,69,0.28125
5199,70,0.1875
5199,71,0.28125
5199,72,0.25
5199,73,0.234375
5199,74,0.1875
5199,75,0.25
5199,76,0.328125
5199,77,0.40625
5199,78,0.34375
5199,79,0.421875
5200,0,0.140625
5200,1,0.171875
5200,2,0.21875
5200,3,0.265625
5200,4,0.28125
5200,5,0.234375
5200,6,0.171875
5200,7,0.203125
5200,8,0.265625
5200,9,0.3125
5200,10,0.25
5200,11,0.3125
5200,12,0.34375
5200,13,0.40625
5200,14,0.390625
5200,15,0.4375
5200,16,0.234375
5200,17,0.28125
5200,18,0.359375
5200,19,0.3125
5200,20,0.171875
5200,21,0.234375
5200,22,0.296875
5200,23,0.1875
5200,24,0.28125
5200,25,0.265625
5200,26,0.34375
5200,27,0.421875
5200,28,0.359375
5200,29,0.421875
5200,30,0.359375
5200,31,0.421875
5200,32,0.484375
5200,33,0.5625
5200,34,0.390625
5200,35,0.46875
5200,36,0.390625
5200,37,0.328125
5200,38,0.25
5200,39,0.28125
5200,40,0.234375
5200,41,0.3125
5200,42,0.25
5200,43,0.15625
5200,44,0.34375
5200,45,0.34375
5200,46,0.265625
5200,47,0.203125
5200,48,0.265625
5200,49,0.359375
5200,50,0.3125
5200,51,0.265625
5200,52,0.1875
5200,53,0.25
5200,54,0.15625
5200,55,0.15625
5200,56,0.234375
5200,57,0.234375
5200,58,0.328125
5200,59,0.28125
5200,60,0.203125
5200,61,0.1875
5200,62,0.328125
5200,63,0.40625
5200,64,0.34375
5200,65,0.28125
5200,66,0.3125
5200,67,0.3125
5200,68,0.296875
5200,69,0.3125
5200,70,0.28125
5200,71,0.21875
5200,72,0.296875
5200,73,0.203125
5200,74,0.234375
5200,75,0.296875
5200,76,0.484375
5201,0,0.171875
5201,1,0.203125
5201,2,0.234375
5201,3,0.25
5201,4,0.1875
5201,5,0.25
5201,6,0.21875
5201,7,0.265625
5201,8,0.234375
5201,9,0.15625
5201,10,0.171875
5201,11,0.109375
5201,12,0.28125
5201,13,0.171875
5201,14,0.234375
5201,15,0.296875
5201,16,0.34375
5201,17,0.234375
5201,18,0.296875
5201,19,0.234375
5201,20,0.296875
5201,21,0.28125
5201,22,0.359375
5201,23,0.28125
5201,24,0.203125
5201,25,0.25
5201,26,0.203125
5201,27,0.296875
5201,28,0.234375
5201,29,0.28125
5201,30,0.21875
5201,31,0.140625
5201,32,0.203125
5201,33,0.28125
5201,34,0.25
5201,35,0.3125
5201,36,0.34375
5201,37,0.53125
5201,38,0.34375
5201,39,0.3125
5201,40,0.359375
5201,41,0.296875
5201,42,0.234375
5201,43,0.140625
5201,44,0.203125
5201,45,0.234375
5201,46,0.3125
5201,47,0.375
5201,48,0.3125
5201,49,0.359375
5201,50,0.296875
5201,51,0.375
5201,52,0.1875
5201,53,0.203125
5201,54,0.15625
5201,55,0.234375
5201,56,0.3125
5201,57,0.375
5201,58,0.328125
5201,59,0.28125
5201,60,0.21875
5201,61,0.28125
5201,62,0.1875
5201,63,0.140625
5201,64,0.21875
5201,65,0.21875
5201,66,0.28125
5201,67,0.1875
5201,68,0.234375
5201,69,0.3125
5201,70,0.25
5201,71,0.296875
5201,72,0.203125
5201,73,0.234375
5201,74,0.28125
5201,75,0.359375
5201,76,0.40625
5201,77,0.296875
5201,78,0.359375
5201,79,0.25
5201,80,0.3125
5201,81,0.359375
5201,82,0.421875
5201,83,0.34375
5201,84,0.296875
5201,85,0.34375
5201,86,0.375
5201,87,0.3125
5201,88,0.265625
5201,89,0.375
5201,90,0.34375
5201,91,0.296875
5201,92,0.328125
5201,93,0.296875
5201,94,0.3125
5201,95,0.25
5201,96,0.25
5201,97,0.359375
5201,98,0.34375
5201,99,0.296875
5201,100,0.359375
5201,101,0.296875
5201,102,0.234375
5201,103,0.265625
5201,104,0.3125
5201,105,0.375
5201,106,0.453125
5201,107,0.53125
5201,108,0.328125
5201,109,0.3125
5201,110,0.375
5201,111,0.3125
5201,112,0.453125
5202,0,0.1875
5202,1,0.109375
5202,2,0.171875
5202,3,0.15625
5202,4,0.25
5202,5,0.1875
5202,6,0.25
5202,7,0.140625
5202,8,0.203125
5202,9,0.28125
5202,10,0.34375
5202,11,0.25
5202,12,0.3125
5202,13,0.25
5202,14,0.1875
5202,15,0.25
5202,16,0.3125
5202,17,0.34375
5202,18,0.4375
5202,19,0.34375
5202,20,0.296875
5202,21,0.140625
5202,22,0.1875
5202,23,0.140625
5202,24,0.1875
5202,25,0.25
5202,26,0.265625
5202,27,0.34375
5202,28,0.296875
5202,29,0.34375
5202,30,0.40625
5202,31,0.34375
5202,32,0.390625
5202,33,0.375
5202,34,0.296875
5202,35,0.21875
5202,36,0.25
5202,37,0.171875
5202,38,0.203125
5202,39,0.296875
5202,40,0.203125
5202,41,0.3125
5202,42,0.359375
5202,43,0.3125
5202,44,0.265625
5202,45,0.296875
5202,46,0.25
5202,47,0.28125
5202,48,0.21875
5202,49,0.265625
5202,50,0.359375
5202,51,0.28125
5202,52,0.1875
5202,53,0.328125
5202,54,0.15625
5202,55,0.21875
5202,56,0.296875
5202,57,0.34375
5202,58,0.40625
5202,59,0.34375
5202,60,0.3125
5202,61,0.234375
5202,62,0.265625
5202,63,0.390625
5202,64,0.40625
5202,65,0.484375
5202,66,0.671875
5202,67,0.46875
5202,68,0.390625
5202,69,0.328125
5202,70,0.265625
5202,71,0.359375
5202,72,0.375
5202,73,0.3125
5202,74,0.40625
5202,75,0.484375
5202,76,0.421875
5202,77,0.359375
5202,78,0.390625
5202,79,0.3125
5202,80,0.1875
5202,81,0.28125
5202,82,0.28125
5202,83,0.359375
5202,84,0.390625
5202,85,0.390625
5202,86,0.265625
5202,87,0.171875
5202,88,0.203125
5202,89,0.171875
5202,90,0.34375
5202,91,0.421875
5202,92,0.265625
5202,93,0.328125
5202,94,0.234375
5202,95,0.25
5202,96,0.21875
5202,97,0.25
5202,98,0.25
5202,99,0.171875
5202,100,0.203125
5202,101,0.265625
5202,102,0.34375
5202,103,0.3125
5202,104,0.359375
5202,105,0.265625
5202,106,0.265625
5202,107,0.296875
5202,108,0.203125
5202,109,0.265625
5202,110,0.328125
5202,111,0.25
5202,112,0.328125
5202,113,0.265625
5202,114,0.15625
5202,115,0.265625
5202,116,0.3125
5202,117,0.25
5202,118,0.28125
5202,119,0.390625
5202,120,0.328125
5202,121,0.234375
5202,122,0.234375
5202,123,0.3125
5202,124,0.28125
5202,125,0.328125
5202,126,0.34375
5202,127,0.28125
5202,128,0.234375
5202,129,0.28125
5202,130,0.171875
5202,131,0.296875
5202,132,0.25
5202,133,0.171875
5202,134,0.234375
5202,135,0.296875
5202,136,0.234375
5202,137,0.203125
5202,138,0.25
5202,139,0.34375
5202,140,0.28125
5202,141,0.203125
5202,142,0.265625
5202,143,0.328125
5202,144,0.390625
5202,145,0.375
5202,146,0.234375
5202,147,0.28125
5202,148,0.296875
5202,149,0.34375
5202,150,0.484375
5202,151,0.46875
5202,152,0.375
5202,153,0.28125
5202,154,0.25
5202,155,0.28125
5202,156,0.34375
5202,157,0.40625
5202,158,0.359375
5202,159,0.28125
5202,160,0.203125
5202,161,0.28125
5202,162,0.296875
5202,163,0.390625
5202,164,0.296875
5202,165,0.40625
5202,166,0.21875
5202,167,0.3125
5202,168,0.265625
5202,169,0.1875
5202,170,0.234375
5202,171,0.171875
5202,172,0.1875
5202,173,0.203125
5202,174,0.15625
5202,175,0.15625
5202,176,0.171875
5202,177,0.234375
5202,178,0.296875
5202,179,0.21875
5202,180,0.28125
5202,181,0.28125
5202,182,0.265625
5202,183,0.15625
5202,184,0.203125
5202,185,0.21875
5202,186,0.140625
5202,187,0.203125
5202,188,0.359375
5202,189,0.15625
5202,190,0.21875
5202,191,0.296875
5202,192,0.296875
5202,193,0.25
5202,194,0.25
5202,195,0.203125
5202,196,0.1875
5202,197,0.21875
5202,198,0.28125
5202,199,0.375
5202,200,0.4375
5202,201,0.375
5202,202,0.3125
5202,203,0.265625
5202,204,0.21875
5202,205,0.234375
5202,206,0.296875
5202,207,0.375
5202,208,0.296875
5202,209,0.296875
5202,210,0.390625
5202,211,0.34375
5202,212,0.40625
5202,213,0.234375
5202,214,0.296875
5202,215,0.359375
5202,216,0.265625
5202,217,0.3125
5202,218,0.21875
5202,219,0.28125
5202,220,0.203125
5202,221,0.171875
5202,222,0.171875
5202,223,0.21875
5202,224,0.1875
5202,225,0.21875
5202,226,0.3125
5202,227,0.265625
5202,228,0.203125
5202,229,0.265625
5202,230,0.171875
5202,231,0.21875
5202,232,0.234375
5202,233,0.28125
5202,234,0.1875
5202,235,0.109375
5202,236,0.171875
5202,237,0.140625
5202,238,0.21875
5202,239,0.3125
5202,240,0.25
5202,241,0.328125
5202,242,0.1875
5202,243,0.25
5202,244,0.28125
5202,245,0.421875
5202,246,0.34375
5202,247,0.234375
5202,248,0.234375
5202,249,0.3125
5202,250,0.265625
5202,251,0.46875
5202,252,0.40625
5202,253,0.4375
5202,254,0.390625
5203,0,0.1875
5203,1,0.15625
5203,2,0.09375
5203,3,0.15625
5203,4,0.203125
5203,5,0.15625
5203,6,0.203125
5203,7,0.28125
5203,8,0.34375
5203,9,0.25
5203,10,0.21875
5203,11,0.3125
5203,12,0.234375
5203,13,0.328125
5203,14,0.25
5203,15,0.171875
5203,16,0.1875
5203,17,0.25
5203,18,0.15625
5203,19,0.234375
5203,20,0.390625
5203,21,0.46875
5203,22,0.375
5203,23,0.359375
5203,24,0.328125
5203,25,0.359375
5203,26,0.3125
5203,27,0.28125
5203,28,0.265625
5203,29,0.21875
5203,30,0.265625
5203,31,0.1875
5203,32,0.25
5203,33,0.328125
5203,34,0.46875
5203,35,0.390625
5203,36,0.328125
5203,37,0.375
5203,38,0.40625
5203,39,0.359375
5203,40,0.328125
5203,41,0.359375
5203,42,0.28125
5203,43,0.21875
5203,44,0.1875
5203,45,0.21875
5203,46,0.390625
5203,47,0.3125
5203,48,0.328125
5203,49,0.265625
5203,50,0.3125
5203,51,0.265625
5203,52,0.171875
5203,53,0.265625
5203,54,0.171875
5203,55,0.09375
5203,56,0.171875
5203,57,0.21875
5203,58,0.25
5203,59,0.265625
5203,60,0.1875
5203,61,0.1875
5203,62,0.203125
5203,63,0.265625
5203,64,0.234375
5203,65,0.171875
5203,66,0.234375
5203,67,0.25
5203,68,0.28125
5203,69,0.21875
5203,70,0.265625
5203,71,0.3125
5203,72,0.234375
5203,73,0.28125
5203,74,0.34375
5203,75,0.4375
5203,76,0.375
5203,77,0.28125
5203,78,0.265625
5203,79,0.1875
5203,80,0.109375
5203,81,0.171875
5203,82,0.203125
5203,83,0.265625
5203,84,0.328125
5203,85,0.296875
5203,86,0.390625
5203,87,0.3125
5203,88,0.359375
5203,89,0.359375
5203,90,0.203125
5203,91,0.296875
5203,92,0.359375
5203,93,0.34375
5203,94,0.28125
5203,95,0.21875
5203,96,0.109375
5203,97,0.1875
5203,98,0.3125
5203,99,0.25
5203,100,0.125
5203,101,0.15625
5203,102,0.25
5203,103,0.171875
5203,104,0.21875
5203,105,0.28125
5203,106,0.375
5203,107,0.484375
5203,108,0.40625
5203,109,0.359375
5203,110,0.1875
5203,111,0.25
5203,112,0.328125
5203,113,0.234375
5203,114,0.234375
5203,115,0.125
5203,116,0.203125
5203,117,0.265625
5203,118,0.3125
5203,119,0.40625
5203,120,0.265625
5203,121,0.328125
5203,122,0.28125
5203,123,0.234375
5203,124,0.28125
5203,125,0.40625
5203,126,0.4375
5203,127,0.234375
5203,128,0.234375
5203,129,0.296875
5203,130,0.25
5203,131,0.265625
5203,132,0.0625
5203,133,0.1875
5203,134,0.375
5203,135,0.234375
5203,136,0.296875
5203,137,0.203125
5203,138,0.21875
5203,139,0.265625
5203,140,0.3125
5203,141,0.28125
5203,142,0.203125
5203,143,0.234375
5203,144,0.328125
5203,145,0.296875
5203,146,0.34375
5203,147,0.296875
5203,148,0.375
5203,149,0.34375
5203,150,0.296875
5203,151,0.25
5203,152,0.3125
5203,153,0.375
5203,154,0.3125
5203,155,0.390625
5203,156,0.21875
5203,157,0.28125
5203,158,0.296875
5203,159,0.421875
5203,160,0.296875
5203,161,0.21875
5203,162,0.34375
5203,163,0.3125
5203,164,0.390625
5203,165,0.40625
5203,166,0.3125
5203,167,0.390625
5203,168,0.234375
5203,169,0.28125
5203,170,0.375
5203,171,0.328125
5203,172,0.234375
5203,173,0.328125
5203,174,0.34375
5203,175,0.234375
5203,176,0.359375
5203,177,0.265625
5203,178,0.21875
5203,179,0.203125
5203,180,0.140625
5203,181,0.234375
5203,182,0.203125
5203,183,0.234375
5203,184,0.109375
5203,185,0.15625
5203,186,0.078125
5203,187,0.296875
5203,188,0.21875
5203,189,0.265625
5203,190,0.3125
5203,191,0.25
5203,192,0.125
5203,193,0.203125
5203,194,0.34375
5203,195,0.28125
5203,196,0.1875
5203,197,0.265625
5203,198,0.25
5203,199,0.296875
5203,200,0.1875
5203,201,0.21875
5203,202,0.28125
5203,203,0.4375
5203,204,0.375
5203,205,0.296875
5203,206,0.359375
5203,207,0.5
5204,0,0.078125
5204,1,0.171875
5204,2,0.078125
5204,3,0.1875
5204,4,0.265625
5204,5,0.328125
5204,6,0.328125
5204,7,0.265625
5204,8,0.28125
5204,9,0.453125
5204,10,0.4375
5204,11,0.515625
5204,12,0.453125
5204,13,0.390625
5204,14,0.328125
5204,15,0.375
5204,16,0.359375
5204,17,0.328125
5204,18,0.140625
5204,19,0.1875
5204,20,0.25
5204,21,0.203125
5204,22,0.25
5204,23,0.40625
5204,24,0.296875
5204,25,0.25
5204,26,0.34375
5204,27,0.265625
5204,28,0.3125
5204,29,0.375
5204,30,0.234375
5204,31,0.28125
5204,32,0.34375
5204,33,0.234375
5204,34,0.15625
5204,35,0.109375
5204,36,0.171875
5204,37,0.1875
5204,38,0.125
5204,39,0.21875
5204,40,0.25
5204,41,0.296875
5204,42,0.203125
5204,43,0.28125
5204,44,0.234375
5204,45,0.28125
5204,46,0.375
5204,47,0.328125
5204,48,0.25
5204,49,0.21875
5204,50,0.203125
5204,51,0.25
5204,52,0.359375
5204,53,0.15625
5204,54,0.25
5204,55,0.203125
5204,56,0.265625
5204,57,0.328125
5204,58,0.390625
5204,59,0.328125
5204,60,0.140625
5204,61,0.21875
5204,62,0.3125
5204,63,0.109375
5204,64,0.203125
5204,65,0.296875
5204,66,0.25
5204,67,0.328125
5204,68,0.28125
5204,69,0.46875
5204,70,0.421875
5204,71,0.375
5204,72,0.34375
5204,73,0.28125
5204,74,0.328125
5204,75,0.296875
5204,76,0.359375
5204,77,0.28125
5204,78,0.328125
5204,79,0.28125
5204,80,0.3125
5204,81,0.265625
5204,82,0.359375
5204,83,0.3125
5204,84,0.34375
5204,85,0.40625
5204,86,0.46875
5204,87,0.40625
5204,88,0.421875
5204,89,0.34375
5204,90,0.28125
5204,91,0.34375
5204,92,0.21875
5204,93,0.25
5204,94,0.265625
5204,95,0.21875
5204,96,0.171875
5204,97,0.234375
5204,98,0.171875
5204,99,0.203125
5204,100,0.296875
5204,101,0.375
5204,102,0.3125
5204,103,0.28125
5204,104,0.203125
5204,105,0.234375
5204,106,0.328125
5204,107,0.25
5204,108,0.3125
5204,109,0.140625
5204,110,0.171875
5204,111,0.234375
5204,112,0.21875
5204,113,0.28125
5204,114,0.21875
5204,115,0.328125
5204,116,0.390625
5205,0,0.109375
5205,1,0.1875
5205,2,0.203125
5205,3,0.140625
5205,4,0.234375
5205,5,0.109375
5205,6,0.25
5205,7,0.171875
5205,8,0.25
5205,9,0.3125
5205,10,0.21875
5205,11,0.234375
5205,12,0.25
5205,13,0.453125
5205,14,0.296875
5205,15,0.359375
5205,16,0.359375
5205,17,0.171875
5205,18,0.28125
5205,19,0.3125
5205,20,0.375
5205,21,0.4375
5205,22,0.515625
5205,23,0.46875
5205,24,0.34375
5205,25,0.375
5205,26,0.421875
5205,27,0.359375
5205,28,0.296875
5205,29,0.421875
5205,30,0.375
5205,31,0.453125
5206,0,0.125
5206,1,0.046875
5206,2,0.1875
5206,3,0.140625
5206,4,0.15625
5206,5,0.234375
5206,6,0.296875
5206,7,0.328125
5206,8,0.25
5206,9,0.328125
5206,10,0.28125
5206,11,0.34375
5206,12,0.375
5206,13,0.3125
5206,14,0.375
5206,15,0.390625
5206,16,0.328125
5206,17,0.375
5206,18,0.34375
5206,19,0.328125
5206,20,0.375
5206,21,0.421875
5206,22,0.34375
5206,23,0.21875
5206,24,0.296875
5206,25,0.359375
5206,26,0.375
5206,27,0.265625
5206,28,0.3125
5206,29,0.296875
5206,30,0.390625
5206,31,0.40625
5206,32,0.59375
5206,33,0.375
5206,34,0.46875
5206,35,0.390625
5206,36,0.328125
5206,37,0.25
5206,38,0.171875
5206,39,0.234375
5206,40,0.28125
5206,41,0.1875
5206,42,0.25
5206,43,0.171875
5206,44,0.234375
5206,45,0.265625
5206,46,0.28125
5206,47,0.265625
5206,48,0.359375
5206,49,0.1875
5206,50,0.25
5206,51,0.21875
5206,52,0.25
5206,53,0.28125
5206,54,0.328125
5206,55,0.40625
5206,56,0.328125
5206,57,0.1875
5206,58,0.234375
5206,59,0.21875
5206,60,0.40625
5206,61,0.59375
5206,62,0.375
5206,63,0.390625
5206,64,0.3125
5206,65,0.28125
5206,66,0.234375
5206,67,0.328125
5206,68,0.375
5206,69,0.3125
5206,70,0.359375
5206,71,0.34375
5206,72,0.484375
5206,73,0.296875
5206,74,0.28125
5206,75,0.265625
5206,76,0.234375
5206,77,0.28125
5206,78,0.203125
5206,79,0.296875
5206,80,0.1875
5206,81,0.25
5206,82,0.328125
5206,83,0.21875
5206,84,0.296875
5206,85,0.328125
5206,86,0.234375
5206,87,0.078125
5206,88,0.09375
5206,89,0.171875
5206,90,0.078125
5206,91,0.140625
5206,92,0.21875
5206,93,0.171875
5206,94,0.1875
5206,95,0.125
5206,96,0.171875
5206,97,0.171875
5206,98,0.25
5206,99,0.328125
5206,100,0.265625
5206,101,0.34375
5206,102,0.40625
5206,103,0.328125
5206,104,0.359375
5206,105,0.328125
5206,106,0.359375
5206,107,0.421875
5206,108,0.34375
5206,109,0.265625
5206,110,0.203125
5206,111,0.234375
5206,112,0.15625
5206,113,0.203125
5206,114,0.28125
5206,115,0.453125
5206,116,0.390625
5206,117,0.28125
5206,118,0.25
5206,119,0.3125
5206,120,0.25
5206,121,0.1875
5206,122,0.234375
5206,123,0.25
5206,124,0.328125
5206,125,0.21875
5206,126,0.28125
5206,127,0.296875
5206,128,0.3125
5206,129,0.265625
5206,130,0.34375
5206,131,0.390625
5206,132,0.359375
5206,133,0.21875
5206,134,0.234375
5206,135,0.125
5206,136,0.1875
5206,137,0.28125
5206,138,0.203125
5206,139,0.1875
5206,140,0.234375
5206,141,0.203125
5206,142,0.15625
5206,143,0.203125
5206,144,0.140625
5206,145,0.203125
5206,146,0.25
5206,147,0.1875
5206,148,0.234375
5206,149,0.15625
5206,150,0.25
5206,151,0.234375
5206,152,0.296875
5206,153,0.359375
5207,0,0.15625
5207,1,0.046875
5207,2,0.1875
5207,3,0.25
5207,4,0.359375
5207,5,0.171875
5207,6,0.234375
5207,7,0.265625
5207,8,0.34375
5207,9,0.15625
5207,10,0.234375
5207,11,0.34375
5207,12,0.421875
5207,13,0.421875
5207,14,0.28125
5207,15,0.3125
5207,16,0.25
5207,17,0.21875
5207,18,0.296875
5207,19,0.265625
5207,20,0.109375
5207,21,0.203125
5207,22,0.125
5207,23,0.1875
5207,24,0.25
5207,25,0.28125
5207,26,0.359375
5207,27,0.46875
5207,28,0.421875
5207,29,0.25
5207,30,0.296875
5207,31,0.46875
5207,32,0.484375
5207,33,0.421875
5207,34,0.390625
5207,35,0.34375
5207,36,0.265625
5207,37,0.390625
5207,38,0.3125
5207,39,0.5
5207,40,0.421875
5207,41,0.34375
5207,42,0.40625
5208,0,0.140625
5208,1,0.171875
5208,2,0.1875
5208,3,0.109375
5208,4,0.1875
5208,5,0.234375
5208,6,0.25
5208,7,0.1875
5208,8,0.171875
5208,9,0.171875
5208,10,0.203125
5208,11,0.25
5208,12,0.0625
5208,13,0.125
5208,14,0.171875
5208,15,0.171875
5208,16,0.21875
5208,17,0.1875
5208,18,0.296875
5208,19,0.265625
5208,20,0.234375
5208,21,0.3125
5208,22,0.390625
5208,23,0.34375
5208,24,0.265625
5208,25,0.296875
5208,26,0.203125
5208,27,0.265625
5208,28,0.203125
5208,29,0.25
5208,30,0.3125
5208,31,0.171875
5208,32,0.234375
5208,33,0.25
5208,34,0.171875
5208,35,0.21875
5208,36,0.171875
5208,37,0.25
5208,38,0.296875
5208,39,0.21875
5208,40,0.265625
5208,41,0.3125
5208,42,0.265625
5208,43,0.328125
5208,44,0.25
5208,45,0.171875
5208,46,0.15625
5208,47,0.109375
5208,48,0.125
5208,49,0.3125
5208,50,0.234375
5208,51,0.296875
5208,52,0.34375
5208,53,0.40625
5208,54,0.34375
5208,55,0.359375
5208,56,0.28125
5208,57,0.234375
5208,58,0.3125
5208,59,0.375
5208,60,0.390625
5208,61,0.328125
5208,62,0.28125
5208,63,0.328125
5208,64,0.28125
5208,65,0.34375
5208,66,0.328125
5208,67,0.265625
5208,68,0.328125
5208,69,0.25
5208,70,0.3125
5208,71,0.34375
5208,72,0.40625
5208,73,0.28125
5208,74,0.234375
5208,75,0.3125
5208,76,0.328125
5208,77,0.28125
5208,78,0.34375
5208,79,0.25
5208,80,0.15625
5208,81,0.234375
5208,82,0.296875
5208,83,0.234375
5208,84,0.375
5208,85,0.40625
5208,86,0.21875
5208,87,0.34375
5208,88,0.4375
5208,89,0.53125
5208,90,0.3125
5208,91,0.328125
5208,92,0.375
5208,93,0.359375
5208,94,0.375
5208,95,0.421875
5208,96,0.21875
5208,97,0.25
5208,98,0.359375
5208,99,0.5
5208,100,0.296875
5208,101,0.234375
5208,102,0.171875
5208,103,0.265625
5208,104,0.171875
5208,105,0.265625
5208,106,0.234375
5208,107,0.3125
5208,108,0.40625
5208,109,0.359375
5208,110,0.296875
5208,111,0.203125
5208,112,0.234375
5208,113,0.296875
5208,114,0.359375
5208,115,0.25
5208,116,0.296875
5208,117,0.21875
5208,118,0.25
5208,119,0.1875
5208,120,0.265625
5208,121,0.203125
5208,122,0.25
5208,123,0.15625
5208,124,0.203125
5208,125,0.203125
5208,126,0.234375
5208,127,0.296875
5208,128,0.390625
5208,129,0.5
5208,130,0.1875
5208,131,0.109375
5208,132,0.203125
5208,133,0.171875
5208,134,0.203125
5208,135,0.25
5208,136,0.25
5208,137,0.171875
5208,138,0.125
5208,139,0.140625
5208,140,0.234375
5208,141,0.453125
5208,142,0.265625
5208,143,0.15625
5208,144,0.203125
5208,145,0.265625
5208,146,0.3125
5208,147,0.234375
5208,148,0.25
5208,149,0.203125
5208,150,0.140625
5208,151,0.171875
5208,152,0.21875
5208,153,0.125
5208,154,0.171875
5208,155,0.140625
5208,156,0.140625
5208,157,0.15625
5208,158,0.234375
5208,159,0.1875
5208,160,0.25
5208,161,0.375
5208,162,0.453125
5209,0,0.203125
5209,1,0.21875
5209,2,0.140625
5209,3,0.203125
5209,4,0.15625
5209,5,0.203125
5209,6,0.140625
5209,7,0.265625
5209,8,0.0625
5209,9,0.234375
5209,10,0.15625
5209,11,0.21875
5209,12,0.15625
5209,13,0.234375
5209,14,0.265625
5209,15,0.265625
5209,16,0.3125
5209,17,0.234375
5209,18,0.3125
5209,19,0.375
5209,20,0.3125
5209,21,0.234375
5209,22,0.203125
5209,23,0.25
5209,24,0.109375
5209,25,0.15625
5209,26,0.234375
5209,27,0.421875
5209,28,0.265625
5209,29,0.375
5209,30,0.3125
5209,31,0.265625
5209,32,0.328125
5209,33,0.296875
5209,34,0.359375
5209,35,0.28125
5209,36,0.34375
5209,37,0.3125
5209,38,0.234375
5209,39,0.296875
5209,40,0.359375
5209,41,0.3125
5209,42,0.25
5209,43,0.3125
5210,0,0.21875
5210,1,0.265625
5210,2,0.296875
5210,3,0.21875
5210,4,0.28125
5210,5,0.328125
5210,6,0.265625
5210,7,0.359375
5210,8,0.40625
5210,9,0.203125
5210,10,0.21875
5210,11,0.15625
5210,12,0.203125
5210,13,0.265625
5210,14,0.21875
5210,15,0.28125
5210,16,0.375
5210,17,0.3125
5210,18,0.359375
5210,19,0.546875
5210,20,0.484375
5210,21,0.28125
5210,22,0.25
5210,23,0.1875
5210,24,0.234375
5210,25,0.28125
5210,26,0.28125
5210,27,0.34375
5210,28,0.21875
5210,29,0.296875
5210,30,0.234375
5210,31,0.265625
5210,32,0.328125
5210,33,0.359375
5210,34,0.28125
5210,35,0.265625
5210,36,0.203125
5210,37,0.25
5210,38,0.234375
5210,39,0.296875
5210,40,0.1875
5210,41,0.265625
5210,42,0.328125
5210,43,0.265625
5210,44,0.375
5210,45,0.421875
5210,46,0.390625
5210,47,0.359375
5210,48,0.28125
5210,49,0.34375
5210,50,0.4375
5210,51,0.3125
5210,52,0.25
5210,53,0.296875
5210,54,0.203125
5210,55,0.21875
5210,56,0.28125
5210,57,0.421875
5210,58,0.375
5210,59,0.28125
5210,60,0.203125
5210,61,0.265625
5210,62,0.28125
5210,63,0.34375
5210,64,0.328125
5210,65,0.265625
5210,66,0.3125
5210,67,0.25
5210,68,0.296875
5210,69,0.234375
5210,70,0.25
5210,71,0.28125
5210,72,0.5
5210,73,0.75
5211,0,0.125
5211,1,0.203125
5211,2,0.109375
5211,3,0.1875
5211,4,0.234375
5211,5,0.296875
5211,6,0.296875
5211,7,0.328125
5211,8,0.28125
5211,9,0.25
5211,10,0.25
5211,11,0.21875
5211,12,0.125
5211,13,0.203125
5211,14,0.265625
5211,15,0.484375
5211,16,0.421875
5211,17,0.453125
5211,18,0.390625
5211,19,0.453125
5211,20,0.390625
5211,21,0.390625
5211,22,0.46875
5211,23,0.53125
5211,24,0.453125
5211,25,0.359375
5211,26,0.328125
5211,27,0.359375
5211,28,0.40625
5211,29,0.3125
5211,30,0.265625
5211,31,0.21875
5211,32,0.296875
5211,33,0.234375
5211,34,0.3125
5211,35,0.359375
5211,36,0.328125
5211,37,0.390625
5211,38,0.421875
5211,39,0.34375
5211,40,0.390625
5211,41,0.375
5211,42,0.34375
5212,0,0.203125
5212,1,0.234375
5212,2,0.328125
5212,3,0.359375
5212,4,0.28125
5212,5,0.21875
5212,6,0.265625
5212,7,0.171875
5212,8,0.234375
5212,9,0.296875
5212,10,0.453125
5212,11,0.390625
5212,12,0.375
5212,13,0.453125
5212,14,0.34375
5212,15,0.296875
5212,16,0.375
5212,17,0.328125
5212,18,0.21875
5212,19,0.296875
5212,20,0.234375
5212,21,0.21875
5212,22,0.296875
5212,23,0.359375
5212,24,0.296875
5212,25,0.390625
5212,26,0.234375
5212,27,0.28125
5212,28,0.375
5212,29,0.328125
5212,30,0.40625
5212,31,0.234375
5212,32,0.296875
5212,33,0.375
5212,34,0.296875
5212,35,0.1875
5212,36,0.25
5212,37,0.1875
5212,38,0.265625
5212,39,0.265625
5212,40,0.375
5212,41,0.359375
5212,42,0.34375
5212,43,0.40625
5212,44,0.34375
5212,45,0.578125
5212,46,0.375
5212,47,0.484375
5212,48,0.421875
5212,49,0.25
5212,50,0.34375
5212,51,0.40625
5212,52,0.34375
5212,53,0.40625
5212,54,0.46875
5212,55,0.375
5212,56,0.328125
5213,0,0.171875
5213,1,0.359375
5213,2,0.25
5213,3,0.296875
5213,4,0.21875
5213,5,0.265625
5213,6,0.171875
5213,7,0.234375
5213,8,0.28125
5213,9,0.34375
5213,10,0.3125
5213,11,0.265625
5213,12,0.421875
5213,13,0.359375
5213,14,0.421875
5213,15,0.34375
5213,16,0.40625
5213,17,0.359375
5213,18,0.515625
5213,19,0.4375
5213,20,0.375
5213,21,0.296875
5213,22,0.5
5213,23,0.328125
5213,24,0.34375
5213,25,0.296875
5213,26,0.328125
5213,27,0.40625
5213,28,0.46875
5214,0,0.25
5214,1,0.15625
5214,2,0.109375
5214,3,0.046875
5214,4,0.078125
5214,5,0.265625
5214,6,0.359375
5214,7,0.421875
5214,8,0.390625
5214,9,0.34375
5214,10,0.421875
5214,11,0.3125
5214,12,0.25
5214,13,0.1875
5214,14,0.234375
5214,15,0.171875
5214,16,0.234375
5214,17,0.140625
5214,18,0.203125
5214,19,0.28125
5214,20,0.234375
5214,21,0.3125
5214,22,0.25
5214,23,0.25
5214,24,0.171875
5214,25,0.328125
5214,26,0.34375
5214,27,0.28125
5214,28,0.40625
5214,29,0.3125
5214,30,0.234375
5214,31,0.15625
5214,32,0.203125
5214,33,0.203125
5214,34,0.234375
5214,35,0.28125
5214,36,0.25
5214,37,0.203125
5214,38,0.125
5214,39,0.1875
5214,40,0.125
5214,41,0.15625
5214,42,0.21875
5214,43,0.140625
5214,44,0.1875
5214,45,0.28125
5214,46,0.34375
5214,47,0.4375
5214,48,0.34375
5214,49,0.375
5214,50,0.421875
5214,51,0.328125
5214,52,0.25
5214,53,0.28125
5214,54,0.25
5214,55,0.3125
5214,56,0.421875
5214,57,0.34375
5214,58,0.46875
5214,59,0.171875
5214,60,0.265625
5214,61,0.328125
5214,62,0.3125
5214,63,0.390625
5214,64,0.296875
5214,65,0.3125
5214,66,0.28125
5214,67,0.21875
5214,68,0.1875
5214,69,0.234375
5214,70,0.234375
5214,71,0.3125
5214,72,0.203125
5214,73,0.265625
5214,74,0.1875
5214,75,0.234375
5214,76,0.28125
5214,77,0.359375
5214,78,0.390625
5214,79,0.296875
5214,80,0.25
5214,81,0.296875
5214,82,0.234375
5214,83,0.265625
5214,84,0.328125
5214,85,0.390625
5214,86,0.296875
5214,87,0.265625
5214,88,0.28125
5214,89,0.34375
5214,90,0.296875
5214,91,0.34375
5214,92,0.265625
5214,93,0.328125
5214,94,0.265625
5214,95,0.3125
5214,96,0.421875
5214,97,0.453125
5214,98,0.1875
5214,99,0.265625
5214,100,0.234375
5214,101,0.265625
5214,102,0.21875
5214,103,0.140625
5214,104,0.265625
5214,105,0.34375
5214,106,0.234375
5214,107,0.21875
5214,108,0.375
5214,109,0.40625
5214,110,0.234375
5214,111,0.296875
5214,112,0.25
5214,113,0.3125
5214,114,0.265625
5214,115,0.34375
5214,116,0.375
5214,117,0.28125
5214,118,0.3125
5214,119,0.375
5214,120,0.4375
5214,121,0.3125
5214,122,0.34375
5214,123,0.21875
5214,124,0.203125
5214,125,0.265625
5214,126,0.328125
5214,127,0.265625
5214,128,0.3125
5214,129,0.28125
5214,130,0.328125
5214,131,0.453125
5214,132,0.28125
5214,133,0.3125
5214,134,0.234375
5214,135,0.1875
5214,136,0.125
5214,137,0.203125
5214,138,0.25
5214,139,0.203125
5214,140,0.234375
5214,141,0.296875
5214,142,0.21875
5214,143,0.296875
5214,144,0.453125
5214,145,0.28125
5214,146,0.21875
5214,147,0.296875
5214,148,0.46875
5214,149,0.578125
5214,150,0.3125
5214,151,0.328125
5214,152,0.28125
5214,153,0.34375
5214,154,0.421875
5214,155,0.34375
5214,156,0.40625
5214,157,0.28125
5214,158,0.359375
5214,159,0.4375
5215,0,0.046875
5215,1,0.109375
5215,2,0.046875
5215,3,0.125
5215,4,0.28125
5215,5,0.109375
5215,6,0.171875
5215,7,0.21875
5215,8,0.078125
5215,9,0.15625
5215,10,0.265625
5215,11,0.15625
5215,12,0.234375
5215,13,0.171875
5215,14,0.21875
5215,15,0.265625
5215,16,0.171875
5215,17,0.234375
5215,18,0.296875
5215,19,0.328125
5215,20,0.25
5215,21,0.34375
5215,22,0.296875
5215,23,0.21875
5215,24,0.28125
5215,25,0.234375
5215,26,0.34375
5215,27,0.125
5215,28,0.203125
5215,29,0.296875
5215,30,0.28125
5215,31,0.3125
5215,32,0.203125
5215,33,0.25
5215,34,0.296875
5215,35,0.375
5215,36,0.390625
5215,37,0.515625
5216,0,0.140625
5216,1,0.21875
5216,2,0.140625
5216,3,0.09375
5216,4,0.15625
5216,5,0.203125
5216,6,0.3125
5216,7,0.25
5216,8,0.34375
5216,9,0.28125
5216,10,0.34375
5216,11,0.265625
5216,12,0.234375
5216,13,0.296875
5216,14,0.28125
5216,15,0.34375
5216,16,0.375
5216,17,0.421875
5216,18,0.4375
5216,19,0.109375
5216,20,0.1875
5216,21,0.28125
5216,22,0.234375
5216,23,0.21875
5216,24,0.140625
5216,25,0.203125
5216,26,0.15625
5216,27,0.21875
5216,28,0.21875
5216,29,0.265625
5216,30,0.171875
5216,31,0.25
5216,32,0.21875
5216,33,0.21875
5216,34,0.140625
5216,35,0.234375
5216,36,0.1875
5216,37,0.21875
5216,38,0.234375
5216,39,0.28125
5216,40,0.203125
5216,41,0.15625
5216,42,0.203125
5216,43,0.25
5216,44,0.203125
5216,45,0.265625
5216,46,0.21875
5216,47,0.25
5216,48,0.1875
5216,49,0.28125
5216,50,0.265625
5216,51,0.3125
5216,52,0.25
5216,53,0.28125
5216,54,0.296875
5216,55,0.265625
5216,56,0.234375
5216,57,0.453125
5216,58,0.40625
5216,59,0.328125
5216,60,0.28125
5216,61,0.296875
5216,62,0.34375
5216,63,0.375
5216,64,0.484375
5216,65,0.515625
5216,66,0.578125
5216,67,0.40625
5216,68,0.46875
5217,0,0.203125
5217,1,0.15625
5217,2,0.21875
5217,3,0.25
5217,4,0.203125
5217,5,0.265625
5217,6,0.234375
5217,7,0.3125
5217,8,0.34375
5217,9,0.40625
5217,10,0.453125
5217,11,0.5
5217,12,0.40625
5217,13,0.390625
5217,14,0.3125
5217,15,0.359375
5217,16,0.5
5217,17,0.390625
5217,18,0.34375
5217,19,0.3125
5217,20,0.28125
5217,21,0.359375
5217,22,0.3125
5217,23,0.25
5217,24,0.390625
5217,25,0.296875
5217,26,0.265625
5217,27,0.203125
5217,28,0.25
5217,29,0.328125
5217,30,0.296875
5217,31,0.28125
5217,32,0.328125
5218,0,0.171875
5218,1,0.203125
5218,2,0.265625
5218,3,0.203125
5218,4,0.078125
5218,5,0.109375
5218,6,0.1875
5218,7,0.109375
5218,8,0.15625
5218,9,0.21875
5218,10,0.15625
5218,11,0.21875
5218,12,0.265625
5218,13,0.1875
5218,14,0.140625
5218,15,0.21875
5218,16,0.171875
5218,17,0.140625
5218,18,0.1875
5218,19,0.21875
5218,20,0.21875
5218,21,0.3125
5218,22,0.234375
5218,23,0.25
5218,24,0.25
5218,25,0.1875
5218,26,0.171875
5218,27,0.203125
5218,28,0.28125
5218,29,0.25
5218,30,0.15625
5218,31,0.1875
5218,32,0.265625
5218,33,0.234375
5218,34,0.1875
5218,35,0.09375
5218,36,0.125
5218,37,0.078125
5218,38,0.140625
5218,39,0.171875
5218,40,0.21875
5218,41,0.140625
5218,42,0.15625
5218,43,0.125
5218,44,0.1875
5218,45,0.25
5218,46,0.171875
5218,47,0.3125
5218,48,0.375
5218,49,0.140625
5218,50,0.1875
5218,51,0.234375
5218,52,0.3125
5218,53,0.34375
5218,54,0.34375
5218,55,0.28125
5218,56,0.21875
5218,57,0.25
5218,58,0.28125
5218,59,0.3125
5218,60,0.390625
5218,61,0.359375
5218,62,0.171875
5218,63,0.234375
5218,64,0.390625
5218,65,0.4375
5218,66,0.25
5218,67,0.34375
5218,68,0.578125
5218,69,0.296875
5218,70,0.34375
5218,71,0.203125
5218,72,0.28125
5218,73,0.390625
5218,74,0.34375
5218,75,0.203125
5218,76,0.171875
5218,77,0.21875
5218,78,0.296875
5218,79,0.234375
5218,80,0.34375
5218,81,0.4375
5218,82,0.375
5218,83,0.46875
5218,84,0.53125
5218,85,0.421875
5218,86,0.4375
5218,87,0.375
5218,88,0.296875
5218,89,0.390625
5218,90,0.296875
5218,91,0.359375
5218,92,0.296875
5218,93,0.4375
5218,94,0.34375
5218,95,0.296875
5218,96,0.265625
5218,97,0.359375
5218,98,0.28125
5218,99,0.40625
5218,100,0.296875
5218,101,0.359375
5218,102,0.28125
5218,103,0.375
5218,104,0.21875
5218,105,0.15625
5218,106,0.109375
5218,107,0.15625
5218,108,0.234375
5218,109,0.28125
5218,110,0.3125
5218,111,0.265625
5218,112,0.234375
5218,113,0.296875
5218,114,0.265625
5218,115,0.359375
5218,116,0.28125
5218,117,0.375
5218,118,0.328125
5218,119,0.265625
5218,120,0.3125
5218,121,0.390625
5218,122,0.453125
5218,123,0.359375
5218,124,0.40625
5218,125,0.328125
5218,126,0.21875
5218,127,0.171875
5218,128,0.234375
5218,129,0.3125
5218,130,0.359375
5218,131,0.296875
5218,132,0.25
5218,133,0.1875
5218,134,0.25
5218,135,0.3125
5218,136,0.234375
5218,137,0.265625
5218,138,0.390625
5219,0,0.1875
5219,1,0.25
5219,2,0.203125
5219,3,0.25
5219,4,0.390625
5219,5,0.421875
5219,6,0.359375
5219,7,0.265625
5219,8,0.328125
5219,9,0.359375
5219,10,0.375
5219,11,0.328125
5219,12,0.21875
5219,13,0.25
5219,14,0.203125
5219,15,0.15625
5219,16,0.234375
5219,17,0.21875
5219,18,0.265625
5219,19,0.28125
5219,20,0.328125
5219,21,0.265625
5219,22,0.3125
5219,23,0.359375
5219,24,0.265625
5219,25,0.25
5219,26,0.140625
5219,27,0.171875
5219,28,0.265625
5219,29,0.171875
5219,30,0.234375
5219,31,0.28125
5219,32,0.25
5219,33,0.140625
5219,34,0.171875
5219,35,0.109375
5219,36,0.203125
5219,37,0.28125
5219,38,0.234375
5219,39,0.3125
5219,40,0.265625
5219,41,0.21875
5219,42,0.15625
5219,43,0.203125
5219,44,0.265625
5219,45,0.15625
5219,46,0.34375
5219,47,0.390625
5219,48,0.328125
5219,49,0.25
5219,50,0.328125
5219,51,0.4375
5219,52,0.34375
5219,53,0.171875
5219,54,0.21875
5219,55,0.28125
5219,56,0.3125
5219,57,0.25
5219,58,0.328125
5219,59,0.28125
5219,60,0.1875
5219,61,0.234375
5219,62,0.28125
5219,63,0.15625
5219,64,0.171875
5219,65,0.234375
5219,66,0.46875
5219,67,0.265625
5219,68,0.28125
5219,69,0.3125
5219,70,0.171875
5219,71,0.203125
5219,72,0.265625
5219,73,0.203125
5219,74,0.296875
5219,75,0.25
5219,76,0.265625
5219,77,0.328125
5219,78,0.265625
5219,79,0.1875
5219,80,0.140625
5219,81,0.1875
5219,82,0.25
5219,83,0.203125
5219,84,0.328125
5219,85,0.40625
5219,86,0.34375
5219,87,0.265625
5219,88,0.390625
5219,89,0.546875
5219,90,0.5
5219,91,0.25
5219,92,0.296875
5219,93,0.203125
5219,94,0.171875
5219,95,0.234375
5219,96,0.203125
5219,97,0.390625
5220,0,0.171875
5220,1,0.09375
5220,2,0.078125
5220,3,0.15625
5220,4,0.234375
5220,5,0.15625
5220,6,0.109375
5220,7,0.109375
5220,8,0.171875
5220,9,0.140625
5220,10,0.21875
5220,11,0.171875
5220,12,0.21875
5220,13,0.328125
5220,14,0.265625
5220,15,0.21875
5220,16,0.234375
5220,17,0.25
5220,18,0.1875
5220,19,0.265625
5220,20,0.15625
5220,21,0.25
5220,22,0.140625
5220,23,0.234375
5220,24,0.28125
5220,25,0.171875
5220,26,0.234375
5220,27,0.3125
5220,28,0.296875
5220,29,0.140625
5220,30,0.203125
5220,31,0.265625
5220,32,0.28125
5220,33,0.234375
5220,34,0.171875
5220,35,0.21875
5220,36,0.296875
5220,37,0.234375
5220,38,0.28125
5220,39,0.296875
5220,40,0.328125
5220,41,0.3125
5220,42,0.359375
5220,43,0.296875
5220,44,0.34375
5220,45,0.296875
5220,46,0.359375
5220,47,0.4375
5220,48,0.34375
5220,49,0.40625
5220,50,0.390625
5220,51,0.203125
5220,52,0.296875
5220,53,0.234375
5220,54,0.171875
5220,55,0.234375
5220,56,0.28125
5220,57,0.25
5220,58,0.28125
5220,59,0.375
5220,60,0.28125
5220,61,0.359375
5220,62,0.359375
5220,63,0.359375
5220,64,0.328125
5220,65,0.234375
5220,66,0.296875
5220,67,0.21875
5220,68,0.15625
5220,69,0.25
5220,70,0.171875
5220,71,0.265625
5220,72,0.1875
5220,73,0.296875
5220,74,0.3125
5220,75,0.265625
5220,76,0.328125
5220,77,0.296875
5220,78,0.390625
5220,79,0.5
5220,80,0.453125
5220,81,0.328125
5220,82,0.375
5220,83,0.28125
5220,84,0.421875
5220,85,0.359375
5220,86,0.421875
5220,87,0.34375
5220,88,0.1875
5220,89,0.125
5220,90,0.203125
5220,91,0.34375
5220,92,0.28125
5220,93,0.34375
5220,94,0.296875
5220,95,0.359375
5220,96,0.3125
5220,97,0.359375
5220,98,0.390625
5220,99,0.328125
5220,100,0.28125
5220,101,0.296875
5220,102,0.25
5220,103,0.328125
5220,104,0.140625
5220,105,0.171875
5220,106,0.125
5220,107,0.140625
5220,108,0.234375
5220,109,0.28125
5220,110,0.359375
5220,111,0.28125
5220,112,0.34375
5220,113,0.265625
5220,114,0.28125
5220,115,0.234375
5220,116,0.234375
5220,117,0.171875
5220,118,0.40625
5220,119,0.34375
5220,120,0.375
5220,121,0.328125
5220,122,0.421875
5220,123,0.328125
5220,124,0.375
5220,125,0.4375
5220,126,0.40625
5220,127,0.453125
5220,128,0.671875
5220,129,0.484375
5221,0,0.15625
5221,1,0.125
5221,2,0.09375
5221,3,0.203125
5221,4,0.3125
5221,5,0.125
5221,6,0.140625
5221,7,0.203125
5221,8,0.234375
5221,9,0.1875
5221,10,0.171875
5221,11,0.21875
5221,12,0.15625
5221,13,0.234375
5221,14,0.109375
5221,15,0.171875
5221,16,0.234375
5221,17,0.375
5221,18,0.3125
5222,0,0.140625
5222,1,0.09375
5222,2,0.125
5222,3,0.203125
5222,4,0.125
5222,5,0.28125
5222,6,0.296875
5222,7,0.390625
5222,8,0.34375
5222,9,0.4375
5222,10,0.515625
5222,11,0.359375
5222,12,0.40625
5222,13,0.359375
5222,14,0.46875
5222,15,0.28125
5222,16,0.171875
5222,17,0.265625
5222,18,0.171875
5222,19,0.234375
5222,20,0.296875
5222,21,0.3125
5222,22,0.25
5222,23,0.3125
5222,24,0.25
5222,25,0.21875
5222,26,0.296875
5222,27,0.25
5222,28,0.328125
5222,29,0.40625
5222,30,0.515625
5222,31,0.578125
5223,0,0.078125
5223,1,0.125
5223,2,0.15625
5223,3,0.28125
5223,4,0.1875
5223,5,0.09375
5223,6,0.125
5223,7,0.21875
5223,8,0.28125
5223,9,0.203125
5223,10,0.125
5223,11,0.1875
5223,12,0.28125
5223,13,0.3125
5223,14,0.234375
5223,15,0.28125
5223,16,0.171875
5223,17,0.25
5223,18,0.1875
5223,19,0.265625
5223,20,0.1875
5223,21,0.09375
5223,22,0.171875
5223,23,0.25
5223,24,0.1875
5223,25,0.125
5223,26,0.09375
5223,27,0.171875
5223,28,0.234375
5223,29,0.28125
5223,30,0.375
5223,31,0.4375
5223,32,0.3125
5223,33,0.234375
5223,34,0.25
5223,35,0.1875
5223,36,0.25
5223,37,0.328125
5223,38,0.265625
5223,39,0.296875
5223,40,0.265625
5223,41,0.328125
5223,42,0.28125
5223,43,0.203125
5223,44,0.140625
5223,45,0.203125
5223,46,0.25
5223,47,0.21875
5223,48,0.265625
5223,49,0.234375
5223,50,0.21875
5223,51,0.171875
5223,52,0.234375
5223,53,0.15625
5223,54,0.25
5223,55,0.1875
5223,56,0.25
5223,57,0.296875
5223,58,0.34375
5223,59,0.328125
5223,60,0.484375
5223,61,0.296875
5223,62,0.359375
5223,63,0.3125
5223,64,0.375
5223,65,0.328125
5223,66,0.34375
5223,67,0.3125
5223,68,0.328125
5223,69,0.40625
5223,70,0.4375
5223,71,0.375
5223,72,0.296875
5223,73,0.375
5223,74,0.34375
5223,75,0.296875
5223,76,0.484375
5223,77,0.515625
5223,78,0.421875
5223,79,0.34375
5223,80,0.375
5223,81,0.453125
5223,82,0.421875
5223,83,0.359375
5223,84,0.390625
5223,85,0.421875
5223,86,0.40625
5223,87,0.359375
5223,88,0.3125
5223,89,0.28125
5223,90,0.265625
5223,91,0.3125
5223,92,0.28125
5223,93,0.328125
5223,94,0.40625
5224,0,0.203125
5224,1,0.21875
5224,2,0.25
5224,3,0.34375
5224,4,0.28125
5224,5,0.21875
5224,6,0.28125
5224,7,0.34375
5224,8,0.4375
5224,9,0.453125
5224,10,0.4375
5224,11,0.234375
5224,12,0.171875
5224,13,0.234375
5224,14,0.15625
5224,15,0.234375
5224,16,0.34375
5224,17,0.296875
5224,18,0.25
5224,19,0.296875
5224,20,0.375
5224,21,0.28125
5224,22,0.25
5224,23,0.265625
5224,24,0.203125
5224,25,0.28125
5224,26,0.3125
5224,27,0.359375
5224,28,0.390625
5224,29,0.46875
5224,30,0.40625
5224,31,0.234375
5224,32,0.21875
5224,33,0.265625
5224,34,0.359375
5224,35,0.28125
5224,36,0.359375
5224,37,0.296875
5224,38,0.4375
5224,39,0.359375
5224,40,0.34375
5224,41,0.5
5224,42,0.4375
5224,43,0.296875
5224,44,0.3125
5224,45,0.1875
5224,46,0.21875
5224,47,0.21875
5224,48,0.3125
5224,49,0.203125
5224,50,0.234375
5224,51,0.171875
5224,52,0.234375
5224,53,0.3125
5225,0,0.28125
5225,1,0.375
5225,2,0.265625
5225,3,0.234375
5225,4,0.171875
5225,5,0.21875
5225,6,0.3125
5225,7,0.21875
5225,8,0.296875
5225,9,0.5625
5225,10,0.375
5225,11,0.296875
5225,12,0.34375
5225,13,0.328125
5225,14,0.28125
5225,15,0.25
5225,16,0.328125
5225,17,0.25
5225,18,0.28125
5225,19,0.296875
5225,20,0.359375
5225,21,0.59375
5225,22,0.296875
5225,23,0.359375
5225,24,0.421875
5225,25,0.25
5225,26,0.21875
5225,27,0.25
5225,28,0.375
5225,29,0.375
5225,30,0.296875
5225,31,0.359375
5225,32,0.296875
5225,33,0.421875
5225,34,0.328125
5225,35,0.234375
5225,36,0.265625
5225,37,0.265625
5225,38,0.1875
5225,39,0.234375
5225,40,0.375
5225,41,0.34375
5225,42,0.40625
5225,43,0.59375
5225,44,0.390625
5225,45,0.453125
5225,46,0.40625
5225,47,0.53125
5226,0,0.046875
5226,1,0.125
5226,2,0.171875
5226,3,0.234375
5226,4,0.28125
5226,5,0.21875
5226,6,0.46875
5226,7,0.390625
5226,8,0.203125
5226,9,0.296875
5226,10,0.328125
5226,11,0.265625
5226,12,0.34375
5226,13,0.375
5226,14,0.4375
5226,15,0.484375
5226,16,0.21875
5226,17,0.28125
5226,18,0.34375
5226,19,0.375
5226,20,0.421875
5226,21,0.484375
5226,22,0.265625
5226,23,0.1875
5226,24,0.28125
5226,25,0.171875
5226,26,0.21875
5226,27,0.3125
5226,28,0.25
5226,29,0.40625
5226,30,0.375
5226,31,0.40625
5226,32,0.296875
5226,33,0.203125
5226,34,0.203125
5226,35,0.109375
5226,36,0.125
5226,37,0.1875
5226,38,0.234375
5226,39,0.140625
5226,40,0.21875
5226,41,0.125
5226,42,0.21875
5226,43,0.21875
5226,44,0.28125
5226,45,0.34375
5226,46,0.25
5226,47,0.1875
5226,48,0.21875
5226,49,0.25
5226,50,0.1875
5226,51,0.265625
5226,52,0.328125
5226,53,0.3125
5226,54,0.265625
5226,55,0.3125
5226,56,0.390625
5226,57,0.421875
5226,58,0.5
5226,59,0.53125
5227,0,0.171875
5227,1,0.234375
5227,2,0.296875
5227,3,0.234375
5227,4,0.15625
5227,5,0.1875
5227,6,0.140625
5227,7,0.203125
5227,8,0.21875
5227,9,0.25
5227,10,0.265625
5227,11,0.328125
5228,0,0.203125
5228,1,0.296875
5228,2,0.203125
5228,3,0.25
5228,4,0.140625
5228,5,0.125
5228,6,0.078125
5228,7,0.171875
5228,8,0.25
5228,9,0.1875
5228,10,0.25
5228,11,0.296875
5228,12,0.25
5228,13,0.3125
5228,14,0.15625
5228,15,0.109375
5228,16,0.140625
5228,17,0.15625
5228,18,0.21875
5228,19,0.1875
5228,20,0.21875
5228,21,0.203125
5228,22,0.171875
5228,23,0.265625
5228,24,0.421875
5228,25,0.34375
5228,26,0.265625
5228,27,0.3125
5228,28,0.390625
5228,29,0.359375
5228,30,0.578125
5228,31,0.296875
5228,32,0.265625
5228,33,0.4375
5228,34,0.40625
5228,35,0.296875
5228,36,0.234375
5228,37,0.28125
5228,38,0.234375
5228,39,0.234375
5228,40,0.3125
5228,41,0.359375
5228,42,0.296875
5228,43,0.328125
5228,44,0.25
5228,45,0.328125
5228,46,0.484375
5228,47,0.40625
5228,48,0.34375
5228,49,0.25
5228,50,0.328125
5228,51,0.328125
5228,52,0.21875
5228,53,0.171875
5228,54,0.203125
5228,55,0.25
5228,56,0.296875
5228,57,0.328125
5228,58,0.28125
5228,59,0.125
5228,60,0.203125
5228,61,0.265625
5228,62,0.21875
5228,63,0.25
5228,64,0.203125
5228,65,0.25
5228,66,0.25
5228,67,0.171875
5228,68,0.21875
5228,69,0.28125
5228,70,0.375
5228,71,0.296875
5228,72,0.296875
5228,73,0.3125
5228,74,0.34375
5228,75,0.3125
5228,76,0.234375
5228,77,0.3125
5228,78,0.40625
5228,79,0.28125
5228,80,0.3125
5228,81,0.265625
5228,82,0.21875
5228,83,0.28125
5228,84,0.34375
5228,85,0.40625
5228,86,0.359375
5228,87,0.3125
5228,88,0.40625
5228,89,0.328125
5228,90,0.328125
5228,91,0.40625
5228,92,0.328125
5229,0,0.203125
5229,1,0.28125
5229,2,0.171875
5229,3,0.234375
5229,4,0.265625
5229,5,0.3125
5229,6,0.21875
5229,7,0.203125
5229,8,0.25
5229,9,0.171875
5229,10,0.234375
5229,11,0.296875
5229,12,0.359375
5229,13,0.421875
5229,14,0.40625
5229,15,0.46875
5229,16,0.421875
5229,17,0.34375
5229,18,0.21875
5229,19,0.25
5229,20,0.21875
5229,21,0.3125
5229,22,0.390625
5229,23,0.265625
5229,24,0.359375
5229,25,0.4375
5229,26,0.25
5229,27,0.1875
5229,28,0.25
5229,29,0.28125
5229,30,0.34375
5229,31,0.28125
5229,32,0.375
5229,33,0.28125
5229,34,0.328125
5229,35,0.234375
5229,36,0.3125
5229,37,0.25
5229,38,0.3125
5229,39,0.21875
5229,40,0.203125
5229,41,0.265625
5229,42,0.21875
5229,43,0.234375
5229,44,0.203125
5229,45,0.359375
5229,46,0.3125
5229,47,0.25
5229,48,0.28125
5229,49,0.21875
5229,50,0.265625
5229,51,0.296875
5229,52,0.390625
5229,53,0.3125
5229,54,0.46875
5229,55,0.40625
5230,0,0.078125
5230,1,0.140625
5230,2,0.1875
5230,3,0.234375
5230,4,0.296875
5230,5,0.25
5230,6,0.1875
5230,7,0.25
5230,8,0.34375
5230,9,0.40625
5230,10,0.5
5230,11,0.421875
5230,12,0.359375
5230,13,0.296875
5230,14,0.359375
5230,15,0.265625
5230,16,0.359375
5230,17,0.234375
5230,18,0.375
5230,19,0.296875
5230,20,0.390625
5230,21,0.359375
5230,22,0.203125
5230,23,0.453125
5230,24,0.34375
5230,25,0.15625
5230,26,0.21875
5230,27,0.171875
5230,28,0.203125
5230,29,0.25
5230,30,0.265625
5230,31,0.296875
5230,32,0.296875
5230,33,0.234375
5230,34,0.203125
5230,35,0.296875
5230,36,0.265625
5230,37,0.203125
5230,38,0.25
5230,39,0.328125
5230,40,0.375
5230,41,0.265625
5230,42,0.34375
5230,43,0.390625
5230,44,0.40625
5230,45,0.234375
5230,46,0.265625
5230,47,0.203125
5230,48,0.296875
5230,49,0.359375
5230,50,0.421875
5230,51,0.375
5230,52,0.4375
5230,53,0.375
5230,54,0.421875
5230,55,0.375
5230,56,0.28125
5230,57,0.3125
5230,58,0.40625
5230,59,0.4375
5230,60,0.375
5230,61,0.328125
5230,62,0.359375
5230,63,0.375
5230,64,0.484375
5231,0,0.09375
5231,1,0.125
5231,2,0.203125
5231,3,0.25
5231,4,0.328125
5231,5,0.140625
5231,6,0.296875
5231,7,0.34375
5231,8,0.28125
5231,9,0.21875
5231,10,0.21875
5231,11,0.21875
5231,12,0.328125
5231,13,0.265625
5231,14,0.171875
5231,15,0.171875
5231,16,0.234375
5231,17,0.328125
5231,18,0.296875
5231,19,0.28125
5231,20,0.359375
5231,21,0.296875
5231,22,0.203125
5231,23,0.25
5231,24,0.171875
5231,25,0.234375
5231,26,0.296875
5231,27,0.234375
5231,28,0.15625
5231,29,0.21875
5231,30,0.203125
5231,31,0.265625
5231,32,0.234375
5231,33,0.171875
5231,34,0.1875
5231,35,0.25
5231,36,0.3125
5231,37,0.3125
5231,38,0.21875
5231,39,0.171875
5231,40,0.3125
5231,41,0.265625
5231,42,0.328125
5231,43,0.375
5231,44,0.28125
5231,45,0.3125
5231,46,0.390625
5231,47,0.328125
5231,48,0.125
5231,49,0.171875
5231,50,0.1875
5231,51,0.203125
5231,52,0.34375
5231,53,0.390625
5231,54,0.3125
5231,55,0.25
5231,56,0.265625
5231,57,0.1875
5231,58,0.25
5231,59,0.1875
5231,60,0.3125
5231,61,0.296875
5231,62,0.265625
5231,63,0.1875
5231,64,0.265625
5231,65,0.234375
5231,66,0.3125
5231,67,0.140625
5231,68,0.1875
5231,69,0.25
5231,70,0.1875
5231,71,0.21875
5231,72,0.328125
5231,73,0.390625
5231,74,0.328125
5231,75,0.296875
5231,76,0.3125
5231,77,0.359375
5231,78,0.40625
5231,79,0.421875
5231,80,0.359375
5231,81,0.4375
5231,82,0.375
5231,83,0.3125
5231,84,0.25
5231,85,0.296875
5231,86,0.21875
5231,87,0.15625
5231,88,0.21875
5231,89,0.140625
5231,90,0.203125
5231,91,0.28125
5231,92,0.203125
5231,93,0.28125
5231,94,0.25
5231,95,0.34375
5231,96,0.4375
5231,97,0.328125
5231,98,0.265625
5231,99,0.34375
5231,100,0.4375
5231,101,0.515625
5231,102,0.578125
5231,103,0.640625
5231,104,0.6875
5231,105,0.40625
5231,106,0.359375
5231,107,0.3125
5231,108,0.3125
5231,109,0.390625
5231,110,0.46875
5232,0,0.21875
5232,1,0.015625
5232,2,0.078125
5232,3,0.1875
5232,4,0.21875
5232,5,0.171875
5232,6,0.234375
5232,7,0.28125
5232,8,0.3125
5232,9,0.25
5232,10,0.234375
5232,11,0.296875
5232,12,0.3125
5232,13,0.3125
5232,14,0.234375
5232,15,0.140625
5232,16,0.234375
5232,17,0.3125
5232,18,0.203125
5232,19,0.21875
5232,20,0.15625
5232,21,0.1875
5232,22,0.21875
5232,23,0.265625
5232,24,0.15625
5232,25,0.109375
5232,26,0.15625
5232,27,0.234375
5232,28,0.140625
5232,29,0.1875
5232,30,0.125
5232,31,0.15625
5232,32,0.21875
5232,33,0.28125
5232,34,0.328125
5232,35,0.390625
5232,36,0.328125
5232,37,0.296875
5232,38,0.453125
5232,39,0.40625
5232,40,0.34375
5232,41,0.328125
5232,42,0.390625
5232,43,0.34375
5232,44,0.34375
5232,45,0.296875
5232,46,0.390625
5232,47,0.46875
5233,0,0.0625
5233,1,0.25
5233,2,0.34375
5233,3,0.1875
5233,4,0.21875
5233,5,0.234375
5233,6,0.375
5233,7,0.328125
5233,8,0.28125
5233,9,0.1875
5233,10,0.1875
5233,11,0.125
5233,12,0.203125
5233,13,0.171875
5233,14,0.234375
5233,15,0.3125
5233,16,0.265625
5233,17,0.359375
5233,18,0.34375
5233,19,0.46875
5233,20,0.359375
5233,21,0.296875
5233,22,0.25
5233,23,0.328125
5233,24,0.265625
5233,25,0.28125
5233,26,0.25
5233,27,0.171875
5233,28,0.265625
5233,29,0.171875
5233,30,0.265625
5233,31,0.234375
5233,32,0.25
5233,33,0.3125
5233,34,0.234375
5233,35,0.140625
5233,36,0.265625
5233,37,0.296875
5233,38,0.265625
5233,39,0.328125
5233,40,0.125
5233,41,0.09375
5233,42,0.171875
5233,43,0.265625
5233,44,0.3125
5233,45,0.359375
5233,46,0.40625
5233,47,0.34375
5233,48,0.453125
5233,49,0.46875
5233,50,0.4375
5233,51,0.375
5233,52,0.453125
5233,53,0.40625
5233,54,0.34375
5233,55,0.3125
5233,56,0.28125
5233,57,0.265625
5233,58,0.21875
5233,59,0.3125
5233,60,0.234375
5233,61,0.21875
5233,62,0.375
5233,63,0.28125
5233,64,0.203125
5233,65,0.34375
5233,66,0.328125
5233,67,0.265625
5233,68,0.203125
5233,69,0.25
5233,70,0.171875
5233,71,0.265625
5233,72,0.328125
5233,73,0.265625
5233,74,0.21875
5233,75,0.265625
5233,76,0.234375
5233,77,0.28125
5233,78,0.203125
5233,79,0.234375
5233,80,0.296875
5233,81,0.21875
5233,82,0.28125
5233,83,0.25
5233,84,0.203125
5233,85,0.28125
5233,86,0.25
5233,87,0.15625
5233,88,0.15625
5233,89,0.25
5233,90,0.203125
5233,91,0.21875
5233,92,0.15625
5233,93,0.203125
5233,94,0.203125
5233,95,0.296875
5233,96,0.203125
5233,97,0.265625
5233,98,0.296875
5233,99,0.359375
5233,100,0.34375
5233,101,0.3125
5233,102,0.453125
5233,103,0.375
5233,104,0.28125
5233,105,0.34375
5233,106,0.1875
5233,107,0.265625
5233,108,0.171875
5233,109,0.21875
5233,110,0.3125
5233,111,0.328125
5233,112,0.265625
5233,113,0.359375
5233,114,0.25
5233,115,0.3125
5233,116,0.3125
5233,117,0.375
5233,118,0.328125
5233,119,0.203125
5233,120,0.265625
5233,121,0.484375
5233,122,0.421875
5233,123,0.59375
5233,124,0.46875
5234,0,0.203125
5234,1,0.1875
5234,2,0.171875
5234,3,0.25
5234,4,0.171875
5234,5,0.234375
5234,6,0.28125
5234,7,0.375
5234,8,0.3125
5234,9,0.375
5234,10,0.453125
5234,11,0.515625
5234,12,0.46875
5234,13,0.421875
5234,14,0.484375
5234,15,0.5
5234,16,0.53125
5234,17,0.34375
5234,18,0.28125
5234,19,0.234375
5234,20,0.140625
5234,21,0.28125
5234,22,0.203125
5234,23,0.28125
5234,24,0.234375
5234,25,0.171875
5234,26,0.1875
5234,27,0.234375
5234,28,0.1875
5234,29,0.15625
5234,30,0.3125
5234,31,0.265625
5234,32,0.21875
5234,33,0.296875
5234,34,0.328125
5234,35,0.375
5234,36,0.265625
5234,37,0.203125
5234,38,0.296875
5234,39,0.3125
5234,40,0.28125
5234,41,0.234375
5234,42,0.265625
5234,43,0.328125
5234,44,0.25
5234,45,0.40625
5234,46,0.203125
5234,47,0.28125
5234,48,0.171875
5234,49,0.171875
5234,50,0.203125
5234,51,0.234375
5234,52,0.390625
5234,53,0.359375
5234,54,0.375
5234,55,0.359375
5234,56,0.171875
5234,57,0.1875
5234,58,0.21875
5234,59,0.203125
5234,60,0.28125
5234,61,0.234375
5234,62,0.296875
5234,63,0.359375
5234,64,0.3125
5234,65,0.390625
5234,66,0.3125
5234,67,0.375
5234,68,0.421875
5234,69,0.359375
5234,70,0.375
5234,71,0.296875
5234,72,0.34375
5234,73,0.28125
5234,74,0.203125
5234,75,0.296875
5235,0,0.09375
5235,1,0.1875
5235,2,0.234375
5235,3,0.234375
5235,4,0.28125
5235,5,0.1875
5235,6,0.25
5235,7,0.171875
5235,8,0.21875
5235,9,0.140625
5235,10,0.203125
5235,11,0.28125
5235,12,0.171875
5235,13,0.234375
5235,14,0.3125
5235,15,0.25
5235,16,0.3125
5235,17,0.28125
5235,18,0.21875
5235,19,0.3125
5235,20,0.234375
5235,21,0.265625
5235,22,0.3125
5235,23,0.328125
5235,24,0.390625
5235,25,0.328125
5235,26,0.296875
5235,27,0.3125
5235,28,0.359375
5235,29,0.265625
5235,30,0.28125
5235,31,0.21875
5235,32,0.28125
5235,33,0.34375
5235,34,0.453125
5235,35,0.359375
5235,36,0.265625
5235,37,0.296875
5235,38,0.46875
5235,39,0.390625
5235,40,0.28125
5235,41,0.21875
5235,42,0.3125
5235,43,0.4375
5235,44,0.515625
5235,45,0.4375
5235,46,0.390625
5235,47,0.296875
5235,48,0.203125
5235,49,0.234375
5235,50,0.3125
5235,51,0.265625
5235,52,0.328125
5235,53,0.4375
5235,54,0.609375
5235,55,0.28125
5235,56,0.34375
5235,57,0.328125
5235,58,0.375
5235,59,0.421875
5235,60,0.421875
5235,61,0.34375
5235,62,0.421875
5235,63,0.359375
5235,64,0.40625
5235,65,0.34375
5235,66,0.28125
5235,67,0.296875
5235,68,0.4375
5235,69,0.4375
5235,70,0.375
5235,71,0.34375
5235,72,0.28125
5235,73,0.234375
5235,74,0.25
5235,75,0.296875
5235,76,0.34375
5235,77,0.234375
5235,78,0.203125
5235,79,0.265625
5235,80,0.3125
5235,81,0.21875
5235,82,0.234375
5235,83,0.328125
5235,84,0.234375
5235,85,0.390625
5235,86,0.328125
5235,87,0.25
5235,88,0.265625
5235,89,0.203125
5235,90,0.15625
5235,91,0.1875
5235,92,0.234375
5235,93,0.328125
5235,94,0.28125
5235,95,0.359375
5235,96,0.375
5235,97,0.390625
5235,98,0.453125
5235,99,0.296875
5235,100,0.4375
5235,101,0.265625
5236,0,0.0625
5236,1,0.125
5236,2,0.1875
5236,3,0.265625
5236,4,0.15625
5236,5,0.171875
5236,6,0.1875
5236,7,0.28125
5236,8,0.25
5236,9,0.328125
5236,10,0.40625
5236,11,0.375
5236,12,0.40625
5236,13,0.34375
5236,14,0.234375
5236,15,0.265625
5236,16,0.3125
5236,17,0.28125
5236,18,0.265625
5236,19,0.234375
5236,20,0.296875
5236,21,0.25
5236,22,0.3125
5236,23,0.375
5236,24,0.28125
5236,25,0.234375
5236,26,0.171875
5236,27,0.21875
5236,28,0.359375
5236,29,0.28125
5236,30,0.328125
5236,31,0.359375
5236,32,0.28125
5236,33,0.34375
5236,34,0.28125
5236,35,0.328125
5236,36,0.28125
5236,37,0.328125
5236,38,0.421875
5236,39,0.5
5236,40,0.421875
5236,41,0.375
5236,42,0.296875
5236,43,0.453125
5236,44,0.40625
5236,45,0.265625
5236,46,0.203125
5236,47,0.265625
5236,48,0.375
5236,49,0.4375
5236,50,0.703125
5236,51,0.46875
5236,52,0.5
5236,53,0.375
5236,54,0.40625
5236,55,0.375
5236,56,0.671875
5236,57,0.46875
5236,58,0.328125
5236,59,0.3125
5236,60,0.359375
5236,61,0.453125
5236,62,0.40625
5236,63,0.328125
5236,64,0.28125
5236,65,0.359375
5236,66,0.34375
5236,67,0.25
5236,68,0.265625
5236,69,0.203125
5236,70,0.234375
5236,71,0.28125
5236,72,0.375
5236,73,0.3125
5236,74,0.40625
5237,0,0.171875
5237,1,0.109375
5237,2,0.140625
5237,3,0.21875
5237,4,0.21875
5237,5,0.28125
5237,6,0.21875
5237,7,0.203125
5237,8,0.078125
5237,9,0.203125
5237,10,0.140625
5237,11,0.203125
5237,12,0.25
5237,13,0.328125
5237,14,0.28125
5237,15,0.34375
5237,16,0.265625
5237,17,0.3125
5237,18,0.375
5237,19,0.3125
5237,20,0.375
5237,21,0.484375
5238,0,0.1875
5238,1,0.25
5238,2,0.265625
5238,3,0.203125
5238,4,0.25
5238,5,0.140625
5238,6,0.1875
5238,7,0.09375
5238,8,0.109375
5238,9,0.1875
5238,10,0.25
5238,11,0.21875
5238,12,0.265625
5238,13,0.171875
5238,14,0.265625
5238,15,0.3125
5238,16,0.40625
5238,17,0.46875
5238,18,0.40625
5238,19,0.390625
5238,20,0.3125
5238,21,0.21875
5238,22,0.265625
5238,23,0.4375
5238,24,0.21875
5238,25,0.25
5238,26,0.1875
5238,27,0.21875
5238,28,0.328125
5238,29,0.34375
5238,30,0.25
5238,31,0.328125
5238,32,0.1875
5238,33,0.28125
5238,34,0.203125
5238,35,0.234375
5238,36,0.265625
5238,37,0.21875
5238,38,0.3125
5238,39,0.265625
5238,40,0.25
5238,41,0.296875
5238,42,0.21875
5238,43,0.140625
5238,44,0.21875
5238,45,0.28125
5238,46,0.203125
5238,47,0.25
5238,48,0.296875
5238,49,0.234375
5238,50,0.15625
5238,51,0.21875
5238,52,0.3125
5238,53,0.28125
5238,54,0.4375
5238,55,0.484375
5238,56,0.53125
5239,0,0.1875
5239,1,0.25
5239,2,0.28125
5239,3,0.1875
5239,4,0.09375
5239,5,0.125
5239,6,0.3125
5239,7,0.375
5239,8,0.421875
5239,9,0.484375
5239,10,0.296875
5239,11,0.34375
5239,12,0.171875
5239,13,0.203125
5239,14,0.15625
5239,15,0.125
5239,16,0.171875
5239,17,0.078125
5239,18,0.21875
5239,19,0.28125
5239,20,0.3125
5239,21,0.25
5239,22,0.21875
5239,23,0.3125
5239,24,0.25
5239,25,0.3125
5239,26,0.265625
5239,27,0.203125
5239,28,0.234375
5239,29,0.328125
5239,30,0.390625
5239,31,0.40625
5239,32,0.484375
5239,33,0.546875
5239,34,0.40625
5239,35,0.375
5239,36,0.328125
5239,37,0.25
5239,38,0.296875
5239,39,0.203125
5239,40,0.125
5239,41,0.203125
5239,42,0.234375
5239,43,0.296875
5239,44,0.265625
5239,45,0.296875
5239,46,0.40625
5239,47,0.40625
5239,48,0.375
5239,49,0.4375
5240,0,0.1875
5240,1,0.25
5240,2,0.3125
5240,3,0.34375
5240,4,0.234375
5240,5,0.34375
5240,6,0.296875
5240,7,0.234375
5240,8,0.28125
5240,9,0.25
5240,10,0.265625
5240,11,0.3125
5240,12,0.21875
5240,13,0.296875
5240,14,0.34375
5240,15,0.25
5240,16,0.1875
5240,17,0.234375
5240,18,0.265625
5240,19,0.21875
5240,20,0.25
5240,21,0.25
5240,22,0.171875
5240,23,0.265625
5240,24,0.25
5240,25,0.296875
5240,26,0.3125
5240,27,0.28125
5240,28,0.421875
5240,29,0.3125
5240,30,0.375
5241,0,0.15625
5241,1,0.1875
5241,2,0.28125
5241,3,0.328125
5241,4,0.390625
5241,5,0.328125
5241,6,0.25
5241,7,0.328125
5241,8,0.390625
5241,9,0.296875
5241,10,0.296875
5241,11,0.234375
5241,12,0.28125
5241,13,0.1875
5241,14,0.234375
5241,15,0.34375
5241,16,0.25
5241,17,0.3125
5241,18,0.34375
5241,19,0.359375
5241,20,0.40625
5241,21,0.328125
5241,22,0.59375
5241,23,0.5625
5241,24,0.484375
5241,25,0.421875
5241,26,0.46875
5241,27,0.5
5241,28,0.609375
5241,29,0.46875
5241,30,0.390625
5241,31,0.171875
5241,32,0.234375
5241,33,0.296875
5241,34,0.328125
5241,35,0.234375
5241,36,0.15625
5241,37,0.140625
5241,38,0.234375
5241,39,0.1875
5241,40,0.234375
5241,41,0.296875
5241,42,0.34375
5241,43,0.234375
5241,44,0.3125
5241,45,0.328125
5241,46,0.359375
5241,47,0.296875
5241,48,0.25
5241,49,0.265625
5241,50,0.3125
5241,51,0.25
5241,52,0.375
5241,53,0.203125
5241,54,0.359375
5241,55,0.3125
5241,56,0.1875
5241,57,0.25
5241,58,0.3125
5241,59,0.265625
5241,60,0.140625
5241,61,0.203125
5241,62,0.15625
5241,63,0.1875
5241,64,0.25
5241,65,0.21875
5241,66,0.171875
5241,67,0.25
5241,68,0.203125
5241,69,0.234375
5241,70,0.265625
5241,71,0.25
5241,72,0.171875
5241,73,0.21875
5241,74,0.15625
5241,75,0.1875
5241,76,0.15625
5241,77,0.171875
5241,78,0.25
5241,79,0.1875
5241,80,0.234375
5241,81,0.1875
5241,82,0.203125
5241,83,0.265625
5241,84,0.21875
5241,85,0.140625
5241,86,0.140625
5241,87,0.21875
5241,88,0.203125
5241,89,0.265625
5241,90,0.109375
5241,91,0.15625
5241,92,0.203125
5241,93,0.265625
5241,94,0.234375
5241,95,0.28125
5241,96,0.328125
5241,97,0.28125
5241,98,0.3125
5241,99,0.296875
5241,100,0.265625
5241,101,0.1875
5241,102,0.21875
5241,103,0.296875
5241,104,0.328125
5241,105,0.359375
5241,106,0.546875
5242,0,0.09375
5242,1,0.15625
5242,2,0.203125
5242,3,0.109375
5242,4,0.1875
5242,5,0.078125
5242,6,0.1875
5242,7,0.125
5242,8,0.265625
5242,9,0.1875
5242,10,0.15625
5242,11,0.21875
5242,12,0.171875
5242,13,0.25
5242,14,0.296875
5242,15,0.390625
5242,16,0.5625
5242,17,0.390625
5242,18,0.3125
5242,19,0.21875
5242,20,0.28125
5242,21,0.296875
5242,22,0.375
5242,23,0.203125
5242,24,0.28125
5242,25,0.234375
5242,26,0.28125
5242,27,0.28125
5242,28,0.234375
5242,29,0.171875
5242,30,0.09375
5242,31,0.15625
5242,32,0.21875
5242,33,0.21875
5242,34,0.25
5242,35,0.3125
5242,36,0.453125
5242,37,0.40625
5242,38,0.375
5242,39,0.578125
5243,0,0.0625
5243,1,0.109375
5243,2,0.109375
5243,3,0.15625
5243,4,0.03125
5243,5,0.109375
5243,6,0.125
5243,7,0.1875
5243,8,0.234375
5243,9,0.1875
5243,10,0.21875
5243,11,0.1875
5243,12,0.234375
5243,13,0.1875
5243,14,0.25
5243,15,0.3125
5243,16,0.390625
5243,17,0.328125
5243,18,0.265625
5243,19,0.21875
5243,20,0.265625
5243,21,0.34375
5243,22,0.296875
5243,23,0.21875
5243,24,0.28125
5243,25,0.359375
5243,26,0.328125
5243,27,0.296875
5243,28,0.265625
5243,29,0.328125
5243,30,0.390625
5243,31,0.546875
5243,32,0.359375
5243,33,0.453125
5243,34,0.421875
5243,35,0.328125
5243,36,0.265625
5243,37,0.296875
5243,38,0.21875
5243,39,0.234375
5243,40,0.234375
5243,41,0.234375
5243,42,0.3125
5243,43,0.265625
5243,44,0.25
5243,45,0.3125
5243,46,0.28125
5243,47,0.21875
5243,48,0.28125
5243,49,0.34375
5243,50,0.140625
5243,51,0.1875
5243,52,0.234375
5243,53,0.15625
5243,54,0.171875
5243,55,0.234375
5243,56,0.3125
5243,57,0.265625
5243,58,0.1875
5243,59,0.15625
5243,60,0.265625
5243,61,0.21875
5243,62,0.296875
5243,63,0.21875
5243,64,0.171875
5243,65,0.21875
5243,66,0.203125
5243,67,0.25
5243,68,0.3125
5243,69,0.359375
5243,70,0.3125
5243,71,0.40625
5243,72,0.328125
5243,73,0.234375
5243,74,0.28125
5243,75,0.34375
5243,76,0.4375
5243,77,0.359375
5243,78,0.296875
5243,79,0.421875
5243,80,0.390625
5243,81,0.515625
5243,82,0.3125
5243,83,0.328125
5243,84,0.234375
5243,85,0.15625
5243,86,0.234375
5243,87,0.140625
5243,88,0.1875
5243,89,0.3125
5243,90,0.34375
5243,91,0.4375
5243,92,0.265625
5243,93,0.234375
5243,94,0.328125
5243,95,0.265625
5243,96,0.21875
5243,97,0.28125
5243,98,0.234375
5243,99,0.3125
5243,100,0.234375
5243,101,0.328125
5243,102,0.203125
5243,103,0.296875
5243,104,0.375
5243,105,0.375
5243,106,0.21875
5243,107,0.15625
5243,108,0.234375
5243,109,0.28125
5243,110,0.3125
5243,111,0.515625
5243,112,0.421875
5243,113,0.421875
5243,114,0.421875
5243,115,0.421875
5243,116,0.328125
5243,117,0.40625
5243,118,0.34375
5243,119,0.28125
5243,120,0.328125
5243,121,0.375
5243,122,0.40625
5243,123,0.453125
5243,124,0.359375
5243,125,0.484375
5243,126,0.421875
5243,127,0.4375
5243,128,0.5
5243,129,0.484375
5243,130,0.1875
5243,131,0.234375
5243,132,0.296875
5243,133,0.28125
5243,134,0.21875
5243,135,0.28125
5243,136,0.328125
5243,137,0.28125
5243,138,0.234375
5243,139,0.1875
5243,140,0.21875
5243,141,0.3125
5243,142,0.21875
5243,143,0.28125
5243,144,0.21875
5243,145,0.28125
5243,146,0.234375
5243,147,0.296875
5243,148,0.25
5243,149,0.296875
5243,150,0.234375
5243,151,0.171875
5243,152,0.21875
5243,153,0.125
5243,154,0.140625
5243,155,0.21875
5243,156,0.109375
5243,157,0.140625
5243,158,0.0625
5243,159,0.125
5243,160,0.203125
5243,161,0.265625
5243,162,0.1875
5243,163,0.1875
5243,164,0.15625
5243,165,0.25
5243,166,0.3125
5243,167,0.21875
5243,168,0.34375
5243,169,0.265625
5243,170,0.21875
5243,171,0.296875
5243,172,0.375
5243,173,0.3125
5243,174,0.25
5243,175,0.265625
5243,176,0.328125
5243,177,0.40625
5243,178,0.328125
5243,179,0.375
5243,180,0.3125
5243,181,0.25
5243,182,0.328125
5243,183,0.3125
5243,184,0.234375
5243,185,0.328125
5243,186,0.390625
5243,187,0.46875
5243,188,0.265625
5243,189,0.28125
5243,190,0.21875
5243,191,0.171875
5243,192,0.21875
5243,193,0.265625
5243,194,0.359375
5243,195,0.265625
5243,196,0.171875
5243,197,0.28125
5243,198,0.34375
5243,199,0.40625
5243,200,0.421875
5243,201,0.3125
5243,202,0.234375
5243,203,0.25
5243,204,0.203125
5243,205,0.421875
5243,206,0.265625
5243,207,0.203125
5243,208,0.234375
5243,209,0.28125
5243,210,0.203125
5243,211,0.265625
5243,212,0.171875
5243,213,0.09375
5243,214,0.15625
5243,215,0.203125
5243,216,0.234375
5243,217,0.3125
5243,218,0.203125
5243,219,0.3125
5243,220,0.359375
5243,221,0.390625
5243,222,0.28125
5243,223,0.375
5243,224,0.4375
5244,0,0.21875
5244,1,0.234375
5244,2,0.1875
5244,3,0.28125
5244,4,0.3125
5244,5,0.453125
5244,6,0.53125
5244,7,0.46875
5244,8,0.5
5244,9,0.3125
5244,10,0.265625
5244,11,0.359375
5244,12,0.28125
5244,13,0.296875
5244,14,0.34375
5244,15,0.390625
5244,16,0.234375
5244,17,0.203125
5244,18,0.265625
5244,19,0.234375
5244,20,0.28125
5244,21,0.203125
5244,22,0.265625
5244,23,0.21875
5244,24,0.28125
5244,25,0.328125
5244,26,0.265625
5244,27,0.171875
5244,28,0.265625
5244,29,0.21875
5244,30,0.234375
5244,31,0.296875
5244,32,0.328125
5244,33,0.15625
5244,34,0.21875
5244,35,0.203125
5244,36,0.203125
5244,37,0.296875
5244,38,0.328125
5244,39,0.40625
5244,40,0.1875
5244,41,0.25
5244,42,0.140625
5244,43,0.125
5244,44,0.171875
5244,45,0.203125
5244,46,0.21875
5244,47,0.171875
5244,48,0.171875
5244,49,0.234375
5244,50,0.296875
5244,51,0.25
5244,52,0.140625
5244,53,0.140625
5244,54,0.171875
5244,55,0.140625
5244,56,0.25
5244,57,0.265625
5244,58,0.265625
5244,59,0.3125
5244,60,0.25
5244,61,0.1875
5244,62,0.21875
5244,63,0.234375
5244,64,0.34375
5244,65,0.25
5244,66,0.3125
5244,67,0.265625
5244,68,0.1875
5244,69,0.328125
5244,70,0.359375
5244,71,0.421875
5244,72,0.203125
5244,73,0.21875
5244,74,0.1875
5244,75,0.296875
5244,76,0.296875
5244,77,0.25
5244,78,0.34375
5244,79,0.40625
5244,80,0.375
5244,81,0.34375
5244,82,0.3125
5244,83,0.265625
5244,84,0.1875
5244,85,0.25
5244,86,0.296875
5244,87,0.375
5244,88,0.296875
5244,89,0.3125
5244,90,0.25
5244,91,0.1875
5244,92,0.21875
5244,93,0.28125
5244,94,0.203125
5244,95,0.203125
5244,96,0.3125
5244,97,0.265625
5244,98,0.328125
5244,99,0.203125
5244,100,0.28125
5244,101,0.21875
5244,102,0.25
5244,103,0.21875
5244,104,0.1875
5244,105,0.25
5244,106,0.203125
5244,107,0.265625
5244,108,0.265625
5244,109,0.28125
5244,110,0.40625
5244,111,0.359375
5244,112,0.4375
5244,113,0.53125
5244,114,0.53125
5244,115,0.375
5244,116,0.421875
5244,117,0.40625
5244,118,0.265625
5244,119,0.34375
5244,120,0.21875
5244,121,0.234375
5244,122,0.296875
5244,123,0.234375
5244,124,0.203125
5244,125,0.296875
5244,126,0.234375
5244,127,0.15625
5244,128,0.15625
5244,129,0.21875
5244,130,0.28125
5244,131,0.3125
5244,132,0.28125
5244,133,0.21875
5244,134,0.265625
5244,135,0.328125
5244,136,0.28125
5244,137,0.53125
5245,0,0.15625
5245,1,0.09375
5245,2,0.234375
5245,3,0.109375
5245,4,0.140625
5245,5,0.234375
5245,6,0.28125
5245,7,0.328125
5245,8,0.34375
5245,9,0.265625
5245,10,0.234375
5245,11,0.296875
5245,12,0.375
5245,13,0.25
5245,14,0.328125
5245,15,0.265625
5245,16,0.328125
5245,17,0.375
5245,18,0.359375
5245,19,0.40625
5245,20,0.359375
5245,21,0.40625
5245,22,0.4375
5245,23,0.390625
5245,24,0.484375
5245,25,0.421875
5245,26,0.5625
5245,27,0.234375
5245,28,0.21875
5245,29,0.296875
5245,30,0.28125
5245,31,0.21875
5245,32,0.265625
5245,33,0.296875
5245,34,0.28125
5245,35,0.21875
5245,36,0.15625
5245,37,0.265625
5246,0,0.15625
5246,1,0.21875
5246,2,0.125
5246,3,0.171875
5246,4,0.109375
5246,5,0.171875
5246,6,0.109375
5246,7,0.203125
5246,8,0.296875
5246,9,0.171875
5246,10,0.203125
5246,11,0.25
5246,12,0.3125
5246,13,0.375
5246,14,0.296875
5246,15,0.375
5246,16,0.3125
5246,17,0.234375
5246,18,0.28125
5246,19,0.3125
5246,20,0.34375
5246,21,0.296875
5246,22,0.328125
5246,23,0.375
5246,24,0.65625
5247,0,0.234375
5247,1,0.125
5247,2,0.15625
5247,3,0.234375
5247,4,0.28125
5247,5,0.234375
5247,6,0.265625
5247,7,0.109375
5247,8,0.140625
5247,9,0.203125
5247,10,0.09375
5247,11,0.203125
5247,12,0.171875
5247,13,0.1875
5247,14,0.25
5247,15,0.1875
5247,16,0.265625
5247,17,0.203125
5247,18,0.28125
5247,19,0.21875
5247,20,0.28125
5247,21,0.203125
5247,22,0.265625
5247,23,0.21875
5247,24,0.265625
5247,25,0.359375
5247,26,0.296875
5247,27,0.375
5247,28,0.3125
5247,29,0.296875
5247,30,0.34375
5247,31,0.4375
5247,32,0.359375
5247,33,0.4375
5247,34,0.265625
5247,35,0.359375
5247,36,0.40625
5247,37,0.375
5247,38,0.3125
5247,39,0.40625
5248,0,0.15625
5248,1,0.265625
5248,2,0.203125
5248,3,0.28125
5248,4,0.171875
5248,5,0.21875
5248,6,0.25
5248,7,0.21875
5248,8,0.140625
5248,9,0.171875
5248,10,0.265625
5248,11,0.28125
5248,12,0.21875
5248,13,0.25
5248,14,0.296875
5248,15,0.25
5248,16,0.21875
5248,17,0.328125
5248,18,0.28125
5248,19,0.375
5248,20,0.3125
5248,21,0.359375
5248,22,0.28125
5248,23,0.25
5248,24,0.3125
5248,25,0.21875
5248,26,0.28125
5248,27,0.21875
5248,28,0.234375
5248,29,0.34375
5248,30,0.3125
5249,0,0.09375
5249,1,0.171875
5249,2,0.203125
5249,3,0.125
5249,4,0.171875
5249,5,0.125
5249,6,0.15625
5249,7,0.171875
5249,8,0.140625
5249,9,0.234375
5249,10,0.25
5249,11,0.34375
5249,12,0.296875
5249,13,0.25
5249,14,0.296875
5249,15,0.234375
5249,16,0.453125
5249,17,0.5
5249,18,0.46875
5249,19,0.3125
5249,20,0.34375
5249,21,0.40625
5249,22,0.359375
5249,23,0.296875
5249,24,0.34375
5249,25,0.421875
5249,26,0.328125
5249,27,0.25
5249,28,0.171875
5249,29,0.1875
5249,30,0.140625
5249,31,0.21875
5249,32,0.15625
5249,33,0.21875
5249,34,0.15625
5249,35,0.21875
5249,36,0.296875
5249,37,0.375
5249,38,0.296875
5249,39,0.34375
5249,40,0.265625
5249,41,0.328125
5249,42,0.28125
5249,43,0.25
5249,44,0.203125
5249,45,0.203125
5249,46,0.265625
5249,47,0.203125
5249,48,0.28125
5249,49,0.234375
5249,50,0.328125
5249,51,0.265625
5249,52,0.1875
5249,53,0.21875
5249,54,0.171875
5249,55,0.09375
5249,56,0.203125
5249,57,0.265625
5249,58,0.296875
5249,59,0.21875
5249,60,0.28125
5249,61,0.328125
5249,62,0.265625
5249,63,0.34375
5249,64,0.4375
5249,65,0.390625
5249,66,0.328125
5249,67,0.21875
5249,68,0.25
5249,69,0.21875
5249,70,0.28125
5249,71,0.34375
5249,72,0.296875
5249,73,0.265625
5249,74,0.359375
5249,75,0.40625
5249,76,0.34375
5249,77,0.390625
5249,78,0.328125
5249,79,0.390625
5249,80,0.4375
5249,81,0.484375
5249,82,0.5
5249,83,0.4375
5249,84,0.3125
5249,85,0.25
5249,86,0.3125
5249,87,0.390625
5249,88,0.46875
5249,89,0.28125
5249,90,0.296875
5249,91,0.484375
5249,92,0.390625
5249,93,0.453125
5249,94,0.421875
5249,95,0.34375
5249,96,0.40625
5249,97,0.453125
5249,98,0.5625
5249,99,0.625
5250,0,0.078125
5250,1,0.21875
5250,2,0.15625
5250,3,0.234375
5250,4,0.359375
5250,5,0.3125
5250,6,0.359375
5250,7,0.28125
5250,8,0.34375
5250,9,0.296875
5250,10,0.34375
5250,11,0.265625
5250,12,0.46875
5250,13,0.390625
5250,14,0.34375
5250,15,0.3125
5250,16,0.234375
5250,17,0.296875
5250,18,0.375
5250,19,0.390625
5250,20,0.359375
5250,21,0.515625
5250,22,0.359375
5250,23,0.234375
5250,24,0.265625
5250,25,0.328125
5250,26,0.265625
5250,27,0.34375
5250,28,0.171875
5250,29,0.234375
5250,30,0.296875
5250,31,0.21875
5250,32,0.25
5250,33,0.3125
5250,34,0.390625
5250,35,0.5
5250,36,0.46875
5250,37,0.421875
5250,38,0.390625
5250,39,0.34375
5250,40,0.25
5250,41,0.3125
5250,42,0.34375
5250,43,0.28125
5250,44,0.1875
5250,45,0.25
5250,46,0.203125
5250,47,0.234375
5250,48,0.296875
5250,49,0.359375
5250,50,0.3125
5250,51,0.328125
5250,52,0.34375
5250,53,0.265625
5250,54,0.328125
5250,55,0.3125
5250,56,0.15625
5250,57,0.109375
5250,58,0.15625
5250,59,0.1875
5250,60,0.234375
5250,61,0.1875
5250,62,0.109375
5250,63,0.15625
5250,64,0.078125
5250,65,0.140625
5250,66,0.203125
5250,67,0.140625
5250,68,0.109375
5250,69,0.171875
5250,70,0.25
5250,71,0.265625
5250,72,0.1875
5250,73,0.234375
5250,74,0.3125
5250,75,0.28125
5250,76,0.359375
5250,77,0.453125
5250,78,0.53125
5250,79,0.609375
5251,0,0.078125
5251,1,0.1875
5251,2,0.078125
5251,3,0.203125
5251,4,0.1875
5251,5,0.203125
5251,6,0.03125
5251,7,0.109375
5251,8,0.203125
5251,9,0.25
5251,10,0.25
5251,11,0.15625
5251,12,0.203125
5251,13,0.265625
5251,14,0.203125
5251,15,0.28125
5251,16,0.234375
5251,17,0.203125
5251,18,0.234375
5251,19,0.296875
5251,20,0.34375
5251,21,0.125
5251,22,0.21875
5251,23,0.3125
5251,24,0.375
5251,25,0.28125
5251,26,0.265625
5251,27,0.328125
5251,28,0.3125
5251,29,0.40625
5251,30,0.203125
5251,31,0.265625
5251,32,0.265625
5252,0,0.1875
5252,1,0.234375
5252,2,0.03125
5252,3,0.21875
5252,4,0.265625
5252,5,0.328125
5252,6,0.265625
5252,7,0.359375
5252,8,0.40625
5252,9,0.3125
5252,10,0.265625
5252,11,0.21875
5252,12,0.3125
5252,13,0.28125
5252,14,0.25
5252,15,0.265625
5252,16,0.328125
5252,17,0.25
5252,18,0.140625
5252,19,0.28125
5252,20,0.1875
5252,21,0.15625
5252,22,0.265625
5252,23,0.21875
5252,24,0.28125
5252,25,0.15625
5252,26,0.171875
5252,27,0.203125
5252,28,0.296875
5252,29,0.359375
5252,30,0.296875
5252,31,0.265625
5252,32,0.375
5252,33,0.265625
5252,34,0.34375
5252,35,0.265625
5252,36,0.3125
5252,37,0.28125
5252,38,0.359375
5252,39,0.3125
5252,40,0.359375
5252,41,0.546875
5252,42,0.484375
5252,43,0.390625
5252,44,0.4375
5252,45,0.359375
5252,46,0.296875
5252,47,0.15625
5252,48,0.21875
5252,49,0.265625
5252,50,0.34375
5252,51,0.25
5252,52,0.21875
5252,53,0.328125
5252,54,0.171875
5252,55,0.234375
5252,56,0.296875
5252,57,0.25
5252,58,0.265625
5252,59,0.203125
5252,60,0.125
5252,61,0.1875
5252,62,0.25
5252,63,0.1875
5252,64,0.34375
5252,65,0.28125
5252,66,0.171875
5252,67,0.265625
5252,68,0.328125
5252,69,0.265625
5252,70,0.265625
5252,71,0.21875
5252,72,0.265625
5252,73,0.21875
5252,74,0.21875
5252,75,0.265625
5252,76,0.21875
5252,77,0.28125
5252,78,0.421875
5252,79,0.375
5252,80,0.3125
5252,81,0.25
5252,82,0.171875
5252,83,0.25
5252,84,0.34375
5252,85,0.40625
5252,86,0.359375
5252,87,0.3125
5252,88,0.40625
5252,89,0.453125
5252,90,0.390625
5252,91,0.296875
5252,92,0.34375
5252,93,0.421875
5252,94,0.328125
5252,95,0.25
5252,96,0.265625
5252,97,0.328125
5252,98,0.28125
5252,99,0.3125
5252,100,0.25
5252,101,0.34375
5252,102,0.25
5252,103,0.28125
5252,104,0.234375
5252,105,0.328125
5252,106,0.265625
5252,107,0.3125
5252,108,0.34375
5252,109,0.265625
5252,110,0.3125
5252,111,0.234375
5252,112,0.1875
5252,113,0.28125
5252,114,0.3125
5252,115,0.265625
5252,116,0.375
5252,117,0.265625
5252,118,0.34375
5252,119,0.28125
5252,120,0.25
5252,121,0.265625
5252,122,0.234375
5252,123,0.390625
5252,124,0.25
5252,125,0.265625
5252,126,0.34375
5252,127,0.375
5252,128,0.328125
5252,129,0.25
5252,130,0.3125
5252,131,0.375
5252,132,0.28125
5252,133,0.3125
5252,134,0.359375
5252,135,0.28125
5252,136,0.375
5252,137,0.328125
5252,138,0.359375
5252,139,0.296875
5252,140,0.3125
5252,141,0.234375
5252,142,0.171875
5252,143,0.234375
5252,144,0.1875
5252,145,0.21875
5252,146,0.28125
5252,147,0.171875
5252,148,0.21875
5252,149,0.203125
5252,150,0.28125
5252,151,0.21875
5252,152,0.265625
5252,153,0.34375
5252,154,0.390625
5252,155,0.34375
5252,156,0.265625
5252,157,0.25
5252,158,0.296875
5252,159,0.359375
5252,160,0.390625
5252,161,0.3125
5252,162,0.328125
5252,163,0.28125
5252,164,0.203125
5252,165,0.25
5252,166,0.328125
5252,167,0.34375
5252,168,0.296875
5252,169,0.234375
5252,170,0.296875
5252,171,0.1875
5252,172,0.25
5252,173,0.34375
5252,174,0.296875
5252,175,0.34375
5252,176,0.265625
5252,177,0.203125
5252,178,0.234375
5252,179,0.15625
5252,180,0.25
5252,181,0.28125
5252,182,0.234375
5252,183,0.421875
5252,184,0.484375
5252,185,0.421875
5252,186,0.3125
5252,187,0.375
5252,188,0.296875
5252,189,0.265625
5252,190,0.3125
5252,191,0.34375
5252,192,0.28125
5252,193,0.296875
5252,194,0.34375
5252,195,0.265625
5252,196,0.328125
5252,197,0.375
5252,198,0.296875
5252,199,0.265625
5252,200,0.375
5252,201,0.46875
5252,202,0.28125
5252,203,0.328125
5252,204,0.25
5252,205,0.1875
5252,206,0.203125
5252,207,0.171875
5252,208,0.1875
5252,209,0.265625
5252,210,0.21875
5252,211,0.234375
5252,212,0.28125
5252,213,0.078125
5252,214,0.09375
5252,215,0.15625
5252,216,0.21875
5252,217,0.140625
5252,218,0.21875
5252,219,0.15625
5252,220,0.203125
5252,221,0.21875
5252,222,0.265625
5252,223,0.21875
5252,224,0.265625
5252,225,0.265625
5252,226,0.328125
5252,227,0.25
5252,228,0.21875
5252,229,0.265625
5252,230,0.1875
5252,231,0.25
5252,232,0.28125
5252,233,0.328125
5252,234,0.328125
5252,235,0.3125
5252,236,0.40625
5252,237,0.3125
5252,238,0.296875
5252,239,0.390625
5252,240,0.3125
5252,241,0.25
5252,242,0.328125
5252,243,0.375
5252,244,0.25
5252,245,0.171875
5252,246,0.1875
5252,247,0.25
5252,248,0.328125
5252,249,0.265625
5252,250,0.328125
5252,251,0.28125
5252,252,0.234375
5252,253,0.203125
5252,254,0.28125
5252,255,0.359375
5252,256,0.421875
5252,257,0.359375
5252,258,0.40625
5252,259,0.4375
5252,260,0.25
5252,261,0.1875
5252,262,0.234375
5252,263,0.296875
5252,264,0.359375
5252,265,0.3125
5252,266,0.34375
5252,267,0.3125
5252,268,0.25
5252,269,0.34375
5252,270,0.421875
5252,271,0.359375
5252,272,0.40625
5252,273,0.40625
5252,274,0.296875
5252,275,0.34375
5252,276,0.421875
5252,277,0.484375
5252,278,0.265625
5252,279,0.21875
5252,280,0.25
5252,281,0.3125
5252,282,0.296875
5252,283,0.390625
5252,284,0.296875
5252,285,0.21875
5252,286,0.265625
5252,287,0.203125
5252,288,0.3125
5252,289,0.265625
5252,290,0.1875
5252,291,0.25
5252,292,0.296875
5252,293,0.359375
5252,294,0.3125
5252,295,0.359375
5252,296,0.296875
5252,297,0.359375
5252,298,0.296875
5252,299,0.3125
5252,300,0.375
5252,301,0.234375
5252,302,0.203125
5252,303,0.28125
5252,304,0.1875
5252,305,0.171875
5252,306,0.109375
5252,307,0.140625
5252,308,0.140625
5252,309,0.265625
5252,310,0.203125
5252,311,0.28125
5252,312,0.1875
5252,313,0.265625
5252,314,0.359375
5252,315,0.296875
5252,316,0.390625
5252,317,0.328125
5252,318,0.265625
5252,319,0.203125
5252,320,0.265625
5252,321,0.203125
5252,322,0.328125
5252,323,0.375
5252,324,0.3125
5252,325,0.234375
5252,326,0.171875
5252,327,0.21875
5252,328,0.265625
5252,329,0.328125
5252,330,0.25
5252,331,0.28125
5252,332,0.203125
5252,333,0.25
5252,334,0.3125
5252,335,0.328125
5252,336,0.265625
5252,337,0.21875
5252,338,0.25
5252,339,0.296875
5252,340,0.359375
5252,341,0.25
5252,342,0.3125
5252,343,0.359375
5252,344,0.4375
5252,345,0.5
5252,346,0.4375
5252,347,0.390625
5252,348,0.328125
5252,349,0.296875
5252,350,0.203125
5252,351,0.25
5252,352,0.296875
5252,353,0.328125
5252,354,0.3125
5252,355,0.40625
5252,356,0.421875
5252,357,0.3125
5252,358,0.328125
5252,359,0.25
5252,360,0.296875
5252,361,0.296875
5252,362,0.359375
5252,363,0.375
5252,364,0.296875
5252,365,0.375
5253,0,0.1875
5253,1,0.109375
5253,2,0.171875
5253,3,0.203125
5253,4,0.171875
5253,5,0.234375
5253,6,0.296875
5253,7,0.34375
5253,8,0.28125
5253,9,0.34375
5253,10,0.421875
5253,11,0.34375
5253,12,0.3125
5253,13,0.390625
5253,14,0.46875
5253,15,0.390625
5253,16,0.3125
5253,17,0.390625
5253,18,0.375
5253,19,0.421875
5253,20,0.484375
5253,21,0.46875
5253,22,0.421875
5253,23,0.34375
5253,24,0.296875
5253,25,0.234375
5253,26,0.171875
5253,27,0.234375
5253,28,0.296875
5253,29,0.34375
5253,30,0.25
5253,31,0.203125
5253,32,0.25
5253,33,0.203125
5253,34,0.265625
5253,35,0.328125
5253,36,0.375
5253,37,0.4375
5253,38,0.515625
5253,39,0.453125
5253,40,0.375
5253,41,0.421875
5253,42,0.359375
5253,43,0.296875
5253,44,0.375
5253,45,0.390625
5253,46,0.34375
5253,47,0.3125
5253,48,0.484375
5253,49,0.390625
5253,50,0.40625
5253,51,0.34375
5253,52,0.28125
5253,53,0.3125
5253,54,0.21875
5253,55,0.296875
5253,56,0.265625
5253,57,0.234375
5253,58,0.296875
5253,59,0.515625
5254,0,0.046875
5254,1,0.171875
5254,2,0.234375
5254,3,0.171875
5254,4,0.234375
5254,5,0.265625
5254,6,0.203125
5254,7,0.28125
5254,8,0.25
5254,9,0.1875
5254,10,0.265625
5254,11,0.1875
5254,12,0.25
5254,13,0.34375
5254,14,0.25
5254,15,0.203125
5254,16,0.265625
5254,17,0.28125
5254,18,0.265625
5254,19,0.328125
5254,20,0.25
5254,21,0.265625
5254,22,0.3125
5254,23,0.359375
5254,24,0.3125
5254,25,0.34375
5254,26,0.140625
5254,27,0.21875
5254,28,0.25
5254,29,0.1875
5254,30,0.28125
5254,31,0.296875
5254,32,0.3125
5254,33,0.40625
5254,34,0.421875
5254,35,0.359375
5254,36,0.328125
5254,37,0.25
5254,38,0.328125
5254,39,0.265625
5254,40,0.328125
5254,41,0.25
5254,42,0.34375
5254,43,0.390625
5254,44,0.453125
5254,45,0.28125
5254,46,0.359375
5254,47,0.359375
5254,48,0.40625
5254,49,0.40625
5254,50,0.484375
5254,51,0.421875
5254,52,0.359375
5254,53,0.234375
5254,54,0.296875
5254,55,0.296875
5254,56,0.359375
5254,57,0.171875
5254,58,0.203125
5254,59,0.28125
5254,60,0.3125
5254,61,0.40625
5254,62,0.453125
5254,63,0.34375
5254,64,0.390625
5254,65,0.390625
5254,66,0.453125
5254,67,0.390625
5254,68,0.265625
5254,69,0.3125
5254,70,0.25
5254,71,0.328125
5254,72,0.40625
5255,0,0.203125
5255,1,0.234375
5255,2,0.296875
5255,3,0.25
5255,4,0.296875
5255,5,0.203125
5255,6,0.15625
5255,7,0.234375
5255,8,0.296875
5255,9,0.171875
5255,10,0.234375
5255,11,0.3125
5255,12,0.234375
5255,13,0.28125
5255,14,0.21875
5255,15,0.234375
5255,16,0.125
5255,17,0.1875
5255,18,0.25
5255,19,0.203125
5255,20,0.15625
5255,21,0.234375
5255,22,0.28125
5255,23,0.34375
5256,0,0.203125
5256,1,0.140625
5256,2,0.234375
5256,3,0.203125
5256,4,0.15625
5256,5,0.1875
5256,6,0.265625
5256,7,0.375
5256,8,0.15625
5256,9,0.1875
5256,10,0.25
5256,11,0.3125
5256,12,0.390625
5256,13,0.359375
5256,14,0.46875
5256,15,0.375
5256,16,0.296875
5256,17,0.25
5256,18,0.203125
5256,19,0.3125
5256,20,0.25
5256,21,0.296875
5256,22,0.34375
5256,23,0.25
5256,24,0.28125
5256,25,0.234375
5256,26,0.328125
5256,27,0.3125
5256,28,0.234375
5256,29,0.3125
5256,30,0.21875
5256,31,0.265625
5256,32,0.3125
5256,33,0.25
5256,34,0.203125
5256,35,0.359375
5256,36,0.21875
5256,37,0.265625
5256,38,0.296875
5256,39,0.265625
5256,40,0.328125
5256,41,0.28125
5256,42,0.3125
5256,43,0.40625
5256,44,0.4375
5256,45,0.296875
5256,46,0.34375
5256,47,0.375
5256,48,0.40625
5256,49,0.546875
5256,50,0.328125
5256,51,0.46875
5256,52,0.359375
5256,53,0.296875
5256,54,0.453125
5256,55,0.421875
5256,56,0.296875
5256,57,0.34375
5256,58,0.359375
5256,59,0.3125
5256,60,0.234375
5256,61,0.3125
5256,62,0.375
5256,63,0.453125
5256,64,0.28125
5256,65,0.265625
5256,66,0.203125
5256,67,0.203125
5256,68,0.28125
5256,69,0.1875
5256,70,0.265625
5256,71,0.34375
5256,72,0.28125
5256,73,0.359375
5256,74,0.328125
5256,75,0.265625
5256,76,0.1875
5256,77,0.25
5256,78,0.3125
5256,79,0.390625
5256,80,0.34375
5256,81,0.390625
5256,82,0.3125
5256,83,0.375
5256,84,0.28125
5256,85,0.5
5256,86,0.453125
5256,87,0.28125
5256,88,0.359375
5256,89,0.421875
5256,90,0.4375
5256,91,0.25
5256,92,0.34375
5256,93,0.375
5256,94,0.296875
5256,95,0.25
5256,96,0.1875
5256,97,0.21875
5256,98,0.3125
5256,99,0.25
5256,100,0.28125
5256,101,0.234375
5256,102,0.3125
5256,103,0.265625
5256,104,0.1875
5256,105,0.265625
5256,106,0.375
5256,107,0.234375
5256,108,0.15625
5256,109,0.15625
5256,110,0.203125
5256,111,0.234375
5256,112,0.328125
5256,113,0.25
5256,114,0.171875
5256,115,0.25
5256,116,0.34375
5256,117,0.296875
5256,118,0.453125
5256,119,0.421875
5256,120,0.34375
5256,121,0.40625
5256,122,0.375
5256,123,0.3125
5256,124,0.328125
5256,125,0.34375
5256,126,0.40625
5256,127,0.4375
5256,128,0.375
5256,129,0.421875
5256,130,0.328125
5256,131,0.28125
5256,132,0.328125
5256,133,0.25
5256,134,0.328125
5256,135,0.21875
5256,136,0.296875
5256,137,0.328125
5256,138,0.40625
5256,139,0.28125
5256,140,0.359375
5256,141,0.390625
5257,0,0.1875
5257,1,0.171875
5257,2,0.265625
5257,3,0.3125
5257,4,0.203125
5257,5,0.28125
5257,6,0.203125
5257,7,0.25
5257,8,0.1875
5257,9,0.203125
5257,10,0.15625
5257,11,0.171875
5257,12,0.109375
5257,13,0.109375
5257,14,0.1875
5257,15,0.28125
5257,16,0.21875
5257,17,0.203125
5257,18,0.28125
5257,19,0.265625
5257,20,0.28125
5257,21,0.25
5257,22,0.3125
5257,23,0.375
5257,24,0.34375
5257,25,0.296875
5257,26,0.34375
5257,27,0.40625
5257,28,0.34375
5257,29,0.46875
5257,30,0.390625
5257,31,0.375
5258,0,0.15625
5258,1,0.21875
5258,2,0.1875
5258,3,0.265625
5258,4,0.15625
5258,5,0.15625
5258,6,0.25
5258,7,0.3125
5258,8,0.28125
5258,9,0.296875
5258,10,0.21875
5258,11,0.265625
5258,12,0.328125
5258,13,0.28125
5258,14,0.328125
5258,15,0.40625
5258,16,0.328125
5258,17,0.375
5258,18,0.421875
5258,19,0.453125
5258,20,0.40625
5258,21,0.21875
5258,22,0.28125
5258,23,0.234375
5258,24,0.234375
5258,25,0.296875
5258,26,0.34375
5258,27,0.296875
5258,28,0.234375
5258,29,0.1875
5258,30,0.25
5258,31,0.328125
5258,32,0.234375
5258,33,0.28125
5258,34,0.265625
5258,35,0.328125
5258,36,0.34375
5258,37,0.390625
5258,38,0.328125
5258,39,0.375
5258,40,0.515625
5258,41,0.5625
5258,42,0.5
5258,43,0.421875
5258,44,0.359375
5258,45,0.390625
5258,46,0.1875
5258,47,0.25
5258,48,0.265625
5258,49,0.21875
5258,50,0.25
5258,51,0.28125
5258,52,0.3125
5258,53,0.28125
5258,54,0.296875
5258,55,0.25
5258,56,0.171875
5258,57,0.234375
5258,58,0.296875
5258,59,0.296875
5258,60,0.359375
5258,61,0.15625
5258,62,0.171875
5258,63,0.21875
5258,64,0.328125
5258,65,0.265625
5258,66,0.234375
5258,67,0.21875
5258,68,0.28125
5258,69,0.296875
5258,70,0.234375
5258,71,0.3125
5258,72,0.390625
5258,73,0.453125
5258,74,0.515625
5258,75,0.578125
5258,76,0.515625
5258,77,0.453125
5258,78,0.40625
5258,79,0.359375
5258,80,0.296875
5258,81,0.234375
5258,82,0.296875
5258,83,0.296875
5258,84,0.359375
5258,85,0.28125
5258,86,0.1875
5258,87,0.21875
5258,88,0.3125
5258,89,0.375
5258,90,0.453125
5258,91,0.234375
5258,92,0.375
5258,93,0.515625
5258,94,0.328125
5258,95,0.25
5258,96,0.15625
5258,97,0.21875
5258,98,0.265625
5258,99,0.21875
5258,100,0.3125
5258,101,0.203125
5258,102,0.34375
5258,103,0.265625
5258,104,0.34375
5258,105,0.3125
5258,106,0.25
5258,107,0.3125
5258,108,0.390625
5258,109,0.328125
5258,110,0.375
5258,111,0.484375
5258,112,0.421875
5258,113,0.3125
5258,114,0.40625
5258,115,0.296875
5258,116,0.234375
5258,117,0.328125
5258,118,0.328125
5258,119,0.21875
5258,120,0.28125
5258,121,0.34375
5258,122,0.328125
5258,123,0.234375
5258,124,0.328125
5258,125,0.265625
5258,126,0.359375
5258,127,0.28125
5258,128,0.3125
5258,129,0.203125
5258,130,0.203125
5258,131,0.265625
5258,132,0.203125
5258,133,0.3125
5258,134,0.296875
5258,135,0.25
5258,136,0.15625
5258,137,0.203125
5258,138,0.21875
5258,139,0.28125
5258,140,0.203125
5258,141,0.140625
5258,142,0.09375
5258,143,0.1875
5258,144,0.1875
5258,145,0.171875
5258,146,0.234375
5258,147,0.171875
5258,148,0.1875
5258,149,0.21875
5258,150,0.1875
5258,151,0.28125
5258,152,0.359375
5258,153,0.296875
5258,154,0.234375
5258,155,0.25
5258,156,0.3125
5258,157,0.375
5258,158,0.4375
5258,159,0.375
5258,160,0.40625
5258,161,0.34375
5258,162,0.28125
5258,163,0.328125
5258,164,0.40625
5258,165,0.4375
5258,166,0.46875
5258,167,0.375
5258,168,0.40625
5258,169,0.375
5258,170,0.46875
5258,171,0.34375
5258,172,0.390625
5258,173,0.328125
5258,174,0.4375
5258,175,0.40625
5258,176,0.296875
5258,177,0.296875
5258,178,0.328125
5258,179,0.296875
5258,180,0.3125
5258,181,0.25
5258,182,0.140625
5258,183,0.171875
5258,184,0.25
5258,185,0.25
5258,186,0.171875
5258,187,0.15625
5258,188,0.09375
5258,189,0.140625
5258,190,0.1875
5258,191,0.234375
5258,192,0.25
5258,193,0.328125
5258,194,0.3125
5258,195,0.375
5258,196,0.546875
5259,0,0.203125
5259,1,0.21875
5259,2,0.125
5259,3,0.125
5259,4,0.1875
5259,5,0.25
5259,6,0.25
5259,7,0.21875
5259,8,0.296875
5259,9,0.15625
5259,10,0.234375
5259,11,0.296875
5259,12,0.265625
5259,13,0.359375
5259,14,0.34375
5259,15,0.28125
5259,16,0.25
5259,17,0.171875
5259,18,0.203125
5259,19,0.25
5259,20,0.296875
5259,21,0.375
5259,22,0.3125
5259,23,0.359375
5259,24,0.15625
5259,25,0.21875
5259,26,0.296875
5259,27,0.375
5259,28,0.21875
5259,29,0.359375
5259,30,0.265625
5259,31,0.4375
5259,32,0.375
5259,33,0.421875
5259,34,0.390625
5259,35,0.359375
5259,36,0.453125
5259,37,0.484375
5259,38,0.515625
5259,39,0.46875
5259,40,0.390625
5259,41,0.328125
5259,42,0.21875
5259,43,0.140625
5259,44,0.21875
5259,45,0.28125
5259,46,0.234375
5259,47,0.203125
5259,48,0.28125
5259,49,0.34375
5259,50,0.421875
5259,51,0.421875
5259,52,0.234375
5259,53,0.359375
5259,54,0.265625
5259,55,0.203125
5259,56,0.265625
5259,57,0.359375
5259,58,0.484375
5259,59,0.4375
5259,60,0.390625
5259,61,0.53125
5259,62,0.5
5260,0,0.21875
5260,1,0.28125
5260,2,0.1875
5260,3,0.15625
5260,4,0.375
5260,5,0.453125
5260,6,0.390625
5260,7,0.421875
5260,8,0.265625
5260,9,0.3125
5260,10,0.390625
5260,11,0.296875
5260,12,0.390625
5260,13,0.46875
5260,14,0.3125
5260,15,0.359375
5260,16,0.40625
5260,17,0.421875
5260,18,0.34375
5260,19,0.296875
5260,20,0.34375
5260,21,0.375
5260,22,0.328125
5260,23,0.28125
5260,24,0.375
5260,25,0.25
5260,26,0.28125
5260,27,0.328125
5260,28,0.25
5260,29,0.34375
5260,30,0.3125
5260,31,0.21875
5260,32,0.21875
5260,33,0.203125
5260,34,0.265625
5260,35,0.375
5260,36,0.34375
5260,37,0.296875
5260,38,0.359375
5260,39,0.296875
5260,40,0.359375
5260,41,0.25
5260,42,0.171875
5260,43,0.1875
5260,44,0.25
5260,45,0.1875
5260,46,0.234375
5260,47,0.15625
5260,48,0.21875
5260,49,0.265625
5260,50,0.265625
5260,51,0.203125
5260,52,0.34375
5260,53,0.25
5260,54,0.234375
5260,55,0.296875
5260,56,0.21875
5260,57,0.25
5260,58,0.3125
5260,59,0.34375
5260,60,0.28125
5260,61,0.390625
5260,62,0.203125
5260,63,0.25
5260,64,0.15625
5260,65,0.234375
5260,66,0.28125
5260,67,0.359375
5260,68,0.453125
5260,69,0.375
5260,70,0.3125
5260,71,0.390625
5260,72,0.265625
5260,73,0.328125
5260,74,0.28125
5260,75,0.3125
5260,76,0.375
5260,77,0.296875
5260,78,0.40625
5260,79,0.109375
5260,80,0.203125
5260,81,0.203125
5260,82,0.265625
5260,83,0.1875
5260,84,0.140625
5260,85,0.1875
5260,86,0.265625
5260,87,0.375
5260,88,0.3125
5260,89,0.265625
5260,90,0.25
5260,91,0.3125
5260,92,0.28125
5260,93,0.25
5260,94,0.171875
5260,95,0.265625
5260,96,0.234375
5260,97,0.21875
5260,98,0.28125
5260,99,0.3125
5260,100,0.203125
5260,101,0.25
5260,102,0.234375
5260,103,0.296875
5260,104,0.234375
5260,105,0.390625
5260,106,0.265625
5260,107,0.34375
5260,108,0.375
5260,109,0.328125
5260,110,0.265625
5260,111,0.328125
5260,112,0.25
5260,113,0.265625
5260,114,0.328125
5260,115,0.265625
5260,116,0.265625
5260,117,0.234375
5260,118,0.1875
5260,119,0.234375
5260,120,0.3125
5260,121,0.40625
5261,0,0.140625
5261,1,0.21875
5261,2,0.15625
5261,3,0.328125
5261,4,0.21875
5261,5,0.125
5261,6,0.1875
5261,7,0.15625
5261,8,0.25
5261,9,0.34375
5261,10,0.28125
5261,11,0.359375
5261,12,0.296875
5261,13,0.328125
5261,14,0.234375
5261,15,0.171875
5261,16,0.234375
5261,17,0.234375
5261,18,0.28125
5261,19,0.328125
5261,20,0.421875
5261,21,0.359375
5261,22,0.453125
5261,23,0.546875
5261,24,0.484375
5261,25,0.390625
5261,26,0.3125
5261,27,0.3125
5261,28,0.234375
5261,29,0.328125
5261,30,0.40625
5261,31,0.3125
5261,32,0.34375
5261,33,0.265625
5261,34,0.171875
5261,35,0.203125
5261,36,0.28125
5261,37,0.3125
5261,38,0.296875
5261,39,0.375
5261,40,0.34375
5261,41,0.28125
5261,42,0.328125
5261,43,0.40625
5261,44,0.453125
5261,45,0.25
5261,46,0.28125
5261,47,0.34375
5261,48,0.3125
5261,49,0.375
5261,50,0.390625
5261,51,0.34375
5261,52,0.375
5261,53,0.359375
5261,54,0.328125
5261,55,0.296875
5261,56,0.359375
5261,57,0.28125
5261,58,0.234375
5261,59,0.3125
5261,60,0.25
5261,61,0.296875
5261,62,0.34375
5261,63,0.375
5261,64,0.3125
5261,65,0.265625
5261,66,0.25
5261,67,0.390625
5262,0,0.203125
5262,1,0.078125
5262,2,0.125
5262,3,0.203125
5262,4,0.28125
5262,5,0.3125
5262,6,0.25
5262,7,0.296875
5262,8,0.1875
5262,9,0.25
5262,10,0.375
5262,11,0.234375
5262,12,0.28125
5262,13,0.25
5262,14,0.28125
5262,15,0.40625
5262,16,0.3125
5262,17,0.296875
5262,18,0.3125
5262,19,0.375
5262,20,0.3125
5262,21,0.375
5262,22,0.265625
5262,23,0.171875
5262,24,0.21875
5262,25,0.296875
5262,26,0.34375
5262,27,0.296875
5262,28,0.359375
5262,29,0.328125
5262,30,0.390625
5262,31,0.4375
5262,32,0.359375
5262,33,0.484375
5262,34,0.421875
5262,35,0.25
5262,36,0.328125
5262,37,0.40625
5262,38,0.375
5262,39,0.265625
5262,40,0.34375
5262,41,0.25
5262,42,0.203125
5262,43,0.171875
5262,44,0.25
5262,45,0.328125
5263,0,0.21875
5263,1,0.234375
5263,2,0.265625
5263,3,0.203125
5263,4,0.296875
5263,5,0.375
5263,6,0.3125
5263,7,0.34375
5263,8,0.28125
5263,9,0.34375
5263,10,0.21875
5263,11,0.1875
5263,12,0.09375
5263,13,0.125
5263,14,0.28125
5263,15,0.28125
5263,16,0.328125
5263,17,0.296875
5263,18,0.25
5263,19,0.3125
5263,20,0.28125
5263,21,0.296875
5263,22,0.3125
5263,23,0.3125
5263,24,0.25
5263,25,0.203125
5263,26,0.265625
5263,27,0.28125
5263,28,0.28125
5263,29,0.3125
5263,30,0.390625
5263,31,0.53125
5263,32,0.4375
5263,33,0.515625
5263,34,0.4375
5263,35,0.421875
5263,36,0.28125
5263,37,0.359375
5263,38,0.203125
5263,39,0.140625
5263,40,0.203125
5263,41,0.234375
5263,42,0.28125
5263,43,0.265625
5263,44,0.34375
5263,45,0.25
5263,46,0.296875
5263,47,0.328125
5263,48,0.25
5263,49,0.265625
5263,50,0.21875
5263,51,0.296875
5263,52,0.359375
5263,53,0.28125
5263,54,0.25
5263,55,0.21875
5263,56,0.328125
5263,57,0.40625
5263,58,0.34375
5263,59,0.21875
5263,60,0.171875
5263,61,0.234375
5263,62,0.3125
5263,63,0.265625
5263,64,0.296875
5263,65,0.375
5263,66,0.390625
5263,67,0.4375
5263,68,0.296875
5263,69,0.234375
5263,70,0.328125
5263,71,0.25
5263,72,0.296875
5263,73,0.25
5263,74,0.171875
5263,75,0.328125
5263,76,0.390625
5263,77,0.296875
5263,78,0.25
5263,79,0.1875
5263,80,0.265625
5263,81,0.3125
5263,82,0.25
5263,83,0.28125
5263,84,0.3125
5263,85,0.25
5263,86,0.28125
5263,87,0.234375
5263,88,0.28125
5263,89,0.28125
5263,90,0.328125
5263,91,0.40625
5263,92,0.46875
5263,93,0.390625
5263,94,0.609375
5264,0,0.265625
5264,1,0.3125
5264,2,0.265625
5264,3,0.328125
5264,4,0.21875
5264,5,0.234375
5264,6,0.28125
5264,7,0.21875
5264,8,0.265625
5264,9,0.34375
5264,10,0.46875
5264,11,0.390625
5264,12,0.296875
5264,13,0.375
5264,14,0.34375
5264,15,0.28125
5264,16,0.34375
5264,17,0.40625
5265,0,0.15625
5265,1,0.109375
5265,2,0.171875
5265,3,0.25
5265,4,0.28125
5265,5,0.234375
5265,6,0.15625
5265,7,0.21875
5265,8,0.34375
5265,9,0.25
5265,10,0.296875
5265,11,0.21875
5265,12,0.140625
5265,13,0.1875
5265,14,0.234375
5265,15,0.265625
5265,16,0.21875
5265,17,0.34375
5265,18,0.296875
5265,19,0.375
5265,20,0.25
5265,21,0.328125
5265,22,0.28125
5265,23,0.328125
5265,24,0.25
5265,25,0.21875
5265,26,0.28125
5265,27,0.4375
5265,28,0.3125
5265,29,0.34375
5265,30,0.40625
5265,31,0.296875
5265,32,0.34375
5265,33,0.390625
5265,34,0.3125
5265,35,0.234375
5265,36,0.484375
5265,37,0.453125
5265,38,0.53125
5265,39,0.34375
5265,40,0.265625
5265,41,0.203125
5265,42,0.15625
5265,43,0.234375
5265,44,0.203125
5265,45,0.296875
5265,46,0.234375
5265,47,0.296875
5265,48,0.21875
5265,49,0.3125
5265,50,0.359375
5265,51,0.140625
5265,52,0.1875
5265,53,0.28125
5265,54,0.234375
5265,55,0.171875
5265,56,0.234375
5265,57,0.1875
5265,58,0.28125
5265,59,0.40625
5265,60,0.359375
5265,61,0.453125
5265,62,0.34375
5265,63,0.265625
5265,64,0.21875
5265,65,0.3125
5265,66,0.265625
5265,67,0.25
5265,68,0.203125
5265,69,0.28125
5265,70,0.265625
5265,71,0.359375
5265,72,0.359375
5265,73,0.28125
5265,74,0.25
5265,75,0.390625
5265,76,0.265625
5265,77,0.234375
5265,78,0.296875
5265,79,0.265625
5265,80,0.25
5265,81,0.21875
5265,82,0.265625
5265,83,0.359375
5265,84,0.40625
5266,0,0.171875
5266,1,0.25
5266,2,0.3125
5266,3,0.140625
5266,4,0.21875
5266,5,0.21875
5266,6,0.265625
5266,7,0.421875
5266,8,0.375
5266,9,0.296875
5266,10,0.234375
5266,11,0.25
5266,12,0.296875
5266,13,0.34375
5266,14,0.296875
5266,15,0.34375
5266,16,0.34375
5266,17,0.25
5266,18,0.296875
5266,19,0.203125
5266,20,0.265625
5266,21,0.21875
5266,22,0.15625
5266,23,0.234375
5266,24,0.296875
5266,25,0.390625
5266,26,0.1875
5266,27,0.15625
5266,28,0.1875
5266,29,0.21875
5266,30,0.140625
5266,31,0.21875
5266,32,0.3125
5266,33,0.234375
5266,34,0.28125
5266,35,0.359375
5266,36,0.234375
5266,37,0.3125
5266,38,0.34375
5266,39,0.296875
5266,40,0.328125
5266,41,0.296875
5266,42,0.34375
5266,43,0.453125
5266,44,0.3125
5266,45,0.40625
5266,46,0.375
5266,47,0.40625
5266,48,0.328125
5266,49,0.421875
5266,50,0.546875
5266,51,0.390625
5267,0,0.078125
5267,1,0.125
5267,2,0.078125
5267,3,0.09375
5267,4,0.15625
5267,5,0.21875
5267,6,0.171875
5267,7,0.234375
5267,8,0.3125
5267,9,0.234375
5267,10,0.28125
5267,11,0.34375
5267,12,0.390625
5267,13,0.34375
5267,14,0.25
5267,15,0.3125
5267,16,0.28125
5267,17,0.28125
5267,18,0.328125
5267,19,0.34375
5267,20,0.265625
5267,21,0.3125
5267,22,0.25
5267,23,0.15625
5267,24,0.234375
5267,25,0.203125
5267,26,0.390625
5267,27,0.328125
5267,28,0.421875
5267,29,0.359375
5267,30,0.296875
5267,31,0.28125
5267,32,0.1875
5267,33,0.25
5267,34,0.296875
5267,35,0.234375
5267,36,0.15625
5267,37,0.234375
5267,38,0.296875
5267,39,0.296875
5267,40,0.359375
5267,41,0.3125
5267,42,0.28125
5267,43,0.296875
5267,44,0.28125
5267,45,0.265625
5267,46,0.28125
5267,47,0.234375
5267,48,0.3125
5267,49,0.390625
5267,50,0.328125
5267,51,0.34375
5267,52,0.265625
5267,53,0.390625
5267,54,0.171875
5267,55,0.1875
5267,56,0.25
5267,57,0.296875
5267,58,0.359375
5267,59,0.296875
5267,60,0.21875
5267,61,0.28125
5267,62,0.359375
5267,63,0.40625
5267,64,0.328125
5267,65,0.34375
5267,66,0.265625
5267,67,0.21875
5267,68,0.1875
5267,69,0.25
5267,70,0.171875
5267,71,0.203125
5267,72,0.140625
5267,73,0.125
5267,74,0.171875
5267,75,0.1875
5267,76,0.140625
5267,77,0.1875
5267,78,0.28125
5267,79,0.21875
5267,80,0.171875
5267,81,0.171875
5267,82,0.234375
5267,83,0.296875
5267,84,0.21875
5267,85,0.265625
5267,86,0.203125
5267,87,0.265625
5267,88,0.28125
5267,89,0.28125
5267,90,0.25
5267,91,0.3125
5267,92,0.171875
5267,93,0.234375
5267,94,0.171875
5267,95,0.1875
5267,96,0.28125
5267,97,0.3125
5267,98,0.21875
5267,99,0.25
5267,100,0.140625
5267,101,0.1875
5267,102,0.25
5267,103,0.296875
5267,104,0.3125
5267,105,0.234375
5267,106,0.234375
5267,107,0.1875
5267,108,0.109375
5267,109,0.0625
5267,110,0.125
5267,111,0.203125
5267,112,0.15625
5267,113,0.21875
5267,114,0.25
5267,115,0.3125
5267,116,0.296875
5267,117,0.203125
5267,118,0.25
5267,119,0.3125
5267,120,0.375
5267,121,0.4375
5267,122,0.21875
5267,123,0.234375
5267,124,0.25
5267,125,0.328125
5267,126,0.421875
5267,127,0.3125
5267,128,0.390625
5267,129,0.453125
5267,130,0.359375
5267,131,0.3125
5267,132,0.234375
5267,133,0.3125
5267,134,0.25
5267,135,0.28125
5267,136,0.328125
5267,137,0.203125
5267,138,0.25
5267,139,0.296875
5267,140,0.453125
5267,141,0.375
5267,142,0.296875
5267,143,0.296875
5267,144,0.25
5267,145,0.1875
5267,146,0.265625
5267,147,0.1875
5267,148,0.25
5267,149,0.21875
5267,150,0.28125
5267,151,0.21875
5267,152,0.390625
5267,153,0.3125
5267,154,0.25
5267,155,0.3125
5267,156,0.21875
5267,157,0.28125
5267,158,0.203125
5267,159,0.28125
5267,160,0.25
5267,161,0.21875
5267,162,0.15625
5267,163,0.203125
5267,164,0.359375
5267,165,0.28125
5267,166,0.265625
5267,167,0.203125
5267,168,0.25
5267,169,0.28125
5267,170,0.40625
5267,171,0.3125
5267,172,0.203125
5267,173,0.296875
5267,174,0.171875
5267,175,0.125
5267,176,0.1875
5267,177,0.265625
5267,178,0.34375
5267,179,0.40625
5267,180,0.34375
5267,181,0.234375
5267,182,0.234375
5267,183,0.3125
5267,184,0.234375
5267,185,0.375
5267,186,0.328125
5267,187,0.28125
5267,188,0.234375
5267,189,0.328125
5267,190,0.28125
5267,191,0.171875
5267,192,0.234375
5267,193,0.296875
5267,194,0.390625
5267,195,0.453125
5267,196,0.390625
5267,197,0.453125
5267,198,0.28125
5267,199,0.3125
5267,200,0.34375
5267,201,0.265625
5267,202,0.203125
5267,203,0.265625
5267,204,0.21875
5267,205,0.234375
5267,206,0.296875
5267,207,0.25
5267,208,0.328125
5267,209,0.21875
5267,210,0.296875
5267,211,0.203125
5267,212,0.234375
5267,213,0.265625
5267,214,0.359375
5267,215,0.453125
5267,216,0.25
5267,217,0.328125
5267,218,0.265625
5267,219,0.328125
5267,220,0.40625
5267,221,0.4375
5267,222,0.46875
5267,223,0.28125
5267,224,0.234375
5267,225,0.3125
5267,226,0.375
5267,227,0.3125
5267,228,0.375
5267,229,0.25
5267,230,0.296875
5267,231,0.21875
5267,232,0.28125
5267,233,0.265625
5267,234,0.328125
5267,235,0.265625
5267,236,0.40625
5267,237,0.328125
5267,238,0.421875
5267,239,0.3125
5267,240,0.34375
5267,241,0.359375
5267,242,0.265625
5267,243,0.3125
5267,244,0.21875
5267,245,0.1875
5267,246,0.21875
5267,247,0.296875
5267,248,0.359375
5267,249,0.3125
5267,250,0.25
5267,251,0.3125
5267,252,0.21875
5267,253,0.171875
5267,254,0.1875
5267,255,0.25
5267,256,0.21875
5267,257,0.234375
5267,258,0.375
5267,259,0.34375
5267,260,0.265625
5267,261,0.359375
5267,262,0.375
5267,263,0.5
5267,264,0.328125
5267,265,0.234375
5267,266,0.28125
5267,267,0.234375
5267,268,0.28125
5267,269,0.21875
5267,270,0.359375
5267,271,0.34375
5267,272,0.265625
5267,273,0.34375
5268,0,0.140625
5268,1,0.21875
5268,2,0.28125
5268,3,0.234375
5268,4,0.21875
5268,5,0.328125
5268,6,0.296875
5268,7,0.328125
5268,8,0.28125
5268,9,0.40625
5268,10,0.34375
5268,11,0.265625
5268,12,0.203125
5268,13,0.140625
5268,14,0.1875
5268,15,0.265625
5268,16,0.3125
5268,17,0.265625
5268,18,0.28125
5268,19,0.296875
5268,20,0.25
5268,21,0.3125
5268,22,0.28125
5268,23,0.34375
5268,24,0.265625
5268,25,0.328125
5268,26,0.40625
5268,27,0.328125
5268,28,0.3125
5268,29,0.359375
5268,30,0.390625
5268,31,0.3125
5268,32,0.3125
5268,33,0.234375
5268,34,0.328125
5268,35,0.390625
5268,36,0.28125
5268,37,0.34375
5268,38,0.40625
5268,39,0.5
5268,40,0.4375
5268,41,0.34375
5268,42,0.421875
5268,43,0.375
5268,44,0.390625
5268,45,0.296875
5268,46,0.40625
5268,47,0.34375
5268,48,0.40625
5268,49,0.34375
5268,50,0.28125
5268,51,0.359375
5268,52,0.3125
5268,53,0.265625
5268,54,0.25
5268,55,0.3125
5268,56,0.25
5268,57,0.328125
5268,58,0.34375
5268,59,0.28125
5268,60,0.234375
5268,61,0.390625
5268,62,0.453125
5268,63,0.375
5268,64,0.328125
5268,65,0.25
5268,66,0.203125
5268,67,0.234375
5268,68,0.15625
5268,69,0.203125
5268,70,0.359375
5268,71,0.59375
5269,0,0.078125
5269,1,0.234375
5269,2,0.390625
5269,3,0.171875
5269,4,0.25
5269,5,0.203125
5269,6,0.265625
5269,7,0.4375
5269,8,0.625
5270,0,0.171875
5270,1,0.234375
5270,2,0.296875
5270,3,0.25
5270,4,0.265625
5270,5,0.203125
5270,6,0.28125
5270,7,0.3125
5270,8,0.390625
5270,9,0.390625
5270,10,0.265625
5270,11,0.359375
5270,12,0.296875
5270,13,0.265625
5270,14,0.328125
5270,15,0.265625
5270,16,0.296875
5270,17,0.3125
5270,18,0.265625
5270,19,0.3125
5270,20,0.46875
5270,21,0.390625
5270,22,0.296875
5270,23,0.1875
5270,24,0.28125
5270,25,0.21875
5270,26,0.28125
5270,27,0.359375
5270,28,0.28125
5270,29,0.171875
5270,30,0.109375
5270,31,0.140625
5270,32,0.25
5270,33,0.296875
5270,34,0.21875
5270,35,0.171875
5270,36,0.21875
5270,37,0.171875
5270,38,0.1875
5270,39,0.203125
5270,40,0.265625
5270,41,0.203125
5270,42,0.09375
5270,43,0.171875
5270,44,0.21875
5270,45,0.125
5270,46,0.15625
5270,47,0.15625
5270,48,0.25
5270,49,0.109375
5270,50,0.171875
5270,51,0.21875
5270,52,0.296875
5270,53,0.234375
5270,54,0.296875
5270,55,0.25
5270,56,0.421875
5270,57,0.359375
5270,58,0.296875
5270,59,0.328125
5270,60,0.25
5270,61,0.3125
5270,62,0.328125
5270,63,0.25
5270,64,0.34375
5270,65,0.296875
5270,66,0.328125
5270,67,0.25
5270,68,0.328125
5270,69,0.25
5270,70,0.296875
5270,71,0.265625
5270,72,0.296875
5270,73,0.234375
5270,74,0.125
5270,75,0.25
5270,76,0.21875
5270,77,0.265625
5270,78,0.296875
5270,79,0.171875
5270,80,0.09375
5270,81,0.1875
5270,82,0.140625
5270,83,0.28125
5270,84,0.1875
5270,85,0.328125
5270,86,0.234375
5270,87,0.1875
5270,88,0.265625
5270,89,0.203125
5270,90,0.21875
5270,91,0.296875
5270,92,0.34375
5270,93,0.21875
5270,94,0.34375
5270,95,0.265625
5270,96,0.328125
5270,97,0.40625
5270,98,0.484375
5270,99,0.40625
5270,100,0.484375
5270,101,0.40625
5270,102,0.375
5270,103,0.484375
5270,104,0.4375
5270,105,0.328125
5270,106,0.28125
5270,107,0.265625
5270,108,0.21875
5270,109,0.296875
5270,110,0.359375
5270,111,0.375
5270,112,0.171875
5270,113,0.125
5270,114,0.09375
5270,115,0.171875
5270,116,0.234375
5270,117,0.125
5270,118,0.171875
5270,119,0.234375
5270,120,0.359375
5270,121,0.328125
5270,122,0.234375
5270,123,0.296875
5270,124,0.25
5270,125,0.3125
5270,126,0.40625
5270,127,0.34375
5270,128,0.421875
5270,129,0.5
5270,130,0.421875
5270,131,0.34375
5270,132,0.296875
5270,133,0.453125
5270,134,0.390625
5270,135,0.359375
5270,136,0.265625
5270,137,0.3125
5270,138,0.265625
5270,139,0.453125
5270,140,0.390625
5270,141,0.28125
5270,142,0.34375
5270,143,0.390625
5270,144,0.296875
5270,145,0.3125
5270,146,0.25
5270,147,0.3125
5270,148,0.3125
5270,149,0.375
5270,150,0.3125
5270,151,0.359375
5270,152,0.453125
5270,153,0.28125
5270,154,0.34375
5270,155,0.265625
5270,156,0.171875
5270,157,0.234375
5270,158,0.21875
5270,159,0.296875
5270,160,0.359375
5270,161,0.296875
5270,162,0.328125
5270,163,0.265625
5270,164,0.25
5270,165,0.296875
5270,166,0.28125
5270,167,0.234375
5270,168,0.1875
5270,169,0.125
5270,170,0.171875
5270,171,0.21875
5270,172,0.296875
5270,173,0.171875
5270,174,0.125
5270,175,0.171875
5270,176,0.359375
5270,177,0.390625
5270,178,0.296875
5270,179,0.25
5270,180,0.296875
5270,181,0.46875
5270,182,0.421875
5270,183,0.328125
5270,184,0.28125
5270,185,0.21875
5270,186,0.171875
5270,187,0.265625
5270,188,0.203125
5270,189,0.15625
5270,190,0.203125
5270,191,0.25
5270,192,0.3125
5270,193,0.265625
5270,194,0.359375
5270,195,0.28125
5270,196,0.3125
5270,197,0.34375
5270,198,0.21875
5270,199,0.28125
5270,200,0.359375
5270,201,0.46875
5270,202,0.359375
5270,203,0.328125
5270,204,0.28125
5270,205,0.3125
5270,206,0.359375
5270,207,0.375
5270,208,0.421875
5270,209,0.25
5270,210,0.265625
5270,211,0.265625
5270,212,0.21875
5270,213,0.21875
5270,214,0.21875
5270,215,0.171875
5270,216,0.21875
5270,217,0.25
5270,218,0.21875
5270,219,0.296875
5270,220,0.25
5270,221,0.3125
5270,222,0.34375
5270,223,0.234375
5270,224,0.28125
5270,225,0.359375
5270,226,0.296875
5270,227,0.359375
5270,228,0.265625
5270,229,0.390625
5270,230,0.453125
5270,231,0.28125
5270,232,0.34375
5270,233,0.28125
5270,234,0.234375
5270,235,0.296875
5270,236,0.265625
5270,237,0.296875
5270,238,0.34375
5270,239,0.296875
5270,240,0.234375
5270,241,0.265625
5270,242,0.296875
5270,243,0.34375
5270,244,0.296875
5270,245,0.34375
5270,246,0.390625
5270,247,0.40625
5270,248,0.1875
5270,249,0.359375
5270,250,0.328125
5270,251,0.265625
5270,252,0.203125
5270,253,0.265625
5270,254,0.3125
5270,255,0.390625
5270,256,0.4375
5270,257,0.625
5270,258,0.421875
5270,259,0.4375
5270,260,0.34375
5270,261,0.265625
5270,262,0.15625
5270,263,0.25
5270,264,0.25
5270,265,0.265625
5270,266,0.34375
5270,267,0.171875
5270,268,0.234375
5270,269,0.296875
5270,270,0.359375
5270,271,0.25
5270,272,0.28125
5270,273,0.234375
5270,274,0.34375
5270,275,0.40625
5270,276,0.359375
5270,277,0.453125
5270,278,0.40625
5270,279,0.4375
5270,280,0.328125
5270,281,0.34375
5270,282,0.375
5270,283,0.28125
5270,284,0.203125
5270,285,0.109375
5270,286,0.203125
5270,287,0.21875
5270,288,0.25
5270,289,0.203125
5270,290,0.15625
5270,291,0.21875
5270,292,0.234375
5270,293,0.1875
5270,294,0.15625
5270,295,0.1875
5270,296,0.171875
5270,297,0.234375
5270,298,0.34375
5270,299,0.1875
5270,300,0.265625
5270,301,0.21875
5270,302,0.375
5270,303,0.3125
5270,304,0.234375
5270,305,0.265625
5270,306,0.3125
5270,307,0.234375
5270,308,0.3125
5270,309,0.390625
5270,310,0.46875
5270,311,0.4375
5270,312,0.5
5270,313,0.296875
5270,314,0.390625
5270,315,0.3125
5270,316,0.375
5270,317,0.46875
5270,318,0.28125
5270,319,0.328125
5270,320,0.171875
5270,321,0.234375
5270,322,0.171875
5270,323,0.21875
5270,324,0.203125
5270,325,0.15625
5270,326,0.1875
5270,327,0.234375
5270,328,0.1875
5270,329,0.28125
5270,330,0.375
5270,331,0.328125
5270,332,0.265625
5270,333,0.328125
5270,334,0.3125
5270,335,0.171875
5270,336,0.265625
5270,337,0.1875
5270,338,0.28125
5270,339,0.328125
5270,340,0.265625
5270,341,0.3125
5270,342,0.28125
5270,343,0.34375
5270,344,0.40625
5270,345,0.453125
5270,346,0.1875
5270,347,0.28125
5270,348,0.25
5270,349,0.203125
5270,350,0.21875
5270,351,0.28125
5270,352,0.34375
5270,353,0.546875
5270,354,0.46875
5270,355,0.296875
5270,356,0.1875
5270,357,0.234375
5270,358,0.296875
5270,359,0.140625
5270,360,0.171875
5270,361,0.234375
5270,362,0.171875
5270,363,0.265625
5270,364,0.203125
5270,365,0.265625
5270,366,0.171875
5270,367,0.234375
5270,368,0.125
5270,369,0.1875
5270,370,0.21875
5270,371,0.234375
5270,372,0.25
5270,373,0.203125
5270,374,0.265625
5270,375,0.359375
5270,376,0.328125
5270,377,0.234375
5270,378,0.15625
5270,379,0.21875
5270,380,0.234375
5270,381,0.3125
5270,382,0.359375
5270,383,0.296875
5270,384,0.1875
5270,385,0.234375
5270,386,0.1875
5270,387,0.296875
5270,388,0.34375
5270,389,0.296875
5270,390,0.234375
5270,391,0.21875
5270,392,0.265625
5270,393,0.203125
5270,394,0.21875
5270,395,0.265625
5270,396,0.34375
5270,397,0.625
5271,0,0.109375
5271,1,0.203125
5271,2,0.109375
5271,3,0.265625
5271,4,0.21875
5271,5,0.25
5271,6,0.15625
5271,7,0.140625
5271,8,0.140625
5271,9,0.203125
5271,10,0.328125
5271,11,0.40625
5271,12,0.328125
5271,13,0.515625
5271,14,0.421875
5271,15,0.328125
5271,16,0.390625
5271,17,0.421875
5271,18,0.328125
5271,19,0.40625
5271,20,0.3125
5271,21,0.34375
5271,22,0.40625
5271,23,0.40625
5271,24,0.25
5271,25,0.25
5271,26,0.34375
5271,27,0.234375
5271,28,0.1875
5271,29,0.25
5271,30,0.28125
5271,31,0.25
5271,32,0.34375
5271,33,0.28125
5272,0,0.265625
5272,1,0.0625
5272,2,0.1875
5272,3,0.078125
5272,4,0.125
5272,5,0.171875
5272,6,0.09375
5272,7,0.171875
5272,8,0.234375
5272,9,0.3125
5272,10,0.25
5272,11,0.28125
5272,12,0.21875
5272,13,0.1875
5272,14,0.25
5272,15,0.203125
5272,16,0.265625
5272,17,0.203125
5272,18,0.1875
5272,19,0.21875
5272,20,0.265625
5272,21,0.328125
5272,22,0.09375
5272,23,0.109375
5272,24,0.140625
5272,25,0.21875
5272,26,0.25
5272,27,0.25
5272,28,0.28125
5272,29,0.296875
5272,30,0.34375
5272,31,0.34375
5273,0,0.15625
5273,1,0.046875
5273,2,0.140625
5273,3,0.171875
5273,4,0.078125
5273,5,0.15625
5273,6,0.1875
5273,7,0.140625
5273,8,0.203125
5273,9,0.265625
5273,10,0.328125
5273,11,0.28125
5273,12,0.390625
5273,13,0.3125
5273,14,0.265625
5273,15,0.234375
5273,16,0.3125
5273,17,0.265625
5273,18,0.328125
5273,19,0.375
5273,20,0.390625
5273,21,0.3125
5273,22,0.359375
5273,23,0.328125
5273,24,0.453125
5273,25,0.28125
5273,26,0.3125
5273,27,0.390625
5273,28,0.3125
5273,29,0.25
5273,30,0.28125
5273,31,0.296875
5273,32,0.3125
5273,33,0.25
5273,34,0.3125
5273,35,0.28125
5273,36,0.453125
5273,37,0.3125
5273,38,0.359375
5273,39,0.28125
5273,40,0.328125
5273,41,0.25
5273,42,0.171875
5273,43,0.203125
5273,44,0.21875
5273,45,0.28125
5273,46,0.203125
5273,47,0.265625
5273,48,0.390625
5273,49,0.28125
5273,50,0.28125
5273,51,0.34375
5273,52,0.390625
5273,53,0.28125
5273,54,0.359375
5273,55,0.28125
5273,56,0.21875
5273,57,0.21875
5273,58,0.203125
5273,59,0.21875
5273,60,0.28125
5273,61,0.328125
5273,62,0.390625
5273,63,0.1875
5273,64,0.234375
5273,65,0.171875
5273,66,0.125
5273,67,0.1875
5273,68,0.203125
5273,69,0.15625
5273,70,0.25
5273,71,0.203125
5273,72,0.265625
5273,73,0.1875
5273,74,0.25
5273,75,0.203125
5273,76,0.1875
5273,77,0.21875
5273,78,0.375
5273,79,0.328125
5273,80,0.484375
5273,81,0.515625
5273,82,0.609375
5273,83,0.5625
5273,84,0.328125
5273,85,0.265625
5273,86,0.375
5273,87,0.453125
5273,88,0.390625
5273,89,0.25
5273,90,0.296875
5273,91,0.328125
5273,92,0.25
5273,93,0.265625
5273,94,0.3125
5273,95,0.234375
5273,96,0.28125
5273,97,0.359375
5273,98,0.328125
5273,99,0.34375
5273,100,0.28125
5273,101,0.15625
5273,102,0.203125
5273,103,0.265625
5273,104,0.296875
5273,105,0.34375
5273,106,0.296875
5273,107,0.234375
5273,108,0.265625
5273,109,0.28125
5273,110,0.34375
5273,111,0.28125
5273,112,0.234375
5273,113,0.34375
5273,114,0.234375
5273,115,0.296875
5273,116,0.1875
5273,117,0.203125
5273,118,0.234375
5273,119,0.265625
5273,120,0.3125
5273,121,0.265625
5273,122,0.171875
5273,123,0.125
5273,124,0.203125
5273,125,0.265625
5273,126,0.234375
5273,127,0.171875
5273,128,0.1875
5273,129,0.21875
5273,130,0.25
5273,131,0.3125
5273,132,0.28125
5273,133,0.34375
5273,134,0.328125
5273,135,0.265625
5273,136,0.265625
5273,137,0.171875
5273,138,0.234375
5273,139,0.34375
5273,140,0.15625
5273,141,0.234375
5273,142,0.171875
5273,143,0.3125
5273,144,0.359375
5273,145,0.234375
5273,146,0.328125
5273,147,0.265625
5273,148,0.34375
5273,149,0.25
5273,150,0.375
5273,151,0.28125
5273,152,0.390625
5273,153,0.15625
5273,154,0.21875
5273,155,0.234375
5273,156,0.28125
5273,157,0.15625
5273,158,0.34375
5273,159,0.484375
5273,160,0.421875
5273,161,0.375
5273,162,0.328125
5273,163,0.21875
5273,164,0.265625
5273,165,0.09375
5273,166,0.140625
5273,167,0.234375
5273,168,0.15625
5273,169,0.15625
5273,170,0.28125
5273,171,0.25
5273,172,0.3125
5273,173,0.328125
5273,174,0.390625
5273,175,0.296875
5273,176,0.203125
5273,177,0.3125
5273,178,0.34375
5273,179,0.296875
5273,180,0.3125
5273,181,0.40625
5274,0,0.171875
5274,1,0.125
5274,2,0.203125
5274,3,0.15625
5274,4,0.203125
5274,5,0.109375
5274,6,0.171875
5274,7,0.203125
5274,8,0.28125
5274,9,0.1875
5274,10,0.140625
5274,11,0.1875
5274,12,0.234375
5274,13,0.203125
5274,14,0.25
5274,15,0.203125
5274,16,0.09375
5274,17,0.140625
5274,18,0.140625
5274,19,0.15625
5274,20,0.203125
5274,21,0.296875
5274,22,0.21875
5274,23,0.296875
5274,24,0.234375
5274,25,0.3125
5274,26,0.34375
5274,27,0.265625
5274,28,0.328125
5274,29,0.34375
5274,30,0.421875
5274,31,0.53125
5274,32,0.328125
5274,33,0.421875
5274,34,0.484375
5274,35,0.484375
5275,0,0.171875
5275,1,0.09375
5275,2,0.15625
5275,3,0.09375
5275,4,0.234375
5275,5,0.203125
5275,6,0.15625
5275,7,0.234375
5275,8,0.296875
5275,9,0.25
5275,10,0.265625
5275,11,0.34375
5275,12,0.28125
5275,13,0.3125
5275,14,0.375
5275,15,0.28125
5275,16,0.1875
5275,17,0.140625
5275,18,0.21875
5275,19,0.265625
5275,20,0.40625
5275,21,0.234375
5275,22,0.296875
5275,23,0.328125
5275,24,0.296875
5275,25,0.328125
5275,26,0.25
5275,27,0.3125
5275,28,0.25
5275,29,0.296875
5275,30,0.328125
5275,31,0.375
5275,32,0.4375
5275,33,0.515625
5275,34,0.4375
5275,35,0.390625
5275,36,0.234375
5275,37,0.28125
5275,38,0.234375
5275,39,0.3125
5275,40,0.1875
5275,41,0.21875
5275,42,0.25
5275,43,0.1875
5275,44,0.234375
5275,45,0.421875
5275,46,0.640625
5275,47,0.375
5275,48,0.4375
5275,49,0.25
5275,50,0.21875
5275,51,0.234375
5275,52,0.21875
5275,53,0.28125
5275,54,0.25
5275,55,0.328125
5275,56,0.265625
5275,57,0.3125
5275,58,0.390625
5275,59,0.46875
5275,60,0.421875
5276,0,0.171875
5276,1,0.234375
5276,2,0.1875
5276,3,0.109375
5276,4,0.15625
5276,5,0.15625
5276,6,0.1875
5276,7,0.203125
5276,8,0.171875
5276,9,0.234375
5276,10,0.234375
5276,11,0.1875
5276,12,0.265625
5276,13,0.3125
5276,14,0.375
5276,15,0.296875
5276,16,0.34375
5276,17,0.234375
5276,18,0.265625
5276,19,0.328125
5276,20,0.234375
5276,21,0.171875
5276,22,0.234375
5276,23,0.25
5276,24,0.1875
5276,25,0.28125
5276,26,0.375
5276,27,0.3125
5276,28,0.375
5276,29,0.328125
5276,30,0.28125
5276,31,0.203125
5276,32,0.359375
5276,33,0.375
5276,34,0.28125
5276,35,0.3125
5276,36,0.421875
5276,37,0.359375
5276,38,0.296875
5276,39,0.359375
5276,40,0.4375
5276,41,0.671875
5277,0,0.09375
5277,1,0.171875
5277,2,0.21875
5277,3,0.15625
5277,4,0.234375
5277,5,0.21875
5277,6,0.296875
5277,7,0.25
5277,8,0.328125
5277,9,0.390625
5277,10,0.21875
5277,11,0.296875
5277,12,0.25
5277,13,0.296875
5277,14,0.15625
5277,15,0.21875
5277,16,0.234375
5277,17,0.234375
5277,18,0.21875
5277,19,0.265625
5277,20,0.203125
5277,21,0.109375
5277,22,0.203125
5277,23,0.296875
5277,24,0.328125
5277,25,0.296875
5277,26,0.21875
5277,27,0.28125
5277,28,0.28125
5277,29,0.328125
5277,30,0.515625
5277,31,0.46875
5277,32,0.453125
5277,33,0.40625
5277,34,0.390625
5277,35,0.34375
5277,36,0.328125
5277,37,0.375
5277,38,0.390625
5277,39,0.59375
5277,40,0.53125
5277,41,0.46875
5277,42,0.390625
5277,43,0.484375
5277,44,0.375
5277,45,0.46875
5277,46,0.265625
5277,47,0.328125
5277,48,0.265625
5277,49,0.296875
5277,50,0.328125
5277,51,0.375
5277,52,0.21875
5277,53,0.28125
5277,54,0.1875
5277,55,0.328125
5277,56,0.25
5277,57,0.140625
5277,58,0.171875
5277,59,0.28125
5277,60,0.21875
5277,61,0.234375
5277,62,0.265625
5277,63,0.328125
5277,64,0.359375
5277,65,0.265625
5277,66,0.328125
5277,67,0.234375
5277,68,0.3125
5277,69,0.234375
5277,70,0.265625
5277,71,0.21875
5277,72,0.1875
5277,73,0.234375
5277,74,0.3125
5277,75,0.25
5277,76,0.25
5277,77,0.234375
5277,78,0.15625
5277,79,0.265625
5277,80,0.328125
5277,81,0.28125
5277,82,0.140625
5277,83,0.234375
5277,84,0.1875
5277,85,0.21875
5277,86,0.28125
5277,87,0.234375
5277,88,0.234375
5277,89,0.203125
5277,90,0.171875
5277,91,0.234375
5277,92,0.21875
5277,93,0.28125
5277,94,0.21875
5277,95,0.296875
5277,96,0.328125
5277,97,0.359375
5277,98,0.296875
5277,99,0.25
5277,100,0.296875
5277,101,0.234375
5277,102,0.359375
5277,103,0.375
5277,104,0.3125
5277,105,0.296875
5277,106,0.234375
5277,107,0.3125
5277,108,0.375
5277,109,0.296875
5277,110,0.359375
5277,111,0.296875
5277,112,0.234375
5277,113,0.203125
5277,114,0.21875
5277,115,0.5
5277,116,0.296875
5277,117,0.375
5277,118,0.28125
5277,119,0.328125
5277,120,0.265625
5277,121,0.359375
5277,122,0.171875
5277,123,0.265625
5277,124,0.203125
5277,125,0.28125
5277,126,0.265625
5277,127,0.3125
5277,128,0.265625
5277,129,0.203125
5277,130,0.1875
5277,131,0.25
5277,132,0.140625
5277,133,0.1875
5277,134,0.140625
5277,135,0.125
5277,136,0.21875
5277,137,0.296875
5277,138,0.25
5277,139,0.1875
5277,140,0.25
5277,141,0.28125
5277,142,0.34375
5277,143,0.34375
5277,144,0.28125
5277,145,0.171875
5277,146,0.109375
5277,147,0.203125
5277,148,0.15625
5277,149,0.15625
5277,150,0.1875
5277,151,0.328125
5277,152,0.390625
5277,153,0.421875
5277,154,0.359375
5277,155,0.25
5277,156,0.3125
5277,157,0.40625
5277,158,0.34375
5277,159,0.25
5277,160,0.265625
5277,161,0.171875
5277,162,0.328125
5277,163,0.234375
5277,164,0.296875
5277,165,0.328125
5277,166,0.265625
5277,167,0.390625
5277,168,0.203125
5277,169,0.265625
5277,170,0.453125
5277,171,0.65625
5277,172,0.578125
5277,173,0.484375
5277,174,0.4375
5278,0,0.125
5278,1,0.09375
5278,2,0.203125
5278,3,0.140625
5278,4,0.21875
5278,5,0.296875
5278,6,0.21875
5278,7,0.25
5278,8,0.265625
5278,9,0.171875
5278,10,0.25
5278,11,0.328125
5278,12,0.25
5278,13,0.171875
5278,14,0.3125
5278,15,0.25
5278,16,0.3125
5278,17,0.4375
5278,18,0.359375
5278,19,0.25
5278,20,0.375
5278,21,0.171875
5278,22,0.203125
5278,23,0.296875
5278,24,0.203125
5278,25,0.234375
5278,26,0.328125
5278,27,0.296875
5278,28,0.25
5278,29,0.34375
5278,30,0.296875
5278,31,0.234375
5278,32,0.28125
5278,33,0.28125
5278,34,0.234375
5278,35,0.5
5278,36,0.40625
5278,37,0.3125
5278,38,0.234375
5278,39,0.203125
5278,40,0.234375
5278,41,0.15625
5278,42,0.21875
5278,43,0.15625
5278,44,0.21875
5278,45,0.28125
5278,46,0.296875
5278,47,0.125
5278,48,0.140625
5278,49,0.234375
5278,50,0.296875
5278,51,0.34375
5278,52,0.28125
5278,53,0.203125
5278,54,0.265625
5278,55,0.203125
5278,56,0.265625
5278,57,0.328125
5278,58,0.265625
5278,59,0.234375
5278,60,0.28125
5278,61,0.34375
5278,62,0.3125
5278,63,0.390625
5278,64,0.375
5278,65,0.203125
5278,66,0.265625
5278,67,0.265625
5278,68,0.34375
5278,69,0.28125
5278,70,0.34375
5278,71,0.3125
5278,72,0.21875
5278,73,0.203125
5278,74,0.3125
5279,0,0.1875
5279,1,0.25
5279,2,0.28125
5279,3,0.1875
5279,4,0.1875
5279,5,0.265625
5279,6,0.296875
5279,7,0.328125
5279,8,0.296875
5279,9,0.25
5279,10,0.28125
5279,11,0.375
5279,12,0.328125
5279,13,0.265625
5279,14,0.34375
5279,15,0.28125
5279,16,0.328125
5279,17,0.359375
5279,18,0.28125
5279,19,0.28125
5279,20,0.34375
5279,21,0.28125
5279,22,0.203125
5279,23,0.296875
5279,24,0.25
5279,25,0.203125
5279,26,0.25
5279,27,0.171875
5279,28,0.1875
5279,29,0.234375
5279,30,0.296875
5279,31,0.203125
5279,32,0.09375
5279,33,0.1875
5279,34,0.140625
5279,35,0.21875
5279,36,0.25
5279,37,0.234375
5279,38,0.296875
5279,39,0.234375
5279,40,0.265625
5279,41,0.21875
5279,42,0.296875
5279,43,0.34375
5279,44,0.40625
5279,45,0.3125
5279,46,0.203125
5279,47,0.140625
5279,48,0.296875
5279,49,0.21875
5279,50,0.234375
5279,51,0.171875
5279,52,0.28125
5279,53,0.34375
5279,54,0.4375
5279,55,0.328125
5279,56,0.3125
5279,57,0.265625
5279,58,0.234375
5279,59,0.296875
5279,60,0.265625
5279,61,0.15625
5279,62,0.21875
5279,63,0.265625
5279,64,0.34375
5279,65,0.25
5279,66,0.296875
5279,67,0.25
5279,68,0.203125
5279,69,0.234375
5279,70,0.296875
5279,71,0.34375
5279,72,0.25
5279,73,0.234375
5279,74,0.21875
5279,75,0.234375
5279,76,0.171875
5279,77,0.1875
5279,78,0.203125
5279,79,0.203125
5279,80,0.265625
5279,81,0.359375
5279,82,0.515625
5280,0,0.140625
5280,1,0.078125
5280,2,0.140625
5280,3,0.171875
5280,4,0.203125
5280,5,0.171875
5280,6,0.21875
5280,7,0.3125
5280,8,0.328125
5280,9,0.34375
5280,10,0.265625
5280,11,0.328125
5280,12,0.390625
5281,0,0.15625
5281,1,0.21875
5281,2,0.3125
5281,3,0.25
5281,4,0.390625
5281,5,0.421875
5281,6,0.40625
5281,7,0.25
5281,8,0.1875
5281,9,0.203125
5281,10,0.265625
5281,11,0.296875
5281,12,0.234375
5281,13,0.328125
5281,14,0.3125
5281,15,0.25
5281,16,0.15625
5281,17,0.234375
5281,18,0.34375
5281,19,0.203125
5281,20,0.296875
5281,21,0.265625
5281,22,0.328125
5281,23,0.265625
5281,24,0.25
5281,25,0.21875
5281,26,0.296875
5281,27,0.359375
5281,28,0.296875
5281,29,0.34375
5281,30,0.265625
5281,31,0.296875
5281,32,0.3125
5281,33,0.25
5281,34,0.3125
5281,35,0.140625
5281,36,0.1875
5281,37,0.15625
5281,38,0.21875
5281,39,0.28125
5281,40,0.28125
5281,41,0.375
5281,42,0.484375
5281,43,0.453125
5281,44,0.390625
5281,45,0.265625
5281,46,0.296875
5281,47,0.296875
5281,48,0.25
5281,49,0.296875
5281,50,0.25
5281,51,0.34375
5281,52,0.3125
5281,53,0.40625
5281,54,0.265625
5281,55,0.1875
5281,56,0.203125
5281,57,0.34375
5281,58,0.28125
5281,59,0.21875
5281,60,0.15625
5281,61,0.15625
5281,62,0.234375
5281,63,0.3125
5281,64,0.25
5281,65,0.34375
5281,66,0.53125
5281,67,0.484375
5281,68,0.453125
5281,69,0.515625
5282,0,0.15625
5282,1,0.234375
5282,2,0.171875
5282,3,0.0625
5282,4,0.125
5282,5,0.1875
5282,6,0.21875
5282,7,0.109375
5282,8,0.28125
5282,9,0.34375
5282,10,0.4375
5282,11,0.375
5282,12,0.40625
5282,13,0.3125
5282,14,0.3125
5282,15,0.234375
5282,16,0.25
5282,17,0.296875
5282,18,0.40625
5282,19,0.34375
5283,0,0.171875
5283,1,0.078125
5283,2,0.203125
5283,3,0.15625
5283,4,0.21875
5283,5,0.1875
5283,6,0.234375
5283,7,0.296875
5283,8,0.203125
5283,9,0.265625
5283,10,0.203125
5283,11,0.265625
5283,12,0.21875
5283,13,0.15625
5283,14,0.21875
5283,15,0.28125
5283,16,0.328125
5283,17,0.15625
5283,18,0.203125
5283,19,0.265625
5283,20,0.21875
5283,21,0.140625
5283,22,0.203125
5283,23,0.125
5283,24,0.203125
5283,25,0.3125
5283,26,0.125
5283,27,0.21875
5283,28,0.265625
5283,29,0.296875
5283,30,0.375
5283,31,0.28125
5283,32,0.234375
5283,33,0.234375
5283,34,0.28125
5283,35,0.4375
5283,36,0.34375
5283,37,0.40625
5283,38,0.46875
5284,0,0.03125
5284,1,0.203125
5284,2,0.421875
5284,3,0.484375
5284,4,0.421875
5284,5,0.34375
5284,6,0.28125
5284,7,0.3125
5284,8,0.234375
5284,9,0.28125
5284,10,0.375
5284,11,0.421875
5284,12,0.34375
5284,13,0.390625
5284,14,0.46875
5284,15,0.453125
5284,16,0.390625
5284,17,0.328125
5284,18,0.25
5284,19,0.296875
5284,20,0.34375
5284,21,0.375
5284,22,0.421875
5284,23,0.359375
5284,24,0.453125
5284,25,0.390625
5284,26,0.34375
5284,27,0.296875
5284,28,0.265625
5284,29,0.3125
5284,30,0.375
5284,31,0.3125
5284,32,0.21875
5284,33,0.328125
5284,34,0.265625
5284,35,0.21875
5284,36,0.1875
5284,37,0.25
5284,38,0.125
5284,39,0.203125
5284,40,0.375
5284,41,0.375
5284,42,0.21875
5284,43,0.171875
5284,44,0.234375
5284,45,0.203125
5284,46,0.234375
5284,47,0.3125
5284,48,0.375
5284,49,0.421875
5284,50,0.40625
5284,51,0.34375
5284,52,0.265625
5284,53,0.21875
5284,54,0.265625
5284,55,0.296875
5284,56,0.234375
5284,57,0.25
5284,58,0.28125
5284,59,0.203125
5284,60,0.28125
5284,61,0.34375
5284,62,0.3125
5284,63,0.3125
5284,64,0.46875
5284,65,0.390625
5284,66,0.46875
5284,67,0.546875
5284,68,0.4375
5284,69,0.40625
5284,70,0.359375
5284,71,0.421875
5284,72,0.5
5285,0,0.109375
5285,1,0.203125
5285,2,0.25
5285,3,0.34375
5285,4,0.421875
5285,5,0.265625
5285,6,0.234375
5285,7,0.234375
5285,8,0.25
5285,9,0.21875
5285,10,0.171875
5285,11,0.21875
5285,12,0.171875
5285,13,0.171875
5285,14,0.078125
5285,15,0.171875
5285,16,0.171875
5285,17,0.265625
5285,18,0.21875
5285,19,0.28125
5285,20,0.21875
5285,21,0.25
5285,22,0.34375
5285,23,0.265625
5285,24,0.1875
5285,25,0.25
5285,26,0.34375
5285,27,0.4375
5286,0,0.046875
5286,1,0.09375
5286,2,0.140625
5286,3,0.171875
5286,4,0.265625
5286,5,0.359375
5286,6,0.28125
5286,7,0.390625
5286,8,0.28125
5286,9,0.328125
5286,10,0.234375
5286,11,0.296875
5286,12,0.3125
5286,13,0.25
5286,14,0.28125
5286,15,0.359375
5286,16,0.296875
5286,17,0.21875
5286,18,0.15625
5286,19,0.234375
5286,20,0.28125
5286,21,0.359375
5286,22,0.296875
5286,23,0.328125
5286,24,0.375
5286,25,0.3125
5286,26,0.25
5286,27,0.21875
5286,28,0.34375
5287,0,0.15625
5287,1,0.3125
5287,2,0.28125
5287,3,0.21875
5287,4,0.296875
5287,5,0.21875
5287,6,0.296875
5287,7,0.3125
5287,8,0.296875
5287,9,0.359375
5287,10,0.4375
5287,11,0.265625
5287,12,0.296875
5287,13,0.515625
5287,14,0.28125
5287,15,0.34375
5287,16,0.28125
5287,17,0.359375
5287,18,0.296875
5287,19,0.328125
5287,20,0.265625
5287,21,0.3125
5287,22,0.375
5287,23,0.328125
5287,24,0.375
5287,25,0.46875
5287,26,0.40625
5287,27,0.390625
5287,28,0.453125
5287,29,0.375
5287,30,0.59375
5287,31,0.546875
5287,32,0.484375
5287,33,0.421875
5288,0,0.078125
5288,1,0.171875
5288,2,0.265625
5288,3,0.34375
5288,4,0.453125
5288,5,0.265625
5288,6,0.34375
5288,7,0.296875
5288,8,0.296875
5288,9,0.359375
5288,10,0.28125
5288,11,0.25
5288,12,0.3125
5288,13,0.171875
5288,14,0.1875
5288,15,0.234375
5288,16,0.265625
5288,17,0.34375
5288,18,0.375
5288,19,0.28125
5288,20,0.359375
5288,21,0.265625
5288,22,0.203125
5288,23,0.25
5288,24,0.1875
5288,25,0.21875
5288,26,0.15625
5288,27,0.171875
5288,28,0.203125
5288,29,0.296875
5288,30,0.359375
5288,31,0.421875
5288,32,0.390625
5288,33,0.46875
5289,0,0.03125
5289,1,0.109375
5289,2,0.203125
5289,3,0.28125
5289,4,0.21875
5289,5,0.234375
5289,6,0.234375
5289,7,0.3125
5289,8,0.265625
5289,9,0.28125
5289,10,0.203125
5289,11,0.3125
5289,12,0.359375
5289,13,0.296875
5289,14,0.265625
5289,15,0.25
5289,16,0.3125
5289,17,0.265625
5289,18,0.328125
5289,19,0.390625
5289,20,0.46875
5289,21,0.390625
5289,22,0.421875
5289,23,0.359375
5289,24,0.4375
5289,25,0.375
5289,26,0.328125
5289,27,0.484375
5289,28,0.421875
5289,29,0.359375
5289,30,0.234375
5289,31,0.28125
5289,32,0.3125
5289,33,0.15625
5289,34,0.171875
5289,35,0.21875
5289,36,0.25
5289,37,0.328125
5289,38,0.28125
5289,39,0.34375
5289,40,0.296875
5289,41,0.34375
5289,42,0.359375
5289,43,0.265625
5289,44,0.5625
5289,45,0.265625
5289,46,0.34375
5289,47,0.328125
5289,48,0.234375
5289,49,0.296875
5289,50,0.359375
5289,51,0.3125
5289,52,0.40625
5289,53,0.265625
5289,54,0.3125
5289,55,0.625
5289,56,0.28125
5289,57,0.3125
5289,58,0.3125
5289,59,0.234375
5289,60,0.3125
5289,61,0.28125
5289,62,0.296875
5289,63,0.234375
5289,64,0.28125
5289,65,0.296875
5289,66,0.234375
5289,67,0.296875
5289,68,0.078125
5289,69,0.125
5289,70,0.25
5289,71,0.25
5289,72,0.171875
5289,73,0.203125
5289,74,0.28125
5289,75,0.21875
5289,76,0.25
5289,77,0.171875
5289,78,0.125
5289,79,0.125
5289,80,0.046875
5289,81,0.1875
5289,82,0.234375
5289,83,0.09375
5289,84,0.1875
5289,85,0.28125
5289,86,0.234375
5289,87,0.125
5289,88,0.171875
5289,89,0.25
5289,90,0.359375
5289,91,0.3125
5289,92,0.21875
5289,93,0.265625
5289,94,0.125
5289,95,0.15625
5289,96,0.25
5289,97,0.203125
5289,98,0.140625
5289,99,0.25
5289,100,0.203125
5289,101,0.171875
5289,102,0.234375
5289,103,0.171875
5289,104,0.21875
5289,105,0.25
5289,106,0.375
5289,107,0.328125
5289,108,0.3125
5289,109,0.234375
5289,110,0.328125
5289,111,0.3125
5289,112,0.359375
5289,113,0.28125
5289,114,0.328125
5289,115,0.390625
5289,116,0.453125
5289,117,0.53125
5290,0,0.1875
5290,1,0.0625
5290,2,0.0625
5290,3,0.140625
5290,4,0.078125
5290,5,0.125
5290,6,0.125
5290,7,0.1875
5290,8,0.265625
5290,9,0.1875
5290,10,0.171875
5290,11,0.21875
5290,12,0.171875
5290,13,0.234375
5290,14,0.28125
5290,15,0.203125
5290,16,0.390625
5290,17,0.328125
5290,18,0.328125
5290,19,0.390625
5290,20,0.46875
5290,21,0.296875
5290,22,0.375
5290,23,0.4375
5290,24,0.375
5290,25,0.296875
5290,26,0.359375
5290,27,0.28125
5290,28,0.34375
5290,29,0.25
5290,30,0.328125
5290,31,0.421875
5290,32,0.390625
5290,33,0.3125
5290,34,0.28125
5290,35,0.21875
5290,36,0.28125
5290,37,0.234375
5290,38,0.28125
5290,39,0.234375
5290,40,0.21875
5290,41,0.234375
5290,42,0.328125
5290,43,0.109375
5290,44,0.15625
5290,45,0.234375
5290,46,0.15625
5290,47,0.1875
5290,48,0.21875
5290,49,0.125
5290,50,0.15625
5290,51,0.234375
5290,52,0.25
5290,53,0.1875
5290,54,0.21875
5290,55,0.296875
5290,56,0.359375
5290,57,0.296875
5290,58,0.359375
5290,59,0.25
5290,60,0.203125
5290,61,0.203125
5290,62,0.265625
5290,63,0.34375
5290,64,0.3125
5290,65,0.25
5290,66,0.21875
5290,67,0.265625
5290,68,0.296875
5290,69,0.1875
5290,70,0.140625
5290,71,0.203125
5290,72,0.21875
5290,73,0.265625
5290,74,0.21875
5290,75,0.15625
5290,76,0.203125
5290,77,0.25
5290,78,0.28125
5290,79,0.234375
5290,80,0.1875
5290,81,0.21875
5290,82,0.328125
5290,83,0.265625
5290,84,0.203125
5290,85,0.171875
5290,86,0.234375
5290,87,0.21875
5290,88,0.171875
5290,89,0.265625
5290,90,0.234375
5290,91,0.3125
5290,92,0.25
5290,93,0.171875
5290,94,0.171875
5290,95,0.296875
5290,96,0.390625
5290,97,0.328125
5290,98,0.40625
5290,99,0.328125
5290,100,0.328125
5290,101,0.25
5290,102,0.296875
5290,103,0.34375
5290,104,0.3125
5290,105,0.359375
5290,106,0.3125
5290,107,0.296875
5290,108,0.234375
5290,109,0.234375
5290,110,0.28125
5290,111,0.34375
5290,112,0.15625
5290,113,0.234375
5290,114,0.28125
5290,115,0.328125
5290,116,0.234375
5290,117,0.1875
5290,118,0.234375
5290,119,0.28125
5290,120,0.21875
5290,121,0.28125
5290,122,0.203125
5290,123,0.265625
5290,124,0.25
5290,125,0.296875
5290,126,0.21875
5290,127,0.296875
5290,128,0.375
5290,129,0.296875
5290,130,0.25
5290,131,0.3125
5290,132,0.21875
5290,133,0.296875
5290,134,0.34375
5290,135,0.4375
5290,136,0.5
5290,137,0.46875
5290,138,0.421875
5290,139,0.34375
5290,140,0.296875
5290,141,0.25
5290,142,0.234375
5290,143,0.3125
5290,144,0.234375
5290,145,0.15625
5290,146,0.234375
5290,147,0.3125
5290,148,0.25
5290,149,0.203125
5290,150,0.3125
5290,151,0.21875
5290,152,0.28125
5290,153,0.21875
5290,154,0.15625
5290,155,0.21875
5290,156,0.25
5290,157,0.3125
5290,158,0.25
5290,159,0.21875
5290,160,0.25
5290,161,0.375
5290,162,0.171875
5290,163,0.25
5290,164,0.328125
5290,165,0.28125
5290,166,0.3125
5290,167,0.390625
5290,168,0.359375
5290,169,0.40625
5290,170,0.375
5290,171,0.21875
5290,172,0.234375
5290,173,0.171875
5290,174,0.234375
5290,175,0.296875
5290,176,0.265625
5290,177,0.1875
5290,178,0.25
5290,179,0.3125
5290,180,0.234375
5290,181,0.265625
5290,182,0.359375
5290,183,0.390625
5290,184,0.328125
5290,185,0.296875
5290,186,0.21875
5290,187,0.3125
5290,188,0.296875
5290,189,0.203125
5290,190,0.203125
5290,191,0.171875
5290,192,0.203125
5290,193,0.265625
5290,194,0.3125
5290,195,0.34375
5290,196,0.46875
5290,197,0.375
5290,198,0.359375
5290,199,0.390625
5290,200,0.28125
5290,201,0.3125
5290,202,0.359375
5290,203,0.21875
5290,204,0.296875
5290,205,0.53125
5290,206,0.3125
5290,207,0.375
5290,208,0.453125
5290,209,0.375
5290,210,0.1875
5290,211,0.265625
5290,212,0.40625
5290,213,0.359375
5290,214,0.375
5290,215,0.390625
5290,216,0.359375
5290,217,0.375
5290,218,0.265625
5290,219,0.28125
5290,220,0.34375
5290,221,0.296875
5290,222,0.140625
5290,223,0.1875
5290,224,0.203125
5290,225,0.34375
5290,226,0.40625
5290,227,0.328125
5290,228,0.34375
5290,229,0.28125
5290,230,0.203125
5290,231,0.21875
5290,232,0.265625
5290,233,0.265625
5290,234,0.3125
5290,235,0.234375
5290,236,0.171875
5290,237,0.109375
5290,238,0.171875
5290,239,0.109375
5290,240,0.15625
5290,241,0.109375
5290,242,0.125
5290,243,0.203125
5290,244,0.171875
5290,245,0.171875
5290,246,0.15625
5290,247,0.203125
5290,248,0.125
5290,249,0.125
5290,250,0.296875
5290,251,0.34375
5290,252,0.25
5290,253,0.171875
5290,254,0.125
5290,255,0.203125
5290,256,0.140625
5290,257,0.265625
5290,258,0.359375
5290,259,0.234375
5290,260,0.296875
5290,261,0.359375
5290,262,0.296875
5290,263,0.359375
5290,264,0.328125
5290,265,0.4375
5290,266,0.3125
5290,267,0.265625
5290,268,0.203125
5290,269,0.25
5290,270,0.390625
5290,271,0.296875
5290,272,0.328125
5290,273,0.265625
5290,274,0.34375
5290,275,0.28125
5290,276,0.21875
5290,277,0.28125
5290,278,0.328125
5290,279,0.234375
5290,280,0.28125
5290,281,0.21875
5290,282,0.171875
5290,283,0.3125
5290,284,0.390625
5290,285,0.3125
5290,286,0.375
5290,287,0.265625
5290,288,0.328125
5290,289,0.265625
5290,290,0.265625
5290,291,0.28125
5290,292,0.203125
5290,293,0.265625
5290,294,0.296875
5290,295,0.359375
5291,0,0.234375
5291,1,0.078125
5291,2,0.109375
5291,3,0.1875
5291,4,0.203125
5291,5,0.3125
5291,6,0.390625
5291,7,0.296875
5291,8,0.375
5291,9,0.453125
5291,10,0.328125
5291,11,0.375
5291,12,0.4375
5292,0,0.078125
5292,1,0.125
5292,2,0.1875
5292,3,0.1875
5292,4,0.21875
5292,5,0.28125
5292,6,0.265625
5292,7,0.34375
5292,8,0.40625
5292,9,0.359375
5292,10,0.234375
5292,11,0.359375
5292,12,0.265625
5292,13,0.28125
5292,14,0.265625
5292,15,0.328125
5292,16,0.265625
5292,17,0.3125
5292,18,0.46875
5292,19,0.375
5292,20,0.265625
5292,21,0.234375
5292,22,0.3125
5292,23,0.296875
5292,24,0.359375
5292,25,0.296875
5292,26,0.234375
5292,27,0.296875
5292,28,0.21875
5292,29,0.1875
5292,30,0.234375
5292,31,0.296875
5292,32,0.21875
5292,33,0.1875
5292,34,0.203125
5292,35,0.171875
5292,36,0.125
5292,37,0.1875
5292,38,0.265625
5292,39,0.28125
5292,40,0.328125
5292,41,0.359375
5292,42,0.3125
5292,43,0.328125
5292,44,0.234375
5292,45,0.15625
5292,46,0.234375
5292,47,0.296875
5292,48,0.25
5292,49,0.3125
5292,50,0.390625
5292,51,0.296875
5292,52,0.1875
5292,53,0.265625
5292,54,0.234375
5292,55,0.140625
5292,56,0.28125
5292,57,0.234375
5292,58,0.265625
5292,59,0.390625
5292,60,0.328125
5292,61,0.390625
5292,62,0.3125
5292,63,0.234375
5292,64,0.171875
5292,65,0.296875
5292,66,0.234375
5292,67,0.171875
5292,68,0.28125
5292,69,0.34375
5292,70,0.375
5292,71,0.40625
5292,72,0.609375
5292,73,0.546875
5292,74,0.34375
5292,75,0.453125
5292,76,0.484375
5292,77,0.484375
5292,78,0.421875
5292,79,0.46875
5293,0,0.1875
5293,1,0.171875
5293,2,0.1875
5293,3,0.125
5293,4,0.21875
5293,5,0.28125
5293,6,0.359375
5293,7,0.328125
5293,8,0.265625
5293,9,0.21875
5293,10,0.296875
5293,11,0.375
5293,12,0.359375
5293,13,0.421875
5293,14,0.21875
5293,15,0.296875
5293,16,0.375
5293,17,0.28125
5293,18,0.203125
5293,19,0.25
5293,20,0.265625
5293,21,0.25
5293,22,0.328125
5293,23,0.359375
5293,24,0.375
5293,25,0.3125
5293,26,0.234375
5293,27,0.234375
5293,28,0.140625
5293,29,0.203125
5293,30,0.234375
5293,31,0.265625
5293,32,0.3125
5293,33,0.359375
5293,34,0.296875
5293,35,0.234375
5293,36,0.1875
5293,37,0.21875
5293,38,0.28125
5293,39,0.375
5293,40,0.265625
5293,41,0.234375
5293,42,0.25
5293,43,0.3125
5293,44,0.359375
5293,45,0.296875
5293,46,0.21875
5293,47,0.15625
5293,48,0.234375
5293,49,0.1875
5293,50,0.234375
5293,51,0.328125
5293,52,0.40625
5293,53,0.46875
5293,54,0.515625
5294,0,0.0625
5294,1,0.09375
5294,2,0.171875
5294,3,0.25
5294,4,0.328125
5294,5,0.234375
5294,6,0.171875
5294,7,0.21875
5294,8,0.296875
5294,9,0.328125
5294,10,0.265625
5294,11,0.28125
5294,12,0.375
5294,13,0.46875
5294,14,0.390625
5294,15,0.4375
5294,16,0.25
5294,17,0.09375
5294,18,0.125
5294,19,0.1875
5294,20,0.203125
5294,21,0.171875
5294,22,0.234375
5294,23,0.203125
5294,24,0.25
5294,25,0.296875
5294,26,0.25
5294,27,0.3125
5294,28,0.328125
5294,29,0.375
5294,30,0.3125
5294,31,0.234375
5294,32,0.375
5294,33,0.390625
5294,34,0.359375
5294,35,0.296875
5294,36,0.359375
5294,37,0.640625
5294,38,0.453125
5294,39,0.53125
5295,0,0.1875
5295,1,0.109375
5295,2,0.203125
5295,3,0.265625
5295,4,0.3125
5295,5,0.25
5295,6,0.390625
5295,7,0.328125
5295,8,0.453125
5295,9,0.3125
5295,10,0.125
5295,11,0.234375
5295,12,0.265625
5295,13,0.3125
5295,14,0.53125
5295,15,0.5
5295,16,0.40625
5295,17,0.46875
5295,18,0.40625
5295,19,0.34375
5295,20,0.28125
5295,21,0.234375
5295,22,0.171875
5295,23,0.203125
5295,24,0.234375
5295,25,0.265625
5295,26,0.3125
5295,27,0.25
5295,28,0.375
5295,29,0.328125
5295,30,0.390625
5295,31,0.34375
5295,32,0.40625
5295,33,0.265625
5295,34,0.28125
5295,35,0.234375
5295,36,0.3125
5295,37,0.25
5295,38,0.171875
5295,39,0.25
5295,40,0.421875
5295,41,0.359375
5295,42,0.28125
5295,43,0.421875
5295,44,0.265625
5295,45,0.203125
5295,46,0.15625
5295,47,0.203125
5295,48,0.28125
5295,49,0.21875
5295,50,0.1875
5295,51,0.25
5295,52,0.296875
5295,53,0.359375
5295,54,0.296875
5295,55,0.359375
5295,56,0.34375
5295,57,0.265625
5295,58,0.328125
5295,59,0.234375
5295,60,0.171875
5295,61,0.1875
5295,62,0.125
5295,63,0.1875
5295,64,0.28125
5295,65,0.375
5295,66,0.40625
5295,67,0.234375
5295,68,0.171875
5295,69,0.203125
5295,70,0.171875
5295,71,0.1875
5295,72,0.234375
5295,73,0.28125
5295,74,0.1875
5295,75,0.1875
5295,76,0.265625
5295,77,0.34375
5296,0,0.15625
5296,1,0.1875
5296,2,0.25
5296,3,0.328125
5296,4,0.421875
5296,5,0.375
5296,6,0.28125
5296,7,0.359375
5296,8,0.375
5296,9,0.296875
5296,10,0.34375
5296,11,0.375
5296,12,0.296875
5296,13,0.296875
5296,14,0.1875
5296,15,0.28125
5296,16,0.21875
5296,17,0.25
5296,18,0.390625
5296,19,0.390625
5296,20,0.4375
5296,21,0.359375
5296,22,0.296875
5296,23,0.390625
5296,24,0.453125
5296,25,0.390625
5296,26,0.296875
5296,27,0.21875
5296,28,0.296875
5296,29,0.234375
5296,30,0.15625
5296,31,0.234375
5296,32,0.203125
5296,33,0.25
5296,34,0.203125
5296,35,0.25
5296,36,0.3125
5296,37,0.28125
5296,38,0.15625
5296,39,0.21875
5296,40,0.265625
5296,41,0.328125
5296,42,0.390625
5296,43,0.34375
5296,44,0.296875
5296,45,0.375
5296,46,0.40625
5296,47,0.34375
5296,48,0.390625
5296,49,0.234375
5296,50,0.328125
5296,51,0.421875
5296,52,0.5
5296,53,0.296875
5296,54,0.25
5296,55,0.171875
5296,56,0.1875
5296,57,0.234375
5296,58,0.140625
5296,59,0.234375
5296,60,0.28125
5296,61,0.265625
5296,62,0.359375
5296,63,0.25
5296,64,0.296875
5296,65,0.421875
5296,66,0.34375
5296,67,0.3125
5297,0,0.171875
5297,1,0.109375
5297,2,0.234375
5297,3,0.25
5297,4,0.3125
5297,5,0.21875
5297,6,0.1875
5297,7,0.234375
5297,8,0.171875
5297,9,0.1875
5297,10,0.125
5297,11,0.265625
5297,12,0.296875
5297,13,0.34375
5297,14,0.40625
5297,15,0.359375
5297,16,0.296875
5297,17,0.375
5297,18,0.28125
5297,19,0.34375
5297,20,0.296875
5297,21,0.171875
5297,22,0.171875
5297,23,0.21875
5297,24,0.265625
5297,25,0.3125
5297,26,0.28125
5297,27,0.203125
5297,28,0.25
5297,29,0.3125
5297,30,0.28125
5297,31,0.34375
5297,32,0.359375
5297,33,0.265625
5297,34,0.21875
5297,35,0.265625
5297,36,0.5
5297,37,0.421875
5297,38,0.34375
5297,39,0.28125
5297,40,0.25
5297,41,0.1875
5297,42,0.28125
5297,43,0.375
5297,44,0.390625
5297,45,0.453125
5297,46,0.390625
5297,47,0.296875
5297,48,0.203125
5297,49,0.234375
5297,50,0.328125
5297,51,0.234375
5297,52,0.296875
5297,53,0.359375
5297,54,0.34375
5297,55,0.40625
5297,56,0.5
5297,57,0.453125
5297,58,0.515625
5297,59,0.515625
5297,60,0.40625
5298,0,0.03125
5298,1,0.0625
5298,2,0.1875
5298,3,0.140625
5298,4,0.21875
5298,5,0.28125
5298,6,0.4375
5299,0,0.234375
5299,1,0.28125
5299,2,0.1875
5299,3,0.25
5299,4,0.375
5299,5,0.296875
5299,6,0.203125
5299,7,0.296875
5299,8,0.328125
5299,9,0.265625
5299,10,0.203125
5299,11,0.25
5299,12,0.25
5299,13,0.265625
5299,14,0.203125
5299,15,0.1875
5299,16,0.21875
5299,17,0.296875
5299,18,0.234375
5299,19,0.1875
5299,20,0.25
5299,21,0.265625
5299,22,0.328125
5299,23,0.328125
5299,24,0.375
5299,25,0.28125
5299,26,0.21875
5299,27,0.140625
5299,28,0.21875
5299,29,0.296875
5299,30,0.21875
5299,31,0.28125
5299,32,0.359375
5299,33,0.28125
5299,34,0.21875
5299,35,0.28125
5299,36,0.171875
5299,37,0.234375
5299,38,0.296875
5299,39,0.21875
5299,40,0.21875
5299,41,0.328125
5299,42,0.28125
5299,43,0.328125
5299,44,0.234375
5299,45,0.3125
5299,46,0.34375
5299,47,0.15625
5299,48,0.25
5299,49,0.296875
5299,50,0.296875
5299,51,0.234375
5299,52,0.28125
5299,53,0.3125
5299,54,0.25
5299,55,0.296875
5299,56,0.203125
5299,57,0.25
5299,58,0.328125
5299,59,0.296875
5299,60,0.375
5299,61,0.3125
5299,62,0.359375
5299,63,0.4375
5299,64,0.375
5299,65,0.484375
5299,66,0.390625
5299,67,0.421875
5299,68,0.359375
5299,69,0.296875
5299,70,0.390625
5299,71,0.375
5299,72,0.546875
5299,73,0.578125
5299,74,0.5
5299,75,0.328125
5299,76,0.375
5299,77,0.265625
5299,78,0.359375
5299,79,0.34375
5299,80,0.390625
5299,81,0.328125
5299,82,0.375
5299,83,0.59375
5299,84,0.515625
5300,0,0.09375
5300,1,0.140625
5300,2,0.1875
5300,3,0.109375
5300,4,0.1875
5300,5,0.25
5300,6,0.203125
5300,7,0.15625
5300,8,0.234375
5300,9,0.28125
5300,10,0.21875
5300,11,0.21875
5300,12,0.265625
5300,13,0.328125
5300,14,0.234375
5300,15,0.28125
5300,16,0.203125
5300,17,0.3125
5300,18,0.265625
5300,19,0.203125
5300,20,0.28125
5300,21,0.3125
5300,22,0.171875
5300,23,0.21875
5300,24,0.265625
5300,25,0.296875
5300,26,0.1875
5300,27,0.25
5300,28,0.3125
5300,29,0.328125
5300,30,0.328125
5300,31,0.171875
5300,32,0.109375
5300,33,0.140625
5300,34,0.140625
5300,35,0.203125
5300,36,0.28125
5300,37,0.328125
5300,38,0.40625
5300,39,0.34375
5300,40,0.234375
5300,41,0.171875
5300,42,0.3125
5300,43,0.203125
5300,44,0.234375
5300,45,0.1875
5300,46,0.28125
5300,47,0.234375
5300,48,0.25
5300,49,0.234375
5300,50,0.15625
5300,51,0.25
5300,52,0.171875
5300,53,0.3125
5300,54,0.265625
5300,55,0.203125
5300,56,0.125
5300,57,0.15625
5300,58,0.234375
5300,59,0.265625
5300,60,0.34375
5300,61,0.15625
5300,62,0.203125
5300,63,0.28125
5300,64,0.296875
5300,65,0.34375
5300,66,0.28125
5300,67,0.21875
5300,68,0.1875
5300,69,0.25
5300,70,0.171875
5300,71,0.234375
5300,72,0.3125
5300,73,0.3125
5300,74,0.40625
5300,75,0.1875
5300,76,0.125
5300,77,0.171875
5300,78,0.21875
5300,79,0.1875
5300,80,0.171875
5300,81,0.203125
5300,82,0.234375
5300,83,0.25
5300,84,0.4375
5300,85,0.375
5300,86,0.421875
5300,87,0.515625
5300,88,0.46875
5300,89,0.328125
5300,90,0.359375
5300,91,0.390625
5300,92,0.359375
5300,93,0.28125
5300,94,0.328125
5300,95,0.125
5300,96,0.171875
5300,97,0.21875
5300,98,0.28125
5300,99,0.265625
5300,100,0.25
5300,101,0.203125
5300,102,0.140625
5300,103,0.15625
5300,104,0.21875
5300,105,0.140625
5300,106,0.21875
5300,107,0.1875
5300,108,0.25
5300,109,0.328125
5300,110,0.28125
5300,111,0.359375
5300,112,0.28125
5300,113,0.1875
5300,114,0.15625
5300,115,0.171875
5300,116,0.25
5300,117,0.40625
5300,118,0.484375
5301,0,0.0625
5301,1,0.109375
5301,2,0.15625
5301,3,0.125
5301,4,0.21875
5301,5,0.203125
5301,6,0.21875
5301,7,0.171875
5301,8,0.203125
5301,9,0.28125
5301,10,0.21875
5301,11,0.265625
5301,12,0.3125
5301,13,0.375
5301,14,0.28125
5301,15,0.34375
5301,16,0.265625
5301,17,0.203125
5301,18,0.3125
5301,19,0.21875
5301,20,0.171875
5301,21,0.15625
5301,22,0.15625
5301,23,0.234375
5301,24,0.3125
5301,25,0.34375
5301,26,0.390625
5301,27,0.296875
5301,28,0.34375
5301,29,0.296875
5301,30,0.265625
5301,31,0.359375
5301,32,0.25
5301,33,0.265625
5301,34,0.328125
5301,35,0.265625
5301,36,0.296875
5301,37,0.3125
5301,38,0.375
5301,39,0.203125
5301,40,0.171875
5301,41,0.21875
5301,42,0.171875
5301,43,0.21875
5301,44,0.21875
5301,45,0.28125
5301,46,0.21875
5301,47,0.203125
5301,48,0.34375
5301,49,0.28125
5301,50,0.21875
5301,51,0.234375
5301,52,0.390625
5301,53,0.375
5301,54,0.5
5301,55,0.3125
5301,56,0.34375
5301,57,0.265625
5301,58,0.34375
5302,0,0.1875
5302,1,0.140625
5302,2,0.203125
5302,3,0.21875
5302,4,0.3125
5302,5,0.28125
5302,6,0.359375
5302,7,0.25
5302,8,0.3125
5302,9,0.265625
5302,10,0.34375
5302,11,0.40625
5302,12,0.328125
5302,13,0.484375
5302,14,0.328125
5302,15,0.421875
5302,16,0.484375
5302,17,0.375
5302,18,0.46875
5302,19,0.421875
5302,20,0.484375
5302,21,0.5625
5302,22,0.4375
5303,0,0.1875
5303,1,0.203125
5303,2,0.09375
5303,3,0.125
5303,4,0.1875
5303,5,0.234375
5303,6,0.296875
5303,7,0.234375
5303,8,0.1875
5303,9,0.296875
5303,10,0.4375
5303,11,0.40625
5303,12,0.390625
5303,13,0.390625
5303,14,0.390625
5303,15,0.328125
5303,16,0.296875
5303,17,0.3125
5303,18,0.234375
5303,19,0.28125
5303,20,0.328125
5303,21,0.390625
5303,22,0.25
5303,23,0.15625
5303,24,0.21875
5303,25,0.15625
5303,26,0.28125
5303,27,0.25
5303,28,0.140625
5303,29,0.078125
5303,30,0.125
5303,31,0.265625
5303,32,0.1875
5303,33,0.265625
5303,34,0.1875
5303,35,0.25
5303,36,0.109375
5303,37,0.15625
5303,38,0.21875
5303,39,0.171875
5303,40,0.234375
5303,41,0.078125
5303,42,0.125
5303,43,0.296875
5303,44,0.34375
5303,45,0.421875
5303,46,0.34375
5303,47,0.3125
5303,48,0.375
5303,49,0.46875
5303,50,0.421875
5303,51,0.265625
5303,52,0.34375
5303,53,0.40625
5303,54,0.46875
5303,55,0.515625
5304,0,0.140625
5304,1,0.28125
5304,2,0.25
5304,3,0.203125
5304,4,0.375
5304,5,0.28125
5304,6,0.453125
5304,7,0.375
5304,8,0.328125
5304,9,0.234375
5304,10,0.21875
5304,11,0.296875
5304,12,0.21875
5304,13,0.21875
5304,14,0.265625
5304,15,0.328125
5304,16,0.25
5304,17,0.171875
5304,18,0.25
5304,19,0.140625
5304,20,0.1875
5304,21,0.25
5304,22,0.296875
5304,23,0.15625
5304,24,0.21875
5304,25,0.171875
5304,26,0.265625
5304,27,0.171875
5304,28,0.28125
5304,29,0.3125
5304,30,0.234375
5304,31,0.3125
5304,32,0.359375
5304,33,0.328125
5304,34,0.359375
5304,35,0.25
5304,36,0.21875
5304,37,0.296875
5304,38,0.265625
5304,39,0.234375
5304,40,0.21875
5304,41,0.21875
5304,42,0.28125
5304,43,0.328125
5304,44,0.265625
5304,45,0.359375
5304,46,0.296875
5304,47,0.1875
5304,48,0.234375
5304,49,0.296875
5304,50,0.265625
5304,51,0.3125
5304,52,0.21875
5304,53,0.296875
5304,54,0.359375
5304,55,0.28125
5304,56,0.28125
5304,57,0.390625
5304,58,0.34375
5304,59,0.265625
5304,60,0.359375
5304,61,0.421875
5304,62,0.34375
5304,63,0.265625
5304,64,0.28125
5304,65,0.3125
5304,66,0.421875
5304,67,0.453125
5304,68,0.28125
5304,69,0.34375
5304,70,0.40625
5304,71,0.359375
5304,72,0.421875
5304,73,0.234375
5304,74,0.3125
5304,75,0.25
5304,76,0.203125
5304,77,0.296875
5304,78,0.375
5304,79,0.4375
5304,80,0.40625
5304,81,0.46875
5304,82,0.40625
5304,83,0.328125
5304,84,0.40625
5304,85,0.34375
5304,86,0.390625
5304,87,0.265625
5304,88,0.328125
5304,89,0.34375
5304,90,0.421875
5304,91,0.46875
5305,0,0.1875
5305,1,0.265625
5305,2,0.328125
5305,3,0.359375
5305,4,0.28125
5305,5,0.3125
5305,6,0.203125
5305,7,0.28125
5305,8,0.375
5305,9,0.359375
5305,10,0.421875
5305,11,0.375
5305,12,0.3125
5305,13,0.390625
5305,14,0.3125
5305,15,0.25
5305,16,0.234375
5305,17,0.296875
5305,18,0.375
5305,19,0.5625
5306,0,0.09375
5306,1,0.109375
5306,2,0.21875
5306,3,0.125
5306,4,0.28125
5306,5,0.25
5306,6,0.296875
5306,7,0.21875
5306,8,0.25
5306,9,0.28125
5306,10,0.359375
5306,11,0.28125
5306,12,0.359375
5306,13,0.40625
5306,14,0.3125
5306,15,0.265625
5306,16,0.1875
5306,17,0.265625
5306,18,0.296875
5306,19,0.375
5306,20,0.15625
5306,21,0.25
5306,22,0.265625
5306,23,0.328125
5306,24,0.25
5306,25,0.34375
5306,26,0.28125
5306,27,0.203125
5306,28,0.25
5306,29,0.21875
5306,30,0.125
5306,31,0.25
5306,32,0.15625
5306,33,0.234375
5306,34,0.3125
5306,35,0.28125
5306,36,0.34375
5306,37,0.421875
5306,38,0.46875
5306,39,0.328125
5306,40,0.390625
5306,41,0.28125
5306,42,0.390625
5306,43,0.3125
5306,44,0.34375
5306,45,0.390625
5306,46,0.453125
5306,47,0.5
5306,48,0.421875
5306,49,0.390625
5306,50,0.46875
5306,51,0.40625
5306,52,0.328125
5306,53,0.25
5306,54,0.28125
5306,55,0.359375
5306,56,0.3125
5306,57,0.390625
5307,0,0.109375
5307,1,0.171875
5307,2,0.234375
5307,3,0.15625
5307,4,0.1875
5307,5,0.25
5307,6,0.34375
5307,7,0.28125
5307,8,0.21875
5307,9,0.265625
5307,10,0.3125
5307,11,0.296875
5307,12,0.21875
5307,13,0.28125
5307,14,0.203125
5307,15,0.21875
5307,16,0.25
5307,17,0.1875
5307,18,0.265625
5307,19,0.296875
5307,20,0.234375
5307,21,0.15625
5307,22,0.234375
5307,23,0.140625
5307,24,0.1875
5307,25,0.140625
5307,26,0.203125
5307,27,0.265625
5307,28,0.234375
5307,29,0.171875
5307,30,0.1875
5307,31,0.21875
5307,32,0.265625
5307,33,0.328125
5307,34,0.390625
5307,35,0.1875
5307,36,0.140625
5307,37,0.265625
5307,38,0.21875
5307,39,0.25
5307,40,0.1875
5307,41,0.25
5307,42,0.15625
5307,43,0.234375
5307,44,0.1875
5307,45,0.203125
5307,46,0.28125
5307,47,0.203125
5307,48,0.265625
5307,49,0.328125
5307,50,0.390625
5307,51,0.328125
5307,52,0.3125
5307,53,0.328125
5307,54,0.265625
5307,55,0.34375
5307,56,0.296875
5307,57,0.34375
5307,58,0.28125
5307,59,0.1875
5307,60,0.265625
5307,61,0.203125
5307,62,0.171875
5307,63,0.3125
5307,64,0.328125
5307,65,0.359375
5307,66,0.453125
5307,67,0.453125
5307,68,0.390625
5307,69,0.21875
5307,70,0.265625
5307,71,0.1875
5307,72,0.28125
5307,73,0.25
5307,74,0.34375
5307,75,0.40625
5307,76,0.34375
5307,77,0.234375
5307,78,0.28125
5307,79,0.1875
5307,80,0.28125
5307,81,0.171875
5307,82,0.21875
5307,83,0.171875
5307,84,0.203125
5307,85,0.296875
5307,86,0.234375
5307,87,0.171875
5307,88,0.1875
5307,89,0.1875
5307,90,0.34375
5307,91,0.296875
5307,92,0.453125
5307,93,0.171875
5307,94,0.203125
5307,95,0.15625
5307,96,0.28125
5307,97,0.328125
5307,98,0.375
5307,99,0.46875
5307,100,0.359375
5307,101,0.265625
5307,102,0.328125
5307,103,0.25
5307,104,0.34375
5307,105,0.3125
5307,106,0.609375
5307,107,0.40625
5307,108,0.59375
5308,0,0.203125
5308,1,0.375
5308,2,0.15625
5308,3,0.21875
5308,4,0.34375
5308,5,0.21875
5308,6,0.28125
5308,7,0.203125
5308,8,0.328125
5308,9,0.234375
5308,10,0.296875
5308,11,0.53125
5308,12,0.421875
5308,13,0.515625
5308,14,0.46875
5308,15,0.515625
5308,16,0.46875
5308,17,0.390625
5308,18,0.453125
5308,19,0.390625
5308,20,0.3125
5308,21,0.296875
5308,22,0.359375
5308,23,0.328125
5308,24,0.234375
5308,25,0.3125
5308,26,0.171875
5308,27,0.234375
5308,28,0.296875
5308,29,0.265625
5308,30,0.328125
5308,31,0.3125
5308,32,0.390625
5308,33,0.328125
5308,34,0.328125
5308,35,0.125
5308,36,0.1875
5308,37,0.265625
5308,38,0.34375
5308,39,0.265625
5308,40,0.28125
5308,41,0.390625
5308,42,0.453125
5308,43,0.375
5308,44,0.328125
5308,45,0.296875
5308,46,0.203125
5308,47,0.265625
5308,48,0.390625
5308,49,0.328125
5308,50,0.28125
5308,51,0.34375
5308,52,0.375
5308,53,0.421875
5308,54,0.484375
5308,55,0.453125
5308,56,0.546875
5308,57,0.359375
5308,58,0.3125
5308,59,0.21875
5308,60,0.3125
5308,61,0.3125
5308,62,0.359375
5308,63,0.328125
5308,64,0.21875
5308,65,0.28125
5308,66,0.34375
5308,67,0.21875
5308,68,0.21875
5308,69,0.234375
5308,70,0.296875
5308,71,0.34375
5308,72,0.25
5308,73,0.296875
5308,74,0.21875
5308,75,0.1875
5308,76,0.234375
5308,77,0.3125
5308,78,0.21875
5308,79,0.265625
5308,80,0.21875
5308,81,0.25
5308,82,0.171875
5308,83,0.1875
5308,84,0.234375
5308,85,0.296875
5308,86,0.21875
5308,87,0.234375
5308,88,0.421875
5308,89,0.359375
5308,90,0.296875
5308,91,0.359375
5308,92,0.25
5308,93,0.28125
5308,94,0.359375
5308,95,0.421875
5308,96,0.453125
5308,97,0.53125
5308,98,0.625
5309,0,0.0625
5309,1,0.265625
5309,2,0.15625
5309,3,0.171875
5309,4,0.234375
5309,5,0.265625
5309,6,0.09375
5309,7,0.15625
5309,8,0.203125
5309,9,0.265625
5309,10,0.21875
5309,11,0.296875
5309,12,0.25
5309,13,0.265625
5309,14,0.328125
5309,15,0.296875
5309,16,0.21875
5309,17,0.265625
5309,18,0.34375
5309,19,0.40625
5309,20,0.296875
5309,21,0.296875
5309,22,0.21875
5309,23,0.515625
5309,24,0.453125
5309,25,0.375
5309,26,0.40625
5309,27,0.34375
5309,28,0.4375
5309,29,0.40625
5309,30,0.34375
5309,31,0.4375
5309,32,0.25
5309,33,0.1875
5309,34,0.1875
5309,35,0.296875
5309,36,0.296875
5309,37,0.203125
5309,38,0.28125
5309,39,0.21875
5309,40,0.265625
5309,41,0.171875
5309,42,0.1875
5309,43,0.25
5309,44,0.1875
5309,45,0.203125
5309,46,0.21875
5309,47,0.171875
5309,48,0.203125
5309,49,0.125
5309,50,0.203125
5309,51,0.25
5309,52,0.234375
5309,53,0.375
5309,54,0.3125
5309,55,0.265625
5309,56,0.296875
5309,57,0.203125
5309,58,0.25
5309,59,0.3125
5309,60,0.265625
5309,61,0.40625
5309,62,0.359375
5309,63,0.421875
5309,64,0.46875
5309,65,0.390625
5309,66,0.484375
5309,67,0.3125
5309,68,0.28125
5309,69,0.21875
5309,70,0.390625
5309,71,0.296875
5309,72,0.34375
5309,73,0.296875
5309,74,0.421875
5309,75,0.34375
5309,76,0.296875
5309,77,0.34375
5309,78,0.375
5309,79,0.390625
5309,80,0.484375
5309,81,0.453125
5309,82,0.40625
5309,83,0.34375
5309,84,0.265625
5309,85,0.171875
5309,86,0.234375
5309,87,0.3125
5309,88,0.46875
5309,89,0.28125
5309,90,0.21875
5309,91,0.3125
5309,92,0.375
5309,93,0.375
5309,94,0.328125
5309,95,0.484375
5309,96,0.375
5309,97,0.28125
5309,98,0.34375
5309,99,0.265625
5309,100,0.328125
5309,101,0.359375
5309,102,0.328125
5309,103,0.390625
5309,104,0.296875
5309,105,0.265625
5309,106,0.375
5309,107,0.4375
5309,108,0.328125
5309,109,0.375
5309,110,0.453125
5309,111,0.453125
5309,112,0.265625
5309,113,0.203125
5309,114,0.265625
5309,115,0.328125
5309,116,0.25
5309,117,0.171875
5309,118,0.203125
5309,119,0.21875
5309,120,0.171875
5309,121,0.171875
5309,122,0.140625
5309,123,0.1875
5309,124,0.234375
5309,125,0.3125
5309,126,0.390625
5309,127,0.328125
5309,128,0.34375
5309,129,0.203125
5309,130,0.203125
5309,131,0.28125
5309,132,0.34375
5309,133,0.265625
5309,134,0.328125
5309,135,0.21875
5309,136,0.125
5309,137,0.1875
5309,138,0.140625
5309,139,0.1875
5309,140,0.25
5309,141,0.203125
5309,142,0.265625
5309,143,0.171875
5309,144,0.21875
5309,145,0.171875
5309,146,0.1875
5309,147,0.28125
5309,148,0.203125
5309,149,0.1875
5309,150,0.234375
5309,151,0.296875
5309,152,0.265625
5309,153,0.421875
5309,154,0.515625
5310,0,0.140625
5310,1,0.1875
5310,2,0.234375
5310,3,0.28125
5310,4,0.203125
5310,5,0.1875
5310,6,0.25
5310,7,0.21875
5310,8,0.1875
5310,9,0.234375
5310,10,0.296875
5310,11,0.328125
5310,12,0.375
5310,13,0.234375
5310,14,0.171875
5310,15,0.265625
5310,16,0.1875
5310,17,0.265625
5310,18,0.21875
5310,19,0.203125
5310,20,0.28125
5310,21,0.28125
5310,22,0.203125
5310,23,0.203125
5310,24,0.234375
5310,25,0.21875
5310,26,0.265625
5310,27,0.359375
5310,28,0.296875
5310,29,0.421875
5310,30,0.234375
5310,31,0.28125
5310,32,0.34375
5310,33,0.421875
5310,34,0.25
5310,35,0.328125
5310,36,0.390625
5310,37,0.328125
5310,38,0.390625
5311,0,0.0625
5311,1,0.015625
5311,2,0.078125
5311,3,0.109375
5311,4,0.171875
5311,5,0.234375
5311,6,0.234375
5311,7,0.296875
5311,8,0.3125
5311,9,0.234375
5311,10,0.3125
5311,11,0.203125
5311,12,0.15625
5311,13,0.09375
5311,14,0.171875
5311,15,0.15625
5311,16,0.1875
5311,17,0.140625
5311,18,0.203125
5311,19,0.25
5311,20,0.1875
5311,21,0.25
5311,22,0.1875
5311,23,0.28125
5311,24,0.265625
5311,25,0.1875
5311,26,0.25
5311,27,0.171875
5311,28,0.21875
5311,29,0.28125
5311,30,0.21875
5311,31,0.265625
5311,32,0.21875
5311,33,0.296875
5311,34,0.390625
5311,35,0.328125
5311,36,0.390625
5311,37,0.328125
5311,38,0.296875
5311,39,0.34375
5311,40,0.453125
5311,41,0.25
5311,42,0.375
5311,43,0.34375
5311,44,0.25
5311,45,0.296875
5311,46,0.359375
5311,47,0.28125
5311,48,0.203125
5311,49,0.21875
5311,50,0.25
5311,51,0.359375
5311,52,0.1875
5311,53,0.15625
5311,54,0.21875
5311,55,0.265625
5311,56,0.28125
5311,57,0.3125
5311,58,0.265625
5311,59,0.1875
5311,60,0.234375
5311,61,0.3125
5311,62,0.359375
5311,63,0.234375
5311,64,0.328125
5311,65,0.25
5311,66,0.28125
5311,67,0.1875
5311,68,0.21875
5311,69,0.203125
5311,70,0.28125
5311,71,0.3125
5311,72,0.359375
5311,73,0.375
5311,74,0.296875
5311,75,0.328125
5311,76,0.28125
5311,77,0.21875
5311,78,0.296875
5311,79,0.296875
5311,80,0.359375
5311,81,0.3125
5311,82,0.3125
5311,83,0.234375
5311,84,0.296875
5311,85,0.234375
5311,86,0.328125
5311,87,0.40625
5311,88,0.359375
5311,89,0.390625
5311,90,0.234375
5311,91,0.140625
5311,92,0.25
5311,93,0.171875
5311,94,0.234375
5311,95,0.15625
5311,96,0.21875
5311,97,0.125
5311,98,0.171875
5311,99,0.234375
5311,100,0.28125
5311,101,0.25
5311,102,0.3125
5311,103,0.390625
5311,104,0.328125
5311,105,0.328125
5311,106,0.28125
5311,107,0.3125
5311,108,0.359375
5311,109,0.546875
5311,110,0.1875
5311,111,0.25
5311,112,0.203125
5311,113,0.140625
5311,114,0.1875
5311,115,0.234375
5311,116,0.3125
5311,117,0.203125
5311,118,0.265625
5311,119,0.203125
5311,120,0.15625
5311,121,0.34375
5311,122,0.28125
5311,123,0.359375
5311,124,0.328125
5311,125,0.265625
5311,126,0.3125
5311,127,0.375
5311,128,0.28125
5311,129,0.125
5311,130,0.203125
5311,131,0.21875
5311,132,0.265625
5311,133,0.328125
5311,134,0.25
5311,135,0.203125
5311,136,0.28125
5311,137,0.296875
5311,138,0.328125
5311,139,0.28125
5311,140,0.34375
5311,141,0.28125
5311,142,0.34375
5311,143,0.40625
5311,144,0.21875
5311,145,0.265625
5311,146,0.5625
5311,147,0.46875
5311,148,0.578125
5311,149,0.546875
5311,150,0.515625
5311,151,0.578125
5311,152,0.484375
5311,153,0.421875
5311,154,0.359375
5311,155,0.375
5311,156,0.359375
5311,157,0.234375
5311,158,0.1875
5311,159,0.265625
5311,160,0.34375
5311,161,0.359375
5311,162,0.3125
5311,163,0.3125
5311,164,0.234375
5311,165,0.359375
5311,166,0.28125
5311,167,0.25
5311,168,0.3125
5311,169,0.375
5311,170,0.3125
5311,171,0.375
5311,172,0.296875
5311,173,0.34375
5311,174,0.296875
5311,175,0.328125
5311,176,0.390625
5311,177,0.3125
5311,178,0.265625
5311,179,0.328125
5311,180,0.234375
5311,181,0.28125
5311,182,0.25
5311,183,0.3125
5311,184,0.34375
5311,185,0.296875
5311,186,0.375
5311,187,0.28125
5311,188,0.21875
5311,189,0.28125
5311,190,0.3125
5311,191,0.328125
5311,192,0.328125
5311,193,0.296875
5311,194,0.21875
5311,195,0.3125
5311,196,0.203125
5311,197,0.171875
5311,198,0.1875
5311,199,0.296875
5311,200,0.28125
5311,201,0.171875
5311,202,0.25
5311,203,0.46875
5311,204,0.515625
5311,205,0.421875
5312,0,0.15625
5312,1,0.234375
5312,2,0.125
5312,3,0.21875
5312,4,0.296875
5312,5,0.203125
5312,6,0.125
5312,7,0.140625
5312,8,0.203125
5312,9,0.28125
5312,10,0.28125
5312,11,0.078125
5312,12,0.15625
5312,13,0.234375
5312,14,0.234375
5312,15,0.203125
5312,16,0.25
5312,17,0.34375
5312,18,0.296875
5312,19,0.203125
5312,20,0.140625
5312,21,0.140625
5312,22,0.171875
5312,23,0.234375
5312,24,0.34375
5312,25,0.28125
5312,26,0.359375
5312,27,0.28125
5312,28,0.359375
5312,29,0.234375
5312,30,0.234375
5312,31,0.3125
5312,32,0.234375
5312,33,0.234375
5312,34,0.328125
5312,35,0.375
5312,36,0.390625
5312,37,0.3125
5312,38,0.234375
5312,39,0.265625
5312,40,0.21875
5312,41,0.28125
5312,42,0.296875
5312,43,0.375
5312,44,0.296875
5312,45,0.203125
5312,46,0.140625
5312,47,0.125
5312,48,0.21875
5312,49,0.171875
5312,50,0.1875
5312,51,0.28125
5312,52,0.234375
5312,53,0.28125
5312,54,0.234375
5312,55,0.15625
5312,56,0.21875
5312,57,0.28125
5312,58,0.203125
5312,59,0.25
5312,60,0.328125
5312,61,0.390625
5312,62,0.46875
5312,63,0.265625
5312,64,0.28125
5312,65,0.25
5312,66,0.34375
5312,67,0.390625
5312,68,0.34375
5312,69,0.390625
5312,70,0.4375
5312,71,0.34375
5312,72,0.359375
5312,73,0.296875
5312,74,0.21875
5312,75,0.1875
5312,76,0.25
5312,77,0.28125
5312,78,0.34375
5312,79,0.3125
5312,80,0.25
5312,81,0.234375
5312,82,0.140625
5312,83,0.203125
5312,84,0.171875
5312,85,0.25
5312,86,0.34375
5312,87,0.265625
5312,88,0.203125
5312,89,0.234375
5312,90,0.203125
5312,91,0.140625
5312,92,0.203125
5312,93,0.1875
5312,94,0.078125
5312,95,0.125
5312,96,0.15625
5312,97,0.265625
5312,98,0.296875
5312,99,0.09375
5312,100,0.15625
5312,101,0.21875
5312,102,0.25
5312,103,0.25
5312,104,0.3125
5312,105,0.328125
5312,106,0.265625
5312,107,0.1875
5312,108,0.25
5312,109,0.171875
5312,110,0.1875
5312,111,0.28125
5312,112,0.203125
5312,113,0.296875
5312,114,0.359375
5312,115,0.28125
5312,116,0.21875
5312,117,0.25
5312,118,0.203125
5312,119,0.171875
5312,120,0.234375
5312,121,0.203125
5312,122,0.21875
5312,123,0.265625
5312,124,0.171875
5312,125,0.1875
5312,126,0.21875
5312,127,0.296875
5312,128,0.234375
5312,129,0.296875
5312,130,0.203125
5312,131,0.203125
5312,132,0.28125
5312,133,0.234375
5312,134,0.15625
5312,135,0.203125
5312,136,0.140625
5312,137,0.203125
5312,138,0.296875
5312,139,0.234375
5312,140,0.1875
5312,141,0.21875
5312,142,0.109375
5312,143,0.203125
5312,144,0.234375
5312,145,0.140625
5312,146,0.21875
5312,147,0.171875
5312,148,0.140625
5312,149,0.21875
5312,150,0.28125
5312,151,0.34375
5312,152,0.28125
5312,153,0.203125
5312,154,0.265625
5312,155,0.40625
5312,156,0.3125
5312,157,0.390625
5313,0,0.1875
5313,1,0.15625
5313,2,0.109375
5313,3,0.078125
5313,4,0.140625
5313,5,0.109375
5313,6,0.15625
5313,7,0.21875
5313,8,0.171875
5313,9,0.109375
5313,10,0.203125
5313,11,0.296875
5313,12,0.203125
5313,13,0.265625
5313,14,0.21875
5313,15,0.265625
5313,16,0.265625
5313,17,0.25
5313,18,0.21875
5313,19,0.15625
5313,20,0.15625
5313,21,0.203125
5313,22,0.265625
5313,23,0.359375
5313,24,0.265625
5313,25,0.203125
5313,26,0.328125
5313,27,0.25
5313,28,0.171875
5313,29,0.25
5313,30,0.21875
5313,31,0.171875
5313,32,0.234375
5313,33,0.28125
5313,34,0.234375
5313,35,0.171875
5313,36,0.203125
5313,37,0.28125
5313,38,0.25
5313,39,0.265625
5313,40,0.34375
5313,41,0.1875
5313,42,0.234375
5313,43,0.265625
5313,44,0.28125
5313,45,0.359375
5313,46,0.25
5313,47,0.28125
5313,48,0.234375
5313,49,0.4375
5313,50,0.359375
5313,51,0.421875
5313,52,0.359375
5313,53,0.28125
5313,54,0.203125
5313,55,0.265625
5313,56,0.328125
5313,57,0.3125
5313,58,0.375
5313,59,0.4375
5313,60,0.34375
5313,61,0.421875
5313,62,0.359375
5313,63,0.421875
5313,64,0.375
5313,65,0.3125
5314,0,0.171875
5314,1,0.203125
5314,2,0.296875
5314,3,0.34375
5314,4,0.375
5314,5,0.1875
5314,6,0.25
5314,7,0.328125
5314,8,0.25
5314,9,0.21875
5314,10,0.296875
5314,11,0.5
5314,12,0.546875
5315,0,0.140625
5315,1,0.109375
5315,2,0.125
5315,3,0.15625
5315,4,0.21875
5315,5,0.15625
5315,6,0.203125
5315,7,0.15625
5315,8,0.21875
5315,9,0.265625
5315,10,0.359375
5315,11,0.28125
5315,12,0.203125
5315,13,0.265625
5315,14,0.25
5315,15,0.296875
5315,16,0.1875
5315,17,0.203125
5315,18,0.421875
5315,19,0.375
5315,20,0.296875
5315,21,0.328125
5315,22,0.375
5315,23,0.21875
5315,24,0.265625
5315,25,0.28125
5315,26,0.265625
5315,27,0.328125
5315,28,0.328125
5315,29,0.265625
5315,30,0.328125
5315,31,0.265625
5315,32,0.3125
5315,33,0.390625
5315,34,0.28125
5315,35,0.375
5315,36,0.4375
5316,0,0.15625
5316,1,0.203125
5316,2,0.109375
5316,3,0.25
5316,4,0.28125
5316,5,0.21875
5316,6,0.28125
5316,7,0.21875
5316,8,0.171875
5316,9,0.234375
5316,10,0.28125
5316,11,0.25
5316,12,0.203125
5316,13,0.21875
5316,14,0.296875
5316,15,0.265625
5316,16,0.328125
5316,17,0.265625
5316,18,0.21875
5316,19,0.25
5316,20,0.296875
5316,21,0.234375
5316,22,0.1875
5316,23,0.265625
5316,24,0.203125
5316,25,0.25
5316,26,0.203125
5316,27,0.171875
5316,28,0.1875
5316,29,0.28125
5316,30,0.140625
5316,31,0.203125
5316,32,0.125
5316,33,0.25
5316,34,0.359375
5316,35,0.3125
5316,36,0.296875
5316,37,0.234375
5316,38,0.265625
5316,39,0.1875
5316,40,0.265625
5316,41,0.25
5316,42,0.109375
5316,43,0.171875
5316,44,0.203125
5316,45,0.140625
5316,46,0.171875
5316,47,0.09375
5316,48,0.15625
5316,49,0.359375
5316,50,0.25
5316,51,0.265625
5316,52,0.3125
5316,53,0.25
5316,54,0.28125
5316,55,0.328125
5316,56,0.359375
5316,57,0.25
5316,58,0.171875
5316,59,0.21875
5316,60,0.28125
5316,61,0.21875
5316,62,0.234375
5316,63,0.265625
5316,64,0.21875
5316,65,0.265625
5316,66,0.21875
5316,67,0.25
5316,68,0.359375
5316,69,0.234375
5316,70,0.3125
5316,71,0.265625
5316,72,0.3125
5316,73,0.21875
5316,74,0.34375
5316,75,0.234375
5316,76,0.328125
5316,77,0.265625
5316,78,0.421875
5316,79,0.34375
5316,80,0.359375
5316,81,0.40625
5316,82,0.296875
5316,83,0.28125
5316,84,0.359375
5316,85,0.203125
5316,86,0.296875
5316,87,0.28125
5316,88,0.25
5316,89,0.21875
5316,90,0.25
5316,91,0.3125
5316,92,0.375
5316,93,0.28125
5316,94,0.375
5316,95,0.375
5316,96,0.296875
5316,97,0.328125
5316,98,0.40625
5316,99,0.3125
5316,100,0.390625
5316,101,0.3125
5316,102,0.375
5316,103,0.453125
5316,104,0.265625
5316,105,0.296875
5316,106,0.265625
5316,107,0.34375
5316,108,0.421875
5316,109,0.359375
5316,110,0.421875
5316,111,0.34375
5316,112,0.34375
5316,113,0.234375
5316,114,0.171875
5316,115,0.21875
5316,116,0.296875
5316,117,0.375
5316,118,0.40625
5316,119,0.359375
5316,120,0.453125
5316,121,0.390625
5316,122,0.328125
5316,123,0.28125
5316,124,0.34375
5316,125,0.359375
5316,126,0.296875
5316,127,0.34375
5316,128,0.40625
5316,129,0.328125
5316,130,0.40625
5316,131,0.34375
5316,132,0.3125
5316,133,0.234375
5316,134,0.265625
5316,135,0.234375
5316,136,0.28125
5316,137,0.359375
5316,138,0.328125
5316,139,0.234375
5316,140,0.265625
5316,141,0.203125
5316,142,0.3125
5316,143,0.375
5316,144,0.25
5316,145,0.25
5316,146,0.265625
5316,147,0.140625
5316,148,0.203125
5316,149,0.234375
5316,150,0.3125
5316,151,0.375
5316,152,0.4375
5316,153,0.375
5316,154,0.328125
5316,155,0.28125
5316,156,0.359375
5316,157,0.28125
5316,158,0.34375
5316,159,0.53125
5317,0,0.21875
5317,1,0.140625
5317,2,0.203125
5317,3,0.15625
5317,4,0.125
5317,5,0.0625
5317,6,0.15625
5317,7,0.21875
5317,8,0.296875
5317,9,0.21875
5317,10,0.28125
5317,11,0.296875
5317,12,0.21875
5317,13,0.21875
5317,14,0.1875
5317,15,0.21875
5317,16,0.28125
5317,17,0.328125
5317,18,0.265625
5317,19,0.328125
5317,20,0.390625
5317,21,0.34375
5317,22,0.28125
5317,23,0.359375
5317,24,0.3125
5317,25,0.375
5317,26,0.3125
5317,27,0.375
5317,28,0.3125
5317,29,0.46875
5317,30,0.40625
5317,31,0.46875
5317,32,0.40625
5317,33,0.328125
5317,34,0.3125
5317,35,0.25
5317,36,0.3125
5317,37,0.265625
5317,38,0.3125
5317,39,0.1875
5317,40,0.25
5317,41,0.3125
5317,42,0.265625
5317,43,0.1875
5317,44,0.265625
5317,45,0.21875
5317,46,0.265625
5317,47,0.53125
5318,0,0.171875
5318,1,0.21875
5318,2,0.25
5318,3,0.203125
5318,4,0.34375
5318,5,0.296875
5318,6,0.359375
5318,7,0.328125
5318,8,0.28125
5318,9,0.28125
5318,10,0.203125
5318,11,0.15625
5318,12,0.171875
5318,13,0.25
5318,14,0.171875
5318,15,0.25
5318,16,0.203125
5318,17,0.265625
5318,18,0.328125
5318,19,0.25
5318,20,0.3125
5318,21,0.21875
5318,22,0.296875
5318,23,0.328125
5318,24,0.375
5318,25,0.4375
5318,26,0.375
5318,27,0.28125
5318,28,0.3125
5318,29,0.375
5318,30,0.453125
5318,31,0.46875
5318,32,0.53125
5318,33,0.46875
5319,0,0.078125
5319,1,0.3125
5319,2,0.15625
5319,3,0.171875
5319,4,0.140625
5319,5,0.15625
5319,6,0.21875
5319,7,0.25
5319,8,0.1875
5319,9,0.25
5319,10,0.171875
5319,11,0.203125
5319,12,0.140625
5319,13,0.140625
5319,14,0.203125
5319,15,0.140625
5319,16,0.234375
5319,17,0.25
5319,18,0.296875
5319,19,0.265625
5319,20,0.34375
5319,21,0.375
5319,22,0.34375
5319,23,0.28125
5319,24,0.40625
5319,25,0.3125
5319,26,0.359375
5319,27,0.421875
5319,28,0.34375
5319,29,0.28125
5319,30,0.25
5319,31,0.203125
5319,32,0.25
5319,33,0.421875
5319,34,0.359375
5319,35,0.375
5319,36,0.21875
5319,37,0.28125
5319,38,0.171875
5319,39,0.25
5319,40,0.1875
5319,41,0.21875
5319,42,0.15625
5319,43,0.234375
5319,44,0.328125
5319,45,0.25
5319,46,0.28125
5319,47,0.34375
5319,48,0.265625
5319,49,0.171875
5319,50,0.25
5319,51,0.296875
5319,52,0.25
5319,53,0.296875
5319,54,0.34375
5319,55,0.328125
5319,56,0.234375
5319,57,0.328125
5319,58,0.25
5319,59,0.328125
5319,60,0.390625
5319,61,0.421875
5319,62,0.359375
5319,63,0.25
5319,64,0.375
5319,65,0.21875
5319,66,0.265625
5319,67,0.28125
5319,68,0.296875
5319,69,0.234375
5319,70,0.296875
5319,71,0.234375
5319,72,0.3125
5319,73,0.390625
5319,74,0.5625
5319,75,0.296875
5319,76,0.234375
5319,77,0.359375
5319,78,0.28125
5319,79,0.359375
5319,80,0.296875
5319,81,0.375
5319,82,0.34375
5319,83,0.28125
5319,84,0.203125
5319,85,0.296875
5319,86,0.34375
5319,87,0.28125
5319,88,0.3125
5319,89,0.390625
5319,90,0.4375
5319,91,0.390625
5319,92,0.171875
5319,93,0.25
5319,94,0.265625
5319,95,0.234375
5319,96,0.265625
5319,97,0.203125
5319,98,0.1875
5319,99,0.234375
5319,100,0.328125
5319,101,0.171875
5319,102,0.09375
5319,103,0.078125
5319,104,0.125
5319,105,0.1875
5319,106,0.265625
5319,107,0.203125
5319,108,0.265625
5319,109,0.3125
5319,110,0.265625
5319,111,0.21875
5319,112,0.15625
5319,113,0.125
5319,114,0.140625
5319,115,0.234375
5319,116,0.28125
5319,117,0.296875
5319,118,0.21875
5319,119,0.28125
5319,120,0.359375
5319,121,0.3125
5320,0,0.09375
5320,1,0.28125
5320,2,0.3125
5320,3,0.125
5320,4,0.203125
5320,5,0.234375
5320,6,0.28125
5320,7,0.25
5320,8,0.40625
5320,9,0.40625
5320,10,0.328125
5320,11,0.359375
5320,12,0.375
5320,13,0.296875
5320,14,0.234375
5320,15,0.328125
5320,16,0.4375
5320,17,0.375
5320,18,0.1875
5320,19,0.140625
5320,20,0.203125
5320,21,0.25
5320,22,0.3125
5320,23,0.203125
5320,24,0.21875
5320,25,0.28125
5320,26,0.421875
5320,27,0.21875
5320,28,0.3125
5320,29,0.25
5320,30,0.296875
5320,31,0.25
5320,32,0.328125
5320,33,0.28125
5320,34,0.28125
5320,35,0.46875
5321,0,0.1875
5321,1,0.125
5321,2,0.203125
5321,3,0.21875
5321,4,0.25
5321,5,0.1875
5321,6,0.234375
5321,7,0.265625
5321,8,0.3125
5321,9,0.328125
5321,10,0.375
5321,11,0.40625
5321,12,0.34375
5321,13,0.25
5321,14,0.1875
5321,15,0.28125
5321,16,0.265625
5321,17,0.203125
5321,18,0.296875
5321,19,0.515625
5322,0,0.171875
5322,1,0.1875
5322,2,0.28125
5322,3,0.359375
5322,4,0.375
5322,5,0.328125
5322,6,0.265625
5322,7,0.296875
5322,8,0.28125
5322,9,0.359375
5322,10,0.421875
5322,11,0.390625
5322,12,0.25
5322,13,0.203125
5322,14,0.15625
5322,15,0.1875
5322,16,0.125
5322,17,0.21875
5322,18,0.21875
5322,19,0.1875
5322,20,0.125
5322,21,0.203125
5322,22,0.28125
5322,23,0.4375
5322,24,0.453125
5322,25,0.421875
5322,26,0.203125
5322,27,0.296875
5322,28,0.3125
5322,29,0.265625
5322,30,0.3125
5322,31,0.265625
5322,32,0.203125
5322,33,0.1875
5322,34,0.1875
5322,35,0.234375
5322,36,0.40625
5322,37,0.546875
5322,38,0.625
5322,39,0.671875
5322,40,0.3125
5322,41,0.375
5322,42,0.4375
5322,43,0.25
5322,44,0.234375
5322,45,0.203125
5322,46,0.265625
5322,47,0.3125
5322,48,0.265625
5322,49,0.3125
5322,50,0.375
5322,51,0.265625
5322,52,0.328125
5322,53,0.40625
5322,54,0.578125
5322,55,0.4375
5322,56,0.484375
5322,57,0.40625
5322,58,0.46875
5322,59,0.40625
5322,60,0.3125
5322,61,0.34375
5322,62,0.296875
5322,63,0.328125
5322,64,0.265625
5322,65,0.265625
5322,66,0.328125
5322,67,0.390625
5322,68,0.421875
5322,69,0.484375
5322,70,0.28125
5322,71,0.203125
5322,72,0.265625
5322,73,0.234375
5322,74,0.15625
5322,75,0.25
5322,76,0.21875
5322,77,0.140625
5322,78,0.1875
5322,79,0.21875
5322,80,0.265625
5322,81,0.15625
5322,82,0.21875
5322,83,0.1875
5322,84,0.296875
5322,85,0.359375
5322,86,0.3125
5322,87,0.359375
5322,88,0.3125
5322,89,0.25
5322,90,0.265625
5322,91,0.296875
5322,92,0.109375
5322,93,0.15625
5322,94,0.25
5322,95,0.265625
5322,96,0.21875
5322,97,0.21875
5322,98,0.15625
5322,99,0.21875
5322,100,0.28125
5322,101,0.34375
5322,102,0.296875
5322,103,0.359375
5322,104,0.46875
5322,105,0.28125
5322,106,0.390625
5322,107,0.28125
5322,108,0.21875
5322,109,0.25
5322,110,0.328125
5322,111,0.34375
5322,112,0.203125
5322,113,0.3125
5322,114,0.328125
5322,115,0.25
5322,116,0.234375
5322,117,0.21875
5322,118,0.328125
5322,119,0.28125
5322,120,0.34375
5322,121,0.28125
5322,122,0.359375
5322,123,0.375
5322,124,0.453125
5322,125,0.359375
5322,126,0.265625
5322,127,0.40625
5322,128,0.265625
5322,129,0.328125
5322,130,0.25
5322,131,0.34375
5322,132,0.296875
5322,133,0.234375
5322,134,0.34375
5322,135,0.390625
5322,136,0.375
5322,137,0.46875
5323,0,0.078125
5323,1,0.09375
5323,2,0.171875
5323,3,0.21875
5323,4,0.359375
5323,5,0.1875
5323,6,0.203125
5323,7,0.359375
5323,8,0.46875
5323,9,0.296875
5323,10,0.21875
5323,11,0.265625
5323,12,0.3125
5323,13,0.328125
5323,14,0.28125
5323,15,0.359375
5323,16,0.359375
5323,17,0.265625
5323,18,0.328125
5323,19,0.390625
5323,20,0.3125
5323,21,0.234375
5323,22,0.3125
5323,23,0.390625
5323,24,0.34375
5323,25,0.40625
5323,26,0.296875
5323,27,0.25
5323,28,0.265625
5323,29,0.359375
5323,30,0.28125
5323,31,0.3125
5323,32,0.21875
5323,33,0.234375
5323,34,0.1875
5323,35,0.25
5323,36,0.296875
5323,37,0.171875
5323,38,0.21875
5323,39,0.203125
5323,40,0.265625
5323,41,0.296875
5323,42,0.25
5323,43,0.203125
5323,44,0.265625
5323,45,0.203125
5323,46,0.28125
5323,47,0.34375
5323,48,0.3125
5323,49,0.265625
5323,50,0.328125
5323,51,0.203125
5323,52,0.203125
5323,53,0.28125
5323,54,0.1875
5323,55,0.234375
5323,56,0.203125
5323,57,0.265625
5323,58,0.234375
5323,59,0.234375
5323,60,0.296875
5323,61,0.3125
5323,62,0.265625
5323,63,0.21875
5323,64,0.171875
5323,65,0.234375
5323,66,0.3125
5323,67,0.375
5323,68,0.28125
5323,69,0.21875
5323,70,0.296875
5323,71,0.34375
5323,72,0.28125
5323,73,0.375
5323,74,0.390625
5323,75,0.484375
5323,76,0.296875
5323,77,0.203125
5323,78,0.3125
5323,79,0.265625
5323,80,0.328125
5323,81,0.25
5323,82,0.3125
5323,83,0.25
5323,84,0.296875
5323,85,0.296875
5323,86,0.25
5323,87,0.3125
5323,88,0.265625
5323,89,0.203125
5323,90,0.296875
5323,91,0.265625
5323,92,0.21875
5323,93,0.3125
5323,94,0.328125
5323,95,0.421875
5323,96,0.28125
5323,97,0.21875
5323,98,0.25
5323,99,0.3125
5323,100,0.359375
5323,101,0.296875
5323,102,0.25
5323,103,0.3125
5323,104,0.15625
5323,105,0.125
5323,106,0.203125
5323,107,0.15625
5323,108,0.109375
5323,109,0.1875
5323,110,0.234375
5323,111,0.171875
5323,112,0.25
5323,113,0.21875
5323,114,0.28125
5323,115,0.359375
5323,116,0.3125
5323,117,0.28125
5323,118,0.203125
5323,119,0.15625
5323,120,0.203125
5323,121,0.21875
5323,122,0.25
5323,123,0.1875
5323,124,0.140625
5323,125,0.3125
5323,126,0.390625
5323,127,0.4375
5323,128,0.296875
5323,129,0.3125
5323,130,0.296875
5323,131,0.34375
5323,132,0.390625
5323,133,0.453125
5323,134,0.390625
5323,135,0.34375
5323,136,0.421875
5323,137,0.359375
5324,0,0.078125
5324,1,0.265625
5324,2,0.1875
5324,3,0.21875
5324,4,0.15625
5324,5,0.203125
5324,6,0.375
5324,7,0.296875
5324,8,0.265625
5324,9,0.171875
5324,10,0.140625
5324,11,0.21875
5324,12,0.3125
5324,13,0.3125
5324,14,0.109375
5324,15,0.15625
5324,16,0.109375
5324,17,0.1875
5324,18,0.203125
5324,19,0.21875
5324,20,0.3125
5324,21,0.234375
5324,22,0.1875
5324,23,0.28125
5324,24,0.34375
5324,25,0.28125
5324,26,0.1875
5324,27,0.203125
5324,28,0.265625
5324,29,0.28125
5324,30,0.265625
5324,31,0.234375
5324,32,0.265625
5324,33,0.203125
5324,34,0.265625
5324,35,0.328125
5324,36,0.265625
5324,37,0.28125
5324,38,0.390625
5324,39,0.375
5324,40,0.25
5324,41,0.28125
5324,42,0.34375
5324,43,0.28125
5324,44,0.265625
5324,45,0.3125
5324,46,0.328125
5324,47,0.265625
5324,48,0.3125
5324,49,0.34375
5325,0,0.171875
5325,1,0.15625
5325,2,0.234375
5325,3,0.171875
5325,4,0.203125
5325,5,0.28125
5325,6,0.21875
5325,7,0.265625
5325,8,0.328125
5325,9,0.296875
5325,10,0.4375
5325,11,0.5
5325,12,0.34375
5325,13,0.28125
5325,14,0.375
5325,15,0.4375
5325,16,0.375
5325,17,0.328125
5325,18,0.421875
5325,19,0.4375
5325,20,0.375
5325,21,0.265625
5325,22,0.203125
5325,23,0.125
5325,24,0.203125
5325,25,0.28125
5325,26,0.21875
5325,27,0.265625
5325,28,0.25
5325,29,0.15625
5325,30,0.171875
5325,31,0.09375
5325,32,0.15625
5325,33,0.25
5325,34,0.34375
5325,35,0.28125
5325,36,0.328125
5325,37,0.3125
5326,0,0.1875
5326,1,0.28125
5326,2,0.203125
5326,3,0.109375
5326,4,0.15625
5326,5,0.09375
5326,6,0.15625
5326,7,0.265625
5326,8,0.296875
5326,9,0.375
5326,10,0.34375
5326,11,0.28125
5326,12,0.296875
5326,13,0.203125
5326,14,0.171875
5326,15,0.21875
5326,16,0.203125
5326,17,0.140625
5326,18,0.28125
5326,19,0.21875
5326,20,0.25
5326,21,0.328125
5326,22,0.234375
5326,23,0.171875
5326,24,0.234375
5326,25,0.265625
5326,26,0.296875
5326,27,0.40625
5326,28,0.171875
5326,29,0.125
5326,30,0.203125
5326,31,0.21875
5326,32,0.15625
5326,33,0.21875
5326,34,0.1875
5326,35,0.296875
5326,36,0.234375
5326,37,0.28125
5326,38,0.265625
5326,39,0.3125
5326,40,0.265625
5326,41,0.34375
5326,42,0.296875
5326,43,0.28125
5326,44,0.328125
5326,45,0.265625
5326,46,0.375
5326,47,0.234375
5326,48,0.171875
5326,49,0.125
5326,50,0.078125
5326,51,0.140625
5326,52,0.21875
5326,53,0.28125
5326,54,0.171875
5326,55,0.21875
5326,56,0.3125
5326,57,0.359375
5326,58,0.28125
5326,59,0.359375
5327,0,0.15625
5327,1,0.21875
5327,2,0.25
5327,3,0.34375
5327,4,0.28125
5327,5,0.359375
5327,6,0.234375
5327,7,0.234375
5327,8,0.328125
5327,9,0.328125
5327,10,0.25
5327,11,0.140625
5327,12,0.15625
5327,13,0.1875
5327,14,0.265625
5327,15,0.09375
5327,16,0.15625
5327,17,0.09375
5327,18,0.125
5327,19,0.28125
5327,20,0.140625
5327,21,0.140625
5327,22,0.21875
5327,23,0.265625
5327,24,0.21875
5327,25,0.28125
5327,26,0.265625
5327,27,0.171875
5327,28,0.25
5327,29,0.328125
5327,30,0.359375
5327,31,0.40625
5327,32,0.4375
5327,33,0.390625
5327,34,0.359375
5327,35,0.421875
5327,36,0.484375
5327,37,0.53125
5327,38,0.609375
5327,39,0.671875
5327,40,0.484375
5327,41,0.390625
5327,42,0.421875
5327,43,0.453125
5328,0,0.15625
5328,1,0.21875
5328,2,0.40625
5328,3,0.1875
5328,4,0.21875
5328,5,0.234375
5328,6,0.34375
5328,7,0.34375
5328,8,0.4375
5328,9,0.5625
5328,10,0.515625
5328,11,0.453125
5328,12,0.375
5328,13,0.296875
5328,14,0.234375
5328,15,0.25
5328,16,0.25
5328,17,0.296875
5328,18,0.21875
5328,19,0.25
5328,20,0.203125
5328,21,0.234375
5328,22,0.296875
5328,23,0.1875
5328,24,0.234375
5328,25,0.28125
5328,26,0.21875
5328,27,0.0625
5328,28,0.125
5328,29,0.203125
5328,30,0.25
5328,31,0.1875
5328,32,0.234375
5328,33,0.171875
5328,34,0.140625
5328,35,0.21875
5328,36,0.265625
5328,37,0.359375
5328,38,0.265625
5328,39,0.171875
5328,40,0.25
5328,41,0.421875
5328,42,0.390625
5328,43,0.375
5328,44,0.328125
5328,45,0.265625
5328,46,0.203125
5328,47,0.265625
5328,48,0.359375
5328,49,0.296875
5328,50,0.25
5328,51,0.28125
5328,52,0.34375
5329,0,0.15625
5329,1,0.171875
5329,2,0.203125
5329,3,0.265625
5329,4,0.1875
5329,5,0.265625
5329,6,0.1875
5329,7,0.265625
5329,8,0.328125
5329,9,0.296875
5329,10,0.4375
5329,11,0.40625
5329,12,0.265625
5329,13,0.234375
5329,14,0.296875
5329,15,0.21875
5329,16,0.28125
5329,17,0.25
5329,18,0.171875
5329,19,0.203125
5329,20,0.140625
5329,21,0.1875
5329,22,0.234375
5329,23,0.140625
5329,24,0.203125
5329,25,0.3125
5329,26,0.390625
5329,27,0.234375
5329,28,0.234375
5329,29,0.1875
5329,30,0.375
5329,31,0.453125
5329,32,0.390625
5329,33,0.328125
5329,34,0.375
5329,35,0.359375
5329,36,0.296875
5329,37,0.390625
5329,38,0.46875
5329,39,0.40625
5329,40,0.328125
5329,41,0.25
5329,42,0.34375
5329,43,0.140625
5329,44,0.171875
5329,45,0.21875
5329,46,0.28125
5329,47,0.375
5329,48,0.21875
5329,49,0.171875
5329,50,0.265625
5329,51,0.3125
5329,52,0.15625
5329,53,0.21875
5329,54,0.296875
5329,55,0.453125
5329,56,0.375
5329,57,0.3125
5329,58,0.28125
5329,59,0.203125
5329,60,0.15625
5329,61,0.234375
5329,62,0.265625
5329,63,0.21875
5329,64,0.265625
5329,65,0.3125
5329,66,0.265625
5329,67,0.296875
5329,68,0.359375
5329,69,0.4375
5329,70,0.390625
5329,71,0.171875
5329,72,0.234375
5329,73,0.328125
5329,74,0.390625
5329,75,0.453125
5330,0,0.171875
5330,1,0.203125
5330,2,0.140625
5330,3,0.078125
5330,4,0.171875
5330,5,0.25
5330,6,0.25
5330,7,0.171875
5330,8,0.25
5330,9,0.21875
5330,10,0.25
5330,11,0.21875
5330,12,0.203125
5330,13,0.265625
5330,14,0.328125
5330,15,0.296875
5330,16,0.296875
5330,17,0.359375
5330,18,0.375
5330,19,0.453125
5330,20,0.390625
5330,21,0.25
5330,22,0.203125
5330,23,0.1875
5330,24,0.234375
5330,25,0.28125
5330,26,0.234375
5330,27,0.234375
5330,28,0.46875
5330,29,0.40625
5330,30,0.28125
5330,31,0.375
5330,32,0.171875
5330,33,0.21875
5330,34,0.3125
5330,35,0.28125
5330,36,0.359375
5330,37,0.3125
5330,38,0.203125
5330,39,0.296875
5330,40,0.375
5330,41,0.3125
5330,42,0.25
5330,43,0.328125
5330,44,0.296875
5330,45,0.34375
5330,46,0.390625
5330,47,0.328125
5330,48,0.390625
5330,49,0.21875
5330,50,0.171875
5330,51,0.1875
5330,52,0.21875
5330,53,0.28125
5330,54,0.296875
5330,55,0.1875
5330,56,0.125
5330,57,0.21875
5330,58,0.234375
5330,59,0.140625
5330,60,0.1875
5330,61,0.21875
5330,62,0.296875
5330,63,0.359375
5330,64,0.28125
5330,65,0.328125
5330,66,0.390625
5330,67,0.375
5330,68,0.296875
5330,69,0.375
5330,70,0.234375
5330,71,0.15625
5330,72,0.234375
5330,73,0.171875
5330,74,0.25
5330,75,0.296875
5330,76,0.21875
5330,77,0.375
5330,78,0.28125
5330,79,0.328125
5330,80,0.28125
5330,81,0.25
5330,82,0.34375
5330,83,0.234375
5330,84,0.140625
5330,85,0.265625
5330,86,0.21875
5330,87,0.140625
5330,88,0.25
5330,89,0.3125
5330,90,0.28125
5330,91,0.25
5330,92,0.3125
5330,93,0.375
5330,94,0.484375
5330,95,0.328125
5330,96,0.40625
5330,97,0.28125
5330,98,0.28125
5330,99,0.21875
5330,100,0.265625
5330,101,0.1875
5330,102,0.265625
5330,103,0.078125
5330,104,0.140625
5330,105,0.078125
5330,106,0.09375
5330,107,0.203125
5330,108,0.140625
5330,109,0.234375
5330,110,0.1875
5330,111,0.109375
5330,112,0.171875
5330,113,0.25
5330,114,0.15625
5330,115,0.234375
5330,116,0.15625
5330,117,0.234375
5330,118,0.15625
5330,119,0.109375
5330,120,0.171875
5330,121,0.234375
5330,122,0.3125
5330,123,0.375
5330,124,0.453125
5330,125,0.265625
5330,126,0.34375
5330,127,0.40625
5330,128,0.34375
5330,129,0.390625
5330,130,0.359375
5330,131,0.3125
5330,132,0.328125
5330,133,0.40625
5330,134,0.375
5330,135,0.28125
5330,136,0.34375
5330,137,0.46875
5330,138,0.4375
5330,139,0.359375
5330,140,0.40625
5330,141,0.421875
5330,142,0.4375
5330,143,0.390625
5330,144,0.28125
5330,145,0.328125
5330,146,0.28125
5330,147,0.359375
5330,148,0.28125
5330,149,0.3125
5330,150,0.390625
5330,151,0.328125
5330,152,0.421875
5330,153,0.25
5330,154,0.3125
5330,155,0.15625
5330,156,0.234375
5330,157,0.296875
5330,158,0.25
5330,159,0.1875
5330,160,0.265625
5330,161,0.328125
5330,162,0.359375
5330,163,0.40625
5330,164,0.4375
5330,165,0.53125
5330,166,0.46875
5330,167,0.4375
5330,168,0.453125
5330,169,0.375
5330,170,0.28125
5330,171,0.265625
5330,172,0.25
5330,173,0.25
5330,174,0.171875
5330,175,0.234375
5330,176,0.15625
5330,177,0.234375
5330,178,0.296875
5330,179,0.375
5331,0,0.203125
5331,1,0.125
5331,2,0.203125
5331,3,0.25
5331,4,0.34375
5331,5,0.140625
5331,6,0.203125
5331,7,0.421875
5331,8,0.53125
5331,9,0.25
5331,10,0.1875
5331,11,0.21875
5331,12,0.296875
5331,13,0.34375
5331,14,0.296875
5331,15,0.296875
5331,16,0.296875
5331,17,0.3125
5331,18,0.34375
5331,19,0.265625
5331,20,0.3125
5331,21,0.359375
5331,22,0.25
5331,23,0.265625
5331,24,0.359375
5331,25,0.25
5331,26,0.296875
5331,27,0.203125
5331,28,0.3125
5331,29,0.265625
5331,30,0.203125
5331,31,0.25
5331,32,0.453125
5331,33,0.515625
5331,34,0.453125
5331,35,0.40625
5331,36,0.421875
5331,37,0.359375
5331,38,0.46875
5331,39,0.328125
5331,40,0.25
5331,41,0.296875
5331,42,0.234375
5331,43,0.171875
5331,44,0.265625
5331,45,0.25
5331,46,0.3125
5331,47,0.296875
5331,48,0.234375
5331,49,0.390625
5331,50,0.140625
5331,51,0.21875
5331,52,0.171875
5331,53,0.1875
5331,54,0.234375
5331,55,0.296875
5331,56,0.34375
5331,57,0.25
5331,58,0.3125
5331,59,0.515625
5331,60,0.46875
5331,61,0.421875
5331,62,0.453125
5331,63,0.5625
5331,64,0.46875
5331,65,0.375
5331,66,0.34375
5331,67,0.375
5331,68,0.453125
5331,69,0.4375
5331,70,0.40625
5331,71,0.359375
5331,72,0.40625
5331,73,0.375
5331,74,0.40625
5331,75,0.34375
5331,76,0.296875
5331,77,0.359375
5331,78,0.34375
5331,79,0.40625
5331,80,0.359375
5331,81,0.25
5331,82,0.328125
5331,83,0.375
5331,84,0.296875
5331,85,0.359375
5331,86,0.25
5331,87,0.1875
5331,88,0.203125
5331,89,0.1875
5331,90,0.25
5331,91,0.171875
5331,92,0.203125
5331,93,0.28125
5331,94,0.3125
5331,95,0.3125
5331,96,0.296875
5331,97,0.453125
5331,98,0.546875
5331,99,0.46875
5331,100,0.296875
5331,101,0.328125
5331,102,0.328125
5331,103,0.375
5331,104,0.4375
5331,105,0.375
5331,106,0.21875
5331,107,0.3125
5331,108,0.21875
5331,109,0.28125
5331,110,0.234375
5331,111,0.296875
5331,112,0.34375
5331,113,0.234375
5331,114,0.3125
5331,115,0.25
5331,116,0.34375
5331,117,0.421875
5331,118,0.421875
5331,119,0.359375
5331,120,0.375
5331,121,0.40625
5331,122,0.3125
5331,123,0.265625
5331,124,0.34375
5331,125,0.40625
5331,126,0.3125
5331,127,0.359375
5331,128,0.40625
5331,129,0.4375
5331,130,0.5
5331,131,0.421875
5331,132,0.453125
5331,133,0.40625
5331,134,0.515625
5331,135,0.46875
5331,136,0.515625
5331,137,0.3125
5331,138,0.359375
5331,139,0.421875
5332,0,0.140625
5332,1,0.09375
5332,2,0.15625
5332,3,0.21875
5332,4,0.296875
5332,5,0.203125
5332,6,0.125
5332,7,0.1875
5332,8,0.21875
5332,9,0.171875
5332,10,0.234375
5332,11,0.234375
5332,12,0.28125
5332,13,0.328125
5332,14,0.296875
5332,15,0.21875
5332,16,0.375
5332,17,0.4375
5332,18,0.171875
5332,19,0.1875
5332,20,0.25
5332,21,0.3125
5332,22,0.25
5332,23,0.28125
5332,24,0.328125
5332,25,0.375
5332,26,0.296875
5332,27,0.3125
5332,28,0.34375
5332,29,0.265625
5332,30,0.296875
5332,31,0.328125
5332,32,0.296875
5332,33,0.21875
5332,34,0.21875
5332,35,0.296875
5332,36,0.53125
5332,37,0.578125
5332,38,0.609375
5332,39,0.390625
5332,40,0.46875
5332,41,0.421875
5332,42,0.375
5332,43,0.25
5332,44,0.28125
5332,45,0.375
5332,46,0.296875
5332,47,0.328125
5332,48,0.390625
5332,49,0.453125
5332,50,0.34375
5332,51,0.265625
5332,52,0.234375
5332,53,0.296875
5332,54,0.359375
5332,55,0.28125
5332,56,0.328125
5332,57,0.3125
5332,58,0.3125
5332,59,0.390625
5332,60,0.359375
5333,0,0.15625
5333,1,0.09375
5333,2,0.21875
5333,3,0.265625
5333,4,0.15625
5333,5,0.203125
5333,6,0.203125
5333,7,0.15625
5333,8,0.25
5333,9,0.296875
5333,10,0.25
5333,11,0.328125
5333,12,0.21875
5333,13,0.265625
5333,14,0.34375
5333,15,0.28125
5333,16,0.375
5333,17,0.28125
5333,18,0.265625
5333,19,0.3125
5333,20,0.359375
5333,21,0.4375
5333,22,0.265625
5333,23,0.328125
5333,24,0.265625
5333,25,0.34375
5333,26,0.390625
5333,27,0.328125
5333,28,0.40625
5333,29,0.46875
5334,0,0.140625
5334,1,0.203125
5334,2,0.15625
5334,3,0.171875
5334,4,0.25
5334,5,0.1875
5334,6,0.234375
5334,7,0.28125
5334,8,0.390625
5334,9,0.40625
5334,10,0.234375
5334,11,0.296875
5334,12,0.375
5334,13,0.3125
5334,14,0.28125
5334,15,0.34375
5334,16,0.28125
5334,17,0.265625
5334,18,0.3125
5334,19,0.328125
5334,20,0.390625
5334,21,0.34375
5334,22,0.28125
5334,23,0.359375
5334,24,0.28125
5334,25,0.171875
5334,26,0.234375
5334,27,0.171875
5334,28,0.265625
5334,29,0.28125
5334,30,0.25
5334,31,0.28125
5334,32,0.28125
5334,33,0.515625
5334,34,0.375
5334,35,0.390625
5334,36,0.421875
5334,37,0.34375
5334,38,0.3125
5334,39,0.265625
5334,40,0.203125
5334,41,0.265625
5334,42,0.328125
5334,43,0.203125
5334,44,0.265625
5334,45,0.203125
5334,46,0.234375
5334,47,0.15625
5334,48,0.203125
5334,49,0.203125
5334,50,0.25
5334,51,0.25
5334,52,0.21875
5334,53,0.265625
5334,54,0.328125
5334,55,0.25
5334,56,0.25
5334,57,0.375
5334,58,0.296875
5334,59,0.25
5334,60,0.296875
5334,61,0.40625
5334,62,0.359375
5335,0,0.09375
5335,1,0.1875
5335,2,0.140625
5335,3,0.203125
5335,4,0.28125
5335,5,0.359375
5335,6,0.421875
5335,7,0.234375
5335,8,0.3125
5335,9,0.171875
5335,10,0.234375
5335,11,0.171875
5335,12,0.140625
5335,13,0.109375
5335,14,0.15625
5335,15,0.140625
5335,16,0.203125
5335,17,0.34375
5335,18,0.1875
5335,19,0.234375
5335,20,0.234375
5335,21,0.28125
5335,22,0.25
5335,23,0.328125
5335,24,0.265625
5335,25,0.203125
5335,26,0.21875
5335,27,0.265625
5335,28,0.203125
5335,29,0.28125
5335,30,0.203125
5335,31,0.28125
5335,32,0.34375
5335,33,0.390625
5335,34,0.3125
5335,35,0.40625
5335,36,0.484375
5335,37,0.671875
5335,38,0.609375
5335,39,0.5625
5336,0,0.09375
5336,1,0.25
5336,2,0.3125
5336,3,0.375
5336,4,0.296875
5336,5,0.265625
5336,6,0.3125
5336,7,0.28125
5336,8,0.203125
5336,9,0.25
5336,10,0.15625
5336,11,0.203125
5336,12,0.15625
5336,13,0.21875
5336,14,0.109375
5336,15,0.171875
5336,16,0.234375
5336,17,0.140625
5336,18,0.15625
5336,19,0.203125
5336,20,0.15625
5336,21,0.21875
5336,22,0.28125
5336,23,0.203125
5336,24,0.15625
5336,25,0.1875
5336,26,0.25
5336,27,0.296875
5336,28,0.21875
5336,29,0.28125
5336,30,0.3125
5336,31,0.234375
5336,32,0.171875
5336,33,0.171875
5336,34,0.234375
5336,35,0.296875
5336,36,0.25
5336,37,0.34375
5336,38,0.28125
5336,39,0.359375
5336,40,0.390625
5336,41,0.28125
5336,42,0.359375
5336,43,0.375
5336,44,0.421875
5337,0,0.078125
5337,1,0.15625
5337,2,0.09375
5337,3,0.15625
5337,4,0.28125
5337,5,0.234375
5337,6,0.15625
5337,7,0.109375
5337,8,0.171875
5337,9,0.203125
5337,10,0.25
5337,11,0.3125
5337,12,0.234375
5337,13,0.296875
5337,14,0.375
5337,15,0.46875
5337,16,0.328125
5337,17,0.171875
5337,18,0.25
5337,19,0.1875
5337,20,0.140625
5337,21,0.203125
5337,22,0.21875
5337,23,0.28125
5337,24,0.328125
5337,25,0.40625
5337,26,0.3125
5337,27,0.34375
5337,28,0.40625
5337,29,0.3125
5337,30,0.453125
5338,0,0.125
5338,1,0.171875
5338,2,0.34375
5338,3,0.203125
5338,4,0.28125
5338,5,0.296875
5338,6,0.203125
5338,7,0.296875
5338,8,0.25
5338,9,0.1875
5338,10,0.21875
5338,11,0.28125
5338,12,0.34375
5338,13,0.265625
5338,14,0.234375
5338,15,0.234375
5338,16,0.109375
5338,17,0.15625
5338,18,0.21875
5338,19,0.265625
5338,20,0.171875
5338,21,0.25
5338,22,0.203125
5338,23,0.28125
5338,24,0.3125
5338,25,0.375
5338,26,0.296875
5338,27,0.359375
5338,28,0.328125
5338,29,0.265625
5338,30,0.28125
5338,31,0.34375
5338,32,0.25
5338,33,0.3125
5338,34,0.359375
5338,35,0.390625
5338,36,0.5
5339,0,0.046875
5339,1,0.09375
5339,2,0.140625
5339,3,0.15625
5339,4,0.109375
5339,5,0.203125
5339,6,0.3125
5339,7,0.234375
5339,8,0.125
5339,9,0.15625
5339,10,0.234375
5339,11,0.3125
5339,12,0.1875
5339,13,0.234375
5339,14,0.1875
5339,15,0.234375
5339,16,0.296875
5339,17,0.40625
5339,18,0.359375
5339,19,0.4375
5340,0,0.0625
5340,1,0.125
5340,2,0.1875
5340,3,0.265625
5340,4,0.15625
5340,5,0.203125
5340,6,0.21875
5340,7,0.3125
5340,8,0.390625
5340,9,0.375
5340,10,0.453125
5340,11,0.390625
5340,12,0.34375
5340,13,0.3125
5340,14,0.390625
5340,15,0.359375
5340,16,0.46875
5340,17,0.390625
5340,18,0.25
5340,19,0.21875
5340,20,0.3125
5340,21,0.296875
5340,22,0.265625
5340,23,0.359375
5340,24,0.375
5340,25,0.265625
5340,26,0.359375
5340,27,0.40625
5340,28,0.546875
5341,0,0.1875
5341,1,0.015625
5341,2,0.0625
5341,3,0.171875
5341,4,0.109375
5341,5,0.140625
5341,6,0.203125
5341,7,0.171875
5341,8,0.265625
5341,9,0.234375
5341,10,0.296875
5341,11,0.359375
5341,12,0.296875
5341,13,0.34375
5341,14,0.40625
5341,15,0.546875
5342,0,0.078125
5342,1,0.15625
5342,2,0.21875
5342,3,0.25
5342,4,0.125
5342,5,0.125
5342,6,0.171875
5342,7,0.234375
5342,8,0.1875
5342,9,0.265625
5342,10,0.21875
5342,11,0.3125
5342,12,0.234375
5342,13,0.3125
5342,14,0.203125
5342,15,0.28125
5342,16,0.25
5342,17,0.328125
5342,18,0.25
5342,19,0.28125
5342,20,0.203125
5342,21,0.234375
5342,22,0.296875
5342,23,0.28125
5342,24,0.34375
5342,25,0.25
5342,26,0.265625
5342,27,0.375
5342,28,0.171875
5342,29,0.25
5342,30,0.296875
5342,31,0.359375
5342,32,0.296875
5342,33,0.375
5342,34,0.453125
5342,35,0.390625
5342,36,0.328125
5342,37,0.234375
5342,38,0.296875
5342,39,0.375
5342,40,0.3125
5342,41,0.34375
5342,42,0.40625
5342,43,0.34375
5342,44,0.3125
5342,45,0.375
5342,46,0.375
5342,47,0.34375
5342,48,0.46875
5342,49,0.375
5342,50,0.4375
5342,51,0.375
5342,52,0.515625
5342,53,0.453125
5342,54,0.671875
5342,55,0.359375
5342,56,0.375
5343,0,0.15625
5343,1,0.109375
5343,2,0.171875
5343,3,0.265625
5343,4,0.265625
5343,5,0.296875
5343,6,0.171875
5343,7,0.1875
5343,8,0.171875
5343,9,0.25
5343,10,0.21875
5343,11,0.234375
5343,12,0.203125
5343,13,0.28125
5343,14,0.328125
5343,15,0.25
5343,16,0.40625
5343,17,0.234375
5343,18,0.34375
5343,19,0.234375
5343,20,0.28125
5343,21,0.359375
5343,22,0.296875
5343,23,0.25
5343,24,0.359375
5343,25,0.265625
5343,26,0.203125
5343,27,0.265625
5343,28,0.296875
5343,29,0.390625
5343,30,0.328125
5343,31,0.421875
5343,32,0.296875
5343,33,0.34375
5343,34,0.15625
5343,35,0.21875
5343,36,0.25
5343,37,0.1875
5343,38,0.171875
5343,39,0.171875
5343,40,0.140625
5343,41,0.1875
5343,42,0.265625
5343,43,0.328125
5343,44,0.421875
5343,45,0.328125
5343,46,0.40625
5343,47,0.3125
5343,48,0.25
5343,49,0.296875
5343,50,0.3125
5343,51,0.34375
5343,52,0.296875
5343,53,0.34375
5343,54,0.296875
5343,55,0.390625
5343,56,0.4375
5343,57,0.40625
5343,58,0.34375
5343,59,0.296875
5343,60,0.34375
5343,61,0.296875
5343,62,0.34375
5343,63,0.4375
5343,64,0.375
5343,65,0.453125
5343,66,0.4375
5343,67,0.234375
5343,68,0.25
5343,69,0.3125
5343,70,0.25
5343,71,0.265625
5343,72,0.25
5343,73,0.3125
5343,74,0.25
5343,75,0.171875
5343,76,0.25
5343,77,0.3125
5343,78,0.21875
5343,79,0.265625
5343,80,0.1875
5343,81,0.203125
5343,82,0.171875
5343,83,0.1875
5343,84,0.15625
5343,85,0.1875
5343,86,0.15625
5343,87,0.28125
5343,88,0.21875
5343,89,0.171875
5343,90,0.125
5343,91,0.109375
5343,92,0.171875
5343,93,0.203125
5343,94,0.1875
5343,95,0.1875
5343,96,0.21875
5343,97,0.265625
5343,98,0.34375
5343,99,0.65625
5343,100,0.5
5343,101,0.421875
5343,102,0.328125
5343,103,0.34375
5343,104,0.390625
5343,105,0.421875
5343,106,0.484375
5343,107,0.390625
5343,108,0.3125
5343,109,0.296875
5343,110,0.390625
5343,111,0.1875
5343,112,0.234375
5343,113,0.234375
5343,114,0.1875
5343,115,0.25
5343,116,0.1875
5343,117,0.140625
5343,118,0.21875
5343,119,0.28125
5343,120,0.328125
5343,121,0.375
5343,122,0.296875
5343,123,0.328125
5343,124,0.359375
5343,125,0.328125
5343,126,0.34375
5343,127,0.25
5343,128,0.3125
5343,129,0.359375
5343,130,0.421875
5343,131,0.578125
5343,132,0.3125
5343,133,0.21875
5343,134,0.3125
5343,135,0.265625
5343,136,0.21875
5343,137,0.296875
5343,138,0.21875
5343,139,0.203125
5343,140,0.15625
5343,141,0.171875
5343,142,0.25
5343,143,0.15625
5343,144,0.25
5343,145,0.3125
5343,146,0.234375
5343,147,0.140625
5343,148,0.15625
5343,149,0.15625
5343,150,0.25
5343,151,0.1875
5343,152,0.28125
5343,153,0.34375
5343,154,0.296875
5343,155,0.25
5343,156,0.21875
5343,157,0.171875
5343,158,0.203125
5343,159,0.25
5343,160,0.171875
5343,161,0.15625
5343,162,0.21875
5343,163,0.375
5343,164,0.59375
5343,165,0.453125
5343,166,0.5
5343,167,0.625
5344,0,0.03125
5344,1,0.09375
5344,2,0.171875
5344,3,0.234375
5344,4,0.171875
5344,5,0.21875
5344,6,0.28125
5344,7,0.40625
5344,8,0.390625
5344,9,0.34375
5344,10,0.171875
5344,11,0.25
5344,12,0.359375
5344,13,0.296875
5344,14,0.21875
5344,15,0.25
5344,16,0.1875
5344,17,0.25
5344,18,0.328125
5344,19,0.40625
5344,20,0.296875
5344,21,0.1875
5344,22,0.234375
5344,23,0.1875
5344,24,0.125
5344,25,0.1875
5344,26,0.265625
5344,27,0.21875
5344,28,0.359375
5344,29,0.328125
5344,30,0.25
5344,31,0.234375
5344,32,0.296875
5344,33,0.25
5344,34,0.390625
5344,35,0.28125
5344,36,0.3125
5344,37,0.390625
5344,38,0.390625
5344,39,0.3125
5344,40,0.296875
5344,41,0.265625
5344,42,0.3125
5344,43,0.40625
5344,44,0.234375
5344,45,0.3125
5344,46,0.203125
5344,47,0.421875
5344,48,0.375
5344,49,0.5625
5344,50,0.453125
5344,51,0.25
5344,52,0.34375
5344,53,0.265625
5344,54,0.328125
5344,55,0.390625
5344,56,0.328125
5344,57,0.3125
5344,58,0.375
5344,59,0.1875
5344,60,0.234375
5344,61,0.296875
5344,62,0.21875
5344,63,0.15625
5344,64,0.234375
5344,65,0.171875
5344,66,0.203125
5344,67,0.25
5344,68,0.34375
5344,69,0.421875
5345,0,0.078125
5345,1,0.09375
5345,2,0.15625
5345,3,0.203125
5345,4,0.125
5345,5,0.171875
5345,6,0.25
5345,7,0.28125
5345,8,0.203125
5345,9,0.171875
5345,10,0.21875
5345,11,0.203125
5345,12,0.3125
5345,13,0.21875
5345,14,0.28125
5345,15,0.21875
5345,16,0.296875
5345,17,0.5625
5345,18,0.53125
5345,19,0.34375
5345,20,0.390625
5345,21,0.390625
5345,22,0.40625
5345,23,0.46875
5345,24,0.53125
5345,25,0.34375
5345,26,0.3125
5345,27,0.453125
5345,28,0.328125
5345,29,0.328125
5345,30,0.28125
5345,31,0.25
5345,32,0.1875
5345,33,0.265625
5345,34,0.265625
5345,35,0.21875
5345,36,0.265625
5345,37,0.359375
5345,38,0.296875
5345,39,0.328125
5345,40,0.296875
5345,41,0.328125
5345,42,0.25
5345,43,0.1875
5345,44,0.25
5345,45,0.203125
5345,46,0.21875
5345,47,0.296875
5345,48,0.265625
5345,49,0.328125
5345,50,0.296875
5345,51,0.34375
5345,52,0.4375
5345,53,0.375
5345,54,0.421875
5345,55,0.34375
5345,56,0.4375
5345,57,0.375
5345,58,0.28125
5345,59,0.34375
5345,60,0.3125
5345,61,0.265625
5345,62,0.34375
5345,63,0.421875
5345,64,0.359375
5345,65,0.421875
5345,66,0.5
5345,67,0.453125
5345,68,0.34375
5345,69,0.28125
5345,70,0.234375
5345,71,0.296875
5345,72,0.359375
5345,73,0.265625
5345,74,0.328125
5345,75,0.515625
5345,76,0.40625
5345,77,0.328125
5345,78,0.375
5345,79,0.421875
5345,80,0.375
5345,81,0.453125
5345,82,0.28125
5346,0,0.21875
5346,1,0.1875
5346,2,0.140625
5346,3,0.1875
5346,4,0.21875
5346,5,0.296875
5346,6,0.34375
5346,7,0.3125
5346,8,0.28125
5346,9,0.3125
5346,10,0.25
5346,11,0.28125
5346,12,0.359375
5346,13,0.421875
5346,14,0.359375
5346,15,0.3125
5346,16,0.375
5346,17,0.390625
5346,18,0.296875
5346,19,0.34375
5346,20,0.28125
5346,21,0.1875
5346,22,0.28125
5346,23,0.1875
5346,24,0.25
5346,25,0.28125
5346,26,0.234375
5346,27,0.296875
5346,28,0.25
5346,29,0.203125
5346,30,0.265625
5346,31,0.1875
5346,32,0.265625
5346,33,0.234375
5346,34,0.328125
5346,35,0.359375
5346,36,0.25
5346,37,0.375
5346,38,0.203125
5346,39,0.296875
5346,40,0.359375
5346,41,0.265625
5346,42,0.1875
5346,43,0.25
5346,44,0.171875
5346,45,0.234375
5346,46,0.140625
5346,47,0.203125
5346,48,0.21875
5346,49,0.25
5346,50,0.3125
5346,51,0.375
5346,52,0.3125
5346,53,0.28125
5346,54,0.203125
5346,55,0.234375
5346,56,0.265625
5346,57,0.171875
5346,58,0.21875
5346,59,0.203125
5346,60,0.25
5346,61,0.296875
5346,62,0.234375
5346,63,0.5
5346,64,0.5625
5347,0,0.15625
5347,1,0.25
5347,2,0.265625
5347,3,0.140625
5347,4,0.234375
5347,5,0.3125
5347,6,0.359375
5347,7,0.296875
5347,8,0.328125
5347,9,0.328125
5347,10,0.234375
5347,11,0.3125
5347,12,0.25
5347,13,0.15625
5347,14,0.28125
5347,15,0.21875
5347,16,0.171875
5347,17,0.25
5347,18,0.296875
5347,19,0.265625
5347,20,0.296875
5347,21,0.234375
5347,22,0.296875
5347,23,0.265625
5347,24,0.265625
5347,25,0.265625
5347,26,0.3125
5347,27,0.21875
5347,28,0.28125
5347,29,0.5
5347,30,0.40625
5347,31,0.421875
5347,32,0.375
5347,33,0.484375
5347,34,0.53125
5347,35,0.421875
5347,36,0.359375
5347,37,0.40625
5347,38,0.4375
5347,39,0.390625
5347,40,0.34375
5347,41,0.28125
5347,42,0.21875
5347,43,0.203125
5347,44,0.265625
5347,45,0.34375
5347,46,0.40625
5347,47,0.421875
5348,0,0.15625
5348,1,0.1875
5348,2,0.234375
5348,3,0.1875
5348,4,0.234375
5348,5,0.15625
5348,6,0.265625
5348,7,0.3125
5348,8,0.40625
5348,9,0.28125
5348,10,0.328125
5348,11,0.171875
5348,12,0.3125
5348,13,0.375
5348,14,0.3125
5349,0,0.1875
5349,1,0.28125
5349,2,0.21875
5349,3,0.15625
5349,4,0.203125
5349,5,0.234375
5349,6,0.28125
5349,7,0.34375
5349,8,0.28125
5349,9,0.3125
5349,10,0.40625
5349,11,0.359375
5349,12,0.1875
5349,13,0.265625
5349,14,0.21875
5349,15,0.328125
5349,16,0.28125
5349,17,0.1875
5349,18,0.171875
5349,19,0.328125
5349,20,0.25
5349,21,0.21875
5349,22,0.125
5349,23,0.21875
5349,24,0.109375
5349,25,0.171875
5349,26,0.140625
5349,27,0.28125
5349,28,0.34375
5349,29,0.265625
5349,30,0.28125
5349,31,0.203125
5349,32,0.203125
5349,33,0.25
5349,34,0.203125
5349,35,0.28125
5349,36,0.1875
5349,37,0.21875
5349,38,0.125
5349,39,0.21875
5349,40,0.265625
5349,41,0.34375
5349,42,0.296875
5349,43,0.265625
5349,44,0.203125
5349,45,0.15625
5349,46,0.25
5349,47,0.3125
5349,48,0.25
5349,49,0.3125
5349,50,0.359375
5349,51,0.34375
5349,52,0.25
5349,53,0.21875
5349,54,0.296875
5349,55,0.3125
5349,56,0.375
5349,57,0.3125
5349,58,0.21875
5349,59,0.171875
5349,60,0.25
5349,61,0.28125
5349,62,0.375
5349,63,0.328125
5349,64,0.328125
5349,65,0.203125
5349,66,0.125
5349,67,0.203125
5349,68,0.25
5349,69,0.28125
5349,70,0.203125
5349,71,0.3125
5349,72,0.25
5349,73,0.296875
5349,74,0.234375
5349,75,0.328125
5349,76,0.21875
5349,77,0.21875
5349,78,0.140625
5349,79,0.296875
5349,80,0.21875
5349,81,0.25
5349,82,0.265625
5349,83,0.28125
5349,84,0.171875
5349,85,0.21875
5349,86,0.15625
5349,87,0.21875
5349,88,0.265625
5349,89,0.234375
5349,90,0.1875
5349,91,0.296875
5349,92,0.234375
5349,93,0.171875
5349,94,0.28125
5349,95,0.34375
5349,96,0.28125
5349,97,0.203125
5349,98,0.28125
5349,99,0.203125
5349,100,0.265625
5349,101,0.34375
5349,102,0.359375
5349,103,0.28125
5349,104,0.34375
5349,105,0.3125
5349,106,0.328125
5349,107,0.25
5349,108,0.421875
5349,109,0.375
5349,110,0.25
5349,111,0.375
5349,112,0.390625
5349,113,0.40625
5349,114,0.296875
5349,115,0.21875
5349,116,0.265625
5349,117,0.375
5349,118,0.40625
5349,119,0.484375
5349,120,0.296875
5349,121,0.328125
5349,122,0.265625
5349,123,0.296875
5349,124,0.34375
5349,125,0.28125
5349,126,0.359375
5349,127,0.4375
5349,128,0.234375
5349,129,0.265625
5349,130,0.265625
5349,131,0.34375
5349,132,0.34375
5349,133,0.265625
5349,134,0.359375
5349,135,0.328125
5349,136,0.28125
5349,137,0.296875
5349,138,0.390625
5349,139,0.515625
5349,140,0.328125
5349,141,0.390625
5349,142,0.390625
5349,143,0.3125
5349,144,0.265625
5349,145,0.3125
5349,146,0.375
5349,147,0.328125
5349,148,0.21875
5349,149,0.28125
5349,150,0.40625
5349,151,0.265625
5349,152,0.3125
5349,153,0.265625
5349,154,0.359375
5349,155,0.40625
5349,156,0.359375
5349,157,0.296875
5349,158,0.390625
5349,159,0.328125
5349,160,0.265625
5349,161,0.328125
5349,162,0.390625
5349,163,0.3125
5349,164,0.375
5349,165,0.328125
5349,166,0.40625
5349,167,0.3125
5349,168,0.28125
5349,169,0.375
5349,170,0.40625
5349,171,0.28125
5349,172,0.328125
5349,173,0.25
5349,174,0.328125
5349,175,0.375
5349,176,0.328125
5349,177,0.265625
5349,178,0.34375
5349,179,0.3125
5349,180,0.265625
5349,181,0.1875
5349,182,0.34375
5349,183,0.25
5349,184,0.3125
5349,185,0.28125
5349,186,0.359375
5349,187,0.390625
5349,188,0.328125
5349,189,0.21875
5349,190,0.3125
5349,191,0.28125
5349,192,0.28125
5349,193,0.296875
5349,194,0.203125
5349,195,0.296875
5349,196,0.265625
5349,197,0.265625
5349,198,0.328125
5349,199,0.25
5349,200,0.171875
5349,201,0.203125
5349,202,0.265625
5349,203,0.3125
5349,204,0.390625
5349,205,0.328125
5349,206,0.203125
5349,207,0.234375
5349,208,0.265625
5349,209,0.1875
5349,210,0.203125
5349,211,0.1875
5349,212,0.234375
5349,213,0.15625
5349,214,0.1875
5349,215,0.25
5349,216,0.203125
5349,217,0.25
5349,218,0.328125
5349,219,0.40625
5349,220,0.328125
5349,221,0.40625
5349,222,0.296875
5349,223,0.328125
5349,224,0.34375
5349,225,0.546875
5349,226,0.25
5349,227,0.171875
5349,228,0.1875
5349,229,0.296875
5349,230,0.25
5349,231,0.203125
5349,232,0.3125
5349,233,0.28125
5349,234,0.25
5349,235,0.265625
5349,236,0.234375
5349,237,0.203125
5349,238,0.25
5349,239,0.265625
5349,240,0.203125
5349,241,0.203125
5349,242,0.125
5349,243,0.140625
5349,244,0.265625
5349,245,0.328125
5349,246,0.3125
5349,247,0.234375
5349,248,0.296875
5349,249,0.328125
5349,250,0.390625
5349,251,0.296875
5349,252,0.21875
5349,253,0.1875
5349,254,0.328125
5349,255,0.265625
5349,256,0.171875
5349,257,0.234375
5349,258,0.328125
5349,259,0.265625
5349,260,0.34375
5349,261,0.28125
5349,262,0.21875
5349,263,0.234375
5349,264,0.21875
5349,265,0.28125
5349,266,0.34375
5349,267,0.3125
5349,268,0.234375
5349,269,0.125
5349,270,0.15625
5349,271,0.234375
5349,272,0.0625
5349,273,0.125
5349,274,0.203125
5349,275,0.078125
5349,276,0.109375
5349,277,0.125
5349,278,0.15625
5349,279,0.234375
5349,280,0.25
5349,281,0.1875
5349,282,0.203125
5349,283,0.34375
5349,284,0.28125
5349,285,0.328125
5349,286,0.265625
5349,287,0.328125
5349,288,0.28125
5349,289,0.3125
5349,290,0.28125
5349,291,0.328125
5349,292,0.40625
5349,293,0.328125
5349,294,0.375
5349,295,0.296875
5349,296,0.328125
5349,297,0.375
5349,298,0.265625
5349,299,0.203125
5349,300,0.265625
5349,301,0.21875
5349,302,0.296875
5349,303,0.234375
5349,304,0.3125
5349,305,0.234375
5349,306,0.328125
5349,307,0.28125
5349,308,0.375
5349,309,0.28125
5349,310,0.234375
5349,311,0.25
5349,312,0.265625
5349,313,0.5
5349,314,0.421875
5349,315,0.40625
5349,316,0.46875
5349,317,0.390625
5349,318,0.28125
5349,319,0.359375
5350,0,0.203125
5350,1,0.25
5350,2,0.15625
5350,3,0.203125
5350,4,0.28125
5350,5,0.203125
5350,6,0.21875
5350,7,0.25
5350,8,0.078125
5350,9,0.25
5350,10,0.171875
5350,11,0.125
5350,12,0.21875
5350,13,0.140625
5350,14,0.109375
5350,15,0.1875
5350,16,0.25
5350,17,0.390625
5350,18,0.265625
5350,19,0.203125
5350,20,0.34375
5350,21,0.3125
5350,22,0.265625
5350,23,0.203125
5350,24,0.28125
5350,25,0.359375
5350,26,0.359375
5350,27,0.265625
5350,28,0.25
5350,29,0.328125
5350,30,0.40625
5350,31,0.484375
5350,32,0.3125
5350,33,0.25
5350,34,0.3125
5350,35,0.3125
5350,36,0.234375
5350,37,0.3125
5350,38,0.25
5350,39,0.171875
5350,40,0.203125
5350,41,0.140625
5350,42,0.1875
5350,43,0.25
5350,44,0.203125
5350,45,0.203125
5350,46,0.25
5350,47,0.296875
5350,48,0.359375
5350,49,0.375
5350,50,0.40625
5350,51,0.375
5350,52,0.3125
5350,53,0.25
5350,54,0.296875
5350,55,0.375
5350,56,0.4375
5350,57,0.359375
5350,58,0.265625
5350,59,0.21875
5350,60,0.15625
5350,61,0.171875
5350,62,0.21875
5350,63,0.171875
5350,64,0.234375
5350,65,0.140625
5350,66,0.203125
5350,67,0.25
5350,68,0.3125
5350,69,0.375
5350,70,0.265625
5350,71,0.265625
5350,72,0.296875
5350,73,0.265625
5350,74,0.375
5351,0,0.203125
5351,1,0.234375
5351,2,0.171875
5351,3,0.125
5351,4,0.21875
5351,5,0.15625
5351,6,0.328125
5351,7,0.21875
5351,8,0.28125
5351,9,0.34375
5351,10,0.328125
5351,11,0.3125
5351,12,0.375
5352,0,0.140625
5352,1,0.140625
5352,2,0.078125
5352,3,0.125
5352,4,0.1875
5352,5,0.25
5352,6,0.15625
5352,7,0.25
5352,8,0.15625
5352,9,0.25
5352,10,0.171875
5352,11,0.21875
5352,12,0.28125
5352,13,0.328125
5352,14,0.359375
5352,15,0.28125
5352,16,0.359375
5352,17,0.421875
5352,18,0.484375
5352,19,0.40625
5352,20,0.234375
5352,21,0.28125
5352,22,0.171875
5352,23,0.21875
5352,24,0.265625
5352,25,0.40625
5352,26,0.40625
5352,27,0.34375
5352,28,0.25
5352,29,0.421875
5352,30,0.359375
5352,31,0.296875
5352,32,0.359375
5352,33,0.296875
5352,34,0.34375
5352,35,0.28125
5352,36,0.34375
5352,37,0.421875
5352,38,0.28125
5352,39,0.359375
5352,40,0.34375
5352,41,0.390625
5352,42,0.296875
5352,43,0.21875
5352,44,0.25
5352,45,0.375
5352,46,0.390625
5352,47,0.296875
5352,48,0.234375
5352,49,0.296875
5352,50,0.390625
5352,51,0.40625
5352,52,0.34375
5352,53,0.234375
5352,54,0.296875
5352,55,0.34375
5352,56,0.25
5352,57,0.28125
5352,58,0.25
5352,59,0.28125
5352,60,0.203125
5352,61,0.359375
5352,62,0.421875
5352,63,0.328125
5352,64,0.53125
5352,65,0.5
5352,66,0.515625
5352,67,0.375
5352,68,0.421875
5352,69,0.375
5352,70,0.421875
5352,71,0.359375
5352,72,0.296875
5352,73,0.375
5352,74,0.28125
5352,75,0.21875
5352,76,0.421875
5352,77,0.34375
5352,78,0.265625
5352,79,0.359375
5352,80,0.265625
5352,81,0.3125
5352,82,0.359375
5352,83,0.296875
5352,84,0.28125
5352,85,0.234375
5352,86,0.171875
5352,87,0.21875
5352,88,0.28125
5352,89,0.15625
5352,90,0.265625
5352,91,0.140625
5352,92,0.21875
5352,93,0.171875
5352,94,0.234375
5352,95,0.375
5352,96,0.265625
5352,97,0.203125
5352,98,0.21875
5352,99,0.171875
5352,100,0.203125
5352,101,0.234375
5352,102,0.28125
5352,103,0.34375
5352,104,0.34375
5352,105,0.265625
5352,106,0.390625
5352,107,0.328125
5352,108,0.265625
5352,109,0.34375
5352,110,0.265625
5352,111,0.21875
5352,112,0.3125
5352,113,0.40625
5352,114,0.3125
5352,115,0.3125
5352,116,0.28125
5352,117,0.21875
5352,118,0.296875
5352,119,0.296875
5352,120,0.328125
5352,121,0.28125
5352,122,0.28125
5352,123,0.234375
5352,124,0.28125
5352,125,0.3125
5352,126,0.265625
5352,127,0.3125
5352,128,0.265625
5352,129,0.265625
5352,130,0.453125
5352,131,0.484375
5352,132,0.28125
5352,133,0.34375
5352,134,0.28125
5352,135,0.34375
5352,136,0.421875
5352,137,0.46875
5352,138,0.296875
5352,139,0.3125
5352,140,0.203125
5352,141,0.25
5352,142,0.3125
5352,143,0.421875
5352,144,0.375
5352,145,0.34375
5352,146,0.375
5352,147,0.328125
5352,148,0.453125
5352,149,0.25
5352,150,0.34375
5352,151,0.15625
5352,152,0.21875
5352,153,0.265625
5352,154,0.21875
5352,155,0.28125
5352,156,0.21875
5352,157,0.203125
5352,158,0.171875
5352,159,0.140625
5352,160,0.171875
5352,161,0.234375
5352,162,0.234375
5352,163,0.171875
5352,164,0.265625
5352,165,0.34375
5352,166,0.1875
5352,167,0.265625
5352,168,0.234375
5352,169,0.265625
5352,170,0.328125
5352,171,0.25
5352,172,0.359375
5352,173,0.328125
5352,174,0.28125
5352,175,0.234375
5352,176,0.296875
5352,177,0.234375
5352,178,0.359375
5352,179,0.3125
5352,180,0.25
5352,181,0.171875
5352,182,0.265625
5352,183,0.328125
5352,184,0.265625
5352,185,0.34375
5352,186,0.515625
5352,187,0.59375
5352,188,0.328125
5353,0,0.1875
5353,1,0.125
5353,2,0.1875
5353,3,0.265625
5353,4,0.203125
5353,5,0.234375
5353,6,0.3125
5353,7,0.515625
5353,8,0.453125
5353,9,0.53125
5353,10,0.46875
5353,11,0.28125
5353,12,0.234375
5353,13,0.1875
5353,14,0.234375
5353,15,0.21875
5353,16,0.265625
5353,17,0.25
5353,18,0.296875
5353,19,0.328125
5353,20,0.265625
5353,21,0.234375
5353,22,0.390625
5353,23,0.453125
5353,24,0.40625
5353,25,0.46875
5353,26,0.40625
5353,27,0.359375
5353,28,0.3125
5353,29,0.234375
5353,30,0.171875
5353,31,0.21875
5353,32,0.28125
5353,33,0.1875
5353,34,0.25
5353,35,0.328125
5353,36,0.1875
5353,37,0.234375
5353,38,0.28125
5353,39,0.234375
5353,40,0.28125
5353,41,0.296875
5353,42,0.21875
5353,43,0.234375
5353,44,0.1875
5353,45,0.234375
5353,46,0.296875
5353,47,0.28125
5353,48,0.265625
5353,49,0.328125
5353,50,0.328125
5353,51,0.3125
5353,52,0.296875
5353,53,0.34375
5353,54,0.296875
5353,55,0.203125
5353,56,0.265625
5353,57,0.328125
5353,58,0.375
5353,59,0.421875
5353,60,0.359375
5353,61,0.375
5353,62,0.453125
5353,63,0.234375
5353,64,0.3125
5353,65,0.359375
5353,66,0.421875
5353,67,0.265625
5353,68,0.328125
5353,69,0.390625
5353,70,0.359375
5353,71,0.421875
5353,72,0.625
5354,0,0.03125
5354,1,0.09375
5354,2,0.15625
5354,3,0.1875
5354,4,0.234375
5354,5,0.359375
5354,6,0.25
5354,7,0.265625
5354,8,0.296875
5354,9,0.296875
5354,10,0.25
5354,11,0.265625
5354,12,0.3125
5354,13,0.234375
5354,14,0.328125
5354,15,0.1875
5354,16,0.15625
5354,17,0.21875
5354,18,0.34375
5354,19,0.265625
5354,20,0.171875
5354,21,0.234375
5354,22,0.28125
5354,23,0.21875
5354,24,0.265625
5354,25,0.28125
5354,26,0.34375
5354,27,0.359375
5354,28,0.453125
5354,29,0.28125
5354,30,0.21875
5354,31,0.3125
5354,32,0.234375
5354,33,0.265625
5354,34,0.34375
5354,35,0.1875
5354,36,0.25
5354,37,0.21875
5354,38,0.234375
5354,39,0.265625
5354,40,0.3125
5354,41,0.203125
5354,42,0.234375
5354,43,0.328125
5354,44,0.25
5354,45,0.328125
5354,46,0.21875
5354,47,0.140625
5354,48,0.328125
5354,49,0.421875
5354,50,0.484375
5354,51,0.421875
5354,52,0.421875
5354,53,0.359375
5354,54,0.203125
5354,55,0.265625
5354,56,0.1875
5354,57,0.203125
5354,58,0.140625
5354,59,0.1875
5354,60,0.21875
5354,61,0.15625
5354,62,0.21875
5354,63,0.296875
5354,64,0.21875
5354,65,0.296875
5354,66,0.25
5354,67,0.3125
5354,68,0.234375
5354,69,0.15625
5354,70,0.1875
5354,71,0.265625
5354,72,0.21875
5354,73,0.265625
5354,74,0.265625
5354,75,0.265625
5354,76,0.234375
5354,77,0.1875
5354,78,0.203125
5354,79,0.28125
5354,80,0.359375
5354,81,0.3125
5354,82,0.265625
5354,83,0.21875
5354,84,0.234375
5354,85,0.171875
5354,86,0.203125
5354,87,0.265625
5354,88,0.21875
5354,89,0.265625
5354,90,0.203125
5354,91,0.171875
5354,92,0.25
5354,93,0.296875
5354,94,0.234375
5354,95,0.28125
5354,96,0.3125
5354,97,0.296875
5354,98,0.1875
5354,99,0.203125
5354,100,0.21875
5354,101,0.21875
5354,102,0.140625
5354,103,0.1875
5354,104,0.234375
5354,105,0.3125
5354,106,0.390625
5354,107,0.5
5354,108,0.484375
5355,0,0.203125
5355,1,0.109375
5355,2,0.203125
5355,3,0.234375
5355,4,0.1875
5355,5,0.140625
5355,6,0.25
5355,7,0.296875
5355,8,0.375
5355,9,0.3125
5355,10,0.359375
5355,11,0.265625
5355,12,0.359375
5355,13,0.21875
5355,14,0.21875
5355,15,0.265625
5355,16,0.34375
5355,17,0.28125
5355,18,0.296875
5355,19,0.328125
5355,20,0.28125
5355,21,0.375
5355,22,0.421875
5355,23,0.5
5356,0,0.203125
5356,1,0.203125
5356,2,0.046875
5356,3,0.125
5356,4,0.265625
5356,5,0.25
5356,6,0.171875
5356,7,0.1875
5356,8,0.203125
5356,9,0.25
5356,10,0.28125
5356,11,0.1875
5356,12,0.28125
5356,13,0.375
5356,14,0.421875
5356,15,0.375
5356,16,0.1875
5356,17,0.25
5356,18,0.3125
5356,19,0.265625
5356,20,0.328125
5356,21,0.28125
5356,22,0.359375
5356,23,0.296875
5356,24,0.234375
5356,25,0.234375
5356,26,0.296875
5356,27,0.25
5356,28,0.328125
5356,29,0.296875
5356,30,0.234375
5356,31,0.15625
5356,32,0.265625
5356,33,0.34375
5356,34,0.296875
5356,35,0.21875
5356,36,0.28125
5356,37,0.34375
5356,38,0.265625
5356,39,0.375
5356,40,0.3125
5356,41,0.265625
5356,42,0.3125
5356,43,0.28125
5356,44,0.140625
5356,45,0.09375
5356,46,0.15625
5356,47,0.1875
5356,48,0.15625
5356,49,0.21875
5356,50,0.109375
5356,51,0.109375
5356,52,0.171875
5356,53,0.25
5356,54,0.296875
5356,55,0.328125
5356,56,0.390625
5356,57,0.3125
5356,58,0.28125
5356,59,0.34375
5356,60,0.28125
5356,61,0.1875
5356,62,0.1875
5356,63,0.15625
5356,64,0.296875
5356,65,0.390625
5356,66,0.25
5356,67,0.328125
5356,68,0.203125
5356,69,0.234375
5356,70,0.203125
5356,71,0.265625
5356,72,0.21875
5356,73,0.21875
5356,74,0.265625
5356,75,0.234375
5356,76,0.328125
5356,77,0.28125
5356,78,0.4375
5356,79,0.375
5356,80,0.328125
5356,81,0.28125
5356,82,0.3125
5356,83,0.265625
5356,84,0.15625
5356,85,0.21875
5356,86,0.28125
5356,87,0.21875
5356,88,0.234375
5356,89,0.265625
5356,90,0.234375
5356,91,0.25
5356,92,0.28125
5356,93,0.359375
5356,94,0.28125
5356,95,0.21875
5356,96,0.265625
5356,97,0.234375
5356,98,0.28125
5356,99,0.359375
5356,100,0.25
5356,101,0.3125
5356,102,0.40625
5356,103,0.46875
5356,104,0.390625
5356,105,0.328125
5356,106,0.25
5356,107,0.328125
5356,108,0.25
5356,109,0.3125
5356,110,0.375
5356,111,0.453125
5356,112,0.453125
5357,0,0.046875
5357,1,0.3125
5357,2,0.25
5357,3,0.1875
5357,4,0.109375
5357,5,0.140625
5357,6,0.265625
5357,7,0.265625
5357,8,0.171875
5357,9,0.109375
5357,10,0.171875
5357,11,0.28125
5357,12,0.1875
5357,13,0.125
5357,14,0.1875
5357,15,0.234375
5357,16,0.1875
5357,17,0.203125
5357,18,0.28125
5357,19,0.265625
5357,20,0.203125
5357,21,0.328125
5357,22,0.125
5357,23,0.171875
5357,24,0.25
5357,25,0.15625
5357,26,0.234375
5357,27,0.296875
5357,28,0.3125
5357,29,0.265625
5357,30,0.203125
5357,31,0.203125
5357,32,0.21875
5357,33,0.09375
5357,34,0.140625
5357,35,0.1875
5357,36,0.21875
5357,37,0.265625
5357,38,0.234375
5357,39,0.171875
5357,40,0.234375
5357,41,0.15625
5357,42,0.234375
5357,43,0.40625
5357,44,0.359375
5357,45,0.328125
5357,46,0.28125
5357,47,0.34375
5357,48,0.125
5357,49,0.234375
5357,50,0.1875
5357,51,0.125
5357,52,0.265625
5357,53,0.328125
5357,54,0.46875
5357,55,0.421875
5357,56,0.359375
5357,57,0.265625
5357,58,0.140625
5357,59,0.15625
5357,60,0.140625
5357,61,0.21875
5357,62,0.265625
5357,63,0.328125
5357,64,0.28125
5357,65,0.359375
5357,66,0.296875
5357,67,0.375
5357,68,0.46875
5357,69,0.375
5357,70,0.359375
5357,71,0.171875
5357,72,0.234375
5357,73,0.328125
5357,74,0.390625
5357,75,0.296875
5357,76,0.34375
5357,77,0.421875
5357,78,0.453125
5357,79,0.5
5357,80,0.484375
5357,81,0.53125
5357,82,0.3125
5357,83,0.265625
5357,84,0.234375
5357,85,0.15625
5357,86,0.109375
5357,87,0.234375
5357,88,0.328125
5357,89,0.40625
5357,90,0.453125
5357,91,0.34375
5357,92,0.296875
5357,93,0.34375
5357,94,0.390625
5357,95,0.28125
5357,96,0.390625
5357,97,0.40625
5357,98,0.296875
5357,99,0.1875
5357,100,0.125
5357,101,0.171875
5357,102,0.109375
5357,103,0.1875
5357,104,0.15625
5357,105,0.203125
5357,106,0.21875
5357,107,0.28125
5357,108,0.453125
5357,109,0.390625
5357,110,0.5625
5357,111,0.5
5357,112,0.265625
5357,113,0.203125
5357,114,0.234375
5357,115,0.28125
5357,116,0.234375
5357,117,0.1875
5357,118,0.265625
5357,119,0.1875
5357,120,0.21875
5357,121,0.21875
5357,122,0.171875
5357,123,0.15625
5357,124,0.234375
5357,125,0.1875
5357,126,0.234375
5357,127,0.296875
5357,128,0.375
5357,129,0.390625
5357,130,0.296875
5357,131,0.328125
5357,132,0.25
5357,133,0.4375
5357,134,0.46875
5357,135,0.359375
5357,136,0.375
5357,137,0.3125
5357,138,0.265625
5357,139,0.234375
5357,140,0.28125
5357,141,0.359375
5357,142,0.34375
5357,143,0.40625
5357,144,0.375
5357,145,0.4375
5357,146,0.390625
5357,147,0.296875
5357,148,0.203125
5357,149,0.171875
5357,150,0.140625
5357,151,0.1875
5357,152,0.265625
5357,153,0.21875
5357,154,0.25
5357,155,0.203125
5357,156,0.265625
5357,157,0.203125
5357,158,0.171875
5357,159,0.203125
5357,160,0.25
5357,161,0.328125
5357,162,0.265625
5357,163,0.28125
5357,164,0.265625
5357,165,0.296875
5357,166,0.234375
5357,167,0.328125
5357,168,0.25
5357,169,0.25
5357,170,0.25
5357,171,0.171875
5357,172,0.25
5357,173,0.203125
5357,174,0.234375
5357,175,0.265625
5357,176,0.21875
5357,177,0.34375
5357,178,0.15625
5357,179,0.21875
5357,180,0.140625
5357,181,0.203125
5357,182,0.21875
5357,183,0.171875
5357,184,0.25
5357,185,0.1875
5357,186,0.21875
5357,187,0.28125
5357,188,0.25
5357,189,0.21875
5357,190,0.265625
5357,191,0.34375
5357,192,0.265625
5357,193,0.296875
5357,194,0.375
5357,195,0.4375
5357,196,0.34375
5357,197,0.4375
5357,198,0.5
5357,199,0.4375
5357,200,0.46875
5357,201,0.546875
5357,202,0.34375
5357,203,0.421875
5357,204,0.3125
5357,205,0.3125
5357,206,0.4375
5357,207,0.375
5357,208,0.296875
5357,209,0.34375
5357,210,0.5625
5358,0,0.140625
5358,1,0.296875
5358,2,0.28125
5358,3,0.21875
5358,4,0.09375
5358,5,0.15625
5358,6,0.0625
5358,7,0.125
5358,8,0.1875
5358,9,0.171875
5358,10,0.234375
5358,11,0.265625
5358,12,0.34375
5358,13,0.3125
5358,14,0.203125
5358,15,0.1875
5358,16,0.28125
5358,17,0.359375
5358,18,0.375
5358,19,0.234375
5358,20,0.265625
5358,21,0.328125
5358,22,0.34375
5358,23,0.234375
5358,24,0.234375
5358,25,0.328125
5358,26,0.421875
5358,27,0.375
5358,28,0.46875
5358,29,0.3125
5358,30,0.25
5358,31,0.328125
5358,32,0.265625
5358,33,0.3125
5358,34,0.375
5358,35,0.28125
5358,36,0.34375
5358,37,0.40625
5358,38,0.359375
5358,39,0.265625
5358,40,0.3125
5358,41,0.375
5358,42,0.28125
5358,43,0.3125
5358,44,0.421875
5358,45,0.53125
5358,46,0.34375
5358,47,0.25
5358,48,0.28125
5358,49,0.34375
5358,50,0.28125
5358,51,0.265625
5358,52,0.203125
5358,53,0.234375
5358,54,0.140625
5358,55,0.21875
5358,56,0.28125
5358,57,0.234375
5358,58,0.1875
5358,59,0.1875
5358,60,0.265625
5358,61,0.296875
5358,62,0.359375
5358,63,0.21875
5358,64,0.3125
5358,65,0.3125
5358,66,0.234375
5358,67,0.296875
5358,68,0.359375
5358,69,0.28125
5358,70,0.359375
5358,71,0.40625
5358,72,0.234375
5358,73,0.5
5358,74,0.296875
5358,75,0.34375
5358,76,0.34375
5358,77,0.28125
5358,78,0.359375
5358,79,0.296875
5358,80,0.234375
5358,81,0.28125
5358,82,0.25
5358,83,0.25
5358,84,0.296875
5358,85,0.21875
5358,86,0.265625
5358,87,0.203125
5358,88,0.140625
5358,89,0.1875
5358,90,0.25
5358,91,0.28125
5358,92,0.296875
5358,93,0.375
5358,94,0.296875
5358,95,0.21875
5358,96,0.265625
5358,97,0.40625
5359,0,0.0625
5359,1,0.125
5359,2,0.171875
5359,3,0.21875
5359,4,0.21875
5359,5,0.15625
5359,6,0.203125
5359,7,0.234375
5359,8,0.25
5359,9,0.296875
5359,10,0.375
5359,11,0.328125
5359,12,0.375
5359,13,0.1875
5359,14,0.125
5359,15,0.1875
5359,16,0.28125
5359,17,0.296875
5359,18,0.21875
5359,19,0.28125
5359,20,0.578125
5360,0,0.15625
5360,1,0.125
5360,2,0.171875
5360,3,0.171875
5360,4,0.234375
5360,5,0.328125
5360,6,0.3125
5360,7,0.265625
5360,8,0.25
5360,9,0.1875
5360,10,0.21875
5360,11,0.28125
5360,12,0.234375
5360,13,0.171875
5360,14,0.21875
5360,15,0.265625
5360,16,0.203125
5360,17,0.265625
5360,18,0.328125
5360,19,0.28125
5360,20,0.21875
5360,21,0.296875
5360,22,0.25
5360,23,0.296875
5360,24,0.4375
5360,25,0.25
5360,26,0.328125
5360,27,0.28125
5360,28,0.234375
5360,29,0.171875
5360,30,0.109375
5360,31,0.171875
5360,32,0.25
5360,33,0.140625
5360,34,0.234375
5360,35,0.109375
5360,36,0.171875
5360,37,0.234375
5360,38,0.171875
5360,39,0.234375
5360,40,0.203125
5360,41,0.28125
5360,42,0.328125
5360,43,0.28125
5360,44,0.34375
5360,45,0.359375
5360,46,0.296875
5360,47,0.390625
5360,48,0.203125
5360,49,0.28125
5361,0,0.0625
5361,1,0.09375
5361,2,0.140625
5361,3,0.328125
5361,4,0.328125
5361,5,0.265625
5361,6,0.34375
5361,7,0.359375
5361,8,0.3125
5361,9,0.40625
5361,10,0.515625
5361,11,0.328125
5361,12,0.265625
5361,13,0.21875
5361,14,0.265625
5361,15,0.34375
5361,16,0.296875
5361,17,0.328125
5361,18,0.390625
5361,19,0.390625
5361,20,0.234375
5361,21,0.390625
5361,22,0.3125
5361,23,0.234375
5361,24,0.21875
5361,25,0.171875
5361,26,0.265625
5361,27,0.203125
5361,28,0.21875
5361,29,0.265625
5361,30,0.328125
5361,31,0.34375
5361,32,0.375
5361,33,0.25
5361,34,0.1875
5361,35,0.25
5361,36,0.296875
5361,37,0.203125
5361,38,0.265625
5361,39,0.3125
5361,40,0.390625
5361,41,0.328125
5361,42,0.25
5361,43,0.3125
5361,44,0.390625
5361,45,0.515625
5361,46,0.421875
5361,47,0.484375
5361,48,0.40625
5361,49,0.421875
5362,0,0.046875
5362,1,0.21875
5362,2,0.078125
5362,3,0.171875
5362,4,0.21875
5362,5,0.15625
5362,6,0.265625
5362,7,0.203125
5362,8,0.171875
5362,9,0.15625
5362,10,0.21875
5362,11,0.265625
5362,12,0.234375
5362,13,0.265625
5362,14,0.171875
5362,15,0.25
5362,16,0.375
5362,17,0.203125
5362,18,0.265625
5362,19,0.34375
5362,20,0.4375
5362,21,0.3125
5362,22,0.234375
5362,23,0.28125
5362,24,0.21875
5362,25,0.265625
5362,26,0.203125
5362,27,0.171875
5362,28,0.234375
5362,29,0.203125
5362,30,0.234375
5362,31,0.171875
5362,32,0.21875
5362,33,0.28125
5362,34,0.1875
5362,35,0.234375
5362,36,0.1875
5362,37,0.25
5362,38,0.171875
5362,39,0.25
5362,40,0.3125
5362,41,0.375
5362,42,0.4375
5362,43,0.421875
5362,44,0.53125
5362,45,0.484375
5362,46,0.5
5362,47,0.3125
5362,48,0.375
5362,49,0.34375
5362,50,0.375
5362,51,0.3125
5362,52,0.34375
5362,53,0.296875
5362,54,0.390625
5362,55,0.34375
5362,56,0.296875
5362,57,0.234375
5362,58,0.328125
5362,59,0.421875
5362,60,0.359375
5362,61,0.1875
5362,62,0.34375
5362,63,0.3125
5362,64,0.375
5362,65,0.4375
5362,66,0.390625
5362,67,0.359375
5362,68,0.234375
5362,69,0.140625
5362,70,0.1875
5362,71,0.140625
5362,72,0.234375
5362,73,0.15625
5362,74,0.3125
5362,75,0.25
5362,76,0.1875
5362,77,0.25
5362,78,0.21875
5362,79,0.15625
5362,80,0.25
5362,81,0.3125
5362,82,0.265625
5362,83,0.34375
5362,84,0.3125
5362,85,0.234375
5362,86,0.296875
5362,87,0.40625
5362,88,0.34375
5362,89,0.3125
5362,90,0.265625
5362,91,0.3125
5362,92,0.328125
5362,93,0.265625
5362,94,0.1875
5362,95,0.25
5362,96,0.25
5362,97,0.3125
5362,98,0.375
5362,99,0.3125
5362,100,0.359375
5362,101,0.375
5362,102,0.265625
5362,103,0.296875
5362,104,0.296875
5362,105,0.25
5362,106,0.25
5362,107,0.234375
5362,108,0.265625
5362,109,0.296875
5362,110,0.359375
5362,111,0.3125
5362,112,0.375
5363,0,0.171875
5363,1,0.328125
5363,2,0.109375
5363,3,0.03125
5363,4,0.125
5363,5,0.203125
5363,6,0.234375
5363,7,0.1875
5363,8,0.21875
5363,9,0.125
5363,10,0.171875
5363,11,0.203125
5363,12,0.265625
5363,13,0.1875
5363,14,0.25
5363,15,0.21875
5363,16,0.265625
5363,17,0.296875
5363,18,0.25
5363,19,0.421875
5363,20,0.578125
5364,0,0.140625
5364,1,0.078125
5364,2,0.15625
5364,3,0.109375
5364,4,0.1875
5364,5,0.21875
5364,6,0.171875
5364,7,0.265625
5364,8,0.1875
5364,9,0.265625
5364,10,0.34375
5364,11,0.359375
5364,12,0.453125
5364,13,0.4375
5364,14,0.34375
5364,15,0.25
5364,16,0.1875
5364,17,0.234375
5364,18,0.21875
5364,19,0.171875
5364,20,0.203125
5364,21,0.125
5364,22,0.1875
5364,23,0.28125
5364,24,0.34375
5364,25,0.28125
5364,26,0.21875
5364,27,0.296875
5364,28,0.234375
5364,29,0.171875
5364,30,0.296875
5364,31,0.390625
5364,32,0.3125
5364,33,0.3125
5364,34,0.15625
5364,35,0.21875
5364,36,0.25
5364,37,0.34375
5364,38,0.28125
5364,39,0.328125
5364,40,0.375
5364,41,0.296875
5364,42,0.203125
5364,43,0.265625
5364,44,0.21875
5364,45,0.3125
5364,46,0.28125
5364,47,0.3125
5364,48,0.53125
5364,49,0.453125
5364,50,0.40625
5364,51,0.375
5364,52,0.59375
5364,53,0.65625
5364,54,0.4375
5364,55,0.15625
5364,56,0.234375
5364,57,0.265625
5364,58,0.296875
5364,59,0.375
5364,60,0.21875
5364,61,0.296875
5364,62,0.21875
5364,63,0.15625
5364,64,0.1875
5364,65,0.15625
5364,66,0.171875
5364,67,0.21875
5364,68,0.1875
5364,69,0.296875
5364,70,0.359375
5364,71,0.296875
5364,72,0.25
5364,73,0.078125
5364,74,0.234375
5364,75,0.25
5364,76,0.3125
5364,77,0.3125
5364,78,0.34375
5364,79,0.265625
5364,80,0.21875
5364,81,0.140625
5364,82,0.21875
5364,83,0.28125
5364,84,0.296875
5364,85,0.34375
5364,86,0.28125
5364,87,0.25
5364,88,0.1875
5364,89,0.171875
5364,90,0.109375
5364,91,0.125
5364,92,0.203125
5364,93,0.25
5364,94,0.3125
5364,95,0.25
5364,96,0.203125
5364,97,0.296875
5364,98,0.40625
5364,99,0.296875
5364,100,0.328125
5364,101,0.4375
5364,102,0.375
5364,103,0.3125
5364,104,0.375
5364,105,0.4375
5364,106,0.40625
5364,107,0.328125
5364,108,0.25
5364,109,0.25
5364,110,0.40625
5364,111,0.265625
5364,112,0.28125
5364,113,0.234375
5364,114,0.171875
5364,115,0.21875
5364,116,0.390625
5364,117,0.359375
5364,118,0.296875
5364,119,0.265625
5364,120,0.234375
5364,121,0.46875
5364,122,0.390625
5365,0,0.0625
5365,1,0.109375
5365,2,0.203125
5365,3,0.28125
5365,4,0.3125
5365,5,0.1875
5365,6,0.09375
5365,7,0.09375
5365,8,0.1875
5365,9,0.265625
5365,10,0.21875
5365,11,0.171875
5365,12,0.1875
5365,13,0.28125
5365,14,0.203125
5365,15,0.15625
5365,16,0.234375
5365,17,0.328125
5365,18,0.375
5365,19,0.34375
5365,20,0.40625
5365,21,0.34375
5365,22,0.25
5365,23,0.328125
5365,24,0.265625
5365,25,0.21875
5365,26,0.359375
5365,27,0.28125
5365,28,0.171875
5365,29,0.25
5365,30,0.28125
5365,31,0.375
5365,32,0.40625
5365,33,0.234375
5365,34,0.265625
5365,35,0.203125
5365,36,0.25
5365,37,0.25
5365,38,0.140625
5365,39,0.09375
5365,40,0.109375
5365,41,0.125
5365,42,0.1875
5365,43,0.1875
5365,44,0.234375
5365,45,0.421875
5365,46,0.46875
5365,47,0.484375
5365,48,0.328125
5365,49,0.359375
5365,50,0.40625
5365,51,0.484375
5365,52,0.40625
5365,53,0.34375
5365,54,0.4375
5365,55,0.375
5365,56,0.375
5365,57,0.296875
5365,58,0.1875
5365,59,0.1875
5365,60,0.203125
5365,61,0.3125
5365,62,0.21875
5365,63,0.234375
5365,64,0.28125
5365,65,0.265625
5365,66,0.3125
5365,67,0.171875
5365,68,0.234375
5365,69,0.28125
5365,70,0.328125
5365,71,0.25
5365,72,0.328125
5365,73,0.328125
5365,74,0.421875
5365,75,0.375
5365,76,0.390625
5365,77,0.328125
5365,78,0.390625
5365,79,0.4375
5366,0,0.1875
5366,1,0.15625
5366,2,0.21875
5366,3,0.109375
5366,4,0.203125
5366,5,0.296875
5366,6,0.234375
5366,7,0.1875
5366,8,0.265625
5366,9,0.21875
5366,10,0.140625
5366,11,0.265625
5366,12,0.296875
5366,13,0.25
5366,14,0.296875
5366,15,0.234375
5366,16,0.171875
5366,17,0.21875
5366,18,0.1875
5366,19,0.171875
5366,20,0.125
5366,21,0.1875
5366,22,0.1875
5366,23,0.234375
5366,24,0.15625
5366,25,0.203125
5366,26,0.296875
5366,27,0.34375
5366,28,0.421875
5366,29,0.5625
5366,30,0.375
5366,31,0.390625
5366,32,0.40625
5366,33,0.578125
5366,34,0.40625
5366,35,0.359375
5366,36,0.296875
5366,37,0.328125
5366,38,0.265625
5366,39,0.15625
5366,40,0.296875
5366,41,0.296875
5366,42,0.359375
5366,43,0.28125
5366,44,0.375
5366,45,0.375
5366,46,0.328125
5366,47,0.296875
5366,48,0.203125
5366,49,0.171875
5366,50,0.203125
5366,51,0.140625
5366,52,0.171875
5366,53,0.21875
5366,54,0.265625
5366,55,0.3125
5366,56,0.25
5366,57,0.15625
5366,58,0.25
5366,59,0.171875
5366,60,0.125
5366,61,0.1875
5366,62,0.234375
5366,63,0.296875
5366,64,0.34375
5366,65,0.265625
5366,66,0.34375
5366,67,0.296875
5366,68,0.359375
5366,69,0.421875
5366,70,0.40625
5366,71,0.453125
5366,72,0.375
5366,73,0.46875
5367,0,0.15625
5367,1,0.1875
5367,2,0.25
5367,3,0.21875
5367,4,0.28125
5367,5,0.25
5367,6,0.296875
5367,7,0.21875
5367,8,0.3125
5367,9,0.171875
5367,10,0.234375
5367,11,0.171875
5367,12,0.21875
5367,13,0.21875
5367,14,0.28125
5367,15,0.3125
5367,16,0.40625
5368,0,0.171875
5368,1,0.25
5368,2,0.234375
5368,3,0.15625
5368,4,0.203125
5368,5,0.15625
5368,6,0.140625
5368,7,0.21875
5368,8,0.3125
5368,9,0.203125
5368,10,0.234375
5368,11,0.203125
5368,12,0.109375
5368,13,0.171875
5368,14,0.28125
5368,15,0.328125
5368,16,0.296875
5368,17,0.265625
5368,18,0.296875
5368,19,0.25
5368,20,0.296875
5368,21,0.34375
5368,22,0.328125
5368,23,0.359375
5368,24,0.265625
5368,25,0.171875
5368,26,0.265625
5368,27,0.15625
5368,28,0.21875
5368,29,0.109375
5368,30,0.15625
5368,31,0.234375
5368,32,0.25
5368,33,0.40625
5368,34,0.234375
5368,35,0.34375
5368,36,0.265625
5368,37,0.34375
5368,38,0.296875
5368,39,0.375
5368,40,0.296875
5368,41,0.1875
5368,42,0.34375
5368,43,0.390625
5368,44,0.328125
5368,45,0.25
5368,46,0.375
5368,47,0.53125
5368,48,0.5625
5368,49,0.375
5368,50,0.40625
5368,51,0.3125
5368,52,0.40625
5368,53,0.46875
5369,0,0.15625
5369,1,0.1875
5369,2,0.265625
5369,3,0.265625
5369,4,0.296875
5369,5,0.328125
5369,6,0.234375
5369,7,0.296875
5369,8,0.234375
5369,9,0.3125
5369,10,0.21875
5369,11,0.15625
5369,12,0.234375
5369,13,0.28125
5369,14,0.328125
5369,15,0.34375
5369,16,0.265625
5369,17,0.203125
5369,18,0.234375
5369,19,0.140625
5369,20,0.203125
5369,21,0.109375
5369,22,0.1875
5369,23,0.25
5369,24,0.203125
5369,25,0.25
5369,26,0.234375
5369,27,0.28125
5369,28,0.3125
5369,29,0.15625
5369,30,0.1875
5369,31,0.234375
5369,32,0.296875
5369,33,0.1875
5369,34,0.234375
5369,35,0.265625
5369,36,0.203125
5369,37,0.25
5369,38,0.171875
5369,39,0.203125
5369,40,0.234375
5369,41,0.25
5369,42,0.234375
5369,43,0.28125
5369,44,0.203125
5369,45,0.25
5369,46,0.171875
5369,47,0.234375
5369,48,0.25
5369,49,0.28125
5369,50,0.21875
5369,51,0.3125
5369,52,0.234375
5369,53,0.296875
5369,54,0.203125
5369,55,0.25
5369,56,0.296875
5369,57,0.25
5369,58,0.25
5369,59,0.171875
5369,60,0.1875
5369,61,0.15625
5369,62,0.21875
5369,63,0.140625
5369,64,0.140625
5369,65,0.15625
5369,66,0.109375
5369,67,0.140625
5369,68,0.171875
5369,69,0.234375
5369,70,0.296875
5369,71,0.21875
5369,72,0.203125
5369,73,0.265625
5369,74,0.203125
5369,75,0.171875
5369,76,0.265625
5369,77,0.15625
5369,78,0.25
5369,79,0.15625
5369,80,0.21875
5369,81,0.25
5369,82,0.296875
5369,83,0.25
5369,84,0.265625
5369,85,0.203125
5369,86,0.25
5369,87,0.28125
5369,88,0.3125
5369,89,0.234375
5369,90,0.1875
5369,91,0.234375
5369,92,0.28125
5369,93,0.203125
5369,94,0.28125
5369,95,0.328125
5369,96,0.34375
5369,97,0.28125
5369,98,0.25
5369,99,0.171875
5369,100,0.171875
5369,101,0.140625
5369,102,0.203125
5369,103,0.265625
5369,104,0.1875
5369,105,0.265625
5369,106,0.234375
5369,107,0.1875
5369,108,0.09375
5369,109,0.171875
5369,110,0.234375
5369,111,0.328125
5369,112,0.421875
5369,113,0.375
5369,114,0.4375
5369,115,0.453125
5369,116,0.390625
5369,117,0.390625
5369,118,0.265625
5369,119,0.21875
5369,120,0.296875
5369,121,0.1875
5369,122,0.25
5369,123,0.34375
5369,124,0.375
5369,125,0.59375
5369,126,0.390625
5369,127,0.4375
5369,128,0.390625
5369,129,0.34375
5369,130,0.3125
5369,131,0.375
5370,0,0.0625
5370,1,0.125
5370,2,0.203125
5370,3,0.265625
5370,4,0.296875
5370,5,0.234375
5370,6,0.28125
5370,7,0.375
5370,8,0.390625
5370,9,0.484375
5370,10,0.296875
5370,11,0.3125
5370,12,0.3125
5370,13,0.34375
5370,14,0.296875
5370,15,0.21875
5370,16,0.15625
5370,17,0.15625
5370,18,0.25
5370,19,0.265625
5370,20,0.3125
5370,21,0.28125
5370,22,0.328125
5370,23,0.296875
5370,24,0.234375
5370,25,0.296875
5370,26,0.34375
5370,27,0.296875
5370,28,0.359375
5370,29,0.453125
5370,30,0.3125
5370,31,0.375
5370,32,0.28125
5370,33,0.3125
5370,34,0.28125
5370,35,0.328125
5370,36,0.375
5370,37,0.453125
5370,38,0.34375
5370,39,0.296875
5370,40,0.25
5370,41,0.3125
5370,42,0.375
5370,43,0.4375
5370,44,0.1875
5370,45,0.25
5370,46,0.171875
5370,47,0.265625
5370,48,0.203125
5370,49,0.25
5370,50,0.1875
5370,51,0.203125
5370,52,0.265625
5370,53,0.28125
5370,54,0.328125
5370,55,0.234375
5370,56,0.296875
5370,57,0.21875
5370,58,0.171875
5370,59,0.21875
5370,60,0.375
5370,61,0.46875
5370,62,0.390625
5370,63,0.453125
5370,64,0.3125
5370,65,0.25
5370,66,0.296875
5370,67,0.21875
5370,68,0.3125
5370,69,0.390625
5370,70,0.328125
5370,71,0.34375
5370,72,0.296875
5370,73,0.234375
5370,74,0.296875
5370,75,0.28125
5370,76,0.296875
5370,77,0.3125
5370,78,0.375
5370,79,0.21875
5370,80,0.265625
5370,81,0.34375
5370,82,0.296875
5370,83,0.25
5370,84,0.3125
5370,85,0.296875
5370,86,0.25
5370,87,0.3125
5370,88,0.328125
5370,89,0.203125
5370,90,0.25
5370,91,0.3125
5370,92,0.34375
5370,93,0.28125
5370,94,0.328125
5370,95,0.46875
5370,96,0.390625
5370,97,0.265625
5370,98,0.359375
5370,99,0.578125
5370,100,0.515625
5370,101,0.328125
5370,102,0.25
5370,103,0.3125
5370,104,0.328125
5370,105,0.375
5370,106,0.34375
5370,107,0.1875
5370,108,0.265625
5370,109,0.21875
5370,110,0.28125
5370,111,0.21875
5370,112,0.28125
5370,113,0.203125
5370,114,0.3125
5370,115,0.25
5370,116,0.3125
5370,117,0.40625
5370,118,0.421875
5370,119,0.625
5370,120,0.40625
5370,121,0.5
5370,122,0.4375
5370,123,0.390625
5370,124,0.375
5370,125,0.578125
5370,126,0.515625
5370,127,0.4375
5370,128,0.359375
5370,129,0.28125
5370,130,0.34375
5370,131,0.4375
5370,132,0.53125
5370,133,0.421875
5370,134,0.453125
5370,135,0.46875
5370,136,0.359375
5370,137,0.328125
5370,138,0.25
5370,139,0.28125
5370,140,0.328125
5370,141,0.234375
5370,142,0.296875
5370,143,0.34375
5370,144,0.40625
5371,0,0.171875
5371,1,0.21875
5371,2,0.203125
5371,3,0.125
5371,4,0.265625
5371,5,0.1875
5371,6,0.109375
5371,7,0.1875
5371,8,0.1875
5371,9,0.171875
5371,10,0.25
5371,11,0.21875
5371,12,0.15625
5371,13,0.203125
5371,14,0.265625
5371,15,0.203125
5371,16,0.15625
5371,17,0.265625
5371,18,0.34375
5371,19,0.3125
5371,20,0.25
5371,21,0.3125
5371,22,0.296875
5371,23,0.21875
5371,24,0.3125
5371,25,0.265625
5371,26,0.328125
5371,27,0.390625
5371,28,0.3125
5371,29,0.4375
5371,30,0.265625
5371,31,0.234375
5371,32,0.1875
5371,33,0.25
5371,34,0.25
5371,35,0.234375
5371,36,0.28125
5371,37,0.296875
5371,38,0.203125
5371,39,0.203125
5371,40,0.265625
5371,41,0.25
5371,42,0.25
5371,43,0.3125
5371,44,0.25
5371,45,0.3125
5371,46,0.21875
5371,47,0.265625
5371,48,0.328125
5371,49,0.421875
5371,50,0.515625
5371,51,0.484375
5372,0,0.1875
5372,1,0.109375
5372,2,0.21875
5372,3,0.203125
5372,4,0.21875
5372,5,0.296875
5372,6,0.359375
5372,7,0.3125
5372,8,0.21875
5372,9,0.34375
5372,10,0.25
5372,11,0.328125
5372,12,0.1875
5372,13,0.125
5372,14,0.171875
5372,15,0.34375
5372,16,0.34375
5372,17,0.375
5372,18,0.265625
5372,19,0.296875
5372,20,0.28125
5372,21,0.21875
5372,22,0.265625
5372,23,0.203125
5372,24,0.265625
5372,25,0.28125
5372,26,0.4375
5372,27,0.375
5372,28,0.3125
5372,29,0.234375
5372,30,0.171875
5372,31,0.265625
5372,32,0.265625
5372,33,0.203125
5372,34,0.234375
5372,35,0.34375
5372,36,0.265625
5372,37,0.203125
5372,38,0.265625
5372,39,0.171875
5372,40,0.28125
5372,41,0.171875
5372,42,0.1875
5372,43,0.25
5372,44,0.28125
5372,45,0.21875
5372,46,0.203125
5372,47,0.359375
5372,48,0.625
5372,49,0.59375
5372,50,0.4375
5372,51,0.375
5372,52,0.296875
5372,53,0.359375
5372,54,0.296875
5372,55,0.203125
5372,56,0.25
5372,57,0.34375
5372,58,0.28125
5372,59,0.34375
5372,60,0.15625
5372,61,0.09375
5372,62,0.125
5372,63,0.203125
5372,64,0.296875
5372,65,0.359375
5372,66,0.28125
5372,67,0.359375
5372,68,0.28125
5372,69,0.28125
5372,70,0.15625
5372,71,0.21875
5372,72,0.265625
5372,73,0.21875
5372,74,0.28125
5372,75,0.171875
5372,76,0.265625
5372,77,0.3125
5372,78,0.25
5372,79,0.3125
5372,80,0.234375
5372,81,0.328125
5372,82,0.390625
5372,83,0.34375
5372,84,0.421875
5372,85,0.359375
5372,86,0.328125
5372,87,0.265625
5372,88,0.265625
5372,89,0.296875
5372,90,0.359375
5373,0,0.171875
5373,1,0.375
5373,2,0.453125
5373,3,0.40625
5373,4,0.34375
5373,5,0.234375
5373,6,0.328125
5373,7,0.390625
5373,8,0.265625
5373,9,0.359375
5373,10,0.28125
5373,11,0.3125
5373,12,0.328125
5373,13,0.296875
5373,14,0.359375
5373,15,0.390625
5373,16,0.40625
5373,17,0.34375
5373,18,0.4375
5373,19,0.359375
5373,20,0.40625
5373,21,0.328125
5373,22,0.375
5373,23,0.390625
5373,24,0.4375
5373,25,0.390625
5373,26,0.21875
5373,27,0.3125
5373,28,0.25
5373,29,0.390625
5373,30,0.234375
5373,31,0.453125
5373,32,0.390625
5373,33,0.28125
5373,34,0.359375
5373,35,0.3125
5373,36,0.375
5373,37,0.34375
5373,38,0.390625
5373,39,0.3125
5373,40,0.25
5373,41,0.375
5373,42,0.34375
5373,43,0.1875
5373,44,0.15625
5373,45,0.125
5373,46,0.171875
5373,47,0.28125
5373,48,0.203125
5373,49,0.234375
5373,50,0.265625
5373,51,0.3125
5373,52,0.3125
5373,53,0.453125
5373,54,0.515625
5373,55,0.625
5373,56,0.546875
5373,57,0.453125
5373,58,0.390625
5373,59,0.1875
5373,60,0.28125
5373,61,0.28125
5373,62,0.203125
5373,63,0.25
5373,64,0.28125
5373,65,0.4375
5373,66,0.46875
5373,67,0.359375
5373,68,0.25
5373,69,0.296875
5373,70,0.21875
5373,71,0.3125
5373,72,0.265625
5373,73,0.359375
5373,74,0.46875
5373,75,0.40625
5373,76,0.46875
5373,77,0.453125
5373,78,0.375
5373,79,0.21875
5373,80,0.28125
5373,81,0.25
5373,82,0.296875
5373,83,0.234375
5373,84,0.203125
5373,85,0.28125
5373,86,0.1875
5373,87,0.28125
5373,88,0.328125
5373,89,0.265625
5373,90,0.328125
5373,91,0.265625
5373,92,0.3125
5373,93,0.3125
5373,94,0.171875
5373,95,0.234375
5373,96,0.296875
5373,97,0.171875
5373,98,0.171875
5373,99,0.421875
5373,100,0.203125
5373,101,0.078125
5373,102,0.140625
5373,103,0.203125
5373,104,0.140625
5373,105,0.203125
5373,106,0.265625
5373,107,0.265625
5373,108,0.328125
5373,109,0.15625
5373,110,0.25
5373,111,0.375
5373,112,0.3125
5373,113,0.265625
5373,114,0.203125
5373,115,0.25
5373,116,0.28125
5373,117,0.296875
5373,118,0.28125
5373,119,0.25
5373,120,0.296875
5373,121,0.46875
5374,0,0.140625
5374,1,0.203125
5374,2,0.25
5374,3,0.296875
5374,4,0.1875
5374,5,0.234375
5374,6,0.328125
5374,7,0.421875
5374,8,0.390625
5374,9,0.3125
5374,10,0.234375
5374,11,0.265625
5374,12,0.34375
5374,13,0.265625
5374,14,0.234375
5374,15,0.140625
5374,16,0.21875
5374,17,0.1875
5374,18,0.234375
5374,19,0.46875
5374,20,0.40625
5374,21,0.328125
5374,22,0.375
5374,23,0.3125
5374,24,0.234375
5374,25,0.34375
5374,26,0.328125
5374,27,0.296875
5374,28,0.203125
5374,29,0.234375
5374,30,0.265625
5374,31,0.234375
5374,32,0.3125
5374,33,0.375
5374,34,0.34375
5374,35,0.28125
5374,36,0.171875
5374,37,0.234375
5374,38,0.1875
5374,39,0.15625
5374,40,0.25
5374,41,0.3125
5374,42,0.40625
5374,43,0.453125
5374,44,0.25
5374,45,0.3125
5374,46,0.25
5374,47,0.3125
5374,48,0.25
5374,49,0.3125
5374,50,0.375
5374,51,0.328125
5374,52,0.421875
5375,0,0.0625
5375,1,0.109375
5375,2,0.328125
5375,3,0.25
5375,4,0.1875
5375,5,0.265625
5375,6,0.34375
5375,7,0.3125
5375,8,0.40625
5375,9,0.34375
5375,10,0.40625
5375,11,0.453125
5375,12,0.5
5376,0,0.21875
5376,1,0.421875
5376,2,0.296875
5376,3,0.328125
5376,4,0.40625
5376,5,0.296875
5376,6,0.375
5376,7,0.375
5376,8,0.25
5376,9,0.171875
5376,10,0.21875
5376,11,0.140625
5376,12,0.265625
5376,13,0.203125
5376,14,0.21875
5376,15,0.25
5376,16,0.1875
5376,17,0.234375
5376,18,0.3125
5376,19,0.25
5376,20,0.3125
5376,21,0.25
5376,22,0.375
5376,23,0.265625
5376,24,0.3125
5376,25,0.25
5376,26,0.265625
5376,27,0.375
5376,28,0.28125
5376,29,0.359375
5376,30,0.25
5376,31,0.15625
5376,32,0.234375
5376,33,0.140625
5376,34,0.171875
5376,35,0.1875
5376,36,0.265625
5376,37,0.1875
5376,38,0.15625
5376,39,0.203125
5376,40,0.3125
5376,41,0.25
5376,42,0.296875
5376,43,0.296875
5376,44,0.359375
5376,45,0.375
5376,46,0.1875
5376,47,0.265625
5376,48,0.1875
5376,49,0.265625
5376,50,0.328125
5376,51,0.359375
5376,52,0.296875
5376,53,0.265625
5376,54,0.203125
5376,55,0.34375
5376,56,0.28125
5376,57,0.34375
5376,58,0.375
5376,59,0.328125
5376,60,0.359375
5376,61,0.296875
5376,62,0.203125
5376,63,0.234375
5376,64,0.3125
5376,65,0.265625
5376,66,0.328125
5376,67,0.421875
5376,68,0.359375
5376,69,0.453125
5376,70,0.296875
5376,71,0.265625
5376,72,0.28125
5376,73,0.234375
5376,74,0.296875
5376,75,0.234375
5376,76,0.296875
5376,77,0.328125
5376,78,0.265625
5376,79,0.328125
5376,80,0.390625
5376,81,0.328125
5376,82,0.390625
5376,83,0.3125
5376,84,0.390625
5376,85,0.421875
5376,86,0.59375
5376,87,0.359375
5376,88,0.3125
5376,89,0.40625
5376,90,0.4375
5376,91,0.40625
5376,92,0.453125
5377,0,0.109375
5377,1,0.15625
5377,2,0.21875
5377,3,0.15625
5377,4,0.21875
5377,5,0.34375
5377,6,0.265625
5377,7,0.1875
5377,8,0.328125
5377,9,0.234375
5377,10,0.1875
5377,11,0.21875
5377,12,0.15625
5377,13,0.25
5377,14,0.28125
5377,15,0.359375
5377,16,0.4375
5377,17,0.234375
5377,18,0.296875
5377,19,0.390625
5377,20,0.34375
5377,21,0.25
5377,22,0.421875
5377,23,0.359375
5377,24,0.265625
5377,25,0.1875
5377,26,0.15625
5377,27,0.1875
5377,28,0.25
5377,29,0.34375
5377,30,0.296875
5377,31,0.1875
5377,32,0.234375
5377,33,0.296875
5377,34,0.234375
5377,35,0.3125
5377,36,0.296875
5377,37,0.21875
5377,38,0.296875
5377,39,0.390625
5377,40,0.3125
5377,41,0.28125
5377,42,0.25
5377,43,0.34375
5377,44,0.296875
5377,45,0.390625
5377,46,0.28125
5377,47,0.328125
5377,48,0.390625
5377,49,0.46875
5378,0,0.125
5378,1,0.15625
5378,2,0.234375
5378,3,0.1875
5378,4,0.125
5378,5,0.140625
5378,6,0.171875
5378,7,0.1875
5378,8,0.1875
5378,9,0.25
5378,10,0.328125
5378,11,0.3125
5378,12,0.25
5378,13,0.21875
5378,14,0.234375
5378,15,0.265625
5378,16,0.296875
5378,17,0.234375
5378,18,0.234375
5378,19,0.265625
5378,20,0.28125
5378,21,0.171875
5378,22,0.234375
5378,23,0.234375
5378,24,0.25
5378,25,0.1875
5378,26,0.21875
5378,27,0.21875
5378,28,0.234375
5378,29,0.265625
5378,30,0.3125
5378,31,0.25
5378,32,0.171875
5378,33,0.25
5378,34,0.28125
5378,35,0.34375
5378,36,0.3125
5378,37,0.265625
5378,38,0.296875
5378,39,0.359375
5378,40,0.265625
5378,41,0.375
5378,42,0.390625
5378,43,0.34375
5378,44,0.28125
5378,45,0.359375
5378,46,0.453125
5378,47,0.296875
5378,48,0.296875
5378,49,0.375
5378,50,0.296875
5378,51,0.40625
5378,52,0.4375
5378,53,0.53125
5378,54,0.46875
5378,55,0.359375
5378,56,0.296875
5378,57,0.28125
5378,58,0.21875
5378,59,0.3125
5378,60,0.390625
5378,61,0.484375
5378,62,0.25
5378,63,0.3125
5378,64,0.375
5378,65,0.34375
5378,66,0.328125
5378,67,0.203125
5378,68,0.203125
5378,69,0.25
5378,70,0.203125
5378,71,0.265625
5378,72,0.1875
5378,73,0.234375
5378,74,0.1875
5378,75,0.234375
5378,76,0.296875
5378,77,0.40625
5378,78,0.328125
5378,79,0.25
5378,80,0.296875
5378,81,0.234375
5378,82,0.28125
5378,83,0.34375
5378,84,0.265625
5378,85,0.296875
5378,86,0.21875
5378,87,0.171875
5378,88,0.296875
5378,89,0.25
5378,90,0.3125
5378,91,0.359375
5378,92,0.359375
5378,93,0.296875
5378,94,0.28125
5378,95,0.234375
5378,96,0.34375
5378,97,0.3125
5378,98,0.25
5378,99,0.21875
5378,100,0.25
5378,101,0.1875
5378,102,0.125
5378,103,0.1875
5378,104,0.140625
5378,105,0.1875
5378,106,0.265625
5378,107,0.203125
5378,108,0.296875
5378,109,0.359375
5378,110,0.265625
5378,111,0.34375
5378,112,0.28125
5378,113,0.34375
5378,114,0.453125
5378,115,0.375
5378,116,0.296875
5378,117,0.328125
5378,118,0.359375
5378,119,0.328125
5378,120,0.390625
5378,121,0.203125
5378,122,0.265625
5378,123,0.3125
5378,124,0.515625
5378,125,0.328125
5378,126,0.390625
5378,127,0.4375
5378,128,0.46875
5378,129,0.3125
5378,130,0.265625
5378,131,0.28125
5378,132,0.3125
5378,133,0.28125
5378,134,0.3125
5378,135,0.234375
5378,136,0.265625
5378,137,0.328125
5378,138,0.265625
5378,139,0.265625
5378,140,0.265625
5378,141,0.34375
5378,142,0.390625
5378,143,0.3125
5378,144,0.359375
5378,145,0.34375
5378,146,0.375
5378,147,0.359375
5378,148,0.28125
5378,149,0.21875
5378,150,0.25
5378,151,0.25
5378,152,0.296875
5378,153,0.21875
5378,154,0.328125
5378,155,0.265625
5378,156,0.203125
5378,157,0.3125
5378,158,0.265625
5378,159,0.203125
5378,160,0.140625
5378,161,0.171875
5378,162,0.1875
5378,163,0.234375
5378,164,0.28125
5378,165,0.3125
5378,166,0.21875
5378,167,0.296875
5378,168,0.203125
5378,169,0.265625
5378,170,0.203125
5378,171,0.28125
5378,172,0.375
5378,173,0.28125
5378,174,0.1875
5378,175,0.25
5378,176,0.265625
5378,177,0.328125
5378,178,0.15625
5378,179,0.25
5378,180,0.234375
5378,181,0.125
5378,182,0.171875
5378,183,0.28125
5378,184,0.34375
5378,185,0.234375
5378,186,0.34375
5378,187,0.390625
5378,188,0.3125
5378,189,0.375
5378,190,0.328125
5378,191,0.265625
5378,192,0.28125
5378,193,0.203125
5378,194,0.109375
5378,195,0.1875
5378,196,0.28125
5378,197,0.296875
5378,198,0.3125
5378,199,0.21875
5378,200,0.296875
5378,201,0.28125
5378,202,0.328125
5378,203,0.375
5378,204,0.359375
5378,205,0.390625
5378,206,0.28125
5378,207,0.328125
5378,208,0.28125
5378,209,0.203125
5378,210,0.28125
5378,211,0.328125
5378,212,0.28125
5378,213,0.34375
5378,214,0.28125
5378,215,0.296875
5378,216,0.265625
5378,217,0.328125
5378,218,0.390625
5378,219,0.3125
5378,220,0.390625
5379,0,0.03125
5379,1,0.234375
5379,2,0.28125
5379,3,0.328125
5379,4,0.390625
5379,5,0.390625
5379,6,0.421875
5379,7,0.34375
5379,8,0.390625
5379,9,0.375
5379,10,0.265625
5379,11,0.34375
5379,12,0.3125
5379,13,0.203125
5379,14,0.265625
5379,15,0.34375
5379,16,0.296875
5379,17,0.46875
5379,18,0.546875
5379,19,0.5
5379,20,0.328125
5379,21,0.375
5379,22,0.453125
5379,23,0.21875
5379,24,0.265625
5379,25,0.296875
5379,26,0.265625
5379,27,0.34375
5379,28,0.15625
5379,29,0.21875
5379,30,0.28125
5379,31,0.390625
5379,32,0.3125
5379,33,0.109375
5379,34,0.125
5379,35,0.1875
5379,36,0.25
5379,37,0.25
5379,38,0.203125
5379,39,0.265625
5379,40,0.203125
5379,41,0.234375
5379,42,0.234375
5379,43,0.1875
5379,44,0.375
5379,45,0.296875
5379,46,0.203125
5379,47,0.359375
5379,48,0.375
5379,49,0.28125
5379,50,0.25
5379,51,0.265625
5379,52,0.203125
5379,53,0.15625
5379,54,0.234375
5379,55,0.203125
5379,56,0.234375
5379,57,0.296875
5379,58,0.203125
5379,59,0.15625
5379,60,0.203125
5379,61,0.25
5379,62,0.25
5379,63,0.3125
5379,64,0.3125
5379,65,0.203125
5379,66,0.1875
5379,67,0.15625
5379,68,0.203125
5379,69,0.265625
5379,70,0.25
5379,71,0.3125
5379,72,0.265625
5379,73,0.28125
5379,74,0.265625
5379,75,0.328125
5379,76,0.28125
5379,77,0.3125
5379,78,0.265625
5379,79,0.328125
5379,80,0.375
5379,81,0.328125
5379,82,0.328125
5379,83,0.265625
5379,84,0.3125
5379,85,0.40625
5379,86,0.390625
5379,87,0.4375
5379,88,0.34375
5379,89,0.40625
5379,90,0.359375
5379,91,0.28125
5379,92,0.359375
5379,93,0.25
5379,94,0.3125
5379,95,0.234375
5379,96,0.21875
5379,97,0.140625
5379,98,0.234375
5379,99,0.328125
5379,100,0.53125
5379,101,0.359375
5379,102,0.390625
5379,103,0.53125
5379,104,0.46875
5380,0,0.140625
5380,1,0.171875
5380,2,0.109375
5380,3,0.15625
5380,4,0.234375
5380,5,0.171875
5380,6,0.203125
5380,7,0.15625
5380,8,0.1875
5380,9,0.21875
5380,10,0.25
5380,11,0.203125
5380,12,0.1875
5380,13,0.265625
5380,14,0.34375
5380,15,0.265625
5380,16,0.171875
5380,17,0.265625
5380,18,0.296875
5380,19,0.1875
5380,20,0.40625
5380,21,0.59375
5380,22,0.5
5380,23,0.4375
5380,24,0.359375
5380,25,0.34375
5380,26,0.296875
5380,27,0.25
5380,28,0.3125
5380,29,0.390625
5380,30,0.328125
5380,31,0.390625
5380,32,0.578125
5380,33,0.40625
5380,34,0.453125
5380,35,0.375
5380,36,0.296875
5380,37,0.328125
5380,38,0.21875
5380,39,0.234375
5380,40,0.3125
5380,41,0.265625
5380,42,0.375
5380,43,0.40625
5380,44,0.328125
5380,45,0.296875
5380,46,0.359375
5380,47,0.25
5380,48,0.328125
5380,49,0.21875
5380,50,0.296875
5380,51,0.203125
5380,52,0.1875
5380,53,0.25
5380,54,0.3125
5380,55,0.34375
5380,56,0.40625
5380,57,0.3125
5380,58,0.34375
5380,59,0.3125
5380,60,0.390625
5380,61,0.3125
5380,62,0.375
5380,63,0.328125
5380,64,0.296875
5380,65,0.25
5380,66,0.328125
5380,67,0.296875
5380,68,0.34375
5380,69,0.296875
5380,70,0.3125
5380,71,0.265625
5381,0,0.1875
5381,1,0.234375
5381,2,0.3125
5381,3,0.25
5381,4,0.203125
5381,5,0.09375
5381,6,0.125
5381,7,0.140625
5381,8,0.203125
5381,9,0.359375
5381,10,0.1875
5381,11,0.21875
5381,12,0.15625
5381,13,0.203125
5381,14,0.25
5381,15,0.203125
5381,16,0.1875
5381,17,0.25
5381,18,0.328125
5381,19,0.375
5381,20,0.421875
5381,21,0.375
5381,22,0.296875
5381,23,0.234375
5381,24,0.28125
5381,25,0.3125
5381,26,0.328125
5381,27,0.265625
5381,28,0.203125
5381,29,0.265625
5381,30,0.234375
5381,31,0.3125
5381,32,0.296875
5381,33,0.234375
5381,34,0.28125
5381,35,0.203125
5381,36,0.234375
5381,37,0.265625
5381,38,0.234375
5381,39,0.171875
5381,40,0.34375
5381,41,0.34375
5381,42,0.28125
5381,43,0.328125
5381,44,0.28125
5381,45,0.328125
5381,46,0.28125
5381,47,0.296875
5381,48,0.359375
5381,49,0.25
5381,50,0.1875
5381,51,0.265625
5381,52,0.203125
5381,53,0.296875
5381,54,0.296875
5381,55,0.328125
5381,56,0.28125
5381,57,0.40625
5381,58,0.328125
5381,59,0.328125
5381,60,0.390625
5381,61,0.3125
5381,62,0.375
5381,63,0.328125
5381,64,0.265625
5381,65,0.359375
5381,66,0.3125
5381,67,0.3125
5381,68,0.25
5381,69,0.171875
5381,70,0.265625
5381,71,0.28125
5381,72,0.328125
5381,73,0.296875
5381,74,0.34375
5381,75,0.296875
5381,76,0.234375
5381,77,0.296875
5381,78,0.234375
5381,79,0.28125
5381,80,0.21875
5381,81,0.21875
5381,82,0.125
5381,83,0.171875
5381,84,0.25
5381,85,0.21875
5381,86,0.28125
5381,87,0.234375
5381,88,0.15625
5381,89,0.21875
5381,90,0.3125
5381,91,0.390625
5381,92,0.328125
5381,93,0.359375
5381,94,0.140625
5381,95,0.171875
5381,96,0.234375
5381,97,0.3125
5381,98,0.21875
5381,99,0.140625
5381,100,0.21875
5381,101,0.1875
5381,102,0.25
5381,103,0.3125
5381,104,0.328125
5381,105,0.34375
5381,106,0.421875
5381,107,0.46875
5381,108,0.609375
5381,109,0.3125
5381,110,0.25
5381,111,0.3125
5381,112,0.359375
5381,113,0.296875
5381,114,0.359375
5381,115,0.28125
5381,116,0.234375
5381,117,0.328125
5381,118,0.25
5381,119,0.296875
5381,120,0.34375
5381,121,0.28125
5381,122,0.3125
5381,123,0.359375
5381,124,0.328125
5381,125,0.328125
5381,126,0.234375
5381,127,0.296875
5381,128,0.3125
5381,129,0.40625
5381,130,0.5
5381,131,0.5625
5382,0,0.1875
5382,1,0.140625
5382,2,0.21875
5382,3,0.125
5382,4,0.234375
5382,5,0.1875
5382,6,0.234375
5382,7,0.21875
5382,8,0.28125
5382,9,0.25
5382,10,0.28125
5382,11,0.328125
5382,12,0.25
5382,13,0.328125
5382,14,0.265625
5382,15,0.328125
5382,16,0.375
5382,17,0.15625
5382,18,0.1875
5382,19,0.25
5382,20,0.1875
5382,21,0.109375
5382,22,0.265625
5382,23,0.296875
5382,24,0.265625
5382,25,0.34375
5382,26,0.296875
5382,27,0.296875
5382,28,0.328125
5382,29,0.171875
5382,30,0.234375
5382,31,0.296875
5382,32,0.140625
5382,33,0.1875
5382,34,0.234375
5382,35,0.328125
5382,36,0.390625
5382,37,0.3125
5382,38,0.375
5382,39,0.4375
5382,40,0.359375
5382,41,0.296875
5382,42,0.359375
5382,43,0.296875
5382,44,0.234375
5382,45,0.296875
5382,46,0.359375
5382,47,0.65625
5382,48,0.375
5382,49,0.59375
5382,50,0.390625
5382,51,0.390625
5382,52,0.453125
5382,53,0.40625
5382,54,0.34375
5382,55,0.40625
5382,56,0.296875
5382,57,0.328125
5382,58,0.265625
5382,59,0.328125
5382,60,0.359375
5382,61,0.296875
5382,62,0.3125
5382,63,0.25
5382,64,0.171875
5382,65,0.125
5382,66,0.1875
5382,67,0.171875
5382,68,0.078125
5382,69,0.109375
5382,70,0.125
5382,71,0.21875
5382,72,0.3125
5382,73,0.25
5382,74,0.359375
5382,75,0.265625
5382,76,0.359375
5382,77,0.3125
5382,78,0.203125
5382,79,0.265625
5382,80,0.21875
5382,81,0.265625
5382,82,0.328125
5382,83,0.3125
5382,84,0.328125
5382,85,0.21875
5382,86,0.34375
5382,87,0.28125
5382,88,0.234375
5382,89,0.3125
5382,90,0.453125
5382,91,0.375
5382,92,0.296875
5382,93,0.375
5382,94,0.296875
5382,95,0.21875
5382,96,0.25
5382,97,0.328125
5382,98,0.28125
5382,99,0.328125
5382,100,0.296875
5382,101,0.28125
5382,102,0.3125
5382,103,0.390625
5382,104,0.453125
5382,105,0.40625
5382,106,0.390625
5382,107,0.546875
5382,108,0.421875
5382,109,0.359375
5382,110,0.40625
5382,111,0.34375
5382,112,0.265625
5382,113,0.3125
5382,114,0.25
5382,115,0.1875
5382,116,0.28125
5382,117,0.34375
5382,118,0.296875
5382,119,0.234375
5382,120,0.203125
5382,121,0.25
5382,122,0.171875
5382,123,0.234375
5382,124,0.140625
5382,125,0.203125
5382,126,0.21875
5382,127,0.15625
5382,128,0.171875
5382,129,0.203125
5382,130,0.265625
5382,131,0.203125
5382,132,0.25
5382,133,0.203125
5382,134,0.265625
5382,135,0.328125
5382,136,0.34375
5382,137,0.265625
5382,138,0.203125
5382,139,0.25
5382,140,0.328125
5382,141,0.375
5382,142,0.328125
5382,143,0.34375
5382,144,0.25
5382,145,0.328125
5382,146,0.25
5382,147,0.265625
5382,148,0.28125
5382,149,0.328125
5382,150,0.28125
5382,151,0.34375
5382,152,0.28125
5382,153,0.25
5382,154,0.34375
5382,155,0.34375
5382,156,0.421875
5382,157,0.46875
5382,158,0.375
5382,159,0.34375
5382,160,0.234375
5382,161,0.28125
5382,162,0.203125
5382,163,0.234375
5382,164,0.21875
5382,165,0.234375
5382,166,0.375
5382,167,0.296875
5382,168,0.390625
5382,169,0.359375
5383,0,0.15625
5383,1,0.109375
5383,2,0.171875
5383,3,0.21875
5383,4,0.28125
5383,5,0.234375
5383,6,0.171875
5383,7,0.234375
5383,8,0.171875
5383,9,0.171875
5383,10,0.265625
5383,11,0.28125
5383,12,0.359375
5383,13,0.3125
5383,14,0.234375
5383,15,0.3125
5383,16,0.296875
5383,17,0.375
5383,18,0.4375
5383,19,0.390625
5383,20,0.46875
5383,21,0.40625
5383,22,0.34375
5383,23,0.296875
5383,24,0.375
5383,25,0.46875
5383,26,0.40625
5383,27,0.34375
5383,28,0.28125
5383,29,0.3125
5383,30,0.28125
5383,31,0.359375
5383,32,0.390625
5383,33,0.28125
5383,34,0.21875
5383,35,0.140625
5383,36,0.078125
5383,37,0.125
5383,38,0.140625
5383,39,0.21875
5383,40,0.21875
5383,41,0.375
5383,42,0.234375
5383,43,0.265625
5383,44,0.265625
5383,45,0.328125
5383,46,0.359375
5383,47,0.421875
5383,48,0.203125
5383,49,0.25
5383,50,0.34375
5383,51,0.359375
5383,52,0.265625
5383,53,0.34375
5383,54,0.375
5383,55,0.21875
5383,56,0.3125
5383,57,0.125
5383,58,0.203125
5383,59,0.125
5383,60,0.0625
5383,61,0.109375
5383,62,0.296875
5383,63,0.15625
5383,64,0.21875
5383,65,0.28125
5383,66,0.234375
5383,67,0.390625
5383,68,0.453125
5384,0,0.21875
5384,1,0.359375
5384,2,0.296875
5384,3,0.265625
5384,4,0.328125
5384,5,0.390625
5384,6,0.296875
5384,7,0.25
5384,8,0.21875
5384,9,0.296875
5384,10,0.390625
5384,11,0.5
5384,12,0.5625
5384,13,0.453125
5384,14,0.5
5384,15,0.421875
5384,16,0.484375
5384,17,0.40625
5384,18,0.34375
5384,19,0.40625
5384,20,0.46875
5384,21,0.375
5384,22,0.4375
5384,23,0.40625
5384,24,0.296875
5384,25,0.34375
5384,26,0.453125
5384,27,0.515625
5384,28,0.4375
5384,29,0.265625
5384,30,0.3125
5384,31,0.234375
5384,32,0.265625
5384,33,0.234375
5384,34,0.234375
5384,35,0.1875
5384,36,0.296875
5384,37,0.21875
5384,38,0.1875
5384,39,0.203125
5384,40,0.265625
5384,41,0.421875
5384,42,0.3125
5384,43,0.234375
5384,44,0.140625
5384,45,0.21875
5384,46,0.171875
5384,47,0.171875
5384,48,0.203125
5384,49,0.328125
5384,50,0.375
5384,51,0.28125
5384,52,0.25
5384,53,0.125
5384,54,0.171875
5384,55,0.28125
5384,56,0.234375
5384,57,0.3125
5384,58,0.28125
5384,59,0.234375
5384,60,0.234375
5384,61,0.140625
5384,62,0.203125
5384,63,0.234375
5384,64,0.125
5384,65,0.21875
5384,66,0.28125
5384,67,0.34375
5384,68,0.25
5384,69,0.21875
5384,70,0.28125
5384,71,0.328125
5384,72,0.3125
5384,73,0.328125
5384,74,0.34375
5384,75,0.40625
5384,76,0.203125
5384,77,0.34375
5384,78,0.4375
5384,79,0.34375
5384,80,0.359375
5384,81,0.390625
5384,82,0.328125
5384,83,0.390625
5384,84,0.453125
5384,85,0.375
5384,86,0.515625
5384,87,0.46875
5384,88,0.328125
5384,89,0.421875
5384,90,0.359375
5384,91,0.390625
5384,92,0.578125
5384,93,0.484375
5384,94,0.546875
5384,95,0.5625
5385,0,0.1875
5385,1,0.09375
5385,2,0.140625
5385,3,0.125
5385,4,0.1875
5385,5,0.140625
5385,6,0.1875
5385,7,0.140625
5385,8,0.1875
5385,9,0.109375
5385,10,0.28125
5385,11,0.21875
5385,12,0.1875
5385,13,0.21875
5385,14,0.25
5385,15,0.296875
5385,16,0.203125
5385,17,0.34375
5385,18,0.4375
5385,19,0.46875
5385,20,0.40625
5385,21,0.359375
5385,22,0.28125
5385,23,0.328125
5385,24,0.359375
5385,25,0.4375
5385,26,0.390625
5385,27,0.484375
5385,28,0.421875
5385,29,0.359375
5385,30,0.328125
5385,31,0.421875
5385,32,0.515625
5385,33,0.46875
5385,34,0.515625
5385,35,0.359375
5385,36,0.3125
5385,37,0.296875
5385,38,0.234375
5385,39,0.34375
5385,40,0.296875
5385,41,0.328125
5385,42,0.375
5385,43,0.203125
5385,44,0.28125
5385,45,0.234375
5385,46,0.1875
5385,47,0.1875
5385,48,0.234375
5385,49,0.28125
5385,50,0.328125
5385,51,0.296875
5385,52,0.1875
5385,53,0.265625
5385,54,0.234375
5385,55,0.296875
5385,56,0.453125
5385,57,0.40625
5385,58,0.25
5385,59,0.171875
5385,60,0.09375
5385,61,0.140625
5385,62,0.125
5385,63,0.03125
5385,64,0.078125
5385,65,0.265625
5385,66,0.328125
5385,67,0.28125
5385,68,0.203125
5385,69,0.265625
5385,70,0.203125
5385,71,0.140625
5385,72,0.234375
5385,73,0.3125
5385,74,0.21875
5385,75,0.34375
5385,76,0.359375
5385,77,0.234375
5385,78,0.359375
5385,79,0.40625
5385,80,0.28125
5385,81,0.28125
5385,82,0.171875
5385,83,0.1875
5385,84,0.15625
5385,85,0.09375
5385,86,0.140625
5385,87,0.171875
5385,88,0.109375
5385,89,0.234375
5385,90,0.3125
5385,91,0.171875
5385,92,0.25
5385,93,0.140625
5385,94,0.15625
5385,95,0.0625
5385,96,0.1875
5385,97,0.125
5385,98,0.15625
5385,99,0.09375
5385,100,0.15625
5385,101,0.203125
5385,102,0.28125
5385,103,0.234375
5385,104,0.171875
5385,105,0.3125
5385,106,0.234375
5385,107,0.203125
5385,108,0.25
5385,109,0.234375
5385,110,0.3125
5385,111,0.265625
5385,112,0.234375
5385,113,0.1875
5385,114,0.203125
5385,115,0.125
5385,116,0.203125
5385,117,0.203125
5385,118,0.265625
5385,119,0.234375
5385,120,0.25
5385,121,0.328125
5385,122,0.265625
5385,123,0.375
5385,124,0.34375
5385,125,0.34375
5385,126,0.28125
5385,127,0.296875
5385,128,0.390625
5385,129,0.328125
5385,130,0.40625
5385,131,0.34375
5385,132,0.28125
5385,133,0.34375
5385,134,0.1875
5385,135,0.21875
5385,136,0.265625
5385,137,0.25
5385,138,0.3125
5385,139,0.28125
5385,140,0.296875
5385,141,0.3125
5385,142,0.234375
5385,143,0.3125
5385,144,0.34375
5385,145,0.234375
5385,146,0.3125
5385,147,0.265625
5385,148,0.1875
5385,149,0.234375
5385,150,0.28125
5385,151,0.21875
5385,152,0.28125
5385,153,0.3125
5385,154,0.296875
5385,155,0.234375
5385,156,0.203125
5385,157,0.21875
5385,158,0.28125
5385,159,0.234375
5385,160,0.265625
5385,161,0.171875
5385,162,0.21875
5385,163,0.265625
5385,164,0.265625
5385,165,0.328125
5385,166,0.34375
5385,167,0.390625
5385,168,0.46875
5385,169,0.4375
5385,170,0.390625
5385,171,0.46875
5385,172,0.4375
5385,173,0.5
5385,174,0.390625
5385,175,0.4375
5385,176,0.328125
5385,177,0.21875
5385,178,0.203125
5385,179,0.25
5385,180,0.328125
5385,181,0.375
5385,182,0.5625
5385,183,0.484375
5385,184,0.390625
5385,185,0.328125
5385,186,0.296875
5385,187,0.375
5385,188,0.375
5385,189,0.4375
5385,190,0.359375
5386,0,0.15625
5386,1,0.25
5386,2,0.125
5386,3,0.171875
5386,4,0.234375
5386,5,0.296875
5386,6,0.25
5386,7,0.1875
5386,8,0.1875
5386,9,0.25
5386,10,0.125
5386,11,0.1875
5386,12,0.203125
5386,13,0.25
5386,14,0.203125
5386,15,0.296875
5386,16,0.3125
5386,17,0.453125
5386,18,0.421875
5386,19,0.484375
5386,20,0.390625
5386,21,0.328125
5386,22,0.171875
5386,23,0.328125
5386,24,0.421875
5386,25,0.46875
5386,26,0.515625
5386,27,0.359375
5386,28,0.375
5386,29,0.328125
5386,30,0.40625
5386,31,0.328125
5386,32,0.421875
5386,33,0.140625
5386,34,0.203125
5386,35,0.234375
5386,36,0.28125
5386,37,0.3125
5386,38,0.125
5386,39,0.171875
5386,40,0.171875
5386,41,0.25
5386,42,0.203125
5386,43,0.265625
5386,44,0.296875
5386,45,0.21875
5386,46,0.28125
5386,47,0.359375
5386,48,0.25
5386,49,0.328125
5386,50,0.390625
5386,51,0.421875
5386,52,0.375
5386,53,0.46875
5386,54,0.453125
5386,55,0.390625
5386,56,0.4375
5386,57,0.3125
5386,58,0.4375
5386,59,0.40625
5386,60,0.359375
5386,61,0.25
5386,62,0.34375
5386,63,0.28125
5386,64,0.375
5386,65,0.4375
5386,66,0.25
5386,67,0.390625
5386,68,0.203125
5386,69,0.21875
5386,70,0.359375
5386,71,0.421875
5386,72,0.375
5386,73,0.421875
5386,74,0.484375
5387,0,0.171875
5387,1,0.234375
5387,2,0.296875
5387,3,0.265625
5387,4,0.328125
5387,5,0.390625
5387,6,0.25
5387,7,0.15625
5387,8,0.1875
5387,9,0.15625
5387,10,0.265625
5387,11,0.296875
5387,12,0.359375
5387,13,0.609375
5387,14,0.28125
5387,15,0.390625
5387,16,0.328125
5387,17,0.28125
5387,18,0.1875
5387,19,0.234375
5387,20,0.265625
5387,21,0.203125
5387,22,0.25
5387,23,0.28125
5387,24,0.234375
5387,25,0.28125
5387,26,0.234375
5387,27,0.28125
5387,28,0.21875
5387,29,0.28125
5387,30,0.375
5387,31,0.296875
5387,32,0.3125
5387,33,0.265625
5387,34,0.34375
5387,35,0.4375
5387,36,0.3125
5387,37,0.359375
5387,38,0.484375
5387,39,0.390625
5387,40,0.296875
5387,41,0.171875
5387,42,0.25
5387,43,0.296875
5387,44,0.375
5387,45,0.3125
5387,46,0.328125
5387,47,0.28125
5387,48,0.390625
5387,49,0.5
5387,50,0.328125
5388,0,0.171875
5388,1,0.203125
5388,2,0.203125
5388,3,0.21875
5388,4,0.265625
5388,5,0.171875
5388,6,0.171875
5388,7,0.1875
5388,8,0.25
5388,9,0.328125
5388,10,0.171875
5388,11,0.21875
5388,12,0.28125
5388,13,0.25
5388,14,0.328125
5388,15,0.203125
5388,16,0.140625
5388,17,0.0625
5388,18,0.125
5388,19,0.0625
5388,20,0.140625
5388,21,0.1875
5388,22,0.234375
5388,23,0.171875
5388,24,0.234375
5388,25,0.28125
5388,26,0.359375
5388,27,0.296875
5388,28,0.21875
5388,29,0.265625
5388,30,0.3125
5388,31,0.25
5388,32,0.3125
5388,33,0.390625
5388,34,0.3125
5388,35,0.265625
5388,36,0.3125
5388,37,0.21875
5388,38,0.21875
5388,39,0.296875
5388,40,0.21875
5388,41,0.3125
5388,42,0.28125
5388,43,0.328125
5388,44,0.25
5388,45,0.265625
5388,46,0.21875
5388,47,0.375
5388,48,0.3125
5388,49,0.28125
5388,50,0.34375
5388,51,0.265625
5388,52,0.296875
5388,53,0.265625
5388,54,0.21875
5388,55,0.28125
5388,56,0.25
5388,57,0.21875
5388,58,0.296875
5388,59,0.34375
5388,60,0.296875
5388,61,0.25
5388,62,0.203125
5388,63,0.296875
5388,64,0.15625
5388,65,0.265625
5388,66,0.359375
5388,67,0.28125
5388,68,0.34375
5388,69,0.40625
5388,70,0.453125
5388,71,0.375
5389,0,0.1875
5389,1,0.40625
5389,2,0.234375
5389,3,0.140625
5389,4,0.125
5389,5,0.1875
5389,6,0.25
5389,7,0.3125
5389,8,0.40625
5389,9,0.328125
5389,10,0.375
5389,11,0.328125
5389,12,0.40625
5389,13,0.328125
5389,14,0.375
5389,15,0.296875
5389,16,0.3125
5389,17,0.234375
5389,18,0.25
5389,19,0.296875
5389,20,0.203125
5389,21,0.125
5389,22,0.203125
5389,23,0.203125
5389,24,0.265625
5389,25,0.21875
5389,26,0.25
5389,27,0.390625
5389,28,0.328125
5390,0,0.078125
5390,1,0.265625
5390,2,0.078125
5390,3,0.15625
5390,4,0.171875
5390,5,0.109375
5390,6,0.140625
5390,7,0.28125
5390,8,0.109375
5390,9,0.140625
5390,10,0.15625
5390,11,0.109375
5390,12,0.140625
5390,13,0.09375
5390,14,0.15625
5390,15,0.21875
5390,16,0.125
5390,17,0.109375
5390,18,0.125
5390,19,0.203125
5390,20,0.15625
5390,21,0.234375
5390,22,0.328125
5390,23,0.296875
5390,24,0.265625
5390,25,0.265625
5390,26,0.296875
5390,27,0.28125
5390,28,0.21875
5390,29,0.28125
5390,30,0.21875
5390,31,0.265625
5390,32,0.3125
5390,33,0.328125
5390,34,0.28125
5390,35,0.3125
5390,36,0.328125
5390,37,0.25
5390,38,0.21875
5390,39,0.21875
5390,40,0.296875
5390,41,0.34375
5390,42,0.265625
5390,43,0.3125
5390,44,0.28125
5390,45,0.234375
5390,46,0.328125
5390,47,0.234375
5390,48,0.265625
5390,49,0.1875
5390,50,0.21875
5390,51,0.28125
5390,52,0.21875
5390,53,0.234375
5390,54,0.3125
5390,55,0.46875
5390,56,0.53125
5390,57,0.4375
5390,58,0.390625
5390,59,0.3125
5390,60,0.390625
5390,61,0.46875
5390,62,0.34375
5390,63,0.28125
5390,64,0.34375
5390,65,0.234375
5390,66,0.328125
5390,67,0.40625
5390,68,0.359375
5390,69,0.3125
5390,70,0.234375
5390,71,0.21875
5390,72,0.3125
5390,73,0.40625
5390,74,0.234375
5390,75,0.265625
5390,76,0.328125
5390,77,0.328125
5390,78,0.390625
5390,79,0.359375
5390,80,0.484375
5390,81,0.4375
5390,82,0.328125
5390,83,0.359375
5390,84,0.359375
5390,85,0.3125
5390,86,0.25
5390,87,0.28125
5390,88,0.375
5390,89,0.28125
5390,90,0.296875
5390,91,0.375
5390,92,0.4375
5390,93,0.375
5390,94,0.25
5390,95,0.296875
5390,96,0.234375
5390,97,0.296875
5390,98,0.203125
5390,99,0.140625
5390,100,0.28125
5390,101,0.328125
5390,102,0.28125
5390,103,0.21875
5390,104,0.1875
5390,105,0.234375
5390,106,0.390625
5390,107,0.609375
5390,108,0.53125
5390,109,0.359375
5390,110,0.34375
5390,111,0.28125
5390,112,0.328125
5390,113,0.3125
5390,114,0.390625
5390,115,0.21875
5390,116,0.265625
5390,117,0.375
5390,118,0.328125
5390,119,0.28125
5390,120,0.203125
5390,121,0.1875
5390,122,0.265625
5390,123,0.34375
5390,124,0.421875
5390,125,0.234375
5390,126,0.328125
5390,127,0.40625
5390,128,0.5
5390,129,0.5625
5390,130,0.515625
5390,131,0.328125
5390,132,0.390625
5390,133,0.328125
5390,134,0.375
5390,135,0.359375
5390,136,0.46875
5390,137,0.3125
5390,138,0.40625
5390,139,0.421875
5390,140,0.328125
5390,141,0.3125
5390,142,0.296875
5390,143,0.328125
5390,144,0.21875
5390,145,0.21875
5390,146,0.265625
5390,147,0.171875
5390,148,0.234375
5390,149,0.28125
5390,150,0.34375
5390,151,0.390625
5390,152,0.328125
5390,153,0.375
5390,154,0.21875
5390,155,0.28125
5390,156,0.453125
5390,157,0.40625
5390,158,0.34375
5390,159,0.25
5390,160,0.21875
5390,161,0.28125
5390,162,0.3125
5390,163,0.265625
5390,164,0.3125
5390,165,0.390625
5390,166,0.328125
5390,167,0.484375
5390,168,0.5
5390,169,0.40625
5390,170,0.34375
5390,171,0.359375
5390,172,0.28125
5390,173,0.328125
5390,174,0.25
5390,175,0.21875
5390,176,0.234375
5390,177,0.234375
5390,178,0.171875
5390,179,0.21875
5390,180,0.28125
5390,181,0.3125
5390,182,0.265625
5390,183,0.34375
5390,184,0.28125
5390,185,0.15625
5390,186,0.171875
5390,187,0.1875
5390,188,0.3125
5390,189,0.28125
5390,190,0.203125
5390,191,0.28125
5390,192,0.234375
5390,193,0.1875
5390,194,0.25
5390,195,0.203125
5390,196,0.234375
5390,197,0.296875
5390,198,0.328125
5390,199,0.28125
5390,200,0.265625
5390,201,0.171875
5390,202,0.21875
5390,203,0.203125
5390,204,0.296875
5390,205,0.265625
5390,206,0.203125
5390,207,0.234375
5390,208,0.28125
5390,209,0.40625
5390,210,0.46875
5390,211,0.359375
5390,212,0.390625
5390,213,0.3125
5390,214,0.390625
5390,215,0.28125
5390,216,0.296875
5390,217,0.421875
5390,218,0.375
5390,219,0.296875
5390,220,0.3125
5390,221,0.234375
5390,222,0.3125
5390,223,0.34375
5390,224,0.296875
5390,225,0.359375
5390,226,0.375
5390,227,0.4375
5390,228,0.421875
5390,229,0.375
5390,230,0.40625
5390,231,0.359375
5390,232,0.5
5390,233,0.453125
5390,234,0.359375
5390,235,0.421875
5390,236,0.375
5390,237,0.546875
5390,238,0.484375
5390,239,0.40625
5390,240,0.359375
5390,241,0.296875
5390,242,0.375
5390,243,0.3125
5390,244,0.3125
5390,245,0.25
5390,246,0.296875
5390,247,0.25
5390,248,0.3125
5390,249,0.25
5390,250,0.3125
5390,251,0.390625
5390,252,0.5
5390,253,0.28125
5390,254,0.34375
5390,255,0.359375
5390,256,0.40625
5390,257,0.3125
5390,258,0.375
5390,259,0.328125
5390,260,0.234375
5390,261,0.265625
5390,262,0.1875
5390,263,0.21875
5390,264,0.203125
5390,265,0.265625
5390,266,0.21875
5390,267,0.296875
5390,268,0.375
5390,269,0.296875
5390,270,0.265625
5390,271,0.296875
5390,272,0.390625
5390,273,0.171875
5390,274,0.25
5390,275,0.1875
5390,276,0.28125
5390,277,0.34375
5390,278,0.25
5390,279,0.265625
5390,280,0.28125
5390,281,0.46875
5390,282,0.390625
5390,283,0.25
5390,284,0.1875
5390,285,0.25
5390,286,0.328125
5390,287,0.296875
5390,288,0.359375
5390,289,0.171875
5390,290,0.1875
5390,291,0.125
5390,292,0.1875
5390,293,0.1875
5390,294,0.21875
5390,295,0.078125
5390,296,0.125
5390,297,0.140625
5390,298,0.140625
5390,299,0.078125
5390,300,0.109375
5390,301,0.15625
5390,302,0.25
5390,303,0.3125
5390,304,0.21875
5390,305,0.359375
5390,306,0.296875
5390,307,0.25
5390,308,0.328125
5390,309,0.484375
5390,310,0.3125
5390,311,0.21875
5390,312,0.265625
5390,313,0.28125
5390,314,0.234375
5390,315,0.140625
5390,316,0.171875
5390,317,0.21875
5390,318,0.28125
5390,319,0.21875
5390,320,0.25
5390,321,0.21875
5390,322,0.1875
5390,323,0.234375
5390,324,0.171875
5390,325,0.203125
5390,326,0.28125
5390,327,0.34375
5390,328,0.28125
5390,329,0.21875
5390,330,0.25
5390,331,0.328125
5390,332,0.25
5390,333,0.34375
5390,334,0.3125
5390,335,0.34375
5390,336,0.265625
5390,337,0.328125
5390,338,0.234375
5390,339,0.3125
5390,340,0.40625
5390,341,0.34375
5390,342,0.515625
5391,0,0.046875
5391,1,0.140625
5391,2,0.28125
5391,3,0.34375
5391,4,0.28125
5391,5,0.3125
5391,6,0.453125
5391,7,0.390625
5391,8,0.3125
5391,9,0.375
5391,10,0.40625
5391,11,0.328125
5391,12,0.375
5391,13,0.265625
5391,14,0.1875
5391,15,0.28125
5391,16,0.328125
5391,17,0.359375
5391,18,0.296875
5391,19,0.28125
5391,20,0.1875
5391,21,0.125
5391,22,0.15625
5391,23,0.25
5391,24,0.203125
5391,25,0.171875
5391,26,0.21875
5391,27,0.15625
5391,28,0.234375
5391,29,0.171875
5391,30,0.21875
5391,31,0.1875
5391,32,0.234375
5391,33,0.28125
5391,34,0.34375
5391,35,0.234375
5391,36,0.34375
5391,37,0.25
5391,38,0.3125
5391,39,0.28125
5391,40,0.296875
5391,41,0.34375
5391,42,0.265625
5391,43,0.3125
5391,44,0.234375
5391,45,0.21875
5391,46,0.1875
5391,47,0.203125
5391,48,0.265625
5391,49,0.21875
5391,50,0.265625
5391,51,0.1875
5391,52,0.21875
5391,53,0.28125
5391,54,0.234375
5391,55,0.28125
5391,56,0.359375
5391,57,0.296875
5391,58,0.25
5391,59,0.3125
5391,60,0.4375
5392,0,0.1875
5392,1,0.21875
5392,2,0.28125
5392,3,0.28125
5392,4,0.171875
5392,5,0.21875
5392,6,0.234375
5392,7,0.21875
5392,8,0.28125
5392,9,0.234375
5392,10,0.296875
5392,11,0.328125
5392,12,0.265625
5392,13,0.203125
5392,14,0.28125
5392,15,0.359375
5392,16,0.15625
5392,17,0.171875
5392,18,0.1875
5392,19,0.265625
5392,20,0.359375
5392,21,0.421875
5392,22,0.359375
5392,23,0.265625
5392,24,0.234375
5392,25,0.140625
5392,26,0.21875
5392,27,0.28125
5392,28,0.34375
5392,29,0.28125
5392,30,0.359375
5392,31,0.265625
5392,32,0.1875
5392,33,0.234375
5392,34,0.1875
5392,35,0.28125
5392,36,0.40625
5392,37,0.359375
5392,38,0.328125
5392,39,0.390625
5392,40,0.453125
5392,41,0.234375
5392,42,0.3125
5392,43,0.34375
5392,44,0.25
5392,45,0.34375
5392,46,0.375
5392,47,0.3125
5392,48,0.25
5392,49,0.25
5392,50,0.296875
5392,51,0.359375
5392,52,0.40625
5392,53,0.359375
5392,54,0.296875
5392,55,0.34375
5392,56,0.28125
5392,57,0.21875
5392,58,0.328125
5392,59,0.296875
5392,60,0.359375
5392,61,0.296875
5392,62,0.21875
5392,63,0.296875
5392,64,0.25
5392,65,0.28125
5392,66,0.359375
5392,67,0.421875
5392,68,0.421875
5392,69,0.21875
5392,70,0.171875
5392,71,0.234375
5392,72,0.28125
5392,73,0.234375
5392,74,0.296875
5392,75,0.265625
5392,76,0.1875
5392,77,0.21875
5392,78,0.21875
5392,79,0.25
5392,80,0.203125
5392,81,0.265625
5392,82,0.1875
5392,83,0.21875
5392,84,0.234375
5392,85,0.265625
5392,86,0.203125
5392,87,0.265625
5392,88,0.21875
5392,89,0.296875
5392,90,0.34375
5392,91,0.25
5392,92,0.328125
5392,93,0.375
5392,94,0.1875
5392,95,0.140625
5392,96,0.203125
5392,97,0.28125
5392,98,0.328125
5392,99,0.390625
5392,100,0.453125
5392,101,0.390625
5392,102,0.421875
5392,103,0.359375
5392,104,0.40625
5392,105,0.34375
5392,106,0.28125
5392,107,0.234375
5392,108,0.296875
5392,109,0.328125
5392,110,0.265625
5392,111,0.328125
5392,112,0.390625
5392,113,0.296875
5392,114,0.15625
5392,115,0.21875
5392,116,0.15625
5392,117,0.203125
5392,118,0.203125
5392,119,0.25
5392,120,0.265625
5392,121,0.359375
5392,122,0.328125
5392,123,0.3125
5392,124,0.40625
5392,125,0.25
5392,126,0.21875
5392,127,0.171875
5392,128,0.265625
5392,129,0.203125
5392,130,0.265625
5392,131,0.21875
5392,132,0.1875
5392,133,0.203125
5392,134,0.34375
5393,0,0.1875
5393,1,0.109375
5393,2,0.140625
5393,3,0.203125
5393,4,0.21875
5393,5,0.25
5393,6,0.21875
5393,7,0.15625
5393,8,0.25
5393,9,0.203125
5393,10,0.265625
5393,11,0.328125
5393,12,0.40625
5393,13,0.296875
5393,14,0.375
5393,15,0.453125
5393,16,0.515625
5393,17,0.421875
5393,18,0.359375
5393,19,0.25
5393,20,0.328125
5393,21,0.34375
5393,22,0.375
5393,23,0.3125
5393,24,0.234375
5393,25,0.1875
5393,26,0.265625
5393,27,0.21875
5393,28,0.28125
5393,29,0.28125
5393,30,0.3125
5393,31,0.28125
5393,32,0.265625
5393,33,0.296875
5393,34,0.34375
5393,35,0.46875
5393,36,0.421875
5393,37,0.359375
5394,0,0.0625
5394,1,0.09375
5394,2,0.140625
5394,3,0.171875
5394,4,0.25
5394,5,0.1875
5394,6,0.3125
5394,7,0.265625
5394,8,0.296875
5394,9,0.375
5394,10,0.375
5394,11,0.390625
5394,12,0.34375
5394,13,0.21875
5394,14,0.234375
5394,15,0.390625
5394,16,0.40625
5394,17,0.375
5394,18,0.265625
5394,19,0.203125
5394,20,0.140625
5394,21,0.171875
5394,22,0.21875
5394,23,0.28125
5394,24,0.359375
5394,25,0.28125
5394,26,0.3125
5394,27,0.25
5394,28,0.296875
5394,29,0.3125
5394,30,0.421875
5394,31,0.25
5394,32,0.203125
5394,33,0.125
5394,34,0.1875
5394,35,0.25
5394,36,0.328125
5394,37,0.25
5394,38,0.25
5394,39,0.375
5394,40,0.21875
5394,41,0.265625
5394,42,0.234375
5394,43,0.296875
5394,44,0.28125
5394,45,0.34375
5394,46,0.40625
5394,47,0.4375
5394,48,0.375
5394,49,0.453125
5394,50,0.375
5394,51,0.15625
5394,52,0.234375
5394,53,0.3125
5394,54,0.375
5394,55,0.4375
5394,56,0.390625
5395,0,0.1875
5395,1,0.109375
5395,2,0.078125
5395,3,0.140625
5395,4,0.171875
5395,5,0.234375
5395,6,0.171875
5395,7,0.25
5395,8,0.203125
5395,9,0.265625
5395,10,0.21875
5395,11,0.328125
5395,12,0.4375
5395,13,0.375
5395,14,0.3125
5395,15,0.25
5395,16,0.171875
5395,17,0.140625
5395,18,0.21875
5395,19,0.1875
5395,20,0.234375
5395,21,0.1875
5395,22,0.265625
5395,23,0.21875
5395,24,0.28125
5395,25,0.25
5395,26,0.296875
5395,27,0.390625
5395,28,0.265625
5395,29,0.34375
5395,30,0.296875
5395,31,0.359375
5395,32,0.265625
5395,33,0.296875
5395,34,0.34375
5395,35,0.359375
5395,36,0.296875
5395,37,0.234375
5395,38,0.171875
5395,39,0.21875
5395,40,0.265625
5395,41,0.234375
5395,42,0.171875
5395,43,0.28125
5395,44,0.234375
5395,45,0.28125
5395,46,0.375
5395,47,0.28125
5395,48,0.296875
5395,49,0.25
5395,50,0.328125
5395,51,0.390625
5395,52,0.296875
5395,53,0.203125
5395,54,0.25
5395,55,0.21875
5395,56,0.296875
5395,57,0.328125
5395,58,0.1875
5395,59,0.234375
5395,60,0.296875
5395,61,0.21875
5395,62,0.25
5395,63,0.203125
5395,64,0.25
5395,65,0.296875
5395,66,0.328125
5395,67,0.359375
5395,68,0.28125
5395,69,0.25
5395,70,0.203125
5395,71,0.21875
5395,72,0.234375
5395,73,0.296875
5395,74,0.140625
5395,75,0.21875
5395,76,0.15625
5395,77,0.203125
5395,78,0.21875
5395,79,0.265625
5395,80,0.3125
5395,81,0.203125
5395,82,0.28125
5395,83,0.203125
5395,84,0.171875
5395,85,0.25
5395,86,0.28125
5395,87,0.171875
5395,88,0.203125
5395,89,0.4375
5395,90,0.234375
5395,91,0.265625
5395,92,0.21875
5395,93,0.28125
5395,94,0.34375
5395,95,0.28125
5395,96,0.21875
5395,97,0.28125
5395,98,0.234375
5395,99,0.375
5395,100,0.4375
5395,101,0.5
5395,102,0.296875
5395,103,0.3125
5395,104,0.359375
5395,105,0.40625
5395,106,0.359375
5396,0,0.21875
5396,1,0.25
5396,2,0.203125
5396,3,0.359375
5396,4,0.234375
5396,5,0.203125
5396,6,0.140625
5396,7,0.0625
5396,8,0.140625
5396,9,0.203125
5396,10,0.25
5396,11,0.25
5396,12,0.296875
5396,13,0.21875
5396,14,0.265625
5396,15,0.203125
5396,16,0.234375
5396,17,0.203125
5396,18,0.25
5396,19,0.1875
5396,20,0.265625
5396,21,0.359375
5396,22,0.421875
5396,23,0.34375
5396,24,0.28125
5396,25,0.296875
5396,26,0.421875
5396,27,0.46875
5396,28,0.53125
5396,29,0.328125
5396,30,0.421875
5397,0,0.234375
5397,1,0.296875
5397,2,0.1875
5397,3,0.203125
5397,4,0.265625
5397,5,0.203125
5397,6,0.1875
5397,7,0.25
5397,8,0.3125
5397,9,0.296875
5397,10,0.328125
5397,11,0.1875
5397,12,0.296875
5397,13,0.375
5397,14,0.390625
5397,15,0.21875
5397,16,0.3125
5397,17,0.390625
5397,18,0.28125
5397,19,0.3125
5397,20,0.25
5397,21,0.21875
5397,22,0.203125
5397,23,0.265625
5397,24,0.21875
5397,25,0.296875
5397,26,0.21875
5397,27,0.296875
5397,28,0.25
5397,29,0.3125
5397,30,0.234375
5397,31,0.203125
5397,32,0.203125
5397,33,0.15625
5397,34,0.25
5397,35,0.46875
5397,36,0.421875
5397,37,0.421875
5397,38,0.5
5397,39,0.453125
5397,40,0.484375
5397,41,0.34375
5397,42,0.421875
5397,43,0.375
5397,44,0.1875
5397,45,0.25
5397,46,0.1875
5397,47,0.25
5397,48,0.359375
5397,49,0.421875
5397,50,0.390625
5397,51,0.328125
5397,52,0.3125
5397,53,0.265625
5397,54,0.203125
5397,55,0.171875
5397,56,0.25
5397,57,0.21875
5397,58,0.234375
5397,59,0.296875
5397,60,0.25
5397,61,0.296875
5397,62,0.21875
5397,63,0.25
5397,64,0.328125
5397,65,0.296875
5397,66,0.234375
5397,67,0.234375
5397,68,0.3125
5397,69,0.21875
5397,70,0.40625
5397,71,0.484375
5397,72,0.421875
5397,73,0.375
5397,74,0.40625
5397,75,0.359375
5397,76,0.5625
5397,77,0.515625
5398,0,0.1875
5398,1,0.140625
5398,2,0.078125
5398,3,0.140625
5398,4,0.1875
5398,5,0.265625
5398,6,0.203125
5398,7,0.140625
5398,8,0.09375
5398,9,0.15625
5398,10,0.109375
5398,11,0.171875
5398,12,0.25
5398,13,0.390625
5398,14,0.28125
5398,15,0.203125
5398,16,0.28125
5398,17,0.375
5398,18,0.28125
5398,19,0.3125
5398,20,0.25
5398,21,0.3125
5398,22,0.234375
5398,23,0.296875
5398,24,0.375
5398,25,0.4375
5398,26,0.53125
5398,27,0.421875
5398,28,0.375
5398,29,0.421875
5398,30,0.390625
5398,31,0.1875
5398,32,0.234375
5398,33,0.28125
5398,34,0.328125
5398,35,0.28125
5398,36,0.34375
5398,37,0.265625
5398,38,0.171875
5398,39,0.25
5398,40,0.203125
5398,41,0.28125
5398,42,0.359375
5398,43,0.265625
5398,44,0.171875
5398,45,0.265625
5398,46,0.328125
5398,47,0.265625
5398,48,0.375
5398,49,0.53125
5399,0,0.171875
5399,1,0.109375
5399,2,0.1875
5399,3,0.125
5399,4,0.078125
5399,5,0.140625
5399,6,0.171875
5399,7,0.203125
5399,8,0.25
5399,9,0.296875
5399,10,0.171875
5399,11,0.21875
5399,12,0.265625
5399,13,0.296875
5399,14,0.21875
5399,15,0.25
5399,16,0.203125
5399,17,0.1875
5399,18,0.28125
5399,19,0.21875
5399,20,0.15625
5399,21,0.203125
5399,22,0.265625
5399,23,0.328125
5399,24,0.3125
5399,25,0.25
5399,26,0.203125
5399,27,0.25
5399,28,0.203125
5399,29,0.28125
5399,30,0.34375
5399,31,0.375
5399,32,0.34375
5399,33,0.390625
5399,34,0.3125
5399,35,0.25
5399,36,0.3125
5399,37,0.390625
5399,38,0.34375
5399,39,0.328125
5399,40,0.265625
5399,41,0.3125
5399,42,0.265625
5399,43,0.203125
5399,44,0.234375
5399,45,0.171875
5399,46,0.234375
5399,47,0.3125
5399,48,0.25
5399,49,0.390625
5399,50,0.328125
5399,51,0.296875
5399,52,0.21875
5399,53,0.28125
5399,54,0.328125
5399,55,0.4375
5399,56,0.515625
5399,57,0.453125
5399,58,0.46875
5399,59,0.34375
5399,60,0.3125
5399,61,0.25
5399,62,0.296875
5399,63,0.234375
5399,64,0.171875
5399,65,0.25
5399,66,0.171875
5399,67,0.1875
5399,68,0.234375
5399,69,0.34375
5399,70,0.28125
5399,71,0.34375
5399,72,0.296875
5399,73,0.234375
5399,74,0.3125
5399,75,0.34375
5399,76,0.25
5399,77,0.28125
5399,78,0.265625
5399,79,0.3125
5399,80,0.265625
5399,81,0.21875
5399,82,0.28125
5399,83,0.25
5399,84,0.265625
5399,85,0.203125
5399,86,0.203125
5399,87,0.21875
5399,88,0.25
5399,89,0.296875
5399,90,0.375
5399,91,0.328125
5399,92,0.3125
5399,93,0.234375
5399,94,0.375
5399,95,0.296875
5399,96,0.328125
5399,97,0.25
5399,98,0.15625
5399,99,0.21875
5399,100,0.140625
5399,101,0.1875
5399,102,0.234375
5399,103,0.296875
5399,104,0.234375
5399,105,0.265625
5399,106,0.3125
5399,107,0.296875
5399,108,0.359375
5399,109,0.28125
5399,110,0.46875
5399,111,0.390625
5399,112,0.453125
5399,113,0.375
5399,114,0.296875
5399,115,0.359375
5399,116,0.359375
5399,117,0.296875
5399,118,0.375
5399,119,0.3125
5399,120,0.21875
5399,121,0.296875
5399,122,0.28125
5399,123,0.203125
5399,124,0.296875
5399,125,0.40625
5399,126,0.484375
5399,127,0.421875
5400,0,0.21875
5400,1,0.125
5400,2,0.109375
5400,3,0.1875
5400,4,0.3125
5400,5,0.34375
5400,6,0.296875
5400,7,0.3125
5400,8,0.25
5400,9,0.28125
5400,10,0.1875
5400,11,0.21875
5400,12,0.28125
5400,13,0.3125
5400,14,0.1875
5400,15,0.25
5400,16,0.203125
5400,17,0.265625
5400,18,0.21875
5400,19,0.171875
5400,20,0.109375
5400,21,0.1875
5400,22,0.265625
5400,23,0.203125
5400,24,0.140625
5400,25,0.15625
5400,26,0.21875
5400,27,0.25
5400,28,0.15625
5400,29,0.25
5400,30,0.140625
5400,31,0.203125
5400,32,0.28125
5400,33,0.09375
5400,34,0.140625
5400,35,0.15625
5400,36,0.203125
5400,37,0.265625
5400,38,0.3125
5400,39,0.203125
5400,40,0.28125
5400,41,0.21875
5400,42,0.265625
5400,43,0.234375
5400,44,0.3125
5400,45,0.234375
5400,46,0.390625
5400,47,0.328125
5400,48,0.578125
5400,49,0.390625
5400,50,0.34375
5400,51,0.4375
5400,52,0.53125
5400,53,0.46875
5400,54,0.34375
5400,55,0.375
5400,56,0.3125
5400,57,0.265625
5400,58,0.28125
5400,59,0.15625
5400,60,0.328125
5400,61,0.296875
5400,62,0.359375
5400,63,0.296875
5400,64,0.25
5400,65,0.21875
5400,66,0.25
5400,67,0.328125
5400,68,0.25
5400,69,0.3125
5400,70,0.171875
5400,71,0.234375
5400,72,0.1875
5400,73,0.140625
5400,74,0.15625
5400,75,0.21875
5400,76,0.265625
5400,77,0.265625
5400,78,0.3125
5400,79,0.25
5400,80,0.296875
5400,81,0.34375
5400,82,0.25
5400,83,0.21875
5400,84,0.25
5400,85,0.3125
5400,86,0.296875
5400,87,0.25
5400,88,0.28125
5400,89,0.21875
5400,90,0.15625
5400,91,0.28125
5400,92,0.328125
5400,93,0.28125
5400,94,0.21875
5400,95,0.1875
5400,96,0.234375
5400,97,0.3125
5400,98,0.25
5400,99,0.1875
5400,100,0.28125
5400,101,0.21875
5400,102,0.203125
5400,103,0.28125
5400,104,0.375
5400,105,0.3125
5400,106,0.25
5400,107,0.296875
5400,108,0.359375
5400,109,0.3125
5400,110,0.328125
5400,111,0.25
5400,112,0.3125
5400,113,0.4375
5400,114,0.265625
5400,115,0.3125
5400,116,0.140625
5400,117,0.21875
5400,118,0.265625
5400,119,0.171875
5400,120,0.171875
5400,121,0.21875
5400,122,0.265625
5400,123,0.328125
5400,124,0.359375
5400,125,0.3125
5400,126,0.265625
5400,127,0.3125
5400,128,0.234375
5400,129,0.1875
5400,130,0.28125
5400,131,0.3125
5400,132,0.28125
5400,133,0.34375
5400,134,0.390625
5400,135,0.21875
5400,136,0.25
5400,137,0.296875
5400,138,0.375
5400,139,0.296875
5400,140,0.359375
5400,141,0.453125
5400,142,0.5
5400,143,0.4375
5400,144,0.390625
5400,145,0.4375
5400,146,0.5
5400,147,0.453125
5400,148,0.390625
5400,149,0.34375
5400,150,0.28125
5400,151,0.359375
5400,152,0.328125
5400,153,0.3125
5401,0,0.265625
5401,1,0.234375
5401,2,0.1875
5401,3,0.109375
5401,4,0.15625
5401,5,0.140625
5401,6,0.25
5401,7,0.15625
5401,8,0.15625
5401,9,0.21875
5401,10,0.28125
5401,11,0.34375
5401,12,0.25
5401,13,0.1875
5401,14,0.28125
5401,15,0.21875
5401,16,0.296875
5401,17,0.234375
5401,18,0.28125
5401,19,0.359375
5401,20,0.265625
5401,21,0.328125
5401,22,0.296875
5401,23,0.34375
5401,24,0.234375
5401,25,0.3125
5401,26,0.21875
5401,27,0.28125
5401,28,0.21875
5401,29,0.296875
5401,30,0.265625
5401,31,0.328125
5401,32,0.390625
5401,33,0.328125
5401,34,0.28125
5401,35,0.453125
5401,36,0.375
5401,37,0.4375
5401,38,0.4375
5401,39,0.5
5401,40,0.328125
5401,41,0.265625
5401,42,0.203125
5401,43,0.25
5401,44,0.3125
5401,45,0.3125
5401,46,0.375
5401,47,0.546875
5401,48,0.328125
5401,49,0.375
5401,50,0.25
5401,51,0.34375
5401,52,0.3125
5401,53,0.25
5401,54,0.28125
5401,55,0.34375
5401,56,0.421875
5401,57,0.328125
5401,58,0.296875
5401,59,0.484375
5401,60,0.4375
5401,61,0.390625
5401,62,0.359375
5401,63,0.28125
5401,64,0.34375
5401,65,0.421875
5401,66,0.359375
5401,67,0.265625
5401,68,0.3125
5401,69,0.40625
5401,70,0.21875
5401,71,0.296875
5401,72,0.40625
5401,73,0.34375
5401,74,0.1875
5401,75,0.265625
5401,76,0.3125
5401,77,0.375
5401,78,0.5
5401,79,0.34375
5401,80,0.359375
5401,81,0.328125
5401,82,0.40625
5401,83,0.328125
5401,84,0.296875
5401,85,0.296875
5401,86,0.25
5401,87,0.296875
5401,88,0.25
5401,89,0.421875
5401,90,0.5
5401,91,0.5625
5402,0,0.078125
5402,1,0.171875
5402,2,0.25
5402,3,0.09375
5402,4,0.125
5402,5,0.203125
5402,6,0.25
5402,7,0.15625
5402,8,0.171875
5402,9,0.25
5402,10,0.296875
5402,11,0.34375
5402,12,0.546875
5402,13,0.46875
5402,14,0.484375
5402,15,0.390625
5402,16,0.265625
5402,17,0.265625
5402,18,0.328125
5402,19,0.375
5402,20,0.515625
5402,21,0.34375
5402,22,0.265625
5402,23,0.328125
5402,24,0.375
5402,25,0.359375
5402,26,0.453125
5402,27,0.421875
5402,28,0.375
5402,29,0.34375
5402,30,0.4375
5402,31,0.34375
5402,32,0.3125
5402,33,0.234375
5402,34,0.296875
5402,35,0.359375
5402,36,0.390625
5402,37,0.421875
5402,38,0.390625
5402,39,0.46875
5402,40,0.296875
5402,41,0.28125
5402,42,0.3125
5402,43,0.390625
5402,44,0.359375
5402,45,0.390625
5402,46,0.34375
5402,47,0.375
5402,48,0.328125
5402,49,0.296875
5402,50,0.25
5402,51,0.3125
5402,52,0.28125
5402,53,0.234375
5402,54,0.28125
5402,55,0.171875
5402,56,0.265625
5402,57,0.3125
5402,58,0.3125
5402,59,0.421875
5402,60,0.34375
5402,61,0.234375
5402,62,0.1875
5402,63,0.25
5402,64,0.1875
5402,65,0.28125
5402,66,0.296875
5402,67,0.328125
5402,68,0.375
5402,69,0.328125
5402,70,0.28125
5402,71,0.375
5402,72,0.421875
5402,73,0.375
5402,74,0.578125
5402,75,0.375
5402,76,0.359375
5402,77,0.390625
5402,78,0.453125
5403,0,0.171875
5403,1,0.09375
5403,2,0.09375
5403,3,0.109375
5403,4,0.171875
5403,5,0.21875
5403,6,0.15625
5403,7,0.21875
5403,8,0.234375
5403,9,0.171875
5403,10,0.21875
5403,11,0.171875
5403,12,0.265625
5403,13,0.234375
5403,14,0.25
5403,15,0.171875
5403,16,0.234375
5403,17,0.296875
5403,18,0.453125
5403,19,0.5
5403,20,0.375
5403,21,0.328125
5403,22,0.296875
5403,23,0.34375
5403,24,0.40625
5403,25,0.296875
5403,26,0.34375
5403,27,0.421875
5403,28,0.28125
5403,29,0.171875
5403,30,0.25
5403,31,0.3125
5403,32,0.390625
5403,33,0.46875
5403,34,0.328125
5403,35,0.234375
5403,36,0.15625
5403,37,0.359375
5403,38,0.5625
5403,39,0.375
5403,40,0.3125
5403,41,0.234375
5403,42,0.328125
5403,43,0.390625
5403,44,0.34375
5403,45,0.359375
5403,46,0.40625
5403,47,0.34375
5403,48,0.28125
5403,49,0.234375
5403,50,0.296875
5403,51,0.375
5403,52,0.453125
5403,53,0.3125
5403,54,0.328125
5403,55,0.25
5403,56,0.171875
5403,57,0.25
5403,58,0.359375
5403,59,0.46875
5403,60,0.40625
5403,61,0.34375
5403,62,0.3125
5403,63,0.1875
5403,64,0.203125
5403,65,0.265625
5403,66,0.34375
5403,67,0.421875
5403,68,0.375
5403,69,0.296875
5403,70,0.359375
5403,71,0.4375
5403,72,0.34375
5403,73,0.40625
5403,74,0.34375
5403,75,0.421875
5403,76,0.484375
5403,77,0.4375
5403,78,0.421875
5403,79,0.3125
5403,80,0.28125
5403,81,0.34375
5403,82,0.28125
5403,83,0.21875
5403,84,0.25
5403,85,0.25
5403,86,0.1875
5403,87,0.140625
5403,88,0.09375
5403,89,0.15625
5403,90,0.21875
5403,91,0.203125
5403,92,0.265625
5403,93,0.234375
5403,94,0.15625
5403,95,0.25
5403,96,0.1875
5403,97,0.25
5403,98,0.3125
5403,99,0.234375
5403,100,0.328125
5403,101,0.375
5403,102,0.265625
5403,103,0.1875
5403,104,0.25
5403,105,0.3125
5403,106,0.375
5403,107,0.421875
5403,108,0.546875
5403,109,0.65625
5403,110,0.5
5403,111,0.5625
5403,112,0.40625
5403,113,0.421875
5403,114,0.3125
5403,115,0.296875
5403,116,0.3125
5403,117,0.328125
5403,118,0.390625
5403,119,0.34375
5403,120,0.25
5403,121,0.171875
5403,122,0.1875
5403,123,0.25
5403,124,0.21875
5403,125,0.265625
5403,126,0.34375
5403,127,0.296875
5403,128,0.390625
5403,129,0.421875
5403,130,0.390625
5403,131,0.1875
5403,132,0.171875
5403,133,0.25
5403,134,0.3125
5403,135,0.21875
5403,136,0.296875
5403,137,0.359375
5403,138,0.328125
5403,139,0.375
5403,140,0.328125
5403,141,0.28125
5403,142,0.328125
5403,143,0.25
5403,144,0.34375
5403,145,0.375
5403,146,0.421875
5403,147,0.3125
5403,148,0.234375
5403,149,0.3125
5403,150,0.40625
5403,151,0.359375
5403,152,0.28125
5403,153,0.21875
5403,154,0.265625
5403,155,0.296875
5403,156,0.234375
5403,157,0.234375
5403,158,0.171875
5403,159,0.203125
5403,160,0.234375
5403,161,0.21875
5403,162,0.296875
5403,163,0.375
5403,164,0.328125
5403,165,0.265625
5403,166,0.375
5403,167,0.4375
5403,168,0.359375
5403,169,0.28125
5403,170,0.25
5403,171,0.1875
5403,172,0.15625
5403,173,0.28125
5403,174,0.3125
5403,175,0.625
5403,176,0.359375
5403,177,0.453125
5403,178,0.390625
5403,179,0.375
5403,180,0.453125
5403,181,0.40625
5403,182,0.453125
5403,183,0.5
5404,0,0.15625
5404,1,0.078125
5404,2,0.265625
5404,3,0.140625
5404,4,0.203125
5404,5,0.265625
5404,6,0.078125
5404,7,0.15625
5404,8,0.1875
5404,9,0.21875
5404,10,0.484375
5404,11,0.21875
5404,12,0.28125
5404,13,0.390625
5404,14,0.375
5404,15,0.21875
5404,16,0.28125
5404,17,0.34375
5404,18,0.265625
5404,19,0.34375
5404,20,0.234375
5404,21,0.125
5404,22,0.1875
5404,23,0.15625
5404,24,0.234375
5404,25,0.140625
5404,26,0.15625
5404,27,0.265625
5404,28,0.15625
5404,29,0.25
5404,30,0.25
5404,31,0.21875
5404,32,0.1875
5404,33,0.140625
5404,34,0.15625
5404,35,0.1875
5404,36,0.296875
5404,37,0.25
5404,38,0.3125
5404,39,0.3125
5404,40,0.25
5404,41,0.140625
5404,42,0.109375
5404,43,0.15625
5404,44,0.265625
5404,45,0.234375
5404,46,0.296875
5404,47,0.234375
5404,48,0.296875
5404,49,0.25
5404,50,0.296875
5404,51,0.265625
5404,52,0.25
5404,53,0.1875
5404,54,0.25
5404,55,0.25
5404,56,0.453125
5404,57,0.28125
5404,58,0.34375
5404,59,0.296875
5404,60,0.234375
5404,61,0.328125
5404,62,0.21875
5404,63,0.359375
5404,64,0.4375
5404,65,0.34375
5404,66,0.4375
5404,67,0.328125
5404,68,0.390625
5404,69,0.4375
5404,70,0.625
5404,71,0.578125
5404,72,0.546875
5404,73,0.390625
5404,74,0.265625
5404,75,0.3125
5404,76,0.375
5404,77,0.28125
5404,78,0.375
5404,79,0.328125
5404,80,0.234375
5404,81,0.1875
5404,82,0.265625
5404,83,0.21875
5404,84,0.265625
5404,85,0.15625
5404,86,0.21875
5404,87,0.140625
5404,88,0.171875
5404,89,0.265625
5404,90,0.328125
5404,91,0.140625
5404,92,0.25
5404,93,0.359375
5404,94,0.4375
5404,95,0.375
5404,96,0.359375
5404,97,0.375
5404,98,0.375
5404,99,0.3125
5404,100,0.390625
5404,101,0.40625
5404,102,0.359375
5404,103,0.40625
5404,104,0.359375
5404,105,0.28125
5404,106,0.21875
5404,107,0.28125
5404,108,0.21875
5404,109,0.375
5404,110,0.25
5404,111,0.3125
5404,112,0.234375
5404,113,0.21875
5404,114,0.265625
5404,115,0.203125
5404,116,0.125
5404,117,0.125
5404,118,0.140625
5404,119,0.1875
5404,120,0.28125
5404,121,0.1875
5404,122,0.34375
5404,123,0.265625
5404,124,0.234375
5404,125,0.15625
5404,126,0.25
5404,127,0.34375
5404,128,0.421875
5404,129,0.375
5404,130,0.234375
5404,131,0.296875
5404,132,0.203125
5404,133,0.15625
5404,134,0.203125
5404,135,0.1875
5404,136,0.328125
5404,137,0.3125
5404,138,0.375
5404,139,0.40625
5404,140,0.328125
5404,141,0.40625
5404,142,0.328125
5404,143,0.359375
5404,144,0.3125
5404,145,0.390625
5404,146,0.21875
5404,147,0.28125
5404,148,0.359375
5404,149,0.28125
5404,150,0.296875
5404,151,0.359375
5404,152,0.4375
5404,153,0.28125
5404,154,0.265625
5404,155,0.53125
5404,156,0.59375
5404,157,0.390625
5404,158,0.328125
5404,159,0.15625
5404,160,0.203125
5404,161,0.25
5404,162,0.203125
5404,163,0.15625
5404,164,0.3125
5404,165,0.375
5404,166,0.3125
5404,167,0.375
5404,168,0.4375
5404,169,0.375
5404,170,0.3125
5404,171,0.40625
5404,172,0.359375
5404,173,0.328125
5404,174,0.390625
5404,175,0.328125
5404,176,0.4375
5404,177,0.390625
5404,178,0.421875
5404,179,0.5
5405,0,0.234375
5405,1,0.1875
5405,2,0.28125
5405,3,0.265625
5405,4,0.203125
5405,5,0.15625
5405,6,0.21875
5405,7,0.28125
5405,8,0.21875
5405,9,0.265625
5405,10,0.296875
5405,11,0.21875
5405,12,0.296875
5405,13,0.328125
5405,14,0.28125
5405,15,0.25
5405,16,0.296875
5405,17,0.234375
5405,18,0.3125
5405,19,0.375
5405,20,0.3125
5405,21,0.3125
5405,22,0.25
5405,23,0.234375
5405,24,0.265625
5405,25,0.1875
5405,26,0.203125
5405,27,0.34375
5405,28,0.265625
5405,29,0.296875
5405,30,0.265625
5405,31,0.1875
5405,32,0.125
5405,33,0.1875
5405,34,0.25
5405,35,0.25
5405,36,0.1875
5405,37,0.28125
5405,38,0.125
5405,39,0.1875
5405,40,0.1875
5405,41,0.1875
5405,42,0.171875
5405,43,0.125
5405,44,0.1875
5405,45,0.234375
5405,46,0.203125
5405,47,0.28125
5405,48,0.34375
5405,49,0.359375
5405,50,0.171875
5405,51,0.234375
5405,52,0.296875
5405,53,0.234375
5405,54,0.21875
5405,55,0.25
5405,56,0.390625
5405,57,0.28125
5405,58,0.21875
5405,59,0.296875
5405,60,0.328125
5405,61,0.546875
5405,62,0.359375
5405,63,0.40625
5405,64,0.578125
5405,65,0.359375
5405,66,0.390625
5405,67,0.4375
5405,68,0.328125
5405,69,0.359375
5405,70,0.265625
5405,71,0.3125
5405,72,0.359375
5405,73,0.25
5405,74,0.3125
5405,75,0.171875
5405,76,0.203125
5405,77,0.125
5405,78,0.171875
5405,79,0.234375
5405,80,0.3125
5405,81,0.265625
5405,82,0.3125
5405,83,0.25
5405,84,0.171875
5405,85,0.25
5405,86,0.1875
5405,87,0.125
5405,88,0.140625
5405,89,0.234375
5405,90,0.15625
5405,91,0.1875
5405,92,0.234375
5405,93,0.28125
5405,94,0.328125
5405,95,0.15625
5405,96,0.21875
5405,97,0.28125
5405,98,0.1875
5405,99,0.265625
5405,100,0.296875
5405,101,0.25
5405,102,0.265625
5405,103,0.328125
5405,104,0.25
5405,105,0.3125
5405,106,0.34375
5405,107,0.234375
5405,108,0.171875
5405,109,0.25
5405,110,0.390625
5405,111,0.46875
5405,112,0.40625
5405,113,0.3125
5405,114,0.375
5405,115,0.296875
5405,116,0.390625
5405,117,0.3125
5405,118,0.28125
5405,119,0.328125
5405,120,0.46875
5405,121,0.28125
5405,122,0.3125
5405,123,0.1875
5405,124,0.140625
5405,125,0.1875
5405,126,0.1875
5405,127,0.140625
5405,128,0.203125
5405,129,0.25
5405,130,0.171875
5405,131,0.21875
5405,132,0.171875
5405,133,0.1875
5405,134,0.203125
5405,135,0.1875
5405,136,0.140625
5405,137,0.203125
5405,138,0.265625
5405,139,0.296875
5405,140,0.34375
5405,141,0.3125
5405,142,0.34375
5405,143,0.28125
5405,144,0.234375
5405,145,0.203125
5405,146,0.140625
5405,147,0.1875
5405,148,0.265625
5405,149,0.265625
5405,150,0.3125
5405,151,0.265625
5405,152,0.203125
5405,153,0.234375
5405,154,0.265625
5405,155,0.1875
5405,156,0.328125
5405,157,0.203125
5405,158,0.203125
5405,159,0.1875
5405,160,0.265625
5405,161,0.1875
5405,162,0.328125
5405,163,0.25
5405,164,0.265625
5405,165,0.1875
5405,166,0.328125
5405,167,0.390625
5405,168,0.171875
5405,169,0.21875
5405,170,0.296875
5405,171,0.21875
5405,172,0.3125
5405,173,0.375
5405,174,0.421875
5405,175,0.296875
5405,176,0.25
5405,177,0.203125
5405,178,0.171875
5405,179,0.21875
5405,180,0.296875
5405,181,0.3125
5405,182,0.28125
5405,183,0.234375
5405,184,0.34375
5405,185,0.265625
5405,186,0.3125
5405,187,0.234375
5405,188,0.3125
5405,189,0.203125
5405,190,0.359375
5405,191,0.265625
5405,192,0.359375
5405,193,0.3125
5405,194,0.34375
5405,195,0.40625
5405,196,0.328125
5405,197,0.234375
5405,198,0.140625
5405,199,0.203125
5405,200,0.296875
5405,201,0.21875
5405,202,0.25
5405,203,0.296875
5405,204,0.421875
5405,205,0.359375
5405,206,0.453125
5405,207,0.390625
5406,0,0.140625
5406,1,0.078125
5406,2,0.171875
5406,3,0.21875
5406,4,0.046875
5406,5,0.078125
5406,6,0.140625
5406,7,0.1875
5406,8,0.234375
5406,9,0.375
5406,10,0.234375
5406,11,0.3125
5406,12,0.21875
5406,13,0.3125
5406,14,0.390625
5406,15,0.5
5406,16,0.328125
5406,17,0.3125
5406,18,0.375
5406,19,0.296875
5406,20,0.3125
5406,21,0.53125
5406,22,0.625
5406,23,0.328125
5406,24,0.328125
5406,25,0.265625
5406,26,0.25
5406,27,0.3125
5406,28,0.328125
5406,29,0.234375
5406,30,0.296875
5406,31,0.359375
5406,32,0.28125
5406,33,0.234375
5406,34,0.21875
5406,35,0.21875
5406,36,0.15625
5406,37,0.203125
5406,38,0.234375
5406,39,0.203125
5406,40,0.234375
5406,41,0.40625
5406,42,0.328125
5406,43,0.40625
5406,44,0.46875
5406,45,0.53125
5407,0,0.1875
5407,1,0.234375
5407,2,0.28125
5407,3,0.34375
5407,4,0.171875
5407,5,0.15625
5407,6,0.21875
5407,7,0.203125
5407,8,0.15625
5407,9,0.1875
5407,10,0.328125
5407,11,0.140625
5407,12,0.21875
5407,13,0.296875
5407,14,0.390625
5407,15,0.328125
5407,16,0.28125
5407,17,0.25
5407,18,0.28125
5407,19,0.234375
5407,20,0.265625
5407,21,0.328125
5407,22,0.265625
5407,23,0.21875
5407,24,0.25
5407,25,0.171875
5407,26,0.234375
5407,27,0.265625
5407,28,0.203125
5407,29,0.265625
5407,30,0.296875
5407,31,0.3125
5407,32,0.328125
5407,33,0.15625
5407,34,0.203125
5407,35,0.265625
5407,36,0.25
5407,37,0.171875
5407,38,0.1875
5407,39,0.34375
5407,40,0.28125
5407,41,0.375
5407,42,0.4375
5407,43,0.421875
5408,0,0.234375
5408,1,0.140625
5408,2,0.234375
5408,3,0.1875
5408,4,0.234375
5408,5,0.125
5408,6,0.171875
5408,7,0.3125
5408,8,0.25
5408,9,0.109375
5408,10,0.203125
5408,11,0.21875
5408,12,0.15625
5408,13,0.15625
5408,14,0.125
5408,15,0.1875
5408,16,0.140625
5408,17,0.203125
5408,18,0.203125
5408,19,0.296875
5408,20,0.3125
5408,21,0.453125
5408,22,0.484375
5408,23,0.515625
5408,24,0.453125
5408,25,0.46875
5408,26,0.265625
5408,27,0.296875
5408,28,0.3125
5408,29,0.25
5408,30,0.3125
5408,31,0.265625
5408,32,0.296875
5408,33,0.21875
5408,34,0.25
5408,35,0.28125
5408,36,0.296875
5408,37,0.15625
5408,38,0.15625
5408,39,0.234375
5408,40,0.28125
5408,41,0.265625
5408,42,0.28125
5408,43,0.25
5408,44,0.28125
5408,45,0.3125
5408,46,0.390625
5408,47,0.453125
5408,48,0.40625
5408,49,0.203125
5408,50,0.25
5408,51,0.1875
5408,52,0.203125
5408,53,0.296875
5408,54,0.25
5408,55,0.25
5408,56,0.28125
5408,57,0.265625
5408,58,0.21875
5408,59,0.15625
5408,60,0.21875
5408,61,0.328125
5408,62,0.25
5408,63,0.3125
5408,64,0.25
5408,65,0.171875
5408,66,0.171875
5408,67,0.265625
5408,68,0.21875
5408,69,0.15625
5408,70,0.21875
5408,71,0.171875
5408,72,0.140625
5408,73,0.171875
5408,74,0.21875
5408,75,0.125
5408,76,0.109375
5408,77,0.171875
5408,78,0.265625
5408,79,0.296875
5408,80,0.203125
5408,81,0.265625
5408,82,0.34375
5408,83,0.140625
5408,84,0.1875
5408,85,0.25
5408,86,0.296875
5408,87,0.34375
5408,88,0.234375
5408,89,0.265625
5408,90,0.3125
5408,91,0.25
5408,92,0.328125
5408,93,0.359375
5408,94,0.3125
5408,95,0.234375
5408,96,0.390625
5408,97,0.328125
5408,98,0.375
5408,99,0.1875
5408,100,0.265625
5408,101,0.40625
5408,102,0.21875
5408,103,0.125
5408,104,0.21875
5408,105,0.375
5408,106,0.40625
5408,107,0.21875
5408,108,0.171875
5408,109,0.25
5408,110,0.171875
5408,111,0.265625
5408,112,0.328125
5408,113,0.40625
5408,114,0.46875
5408,115,0.40625
5408,116,0.34375
5408,117,0.265625
5408,118,0.375
5408,119,0.25
5408,120,0.3125
5408,121,0.25
5408,122,0.34375
5408,123,0.28125
5408,124,0.3125
5408,125,0.28125
5408,126,0.21875
5408,127,0.21875
5408,128,0.28125
5408,129,0.140625
5408,130,0.171875
5408,131,0.234375
5408,132,0.140625
5408,133,0.234375
5408,134,0.3125
5408,135,0.28125
5408,136,0.359375
5408,137,0.375
5408,138,0.28125
5408,139,0.359375
5408,140,0.34375
5408,141,0.484375
5408,142,0.4375
5408,143,0.25
5408,144,0.234375
5408,145,0.3125
5408,146,0.203125
5408,147,0.234375
5408,148,0.21875
5408,149,0.28125
5408,150,0.359375
5408,151,0.3125
5408,152,0.234375
5408,153,0.296875
5408,154,0.328125
5408,155,0.328125
5408,156,0.34375
5408,157,0.25
5408,158,0.296875
5408,159,0.3125
5408,160,0.328125
5408,161,0.234375
5408,162,0.28125
5408,163,0.421875
5408,164,0.359375
5408,165,0.390625
5408,166,0.328125
5408,167,0.359375
5408,168,0.40625
5408,169,0.3125
5408,170,0.296875
5408,171,0.359375
5408,172,0.390625
5408,173,0.171875
5408,174,0.265625
5408,175,0.203125
5408,176,0.265625
5408,177,0.28125
5408,178,0.453125
5408,179,0.453125
5408,180,0.375
5408,181,0.21875
5408,182,0.296875
5408,183,0.390625
5408,184,0.375
5408,185,0.296875
5409,0,0.171875
5409,1,0.09375
5409,2,0.15625
5409,3,0.21875
5409,4,0.203125
5409,5,0.171875
5409,6,0.1875
5409,7,0.234375
5409,8,0.1875
5409,9,0.125
5409,10,0.140625
5409,11,0.203125
5409,12,0.28125
5409,13,0.21875
5409,14,0.125
5409,15,0.21875
5409,16,0.21875
5409,17,0.1875
5409,18,0.25
5409,19,0.359375
5409,20,0.296875
5409,21,0.25
5409,22,0.234375
5409,23,0.203125
5409,24,0.1875
5409,25,0.1875
5409,26,0.1875
5409,27,0.28125
5409,28,0.1875
5409,29,0.21875
5409,30,0.265625
5409,31,0.140625
5409,32,0.234375
5409,33,0.15625
5409,34,0.203125
5409,35,0.25
5409,36,0.203125
5409,37,0.25
5409,38,0.234375
5409,39,0.265625
5409,40,0.21875
5409,41,0.265625
5409,42,0.328125
5409,43,0.40625
5409,44,0.375
5409,45,0.4375
5409,46,0.359375
5409,47,0.40625
5409,48,0.390625
5409,49,0.46875
5409,50,0.46875
5409,51,0.4375
5409,52,0.5
5409,53,0.578125
5410,0,0.0625
5410,1,0.15625
5410,2,0.09375
5410,3,0.171875
5410,4,0.25
5410,5,0.171875
5410,6,0.234375
5410,7,0.28125
5410,8,0.328125
5410,9,0.28125
5410,10,0.328125
5410,11,0.296875
5410,12,0.375
5410,13,0.328125
5410,14,0.3125
5410,15,0.390625
5410,16,0.296875
5410,17,0.328125
5410,18,0.390625
5410,19,0.3125
5410,20,0.390625
5410,21,0.359375
5410,22,0.3125
5410,23,0.359375
5410,24,0.421875
5410,25,0.3125
5410,26,0.234375
5410,27,0.296875
5410,28,0.21875
5410,29,0.28125
5410,30,0.21875
5410,31,0.28125
5410,32,0.296875
5410,33,0.375
5410,34,0.34375
5410,35,0.3125
5410,36,0.265625
5410,37,0.234375
5410,38,0.21875
5410,39,0.3125
5410,40,0.25
5410,41,0.3125
5410,42,0.203125
5410,43,0.21875
5410,44,0.3125
5410,45,0.328125
5410,46,0.296875
5410,47,0.28125
5410,48,0.296875
5410,49,0.40625
5410,50,0.3125
5410,51,0.28125
5410,52,0.34375
5410,53,0.25
5410,54,0.390625
5410,55,0.3125
5410,56,0.5
5411,0,0.1875
5411,1,0.25
5411,2,0.15625
5411,3,0.09375
5411,4,0.171875
5411,5,0.21875
5411,6,0.296875
5411,7,0.359375
5411,8,0.296875
5411,9,0.234375
5411,10,0.3125
5411,11,0.296875
5411,12,0.203125
5411,13,0.140625
5411,14,0.171875
5411,15,0.203125
5411,16,0.15625
5411,17,0.234375
5411,18,0.15625
5411,19,0.21875
5411,20,0.296875
5411,21,0.296875
5411,22,0.203125
5411,23,0.28125
5411,24,0.34375
5411,25,0.484375
5411,26,0.34375
5411,27,0.40625
5411,28,0.359375
5411,29,0.40625
5411,30,0.34375
5411,31,0.296875
5411,32,0.34375
5411,33,0.453125
5411,34,0.390625
5411,35,0.3125
5411,36,0.265625
5411,37,0.34375
5411,38,0.296875
5411,39,0.375
5411,40,0.265625
5411,41,0.28125
5411,42,0.3125
5411,43,0.375
5411,44,0.375
5411,45,0.296875
5411,46,0.234375
5411,47,0.296875
5411,48,0.359375
5411,49,0.328125
5411,50,0.40625
5411,51,0.5
5411,52,0.453125
5411,53,0.296875
5411,54,0.34375
5411,55,0.265625
5411,56,0.34375
5411,57,0.40625
5411,58,0.46875
5411,59,0.390625
5411,60,0.5625
5411,61,0.390625
5411,62,0.328125
5411,63,0.28125
5411,64,0.21875
5411,65,0.3125
5411,66,0.34375
5411,67,0.421875
5411,68,0.375
5411,69,0.1875
5411,70,0.34375
5411,71,0.40625
5411,72,0.34375
5411,73,0.484375
5411,74,0.328125
5411,75,0.265625
5411,76,0.1875
5411,77,0.328125
5411,78,0.28125
5411,79,0.21875
5411,80,0.15625
5411,81,0.21875
5411,82,0.28125
5411,83,0.359375
5411,84,0.4375
5411,85,0.34375
5411,86,0.40625
5411,87,0.3125
5411,88,0.203125
5411,89,0.28125
5411,90,0.234375
5411,91,0.28125
5411,92,0.28125
5411,93,0.265625
5411,94,0.25
5411,95,0.3125
5411,96,0.25
5411,97,0.203125
5411,98,0.265625
5411,99,0.203125
5411,100,0.21875
5411,101,0.109375
5411,102,0.171875
5411,103,0.234375
5411,104,0.3125
5411,105,0.140625
5411,106,0.1875
5411,107,0.109375
5411,108,0.15625
5411,109,0.234375
5411,110,0.3125
5411,111,0.203125
5411,112,0.25
5411,113,0.328125
5411,114,0.1875
5411,115,0.21875
5411,116,0.28125
5411,117,0.234375
5411,118,0.25
5411,119,0.296875
5411,120,0.3125
5411,121,0.34375
5411,122,0.28125
5411,123,0.34375
5411,124,0.421875
5411,125,0.3125
5411,126,0.21875
5411,127,0.359375
5411,128,0.265625
5411,129,0.3125
5411,130,0.296875
5411,131,0.109375
5411,132,0.171875
5411,133,0.140625
5411,134,0.1875
5411,135,0.140625
5411,136,0.203125
5411,137,0.125
5411,138,0.1875
5411,139,0.140625
5411,140,0.171875
5411,141,0.3125
5411,142,0.234375
5411,143,0.296875
5411,144,0.359375
5411,145,0.421875
5411,146,0.46875
5411,147,0.390625
5411,148,0.421875
5411,149,0.359375
5411,150,0.265625
5411,151,0.21875
5411,152,0.296875
5411,153,0.3125
5411,154,0.40625
5411,155,0.34375
5411,156,0.21875
5411,157,0.21875
5411,158,0.296875
5411,159,0.21875
5411,160,0.234375
5411,161,0.328125
5411,162,0.234375
5411,163,0.15625
5411,164,0.21875
5411,165,0.25
5411,166,0.265625
5411,167,0.1875
5411,168,0.25
5411,169,0.328125
5411,170,0.328125
5411,171,0.421875
5411,172,0.421875
5411,173,0.25
5411,174,0.359375
5411,175,0.453125
5411,176,0.5
5411,177,0.453125
5411,178,0.359375
5411,179,0.296875
5411,180,0.3125
5411,181,0.375
5411,182,0.4375
5411,183,0.375
5411,184,0.3125
5411,185,0.234375
5411,186,0.328125
5411,187,0.40625
5411,188,0.453125
5411,189,0.375
5411,190,0.453125
5411,191,0.703125
5412,0,0.046875
5412,1,0.109375
5412,2,0.203125
5412,3,0.265625
5412,4,0.234375
5412,5,0.140625
5412,6,0.203125
5412,7,0.265625
5412,8,0.328125
5412,9,0.328125
5412,10,0.25
5412,11,0.171875
5412,12,0.234375
5412,13,0.265625
5412,14,0.328125
5412,15,0.421875
5412,16,0.484375
5412,17,0.40625
5412,18,0.28125
5412,19,0.265625
5412,20,0.203125
5412,21,0.140625
5412,22,0.234375
5412,23,0.21875
5412,24,0.296875
5412,25,0.359375
5412,26,0.40625
5412,27,0.390625
5412,28,0.3125
5412,29,0.234375
5412,30,0.125
5412,31,0.125
5412,32,0.234375
5412,33,0.171875
5412,34,0.21875
5412,35,0.140625
5412,36,0.125
5412,37,0.171875
5412,38,0.234375
5412,39,0.15625
5412,40,0.21875
5412,41,0.171875
5412,42,0.203125
5412,43,0.15625
5412,44,0.203125
5412,45,0.21875
5412,46,0.328125
5412,47,0.390625
5412,48,0.265625
5412,49,0.203125
5412,50,0.28125
5412,51,0.234375
5412,52,0.1875
5412,53,0.21875
5412,54,0.28125
5412,55,0.3125
5412,56,0.40625
5413,0,0.171875
5413,1,0.265625
5413,2,0.203125
5413,3,0.265625
5413,4,0.3125
5413,5,0.234375
5413,6,0.265625
5413,7,0.328125
5413,8,0.171875
5413,9,0.421875
5413,10,0.359375
5413,11,0.3125
5413,12,0.234375
5413,13,0.296875
5413,14,0.421875
5413,15,0.4375
5413,16,0.296875
5413,17,0.359375
5413,18,0.453125
5413,19,0.4375
5413,20,0.359375
5413,21,0.421875
5413,22,0.296875
5413,23,0.234375
5413,24,0.234375
5413,25,0.140625
5413,26,0.15625
5413,27,0.21875
5413,28,0.3125
5413,29,0.234375
5413,30,0.328125
5413,31,0.328125
5413,32,0.28125
5413,33,0.234375
5413,34,0.265625
5413,35,0.296875
5413,36,0.15625
5413,37,0.1875
5413,38,0.265625
5413,39,0.203125
5413,40,0.140625
5413,41,0.234375
5413,42,0.3125
5413,43,0.203125
5413,44,0.234375
5413,45,0.3125
5413,46,0.15625
5413,47,0.125
5413,48,0.21875
5413,49,0.265625
5413,50,0.21875
5413,51,0.1875
5413,52,0.21875
5413,53,0.296875
5413,54,0.46875
5413,55,0.375
5413,56,0.296875
5413,57,0.203125
5413,58,0.234375
5413,59,0.328125
5413,60,0.296875
5413,61,0.34375
5413,62,0.25
5413,63,0.296875
5413,64,0.203125
5413,65,0.171875
5413,66,0.1875
5413,67,0.265625
5413,68,0.21875
5413,69,0.265625
5413,70,0.328125
5413,71,0.3125
5413,72,0.3125
5413,73,0.203125
5413,74,0.125
5413,75,0.15625
5413,76,0.21875
5413,77,0.171875
5413,78,0.203125
5413,79,0.234375
5413,80,0.25
5413,81,0.203125
5413,82,0.296875
5413,83,0.1875
5413,84,0.234375
5413,85,0.3125
5413,86,0.28125
5413,87,0.21875
5413,88,0.296875
5413,89,0.21875
5413,90,0.359375
5413,91,0.453125
5413,92,0.390625
5413,93,0.328125
5413,94,0.40625
5413,95,0.328125
5413,96,0.15625
5413,97,0.25
5413,98,0.1875
5413,99,0.265625
5413,100,0.296875
5413,101,0.234375
5413,102,0.171875
5413,103,0.171875
5413,104,0.328125
5413,105,0.390625
5413,106,0.34375
5413,107,0.171875
5413,108,0.25
5413,109,0.21875
5413,110,0.140625
5413,111,0.265625
5413,112,0.3125
5413,113,0.203125
5413,114,0.25
5413,115,0.296875
5413,116,0.34375
5413,117,0.359375
5413,118,0.546875
5413,119,0.359375
5413,120,0.234375
5413,121,0.25
5413,122,0.28125
5413,123,0.34375
5413,124,0.265625
5413,125,0.328125
5413,126,0.46875
5413,127,0.421875
5413,128,0.390625
5413,129,0.34375
5413,130,0.28125
5413,131,0.296875
5413,132,0.203125
5413,133,0.171875
5413,134,0.25
5413,135,0.390625
5413,136,0.296875
5413,137,0.21875
5413,138,0.3125
5413,139,0.375
5413,140,0.28125
5413,141,0.21875
5413,142,0.25
5413,143,0.265625
5413,144,0.125
5413,145,0.21875
5413,146,0.265625
5413,147,0.296875
5413,148,0.234375
5413,149,0.171875
5413,150,0.1875
5413,151,0.25
5413,152,0.21875
5413,153,0.28125
5413,154,0.328125
5413,155,0.375
5413,156,0.390625
5413,157,0.453125
5413,158,0.421875
5413,159,0.40625
5413,160,0.359375
5413,161,0.328125
5413,162,0.265625
5413,163,0.328125
5413,164,0.265625
5413,165,0.3125
5413,166,0.25
5413,167,0.328125
5413,168,0.390625
5413,169,0.3125
5413,170,0.421875
5413,171,0.203125
5413,172,0.21875
5413,173,0.28125
5413,174,0.296875
5413,175,0.21875
5413,176,0.296875
5413,177,0.25
5413,178,0.25
5413,179,0.3125
5413,180,0.34375
5413,181,0.140625
5413,182,0.234375
5413,183,0.3125
5413,184,0.28125
5413,185,0.28125
5413,186,0.328125
5413,187,0.1875
5413,188,0.296875
5413,189,0.4375
5413,190,0.234375
5413,191,0.1875
5413,192,0.21875
5413,193,0.125
5413,194,0.15625
5413,195,0.171875
5413,196,0.3125
5413,197,0.28125
5413,198,0.234375
5413,199,0.296875
5413,200,0.34375
5413,201,0.296875
5413,202,0.203125
5413,203,0.25
5413,204,0.34375
5413,205,0.328125
5413,206,0.25
5413,207,0.1875
5413,208,0.25
5413,209,0.296875
5413,210,0.375
5413,211,0.453125
5413,212,0.375
5413,213,0.3125
5413,214,0.296875
5413,215,0.21875
5413,216,0.265625
5413,217,0.3125
5413,218,0.21875
5413,219,0.15625
5413,220,0.21875
5413,221,0.3125
5413,222,0.25
5413,223,0.265625
5413,224,0.296875
5413,225,0.234375
5413,226,0.1875
5413,227,0.28125
5413,228,0.25
5413,229,0.1875
5413,230,0.21875
5413,231,0.28125
5413,232,0.3125
5413,233,0.28125
5413,234,0.21875
5413,235,0.25
5413,236,0.34375
5413,237,0.328125
5413,238,0.3125
5413,239,0.25
5413,240,0.3125
5413,241,0.203125
5413,242,0.234375
5413,243,0.25
5413,244,0.21875
5413,245,0.296875
5413,246,0.359375
5413,247,0.25
5413,248,0.15625
5413,249,0.234375
5413,250,0.125
5413,251,0.234375
5413,252,0.203125
5413,253,0.25
5413,254,0.265625
5413,255,0.34375
5413,256,0.375
5413,257,0.3125
5413,258,0.375
5413,259,0.40625
5413,260,0.328125
5413,261,0.265625
5413,262,0.1875
5413,263,0.125
5413,264,0.28125
5413,265,0.171875
5413,266,0.3125
5413,267,0.234375
5413,268,0.203125
5413,269,0.34375
5413,270,0.328125
5413,271,0.421875
5413,272,0.4375
5413,273,0.25
5413,274,0.296875
5413,275,0.265625
5413,276,0.296875
5413,277,0.390625
5413,278,0.3125
5413,279,0.328125
5413,280,0.421875
5413,281,0.46875
5413,282,0.46875
5413,283,0.265625
5413,284,0.265625
5413,285,0.265625
5413,286,0.1875
5413,287,0.21875
5413,288,0.21875
5413,289,0.3125
5413,290,0.234375
5413,291,0.21875
5413,292,0.234375
5413,293,0.28125
5413,294,0.359375
5413,295,0.3125
5413,296,0.46875
5413,297,0.34375
5413,298,0.21875
5413,299,0.25
5413,300,0.296875
5413,301,0.25
5413,302,0.328125
5413,303,0.28125
5413,304,0.3125
5413,305,0.34375
5413,306,0.296875
5413,307,0.203125
5413,308,0.265625
5413,309,0.34375
5413,310,0.359375
5413,311,0.4375
5413,312,0.453125
5413,313,0.34375
5413,314,0.40625
5413,315,0.375
5413,316,0.453125
5414,0,0.03125
5414,1,0.125
5414,2,0.1875
5414,3,0.265625
5414,4,0.21875
5414,5,0.1875
5414,6,0.3125
5414,7,0.234375
5414,8,0.1875
5414,9,0.109375
5414,10,0.125
5414,11,0.125
5414,12,0.21875
5414,13,0.265625
5414,14,0.28125
5414,15,0.34375
5414,16,0.28125
5414,17,0.296875
5414,18,0.25
5415,0,0.171875
5415,1,0.125
5415,2,0.265625
5415,3,0.375
5415,4,0.21875
5415,5,0.171875
5415,6,0.21875
5415,7,0.28125
5415,8,0.234375
5415,9,0.328125
5415,10,0.390625
5415,11,0.28125
5415,12,0.296875
5415,13,0.234375
5415,14,0.296875
5415,15,0.234375
5415,16,0.296875
5415,17,0.375
5415,18,0.515625
5415,19,0.46875
5415,20,0.5625
5415,21,0.375
5415,22,0.4375
5416,0,0.078125
5416,1,0.140625
5416,2,0.296875
5416,3,0.25
5416,4,0.203125
5416,5,0.265625
5416,6,0.328125
5416,7,0.34375
5416,8,0.25
5416,9,0.328125
5416,10,0.375
5416,11,0.328125
5416,12,0.296875
5416,13,0.453125
5417,0,0.125
5417,1,0.015625
5417,2,0.09375
5417,3,0.140625
5417,4,0.234375
5417,5,0.3125
5417,6,0.265625
5417,7,0.328125
5417,8,0.328125
5417,9,0.265625
5417,10,0.1875
5417,11,0.203125
5417,12,0.265625
5417,13,0.203125
5417,14,0.265625
5417,15,0.125
5417,16,0.1875
5417,17,0.234375
5417,18,0.28125
5417,19,0.296875
5417,20,0.25
5417,21,0.28125
5417,22,0.28125
5417,23,0.265625
5417,24,0.328125
5417,25,0.3125
5417,26,0.328125
5417,27,0.296875
5417,28,0.375
5417,29,0.296875
5417,30,0.359375
5417,31,0.3125
5417,32,0.390625
5417,33,0.375
5417,34,0.296875
5417,35,0.34375
5417,36,0.296875
5417,37,0.359375
5417,38,0.3125
5417,39,0.25
5417,40,0.203125
5417,41,0.265625
5417,42,0.203125
5417,43,0.265625
5417,44,0.203125
5417,45,0.296875
5417,46,0.375
5417,47,0.453125
5418,0,0.15625
5418,1,0.125
5418,2,0.171875
5418,3,0.171875
5418,4,0.09375
5418,5,0.140625
5418,6,0.203125
5418,7,0.25
5418,8,0.203125
5418,9,0.21875
5418,10,0.296875
5418,11,0.359375
5418,12,0.28125
5418,13,0.21875
5418,14,0.28125
5418,15,0.359375
5418,16,0.3125
5418,17,0.234375
5418,18,0.1875
5418,19,0.265625
5418,20,0.203125
5418,21,0.171875
5418,22,0.234375
5418,23,0.234375
5418,24,0.171875
5418,25,0.21875
5418,26,0.296875
5418,27,0.375
5418,28,0.421875
5418,29,0.375
5418,30,0.34375
5418,31,0.421875
5418,32,0.375
5418,33,0.40625
5418,34,0.5
5418,35,0.453125
5418,36,0.640625
5418,37,0.46875
5418,38,0.5625
5418,39,0.640625
5418,40,0.296875
5418,41,0.21875
5418,42,0.1875
5418,43,0.15625
5418,44,0.234375
5418,45,0.28125
5418,46,0.328125
5418,47,0.28125
5418,48,0.265625
5418,49,0.203125
5418,50,0.265625
5418,51,0.3125
5418,52,0.25
5418,53,0.359375
5418,54,0.328125
5418,55,0.375
5418,56,0.3125
5418,57,0.359375
5418,58,0.328125
5418,59,0.28125
5418,60,0.25
5418,61,0.296875
5418,62,0.234375
5418,63,0.296875
5418,64,0.1875
5418,65,0.296875
5418,66,0.21875
5418,67,0.1875
5418,68,0.21875
5418,69,0.3125
5418,70,0.21875
5418,71,0.28125
5418,72,0.3125
5418,73,0.453125
5418,74,0.59375
5418,75,0.546875
5418,76,0.609375
5418,77,0.453125
5418,78,0.265625
5418,79,0.328125
5418,80,0.265625
5418,81,0.34375
5418,82,0.328125
5418,83,0.296875
5418,84,0.328125
5418,85,0.390625
5418,86,0.3125
5418,87,0.21875
5418,88,0.3125
5418,89,0.359375
5418,90,0.296875
5418,91,0.34375
5418,92,0.28125
5418,93,0.34375
5418,94,0.296875
5418,95,0.265625
5418,96,0.3125
5418,97,0.25
5418,98,0.265625
5418,99,0.21875
5418,100,0.15625
5418,101,0.21875
5418,102,0.3125
5418,103,0.359375
5418,104,0.34375
5418,105,0.25
5418,106,0.28125
5418,107,0.21875
5418,108,0.171875
5418,109,0.1875
5418,110,0.21875
5418,111,0.28125
5418,112,0.296875
5418,113,0.234375
5418,114,0.078125
5418,115,0.109375
5418,116,0.109375
5418,117,0.171875
5418,118,0.234375
5418,119,0.1875
5418,120,0.109375
5418,121,0.140625
5418,122,0.1875
5418,123,0.25
5418,124,0.21875
5418,125,0.171875
5418,126,0.25
5418,127,0.21875
5418,128,0.296875
5418,129,0.21875
5418,130,0.3125
5418,131,0.34375
5418,132,0.515625
5418,133,0.34375
5418,134,0.40625
5418,135,0.453125
5418,136,0.53125
5418,137,0.484375
5418,138,0.390625
5418,139,0.328125
5418,140,0.359375
5418,141,0.28125
5418,142,0.359375
5418,143,0.296875
5418,144,0.203125
5418,145,0.25
5418,146,0.34375
5418,147,0.453125
5418,148,0.40625
5418,149,0.28125
5418,150,0.21875
5418,151,0.171875
5418,152,0.234375
5418,153,0.28125
5418,154,0.28125
5418,155,0.203125
5418,156,0.265625
5418,157,0.203125
5418,158,0.25
5418,159,0.265625
5418,160,0.34375
5418,161,0.296875
5418,162,0.15625
5418,163,0.140625
5418,164,0.203125
5418,165,0.265625
5418,166,0.234375
5418,167,0.28125
5418,168,0.1875
5418,169,0.21875
5418,170,0.265625
5418,171,0.328125
5418,172,0.265625
5418,173,0.34375
5418,174,0.1875
5418,175,0.265625
5418,176,0.203125
5418,177,0.171875
5418,178,0.21875
5418,179,0.28125
5418,180,0.265625
5418,181,0.328125
5418,182,0.375
5418,183,0.421875
5418,184,0.28125
5418,185,0.328125
5418,186,0.46875
5418,187,0.421875
5418,188,0.34375
5418,189,0.34375
5418,190,0.28125
5418,191,0.375
5418,192,0.5625
5418,193,0.5
5418,194,0.546875
5418,195,0.453125
5418,196,0.40625
5418,197,0.28125
5418,198,0.171875
5418,199,0.328125
5418,200,0.265625
5418,201,0.21875
5418,202,0.171875
5418,203,0.234375
5418,204,0.296875
5418,205,0.34375
5418,206,0.265625
5418,207,0.234375
5418,208,0.296875
5418,209,0.25
5418,210,0.171875
5418,211,0.234375
5418,212,0.3125
5418,213,0.296875
5418,214,0.359375
5418,215,0.421875
5418,216,0.390625
5418,217,0.328125
5418,218,0.359375
5418,219,0.40625
5418,220,0.3125
5418,221,0.25
5418,222,0.34375
5418,223,0.453125
5418,224,0.34375
5418,225,0.328125
5418,226,0.53125
5419,0,0.140625
5419,1,0.15625
5419,2,0.15625
5419,3,0.15625
5419,4,0.1875
5419,5,0.25
5419,6,0.21875
5419,7,0.265625
5419,8,0.203125
5419,9,0.265625
5419,10,0.328125
5419,11,0.3125
5419,12,0.328125
5419,13,0.375
5419,14,0.296875
5419,15,0.34375
5419,16,0.265625
5419,17,0.34375
5419,18,0.375
5419,19,0.4375
5419,20,0.25
5419,21,0.3125
5419,22,0.171875
5419,23,0.21875
5419,24,0.28125
5419,25,0.390625
5419,26,0.34375
5419,27,0.296875
5419,28,0.3125
5419,29,0.25
5419,30,0.21875
5419,31,0.28125
5419,32,0.328125
5419,33,0.265625
5419,34,0.1875
5419,35,0.265625
5419,36,0.28125
5419,37,0.203125
5419,38,0.140625
5419,39,0.15625
5419,40,0.21875
5419,41,0.296875
5419,42,0.25
5419,43,0.3125
5419,44,0.21875
5419,45,0.1875
5419,46,0.234375
5419,47,0.171875
5419,48,0.125
5419,49,0.078125
5419,50,0.15625
5419,51,0.21875
5419,52,0.171875
5419,53,0.125
5419,54,0.171875
5419,55,0.296875
5419,56,0.1875
5419,57,0.140625
5419,58,0.28125
5419,59,0.21875
5419,60,0.1875
5419,61,0.125
5419,62,0.171875
5419,63,0.25
5419,64,0.28125
5419,65,0.234375
5419,66,0.296875
5419,67,0.21875
5419,68,0.265625
5419,69,0.34375
5419,70,0.296875
5419,71,0.296875
5419,72,0.375
5419,73,0.328125
5419,74,0.375
5419,75,0.46875
5419,76,0.421875
5419,77,0.46875
5419,78,0.375
5419,79,0.296875
5419,80,0.4375
5419,81,0.359375
5419,82,0.375
5420,0,0.234375
5420,1,0.21875
5420,2,0.375
5420,3,0.296875
5420,4,0.375
5420,5,0.453125
5420,6,0.265625
5420,7,0.1875
5420,8,0.234375
5420,9,0.296875
5420,10,0.421875
5420,11,0.1875
5420,12,0.234375
5420,13,0.296875
5420,14,0.328125
5420,15,0.28125
5420,16,0.421875
5420,17,0.375
5420,18,0.4375
5420,19,0.359375
5420,20,0.390625
5420,21,0.4375
5420,22,0.421875
5420,23,0.21875
5420,24,0.28125
5420,25,0.328125
5420,26,0.5625
5420,27,0.40625
5420,28,0.46875
5420,29,0.296875
5420,30,0.375
5420,31,0.3125
5420,32,0.390625
5420,33,0.234375
5420,34,0.28125
5420,35,0.1875
5420,36,0.265625
5420,37,0.15625
5420,38,0.234375
5420,39,0.265625
5420,40,0.203125
5420,41,0.125
5420,42,0.234375
5420,43,0.15625
5420,44,0.203125
5420,45,0.171875
5420,46,0.25
5420,47,0.46875
5420,48,0.546875
5421,0,0.09375
5421,1,0.15625
5421,2,0.171875
5421,3,0.1875
5421,4,0.28125
5421,5,0.3125
5421,6,0.375
5421,7,0.28125
5421,8,0.296875
5421,9,0.234375
5421,10,0.1875
5421,11,0.140625
5421,12,0.296875
5421,13,0.171875
5421,14,0.09375
5421,15,0.203125
5421,16,0.234375
5421,17,0.28125
5421,18,0.234375
5421,19,0.28125
5421,20,0.25
5421,21,0.171875
5421,22,0.21875
5421,23,0.171875
5421,24,0.25
5421,25,0.328125
5421,26,0.390625
5421,27,0.328125
5421,28,0.359375
5421,29,0.234375
5421,30,0.3125
5421,31,0.34375
5421,32,0.375
5421,33,0.421875
5421,34,0.34375
5421,35,0.296875
5421,36,0.234375
5421,37,0.3125
5421,38,0.34375
5421,39,0.3125
5421,40,0.265625
5421,41,0.28125
5421,42,0.234375
5421,43,0.203125
5421,44,0.25
5421,45,0.21875
5421,46,0.3125
5421,47,0.390625
5421,48,0.328125
5421,49,0.34375
5421,50,0.265625
5421,51,0.21875
5421,52,0.171875
5421,53,0.203125
5421,54,0.25
5421,55,0.28125
5421,56,0.375
5421,57,0.28125
5421,58,0.28125
5421,59,0.21875
5421,60,0.296875
5421,61,0.21875
5421,62,0.25
5421,63,0.375
5421,64,0.328125
5421,65,0.296875
5421,66,0.21875
5421,67,0.265625
5421,68,0.1875
5421,69,0.265625
5421,70,0.140625
5421,71,0.203125
5421,72,0.28125
5421,73,0.3125
5421,74,0.34375
5421,75,0.28125
5421,76,0.21875
5421,77,0.328125
5421,78,0.21875
5421,79,0.296875
5421,80,0.3125
5421,81,0.390625
5421,82,0.34375
5422,0,0.171875
5422,1,0.109375
5422,2,0.078125
5422,3,0.125
5422,4,0.171875
5422,5,0.1875
5422,6,0.203125
5422,7,0.296875
5422,8,0.203125
5422,9,0.140625
5422,10,0.296875
5422,11,0.375
5422,12,0.34375
5422,13,0.4375
5422,14,0.359375
5422,15,0.28125
5422,16,0.25
5422,17,0.234375
5422,18,0.25
5422,19,0.1875
5422,20,0.296875
5422,21,0.234375
5422,22,0.296875
5422,23,0.234375
5422,24,0.265625
5422,25,0.3125
5422,26,0.359375
5422,27,0.40625
5422,28,0.25
5422,29,0.3125
5422,30,0.375
5422,31,0.28125
5422,32,0.328125
5422,33,0.359375
5422,34,0.28125
5422,35,0.21875
5422,36,0.15625
5422,37,0.203125
5422,38,0.234375
5422,39,0.328125
5422,40,0.375
5422,41,0.328125
5422,42,0.46875
5422,43,0.4375
5422,44,0.25
5422,45,0.265625
5422,46,0.328125
5422,47,0.28125
5422,48,0.171875
5422,49,0.3125
5422,50,0.234375
5422,51,0.296875
5422,52,0.359375
5422,53,0.3125
5422,54,0.390625
5422,55,0.34375
5422,56,0.40625
5422,57,0.453125
5422,58,0.265625
5422,59,0.203125
5422,60,0.25
5422,61,0.234375
5422,62,0.265625
5422,63,0.28125
5422,64,0.21875
5422,65,0.265625
5422,66,0.25
5422,67,0.171875
5422,68,0.234375
5422,69,0.203125
5422,70,0.234375
5422,71,0.265625
5422,72,0.203125
5422,73,0.265625
5422,74,0.3125
5422,75,0.375
5422,76,0.484375
5422,77,0.546875
5422,78,0.328125
5422,79,0.25
5422,80,0.296875
5422,81,0.28125
5422,82,0.234375
5422,83,0.265625
5422,84,0.21875
5422,85,0.3125
5422,86,0.34375
5422,87,0.28125
5422,88,0.3125
5422,89,0.21875
5422,90,0.28125
5422,91,0.359375
5422,92,0.359375
5422,93,0.390625
5422,94,0.328125
5422,95,0.46875
5422,96,0.40625
5422,97,0.296875
5422,98,0.25
5422,99,0.28125
5422,100,0.390625
5422,101,0.34375
5422,102,0.4375
5423,0,0.140625
5423,1,0.15625
5423,2,0.0625
5423,3,0.125
5423,4,0.203125
5423,5,0.140625
5423,6,0.21875
5423,7,0.3125
5423,8,0.375
5423,9,0.296875
5423,10,0.359375
5423,11,0.28125
5423,12,0.390625
5423,13,0.25
5423,14,0.203125
5423,15,0.296875
5423,16,0.34375
5423,17,0.234375
5423,18,0.296875
5423,19,0.25
5423,20,0.3125
5423,21,0.234375
5423,22,0.328125
5423,23,0.265625
5423,24,0.328125
5423,25,0.25
5423,26,0.21875
5423,27,0.296875
5423,28,0.359375
5423,29,0.3125
5423,30,0.390625
5423,31,0.3125
5423,32,0.390625
5423,33,0.328125
5423,34,0.359375
5423,35,0.296875
5423,36,0.359375
5423,37,0.3125
5423,38,0.375
5423,39,0.296875
5423,40,0.3125
5423,41,0.359375
5423,42,0.3125
5423,43,0.203125
5423,44,0.234375
5423,45,0.265625
5423,46,0.328125
5423,47,0.34375
5423,48,0.1875
5423,49,0.140625
5423,50,0.1875
5423,51,0.25
5423,52,0.125
5423,53,0.1875
5423,54,0.25
5423,55,0.21875
5423,56,0.296875
5423,57,0.390625
5423,58,0.296875
5423,59,0.34375
5423,60,0.265625
5423,61,0.34375
5423,62,0.296875
5423,63,0.234375
5423,64,0.28125
5423,65,0.234375
5423,66,0.234375
5423,67,0.328125
5423,68,0.265625
5423,69,0.328125
5423,70,0.171875
5423,71,0.25
5423,72,0.1875
5423,73,0.203125
5423,74,0.265625
5423,75,0.296875
5423,76,0.265625
5423,77,0.25
5423,78,0.3125
5423,79,0.265625
5423,80,0.234375
5423,81,0.21875
5423,82,0.15625
5423,83,0.296875
5423,84,0.25
5423,85,0.203125
5423,86,0.28125
5423,87,0.25
5423,88,0.1875
5423,89,0.25
5423,90,0.3125
5423,91,0.234375
5423,92,0.296875
5423,93,0.21875
5423,94,0.1875
5423,95,0.265625
5423,96,0.3125
5423,97,0.328125
5423,98,0.28125
5423,99,0.328125
5423,100,0.40625
5423,101,0.5
5424,0,0.078125
5424,1,0.125
5424,2,0.1875
5424,3,0.265625
5424,4,0.171875
5424,5,0.25
5424,6,0.3125
5424,7,0.46875
5424,8,0.40625
5424,9,0.359375
5424,10,0.375
5424,11,0.34375
5424,12,0.234375
5424,13,0.296875
5424,14,0.390625
5424,15,0.3125
5424,16,0.28125
5424,17,0.171875
5424,18,0.21875
5424,19,0.234375
5424,20,0.171875
5424,21,0.328125
5424,22,0.28125
5424,23,0.34375
5424,24,0.390625
5424,25,0.1875
5424,26,0.265625
5424,27,0.296875
5424,28,0.21875
5424,29,0.15625
5424,30,0.203125
5424,31,0.3125
5424,32,0.296875
5424,33,0.234375
5424,34,0.140625
5424,35,0.21875
5424,36,0.265625
5424,37,0.25
5424,38,0.1875
5424,39,0.203125
5424,40,0.21875
5424,41,0.3125
5424,42,0.375
5424,43,0.1875
5424,44,0.28125
5424,45,0.21875
5424,46,0.28125
5424,47,0.359375
5424,48,0.296875
5424,49,0.25
5424,50,0.203125
5424,51,0.21875
5424,52,0.25
5424,53,0.21875
5424,54,0.15625
5424,55,0.1875
5424,56,0.3125
5424,57,0.3125
5424,58,0.359375
5424,59,0.265625
5424,60,0.28125
5424,61,0.234375
5424,62,0.296875
5424,63,0.359375
5424,64,0.375
5424,65,0.3125
5424,66,0.234375
5424,67,0.25
5424,68,0.296875
5424,69,0.359375
5424,70,0.3125
5424,71,0.359375
5424,72,0.28125
5424,73,0.3125
5424,74,0.390625
5424,75,0.390625
5424,76,0.25
5424,77,0.21875
5424,78,0.3125
5424,79,0.265625
5425,0,0.140625
5425,1,0.15625
5425,2,0.078125
5425,3,0.125
5425,4,0.21875
5425,5,0.296875
5425,6,0.484375
5425,7,0.296875
5425,8,0.34375
5425,9,0.296875
5425,10,0.25
5425,11,0.296875
5425,12,0.234375
5425,13,0.25
5425,14,0.3125
5425,15,0.390625
5425,16,0.328125
5425,17,0.234375
5425,18,0.28125
5425,19,0.171875
5425,20,0.25
5425,21,0.375
5425,22,0.1875
5425,23,0.296875
5425,24,0.234375
5425,25,0.21875
5425,26,0.109375
5425,27,0.15625
5425,28,0.203125
5425,29,0.25
5425,30,0.296875
5425,31,0.125
5425,32,0.09375
5425,33,0.140625
5425,34,0.1875
5425,35,0.265625
5425,36,0.15625
5425,37,0.171875
5425,38,0.21875
5425,39,0.25
5425,40,0.359375
5425,41,0.375
5425,42,0.296875
5425,43,0.328125
5425,44,0.265625
5425,45,0.171875
5425,46,0.25
5425,47,0.21875
5425,48,0.21875
5425,49,0.296875
5425,50,0.296875
5425,51,0.1875
5425,52,0.203125
5425,53,0.28125
5425,54,0.203125
5425,55,0.234375
5425,56,0.3125
5425,57,0.25
5425,58,0.328125
5425,59,0.25
5425,60,0.203125
5425,61,0.265625
5425,62,0.328125
5425,63,0.296875
5425,64,0.265625
5425,65,0.34375
5425,66,0.421875
5425,67,0.359375
5425,68,0.296875
5425,69,0.421875
5425,70,0.390625
5425,71,0.359375
5425,72,0.234375
5425,73,0.28125
5425,74,0.328125
5425,75,0.359375
5425,76,0.421875
5425,77,0.265625
5425,78,0.296875
5425,79,0.359375
5425,80,0.28125
5425,81,0.234375
5425,82,0.21875
5425,83,0.28125
5425,84,0.171875
5425,85,0.234375
5425,86,0.296875
5425,87,0.3125
5425,88,0.234375
5425,89,0.15625
5425,90,0.234375
5425,91,0.28125
5425,92,0.390625
5425,93,0.34375
5425,94,0.40625
5425,95,0.296875
5425,96,0.21875
5425,97,0.28125
5425,98,0.328125
5425,99,0.25
5426,0,0.21875
5426,1,0.0625
5426,2,0.125
5426,3,0.171875
5426,4,0.1875
5426,5,0.140625
5426,6,0.234375
5426,7,0.234375
5426,8,0.171875
5426,9,0.15625
5426,10,0.21875
5426,11,0.09375
5426,12,0.15625
5426,13,0.21875
5426,14,0.296875
5426,15,0.28125
5426,16,0.25
5426,17,0.234375
5426,18,0.234375
5426,19,0.1875
5426,20,0.265625
5426,21,0.328125
5426,22,0.375
5426,23,0.390625
5426,24,0.28125
5426,25,0.3125
5426,26,0.359375
5426,27,0.453125
5426,28,0.28125
5426,29,0.328125
5426,30,0.390625
5426,31,0.1875
5426,32,0.25
5426,33,0.28125
5426,34,0.28125
5426,35,0.328125
5426,36,0.390625
5426,37,0.28125
5426,38,0.34375
5426,39,0.296875
5426,40,0.203125
5426,41,0.25
5426,42,0.234375
5426,43,0.375
5426,44,0.296875
5426,45,0.375
5426,46,0.234375
5426,47,0.296875
5426,48,0.234375
5426,49,0.25
5426,50,0.265625
5426,51,0.28125
5426,52,0.28125
5426,53,0.359375
5426,54,0.296875
5426,55,0.25
5426,56,0.296875
5426,57,0.25
5426,58,0.296875
5426,59,0.21875
5426,60,0.3125
5426,61,0.328125
5426,62,0.390625
5426,63,0.28125
5426,64,0.25
5426,65,0.28125
5426,66,0.34375
5426,67,0.3125
5426,68,0.3125
5426,69,0.296875
5426,70,0.28125
5426,71,0.34375
5426,72,0.296875
5426,73,0.234375
5426,74,0.4375
5426,75,0.359375
5426,76,0.3125
5426,77,0.40625
5426,78,0.21875
5426,79,0.21875
5426,80,0.296875
5426,81,0.375
5426,82,0.28125
5427,0,0.171875
5427,1,0.28125
5427,2,0.25
5427,3,0.171875
5427,4,0.46875
5427,5,0.46875
5427,6,0.28125
5427,7,0.34375
5427,8,0.28125
5427,9,0.15625
5427,10,0.21875
5427,11,0.265625
5427,12,0.171875
5427,13,0.234375
5427,14,0.25
5427,15,0.296875
5427,16,0.234375
5427,17,0.3125
5427,18,0.203125
5427,19,0.21875
5427,20,0.265625
5427,21,0.1875
5427,22,0.203125
5427,23,0.15625
5427,24,0.203125
5427,25,0.25
5427,26,0.109375
5427,27,0.171875
5427,28,0.21875
5427,29,0.140625
5427,30,0.1875
5427,31,0.296875
5427,32,0.28125
5427,33,0.21875
5427,34,0.15625
5427,35,0.1875
5427,36,0.1875
5427,37,0.25
5427,38,0.34375
5427,39,0.296875
5427,40,0.328125
5427,41,0.421875
5427,42,0.359375
5427,43,0.3125
5427,44,0.25
5427,45,0.34375
5427,46,0.421875
5427,47,0.328125
5427,48,0.328125
5427,49,0.265625
5427,50,0.421875
5427,51,0.328125
5427,52,0.5
5428,0,0.171875
5428,1,0.109375
5428,2,0.1875
5428,3,0.1875
5428,4,0.265625
5428,5,0.453125
5428,6,0.484375
5428,7,0.40625
5428,8,0.328125
5428,9,0.40625
5428,10,0.34375
5428,11,0.3125
5428,12,0.46875
5428,13,0.546875
5429,0,0.21875
5429,1,0.40625
5429,2,0.34375
5429,3,0.28125
5429,4,0.34375
5429,5,0.28125
5429,6,0.359375
5429,7,0.328125
5429,8,0.34375
5429,9,0.40625
5429,10,0.421875
5429,11,0.390625
5429,12,0.46875
5429,13,0.359375
5429,14,0.578125
5429,15,0.640625
5429,16,0.5625
5429,17,0.375
5429,18,0.53125
5429,19,0.359375
5429,20,0.1875
5429,21,0.234375
5429,22,0.21875
5429,23,0.5
5429,24,0.5625
5429,25,0.46875
5429,26,0.359375
5429,27,0.296875
5429,28,0.359375
5429,29,0.421875
5429,30,0.328125
5429,31,0.421875
5429,32,0.53125
5429,33,0.359375
5429,34,0.359375
5429,35,0.3125
5429,36,0.375
5429,37,0.328125
5429,38,0.34375
5429,39,0.359375
5429,40,0.3125
5429,41,0.40625
5430,0,0.0625
5430,1,0.203125
5430,2,0.15625
5430,3,0.25
5430,4,0.1875
5430,5,0.25
5430,6,0.265625
5430,7,0.203125
5430,8,0.140625
5430,9,0.1875
5430,10,0.15625
5430,11,0.21875
5430,12,0.265625
5430,13,0.171875
5430,14,0.125
5430,15,0.203125
5430,16,0.265625
5430,17,0.21875
5430,18,0.171875
5430,19,0.234375
5430,20,0.296875
5430,21,0.3125
5430,22,0.1875
5430,23,0.109375
5430,24,0.34375
5430,25,0.421875
5430,26,0.484375
5430,27,0.390625
5430,28,0.328125
5430,29,0.296875
5430,30,0.25
5430,31,0.296875
5430,32,0.234375
5430,33,0.296875
5430,34,0.234375
5430,35,0.265625
5430,36,0.3125
5430,37,0.359375
5430,38,0.5
5430,39,0.34375
5430,40,0.28125
5430,41,0.234375
5430,42,0.296875
5430,43,0.3125
5430,44,0.203125
5430,45,0.25
5430,46,0.265625
5430,47,0.296875
5430,48,0.234375
5430,49,0.3125
5430,50,0.234375
5430,51,0.296875
5430,52,0.390625
5430,53,0.328125
5430,54,0.265625
5430,55,0.3125
5430,56,0.25
5430,57,0.328125
5430,58,0.421875
5430,59,0.3125
5430,60,0.359375
5430,61,0.40625
5430,62,0.3125
5431,0,0.21875
5431,1,0.171875
5431,2,0.234375
5431,3,0.265625
5431,4,0.296875
5431,5,0.21875
5431,6,0.296875
5431,7,0.21875
5431,8,0.234375
5431,9,0.15625
5431,10,0.21875
5431,11,0.25
5431,12,0.265625
5431,13,0.21875
5431,14,0.21875
5431,15,0.234375
5431,16,0.15625
5431,17,0.1875
5431,18,0.28125
5431,19,0.203125
5431,20,0.25
5431,21,0.203125
5431,22,0.25
5431,23,0.265625
5431,24,0.171875
5431,25,0.25
5431,26,0.34375
5431,27,0.390625
5431,28,0.4375
5432,0,0.21875
5432,1,0.109375
5432,2,0.15625
5432,3,0.125
5432,4,0.15625
5432,5,0.21875
5432,6,0.28125
5432,7,0.203125
5432,8,0.25
5432,9,0.359375
5432,10,0.28125
5432,11,0.375
5432,12,0.328125
5433,0,0.0625
5433,1,0.078125
5433,2,0.109375
5433,3,0.25
5433,4,0.328125
5433,5,0.234375
5433,6,0.328125
5433,7,0.390625
5433,8,0.5
5433,9,0.453125
5433,10,0.375
5433,11,0.421875
5433,12,0.328125
5433,13,0.28125
5433,14,0.203125
5433,15,0.296875
5433,16,0.328125
5433,17,0.21875
5433,18,0.296875
5433,19,0.234375
5433,20,0.296875
5433,21,0.234375
5433,22,0.328125
5433,23,0.328125
5433,24,0.40625
5433,25,0.484375
5433,26,0.421875
5433,27,0.4375
5433,28,0.5
5433,29,0.421875
5433,30,0.234375
5433,31,0.1875
5433,32,0.21875
5433,33,0.140625
5433,34,0.21875
5433,35,0.28125
5433,36,0.265625
5433,37,0.328125
5433,38,0.40625
5433,39,0.21875
5433,40,0.3125
5433,41,0.421875
5433,42,0.34375
5433,43,0.296875
5433,44,0.375
5433,45,0.3125
5433,46,0.265625
5433,47,0.34375
5433,48,0.234375
5433,49,0.265625
5433,50,0.34375
5433,51,0.375
5433,52,0.28125
5433,53,0.3125
5433,54,0.21875
5433,55,0.15625
5433,56,0.234375
5433,57,0.34375
5433,58,0.40625
5434,0,0.046875
5434,1,0.1875
5434,2,0.125
5434,3,0.140625
5434,4,0.21875
5434,5,0.28125
5434,6,0.296875
5434,7,0.21875
5434,8,0.171875
5434,9,0.234375
5434,10,0.328125
5434,11,0.1875
5434,12,0.421875
5434,13,0.46875
5434,14,0.40625
5434,15,0.421875
5434,16,0.34375
5434,17,0.4375
5434,18,0.4375
5434,19,0.375
5434,20,0.28125
5434,21,0.203125
5434,22,0.21875
5434,23,0.265625
5434,24,0.328125
5434,25,0.359375
5434,26,0.4375
5434,27,0.34375
5434,28,0.3125
5434,29,0.40625
5434,30,0.328125
5434,31,0.375
5434,32,0.3125
5434,33,0.4375
5434,34,0.484375
5434,35,0.546875
5434,36,0.375
5434,37,0.34375
5434,38,0.40625
5434,39,0.328125
5434,40,0.296875
5434,41,0.375
5435,0,0.1875
5435,1,0.125
5435,2,0.140625
5435,3,0.1875
5435,4,0.234375
5435,5,0.34375
5435,6,0.15625
5435,7,0.234375
5435,8,0.3125
5435,9,0.375
5435,10,0.296875
5435,11,0.34375
5435,12,0.28125
5435,13,0.21875
5435,14,0.296875
5435,15,0.359375
5435,16,0.34375
5435,17,0.265625
5435,18,0.34375
5435,19,0.40625
5435,20,0.46875
5435,21,0.3125
5435,22,0.328125
5435,23,0.296875
5435,24,0.359375
5435,25,0.4375
5435,26,0.375
5435,27,0.28125
5435,28,0.21875
5435,29,0.171875
5435,30,0.234375
5435,31,0.25
5435,32,0.15625
5435,33,0.21875
5435,34,0.25
5435,35,0.328125
5435,36,0.265625
5435,37,0.328125
5435,38,0.25
5435,39,0.28125
5435,40,0.21875
5435,41,0.265625
5435,42,0.34375
5435,43,0.421875
5435,44,0.234375
5435,45,0.171875
5435,46,0.234375
5435,47,0.296875
5435,48,0.21875
5435,49,0.28125
5435,50,0.328125
5435,51,0.28125
5435,52,0.390625
5435,53,0.1875
5435,54,0.25
5435,55,0.3125
5435,56,0.25
5435,57,0.3125
5435,58,0.375
5435,59,0.3125
5435,60,0.453125
5435,61,0.359375
5435,62,0.390625
5435,63,0.34375
5435,64,0.390625
5435,65,0.359375
5435,66,0.296875
5435,67,0.25
5435,68,0.328125
5435,69,0.390625
5435,70,0.359375
5435,71,0.40625
5435,72,0.359375
5435,73,0.296875
5435,74,0.265625
5435,75,0.25
5435,76,0.25
5435,77,0.328125
5435,78,0.25
5435,79,0.1875
5435,80,0.25
5435,81,0.234375
5435,82,0.328125
5435,83,0.359375
5435,84,0.25
5435,85,0.1875
5435,86,0.234375
5435,87,0.265625
5435,88,0.21875
5435,89,0.21875
5435,90,0.28125
5435,91,0.21875
5435,92,0.296875
5435,93,0.234375
5435,94,0.21875
5435,95,0.25
5435,96,0.25
5435,97,0.171875
5435,98,0.234375
5435,99,0.328125
5435,100,0.375
5435,101,0.328125
5435,102,0.390625
5435,103,0.328125
5435,104,0.25
5435,105,0.25
5435,106,0.140625
5435,107,0.1875
5435,108,0.203125
5435,109,0.390625
5435,110,0.296875
5435,111,0.484375
5435,112,0.40625
5435,113,0.25
5435,114,0.328125
5435,115,0.375
5435,116,0.296875
5435,117,0.328125
5435,118,0.296875
5435,119,0.375
5435,120,0.28125
5435,121,0.1875
5435,122,0.203125
5435,123,0.296875
5435,124,0.421875
5435,125,0.359375
5435,126,0.296875
5435,127,0.34375
5435,128,0.359375
5435,129,0.28125
5435,130,0.21875
5435,131,0.28125
5435,132,0.296875
5435,133,0.328125
5435,134,0.328125
5435,135,0.265625
5435,136,0.3125
5435,137,0.234375
5435,138,0.296875
5435,139,0.28125
5435,140,0.328125
5435,141,0.25
5435,142,0.296875
5435,143,0.359375
5435,144,0.484375
5435,145,0.3125
5435,146,0.234375
5435,147,0.15625
5435,148,0.21875
5435,149,0.140625
5435,150,0.1875
5435,151,0.234375
5435,152,0.3125
5435,153,0.109375
5435,154,0.1875
5435,155,0.265625
5435,156,0.15625
5435,157,0.21875
5435,158,0.234375
5435,159,0.171875
5435,160,0.21875
5435,161,0.171875
5435,162,0.171875
5435,163,0.34375
5435,164,0.296875
5435,165,0.234375
5435,166,0.203125
5435,167,0.25
5435,168,0.25
5435,169,0.3125
5435,170,0.25
5435,171,0.171875
5435,172,0.203125
5435,173,0.265625
5435,174,0.484375
5435,175,0.40625
5435,176,0.375
5435,177,0.3125
5435,178,0.25
5435,179,0.265625
5435,180,0.203125
5435,181,0.140625
5435,182,0.171875
5435,183,0.265625
5435,184,0.203125
5435,185,0.21875
5435,186,0.4375
5435,187,0.375
5435,188,0.40625
5435,189,0.375
5435,190,0.328125
5435,191,0.265625
5435,192,0.328125
5435,193,0.21875
5435,194,0.265625
5435,195,0.171875
5435,196,0.25
5435,197,0.3125
5435,198,0.25
5435,199,0.140625
5435,200,0.1875
5435,201,0.21875
5435,202,0.1875
5435,203,0.1875
5435,204,0.25
5435,205,0.359375
5435,206,0.3125
5435,207,0.359375
5435,208,0.3125
5435,209,0.25
5435,210,0.296875
5435,211,0.375
5435,212,0.4375
5435,213,0.34375
5435,214,0.3125
5435,215,0.34375
5435,216,0.28125
5435,217,0.25
5435,218,0.328125
5435,219,0.453125
5435,220,0.40625
5435,221,0.34375
5435,222,0.25
5435,223,0.328125
5435,224,0.359375
5435,225,0.40625
5435,226,0.453125
5435,227,0.40625
5435,228,0.484375
5436,0,0.1875
5436,1,0.203125
5436,2,0.234375
5436,3,0.1875
5436,4,0.25
5436,5,0.3125
5436,6,0.296875
5436,7,0.234375
5436,8,0.140625
5436,9,0.15625
5436,10,0.140625
5436,11,0.203125
5436,12,0.109375
5436,13,0.15625
5436,14,0.21875
5436,15,0.171875
5436,16,0.21875
5436,17,0.171875
5436,18,0.234375
5436,19,0.203125
5436,20,0.125
5436,21,0.203125
5436,22,0.265625
5436,23,0.3125
5436,24,0.234375
5436,25,0.203125
5436,26,0.28125
5436,27,0.25
5436,28,0.203125
5436,29,0.265625
5436,30,0.140625
5436,31,0.125
5436,32,0.109375
5436,33,0.0625
5436,34,0.171875
5436,35,0.234375
5436,36,0.3125
5436,37,0.359375
5436,38,0.296875
5436,39,0.28125
5436,40,0.34375
5436,41,0.5
5436,42,0.5625
5436,43,0.28125
5436,44,0.359375
5436,45,0.171875
5436,46,0.21875
5436,47,0.25
5436,48,0.3125
5436,49,0.453125
5436,50,0.40625
5436,51,0.484375
5436,52,0.296875
5436,53,0.359375
5436,54,0.40625
5436,55,0.328125
5436,56,0.1875
5436,57,0.21875
5436,58,0.3125
5436,59,0.296875
5436,60,0.265625
5436,61,0.359375
5436,62,0.296875
5436,63,0.234375
5436,64,0.15625
5436,65,0.125
5436,66,0.265625
5436,67,0.34375
5436,68,0.296875
5436,69,0.375
5436,70,0.25
5436,71,0.34375
5436,72,0.265625
5436,73,0.109375
5436,74,0.203125
5436,75,0.140625
5436,76,0.171875
5436,77,0.21875
5436,78,0.28125
5436,79,0.421875
5436,80,0.515625
5436,81,0.4375
5436,82,0.25
5436,83,0.34375
5436,84,0.375
5436,85,0.3125
5436,86,0.25
5436,87,0.328125
5436,88,0.421875
5436,89,0.203125
5436,90,0.296875
5436,91,0.328125
5436,92,0.390625
5436,93,0.328125
5436,94,0.3125
5436,95,0.375
5436,96,0.15625
5436,97,0.21875
5436,98,0.265625
5436,99,0.21875
5436,100,0.15625
5436,101,0.234375
5436,102,0.3125
5436,103,0.109375
5436,104,0.15625
5436,105,0.15625
5436,106,0.296875
5436,107,0.234375
5436,108,0.140625
5436,109,0.171875
5436,110,0.28125
5436,111,0.328125
5436,112,0.421875
5436,113,0.265625
5436,114,0.328125
5436,115,0.25
5436,116,0.25
5436,117,0.21875
5436,118,0.4375
5436,119,0.328125
5436,120,0.21875
5436,121,0.15625
5436,122,0.09375
5436,123,0.140625
5436,124,0.078125
5436,125,0.234375
5436,126,0.234375
5436,127,0.3125
5436,128,0.203125
5436,129,0.1875
5436,130,0.234375
5436,131,0.1875
5436,132,0.25
5436,133,0.171875
5436,134,0.25
5436,135,0.28125
5436,136,0.25
5436,137,0.328125
5436,138,0.296875
5436,139,0.4375
5436,140,0.5
5436,141,0.546875
5436,142,0.5
5436,143,0.421875
5436,144,0.375
5436,145,0.328125
5436,146,0.25
5436,147,0.296875
5436,148,0.296875
5436,149,0.234375
5436,150,0.296875
5436,151,0.234375
5436,152,0.1875
5436,153,0.25
5436,154,0.296875
5436,155,0.140625
5436,156,0.15625
5436,157,0.234375
5436,158,0.1875
5436,159,0.265625
5436,160,0.109375
5436,161,0.1875
5436,162,0.21875
5436,163,0.171875
5436,164,0.25
5436,165,0.390625
5436,166,0.265625
5436,167,0.171875
5436,168,0.25
5436,169,0.203125
5436,170,0.234375
5436,171,0.34375
5436,172,0.40625
5436,173,0.3125
5436,174,0.3125
5436,175,0.34375
5436,176,0.3125
5436,177,0.25
5436,178,0.328125
5436,179,0.375
5436,180,0.25
5436,181,0.328125
5436,182,0.359375
5436,183,0.296875
5436,184,0.359375
5436,185,0.265625
5436,186,0.328125
5436,187,0.3125
5436,188,0.265625
5436,189,0.328125
5436,190,0.40625
5436,191,0.484375
5436,192,0.3125
5436,193,0.34375
5436,194,0.28125
5436,195,0.34375
5436,196,0.40625
5436,197,0.296875
5436,198,0.359375
5436,199,0.34375
5436,200,0.390625
5436,201,0.421875
5436,202,0.375
5436,203,0.25
5436,204,0.265625
5436,205,0.21875
5436,206,0.25
5436,207,0.296875
5436,208,0.234375
5436,209,0.203125
5436,210,0.140625
5436,211,0.21875
5436,212,0.296875
5436,213,0.171875
5436,214,0.234375
5436,215,0.28125
5436,216,0.21875
5436,217,0.265625
5436,218,0.234375
5436,219,0.34375
5436,220,0.265625
5436,221,0.34375
5436,222,0.296875
5436,223,0.359375
5436,224,0.59375
5436,225,0.421875
5436,226,0.3125
5436,227,0.21875
5436,228,0.265625
5436,229,0.21875
5436,230,0.265625
5436,231,0.203125
5436,232,0.265625
5436,233,0.1875
5436,234,0.234375
5436,235,0.265625
5436,236,0.046875
5436,237,0.1875
5436,238,0.078125
5436,239,0.109375
5436,240,0.03125
5436,241,0.109375
5436,242,0.140625
5436,243,0.296875
5436,244,0.28125
5436,245,0.40625
5436,246,0.296875
5436,247,0.125
5436,248,0.203125
5436,249,0.140625
5436,250,0.09375
5436,251,0.140625
5436,252,0.171875
5436,253,0.15625
5436,254,0.234375
5436,255,0.171875
5436,256,0.265625
5436,257,0.234375
5436,258,0.25
5436,259,0.421875
5436,260,0.453125
5436,261,0.40625
5436,262,0.328125
5436,263,0.4375
5436,264,0.515625
5436,265,0.53125
5436,266,0.46875
5436,267,0.53125
5437,0,0.078125
5437,1,0.140625
5437,2,0.1875
5437,3,0.234375
5437,4,0.328125
5437,5,0.265625
5437,6,0.375
5437,7,0.40625
5437,8,0.296875
5437,9,0.21875
5437,10,0.140625
5437,11,0.125
5437,12,0.1875
5437,13,0.15625
5437,14,0.25
5437,15,0.296875
5437,16,0.296875
5437,17,0.34375
5437,18,0.28125
5437,19,0.359375
5437,20,0.3125
5437,21,0.21875
5437,22,0.25
5437,23,0.34375
5437,24,0.359375
5437,25,0.28125
5437,26,0.21875
5437,27,0.28125
5437,28,0.234375
5437,29,0.34375
5437,30,0.109375
5437,31,0.1875
5437,32,0.25
5437,33,0.1875
5437,34,0.203125
5437,35,0.21875
5437,36,0.34375
5437,37,0.421875
5437,38,0.59375
5437,39,0.390625
5437,40,0.40625
5437,41,0.359375
5437,42,0.28125
5437,43,0.328125
5437,44,0.40625
5437,45,0.515625
5437,46,0.609375
5437,47,0.453125
5437,48,0.53125
5437,49,0.328125
5437,50,0.46875
5437,51,0.421875
5437,52,0.21875
5437,53,0.234375
5437,54,0.296875
5437,55,0.21875
5437,56,0.234375
5437,57,0.171875
5437,58,0.21875
5437,59,0.21875
5437,60,0.25
5437,61,0.3125
5437,62,0.375
5437,63,0.421875
5437,64,0.359375
5437,65,0.296875
5437,66,0.265625
5437,67,0.09375
5437,68,0.140625
5437,69,0.21875
5437,70,0.3125
5437,71,0.21875
5437,72,0.25
5437,73,0.328125
5437,74,0.25
5437,75,0.296875
5437,76,0.25
5437,77,0.3125
5437,78,0.40625
5437,79,0.234375
5437,80,0.296875
5437,81,0.21875
5437,82,0.4375
5437,83,0.359375
5437,84,0.421875
5437,85,0.390625
5437,86,0.40625
5437,87,0.21875
5437,88,0.28125
5437,89,0.203125
5437,90,0.25
5437,91,0.296875
5437,92,0.296875
5437,93,0.34375
5437,94,0.34375
5437,95,0.453125
5437,96,0.375
5437,97,0.4375
5437,98,0.484375
5437,99,0.34375
5437,100,0.421875
5437,101,0.359375
5437,102,0.3125
5437,103,0.40625
5437,104,0.421875
5437,105,0.5
5437,106,0.421875
5437,107,0.359375
5437,108,0.40625
5437,109,0.453125
5437,110,0.390625
5438,0,0.171875
5438,1,0.359375
5438,2,0.296875
5438,3,0.21875
5438,4,0.265625
5438,5,0.21875
5438,6,0.296875
5438,7,0.234375
5438,8,0.3125
5438,9,0.390625
5438,10,0.296875
5438,11,0.234375
5438,12,0.390625
5438,13,0.3125
5438,14,0.265625
5438,15,0.328125
5438,16,0.265625
5438,17,0.21875
5438,18,0.1875
5438,19,0.34375
5438,20,0.28125
5438,21,0.3125
5438,22,0.390625
5438,23,0.328125
5438,24,0.296875
5438,25,0.4375
5438,26,0.296875
5438,27,0.359375
5438,28,0.28125
5438,29,0.296875
5438,30,0.234375
5438,31,0.296875
5438,32,0.25
5438,33,0.4375
5438,34,0.5
5438,35,0.4375
5438,36,0.5
5438,37,0.4375
5438,38,0.421875
5438,39,0.484375
5438,40,0.375
5438,41,0.328125
5438,42,0.234375
5438,43,0.25
5438,44,0.234375
5438,45,0.390625
5438,46,0.4375
5438,47,0.328125
5438,48,0.28125
5438,49,0.328125
5438,50,0.171875
5438,51,0.34375
5438,52,0.421875
5438,53,0.328125
5438,54,0.265625
5438,55,0.34375
5438,56,0.390625
5438,57,0.203125
5438,58,0.125
5438,59,0.234375
5438,60,0.359375
5438,61,0.296875
5438,62,0.40625
5438,63,0.484375
5438,64,0.171875
5438,65,0.3125
5438,66,0.375
5438,67,0.28125
5438,68,0.21875
5438,69,0.28125
5438,70,0.359375
5438,71,0.3125
5438,72,0.15625
5438,73,0.25
5438,74,0.15625
5438,75,0.234375
5438,76,0.203125
5438,77,0.140625
5438,78,0.1875
5438,79,0.234375
5438,80,0.328125
5438,81,0.296875
5438,82,0.296875
5438,83,0.1875
5438,84,0.109375
5438,85,0.171875
5438,86,0.0625
5438,87,0.0625
5438,88,0.125
5438,89,0.1875
5438,90,0.265625
5438,91,0.21875
5438,92,0.171875
5438,93,0.28125
5438,94,0.203125
5438,95,0.296875
5438,96,0.1875
5438,97,0.21875
5438,98,0.28125
5438,99,0.359375
5438,100,0.421875
5438,101,0.375
5438,102,0.296875
5438,103,0.359375
5438,104,0.421875
5438,105,0.296875
5438,106,0.203125
5438,107,0.15625
5438,108,0.203125
5438,109,0.265625
5438,110,0.1875
5438,111,0.25
5438,112,0.25
5438,113,0.203125
5438,114,0.15625
5438,115,0.140625
5438,116,0.265625
5438,117,0.390625
5438,118,0.484375
5438,119,0.359375
5438,120,0.34375
5438,121,0.234375
5438,122,0.28125
5438,123,0.296875
5438,124,0.21875
5438,125,0.375
5438,126,0.46875
5438,127,0.515625
5438,128,0.46875
5438,129,0.34375
5438,130,0.40625
5438,131,0.34375
5438,132,0.421875
5438,133,0.390625
5438,134,0.609375
5438,135,0.640625
5438,136,0.4375
5438,137,0.375
5438,138,0.40625
5438,139,0.34375
5438,140,0.359375
5438,141,0.359375
5438,142,0.421875
5438,143,0.34375
5438,144,0.421875
5438,145,0.46875
5438,146,0.5
5438,147,0.390625
5439,0,0.203125
5439,1,0.390625
5439,2,0.328125
5439,3,0.34375
5439,4,0.40625
5439,5,0.453125
5439,6,0.515625
5439,7,0.421875
5439,8,0.328125
5439,9,0.265625
5439,10,0.328125
5439,11,0.296875
5439,12,0.375
5439,13,0.421875
5439,14,0.359375
5439,15,0.390625
5439,16,0.484375
5439,17,0.3125
5439,18,0.3125
5439,19,0.25
5439,20,0.171875
5439,21,0.28125
5439,22,0.265625
5439,23,0.28125
5439,24,0.296875
5439,25,0.265625
5439,26,0.28125
5439,27,0.4375
5439,28,0.28125
5439,29,0.296875
5439,30,0.234375
5439,31,0.265625
5439,32,0.328125
5439,33,0.265625
5439,34,0.328125
5439,35,0.265625
5439,36,0.359375
5439,37,0.28125
5439,38,0.375
5440,0,0.140625
5440,1,0.203125
5440,2,0.140625
5440,3,0.09375
5440,4,0.1875
5440,5,0.25
5440,6,0.1875
5440,7,0.21875
5440,8,0.28125
5440,9,0.34375
5440,10,0.234375
5440,11,0.140625
5440,12,0.203125
5440,13,0.234375
5440,14,0.296875
5440,15,0.359375
5440,16,0.4375
5440,17,0.359375
5440,18,0.28125
5440,19,0.21875
5440,20,0.3125
5440,21,0.359375
5440,22,0.3125
5440,23,0.25
5440,24,0.328125
5440,25,0.15625
5440,26,0.09375
5440,27,0.203125
5440,28,0.265625
5440,29,0.359375
5440,30,0.296875
5440,31,0.21875
5440,32,0.25
5440,33,0.296875
5440,34,0.234375
5440,35,0.203125
5440,36,0.359375
5440,37,0.34375
5440,38,0.359375
5440,39,0.421875
5440,40,0.390625
5440,41,0.171875
5440,42,0.1875
5440,43,0.15625
5440,44,0.21875
5440,45,0.140625
5440,46,0.171875
5440,47,0.328125
5440,48,0.28125
5440,49,0.234375
5440,50,0.28125
5440,51,0.34375
5440,52,0.40625
5440,53,0.296875
5440,54,0.25
5440,55,0.234375
5440,56,0.296875
5440,57,0.296875
5440,58,0.25
5440,59,0.203125
5440,60,0.234375
5440,61,0.265625
5440,62,0.171875
5440,63,0.203125
5440,64,0.3125
5440,65,0.265625
5440,66,0.21875
5440,67,0.265625
5440,68,0.203125
5440,69,0.265625
5440,70,0.296875
5440,71,0.359375
5440,72,0.4375
5440,73,0.34375
5440,74,0.25
5440,75,0.359375
5440,76,0.328125
5440,77,0.390625
5441,0,0.1875
5441,1,0.21875
5441,2,0.359375
5441,3,0.3125
5441,4,0.21875
5441,5,0.25
5441,6,0.34375
5441,7,0.390625
5441,8,0.328125
5441,9,0.28125
5441,10,0.359375
5441,11,0.25
5441,12,0.203125
5441,13,0.25
5441,14,0.171875
5441,15,0.21875
5441,16,0.25
5441,17,0.21875
5441,18,0.15625
5441,19,0.21875
5441,20,0.25
5441,21,0.234375
5441,22,0.171875
5441,23,0.1875
5441,24,0.234375
5441,25,0.25
5441,26,0.1875
5441,27,0.171875
5441,28,0.296875
5441,29,0.234375
5441,30,0.234375
5441,31,0.3125
5441,32,0.375
5441,33,0.296875
5441,34,0.203125
5441,35,0.25
5441,36,0.34375
5441,37,0.4375
5441,38,0.375
5441,39,0.4375
5441,40,0.3125
5441,41,0.265625
5441,42,0.21875
5441,43,0.296875
5441,44,0.203125
5441,45,0.296875
5441,46,0.1875
5441,47,0.25
5441,48,0.40625
5441,49,0.40625
5441,50,0.140625
5441,51,0.203125
5441,52,0.171875
5441,53,0.25
5441,54,0.5
5441,55,0.40625
5441,56,0.484375
5441,57,0.421875
5441,58,0.34375
5441,59,0.25
5441,60,0.203125
5441,61,0.25
5441,62,0.1875
5441,63,0.25
5441,64,0.171875
5441,65,0.234375
5441,66,0.203125
5441,67,0.28125
5441,68,0.25
5441,69,0.203125
5441,70,0.3125
5441,71,0.21875
5441,72,0.28125
5441,73,0.28125
5441,74,0.203125
5441,75,0.203125
5441,76,0.28125
5441,77,0.296875
5441,78,0.34375
5441,79,0.265625
5441,80,0.34375
5441,81,0.25
5441,82,0.21875
5441,83,0.28125
5441,84,0.359375
5441,85,0.421875
5441,86,0.34375
5441,87,0.28125
5441,88,0.34375
5441,89,0.265625
5441,90,0.34375
5441,91,0.40625
5441,92,0.296875
5441,93,0.34375
5441,94,0.421875
5441,95,0.484375
5441,96,0.578125
5441,97,0.5
5441,98,0.4375
5441,99,0.375
5441,100,0.421875
5441,101,0.296875
5441,102,0.359375
5441,103,0.4375
5441,104,0.234375
5441,105,0.25
5441,106,0.21875
5441,107,0.203125
5441,108,0.265625
5441,109,0.3125
5441,110,0.375
5441,111,0.328125
5441,112,0.375
5441,113,0.421875
5441,114,0.359375
5441,115,0.46875
5441,116,0.265625
5441,117,0.34375
5441,118,0.265625
5441,119,0.3125
5441,120,0.421875
5441,121,0.5
5441,122,0.453125
5441,123,0.28125
5441,124,0.203125
5441,125,0.171875
5441,126,0.203125
5441,127,0.296875
5441,128,0.28125
5441,129,0.21875
5441,130,0.09375
5441,131,0.171875
5441,132,0.203125
5441,133,0.234375
5441,134,0.3125
5441,135,0.234375
5441,136,0.328125
5441,137,0.375
5441,138,0.34375
5441,139,0.328125
5441,140,0.265625
5441,141,0.34375
5441,142,0.296875
5441,143,0.234375
5441,144,0.171875
5441,145,0.234375
5441,146,0.1875
5441,147,0.15625
5441,148,0.234375
5441,149,0.234375
5441,150,0.25
5441,151,0.28125
5441,152,0.25
5441,153,0.34375
5441,154,0.390625
5441,155,0.21875
5441,156,0.296875
5441,157,0.3125
5441,158,0.359375
5441,159,0.28125
5441,160,0.328125
5441,161,0.34375
5441,162,0.28125
5441,163,0.34375
5441,164,0.25
5441,165,0.296875
5441,166,0.234375
5441,167,0.28125
5441,168,0.34375
5441,169,0.25
5441,170,0.25
5441,171,0.3125
5441,172,0.203125
5441,173,0.265625
5441,174,0.3125
5441,175,0.359375
5441,176,0.40625
5441,177,0.359375
5441,178,0.296875
5441,179,0.3125
5441,180,0.25
5441,181,0.28125
5441,182,0.1875
5441,183,0.296875
5441,184,0.296875
5441,185,0.15625
5441,186,0.203125
5441,187,0.28125
5441,188,0.21875
5441,189,0.265625
5441,190,0.328125
5441,191,0.359375
5441,192,0.296875
5441,193,0.359375
5441,194,0.28125
5441,195,0.21875
5441,196,0.28125
5441,197,0.21875
5441,198,0.296875
5441,199,0.203125
5441,200,0.21875
5441,201,0.171875
5441,202,0.203125
5441,203,0.28125
5441,204,0.234375
5441,205,0.296875
5441,206,0.25
5441,207,0.328125
5441,208,0.359375
5442,0,0.171875
5442,1,0.1875
5442,2,0.265625
5442,3,0.203125
5442,4,0.1875
5442,5,0.25
5442,6,0.203125
5442,7,0.25
5442,8,0.3125
5442,9,0.203125
5442,10,0.265625
5442,11,0.21875
5442,12,0.296875
5442,13,0.140625
5442,14,0.1875
5442,15,0.171875
5442,16,0.296875
5442,17,0.234375
5442,18,0.1875
5442,19,0.28125
5442,20,0.203125
5442,21,0.171875
5442,22,0.078125
5442,23,0.140625
5442,24,0.203125
5442,25,0.171875
5442,26,0.234375
5442,27,0.078125
5442,28,0.140625
5442,29,0.171875
5442,30,0.1875
5442,31,0.25
5442,32,0.171875
5442,33,0.21875
5442,34,0.15625
5442,35,0.21875
5442,36,0.28125
5442,37,0.203125
5442,38,0.28125
5442,39,0.1875
5442,40,0.234375
5442,41,0.265625
5442,42,0.21875
5442,43,0.234375
5442,44,0.28125
5442,45,0.234375
5442,46,0.140625
5442,47,0.1875
5442,48,0.21875
5442,49,0.25
5442,50,0.1875
5442,51,0.25
5442,52,0.296875
5442,53,0.40625
5442,54,0.359375
5442,55,0.296875
5442,56,0.234375
5442,57,0.28125
5442,58,0.359375
5442,59,0.328125
5442,60,0.4375
5442,61,0.34375
5442,62,0.328125
5442,63,0.390625
5442,64,0.453125
5442,65,0.5
5442,66,0.46875
5443,0,0.234375
5443,1,0.03125
5443,2,0.09375
5443,3,0.171875
5443,4,0.140625
5443,5,0.203125
5443,6,0.21875
5443,7,0.15625
5443,8,0.21875
5443,9,0.28125
5443,10,0.34375
5443,11,0.421875
5443,12,0.5
5443,13,0.609375
5443,14,0.390625
5443,15,0.484375
5443,16,0.390625
5443,17,0.359375
5443,18,0.21875
5443,19,0.140625
5443,20,0.078125
5443,21,0.25
5443,22,0.171875
5443,23,0.234375
5443,24,0.296875
5443,25,0.375
5443,26,0.1875
5443,27,0.265625
5443,28,0.296875
5443,29,0.234375
5443,30,0.328125
5443,31,0.484375
5443,32,0.4375
5443,33,0.15625
5443,34,0.171875
5443,35,0.203125
5443,36,0.125
5443,37,0.203125
5443,38,0.21875
5443,39,0.265625
5443,40,0.15625
5443,41,0.21875
5443,42,0.28125
5443,43,0.328125
5443,44,0.28125
5443,45,0.34375
5443,46,0.28125
5443,47,0.34375
5443,48,0.265625
5443,49,0.28125
5443,50,0.421875
5443,51,0.453125
5443,52,0.53125
5443,53,0.453125
5443,54,0.375
5443,55,0.296875
5443,56,0.1875
5443,57,0.265625
5443,58,0.1875
5443,59,0.234375
5443,60,0.140625
5443,61,0.1875
5443,62,0.203125
5443,63,0.28125
5443,64,0.171875
5443,65,0.109375
5443,66,0.203125
5443,67,0.265625
5443,68,0.21875
5443,69,0.28125
5443,70,0.21875
5443,71,0.265625
5443,72,0.3125
5443,73,0.296875
5443,74,0.234375
5443,75,0.28125
5443,76,0.34375
5443,77,0.234375
5443,78,0.34375
5443,79,0.265625
5443,80,0.1875
5443,81,0.203125
5443,82,0.15625
5443,83,0.15625
5443,84,0.171875
5443,85,0.234375
5443,86,0.171875
5443,87,0.234375
5443,88,0.15625
5443,89,0.140625
5443,90,0.171875
5443,91,0.25
5443,92,0.171875
5443,93,0.21875
5443,94,0.296875
5443,95,0.4375
5443,96,0.328125
5443,97,0.296875
5443,98,0.25
5443,99,0.328125
5443,100,0.25
5443,101,0.3125
5443,102,0.375
5443,103,0.265625
5443,104,0.1875
5443,105,0.140625
5443,106,0.234375
5443,107,0.28125
5443,108,0.375
5443,109,0.296875
5443,110,0.390625
5443,111,0.203125
5443,112,0.15625
5443,113,0.1875
5443,114,0.234375
5443,115,0.203125
5443,116,0.34375
5443,117,0.28125
5443,118,0.1875
5443,119,0.265625
5443,120,0.171875
5443,121,0.28125
5443,122,0.34375
5443,123,0.21875
5443,124,0.25
5443,125,0.296875
5443,126,0.296875
5443,127,0.34375
5443,128,0.296875
5443,129,0.296875
5443,130,0.46875
5443,131,0.375
5443,132,0.4375
5443,133,0.515625
5443,134,0.34375
5443,135,0.28125
5443,136,0.328125
5443,137,0.265625
5443,138,0.296875
5443,139,0.234375
5443,140,0.171875
5443,141,0.234375
5443,142,0.28125
5443,143,0.21875
5443,144,0.296875
5443,145,0.21875
5443,146,0.28125
5443,147,0.34375
5443,148,0.453125
5443,149,0.375
5443,150,0.375
5443,151,0.21875
5443,152,0.125
5443,153,0.1875
5443,154,0.265625
5443,155,0.1875
5443,156,0.28125
5443,157,0.1875
5443,158,0.234375
5443,159,0.234375
5443,160,0.25
5443,161,0.3125
5443,162,0.28125
5443,163,0.1875
5443,164,0.25
5443,165,0.1875
5443,166,0.25
5443,167,0.21875
5443,168,0.28125
5443,169,0.1875
5443,170,0.25
5443,171,0.203125
5443,172,0.25
5443,173,0.40625
5443,174,0.328125
5443,175,0.265625
5443,176,0.28125
5443,177,0.234375
5443,178,0.28125
5443,179,0.328125
5443,180,0.25
5443,181,0.3125
5443,182,0.328125
5443,183,0.265625
5443,184,0.328125
5443,185,0.40625
5443,186,0.40625
5444,0,0.03125
5444,1,0.078125
5444,2,0.125
5444,3,0.203125
5444,4,0.140625
5444,5,0.171875
5444,6,0.203125
5444,7,0.25
5444,8,0.21875
5444,9,0.140625
5444,10,0.1875
5444,11,0.265625
5444,12,0.234375
5444,13,0.140625
5444,14,0.15625
5444,15,0.25
5444,16,0.171875
5444,17,0.296875
5444,18,0.359375
5444,19,0.171875
5444,20,0.234375
5444,21,0.296875
5444,22,0.234375
5444,23,0.296875
5444,24,0.234375
5444,25,0.296875
5444,26,0.375
5444,27,0.40625
5444,28,0.3125
5444,29,0.234375
5444,30,0.265625
5444,31,0.3125
5444,32,0.28125
5444,33,0.296875
5444,34,0.265625
5444,35,0.28125
5444,36,0.34375
5444,37,0.203125
5444,38,0.21875
5444,39,0.15625
5444,40,0.203125
5444,41,0.25
5444,42,0.1875
5444,43,0.234375
5444,44,0.1875
5444,45,0.234375
5444,46,0.28125
5444,47,0.21875
5444,48,0.296875
5444,49,0.234375
5444,50,0.3125
5444,51,0.15625
5444,52,0.203125
5444,53,0.28125
5444,54,0.5
5444,55,0.453125
5444,56,0.40625
5444,57,0.375
5444,58,0.453125
5444,59,0.40625
5444,60,0.34375
5444,61,0.25
5444,62,0.21875
5444,63,0.296875
5444,64,0.40625
5444,65,0.34375
5444,66,0.40625
5444,67,0.453125
5445,0,0.1875
5445,1,0.28125
5445,2,0.234375
5445,3,0.3125
5445,4,0.359375
5445,5,0.28125
5445,6,0.1875
5445,7,0.25
5445,8,0.328125
5445,9,0.265625
5445,10,0.21875
5445,11,0.3125
5445,12,0.25
5445,13,0.3125
5445,14,0.359375
5445,15,0.5625
5446,0,0.296875
5446,1,0.125
5446,2,0.15625
5446,3,0.234375
5446,4,0.171875
5446,5,0.125
5446,6,0.140625
5446,7,0.09375
5446,8,0.15625
5446,9,0.1875
5446,10,0.296875
5446,11,0.34375
5446,12,0.28125
5446,13,0.359375
5446,14,0.453125
5446,15,0.390625
5446,16,0.5
5446,17,0.34375
5446,18,0.359375
5446,19,0.4375
5446,20,0.5
5446,21,0.4375
5446,22,0.5
5446,23,0.40625
5446,24,0.3125
5446,25,0.328125
5446,26,0.359375
5446,27,0.34375
5446,28,0.375
5446,29,0.421875
5446,30,0.375
5446,31,0.3125
5446,32,0.21875
5446,33,0.171875
5446,34,0.234375
5446,35,0.296875
5446,36,0.390625
5447,0,0.203125
5447,1,0.109375
5447,2,0.171875
5447,3,0.25
5447,4,0.328125
5447,5,0.40625
5447,6,0.375
5447,7,0.40625
5447,8,0.359375
5447,9,0.3125
5447,10,0.375
5447,11,0.4375
5447,12,0.359375
5447,13,0.3125
5447,14,0.265625
5447,15,0.078125
5447,16,0.171875
5447,17,0.25
5447,18,0.328125
5447,19,0.25
5447,20,0.265625
5447,21,0.34375
5447,22,0.375
5447,23,0.390625
5447,24,0.34375
5447,25,0.234375
5447,26,0.234375
5447,27,0.15625
5447,28,0.234375
5447,29,0.140625
5447,30,0.1875
5447,31,0.140625
5447,32,0.1875
5447,33,0.234375
5447,34,0.1875
5447,35,0.1875
5447,36,0.28125
5447,37,0.375
5447,38,0.296875
5447,39,0.296875
5447,40,0.265625
5447,41,0.328125
5447,42,0.453125
5447,43,0.265625
5447,44,0.328125
5447,45,0.234375
5447,46,0.328125
5447,47,0.3125
5447,48,0.359375
5447,49,0.296875
5447,50,0.390625
5447,51,0.484375
5447,52,0.265625
5447,53,0.296875
5447,54,0.25
5447,55,0.203125
5447,56,0.15625
5447,57,0.203125
5447,58,0.234375
5447,59,0.21875
5447,60,0.28125
5447,61,0.3125
5447,62,0.234375
5447,63,0.171875
5447,64,0.234375
5447,65,0.296875
5447,66,0.359375
5447,67,0.3125
5447,68,0.21875
5447,69,0.359375
5447,70,0.3125
5447,71,0.375
5447,72,0.28125
5447,73,0.265625
5447,74,0.1875
5447,75,0.25
5447,76,0.3125
5447,77,0.234375
5447,78,0.28125
5447,79,0.375
5447,80,0.328125
5447,81,0.140625
5447,82,0.203125
5447,83,0.265625
5447,84,0.296875
5447,85,0.25
5447,86,0.3125
5447,87,0.25
5447,88,0.328125
5447,89,0.359375
5447,90,0.25
5447,91,0.203125
5447,92,0.25
5447,93,0.34375
5447,94,0.28125
5447,95,0.234375
5447,96,0.28125
5447,97,0.28125
5447,98,0.328125
5447,99,0.265625
5447,100,0.265625
5447,101,0.171875
5447,102,0.265625
5447,103,0.09375
5447,104,0.234375
5447,105,0.140625
5447,106,0.203125
5447,107,0.140625
5447,108,0.25
5447,109,0.203125
5447,110,0.125
5447,111,0.1875
5447,112,0.109375
5447,113,0.15625
5447,114,0.21875
5447,115,0.265625
5447,116,0.203125
5447,117,0.21875
5447,118,0.421875
5447,119,0.34375
5447,120,0.328125
5447,121,0.265625
5447,122,0.34375
5447,123,0.484375
5448,0,0.171875
5448,1,0.09375
5448,2,0.171875
5448,3,0.21875
5448,4,0.296875
5448,5,0.265625
5448,6,0.203125
5448,7,0.234375
5448,8,0.296875
5448,9,0.234375
5448,10,0.28125
5448,11,0.21875
5448,12,0.265625
5448,13,0.203125
5448,14,0.265625
5448,15,0.390625
5448,16,0.1875
5448,17,0.25
5448,18,0.28125
5448,19,0.328125
5448,20,0.25
5448,21,0.1875
5448,22,0.34375
5448,23,0.359375
5448,24,0.4375
5449,0,0.1875
5449,1,0.25
5449,2,0.28125
5449,3,0.203125
5449,4,0.28125
5449,5,0.328125
5449,6,0.234375
5449,7,0.234375
5449,8,0.265625
5449,9,0.421875
5449,10,0.390625
5449,11,0.34375
5449,12,0.390625
5449,13,0.203125
5449,14,0.21875
5449,15,0.28125
5449,16,0.3125
5449,17,0.265625
5449,18,0.296875
5449,19,0.234375
5449,20,0.28125
5449,21,0.359375
5449,22,0.296875
5449,23,0.4375
5449,24,0.359375
5449,25,0.40625
5449,26,0.296875
5449,27,0.328125
5449,28,0.390625
5449,29,0.328125
5449,30,0.25
5449,31,0.28125
5449,32,0.265625
5449,33,0.34375
5449,34,0.28125
5449,35,0.234375
5449,36,0.15625
5449,37,0.21875
5449,38,0.203125
5449,39,0.125
5449,40,0.1875
5449,41,0.125
5449,42,0.171875
5449,43,0.1875
5449,44,0.234375
5449,45,0.15625
5449,46,0.390625
5449,47,0.1875
5449,48,0.203125
5449,49,0.265625
5449,50,0.28125
5449,51,0.203125
5449,52,0.21875
5449,53,0.203125
5449,54,0.3125
5449,55,0.21875
5449,56,0.203125
5449,57,0.34375
5449,58,0.171875
5449,59,0.265625
5449,60,0.203125
5449,61,0.234375
5449,62,0.203125
5449,63,0.25
5449,64,0.234375
5449,65,0.3125
5449,66,0.359375
5449,67,0.3125
5449,68,0.296875
5449,69,0.3125
5449,70,0.3125
5449,71,0.34375
5449,72,0.3125
5449,73,0.40625
5449,74,0.421875
5449,75,0.359375
5449,76,0.421875
5449,77,0.34375
5449,78,0.1875
5449,79,0.265625
5449,80,0.296875
5449,81,0.359375
5449,82,0.578125
5449,83,0.609375
5450,0,0.171875
5450,1,0.078125
5450,2,0.140625
5450,3,0.1875
5450,4,0.25
5450,5,0.265625
5450,6,0.25
5450,7,0.3125
5450,8,0.15625
5450,9,0.203125
5450,10,0.140625
5450,11,0.1875
5450,12,0.125
5450,13,0.1875
5450,14,0.234375
5450,15,0.15625
5450,16,0.265625
5450,17,0.3125
5450,18,0.234375
5450,19,0.21875
5450,20,0.171875
5450,21,0.234375
5450,22,0.296875
5450,23,0.28125
5450,24,0.453125
5450,25,0.359375
5450,26,0.203125
5450,27,0.296875
5450,28,0.46875
5450,29,0.421875
5450,30,0.25
5450,31,0.265625
5450,32,0.328125
5450,33,0.34375
5450,34,0.40625
5450,35,0.5
5450,36,0.421875
5450,37,0.28125
5450,38,0.3125
5450,39,0.328125
5450,40,0.34375
5450,41,0.359375
5450,42,0.3125
5450,43,0.203125
5450,44,0.28125
5450,45,0.234375
5450,46,0.171875
5450,47,0.21875
5450,48,0.234375
5450,49,0.140625
5450,50,0.25
5450,51,0.171875
5450,52,0.109375
5450,53,0.140625
5450,54,0.171875
5450,55,0.25
5450,56,0.25
5450,57,0.296875
5450,58,0.21875
5450,59,0.3125
5450,60,0.234375
5450,61,0.203125
5450,62,0.21875
5450,63,0.359375
5450,64,0.3125
5450,65,0.296875
5450,66,0.234375
5450,67,0.3125
5450,68,0.265625
5450,69,0.203125
5450,70,0.15625
5450,71,0.203125
5450,72,0.25
5450,73,0.296875
5450,74,0.1875
5450,75,0.265625
5450,76,0.25
5450,77,0.15625
5450,78,0.203125
5450,79,0.3125
5450,80,0.25
5450,81,0.1875
5450,82,0.140625
5450,83,0.171875
5450,84,0.21875
5450,85,0.265625
5450,86,0.21875
5450,87,0.25
5450,88,0.265625
5450,89,0.203125
5450,90,0.3125
5450,91,0.40625
5450,92,0.296875
5450,93,0.265625
5450,94,0.21875
5450,95,0.265625
5450,96,0.234375
5450,97,0.3125
5450,98,0.125
5450,99,0.171875
5450,100,0.234375
5450,101,0.265625
5450,102,0.234375
5450,103,0.21875
5450,104,0.265625
5450,105,0.203125
5450,106,0.234375
5450,107,0.265625
5450,108,0.328125
5450,109,0.359375
5450,110,0.296875
5450,111,0.234375
5450,112,0.328125
5450,113,0.296875
5450,114,0.203125
5450,115,0.15625
5450,116,0.125
5450,117,0.203125
5450,118,0.21875
5450,119,0.21875
5450,120,0.1875
5450,121,0.25
5450,122,0.359375
5450,123,0.265625
5450,124,0.296875
5450,125,0.34375
5450,126,0.34375
5450,127,0.25
5450,128,0.171875
5450,129,0.234375
5450,130,0.296875
5450,131,0.21875
5450,132,0.234375
5450,133,0.296875
5450,134,0.28125
5450,135,0.234375
5450,136,0.25
5450,137,0.1875
5450,138,0.34375
5450,139,0.265625
5450,140,0.203125
5450,141,0.25
5450,142,0.28125
5450,143,0.34375
5450,144,0.25
5450,145,0.1875
5450,146,0.140625
5450,147,0.171875
5450,148,0.25
5450,149,0.3125
5450,150,0.203125
5450,151,0.203125
5450,152,0.25
5450,153,0.328125
5450,154,0.34375
5450,155,0.40625
5450,156,0.46875
5450,157,0.359375
5450,158,0.421875
5451,0,0.078125
5451,1,0.140625
5451,2,0.203125
5451,3,0.21875
5451,4,0.328125
5451,5,0.140625
5451,6,0.21875
5451,7,0.15625
5451,8,0.25
5451,9,0.328125
5451,10,0.25
5451,11,0.265625
5451,12,0.34375
5451,13,0.1875
5451,14,0.234375
5451,15,0.28125
5451,16,0.109375
5451,17,0.1875
5451,18,0.1875
5451,19,0.234375
5451,20,0.296875
5451,21,0.265625
5451,22,0.359375
5451,23,0.453125
5452,0,0.078125
5452,1,0.234375
5452,2,0.3125
5452,3,0.125
5452,4,0.25
5452,5,0.15625
5452,6,0.21875
5452,7,0.359375
5452,8,0.4375
5453,0,0.109375
5453,1,0.171875
5453,2,0.234375
5453,3,0.171875
5453,4,0.203125
5453,5,0.265625
5453,6,0.3125
5453,7,0.421875
5453,8,0.34375
5453,9,0.40625
5453,10,0.328125
5453,11,0.28125
5453,12,0.21875
5453,13,0.25
5453,14,0.265625
5453,15,0.203125
5453,16,0.265625
5454,0,0.234375
5454,1,0.125
5454,2,0.15625
5454,3,0.234375
5454,4,0.1875
5454,5,0.359375
5454,6,0.46875
5454,7,0.28125
5454,8,0.234375
5454,9,0.296875
5454,10,0.296875
5454,11,0.21875
5454,12,0.296875
5454,13,0.234375
5454,14,0.171875
5454,15,0.171875
5454,16,0.21875
5454,17,0.203125
5454,18,0.140625
5454,19,0.234375
5454,20,0.3125
5454,21,0.359375
5454,22,0.28125
5454,23,0.328125
5454,24,0.28125
5454,25,0.21875
5454,26,0.375
5454,27,0.3125
5454,28,0.265625
5454,29,0.203125
5454,30,0.109375
5454,31,0.171875
5454,32,0.125
5454,33,0.1875
5454,34,0.1875
5454,35,0.25
5454,36,0.171875
5454,37,0.171875
5454,38,0.203125
5454,39,0.328125
5454,40,0.265625
5454,41,0.328125
5454,42,0.359375
5454,43,0.203125
5454,44,0.25
5454,45,0.296875
5454,46,0.359375
5454,47,0.3125
5454,48,0.484375
5454,49,0.328125
5454,50,0.296875
5454,51,0.390625
5454,52,0.328125
5454,53,0.390625
5454,54,0.1875
5454,55,0.359375
5454,56,0.421875
5454,57,0.3125
5454,58,0.34375
5454,59,0.265625
5454,60,0.203125
5454,61,0.28125
5454,62,0.21875
5454,63,0.375
5455,0,0.1875
5455,1,0.09375
5455,2,0.140625
5455,3,0.203125
5455,4,0.3125
5455,5,0.296875
5455,6,0.21875
5455,7,0.296875
5455,8,0.4375
5455,9,0.40625
5455,10,0.328125
5455,11,0.25
5455,12,0.390625
5455,13,0.328125
5455,14,0.375
5455,15,0.3125
5455,16,0.21875
5455,17,0.28125
5455,18,0.171875
5455,19,0.234375
5455,20,0.3125
5455,21,0.265625
5455,22,0.3125
5455,23,0.3125
5455,24,0.328125
5455,25,0.390625
5455,26,0.34375
5455,27,0.375
5455,28,0.296875
5455,29,0.375
5455,30,0.3125
5455,31,0.34375
5455,32,0.3125
5455,33,0.375
5455,34,0.34375
5455,35,0.296875
5455,36,0.375
5455,37,0.421875
5455,38,0.328125
5455,39,0.296875
5455,40,0.375
5455,41,0.3125
5455,42,0.375
5455,43,0.359375
5455,44,0.203125
5455,45,0.234375
5455,46,0.3125
5455,47,0.25
5455,48,0.3125
5455,49,0.375
5455,50,0.1875
5455,51,0.25
5455,52,0.3125
5455,53,0.21875
5455,54,0.171875
5455,55,0.203125
5455,56,0.15625
5455,57,0.21875
5455,58,0.28125
5455,59,0.25
5455,60,0.1875
5455,61,0.28125
5456,0,0.09375
5456,1,0.140625
5456,2,0.125
5456,3,0.15625
5456,4,0.046875
5456,5,0.171875
5456,6,0.15625
5456,7,0.171875
5456,8,0.15625
5456,9,0.234375
5456,10,0.109375
5456,11,0.140625
5456,12,0.234375
5456,13,0.1875
5456,14,0.234375
5456,15,0.171875
5456,16,0.328125
5456,17,0.25
5456,18,0.21875
5456,19,0.265625
5456,20,0.203125
5456,21,0.28125
5456,22,0.1875
5456,23,0.203125
5456,24,0.3125
5456,25,0.484375
5457,0,0.125
5457,1,0.1875
5457,2,0.125
5457,3,0.203125
5457,4,0.234375
5457,5,0.328125
5457,6,0.296875
5457,7,0.234375
5457,8,0.15625
5457,9,0.234375
5457,10,0.28125
5457,11,0.234375
5457,12,0.171875
5457,13,0.265625
5457,14,0.28125
5457,15,0.25
5457,16,0.34375
5457,17,0.296875
5457,18,0.34375
5457,19,0.390625
5457,20,0.3125
5457,21,0.359375
5457,22,0.171875
5457,23,0.296875
5457,24,0.359375
5457,25,0.25
5457,26,0.296875
5457,27,0.34375
5457,28,0.265625
5457,29,0.359375
5457,30,0.28125
5457,31,0.34375
5458,0,0.171875
5458,1,0.109375
5458,2,0.203125
5458,3,0.109375
5458,4,0.125
5458,5,0.1875
5458,6,0.25
5458,7,0.1875
5458,8,0.25
5458,9,0.359375
5458,10,0.234375
5458,11,0.1875
5458,12,0.109375
5458,13,0.1875
5458,14,0.234375
5458,15,0.3125
5458,16,0.28125
5458,17,0.21875
5458,18,0.25
5458,19,0.15625
5458,20,0.203125
5458,21,0.25
5458,22,0.140625
5458,23,0.203125
5458,24,0.28125
5458,25,0.3125
5458,26,0.375
5458,27,0.546875
5458,28,0.453125
5458,29,0.5625
5458,30,0.5
5458,31,0.34375
5458,32,0.390625
5458,33,0.328125
5458,34,0.3125
5458,35,0.359375
5458,36,0.296875
5458,37,0.25
5458,38,0.40625
5458,39,0.234375
5458,40,0.265625
5458,41,0.21875
5458,42,0.28125
5458,43,0.328125
5458,44,0.265625
5458,45,0.21875
5458,46,0.296875
5458,47,0.234375
5458,48,0.28125
5458,49,0.328125
5458,50,0.25
5458,51,0.140625
5458,52,0.203125
5458,53,0.234375
5458,54,0.234375
5458,55,0.171875
5458,56,0.234375
5458,57,0.3125
5458,58,0.34375
5458,59,0.25
5458,60,0.15625
5458,61,0.234375
5458,62,0.140625
5458,63,0.1875
5458,64,0.140625
5458,65,0.28125
5458,66,0.296875
5458,67,0.265625
5458,68,0.25
5458,69,0.359375
5458,70,0.375
5458,71,0.4375
5458,72,0.3125
5458,73,0.265625
5458,74,0.1875
5458,75,0.234375
5458,76,0.1875
5458,77,0.265625
5458,78,0.3125
5458,79,0.328125
5458,80,0.28125
5458,81,0.34375
5458,82,0.375
5458,83,0.328125
5458,84,0.375
5458,85,0.328125
5458,86,0.1875
5458,87,0.296875
5458,88,0.3125
5458,89,0.359375
5458,90,0.234375
5458,91,0.328125
5458,92,0.296875
5458,93,0.328125
5458,94,0.359375
5458,95,0.359375
5458,96,0.3125
5458,97,0.375
5458,98,0.421875
5458,99,0.359375
5458,100,0.328125
5458,101,0.296875
5458,102,0.234375
5458,103,0.28125
5458,104,0.15625
5458,105,0.203125
5458,106,0.25
5458,107,0.21875
5458,108,0.171875
5458,109,0.203125
5458,110,0.28125
5458,111,0.21875
5458,112,0.28125
5458,113,0.296875
5458,114,0.21875
5458,115,0.390625
5458,116,0.390625
5458,117,0.4375
5458,118,0.5
5458,119,0.296875
5458,120,0.21875
5458,121,0.28125
5458,122,0.25
5458,123,0.1875
5458,124,0.1875
5458,125,0.4375
5458,126,0.46875
5458,127,0.40625
5458,128,0.25
5458,129,0.3125
5458,130,0.234375
5458,131,0.25
5458,132,0.34375
5458,133,0.296875
5458,134,0.359375
5458,135,0.40625
5458,136,0.46875
5458,137,0.546875
5458,138,0.46875
5458,139,0.28125
5458,140,0.328125
5458,141,0.25
5458,142,0.3125
5458,143,0.328125
5458,144,0.28125
5458,145,0.296875
5458,146,0.234375
5458,147,0.265625
5458,148,0.265625
5459,0,0.1875
5459,1,0.125
5459,2,0.15625
5459,3,0.3125
5459,4,0.375
5459,5,0.234375
5459,6,0.28125
5459,7,0.3125
5459,8,0.359375
5459,9,0.578125
5459,10,0.515625
5459,11,0.421875
5460,0,0.203125
5460,1,0.21875
5460,2,0.265625
5460,3,0.3125
5460,4,0.296875
5460,5,0.25
5460,6,0.1875
5460,7,0.21875
5460,8,0.359375
5460,9,0.3125
5460,10,0.265625
5460,11,0.328125
5460,12,0.359375
5460,13,0.4375
5460,14,0.296875
5460,15,0.3125
5460,16,0.265625
5460,17,0.328125
5460,18,0.234375
5460,19,0.28125
5460,20,0.296875
5460,21,0.375
5460,22,0.40625
5460,23,0.359375
5460,24,0.421875
5460,25,0.359375
5460,26,0.5625
5461,0,0.1875
5461,1,0.34375
5461,2,0.21875
5461,3,0.296875
5461,4,0.265625
5461,5,0.21875
5461,6,0.109375
5461,7,0.140625
5461,8,0.203125
5461,9,0.140625
5461,10,0.1875
5461,11,0.265625
5461,12,0.25
5461,13,0.21875
5461,14,0.25
5461,15,0.25
5461,16,0.40625
5461,17,0.46875
5461,18,0.375
5461,19,0.28125
5461,20,0.296875
5461,21,0.4375
5461,22,0.375
5461,23,0.3125
5461,24,0.25
5461,25,0.296875
5461,26,0.265625
5461,27,0.203125
5461,28,0.296875
5461,29,0.265625
5461,30,0.1875
5461,31,0.25
5461,32,0.1875
5461,33,0.265625
5461,34,0.296875
5461,35,0.234375
5461,36,0.265625
5461,37,0.1875
5461,38,0.21875
5461,39,0.28125
5461,40,0.296875
5461,41,0.40625
5461,42,0.34375
5461,43,0.25
5461,44,0.3125
5461,45,0.328125
5461,46,0.296875
5461,47,0.296875
5461,48,0.28125
5461,49,0.34375
5462,0,0.125
5462,1,0.203125
5462,2,0.21875
5462,3,0.265625
5462,4,0.34375
5462,5,0.140625
5462,6,0.203125
5462,7,0.25
5462,8,0.171875
5462,9,0.1875
5462,10,0.109375
5462,11,0.171875
5462,12,0.125
5462,13,0.203125
5462,14,0.109375
5462,15,0.140625
5462,16,0.265625
5462,17,0.328125
5462,18,0.171875
5462,19,0.234375
5462,20,0.296875
5462,21,0.21875
5462,22,0.25
5462,23,0.328125
5462,24,0.25
5462,25,0.171875
5462,26,0.234375
5462,27,0.265625
5462,28,0.34375
5462,29,0.25
5462,30,0.203125
5462,31,0.15625
5462,32,0.28125
5462,33,0.34375
5462,34,0.25
5462,35,0.15625
5462,36,0.28125
5462,37,0.328125
5462,38,0.34375
5462,39,0.28125
5462,40,0.265625
5462,41,0.3125
5462,42,0.359375
5462,43,0.40625
5462,44,0.375
5462,45,0.40625
5462,46,0.34375
5463,0,0.171875
5463,1,0.15625
5463,2,0.265625
5463,3,0.140625
5463,4,0.09375
5463,5,0.171875
5463,6,0.125
5463,7,0.1875
5463,8,0.109375
5463,9,0.234375
5463,10,0.15625
5463,11,0.234375
5463,12,0.25
5463,13,0.15625
5463,14,0.296875
5463,15,0.21875
5463,16,0.15625
5463,17,0.21875
5463,18,0.171875
5463,19,0.21875
5463,20,0.296875
5463,21,0.234375
5463,22,0.171875
5463,23,0.21875
5463,24,0.296875
5463,25,0.34375
5463,26,0.25
5463,27,0.21875
5463,28,0.09375
5463,29,0.203125
5463,30,0.203125
5463,31,0.125
5463,32,0.171875
5463,33,0.25
5463,34,0.390625
5463,35,0.15625
5463,36,0.203125
5463,37,0.25
5463,38,0.203125
5463,39,0.28125
5463,40,0.21875
5463,41,0.265625
5463,42,0.203125
5463,43,0.28125
5463,44,0.21875
5463,45,0.34375
5463,46,0.25
5463,47,0.234375
5463,48,0.296875
5463,49,0.234375
5463,50,0.3125
5463,51,0.375
5463,52,0.4375
5463,53,0.390625
5463,54,0.328125
5463,55,0.28125
5463,56,0.265625
5463,57,0.203125
5463,58,0.234375
5463,59,0.265625
5463,60,0.390625
5463,61,0.328125
5463,62,0.140625
5463,63,0.140625
5463,64,0.21875
5463,65,0.28125
5463,66,0.390625
5463,67,0.359375
5463,68,0.296875
5463,69,0.34375
5463,70,0.484375
5463,71,0.4375
5463,72,0.375
5463,73,0.1875
5463,74,0.1875
5463,75,0.1875
5463,76,0.34375
5463,77,0.265625
5463,78,0.28125
5463,79,0.390625
5463,80,0.15625
5463,81,0.25
5463,82,0.3125
5463,83,0.171875
5463,84,0.25
5463,85,0.171875
5463,86,0.21875
5463,87,0.171875
5463,88,0.21875
5463,89,0.265625
5463,90,0.4375
5463,91,0.375
5463,92,0.421875
5463,93,0.34375
5463,94,0.375
5463,95,0.1875
5463,96,0.234375
5463,97,0.171875
5463,98,0.21875
5463,99,0.3125
5463,100,0.328125
5463,101,0.265625
5463,102,0.28125
5463,103,0.34375
5463,104,0.28125
5463,105,0.234375
5463,106,0.28125
5463,107,0.1875
5463,108,0.234375
5463,109,0.1875
5463,110,0.25
5463,111,0.328125
5463,112,0.390625
5463,113,0.34375
5463,114,0.40625
5463,115,0.46875
5463,116,0.515625
5463,117,0.421875
5463,118,0.328125
5463,119,0.375
5463,120,0.390625
5463,121,0.296875
5463,122,0.234375
5463,123,0.171875
5463,124,0.1875
5463,125,0.265625
5463,126,0.34375
5463,127,0.28125
5463,128,0.234375
5463,129,0.171875
5463,130,0.203125
5463,131,0.265625
5463,132,0.21875
5463,133,0.1875
5463,134,0.25
5463,135,0.3125
5463,136,0.28125
5463,137,0.34375
5463,138,0.265625
5463,139,0.34375
5463,140,0.28125
5463,141,0.203125
5463,142,0.234375
5463,143,0.171875
5463,144,0.21875
5463,145,0.171875
5463,146,0.296875
5463,147,0.28125
5463,148,0.203125
5463,149,0.15625
5463,150,0.171875
5463,151,0.25
5463,152,0.203125
5463,153,0.28125
5463,154,0.328125
5463,155,0.28125
5463,156,0.25
5463,157,0.296875
5463,158,0.234375
5463,159,0.25
5463,160,0.265625
5463,161,0.296875
5463,162,0.34375
5463,163,0.1875
5463,164,0.234375
5463,165,0.15625
5463,166,0.25
5463,167,0.234375
5463,168,0.3125
5463,169,0.296875
5463,170,0.3125
5463,171,0.25
5463,172,0.21875
5463,173,0.328125
5463,174,0.28125
5463,175,0.328125
5463,176,0.296875
5463,177,0.34375
5463,178,0.421875
5463,179,0.359375
5463,180,0.171875
5463,181,0.28125
5463,182,0.25
5463,183,0.265625
5463,184,0.171875
5463,185,0.234375
5463,186,0.390625
5463,187,0.28125
5463,188,0.28125
5463,189,0.34375
5463,190,0.484375
5463,191,0.171875
5463,192,0.15625
5463,193,0.203125
5463,194,0.25
5463,195,0.3125
5463,196,0.234375
5463,197,0.28125
5463,198,0.34375
5463,199,0.21875
5463,200,0.28125
5463,201,0.203125
5463,202,0.265625
5463,203,0.203125
5463,204,0.15625
5463,205,0.203125
5463,206,0.171875
5463,207,0.203125
5463,208,0.1875
5463,209,0.203125
5463,210,0.234375
5463,211,0.3125
5463,212,0.375
5463,213,0.3125
5463,214,0.359375
5463,215,0.25
5463,216,0.1875
5463,217,0.3125
5463,218,0.390625
5463,219,0.34375
5463,220,0.375
5463,221,0.328125
5463,222,0.359375
5463,223,0.4375
5463,224,0.359375
5463,225,0.5625
5463,226,0.5
5463,227,0.453125
5463,228,0.40625
5463,229,0.515625
5463,230,0.25
5463,231,0.328125
5463,232,0.25
5463,233,0.296875
5463,234,0.25
5463,235,0.328125
5463,236,0.28125
5463,237,0.234375
5463,238,0.296875
5463,239,0.1875
5463,240,0.15625
5463,241,0.296875
5463,242,0.375
5463,243,0.328125
5463,244,0.234375
5463,245,0.171875
5463,246,0.25
5463,247,0.34375
5463,248,0.3125
5463,249,0.3125
5463,250,0.25
5463,251,0.328125
5463,252,0.265625
5463,253,0.109375
5463,254,0.171875
5463,255,0.203125
5463,256,0.25
5463,257,0.328125
5463,258,0.25
5463,259,0.28125
5463,260,0.34375
5463,261,0.25
5463,262,0.234375
5463,263,0.328125
5463,264,0.359375
5463,265,0.296875
5463,266,0.296875
5463,267,0.234375
5463,268,0.296875
5463,269,0.234375
5463,270,0.34375
5463,271,0.359375
5463,272,0.328125
5463,273,0.265625
5463,274,0.421875
5463,275,0.453125
5463,276,0.453125
5463,277,0.40625
5463,278,0.3125
5463,279,0.234375
5463,280,0.296875
5463,281,0.40625
5463,282,0.453125
5463,283,0.421875
5463,284,0.3125
5463,285,0.34375
5463,286,0.3125
5463,287,0.328125
5463,288,0.265625
5463,289,0.34375
5463,290,0.40625
5463,291,0.46875
5463,292,0.296875
5463,293,0.25
5463,294,0.28125
5463,295,0.34375
5463,296,0.296875
5463,297,0.359375
5463,298,0.453125
5463,299,0.4375
5463,300,0.390625
5463,301,0.3125
5463,302,0.359375
5463,303,0.40625
5463,304,0.28125
5463,305,0.296875
5463,306,0.203125
5463,307,0.140625
5463,308,0.203125
5463,309,0.203125
5463,310,0.234375
5463,311,0.15625
5463,312,0.21875
5463,313,0.171875
5463,314,0.21875
5463,315,0.171875
5463,316,0.125
5463,317,0.203125
5463,318,0.25
5463,319,0.21875
5463,320,0.3125
5463,321,0.25
5463,322,0.34375
5463,323,0.171875
5463,324,0.140625
5463,325,0.203125
5463,326,0.234375
5463,327,0.1875
5463,328,0.140625
5463,329,0.28125
5463,330,0.203125
5463,331,0.25
5463,332,0.203125
5463,333,0.140625
5463,334,0.171875
5463,335,0.140625
5463,336,0.234375
5463,337,0.234375
5463,338,0.265625
5463,339,0.203125
5463,340,0.25
5463,341,0.359375
5463,342,0.359375
5463,343,0.359375
5463,344,0.328125
5463,345,0.265625
5463,346,0.34375
5463,347,0.3125
5463,348,0.203125
5463,349,0.359375
5463,350,0.25
5463,351,0.265625
5463,352,0.3125
5463,353,0.296875
5463,354,0.234375
5463,355,0.28125
5463,356,0.265625
5463,357,0.328125
5463,358,0.265625
5463,359,0.3125
5463,360,0.28125
5463,361,0.34375
5463,362,0.328125
5463,363,0.3125
5463,364,0.28125
5463,365,0.34375
5463,366,0.3125
5463,367,0.28125
5463,368,0.34375
5463,369,0.390625
5463,370,0.359375
5463,371,0.296875
5463,372,0.28125
5463,373,0.328125
5463,374,0.375
5463,375,0.296875
5463,376,0.265625
5463,377,0.203125
5463,378,0.203125
5463,379,0.203125
5463,380,0.265625
5463,381,0.203125
5463,382,0.25
5463,383,0.21875
5463,384,0.109375
5463,385,0.125
5463,386,0.0625
5463,387,0.125
5463,388,0.125
5463,389,0.171875
5463,390,0.09375
5463,391,0.140625
5463,392,0.1875
5463,393,0.25
5463,394,0.21875
5463,395,0.28125
5463,396,0.328125
5463,397,0.3125
5463,398,0.265625
5463,399,0.21875
5463,400,0.140625
5463,401,0.109375
5463,402,0.21875
5463,403,0.21875
5463,404,0.171875
5463,405,0.09375
5463,406,0.1875
5463,407,0.234375
5463,408,0.28125
5463,409,0.203125
5463,410,0.234375
5463,411,0.25
5463,412,0.203125
5463,413,0.25
5463,414,0.1875
5463,415,0.265625
5463,416,0.296875
5463,417,0.1875
5463,418,0.140625
5463,419,0.21875
5463,420,0.265625
5463,421,0.5625
5463,422,0.375
5463,423,0.328125
5463,424,0.28125
5463,425,0.34375
5463,426,0.21875
5463,427,0.28125
5463,428,0.25
5463,429,0.1875
5463,430,0.1875
5463,431,0.21875
5463,432,0.140625
5463,433,0.234375
5463,434,0.25
5463,435,0.515625
5463,436,0.453125
5463,437,0.34375
5463,438,0.25
5463,439,0.3125
5463,440,0.203125
5463,441,0.296875
5463,442,0.234375
5463,443,0.203125
5463,444,0.15625
5463,445,0.171875
5463,446,0.203125
5463,447,0.265625
5463,448,0.34375
5463,449,0.296875
5463,450,0.375
5463,451,0.265625
5463,452,0.296875
5463,453,0.234375
5463,454,0.296875
5463,455,0.390625
5463,456,0.3125
5463,457,0.3125
5463,458,0.234375
5463,459,0.328125
5463,460,0.25
5463,461,0.21875
5463,462,0.265625
5463,463,0.296875
5463,464,0.25
5463,465,0.28125
5463,466,0.328125
5463,467,0.234375
5463,468,0.3125
5463,469,0.25
5463,470,0.171875
5463,471,0.328125
5463,472,0.25
5463,473,0.3125
5463,474,0.234375
5463,475,0.171875
5463,476,0.25
5463,477,0.1875
5463,478,0.234375
5463,479,0.203125
5463,480,0.25
5463,481,0.296875
5463,482,0.265625
5463,483,0.171875
5463,484,0.109375
5463,485,0.125
5463,486,0.171875
5463,487,0.125
5463,488,0.171875
5463,489,0.234375
5463,490,0.265625
5463,491,0.390625
5463,492,0.328125
5463,493,0.265625
5463,494,0.28125
5463,495,0.328125
5463,496,0.4375
5464,0,0.171875
5464,1,0.078125
5464,2,0.140625
5464,3,0.234375
5464,4,0.171875
5464,5,0.203125
5464,6,0.15625
5464,7,0.234375
5464,8,0.15625
5464,9,0.109375
5464,10,0.171875
5464,11,0.21875
5464,12,0.15625
5464,13,0.1875
5464,14,0.234375
5464,15,0.28125
5464,16,0.234375
5464,17,0.171875
5464,18,0.234375
5464,19,0.359375
5464,20,0.21875
5464,21,0.296875
5464,22,0.234375
5464,23,0.25
5464,24,0.3125
5464,25,0.390625
5464,26,0.328125
5464,27,0.296875
5464,28,0.359375
5464,29,0.40625
5464,30,0.359375
5464,31,0.3125
5464,32,0.25
5464,33,0.265625
5464,34,0.296875
5464,35,0.28125
5464,36,0.328125
5464,37,0.265625
5464,38,0.25
5464,39,0.203125
5464,40,0.25
5464,41,0.421875
5465,0,0.109375
5465,1,0.125
5465,2,0.234375
5465,3,0.296875
5465,4,0.1875
5465,5,0.25
5465,6,0.25
5465,7,0.203125
5465,8,0.265625
5465,9,0.296875
5465,10,0.21875
5465,11,0.28125
5465,12,0.375
5465,13,0.203125
5465,14,0.234375
5465,15,0.1875
5465,16,0.25
5465,17,0.328125
5465,18,0.234375
5465,19,0.140625
5465,20,0.1875
5465,21,0.1875
5465,22,0.234375
5465,23,0.375
5465,24,0.3125
5465,25,0.375
5465,26,0.421875
5465,27,0.484375
5465,28,0.5625
5465,29,0.609375
5465,30,0.546875
5465,31,0.34375
5465,32,0.28125
5465,33,0.359375
5465,34,0.28125
5465,35,0.28125
5465,36,0.296875
5465,37,0.25
5465,38,0.203125
5465,39,0.265625
5465,40,0.28125
5465,41,0.359375
5465,42,0.296875
5465,43,0.28125
5465,44,0.1875
5465,45,0.140625
5465,46,0.21875
5465,47,0.234375
5465,48,0.296875
5465,49,0.25
5465,50,0.203125
5465,51,0.359375
5465,52,0.4375
5465,53,0.171875
5465,54,0.125
5465,55,0.1875
5465,56,0.25
5465,57,0.234375
5465,58,0.25
5465,59,0.234375
5465,60,0.296875
5465,61,0.4375
5465,62,0.515625
5465,63,0.265625
5465,64,0.34375
5465,65,0.40625
5465,66,0.40625
5465,67,0.28125
5465,68,0.25
5465,69,0.390625
5465,70,0.40625
5465,71,0.265625
5465,72,0.21875
5465,73,0.265625
5465,74,0.328125
5465,75,0.234375
5465,76,0.296875
5465,77,0.359375
5465,78,0.5
5465,79,0.28125
5465,80,0.359375
5465,81,0.390625
5465,82,0.40625
5465,83,0.328125
5465,84,0.296875
5465,85,0.359375
5465,86,0.28125
5465,87,0.25
5465,88,0.3125
5465,89,0.375
5465,90,0.296875
5465,91,0.328125
5465,92,0.34375
5465,93,0.234375
5465,94,0.28125
5465,95,0.359375
5465,96,0.46875
5465,97,0.390625
5465,98,0.453125
5465,99,0.421875
5465,100,0.578125
5465,101,0.375
5465,102,0.4375
5465,103,0.5
5465,104,0.28125
5465,105,0.375
5465,106,0.3125
5465,107,0.21875
5465,108,0.28125
5465,109,0.359375
5465,110,0.296875
5465,111,0.265625
5465,112,0.171875
5465,113,0.25
5465,114,0.4375
5465,115,0.375
5465,116,0.375
5465,117,0.296875
5465,118,0.53125
5465,119,0.5625
5465,120,0.515625
5465,121,0.546875
5465,122,0.546875
5465,123,0.46875
5465,124,0.4375
5465,125,0.5
5465,126,0.421875
5465,127,0.375
5465,128,0.34375
5465,129,0.28125
5465,130,0.28125
5465,131,0.328125
5465,132,0.296875
5465,133,0.234375
5465,134,0.34375
5465,135,0.296875
5465,136,0.21875
5465,137,0.125
5465,138,0.21875
5465,139,0.265625
5465,140,0.296875
5465,141,0.34375
5465,142,0.28125
5465,143,0.15625
5465,144,0.15625
5465,145,0.25
5465,146,0.234375
5465,147,0.1875
5465,148,0.171875
5465,149,0.21875
5465,150,0.28125
5465,151,0.3125
5465,152,0.234375
5465,153,0.3125
5465,154,0.34375
5465,155,0.296875
5465,156,0.359375
5465,157,0.296875
5465,158,0.359375
5465,159,0.34375
5465,160,0.28125
5465,161,0.328125
5465,162,0.21875
5465,163,0.296875
5465,164,0.234375
5465,165,0.25
5465,166,0.171875
5465,167,0.21875
5465,168,0.328125
5465,169,0.21875
5465,170,0.25
5465,171,0.15625
5465,172,0.234375
5465,173,0.265625
5465,174,0.203125
5465,175,0.265625
5465,176,0.203125
5465,177,0.234375
5465,178,0.171875
5465,179,0.25
5465,180,0.28125
5465,181,0.390625
5465,182,0.390625
5465,183,0.34375
5465,184,0.203125
5465,185,0.234375
5465,186,0.25
5465,187,0.3125
5465,188,0.375
5465,189,0.453125
5465,190,0.484375
5465,191,0.390625
5465,192,0.28125
5465,193,0.25
5465,194,0.28125
5465,195,0.34375
5465,196,0.40625
5465,197,0.3125
5465,198,0.46875
5465,199,0.40625
5465,200,0.46875
5466,0,0.1875
5466,1,0.25
5466,2,0.265625
5466,3,0.1875
5466,4,0.203125
5466,5,0.28125
5466,6,0.234375
5466,7,0.171875
5466,8,0.25
5466,9,0.3125
5466,10,0.25
5466,11,0.1875
5466,12,0.1875
5466,13,0.203125
5466,14,0.21875
5466,15,0.234375
5466,16,0.265625
5466,17,0.3125
5466,18,0.21875
5466,19,0.234375
5466,20,0.28125
5466,21,0.296875
5466,22,0.359375
5466,23,0.296875
5466,24,0.34375
5466,25,0.40625
5466,26,0.53125
5466,27,0.296875
5466,28,0.234375
5466,29,0.25
5466,30,0.234375
5466,31,0.265625
5466,32,0.328125
5466,33,0.296875
5466,34,0.3125
5466,35,0.25
5466,36,0.28125
5466,37,0.21875
5466,38,0.421875
5466,39,0.421875
5466,40,0.34375
5466,41,0.3125
5466,42,0.375
5466,43,0.4375
5466,44,0.625
5466,45,0.53125
5466,46,0.46875
5466,47,0.546875
5466,48,0.609375
5466,49,0.46875
5466,50,0.40625
5466,51,0.421875
5466,52,0.359375
5466,53,0.1875
5466,54,0.265625
5466,55,0.328125
5466,56,0.28125
5466,57,0.25
5466,58,0.375
5466,59,0.25
5466,60,0.28125
5466,61,0.296875
5466,62,0.375
5466,63,0.4375
5466,64,0.390625
5466,65,0.4375
5466,66,0.5625
5467,0,0.09375
5467,1,0.140625
5467,2,0.203125
5467,3,0.25
5467,4,0.296875
5467,5,0.171875
5467,6,0.21875
5467,7,0.09375
5467,8,0.15625
5467,9,0.21875
5467,10,0.28125
5467,11,0.390625
5467,12,0.296875
5467,13,0.328125
5467,14,0.265625
5467,15,0.3125
5467,16,0.265625
5467,17,0.34375
5467,18,0.296875
5467,19,0.1875
5467,20,0.125
5467,21,0.203125
5467,22,0.21875
5467,23,0.25
5467,24,0.328125
5467,25,0.234375
5467,26,0.3125
5467,27,0.46875
5467,28,0.296875
5467,29,0.359375
5467,30,0.453125
5467,31,0.375
5467,32,0.46875
5467,33,0.265625
5467,34,0.34375
5467,35,0.4375
5467,36,0.359375
5467,37,0.40625
5467,38,0.421875
5467,39,0.359375
5468,0,0.171875
5468,1,0.25
5468,2,0.1875
5468,3,0.1875
5468,4,0.25
5468,5,0.1875
5468,6,0.21875
5468,7,0.359375
5468,8,0.171875
5468,9,0.125
5468,10,0.265625
5468,11,0.328125
5468,12,0.375
5468,13,0.28125
5468,14,0.328125
5468,15,0.15625
5468,16,0.109375
5468,17,0.171875
5468,18,0.21875
5468,19,0.296875
5468,20,0.359375
5468,21,0.203125
5468,22,0.1875
5468,23,0.25
5468,24,0.375
5468,25,0.28125
5468,26,0.34375
5468,27,0.140625
5468,28,0.21875
5468,29,0.1875
5468,30,0.25
5468,31,0.296875
5468,32,0.359375
5468,33,0.34375
5468,34,0.265625
5468,35,0.28125
5468,36,0.234375
5468,37,0.34375
5468,38,0.296875
5468,39,0.421875
5468,40,0.3125
5468,41,0.375
5468,42,0.3125
5468,43,0.28125
5468,44,0.4375
5468,45,0.390625
5468,46,0.34375
5468,47,0.28125
5468,48,0.328125
5468,49,0.359375
5468,50,0.328125
5468,51,0.21875
5468,52,0.234375
5468,53,0.34375
5468,54,0.265625
5468,55,0.34375
5468,56,0.40625
5468,57,0.328125
5469,0,0.171875
5469,1,0.203125
5469,2,0.15625
5469,3,0.21875
5469,4,0.1875
5469,5,0.15625
5469,6,0.171875
5469,7,0.234375
5469,8,0.390625
5469,9,0.359375
5469,10,0.296875
5469,11,0.46875
5469,12,0.28125
5469,13,0.21875
5469,14,0.21875
5469,15,0.296875
5469,16,0.203125
5469,17,0.203125
5469,18,0.296875
5469,19,0.25
5469,20,0.328125
5469,21,0.265625
5469,22,0.328125
5469,23,0.390625
5469,24,0.328125
5469,25,0.53125
5469,26,0.40625
5469,27,0.46875
5469,28,0.515625
5469,29,0.4375
5469,30,0.5
5469,31,0.609375
5469,32,0.53125
5469,33,0.421875
5469,34,0.5
5469,35,0.4375
5469,36,0.375
5469,37,0.421875
5469,38,0.46875
5469,39,0.390625
5469,40,0.390625
5469,41,0.34375
5469,42,0.3125
5469,43,0.359375
5469,44,0.3125
5469,45,0.328125
5469,46,0.484375
5469,47,0.421875
5469,48,0.375
5469,49,0.203125
5469,50,0.234375
5469,51,0.171875
5469,52,0.234375
5469,53,0.171875
5469,54,0.203125
5469,55,0.265625
5469,56,0.203125
5469,57,0.28125
5469,58,0.21875
5469,59,0.28125
5469,60,0.296875
5469,61,0.203125
5469,62,0.25
5469,63,0.15625
5469,64,0.21875
5469,65,0.203125
5469,66,0.125
5469,67,0.140625
5469,68,0.203125
5469,69,0.15625
5469,70,0.25
5469,71,0.3125
5469,72,0.265625
5469,73,0.28125
5469,74,0.25
5469,75,0.1875
5469,76,0.25
5469,77,0.21875
5469,78,0.328125
5469,79,0.265625
5469,80,0.34375
5469,81,0.265625
5469,82,0.203125
5469,83,0.25
5469,84,0.296875
5469,85,0.359375
5469,86,0.3125
5469,87,0.40625
5469,88,0.421875
5469,89,0.359375
5469,90,0.265625
5469,91,0.203125
5469,92,0.234375
5469,93,0.3125
5469,94,0.265625
5469,95,0.203125
5469,96,0.28125
5469,97,0.296875
5469,98,0.328125
5469,99,0.34375
5469,100,0.46875
5469,101,0.25
5469,102,0.453125
5470,0,0.125
5470,1,0.21875
5470,2,0.140625
5470,3,0.15625
5470,4,0.046875
5470,5,0.140625
5470,6,0.21875
5470,7,0.3125
5470,8,0.390625
5470,9,0.328125
5470,10,0.234375
5470,11,0.296875
5470,12,0.234375
5470,13,0.3125
5470,14,0.203125
5470,15,0.296875
5470,16,0.21875
5470,17,0.265625
5470,18,0.234375
5470,19,0.296875
5470,20,0.234375
5470,21,0.171875
5470,22,0.15625
5470,23,0.171875
5470,24,0.203125
5470,25,0.265625
5470,26,0.21875
5470,27,0.203125
5470,28,0.140625
5470,29,0.1875
5470,30,0.21875
5470,31,0.25
5470,32,0.25
5470,33,0.1875
5470,34,0.265625
5470,35,0.234375
5470,36,0.1875
5470,37,0.15625
5470,38,0.234375
5470,39,0.3125
5470,40,0.125
5470,41,0.15625
5470,42,0.25
5470,43,0.34375
5470,44,0.296875
5470,45,0.3125
5470,46,0.203125
5470,47,0.140625
5470,48,0.21875
5470,49,0.265625
5470,50,0.296875
5470,51,0.296875
5470,52,0.390625
5470,53,0.296875
5470,54,0.21875
5470,55,0.265625
5470,56,0.3125
5470,57,0.375
5470,58,0.3125
5470,59,0.265625
5470,60,0.34375
5470,61,0.390625
5470,62,0.296875
5470,63,0.328125
5470,64,0.296875
5470,65,0.265625
5470,66,0.390625
5470,67,0.3125
5470,68,0.265625
5470,69,0.28125
5470,70,0.359375
5470,71,0.1875
5470,72,0.296875
5470,73,0.34375
5470,74,0.28125
5470,75,0.234375
5470,76,0.21875
5470,77,0.28125
5470,78,0.234375
5470,79,0.203125
5470,80,0.140625
5470,81,0.109375
5470,82,0.265625
5470,83,0.34375
5470,84,0.5
5470,85,0.46875
5470,86,0.609375
5470,87,0.640625
5470,88,0.484375
5470,89,0.53125
5470,90,0.5625
5470,91,0.609375
5470,92,0.40625
5470,93,0.5
5470,94,0.578125
5470,95,0.5
5470,96,0.453125
5470,97,0.234375
5470,98,0.3125
5470,99,0.265625
5470,100,0.234375
5470,101,0.1875
5470,102,0.25
5470,103,0.296875
5470,104,0.328125
5470,105,0.140625
5470,106,0.203125
5470,107,0.234375
5470,108,0.265625
5470,109,0.171875
5470,110,0.09375
5470,111,0.171875
5470,112,0.28125
5470,113,0.21875
5470,114,0.1875
5470,115,0.234375
5470,116,0.296875
5470,117,0.375
5470,118,0.3125
5470,119,0.375
5470,120,0.328125
5470,121,0.40625
5470,122,0.34375
5470,123,0.453125
5470,124,0.421875
5470,125,0.46875
5470,126,0.328125
5470,127,0.390625
5470,128,0.328125
5470,129,0.296875
5470,130,0.234375
5470,131,0.25
5470,132,0.328125
5470,133,0.375
5470,134,0.421875
5470,135,0.375
5470,136,0.421875
5471,0,0.125
5471,1,0.078125
5471,2,0.15625
5471,3,0.09375
5471,4,0.15625
5471,5,0.296875
5471,6,0.21875
5471,7,0.234375
5471,8,0.28125
5471,9,0.25
5471,10,0.34375
5471,11,0.421875
5471,12,0.328125
5471,13,0.28125
5471,14,0.234375
5471,15,0.28125
5471,16,0.359375
5471,17,0.421875
5471,18,0.359375
5471,19,0.296875
5471,20,0.265625
5471,21,0.21875
5471,22,0.28125
5471,23,0.234375
5471,24,0.28125
5471,25,0.40625
5471,26,0.328125
5471,27,0.421875
5471,28,0.328125
5471,29,0.28125
5471,30,0.21875
5471,31,0.1875
5471,32,0.171875
5471,33,0.21875
5471,34,0.109375
5471,35,0.171875
5471,36,0.21875
5471,37,0.15625
5471,38,0.203125
5471,39,0.21875
5471,40,0.09375
5471,41,0.25
5471,42,0.1875
5471,43,0.21875
5471,44,0.171875
5471,45,0.234375
5471,46,0.296875
5471,47,0.296875
5471,48,0.1875
5471,49,0.28125
5471,50,0.421875
5471,51,0.21875
5471,52,0.296875
5471,53,0.1875
5471,54,0.234375
5471,55,0.171875
5471,56,0.21875
5471,57,0.3125
5471,58,0.375
5471,59,0.421875
5471,60,0.375
5471,61,0.34375
5471,62,0.40625
5471,63,0.34375
5471,64,0.296875
5471,65,0.25
5471,66,0.296875
5471,67,0.203125
5471,68,0.234375
5471,69,0.28125
5471,70,0.375
5471,71,0.453125
5471,72,0.375
5471,73,0.25
5471,74,0.203125
5471,75,0.28125
5471,76,0.359375
5471,77,0.3125
5471,78,0.34375
5471,79,0.40625
5471,80,0.546875
5471,81,0.3125
5471,82,0.328125
5471,83,0.234375
5471,84,0.296875
5471,85,0.34375
5471,86,0.3125
5471,87,0.25
5471,88,0.28125
5471,89,0.1875
5471,90,0.25
5471,91,0.34375
5471,92,0.296875
5471,93,0.265625
5471,94,0.359375
5471,95,0.296875
5471,96,0.328125
5471,97,0.234375
5471,98,0.3125
5471,99,0.171875
5471,100,0.1875
5471,101,0.15625
5471,102,0.078125
5471,103,0.203125
5471,104,0.125
5471,105,0.140625
5471,106,0.203125
5471,107,0.296875
5471,108,0.375
5471,109,0.265625
5471,110,0.34375
5471,111,0.375
5471,112,0.234375
5471,113,0.1875
5471,114,0.203125
5471,115,0.28125
5471,116,0.359375
5471,117,0.1875
5471,118,0.21875
5471,119,0.34375
5471,120,0.40625
5471,121,0.359375
5471,122,0.28125
5471,123,0.21875
5471,124,0.1875
5471,125,0.1875
5471,126,0.265625
5471,127,0.328125
5472,0,0.203125
5472,1,0.1875
5472,2,0.171875
5472,3,0.25
5472,4,0.328125
5472,5,0.265625
5472,6,0.234375
5472,7,0.265625
5472,8,0.203125
5472,9,0.203125
5472,10,0.265625
5472,11,0.1875
5472,12,0.265625
5472,13,0.1875
5472,14,0.234375
5472,15,0.28125
5472,16,0.1875
5472,17,0.25
5472,18,0.28125
5472,19,0.265625
5472,20,0.34375
5472,21,0.390625
5472,22,0.484375
5472,23,0.25
5472,24,0.3125
5472,25,0.34375
5472,26,0.5625
5472,27,0.375
5472,28,0.59375
5472,29,0.4375
5472,30,0.5
5472,31,0.46875
5473,0,0.15625
5473,1,0.09375
5473,2,0.140625
5473,3,0.203125
5473,4,0.109375
5473,5,0.171875
5473,6,0.125
5473,7,0.21875
5473,8,0.234375
5473,9,0.296875
5473,10,0.203125
5473,11,0.234375
5473,12,0.28125
5473,13,0.359375
5473,14,0.25
5473,15,0.171875
5473,16,0.140625
5473,17,0.109375
5473,18,0.171875
5473,19,0.21875
5473,20,0.3125
5473,21,0.25
5473,22,0.1875
5473,23,0.203125
5473,24,0.21875
5473,25,0.296875
5473,26,0.21875
5473,27,0.296875
5473,28,0.203125
5473,29,0.25
5473,30,0.3125
5473,31,0.328125
5473,32,0.28125
5473,33,0.234375
5473,34,0.3125
5473,35,0.28125
5473,36,0.21875
5473,37,0.265625
5473,38,0.328125
5473,39,0.3125
5473,40,0.375
5473,41,0.359375
5473,42,0.34375
5473,43,0.265625
5473,44,0.234375
5473,45,0.265625
5473,46,0.171875
5473,47,0.234375
5473,48,0.140625
5473,49,0.203125
5473,50,0.1875
5473,51,0.234375
5473,52,0.1875
5473,53,0.234375
5473,54,0.15625
5473,55,0.15625
5473,56,0.21875
5473,57,0.171875
5473,58,0.21875
5473,59,0.1875
5473,60,0.25
5473,61,0.171875
5473,62,0.234375
5473,63,0.28125
5473,64,0.328125
5473,65,0.28125
5473,66,0.3125
5473,67,0.375
5473,68,0.4375
5473,69,0.34375
5473,70,0.421875
5473,71,0.296875
5473,72,0.359375
5473,73,0.4375
5473,74,0.359375
5473,75,0.328125
5473,76,0.359375
5473,77,0.25
5473,78,0.21875
5473,79,0.375
5473,80,0.4375
5473,81,0.265625
5473,82,0.3125
5473,83,0.34375
5473,84,0.40625
5473,85,0.328125
5473,86,0.453125
5473,87,0.3125
5473,88,0.390625
5473,89,0.453125
5473,90,0.453125
5473,91,0.28125
5473,92,0.21875
5473,93,0.296875
5473,94,0.28125
5473,95,0.328125
5473,96,0.234375
5473,97,0.125
5473,98,0.15625
5473,99,0.203125
5473,100,0.171875
5473,101,0.203125
5473,102,0.296875
5473,103,0.21875
5473,104,0.140625
5473,105,0.171875
5473,106,0.234375
5473,107,0.25
5473,108,0.34375
5473,109,0.328125
5473,110,0.375
5473,111,0.453125
5473,112,0.40625
5473,113,0.515625
5473,114,0.46875
5473,115,0.421875
5473,116,0.328125
5473,117,0.375
5473,118,0.4375
5473,119,0.40625
5473,120,0.328125
5473,121,0.296875
5473,122,0.390625
5473,123,0.453125
5473,124,0.40625
5473,125,0.359375
5473,126,0.421875
5474,0,0.1875
5474,1,0.09375
5474,2,0.15625
5474,3,0.265625
5474,4,0.203125
5474,5,0.15625
5474,6,0.125
5474,7,0.0625
5474,8,0.140625
5474,9,0.203125
5474,10,0.28125
5474,11,0.1875
5474,12,0.125
5474,13,0.140625
5474,14,0.1875
5474,15,0.25
5474,16,0.28125
5474,17,0.34375
5474,18,0.265625
5474,19,0.203125
5474,20,0.25
5474,21,0.1875
5474,22,0.140625
5474,23,0.1875
5474,24,0.15625
5474,25,0.25
5474,26,0.34375
5474,27,0.28125
5474,28,0.296875
5474,29,0.21875
5474,30,0.28125
5474,31,0.203125
5474,32,0.265625
5474,33,0.21875
5474,34,0.25
5474,35,0.359375
5474,36,0.265625
5474,37,0.203125
5474,38,0.25
5474,39,0.28125
5474,40,0.359375
5474,41,0.328125
5474,42,0.09375
5474,43,0.15625
5474,44,0.203125
5474,45,0.25
5474,46,0.15625
5474,47,0.25
5474,48,0.1875
5474,49,0.265625
5474,50,0.359375
5474,51,0.421875
5474,52,0.375
5474,53,0.359375
5474,54,0.1875
5474,55,0.234375
5474,56,0.28125
5474,57,0.234375
5474,58,0.328125
5474,59,0.296875
5474,60,0.359375
5474,61,0.421875
5474,62,0.453125
5474,63,0.484375
5474,64,0.421875
5474,65,0.34375
5474,66,0.28125
5474,67,0.3125
5474,68,0.390625
5474,69,0.171875
5474,70,0.265625
5474,71,0.203125
5474,72,0.234375
5474,73,0.265625
5474,74,0.171875
5474,75,0.21875
5474,76,0.15625
5474,77,0.234375
5474,78,0.234375
5474,79,0.09375
5474,80,0.171875
5474,81,0.234375
5474,82,0.296875
5474,83,0.265625
5474,84,0.296875
5474,85,0.34375
5474,86,0.21875
5474,87,0.28125
5474,88,0.296875
5474,89,0.25
5474,90,0.3125
5474,91,0.21875
5474,92,0.28125
5474,93,0.359375
5474,94,0.328125
5474,95,0.40625
5474,96,0.359375
5474,97,0.375
5474,98,0.4375
5474,99,0.25
5474,100,0.34375
5474,101,0.375
5474,102,0.296875
5474,103,0.34375
5474,104,0.421875
5474,105,0.40625
5474,106,0.515625
5474,107,0.421875
5474,108,0.390625
5474,109,0.40625
5474,110,0.375
5474,111,0.4375
5474,112,0.53125
5474,113,0.484375
5474,114,0.390625
5474,115,0.296875
5474,116,0.234375
5474,117,0.328125
5474,118,0.296875
5474,119,0.34375
5474,120,0.296875
5474,121,0.421875
5474,122,0.421875
5474,123,0.3125
5474,124,0.375
5474,125,0.40625
5474,126,0.34375
5474,127,0.25
5474,128,0.203125
5474,129,0.203125
5474,130,0.28125
5474,131,0.28125
5474,132,0.109375
5474,133,0.28125
5474,134,0.1875
5474,135,0.1875
5474,136,0.1875
5474,137,0.234375
5474,138,0.265625
5474,139,0.296875
5474,140,0.25
5474,141,0.3125
5475,0,0.078125
5475,1,0.28125
5475,2,0.3125
5475,3,0.25
5475,4,0.3125
5475,5,0.375
5475,6,0.265625
5475,7,0.390625
5475,8,0.4375
5475,9,0.5
5475,10,0.453125
5475,11,0.5
5475,12,0.40625
5475,13,0.46875
5475,14,0.375
5475,15,0.265625
5475,16,0.359375
5475,17,0.46875
5475,18,0.53125
5475,19,0.40625
5476,0,0.125
5476,1,0.171875
5476,2,0.234375
5476,3,0.296875
5476,4,0.265625
5476,5,0.3125
5476,6,0.4375
5476,7,0.34375
5476,8,0.3125
5476,9,0.390625
5476,10,0.328125
5476,11,0.3125
5476,12,0.21875
5476,13,0.25
5476,14,0.203125
5476,15,0.265625
5476,16,0.328125
5476,17,0.28125
5476,18,0.21875
5476,19,0.171875
5476,20,0.234375
5476,21,0.3125
5476,22,0.28125
5476,23,0.203125
5476,24,0.1875
5476,25,0.140625
5476,26,0.28125
5476,27,0.140625
5476,28,0.140625
5476,29,0.203125
5476,30,0.234375
5476,31,0.265625
5476,32,0.21875
5476,33,0.265625
5476,34,0.34375
5476,35,0.28125
5476,36,0.3125
5476,37,0.25
5476,38,0.265625
5476,39,0.296875
5476,40,0.375
5476,41,0.21875
5476,42,0.3125
5476,43,0.34375
5476,44,0.3125
5476,45,0.234375
5476,46,0.34375
5476,47,0.5
5476,48,0.296875
5476,49,0.234375
5476,50,0.296875
5476,51,0.15625
5476,52,0.15625
5476,53,0.234375
5476,54,0.3125
5476,55,0.25
5476,56,0.359375
5476,57,0.296875
5476,58,0.390625
5476,59,0.390625
5476,60,0.21875
5476,61,0.25
5476,62,0.3125
5476,63,0.25
5476,64,0.1875
5476,65,0.296875
5476,66,0.34375
5476,67,0.390625
5476,68,0.421875
5476,69,0.40625
5476,70,0.484375
5476,71,0.390625
5476,72,0.21875
5476,73,0.28125
5476,74,0.28125
5476,75,0.34375
5476,76,0.28125
5476,77,0.21875
5476,78,0.21875
5476,79,0.21875
5476,80,0.296875
5476,81,0.34375
5476,82,0.265625
5476,83,0.21875
5476,84,0.203125
5476,85,0.25
5476,86,0.3125
5476,87,0.34375
5476,88,0.28125
5476,89,0.25
5476,90,0.171875
5476,91,0.21875
5476,92,0.203125
5476,93,0.125
5476,94,0.171875
5476,95,0.25
5476,96,0.28125
5476,97,0.3125
5476,98,0.265625
5476,99,0.40625
5476,100,0.234375
5476,101,0.234375
5476,102,0.15625
5476,103,0.234375
5476,104,0.296875
5476,105,0.375
5476,106,0.40625
5476,107,0.21875
5476,108,0.328125
5476,109,0.28125
5476,110,0.34375
5476,111,0.359375
5476,112,0.34375
5476,113,0.25
5476,114,0.296875
5476,115,0.375
5476,116,0.28125
5476,117,0.25
5476,118,0.234375
5476,119,0.203125
5476,120,0.25
5476,121,0.1875
5476,122,0.234375
5476,123,0.296875
5476,124,0.359375
5476,125,0.296875
5476,126,0.34375
5476,127,0.359375
5476,128,0.40625
5476,129,0.34375
5476,130,0.390625
5476,131,0.265625
5476,132,0.328125
5476,133,0.234375
5476,134,0.296875
5476,135,0.375
5476,136,0.328125
5476,137,0.28125
5476,138,0.234375
5476,139,0.296875
5476,140,0.328125
5476,141,0.390625
5476,142,0.359375
5476,143,0.4375
5476,144,0.40625
5476,145,0.328125
5476,146,0.40625
5476,147,0.46875
5476,148,0.546875
5476,149,0.609375
5476,150,0.546875
5477,0,0.046875
5477,1,0.109375
5477,2,0.171875
5477,3,0.3125
5477,4,0.375
5477,5,0.328125
5477,6,0.234375
5477,7,0.25
5477,8,0.21875
5477,9,0.328125
5477,10,0.25
5477,11,0.171875
5477,12,0.078125
5477,13,0.234375
5477,14,0.28125
5477,15,0.328125
5477,16,0.15625
5477,17,0.234375
5477,18,0.09375
5477,19,0.1875
5477,20,0.28125
5477,21,0.171875
5477,22,0.203125
5477,23,0.265625
5477,24,0.46875
5477,25,0.421875
5477,26,0.328125
5477,27,0.234375
5477,28,0.28125
5477,29,0.25
5477,30,0.328125
5477,31,0.328125
5477,32,0.265625
5477,33,0.296875
5477,34,0.25
5477,35,0.265625
5477,36,0.25
5477,37,0.359375
5477,38,0.265625
5477,39,0.203125
5477,40,0.15625
5477,41,0.3125
5477,42,0.21875
5477,43,0.265625
5477,44,0.40625
5477,45,0.359375
5477,46,0.34375
5477,47,0.3125
5477,48,0.359375
5477,49,0.265625
5477,50,0.3125
5477,51,0.28125
5477,52,0.28125
5477,53,0.1875
5477,54,0.15625
5477,55,0.3125
5477,56,0.59375
5477,57,0.46875
5477,58,0.359375
5477,59,0.3125
5477,60,0.21875
5477,61,0.21875
5477,62,0.1875
5477,63,0.234375
5477,64,0.28125
5477,65,0.25
5477,66,0.3125
5477,67,0.25
5477,68,0.296875
5477,69,0.3125
5477,70,0.265625
5477,71,0.21875
5477,72,0.3125
5477,73,0.265625
5477,74,0.359375
5477,75,0.3125
5477,76,0.234375
5477,77,0.265625
5477,78,0.265625
5477,79,0.203125
5477,80,0.21875
5477,81,0.265625
5477,82,0.21875
5477,83,0.28125
5477,84,0.21875
5477,85,0.15625
5477,86,0.265625
5477,87,0.203125
5477,88,0.265625
5477,89,0.203125
5477,90,0.25
5477,91,0.296875
5477,92,0.296875
5477,93,0.3125
5477,94,0.234375
5477,95,0.296875
5477,96,0.25
5477,97,0.15625
5477,98,0.1875
5477,99,0.28125
5477,100,0.1875
5477,101,0.28125
5477,102,0.21875
5477,103,0.1875
5477,104,0.234375
5477,105,0.203125
5477,106,0.25
5477,107,0.328125
5477,108,0.296875
5477,109,0.375
5477,110,0.359375
5477,111,0.546875
5477,112,0.390625
5477,113,0.421875
5477,114,0.5
5477,115,0.65625
5477,116,0.5625
5477,117,0.640625
5477,118,0.578125
5477,119,0.5
5477,120,0.46875
5477,121,0.40625
5477,122,0.328125
5477,123,0.265625
5477,124,0.1875
5477,125,0.171875
5477,126,0.234375
5477,127,0.28125
5477,128,0.265625
5477,129,0.34375
5477,130,0.28125
5477,131,0.234375
5477,132,0.25
5477,133,0.1875
5477,134,0.265625
5477,135,0.328125
5477,136,0.375
5477,137,0.28125
5477,138,0.25
5477,139,0.328125
5477,140,0.515625
5477,141,0.4375
5477,142,0.40625
5477,143,0.328125
5477,144,0.3125
5477,145,0.40625
5477,146,0.328125
5477,147,0.390625
5477,148,0.4375
5477,149,0.515625
5477,150,0.453125
5477,151,0.40625
5477,152,0.34375
5477,153,0.40625
5477,154,0.328125
5477,155,0.28125
5477,156,0.34375
5477,157,0.234375
5477,158,0.28125
5477,159,0.375
5477,160,0.28125
5477,161,0.359375
5477,162,0.453125
5477,163,0.34375
5477,164,0.3125
5477,165,0.390625
5477,166,0.46875
5477,167,0.4375
5477,168,0.375
5477,169,0.3125
5477,170,0.375
5477,171,0.453125
5477,172,0.375
5477,173,0.34375
5477,174,0.359375
5477,175,0.234375
5477,176,0.296875
5477,177,0.203125
5477,178,0.25
5477,179,0.265625
5477,180,0.40625
5477,181,0.34375
5477,182,0.234375
5477,183,0.265625
5477,184,0.421875
5477,185,0.234375
5477,186,0.171875
5477,187,0.125
5477,188,0.171875
5477,189,0.203125
5477,190,0.234375
5477,191,0.25
5477,192,0.328125
5477,193,0.421875
5477,194,0.515625
5477,195,0.453125
5477,196,0.328125
5477,197,0.296875
5477,198,0.234375
5477,199,0.203125
5477,200,0.25
5477,201,0.203125
5477,202,0.28125
5477,203,0.34375
5477,204,0.4375
5477,205,0.375
5477,206,0.265625
5477,207,0.109375
5477,208,0.15625
5477,209,0.21875
5477,210,0.3125
5477,211,0.265625
5477,212,0.25
5477,213,0.1875
5477,214,0.21875
5477,215,0.296875
5477,216,0.390625
5477,217,0.3125
5477,218,0.21875
5477,219,0.28125
5477,220,0.34375
5477,221,0.453125
5477,222,0.390625
5477,223,0.359375
5477,224,0.4375
5477,225,0.359375
5477,226,0.328125
5477,227,0.328125
5477,228,0.25
5477,229,0.296875
5477,230,0.234375
5477,231,0.1875
5477,232,0.265625
5477,233,0.21875
5477,234,0.3125
5477,235,0.359375
5477,236,0.3125
5477,237,0.1875
5477,238,0.234375
5477,239,0.25
5477,240,0.15625
5477,241,0.125
5477,242,0.25
5477,243,0.3125
5477,244,0.109375
5477,245,0.15625
5477,246,0.140625
5477,247,0.21875
5477,248,0.265625
5477,249,0.34375
5477,250,0.28125
5477,251,0.296875
5477,252,0.265625
5477,253,0.15625
5477,254,0.234375
5477,255,0.265625
5477,256,0.28125
5477,257,0.359375
5477,258,0.328125
5477,259,0.609375
5478,0,0.125
5478,1,0.15625
5478,2,0.203125
5478,3,0.265625
5478,4,0.296875
5478,5,0.359375
5478,6,0.46875
5478,7,0.375
5478,8,0.3125
5478,9,0.375
5478,10,0.46875
5478,11,0.421875
5478,12,0.453125
5478,13,0.375
5478,14,0.328125
5478,15,0.40625
5478,16,0.359375
5478,17,0.28125
5478,18,0.359375
5478,19,0.3125
5478,20,0.390625
5478,21,0.453125
5478,22,0.375
5478,23,0.359375
5478,24,0.28125
5478,25,0.25
5478,26,0.328125
5478,27,0.359375
5478,28,0.28125
5478,29,0.359375
5478,30,0.3125
5478,31,0.390625
5478,32,0.375
5478,33,0.4375
5478,34,0.484375
5479,0,0.1875
5479,1,0.109375
5479,2,0.15625
5479,3,0.09375
5479,4,0.1875
5479,5,0.140625
5479,6,0.1875
5479,7,0.265625
5479,8,0.171875
5479,9,0.234375
5479,10,0.3125
5479,11,0.265625
5479,12,0.390625
5479,13,0.359375
5479,14,0.453125
5479,15,0.375
5479,16,0.328125
5479,17,0.421875
5479,18,0.4375
5479,19,0.328125
5479,20,0.375
5479,21,0.421875
5479,22,0.484375
5479,23,0.34375
5479,24,0.390625
5479,25,0.28125
5479,26,0.1875
5479,27,0.25
5479,28,0.3125
5479,29,0.296875
5479,30,0.375
5479,31,0.265625
5479,32,0.171875
5479,33,0.234375
5479,34,0.265625
5479,35,0.484375
5479,36,0.453125
5479,37,0.546875
5479,38,0.40625
5479,39,0.28125
5479,40,0.296875
5479,41,0.296875
5479,42,0.3125
5479,43,0.15625
5479,44,0.125
5479,45,0.296875
5479,46,0.140625
5479,47,0.234375
5479,48,0.3125
5479,49,0.25
5479,50,0.3125
5479,51,0.34375
5479,52,0.390625
5479,53,0.453125
5479,54,0.375
5479,55,0.265625
5479,56,0.328125
5479,57,0.21875
5479,58,0.28125
5479,59,0.28125
5479,60,0.34375
5479,61,0.28125
5479,62,0.328125
5479,63,0.28125
5479,64,0.21875
5479,65,0.28125
5479,66,0.328125
5479,67,0.34375
5479,68,0.46875
5479,69,0.390625
5479,70,0.421875
5479,71,0.28125
5479,72,0.34375
5479,73,0.265625
5479,74,0.15625
5479,75,0.21875
5479,76,0.1875
5479,77,0.171875
5479,78,0.125
5479,79,0.171875
5479,80,0.25
5479,81,0.203125
5479,82,0.234375
5479,83,0.171875
5479,84,0.25
5479,85,0.234375
5479,86,0.21875
5479,87,0.3125
5479,88,0.234375
5479,89,0.3125
5479,90,0.234375
5479,91,0.328125
5479,92,0.40625
5479,93,0.328125
5479,94,0.375
5479,95,0.328125
5479,96,0.390625
5479,97,0.359375
5479,98,0.28125
5479,99,0.234375
5479,100,0.1875
5479,101,0.25
5479,102,0.28125
5479,103,0.234375
5479,104,0.3125
5479,105,0.28125
5479,106,0.40625
5479,107,0.453125
5479,108,0.390625
5479,109,0.5
5479,110,0.546875
5479,111,0.484375
5479,112,0.421875
5479,113,0.3125
5479,114,0.375
5479,115,0.328125
5479,116,0.265625
5479,117,0.328125
5479,118,0.265625
5479,119,0.265625
5479,120,0.328125
5479,121,0.390625
5479,122,0.3125
5479,123,0.40625
5479,124,0.4375
5479,125,0.390625
5479,126,0.328125
5479,127,0.40625
5480,0,0.09375
5480,1,0.1875
5480,2,0.265625
5480,3,0.15625
5480,4,0.203125
5480,5,0.046875
5480,6,0.078125
5480,7,0.140625
5480,8,0.203125
5480,9,0.234375
5480,10,0.25
5480,11,0.203125
5480,12,0.25
5480,13,0.328125
5480,14,0.1875
5480,15,0.140625
5480,16,0.203125
5480,17,0.25
5480,18,0.125
5480,19,0.15625
5480,20,0.109375
5480,21,0.1875
5480,22,0.109375
5480,23,0.15625
5480,24,0.1875
5480,25,0.28125
5480,26,0.203125
5480,27,0.265625
5480,28,0.3125
5480,29,0.203125
5480,30,0.25
5480,31,0.203125
5480,32,0.28125
5480,33,0.1875
5480,34,0.21875
5480,35,0.296875
5480,36,0.234375
5480,37,0.34375
5480,38,0.265625
5480,39,0.328125
5480,40,0.265625
5480,41,0.328125
5480,42,0.359375
5480,43,0.296875
5480,44,0.34375
5480,45,0.28125
5480,46,0.265625
5480,47,0.34375
5480,48,0.359375
5480,49,0.28125
5480,50,0.359375
5480,51,0.15625
5480,52,0.21875
5480,53,0.171875
5480,54,0.1875
5480,55,0.234375
5480,56,0.15625
5480,57,0.234375
5480,58,0.15625
5480,59,0.265625
5480,60,0.34375
5480,61,0.3125
5480,62,0.265625
5480,63,0.28125
5480,64,0.21875
5480,65,0.15625
5480,66,0.1875
5480,67,0.21875
5480,68,0.140625
5480,69,0.21875
5480,70,0.25
5480,71,0.203125
5480,72,0.265625
5480,73,0.265625
5480,74,0.296875
5480,75,0.21875
5480,76,0.34375
5480,77,0.421875
5480,78,0.46875
5480,79,0.453125
5480,80,0.53125
5480,81,0.375
5480,82,0.3125
5480,83,0.375
5480,84,0.3125
5480,85,0.296875
5480,86,0.359375
5480,87,0.40625
5480,88,0.3125
5480,89,0.28125
5480,90,0.15625
5480,91,0.21875
5480,92,0.21875
5480,93,0.296875
5480,94,0.265625
5480,95,0.328125
5480,96,0.390625
5480,97,0.296875
5480,98,0.375
5480,99,0.3125
5480,100,0.296875
5480,101,0.171875
5480,102,0.265625
5480,103,0.171875
5480,104,0.25
5480,105,0.3125
5480,106,0.40625
5480,107,0.328125
5480,108,0.390625
5480,109,0.296875
5480,110,0.390625
5480,111,0.375
5480,112,0.328125
5480,113,0.28125
5480,114,0.328125
5480,115,0.359375
5480,116,0.4375
5480,117,0.359375
5480,118,0.359375
5480,119,0.265625
5480,120,0.1875
5480,121,0.28125
5480,122,0.296875
5480,123,0.375
5480,124,0.390625
5480,125,0.4375
5480,126,0.296875
5480,127,0.25
5480,128,0.171875
5480,129,0.21875
5480,130,0.296875
5480,131,0.21875
5480,132,0.28125
5480,133,0.3125
5480,134,0.375
5480,135,0.453125
5480,136,0.53125
5481,0,0.09375
5481,1,0.109375
5481,2,0.171875
5481,3,0.140625
5481,4,0.25
5481,5,0.171875
5481,6,0.28125
5481,7,0.203125
5481,8,0.265625
5481,9,0.21875
5481,10,0.265625
5481,11,0.21875
5481,12,0.265625
5481,13,0.203125
5481,14,0.296875
5481,15,0.3125
5481,16,0.40625
5481,17,0.390625
5481,18,0.34375
5481,19,0.390625
5481,20,0.3125
5481,21,0.484375
5481,22,0.328125
5481,23,0.375
5481,24,0.453125
5481,25,0.359375
5481,26,0.265625
5481,27,0.328125
5481,28,0.375
5481,29,0.25
5481,30,0.21875
5481,31,0.265625
5481,32,0.3125
5481,33,0.1875
5481,34,0.09375
5481,35,0.140625
5481,36,0.1875
5481,37,0.21875
5481,38,0.21875
5481,39,0.28125
5481,40,0.1875
5481,41,0.171875
5481,42,0.171875
5481,43,0.234375
5481,44,0.1875
5481,45,0.234375
5481,46,0.21875
5481,47,0.28125
5481,48,0.34375
5481,49,0.484375
5481,50,0.3125
5481,51,0.328125
5481,52,0.265625
5481,53,0.34375
5481,54,0.3125
5481,55,0.234375
5481,56,0.25
5481,57,0.328125
5481,58,0.390625
5481,59,0.3125
5481,60,0.375
5481,61,0.453125
5481,62,0.390625
5481,63,0.296875
5481,64,0.375
5481,65,0.328125
5481,66,0.375
5481,67,0.34375
5481,68,0.203125
5481,69,0.25
5481,70,0.1875
5481,71,0.296875
5481,72,0.25
5481,73,0.296875
5481,74,0.25
5481,75,0.3125
5481,76,0.1875
5481,77,0.265625
5481,78,0.328125
5481,79,0.28125
5481,80,0.328125
5481,81,0.25
5481,82,0.234375
5481,83,0.265625
5481,84,0.296875
5481,85,0.3125
5481,86,0.265625
5481,87,0.3125
5481,88,0.328125
5481,89,0.390625
5481,90,0.46875
5481,91,0.25
5481,92,0.28125
5481,93,0.15625
5481,94,0.1875
5481,95,0.25
5481,96,0.203125
5481,97,0.265625
5481,98,0.34375
5481,99,0.28125
5481,100,0.21875
5481,101,0.28125
5481,102,0.1875
5481,103,0.28125
5481,104,0.25
5481,105,0.296875
5481,106,0.15625
5481,107,0.1875
5481,108,0.265625
5481,109,0.296875
5481,110,0.203125
5481,111,0.234375
5481,112,0.265625
5481,113,0.28125
5481,114,0.34375
5481,115,0.3125
5481,116,0.40625
5481,117,0.5
5481,118,0.28125
5481,119,0.328125
5481,120,0.25
5481,121,0.1875
5481,122,0.25
5481,123,0.3125
5481,124,0.296875
5481,125,0.203125
5481,126,0.34375
5481,127,0.40625
5481,128,0.34375
5481,129,0.296875
5481,130,0.171875
5481,131,0.25
5481,132,0.296875
5481,133,0.234375
5481,134,0.421875
5481,135,0.4375
5481,136,0.5625
5481,137,0.53125
5481,138,0.4375
5481,139,0.40625
5481,140,0.328125
5481,141,0.171875
5481,142,0.28125
5481,143,0.171875
5481,144,0.234375
5481,145,0.1875
5481,146,0.265625
5481,147,0.359375
5481,148,0.328125
5481,149,0.4375
5481,150,0.234375
5481,151,0.328125
5481,152,0.265625
5481,153,0.203125
5481,154,0.265625
5481,155,0.234375
5481,156,0.28125
5481,157,0.234375
5481,158,0.28125
5481,159,0.171875
5481,160,0.234375
5481,161,0.328125
5481,162,0.546875
5481,163,0.53125
5481,164,0.4375
5481,165,0.390625
5481,166,0.28125
5481,167,0.296875
5481,168,0.203125
5481,169,0.296875
5481,170,0.375
5481,171,0.34375
5481,172,0.359375
5481,173,0.28125
5481,174,0.265625
5481,175,0.171875
5481,176,0.25
5481,177,0.1875
5481,178,0.25
5481,179,0.3125
5482,0,0.0625
5482,1,0.125
5482,2,0.171875
5482,3,0.109375
5482,4,0.234375
5482,5,0.296875
5482,6,0.21875
5482,7,0.25
5482,8,0.21875
5482,9,0.3125
5482,10,0.328125
5482,11,0.359375
5482,12,0.3125
5482,13,0.390625
5482,14,0.3125
5482,15,0.46875
5482,16,0.4375
5482,17,0.359375
5482,18,0.3125
5482,19,0.21875
5482,20,0.265625
5482,21,0.203125
5482,22,0.265625
5482,23,0.421875
5483,0,0.234375
5483,1,0.3125
5483,2,0.234375
5483,3,0.296875
5483,4,0.203125
5483,5,0.125
5483,6,0.171875
5483,7,0.140625
5483,8,0.1875
5483,9,0.25
5483,10,0.34375
5483,11,0.421875
5483,12,0.453125
5483,13,0.4375
5483,14,0.40625
5483,15,0.3125
5483,16,0.359375
5483,17,0.578125
5484,0,0.21875
5484,1,0.375
5484,2,0.453125
5484,3,0.375
5484,4,0.4375
5484,5,0.515625
5484,6,0.3125
5484,7,0.3125
5484,8,0.3125
5484,9,0.28125
5484,10,0.203125
5484,11,0.265625
5484,12,0.21875
5484,13,0.3125
5484,14,0.390625
5484,15,0.46875
5484,16,0.40625
5484,17,0.34375
5484,18,0.40625
5484,19,0.53125
5484,20,0.453125
5484,21,0.40625
5484,22,0.28125
5484,23,0.21875
5484,24,0.265625
5484,25,0.328125
5484,26,0.46875
5484,27,0.234375
5484,28,0.296875
5484,29,0.359375
5484,30,0.3125
5484,31,0.390625
5484,32,0.328125
5484,33,0.359375
5484,34,0.265625
5484,35,0.203125
5484,36,0.25
5484,37,0.3125
5484,38,0.265625
5484,39,0.3125
5484,40,0.359375
5484,41,0.4375
5484,42,0.28125
5484,43,0.21875
5484,44,0.25
5484,45,0.1875
5484,46,0.265625
5484,47,0.203125
5484,48,0.3125
5484,49,0.28125
5484,50,0.1875
5484,51,0.25
5484,52,0.296875
5484,53,0.21875
5484,54,0.265625
5484,55,0.203125
5484,56,0.28125
5484,57,0.1875
5484,58,0.25
5484,59,0.46875
5484,60,0.40625
5484,61,0.4375
5484,62,0.265625
5484,63,0.296875
5484,64,0.390625
5484,65,0.328125
5484,66,0.390625
5484,67,0.34375
5484,68,0.265625
5484,69,0.21875
5484,70,0.265625
5484,71,0.3125
5484,72,0.1875
5484,73,0.078125
5484,74,0.109375
5484,75,0.078125
5484,76,0.140625
5484,77,0.1875
5484,78,0.171875
5484,79,0.140625
5484,80,0.21875
5484,81,0.28125
5484,82,0.21875
5484,83,0.3125
5484,84,0.265625
5484,85,0.3125
5484,86,0.25
5484,87,0.3125
5484,88,0.265625
5484,89,0.21875
5484,90,0.265625
5484,91,0.359375
5484,92,0.296875
5484,93,0.40625
5484,94,0.390625
5484,95,0.53125
5485,0,0.078125
5485,1,0.15625
5485,2,0.1875
5485,3,0.234375
5485,4,0.359375
5485,5,0.3125
5485,6,0.375
5485,7,0.34375
5485,8,0.28125
5485,9,0.34375
5485,10,0.421875
5486,0,0.0625
5486,1,0.21875
5486,2,0.140625
5486,3,0.203125
5486,4,0.125
5486,5,0.203125
5486,6,0.171875
5486,7,0.234375
5486,8,0.296875
5486,9,0.25
5486,10,0.25
5486,11,0.3125
5486,12,0.234375
5486,13,0.1875
5486,14,0.234375
5486,15,0.125
5486,16,0.1875
5486,17,0.140625
5486,18,0.1875
5486,19,0.21875
5486,20,0.28125
5486,21,0.375
5486,22,0.3125
5486,23,0.28125
5486,24,0.3125
5486,25,0.390625
5486,26,0.3125
5486,27,0.234375
5486,28,0.140625
5486,29,0.125
5486,30,0.171875
5486,31,0.234375
5486,32,0.296875
5486,33,0.390625
5486,34,0.296875
5486,35,0.34375
5486,36,0.21875
5486,37,0.140625
5486,38,0.234375
5486,39,0.1875
5486,40,0.234375
5486,41,0.1875
5486,42,0.203125
5486,43,0.265625
5486,44,0.171875
5486,45,0.171875
5486,46,0.25
5486,47,0.15625
5486,48,0.1875
5486,49,0.265625
5486,50,0.125
5486,51,0.265625
5486,52,0.125
5486,53,0.15625
5486,54,0.21875
5486,55,0.125
5486,56,0.265625
5486,57,0.1875
5486,58,0.234375
5486,59,0.328125
5486,60,0.28125
5486,61,0.34375
5486,62,0.40625
5486,63,0.5
5486,64,0.46875
5486,65,0.28125
5486,66,0.21875
5486,67,0.28125
5486,68,0.25
5486,69,0.296875
5486,70,0.25
5486,71,0.3125
5486,72,0.21875
5486,73,0.265625
5486,74,0.296875
5486,75,0.375
5486,76,0.4375
5486,77,0.390625
5486,78,0.359375
5486,79,0.296875
5486,80,0.34375
5486,81,0.265625
5486,82,0.203125
5486,83,0.265625
5486,84,0.15625
5486,85,0.1875
5486,86,0.21875
5486,87,0.1875
5486,88,0.234375
5486,89,0.296875
5486,90,0.21875
5486,91,0.3125
5486,92,0.3125
5486,93,0.234375
5486,94,0.25
5486,95,0.328125
5486,96,0.265625
5486,97,0.21875
5486,98,0.265625
5486,99,0.1875
5486,100,0.34375
5486,101,0.28125
5486,102,0.359375
5486,103,0.40625
5487,0,0.265625
5487,1,0.09375
5487,2,0.109375
5487,3,0.15625
5487,4,0.21875
5487,5,0.28125
5487,6,0.359375
5487,7,0.421875
5487,8,0.359375
5487,9,0.265625
5487,10,0.171875
5487,11,0.203125
5487,12,0.21875
5487,13,0.265625
5487,14,0.34375
5487,15,0.390625
5487,16,0.34375
5487,17,0.296875
5487,18,0.328125
5487,19,0.40625
5487,20,0.28125
5487,21,0.1875
5487,22,0.234375
5487,23,0.296875
5487,24,0.328125
5487,25,0.34375
5487,26,0.265625
5487,27,0.359375
5487,28,0.203125
5487,29,0.1875
5487,30,0.21875
5487,31,0.296875
5487,32,0.34375
5487,33,0.375
5487,34,0.375
5487,35,0.234375
5487,36,0.3125
5487,37,0.25
5487,38,0.296875
5487,39,0.390625
5487,40,0.296875
5487,41,0.234375
5487,42,0.34375
5487,43,0.265625
5487,44,0.265625
5487,45,0.46875
5487,46,0.34375
5487,47,0.421875
5487,48,0.484375
5487,49,0.4375
5487,50,0.46875
5487,51,0.4375
5487,52,0.390625
5487,53,0.390625
5487,54,0.34375
5487,55,0.25
5487,56,0.3125
5487,57,0.375
5487,58,0.3125
5487,59,0.359375
5487,60,0.328125
5487,61,0.296875
5487,62,0.21875
5487,63,0.34375
5487,64,0.3125
5487,65,0.28125
5487,66,0.390625
5487,67,0.421875
5487,68,0.46875
5487,69,0.328125
5487,70,0.25
5487,71,0.296875
5487,72,0.34375
5487,73,0.28125
5487,74,0.25
5487,75,0.34375
5487,76,0.15625
5487,77,0.234375
5487,78,0.296875
5487,79,0.359375
5487,80,0.359375
5487,81,0.328125
5487,82,0.3125
5487,83,0.21875
5487,84,0.1875
5487,85,0.203125
5487,86,0.296875
5487,87,0.328125
5487,88,0.4375
5487,89,0.34375
5487,90,0.265625
5487,91,0.34375
5487,92,0.28125
5487,93,0.359375
5487,94,0.28125
5487,95,0.359375
5487,96,0.40625
5487,97,0.375
5487,98,0.4375
5487,99,0.375
5487,100,0.15625
5487,101,0.203125
5487,102,0.1875
5487,103,0.25
5487,104,0.3125
5487,105,0.234375
5487,106,0.21875
5487,107,0.296875
5487,108,0.265625
5487,109,0.203125
5487,110,0.234375
5487,111,0.296875
5487,112,0.296875
5487,113,0.203125
5487,114,0.25
5487,115,0.296875
5487,116,0.25
5487,117,0.265625
5487,118,0.28125
5487,119,0.3125
5487,120,0.390625
5487,121,0.296875
5487,122,0.125
5487,123,0.21875
5487,124,0.296875
5487,125,0.25
5487,126,0.140625
5487,127,0.1875
5487,128,0.234375
5487,129,0.1875
5487,130,0.171875
5487,131,0.265625
5487,132,0.203125
5487,133,0.234375
5487,134,0.328125
5487,135,0.25
5487,136,0.375
5487,137,0.15625
5487,138,0.265625
5487,139,0.234375
5487,140,0.1875
5487,141,0.234375
5487,142,0.078125
5487,143,0.140625
5487,144,0.15625
5487,145,0.15625
5487,146,0.09375
5487,147,0.140625
5487,148,0.203125
5487,149,0.21875
5487,150,0.3125
5487,151,0.25
5487,152,0.1875
5487,153,0.234375
5487,154,0.296875
5487,155,0.484375
5487,156,0.390625
5487,157,0.3125
5487,158,0.25
5487,159,0.28125
5487,160,0.265625
5487,161,0.328125
5487,162,0.40625
5487,163,0.234375
5487,164,0.375
5487,165,0.4375
5487,166,0.375
5487,167,0.328125
5487,168,0.359375
5487,169,0.328125
5487,170,0.34375
5487,171,0.328125
5487,172,0.21875
5487,173,0.28125
5487,174,0.3125
5487,175,0.25
5487,176,0.3125
5487,177,0.25
5487,178,0.3125
5487,179,0.375
5487,180,0.3125
5487,181,0.328125
5487,182,0.28125
5487,183,0.25
5487,184,0.3125
5487,185,0.125
5487,186,0.296875
5487,187,0.34375
5487,188,0.421875
5488,0,0.078125
5488,1,0.140625
5488,2,0.203125
5488,3,0.125
5488,4,0.0625
5488,5,0.109375
5488,6,0.171875
5488,7,0.140625
5488,8,0.1875
5488,9,0.21875
5488,10,0.1875
5488,11,0.21875
5488,12,0.28125
5488,13,0.328125
5488,14,0.15625
5488,15,0.25
5488,16,0.203125
5488,17,0.265625
5488,18,0.28125
5488,19,0.109375
5488,20,0.203125
5488,21,0.1875
5488,22,0.21875
5488,23,0.28125
5488,24,0.296875
5488,25,0.25
5488,26,0.21875
5488,27,0.375
5488,28,0.296875
5488,29,0.1875
5488,30,0.234375
5488,31,0.1875
5488,32,0.234375
5488,33,0.3125
5488,34,0.1875
5488,35,0.15625
5488,36,0.203125
5488,37,0.1875
5488,38,0.1875
5488,39,0.234375
5488,40,0.265625
5488,41,0.328125
5488,42,0.234375
5488,43,0.296875
5488,44,0.28125
5488,45,0.34375
5488,46,0.21875
5488,47,0.265625
5488,48,0.28125
5488,49,0.390625
5488,50,0.53125
5488,51,0.34375
5488,52,0.4375
5488,53,0.25
5489,0,0.015625
5489,1,0.078125
5489,2,0.109375
5489,3,0.140625
5489,4,0.3125
5489,5,0.453125
5489,6,0.203125
5489,7,0.34375
5489,8,0.3125
5489,9,0.25
5489,10,0.328125
5489,11,0.234375
5489,12,0.1875
5489,13,0.25
5489,14,0.1875
5489,15,0.15625
5489,16,0.1875
5489,17,0.234375
5489,18,0.25
5489,19,0.3125
5489,20,0.375
5489,21,0.28125
5489,22,0.34375
5489,23,0.40625
5489,24,0.359375
5489,25,0.296875
5489,26,0.375
5489,27,0.25
5489,28,0.21875
5489,29,0.1875
5489,30,0.28125
5489,31,0.203125
5489,32,0.171875
5489,33,0.234375
5489,34,0.296875
5489,35,0.375
5489,36,0.296875
5489,37,0.34375
5489,38,0.390625
5489,39,0.296875
5489,40,0.328125
5489,41,0.25
5489,42,0.1875
5489,43,0.234375
5489,44,0.125
5489,45,0.15625
5489,46,0.203125
5489,47,0.171875
5489,48,0.1875
5489,49,0.265625
5489,50,0.1875
5489,51,0.234375
5489,52,0.078125
5489,53,0.171875
5489,54,0.15625
5489,55,0.296875
5489,56,0.359375
5489,57,0.296875
5489,58,0.234375
5489,59,0.28125
5489,60,0.4375
5489,61,0.390625
5489,62,0.4375
5490,0,0.140625
5490,1,0.203125
5490,2,0.15625
5490,3,0.21875
5490,4,0.1875
5490,5,0.28125
5490,6,0.359375
5490,7,0.296875
5490,8,0.375
5490,9,0.4375
5490,10,0.265625
5490,11,0.203125
5490,12,0.25
5490,13,0.3125
5490,14,0.28125
5490,15,0.453125
5490,16,0.546875
5490,17,0.34375
5490,18,0.359375
5490,19,0.4375
5490,20,0.5625
5491,0,0.046875
5491,1,0.109375
5491,2,0.15625
5491,3,0.21875
5491,4,0.140625
5491,5,0.296875
5491,6,0.234375
5491,7,0.171875
5491,8,0.265625
5491,9,0.3125
5491,10,0.234375
5491,11,0.28125
5491,12,0.21875
5491,13,0.28125
5491,14,0.296875
5491,15,0.328125
5491,16,0.21875
5491,17,0.234375
5491,18,0.28125
5491,19,0.234375
5491,20,0.3125
5491,21,0.296875
5491,22,0.234375
5491,23,0.34375
5491,24,0.453125
5491,25,0.375
5491,26,0.21875
5491,27,0.1875
5491,28,0.265625
5491,29,0.328125
5491,30,0.40625
5491,31,0.234375
5491,32,0.421875
5491,33,0.40625
5491,34,0.40625
5491,35,0.296875
5491,36,0.21875
5491,37,0.265625
5491,38,0.25
5491,39,0.25
5491,40,0.21875
5491,41,0.140625
5491,42,0.109375
5491,43,0.171875
5491,44,0.21875
5491,45,0.265625
5491,46,0.34375
5491,47,0.265625
5491,48,0.171875
5491,49,0.234375
5491,50,0.171875
5491,51,0.203125
5491,52,0.109375
5491,53,0.1875
5491,54,0.234375
5491,55,0.40625
5491,56,0.359375
5491,57,0.328125
5491,58,0.28125
5491,59,0.46875
5491,60,0.40625
5491,61,0.328125
5491,62,0.25
5491,63,0.1875
5491,64,0.125
5491,65,0.171875
5491,66,0.21875
5491,67,0.328125
5491,68,0.109375
5491,69,0.1875
5491,70,0.15625
5491,71,0.171875
5491,72,0.234375
5491,73,0.328125
5491,74,0.28125
5491,75,0.171875
5491,76,0.21875
5491,77,0.3125
5491,78,0.359375
5491,79,0.203125
5491,80,0.34375
5491,81,0.265625
5491,82,0.296875
5491,83,0.265625
5491,84,0.203125
5491,85,0.25
5491,86,0.328125
5491,87,0.359375
5491,88,0.375
5491,89,0.5
5491,90,0.328125
5491,91,0.25
5491,92,0.28125
5491,93,0.25
5491,94,0.3125
5491,95,0.28125
5491,96,0.1875
5491,97,0.171875
5491,98,0.203125
5491,99,0.171875
5491,100,0.265625
5491,101,0.375
5491,102,0.4375
5492,0,0.171875
5492,1,0.09375
5492,2,0.109375
5492,3,0.203125
5492,4,0.171875
5492,5,0.296875
5492,6,0.328125
5492,7,0.296875
5492,8,0.21875
5492,9,0.28125
5492,10,0.25
5492,11,0.234375
5492,12,0.203125
5492,13,0.234375
5492,14,0.265625
5492,15,0.21875
5492,16,0.28125
5492,17,0.34375
5492,18,0.265625
5492,19,0.34375
5492,20,0.140625
5492,21,0.171875
5492,22,0.1875
5492,23,0.265625
5492,24,0.203125
5492,25,0.25
5492,26,0.296875
5492,27,0.359375
5492,28,0.421875
5492,29,0.34375
5492,30,0.28125
5492,31,0.3125
5492,32,0.40625
5492,33,0.3125
5492,34,0.203125
5492,35,0.28125
5492,36,0.34375
5492,37,0.3125
5492,38,0.25
5492,39,0.296875
5492,40,0.34375
5492,41,0.359375
5492,42,0.421875
5492,43,0.484375
5492,44,0.3125
5492,45,0.234375
5492,46,0.296875
5492,47,0.265625
5492,48,0.21875
5492,49,0.265625
5492,50,0.34375
5492,51,0.28125
5492,52,0.296875
5492,53,0.375
5492,54,0.328125
5492,55,0.421875
5492,56,0.328125
5492,57,0.25
5492,58,0.34375
5492,59,0.296875
5492,60,0.203125
5492,61,0.28125
5492,62,0.234375
5492,63,0.171875
5492,64,0.25
5492,65,0.5
5492,66,0.328125
5492,67,0.234375
5492,68,0.3125
5492,69,0.265625
5492,70,0.34375
5492,71,0.34375
5492,72,0.265625
5492,73,0.296875
5492,74,0.390625
5492,75,0.359375
5492,76,0.3125
5492,77,0.359375
5492,78,0.4375
5492,79,0.296875
5492,80,0.234375
5492,81,0.234375
5492,82,0.3125
5492,83,0.359375
5492,84,0.28125
5492,85,0.375
5492,86,0.375
5492,87,0.296875
5492,88,0.171875
5492,89,0.234375
5492,90,0.234375
5492,91,0.1875
5492,92,0.25
5492,93,0.15625
5492,94,0.21875
5492,95,0.28125
5492,96,0.1875
5492,97,0.25
5492,98,0.296875
5492,99,0.25
5492,100,0.1875
5492,101,0.234375
5492,102,0.125
5492,103,0.1875
5492,104,0.1875
5492,105,0.25
5492,106,0.109375
5492,107,0.1875
5492,108,0.25
5492,109,0.3125
5492,110,0.375
5492,111,0.4375
5492,112,0.1875
5492,113,0.125
5492,114,0.1875
5492,115,0.3125
5492,116,0.28125
5492,117,0.21875
5492,118,0.15625
5492,119,0.234375
5492,120,0.140625
5492,121,0.375
5492,122,0.296875
5492,123,0.359375
5492,124,0.453125
5492,125,0.5
5492,126,0.328125
5492,127,0.4375
5492,128,0.453125
5492,129,0.40625
5493,0,0.046875
5493,1,0.078125
5493,2,0.15625
5493,3,0.09375
5493,4,0.171875
5493,5,0.140625
5493,6,0.21875
5493,7,0.265625
5493,8,0.203125
5493,9,0.234375
5493,10,0.140625
5493,11,0.203125
5493,12,0.125
5493,13,0.1875
5493,14,0.25
5493,15,0.34375
5493,16,0.28125
5493,17,0.4375
5493,18,0.21875
5493,19,0.140625
5493,20,0.15625
5493,21,0.21875
5493,22,0.28125
5493,23,0.390625
5493,24,0.296875
5493,25,0.234375
5493,26,0.296875
5493,27,0.21875
5493,28,0.28125
5493,29,0.203125
5493,30,0.09375
5493,31,0.125
5493,32,0.3125
5493,33,0.265625
5493,34,0.328125
5493,35,0.28125
5493,36,0.28125
5493,37,0.109375
5493,38,0.109375
5493,39,0.15625
5493,40,0.25
5493,41,0.328125
5493,42,0.125
5493,43,0.15625
5493,44,0.171875
5493,45,0.21875
5493,46,0.25
5493,47,0.28125
5493,48,0.40625
5493,49,0.296875
5493,50,0.265625
5493,51,0.265625
5493,52,0.1875
5493,53,0.234375
5493,54,0.21875
5493,55,0.140625
5493,56,0.21875
5493,57,0.359375
5493,58,0.4375
5493,59,0.375
5493,60,0.421875
5493,61,0.328125
5493,62,0.25
5493,63,0.15625
5493,64,0.21875
5493,65,0.28125
5493,66,0.34375
5493,67,0.359375
5493,68,0.375
5493,69,0.265625
5493,70,0.234375
5493,71,0.3125
5493,72,0.515625
5493,73,0.578125
5494,0,0.078125
5494,1,0.140625
5494,2,0.171875
5494,3,0.125
5494,4,0.234375
5494,5,0.3125
5494,6,0.203125
5494,7,0.171875
5494,8,0.359375
5494,9,0.328125
5494,10,0.171875
5494,11,0.234375
5494,12,0.265625
5494,13,0.1875
5494,14,0.25
5494,15,0.34375
5494,16,0.28125
5494,17,0.296875
5494,18,0.171875
5494,19,0.265625
5494,20,0.3125
5494,21,0.46875
5494,22,0.390625
5494,23,0.328125
5494,24,0.453125
5494,25,0.3125
5494,26,0.25
5494,27,0.46875
5494,28,0.53125
5494,29,0.4375
5494,30,0.359375
5494,31,0.5
5495,0,0.078125
5495,1,0.140625
5495,2,0.265625
5495,3,0.15625
5495,4,0.234375
5495,5,0.25
5495,6,0.3125
5495,7,0.546875
5496,0,0.203125
5496,1,0.125
5496,2,0.125
5496,3,0.140625
5496,4,0.09375
5496,5,0.21875
5496,6,0.265625
5496,7,0.171875
5496,8,0.234375
5496,9,0.3125
5496,10,0.3125
5496,11,0.25
5496,12,0.203125
5496,13,0.140625
5496,14,0.21875
5496,15,0.28125
5496,16,0.3125
5496,17,0.265625
5496,18,0.3125
5496,19,0.375
5496,20,0.296875
5496,21,0.359375
5496,22,0.234375
5496,23,0.265625
5496,24,0.359375
5496,25,0.296875
5496,26,0.1875
5496,27,0.28125
5496,28,0.234375
5496,29,0.328125
5496,30,0.21875
5496,31,0.34375
5496,32,0.28125
5496,33,0.234375
5496,34,0.3125
5496,35,0.40625
5496,36,0.40625
5496,37,0.34375
5496,38,0.296875
5496,39,0.34375
5496,40,0.25
5496,41,0.328125
5496,42,0.40625
5496,43,0.3125
5496,44,0.34375
5496,45,0.234375
5496,46,0.25
5496,47,0.1875
5496,48,0.25
5496,49,0.203125
5496,50,0.234375
5496,51,0.296875
5496,52,0.28125
5496,53,0.25
5496,54,0.3125
5496,55,0.328125
5496,56,0.265625
5496,57,0.3125
5496,58,0.25
5496,59,0.4375
5496,60,0.28125
5496,61,0.3125
5496,62,0.21875
5496,63,0.328125
5496,64,0.25
5496,65,0.28125
5496,66,0.375
5496,67,0.359375
5496,68,0.1875
5496,69,0.25
5496,70,0.28125
5496,71,0.203125
5496,72,0.265625
5496,73,0.34375
5496,74,0.40625
5497,0,0.203125
5497,1,0.28125
5497,2,0.21875
5497,3,0.203125
5497,4,0.140625
5497,5,0.203125
5497,6,0.109375
5497,7,0.140625
5497,8,0.0625
5497,9,0.09375
5497,10,0.140625
5497,11,0.25
5497,12,0.203125
5497,13,0.21875
5497,14,0.296875
5497,15,0.34375
5497,16,0.125
5497,17,0.234375
5497,18,0.3125
5497,19,0.3125
5497,20,0.234375
5497,21,0.296875
5497,22,0.328125
5497,23,0.296875
5497,24,0.375
5497,25,0.4375
5497,26,0.421875
5497,27,0.5
5497,28,0.375
5497,29,0.34375
5497,30,0.265625
5497,31,0.203125
5497,32,0.28125
5497,33,0.25
5497,34,0.15625
5497,35,0.203125
5497,36,0.234375
5497,37,0.3125
5497,38,0.3125
5497,39,0.375
5497,40,0.3125
5497,41,0.328125
5497,42,0.21875
5497,43,0.28125
5497,44,0.3125
5497,45,0.390625
5497,46,0.4375
5497,47,0.265625
5497,48,0.1875
5497,49,0.265625
5497,50,0.46875
5497,51,0.53125
5497,52,0.46875
5497,53,0.5
5497,54,0.5625
5498,0,0.203125
5498,1,0.15625
5498,2,0.21875
5498,3,0.09375
5498,4,0.15625
5498,5,0.1875
5498,6,0.40625
5498,7,0.484375
5498,8,0.421875
5498,9,0.34375
5498,10,0.25
5498,11,0.3125
5498,12,0.234375
5498,13,0.3125
5498,14,0.21875
5498,15,0.15625
5498,16,0.203125
5498,17,0.15625
5498,18,0.203125
5498,19,0.25
5498,20,0.3125
5498,21,0.21875
5498,22,0.265625
5498,23,0.328125
5498,24,0.234375
5498,25,0.296875
5498,26,0.234375
5498,27,0.21875
5498,28,0.25
5498,29,0.171875
5498,30,0.25
5498,31,0.203125
5498,32,0.234375
5498,33,0.15625
5498,34,0.1875
5498,35,0.25
5498,36,0.1875
5498,37,0.40625
5498,38,0.296875
5498,39,0.390625
5498,40,0.390625
5498,41,0.3125
5498,42,0.375
5498,43,0.3125
5498,44,0.21875
5498,45,0.25
5498,46,0.3125
5498,47,0.296875
5498,48,0.34375
5498,49,0.25
5498,50,0.3125
5498,51,0.359375
5498,52,0.34375
5499,0,0.265625
5499,1,0.25
5499,2,0.21875
5499,3,0.265625
5499,4,0.453125
5499,5,0.15625
5499,6,0.1875
5499,7,0.25
5499,8,0.296875
5499,9,0.34375
5499,10,0.328125
5499,11,0.296875
5499,12,0.359375
5499,13,0.25
5499,14,0.265625
5499,15,0.234375
5499,16,0.3125
5499,17,0.40625
5499,18,0.46875
5499,19,0.3125
5499,20,0.328125
5499,21,0.421875
5499,22,0.3125
5499,23,0.390625
5499,24,0.296875
5499,25,0.265625
5499,26,0.234375
5499,27,0.328125
5499,28,0.140625
5499,29,0.171875
5499,30,0.1875
5499,31,0.1875
5499,32,0.28125
5499,33,0.21875
5499,34,0.296875
5499,35,0.34375
5499,36,0.46875
5499,37,0.40625
5499,38,0.359375
5499,39,0.28125
5499,40,0.359375
